symbol,assets,open,high,low,ltP,chn,per,qty,trdVal,nav,wkhi,wklo,xDt,cAct,yPC,mPC,prevClose,stockIndClosePrice,perChange365d,perChange30d,date365dAgo,date30dAgo,CAct,MPC,XDt,YPC,nearWKH,nearWKL,chartTodayPath,chart30dPath,chart365dPath,series
GOLDBEES,Gold,123.47,124.29,122.75,123.57,-1.77,-1.41,36173459,4472848205.35,125.6682,148.14,84.44,19-DEC-19, FACE VALUE SPLIT (SUB-DIVISION) - FROM RS 100/- TO RS 1/-,42.67405611361274,5.381204161691957,125.34,0,44.72,7.03,01-Sep-2025,31-Jul-2026, FACE VALUE SPLIT (SUB-DIVISION) - FROM RS 100/- TO RS 1/-,5.381204161691957,19-DEC-19,42.67405611361274,16.585662211421624,-46.34059687351966,https://nsearchives.nseindia.com/today/GOLDBEESEQN.svg,https://nsearchives.nseindia.com/30d/GOLDBEES-EQ.svg,https://nsearchives.nseindia.com/365d/GOLDBEES-EQ.svg,EQ
SILVERBEES,Domestic price of Silver- based on LBMA Silver daily spot fixing price,214.79,216.79,214.03,215.58,-2.14,-0.98,18590941,4009694154.88,219.0393,360,117.2,-,-,81.78598532759929,4.422378299830479,217.72,0,83.59,5.43,01-Sep-2025,31-Jul-2026,-,4.422378299830479,-,81.78598532759929,40.11666666666666,-83.94197952218431,https://nsearchives.nseindia.com/today/SILVERBEESEQN.svg,https://nsearchives.nseindia.com/30d/SILVERBEES-EQ.svg,https://nsearchives.nseindia.com/365d/SILVERBEES-EQ.svg,EQ
LIQUIDBEES,Government Securities,1000,1000.01,999.99,1000.01,0.01,0.00,2397673,2397649023.27,1000,1029.99,969.99,19-SEP-17, EXIT OPTION PURSUANT TO CHANGE IN FUNDAMENTAL ATTRIBUTES OF ETF  ,0.002000020000198183,0.002000020000198183,1000,0,0,0,01-Sep-2025,31-Jul-2026, EXIT OPTION PURSUANT TO CHANGE IN FUNDAMENTAL ATTRIBUTES OF ETF  ,0.002000020000198183,19-SEP-17,0.002000020000198183,2.9107078709502052,-3.0948772667759443,https://nsearchives.nseindia.com/today/LIQUIDBEESEQN.svg,https://nsearchives.nseindia.com/30d/LIQUIDBEES-EQ.svg,https://nsearchives.nseindia.com/365d/LIQUIDBEES-EQ.svg,EQ
NIFTYBEES,Nifty 50,273.15,273.15,271.51,272.55,-0.7,-0.26,7704816,2097790252.32,274.2988,302.25,251.7,19-DEC-19, FACE VALUE SPLIT (SUB-DIVISION) - FROM RS 10/- TO RS 1/-,-2.0238694370551427,-2.61550005359631,273.25,0,-1.77,-1.5,01-Sep-2025,31-Jul-2026, FACE VALUE SPLIT (SUB-DIVISION) - FROM RS 10/- TO RS 1/-,-2.61550005359631,19-DEC-19,-2.0238694370551427,9.826302729528534,-8.283671036948759,https://nsearchives.nseindia.com/today/NIFTYBEESEQN.svg,https://nsearchives.nseindia.com/30d/NIFTYBEES-EQ.svg,https://nsearchives.nseindia.com/365d/NIFTYBEES-EQ.svg,EQ
LIQUIDCASE,Zerodha Nifty 1D Rate Liquid ETF,115.75,115.75,115.73,115.74,0.01,0.01,16635993,1925449829.82,115.7299,115.75,107.56,-,-,5.017693494238274,0.38161318300086533,115.73,0,5.01,0.39,01-Sep-2025,31-Jul-2026,-,0.38161318300086533,-,5.017693494238274,0.008639308855295997,-7.605057642246182,https://nsearchives.nseindia.com/today/LIQUIDCASEEQN.svg,https://nsearchives.nseindia.com/30d/LIQUIDCASE-EQ.svg,https://nsearchives.nseindia.com/365d/LIQUIDCASE-EQ.svg,EQ
GOLDIETF,Gold,132.97,132.97,126.48,127.94,-1.79,-1.38,8804998,1127656093.86,130.1678,158,88.67,-,-,42.583305471971464,5.352437417654809,129.73,0,44.58,6.92,01-Sep-2025,31-Jul-2026,-,5.352437417654809,-,42.583305471971464,19.025316455696203,-44.287808728995145,https://nsearchives.nseindia.com/today/GOLDIETFEQN.svg,https://nsearchives.nseindia.com/30d/GOLDIETF-EQ.svg,https://nsearchives.nseindia.com/365d/GOLDIETF-EQ.svg,EQ
SETFGOLD,Gold,128.09,128.1,126.07,127.4,-1.91,-1.48,7037496,897280740,129.6023,153.95,87.93,06-JAN-22,FACE VALUE SPLIT (SUB-DIVISION) - FROM RS 100/- PER SHARE TO RS 1/- PER SHARE,42.505592841163306,5.263157894736846,129.31,0,44.64,7.01,01-Sep-2025,31-Jul-2026,FACE VALUE SPLIT (SUB-DIVISION) - FROM RS 100/- PER SHARE TO RS 1/- PER SHARE,5.263157894736846,06-JAN-22,42.505592841163306,17.245859045144517,-44.88797907426361,https://nsearchives.nseindia.com/today/SETFGOLDEQN.svg,https://nsearchives.nseindia.com/30d/SETFGOLD-EQ.svg,https://nsearchives.nseindia.com/365d/SETFGOLD-EQ.svg,EQ
SILVERIETF,Domestic Price of Silver,222.4,231.9,222.4,225.3,-2.17,-0.95,3634029,818637712.83,228.6753,373.5,121.82,-,-,82.5917821541454,4.566972988025621,227.47,0,84.35,5.45,01-Sep-2025,31-Jul-2026,-,4.566972988025621,-,82.5917821541454,39.67871485943775,-84.9450008208833,https://nsearchives.nseindia.com/today/SILVERIETFEQN.svg,https://nsearchives.nseindia.com/30d/SILVERIETF-EQ.svg,https://nsearchives.nseindia.com/365d/SILVERIETF-EQ.svg,EQ
TATAGOLD,Tata Gold Exchange Traded Fund,14.36,14.69,14.33,14.53,-0.2,-1.36,55019240,799979749.6,14.7701,17.7,9.75,-,-,42.73084479371316,5.44267053701016,14.73,0,44.7,6.89,01-Sep-2025,31-Jul-2026,-,5.44267053701016,-,42.73084479371316,17.90960451977401,-49.02564102564102,https://nsearchives.nseindia.com/today/TATAGOLDEQN.svg,https://nsearchives.nseindia.com/30d/TATAGOLD-EQ.svg,https://nsearchives.nseindia.com/365d/TATAGOLD-EQ.svg,EQ
LIQUID1,Kotak Nifty 1D Rate Liquid ETF,1120.75,1120.91,1120.75,1120.89,0.14,0.01,713046,799253261.4,1120.7576,1136.66,1062.62,-,-,5.09985935302392,0.39948765260697366,1120.75,0,5.09,0.4,01-Sep-2025,31-Jul-2026,-,0.39948765260697366,-,5.09985935302392,1.3873981665581598,-5.48361596807892,https://nsearchives.nseindia.com/today/LIQUID1EQN.svg,https://nsearchives.nseindia.com/30d/LIQUID1-EQ.svg,https://nsearchives.nseindia.com/365d/LIQUID1-EQ.svg,EQ
TATSILV,Tata Silver Exchange Traded Fund,21.52,22.63,21.52,21.89,-0.19,-0.86,32620921,714398169.9,22.2449,35.1,11.63,-,-,81.65975103734439,4.337464251668256,22.08,0,83.24,5.19,01-Sep-2025,31-Jul-2026,-,4.337464251668256,-,81.65975103734439,37.635327635327634,-88.2201203783319,https://nsearchives.nseindia.com/today/TATSILVEQN.svg,https://nsearchives.nseindia.com/30d/TATSILV-EQ.svg,https://nsearchives.nseindia.com/365d/TATSILV-EQ.svg,EQ
HDFCSILVER,HDFC Silver ETF,214.94,216.67,214.11,215.41,-2.01,-0.92,2903676,625858325.04,219.0122,359,117.56,-,-,80.80409602148733,4.173517748331558,217.42,0,82.49,5.24,01-Sep-2025,31-Jul-2026,-,4.173517748331558,-,80.80409602148733,39.99721448467967,-83.23409322898945,https://nsearchives.nseindia.com/today/HDFCSILVEREQN.svg,https://nsearchives.nseindia.com/30d/HDFCSILVER-EQ.svg,https://nsearchives.nseindia.com/365d/HDFCSILVER-EQ.svg,EQ
BANKBEES,Nifty Bank,593.48,593.69,590.16,593.43,-0.36,-0.06,1045041,619019585.94,595.2572,638.99,515.98,19-DEC-19, FACE VALUE SPLIT (SUB-DIVISION) - FROM RS 10/- TO RS 1/-,6.360899021400131,-0.6545685874041721,593.79,0,6.43,0.26,01-Sep-2025,31-Jul-2026, FACE VALUE SPLIT (SUB-DIVISION) - FROM RS 10/- TO RS 1/-,-0.6545685874041721,19-DEC-19,6.360899021400131,7.130002034460642,-15.010271715957968,https://nsearchives.nseindia.com/today/BANKBEESEQN.svg,https://nsearchives.nseindia.com/30d/BANKBEES-EQ.svg,https://nsearchives.nseindia.com/365d/BANKBEES-EQ.svg,EQ
LIQUIDADD,DSP S&P BSE Liquid Rate ETF,1143,1143.02,1142.98,1143,0.14,0.01,538769,615802191.62,1142.8559,1151.22,1083.83,-,-,4.986635559515387,0.38908455343106385,1142.86,0,4.97,0.39,01-Sep-2025,31-Jul-2026,-,0.38908455343106385,-,4.986635559515387,0.7140251211757984,-5.459343254938513,https://nsearchives.nseindia.com/today/LIQUIDADDEQN.svg,https://nsearchives.nseindia.com/30d/LIQUIDADD-EQ.svg,https://nsearchives.nseindia.com/365d/LIQUIDADD-EQ.svg,EQ
HDFCGOLD,Gold,128.34,128.43,127.28,127.82,-1.89,-1.46,4434615,566699450.85,129.864,152.3,89.1,17-FEB-21, FACE VALUE SPLIT (SUB-DIVISION) - FROM RS 100/- PER UNIT TO RE 1/- PER UNIT,42.92742927429273,5.462046204620455,129.71,0,45.04,7.18,01-Sep-2025,31-Jul-2026, FACE VALUE SPLIT (SUB-DIVISION) - FROM RS 100/- PER UNIT TO RE 1/- PER UNIT,5.462046204620455,17-FEB-21,42.92742927429273,16.07353906762969,-43.45679012345679,https://nsearchives.nseindia.com/today/HDFCGOLDEQN.svg,https://nsearchives.nseindia.com/30d/HDFCGOLD-EQ.svg,https://nsearchives.nseindia.com/365d/HDFCGOLD-EQ.svg,EQ
JUNIORBEES,Nippon India ETF Nifty Next 50 Junior BeES,807.87,807.87,778,788.89,0.72,0.09,563104,441073732.16,788.8744,823.97,632.34,10-MAR-14,DIVIDEND-RS.1 PER UNIT,10.109426904502685,-1.584351102184414,788.17,0,10.01,-0.94,01-Sep-2025,31-Jul-2026,DIVIDEND-RS.1 PER UNIT,-1.584351102184414,10-MAR-14,10.109426904502685,4.257436557156212,-24.75725084606382,https://nsearchives.nseindia.com/today/JUNIORBEESEQN.svg,https://nsearchives.nseindia.com/30d/JUNIORBEES-EQ.svg,https://nsearchives.nseindia.com/365d/JUNIORBEES-EQ.svg,EQ
LIQUIDPLUS,Nifty 1D Rate Index,1101.51,1101.51,1101.49,1101.51,0.14,0.01,385522,424648627.78,1101.3601,1127.08,1046.56,-,-,5.069823343126416,0.39190309968009357,1101.37,0,5.06,0.39,01-Sep-2025,31-Jul-2026,-,0.39190309968009357,-,5.069823343126416,2.268694325158812,-5.2505350863782345,https://nsearchives.nseindia.com/today/LIQUIDPLUSEQN.svg,https://nsearchives.nseindia.com/30d/LIQUIDPLUS-EQ.svg,https://nsearchives.nseindia.com/365d/LIQUIDPLUS-EQ.svg,EQ
GOLDCASE,Zerodha Gold ETF,23.69,23.69,23.38,23.52,-0.34,-1.42,15798999,371908436.46,23.9269,27.94,16.4,-,-,42.45911568746212,5.423576871358139,23.86,0,44.52,7,01-Sep-2025,31-Jul-2026,-,5.423576871358139,-,42.45911568746212,15.819613457408739,-43.41463414634148,https://nsearchives.nseindia.com/today/GOLDCASEEQN.svg,https://nsearchives.nseindia.com/30d/GOLDCASE-EQ.svg,https://nsearchives.nseindia.com/365d/GOLDCASE-EQ.svg,EQ
CASHIETF,BSE Liquid Rate Index,1077.85,1077.87,1077.85,1077.85,0.14,0.01,344136,370930428.96,1077.7126,1099.28,1026.02,-,-,5.050534584758724,0.3939941506305787,1077.71,0,5.04,0.39,01-Sep-2025,31-Jul-2026,-,0.3939941506305787,-,5.050534584758724,1.9494578269412766,-5.051558449153031,https://nsearchives.nseindia.com/today/CASHIETFEQN.svg,https://nsearchives.nseindia.com/30d/CASHIETF-EQ.svg,https://nsearchives.nseindia.com/365d/CASHIETF-EQ.svg,EQ
SBILIQETF,Nifty 1D Rate Index,1054.31,1054.33,1054.3,1054.32,0.14,0.01,345377,364130971.1,1054.1833,1087.09,984.99,-,-,5.047526054640014,0.39135030136828824,1054.18,0,5.03,0.39,01-Sep-2025,31-Jul-2026,-,0.39135030136828824,-,5.047526054640014,3.014469823105721,-7.0386501385800795,https://nsearchives.nseindia.com/today/SBILIQETFEQN.svg,https://nsearchives.nseindia.com/30d/SBILIQETF-EQ.svg,https://nsearchives.nseindia.com/365d/SBILIQETF-EQ.svg,EQ
HDFCSML250,HDFC NIFTY Smallcap 250 ETF,185.64,185.64,183.13,183.98,-1.67,-0.90,1788565,329239045.2,185.1723,189.83,142.7,-,-,9.005806375162928,0.32718944268731287,185.65,0,10,2.76,01-Sep-2025,31-Jul-2026,-,0.32718944268731287,-,9.005806375162928,3.081704683137556,-28.92782060266293,https://nsearchives.nseindia.com/today/HDFCSML250EQN.svg,https://nsearchives.nseindia.com/30d/HDFCSML250-EQ.svg,https://nsearchives.nseindia.com/365d/HDFCSML250-EQ.svg,EQ
LTGILTBEES,NIFTY 8-13 yr G-Sec Index,29.87,29.88,29.76,29.81,-0.03,-0.10,10199022,303726875.16,29.8415,30.48,28.13,-,-,4.413309982486858,-0.5006675567423302,29.84,0,4.52,-0.47,01-Sep-2025,31-Jul-2026,-,-0.5006675567423302,-,4.413309982486858,2.198162729658798,-5.972271596160682,https://nsearchives.nseindia.com/today/LTGILTBEESEQN.svg,https://nsearchives.nseindia.com/30d/LTGILTBEES-EQ.svg,https://nsearchives.nseindia.com/365d/LTGILTBEES-EQ.svg,EQ
LIQUIDBETF,Bajaj Finserv Nifty 1D Rate Liquid ETF,1097.14,1097.16,1097.14,1097.15,0.13,0.01,262810,288341991.5,1097.0023,1116.24,1009.94,-,-,4.892062945754228,0.3815257369759806,1097.02,0,4.88,0.38,01-Sep-2025,31-Jul-2026,-,0.3815257369759806,-,4.892062945754228,1.7102056905324947,-8.635166445531421,https://nsearchives.nseindia.com/today/LIQUIDBETFEQN.svg,https://nsearchives.nseindia.com/30d/LIQUIDBETF-EQ.svg,https://nsearchives.nseindia.com/365d/LIQUIDBETF-EQ.svg,EQ
SETFNIF50,Nifty 50,258.44,258.45,256.67,257.92,-0.52,-0.20,1118456,287980050.88,259.2263,287.33,237.9,24-MAR-21, DIVIDEND - RS 1.30 PER SHARE,-1.9464720194647218,-2.517197067049652,258.44,0,-1.75,-1.52,01-Sep-2025,31-Jul-2026, DIVIDEND - RS 1.30 PER SHARE,-2.517197067049652,24-MAR-21,-1.9464720194647218,10.235617582570553,-8.41530054644809,https://nsearchives.nseindia.com/today/SETFNIF50EQN.svg,https://nsearchives.nseindia.com/30d/SETFNIF50-EQ.svg,https://nsearchives.nseindia.com/365d/SETFNIF50-EQ.svg,EQ
GOLD1,Gold,124.6,125.45,123.66,124.7,-1.88,-1.49,2034162,253802392.74,126.8794,158,86.9,22-JUL-21, FACE VALUE SPLIT (SUB-DIVISION) - FROM RS 10/- PER SHARE TO RE 1/- PER SHARE,42.563164513547505,5.329842047470227,126.58,0,44.71,7.13,01-Sep-2025,31-Jul-2026, FACE VALUE SPLIT (SUB-DIVISION) - FROM RS 10/- PER SHARE TO RE 1/- PER SHARE,5.329842047470227,22-JUL-21,42.563164513547505,21.075949367088604,-43.498273878020704,https://nsearchives.nseindia.com/today/GOLD1EQN.svg,https://nsearchives.nseindia.com/30d/GOLD1-EQ.svg,https://nsearchives.nseindia.com/365d/GOLD1-EQ.svg,EQ
GROWWCHEM,Nifty Chemicals Index - TRI,29.92,30.25,29.58,30,0,0.00,8369265,248483477.85,30.1198,31.74,24.64,-,-,Infinity,-1.4778325123152687,30,0,0,-0.79,,31-Jul-2026,-,-1.4778325123152687,-,Infinity,5.482041587901696,-21.753246753246753,https://nsearchives.nseindia.com/today/GROWWCHEMEQN.svg,https://nsearchives.nseindia.com/30d/GROWWCHEM-EQ.svg,,EQ
LIQUIDIETF,S&P BSE Liquid Rate Index,1000,1000.01,999.99,999.99,0,0.00,245121,245118548.79,1000,1041.19,955,-,-,0,0,999.99,0,0,0,01-Sep-2025,31-Jul-2026,-,0,-,0,3.957010728109187,-4.710994764397907,https://nsearchives.nseindia.com/today/LIQUIDIETFEQN.svg,https://nsearchives.nseindia.com/30d/LIQUIDIETF-EQ.svg,https://nsearchives.nseindia.com/365d/LIQUIDIETF-EQ.svg,EQ
HDFCBSE500,HDFC S&P BSE 500 ETF,37.55,37.82,37.09,37.5,-0.06,-0.16,6500475,241492646.25,37.516,40,32.65,-,-,2.8806584362139835,-1.9607843137254901,37.56,0,3.05,-0.63,01-Sep-2025,31-Jul-2026,-,-1.9607843137254901,-,2.8806584362139835,6.25,-14.854517611026038,https://nsearchives.nseindia.com/today/HDFCBSE500EQN.svg,https://nsearchives.nseindia.com/30d/HDFCBSE500-EQ.svg,https://nsearchives.nseindia.com/365d/HDFCBSE500-EQ.svg,EQ
ITBEES,Nifty IT TRI,34.19,35,34.12,34.49,-0.3,-0.86,6917685,238175894.55,35.0142,44.27,28.55,-,-,-11.47330595482546,-1.4008004574042165,34.79,0,-10.7,1.96,01-Sep-2025,31-Jul-2026,-,-1.4008004574042165,-,-11.47330595482546,22.09170996159928,-20.805604203152367,https://nsearchives.nseindia.com/today/ITBEESEQN.svg,https://nsearchives.nseindia.com/30d/ITBEES-EQ.svg,https://nsearchives.nseindia.com/365d/ITBEES-EQ.svg,EQ
MID150BEES,Nifty Midcap 150 TRI,240.34,240.34,237.55,239.35,-1.18,-0.49,987164,235517587.12,240.5538,247.15,190.43,-,-,9.803651711166165,-0.8943729038135053,240.53,0,10.34,0.44,01-Sep-2025,31-Jul-2026,-,-0.8943729038135053,-,9.803651711166165,3.155978150920498,-25.689229638187253,https://nsearchives.nseindia.com/today/MID150BEESEQN.svg,https://nsearchives.nseindia.com/30d/MID150BEES-EQ.svg,https://nsearchives.nseindia.com/365d/MID150BEES-EQ.svg,EQ
GOLDETF,Mirae Asset Gold ETF,147.3,147.3,144.8,145.55,-2.03,-1.38,1483420,215985952,147.7717,173.5,101.51,-,-,42.99047057667748,5.547498187092099,147.58,0,44.98,7.06,01-Sep-2025,31-Jul-2026,-,5.547498187092099,-,42.99047057667748,16.109510086455327,-43.38488818835583,https://nsearchives.nseindia.com/today/GOLDETFEQN.svg,https://nsearchives.nseindia.com/30d/GOLDETF-EQ.svg,https://nsearchives.nseindia.com/365d/GOLDETF-EQ.svg,EQ
SBISILVER,SBI SILVER ETF,222.6,223.11,219.27,220.96,-2.03,-0.91,902253,199388890.47,224.4431,362,119.73,-,-,81.84511562834334,4.393839176037046,222.99,0,83.52,5.36,01-Sep-2025,31-Jul-2026,-,4.393839176037046,-,81.84511562834334,38.96132596685083,-84.54856761045686,https://nsearchives.nseindia.com/today/SBISILVEREQN.svg,https://nsearchives.nseindia.com/30d/SBISILVER-EQ.svg,https://nsearchives.nseindia.com/365d/SBISILVER-EQ.svg,EQ
MON100,Nasdaq100,328.06,328.83,326.76,328.83,-0.49,-0.15,563732,185281796.44,269.8926,342.55,200.7,17-JUN-21, FACE VALUE SPLIT (SUB-DIVISION) - FROM RS 10/- PER SHARE TO RE 1/- PER SHARE,61.460276932141795,4.2415596766524,329.32,0,61.7,7.91,01-Sep-2025,31-Jul-2026, FACE VALUE SPLIT (SUB-DIVISION) - FROM RS 10/- PER SHARE TO RE 1/- PER SHARE,4.2415596766524,17-JUN-21,61.460276932141795,4.005254707342002,-63.84155455904335,https://nsearchives.nseindia.com/today/MON100EQN.svg,https://nsearchives.nseindia.com/30d/MON100-EQ.svg,https://nsearchives.nseindia.com/365d/MON100-EQ.svg,EQ
GOLDADD,DSP Gold ETF,14.7,14.7,14.46,14.49,-0.24,-1.63,12536983,182538472.48,14.7678,18.1,10.07,28-AUG-26,FACE VALUE SPLIT (SUB-DIVISION) - FROM RS 10/- PER UNIT TO RE 1/- PER UNIT,Infinity,-89.4862864606008,14.73,0,0,-89.3,,31-Jul-2026,FACE VALUE SPLIT (SUB-DIVISION) - FROM RS 10/- PER UNIT TO RE 1/- PER UNIT,-89.4862864606008,28-AUG-26,Infinity,19.944751381215475,-43.89275074478649,https://nsearchives.nseindia.com/today/GOLDADDEQN.svg,https://nsearchives.nseindia.com/30d/GOLDADD-EQ.svg,,EQ
NIFTYIETF,Nifty 50,271.76,271.76,270.26,271.5,-0.62,-0.23,666394,180572782.18,272.8969,328.24,250.4,-,-,-1.9643244023976305,-2.4539216038515375,272.12,0,-1.74,-1.41,01-Sep-2025,31-Jul-2026,-,-2.4539216038515375,-,-1.9643244023976305,17.28613209846454,-8.426517571884983,https://nsearchives.nseindia.com/today/NIFTYIETFEQN.svg,https://nsearchives.nseindia.com/30d/NIFTYIETF-EQ.svg,https://nsearchives.nseindia.com/365d/NIFTYIETF-EQ.svg,EQ
SILVERBETA,UTI Silver Exchange Traded Fund (UTI Silver ETF),220,220,216.71,217.26,-2.21,-1.01,818352,178073395.2,221.1348,379.66,117.84,-,-,Infinity,4.241435562805875,219.47,0,0,5.17,,31-Jul-2026,-,4.241435562805875,-,Infinity,42.77511457619976,-84.36863543788185,https://nsearchives.nseindia.com/today/SILVERBETAEQN.svg,https://nsearchives.nseindia.com/30d/SILVERBETA-EQ.svg,,EQ
SILVERCASE,Commodity-Silver,23.5,23.5,22.65,22.84,-0.09,-0.39,7130133,162994840.38,23.9269,38.01,12.4,-,-,81.41382049245433,4.483074107959746,22.93,0,82.13,4.8,01-Sep-2025,31-Jul-2026,-,4.483074107959746,-,81.41382049245433,39.910549855301234,-84.19354838709677,https://nsearchives.nseindia.com/today/SILVERCASEEQN.svg,https://nsearchives.nseindia.com/30d/SILVERCASE-EQ.svg,https://nsearchives.nseindia.com/365d/SILVERCASE-EQ.svg,EQ
PHARMABEES,Nifty Pharma TRI,28.36,28.36,27.34,27.49,-0.04,-0.15,5928234,162848587.98,27.5538,28.36,21.46,-,-,23.052820053715305,0.9548292324641866,27.53,0,23.23,0.95,01-Sep-2025,31-Jul-2026,-,0.9548292324641866,-,23.052820053715305,3.0677009873060683,-28.09878844361602,https://nsearchives.nseindia.com/today/PHARMABEESEQN.svg,https://nsearchives.nseindia.com/30d/PHARMABEES-EQ.svg,https://nsearchives.nseindia.com/365d/PHARMABEES-EQ.svg,EQ
SILVER,Physical price of Silver,226.99,226.99,224.1,225.3,-2.22,-0.98,697460,157074966.6,228.7313,371.89,121.44,-,-,83.15584098853752,4.528161826111172,227.52,0,84.96,5.53,01-Sep-2025,31-Jul-2026,-,4.528161826111172,-,83.15584098853752,39.41756971147382,-85.52371541501978,https://nsearchives.nseindia.com/today/SILVEREQN.svg,https://nsearchives.nseindia.com/30d/SILVER-EQ.svg,https://nsearchives.nseindia.com/365d/SILVER-EQ.svg,EQ
MODEFENCE,Nifty India Defence Total Return Index,107.91,107.91,104.22,105.01,-0.71,-0.67,1341539,140485964.08,105.9822,110.8,77.8,-,-,26.062424969988008,1.971256554670811,105.72,0,26.91,3.3,01-Sep-2025,31-Jul-2026,-,1.971256554670811,-,26.062424969988008,5.225631768953061,-34.974293059125976,https://nsearchives.nseindia.com/today/MODEFENCEEQN.svg,https://nsearchives.nseindia.com/30d/MODEFENCE-EQ.svg,https://nsearchives.nseindia.com/365d/MODEFENCE-EQ.svg,EQ
SILVER1,Kotak Silver ETF,22.09,22.09,21.61,21.89,-0.2,-0.91,6245962,136599188.94,22.2252,38.8,11.52,27-FEB-26,FACE VALUE SPLIT (SUB-DIVISION) - FROM RS 10/- PER SHARE TO RE 1/- PER SHARE,-81.76137310448259,4.486873508353228,22.09,0,-81.59,5.39,01-Sep-2025,31-Jul-2026,FACE VALUE SPLIT (SUB-DIVISION) - FROM RS 10/- PER SHARE TO RE 1/- PER SHARE,4.486873508353228,27-FEB-26,-81.76137310448259,43.582474226804116,-90.01736111111111,https://nsearchives.nseindia.com/today/SILVER1EQN.svg,https://nsearchives.nseindia.com/30d/SILVER1-EQ.svg,https://nsearchives.nseindia.com/365d/SILVER1-EQ.svg,EQ
AUTOBEES,Nifty Auto TRI,292.63,293.33,285.5,288.01,-4.62,-1.58,454387,130763490.86,294.9245,310.45,242.5,-,-,9.355659338573105,-3.778564746759322,292.63,0,11.11,-1.51,01-Sep-2025,31-Jul-2026,-,-3.778564746759322,-,9.355659338573105,7.228217104203575,-18.767010309278348,https://nsearchives.nseindia.com/today/AUTOBEESEQN.svg,https://nsearchives.nseindia.com/30d/AUTOBEES-EQ.svg,https://nsearchives.nseindia.com/365d/AUTOBEES-EQ.svg,EQ
GOLDBETA,Gold,124.65,129.15,124.65,125.9,-1.95,-1.53,933480,117655819.2,127.9359,149.35,85.7,25-MAR-21, FACE VALUE SPLIT (SUB-DIVISION) - FROM RS 100/- PER UNIT TO RE 1/- PER UNIT,Infinity,5.532271584241416,127.85,0,0,7.26,,31-Jul-2026, FACE VALUE SPLIT (SUB-DIVISION) - FROM RS 100/- PER UNIT TO RE 1/- PER UNIT,5.532271584241416,25-MAR-21,Infinity,15.701372614663537,-46.907817969661615,https://nsearchives.nseindia.com/today/GOLDBETAEQN.svg,https://nsearchives.nseindia.com/30d/GOLDBETA-EQ.svg,,EQ
CPSEETF,CPSE ETF,94.84,94.84,92.06,93.73,1.2,1.30,1238289,115606661.04,92.9073,112,86.06,-,-,5.290945854864085,-1.2224681209821864,92.53,0,3.94,-2.51,01-Sep-2025,31-Jul-2026,-,-1.2224681209821864,-,5.290945854864085,16.312499999999996,-8.912386706948643,https://nsearchives.nseindia.com/today/CPSEETFEQN.svg,https://nsearchives.nseindia.com/30d/CPSEETF-EQ.svg,https://nsearchives.nseindia.com/365d/CPSEETF-EQ.svg,EQ
HDFCNIFTY,Nifty 50,270.21,270.87,268.8,270.72,-0.15,-0.06,420555,113322750.3,271.3247,301.88,247.56,17-FEB-21, FACE VALUE SPLIT (SUB-DIVISION) - FROM RS 761.25/- PER UNIT TO RS 76.125/- PER UNIT,-1.6850668216153348,-1.8134339184680108,270.87,0,-1.63,-1.25,01-Sep-2025,31-Jul-2026, FACE VALUE SPLIT (SUB-DIVISION) - FROM RS 761.25/- PER UNIT TO RS 76.125/- PER UNIT,-1.8134339184680108,17-FEB-21,-1.6850668216153348,10.321982244600493,-9.355307804168698,https://nsearchives.nseindia.com/today/HDFCNIFTYEQN.svg,https://nsearchives.nseindia.com/30d/HDFCNIFTY-EQ.svg,https://nsearchives.nseindia.com/365d/HDFCNIFTY-EQ.svg,EQ
LIQGRWBEES,Liquid,1054.97,1056.73,1051.35,1054.03,0.13,0.01,104639,110291598.78,1053.9013,1056.73,995.55,-,-,4.779561608429835,0.3704268002361468,1053.9,0,4.77,0.37,01-Sep-2025,31-Jul-2026,-,0.3704268002361468,-,4.779561608429835,0.25550519054063436,-5.874139922655821,https://nsearchives.nseindia.com/today/LIQGRWBEESEQN.svg,https://nsearchives.nseindia.com/30d/LIQGRWBEES-EQ.svg,https://nsearchives.nseindia.com/365d/LIQGRWBEES-EQ.svg,EQ
GOLDAXIS,Gold,125.5,125.5,123.2,124.4,-1.51,-1.20,850365,105657851.25,126.6181,150,83.85,23-JUL-20, FACE VALUE SPLIT (SUB-DIVISION) - FROM RS 100/- PER SHARE TO RE 1/- PER SHARE,Infinity,5.218641630719786,125.91,0,0,6.74,,31-Jul-2026, FACE VALUE SPLIT (SUB-DIVISION) - FROM RS 100/- PER SHARE TO RE 1/- PER SHARE,5.218641630719786,23-JUL-20,Infinity,17.066666666666663,-48.36016696481814,https://nsearchives.nseindia.com/today/GOLDAXISEQN.svg,https://nsearchives.nseindia.com/30d/GOLDAXIS-EQ.svg,,EQ
PVTBANIETF,Nifty Private Bank Index,28.62,28.62,27.79,27.84,-0.09,-0.32,3650705,101708641.3,28.0932,30.32,24.18,01-MAR-24,FACE VALUE SPLIT (SUB-DIVISION) - FROM RS 10/- PER SHARE TO RE 1/- PER SHARE,4.977375565610861,-0.7486631016042811,27.93,0,5.32,0.65,01-Sep-2025,31-Jul-2026,FACE VALUE SPLIT (SUB-DIVISION) - FROM RS 10/- PER SHARE TO RE 1/- PER SHARE,-0.7486631016042811,01-MAR-24,4.977375565610861,8.179419525065965,-15.136476426799007,https://nsearchives.nseindia.com/today/PVTBANIETFEQN.svg,https://nsearchives.nseindia.com/30d/PVTBANIETF-EQ.svg,https://nsearchives.nseindia.com/365d/PVTBANIETF-EQ.svg,EQ
SILVERAXIS,Axis Silver ETF,225.12,225.37,223.38,224.29,-1.83,-0.81,441304,99033030.64,227.698,390.01,118.65,-,-,Infinity,4.456967213114751,226.12,0,0,5.31,,31-Jul-2026,-,4.456967213114751,-,Infinity,42.491218173892975,-89.03497682258742,https://nsearchives.nseindia.com/today/SILVERAXISEQN.svg,https://nsearchives.nseindia.com/30d/SILVERAXIS-EQ.svg,,EQ
PSUBNKBEES,Nifty PSU Bank,94.26,95.57,94.08,94.8,0.15,0.16,1041734,98818887.24,95.0341,110.4,74.31,19-DEC-19, FACE VALUE SPLIT (SUB-DIVISION) - FROM RS 10/- TO RS 1/-,24.572930354796327,0.24320609072645025,94.65,0,24.38,1.32,01-Sep-2025,31-Jul-2026, FACE VALUE SPLIT (SUB-DIVISION) - FROM RS 10/- TO RS 1/-,0.24320609072645025,19-DEC-19,24.572930354796327,14.130434782608702,-27.57367783609204,https://nsearchives.nseindia.com/today/PSUBNKBEESEQN.svg,https://nsearchives.nseindia.com/30d/PSUBNKBEES-EQ.svg,https://nsearchives.nseindia.com/365d/PSUBNKBEES-EQ.svg,EQ
LIQUID,Mirae Asset Nifty 1D Rate Liquid ETF,999.5,1000,999.5,1000,0.01,0.00,97407,97406025.93,1000,1024.98,974.99,-,-,0.0010000100000990915,0.0010000100000990915,999.99,0,0,0,01-Sep-2025,31-Jul-2026,-,0.0010000100000990915,-,0.0010000100000990915,2.4371207243068174,-2.565154514405275,https://nsearchives.nseindia.com/today/LIQUIDEQN.svg,https://nsearchives.nseindia.com/30d/LIQUID-EQ.svg,https://nsearchives.nseindia.com/365d/LIQUID-EQ.svg,EQ
LIQUIDETF,Nifty1D rate index,1000,1000.01,999.99,1000,0.01,0.00,94750,94749052.5,1000,1025,995,-,-,0,0,999.99,0,0,0,01-Sep-2025,31-Jul-2026,-,0,-,0,2.4390243902439024,-0.5025125628140703,https://nsearchives.nseindia.com/today/LIQUIDETFEQN.svg,https://nsearchives.nseindia.com/30d/LIQUIDETF-EQ.svg,https://nsearchives.nseindia.com/365d/LIQUIDETF-EQ.svg,EQ
NIFTYETF,Nifty 50,260.71,260.71,259.21,260,-0.72,-0.28,360960,93900134.4,261.896,289.05,239.81,-,-,-2.1452766277756825,-2.872725914303858,260.72,0,-1.87,-1.79,01-Sep-2025,31-Jul-2026,-,-2.872725914303858,-,-2.1452766277756825,10.050164331430551,-8.41916517242817,https://nsearchives.nseindia.com/today/NIFTYETFEQN.svg,https://nsearchives.nseindia.com/30d/NIFTYETF-EQ.svg,https://nsearchives.nseindia.com/365d/NIFTYETF-EQ.svg,EQ
METALIETF,Nifty Metal Index,13.56,13.56,13.09,13.22,-0.01,-0.08,6515057,85803300.69,13.2738,14.17,9.2,-,-,41.23931623931625,1.9275250578257517,13.23,0,41.35,3.52,01-Sep-2025,31-Jul-2026,-,1.9275250578257517,-,41.23931623931625,6.704304869442479,-43.69565217391306,https://nsearchives.nseindia.com/today/METALIETFEQN.svg,https://nsearchives.nseindia.com/30d/METALIETF-EQ.svg,https://nsearchives.nseindia.com/365d/METALIETF-EQ.svg,EQ
ALPHA,NIFTY Alpha 50 Index,54.42,54.42,53.53,53.99,-0.44,-0.81,1586344,85408760.96,54.2891,55.59,42,-,-,12.268662923684754,3.3499234303215926,54.43,0,13.18,4.81,01-Sep-2025,31-Jul-2026,-,3.3499234303215926,-,12.268662923684754,2.878215506386043,-28.547619047619055,https://nsearchives.nseindia.com/today/ALPHAEQN.svg,https://nsearchives.nseindia.com/30d/ALPHA-EQ.svg,https://nsearchives.nseindia.com/365d/ALPHA-EQ.svg,EQ
MAFANG,NYSE FANG+ Total Return Index,210.38,210.38,208.38,210.08,-0.97,-0.46,392513,82400254.09,172.5695,211.56,149.74,-,-,30.37919692174022,9.885971335913801,211.05,0,30.98,13.63,01-Sep-2025,31-Jul-2026,-,9.885971335913801,-,30.37919692174022,0.6995651351862308,-40.29651395752638,https://nsearchives.nseindia.com/today/MAFANGEQN.svg,https://nsearchives.nseindia.com/30d/MAFANG-EQ.svg,https://nsearchives.nseindia.com/365d/MAFANG-EQ.svg,EQ
FMCGIETF,Nifty FMCG Index,49.78,50.49,49.39,49.8,0.02,0.04,1609017,79903784.22,49.9523,62.3,48.55,10-MAY-24,FACE VALUE SPLIT (SUB-DIVISION) - FROM RS 10/- PER SHARE TO RE 1/- PER SHARE,-16.930775646371984,-6.090891947953995,49.78,0,-16.96,-5.58,01-Sep-2025,31-Jul-2026,FACE VALUE SPLIT (SUB-DIVISION) - FROM RS 10/- PER SHARE TO RE 1/- PER SHARE,-6.090891947953995,10-MAY-24,-16.930775646371984,20.064205457463885,-2.5746652935118437,https://nsearchives.nseindia.com/today/FMCGIETFEQN.svg,https://nsearchives.nseindia.com/30d/FMCGIETF-EQ.svg,https://nsearchives.nseindia.com/365d/FMCGIETF-EQ.svg,EQ
MOREALTY,Motilal Oswal Nifty Realty ETF,91.97,91.97,87.14,89.43,0.14,0.16,871418,76745783.26,89.4577,99.49,64,-,-,1.406055108288932,-1.08395089038822,89.29,0,1.25,-1.13,01-Sep-2025,31-Jul-2026,-,-1.08395089038822,-,1.406055108288932,10.111569001909729,-39.734375000000014,https://nsearchives.nseindia.com/today/MOREALTYEQN.svg,https://nsearchives.nseindia.com/30d/MOREALTY-EQ.svg,https://nsearchives.nseindia.com/365d/MOREALTY-EQ.svg,EQ
SILVERAG,Mirae Asset Silver ETF,218.7,220.71,218.54,219.3,-2.43,-1.10,297870,65379486.3,222.9722,380,118.27,-,-,Infinity,4.25976989635828,221.73,0,0,5.43,,31-Jul-2026,-,4.25976989635828,-,Infinity,42.28947368421052,-85.42318423945211,https://nsearchives.nseindia.com/today/SILVERAGEQN.svg,https://nsearchives.nseindia.com/30d/SILVERAG-EQ.svg,,EQ
GROWWGOLD,Commodity,14.68,14.68,14.48,14.6,-0.2,-1.35,4454236,65076387.96,14.8461,18,10.2,06-FEB-26,FACE VALUE SPLIT (SUB-DIVISION) - FROM RS 10/- PER UNIT TO RE 1/- PER UNIT,-85.78798792952401,5.415162454873647,14.8,0,-85.59,6.86,01-Sep-2025,31-Jul-2026,FACE VALUE SPLIT (SUB-DIVISION) - FROM RS 10/- PER UNIT TO RE 1/- PER UNIT,5.415162454873647,06-FEB-26,-85.78798792952401,18.888888888888893,-43.137254901960794,https://nsearchives.nseindia.com/today/GROWWGOLDEQN.svg,https://nsearchives.nseindia.com/30d/GROWWGOLD-EQ.svg,https://nsearchives.nseindia.com/365d/GROWWGOLD-EQ.svg,EQ
NIFTY1,Nifty 50,266.54,272.7,264.57,265.55,-0.99,-0.37,241052,63965558.72,267.1953,295.8,244.8,27-JUL-17, FACE VALUE SPLIT (SUB-DIVISION) - FROM RS 10/- PER SHARE TO RS 1/- PER SHARE,-1.680921174423327,-2.389266678919316,266.54,0,-1.31,-1.33,01-Sep-2025,31-Jul-2026, FACE VALUE SPLIT (SUB-DIVISION) - FROM RS 10/- PER SHARE TO RS 1/- PER SHARE,-2.389266678919316,27-JUL-17,-1.680921174423327,10.226504394861392,-8.476307189542483,https://nsearchives.nseindia.com/today/NIFTY1EQN.svg,https://nsearchives.nseindia.com/30d/NIFTY1-EQ.svg,https://nsearchives.nseindia.com/365d/NIFTY1-EQ.svg,EQ
PSUBANK,Nifty PSU Bank,84.5,85.65,84.4,85.24,0.08,0.09,743798,63304647.78,85.1736,101,66.67,10-JUL-26,FACE VALUE SPLIT (SUB-DIVISION) - FROM RS 10/- PER UNIT TO RE 1/- PER UNIT,-87.53454907064828,0.8280104092737031,85.16,0,-87.55,1.81,01-Sep-2025,31-Jul-2026,FACE VALUE SPLIT (SUB-DIVISION) - FROM RS 10/- PER UNIT TO RE 1/- PER UNIT,0.8280104092737031,10-JUL-26,-87.53454907064828,15.603960396039609,-27.85360731963401,https://nsearchives.nseindia.com/today/PSUBANKEQN.svg,https://nsearchives.nseindia.com/30d/PSUBANK-EQ.svg,https://nsearchives.nseindia.com/365d/PSUBANK-EQ.svg,EQ
MIDCAPETF,Mirae Asset Mutual Fund - Mirae Asset Nifty Midcap 150 ETF,24.34,24.34,23.46,23.66,-0.09,-0.38,2657084,62600899.04,23.7907,24.57,19.6,-,-,10.046511627906977,-0.8382229673093013,23.75,0,10.47,0.47,01-Sep-2025,31-Jul-2026,-,-0.8382229673093013,-,10.046511627906977,3.703703703703704,-20.714285714285708,https://nsearchives.nseindia.com/today/MIDCAPETFEQN.svg,https://nsearchives.nseindia.com/30d/MIDCAPETF-EQ.svg,https://nsearchives.nseindia.com/365d/MIDCAPETF-EQ.svg,EQ
NEXT50IETF,Nifty Next 50,75.09,78.56,75.09,77,-0.02,-0.03,812202,62109086.94,76.9787,80.38,62.6,15-NOV-18, FACE VALUE SPLIT (SUB-DIVISION) - FROM RS 10/- PER SHARE TO RS 1/- PER SHARE,9.921484653818705,-1.3579297975915992,77.02,0,9.95,-0.73,01-Sep-2025,31-Jul-2026, FACE VALUE SPLIT (SUB-DIVISION) - FROM RS 10/- PER SHARE TO RS 1/- PER SHARE,-1.3579297975915992,15-NOV-18,9.921484653818705,4.20502612590196,-23.00319488817891,https://nsearchives.nseindia.com/today/NEXT50IETFEQN.svg,https://nsearchives.nseindia.com/30d/NEXT50IETF-EQ.svg,https://nsearchives.nseindia.com/365d/NEXT50IETF-EQ.svg,EQ
OILIETF,Nifty Oil & Gas Index,11.55,11.55,11.19,11.28,0.01,0.09,5484945,61925029.05,11.3151,14,9.8,-,-,1.7132551848512128,-1.4847161572052396,11.27,0,1.62,-1.31,01-Sep-2025,31-Jul-2026,-,-1.4847161572052396,-,1.7132551848512128,19.428571428571434,-15.102040816326515,https://nsearchives.nseindia.com/today/OILIETFEQN.svg,https://nsearchives.nseindia.com/30d/OILIETF-EQ.svg,https://nsearchives.nseindia.com/365d/OILIETF-EQ.svg,EQ
BANK10ADD,BSE Top 10 Banks Index (TRI),16.89,16.89,16.75,16.85,-0.04,-0.24,3657235,61368403.3,16.9172,18.99,12.08,-,-,Infinity,-1.9778941244909822,16.89,0,0,-0.76,,31-Jul-2026,-,-1.9778941244909822,-,Infinity,11.269088994207463,-39.486754966887425,https://nsearchives.nseindia.com/today/BANK10ADDEQN.svg,https://nsearchives.nseindia.com/30d/BANK10ADD-EQ.svg,,EQ
SMALLCAP,Mirae Asset Nifty Smallcap 250 Momentum Quality 100 ETF,49.37,49.37,48.26,48.52,-0.38,-0.78,1242548,60201450.6,48.9065,54.5,37.34,-,-,8.038298819861962,2.362869198312246,48.9,0,8.88,4.42,01-Sep-2025,31-Jul-2026,-,2.362869198312246,-,8.038298819861962,10.972477064220177,-29.941081949651846,https://nsearchives.nseindia.com/today/SMALLCAPEQN.svg,https://nsearchives.nseindia.com/30d/SMALLCAP-EQ.svg,https://nsearchives.nseindia.com/365d/SMALLCAP-EQ.svg,EQ
NIFTYAXIS,Nifty 50,265.45,265.45,263.86,264,-1.96,-0.74,226011,59863533.57,266.4883,296.38,244,23-JUL-20, FACE VALUE SPLIT (SUB-DIVISION) - FROM RS 100/- PER SHARE TO RS 10/- PER SHARE,Infinity,-2.887621850285092,265.96,0,0,-1.24,,31-Jul-2026, FACE VALUE SPLIT (SUB-DIVISION) - FROM RS 100/- PER SHARE TO RS 10/- PER SHARE,-2.887621850285092,23-JUL-20,Infinity,10.92516364127134,-8.19672131147541,https://nsearchives.nseindia.com/today/NIFTYAXISEQN.svg,https://nsearchives.nseindia.com/30d/NIFTYAXIS-EQ.svg,,EQ
BSLGOLDETF,Gold,133.47,133.47,131.08,131.75,-1.92,-1.44,432842,57026933.5,133.7109,155.99,88.36,25-NOV-21, FACE VALUE SPLIT (SUB-DIVISION) - FROM RS 10/- PER SHARE TO RE 0.10/- PER SHARE,42.756528334597455,5.662041863822282,133.67,0,44.84,7.23,01-Sep-2025,31-Jul-2026, FACE VALUE SPLIT (SUB-DIVISION) - FROM RS 10/- PER SHARE TO RE 0.10/- PER SHARE,5.662041863822282,25-NOV-21,42.756528334597455,15.539457657542155,-49.10593028519692,https://nsearchives.nseindia.com/today/BSLGOLDETFEQN.svg,https://nsearchives.nseindia.com/30d/BSLGOLDETF-EQ.svg,https://nsearchives.nseindia.com/365d/BSLGOLDETF-EQ.svg,EQ
ESILVER,Edelweiss Silver ETF,226.78,226.78,224.29,224.51,-3.22,-1.41,251202,56515425.96,228.7202,375,119.99,-,-,81.34894991922455,3.915760240685017,227.73,0,83.95,5.2,01-Sep-2025,31-Jul-2026,-,3.915760240685017,-,81.34894991922455,40.13066666666667,-87.10725893824485,https://nsearchives.nseindia.com/today/ESILVEREQN.svg,https://nsearchives.nseindia.com/30d/ESILVER-EQ.svg,https://nsearchives.nseindia.com/365d/ESILVER-EQ.svg,EQ
SILVERADD,DSP Silver ETF,21.8,21.85,21.64,21.75,-0.33,-1.49,2578958,56040757.34,22.0833,39,11.8,28-AUG-26,FACE VALUE SPLIT (SUB-DIVISION) - FROM RS 10/- PER UNIT TO RE 1/- PER UNIT,-81.76253563642462,-89.5362263061676,22.08,0,-81.49,-89.39,01-Sep-2025,31-Jul-2026,FACE VALUE SPLIT (SUB-DIVISION) - FROM RS 10/- PER UNIT TO RE 1/- PER UNIT,-89.5362263061676,28-AUG-26,-81.76253563642462,44.23076923076923,-84.32203389830507,https://nsearchives.nseindia.com/today/SILVERADDEQN.svg,https://nsearchives.nseindia.com/30d/SILVERADD-EQ.svg,https://nsearchives.nseindia.com/365d/SILVERADD-EQ.svg,EQ
GROWWLIQID,Nifty 1D Rate Index,110.59,110.6,110.59,110.6,0.02,0.02,488458,54018570.22,110.5794,112.71,102.89,-,-,4.794390752321383,0.38119440914865443,110.58,0,4.78,0.37,01-Sep-2025,31-Jul-2026,-,0.38119440914865443,-,4.794390752321383,1.8720610416112142,-7.4934395956847055,https://nsearchives.nseindia.com/today/GROWWLIQIDEQN.svg,https://nsearchives.nseindia.com/30d/GROWWLIQID-EQ.svg,https://nsearchives.nseindia.com/365d/GROWWLIQID-EQ.svg,EQ
ABSLBANETF,Nifty Bank,59.3,59.3,58.28,58.76,-0.12,-0.20,916157,53659315.49,58.9421,64.94,50.97,25-NOV-21, FACE VALUE SPLIT (SUB-DIVISION) - FROM RS 10/- PER SHARE TO RE 1/- PER SHARE,6.391453919971033,-0.6425431180250297,58.88,0,6.61,0.48,01-Sep-2025,31-Jul-2026, FACE VALUE SPLIT (SUB-DIVISION) - FROM RS 10/- PER SHARE TO RE 1/- PER SHARE,-0.6425431180250297,25-NOV-21,6.391453919971033,9.51647674776717,-15.283500098096917,https://nsearchives.nseindia.com/today/ABSLBANETFEQN.svg,https://nsearchives.nseindia.com/30d/ABSLBANETF-EQ.svg,https://nsearchives.nseindia.com/365d/ABSLBANETF-EQ.svg,EQ
BSLNIFTY,Nifty 50,28.4,28.4,27.96,28,-0.18,-0.64,1719207,48292524.63,28.2264,33,25.7,25-NOV-21, FACE VALUE SPLIT (SUB-DIVISION) - FROM RS 10/- PER SHARE TO RE 1/- PER SHARE,-2.1321216357916795,-2.9126213592233006,28.18,0,-1.5,-1.47,01-Sep-2025,31-Jul-2026, FACE VALUE SPLIT (SUB-DIVISION) - FROM RS 10/- PER SHARE TO RE 1/- PER SHARE,-2.9126213592233006,25-NOV-21,-2.1321216357916795,15.151515151515152,-8.949416342412453,https://nsearchives.nseindia.com/today/BSLNIFTYEQN.svg,https://nsearchives.nseindia.com/30d/BSLNIFTY-EQ.svg,https://nsearchives.nseindia.com/365d/BSLNIFTY-EQ.svg,EQ
QGOLDHALF,Gold,124.31,125.3,123.06,123.84,-1.74,-1.39,375724,46597290.48,125.966,149.69,85.93,16-DEC-21, FACE VALUE SPLIT (SUB-DIVISION) - FROM RS 100 PER SHARE TO RS 2 PER SHARE,42.93628808864266,5.422661104962973,125.58,0,44.94,6.99,01-Sep-2025,31-Jul-2026, FACE VALUE SPLIT (SUB-DIVISION) - FROM RS 100 PER SHARE TO RS 2 PER SHARE,5.422661104962973,16-DEC-21,42.93628808864266,17.26902264680339,-44.11730478296287,https://nsearchives.nseindia.com/today/QGOLDHALFEQN.svg,https://nsearchives.nseindia.com/30d/QGOLDHALF-EQ.svg,https://nsearchives.nseindia.com/365d/QGOLDHALF-EQ.svg,EQ
AUTOIETF,Nifty Auto Index,30.19,30.19,28.61,29.06,-0.4,-1.36,1576618,45469663.12,29.5426,31.46,24.2,01-MAR-24,FACE VALUE SPLIT (SUB-DIVISION) - FROM RS 10/- PER SHARE TO RE 1/- PER SHARE,10.368401063425752,-2.2864828513786137,29.46,0,11.89,-0.91,01-Sep-2025,31-Jul-2026,FACE VALUE SPLIT (SUB-DIVISION) - FROM RS 10/- PER SHARE TO RE 1/- PER SHARE,-2.2864828513786137,01-MAR-24,10.368401063425752,7.628734901462181,-20.08264462809917,https://nsearchives.nseindia.com/today/AUTOIETFEQN.svg,https://nsearchives.nseindia.com/30d/AUTOIETF-EQ.svg,https://nsearchives.nseindia.com/365d/AUTOIETF-EQ.svg,EQ
NEXT50,Nifty Next 50,733.84,756.42,733.84,753.34,0.68,0.09,60614,45380489.52,753.2228,785.96,617,-,-,10.106841666788462,-1.9586407943882604,752.66,0,10.01,-0.89,01-Sep-2025,31-Jul-2026,-,-1.9586407943882604,-,10.106841666788462,4.150338439615248,-22.097244732576993,https://nsearchives.nseindia.com/today/NEXT50EQN.svg,https://nsearchives.nseindia.com/30d/NEXT50-EQ.svg,https://nsearchives.nseindia.com/365d/NEXT50-EQ.svg,EQ
MOCAPITAL,Nifty Capital Market Total Return Index,53.8,54,53.25,53.64,-0.29,-0.54,812896,43506193.92,54.1926,57.25,41.31,-,-,26.360424028268543,1.6679302501895423,53.93,0,27.04,1.03,01-Sep-2025,31-Jul-2026,-,1.6679302501895423,-,26.360424028268543,6.305676855895196,-29.8474945533769,https://nsearchives.nseindia.com/today/MOCAPITALEQN.svg,https://nsearchives.nseindia.com/30d/MOCAPITAL-EQ.svg,https://nsearchives.nseindia.com/365d/MOCAPITAL-EQ.svg,EQ
NIFTYBETA,Nifty 50,273.03,273.03,264.47,267.71,1.33,0.50,160139,42521708.67,266.9393,297.48,244.9,25-SEP-23,FACE VALUE SPLIT (SUB-DIVISION) - FROM RS 10/- PER SHARE TO RE 1/- PER SHARE,Infinity,-1.6097614759822103,266.38,0,0,-1.45,,31-Jul-2026,FACE VALUE SPLIT (SUB-DIVISION) - FROM RS 10/- PER SHARE TO RE 1/- PER SHARE,-1.6097614759822103,25-SEP-23,Infinity,10.007395455156662,-9.314005716619016,https://nsearchives.nseindia.com/today/NIFTYBETAEQN.svg,https://nsearchives.nseindia.com/30d/NIFTYBETA-EQ.svg,,EQ
GROWWRAIL,Nifty India Railways PSU Index,28.02,28.28,27.71,28,-0.17,-0.60,1386286,38635790.82,28.0649,36.75,27.71,-,-,-17.30655640874188,-5.977165883143052,28.17,0,-16.8,-2.93,01-Sep-2025,31-Jul-2026,-,-5.977165883143052,-,-17.30655640874188,23.80952380952381,-1.046553590761455,https://nsearchives.nseindia.com/today/GROWWRAILEQN.svg,https://nsearchives.nseindia.com/30d/GROWWRAIL-EQ.svg,https://nsearchives.nseindia.com/365d/GROWWRAIL-EQ.svg,EQ
BANKBETA,Nifty Bank,59,59.33,58.89,59.26,-0.05,-0.08,647961,38229699,59.469,73.7,51.3,17-FEB-21, FACE VALUE SPLIT (SUB-DIVISION) - FROM RS 10/- PER UNIT TO RE 1/- PER UNIT,Infinity,-0.8200836820083716,59.31,0,0,0.32,,31-Jul-2026, FACE VALUE SPLIT (SUB-DIVISION) - FROM RS 10/- PER UNIT TO RE 1/- PER UNIT,-0.8200836820083716,17-FEB-21,Infinity,19.592944369063776,-15.51656920077973,https://nsearchives.nseindia.com/today/BANKBETAEQN.svg,https://nsearchives.nseindia.com/30d/BANKBETA-EQ.svg,,EQ
INFRAIETF,ICICI Prudential Nifty Infrastructure ETF,94.49,94.84,93.77,94.3,-0.19,-0.20,399829,37755852.47,94.8374,101,86.8,-,-,2.5222874537942954,-3.3018867924528292,94.49,0,2.73,-2.23,01-Sep-2025,31-Jul-2026,-,-3.3018867924528292,-,2.5222874537942954,6.633663366336636,-8.640552995391705,https://nsearchives.nseindia.com/today/INFRAIETFEQN.svg,https://nsearchives.nseindia.com/30d/INFRAIETF-EQ.svg,https://nsearchives.nseindia.com/365d/INFRAIETF-EQ.svg,EQ
INSUREIETF,BSE Insurance Index,15.43,15.43,15,15.1,-0.33,-2.14,2499345,37590148.8,15.2181,16.46,15,-,-,Infinity,Infinity,15.43,0,0,0,,,-,Infinity,-,Infinity,8.26245443499393,-0.6666666666666643,https://nsearchives.nseindia.com/today/INSUREIETFEQN.svg,,,EQ
MIDCAPIETF,Nifty Midcap 150,24.37,24.37,23.76,23.9,-0.2,-0.83,1571103,37486517.58,24.0822,24.88,19.89,10-MAY-24,FACE VALUE SPLIT (SUB-DIVISION) - FROM RS 10/- PER SHARE TO RE 1/- PER SHARE,9.78410656867248,-1.0351966873706004,24.1,0,10.7,0.67,01-Sep-2025,31-Jul-2026,FACE VALUE SPLIT (SUB-DIVISION) - FROM RS 10/- PER SHARE TO RE 1/- PER SHARE,-1.0351966873706004,10-MAY-24,9.78410656867248,3.9389067524115773,-20.16088486676721,https://nsearchives.nseindia.com/today/MIDCAPIETFEQN.svg,https://nsearchives.nseindia.com/30d/MIDCAPIETF-EQ.svg,https://nsearchives.nseindia.com/365d/MIDCAPIETF-EQ.svg,EQ
GROWWSLVR,Commodity-Silver,22.1,22.22,22,22.11,-0.16,-0.72,1558535,34443623.5,22.451,36.3,11.26,06-FEB-26,FACE VALUE SPLIT (SUB-DIVISION) - FROM RS 10/- PER UNIT TO RE 1/- PER UNIT,-81.89930413426114,4.539007092198586,22.27,0,-81.77,5.25,01-Sep-2025,31-Jul-2026,FACE VALUE SPLIT (SUB-DIVISION) - FROM RS 10/- PER UNIT TO RE 1/- PER UNIT,4.539007092198586,06-FEB-26,-81.89930413426114,39.090909090909086,-96.35879218472469,https://nsearchives.nseindia.com/today/GROWWSLVREQN.svg,https://nsearchives.nseindia.com/30d/GROWWSLVR-EQ.svg,https://nsearchives.nseindia.com/365d/GROWWSLVR-EQ.svg,EQ
BANKNIFTY1,Nifty Bank,59.31,60,59.1,59.37,0.06,0.10,559906,33236020.16,59.672,65.29,51.71,27-FEB-26,FACE VALUE SPLIT (SUB-DIVISION) - FROM RS 10/- PER SHARE TO RE 1/- PER SHARE,-89.36269327934352,-0.835142809420411,59.31,0,-89.37,-0.25,01-Sep-2025,31-Jul-2026,FACE VALUE SPLIT (SUB-DIVISION) - FROM RS 10/- PER SHARE TO RE 1/- PER SHARE,-0.835142809420411,27-FEB-26,-89.36269327934352,9.067238474498405,-14.813382324502024,https://nsearchives.nseindia.com/today/BANKNIFTY1EQN.svg,https://nsearchives.nseindia.com/30d/BANKNIFTY1-EQ.svg,https://nsearchives.nseindia.com/365d/BANKNIFTY1-EQ.svg,EQ
SETFNIFBK,Nifty Bank,587.01,588.9,585.38,588.89,0.45,0.08,53449,31402890.97,590.5512,646.11,465.64,02-NOV-17, DIVIDEND - RS 3.50 PER UNIT,6.3977018139770125,-0.8736197145165725,588.44,0,6.32,0.07,01-Sep-2025,31-Jul-2026, DIVIDEND - RS 3.50 PER UNIT,-0.8736197145165725,02-NOV-17,6.3977018139770125,8.85607713856774,-26.46894596684134,https://nsearchives.nseindia.com/today/SETFNIFBKEQN.svg,https://nsearchives.nseindia.com/30d/SETFNIFBK-EQ.svg,https://nsearchives.nseindia.com/365d/SETFNIFBK-EQ.svg,EQ
ALPL30IETF,Nifty Alpha Low-Volatility 30 Index,27.77,27.77,27.54,27.68,-0.09,-0.32,1120581,30961653.03,27.8922,29.17,24.35,10-MAY-24,FACE VALUE SPLIT (SUB-DIVISION) - FROM RS 10/- PER SHARE TO RE 1/- PER SHARE,1.989683124539422,-2.2943875750088196,27.77,0,2.32,-2.15,01-Sep-2025,31-Jul-2026,FACE VALUE SPLIT (SUB-DIVISION) - FROM RS 10/- PER SHARE TO RE 1/- PER SHARE,-2.2943875750088196,10-MAY-24,1.989683124539422,5.107987658553315,-13.675564681724838,https://nsearchives.nseindia.com/today/ALPL30IETFEQN.svg,https://nsearchives.nseindia.com/30d/ALPL30IETF-EQ.svg,https://nsearchives.nseindia.com/365d/ALPL30IETF-EQ.svg,EQ
MOM30IETF,ICICI Prudential Nifty 200 Momentum 30 ETF,31.63,31.63,30.92,31.2,-0.09,-0.29,997656,30947289.12,31.3131,32.9,26,12-AUG-22,ADDITONAL ISSUANCE 9:1,1.7944535073409487,0.32154340836012174,31.29,0,2.09,0.64,01-Sep-2025,31-Jul-2026,ADDITONAL ISSUANCE 9:1,0.32154340836012174,12-AUG-22,1.7944535073409487,5.167173252279634,-19.999999999999996,https://nsearchives.nseindia.com/today/MOM30IETFEQN.svg,https://nsearchives.nseindia.com/30d/MOM30IETF-EQ.svg,https://nsearchives.nseindia.com/365d/MOM30IETF-EQ.svg,EQ
MOM100,Nifty Midcap 100,67.31,69,67.21,68.17,-0.14,-0.20,450687,30516016.77,68.3885,70.32,56.15,-,-,11.370691063551709,-0.07329228965112454,68.31,0,11.6,0.65,01-Sep-2025,31-Jul-2026,-,-0.07329228965112454,-,11.370691063551709,3.0574516496018083,-21.406945681211045,https://nsearchives.nseindia.com/today/MOM100EQN.svg,https://nsearchives.nseindia.com/30d/MOM100-EQ.svg,https://nsearchives.nseindia.com/365d/MOM100-EQ.svg,EQ
ITIETF,Nifty IT Index,34.8,34.8,34.12,34.6,-0.2,-0.57,831659,28634019.37,35.0381,44.3,28.54,01-SEP-22,FACE VALUE SPLIT (SUB-DIVISION) - FROM RS 10/- PER UNIT TO RE 1/- PER UNIT,-10.985335734499605,-0.8595988538681867,34.8,0,-10.47,1.75,01-Sep-2025,31-Jul-2026,FACE VALUE SPLIT (SUB-DIVISION) - FROM RS 10/- PER UNIT TO RE 1/- PER UNIT,-0.8595988538681867,01-SEP-22,-10.985335734499605,21.896162528216696,-21.233356692361607,https://nsearchives.nseindia.com/today/ITIETFEQN.svg,https://nsearchives.nseindia.com/30d/ITIETF-EQ.svg,https://nsearchives.nseindia.com/365d/ITIETF-EQ.svg,EQ
HNGSNGBEES,Hang Seng Index,479,479,464.56,469.38,0.05,0.01,60755,28457034.45,455.5063,579.92,443.42,19-DEC-19, FACE VALUE SPLIT (SUB-DIVISION) - FROM RS 10/- TO RS 1/-,-1.7478492035250084,-5.4888853092783485,469.33,0,-1.76,-5.68,01-Sep-2025,31-Jul-2026, FACE VALUE SPLIT (SUB-DIVISION) - FROM RS 10/- TO RS 1/-,-5.4888853092783485,19-DEC-19,-1.7478492035250084,19.061249827562417,-5.854494610076221,https://nsearchives.nseindia.com/today/HNGSNGBEESEQN.svg,https://nsearchives.nseindia.com/30d/HNGSNGBEES-EQ.svg,https://nsearchives.nseindia.com/365d/HNGSNGBEES-EQ.svg,EQ
EVINDIA,Nifty EV and New Age Automotive Total Return Index,33.15,33.49,32.4,32.69,-0.46,-1.39,868296,28236985.92,33.2435,35.04,26.2,-,-,6.899934597776323,-1.2983091787439607,33.15,0,8.4,0.97,01-Sep-2025,31-Jul-2026,-,-1.2983091787439607,-,6.899934597776323,6.706621004566214,-24.77099236641221,https://nsearchives.nseindia.com/today/EVINDIAEQN.svg,https://nsearchives.nseindia.com/30d/EVINDIA-EQ.svg,https://nsearchives.nseindia.com/365d/EVINDIA-EQ.svg,EQ
GROWWDEFNC,Nifty India Defence Index- Total Return Index,98.69,98.69,95.09,96.31,-0.44,-0.45,281797,26928521.32,96.3461,102.07,71.78,-,-,27.00778056178294,2.2182126936956097,96.75,0,27.59,3.85,01-Sep-2025,31-Jul-2026,-,2.2182126936956097,-,27.00778056178294,5.643186048790038,-34.17386458623572,https://nsearchives.nseindia.com/today/GROWWDEFNCEQN.svg,https://nsearchives.nseindia.com/30d/GROWWDEFNC-EQ.svg,https://nsearchives.nseindia.com/365d/GROWWDEFNC-EQ.svg,EQ
AONELIQUID,Nifty 1D Rate Index,1075.17,1075.18,1075.16,1075.18,0.15,0.01,24958,26833843.28,1075.0396,1094.59,997.56,-,-,5.047287791152111,0.39591387005808065,1075.03,0,5.03,0.4,01-Sep-2025,31-Jul-2026,-,0.39591387005808065,-,5.047287791152111,1.7732667026009608,-7.78098560487591,https://nsearchives.nseindia.com/today/AONELIQUIDEQN.svg,https://nsearchives.nseindia.com/30d/AONELIQUID-EQ.svg,https://nsearchives.nseindia.com/365d/AONELIQUID-EQ.svg,EQ
SETFNN50,Nifty Next 50,779.22,781.94,772,777.5,-6.56,-0.84,34177,26529896.25,781.9934,840,636.01,02-NOV-17, DIVIDEND - RS 7/- PER UNIT,9.625932349167405,-2.2381491261159256,784.06,0,10.55,-0.66,01-Sep-2025,31-Jul-2026, DIVIDEND - RS 7/- PER UNIT,-2.2381491261159256,02-NOV-17,9.625932349167405,7.440476190476191,-22.24650555808871,https://nsearchives.nseindia.com/today/SETFNN50EQN.svg,https://nsearchives.nseindia.com/30d/SETFNN50-EQ.svg,https://nsearchives.nseindia.com/365d/SETFNN50-EQ.svg,EQ
SENSEXIETF,SENSEX,884.01,886.99,876.11,884.22,-1.69,-0.19,28372,24985801.8,885.5379,999.84,731,-,-,-3.5999302254589836,-1.6177845030931466,885.91,0,-3.42,-1.18,01-Sep-2025,31-Jul-2026,-,-1.6177845030931466,-,-3.5999302254589836,11.563850216034565,-20.960328317373467,https://nsearchives.nseindia.com/today/SENSEXIETFEQN.svg,https://nsearchives.nseindia.com/30d/SENSEXIETF-EQ.svg,https://nsearchives.nseindia.com/365d/SENSEXIETF-EQ.svg,EQ
ENERGY,Nifty Energy,37.95,38.27,37.74,38.2,0.26,0.69,651538,24862690.08,38.033,42.82,29,-,-,Infinity,-2.0261605539881997,37.94,0,0,-2.34,,31-Jul-2026,-,-2.0261605539881997,-,Infinity,10.789350770667907,-31.72413793103449,https://nsearchives.nseindia.com/today/ENERGYEQN.svg,https://nsearchives.nseindia.com/30d/ENERGY-EQ.svg,,EQ
BANKETF,Mirae Asset Nifty Bank ETF,581.16,584.03,580.54,584.02,-0.24,-0.04,41320,24095758,585.7988,628.27,507.01,-,-,6.342067408365033,-0.9766353555563076,584.26,0,6.39,0.22,01-Sep-2025,31-Jul-2026,-,-0.9766353555563076,-,6.342067408365033,7.04315023795502,-15.18904952565038,https://nsearchives.nseindia.com/today/BANKETFEQN.svg,https://nsearchives.nseindia.com/30d/BANKETF-EQ.svg,https://nsearchives.nseindia.com/365d/BANKETF-EQ.svg,EQ
CONSUMBEES,Nifty India Consumption TRI,131.45,132.85,129.41,130.95,-0.5,-0.38,179006,23279730.3,131.4475,144.38,114,-,-,-3.5998233215547812,-3.1434911242603554,131.45,0,-3.23,-2.29,01-Sep-2025,31-Jul-2026,-,-3.1434911242603554,-,-3.5998233215547812,9.301842360437739,-14.868421052631568,https://nsearchives.nseindia.com/today/CONSUMBEESEQN.svg,https://nsearchives.nseindia.com/30d/CONSUMBEES-EQ.svg,https://nsearchives.nseindia.com/365d/CONSUMBEES-EQ.svg,EQ
MOMMIDCAP,BSE Midcap 150 Momentum 30 TRI,13.28,13.28,12.88,13,-0.02,-0.15,1774384,22996016.64,13.0395,14.99,12.21,-,-,Infinity,2.201257861635215,13.02,0,0,2.92,,31-Jul-2026,-,2.201257861635215,-,Infinity,13.275517011340895,-6.470106470106463,https://nsearchives.nseindia.com/today/MOMMIDCAPEQN.svg,https://nsearchives.nseindia.com/30d/MOMMIDCAP-EQ.svg,,EQ
MIDSMALL,Mirae Asset Nifty MidSmallcap400 Momentum Quality 100 ETF,52.01,52.23,51.41,51.78,-0.38,-0.73,437066,22552605.6,52.2429,52.86,42.41,-,-,8.281053952321207,0.7001166861143513,52.16,0,9.08,1.93,01-Sep-2025,31-Jul-2026,-,0.7001166861143513,-,8.281053952321207,2.0431328036322327,-22.09384579108702,https://nsearchives.nseindia.com/today/MIDSMALLEQN.svg,https://nsearchives.nseindia.com/30d/MIDSMALL-EQ.svg,https://nsearchives.nseindia.com/365d/MIDSMALL-EQ.svg,EQ
ALPHAETF,Mirae Asset Nifty 200 Alpha 30 ETF,25.86,27.19,25.86,26.56,0.03,0.11,794013,20906362.29,26.5972,27.61,21.8,-,-,6.666666666666667,1.180952380952376,26.53,0,6.55,1.34,01-Sep-2025,31-Jul-2026,-,1.180952380952376,-,6.666666666666667,3.8029699384281086,-21.834862385321088,https://nsearchives.nseindia.com/today/ALPHAETFEQN.svg,https://nsearchives.nseindia.com/30d/ALPHAETF-EQ.svg,https://nsearchives.nseindia.com/365d/ALPHAETF-EQ.svg,EQ
DEFENCE,BSE India Defence,82.78,82.78,79.63,80.66,-0.11,-0.14,246280,19751656,80.743,85.6,58.91,-,-,Infinity,1.946410515672386,80.77,0,0,3.09,,31-Jul-2026,-,1.946410515672386,-,Infinity,5.771028037383175,-36.920726531997964,https://nsearchives.nseindia.com/today/DEFENCEEQN.svg,https://nsearchives.nseindia.com/30d/DEFENCE-EQ.svg,,EQ
MID150CASE,Zerodha Nifty Midcap 150 ETF,11.76,11.76,11.5,11.68,-0.02,-0.17,1687555,19575638,11.712,13,9.63,-,-,10.921177587844259,-0.4262574595055474,11.7,0,11.11,0.69,01-Sep-2025,31-Jul-2026,-,-0.4262574595055474,-,10.921177587844259,10.153846153846157,-21.287642782969872,https://nsearchives.nseindia.com/today/MID150CASEEQN.svg,https://nsearchives.nseindia.com/30d/MID150CASE-EQ.svg,https://nsearchives.nseindia.com/365d/MID150CASE-EQ.svg,EQ
HDFCLIQUID,HDFC Nifty 1D Rate Liquid ETF,1075.06,1078.79,1075.06,1076.26,0.13,0.01,18114,19497185.04,,1079.4,1009.91,28-FEB-25,CHANGE IN FUNDAMENTAL ATTRIBUTE OF HDFC NIFTY 1D RATE LIQUID ETF,4.923178911246295,0.3917691174001498,1076.13,0,4.91,0.39,01-Sep-2025,31-Jul-2026,CHANGE IN FUNDAMENTAL ATTRIBUTE OF HDFC NIFTY 1D RATE LIQUID ETF,0.3917691174001498,28-FEB-25,4.923178911246295,0.29090235315917173,-6.569892366646535,https://nsearchives.nseindia.com/today/HDFCLIQUIDEQN.svg,https://nsearchives.nseindia.com/30d/HDFCLIQUID-EQ.svg,https://nsearchives.nseindia.com/365d/HDFCLIQUID-EQ.svg,EQ
ICICIB22,S&P BSE BHARAT 22 index,112.8,114.06,112.64,113.84,0.2,0.18,166033,18877952.1,113.8636,131,104.2,-,-,7.04278326281148,-2.3670668953687746,113.64,0,6.85,-1.86,01-Sep-2025,31-Jul-2026,-,-2.3670668953687746,-,7.04278326281148,13.09923664122137,-9.251439539347409,https://nsearchives.nseindia.com/today/ICICIB22EQN.svg,https://nsearchives.nseindia.com/30d/ICICIB22-EQ.svg,https://nsearchives.nseindia.com/365d/ICICIB22-EQ.svg,EQ
GROWWEV,Nifty EV and New Age Automotive Index,33.18,33.18,32.22,32.55,-0.62,-1.87,574173,18654880.77,33.1131,34.64,26.2,-,-,6.511780104712036,-1.8099547511312262,33.17,0,8.54,1.56,01-Sep-2025,31-Jul-2026,-,-1.8099547511312262,-,6.511780104712036,6.0334872979214875,-24.236641221374036,https://nsearchives.nseindia.com/today/GROWWEVEQN.svg,https://nsearchives.nseindia.com/30d/GROWWEV-EQ.svg,https://nsearchives.nseindia.com/365d/GROWWEV-EQ.svg,EQ
MOMENTUM50,Nifty 500 Momentum 50 Total Return Index,54.3,54.72,53.69,54.28,-0.01,-0.02,339246,18305714.16,54.44,55.97,44.96,-,-,7.251531317921363,2.3957743821920454,54.29,0,7.27,3.15,01-Sep-2025,31-Jul-2026,-,2.3957743821920454,-,7.251531317921363,3.0194747185992457,-20.729537366548044,https://nsearchives.nseindia.com/today/MOMENTUM50EQN.svg,https://nsearchives.nseindia.com/30d/MOMENTUM50-EQ.svg,https://nsearchives.nseindia.com/365d/MOMENTUM50-EQ.svg,EQ
EQUAL50ADD,NIFTY 50 Equal Weight Index,346.14,346.14,339.28,342.2,-0.51,-0.15,51998,17689199.62,342.822,361,304.78,-,-,5.172572763315605,-2.7675171904301896,342.71,0,5.33,-1.66,01-Sep-2025,31-Jul-2026,-,-2.7675171904301896,-,5.172572763315605,5.207756232686984,-12.277708511057163,https://nsearchives.nseindia.com/today/EQUAL50ADDEQN.svg,https://nsearchives.nseindia.com/30d/EQUAL50ADD-EQ.svg,https://nsearchives.nseindia.com/365d/EQUAL50ADD-EQ.svg,EQ
ELIQUID,Nifty 1D Rate Index (Debt Index),1051.22,1051.22,1046.12,1046.12,0.13,0.01,16863,17640721.56,1045.9986,1051.22,996,-,-,Infinity,0.3905762679333944,1045.99,0,0,0.39,,31-Jul-2026,-,0.3905762679333944,-,Infinity,0.4851505869370956,-5.032128514056214,https://nsearchives.nseindia.com/today/ELIQUIDEQN.svg,https://nsearchives.nseindia.com/30d/ELIQUID-EQ.svg,,EQ
GROWWPOWER,BSE Power Index - TRI,11.19,11.27,11.03,11.21,0.05,0.45,1494406,16677570.96,11.1588,13.2,7.75,-,-,15.092402464065714,-3.5283993115318277,11.16,0,14.58,-3.46,01-Sep-2025,31-Jul-2026,-,-3.5283993115318277,-,15.092402464065714,15.075757575757564,-44.6451612903226,https://nsearchives.nseindia.com/today/GROWWPOWEREQN.svg,https://nsearchives.nseindia.com/30d/GROWWPOWER-EQ.svg,https://nsearchives.nseindia.com/365d/GROWWPOWER-EQ.svg,EQ
LOWVOLIETF,Nifty 100 Low Volatility 30 Index,22.38,22.38,21.98,21.98,-0.15,-0.68,751477,16577582.62,22.2608,26.81,19.84,01-MAR-24,FACE VALUE SPLIT (SUB-DIVISION) - FROM RS 10/- PER SHARE TO RE 1/- PER SHARE,-2.049910873440289,-3.6387549320473402,22.13,0,-1.38,-2.6,01-Sep-2025,31-Jul-2026,FACE VALUE SPLIT (SUB-DIVISION) - FROM RS 10/- PER SHARE TO RE 1/- PER SHARE,-3.6387549320473402,01-MAR-24,-2.049910873440289,18.015665796344642,-10.786290322580648,https://nsearchives.nseindia.com/today/LOWVOLIETFEQN.svg,https://nsearchives.nseindia.com/30d/LOWVOLIETF-EQ.svg,https://nsearchives.nseindia.com/365d/LOWVOLIETF-EQ.svg,EQ
MIDCAP,Nifty Midcap 50 Index,18.66,18.83,18.37,18.5,-0.16,-0.86,891364,16445665.8,18.6517,19.27,15.01,27-FEB-26,FACE VALUE SPLIT (SUB-DIVISION) - FROM RS 10/- PER SHARE TO RE 1/- PER SHARE,-88.6642156862745,-0.5910800644814586,18.66,0,-88.57,0.97,01-Sep-2025,31-Jul-2026,FACE VALUE SPLIT (SUB-DIVISION) - FROM RS 10/- PER SHARE TO RE 1/- PER SHARE,-0.5910800644814586,27-FEB-26,-88.6642156862745,3.995848469122987,-23.251165889407062,https://nsearchives.nseindia.com/today/MIDCAPEQN.svg,https://nsearchives.nseindia.com/30d/MIDCAP-EQ.svg,https://nsearchives.nseindia.com/365d/MIDCAP-EQ.svg,EQ
MOSMALL250,Motilal Oswal Nifty Smallcap 250 ETF,18.8,18.8,18.23,18.4,-0.07,-0.38,879562,16087188.98,18.462,19.38,14.22,-,-,9.393579072532688,2.8507546115148017,18.47,0,9.81,2.33,01-Sep-2025,31-Jul-2026,-,2.8507546115148017,-,9.393579072532688,5.056759545923635,-29.39521800281292,https://nsearchives.nseindia.com/today/MOSMALL250EQN.svg,https://nsearchives.nseindia.com/30d/MOSMALL250-EQ.svg,https://nsearchives.nseindia.com/365d/MOSMALL250-EQ.svg,EQ
EVIETF,Nifty EV & New Age Automotive ETF,33.92,33.92,32.36,32.6,-0.5,-1.51,492139,15984674.72,33.1946,36,26.28,-,-,6.710310965630116,-1.7184202592704259,33.1,0,8.35,0.95,01-Sep-2025,31-Jul-2026,-,-1.7184202592704259,-,6.710310965630116,9.444444444444441,-24.04870624048706,https://nsearchives.nseindia.com/today/EVIETFEQN.svg,https://nsearchives.nseindia.com/30d/EVIETF-EQ.svg,https://nsearchives.nseindia.com/365d/EVIETF-EQ.svg,EQ
EBBETF0430,Nifty BHARAT Bond,1609,1609,1603.31,1605.51,-1.16,-0.07,9788,15715123.4,1608.0672,1646.18,1501.89,-,-,5.038272816486751,-0.30055577979941744,1606.67,0,5.11,-0.12,01-Sep-2025,31-Jul-2026,-,-0.30055577979941744,-,5.038272816486751,2.470568224616996,-6.899306873339585,https://nsearchives.nseindia.com/today/EBBETF0430EQN.svg,https://nsearchives.nseindia.com/30d/EBBETF0430-EQ.svg,https://nsearchives.nseindia.com/365d/EBBETF0430-EQ.svg,EQ
METAL,Nifty Metal Total Return Index,13.62,13.62,13.16,13.28,-0.01,-0.08,1184375,15669281.25,13.3212,13.97,8.7,-,-,42.18415417558886,2.153846153846149,13.29,0,42.29,3.5,01-Sep-2025,31-Jul-2026,-,2.153846153846149,-,42.18415417558886,4.939155332856129,-52.64367816091954,https://nsearchives.nseindia.com/today/METALEQN.svg,https://nsearchives.nseindia.com/30d/METAL-EQ.svg,https://nsearchives.nseindia.com/365d/METAL-EQ.svg,EQ
NEXT50BETA,Nifty Next 50,78.49,79.75,77.7,79.75,1.06,1.35,200059,15640612.62,78.7813,82.51,64.34,25-MAR-21, FACE VALUE SPLIT (SUB-DIVISION) - FROM RS 10/- PER UNIT TO Re 1/- PER UNIT,Infinity,0.4534576143091062,78.69,0,0,-0.79,,31-Jul-2026, FACE VALUE SPLIT (SUB-DIVISION) - FROM RS 10/- PER UNIT TO Re 1/- PER UNIT,0.4534576143091062,25-MAR-21,Infinity,3.345049084959405,-23.950885918557653,https://nsearchives.nseindia.com/today/NEXT50BETAEQN.svg,https://nsearchives.nseindia.com/30d/NEXT50BETA-EQ.svg,,EQ
TOP10ADD,Nifty Top 10 Equal Weight Index,90.26,90.26,87.5,87.98,-0.08,-0.09,176091,15467833.44,88.4853,103.04,83.05,-,-,-6.682223165040303,-1.7641804376953978,88.06,0,-6.6,-0.29,01-Sep-2025,31-Jul-2026,-,-1.7641804376953978,-,-6.682223165040303,14.615683229813666,-5.936183022275746,https://nsearchives.nseindia.com/today/TOP10ADDEQN.svg,https://nsearchives.nseindia.com/30d/TOP10ADD-EQ.svg,https://nsearchives.nseindia.com/365d/TOP10ADD-EQ.svg,EQ
MAKEINDIA,Nifty India Manufacturing Total Return Index,166.46,166.46,164,165.76,-0.7,-0.42,89176,14708689.44,166.9924,173.11,140.12,-,-,12.738896823777454,-0.914579472771834,166.46,0,13.21,0.12,01-Sep-2025,31-Jul-2026,-,-0.914579472771834,-,12.738896823777454,4.245855236554805,-18.2986011989723,https://nsearchives.nseindia.com/today/MAKEINDIAEQN.svg,https://nsearchives.nseindia.com/30d/MAKEINDIA-EQ.svg,https://nsearchives.nseindia.com/365d/MAKEINDIA-EQ.svg,EQ
FINIETF,ICICI Prudential Nifty Financial Services Ex-Bank ETF,32.66,32.68,32.14,32.58,-0.07,-0.21,455095,14690466.6,32.6778,34.56,27.4,-,-,11.30850700375811,-3.609467455621299,32.65,0,11.55,-2.65,01-Sep-2025,31-Jul-2026,-,-3.609467455621299,-,11.30850700375811,5.729166666666678,-18.905109489051096,https://nsearchives.nseindia.com/today/FINIETFEQN.svg,https://nsearchives.nseindia.com/30d/FINIETF-EQ.svg,https://nsearchives.nseindia.com/365d/FINIETF-EQ.svg,EQ
HDFCMID150,HDFC NIFTY Midcap 150 ETF,23.56,23.72,23.21,23.51,-0.05,-0.21,629418,14671733.58,23.5588,25.2,19.42,20-OCT-23,FACE VALUE SPLIT (SUB-DIVISION) - FROM RS 115.95/- PER SHARE TO RS 11.59/- PER SHARE,10.06554307116106,-0.6759611322348971,23.56,0,10.3,0.77,01-Sep-2025,31-Jul-2026,FACE VALUE SPLIT (SUB-DIVISION) - FROM RS 115.95/- PER SHARE TO RS 11.59/- PER SHARE,-0.6759611322348971,20-OCT-23,10.06554307116106,6.706349206349198,-21.060762100926876,https://nsearchives.nseindia.com/today/HDFCMID150EQN.svg,https://nsearchives.nseindia.com/30d/HDFCMID150-EQ.svg,https://nsearchives.nseindia.com/365d/HDFCMID150-EQ.svg,EQ
SBIETFCON,Nifty India Consumption Index,122.57,122.57,119.62,121.36,-0.14,-0.12,111337,13387160.88,121.8165,133.97,100,-,-,-3.5064005724735603,-2.4437299035369824,121.5,0,-3.4,-2.7,01-Sep-2025,31-Jul-2026,-,-2.4437299035369824,-,-3.5064005724735603,9.412555049637978,-21.36,https://nsearchives.nseindia.com/today/SBIETFCONEQN.svg,https://nsearchives.nseindia.com/30d/SBIETFCON-EQ.svg,https://nsearchives.nseindia.com/365d/SBIETFCON-EQ.svg,EQ
SML100CASE,Nifty Smallcap 100 Index,11.53,11.53,11.16,11.28,-0.02,-0.18,1173683,13168723.26,11.3087,11.74,8.5,-,-,Infinity,1.1659192825112017,11.3,0,0,2.73,,31-Jul-2026,-,1.1659192825112017,-,Infinity,3.918228279386719,-32.70588235294117,https://nsearchives.nseindia.com/today/SML100CASEEQN.svg,https://nsearchives.nseindia.com/30d/SML100CASE-EQ.svg,,EQ
GILT5YBEES,Nifty 5 yr Benchmark G-Sec Index,66.1,66.1,65.78,66.04,0,0.00,198008,13074468.24,66.0811,67.84,61.45,-,-,5.901218729955111,-0.21154427319431937,66.04,0,5.9,-0.2,01-Sep-2025,31-Jul-2026,-,-0.21154427319431937,-,5.901218729955111,2.6533018867924487,-7.469487388120428,https://nsearchives.nseindia.com/today/GILT5YBEESEQN.svg,https://nsearchives.nseindia.com/30d/GILT5YBEES-EQ.svg,https://nsearchives.nseindia.com/365d/GILT5YBEES-EQ.svg,EQ
EGOLD,Edelweiss Gold ETF,151.65,151.65,148.4,149.65,-2,-1.32,82638,12347769.96,151.869,184.95,102,-,-,42.93218720152817,5.610444601270302,151.65,0,44.84,7.06,01-Sep-2025,31-Jul-2026,-,5.610444601270302,-,42.93218720152817,19.08623952419572,-46.715686274509814,https://nsearchives.nseindia.com/today/EGOLDEQN.svg,https://nsearchives.nseindia.com/30d/EGOLD-EQ.svg,https://nsearchives.nseindia.com/365d/EGOLD-EQ.svg,EQ
HEALTHIETF,Nifty Healthcare Index,171.01,171.4,169.97,171.3,0.14,0.08,70188,11960035.2,171.1523,174.82,138.65,-,-,16.649642492339133,0.09349070936077189,171.16,0,16.55,-0.42,01-Sep-2025,31-Jul-2026,-,0.09349070936077189,-,16.649642492339133,2.0134995995881373,-23.548503425892537,https://nsearchives.nseindia.com/today/HEALTHIETFEQN.svg,https://nsearchives.nseindia.com/30d/HEALTHIETF-EQ.svg,https://nsearchives.nseindia.com/365d/HEALTHIETF-EQ.svg,EQ
INFRABEES,Nifty Infra,950.4,954.99,943.03,952.95,2.55,0.27,12570,11943511.2,952.7491,1018.3,871.35,-,-,2.893699724666638,-1.9669365374921564,950.4,0,2.62,-2.22,01-Sep-2025,31-Jul-2026,-,-1.9669365374921564,-,2.893699724666638,6.417558676225072,-9.364778791530386,https://nsearchives.nseindia.com/today/INFRABEESEQN.svg,https://nsearchives.nseindia.com/30d/INFRABEES-EQ.svg,https://nsearchives.nseindia.com/365d/INFRABEES-EQ.svg,EQ
GROWWHOSPI,BSE Hospitals Index,52.38,52.38,51.54,52,-0.21,-0.40,223935,11599833,52.0006,62,43.35,-,-,Infinity,-3.846153846153843,52.21,0,0,-3.97,,31-Jul-2026,-,-3.846153846153843,-,Infinity,16.129032258064516,-19.953863898500572,https://nsearchives.nseindia.com/today/GROWWHOSPIEQN.svg,https://nsearchives.nseindia.com/30d/GROWWHOSPI-EQ.svg,,EQ
MASPTOP50,S&P 500 Top 50 Total Return Index,80.22,80.22,79.76,80.22,-0.26,-0.32,138346,11096732.66,66.0528,82.78,63.19,-,-,23.339483394833934,3.616636528028929,80.48,0,23.74,6.62,01-Sep-2025,31-Jul-2026,-,3.616636528028929,-,23.339483394833934,3.092534428605946,-26.950466846019943,https://nsearchives.nseindia.com/today/MASPTOP50EQN.svg,https://nsearchives.nseindia.com/30d/MASPTOP50-EQ.svg,https://nsearchives.nseindia.com/365d/MASPTOP50-EQ.svg,EQ
LICMFGOLD,Gold,136.4,136.4,133.1,135.35,-1.75,-1.28,80058,10828645.08,,162,93.18,06-MAR-26,FACE VALUE SPLIT (SUB-DIVISION) - FROM RS 100/- PER SHARE TO RE 1/- PER SHARE,-98.57249078473455,5.907668231611892,137.1,0,-98.55,7.61,01-Sep-2025,31-Jul-2026,FACE VALUE SPLIT (SUB-DIVISION) - FROM RS 100/- PER SHARE TO RE 1/- PER SHARE,5.907668231611892,06-MAR-26,-98.57249078473455,16.45061728395062,-45.256492809615786,https://nsearchives.nseindia.com/today/LICMFGOLDEQN.svg,https://nsearchives.nseindia.com/30d/LICMFGOLD-EQ.svg,https://nsearchives.nseindia.com/365d/LICMFGOLD-EQ.svg,EQ
TOP100CASE,Zerodha Nifty 100 ETF,10.5,10.55,10.46,10.54,-0.01,-0.09,1011728,10613026.72,10.5774,11.57,9.48,-,-,0.1901140684410606,-2.3169601482854496,10.55,0,0.29,-1.22,01-Sep-2025,31-Jul-2026,-,-2.3169601482854496,-,0.1901140684410606,8.902333621434755,-11.181434599156104,https://nsearchives.nseindia.com/today/TOP100CASEEQN.svg,https://nsearchives.nseindia.com/30d/TOP100CASE-EQ.svg,https://nsearchives.nseindia.com/365d/TOP100CASE-EQ.svg,EQ
MAHKTECH,Hang Seng TECH Total Return Index,22.06,22.65,22.06,22.5,-0.02,-0.09,443101,10005220.58,18.5488,35.59,21,-,-,-11.833855799373039,-4.661016949152548,22.52,0,-11.76,-4.94,01-Sep-2025,31-Jul-2026,-,-4.661016949152548,-,-11.833855799373039,36.77999438044395,-7.142857142857143,https://nsearchives.nseindia.com/today/MAHKTECHEQN.svg,https://nsearchives.nseindia.com/30d/MAHKTECH-EQ.svg,https://nsearchives.nseindia.com/365d/MAHKTECH-EQ.svg,EQ
BANKIETF,Nifty Bank,58.91,58.91,58.5,58.86,-0.04,-0.07,168198,9876586.56,59.038,63.9,51.17,-,-,6.303052194329063,-0.30487804878048735,58.9,0,6.38,0.2,01-Sep-2025,31-Jul-2026,-,-0.30487804878048735,-,6.303052194329063,7.88732394366197,-15.028336916161809,https://nsearchives.nseindia.com/today/BANKIETFEQN.svg,https://nsearchives.nseindia.com/30d/BANKIETF-EQ.svg,https://nsearchives.nseindia.com/365d/BANKIETF-EQ.svg,EQ
MONIFTY500,Motilal Oswal Nifty 500 ETF,23.81,23.81,23.55,23.7,-0.1,-0.42,412362,9781226.64,23.8898,28.28,20.75,-,-,-0.46199076018479396,-2.0256304257957916,23.8,0,-0.04,-1.12,01-Sep-2025,31-Jul-2026,-,-2.0256304257957916,-,-0.46199076018479396,16.1951909476662,-14.216867469879515,https://nsearchives.nseindia.com/today/MONIFTY500EQN.svg,https://nsearchives.nseindia.com/30d/MONIFTY500-EQ.svg,https://nsearchives.nseindia.com/365d/MONIFTY500-EQ.svg,EQ
HDFCNEXT50,HDFC NIFTY NEXT 50 ETF,74.06,74.85,73.63,74.78,0.64,0.86,131262,9722576.34,74.5674,78.07,59.99,20-OCT-23,FACE VALUE SPLIT (SUB-DIVISION) - FROM RS 418.18/- PER SHARE TO RS 41.81/- PER SHARE,10.11633043734355,-0.6905710491367809,74.14,0,9.17,-1.4,01-Sep-2025,31-Jul-2026,FACE VALUE SPLIT (SUB-DIVISION) - FROM RS 418.18/- PER SHARE TO RS 41.81/- PER SHARE,-0.6905710491367809,20-OCT-23,10.11633043734355,4.214166773408469,-24.654109018169695,https://nsearchives.nseindia.com/today/HDFCNEXT50EQN.svg,https://nsearchives.nseindia.com/30d/HDFCNEXT50-EQ.svg,https://nsearchives.nseindia.com/365d/HDFCNEXT50-EQ.svg,EQ
IT,NIFTY IT Index,35.58,35.58,34.1,34.29,-0.43,-1.24,274892,9472778.32,35.008,44.49,28.54,-,-,-11.964056482670097,-1.8884120171673924,34.72,0,-10.86,1.67,01-Sep-2025,31-Jul-2026,-,-1.8884120171673924,-,-11.964056482670097,22.926500337154422,-20.147161878065873,https://nsearchives.nseindia.com/today/ITEQN.svg,https://nsearchives.nseindia.com/30d/IT-EQ.svg,https://nsearchives.nseindia.com/365d/IT-EQ.svg,EQ
HSBCGOLD,Commodity,131.99,131.99,128,130.32,-1.72,-1.30,72337,9424064.36,132.2371,146.4,119.1,-,-,Infinity,5.607779578606149,132.04,0,0,7.26,,31-Jul-2026,-,5.607779578606149,-,Infinity,10.983606557377058,-9.420654911838792,https://nsearchives.nseindia.com/today/HSBCGOLDEQN.svg,https://nsearchives.nseindia.com/30d/HSBCGOLD-EQ.svg,,EQ
MID150,Nifty Midcap 150 Index,24.43,24.43,23.11,23.6,-0.35,-1.46,386920,9073274,,24.95,18.97,-,-,10.590440487347712,-0.46393926613243114,23.95,0,12.23,2.05,01-Sep-2025,31-Jul-2026,-,-0.46393926613243114,-,10.590440487347712,5.410821643286564,-24.406958355297853,https://nsearchives.nseindia.com/today/MID150EQN.svg,https://nsearchives.nseindia.com/30d/MID150-EQ.svg,https://nsearchives.nseindia.com/365d/MID150-EQ.svg,EQ
NIF100BEES,Nifty 100 TRI,273.42,273.42,264.4,264.8,-1.96,-0.73,34050,9025974,267.1092,290,240,-,-,-0.9204519943126467,-2.0347761746207915,266.76,0,-0.19,-1.22,01-Sep-2025,31-Jul-2026,-,-2.0347761746207915,-,-0.9204519943126467,8.68965517241379,-10.333333333333337,https://nsearchives.nseindia.com/today/NIF100BEESEQN.svg,https://nsearchives.nseindia.com/30d/NIF100BEES-EQ.svg,https://nsearchives.nseindia.com/365d/NIF100BEES-EQ.svg,EQ
HDFCNIFBAN,Nifty Bank,58.83,59.02,58.62,59.02,0.02,0.03,152224,8959904.64,59.1843,65.54,51.2,02-FEB-24,FACE VALUE SPLIT (SUB-DIVISION) - FROM RS 223.31/- PER SHARE TO RS 22.331/- PER SHARE,6.323185011709612,0.033898305084751064,59,0,6.29,0.15,01-Sep-2025,31-Jul-2026,FACE VALUE SPLIT (SUB-DIVISION) - FROM RS 223.31/- PER SHARE TO RS 22.331/- PER SHARE,0.033898305084751064,02-FEB-24,6.323185011709612,9.948123283491002,-15.2734375,https://nsearchives.nseindia.com/today/HDFCNIFBANEQN.svg,https://nsearchives.nseindia.com/30d/HDFCNIFBAN-EQ.svg,https://nsearchives.nseindia.com/365d/HDFCNIFBAN-EQ.svg,EQ
MOVALUE,Motilal Oswal S&P BSE Enhanced Value ETF,112.01,112.58,111.38,112.11,0.01,0.01,78617,8811393.36,112.3618,128.77,98.1,-,-,11.585547924753659,-2.716070808746959,112.1,0,11.58,-1.95,01-Sep-2025,31-Jul-2026,-,-2.716070808746959,-,11.585547924753659,12.937796070513325,-14.281345565749241,https://nsearchives.nseindia.com/today/MOVALUEEQN.svg,https://nsearchives.nseindia.com/30d/MOVALUE-EQ.svg,https://nsearchives.nseindia.com/365d/MOVALUE-EQ.svg,EQ
GROWWNET,Index,10.71,10.95,10.6,10.75,-0.02,-0.19,823244,8775781.04,10.7943,11.4,7.93,-,-,0.561272217025262,4.267701260911731,10.77,0,0.75,7.27,01-Sep-2025,31-Jul-2026,-,4.267701260911731,-,0.561272217025262,5.7017543859649145,-35.56116015132409,https://nsearchives.nseindia.com/today/GROWWNETEQN.svg,https://nsearchives.nseindia.com/30d/GROWWNET-EQ.svg,https://nsearchives.nseindia.com/365d/GROWWNET-EQ.svg,EQ
NIFTYCASE,Nifty Index 50 Index,9.89,9.89,9.57,9.6,-0.05,-0.52,905524,8683975.16,9.6646,11.61,8.84,-,-,Infinity,-2.5380710659898478,9.65,0,0,-1.33,,31-Jul-2026,-,-2.5380710659898478,-,Infinity,17.31266149870801,-8.5972850678733,https://nsearchives.nseindia.com/today/NIFTYCASEEQN.svg,https://nsearchives.nseindia.com/30d/NIFTYCASE-EQ.svg,,EQ
GROWWNIFTY,Nifty 50 Index - TRI,9.7,9.78,9.64,9.7,-0.02,-0.21,856030,8277810.1,9.7284,11.88,8.93,-,-,-1.722391084093211,-1.9211324570273132,9.72,0,-1.52,-1.32,01-Sep-2025,31-Jul-2026,-,-1.9211324570273132,-,-1.722391084093211,18.35016835016836,-8.622620380739077,https://nsearchives.nseindia.com/today/GROWWNIFTYEQN.svg,https://nsearchives.nseindia.com/30d/GROWWNIFTY-EQ.svg,https://nsearchives.nseindia.com/365d/GROWWNIFTY-EQ.svg,EQ
ITETF,Mirae Asset Nifty IT ETF,32.92,33.11,32.53,32.95,-0.26,-0.78,238991,7858024.08,33.4137,42.02,27.22,-,-,-11.257743064907082,-1.524208009563652,33.21,0,-10.56,1.96,01-Sep-2025,31-Jul-2026,-,-1.524208009563652,-,-11.257743064907082,21.584959543074724,-21.050698016164603,https://nsearchives.nseindia.com/today/ITETFEQN.svg,https://nsearchives.nseindia.com/30d/ITETF-EQ.svg,https://nsearchives.nseindia.com/365d/ITETF-EQ.svg,EQ
HDFCMOMENT,HDFC NIFTY200 Momentum 30 ETF,31.2,31.25,30.62,31.08,0.07,0.23,251617,7744771.26,31.0361,33.23,27.13,20-OCT-23,FACE VALUE SPLIT (SUB-DIVISION) - FROM RS 190.61/- PER SHARE TO RS 19.061/- PER SHARE,2.3041474654377856,0.7128969539857384,31.01,0,2.07,0.65,01-Sep-2025,31-Jul-2026,FACE VALUE SPLIT (SUB-DIVISION) - FROM RS 190.61/- PER SHARE TO RS 19.061/- PER SHARE,0.7128969539857384,20-OCT-23,2.3041474654377856,6.47005717724947,-14.559528197567268,https://nsearchives.nseindia.com/today/HDFCMOMENTEQN.svg,https://nsearchives.nseindia.com/30d/HDFCMOMENT-EQ.svg,https://nsearchives.nseindia.com/365d/HDFCMOMENT-EQ.svg,EQ
CHEMICAL,Nifty Chemicals Index (TRI),30.34,30.34,29.78,30,-0.04,-0.13,256088,7672396.48,30.18,31.8,24.5,-,-,Infinity,-2.248289345063543,30.04,0,0,-0.43,,31-Jul-2026,-,-2.248289345063543,-,Infinity,5.6603773584905674,-22.448979591836736,https://nsearchives.nseindia.com/today/CHEMICALEQN.svg,https://nsearchives.nseindia.com/30d/CHEMICAL-EQ.svg,,EQ
TNIDETF,Nifty India Digital Index,91.5,92.07,90,91.8,0.26,0.28,84293,7667291.28,92.5435,103.26,74.5,-,-,-1.6288041148735493,1.4028498840163437,91.54,0,-1.91,3.45,01-Sep-2025,31-Jul-2026,-,1.4028498840163437,-,-1.6288041148735493,11.098198721673453,-23.22147651006711,https://nsearchives.nseindia.com/today/TNIDETFEQN.svg,https://nsearchives.nseindia.com/30d/TNIDETF-EQ.svg,https://nsearchives.nseindia.com/365d/TNIDETF-EQ.svg,EQ
PSUBNKIETF,ICICI Prudential Nifty PSU Bank ETF,85.86,86.82,85.5,86,-0.24,-0.28,88783,7638889.32,86.3086,104,67.86,-,-,24.619620344877546,0.4672897196261749,86.24,0,24.97,1.73,01-Sep-2025,31-Jul-2026,-,0.4672897196261749,-,24.619620344877546,17.307692307692307,-26.73150604185087,https://nsearchives.nseindia.com/today/PSUBNKIETFEQN.svg,https://nsearchives.nseindia.com/30d/PSUBNKIETF-EQ.svg,https://nsearchives.nseindia.com/365d/PSUBNKIETF-EQ.svg,EQ
HDFCNIFIT,HDFC NIFTY IT ETF,33.11,33.39,32.85,33.27,-0.16,-0.48,225637,7486635.66,33.6773,42.3,27.32,02-FEB-24,FACE VALUE SPLIT (SUB-DIVISION) - FROM RS 299.92/- PER SHARE TO RS 29.992/- PER SHARE,-11.20896717373898,-0.923168552709932,33.43,0,-10.78,1.73,01-Sep-2025,31-Jul-2026,FACE VALUE SPLIT (SUB-DIVISION) - FROM RS 299.92/- PER SHARE TO RS 29.992/- PER SHARE,-0.923168552709932,02-FEB-24,-11.20896717373898,21.347517730496442,-21.77891654465594,https://nsearchives.nseindia.com/today/HDFCNIFITEQN.svg,https://nsearchives.nseindia.com/30d/HDFCNIFIT-EQ.svg,https://nsearchives.nseindia.com/365d/HDFCNIFIT-EQ.svg,EQ
MOENERGY,Nifty Energy Index,38.2,38.3,37.72,38.3,0.39,1.03,195264,7435653.12,37.958,43,33,-,-,Infinity,-1.744484350949204,37.91,0,0,-2.65,,31-Jul-2026,-,-1.744484350949204,-,Infinity,10.930232558139542,-16.060606060606055,https://nsearchives.nseindia.com/today/MOENERGYEQN.svg,https://nsearchives.nseindia.com/30d/MOENERGY-EQ.svg,,EQ
INTERNET,Equity Index,14.55,14.95,14.34,14.5,-0.05,-0.34,492182,7121873.54,14.5812,15.45,10.72,-,-,0.6245662734212343,4.166666666666667,14.55,0,0.97,7.14,01-Sep-2025,31-Jul-2026,-,4.166666666666667,-,0.6245662734212343,6.148867313915853,-35.26119402985074,https://nsearchives.nseindia.com/today/INTERNETEQN.svg,https://nsearchives.nseindia.com/30d/INTERNET-EQ.svg,https://nsearchives.nseindia.com/365d/INTERNET-EQ.svg,EQ
BFSI,Nifty Financial Services Index,26.91,26.91,26.72,26.88,-0.11,-0.41,265420,7121218.6,27.0643,29.94,24.03,-,-,0.9767092411720436,-3.655913978494622,26.99,0,1.39,-2.25,01-Sep-2025,31-Jul-2026,-,-3.655913978494622,-,0.9767092411720436,10.220440881763535,-11.860174781523087,https://nsearchives.nseindia.com/today/BFSIEQN.svg,https://nsearchives.nseindia.com/30d/BFSI-EQ.svg,https://nsearchives.nseindia.com/365d/BFSI-EQ.svg,EQ
SMALL250,Nifty Smallcap 250,18.81,18.81,18.2,18.36,-0.08,-0.43,385602,7060372.62,18.4261,19.95,14.16,-,-,Infinity,0.4376367614879556,18.44,0,0,2.62,,31-Jul-2026,-,0.4376367614879556,-,Infinity,7.969924812030076,-29.66101694915254,https://nsearchives.nseindia.com/today/SMALL250EQN.svg,https://nsearchives.nseindia.com/30d/SMALL250-EQ.svg,,EQ
MOGOLD,Domestic Price of Physical Gold,150.15,150.15,147.3,148.15,-1.95,-1.30,47239,6992789.17,150.3073,175,101.9,-,-,42.04218600191756,5.407328352899319,150.1,0,43.91,7.21,01-Sep-2025,31-Jul-2026,-,5.407328352899319,-,42.04218600191756,15.34285714285714,-45.38763493621197,https://nsearchives.nseindia.com/today/MOGOLDEQN.svg,https://nsearchives.nseindia.com/30d/MOGOLD-EQ.svg,https://nsearchives.nseindia.com/365d/MOGOLD-EQ.svg,EQ
MIDSELIETF,S&P BSE Midcap Select Index,19.97,19.97,19.72,19.86,-0.11,-0.55,352313,6986366.79,20.0018,20.39,14.55,10-MAY-24,FACE VALUE SPLIT (SUB-DIVISION) - FROM RS 10/- PER SHARE TO RE 1/- PER SHARE,14.335060449050076,0.7610350076103428,19.97,0,14.97,1.89,01-Sep-2025,31-Jul-2026,FACE VALUE SPLIT (SUB-DIVISION) - FROM RS 10/- PER SHARE TO RE 1/- PER SHARE,0.7610350076103428,10-MAY-24,14.335060449050076,2.599313388916141,-36.49484536082473,https://nsearchives.nseindia.com/today/MIDSELIETFEQN.svg,https://nsearchives.nseindia.com/30d/MIDSELIETF-EQ.svg,https://nsearchives.nseindia.com/365d/MIDSELIETF-EQ.svg,EQ
SILVER360,Commodity-Silver,222.55,224.43,221.54,222.18,-3.26,-1.45,30512,6789835.36,225.3395,358,120,-,-,81.25305922662751,4.6537918040508695,225.44,0,83.91,6.21,01-Sep-2025,31-Jul-2026,-,4.6537918040508695,-,81.25305922662751,37.93854748603352,-85.15,https://nsearchives.nseindia.com/today/SILVER360EQN.svg,https://nsearchives.nseindia.com/30d/SILVER360-EQ.svg,https://nsearchives.nseindia.com/365d/SILVER360-EQ.svg,EQ
GROWWCAPM,Nifty Capital Markets Index,11.4,11.4,11.19,11.26,-0.11,-0.97,559055,6283778.2,11.3748,12.66,8.02,-,-,Infinity,1.258992805755401,11.37,0,0,1.34,,31-Jul-2026,-,1.258992805755401,-,Infinity,11.058451816745658,-40.399002493765586,https://nsearchives.nseindia.com/today/GROWWCAPMEQN.svg,https://nsearchives.nseindia.com/30d/GROWWCAPM-EQ.svg,,EQ
VALUEAXIS,Nifty500 Value 50 TRI,32.78,32.78,32.27,32.53,-0.05,-0.15,193282,6272000.9,32.5759,39,26.76,-,-,Infinity,-1.9590114526823346,32.58,0,0,-1.45,,31-Jul-2026,-,-1.9590114526823346,-,Infinity,16.589743589743588,-21.562032884902838,https://nsearchives.nseindia.com/today/VALUEAXISEQN.svg,https://nsearchives.nseindia.com/30d/VALUEAXIS-EQ.svg,,EQ
MOSILVER,Domestic Price of Physical Silver,224,224.54,222.21,222.64,-3.1,-1.37,27875,6215010,226.4012,385,119.24,-,-,80.58236677751641,3.8142310920451266,225.74,0,83.1,5.64,01-Sep-2025,31-Jul-2026,-,3.8142310920451266,-,80.58236677751641,42.17142857142858,-86.71586715867159,https://nsearchives.nseindia.com/today/MOSILVEREQN.svg,https://nsearchives.nseindia.com/30d/MOSILVER-EQ.svg,https://nsearchives.nseindia.com/365d/MOSILVER-EQ.svg,EQ
AONEGOLD,Domestic price of Gold,14.16,14.16,13.9,13.99,-0.19,-1.34,420827,5883161.46,14.1977,17.73,10,-,-,Infinity,5.425772418990208,14.18,0,0,6.94,,31-Jul-2026,-,5.425772418990208,-,Infinity,21.094190637337846,-39.9,https://nsearchives.nseindia.com/today/AONEGOLDEQN.svg,https://nsearchives.nseindia.com/30d/AONEGOLD-EQ.svg,,EQ
SBIMIDMOM,Nifty Midcap 150 Momentum 50 Index,63.89,63.89,63.07,63.87,-0.02,-0.03,85571,5432902.79,63.9373,67.74,53.86,-,-,Infinity,0.9802371541501936,63.89,0,0,1.67,,31-Jul-2026,-,0.9802371541501936,-,Infinity,5.713020372010626,-18.585220943186034,https://nsearchives.nseindia.com/today/SBIMIDMOMEQN.svg,https://nsearchives.nseindia.com/30d/SBIMIDMOM-EQ.svg,,EQ
LIQUIDSBI,SBI NIFTY 1D Rate ETF,999.99,1000.01,999.99,1000.01,0.01,0.00,5380,5380000,1000,1010.02,970.23,-,-,0.0009999999999990906,0.0009999999999990906,1000,0,0,0,01-Sep-2025,31-Jul-2026,-,0.0009999999999990906,-,0.0009999999999990906,0.9910694837725976,-3.0693753027632593,https://nsearchives.nseindia.com/today/LIQUIDSBIEQN.svg,https://nsearchives.nseindia.com/30d/LIQUIDSBI-EQ.svg,https://nsearchives.nseindia.com/365d/LIQUIDSBI-EQ.svg,EQ
MOMIDMTM,Nifty Midcap 150 Momentum 50 Total Return Index,64.98,64.98,63.93,64.08,-0.58,-0.90,82218,5270173.8,64.7594,70,54.78,-,-,3.9247486214725944,0.43887147335423377,64.66,0,4.87,1.08,01-Sep-2025,31-Jul-2026,-,0.43887147335423377,-,3.9247486214725944,8.45714285714286,-16.976998904709742,https://nsearchives.nseindia.com/today/MOMIDMTMEQN.svg,https://nsearchives.nseindia.com/30d/MOMIDMTM-EQ.svg,https://nsearchives.nseindia.com/365d/MOMIDMTM-EQ.svg,EQ
GROWWMETAL,Nifty Metal Index,12.7,12.77,12.33,12.58,0.06,0.48,421344,5258373.12,12.5731,13.45,10.03,-,-,Infinity,2.7777777777777763,12.52,0,0,3.13,,31-Jul-2026,-,2.7777777777777763,-,Infinity,6.468401486988841,-25.42372881355933,https://nsearchives.nseindia.com/today/GROWWMETALEQN.svg,https://nsearchives.nseindia.com/30d/GROWWMETAL-EQ.svg,,EQ
SBIETFIT,Nifty IT Index,349.94,349.94,340.82,342.42,-4.85,-1.40,15075,5182031.25,349.4799,439.27,285,-,-,-11.929012345679013,-2.1293623345814128,347.27,0,-10.68,1.99,01-Sep-2025,31-Jul-2026,-,-2.1293623345814128,-,-11.929012345679013,22.047943178455156,-20.147368421052636,https://nsearchives.nseindia.com/today/SBIETFITEQN.svg,https://nsearchives.nseindia.com/30d/SBIETFIT-EQ.svg,https://nsearchives.nseindia.com/365d/SBIETFIT-EQ.svg,EQ
SILVERBND,Commodity - Silver,226.5,227.98,225.52,225.65,-2.85,-1.25,22114,5001081.1,229.6216,389,180,-,-,Infinity,4.038913735073088,228.5,0,0,5.4,,31-Jul-2026,-,4.038913735073088,-,Infinity,41.99228791773779,-25.361111111111118,https://nsearchives.nseindia.com/today/SILVERBNDEQN.svg,https://nsearchives.nseindia.com/30d/SILVERBND-EQ.svg,,EQ
ELM250,Nifty LargeMidcap 250 TRI,16.73,16.75,16.45,16.65,0,0.00,287747,4773722.73,16.6711,19.2,14.43,-,-,Infinity,-1.4792899408284026,16.65,0,0,-0.12,,31-Jul-2026,-,-1.4792899408284026,-,Infinity,13.281250000000004,-15.384615384615378,https://nsearchives.nseindia.com/today/ELM250EQN.svg,https://nsearchives.nseindia.com/30d/ELM250-EQ.svg,,EQ
DIVOPPBEES,Nifty Dividend Opportunities 50 TRI,76.54,77.99,76.1,76.88,-0.47,-0.61,58412,4481952.76,77.4511,87.09,72.13,-,-,0.23468057366361486,-3.063926364897247,77.35,0,0.85,-1.26,01-Sep-2025,31-Jul-2026,-,-3.063926364897247,-,0.23468057366361486,11.723504420714212,-6.585332039373354,https://nsearchives.nseindia.com/today/DIVOPPBEESEQN.svg,https://nsearchives.nseindia.com/30d/DIVOPPBEES-EQ.svg,https://nsearchives.nseindia.com/365d/DIVOPPBEES-EQ.svg,EQ
MONQ50,Nasdaq Q-50 Total Return Index,144.06,144.06,144.06,144.06,-1.06,-0.73,29997,4321367.82,118.1103,151.65,79.26,-,-,70.40454222853087,2.49003984063745,145.12,0,71.66,5.5,01-Sep-2025,31-Jul-2026,-,2.49003984063745,-,70.40454222853087,5.004945598417411,-81.7562452687358,https://nsearchives.nseindia.com/today/MONQ50EQN.svg,https://nsearchives.nseindia.com/30d/MONQ50-EQ.svg,https://nsearchives.nseindia.com/365d/MONQ50-EQ.svg,EQ
MOHEALTH,Motilal Oswal S&P BSE Healthcare ETF,52.28,52.28,50.7,52,0.19,0.37,83006,4282279.54,52.0643,53.76,40.79,-,-,17.19630380887988,0.9316770186335342,51.81,0,16.77,0.29,01-Sep-2025,31-Jul-2026,-,0.9316770186335342,-,17.19630380887988,3.27380952380952,-27.482226035793087,https://nsearchives.nseindia.com/today/MOHEALTHEQN.svg,https://nsearchives.nseindia.com/30d/MOHEALTH-EQ.svg,https://nsearchives.nseindia.com/365d/MOHEALTH-EQ.svg,EQ
HDFCSENSEX,SENSEX,87.67,87.67,86.53,86.96,-0.42,-0.48,48366,4195266.84,87.3665,98.48,80.9,02-FEB-24,FACE VALUE SPLIT (SUB-DIVISION) - FROM RS 250.361/- PER SHARE TO RS 25.0361/- PER SHARE,-3.8584853510226744,-2.3140867220849275,87.38,0,-3.39,-1.19,01-Sep-2025,31-Jul-2026,FACE VALUE SPLIT (SUB-DIVISION) - FROM RS 250.361/- PER SHARE TO RS 25.0361/- PER SHARE,-2.3140867220849275,02-FEB-24,-3.8584853510226744,11.697806661251024,-7.490729295426438,https://nsearchives.nseindia.com/today/HDFCSENSEXEQN.svg,https://nsearchives.nseindia.com/30d/HDFCSENSEX-EQ.svg,https://nsearchives.nseindia.com/365d/HDFCSENSEX-EQ.svg,EQ
BSE500IETF,S&P BSE 500 index,39.13,39.32,39.07,39.26,-0.25,-0.63,105175,4119704.75,39.4879,42.05,34.5,28-OCT-21, FACE VALUE SPLIT (SUB-DIVISION) - FROM RS 10/- PER SHARE TO RE 1/- PER SHARE,2.4797702949621394,-1.850000000000005,39.51,0,3.13,-0.18,01-Sep-2025,31-Jul-2026, FACE VALUE SPLIT (SUB-DIVISION) - FROM RS 10/- PER SHARE TO RE 1/- PER SHARE,-1.850000000000005,28-OCT-21,2.4797702949621394,6.6349583828775245,-13.797101449275356,https://nsearchives.nseindia.com/today/BSE500IETFEQN.svg,https://nsearchives.nseindia.com/30d/BSE500IETF-EQ.svg,https://nsearchives.nseindia.com/365d/BSE500IETF-EQ.svg,EQ
HEALTHY,Nifty Healthcare TRI,17.35,17.35,17,17.1,-0.03,-0.18,238422,4067479.32,17.1589,17.67,13.58,-,-,15.618661257606508,-0.11682242990653956,17.13,0,15.82,-0.41,01-Sep-2025,31-Jul-2026,-,-0.11682242990653956,-,15.618661257606508,3.2258064516129044,-25.92047128129603,https://nsearchives.nseindia.com/today/HEALTHYEQN.svg,https://nsearchives.nseindia.com/30d/HEALTHY-EQ.svg,https://nsearchives.nseindia.com/365d/HEALTHY-EQ.svg,EQ
HDFCGROWTH,HDFC NIFTY Growth Sectors 15 ETF,119.31,119.8,118.7,118.95,-1.29,-1.07,33131,3944576.86,120.9389,133.3,107.86,-,-,-2.595807402554865,-3.567085528982563,120.24,0,-1.54,-1.29,01-Sep-2025,31-Jul-2026,-,-3.567085528982563,-,-2.595807402554865,10.765191297824462,-10.28184683849435,https://nsearchives.nseindia.com/today/HDFCGROWTHEQN.svg,https://nsearchives.nseindia.com/30d/HDFCGROWTH-EQ.svg,https://nsearchives.nseindia.com/365d/HDFCGROWTH-EQ.svg,EQ
QUAL30IETF,ICICI Prudential Nifty 200 Quality 30 ETF,21.27,21.27,20.99,21.12,-0.37,-1.72,186417,3924077.85,21.3474,23,18,10-MAY-24,FACE VALUE SPLIT (SUB-DIVISION) - FROM RS 10/- PER SHARE TO RE 1/- PER SHARE,-0.518134715025904,-2.222222222222224,21.49,0,1.22,0.47,01-Sep-2025,31-Jul-2026,FACE VALUE SPLIT (SUB-DIVISION) - FROM RS 10/- PER SHARE TO RE 1/- PER SHARE,-2.222222222222224,10-MAY-24,-0.518134715025904,8.173913043478256,-17.33333333333334,https://nsearchives.nseindia.com/today/QUAL30IETFEQN.svg,https://nsearchives.nseindia.com/30d/QUAL30IETF-EQ.svg,https://nsearchives.nseindia.com/365d/QUAL30IETF-EQ.svg,EQ
SHARIABEES,Shariah,457.51,466.75,455.01,460.58,-1.55,-0.34,8412,3843611.04,460.9375,534.61,433.68,10-MAR-14,DIVIDEND-RS.2 PER UNIT,-8.336816128326078,-2.964289476456335,462.13,0,-8.03,-1.79,01-Sep-2025,31-Jul-2026,DIVIDEND-RS.2 PER UNIT,-2.964289476456335,10-MAR-14,-8.336816128326078,13.847477600493823,-6.202730123593428,https://nsearchives.nseindia.com/today/SHARIABEESEQN.svg,https://nsearchives.nseindia.com/30d/SHARIABEES-EQ.svg,https://nsearchives.nseindia.com/365d/SHARIABEES-EQ.svg,EQ
MOMOMENTUM,Nifty 200 Momentum 30 Total Return Index,62.66,62.66,61.4,61.9,-0.28,-0.45,61532,3795909.08,62.2453,66.28,54.32,11-AUG-22,FACE VALUE SPLIT (SUB-DIVISION) - FROM RS 10/- PER UNIT TO RS 2/- PER UNIT,1.5919908091252237,-0.3060074086004265,62.18,0,2.05,0.45,01-Sep-2025,31-Jul-2026,FACE VALUE SPLIT (SUB-DIVISION) - FROM RS 10/- PER UNIT TO RS 2/- PER UNIT,-0.3060074086004265,11-AUG-22,1.5919908091252237,6.608328304164155,-13.954344624447714,https://nsearchives.nseindia.com/today/MOMOMENTUMEQN.svg,https://nsearchives.nseindia.com/30d/MOMOMENTUM-EQ.svg,https://nsearchives.nseindia.com/365d/MOMOMENTUM-EQ.svg,EQ
NIFTY100EW,Nifty 100 Equal Weight Index,34.22,35.6,34.22,34.76,-0.34,-0.97,107246,3738595.56,35.1,41.41,29.84,-,-,6.332211685530745,-2.8778988544286146,35.1,0,7.37,-0.68,01-Sep-2025,31-Jul-2026,-,-2.8778988544286146,-,6.332211685530745,16.05892296546728,-16.487935656836456,https://nsearchives.nseindia.com/today/NIFTY100EWEQN.svg,https://nsearchives.nseindia.com/30d/NIFTY100EW-EQ.svg,https://nsearchives.nseindia.com/365d/NIFTY100EW-EQ.svg,EQ
PSUBANKADD,DSP Nifty PSU Bank ETF,85.38,86.44,85.13,85.96,0.24,0.28,42893,3680219.4,86.0387,99.88,68.09,-,-,25.069111014113183,0.6321704518847951,85.72,0,24.72,1.49,01-Sep-2025,31-Jul-2026,-,0.6321704518847951,-,25.069111014113183,13.936724068882661,-26.244676163900706,https://nsearchives.nseindia.com/today/PSUBANKADDEQN.svg,https://nsearchives.nseindia.com/30d/PSUBANKADD-EQ.svg,https://nsearchives.nseindia.com/365d/PSUBANKADD-EQ.svg,EQ
LIQUIDSHRI,SHRIRAM NIFTY 1D RATE LIQUID ETF,1119.85,1119.85,1119.83,1119.83,0.11,0.01,3282,3675282.06,1119.7031,1119.85,1068.52,-,-,4.800007486851214,0.3701711929730108,1119.72,0,4.79,0.37,01-Sep-2025,31-Jul-2026,-,0.3701711929730108,-,4.800007486851214,0.0017859534759103284,-4.801969078725709,https://nsearchives.nseindia.com/today/LIQUIDSHRIEQN.svg,https://nsearchives.nseindia.com/30d/LIQUIDSHRI-EQ.svg,https://nsearchives.nseindia.com/365d/LIQUIDSHRI-EQ.svg,EQ
TECH,Nifty IT TRI Index,34.49,34.66,33.56,33.9,-0.34,-0.99,107714,3655813.16,34.5077,49.41,28,-,-,-10.859847488824618,-1.6821345707656565,34.24,0,-9.97,1.75,01-Sep-2025,31-Jul-2026,-,-1.6821345707656565,-,-10.859847488824618,31.390406800242864,-21.071428571428566,https://nsearchives.nseindia.com/today/TECHEQN.svg,https://nsearchives.nseindia.com/30d/TECH-EQ.svg,https://nsearchives.nseindia.com/365d/TECH-EQ.svg,EQ
CONSUMER,Nifty India New AgeConsumption,12.45,12.45,11.9,12.01,-0.07,-0.58,300957,3596436.15,12.1257,12.87,9.69,-,-,-0.6617038875103397,-1.395730706075533,12.08,0,-0.08,0,01-Sep-2025,31-Jul-2026,-,-1.395730706075533,-,-0.6617038875103397,6.682206682206679,-23.942208462332307,https://nsearchives.nseindia.com/today/CONSUMEREQN.svg,https://nsearchives.nseindia.com/30d/CONSUMER-EQ.svg,https://nsearchives.nseindia.com/365d/CONSUMER-EQ.svg,EQ
AONETOTAL,Nifty Total Market Index,12.1,12.35,11.8,11.8,-0.1,-0.84,299224,3536827.68,11.9403,12.51,9.6,-,-,2.51954821894006,-1.8302828618968292,11.9,0,3.39,-0.34,01-Sep-2025,31-Jul-2026,-,-1.8302828618968292,-,2.51954821894006,5.6754596322941575,-22.91666666666668,https://nsearchives.nseindia.com/today/AONETOTALEQN.svg,https://nsearchives.nseindia.com/30d/AONETOTAL-EQ.svg,https://nsearchives.nseindia.com/365d/AONETOTAL-EQ.svg,EQ
LTGILTCASE,Nifty 8-13 Yr G-Sec Index,31.02,31.02,29.8,30.36,-0.05,-0.16,113673,3451112.28,30.389,31.31,28.71,-,-,4.115226337448557,-0.26281208935611644,30.41,0,4.29,-0.3,01-Sep-2025,31-Jul-2026,-,-0.26281208935611644,-,4.115226337448557,3.0341743851804512,-5.747126436781604,https://nsearchives.nseindia.com/today/LTGILTCASEEQN.svg,https://nsearchives.nseindia.com/30d/LTGILTCASE-EQ.svg,https://nsearchives.nseindia.com/365d/LTGILTCASE-EQ.svg,EQ
MOGSEC,Nifty 5 yr Benchmark G-Sec Index,65.4,65.4,65,65.4,0.06,0.09,52315,3405706.5,65.2246,67.33,60.18,-,-,5.945245423619001,-0.939109360799743,65.34,0,5.85,-0.34,01-Sep-2025,31-Jul-2026,-,-0.939109360799743,-,5.945245423619001,2.866478538541501,-8.673978065802602,https://nsearchives.nseindia.com/today/MOGSECEQN.svg,https://nsearchives.nseindia.com/30d/MOGSEC-EQ.svg,https://nsearchives.nseindia.com/365d/MOGSEC-EQ.svg,EQ
GOLD360,Commodity-Gold,147.6,147.6,145.05,146.15,-1.75,-1.18,23092,3377897.76,148.3768,178,87.85,-,-,42.10014584346136,5.523465703971123,147.9,0,43.8,6.59,01-Sep-2025,31-Jul-2026,-,5.523465703971123,-,42.10014584346136,17.89325842696629,-66.3631189527604,https://nsearchives.nseindia.com/today/GOLD360EQN.svg,https://nsearchives.nseindia.com/30d/GOLD360-EQ.svg,https://nsearchives.nseindia.com/365d/GOLD360-EQ.svg,EQ
MIDQ50ADD,Nifty Midcap 150 Quality 50 Index,25.21,26,24.91,25.12,-0.32,-1.26,134661,3366525,25.309,26,21,03-JUL-26,FACE VALUE SPLIT (SUB-DIVISION) - FROM RS 10/- PER UNIT TO RE 1/- PER UNIT,-89.86769925782511,-1.3354281225451683,25.44,0,-89.74,1.03,01-Sep-2025,31-Jul-2026,FACE VALUE SPLIT (SUB-DIVISION) - FROM RS 10/- PER UNIT TO RE 1/- PER UNIT,-1.3354281225451683,03-JUL-26,-89.86769925782511,3.3846153846153806,-19.619047619047624,https://nsearchives.nseindia.com/today/MIDQ50ADDEQN.svg,https://nsearchives.nseindia.com/30d/MIDQ50ADD-EQ.svg,https://nsearchives.nseindia.com/365d/MIDQ50ADD-EQ.svg,EQ
SELECTIPO,BSE Select IPO Index,48.48,48.48,47.97,48.44,-0.2,-0.41,68948,3324672.56,48.6603,52.07,37.8,-,-,-1.0620915032679803,1.8288837502627653,48.64,0,-0.65,3.69,01-Sep-2025,31-Jul-2026,-,1.8288837502627653,-,-1.0620915032679803,6.9713846744766705,-28.14814814814815,https://nsearchives.nseindia.com/today/SELECTIPOEQN.svg,https://nsearchives.nseindia.com/30d/SELECTIPO-EQ.svg,https://nsearchives.nseindia.com/365d/SELECTIPO-EQ.svg,EQ
NV20IETF,Nifty50 Value 20,13.88,13.88,13.48,13.56,0.01,0.07,245360,3322174.4,13.6245,16,12.5,01-MAR-24,FACE VALUE SPLIT (SUB-DIVISION) - FROM RS 10/- PER SHARE TO RE 1/- PER SHARE,-5.767894371091035,-2.375809935205184,13.55,0,-5.84,-1.67,01-Sep-2025,31-Jul-2026,FACE VALUE SPLIT (SUB-DIVISION) - FROM RS 10/- PER SHARE TO RE 1/- PER SHARE,-2.375809935205184,01-MAR-24,-5.767894371091035,15.249999999999996,-8.480000000000004,https://nsearchives.nseindia.com/today/NV20IETFEQN.svg,https://nsearchives.nseindia.com/30d/NV20IETF-EQ.svg,https://nsearchives.nseindia.com/365d/NV20IETF-EQ.svg,EQ
AONESILVER,Domestic price of Silver,8.71,8.76,8.54,8.66,-0.05,-0.57,380983,3291693.12,8.7531,12,7.43,-,-,Infinity,4.589371980676338,8.71,0,0,5.19,,31-Jul-2026,-,4.589371980676338,-,Infinity,27.833333333333332,-16.554508748317637,https://nsearchives.nseindia.com/today/AONESILVEREQN.svg,https://nsearchives.nseindia.com/30d/AONESILVER-EQ.svg,,EQ
MOMENTUM,Aditya Birla Sun Life Nifty 200 Momentum 30 ETF,31.07,31.11,30.73,31.1,0.03,0.10,98792,3053660.72,31.1379,33,27.05,-,-,2.3362948338269196,0.5496281926931836,31.07,0,2.24,0.55,01-Sep-2025,31-Jul-2026,-,0.5496281926931836,-,2.3362948338269196,5.757575757575753,-14.972273567467655,https://nsearchives.nseindia.com/today/MOMENTUMEQN.svg,https://nsearchives.nseindia.com/30d/MOMENTUM-EQ.svg,https://nsearchives.nseindia.com/365d/MOMENTUM-EQ.svg,EQ
AONENIFTY,Nifty 50 Index,9.96,9.96,9.69,9.89,0,0.00,306263,3022815.81,9.9423,12,9,-,-,-2.07920792079207,-2.3692003948667346,9.89,0,-2.08,-1.59,01-Sep-2025,31-Jul-2026,-,-2.3692003948667346,-,-2.07920792079207,17.58333333333333,-9.888888888888895,https://nsearchives.nseindia.com/today/AONENIFTYEQN.svg,https://nsearchives.nseindia.com/30d/AONENIFTY-EQ.svg,https://nsearchives.nseindia.com/365d/AONENIFTY-EQ.svg,EQ
HDFCNIMEG,Nifty Metal Index TRI,132.34,132.34,130.4,131.19,-0.5,-0.38,22753,2986331.25,131.8352,152.55,126.96,-,-,Infinity,0.3749043611323712,131.69,0,0,3.5,,31-Jul-2026,-,0.3749043611323712,-,Infinity,14.001966568338258,-3.3317580340264685,https://nsearchives.nseindia.com/today/HDFCNIMEGEQN.svg,https://nsearchives.nseindia.com/30d/HDFCNIMEG-EQ.svg,,EQ
MNC,Kotak Nifty MNC ETF,33.67,33.67,32.99,33.29,-0.38,-1.13,88687,2936426.57,33.5445,35.65,27.83,-,-,10.195299569678909,-3.0858806404658,33.67,0,11.45,-1.09,01-Sep-2025,31-Jul-2026,-,-3.0858806404658,-,10.195299569678909,6.619915848527348,-19.619116061803815,https://nsearchives.nseindia.com/today/MNCEQN.svg,https://nsearchives.nseindia.com/30d/MNC-EQ.svg,https://nsearchives.nseindia.com/365d/MNC-EQ.svg,EQ
EBBETF0433,BHARAT Bond ETF-April 2033,1350.32,1350.32,1305.01,1310,-0.99,-0.08,2242,2935966.26,1304.9966,1350.32,1243.25,-,-,5.100166074308219,-0.6996505537321027,1310.99,0,5.18,-0.45,01-Sep-2025,31-Jul-2026,-,-0.6996505537321027,-,5.100166074308219,2.985958883820127,-5.368992559823044,https://nsearchives.nseindia.com/today/EBBETF0433EQN.svg,https://nsearchives.nseindia.com/30d/EBBETF0433-EQ.svg,https://nsearchives.nseindia.com/365d/EBBETF0433-EQ.svg,EQ
GROWWRLTY,Index,9.94,10.04,9.75,10.03,0.07,0.70,297808,2930430.72,9.9977,11.3,7.17,-,-,Infinity,-0.5946481665014915,9.96,0,0,-1.48,,31-Jul-2026,-,-0.5946481665014915,-,Infinity,11.238938053097357,-39.88842398884239,https://nsearchives.nseindia.com/today/GROWWRLTYEQN.svg,https://nsearchives.nseindia.com/30d/GROWWRLTY-EQ.svg,,EQ
SBIBPB,BSE PSU Bank Index TRI,50.63,50.63,48.4,49.14,-0.26,-0.53,59438,2927321.5,49.2931,58.27,39.07,-,-,23.3743409490334,0.326663944467137,49.4,0,24.03,2.75,01-Sep-2025,31-Jul-2026,-,0.326663944467137,-,23.3743409490334,15.66844002059379,-25.774251343742,https://nsearchives.nseindia.com/today/SBIBPBEQN.svg,https://nsearchives.nseindia.com/30d/SBIBPB-EQ.svg,https://nsearchives.nseindia.com/365d/SBIBPB-EQ.svg,EQ
EBBETF0431,Nifty BHARAT Bond,1439.69,1439.69,1428.32,1431.56,-1.48,-0.10,2018,2886688.46,1432.5269,1469,1363,-,-,4.877727146185287,-0.5163343734146911,1433.04,0,4.99,-0.58,01-Sep-2025,31-Jul-2026,-,-0.5163343734146911,-,4.877727146185287,2.548672566371685,-5.030080704328682,https://nsearchives.nseindia.com/today/EBBETF0431EQN.svg,https://nsearchives.nseindia.com/30d/EBBETF0431-EQ.svg,https://nsearchives.nseindia.com/365d/EBBETF0431-EQ.svg,EQ
COMMOIETF,ICICI Prudential Nifty Commodities ETF,101.32,101.8,97.92,99.19,0.34,0.34,28045,2771967.8,98.885,110.56,87.12,-,-,12.473069509014628,-2.266233126416393,98.85,0,12.09,-1.77,01-Sep-2025,31-Jul-2026,-,-2.266233126416393,-,12.473069509014628,10.284008683068022,-13.854453627180892,https://nsearchives.nseindia.com/today/COMMOIETFEQN.svg,https://nsearchives.nseindia.com/30d/COMMOIETF-EQ.svg,https://nsearchives.nseindia.com/365d/COMMOIETF-EQ.svg,EQ
EQUAL50,Nifty50 Equal Weight,338.32,338.32,328.15,330.1,-1.59,-0.48,7747,2551706.86,331.8674,342.88,295.16,-,-,4.234424831854503,-3.2475526115247035,331.69,0,4.74,-1.45,01-Sep-2025,31-Jul-2026,-,-3.2475526115247035,-,4.234424831854503,3.727251516565554,-11.837647377693454,https://nsearchives.nseindia.com/today/EQUAL50EQN.svg,https://nsearchives.nseindia.com/30d/EQUAL50-EQ.svg,https://nsearchives.nseindia.com/365d/EQUAL50-EQ.svg,EQ
MOMNC,Nifty MNC ETF Total Return Index,32.55,33.8,31.89,32.28,-1.27,-3.79,76973,2470833.3,32.4837,35.8,27.03,-,-,Infinity,-3.555422766656701,33.55,0,0,1.88,,31-Jul-2026,-,-3.555422766656701,-,Infinity,9.832402234636861,-19.42286348501665,https://nsearchives.nseindia.com/today/MOMNCEQN.svg,https://nsearchives.nseindia.com/30d/MOMNC-EQ.svg,,EQ
NIF100IETF,Nifty 100,28.62,28.65,27.79,28.07,0.01,0.04,87022,2429654.24,28.0971,30.88,23,10-MAY-24,FACE VALUE SPLIT (SUB-DIVISION) - FROM RS 10/- PER SHARE TO RE 1/- PER SHARE,0.32165832737669714,-1.9902234636871519,28.06,0,0.29,-1.13,01-Sep-2025,31-Jul-2026,FACE VALUE SPLIT (SUB-DIVISION) - FROM RS 10/- PER SHARE TO RE 1/- PER SHARE,-1.9902234636871519,10-MAY-24,0.32165832737669714,9.099740932642483,-22.043478260869566,https://nsearchives.nseindia.com/today/NIF100IETFEQN.svg,https://nsearchives.nseindia.com/30d/NIF100IETF-EQ.svg,https://nsearchives.nseindia.com/365d/NIF100IETF-EQ.svg,EQ
IVZINGOLD,Gold,131.4,131.4,128.7,130.1,-1.8,-1.36,17990,2327186.4,132.176,156,90,30-APR-26,FACE VALUE SPLIT (SUB-DIVISION) - FROM RS 100/- PER SHARE TO RE 1/- PER SHARE,-98.57384803424517,5.344129554655866,131.9,0,-98.55,6.93,01-Sep-2025,31-Jul-2026,FACE VALUE SPLIT (SUB-DIVISION) - FROM RS 100/- PER SHARE TO RE 1/- PER SHARE,5.344129554655866,30-APR-26,-98.57384803424517,16.602564102564106,-44.55555555555555,https://nsearchives.nseindia.com/today/IVZINGOLDEQN.svg,https://nsearchives.nseindia.com/30d/IVZINGOLD-EQ.svg,https://nsearchives.nseindia.com/365d/IVZINGOLD-EQ.svg,EQ
HDFCNIF100,HDFC NIFTY 100 ETF,26,26,25.77,25.93,-0.07,-0.27,84250,2181232.5,26.0356,29,23.31,20-OCT-23,FACE VALUE SPLIT (SUB-DIVISION) - FROM RS 177.27/- PER SHARE TO RS 17.727/- PER SHARE,-0.11556240369800129,-1.965973534971643,26,0,0.15,-1.18,01-Sep-2025,31-Jul-2026,FACE VALUE SPLIT (SUB-DIVISION) - FROM RS 177.27/- PER SHARE TO RS 17.727/- PER SHARE,-1.965973534971643,20-OCT-23,-0.11556240369800129,10.586206896551724,-11.239811239811246,https://nsearchives.nseindia.com/today/HDFCNIF100EQN.svg,https://nsearchives.nseindia.com/30d/HDFCNIF100-EQ.svg,https://nsearchives.nseindia.com/365d/HDFCNIF100-EQ.svg,EQ
NV20BEES,Nifty50 Value20 TRI,136.04,141.24,136.04,139.1,-0.43,-0.31,14681,2046531.4,139.8196,160,122.02,19-DEC-19, FACE VALUE SPLIT (SUB-DIVISION) - FROM RS 10/- TO RS 1/-,-5.51555495177286,-2.4680970410882135,139.53,0,-5.22,-0.89,01-Sep-2025,31-Jul-2026, FACE VALUE SPLIT (SUB-DIVISION) - FROM RS 10/- TO RS 1/-,-2.4680970410882135,19-DEC-19,-5.51555495177286,13.062500000000004,-13.997705294214063,https://nsearchives.nseindia.com/today/NV20BEESEQN.svg,https://nsearchives.nseindia.com/30d/NV20BEES-EQ.svg,https://nsearchives.nseindia.com/365d/NV20BEES-EQ.svg,EQ
GROWWMOM50,Nifty 500 Momentum 50 Index- Total Return Index,11.18,11.18,10.88,10.99,-0.03,-0.27,184990,2025640.5,11.0178,11.55,9.12,-,-,7.115009746588698,2.232558139534886,11.02,0,7.41,3.28,01-Sep-2025,31-Jul-2026,-,2.232558139534886,-,7.115009746588698,4.848484848484852,-20.504385964912295,https://nsearchives.nseindia.com/today/GROWWMOM50EQN.svg,https://nsearchives.nseindia.com/30d/GROWWMOM50-EQ.svg,https://nsearchives.nseindia.com/365d/GROWWMOM50-EQ.svg,EQ
NIFTYJBLK,INDEX,12.62,12.62,12.18,12.35,0.03,0.24,165102,2020848.48,12.3322,12.96,9.94,-,-,Infinity,Infinity,12.32,0,0,0,,,-,Infinity,-,Infinity,4.706790123456799,-24.245472837022135,https://nsearchives.nseindia.com/today/NIFTYJBLKEQN.svg,,,EQ
MANUFGBEES,Nifty India Manufacturing TRI,164,164,162.15,164,-0.83,-0.50,12385,2013429.45,164.8446,171.58,138.6,-,-,13.072255929398793,0.281276751864992,164.83,0,13.64,0.29,01-Sep-2025,31-Jul-2026,-,0.281276751864992,-,13.072255929398793,4.417764308194435,-18.32611832611833,https://nsearchives.nseindia.com/today/MANUFGBEESEQN.svg,https://nsearchives.nseindia.com/30d/MANUFGBEES-EQ.svg,https://nsearchives.nseindia.com/365d/MANUFGBEES-EQ.svg,EQ
NIFTYADD,Nifty 50 Index,252.95,253.48,251.41,253,-0.06,-0.02,7958,2005575.16,253.647,300,232.64,-,-,Infinity,-2.214663935376654,253.06,0,0,-1.39,,31-Jul-2026,-,-2.214663935376654,-,Infinity,15.666666666666666,-8.751719394773046,https://nsearchives.nseindia.com/today/NIFTYADDEQN.svg,https://nsearchives.nseindia.com/30d/NIFTYADD-EQ.svg,,EQ
ABSLPSE,Aditya Birla Sun Life Nifty PSE ETF,10.17,10.17,9.97,10.01,-0.04,-0.40,186780,1879006.8,10.053,11.6,9.21,-,-,4.488517745302711,-3.378378378378375,10.05,0,4.91,-2.8,01-Sep-2025,31-Jul-2026,-,-3.378378378378375,-,4.488517745302711,13.706896551724139,-8.68621064060802,https://nsearchives.nseindia.com/today/ABSLPSEEQN.svg,https://nsearchives.nseindia.com/30d/ABSLPSE-EQ.svg,https://nsearchives.nseindia.com/365d/ABSLPSE-EQ.svg,EQ
QNIFTY,Nifty 50,267.5,267.5,262.17,263.6,-0.76,-0.29,6966,1833311.88,265.0037,291.19,243.2,13-FEB-26,FACE VALUE SPLIT (SUB-DIVISION) - FROM RS 10/- PER UNIT TO RE 1/- PER UNIT,-90.19345238095238,-2.565239890589191,264.36,0,-90.17,-1.58,01-Sep-2025,31-Jul-2026,FACE VALUE SPLIT (SUB-DIVISION) - FROM RS 10/- PER UNIT TO RE 1/- PER UNIT,-2.565239890589191,13-FEB-26,-90.19345238095238,9.474913286857369,-8.388157894736857,https://nsearchives.nseindia.com/today/QNIFTYEQN.svg,https://nsearchives.nseindia.com/30d/QNIFTY-EQ.svg,https://nsearchives.nseindia.com/365d/QNIFTY-EQ.svg,EQ
BANKPSU,Nifty PSU Bank Total Return Index,85.25,86.25,85.03,85.6,-0.12,-0.14,21223,1817325.49,85.8168,99.52,67.94,-,-,25.05478451424396,0.31641861010195244,85.72,0,25.23,1.43,01-Sep-2025,31-Jul-2026,-,0.31641861010195244,-,25.05478451424396,13.987138263665598,-25.993523697380034,https://nsearchives.nseindia.com/today/BANKPSUEQN.svg,https://nsearchives.nseindia.com/30d/BANKPSU-EQ.svg,https://nsearchives.nseindia.com/365d/BANKPSU-EQ.svg,EQ
VAL30IETF,Nifty200 Value 30 Index,15.2,15.22,14.92,15.14,0.06,0.40,118389,1780570.56,15.0707,17.7,12.27,-,-,18.28125,-2.448453608247416,15.08,0,17.81,-2.2,01-Sep-2025,31-Jul-2026,-,-2.448453608247416,-,18.28125,14.463276836158187,-23.390383048084768,https://nsearchives.nseindia.com/today/VAL30IETFEQN.svg,https://nsearchives.nseindia.com/30d/VAL30IETF-EQ.svg,https://nsearchives.nseindia.com/365d/VAL30IETF-EQ.svg,EQ
CEMNTGROWW,Nifty Cements Index TRI,15.04,15.04,14.4,14.55,-0.13,-0.89,118820,1718137.2,14.5874,16.27,14.4,-,-,Infinity,-6.068431245965135,14.68,0,0,-3.61,,31-Jul-2026,-,-6.068431245965135,-,Infinity,10.571604179471413,-1.0416666666666692,https://nsearchives.nseindia.com/today/CEMNTGROWWEQN.svg,https://nsearchives.nseindia.com/30d/CEMNTGROWW-EQ.svg,,EQ
HDFCPVTBAN,HDFC NIFTY Private Bank ETF,28.56,28.56,28.07,28.21,0.07,0.25,57961,1632181.76,28.3373,30.17,24.31,02-FEB-24,FACE VALUE SPLIT (SUB-DIVISION) - FROM RS 216.75/- PER SHARE TO RS 21.675/- PER SHARE,5.418535127055304,-0.6340260655160258,28.14,0,5.16,0.18,01-Sep-2025,31-Jul-2026,FACE VALUE SPLIT (SUB-DIVISION) - FROM RS 216.75/- PER SHARE TO RS 21.675/- PER SHARE,-0.6340260655160258,02-FEB-24,5.418535127055304,6.496519721577728,-16.042780748663112,https://nsearchives.nseindia.com/today/HDFCPVTBANEQN.svg,https://nsearchives.nseindia.com/30d/HDFCPVTBAN-EQ.svg,https://nsearchives.nseindia.com/365d/HDFCPVTBAN-EQ.svg,EQ
SENSEXETF,Mirae Asset S&P BSE Sensex ETF,81.33,81.33,78.63,79.07,-0.28,-0.35,19959,1575563.46,79.4683,88.7,73.33,-,-,-3.924665856622119,-2.6830769230769316,79.35,0,-3.58,-1.37,01-Sep-2025,31-Jul-2026,-,-2.6830769230769316,-,-3.924665856622119,10.856820744081183,-7.827628528569474,https://nsearchives.nseindia.com/today/SENSEXETFEQN.svg,https://nsearchives.nseindia.com/30d/SENSEXETF-EQ.svg,https://nsearchives.nseindia.com/365d/SENSEXETF-EQ.svg,EQ
HEALTHADD,DSP Nifty Healthcare ETF,16.83,16.83,16.69,16.74,-0.09,-0.53,91074,1526400.24,16.8367,17.47,13.54,03-JUL-26,FACE VALUE SPLIT (SUB-DIVISION) - FROM RS 10/- PER UNIT TO RE 1/- PER UNIT,-88.42563783447417,-0.35714285714287064,16.83,0,-88.36,-0.47,01-Sep-2025,31-Jul-2026,FACE VALUE SPLIT (SUB-DIVISION) - FROM RS 10/- PER UNIT TO RE 1/- PER UNIT,-0.35714285714287064,03-JUL-26,-88.42563783447417,4.178591871780197,-23.63367799113737,https://nsearchives.nseindia.com/today/HEALTHADDEQN.svg,https://nsearchives.nseindia.com/30d/HEALTHADD-EQ.svg,https://nsearchives.nseindia.com/365d/HEALTHADD-EQ.svg,EQ
DIVIDEND,BSE 500 Dividend Leaders,35.55,35.56,35.26,35.56,0.01,0.03,42589,1507224.71,35.6563,38.03,33.15,-,-,Infinity,-2.4684585847504072,35.55,0,0,-1.52,,31-Jul-2026,-,-2.4684585847504072,-,Infinity,6.494872469103337,-7.269984917043752,https://nsearchives.nseindia.com/today/DIVIDENDEQN.svg,https://nsearchives.nseindia.com/30d/DIVIDEND-EQ.svg,,EQ
ABSLNN50ET,Nifty Next 50,78.33,78.33,75.75,77,0.21,0.27,19744,1505874.88,76.8114,80.33,63.02,25-NOV-21, FACE VALUE SPLIT (SUB-DIVISION) - FROM RS 10/- PER SHARE TO RE 1/- PER SHARE,10.489309800545275,-1.3705648776738737,76.79,0,10.19,-0.79,01-Sep-2025,31-Jul-2026, FACE VALUE SPLIT (SUB-DIVISION) - FROM RS 10/- PER SHARE TO RE 1/- PER SHARE,-1.3705648776738737,25-NOV-21,10.489309800545275,4.1454002240756855,-22.183433830529985,https://nsearchives.nseindia.com/today/ABSLNN50ETEQN.svg,https://nsearchives.nseindia.com/30d/ABSLNN50ET-EQ.svg,https://nsearchives.nseindia.com/365d/ABSLNN50ET-EQ.svg,EQ
BBETF0432,Nifty BHARAT Bond Index - April 2032,1341.35,1341.99,1336.85,1336.85,-1.2,-0.09,1080,1446271.2,1343.5717,1378,1262.29,-,-,4.204503823339114,-1.3460360566456848,1338.05,0,4.3,-1.39,01-Sep-2025,31-Jul-2026,-,-1.3460360566456848,-,4.204503823339114,2.9862119013062474,-5.906725079023041,https://nsearchives.nseindia.com/today/BBETF0432EQN.svg,https://nsearchives.nseindia.com/30d/BBETF0432-EQ.svg,https://nsearchives.nseindia.com/365d/BBETF0432-EQ.svg,EQ
LOWVOL1,Kotak Nifty 100 Low Vol 30 ETF,21.66,21.66,20.97,21.17,0.03,0.14,68147,1435857.29,21.2182,22.9,18.77,-,-,-0.51691729323308,-3.156450137236952,21.14,0,-0.66,-2.45,01-Sep-2025,31-Jul-2026,-,-3.156450137236952,-,-0.51691729323308,7.554585152838415,-12.786361214704328,https://nsearchives.nseindia.com/today/LOWVOL1EQN.svg,https://nsearchives.nseindia.com/30d/LOWVOL1-EQ.svg,https://nsearchives.nseindia.com/365d/LOWVOL1-EQ.svg,EQ
GROWWSC250,Nifty Smallcap 250 Index - TRI,10.91,10.91,10.45,10.6,-0.05,-0.47,134149,1413930.46,10.6046,10.97,8,-,-,Infinity,0.8563273073263545,10.65,0,0,3,,31-Jul-2026,-,0.8563273073263545,-,Infinity,3.372835004557894,-32.49999999999999,https://nsearchives.nseindia.com/today/GROWWSC250EQN.svg,https://nsearchives.nseindia.com/30d/GROWWSC250-EQ.svg,,EQ
SILVER001,Commodity - Silver,23.46,23.47,22.56,22.8,-0.2,-0.87,60488,1383360.56,23.1354,28,22.56,-,-,Infinity,Infinity,23,0,0,0,,,-,Infinity,-,Infinity,18.571428571428566,-1.0638297872340514,https://nsearchives.nseindia.com/today/SILVER001EQN.svg,,,EQ
HDFCPSUBK,HDFC NIFTY PSU BANK ETF,85.49,86.49,85.24,85.5,-0.23,-0.27,15985,1372312.25,86.0812,101.25,68.38,-,-,23.841251448435678,0.7898149239655803,85.73,0,24.17,1.32,01-Sep-2025,31-Jul-2026,-,0.7898149239655803,-,23.841251448435678,15.555555555555555,-25.036560397777137,https://nsearchives.nseindia.com/today/HDFCPSUBKEQN.svg,https://nsearchives.nseindia.com/30d/HDFCPSUBK-EQ.svg,https://nsearchives.nseindia.com/365d/HDFCPSUBK-EQ.svg,EQ
MOTOUR,Nifty India Tourism Total Return Index,77.14,77.78,76.37,76.92,-0.38,-0.49,17769,1366436.1,77.6573,95.33,64,-,-,-15.518945634266881,-4.244989418648072,77.3,0,-15.1,-1.42,01-Sep-2025,31-Jul-2026,-,-4.244989418648072,-,-15.518945634266881,19.311864051190597,-20.187500000000004,https://nsearchives.nseindia.com/today/MOTOUREQN.svg,https://nsearchives.nseindia.com/30d/MOTOUR-EQ.svg,https://nsearchives.nseindia.com/365d/MOTOUR-EQ.svg,EQ
LICNETFGSC,GSEC10 NSE Index,29.56,29.56,29.21,29.54,0.19,0.65,45660,1337838,29.3683,30.53,27.59,-,-,5.274411974340701,0.3737682636765186,29.35,0,4.6,-0.47,01-Sep-2025,31-Jul-2026,-,0.3737682636765186,-,5.274411974340701,3.242712086472329,-7.067778180500179,https://nsearchives.nseindia.com/today/LICNETFGSCEQN.svg,https://nsearchives.nseindia.com/30d/LICNETFGSC-EQ.svg,https://nsearchives.nseindia.com/365d/LICNETFGSC-EQ.svg,EQ
NEXT50ETF,Nifty Next 50 Index,73.2,73.71,72.45,73.5,-0.12,-0.16,17794,1298428.18,73.461,78,60.15,-,-,Infinity,-1.8298383865366694,73.62,0,0,-0.7,,31-Jul-2026,-,-1.8298383865366694,-,Infinity,5.769230769230769,-22.194513715710727,https://nsearchives.nseindia.com/today/NEXT50ETFEQN.svg,https://nsearchives.nseindia.com/30d/NEXT50ETF-EQ.svg,,EQ
MOM50,Nifty 50,252.67,252.67,249.17,251.52,1.02,0.41,4950,1237153.5,252.0761,279.33,231.11,16-OCT-14,FACE VALUE SPLIT FROM RS.10/- TO RS.7/-,-1.7615123227746603,-1.9071019071019126,250.5,0,-2.16,-1.78,01-Sep-2025,31-Jul-2026,FACE VALUE SPLIT FROM RS.10/- TO RS.7/-,-1.9071019071019126,16-OCT-14,-1.7615123227746603,9.955966061647505,-8.831292458136815,https://nsearchives.nseindia.com/today/MOM50EQN.svg,https://nsearchives.nseindia.com/30d/MOM50-EQ.svg,https://nsearchives.nseindia.com/365d/MOM50-EQ.svg,EQ
MULTICAP,Nifty500 Multicap 50:25:25 Index,16.75,16.75,16.57,16.73,-0.02,-0.12,74278,1236728.7,16.7901,17.5,14.2,-,-,5.419029615626976,-1.1813349084465403,16.75,0,5.55,0.06,01-Sep-2025,31-Jul-2026,-,-1.1813349084465403,-,5.419029615626976,4.399999999999998,-17.816901408450715,https://nsearchives.nseindia.com/today/MULTICAPEQN.svg,https://nsearchives.nseindia.com/30d/MULTICAP-EQ.svg,https://nsearchives.nseindia.com/365d/MULTICAP-EQ.svg,EQ
MONEXT50,Nifty Next 50 Total Return Index,74.35,74.35,71.94,73.1,0.21,0.29,16074,1162953.9,72.8388,75.89,59.43,-,-,10.289680144840062,-1.1761524942544337,72.89,0,9.97,-0.25,01-Sep-2025,31-Jul-2026,-,-1.1761524942544337,-,10.289680144840062,3.67637369877455,-23.001850917045257,https://nsearchives.nseindia.com/today/MONEXT50EQN.svg,https://nsearchives.nseindia.com/30d/MONEXT50-EQ.svg,https://nsearchives.nseindia.com/365d/MONEXT50-EQ.svg,EQ
SMALLIETF,Nifty Smallcap 250 Index,18.47,18.5,18.21,18.35,-0.12,-0.65,62585,1145305.5,18.3976,19.49,17.43,-,-,Infinity,0.7688083470620569,18.47,0,0,2.73,,31-Jul-2026,-,0.7688083470620569,-,Infinity,5.849153412006142,-5.2782558806655295,https://nsearchives.nseindia.com/today/SMALLIETFEQN.svg,https://nsearchives.nseindia.com/30d/SMALLIETF-EQ.svg,,EQ
UNIONGOLD,Commodity Gold,148.35,148.35,145.7,145.8,-2.65,-1.79,7779,1140090.24,148.7546,177,101.45,-,-,41.96689386562805,5.043227665706051,148.45,0,44.55,7.15,01-Sep-2025,31-Jul-2026,-,5.043227665706051,-,41.96689386562805,17.627118644067792,-43.71611631345491,https://nsearchives.nseindia.com/today/UNIONGOLDEQN.svg,https://nsearchives.nseindia.com/30d/UNIONGOLD-EQ.svg,https://nsearchives.nseindia.com/365d/UNIONGOLD-EQ.svg,EQ
SENSEXBETA,SENSEX,852.64,852.64,846,851,-3.47,-0.41,1320,1118818.8,853.271,952.91,785,26-FEB-21, INTERIM DIVIDEND - RS 13.56 PER UNIT,Infinity,-1.554763777705804,854.47,0,0,-1.02,,31-Jul-2026, INTERIM DIVIDEND - RS 13.56 PER UNIT,-1.554763777705804,26-FEB-21,Infinity,10.69460914462016,-8.40764331210191,https://nsearchives.nseindia.com/today/SENSEXBETAEQN.svg,https://nsearchives.nseindia.com/30d/SENSEXBETA-EQ.svg,,EQ
NIFTYBETF,Bajaj Finserv Nifty 50 ETF,246.05,246.57,244.83,246.51,-0.7,-0.28,4236,1042945.56,247.7473,279.99,227.01,-,-,-1.7888446215139477,-2.441823650467,247.21,0,-1.51,-1.53,01-Sep-2025,31-Jul-2026,-,-2.441823650467,-,-1.7888446215139477,11.957569913211191,-8.589929959032641,https://nsearchives.nseindia.com/today/NIFTYBETFEQN.svg,https://nsearchives.nseindia.com/30d/NIFTYBETF-EQ.svg,https://nsearchives.nseindia.com/365d/NIFTYBETF-EQ.svg,EQ
ABSLLIQUID,Aditya Birla Sun Life CRISIL Overnight Fund AI ETF,1000.01,1000.01,999.99,999.99,-0.01,-0.00,1033,1032989.67,1000,1044.99,999.56,-,-,-0.0009999999999990906,-0.0009999999999990906,1000,0,0,0,01-Sep-2025,31-Jul-2026,-,-0.0009999999999990906,-,-0.0009999999999990906,4.306261303935923,-0.043018928328470894,https://nsearchives.nseindia.com/today/ABSLLIQUIDEQN.svg,https://nsearchives.nseindia.com/30d/ABSLLIQUID-EQ.svg,https://nsearchives.nseindia.com/365d/ABSLLIQUID-EQ.svg,EQ
CHOICEGOLD,Gold,150.3,150.3,147.94,148.65,-1.97,-1.31,6727,999766.74,150.8995,175.49,115.79,-,-,Infinity,5.770599117688924,150.62,0,0,6.75,,31-Jul-2026,-,5.770599117688924,-,Infinity,15.294318764601973,-28.37896191380948,https://nsearchives.nseindia.com/today/CHOICEGOLDEQN.svg,https://nsearchives.nseindia.com/30d/CHOICEGOLD-EQ.svg,,EQ
EMULTIMQ,Nifty500 Multicap Momentum Quality 50 Total Return Index,42.14,42.37,41.4,41.75,-0.36,-0.85,23272,969976.96,42.0658,43.54,36.25,-,-,2.3786169691024983,1.9287109374999978,42.11,0,3.26,2.53,01-Sep-2025,31-Jul-2026,-,1.9287109374999978,-,2.3786169691024983,4.111162149747357,-15.172413793103448,https://nsearchives.nseindia.com/today/EMULTIMQEQN.svg,https://nsearchives.nseindia.com/30d/EMULTIMQ-EQ.svg,https://nsearchives.nseindia.com/365d/EMULTIMQ-EQ.svg,EQ
MOPSE,Nifty PSE Total Return Index,97.81,99.47,97.81,99.47,-0.41,-0.41,9743,960757.23,98.3157,114.7,93.12,-,-,5.717929641832283,-1.8065153010858819,99.88,0,6.15,-0.35,01-Sep-2025,31-Jul-2026,-,-1.8065153010858819,-,5.717929641832283,13.278116826503927,-6.8191580756013686,https://nsearchives.nseindia.com/today/MOPSEEQN.svg,https://nsearchives.nseindia.com/30d/MOPSE-EQ.svg,https://nsearchives.nseindia.com/365d/MOPSE-EQ.svg,EQ
CONSUMIETF,Nifty India Consumption Index,121.9,121.9,120.3,121.38,-0.7,-0.57,7895,953558.1,122.2877,141.27,94.65,-,-,-3.513513513513515,-3.6207717960933796,122.08,0,-2.96,-2.65,01-Sep-2025,31-Jul-2026,-,-3.6207717960933796,-,-3.513513513513515,14.079422382671488,-28.240887480190164,https://nsearchives.nseindia.com/today/CONSUMIETFEQN.svg,https://nsearchives.nseindia.com/30d/CONSUMIETF-EQ.svg,https://nsearchives.nseindia.com/365d/CONSUMIETF-EQ.svg,EQ
SBISMLETF,Nifty Smallcap 250 Index,18.45,18.58,18.16,18.22,-0.14,-0.76,50460,920895,18.3863,18.97,16.53,-,-,Infinity,0.2751788662630553,18.36,0,0,2.68,,31-Jul-2026,-,0.2751788662630553,-,Infinity,3.9536109646810758,-10.22383545069569,https://nsearchives.nseindia.com/today/SBISMLETFEQN.svg,https://nsearchives.nseindia.com/30d/SBISMLETF-EQ.svg,,EQ
BANKBETF,Bajaj Finserv Nifty Bank ETF,58.15,58.33,57.86,58.31,0.1,0.17,15722,913133.76,58.4413,63.9,50.71,-,-,6.405109489051105,-0.5118580447022644,58.21,0,6.22,0.21,01-Sep-2025,31-Jul-2026,-,-0.5118580447022644,-,6.405109489051105,8.748043818466348,-14.987182015381583,https://nsearchives.nseindia.com/today/BANKBETFEQN.svg,https://nsearchives.nseindia.com/30d/BANKBETF-EQ.svg,https://nsearchives.nseindia.com/365d/BANKBETF-EQ.svg,EQ
FLEXIADD,Nifty500 Flexicap Quality 30 TRI,10.2,10.27,9.98,10.06,-0.09,-0.89,87285,874595.7,10.1624,11.9,8.73,-,-,Infinity,-2.330097087378643,10.15,0,0,-0.39,,31-Jul-2026,-,-2.330097087378643,-,Infinity,15.46218487394958,-15.234822451317296,https://nsearchives.nseindia.com/today/FLEXIADDEQN.svg,https://nsearchives.nseindia.com/30d/FLEXIADD-EQ.svg,,EQ
SBIETFPB,Nifty Private Bank Index,285.61,285.61,281.24,283.48,2.09,0.74,3085,870401.9,284.0718,304.58,244.18,-,-,5.7998059267000155,-0.03526341773043441,281.39,0,5.02,0.34,01-Sep-2025,31-Jul-2026,-,-0.03526341773043441,-,5.7998059267000155,6.927572394773119,-16.09468424932427,https://nsearchives.nseindia.com/today/SBIETFPBEQN.svg,https://nsearchives.nseindia.com/30d/SBIETFPB-EQ.svg,https://nsearchives.nseindia.com/365d/SBIETFPB-EQ.svg,EQ
TOP15IETF,Nifty Top 15 Equal Weight Index,9.83,9.92,9.76,9.84,-0.02,-0.20,88734,868705.86,9.8767,11.36,9.15,-,-,-3.8123167155425275,-1.8943170488534349,9.86,0,-3.62,-1.6,01-Sep-2025,31-Jul-2026,-,-1.8943170488534349,-,-3.8123167155425275,13.38028169014084,-7.54098360655737,https://nsearchives.nseindia.com/today/TOP15IETFEQN.svg,https://nsearchives.nseindia.com/30d/TOP15IETF-EQ.svg,https://nsearchives.nseindia.com/365d/TOP15IETF-EQ.svg,EQ
SMALLADD,Nifty Smallcap 250 Index,18.59,18.59,18.25,18.46,-0.04,-0.22,46783,858935.88,18.4721,19.5,14.01,-,-,Infinity,1.0399562123700126,18.5,0,0,2.44,,31-Jul-2026,-,1.0399562123700126,-,Infinity,5.333333333333329,-31.76302640970736,https://nsearchives.nseindia.com/today/SMALLADDEQN.svg,https://nsearchives.nseindia.com/30d/SMALLADD-EQ.svg,,EQ
SBIETFQLTY,Nifty 200 Quality 30 Index,222.55,222.64,221,222.4,-2.47,-1.10,3784,839783.12,224.4818,247.28,194,-,-,-0.4342570622733576,-1.7103460467582996,224.87,0,0.67,-0.32,01-Sep-2025,31-Jul-2026,-,-1.7103460467582996,-,-0.4342570622733576,10.061468780329989,-14.639175257731962,https://nsearchives.nseindia.com/today/SBIETFQLTYEQN.svg,https://nsearchives.nseindia.com/30d/SBIETFQLTY-EQ.svg,https://nsearchives.nseindia.com/365d/SBIETFQLTY-EQ.svg,EQ
MONIFTY100,Nifty 100 Total Return Index,25.28,25.31,25.01,25.31,0.03,0.12,32667,821901.72,25.3331,27.97,22.38,-,-,Infinity,-1.7850213426464916,25.28,0,0,-1.44,,31-Jul-2026,-,-1.7850213426464916,-,Infinity,9.510189488737934,-13.092046470062556,https://nsearchives.nseindia.com/today/MONIFTY100EQN.svg,https://nsearchives.nseindia.com/30d/MONIFTY100-EQ.svg,,EQ
PVTBANKADD,DSP Nifty Private Bank ETF,28.05,28.15,27.95,28.15,0.07,0.25,28206,791460.36,28.2363,31.88,24.02,-,-,5.747558226897061,1.404899135446675,28.08,0,5.48,0.65,01-Sep-2025,31-Jul-2026,-,1.404899135446675,-,5.747558226897061,11.70012547051443,-17.1940049958368,https://nsearchives.nseindia.com/today/PVTBANKADDEQN.svg,https://nsearchives.nseindia.com/30d/PVTBANKADD-EQ.svg,https://nsearchives.nseindia.com/365d/PVTBANKADD-EQ.svg,EQ
MOLOWVOL,Nifty Midcap 100 TRI,36.11,36.19,35.9,36.19,-0.27,-0.74,21973,791247.73,36.2181,43.07,33.52,11-AUG-22,FACE VALUE SPLIT (SUB-DIVISION) - FROM RS 10/- PER UNIT TO RS 2/- PER UNIT,-4.335183716627017,-7.228915662650603,36.46,0,-3.62,-2.15,01-Sep-2025,31-Jul-2026,FACE VALUE SPLIT (SUB-DIVISION) - FROM RS 10/- PER UNIT TO RS 2/- PER UNIT,-7.228915662650603,11-AUG-22,-4.335183716627017,15.973995820756912,-7.965393794749386,https://nsearchives.nseindia.com/today/MOLOWVOLEQN.svg,https://nsearchives.nseindia.com/30d/MOLOWVOL-EQ.svg,https://nsearchives.nseindia.com/365d/MOLOWVOL-EQ.svg,EQ
ESG,NIFTY100 ESG SECTOR LEADERS,40.49,41.31,40.49,41,-0.03,-0.07,19078,779717.86,41.2427,45.06,37.52,-,-,-2.98154283009938,-3.461266776548149,41.03,0,-2.91,-2.5,01-Sep-2025,31-Jul-2026,-,-3.461266776548149,-,-2.98154283009938,9.01020861074124,-9.275053304904041,https://nsearchives.nseindia.com/today/ESGEQN.svg,https://nsearchives.nseindia.com/30d/ESG-EQ.svg,https://nsearchives.nseindia.com/365d/ESG-EQ.svg,EQ
SNXT30BEES,BSE Sensex Next 30 Index,42.41,42.6,42.15,42.6,-0.14,-0.33,18341,774723.84,42.6881,44.56,36.83,-,-,10.448535130930779,-1.8206960129061975,42.74,0,10.81,-0.47,01-Sep-2025,31-Jul-2026,-,-1.8206960129061975,-,10.448535130930779,4.398563734290845,-15.666576160738538,https://nsearchives.nseindia.com/today/SNXT30BEESEQN.svg,https://nsearchives.nseindia.com/30d/SNXT30BEES-EQ.svg,https://nsearchives.nseindia.com/365d/SNXT30BEES-EQ.svg,EQ
ITAXIS,NIFTY IT Index,343.32,344.35,338.37,343.66,0.23,0.07,2185,747401.1,347.2873,439.67,230.7,-,-,Infinity,-0.659073827831408,343.43,0,0,1.66,,31-Jul-2026,-,-0.659073827831408,-,Infinity,21.83683216958173,-48.96402254009538,https://nsearchives.nseindia.com/today/ITAXISEQN.svg,https://nsearchives.nseindia.com/30d/ITAXIS-EQ.svg,,EQ
NV20,Nifty50 Value 20,14.18,14.22,13.82,13.92,0.07,0.51,52240,725613.6,13.9699,16.87,12.62,27-FEB-26,FACE VALUE SPLIT (SUB-DIVISION) - FROM RS 10/- PER SHARE TO RE 1/- PER SHARE,-90.50995364057813,-2.3842917251051885,13.85,0,-90.56,-1.7,01-Sep-2025,31-Jul-2026,FACE VALUE SPLIT (SUB-DIVISION) - FROM RS 10/- PER SHARE TO RE 1/- PER SHARE,-2.3842917251051885,27-FEB-26,-90.50995364057813,17.486662714878488,-10.301109350237724,https://nsearchives.nseindia.com/today/NV20EQN.svg,https://nsearchives.nseindia.com/30d/NV20-EQ.svg,https://nsearchives.nseindia.com/365d/NV20-EQ.svg,EQ
ITADD,DSP Nifty IT ETF,33.82,33.82,32.63,32.74,-0.41,-1.24,22005,723964.5,33.4247,41.92,27.17,-,-,Infinity,-1.4449127031908395,33.15,0,0,1.72,,31-Jul-2026,-,-1.4449127031908395,-,Infinity,21.89885496183206,-20.500552079499446,https://nsearchives.nseindia.com/today/ITADDEQN.svg,https://nsearchives.nseindia.com/30d/ITADD-EQ.svg,,EQ
GSEC5IETF,Nifty 5 yr Benchmark G-Sec Index,66.53,66.53,66.04,66.25,0.24,0.36,10415,690618.65,66.2091,69.14,62,-,-,6.289106369324566,0.3483792790063678,66.01,0,5.9,-0.74,01-Sep-2025,31-Jul-2026,-,0.3483792790063678,-,6.289106369324566,4.179924790280591,-6.854838709677419,https://nsearchives.nseindia.com/today/GSEC5IETFEQN.svg,https://nsearchives.nseindia.com/30d/GSEC5IETF-EQ.svg,https://nsearchives.nseindia.com/365d/GSEC5IETF-EQ.svg,EQ
GROWWN200,Nifty 200 Index- Total Return Index,11.42,11.45,11.21,11.4,0.12,1.06,57672,649386.72,11.3592,12.14,9.91,-,-,2.9810298102981037,-1.3840830449827002,11.28,0,1.9,-1.05,01-Sep-2025,31-Jul-2026,-,-1.3840830449827002,-,2.9810298102981037,6.095551894563429,-15.035317860746723,https://nsearchives.nseindia.com/today/GROWWN200EQN.svg,https://nsearchives.nseindia.com/30d/GROWWN200-EQ.svg,https://nsearchives.nseindia.com/365d/GROWWN200-EQ.svg,EQ
CONSUMAXIS,NIFTY India Consumption Index,119.38,120.32,119.38,120.12,0.15,0.13,5359,642329.74,121.4619,131.85,105.63,-,-,Infinity,-3.9808153477218147,119.97,0,0,-3.48,,31-Jul-2026,-,-3.9808153477218147,-,Infinity,8.896473265073942,-13.71769383697814,https://nsearchives.nseindia.com/today/CONSUMAXISEQN.svg,https://nsearchives.nseindia.com/30d/CONSUMAXIS-EQ.svg,,EQ
ECAPINSURE,BSE Capital Markets & Insurance Total Return Index,23.71,23.9,23.35,23.88,0,0.00,27027,639729.09,23.9087,25.88,20.5,-,-,4.5534150612959685,-0.375469336670838,23.88,0,4.55,0.25,01-Sep-2025,31-Jul-2026,-,-0.375469336670838,-,4.5534150612959685,7.727975270479135,-16.487804878048774,https://nsearchives.nseindia.com/today/ECAPINSUREEQN.svg,https://nsearchives.nseindia.com/30d/ECAPINSURE-EQ.svg,https://nsearchives.nseindia.com/365d/ECAPINSURE-EQ.svg,EQ
TOP20,Nifty Top 20 Equal Weight,8.93,8.93,8.85,8.91,-0.02,-0.22,72034,638941.58,8.9567,9.99,8,-,-,Infinity,-2.5164113785558033,8.93,0,0,-1.11,,31-Jul-2026,-,-2.5164113785558033,-,Infinity,10.81081081081081,-11.375000000000002,https://nsearchives.nseindia.com/today/TOP20EQN.svg,https://nsearchives.nseindia.com/30d/TOP20-EQ.svg,,EQ
HYBRIDETF,Nifty200 Momentum 30 Plus 8-13 yr G-Sec 50:50 Total Return Index,10.05,10.05,10,10.03,-0.02,-0.20,62333,623330,10.0439,11.99,9.8,-,-,Infinity,-0.2982107355864924,10.05,0,0,0.2,,31-Jul-2026,-,-0.2982107355864924,-,Infinity,16.346955796497088,-2.34693877551019,https://nsearchives.nseindia.com/today/HYBRIDETFEQN.svg,https://nsearchives.nseindia.com/30d/HYBRIDETF-EQ.svg,,EQ
GOLDBND,Commodity - Gold,148.54,150.98,148,149.55,-2.02,-1.33,3995,596213.8,151.7966,180.16,115.17,-,-,Infinity,5.353997886579798,151.57,0,0,6.77,,31-Jul-2026,-,5.353997886579798,-,Infinity,16.990452930728235,-29.851523834331864,https://nsearchives.nseindia.com/today/GOLDBNDEQN.svg,https://nsearchives.nseindia.com/30d/GOLDBND-EQ.svg,,EQ
SETF10GILT,Nifty 10 yr Benchmark G-Sec Index,265.01,265.01,262.1,263.88,0.36,0.14,2249,592206.68,263.7188,272.31,250.37,-,-,3.162750693928615,-0.03409478349813684,263.52,0,3.02,-0.34,01-Sep-2025,31-Jul-2026,-,-0.03409478349813684,-,3.162750693928615,3.0957364768095212,-5.396013899428842,https://nsearchives.nseindia.com/today/SETF10GILTEQN.svg,https://nsearchives.nseindia.com/30d/SETF10GILT-EQ.svg,https://nsearchives.nseindia.com/365d/SETF10GILT-EQ.svg,EQ
NIFTYQLITY,Aditya Birla Sun Life Nifty 200 Quality 30 ETF,21.87,21.87,21.23,21.48,0.04,0.19,27439,584999.48,21.5624,23.03,18.95,-,-,0.1865671641791005,-0.9681881051175696,21.44,0,0,-0.65,01-Sep-2025,31-Jul-2026,-,-0.9681881051175696,-,0.1865671641791005,6.730351715154149,-13.35092348284961,https://nsearchives.nseindia.com/today/NIFTYQLITYEQN.svg,https://nsearchives.nseindia.com/30d/NIFTYQLITY-EQ.svg,https://nsearchives.nseindia.com/365d/NIFTYQLITY-EQ.svg,EQ
MOQUALITY,Motilal Oswal S&P BSE Quality ETF,195.47,199.66,195.47,199.66,0.2,0.10,2910,577373.1,200.9485,225.6,176.15,-,-,3.7733887733887688,-3.33575405470831,199.46,0,3.67,-2.27,01-Sep-2025,31-Jul-2026,-,-3.33575405470831,-,3.7733887733887688,11.49822695035461,-13.346579619642345,https://nsearchives.nseindia.com/today/MOQUALITYEQN.svg,https://nsearchives.nseindia.com/30d/MOQUALITY-EQ.svg,https://nsearchives.nseindia.com/365d/MOQUALITY-EQ.svg,EQ
MOALPHA50,Nifty Alpha 50 Total Return Index,56.15,56.15,55.63,56.15,-0.08,-0.14,10330,577343.7,56.3486,62,42.1,-,-,11.852589641434253,3.235888950174661,56.23,0,12.01,1.81,01-Sep-2025,31-Jul-2026,-,3.235888950174661,-,11.852589641434253,9.435483870967744,-33.372921615201896,https://nsearchives.nseindia.com/today/MOALPHA50EQN.svg,https://nsearchives.nseindia.com/30d/MOALPHA50-EQ.svg,https://nsearchives.nseindia.com/365d/MOALPHA50-EQ.svg,EQ
BANKADD,DSP Nifty Bank ETF,58.63,58.69,58.37,58.68,-0.09,-0.15,9796,573849.68,58.8574,62.9,51.01,-,-,Infinity,0.03409478349813012,58.77,0,0,0.34,,31-Jul-2026,-,0.03409478349813012,-,Infinity,6.709062003179649,-15.03626739854931,https://nsearchives.nseindia.com/today/BANKADDEQN.svg,https://nsearchives.nseindia.com/30d/BANKADD-EQ.svg,,EQ
MIDCAPBETA,UTI Nifty Midcap 150 Exchange Traded Fund (ETF),235,235,231.05,234,-1.13,-0.48,2439,568140.66,235.1594,240,192.5,-,-,Infinity,-0.9314140558848386,235.13,0,0,0.91,,31-Jul-2026,-,-0.9314140558848386,-,Infinity,2.5,-21.558441558441558,https://nsearchives.nseindia.com/today/MIDCAPBETAEQN.svg,https://nsearchives.nseindia.com/30d/MIDCAPBETA-EQ.svg,,EQ
SMALLGROWW,Nifty Smallcap 250 Momentum Quality 100 Index TRI,49.54,49.54,48.44,48.6,-0.5,-1.02,10965,533337.6,48.965,50.84,45,-,-,Infinity,2.1867115222876348,49.1,0,0,4.65,,31-Jul-2026,-,2.1867115222876348,-,Infinity,4.405979543666408,-8.000000000000002,https://nsearchives.nseindia.com/today/SMALLGROWWEQN.svg,https://nsearchives.nseindia.com/30d/SMALLGROWW-EQ.svg,,EQ
TWCGOLDETF,Commodity,150.99,154.77,148.17,154.77,3.77,2.50,3571,532221.84,151.2008,187.98,123.31,-,-,Infinity,9.316287611244524,151,0,0,6.83,,31-Jul-2026,-,9.316287611244524,-,Infinity,17.666773060963923,-25.51293487957182,https://nsearchives.nseindia.com/today/TWCGOLDETFEQN.svg,https://nsearchives.nseindia.com/30d/TWCGOLDETF-EQ.svg,,EQ
MOMGF,Nifty India Manufacturing Total Return Index,165.88,165.88,161.48,162.9,-1.15,-0.70,3235,524167.05,163.7433,182.16,137.9,-,-,13.463815560353844,-0.591932629523402,164.05,0,14.26,0.33,01-Sep-2025,31-Jul-2026,-,-0.591932629523402,-,13.463815560353844,10.573122529644264,-18.129079042784625,https://nsearchives.nseindia.com/today/MOMGFEQN.svg,https://nsearchives.nseindia.com/30d/MOMGF-EQ.svg,https://nsearchives.nseindia.com/365d/MOMGF-EQ.svg,EQ
MSCIINDIA,MSCI India Index,29.63,29.85,29.49,29.82,-0.41,-1.36,16934,502431.78,29.874,32.14,26.5,-,-,2.2283167637984183,-2.2295081967213104,30.23,0,3.63,0.27,01-Sep-2025,31-Jul-2026,-,-2.2295081967213104,-,2.2283167637984183,7.218419415059117,-12.528301886792454,https://nsearchives.nseindia.com/today/MSCIINDIAEQN.svg,https://nsearchives.nseindia.com/30d/MSCIINDIA-EQ.svg,https://nsearchives.nseindia.com/365d/MSCIINDIA-EQ.svg,EQ
HEALTHCARE,Nifty 500 Healthcare Index,22.1,22.1,21.55,21.71,0.02,0.09,22485,486350.55,21.7225,22.43,17.18,-,-,Infinity,0.46274872744100615,21.69,0,0,0.37,,31-Jul-2026,-,0.46274872744100615,-,Infinity,3.209986625055724,-26.36786961583237,https://nsearchives.nseindia.com/today/HEALTHCAREEQN.svg,https://nsearchives.nseindia.com/30d/HEALTHCARE-EQ.svg,,EQ
GROWWNXT50,Index,73.35,73.55,72.35,73.17,-0.18,-0.25,6365,464199.45,73.2434,76.79,60.01,-,-,9.947407963936897,-4.127358490566027,73.35,0,10.22,-0.43,01-Sep-2025,31-Jul-2026,-,-4.127358490566027,-,9.947407963936897,4.714155488995969,-21.929678386935517,https://nsearchives.nseindia.com/today/GROWWNXT50EQN.svg,https://nsearchives.nseindia.com/30d/GROWWNXT50-EQ.svg,https://nsearchives.nseindia.com/365d/GROWWNXT50-EQ.svg,EQ
GROWWMC150,Nifty Midcap 150 Index - TRI,230.75,233,229.52,232.09,-1.98,-0.85,1981,458542.07,233.254,245,193.6,-,-,Infinity,-0.3135469461386435,234.07,0,0,1.23,,31-Jul-2026,-,-0.3135469461386435,-,Infinity,5.269387755102039,-19.881198347107443,https://nsearchives.nseindia.com/today/GROWWMC150EQN.svg,https://nsearchives.nseindia.com/30d/GROWWMC150-EQ.svg,,EQ
LICNMID100,LIC MF Nifty Midcap 100 ETF,64.12,64.12,63.1,63.19,-0.62,-0.97,6896,437344.32,63.7835,67.5,52.3,-,-,-0.5664830841856797,-0.9561128526645759,63.81,0,0.41,0.9,01-Sep-2025,31-Jul-2026,-,-0.9561128526645759,-,-0.5664830841856797,6.385185185185189,-20.822179732313575,https://nsearchives.nseindia.com/today/LICNMID100EQN.svg,https://nsearchives.nseindia.com/30d/LICNMID100-EQ.svg,https://nsearchives.nseindia.com/365d/LICNMID100-EQ.svg,EQ
FMCGADD,Nifty FMCG Index (TRI),46.5,46.68,46.18,46.67,-0.03,-0.06,9246,428459.64,46.6659,51.09,46.18,-,-,Infinity,-6.659999999999997,46.7,0,0,-5.52,,31-Jul-2026,-,-6.659999999999997,-,Infinity,8.65139949109415,-1.0610653962754482,https://nsearchives.nseindia.com/today/FMCGADDEQN.svg,https://nsearchives.nseindia.com/30d/FMCGADD-EQ.svg,,EQ
INFRA,Nifty India Infrastructure & Logistics,11.9,12.37,11.69,11.9,-0.03,-0.25,35960,425766.4,11.9491,13.27,10.14,-,-,Infinity,-2.857142857142854,11.93,0,0,-1.73,,31-Jul-2026,-,-2.857142857142854,-,Infinity,10.324039186134131,-17.357001972386584,https://nsearchives.nseindia.com/today/INFRAEQN.svg,https://nsearchives.nseindia.com/30d/INFRA-EQ.svg,,EQ
BBNPPGOLD,Baroda BNP Paribas Gold ETF,146.8,146.8,144.2,144.85,-2,-1.36,2926,423860.36,147.1382,184.05,100.35,-,-,42.21894943544428,5.6913535206129025,146.85,0,44.18,6.8,01-Sep-2025,31-Jul-2026,-,5.6913535206129025,-,42.21894943544428,21.298560173865805,-44.34479322371699,https://nsearchives.nseindia.com/today/BBNPPGOLDEQN.svg,https://nsearchives.nseindia.com/30d/BBNPPGOLD-EQ.svg,https://nsearchives.nseindia.com/365d/BBNPPGOLD-EQ.svg,EQ
SBINMID150,Nifty Midcap 150 Index,23.43,23.67,23.01,23.26,-0.1,-0.43,18181,419981.1,23.3161,24.06,19.81,-,-,Infinity,-0.7255655142979008,23.36,0,0,0.56,,31-Jul-2026,-,-0.7255655142979008,-,Infinity,3.325020781379872,-17.415446744068667,https://nsearchives.nseindia.com/today/SBINMID150EQN.svg,https://nsearchives.nseindia.com/30d/SBINMID150-EQ.svg,,EQ
ENERGYAXIS,Index,19.15,19.27,18.81,19.01,-0.05,-0.26,20686,392620.28,,0,0,-,-,Infinity,Infinity,19.06,0,0,0,,,-,Infinity,-,Infinity,,,https://nsearchives.nseindia.com/today/ENERGYAXISEQN.svg,,,EQ
MOMENTUM30,Nifty 200 Momentum 30 Index,30.4,30.77,30.37,30.77,0.08,0.26,12686,387176.72,30.747,37.38,26.91,-,-,Infinity,0.5555555555555495,30.69,0,0,0.2,,31-Jul-2026,-,0.5555555555555495,-,Infinity,17.683253076511512,-14.344109996283906,https://nsearchives.nseindia.com/today/MOMENTUM30EQN.svg,https://nsearchives.nseindia.com/30d/MOMENTUM30-EQ.svg,,EQ
GROWWPSE,Nifty PSE Index - TRI,96.64,97.9,94.65,97.82,1.18,1.22,3893,379489.64,97.132,109.85,93.2,-,-,Infinity,-2.3460117799740527,96.64,0,0,-2.89,,31-Jul-2026,-,-2.3460117799740527,-,Infinity,10.951297223486574,-4.9570815450643675,https://nsearchives.nseindia.com/today/GROWWPSEEQN.svg,https://nsearchives.nseindia.com/30d/GROWWPSE-EQ.svg,,EQ
MOIPO,BSE Select IPO Total Return Index,48.24,48.39,48.01,48.32,-0.41,-0.84,7530,363171.9,48.6759,53,36.5,-,-,Infinity,1.0033444816053445,48.73,0,0,3.39,,31-Jul-2026,-,1.0033444816053445,-,Infinity,8.830188679245284,-32.38356164383562,https://nsearchives.nseindia.com/today/MOIPOEQN.svg,https://nsearchives.nseindia.com/30d/MOIPO-EQ.svg,,EQ
MIDCAPADD,Nifty Midcap 150 Index,23.3,23.3,23.04,23.18,-0.15,-0.64,15682,362097.38,23.3184,25.5,19.27,-,-,Infinity,-0.7280513918629623,23.33,0,0,0.52,,31-Jul-2026,-,-0.7280513918629623,-,Infinity,9.098039215686276,-20.290607161390763,https://nsearchives.nseindia.com/today/MIDCAPADDEQN.svg,https://nsearchives.nseindia.com/30d/MIDCAPADD-EQ.svg,,EQ
NIF500BETA,Index,37.68,37.68,37.17,37.31,-0.37,-0.98,9484,353753.2,37.545,38.3,37.17,-,-,Infinity,Infinity,37.68,0,0,0,,,-,Infinity,-,Infinity,2.5848563968668277,-0.3766478342749544,https://nsearchives.nseindia.com/today/NIF500BETAEQN.svg,,,EQ
SBINEQWETF,Nifty50 Equal Weight,33.28,33.67,33,33.19,-0.09,-0.27,10591,350562.1,33.3493,36.4,29.64,-,-,4.700315457413244,-3.0948905109489115,33.28,0,4.98,-1.65,01-Sep-2025,31-Jul-2026,-,-3.0948905109489115,-,4.700315457413244,8.818681318681323,-11.9770580296896,https://nsearchives.nseindia.com/today/SBINEQWETFEQN.svg,https://nsearchives.nseindia.com/30d/SBINEQWETF-EQ.svg,https://nsearchives.nseindia.com/365d/SBINEQWETF-EQ.svg,EQ
AONETMMQ50,Nifty Total Market Momentum Quality 50 TRI,10.33,10.5,10.18,10.32,-0.01,-0.10,33121,340152.67,10.3659,10.87,8,-,-,Infinity,3.4068136272545075,10.33,0,0,2.89,,31-Jul-2026,-,3.4068136272545075,-,Infinity,5.059797608095667,-29.000000000000004,https://nsearchives.nseindia.com/today/AONETMMQ50EQN.svg,https://nsearchives.nseindia.com/30d/AONETMMQ50-EQ.svg,,EQ
EQUAL200,BSE 200 Equal Weight,13.83,13.9,13.68,13.9,0.07,0.51,24530,337287.5,11.719,14.6,11.75,-,-,8.424336973478939,-1.2784090909090888,13.83,0,7.88,-0.58,01-Sep-2025,31-Jul-2026,-,-1.2784090909090888,-,8.424336973478939,4.794520547945201,-18.297872340425535,https://nsearchives.nseindia.com/today/EQUAL200EQN.svg,https://nsearchives.nseindia.com/30d/EQUAL200-EQ.svg,https://nsearchives.nseindia.com/365d/EQUAL200-EQ.svg,EQ
NEXT30ADD,BSE SENSEX Next 30 Index,42.78,42.78,42.28,42.6,-0.18,-0.42,7799,331223.53,42.808,46.7,36.98,-,-,10.33411033411034,-2.4054982817869353,42.78,0,10.8,-0.95,01-Sep-2025,31-Jul-2026,-,-2.4054982817869353,-,10.33411033411034,8.77944325481799,-15.197404002163346,https://nsearchives.nseindia.com/today/NEXT30ADDEQN.svg,https://nsearchives.nseindia.com/30d/NEXT30ADD-EQ.svg,https://nsearchives.nseindia.com/365d/NEXT30ADD-EQ.svg,EQ
PVTBKGROWW,Nifty Private Bank Index - TRI,27.66,27.95,27.41,27.5,-0.23,-0.83,11623,321375.95,27.8893,29.57,25.45,-,-,Infinity,-1.043540842029504,27.73,0,0,0.84,,31-Jul-2026,-,-1.043540842029504,-,Infinity,7.000338180588435,-8.055009823182713,https://nsearchives.nseindia.com/today/PVTBKGROWWEQN.svg,https://nsearchives.nseindia.com/30d/PVTBKGROWW-EQ.svg,,EQ
MON50EQUAL,Nifty 50 Equal Weight Total Return Index,33.06,33.23,32.88,33.23,-0.03,-0.09,9715,320109.25,33.2809,36,29.43,-,-,5.05848877647802,-2.9497663551402016,33.26,0,5.15,-1.89,01-Sep-2025,31-Jul-2026,-,-2.9497663551402016,-,5.05848877647802,7.6944444444444535,-12.911994563370701,https://nsearchives.nseindia.com/today/MON50EQUALEQN.svg,https://nsearchives.nseindia.com/30d/MON50EQUAL-EQ.svg,https://nsearchives.nseindia.com/365d/MON50EQUAL-EQ.svg,EQ
NEXT50ADD,Nifty Next 50 TRI,72.6,73.56,72.4,73.56,0.2,0.27,4293,313389,73.2964,81,56.25,-,-,Infinity,-0.7555315704263387,73.36,0,0,-1.12,,31-Jul-2026,-,-0.7555315704263387,-,Infinity,9.185185185185182,-30.773333333333337,https://nsearchives.nseindia.com/today/NEXT50ADDEQN.svg,https://nsearchives.nseindia.com/30d/NEXT50ADD-EQ.svg,,EQ
GROWWPSUBK,Nifty PSU Bank Index - TRI,85.46,86.02,83.88,85.45,-0.01,-0.01,3573,303955.11,85.3192,91.19,77.57,-,-,Infinity,0.7665094339622709,85.46,0,0,2.04,,31-Jul-2026,-,0.7665094339622709,-,Infinity,6.294549840991332,-10.158566456104177,https://nsearchives.nseindia.com/today/GROWWPSUBKEQN.svg,https://nsearchives.nseindia.com/30d/GROWWPSUBK-EQ.svg,,EQ
NETF,Tata Nifty 50 Exchange Traded Fund,261,261.43,259.5,261.43,0.26,0.10,1117,290877.97,262.0418,292.9,240.66,-,-,-1.6440933032355172,-1.9870280808308067,261.17,0,-1.74,-1.16,01-Sep-2025,31-Jul-2026,-,-1.9870280808308067,-,-1.6440933032355172,10.744281324684184,-8.630432975982718,https://nsearchives.nseindia.com/today/NETFEQN.svg,https://nsearchives.nseindia.com/30d/NETF-EQ.svg,https://nsearchives.nseindia.com/365d/NETF-EQ.svg,EQ
MOINFRA,BSE India Infrastructure Total Return Index,57.8,58.58,57.49,58.29,0.21,0.36,4758,275535.78,57.945,66,54.6,-,-,1.7099982551038158,-4.832653061224492,58.08,0,1.34,-4.16,01-Sep-2025,31-Jul-2026,-,-4.832653061224492,-,1.7099982551038158,11.681818181818183,-6.758241758241754,https://nsearchives.nseindia.com/today/MOINFRAEQN.svg,https://nsearchives.nseindia.com/30d/MOINFRA-EQ.svg,https://nsearchives.nseindia.com/365d/MOINFRA-EQ.svg,EQ
CONS,Kotak Nifty India Consumption ETF,11.88,12.3,11.88,12.1,-0.02,-0.17,21260,254694.8,12.146,13.2,10.2,27-FEB-26,FACE VALUE SPLIT (SUB-DIVISION) - FROM RS 10/- PER SHARE TO RE 1/- PER SHARE,-90.30448717948718,-2.9671210906174896,12.12,0,-90.29,-2.81,01-Sep-2025,31-Jul-2026,FACE VALUE SPLIT (SUB-DIVISION) - FROM RS 10/- PER SHARE TO RE 1/- PER SHARE,-2.9671210906174896,27-FEB-26,-90.30448717948718,8.333333333333332,-18.62745098039216,https://nsearchives.nseindia.com/today/CONSEQN.svg,https://nsearchives.nseindia.com/30d/CONS-EQ.svg,https://nsearchives.nseindia.com/365d/CONS-EQ.svg,EQ
GROWWLOVOL,Nifty 500 Low Volatility 50 Index   TRI,10.3,10.52,10.21,10.48,0.1,0.96,22557,232337.1,10.3811,11.1,9.39,-,-,2.7450980392156974,-2.0560747663551298,10.38,0,1.76,-2.26,01-Sep-2025,31-Jul-2026,-,-2.0560747663551298,-,2.7450980392156974,5.585585585585579,-11.608093716719912,https://nsearchives.nseindia.com/today/GROWWLOVOLEQN.svg,https://nsearchives.nseindia.com/30d/GROWWLOVOL-EQ.svg,https://nsearchives.nseindia.com/365d/GROWWLOVOL-EQ.svg,EQ
HDFCQUAL,HDFC NIFTY100 Quality 30 ETF,59.25,59.25,58.4,58.63,-0.51,-0.86,3956,231900.72,59.2952,61.87,51.91,-,-,1.0339479579527855,-1.1131725417439646,59.14,0,1.91,0.42,01-Sep-2025,31-Jul-2026,-,-1.1131725417439646,-,1.0339479579527855,5.236786811055431,-12.945482565979592,https://nsearchives.nseindia.com/today/HDFCQUALEQN.svg,https://nsearchives.nseindia.com/30d/HDFCQUAL-EQ.svg,https://nsearchives.nseindia.com/365d/HDFCQUAL-EQ.svg,EQ
HDFCVALUE,HDFC NIFTY50 Value 20 ETF,124,125.69,123.19,125.69,0.13,0.10,1842,229568.46,125.7782,147.05,120,-,-,-5.375291726266667,-1.9655253100382264,125.56,0,-5.47,-1.19,01-Sep-2025,31-Jul-2026,-,-1.9655253100382264,-,-5.375291726266667,14.525671540292425,-4.7416666666666645,https://nsearchives.nseindia.com/today/HDFCVALUEEQN.svg,https://nsearchives.nseindia.com/30d/HDFCVALUE-EQ.svg,https://nsearchives.nseindia.com/365d/HDFCVALUE-EQ.svg,EQ
GSEC10YEAR,Mirae Asset Nifty 8-13 yr G-Sec ETF,31.12,31.12,30.24,30.57,0.06,0.20,7377,223080.48,30.3595,31.33,28.39,-,-,5.66885585896993,1.3930348258706524,30.51,0,5.46,0.66,01-Sep-2025,31-Jul-2026,-,1.3930348258706524,-,5.66885585896993,2.425789977657191,-7.678760126805212,https://nsearchives.nseindia.com/today/GSEC10YEAREQN.svg,https://nsearchives.nseindia.com/30d/GSEC10YEAR-EQ.svg,https://nsearchives.nseindia.com/365d/GSEC10YEAR-EQ.svg,EQ
SBIVALETF,Nifty200 Value 30 Index,14.71,14.71,14.51,14.65,0.01,0.07,13175,192355,14.6287,17.7,14.43,-,-,Infinity,-3.044341495698207,14.64,0,0,-2.2,,31-Jul-2026,-,-3.044341495698207,-,Infinity,17.23163841807909,-1.524601524601529,https://nsearchives.nseindia.com/today/SBIVALETFEQN.svg,https://nsearchives.nseindia.com/30d/SBIVALETF-EQ.svg,,EQ
ENIFTY,Nifty 50 TRI,25.03,25.03,24.04,24.14,-0.28,-1.15,7983,192230.64,24.2549,27.99,22.28,-,-,Infinity,-2.622025010084706,24.42,0,0,-0.69,,31-Jul-2026,-,-2.622025010084706,-,Infinity,13.754912468738828,-8.348294434470374,https://nsearchives.nseindia.com/today/ENIFTYEQN.svg,https://nsearchives.nseindia.com/30d/ENIFTY-EQ.svg,,EQ
HEALTHAXIS,Nifty Healthcare Index,169.73,173,168.32,171.27,2.07,1.22,1130,191286.4,169.7063,190,135.2,-,-,Infinity,0.5932103841184185,169.2,0,0,-0.82,,31-Jul-2026,-,0.5932103841184185,-,Infinity,9.8578947368421,-26.678994082840255,https://nsearchives.nseindia.com/today/HEALTHAXISEQN.svg,https://nsearchives.nseindia.com/30d/HEALTHAXIS-EQ.svg,,EQ
ENEXT50,Nifty Next 50 Total Return Index,72.49,72.77,71.85,72.09,-0.82,-1.12,2112,152338.56,72.6649,76,68.59,-,-,Infinity,-2.5810810810810763,72.91,0,0,-1.02,,31-Jul-2026,-,-2.5810810810810763,-,Infinity,5.144736842105258,-5.102784662487243,https://nsearchives.nseindia.com/today/ENEXT50EQN.svg,https://nsearchives.nseindia.com/30d/ENEXT50-EQ.svg,,EQ
ITBETA,UTI Nifty IT ETF,326,328.19,325.32,325.32,-3.7,-1.12,448,146289.92,331.4589,409.94,270.68,-,-,Infinity,0.283600493218254,329.02,0,0,1.75,,31-Jul-2026,-,0.283600493218254,-,Infinity,20.642045177343025,-20.18619772425003,https://nsearchives.nseindia.com/today/ITBETAEQN.svg,https://nsearchives.nseindia.com/30d/ITBETA-EQ.svg,,EQ
IVZSENSEX,BSE Sensex TRI,76.53,76.71,76.16,76.62,0.27,0.35,1849,141393.03,76.9696,79.2,75.53,-,-,Infinity,Infinity,76.35,0,0,0,,,-,Infinity,-,Infinity,3.257575757575755,-1.4431351780749415,https://nsearchives.nseindia.com/today/IVZSENSEXEQN.svg,,,EQ
SNXT50BETA,BSE Sensex Next 50,94.15,95.35,93.01,95,0.66,0.70,1391,130726.18,95.121,102.25,77.11,17-FEB-21, FACE VALUE SPLIT (SUB-DIVISION) - FROM RS 10/- PER UNIT TO RE 1/- PER UNIT,Infinity,-0.8764607679465811,94.34,0,0,-0.96,,31-Jul-2026, FACE VALUE SPLIT (SUB-DIVISION) - FROM RS 10/- PER UNIT TO RE 1/- PER UNIT,-0.8764607679465811,17-FEB-21,Infinity,7.090464547677262,-23.200622487355727,https://nsearchives.nseindia.com/today/SNXT50BETAEQN.svg,https://nsearchives.nseindia.com/30d/SNXT50BETA-EQ.svg,,EQ
QUALITY30,Nifty200 Quality 30 Index,20.69,20.85,20.65,20.85,-0.01,-0.05,6019,124653.49,20.929,23.18,18.09,-,-,0.5303760848601881,-1.7436380772855677,20.86,0,0.58,-0.38,01-Sep-2025,31-Jul-2026,-,-1.7436380772855677,-,0.5303760848601881,10.051768766177732,-15.257048092868997,https://nsearchives.nseindia.com/today/QUALITY30EQN.svg,https://nsearchives.nseindia.com/30d/QUALITY30-EQ.svg,https://nsearchives.nseindia.com/365d/QUALITY30-EQ.svg,EQ
LICNETFSEN,SENSEX,866.65,867.56,861.41,861.96,-10.04,-1.15,143,123550.57,869.8051,974.02,803,-,-,-3.920279112280267,-2.9870568373663438,872,0,-2.8,-0.58,01-Sep-2025,31-Jul-2026,-,-2.9870568373663438,-,-3.920279112280267,11.504897230036338,-7.342465753424662,https://nsearchives.nseindia.com/today/LICNETFSENEQN.svg,https://nsearchives.nseindia.com/30d/LICNETFSEN-EQ.svg,https://nsearchives.nseindia.com/365d/LICNETFSEN-EQ.svg,EQ
BBNPNBETF,Baroda BNP Paribas NIFTY Bank ETF,57.76,57.88,57.2,57.44,-0.42,-0.73,2071,118833.98,57.9294,62.77,50.03,-,-,5.704821494295167,-1.4582261108251868,57.86,0,6.48,0.52,01-Sep-2025,31-Jul-2026,-,-1.4582261108251868,-,5.704821494295167,8.491317508363876,-14.811113332000792,https://nsearchives.nseindia.com/today/BBNPNBETFEQN.svg,https://nsearchives.nseindia.com/30d/BBNPNBETF-EQ.svg,https://nsearchives.nseindia.com/365d/BBNPNBETF-EQ.svg,EQ
BNKETFAXIS,Nifty Bank,588.42,591.4,586.07,590.89,-0.9,-0.15,201,118517.64,592.7717,647.82,512.51,-,-,Infinity,-0.4749793670310505,591.79,0,0,0.73,,30-Jul-2026,-,-0.4749793670310505,-,Infinity,8.78793492019389,-15.293360129558447,https://nsearchives.nseindia.com/today/BNKETFAXISEQN.svg,https://nsearchives.nseindia.com/30d/BNKETFAXIS-EQ.svg,,EQ
MOMETAL,Nifty Metal Index,13.09,13.15,13.03,13.15,-0.03,-0.23,9072,118389.6,13.1895,13.75,12.85,-,-,Infinity,Infinity,13.18,0,0,0,,,-,Infinity,-,Infinity,4.363636363636361,-2.334630350194558,https://nsearchives.nseindia.com/today/MOMETALEQN.svg,,,EQ
MIDBANKADD,BSE MidSmall Private Banks Index,17.4,17.4,17.12,17.33,-0.01,-0.06,5659,96938.67,17.3304,18.22,17.09,-,-,Infinity,Infinity,17.34,0,0,0,,,-,Infinity,-,Infinity,4.884742041712407,-1.404330017554116,https://nsearchives.nseindia.com/today/MIDBANKADDEQN.svg,,,EQ
BSLSENETFG,BSE SENSEX Index,79.37,79.37,76.8,77.09,-0.73,-0.94,1239,95650.8,77.649,87.82,70.32,25-NOV-21, FACE VALUE SPLIT (SUB-DIVISION) - FROM RS 10/- PER SHARE TO RE 1- PER SHARE,-3.8897893030794046,-2.590346221885263,77.82,0,-2.98,-0.93,01-Sep-2025,31-Jul-2026, FACE VALUE SPLIT (SUB-DIVISION) - FROM RS 10/- PER SHARE TO RE 1- PER SHARE,-2.590346221885263,25-NOV-21,-3.8897893030794046,12.218173536779767,-9.627417519909002,https://nsearchives.nseindia.com/today/BSLSENETFGEQN.svg,https://nsearchives.nseindia.com/30d/BSLSENETFG-EQ.svg,https://nsearchives.nseindia.com/365d/BSLSENETFG-EQ.svg,EQ
IDFNIFTYET,Nifty 50,263.94,269.9,262.94,269.75,4.34,1.64,340,90205.4,266.0065,340.8,244.32,-,-,0.25272233991154974,-0.6592030640053106,265.41,0,-1.36,-1.55,01-Sep-2025,31-Jul-2026,-,-0.6592030640053106,-,0.25272233991154974,20.848004694835684,-10.408480681074005,https://nsearchives.nseindia.com/today/IDFNIFTYETEQN.svg,https://nsearchives.nseindia.com/30d/IDFNIFTYET-EQ.svg,https://nsearchives.nseindia.com/365d/IDFNIFTYET-EQ.svg,EQ
MSCI360,MSCI India Index,10.12,10.12,9.99,10.07,-0.05,-0.49,8982,90179.28,10.1083,12.24,9.6,-,-,Infinity,-2.892960462873664,10.12,0,0,-1.08,,31-Jul-2026,-,-2.892960462873664,-,Infinity,17.72875816993464,-4.89583333333334,https://nsearchives.nseindia.com/today/MSCI360EQN.svg,https://nsearchives.nseindia.com/30d/MSCI360-EQ.svg,,EQ
ELMDIV,Index (BSE LargeMid (60:40) Stable Dividend 50),37.35,37.35,35.83,36.18,-0.02,-0.06,2336,84680,36.5395,38.67,35.83,-,-,Infinity,Infinity,36.2,0,0,0,,,-,Infinity,-,Infinity,6.439100077579524,-0.9768350544236714,https://nsearchives.nseindia.com/today/ELMDIVEQN.svg,,,EQ
MOSERVICE,Nifty Services Sector Total Return Index,30.56,30.74,30.56,30.73,-0.04,-0.13,2616,80154.24,30.9393,35.37,28.3,-,-,Infinity,-3.2735284859930727,30.77,0,0,-2.29,,31-Jul-2026,-,-3.2735284859930727,-,Infinity,13.118461973423798,-8.586572438162543,https://nsearchives.nseindia.com/today/MOSERVICEEQN.svg,https://nsearchives.nseindia.com/30d/MOSERVICE-EQ.svg,,EQ
VALUE,Nifty 500 Value 50,16.31,16.31,15.87,16.05,0.06,0.38,4965,79241.4,16.0002,19.69,14.83,-,-,Infinity,-1.834862385321105,15.99,0,0,-1.48,,31-Jul-2026,-,-1.834862385321105,-,Infinity,18.486541391569325,-8.226567768037764,https://nsearchives.nseindia.com/today/VALUEEQN.svg,https://nsearchives.nseindia.com/30d/VALUE-EQ.svg,,EQ
EMETAL,Nifty Metal Total Return Index,13.61,13.61,13.05,13.15,-0.13,-0.98,5814,76395.96,13.1788,15.21,12.41,-,-,Infinity,1.622874806800625,13.28,0,0,3.19,,31-Jul-2026,-,1.622874806800625,-,Infinity,13.543721236028931,-5.962933118452863,https://nsearchives.nseindia.com/today/EMETALEQN.svg,https://nsearchives.nseindia.com/30d/EMETAL-EQ.svg,,EQ
LICNETFN50,Nifty 50,268.65,268.86,266.9,267.6,-2.35,-0.87,283,75761.93,270.0696,295,248.17,-,-,-1.834189288334556,-3.0223961730810958,269.95,0,-0.97,-1.06,01-Sep-2025,31-Jul-2026,-,-3.0223961730810958,-,-1.834189288334556,9.288135593220332,-7.829310553249804,https://nsearchives.nseindia.com/today/LICNETFN50EQN.svg,https://nsearchives.nseindia.com/30d/LICNETFN50-EQ.svg,https://nsearchives.nseindia.com/365d/LICNETFN50-EQ.svg,EQ
PVTBANK,Index,27.62,27.75,27.6,27.6,-0.04,-0.14,2433,67321.11,27.85,28.33,27.01,-,-,Infinity,-0.933237616654695,27.64,0,0,0.51,,31-Jul-2026,-,-0.933237616654695,-,Infinity,2.576773738086823,-2.184376156978896,https://nsearchives.nseindia.com/today/PVTBANKEQN.svg,https://nsearchives.nseindia.com/30d/PVTBANK-EQ.svg,,EQ
MOBANK10,BSE Top 10 Banks Total Return Index,16.8,16.85,16.79,16.79,-0.07,-0.42,3999,67183.2,16.9219,20,15.75,-,-,Infinity,-2.2131624927198748,16.86,0,0,-2.15,,31-Jul-2026,-,-2.2131624927198748,-,Infinity,16.050000000000004,-6.6031746031745975,https://nsearchives.nseindia.com/today/MOBANK10EQN.svg,https://nsearchives.nseindia.com/30d/MOBANK10-EQ.svg,,EQ
SENSEXAXIS,AXIS S&P BSE SENSEX ETF,79,79.7,79,79.56,0.17,0.21,799,63536.48,79.9137,91.35,73.52,-,-,Infinity,-1.777777777777775,79.39,0,0,-2.07,,31-Jul-2026,-,-1.777777777777775,-,Infinity,12.90640394088669,-8.215451577801968,https://nsearchives.nseindia.com/today/SENSEXAXISEQN.svg,https://nsearchives.nseindia.com/30d/SENSEXAXIS-EQ.svg,,EQ
IVZBANKNF,Nifty Bank TRI,58.45,58.45,56.9,57,-0.3,-0.52,982,56003.46,57.3625,58.45,56.9,-,-,Infinity,Infinity,57.3,0,0,0,,,-,Infinity,-,Infinity,2.4807527801539826,-0.175746924428825,https://nsearchives.nseindia.com/today/IVZBANKNFEQN.svg,,,EQ
LARGEMID50,BSE LargeMid (60:40) Stable Dividend 50 TRI (Total Return Index),36.27,36.35,36.16,36.34,-0.18,-0.49,1300,47099,36.5456,38,36.16,-,-,Infinity,Infinity,36.52,0,0,0,,,-,Infinity,-,Infinity,4.36842105263157,-0.49778761061948795,https://nsearchives.nseindia.com/today/LARGEMID50EQN.svg,,,EQ
LOWVOL,Mirae Asset Nifty 100 Low Volatility 30 ETF,211.27,211.27,205.05,206.2,-0.93,-0.45,221,45497.27,207.3831,219.1,183.58,-,-,-1.3397129186602925,-3.7797480167988904,207.13,0,-0.89,-2.16,01-Sep-2025,31-Jul-2026,-,-3.7797480167988904,-,-1.3397129186602925,5.887722501141034,-12.321603660529457,https://nsearchives.nseindia.com/today/LOWVOLEQN.svg,https://nsearchives.nseindia.com/30d/LOWVOL-EQ.svg,https://nsearchives.nseindia.com/365d/LOWVOL-EQ.svg,EQ
EBANK10,Index (BSE Top 10 Bank),16.71,16.74,16.57,16.71,0,0.00,2651,44192.17,16.7918,17.9,16.57,-,-,Infinity,Infinity,16.71,0,0,0,,,-,Infinity,-,Infinity,6.648044692737418,-0.8449004224502147,https://nsearchives.nseindia.com/today/EBANK10EQN.svg,,,EQ
HDFCLOWVOL,HDFC NIFTY100 Low Volatility 30 ETF,20.53,20.67,20.51,20.67,-0.02,-0.10,2076,42641.04,20.7177,22.28,18.35,20-OCT-23,FACE VALUE SPLIT (SUB-DIVISION) - FROM RS 126.18/- PER SHARE TO RS 12.618/- PER SHARE,-1.053135471517467,-2.499999999999989,20.69,0,-0.96,-1.94,01-Sep-2025,31-Jul-2026,FACE VALUE SPLIT (SUB-DIVISION) - FROM RS 126.18/- PER SHARE TO RS 12.618/- PER SHARE,-2.499999999999989,20-OCT-23,-1.053135471517467,7.226211849192097,-12.643051771117166,https://nsearchives.nseindia.com/today/HDFCLOWVOLEQN.svg,https://nsearchives.nseindia.com/30d/HDFCLOWVOL-EQ.svg,https://nsearchives.nseindia.com/365d/HDFCLOWVOL-EQ.svg,EQ
SENSEXADD,DSP S&P BSE Sensex ETF,78.88,79.13,78.76,79.08,-0.29,-0.37,484,38197.28,79.4238,88.2,73.27,-,-,-3.6901717208622595,-2.502774010602886,79.37,0,-3.34,-1.23,01-Sep-2025,31-Jul-2026,-,-2.502774010602886,-,-3.6901717208622595,10.340136054421773,-7.929575542513993,https://nsearchives.nseindia.com/today/SENSEXADDEQN.svg,https://nsearchives.nseindia.com/30d/SENSEXADD-EQ.svg,https://nsearchives.nseindia.com/365d/SENSEXADD-EQ.svg,EQ
LIQUIDBETA,Nifty 1D Rate Index,1006.57,1006.59,1006.57,1006.57,0.11,0.01,37,37243.09,1006.4517,1009.78,997.13,-,-,Infinity,0.387960266485828,1006.46,0,0,0.43,,30-Jul-2026,-,0.387960266485828,-,Infinity,0.3178910257679814,-0.9467170780139054,https://nsearchives.nseindia.com/today/LIQUIDBETAEQN.svg,https://nsearchives.nseindia.com/30d/LIQUIDBETA-EQ.svg,,EQ
MOOILGAS,Nifty Oil & Gas ETF Total Return Index,11.4,11.4,11.08,11.18,-0.02,-0.18,3250,36302.5,11.149,11.7,10.9,-,-,Infinity,Infinity,11.2,0,0,0,,,-,Infinity,-,Infinity,4.444444444444441,-2.568807339449535,https://nsearchives.nseindia.com/today/MOOILGASEQN.svg,,,EQ
EBANKNIFTY,Edelweiss Nifty Bank ETF,57.32,57.9,57.32,57.83,-0.12,-0.21,597,34446.9,57.9684,69.39,50.05,-,-,6.227038941954446,-0.9929806539976003,57.95,0,6.45,0,01-Sep-2025,31-Jul-2026,-,-0.9929806539976003,-,6.227038941954446,16.659461017437675,-15.544455544455548,https://nsearchives.nseindia.com/today/EBANKNIFTYEQN.svg,https://nsearchives.nseindia.com/30d/EBANKNIFTY-EQ.svg,https://nsearchives.nseindia.com/365d/EBANKNIFTY-EQ.svg,EQ
IVZINNIFTY,Nifty 50,275.76,275.76,273.6,274.31,-1.45,-0.53,114,31270.2,276.1043,315,251.1,31-JUL-26,FACE VALUE SPLIT (SUB-DIVISION) - FROM RS 10/- PER SHARE TO RE 1/- PER SHARE,-90.1348984575327,-2.370359824892346,275.76,0,-90.08,-1.72,01-Sep-2025,31-Jul-2026,FACE VALUE SPLIT (SUB-DIVISION) - FROM RS 10/- PER SHARE TO RE 1/- PER SHARE,-2.370359824892346,31-JUL-26,-90.1348984575327,12.917460317460318,-9.243329350856236,https://nsearchives.nseindia.com/today/IVZINNIFTYEQN.svg,https://nsearchives.nseindia.com/30d/IVZINNIFTY-EQ.svg,https://nsearchives.nseindia.com/365d/IVZINNIFTY-EQ.svg,EQ
GILT5BETA,UTI Nifty 5 yr Benchmark G-Sec ETF,66.33,66.89,65.69,65.69,0.01,0.02,462,30884.7,66.2621,67.62,61.51,-,-,Infinity,-0.5149174617598113,65.68,0,0,-1.57,,31-Jul-2026,-,-0.5149174617598113,-,Infinity,2.8541851523218082,-6.795642984880508,https://nsearchives.nseindia.com/today/GILT5BETAEQN.svg,https://nsearchives.nseindia.com/30d/GILT5BETA-EQ.svg,,EQ
BANK10BETF,Index,20.61,20.75,20.61,20.62,-0.12,-0.58,1489,30807.41,20.8196,24.9,20.17,-,-,Infinity,-0.960614793467816,20.74,0,0,-1.14,,31-Jul-2026,-,-0.960614793467816,-,Infinity,17.188755020080315,-2.2310361923648947,https://nsearchives.nseindia.com/today/BANK10BETFEQN.svg,https://nsearchives.nseindia.com/30d/BANK10BETF-EQ.svg,,EQ
LICNFNHGP,Nifty 100,274.6,275.92,273.42,275.75,1.4,0.51,106,29073.68,275.9781,296.41,248.02,-,-,0.6129820848688317,-2.430825843889323,274.35,0,0.1,-0.94,01-Sep-2025,31-Jul-2026,-,-2.430825843889323,-,0.6129820848688317,6.970075233629103,-11.180549955648734,https://nsearchives.nseindia.com/today/LICNFNHGPEQN.svg,https://nsearchives.nseindia.com/30d/LICNFNHGP-EQ.svg,https://nsearchives.nseindia.com/365d/LICNFNHGP-EQ.svg,EQ
ESENSEX,BSE Sensex TRI,78.88,78.88,76.53,77,-1.16,-1.48,304,23441.44,77.5138,88.05,71.87,-,-,Infinity,-2.986014867078247,78.16,0,0,-0.75,,31-Jul-2026,-,-2.986014867078247,-,Infinity,12.549687677455989,-7.137887853068032,https://nsearchives.nseindia.com/today/ESENSEXEQN.svg,https://nsearchives.nseindia.com/30d/ESENSEX-EQ.svg,,EQ
ABSLMSCIN,MSCI India Index,29.51,29.51,29.14,29.37,-0.14,-0.47,553,16225.02,29.5476,35.34,26.34,-,-,Infinity,-1.4098690835850896,29.51,0,0,-1.21,,31-Jul-2026,-,-1.4098690835850896,-,Infinity,16.893039049236,-11.503416856492032,https://nsearchives.nseindia.com/today/ABSLMSCINEQN.svg,https://nsearchives.nseindia.com/30d/ABSLMSCIN-EQ.svg,,EQ
NPBET,Nifty Private Bank Index,286.63,292,285.5,285.5,-2.18,-0.76,55,15775.1,288.0772,307,246.26,-,-,5.257336676006485,-1.1666147401945528,287.68,0,6.06,1.04,01-Sep-2025,31-Jul-2026,-,-1.1666147401945528,-,5.257336676006485,7.003257328990228,-15.934378299358405,https://nsearchives.nseindia.com/today/NPBETEQN.svg,https://nsearchives.nseindia.com/30d/NPBET-EQ.svg,https://nsearchives.nseindia.com/365d/NPBET-EQ.svg,EQ
MSCIADD,MSCI India Index,29.52,29.52,29.2,29.41,-0.14,-0.47,534,15651.54,29.5664,33.82,26.4,-,-,Infinity,-2.194878616561357,29.55,0,0,-1.37,,31-Jul-2026,-,-2.194878616561357,-,Infinity,13.039621525724423,-11.40151515151516,https://nsearchives.nseindia.com/today/MSCIADDEQN.svg,https://nsearchives.nseindia.com/30d/MSCIADD-EQ.svg,,EQ
ABSL10BANK,BSE Top 10 Banks Index,168,168.02,167.74,167.74,-0.62,-0.37,34,5710.64,169.0919,214.42,150,-,-,Infinity,-2.4483861587670717,168.36,0,0,-1.14,,31-Jul-2026,-,-2.4483861587670717,-,Infinity,21.770357242794507,-11.826666666666673,https://nsearchives.nseindia.com/today/ABSL10BANKEQN.svg,https://nsearchives.nseindia.com/30d/ABSL10BANK-EQ.svg,,EQ
ABGSEC,Aditya Birla Sun Life CRISIL Broad Based Gilt ETF,113.68,114.75,113.51,113.51,-0.17,-0.15,44,5037.12,114.0744,118,108.33,-,-,3.7189327485380184,-0.10560591393117165,113.68,0,3.87,-0.29,01-Sep-2025,31-Jul-2026,-,-0.10560591393117165,-,3.7189327485380184,3.8050847457627075,-4.781685590325862,https://nsearchives.nseindia.com/today/ABGSECEQN.svg,https://nsearchives.nseindia.com/30d/ABGSEC-EQ.svg,https://nsearchives.nseindia.com/365d/ABGSEC-EQ.svg,EQ
GSEC10IETF,ICICI Prudential Nifty 10 yr Benchmark G-Sec ETF,264.81,264.81,262.55,262.55,-0.95,-0.36,10,2644.5,263.244,269.59,252.23,-,-,2.896221978366521,-0.8384635721569553,263.5,0,3.27,0.65,01-Sep-2025,31-Jul-2026,-,-0.8384635721569553,-,2.896221978366521,2.6113728254015225,-4.091503786226865,https://nsearchives.nseindia.com/today/GSEC10IETFEQN.svg,https://nsearchives.nseindia.com/30d/GSEC10IETF-EQ.svg,https://nsearchives.nseindia.com/365d/GSEC10IETF-EQ.svg,EQ
GILT10BETA,UTI Nifty 10 yr Benchmark G-Sec ETF,26.65,26.76,26.65,26.75,0.23,0.87,21,561.33,26.4947,27.14,25.1,-,-,Infinity,0.8292499057670518,26.52,0,0,0.61,,31-Jul-2026,-,0.8292499057670518,-,Infinity,1.4369933677229203,-6.573705179282863,https://nsearchives.nseindia.com/today/GILT10BETAEQN.svg,https://nsearchives.nseindia.com/30d/GILT10BETA-EQ.svg,,EQ
GSEC10ABSL,CRISIL 10 Year Gilt ETF,112.62,113.06,111.61,111.61,-1.04,-0.92,3,337.29,112.1655,115,107.65,-,-,2.667647870481102,-1.4655248521232425,112.65,0,3.62,-0.68,01-Sep-2025,31-Jul-2026,-,-1.4655248521232425,-,2.667647870481102,2.947826086956522,-3.6785880167208487,https://nsearchives.nseindia.com/today/GSEC10ABSLEQN.svg,https://nsearchives.nseindia.com/30d/GSEC10ABSL-EQ.svg,https://nsearchives.nseindia.com/365d/GSEC10ABSL-EQ.svg,EQ
GSEC10ADD,Nifty 10 yr Benchmark G-Sec,0,0,0,26.49,0,0.00,0,0,26.6206,27.5,26.49,-,-,Infinity,Infinity,26.49,0,0,0,,,-,Infinity,-,Infinity,3.6727272727272786,0,https://nsearchives.nseindia.com/today/GSEC10ADDEQN.svg,,,EQ
