symbol,assets,open,high,low,ltP,chn,per,qty,trdVal,nav,wkhi,wklo,xDt,cAct,yPC,mPC,prevClose,stockIndClosePrice,perChange365d,perChange30d,date365dAgo,date30dAgo,CAct,MPC,XDt,YPC,nearWKH,nearWKL,chartTodayPath,chart30dPath,chart365dPath,series
GOLDBEES,Gold,133.02,133.45,132.28,132.8,-0.22,-0.17,39819108,5290366688.88,132.8656,148.14,83,19-DEC-19, FACE VALUE SPLIT (SUB-DIVISION) - FROM RS 100/- TO RS 1/-,59.04191616766468,11.954139268251565,133.02,0,61,12.81,22-Aug-2025,24-Jul-2026, FACE VALUE SPLIT (SUB-DIVISION) - FROM RS 100/- TO RS 1/-,11.954139268251565,19-DEC-19,59.04191616766468,10.35506952882407,-60.000000000000014,https://nsearchives.nseindia.com/today/GOLDBEESEQN.svg,https://nsearchives.nseindia.com/30d/GOLDBEES-EQ.svg,https://nsearchives.nseindia.com/365d/GOLDBEES-EQ.svg,EQ
SILVERBEES,Domestic price of Silver- based on LBMA Silver daily spot fixing price,228.63,231.05,228.13,229.1,-2.7,-1.16,19888848,4562103954.24,232.4484,360,111.33,-,-,104.46229361892013,7.55363597953148,231.8,0,110.86,9.88,22-Aug-2025,24-Jul-2026,-,7.55363597953148,-,104.46229361892013,36.361111111111114,-105.78460432947094,https://nsearchives.nseindia.com/today/SILVERBEESEQN.svg,https://nsearchives.nseindia.com/30d/SILVERBEES-EQ.svg,https://nsearchives.nseindia.com/365d/SILVERBEES-EQ.svg,EQ
LIQUIDBEES,Government Securities,999.99,1000.01,999.62,1000,0.01,0.00,4374134,4374134000,1000,1029.99,969.99,19-SEP-17, EXIT OPTION PURSUANT TO CHANGE IN FUNDAMENTAL ATTRIBUTES OF ETF  ,0.0010000100000990915,0.0010000100000990915,999.99,0,0,0,22-Aug-2025,24-Jul-2026, EXIT OPTION PURSUANT TO CHANGE IN FUNDAMENTAL ATTRIBUTES OF ETF  ,0.0010000100000990915,19-SEP-17,0.0010000100000990915,2.9116787541626628,-3.093846328312662,https://nsearchives.nseindia.com/today/LIQUIDBEESEQN.svg,https://nsearchives.nseindia.com/30d/LIQUIDBEES-EQ.svg,https://nsearchives.nseindia.com/365d/LIQUIDBEES-EQ.svg,EQ
LIQUIDCASE,Zerodha Nifty 1D Rate Liquid ETF,115.63,115.65,115.63,115.64,0.04,0.03,16916174,1956017199.62,115.6102,115.65,102,-,-,5.022250476795932,0.3906589113638361,115.6,0,5,0.37,22-Aug-2025,24-Jul-2026,-,0.3906589113638361,-,5.022250476795932,0.008646779074799063,-13.372549019607844,https://nsearchives.nseindia.com/today/LIQUIDCASEEQN.svg,https://nsearchives.nseindia.com/30d/LIQUIDCASE-EQ.svg,https://nsearchives.nseindia.com/365d/LIQUIDCASE-EQ.svg,EQ
GOLDIETF,Gold,137.71,138.25,136.97,137.59,-0.12,-0.09,8023326,1103608491.3,137.596,158,83.24,-,-,59.48765503651329,11.925486048970955,137.71,0,61.29,12.83,22-Aug-2025,24-Jul-2026,-,11.925486048970955,-,59.48765503651329,12.917721518987339,-65.29312830370016,https://nsearchives.nseindia.com/today/GOLDIETFEQN.svg,https://nsearchives.nseindia.com/30d/GOLDIETF-EQ.svg,https://nsearchives.nseindia.com/365d/GOLDIETF-EQ.svg,EQ
TATAGOLD,Tata Gold Exchange Traded Fund,15.71,15.71,15.54,15.59,-0.02,-0.13,66482840,1037132304,15.6071,17.7,9.58,-,-,59.24412665985702,11.916726489590811,15.61,0,60.93,12.63,22-Aug-2025,24-Jul-2026,-,11.916726489590811,-,59.24412665985702,11.920903954802258,-62.734864300626306,https://nsearchives.nseindia.com/today/TATAGOLDEQN.svg,https://nsearchives.nseindia.com/30d/TATAGOLD-EQ.svg,https://nsearchives.nseindia.com/365d/TATAGOLD-EQ.svg,EQ
TATSILV,Tata Silver Exchange Traded Fund,23.5,23.5,23.05,23.25,-0.25,-1.06,43485312,1011468357.12,23.5863,35.1,11.06,-,-,104.84581497797357,7.489597780859922,23.5,0,111.14,9.76,22-Aug-2025,24-Jul-2026,-,7.489597780859922,-,104.84581497797357,33.76068376068377,-110.21699819168172,https://nsearchives.nseindia.com/today/TATSILVEQN.svg,https://nsearchives.nseindia.com/30d/TATSILV-EQ.svg,https://nsearchives.nseindia.com/365d/TATSILV-EQ.svg,EQ
NIFTYBEES,Nifty 50,275.87,277.5,275.17,277.36,1.49,0.54,3590196,991109507.76,276.16,302.25,251.7,19-DEC-19, FACE VALUE SPLIT (SUB-DIVISION) - FROM RS 10/- TO RS 1/-,-1.5336552115876148,1.3779743411674545,275.87,0,-1.74,1.72,22-Aug-2025,24-Jul-2026, FACE VALUE SPLIT (SUB-DIVISION) - FROM RS 10/- TO RS 1/-,1.3779743411674545,19-DEC-19,-1.5336552115876148,8.234904880066166,-10.194676201827583,https://nsearchives.nseindia.com/today/NIFTYBEESEQN.svg,https://nsearchives.nseindia.com/30d/NIFTYBEES-EQ.svg,https://nsearchives.nseindia.com/365d/NIFTYBEES-EQ.svg,EQ
BANKNIFTY1,Nifty Bank,61.01,61.01,59.45,59.57,0.04,0.07,16563254,986507408.24,59.795,65.29,51.71,27-FEB-26,FACE VALUE SPLIT (SUB-DIVISION) - FROM RS 10/- PER SHARE TO RE 1/- PER SHARE,-89.55974622314137,0.3537735849056618,59.53,0,-89.57,1.07,22-Aug-2025,24-Jul-2026,FACE VALUE SPLIT (SUB-DIVISION) - FROM RS 10/- PER SHARE TO RE 1/- PER SHARE,0.3537735849056618,27-FEB-26,-89.55974622314137,8.76091285035994,-15.20015470895378,https://nsearchives.nseindia.com/today/BANKNIFTY1EQN.svg,https://nsearchives.nseindia.com/30d/BANKNIFTY1-EQ.svg,https://nsearchives.nseindia.com/365d/BANKNIFTY1-EQ.svg,EQ
LIQUID1,Kotak Nifty 1D Rate Liquid ETF,1119.66,1120.69,1119.52,1119.85,0.3,0.03,791809,886715226.74,1119.5633,1136.66,1062.51,-,-,5.10582383030643,0.4034607970592191,1119.55,0,5.09,0.39,22-Aug-2025,24-Jul-2026,-,0.4034607970592191,-,5.10582383030643,1.4788943043654366,-5.396655090305025,https://nsearchives.nseindia.com/today/LIQUID1EQN.svg,https://nsearchives.nseindia.com/30d/LIQUID1-EQ.svg,https://nsearchives.nseindia.com/365d/LIQUID1-EQ.svg,EQ
HDFCGOLD,Gold,137.2,138,134,137.15,-0.38,-0.28,5660949,776455764.84,137.3054,152.3,84.01,17-FEB-21, FACE VALUE SPLIT (SUB-DIVISION) - FROM RS 100/- PER UNIT TO RE 1/- PER UNIT,59.162121387954045,11.895243534306939,137.53,0,61.34,12.92,22-Aug-2025,24-Jul-2026, FACE VALUE SPLIT (SUB-DIVISION) - FROM RS 100/- PER UNIT TO RE 1/- PER UNIT,11.895243534306939,17-FEB-21,59.162121387954045,9.947472094550232,-63.25437447922866,https://nsearchives.nseindia.com/today/HDFCGOLDEQN.svg,https://nsearchives.nseindia.com/30d/HDFCGOLD-EQ.svg,https://nsearchives.nseindia.com/365d/HDFCGOLD-EQ.svg,EQ
SETFGOLD,Gold,133.88,137.6,132.73,136.9,-0.42,-0.31,4898302,670969407.96,137.0117,153.95,84.3,06-JAN-22,FACE VALUE SPLIT (SUB-DIVISION) - FROM RS 100/- PER SHARE TO RS 1/- PER SHARE,59.05658185198096,11.892112791172874,137.32,0,61.25,12.91,22-Aug-2025,24-Jul-2026,FACE VALUE SPLIT (SUB-DIVISION) - FROM RS 100/- PER SHARE TO RS 1/- PER SHARE,11.892112791172874,06-JAN-22,59.05658185198096,11.075024358557963,-62.39620403321472,https://nsearchives.nseindia.com/today/SETFGOLDEQN.svg,https://nsearchives.nseindia.com/30d/SETFGOLD-EQ.svg,https://nsearchives.nseindia.com/365d/SETFGOLD-EQ.svg,EQ
SILVERIETF,Domestic Price of Silver,239.6,241.22,238.33,239.2,-2.86,-1.18,2499003,598361278.32,242.7325,373.5,115.9,-,-,105.16339308688565,7.631389488840883,242.06,0,111.54,9.79,22-Aug-2025,24-Jul-2026,-,7.631389488840883,-,105.16339308688565,35.95716198125837,-106.3848144952545,https://nsearchives.nseindia.com/today/SILVERIETFEQN.svg,https://nsearchives.nseindia.com/30d/SILVERIETF-EQ.svg,https://nsearchives.nseindia.com/365d/SILVERIETF-EQ.svg,EQ
LIQUIDIETF,S&P BSE Liquid Rate Index,1000,1000.01,999.95,1000,0.01,0.00,536237,536231637.63,1000,1041.19,955,-,-,0.0010000100000990915,0.0010000100000990915,999.99,0,0,0,22-Aug-2025,24-Jul-2026,-,0.0010000100000990915,-,0.0010000100000990915,3.956050288612074,-4.712041884816754,https://nsearchives.nseindia.com/today/LIQUIDIETFEQN.svg,https://nsearchives.nseindia.com/30d/LIQUIDIETF-EQ.svg,https://nsearchives.nseindia.com/365d/LIQUIDIETF-EQ.svg,EQ
HDFCSILVER,HDFC Silver ETF,229.69,230.89,227.95,228.95,-2.76,-1.19,2278256,522039579.84,232.3599,359,111.45,-,-,103.61970828886517,7.442864517340085,231.71,0,110.11,9.92,22-Aug-2025,24-Jul-2026,-,7.442864517340085,-,103.61970828886517,36.22562674094708,-105.4284432480933,https://nsearchives.nseindia.com/today/HDFCSILVEREQN.svg,https://nsearchives.nseindia.com/30d/HDFCSILVER-EQ.svg,https://nsearchives.nseindia.com/365d/HDFCSILVER-EQ.svg,EQ
BSLGOLDETF,Gold,141.35,141.95,140.82,141.5,0.12,0.08,2482465,351119849.6,141.3556,155.99,86.44,25-NOV-21, FACE VALUE SPLIT (SUB-DIVISION) - FROM RS 10/- PER SHARE TO RE 0.10/- PER SHARE,59.598466050078954,12.221429137917356,141.38,0,61.25,12.66,22-Aug-2025,24-Jul-2026, FACE VALUE SPLIT (SUB-DIVISION) - FROM RS 10/- PER SHARE TO RE 0.10/- PER SHARE,12.221429137917356,25-NOV-21,59.598466050078954,9.289056990832751,-63.69736233225359,https://nsearchives.nseindia.com/today/BSLGOLDETFEQN.svg,https://nsearchives.nseindia.com/30d/BSLGOLDETF-EQ.svg,https://nsearchives.nseindia.com/365d/BSLGOLDETF-EQ.svg,EQ
BANKBEES,Nifty Bank,597.98,597.99,593.01,595.9,1.2,0.20,557898,331932573.06,596.4865,638.99,515.98,19-DEC-19, FACE VALUE SPLIT (SUB-DIVISION) - FROM RS 10/- TO RS 1/-,4.6411575675628125,0.754091708372772,594.7,0,4.32,1.18,22-Aug-2025,24-Jul-2026, FACE VALUE SPLIT (SUB-DIVISION) - FROM RS 10/- TO RS 1/-,0.754091708372772,19-DEC-19,4.6411575675628125,6.7434545141551565,-15.48897244079227,https://nsearchives.nseindia.com/today/BANKBEESEQN.svg,https://nsearchives.nseindia.com/30d/BANKBEES-EQ.svg,https://nsearchives.nseindia.com/365d/BANKBEES-EQ.svg,EQ
SBISILVER,SBI SILVER ETF,234.05,236.61,233.72,235.13,-2.21,-0.93,1406831,330366123.73,238.1063,362,113.66,-,-,104.78139696916914,7.704640190554713,237.34,0,110.76,9.89,22-Aug-2025,24-Jul-2026,-,7.704640190554713,-,104.78139696916914,35.04696132596685,-106.87137075488299,https://nsearchives.nseindia.com/today/SBISILVEREQN.svg,https://nsearchives.nseindia.com/30d/SBISILVER-EQ.svg,https://nsearchives.nseindia.com/365d/SBISILVER-EQ.svg,EQ
GOLDCASE,Zerodha Gold ETF,25.56,25.56,25.2,25.32,-0.01,-0.04,11155936,282356740.16,25.3143,27.94,15.53,-,-,59.646910466582604,12.234042553191498,25.33,0,61.44,12.88,22-Aug-2025,24-Jul-2026,-,12.234042553191498,-,59.646910466582604,9.377236936292059,-63.039278815196404,https://nsearchives.nseindia.com/today/GOLDCASEEQN.svg,https://nsearchives.nseindia.com/30d/GOLDCASE-EQ.svg,https://nsearchives.nseindia.com/365d/GOLDCASE-EQ.svg,EQ
PSUBANK,Nifty PSU Bank,87.38,87.38,83.96,86.1,0.74,0.87,3220859,276865039.64,85.5231,101,66.26,10-JUL-26,FACE VALUE SPLIT (SUB-DIVISION) - FROM RS 10/- PER UNIT TO RE 1/- PER UNIT,-87.69296740994854,2.585487906588809,85.36,0,-87.83,2.24,22-Aug-2025,24-Jul-2026,FACE VALUE SPLIT (SUB-DIVISION) - FROM RS 10/- PER UNIT TO RE 1/- PER UNIT,2.585487906588809,10-JUL-26,-87.69296740994854,14.752475247524757,-29.94265016601266,https://nsearchives.nseindia.com/today/PSUBANKEQN.svg,https://nsearchives.nseindia.com/30d/PSUBANK-EQ.svg,https://nsearchives.nseindia.com/365d/PSUBANK-EQ.svg,EQ
LIQUIDADD,DSP S&P BSE Liquid Rate ETF,1141.96,1141.98,1141.95,1141.97,0.3,0.03,228842,261328410.32,1141.6725,1151.22,1054.87,-,-,4.994253666160983,0.3938496162603643,1141.67,0,4.98,0.38,22-Aug-2025,24-Jul-2026,-,0.3938496162603643,-,4.994253666160983,0.8034954222477024,-8.25694161365857,https://nsearchives.nseindia.com/today/LIQUIDADDEQN.svg,https://nsearchives.nseindia.com/30d/LIQUIDADD-EQ.svg,https://nsearchives.nseindia.com/365d/LIQUIDADD-EQ.svg,EQ
GOLDADD,DSP Gold ETF,160.27,160.27,155.5,156.57,0.2,0.13,1662509,259800281.43,156.09,181,96.94,28-AUG-26,FACE VALUE SPLIT (SUB-DIVISION) - FROM RS 10/- PER UNIT TO RE 1/- PER UNIT,Infinity,12.341249910310676,156.37,0,0,12.81,,24-Jul-2026,FACE VALUE SPLIT (SUB-DIVISION) - FROM RS 10/- PER UNIT TO RE 1/- PER UNIT,12.341249910310676,28-AUG-26,Infinity,13.497237569060779,-61.512275634413044,https://nsearchives.nseindia.com/today/GOLDADDEQN.svg,https://nsearchives.nseindia.com/30d/GOLDADD-EQ.svg,,EQ
SBILIQETF,Nifty 1D Rate Index,1053.34,1053.36,1053.34,1053.34,0.27,0.03,244427,257464736.18,1053.0797,1087.09,984.99,-,-,5.053507135947018,0.3965001239062748,1053.07,0,5.04,0.38,22-Aug-2025,24-Jul-2026,-,0.3965001239062748,-,5.053507135947018,3.1046187528171543,-6.939156742708039,https://nsearchives.nseindia.com/today/SBILIQETFEQN.svg,https://nsearchives.nseindia.com/30d/SBILIQETF-EQ.svg,https://nsearchives.nseindia.com/365d/SBILIQETF-EQ.svg,EQ
SILVER,Physical price of Silver,239.54,241.3,238.3,239.33,-2.72,-1.12,1067741,255734646.91,242.74,371.89,111.68,-,-,105.06383343329622,7.728664025927267,242.05,0,111.31,9.81,22-Aug-2025,24-Jul-2026,-,7.728664025927267,-,105.06383343329622,35.64494877517545,-114.29978510028653,https://nsearchives.nseindia.com/today/SILVEREQN.svg,https://nsearchives.nseindia.com/30d/SILVER-EQ.svg,https://nsearchives.nseindia.com/365d/SILVER-EQ.svg,EQ
SILVERCASE,Commodity-Silver,25.2,25.2,24.21,24.29,-0.3,-1.22,10505243,255697614.62,25.3143,38.01,11.8,-,-,104.80607082630692,7.66843971631206,24.59,0,110.89,10.17,22-Aug-2025,24-Jul-2026,-,7.66843971631206,-,104.80607082630692,36.095764272559855,-105.84745762711862,https://nsearchives.nseindia.com/today/SILVERCASEEQN.svg,https://nsearchives.nseindia.com/30d/SILVERCASE-EQ.svg,https://nsearchives.nseindia.com/365d/SILVERCASE-EQ.svg,EQ
HDFCSML250,HDFC NIFTY Smallcap 250 ETF,185.18,187,183.41,185.25,0.07,0.04,1237409,228796924.1,185.2877,189.83,142.7,-,-,7.835147563886146,2.950983661220408,185.18,0,8.05,4.28,22-Aug-2025,24-Jul-2026,-,2.950983661220408,-,7.835147563886146,2.412685033977776,-29.8177995795375,https://nsearchives.nseindia.com/today/HDFCSML250EQN.svg,https://nsearchives.nseindia.com/30d/HDFCSML250-EQ.svg,https://nsearchives.nseindia.com/365d/HDFCSML250-EQ.svg,EQ
PSUBNKBEES,Nifty PSU Bank,97.5,97.5,94.8,95.96,0.83,0.87,2324037,222154696.83,95.424,110.4,74.31,19-DEC-19, FACE VALUE SPLIT (SUB-DIVISION) - FROM RS 10/- TO RS 1/-,23.42122186495176,2.609067579127457,95.13,0,22.06,1.83,22-Aug-2025,24-Jul-2026, FACE VALUE SPLIT (SUB-DIVISION) - FROM RS 10/- TO RS 1/-,2.609067579127457,19-DEC-19,23.42122186495176,13.079710144927546,-29.13470596151257,https://nsearchives.nseindia.com/today/PSUBNKBEESEQN.svg,https://nsearchives.nseindia.com/30d/PSUBNKBEES-EQ.svg,https://nsearchives.nseindia.com/365d/PSUBNKBEES-EQ.svg,EQ
GOLDAXIS,Gold,134.31,134.51,133.24,133.88,-0.43,-0.32,1620658,216746800.92,133.8579,150,83,23-JUL-20, FACE VALUE SPLIT (SUB-DIVISION) - FROM RS 100/- PER SHARE TO RE 1/- PER SHARE,Infinity,11.9678849209668,134.31,0,0,13.15,,24-Jul-2026, FACE VALUE SPLIT (SUB-DIVISION) - FROM RS 100/- PER SHARE TO RE 1/- PER SHARE,11.9678849209668,23-JUL-20,Infinity,10.74666666666667,-61.30120481927711,https://nsearchives.nseindia.com/today/GOLDAXISEQN.svg,https://nsearchives.nseindia.com/30d/GOLDAXIS-EQ.svg,,EQ
GOLDETF,Mirae Asset Gold ETF,156.52,156.75,155.51,156.3,0.19,0.12,1299275,202842813,156.1712,173.5,97.62,-,-,59.489795918367356,12.123385939741754,156.11,0,60.89,12.4,22-Aug-2025,24-Jul-2026,-,12.123385939741754,-,59.489795918367356,9.913544668587889,-60.110633066994474,https://nsearchives.nseindia.com/today/GOLDETFEQN.svg,https://nsearchives.nseindia.com/30d/GOLDETF-EQ.svg,https://nsearchives.nseindia.com/365d/GOLDETF-EQ.svg,EQ
LIQUIDBETF,Bajaj Finserv Nifty 1D Rate Liquid ETF,1096.17,1096.19,1096.17,1096.17,0.26,0.02,178990,196205258.2,1095.8847,1116.24,1009.94,-,-,4.900666054203035,0.38462595126240146,1095.91,0,4.89,0.38,22-Aug-2025,24-Jul-2026,-,0.38462595126240146,-,4.900666054203035,1.7980004300150447,-8.538130978077907,https://nsearchives.nseindia.com/today/LIQUIDBETFEQN.svg,https://nsearchives.nseindia.com/30d/LIQUIDBETF-EQ.svg,https://nsearchives.nseindia.com/365d/LIQUIDBETF-EQ.svg,EQ
ITBEES,Nifty IT TRI,34.54,34.54,33.24,34,0.08,0.24,5731023,193937818.32,34.0153,44.27,28.55,-,-,-14.01112797167425,3.9755351681957096,33.92,0,-12.4,6,22-Aug-2025,24-Jul-2026,-,3.9755351681957096,-,-14.01112797167425,23.198554325728487,-19.0893169877408,https://nsearchives.nseindia.com/today/ITBEESEQN.svg,https://nsearchives.nseindia.com/30d/ITBEES-EQ.svg,https://nsearchives.nseindia.com/365d/ITBEES-EQ.svg,EQ
LIQUID,Mirae Asset Nifty 1D Rate Liquid ETF,1000,1000,999.99,1000,0.01,0.00,176298,176296237.02,1000,1024.98,974.99,-,-,0.0010000100000990915,0.0010000100000990915,999.99,0,0,0,22-Aug-2025,24-Jul-2026,-,0.0010000100000990915,-,0.0010000100000990915,2.4371207243068174,-2.565154514405275,https://nsearchives.nseindia.com/today/LIQUIDEQN.svg,https://nsearchives.nseindia.com/30d/LIQUID-EQ.svg,https://nsearchives.nseindia.com/365d/LIQUID-EQ.svg,EQ
GOLD1,Gold,133.69,134.94,133.51,133.9,-0.58,-0.43,1289621,173015553.36,134.1502,158,83.33,22-JUL-21, FACE VALUE SPLIT (SUB-DIVISION) - FROM RS 10/- PER SHARE TO RE 1/- PER SHARE,59.23415388274468,11.862990810359234,134.48,0,61.52,13.27,22-Aug-2025,24-Jul-2026, FACE VALUE SPLIT (SUB-DIVISION) - FROM RS 10/- PER SHARE TO RE 1/- PER SHARE,11.862990810359234,22-JUL-21,59.23415388274468,15.253164556962023,-60.6864274570983,https://nsearchives.nseindia.com/today/GOLD1EQN.svg,https://nsearchives.nseindia.com/30d/GOLD1-EQ.svg,https://nsearchives.nseindia.com/365d/GOLD1-EQ.svg,EQ
GOLDBETA,Gold,132.15,135.9,132.15,135.45,-0.05,-0.04,1231168,166490848.64,135.2899,149.35,82.45,25-MAR-21, FACE VALUE SPLIT (SUB-DIVISION) - FROM RS 100/- PER UNIT TO RE 1/- PER UNIT,Infinity,12.173913043478251,135.5,0,0,12.87,,24-Jul-2026, FACE VALUE SPLIT (SUB-DIVISION) - FROM RS 100/- PER UNIT TO RE 1/- PER UNIT,12.173913043478251,25-MAR-21,Infinity,9.306996986943425,-64.28138265615522,https://nsearchives.nseindia.com/today/GOLDBETAEQN.svg,https://nsearchives.nseindia.com/30d/GOLDBETA-EQ.svg,,EQ
MON100,Nasdaq100,329.05,329.05,327.98,329.05,1.07,0.33,504985,166155214.55,271.6663,342.55,200.65,17-JUN-21, FACE VALUE SPLIT (SUB-DIVISION) - FROM RS 10/- PER SHARE TO RE 1/- PER SHARE,61.7748279252704,2.1545434789357665,327.98,0,63.06,-0.05,22-Aug-2025,24-Jul-2026, FACE VALUE SPLIT (SUB-DIVISION) - FROM RS 10/- PER SHARE TO RE 1/- PER SHARE,2.1545434789357665,17-JUN-21,61.7748279252704,3.941030506495402,-63.99202591577373,https://nsearchives.nseindia.com/today/MON100EQN.svg,https://nsearchives.nseindia.com/30d/MON100-EQ.svg,https://nsearchives.nseindia.com/365d/MON100-EQ.svg,EQ
JUNIORBEES,Nippon India ETF Nifty Next 50 Junior BeES,807.14,807.14,797.2,803.2,3.26,0.41,192124,153902851.44,801.0785,823.97,632.34,10-MAR-14,DIVIDEND-RS.1 PER UNIT,10.349375575308782,2.520901142383049,799.94,0,10.3,3.05,22-Aug-2025,24-Jul-2026,DIVIDEND-RS.1 PER UNIT,2.520901142383049,10-MAR-14,10.349375575308782,2.520722841851036,-27.02027390327988,https://nsearchives.nseindia.com/today/JUNIORBEESEQN.svg,https://nsearchives.nseindia.com/30d/JUNIORBEES-EQ.svg,https://nsearchives.nseindia.com/365d/JUNIORBEES-EQ.svg,EQ
SILVERBETA,UTI Silver Exchange Traded Fund (UTI Silver ETF),233.1,233.16,230.22,231.2,-2.9,-1.24,608146,140664169.8,234.6497,379.66,112.26,-,-,Infinity,7.300320230194455,234.1,0,0,9.95,,24-Jul-2026,-,7.300320230194455,-,Infinity,39.10340831270084,-105.95047211829679,https://nsearchives.nseindia.com/today/SILVERBETAEQN.svg,https://nsearchives.nseindia.com/30d/SILVERBETA-EQ.svg,,EQ
LIQGRWBEES,Liquid,1051.1,1053.13,1051.1,1052.85,0,0.00,130057,136964327.27,1052.8608,1056.29,995.55,-,-,4.759109271457278,0.3497969843115428,1052.85,0,4.77,0.36,22-Aug-2025,24-Jul-2026,-,0.3497969843115428,-,4.759109271457278,0.32566814037812103,-5.755612475516042,https://nsearchives.nseindia.com/today/LIQGRWBEESEQN.svg,https://nsearchives.nseindia.com/30d/LIQGRWBEES-EQ.svg,https://nsearchives.nseindia.com/365d/LIQGRWBEES-EQ.svg,EQ
NEXT50IETF,Nifty Next 50,78.48,78.82,77.8,78.8,0.75,0.96,1738596,135853891.44,78.1722,80.38,62.6,15-NOV-18, FACE VALUE SPLIT (SUB-DIVISION) - FROM RS 10/- PER SHARE TO RS 1/- PER SHARE,10.751932536893872,3.127862845177334,78.05,0,10.01,3.04,22-Aug-2025,24-Jul-2026, FACE VALUE SPLIT (SUB-DIVISION) - FROM RS 10/- PER SHARE TO RS 1/- PER SHARE,3.127862845177334,15-NOV-18,10.751932536893872,1.965663100273698,-25.87859424920127,https://nsearchives.nseindia.com/today/NEXT50IETFEQN.svg,https://nsearchives.nseindia.com/30d/NEXT50IETF-EQ.svg,https://nsearchives.nseindia.com/365d/NEXT50IETF-EQ.svg,EQ
CASHIETF,BSE Liquid Rate Index,1076.89,1076.89,1076.87,1076.87,0.28,0.03,124527,134100635.76,1076.5801,1099.28,1025.01,-,-,5.058437884138837,0.399034113687427,1076.59,0,5.04,0.38,22-Aug-2025,24-Jul-2026,-,0.399034113687427,-,5.058437884138837,2.03860708827597,-5.059462834508922,https://nsearchives.nseindia.com/today/CASHIETFEQN.svg,https://nsearchives.nseindia.com/30d/CASHIETF-EQ.svg,https://nsearchives.nseindia.com/365d/CASHIETF-EQ.svg,EQ
MOCAPITAL,Nifty Capital Market Total Return Index,54.9,55.42,54.73,55.39,0.49,0.89,2391215,131971155.85,54.839,57.25,41.15,-,-,25.458663646659122,4.2340986074520135,54.9,0,23.51,3.96,22-Aug-2025,24-Jul-2026,-,4.2340986074520135,-,25.458663646659122,3.2489082969432306,-34.605103280680446,https://nsearchives.nseindia.com/today/MOCAPITALEQN.svg,https://nsearchives.nseindia.com/30d/MOCAPITAL-EQ.svg,https://nsearchives.nseindia.com/365d/MOCAPITAL-EQ.svg,EQ
NIFTYIETF,Nifty 50,278,278,273.85,275.87,1.16,0.42,451653,123942616.26,274.7497,328.24,250.4,-,-,-1.5699147250865157,1.3668932573948291,274.71,0,-1.69,1.83,22-Aug-2025,24-Jul-2026,-,1.3668932573948291,-,-1.5699147250865157,15.954789178649769,-10.171725239616613,https://nsearchives.nseindia.com/today/NIFTYIETFEQN.svg,https://nsearchives.nseindia.com/30d/NIFTYIETF-EQ.svg,https://nsearchives.nseindia.com/365d/NIFTYIETF-EQ.svg,EQ
MODEFENCE,Nifty India Defence Total Return Index,109.7,109.7,106.01,107.45,0.42,0.39,1072538,114321825.42,106.9965,110.8,77.8,-,-,27.009456264775427,4.007356499854806,107.03,0,26.18,4.37,22-Aug-2025,24-Jul-2026,-,4.007356499854806,-,27.009456264775427,3.023465703971114,-38.11053984575836,https://nsearchives.nseindia.com/today/MODEFENCEEQN.svg,https://nsearchives.nseindia.com/30d/MODEFENCE-EQ.svg,https://nsearchives.nseindia.com/365d/MODEFENCE-EQ.svg,EQ
SILVER1,Kotak Silver ETF,23.54,23.54,23.16,23.25,-0.29,-1.23,4755519,110660927.13,23.5867,38.8,11.17,27-FEB-26,FACE VALUE SPLIT (SUB-DIVISION) - FROM RS 10/- PER SHARE TO RE 1/- PER SHARE,-79.51180824814945,7.788595271210013,23.54,0,-78.85,10.21,22-Aug-2025,24-Jul-2026,FACE VALUE SPLIT (SUB-DIVISION) - FROM RS 10/- PER SHARE TO RE 1/- PER SHARE,7.788595271210013,27-FEB-26,-79.51180824814945,40.077319587628864,-108.1468218442256,https://nsearchives.nseindia.com/today/SILVER1EQN.svg,https://nsearchives.nseindia.com/30d/SILVER1-EQ.svg,https://nsearchives.nseindia.com/365d/SILVER1-EQ.svg,EQ
MID150BEES,Nifty Midcap 150 TRI,243.65,243.65,241.68,242.97,0.7,0.29,415863,100801032.57,242.2454,247.15,190.43,-,-,9.901393160846746,2.3160820314144943,242.27,0,9.46,3.17,22-Aug-2025,24-Jul-2026,-,2.3160820314144943,-,9.901393160846746,1.6912805988266262,-27.59019062122564,https://nsearchives.nseindia.com/today/MID150BEESEQN.svg,https://nsearchives.nseindia.com/30d/MID150BEES-EQ.svg,https://nsearchives.nseindia.com/365d/MID150BEES-EQ.svg,EQ
LIQUIDETF,Nifty1D rate index,1000,1000.01,999.99,1000,0.01,0.00,91075,91074089.25,1000,1025,995,-,-,0.0010000100000990915,0.0010000100000990915,999.99,0,0,0,22-Aug-2025,24-Jul-2026,-,0.0010000100000990915,-,0.0010000100000990915,2.4390243902439024,-0.5025125628140703,https://nsearchives.nseindia.com/today/LIQUIDETFEQN.svg,https://nsearchives.nseindia.com/30d/LIQUIDETF-EQ.svg,https://nsearchives.nseindia.com/365d/LIQUIDETF-EQ.svg,EQ
BANKIETF,Nifty Bank,58.9,59.25,58.85,59.03,0.13,0.22,1520209,89677128.91,59.16,63.9,51.17,-,-,4.459387718987795,0.5964553510565804,58.9,0,4.17,1.01,22-Aug-2025,24-Jul-2026,-,0.5964553510565804,-,4.459387718987795,7.621283255086069,-15.360562829783076,https://nsearchives.nseindia.com/today/BANKIETFEQN.svg,https://nsearchives.nseindia.com/30d/BANKIETF-EQ.svg,https://nsearchives.nseindia.com/365d/BANKIETF-EQ.svg,EQ
SETFNIF50,Nifty 50,267.37,267.37,260,262.15,1.3,0.50,327941,85530292.21,260.9863,287.33,237.9,24-MAR-21, DIVIDEND - RS 1.30 PER SHARE,-1.5657855211775369,1.3375082144651822,260.85,0,-1.73,1.79,22-Aug-2025,24-Jul-2026, DIVIDEND - RS 1.30 PER SHARE,1.3375082144651822,24-MAR-21,-1.5657855211775369,8.763442731354196,-10.19335855401428,https://nsearchives.nseindia.com/today/SETFNIF50EQN.svg,https://nsearchives.nseindia.com/30d/SETFNIF50-EQ.svg,https://nsearchives.nseindia.com/365d/SETFNIF50-EQ.svg,EQ
HDFCLIQUID,HDFC Nifty 1D Rate Liquid ETF,1075.35,1075.35,1075.28,1075.28,0.27,0.03,79114,85070493.06,,1079.4,1009.91,28-FEB-25,CHANGE IN FUNDAMENTAL ATTRIBUTE OF HDFC NIFTY 1D RATE LIQUID ETF,4.9196963487695955,0.39493954530600983,1075.01,0,4.91,0.38,22-Aug-2025,24-Jul-2026,CHANGE IN FUNDAMENTAL ATTRIBUTE OF HDFC NIFTY 1D RATE LIQUID ETF,0.39493954530600983,28-FEB-25,4.9196963487695955,0.3816935334445171,-6.472854016694557,https://nsearchives.nseindia.com/today/HDFCLIQUIDEQN.svg,https://nsearchives.nseindia.com/30d/HDFCLIQUID-EQ.svg,https://nsearchives.nseindia.com/365d/HDFCLIQUID-EQ.svg,EQ
INSUREIETF,BSE Insurance Index,15.49,15.61,15.36,15.37,-0.14,-0.90,5273127,82102587.39,15.4879,16.46,15.32,-,-,Infinity,Infinity,15.51,0,0,0,,,-,Infinity,-,Infinity,6.622114216281905,-0.3263707571801497,https://nsearchives.nseindia.com/today/INSUREIETFEQN.svg,,,EQ
METALIETF,Nifty Metal Index,13.12,13.49,12,13.44,-0.02,-0.15,6112220,81842625.8,13.4675,14.17,9.18,-,-,42.07188160676531,7.177033492822969,13.46,0,43.19,7.68,22-Aug-2025,24-Jul-2026,-,7.177033492822969,-,42.07188160676531,5.151729004940017,-46.40522875816993,https://nsearchives.nseindia.com/today/METALIETFEQN.svg,https://nsearchives.nseindia.com/30d/METALIETF-EQ.svg,https://nsearchives.nseindia.com/365d/METALIETF-EQ.svg,EQ
PHARMABEES,Nifty Pharma TRI,27.31,27.31,26.95,27.23,0.16,0.59,2930603,79448647.33,27.0881,28.01,21.46,-,-,18.64923747276689,1.9086826347305448,27.07,0,18.52,3.01,22-Aug-2025,24-Jul-2026,-,1.9086826347305448,-,18.64923747276689,2.7847197429489507,-26.88723205964585,https://nsearchives.nseindia.com/today/PHARMABEESEQN.svg,https://nsearchives.nseindia.com/30d/PHARMABEES-EQ.svg,https://nsearchives.nseindia.com/365d/PHARMABEES-EQ.svg,EQ
HNGSNGBEES,Hang Seng Index,464.95,478.89,464.95,472.98,-1.46,-0.31,164170,77599875.6,462.0939,579.92,443.42,19-DEC-19, FACE VALUE SPLIT (SUB-DIVISION) - FROM RS 10/- TO RS 1/-,1.9946951890108469,-3.119559206079343,474.44,0,4.76,-2.04,22-Aug-2025,24-Jul-2026, FACE VALUE SPLIT (SUB-DIVISION) - FROM RS 10/- TO RS 1/-,-3.119559206079343,19-DEC-19,1.9946951890108469,18.440474548213537,-6.666365973569077,https://nsearchives.nseindia.com/today/HNGSNGBEESEQN.svg,https://nsearchives.nseindia.com/30d/HNGSNGBEES-EQ.svg,https://nsearchives.nseindia.com/365d/HNGSNGBEES-EQ.svg,EQ
SILVERAG,Mirae Asset Silver ETF,233.39,235.01,232.18,233.3,-2.69,-1.14,307652,71815206.36,236.5259,380,113.39,-,-,Infinity,7.61070110701107,235.99,0,0,9.9,,24-Jul-2026,-,7.61070110701107,-,Infinity,38.60526315789473,-105.75006614339891,https://nsearchives.nseindia.com/today/SILVERAGEQN.svg,https://nsearchives.nseindia.com/30d/SILVERAG-EQ.svg,,EQ
NIFTYBETA,Nifty 50,268.67,270.56,267.69,270.56,1.89,0.70,260287,69845413.58,268.7504,297.48,244.9,25-SEP-23,FACE VALUE SPLIT (SUB-DIVISION) - FROM RS 10/- PER SHARE TO RE 1/- PER SHARE,Infinity,1.5768133353356317,268.67,0,0,1.78,,24-Jul-2026,FACE VALUE SPLIT (SUB-DIVISION) - FROM RS 10/- PER SHARE TO RE 1/- PER SHARE,1.5768133353356317,25-SEP-23,Infinity,9.04934785531801,-10.477746018783174,https://nsearchives.nseindia.com/today/NIFTYBETAEQN.svg,https://nsearchives.nseindia.com/30d/NIFTYBETA-EQ.svg,,EQ
LIQUIDPLUS,Nifty 1D Rate Index,1100.5,1100.52,1100.5,1100.52,0.31,0.03,59164,65109982,1100.215,1127.08,1046.56,-,-,5.078628512503228,0.39775215297036015,1100.21,0,5.07,0.38,22-Aug-2025,24-Jul-2026,-,0.39775215297036015,-,5.078628512503228,2.356531923199768,-5.155939458798352,https://nsearchives.nseindia.com/today/LIQUIDPLUSEQN.svg,https://nsearchives.nseindia.com/30d/LIQUIDPLUS-EQ.svg,https://nsearchives.nseindia.com/365d/LIQUIDPLUS-EQ.svg,EQ
ICICIB22,S&P BSE BHARAT 22 index,117,117.4,114.51,116.9,1.74,1.51,551199,63520172.76,115.5373,131,103.6,-,-,9.508196721311482,1.185839175971613,115.16,0,8.05,-0.17,22-Aug-2025,24-Jul-2026,-,1.185839175971613,-,9.508196721311482,10.763358778625951,-12.83783783783785,https://nsearchives.nseindia.com/today/ICICIB22EQN.svg,https://nsearchives.nseindia.com/30d/ICICIB22-EQ.svg,https://nsearchives.nseindia.com/365d/ICICIB22-EQ.svg,EQ
OILIETF,Nifty Oil & Gas Index,11.33,11.37,11.29,11.35,0.02,0.18,5451173,61707278.36,11.3713,14,9.8,-,-,0.5314437555358769,0.7098491570541267,11.33,0,0.53,0.8,22-Aug-2025,24-Jul-2026,-,0.7098491570541267,-,0.5314437555358769,18.928571428571434,-15.816326530612232,https://nsearchives.nseindia.com/today/OILIETFEQN.svg,https://nsearchives.nseindia.com/30d/OILIETF-EQ.svg,https://nsearchives.nseindia.com/365d/OILIETF-EQ.svg,EQ
ELIQUID,Nifty 1D Rate Index (Debt Index),1045.19,1045.19,1045.18,1045.18,0.27,0.03,52096,54449697.28,1044.908,1045.19,996,-,-,Infinity,0.3967148551942855,1044.91,0,0,0.39,,24-Jul-2026,-,0.3967148551942855,-,Infinity,0.0009567638419800136,-4.937751004016071,https://nsearchives.nseindia.com/today/ELIQUIDEQN.svg,https://nsearchives.nseindia.com/30d/ELIQUID-EQ.svg,,EQ
AUTOBEES,Nifty Auto TRI,305.02,305.02,299.11,302,2.13,0.71,174214,52346080.58,301.2457,310.45,242.5,-,-,15.762036185219259,5.875753751227034,299.87,0,15.67,6.65,22-Aug-2025,24-Jul-2026,-,5.875753751227034,-,15.762036185219259,2.7218553712353,-24.536082474226806,https://nsearchives.nseindia.com/today/AUTOBEESEQN.svg,https://nsearchives.nseindia.com/30d/AUTOBEES-EQ.svg,https://nsearchives.nseindia.com/365d/AUTOBEES-EQ.svg,EQ
SMALLCAP,Mirae Asset Nifty Smallcap 250 Momentum Quality 100 ETF,49,49.3,48.58,48.72,-0.16,-0.33,1039458,50611210.02,48.8685,54.5,37.34,-,-,7.006369426751587,3.8584523555745096,48.88,0,7.67,5.07,22-Aug-2025,24-Jul-2026,-,3.8584523555745096,-,7.006369426751587,10.605504587155965,-30.47670058918049,https://nsearchives.nseindia.com/today/SMALLCAPEQN.svg,https://nsearchives.nseindia.com/30d/SMALLCAP-EQ.svg,https://nsearchives.nseindia.com/365d/SMALLCAP-EQ.svg,EQ
QGOLDHALF,Gold,132.99,134.72,132.69,133.2,-0.23,-0.17,364976,48633052,133.1994,149.69,82.53,16-DEC-21, FACE VALUE SPLIT (SUB-DIVISION) - FROM RS 100 PER SHARE TO RS 2 PER SHARE,59.80803839232153,12.017492221007478,133.43,0,61.67,13.01,22-Aug-2025,24-Jul-2026, FACE VALUE SPLIT (SUB-DIVISION) - FROM RS 100 PER SHARE TO RS 2 PER SHARE,12.017492221007478,16-DEC-21,59.80803839232153,11.01609993987575,-61.39585605234459,https://nsearchives.nseindia.com/today/QGOLDHALFEQN.svg,https://nsearchives.nseindia.com/30d/QGOLDHALF-EQ.svg,https://nsearchives.nseindia.com/365d/QGOLDHALF-EQ.svg,EQ
CPSEETF,CPSE ETF,94.07,94.69,93.42,93.97,-0.1,-0.11,513537,48118416.9,94.0831,112,85.67,-,-,4.830432842481033,-2.175723506141998,94.07,0,5.02,-2.24,22-Aug-2025,24-Jul-2026,-,-2.175723506141998,-,4.830432842481033,16.098214285714285,-9.688338975137151,https://nsearchives.nseindia.com/today/CPSEETFEQN.svg,https://nsearchives.nseindia.com/30d/CPSEETF-EQ.svg,https://nsearchives.nseindia.com/365d/CPSEETF-EQ.svg,EQ
SILVERAXIS,Axis Silver ETF,238.5,240.03,237.17,237.88,-2.94,-1.22,193613,46110872.08,241.5454,390.01,111.26,-,-,Infinity,7.492092182557607,240.82,0,0,9.94,,24-Jul-2026,-,7.492092182557607,-,Infinity,39.006692136099076,-113.80550062915691,https://nsearchives.nseindia.com/today/SILVERAXISEQN.svg,https://nsearchives.nseindia.com/30d/SILVERAXIS-EQ.svg,,EQ
SILVERADD,DSP Silver ETF,233.88,233.88,230.14,230.76,-3.12,-1.33,198735,45971380.2,234.5073,390,111.02,28-AUG-26,FACE VALUE SPLIT (SUB-DIVISION) - FROM RS 10/- PER UNIT TO RE 1/- PER UNIT,104.59260572745809,7.600484938916339,233.88,0,111.58,10.11,22-Aug-2025,24-Jul-2026,FACE VALUE SPLIT (SUB-DIVISION) - FROM RS 10/- PER UNIT TO RE 1/- PER UNIT,7.600484938916339,28-AUG-26,104.59260572745809,40.83076923076923,-107.8544406413259,https://nsearchives.nseindia.com/today/SILVERADDEQN.svg,https://nsearchives.nseindia.com/30d/SILVERADD-EQ.svg,https://nsearchives.nseindia.com/365d/SILVERADD-EQ.svg,EQ
HDFCBSE500,HDFC S&P BSE 500 ETF,37.97,38.07,37.64,38.07,0.1,0.26,1213254,45824603.58,37.7882,40,32.65,-,-,2.808533621388061,2.091713596138378,37.97,0,3.07,2.62,22-Aug-2025,24-Jul-2026,-,2.091713596138378,-,2.808533621388061,4.824999999999999,-16.60030627871364,https://nsearchives.nseindia.com/today/HDFCBSE500EQN.svg,https://nsearchives.nseindia.com/30d/HDFCBSE500-EQ.svg,https://nsearchives.nseindia.com/365d/HDFCBSE500-EQ.svg,EQ
ITADD,DSP Nifty IT ETF,32.31,32.6,32.21,32.49,0.18,0.56,1399698,45252236.34,32.4715,41.92,27.17,-,-,Infinity,3.9347408829174677,32.31,0,0,5.83,,24-Jul-2026,-,3.9347408829174677,-,Infinity,22.495229007633586,-19.58041958041958,https://nsearchives.nseindia.com/today/ITADDEQN.svg,https://nsearchives.nseindia.com/30d/ITADD-EQ.svg,,EQ
BANKETF,Mirae Asset Nifty Bank ETF,584.21,587.64,584.21,587.1,2,0.34,75025,43994660,587.0001,628.27,507.01,-,-,4.947981838332571,0.9682356785388748,585.1,0,4.39,1.11,22-Aug-2025,24-Jul-2026,-,0.9682356785388748,-,4.947981838332571,6.552915147945941,-15.796532612768987,https://nsearchives.nseindia.com/today/BANKETFEQN.svg,https://nsearchives.nseindia.com/30d/BANKETF-EQ.svg,https://nsearchives.nseindia.com/365d/BANKETF-EQ.svg,EQ
GROWWSLVR,Commodity-Silver,23.15,23.67,23.14,23.51,-0.24,-1.01,1842538,43281217.62,23.8166,36.3,11.26,06-FEB-26,FACE VALUE SPLIT (SUB-DIVISION) - FROM RS 10/- PER UNIT TO RE 1/- PER UNIT,-79.6044070443307,7.794589637780848,23.75,0,-79.03,10,22-Aug-2025,24-Jul-2026,FACE VALUE SPLIT (SUB-DIVISION) - FROM RS 10/- PER UNIT TO RE 1/- PER UNIT,7.794589637780848,06-FEB-26,-79.6044070443307,35.234159779614316,-108.79218472468919,https://nsearchives.nseindia.com/today/GROWWSLVREQN.svg,https://nsearchives.nseindia.com/30d/GROWWSLVR-EQ.svg,https://nsearchives.nseindia.com/365d/GROWWSLVR-EQ.svg,EQ
HDFCNIFTY,Nifty 50,279.89,279.89,272.22,273.79,0.72,0.26,141775,38752778.5,273.1682,301.88,247.56,17-FEB-21, FACE VALUE SPLIT (SUB-DIVISION) - FROM RS 761.25/- PER UNIT TO RS 76.125/- PER UNIT,-1.793464614943147,1.186340453839913,273.07,0,-1.82,1.82,22-Aug-2025,24-Jul-2026, FACE VALUE SPLIT (SUB-DIVISION) - FROM RS 761.25/- PER UNIT TO RS 76.125/- PER UNIT,1.186340453839913,17-FEB-21,-1.793464614943147,9.305021862991909,-10.595411213443214,https://nsearchives.nseindia.com/today/HDFCNIFTYEQN.svg,https://nsearchives.nseindia.com/30d/HDFCNIFTY-EQ.svg,https://nsearchives.nseindia.com/365d/HDFCNIFTY-EQ.svg,EQ
MIDCAPETF,Mirae Asset Mutual Fund - Mirae Asset Nifty Midcap 150 ETF,23.96,24.09,23.89,24.04,0.08,0.33,1427564,34218709.08,23.9635,24.57,19.6,-,-,10.073260073260071,2.6911576249466,23.96,0,10.06,3.32,22-Aug-2025,24-Jul-2026,-,2.6911576249466,-,10.073260073260071,2.1571021571021616,-22.653061224489782,https://nsearchives.nseindia.com/today/MIDCAPETFEQN.svg,https://nsearchives.nseindia.com/30d/MIDCAPETF-EQ.svg,https://nsearchives.nseindia.com/365d/MIDCAPETF-EQ.svg,EQ
GROWWGOLD,Commodity,15.72,15.76,15.61,15.69,-0.03,-0.19,2150663,33722395.84,15.6894,18,9.81,06-FEB-26,FACE VALUE SPLIT (SUB-DIVISION) - FROM RS 10/- PER UNIT TO RE 1/- PER UNIT,-84.12746585735964,11.911554921540656,15.72,0,-83.92,12.85,22-Aug-2025,24-Jul-2026,FACE VALUE SPLIT (SUB-DIVISION) - FROM RS 10/- PER UNIT TO RE 1/- PER UNIT,11.911554921540656,06-FEB-26,-84.12746585735964,12.833333333333336,-59.938837920489284,https://nsearchives.nseindia.com/today/GROWWGOLDEQN.svg,https://nsearchives.nseindia.com/30d/GROWWGOLD-EQ.svg,https://nsearchives.nseindia.com/365d/GROWWGOLD-EQ.svg,EQ
FMCGIETF,Nifty FMCG Index,49.72,51.4,49.72,51.22,0.22,0.43,590863,30163556.15,51.1047,62.3,48.55,10-MAY-24,FACE VALUE SPLIT (SUB-DIVISION) - FROM RS 10/- PER SHARE TO RE 1/- PER SHARE,-13.944892473118287,-3.685596088755173,51,0,-14.39,-3.21,22-Aug-2025,24-Jul-2026,FACE VALUE SPLIT (SUB-DIVISION) - FROM RS 10/- PER SHARE TO RE 1/- PER SHARE,-3.685596088755173,10-MAY-24,-13.944892473118287,17.784911717495984,-5.499485066941301,https://nsearchives.nseindia.com/today/FMCGIETFEQN.svg,https://nsearchives.nseindia.com/30d/FMCGIETF-EQ.svg,https://nsearchives.nseindia.com/365d/FMCGIETF-EQ.svg,EQ
ALPHA,NIFTY Alpha 50 Index,54.39,54.68,54.03,54.6,0.25,0.46,553469,30092109.53,54.2854,54.68,42,-,-,10.953058321479373,6.143079315707627,54.35,0,10.49,6.9,22-Aug-2025,24-Jul-2026,-,6.143079315707627,-,10.953058321479373,0.14630577907827047,-30.000000000000007,https://nsearchives.nseindia.com/today/ALPHAEQN.svg,https://nsearchives.nseindia.com/30d/ALPHA-EQ.svg,https://nsearchives.nseindia.com/365d/ALPHA-EQ.svg,EQ
MOMMIDCAP,BSE Midcap 150 Momentum 30 TRI,13.5,13.5,13.09,13.25,0.14,1.07,2273299,29939347.83,13.1107,14.99,12.21,-,-,Infinity,5.915267785771385,13.11,0,0,6.24,,24-Jul-2026,-,5.915267785771385,-,Infinity,11.60773849232822,-8.51760851760851,https://nsearchives.nseindia.com/today/MOMMIDCAPEQN.svg,https://nsearchives.nseindia.com/30d/MOMMIDCAP-EQ.svg,,EQ
MAFANG,NYSE FANG+ Total Return Index,206.26,206.94,206.26,206.94,1.07,0.52,136421,28229597.53,171.0849,211.42,149.74,-,-,34.61263253756587,7.4789654097849825,205.87,0,32.91,4.97,22-Aug-2025,24-Jul-2026,-,7.4789654097849825,-,34.61263253756587,2.1190048245199082,-38.1995458795245,https://nsearchives.nseindia.com/today/MAFANGEQN.svg,https://nsearchives.nseindia.com/30d/MAFANG-EQ.svg,https://nsearchives.nseindia.com/365d/MAFANG-EQ.svg,EQ
MOREALTY,Motilal Oswal Nifty Realty ETF,91.5,92,91.16,91.85,0.31,0.34,307002,28149013.38,92.0201,99.49,64,-,-,0.1199040767386085,1.6264660323080316,91.54,0,0.44,3.69,22-Aug-2025,24-Jul-2026,-,1.6264660323080316,-,0.1199040767386085,7.679163735048749,-43.51562499999999,https://nsearchives.nseindia.com/today/MOREALTYEQN.svg,https://nsearchives.nseindia.com/30d/MOREALTY-EQ.svg,https://nsearchives.nseindia.com/365d/MOREALTY-EQ.svg,EQ
PVTBANIETF,Nifty Private Bank Index,27.76,27.88,27.7,27.88,-0.02,-0.07,942306,26148991.5,27.8312,30.32,24.18,01-MAR-24,FACE VALUE SPLIT (SUB-DIVISION) - FROM RS 10/- PER SHARE TO RE 1/- PER SHARE,3.566121842496275,0.7953723788864746,27.9,0,3.68,1.23,22-Aug-2025,24-Jul-2026,FACE VALUE SPLIT (SUB-DIVISION) - FROM RS 10/- PER SHARE TO RE 1/- PER SHARE,0.7953723788864746,01-MAR-24,3.566121842496275,8.047493403693935,-15.30190239867659,https://nsearchives.nseindia.com/today/PVTBANIETFEQN.svg,https://nsearchives.nseindia.com/30d/PVTBANIETF-EQ.svg,https://nsearchives.nseindia.com/365d/PVTBANIETF-EQ.svg,EQ
GROWWLIQID,Nifty 1D Rate Index,110.51,110.51,110.5,110.51,0.04,0.04,219548,24260054,110.4705,110.9,102.89,-,-,4.8084218512898405,0.3906250000000062,110.47,0,4.78,0.36,22-Aug-2025,24-Jul-2026,-,0.3906250000000062,-,4.8084218512898405,0.35166816952209246,-7.40596753814754,https://nsearchives.nseindia.com/today/GROWWLIQIDEQN.svg,https://nsearchives.nseindia.com/30d/GROWWLIQID-EQ.svg,https://nsearchives.nseindia.com/365d/GROWWLIQID-EQ.svg,EQ
METAL,Nifty Metal Total Return Index,13.8,13.8,13.36,13.49,0.02,0.15,1778710,23870288.2,13.5157,13.97,8.7,-,-,42.29957805907173,7.148530579825261,13.47,0,42.99,7.5,22-Aug-2025,24-Jul-2026,-,7.148530579825261,-,42.29957805907173,3.435934144595565,-55.057471264367834,https://nsearchives.nseindia.com/today/METALEQN.svg,https://nsearchives.nseindia.com/30d/METAL-EQ.svg,https://nsearchives.nseindia.com/365d/METAL-EQ.svg,EQ
SETFNIFBK,Nifty Bank,589.93,592.99,589,592.58,2.49,0.42,38455,22666146.1,591.7719,646.11,465.64,02-NOV-17, DIVIDEND - RS 3.50 PER UNIT,4.948285633323898,0.9162125340599446,590.09,0,4.37,1.18,22-Aug-2025,24-Jul-2026, DIVIDEND - RS 3.50 PER UNIT,0.9162125340599446,02-NOV-17,4.948285633323898,8.284966956091063,-27.261403659479438,https://nsearchives.nseindia.com/today/SETFNIFBKEQN.svg,https://nsearchives.nseindia.com/30d/SETFNIFBK-EQ.svg,https://nsearchives.nseindia.com/365d/SETFNIFBK-EQ.svg,EQ
BSLNIFTY,Nifty 50,29.12,29.12,28.28,28.45,0.04,0.14,786598,22425908.98,28.4182,33,25.7,25-NOV-21, FACE VALUE SPLIT (SUB-DIVISION) - FROM RS 10/- PER SHARE TO RE 1/- PER SHARE,-1.6591773245765655,0.9581263307310134,28.41,0,-1.7,1.9,22-Aug-2025,24-Jul-2026, FACE VALUE SPLIT (SUB-DIVISION) - FROM RS 10/- PER SHARE TO RE 1/- PER SHARE,0.9581263307310134,25-NOV-21,-1.6591773245765655,13.787878787878789,-10.700389105058367,https://nsearchives.nseindia.com/today/BSLNIFTYEQN.svg,https://nsearchives.nseindia.com/30d/BSLNIFTY-EQ.svg,https://nsearchives.nseindia.com/365d/BSLNIFTY-EQ.svg,EQ
EGOLD,Edelweiss Gold ETF,162,162,159.8,160.6,-0.2,-0.12,139448,22354908.88,160.4915,184.95,100.15,-,-,59.32539682539683,11.994421199442112,160.8,0,61.12,12.8,22-Aug-2025,24-Jul-2026,-,11.994421199442112,-,59.32539682539683,13.165720464990537,-60.35946080878681,https://nsearchives.nseindia.com/today/EGOLDEQN.svg,https://nsearchives.nseindia.com/30d/EGOLD-EQ.svg,https://nsearchives.nseindia.com/365d/EGOLD-EQ.svg,EQ
AONELIQUID,Nifty 1D Rate Index,1074.2,1074.2,1074.18,1074.18,0.28,0.03,20114,21606056.52,1073.9098,1094.59,997.56,-,-,5.052223917380597,0.39722224818446067,1073.9,0,5.04,0.38,22-Aug-2025,24-Jul-2026,-,0.39722224818446067,-,5.052223917380597,1.8646251107720568,-7.680741008059678,https://nsearchives.nseindia.com/today/AONELIQUIDEQN.svg,https://nsearchives.nseindia.com/30d/AONELIQUID-EQ.svg,https://nsearchives.nseindia.com/365d/AONELIQUID-EQ.svg,EQ
SILVER360,Commodity-Silver,236,239.5,234.56,236.15,-2.07,-0.87,88364,20953755.32,239.101,358,113.65,-,-,105.08033000434216,7.944416510490467,238.22,0,109.41,9.76,22-Aug-2025,24-Jul-2026,-,7.944416510490467,-,105.08033000434216,34.03631284916201,-107.78706555213374,https://nsearchives.nseindia.com/today/SILVER360EQN.svg,https://nsearchives.nseindia.com/30d/SILVER360-EQ.svg,https://nsearchives.nseindia.com/365d/SILVER360-EQ.svg,EQ
GOLD360,Commodity-Gold,158.2,158.2,156.15,156.3,-0.75,-0.48,129924,20447439.12,156.7963,178,87.85,-,-,57.87878787878789,11.762602788702194,157.05,0,60.26,12.74,22-Aug-2025,24-Jul-2026,-,11.762602788702194,-,57.87878787878789,12.19101123595505,-77.91690381331819,https://nsearchives.nseindia.com/today/GOLD360EQN.svg,https://nsearchives.nseindia.com/30d/GOLD360-EQ.svg,https://nsearchives.nseindia.com/365d/GOLD360-EQ.svg,EQ
LOWVOLIETF,Nifty 100 Low Volatility 30 Index,22.25,22.48,22.2,22.48,0.23,1.03,914049,20346730.74,22.3484,26.81,19.84,01-MAR-24,FACE VALUE SPLIT (SUB-DIVISION) - FROM RS 10/- PER SHARE TO RE 1/- PER SHARE,0.04450378282154679,0.8524001794526751,22.25,0,-0.63,0.77,22-Aug-2025,24-Jul-2026,FACE VALUE SPLIT (SUB-DIVISION) - FROM RS 10/- PER SHARE TO RE 1/- PER SHARE,0.8524001794526751,01-MAR-24,0.04450378282154679,16.15069004102946,-13.30645161290323,https://nsearchives.nseindia.com/today/LOWVOLIETFEQN.svg,https://nsearchives.nseindia.com/30d/LOWVOLIETF-EQ.svg,https://nsearchives.nseindia.com/365d/LOWVOLIETF-EQ.svg,EQ
MOMENTUM50,Nifty 500 Momentum 50 Total Return Index,54.31,54.99,54.26,54.83,0.47,0.86,367559,20061370.22,54.5218,55.88,44.96,-,-,5.726957192441185,4.557589626239513,54.36,0,4.78,4.74,22-Aug-2025,24-Jul-2026,-,4.557589626239513,-,5.726957192441185,1.8790264853257055,-21.952846975088963,https://nsearchives.nseindia.com/today/MOMENTUM50EQN.svg,https://nsearchives.nseindia.com/30d/MOMENTUM50-EQ.svg,https://nsearchives.nseindia.com/365d/MOMENTUM50-EQ.svg,EQ
MID150CASE,Zerodha Nifty Midcap 150 ETF,11.5,12.08,11.5,11.87,0.08,0.68,1677933,19833168.06,11.7944,13,9.63,-,-,11.038353601496723,2.948829141370337,11.79,0,10.29,3.24,22-Aug-2025,24-Jul-2026,-,2.948829141370337,-,11.038353601496723,8.692307692307699,-23.260643821391465,https://nsearchives.nseindia.com/today/MID150CASEEQN.svg,https://nsearchives.nseindia.com/30d/MID150CASE-EQ.svg,https://nsearchives.nseindia.com/365d/MID150CASE-EQ.svg,EQ
DEFENCE,BSE India Defence,83.72,83.72,81.3,82.56,0.48,0.58,234783,19289771.28,81.8799,85.6,58.91,-,-,Infinity,5.064902010689748,82.08,0,0,5.31,,24-Jul-2026,-,5.064902010689748,-,Infinity,3.5514018691588696,-40.14598540145987,https://nsearchives.nseindia.com/today/DEFENCEEQN.svg,https://nsearchives.nseindia.com/30d/DEFENCE-EQ.svg,,EQ
EBBETF0430,Nifty BHARAT Bond,1613.8,1613.8,1603,1609.9,1.59,0.10,11948,19208919.08,1609.0642,1646.18,1232,-,-,5.791282519697464,0.003105879429771836,1608.31,0,5.22,0.14,22-Aug-2025,24-Jul-2026,-,0.003105879429771836,-,5.791282519697464,2.2038902185666194,-30.673701298701303,https://nsearchives.nseindia.com/today/EBBETF0430EQN.svg,https://nsearchives.nseindia.com/30d/EBBETF0430-EQ.svg,https://nsearchives.nseindia.com/365d/EBBETF0430-EQ.svg,EQ
MULTICAP,Nifty500 Multicap 50:25:25 Index,16.96,16.96,16.8,16.93,0.05,0.30,1114614,18747807.48,16.8936,17.5,14.2,-,-,4.635352286773795,2.234299516908219,16.88,0,4.58,3.05,22-Aug-2025,24-Jul-2026,-,2.234299516908219,-,4.635352286773795,3.257142857142859,-19.22535211267606,https://nsearchives.nseindia.com/today/MULTICAPEQN.svg,https://nsearchives.nseindia.com/30d/MULTICAP-EQ.svg,https://nsearchives.nseindia.com/365d/MULTICAP-EQ.svg,EQ
SETFNN50,Nifty Next 50,812.76,812.76,787.3,793.02,0.08,0.01,23493,18610449.81,794.1144,840,636.01,02-NOV-17, DIVIDEND - RS 7/- PER UNIT,10.24578768837234,1.942384080420616,792.94,0,10.18,3.02,22-Aug-2025,24-Jul-2026, DIVIDEND - RS 7/- PER UNIT,1.942384080420616,02-NOV-17,10.24578768837234,5.592857142857145,-24.68671876228361,https://nsearchives.nseindia.com/today/SETFNN50EQN.svg,https://nsearchives.nseindia.com/30d/SETFNN50-EQ.svg,https://nsearchives.nseindia.com/365d/SETFNN50-EQ.svg,EQ
NIFTYETF,Nifty 50,260.86,265.3,260.86,264.55,1.06,0.40,69487,18311214.24,263.6728,289.05,239.81,-,-,-1.4858121695092013,1.259281941361104,263.49,0,-1.8,1.93,22-Aug-2025,24-Jul-2026,-,1.259281941361104,-,-1.4858121695092013,8.476042207230583,-10.316500562945668,https://nsearchives.nseindia.com/today/NIFTYETFEQN.svg,https://nsearchives.nseindia.com/30d/NIFTYETF-EQ.svg,https://nsearchives.nseindia.com/365d/NIFTYETF-EQ.svg,EQ
LTGILTBEES,NIFTY 8-13 yr G-Sec Index,29.35,30.06,29.35,29.99,0.04,0.13,594582,17831514.18,29.979,30.48,27.93,-,-,4.9702485124256155,0.03335557038024686,29.95,0,4.72,0.3,22-Aug-2025,24-Jul-2026,-,0.03335557038024686,-,4.9702485124256155,1.6076115485564368,-7.375581811672033,https://nsearchives.nseindia.com/today/LTGILTBEESEQN.svg,https://nsearchives.nseindia.com/30d/LTGILTBEES-EQ.svg,https://nsearchives.nseindia.com/365d/LTGILTBEES-EQ.svg,EQ
MIDSMALL,Mirae Asset Nifty MidSmallcap400 Momentum Quality 100 ETF,51.23,52.34,51.23,52.34,0.06,0.11,332303,17329601.45,52.2659,52.77,42.41,-,-,7.496405832819893,3.133004926108381,52.28,0,7.7,4.41,22-Aug-2025,24-Jul-2026,-,3.133004926108381,-,7.496405832819893,0.8148569262838729,-23.414289082763517,https://nsearchives.nseindia.com/today/MIDSMALLEQN.svg,https://nsearchives.nseindia.com/30d/MIDSMALL-EQ.svg,https://nsearchives.nseindia.com/365d/MIDSMALL-EQ.svg,EQ
HEALTHIETF,Nifty Healthcare Index,170.36,170.36,167.82,169.9,1.23,0.73,98183,16603727.13,168.5672,174.82,138.65,-,-,12.375157087108942,0.6158948241146465,168.67,0,11.81,1.22,22-Aug-2025,24-Jul-2026,-,0.6158948241146465,-,12.375157087108942,2.8143233039697906,-22.53876667868734,https://nsearchives.nseindia.com/today/HEALTHIETFEQN.svg,https://nsearchives.nseindia.com/30d/HEALTHIETF-EQ.svg,https://nsearchives.nseindia.com/365d/HEALTHIETF-EQ.svg,EQ
MIDCAPIETF,Nifty Midcap 150,24.18,24.28,24.16,24.26,0.08,0.33,682425,16521509.25,24.255,24.88,19.89,10-MAY-24,FACE VALUE SPLIT (SUB-DIVISION) - FROM RS 10/- PER SHARE TO RE 1/- PER SHARE,9.823449524671805,2.018502943650128,24.18,0,9.46,2.81,22-Aug-2025,24-Jul-2026,FACE VALUE SPLIT (SUB-DIVISION) - FROM RS 10/- PER SHARE TO RE 1/- PER SHARE,2.018502943650128,10-MAY-24,9.823449524671805,2.4919614147909868,-21.970839617898445,https://nsearchives.nseindia.com/today/MIDCAPIETFEQN.svg,https://nsearchives.nseindia.com/30d/MIDCAPIETF-EQ.svg,https://nsearchives.nseindia.com/365d/MIDCAPIETF-EQ.svg,EQ
GROWWRAIL,Nifty India Railways PSU Index,28.72,28.8,28.48,28.65,-0.04,-0.14,574602,16416379.14,28.6491,36.75,27.8,-,-,-17.124674573329482,-0.5553627212773348,28.69,0,-17.37,0.21,22-Aug-2025,24-Jul-2026,-,-0.5553627212773348,-,-17.124674573329482,22.040816326530614,-3.0575539568345245,https://nsearchives.nseindia.com/today/GROWWRAILEQN.svg,https://nsearchives.nseindia.com/30d/GROWWRAIL-EQ.svg,https://nsearchives.nseindia.com/365d/GROWWRAIL-EQ.svg,EQ
LICMFGOLD,Gold,144.9,145.5,143.85,145.15,0.6,0.42,113234,16413268.3,,162,90.52,06-MAR-26,FACE VALUE SPLIT (SUB-DIVISION) - FROM RS 100/- PER SHARE TO RE 1/- PER SHARE,-98.40562835707775,12.475784579620298,144.55,0,-98.4,12.32,22-Aug-2025,24-Jul-2026,FACE VALUE SPLIT (SUB-DIVISION) - FROM RS 100/- PER SHARE TO RE 1/- PER SHARE,12.475784579620298,06-MAR-26,-98.40562835707775,10.401234567901232,-60.3513035793195,https://nsearchives.nseindia.com/today/LICMFGOLDEQN.svg,https://nsearchives.nseindia.com/30d/LICMFGOLD-EQ.svg,https://nsearchives.nseindia.com/365d/LICMFGOLD-EQ.svg,EQ
BSE500IETF,S&P BSE 500 index,39.51,40.14,39.51,39.86,0.15,0.38,399935,15929411.05,39.7732,42.05,34.5,28-OCT-21, FACE VALUE SPLIT (SUB-DIVISION) - FROM RS 10/- PER SHARE TO RE 1/- PER SHARE,2.2838080574801145,1.9437340153452634,39.71,0,2.32,2.5,22-Aug-2025,24-Jul-2026, FACE VALUE SPLIT (SUB-DIVISION) - FROM RS 10/- PER SHARE TO RE 1/- PER SHARE,1.9437340153452634,28-OCT-21,2.2838080574801145,5.208085612366226,-15.53623188405797,https://nsearchives.nseindia.com/today/BSE500IETFEQN.svg,https://nsearchives.nseindia.com/30d/BSE500IETF-EQ.svg,https://nsearchives.nseindia.com/365d/BSE500IETF-EQ.svg,EQ
GROWWNET,Index,11,11.02,10.65,10.99,0.19,1.76,1411953,15362048.64,10.7793,11.4,7.93,-,-,1.0110294117647005,11.686991869918701,10.8,0,-0.55,12.03,22-Aug-2025,24-Jul-2026,-,11.686991869918701,-,1.0110294117647005,3.5964912280701764,-38.5876418663304,https://nsearchives.nseindia.com/today/GROWWNETEQN.svg,https://nsearchives.nseindia.com/30d/GROWWNET-EQ.svg,https://nsearchives.nseindia.com/365d/GROWWNET-EQ.svg,EQ
GROWWDEFNC,Nifty India Defence Index- Total Return Index,97.14,97.79,96.1,97.49,0.4,0.41,156059,15140844.18,97.2753,102.07,71.78,-,-,26.413381742738576,3.382820784729584,97.09,0,25.81,3.87,22-Aug-2025,24-Jul-2026,-,3.382820784729584,-,26.413381742738576,4.487116684628195,-35.81777653942602,https://nsearchives.nseindia.com/today/GROWWDEFNCEQN.svg,https://nsearchives.nseindia.com/30d/GROWWDEFNC-EQ.svg,https://nsearchives.nseindia.com/365d/GROWWDEFNC-EQ.svg,EQ
MOMOMENTUM,Nifty 200 Momentum 30 Total Return Index,62.57,63.33,62.57,63.1,0.53,0.85,225557,14153701.75,63.0292,66.28,54.32,11-AUG-22,FACE VALUE SPLIT (SUB-DIVISION) - FROM RS 10/- PER UNIT TO RS 2/- PER UNIT,1.300369240648583,2.6350032530904435,62.57,0,0.55,2.66,22-Aug-2025,24-Jul-2026,FACE VALUE SPLIT (SUB-DIVISION) - FROM RS 10/- PER UNIT TO RS 2/- PER UNIT,2.6350032530904435,11-AUG-22,1.300369240648583,4.797827398913699,-16.163475699558177,https://nsearchives.nseindia.com/today/MOMOMENTUMEQN.svg,https://nsearchives.nseindia.com/30d/MOMOMENTUM-EQ.svg,https://nsearchives.nseindia.com/365d/MOMOMENTUM-EQ.svg,EQ
TOP100CASE,Zerodha Nifty 100 ETF,10.66,10.87,10.53,10.7,0.04,0.38,1320498,14089713.66,10.6663,11.57,9.48,-,-,0.28116213683223396,1.711026615969579,10.66,0,0.47,2.21,22-Aug-2025,24-Jul-2026,-,1.711026615969579,-,0.28116213683223396,7.519446845289551,-12.869198312236275,https://nsearchives.nseindia.com/today/TOP100CASEEQN.svg,https://nsearchives.nseindia.com/30d/TOP100CASE-EQ.svg,https://nsearchives.nseindia.com/365d/TOP100CASE-EQ.svg,EQ
NEXT50,Nifty Next 50,763.5,769,761.39,769,5.68,0.74,18363,14061467.25,764.8612,785.96,617,-,-,10.747872171896827,2.9037869664124245,763.32,0,10.19,3.1,22-Aug-2025,24-Jul-2026,-,2.9037869664124245,-,10.747872171896827,2.157870629548582,-24.635332252836303,https://nsearchives.nseindia.com/today/NEXT50EQN.svg,https://nsearchives.nseindia.com/30d/NEXT50-EQ.svg,https://nsearchives.nseindia.com/365d/NEXT50-EQ.svg,EQ
AUTOIETF,Nifty Auto Index,30.12,30.36,29.99,30.3,0.18,0.60,462586,13914586.88,30.1755,31.46,24.2,01-MAR-24,FACE VALUE SPLIT (SUB-DIVISION) - FROM RS 10/- PER SHARE TO RE 1/- PER SHARE,16.091954022988503,5.9440559440559415,30.12,0,15.98,6.73,22-Aug-2025,24-Jul-2026,FACE VALUE SPLIT (SUB-DIVISION) - FROM RS 10/- PER SHARE TO RE 1/- PER SHARE,5.9440559440559415,01-MAR-24,16.091954022988503,3.687221869040051,-25.20661157024794,https://nsearchives.nseindia.com/today/AUTOIETFEQN.svg,https://nsearchives.nseindia.com/30d/AUTOIETF-EQ.svg,https://nsearchives.nseindia.com/365d/AUTOIETF-EQ.svg,EQ
HDFCNIFBAN,Nifty Bank,60.52,60.52,59.01,59.11,0.06,0.10,234012,13811388.24,59.3063,65.54,51.2,02-FEB-24,FACE VALUE SPLIT (SUB-DIVISION) - FROM RS 223.31/- PER SHARE TO RS 22.331/- PER SHARE,4.545454545454546,0.544310256846403,59.05,0,4.24,1.03,22-Aug-2025,24-Jul-2026,FACE VALUE SPLIT (SUB-DIVISION) - FROM RS 223.31/- PER SHARE TO RS 22.331/- PER SHARE,0.544310256846403,02-FEB-24,4.545454545454546,9.81080256332012,-15.449218749999993,https://nsearchives.nseindia.com/today/HDFCNIFBANEQN.svg,https://nsearchives.nseindia.com/30d/HDFCNIFBAN-EQ.svg,https://nsearchives.nseindia.com/365d/HDFCNIFBAN-EQ.svg,EQ
GROWWPOWER,BSE Power Index - TRI,11.09,11.48,11.09,11.39,0.01,0.09,1217173,13790570.09,11.3694,13.2,7.75,-,-,15.752032520325209,-2.89855072463768,11.38,0,15.53,-2.49,22-Aug-2025,24-Jul-2026,-,-2.89855072463768,-,15.752032520325209,13.712121212121204,-46.96774193548388,https://nsearchives.nseindia.com/today/GROWWPOWEREQN.svg,https://nsearchives.nseindia.com/30d/GROWWPOWER-EQ.svg,https://nsearchives.nseindia.com/365d/GROWWPOWER-EQ.svg,EQ
INFRAIETF,ICICI Prudential Nifty Infrastructure ETF,96.94,96.94,95.61,96.93,0.98,1.02,142191,13700102.85,96.2209,101,86.8,-,-,3.425096030729842,1.3594060441284235,95.95,0,2.41,1.12,22-Aug-2025,24-Jul-2026,-,1.3594060441284235,-,3.425096030729842,4.029702970297023,-11.670506912442407,https://nsearchives.nseindia.com/today/INFRAIETFEQN.svg,https://nsearchives.nseindia.com/30d/INFRAIETF-EQ.svg,https://nsearchives.nseindia.com/365d/INFRAIETF-EQ.svg,EQ
MONIFTY500,Motilal Oswal Nifty 500 ETF,24.03,24.24,23.77,24.07,0.05,0.21,564732,13564862.64,24.0646,28.28,20.75,-,-,2.6439232409381708,1.9051651143099038,24.02,0,2.34,2.17,22-Aug-2025,24-Jul-2026,-,1.9051651143099038,-,2.6439232409381708,14.88684582743989,-16,https://nsearchives.nseindia.com/today/MONIFTY500EQN.svg,https://nsearchives.nseindia.com/30d/MONIFTY500-EQ.svg,https://nsearchives.nseindia.com/365d/MONIFTY500-EQ.svg,EQ
BANKBETA,Nifty Bank,59.08,59.72,59.08,59.35,0.08,0.13,225583,13372560.24,59.5919,73.7,51.3,17-FEB-21, FACE VALUE SPLIT (SUB-DIVISION) - FROM RS 10/- PER UNIT TO RE 1/- PER UNIT,Infinity,0.3720615592761692,59.27,0,0,0.9,,24-Jul-2026, FACE VALUE SPLIT (SUB-DIVISION) - FROM RS 10/- PER UNIT TO RE 1/- PER UNIT,0.3720615592761692,17-FEB-21,Infinity,19.470827679782907,-15.692007797270964,https://nsearchives.nseindia.com/today/BANKBETAEQN.svg,https://nsearchives.nseindia.com/30d/BANKBETA-EQ.svg,,EQ
ALPHAETF,Mirae Asset Nifty 200 Alpha 30 ETF,26.96,27.2,26.87,27.15,0.3,1.12,492963,13334649.15,26.9668,27.2,21.8,-,-,7.185155941571261,4.866743916570097,26.85,0,6.38,5.05,22-Aug-2025,24-Jul-2026,-,4.866743916570097,-,7.185155941571261,0.18382352941176733,-24.541284403669714,https://nsearchives.nseindia.com/today/ALPHAETFEQN.svg,https://nsearchives.nseindia.com/30d/ALPHAETF-EQ.svg,https://nsearchives.nseindia.com/365d/ALPHAETF-EQ.svg,EQ
MOSMALL250,Motilal Oswal Nifty Smallcap 250 ETF,18.54,18.54,18.38,18.52,0.06,0.33,690151,12719482.93,18.4734,19.38,14.22,-,-,8.494434680726417,3.290574456218627,18.46,0,8.08,4.53,22-Aug-2025,24-Jul-2026,-,3.290574456218627,-,8.494434680726417,4.437564499484002,-30.239099859353015,https://nsearchives.nseindia.com/today/MOSMALL250EQN.svg,https://nsearchives.nseindia.com/30d/MOSMALL250-EQ.svg,https://nsearchives.nseindia.com/365d/MOSMALL250-EQ.svg,EQ
NV20IETF,Nifty50 Value 20,13.4,13.65,13.4,13.62,0.08,0.59,900232,12207145.92,13.6211,16,12.5,01-MAR-24,FACE VALUE SPLIT (SUB-DIVISION) - FROM RS 10/- PER SHARE TO RE 1/- PER SHARE,-5.6786703601108055,0,13.54,0,-5.58,-0.07,22-Aug-2025,24-Jul-2026,FACE VALUE SPLIT (SUB-DIVISION) - FROM RS 10/- PER SHARE TO RE 1/- PER SHARE,0,01-MAR-24,-5.6786703601108055,14.875000000000005,-8.959999999999994,https://nsearchives.nseindia.com/today/NV20IETFEQN.svg,https://nsearchives.nseindia.com/30d/NV20IETF-EQ.svg,https://nsearchives.nseindia.com/365d/NV20IETF-EQ.svg,EQ
MOSILVER,Domestic Price of Physical Silver,238.49,238.72,235.87,236.89,-2.6,-1.09,50633,11991919.72,240.1182,385,113.4,-,-,107.65252454417951,7.829213892302786,239.49,0,111.02,10.09,21-Aug-2025,24-Jul-2026,-,7.829213892302786,-,107.65252454417951,38.470129870129874,-108.89770723104054,https://nsearchives.nseindia.com/today/MOSILVEREQN.svg,https://nsearchives.nseindia.com/30d/MOSILVER-EQ.svg,https://nsearchives.nseindia.com/365d/MOSILVER-EQ.svg,EQ
ABSLBANETF,Nifty Bank,58.92,59.18,58.63,59.12,0.49,0.84,203155,11949577.1,59.0634,64.94,50.97,25-NOV-21, FACE VALUE SPLIT (SUB-DIVISION) - FROM RS 10/- PER SHARE TO RE 1/- PER SHARE,4.859879389854549,0.9907755380936083,58.63,0,4.06,0.65,22-Aug-2025,24-Jul-2026, FACE VALUE SPLIT (SUB-DIVISION) - FROM RS 10/- PER SHARE TO RE 1/- PER SHARE,0.9907755380936083,25-NOV-21,4.859879389854549,8.9621188789652,-15.9897979203453,https://nsearchives.nseindia.com/today/ABSLBANETFEQN.svg,https://nsearchives.nseindia.com/30d/ABSLBANETF-EQ.svg,https://nsearchives.nseindia.com/365d/ABSLBANETF-EQ.svg,EQ
TOP10ADD,Nifty Top 10 Equal Weight Index,87.76,88.32,87.55,87.85,0.06,0.07,133618,11751703.1,87.907,103.04,83.05,-,-,-8.058608058608062,1.2213388639244014,87.79,0,-7.59,1.6,22-Aug-2025,24-Jul-2026,-,1.2213388639244014,-,-8.058608058608062,14.741847826086966,-5.779650812763393,https://nsearchives.nseindia.com/today/TOP10ADDEQN.svg,https://nsearchives.nseindia.com/30d/TOP10ADD-EQ.svg,https://nsearchives.nseindia.com/365d/TOP10ADD-EQ.svg,EQ
NEXT50ETF,Nifty Next 50 Index,74.54,75.26,74.34,75.25,0.67,0.90,150661,11255883.31,74.6,78,60.15,-,-,Infinity,3.223593964334697,74.58,0,0,3.18,,24-Jul-2026,-,3.223593964334697,-,Infinity,3.5256410256410255,-25.103906899418124,https://nsearchives.nseindia.com/today/NEXT50ETFEQN.svg,https://nsearchives.nseindia.com/30d/NEXT50ETF-EQ.svg,,EQ
NIFTY1,Nifty 50,275.64,275.64,267,269.75,0.83,0.31,41665,11197052.1,269.0088,295.8,244.8,27-JUL-17, FACE VALUE SPLIT (SUB-DIVISION) - FROM RS 10/- PER SHARE TO RS 1/- PER SHARE,-1.6121384542437232,1.249906163200955,268.92,0,-1.65,1.83,22-Aug-2025,24-Jul-2026, FACE VALUE SPLIT (SUB-DIVISION) - FROM RS 10/- PER SHARE TO RS 1/- PER SHARE,1.249906163200955,27-JUL-17,-1.6121384542437232,8.80662609871535,-10.191993464052283,https://nsearchives.nseindia.com/today/NIFTY1EQN.svg,https://nsearchives.nseindia.com/30d/NIFTY1-EQ.svg,https://nsearchives.nseindia.com/365d/NIFTY1-EQ.svg,EQ
IVZINGOLD,Gold,140.6,140.6,138.85,140.5,0.35,0.25,79894,11182763.18,139.7339,156,87.2,30-APR-26,FACE VALUE SPLIT (SUB-DIVISION) - FROM RS 100/- PER SHARE TO RE 1/- PER SHARE,-98.39680502068178,12.4,140.15,0,-98.38,12.98,22-Aug-2025,24-Jul-2026,FACE VALUE SPLIT (SUB-DIVISION) - FROM RS 100/- PER SHARE TO RE 1/- PER SHARE,12.4,30-APR-26,-98.39680502068178,9.935897435897436,-61.12385321100917,https://nsearchives.nseindia.com/today/IVZINGOLDEQN.svg,https://nsearchives.nseindia.com/30d/IVZINGOLD-EQ.svg,https://nsearchives.nseindia.com/365d/IVZINGOLD-EQ.svg,EQ
AONEGOLD,Domestic price of Gold,15.25,15.25,14.89,15.01,-0.01,-0.07,745441,11166706.18,15.001,17.73,10,-,-,Infinity,12.18236173393123,15.02,0,0,12.93,,24-Jul-2026,-,12.18236173393123,-,Infinity,15.341229554427526,-50.1,https://nsearchives.nseindia.com/today/AONEGOLDEQN.svg,https://nsearchives.nseindia.com/30d/AONEGOLD-EQ.svg,,EQ
SML100CASE,Nifty Smallcap 100 Index,11.36,11.39,11.27,11.34,0.02,0.18,950223,10747022.13,11.3292,11.74,8.5,-,-,Infinity,4.3238270469181295,11.32,0,0,5.7,,24-Jul-2026,-,4.3238270469181295,-,Infinity,3.407155025553666,-33.411764705882355,https://nsearchives.nseindia.com/today/SML100CASEEQN.svg,https://nsearchives.nseindia.com/30d/SML100CASE-EQ.svg,,EQ
MAHKTECH,Hang Seng TECH Total Return Index,23.38,23.38,22.75,22.94,0.11,0.48,469214,10745000.6,18.8956,35.59,21,-,-,-7.050243111831436,-1.5873015873015763,22.83,0,-7.87,-1.42,22-Aug-2025,24-Jul-2026,-,-1.5873015873015763,-,-7.050243111831436,35.54369204832818,-9.238095238095244,https://nsearchives.nseindia.com/today/MAHKTECHEQN.svg,https://nsearchives.nseindia.com/30d/MAHKTECH-EQ.svg,https://nsearchives.nseindia.com/365d/MAHKTECH-EQ.svg,EQ
ITIETF,Nifty IT Index,34.72,34.72,33.72,33.84,-0.04,-0.12,315308,10717318.92,34.0368,44.3,28.54,01-SEP-22,FACE VALUE SPLIT (SUB-DIVISION) - FROM RS 10/- PER UNIT TO RE 1/- PER UNIT,-14.220532319391634,3.391384051329076,33.88,0,-12.36,5.97,22-Aug-2025,24-Jul-2026,FACE VALUE SPLIT (SUB-DIVISION) - FROM RS 10/- PER UNIT TO RE 1/- PER UNIT,3.391384051329076,01-SEP-22,-14.220532319391634,23.611738148984184,-18.570427470217254,https://nsearchives.nseindia.com/today/ITIETFEQN.svg,https://nsearchives.nseindia.com/30d/ITIETF-EQ.svg,https://nsearchives.nseindia.com/365d/ITIETF-EQ.svg,EQ
CHEMICAL,Nifty Chemicals Index (TRI),30.06,30.34,29.94,30.23,0.16,0.53,356043,10702652.58,30.145,31.8,24.5,-,-,Infinity,-1.0150622134905,30.07,0,0,-0.36,,24-Jul-2026,-,-1.0150622134905,-,Infinity,4.937106918238994,-23.387755102040817,https://nsearchives.nseindia.com/today/CHEMICALEQN.svg,https://nsearchives.nseindia.com/30d/CHEMICAL-EQ.svg,,EQ
PSUBNKIETF,ICICI Prudential Nifty PSU Bank ETF,86.45,87.25,86.09,86.7,0.26,0.30,122904,10682815.68,86.661,104,67.86,-,-,22.561492790500438,2.0480225988700673,86.44,0,21.97,2.04,22-Aug-2025,24-Jul-2026,-,2.0480225988700673,-,22.561492790500438,16.634615384615383,-27.763041556145012,https://nsearchives.nseindia.com/today/PSUBNKIETFEQN.svg,https://nsearchives.nseindia.com/30d/PSUBNKIETF-EQ.svg,https://nsearchives.nseindia.com/365d/PSUBNKIETF-EQ.svg,EQ
HDFCNEXT50,HDFC NIFTY NEXT 50 ETF,75.58,75.89,75.31,75.85,0.58,0.77,140339,10606821.62,75.7255,78.07,59.99,20-OCT-23,FACE VALUE SPLIT (SUB-DIVISION) - FROM RS 418.18/- PER SHARE TO RS 41.81/- PER SHARE,10.151031077548643,2.4999999999999925,75.27,0,9.39,2.65,22-Aug-2025,24-Jul-2026,FACE VALUE SPLIT (SUB-DIVISION) - FROM RS 418.18/- PER SHARE TO RS 41.81/- PER SHARE,2.4999999999999925,20-OCT-23,10.151031077548643,2.843601895734596,-26.437739623270534,https://nsearchives.nseindia.com/today/HDFCNEXT50EQN.svg,https://nsearchives.nseindia.com/30d/HDFCNEXT50-EQ.svg,https://nsearchives.nseindia.com/365d/HDFCNEXT50-EQ.svg,EQ
GROWWHOSPI,BSE Hospitals Index,51.65,52.32,51.51,52,0.38,0.74,199339,10361641.22,51.6028,62,43.35,-,-,Infinity,-3.9172209903917175,51.62,0,0,-3.55,,24-Jul-2026,-,-3.9172209903917175,-,Infinity,16.129032258064516,-19.953863898500572,https://nsearchives.nseindia.com/today/GROWWHOSPIEQN.svg,https://nsearchives.nseindia.com/30d/GROWWHOSPI-EQ.svg,,EQ
GILT5YBEES,Nifty 5 yr Benchmark G-Sec Index,66.01,66.33,66.01,66.33,0.17,0.26,150539,9967187.19,66.2231,67.84,61.45,-,-,6.298076923076923,0.4543389368468835,66.16,0,6.06,0.43,22-Aug-2025,24-Jul-2026,-,0.4543389368468835,-,6.298076923076923,2.2258254716981205,-7.941415785191205,https://nsearchives.nseindia.com/today/GILT5YBEESEQN.svg,https://nsearchives.nseindia.com/30d/GILT5YBEES-EQ.svg,https://nsearchives.nseindia.com/365d/GILT5YBEES-EQ.svg,EQ
MASPTOP50,S&P 500 Top 50 Total Return Index,79.95,79.95,79.95,79.95,0.35,0.44,122161,9766771.95,66.3218,82.78,62.69,-,-,26.623376623376625,2.381867076450249,79.6,0,26.63,0.09,22-Aug-2025,24-Jul-2026,-,2.381867076450249,-,26.623376623376625,3.4187001691229746,-27.532301802520347,https://nsearchives.nseindia.com/today/MASPTOP50EQN.svg,https://nsearchives.nseindia.com/30d/MASPTOP50-EQ.svg,https://nsearchives.nseindia.com/365d/MASPTOP50-EQ.svg,EQ
NIFTY100EW,Nifty 100 Equal Weight Index,34.64,36.08,34.64,35.92,0.57,1.61,273247,9708465.91,35.544,41.41,29.84,-,-,7.000297885016388,2.5992573550414275,35.35,0,6.83,1.73,22-Aug-2025,24-Jul-2026,-,2.5992573550414275,-,7.000297885016388,13.257667230137638,-20.375335120643438,https://nsearchives.nseindia.com/today/NIFTY100EWEQN.svg,https://nsearchives.nseindia.com/30d/NIFTY100EW-EQ.svg,https://nsearchives.nseindia.com/365d/NIFTY100EW-EQ.svg,EQ
MOM100,Nifty Midcap 100,68.85,69.4,68.64,69.13,0.27,0.39,140167,9667317.99,68.9041,70.32,56.15,-,-,11.284610431423049,2.7649769585253448,68.86,0,11.1,3.49,22-Aug-2025,24-Jul-2026,-,2.7649769585253448,-,11.284610431423049,1.692263936291237,-23.116651825467493,https://nsearchives.nseindia.com/today/MOM100EQN.svg,https://nsearchives.nseindia.com/30d/MOM100-EQ.svg,https://nsearchives.nseindia.com/365d/MOM100-EQ.svg,EQ
MOM30IETF,ICICI Prudential Nifty 200 Momentum 30 ETF,31.91,31.91,31.5,31.75,0.19,0.60,297907,9425777.48,31.7074,32.9,26,12-AUG-22,ADDITONAL ISSUANCE 9:1,1.6650656420108856,2.784072515377143,31.56,0,1.02,3.17,22-Aug-2025,24-Jul-2026,ADDITONAL ISSUANCE 9:1,2.784072515377143,12-AUG-22,1.6650656420108856,3.4954407294832786,-22.115384615384617,https://nsearchives.nseindia.com/today/MOM30IETFEQN.svg,https://nsearchives.nseindia.com/30d/MOM30IETF-EQ.svg,https://nsearchives.nseindia.com/365d/MOM30IETF-EQ.svg,EQ
SMALL250,Nifty Smallcap 250,18.66,18.66,18.36,18.43,-0.02,-0.11,505416,9304708.56,18.4369,19.95,14.16,-,-,Infinity,3.307174887892376,18.45,0,0,4.53,,24-Jul-2026,-,3.307174887892376,-,Infinity,7.619047619047617,-30.155367231638415,https://nsearchives.nseindia.com/today/SMALL250EQN.svg,https://nsearchives.nseindia.com/30d/SMALL250-EQ.svg,,EQ
BFSI,Nifty Financial Services Index,27.16,27.35,27.14,27.35,0.19,0.70,330438,9001131.12,27.2212,29.94,24.03,-,-,0.5145167217934603,0.8480825958702081,27.16,0,-0.22,0.78,22-Aug-2025,24-Jul-2026,-,0.8480825958702081,-,0.5145167217934603,8.65063460253841,-13.8160632542655,https://nsearchives.nseindia.com/today/BFSIEQN.svg,https://nsearchives.nseindia.com/30d/BFSI-EQ.svg,https://nsearchives.nseindia.com/365d/BFSI-EQ.svg,EQ
HDFCMID150,HDFC NIFTY Midcap 150 ETF,24.32,24.32,23.66,23.78,0.05,0.21,373521,8863653.33,23.7318,25.2,19.42,20-OCT-23,FACE VALUE SPLIT (SUB-DIVISION) - FROM RS 115.95/- PER SHARE TO RS 11.59/- PER SHARE,9.686346863468641,2.32358003442342,23.73,0,9.41,3.22,22-Aug-2025,24-Jul-2026,FACE VALUE SPLIT (SUB-DIVISION) - FROM RS 115.95/- PER SHARE TO RS 11.59/- PER SHARE,2.32358003442342,20-OCT-23,9.686346863468641,5.634920634920628,-22.45108135942327,https://nsearchives.nseindia.com/today/HDFCMID150EQN.svg,https://nsearchives.nseindia.com/30d/HDFCMID150-EQ.svg,https://nsearchives.nseindia.com/365d/HDFCMID150-EQ.svg,EQ
FINIETF,ICICI Prudential Nifty Financial Services Ex-Bank ETF,33.38,33.6,33.25,33.6,0.23,0.69,263142,8781048.54,33.3479,34.56,27.4,-,-,11.925383077948041,3.1307550644567317,33.37,0,10.94,4.25,22-Aug-2025,24-Jul-2026,-,3.1307550644567317,-,11.925383077948041,2.77777777777778,-22.627737226277382,https://nsearchives.nseindia.com/today/FINIETFEQN.svg,https://nsearchives.nseindia.com/30d/FINIETF-EQ.svg,https://nsearchives.nseindia.com/365d/FINIETF-EQ.svg,EQ
GROWWMOM50,Nifty 500 Momentum 50 Index- Total Return Index,11.24,11.24,10.97,11.1,0.06,0.54,785480,8655989.6,11.0347,11.5,9.12,-,-,5.815061963775018,4.51977401129944,11.04,0,5.24,4.84,22-Aug-2025,24-Jul-2026,-,4.51977401129944,-,5.815061963775018,3.4782608695652204,-21.710526315789483,https://nsearchives.nseindia.com/today/GROWWMOM50EQN.svg,https://nsearchives.nseindia.com/30d/GROWWMOM50-EQ.svg,https://nsearchives.nseindia.com/365d/GROWWMOM50-EQ.svg,EQ
IT,NIFTY IT Index,33.76,34.16,33.65,33.81,-0.02,-0.06,248585,8417088.1,34.0088,44.49,28.54,-,-,-14.513274336283175,3.2681734880879665,33.83,0,-12.38,5.75,22-Aug-2025,24-Jul-2026,-,3.2681734880879665,-,-14.513274336283175,24.005394470667564,-18.465311843027344,https://nsearchives.nseindia.com/today/ITEQN.svg,https://nsearchives.nseindia.com/30d/IT-EQ.svg,https://nsearchives.nseindia.com/365d/IT-EQ.svg,EQ
LTGILTCASE,Nifty 8-13 Yr G-Sec Index,30.65,30.65,30.48,30.62,0.08,0.26,268483,8204840.48,30.5301,31.31,28.71,-,-,5.078929306794786,0.29479200786111975,30.54,0,4.55,0.3,22-Aug-2025,24-Jul-2026,-,0.29479200786111975,-,5.078929306794786,2.2037687639731645,-6.652734238941135,https://nsearchives.nseindia.com/today/LTGILTCASEEQN.svg,https://nsearchives.nseindia.com/30d/LTGILTCASE-EQ.svg,https://nsearchives.nseindia.com/365d/LTGILTCASE-EQ.svg,EQ
CONSUMBEES,Nifty India Consumption TRI,134.38,134.5,133.29,133.93,0.39,0.29,60666,8104977.6,133.9883,144.38,114,-,-,-1.4495952906548923,1.2626644488129564,133.54,0,-1.58,2.57,22-Aug-2025,24-Jul-2026,-,1.2626644488129564,-,-1.4495952906548923,7.237844576811185,-17.482456140350884,https://nsearchives.nseindia.com/today/CONSUMBEESEQN.svg,https://nsearchives.nseindia.com/30d/CONSUMBEES-EQ.svg,https://nsearchives.nseindia.com/365d/CONSUMBEES-EQ.svg,EQ
GROWWEV,Nifty EV and New Age Automotive Index,33.61,33.61,33.03,33.35,0,0.00,232734,7743060.18,33.4361,34.64,26.2,-,-,9.740046067785459,4.414527238572323,33.35,0,10.91,5.4,22-Aug-2025,24-Jul-2026,-,4.414527238572323,-,9.740046067785459,3.724018475750575,-27.29007633587787,https://nsearchives.nseindia.com/today/GROWWEVEQN.svg,https://nsearchives.nseindia.com/30d/GROWWEV-EQ.svg,https://nsearchives.nseindia.com/365d/GROWWEV-EQ.svg,EQ
MIDCAP,Nifty Midcap 50 Index,18.72,18.92,18.65,18.85,0.13,0.69,409372,7655256.4,18.7355,19.27,15.01,27-FEB-26,FACE VALUE SPLIT (SUB-DIVISION) - FROM RS 10/- PER SHARE TO RE 1/- PER SHARE,-88.71392647587116,2.7247956403269753,18.72,0,-88.85,3.65,22-Aug-2025,24-Jul-2026,FACE VALUE SPLIT (SUB-DIVISION) - FROM RS 10/- PER SHARE TO RE 1/- PER SHARE,2.7247956403269753,27-FEB-26,-88.71392647587116,2.179553710430712,-25.58294470353099,https://nsearchives.nseindia.com/today/MIDCAPEQN.svg,https://nsearchives.nseindia.com/30d/MIDCAP-EQ.svg,https://nsearchives.nseindia.com/365d/MIDCAP-EQ.svg,EQ
MOGOLD,Domestic Price of Physical Gold,159.65,159.65,158.15,158.55,-0.55,-0.35,47287,7510594.21,158.8267,175,99.05,-,-,59.10687405920723,11.772999647514993,159.1,0,60.71,12.72,22-Aug-2025,24-Jul-2026,-,11.772999647514993,-,59.10687405920723,9.399999999999993,-60.070671378091895,https://nsearchives.nseindia.com/today/MOGOLDEQN.svg,https://nsearchives.nseindia.com/30d/MOGOLD-EQ.svg,https://nsearchives.nseindia.com/365d/MOGOLD-EQ.svg,EQ
MAKEINDIA,Nifty India Manufacturing Total Return Index,167.99,169.04,166.92,169.04,1.11,0.66,43860,7354444.8,168.1155,173.11,140.12,-,-,14.308899107384363,3.6546480255089397,167.93,0,14.07,3.97,22-Aug-2025,24-Jul-2026,-,3.6546480255089397,-,14.308899107384363,2.351106233031033,-20.639451898372812,https://nsearchives.nseindia.com/today/MAKEINDIAEQN.svg,https://nsearchives.nseindia.com/30d/MAKEINDIA-EQ.svg,https://nsearchives.nseindia.com/365d/MAKEINDIA-EQ.svg,EQ
ALPL30IETF,Nifty Alpha Low-Volatility 30 Index,28.07,28.15,27.98,28.15,0.11,0.39,255723,7173030.15,28.1585,29.17,24.35,10-MAY-24,FACE VALUE SPLIT (SUB-DIVISION) - FROM RS 10/- PER SHARE TO RE 1/- PER SHARE,2.6622902990517754,0.6435466571326411,28.04,0,2.26,1.05,22-Aug-2025,24-Jul-2026,FACE VALUE SPLIT (SUB-DIVISION) - FROM RS 10/- PER SHARE TO RE 1/- PER SHARE,0.6435466571326411,10-MAY-24,2.6622902990517754,3.496743229345228,-15.605749486652964,https://nsearchives.nseindia.com/today/ALPL30IETFEQN.svg,https://nsearchives.nseindia.com/30d/ALPL30IETF-EQ.svg,https://nsearchives.nseindia.com/365d/ALPL30IETF-EQ.svg,EQ
MONQ50,Nasdaq Q-50 Total Return Index,147.84,147.84,147.84,147.84,1.38,0.94,47941,7087597.44,122.0173,151.65,79.26,-,-,83.72064123275754,3.988183161004443,146.46,0,83.26,2.82,22-Aug-2025,24-Jul-2026,-,3.988183161004443,-,83.72064123275754,2.5123639960435225,-86.52535957607873,https://nsearchives.nseindia.com/today/MONQ50EQN.svg,https://nsearchives.nseindia.com/30d/MONQ50-EQ.svg,https://nsearchives.nseindia.com/365d/MONQ50-EQ.svg,EQ
TWCGOLDETF,Commodity,160.18,160.18,159.2,159.78,-0.4,-0.25,43020,6869003.4,159.6855,187.98,123.31,-,-,Infinity,11.60159251239786,160.18,0,0,12.45,,24-Jul-2026,-,11.60159251239786,-,Infinity,15.001595914458981,-29.57586570432244,https://nsearchives.nseindia.com/today/TWCGOLDETFEQN.svg,https://nsearchives.nseindia.com/30d/TWCGOLDETF-EQ.svg,,EQ
TNIDETF,Nifty India Digital Index,89.25,91.49,89.25,91.47,0.85,0.94,74716,6798408.84,91.4763,103.26,74.5,-,-,-3.928158806848015,6.882449170366908,90.62,0,-3.64,7.83,22-Aug-2025,24-Jul-2026,-,6.882449170366908,-,-3.928158806848015,11.417780360255671,-22.778523489932887,https://nsearchives.nseindia.com/today/TNIDETFEQN.svg,https://nsearchives.nseindia.com/30d/TNIDETF-EQ.svg,https://nsearchives.nseindia.com/365d/TNIDETF-EQ.svg,EQ
LICNMID100,LIC MF Nifty Midcap 100 ETF,64.07,64.74,63.61,64.74,0.73,1.14,105789,6732411.96,64.2658,67.5,52.3,-,-,10.647752520936587,3.3854998403066072,64.01,0,9.72,3.13,22-Aug-2025,24-Jul-2026,-,3.3854998403066072,-,10.647752520936587,4.088888888888897,-23.78585086042065,https://nsearchives.nseindia.com/today/LICNMID100EQN.svg,https://nsearchives.nseindia.com/30d/LICNMID100-EQ.svg,https://nsearchives.nseindia.com/365d/LICNMID100-EQ.svg,EQ
NIF100BEES,Nifty 100 TRI,267.98,270.6,267.98,269,-0.24,-0.09,24933,6712711.59,269.3805,290,240,-,-,-0.7050311911705086,0.9418739915193781,269.24,0,-0.05,2.15,22-Aug-2025,24-Jul-2026,-,0.9418739915193781,-,-0.7050311911705086,7.241379310344827,-12.083333333333334,https://nsearchives.nseindia.com/today/NIF100BEESEQN.svg,https://nsearchives.nseindia.com/30d/NIF100BEES-EQ.svg,https://nsearchives.nseindia.com/365d/NIF100BEES-EQ.svg,EQ
NEXT50BETA,Nifty Next 50,80.2,80.25,79.06,80.25,0.39,0.49,83801,6697375.92,80.0024,82.51,64.34,25-MAR-21, FACE VALUE SPLIT (SUB-DIVISION) - FROM RS 10/- PER UNIT TO Re 1/- PER UNIT,Infinity,2.6740020470829116,79.86,0,0,2.71,,24-Jul-2026, FACE VALUE SPLIT (SUB-DIVISION) - FROM RS 10/- PER UNIT TO Re 1/- PER UNIT,2.6740020470829116,25-MAR-21,Infinity,2.73906193188705,-24.728007460366793,https://nsearchives.nseindia.com/today/NEXT50BETAEQN.svg,https://nsearchives.nseindia.com/30d/NEXT50BETA-EQ.svg,,EQ
NIFTYCASE,Nifty Index 50 Index,9.95,9.95,9.69,9.79,0.08,0.82,680671,6616122.12,9.73,11.4,8.84,-,-,Infinity,1.5560165975103586,9.71,0,0,1.78,,24-Jul-2026,-,1.5560165975103586,-,Infinity,14.122807017543868,-10.746606334841621,https://nsearchives.nseindia.com/today/NIFTYCASEEQN.svg,https://nsearchives.nseindia.com/30d/NIFTYCASE-EQ.svg,,EQ
EVIETF,Nifty EV & New Age Automotive ETF,33.55,33.89,33.29,33.63,0.12,0.36,191130,6385653.3,33.5173,36,26.28,-,-,10.443349753694593,4.89706799750468,33.51,0,10.67,5.58,22-Aug-2025,24-Jul-2026,-,4.89706799750468,-,10.443349753694593,6.583333333333326,-27.96803652968037,https://nsearchives.nseindia.com/today/EVIETFEQN.svg,https://nsearchives.nseindia.com/30d/EVIETF-EQ.svg,https://nsearchives.nseindia.com/365d/EVIETF-EQ.svg,EQ
SNXT30BEES,BSE Sensex Next 30 Index,43.16,43.39,42.43,43.39,0.19,0.44,141232,6060265.12,43.2564,44.56,36.83,-,-,11.256410256410257,2.8686581318160287,43.2,0,11.17,3.2,22-Aug-2025,24-Jul-2026,-,2.8686581318160287,-,11.256410256410257,2.6256732495511708,-17.81156665761608,https://nsearchives.nseindia.com/today/SNXT30BEESEQN.svg,https://nsearchives.nseindia.com/30d/SNXT30BEES-EQ.svg,https://nsearchives.nseindia.com/365d/SNXT30BEES-EQ.svg,EQ
HDFCGROWTH,HDFC NIFTY Growth Sectors 15 ETF,120.64,121.64,120.33,120.82,0.57,0.47,49840,6023164,121.0631,133.3,107.86,-,-,-2.0113544201135474,2.424550695150898,120.25,0,-1.82,3.76,22-Aug-2025,24-Jul-2026,-,2.424550695150898,-,-2.0113544201135474,9.362340585146299,-12.01557574633784,https://nsearchives.nseindia.com/today/HDFCGROWTHEQN.svg,https://nsearchives.nseindia.com/30d/HDFCGROWTH-EQ.svg,https://nsearchives.nseindia.com/365d/HDFCGROWTH-EQ.svg,EQ
EVINDIA,Nifty EV and New Age Automotive Total Return Index,33.5,33.6,33.3,33.59,0.1,0.30,179391,5993453.31,33.566,35.04,26.2,-,-,10.638998682476956,4.90318550905684,33.49,0,10.86,4.98,22-Aug-2025,24-Jul-2026,-,4.90318550905684,-,10.638998682476956,4.138127853881267,-28.206106870229025,https://nsearchives.nseindia.com/today/EVINDIAEQN.svg,https://nsearchives.nseindia.com/30d/EVINDIA-EQ.svg,https://nsearchives.nseindia.com/365d/EVINDIA-EQ.svg,EQ
MOVALUE,Motilal Oswal S&P BSE Enhanced Value ETF,113.16,113.68,113.1,113.68,0.61,0.54,52827,5987940.45,113.29,128.77,98.1,-,-,11.944854751354022,0.12330456226880444,113.07,0,11.38,0.33,22-Aug-2025,24-Jul-2026,-,0.12330456226880444,-,11.944854751354022,11.718567989438537,-15.881753312945989,https://nsearchives.nseindia.com/today/MOVALUEEQN.svg,https://nsearchives.nseindia.com/30d/MOVALUE-EQ.svg,https://nsearchives.nseindia.com/365d/MOVALUE-EQ.svg,EQ
MOMIDMTM,Nifty Midcap 150 Momentum 50 Total Return Index,65.19,65.44,64.71,65.44,0.48,0.74,89749,5836377.47,64.9031,70,54.78,-,-,4.336734693877549,3.6426987646499795,64.96,0,3.44,3.7,22-Aug-2025,24-Jul-2026,-,3.6426987646499795,-,4.336734693877549,6.514285714285718,-19.45965680905439,https://nsearchives.nseindia.com/today/MOMIDMTMEQN.svg,https://nsearchives.nseindia.com/30d/MOMIDMTM-EQ.svg,https://nsearchives.nseindia.com/365d/MOMIDMTM-EQ.svg,EQ
EBBETF0433,BHARAT Bond ETF-April 2033,1318,1318.9,1307.14,1313.48,-1.78,-0.14,4452,5832476.16,1307.3884,1345.89,1242.87,-,-,5.248481546178625,0.04570105417097595,1315.26,0,5.44,0.35,22-Aug-2025,24-Jul-2026,-,0.04570105417097595,-,5.248481546178625,2.408071982108499,-5.681205596723723,https://nsearchives.nseindia.com/today/EBBETF0433EQN.svg,https://nsearchives.nseindia.com/30d/EBBETF0433-EQ.svg,https://nsearchives.nseindia.com/365d/EBBETF0433-EQ.svg,EQ
GROWWNIFTY,Nifty 50 Index - TRI,9.55,9.94,9.55,9.83,0.03,0.31,589009,5760508.02,9.7947,11.88,8.93,-,-,-1.601601601601603,1.4447884416924723,9.8,0,-1.9,1.98,22-Aug-2025,24-Jul-2026,-,1.4447884416924723,-,-1.601601601601603,17.25589225589226,-10.078387458006722,https://nsearchives.nseindia.com/today/GROWWNIFTYEQN.svg,https://nsearchives.nseindia.com/30d/GROWWNIFTY-EQ.svg,https://nsearchives.nseindia.com/365d/GROWWNIFTY-EQ.svg,EQ
INFRABEES,Nifty Infra,967.81,971,961.27,965.58,-0.52,-0.05,5971,5756820.23,966.6019,1018.3,871.35,-,-,2.3879710728903882,0.2325243423920951,966.1,0,2.49,0.92,22-Aug-2025,24-Jul-2026,-,0.2325243423920951,-,2.3879710728903882,5.177256211332605,-10.814253744190053,https://nsearchives.nseindia.com/today/INFRABEESEQN.svg,https://nsearchives.nseindia.com/30d/INFRABEES-EQ.svg,https://nsearchives.nseindia.com/365d/INFRABEES-EQ.svg,EQ
HEALTHY,Nifty Healthcare TRI,16.94,17.18,16.78,16.99,0.13,0.77,323335,5457894.8,16.8998,17.67,13.58,-,-,12.442091330244864,0.11785503830288495,16.86,0,11.58,1.08,22-Aug-2025,24-Jul-2026,-,0.11785503830288495,-,12.442091330244864,3.8483305036785693,-25.110456553755512,https://nsearchives.nseindia.com/today/HEALTHYEQN.svg,https://nsearchives.nseindia.com/30d/HEALTHY-EQ.svg,https://nsearchives.nseindia.com/365d/HEALTHY-EQ.svg,EQ
ESILVER,Edelweiss Silver ETF,240.99,241.2,238.11,239.67,-2.44,-1.01,22056,5277559.68,242.6178,375,116.02,-,-,105.33755997258395,7.624949481341772,242.11,0,110.64,10.25,22-Aug-2025,24-Jul-2026,-,7.624949481341772,-,105.33755997258395,36.08800000000001,-106.57645233580418,https://nsearchives.nseindia.com/today/ESILVEREQN.svg,https://nsearchives.nseindia.com/30d/ESILVER-EQ.svg,https://nsearchives.nseindia.com/365d/ESILVER-EQ.svg,EQ
QUAL30IETF,ICICI Prudential Nifty 200 Quality 30 ETF,21.32,21.65,21.19,21.49,0.17,0.80,238115,5059943.75,21.3818,23,18,10-MAY-24,FACE VALUE SPLIT (SUB-DIVISION) - FROM RS 10/- PER SHARE TO RE 1/- PER SHARE,1.2723845428840697,1.848341232227474,21.32,0,0.99,1.81,22-Aug-2025,24-Jul-2026,FACE VALUE SPLIT (SUB-DIVISION) - FROM RS 10/- PER SHARE TO RE 1/- PER SHARE,1.848341232227474,10-MAY-24,1.2723845428840697,6.565217391304356,-19.38888888888888,https://nsearchives.nseindia.com/today/QUAL30IETFEQN.svg,https://nsearchives.nseindia.com/30d/QUAL30IETF-EQ.svg,https://nsearchives.nseindia.com/365d/QUAL30IETF-EQ.svg,EQ
SILVERBND,Commodity - Silver,241.8,242.19,237.78,239.5,-3.29,-1.36,20941,5033169.35,243.3721,389,180,-,-,Infinity,7.134869156788185,242.79,0,0,9.57,,24-Jul-2026,-,7.134869156788185,-,Infinity,38.43187660668381,-33.05555555555556,https://nsearchives.nseindia.com/today/SILVERBNDEQN.svg,https://nsearchives.nseindia.com/30d/SILVERBND-EQ.svg,,EQ
COMMOIETF,ICICI Prudential Nifty Commodities ETF,100.55,100.55,99.53,99.67,-0.5,-0.50,49260,4913685,100.3502,110.56,86.79,-,-,11.762727068849513,-0.18027040560840524,100.17,0,12.6,0.55,22-Aug-2025,24-Jul-2026,-,-0.18027040560840524,-,11.762727068849513,9.84985528219971,-14.84041940315704,https://nsearchives.nseindia.com/today/COMMOIETFEQN.svg,https://nsearchives.nseindia.com/30d/COMMOIETF-EQ.svg,https://nsearchives.nseindia.com/365d/COMMOIETF-EQ.svg,EQ
SENSEXIETF,SENSEX,890.53,895,887.86,895,4.47,0.50,5406,4815340.44,890.4319,999.84,731,-,-,-3.96892670522216,1.3085212351715956,890.53,0,-4.11,1.57,22-Aug-2025,24-Jul-2026,-,1.3085212351715956,-,-3.96892670522216,10.485677708433352,-22.43502051983584,https://nsearchives.nseindia.com/today/SENSEXIETFEQN.svg,https://nsearchives.nseindia.com/30d/SENSEXIETF-EQ.svg,https://nsearchives.nseindia.com/365d/SENSEXIETF-EQ.svg,EQ
ELM250,Nifty LargeMidcap 250 TRI,16.97,16.97,16.72,16.84,0.01,0.06,284156,4779503.92,16.8046,19.2,14.43,-,-,Infinity,0.898741761533844,16.83,0,0,2.75,,24-Jul-2026,-,0.898741761533844,-,Infinity,12.291666666666664,-16.701316701316703,https://nsearchives.nseindia.com/today/ELM250EQN.svg,https://nsearchives.nseindia.com/30d/ELM250-EQ.svg,,EQ
GROWWCHEM,Nifty Chemicals Index - TRI,30.04,30.5,29.86,30.42,0.49,1.64,156385,4700933.1,30.0861,31.74,24.64,-,-,Infinity,0.1976284584980312,29.93,0,0,-0.27,,24-Jul-2026,-,0.1976284584980312,-,Infinity,4.158790170132314,-23.457792207792213,https://nsearchives.nseindia.com/today/GROWWCHEMEQN.svg,https://nsearchives.nseindia.com/30d/GROWWCHEM-EQ.svg,,EQ
ITETF,Mirae Asset Nifty IT ETF,32.76,32.76,32.13,32.6,0.23,0.71,143146,4625047.26,32.4575,42.02,27.22,-,-,-13.366994419346268,4.621309370988451,32.37,0,-12.13,6.2,22-Aug-2025,24-Jul-2026,-,4.621309370988451,-,-13.366994419346268,22.417896239885774,-19.764878765613528,https://nsearchives.nseindia.com/today/ITETFEQN.svg,https://nsearchives.nseindia.com/30d/ITETF-EQ.svg,https://nsearchives.nseindia.com/365d/ITETF-EQ.svg,EQ
GROWWMETAL,Nifty Metal Index,13.03,13.17,12.5,12.76,0.04,0.31,363148,4601085.16,12.7569,13.45,10.03,-,-,Infinity,7.588532883642499,12.72,0,0,7.43,,24-Jul-2026,-,7.588532883642499,-,Infinity,5.130111524163564,-27.218344965104695,https://nsearchives.nseindia.com/today/GROWWMETALEQN.svg,https://nsearchives.nseindia.com/30d/GROWWMETAL-EQ.svg,,EQ
HDFCMOMENT,HDFC NIFTY200 Momentum 30 ETF,31.42,31.49,31.23,31.35,0.08,0.26,146069,4577802.46,31.4267,33.23,27.13,20-OCT-23,FACE VALUE SPLIT (SUB-DIVISION) - FROM RS 190.61/- PER SHARE TO RS 19.061/- PER SHARE,1.2924071082391022,2.1505376344086025,31.27,0,1.3,2.93,22-Aug-2025,24-Jul-2026,FACE VALUE SPLIT (SUB-DIVISION) - FROM RS 190.61/- PER SHARE TO RS 19.061/- PER SHARE,2.1505376344086025,20-OCT-23,1.2924071082391022,5.657538368943713,-15.55473645410985,https://nsearchives.nseindia.com/today/HDFCMOMENTEQN.svg,https://nsearchives.nseindia.com/30d/HDFCMOMENT-EQ.svg,https://nsearchives.nseindia.com/365d/HDFCMOMENT-EQ.svg,EQ
ENERGY,Nifty Energy,39.43,39.43,38.27,38.5,0.03,0.08,119278,4576696.86,38.5679,42.82,29,-,-,Infinity,-1.3326499231163584,38.47,0,0,-1.51,,24-Jul-2026,-,-1.3326499231163584,-,Infinity,10.088743577767397,-32.758620689655174,https://nsearchives.nseindia.com/today/ENERGYEQN.svg,https://nsearchives.nseindia.com/30d/ENERGY-EQ.svg,,EQ
MIDSELIETF,S&P BSE Midcap Select Index,20,20.13,19.88,19.99,0.01,0.05,220569,4411380,19.9724,20.19,14.55,10-MAY-24,FACE VALUE SPLIT (SUB-DIVISION) - FROM RS 10/- PER SHARE TO RE 1/- PER SHARE,13.90313390313389,2.776349614395883,19.98,0,13.91,4.39,22-Aug-2025,24-Jul-2026,FACE VALUE SPLIT (SUB-DIVISION) - FROM RS 10/- PER SHARE TO RE 1/- PER SHARE,2.776349614395883,10-MAY-24,13.90313390313389,0.9905894006934266,-37.38831615120273,https://nsearchives.nseindia.com/today/MIDSELIETFEQN.svg,https://nsearchives.nseindia.com/30d/MIDSELIETF-EQ.svg,https://nsearchives.nseindia.com/365d/MIDSELIETF-EQ.svg,EQ
HEALTHADD,DSP Nifty Healthcare ETF,16.04,16.79,16.03,16.79,0.43,2.63,259404,4287948.12,16.5828,17.47,13.54,03-JUL-26,FACE VALUE SPLIT (SUB-DIVISION) - FROM RS 10/- PER UNIT TO RE 1/- PER UNIT,-88.6783546864464,1.0228640192538998,16.36,0,-89.02,-0.24,22-Aug-2025,24-Jul-2026,FACE VALUE SPLIT (SUB-DIVISION) - FROM RS 10/- PER UNIT TO RE 1/- PER UNIT,1.0228640192538998,03-JUL-26,-88.6783546864464,3.8923869490555223,-24.002954209748893,https://nsearchives.nseindia.com/today/HEALTHADDEQN.svg,https://nsearchives.nseindia.com/30d/HEALTHADD-EQ.svg,https://nsearchives.nseindia.com/365d/HEALTHADD-EQ.svg,EQ
GROWWCAPM,Nifty Capital Markets Index,11.58,11.59,11.46,11.59,0.06,0.52,350625,4049718.75,11.5105,12.66,8.02,-,-,Infinity,3.4821428571428625,11.53,0,0,3.04,,24-Jul-2026,-,3.4821428571428625,-,Infinity,8.451816745655611,-44.5137157107232,https://nsearchives.nseindia.com/today/GROWWCAPMEQN.svg,https://nsearchives.nseindia.com/30d/GROWWCAPM-EQ.svg,,EQ
LOWVOL1,Kotak Nifty 100 Low Vol 30 ETF,21.2,21.43,21.19,21.43,0.09,0.42,174147,3704106.69,21.3003,22.9,18.77,-,-,1.275992438563325,0.8470588235294104,21.34,0,0.85,1.86,22-Aug-2025,24-Jul-2026,-,0.8470588235294104,-,1.275992438563325,6.419213973799122,-14.171550346297284,https://nsearchives.nseindia.com/today/LOWVOL1EQN.svg,https://nsearchives.nseindia.com/30d/LOWVOL1-EQ.svg,https://nsearchives.nseindia.com/365d/LOWVOL1-EQ.svg,EQ
AONESILVER,Domestic price of Silver,9.23,9.23,9.02,9.16,-0.09,-0.97,391206,3583446.96,9.2792,12,7.43,-,-,Infinity,7.511737089201885,9.25,0,0,10.25,,24-Jul-2026,-,7.511737089201885,-,Infinity,23.666666666666668,-23.283983849259766,https://nsearchives.nseindia.com/today/AONESILVEREQN.svg,https://nsearchives.nseindia.com/30d/AONESILVER-EQ.svg,,EQ
GROWWRLTY,Index,10.47,10.47,10.03,10.3,0.04,0.39,282579,2899260.54,10.2877,11.3,7.17,-,-,Infinity,1.7786561264822283,10.26,0,0,3.85,,24-Jul-2026,-,1.7786561264822283,-,Infinity,8.849557522123893,-43.654114365411445,https://nsearchives.nseindia.com/today/GROWWRLTYEQN.svg,https://nsearchives.nseindia.com/30d/GROWWRLTY-EQ.svg,,EQ
MOHEALTH,Motilal Oswal S&P BSE Healthcare ETF,51.24,51.69,51,51.67,0.43,0.84,55544,2854961.6,51.3386,53,40.79,-,-,13.986322523714987,0.2522312766783131,51.24,0,13.04,1.99,22-Aug-2025,24-Jul-2026,-,0.2522312766783131,-,13.986322523714987,2.509433962264148,-26.67320421671979,https://nsearchives.nseindia.com/today/MOHEALTHEQN.svg,https://nsearchives.nseindia.com/30d/MOHEALTH-EQ.svg,https://nsearchives.nseindia.com/365d/MOHEALTH-EQ.svg,EQ
GOLDBND,Commodity - Gold,160.67,161.98,159.54,160.5,-0.19,-0.12,17409,2790314.52,160.3574,180.16,115.17,-,-,Infinity,12.198531981824528,160.69,0,0,12.76,,24-Jul-2026,-,12.198531981824528,-,Infinity,10.912522202486675,-39.35920812711644,https://nsearchives.nseindia.com/today/GOLDBNDEQN.svg,https://nsearchives.nseindia.com/30d/GOLDBND-EQ.svg,,EQ
CHOICEGOLD,Gold,159.96,160.12,158.2,159.63,-0.33,-0.21,15946,2542270.78,159.4836,175.49,115.79,-,-,Infinity,12.217926186291736,159.96,0,0,13.01,,24-Jul-2026,-,12.217926186291736,-,Infinity,9.037551997264808,-37.86164608342688,https://nsearchives.nseindia.com/today/CHOICEGOLDEQN.svg,https://nsearchives.nseindia.com/30d/CHOICEGOLD-EQ.svg,,EQ
INTERNET,Equity Index,14.55,14.8,14.39,14.8,0.12,0.82,172139,2521836.35,14.5602,15.45,10.72,-,-,1.0238907849829375,11.61387631975868,14.68,0,0.55,13.18,22-Aug-2025,24-Jul-2026,-,11.61387631975868,-,1.0238907849829375,4.207119741100315,-38.059701492537314,https://nsearchives.nseindia.com/today/INTERNETEQN.svg,https://nsearchives.nseindia.com/30d/INTERNET-EQ.svg,https://nsearchives.nseindia.com/365d/INTERNET-EQ.svg,EQ
CEMNTGROWW,Nifty Cements Index TRI,15.08,15.08,14.65,14.86,-0.01,-0.07,170662,2520677.74,14.8233,16.27,14.5,-,-,Infinity,Infinity,14.87,0,0,0,,,-,Infinity,-,Infinity,8.666256914566688,-2.4827586206896513,https://nsearchives.nseindia.com/today/CEMNTGROWWEQN.svg,,,EQ
VAL30IETF,Nifty200 Value 30 Index,15.21,15.27,15.15,15.26,0.07,0.46,164671,2499705.78,15.2489,17.7,12.27,-,-,17.746913580246904,-0.5863192182410414,15.19,0,17.57,-0.52,22-Aug-2025,24-Jul-2026,-,-0.5863192182410414,-,17.746913580246904,13.785310734463275,-24.36837815810921,https://nsearchives.nseindia.com/today/VAL30IETFEQN.svg,https://nsearchives.nseindia.com/30d/VAL30IETF-EQ.svg,https://nsearchives.nseindia.com/365d/VAL30IETF-EQ.svg,EQ
NV20BEES,Nifty50 Value20 TRI,139.74,140.33,138.86,140.33,1.17,0.84,17915,2497530.15,139.7847,160,122.02,19-DEC-19, FACE VALUE SPLIT (SUB-DIVISION) - FROM RS 10/- TO RS 1/-,-5.552564275137972,0.8915090948306917,139.16,0,-5.41,0.18,22-Aug-2025,24-Jul-2026, FACE VALUE SPLIT (SUB-DIVISION) - FROM RS 10/- TO RS 1/-,0.8915090948306917,19-DEC-19,-5.552564275137972,12.293749999999992,-15.005736764464855,https://nsearchives.nseindia.com/today/NV20BEESEQN.svg,https://nsearchives.nseindia.com/30d/NV20BEES-EQ.svg,https://nsearchives.nseindia.com/365d/NV20BEES-EQ.svg,EQ
LIQUIDSBI,SBI NIFTY 1D Rate ETF,999.99,1000.01,999.99,999.99,0,0.00,2386,2385976.14,1000,1010.02,970.23,-,-,0,0,999.99,0,0,0,22-Aug-2025,24-Jul-2026,-,0,-,0,0.9930496425813323,-3.067313935870875,https://nsearchives.nseindia.com/today/LIQUIDSBIEQN.svg,https://nsearchives.nseindia.com/30d/LIQUIDSBI-EQ.svg,https://nsearchives.nseindia.com/365d/LIQUIDSBI-EQ.svg,EQ
SELECTIPO,BSE Select IPO Index,49,49.27,48.86,49.26,0.35,0.72,46488,2278841.76,48.8787,52.07,37.8,-,-,-1.044596223382891,6.877847689303524,48.91,0,-1.79,7.64,22-Aug-2025,24-Jul-2026,-,6.877847689303524,-,-1.044596223382891,5.3965815248703715,-30.31746031746032,https://nsearchives.nseindia.com/today/SELECTIPOEQN.svg,https://nsearchives.nseindia.com/30d/SELECTIPO-EQ.svg,https://nsearchives.nseindia.com/365d/SELECTIPO-EQ.svg,EQ
VALUEAXIS,Nifty500 Value 50 TRI,32.94,32.94,32.7,32.7,-0.1,-0.30,68537,2246642.86,32.9631,39,26.76,-,-,Infinity,-0.21361000915471554,32.8,0,0,0.77,,24-Jul-2026,-,-0.21361000915471554,-,Infinity,16.15384615384615,-22.197309417040362,https://nsearchives.nseindia.com/today/VALUEAXISEQN.svg,https://nsearchives.nseindia.com/30d/VALUEAXIS-EQ.svg,,EQ
EBBETF0431,Nifty BHARAT Bond,1440.18,1441.92,1432.5,1432.5,-10.69,-0.74,1523,2186601.56,1435.3486,1469,1363,-,-,4.757795588837531,-0.6388247289676867,1443.19,0,5.47,0.23,22-Aug-2025,24-Jul-2026,-,-0.6388247289676867,-,4.757795588837531,2.4846834581347856,-5.099046221570066,https://nsearchives.nseindia.com/today/EBBETF0431EQN.svg,https://nsearchives.nseindia.com/30d/EBBETF0431-EQ.svg,https://nsearchives.nseindia.com/365d/EBBETF0431-EQ.svg,EQ
HDFCNIF100,HDFC NIFTY 100 ETF,26.17,26.45,26.12,26.2,0.04,0.15,81607,2140551.61,26.256,29,23.31,20-OCT-23,FACE VALUE SPLIT (SUB-DIVISION) - FROM RS 177.27/- PER SHARE TO RS 17.727/- PER SHARE,-0.6069802731411235,1.2364760432766626,26.16,0,-0.38,2.03,22-Aug-2025,24-Jul-2026,FACE VALUE SPLIT (SUB-DIVISION) - FROM RS 177.27/- PER SHARE TO RS 17.727/- PER SHARE,1.2364760432766626,20-OCT-23,-0.6069802731411235,9.655172413793105,-12.398112398112401,https://nsearchives.nseindia.com/today/HDFCNIF100EQN.svg,https://nsearchives.nseindia.com/30d/HDFCNIF100-EQ.svg,https://nsearchives.nseindia.com/365d/HDFCNIF100-EQ.svg,EQ
HDFCSENSEX,SENSEX,87.11,88.21,87.11,88.2,0.56,0.64,23938,2100080.74,87.8497,98.48,80.9,02-FEB-24,FACE VALUE SPLIT (SUB-DIVISION) - FROM RS 250.361/- PER SHARE TO RS 25.0361/- PER SHARE,-3.764320785597384,1.437607820586544,87.64,0,-4.28,1.44,22-Aug-2025,24-Jul-2026,FACE VALUE SPLIT (SUB-DIVISION) - FROM RS 250.361/- PER SHARE TO RS 25.0361/- PER SHARE,1.437607820586544,02-FEB-24,-3.764320785597384,10.438667749796913,-9.02348578491965,https://nsearchives.nseindia.com/today/HDFCSENSEXEQN.svg,https://nsearchives.nseindia.com/30d/HDFCSENSEX-EQ.svg,https://nsearchives.nseindia.com/365d/HDFCSENSEX-EQ.svg,EQ
BBETF0432,Nifty BHARAT Bond Index - April 2032,1349.36,1351.99,1343.15,1348,-1.36,-0.10,1556,2092820,1346.3557,1378,1262.29,-,-,4.945191828599899,-0.14814814814814814,1349.36,0,5.17,-0.39,22-Aug-2025,24-Jul-2026,-,-0.14814814814814814,-,4.945191828599899,2.1770682148040637,-6.790040323538968,https://nsearchives.nseindia.com/today/BBETF0432EQN.svg,https://nsearchives.nseindia.com/30d/BBETF0432-EQ.svg,https://nsearchives.nseindia.com/365d/BBETF0432-EQ.svg,EQ
SBIMIDMOM,Nifty Midcap 150 Momentum 50 Index,64.47,64.5,63.92,64.5,0.68,1.07,31593,2032061.76,64.0756,67.74,53.86,-,-,Infinity,3.76447876447877,63.82,0,0,4.03,,24-Jul-2026,-,3.76447876447877,-,Infinity,4.782993799822845,-19.754920163386558,https://nsearchives.nseindia.com/today/SBIMIDMOMEQN.svg,https://nsearchives.nseindia.com/30d/SBIMIDMOM-EQ.svg,,EQ
ABSLLIQUID,Aditya Birla Sun Life CRISIL Overnight Fund AI ETF,1000,1000.01,999.99,1000,0,0.00,1977,1977000,1000,1044.99,999.56,-,-,0,0,1000,0,0,0,22-Aug-2025,24-Jul-2026,-,0,-,0,4.3053043569794935,-0.04401936852215521,https://nsearchives.nseindia.com/today/ABSLLIQUIDEQN.svg,https://nsearchives.nseindia.com/30d/ABSLLIQUID-EQ.svg,https://nsearchives.nseindia.com/365d/ABSLLIQUID-EQ.svg,EQ
IVZINNIFTY,Nifty 50,284.64,284.64,276.73,277.72,0.02,0.01,6983,1934779.81,277.9827,315,251.1,31-JUL-26,FACE VALUE SPLIT (SUB-DIVISION) - FROM RS 10/- PER SHARE TO RE 1/- PER SHARE,-90.22804282884296,-89.9111064288906,277.7,0,-90.24,-89.82,20-Aug-2025,24-Jul-2026,FACE VALUE SPLIT (SUB-DIVISION) - FROM RS 10/- PER SHARE TO RE 1/- PER SHARE,-89.9111064288906,31-JUL-26,-90.22804282884296,11.834920634920627,-10.60135404221427,https://nsearchives.nseindia.com/today/IVZINNIFTYEQN.svg,https://nsearchives.nseindia.com/30d/IVZINNIFTY-EQ.svg,https://nsearchives.nseindia.com/365d/IVZINNIFTY-EQ.svg,EQ
DIVOPPBEES,Nifty Dividend Opportunities 50 TRI,77.46,78,77.17,77.99,0.54,0.70,24698,1914095,77.6967,87.09,72.13,-,-,0.6452445476835721,0.6582343830665861,77.45,0,0.9,0.57,22-Aug-2025,24-Jul-2026,-,0.6582343830665861,-,0.6452445476835721,10.448960845102777,-8.124220158047969,https://nsearchives.nseindia.com/today/DIVOPPBEESEQN.svg,https://nsearchives.nseindia.com/30d/DIVOPPBEES-EQ.svg,https://nsearchives.nseindia.com/365d/DIVOPPBEES-EQ.svg,EQ
MNC,Kotak Nifty MNC ETF,34.21,34.89,33.96,34.36,0.15,0.44,56047,1912323.64,34.2207,35.65,27.83,-,-,14.571523841280431,2.1099554234769715,34.21,0,14.15,2.52,22-Aug-2025,24-Jul-2026,-,2.1099554234769715,-,14.571523841280431,3.6185133239831675,-23.463887890765367,https://nsearchives.nseindia.com/today/MNCEQN.svg,https://nsearchives.nseindia.com/30d/MNC-EQ.svg,https://nsearchives.nseindia.com/365d/MNC-EQ.svg,EQ
MOMENTUM,Aditya Birla Sun Life Nifty 200 Momentum 30 ETF,32.07,32.34,31.29,31.88,0.59,1.89,58111,1830496.5,31.5302,33,27.05,-,-,2.6731078904991894,3.9452233452885466,31.29,0,0.81,3,22-Aug-2025,24-Jul-2026,-,3.9452233452885466,-,2.6731078904991894,3.393939393939397,-17.855822550831785,https://nsearchives.nseindia.com/today/MOMENTUMEQN.svg,https://nsearchives.nseindia.com/30d/MOMENTUM-EQ.svg,https://nsearchives.nseindia.com/365d/MOMENTUM-EQ.svg,EQ
MOENERGY,Nifty Energy Index,38.4,38.41,38.15,38.35,-0.03,-0.08,47383,1813821.24,38.4933,43,33,-,-,Infinity,-1.5404364569961524,38.38,0,0,-1.74,,24-Jul-2026,-,-1.5404364569961524,-,Infinity,10.813953488372091,-16.212121212121215,https://nsearchives.nseindia.com/today/MOENERGYEQN.svg,https://nsearchives.nseindia.com/30d/MOENERGY-EQ.svg,,EQ
EQUAL50ADD,NIFTY 50 Equal Weight Index,346.9,347.47,343.82,347.47,2.63,0.76,5156,1778407.52,345.6539,361,304.78,-,-,5.745762196049805,1.3238853410317033,344.84,0,5.36,1.53,22-Aug-2025,24-Jul-2026,-,1.3238853410317033,-,5.745762196049805,3.7479224376731226,-14.006824594789704,https://nsearchives.nseindia.com/today/EQUAL50ADDEQN.svg,https://nsearchives.nseindia.com/30d/EQUAL50ADD-EQ.svg,https://nsearchives.nseindia.com/365d/EQUAL50ADD-EQ.svg,EQ
SMALLADD,Nifty Smallcap 250 Index,18.74,18.74,18.39,18.5,0.03,0.16,94987,1753460.02,18.4833,19.5,14.01,-,-,Infinity,3.1215161649944183,18.47,0,0,4.53,,24-Jul-2026,-,3.1215161649944183,-,Infinity,5.128205128205129,-32.048536759457534,https://nsearchives.nseindia.com/today/SMALLADDEQN.svg,https://nsearchives.nseindia.com/30d/SMALLADD-EQ.svg,,EQ
AONENIFTY,Nifty 50 Index,10.23,10.23,9.91,10.05,0.06,0.60,173078,1730780,10.0099,12,9,-,-,-1.4705882352941038,1.412714429868825,9.99,0,-1.96,1.73,22-Aug-2025,24-Jul-2026,-,1.412714429868825,-,-1.4705882352941038,16.249999999999996,-11.666666666666675,https://nsearchives.nseindia.com/today/AONENIFTYEQN.svg,https://nsearchives.nseindia.com/30d/AONENIFTY-EQ.svg,https://nsearchives.nseindia.com/365d/AONENIFTY-EQ.svg,EQ
NIFTYADD,Nifty 50 Index,252.36,256.23,252.36,255.79,0.88,0.35,6634,1690873.92,255.3703,300,232.64,-,-,Infinity,1.1307476376863106,254.91,0,0,1.61,,24-Jul-2026,-,1.1307476376863106,-,Infinity,14.73666666666667,-9.950997248968365,https://nsearchives.nseindia.com/today/NIFTYADDEQN.svg,https://nsearchives.nseindia.com/30d/NIFTYADD-EQ.svg,,EQ
NIFTYJBLK,INDEX,12.65,12.65,12.35,12.48,0.08,0.65,131697,1633042.8,12.416,12.96,12.35,-,-,Infinity,Infinity,12.4,0,0,0,,,-,Infinity,-,Infinity,3.703703703703707,-1.0526315789473748,https://nsearchives.nseindia.com/today/NIFTYJBLKEQN.svg,,,EQ
MOTOUR,Nifty India Tourism Total Return Index,79.69,80.07,79.14,79.75,0.42,0.53,20435,1622334.65,79.4411,95.67,64,-,-,-15.042079471609677,1.1927420378124574,79.33,0,-15.29,2.63,22-Aug-2025,24-Jul-2026,-,1.1927420378124574,-,-15.042079471609677,16.64053517299049,-24.609375,https://nsearchives.nseindia.com/today/MOTOUREQN.svg,https://nsearchives.nseindia.com/30d/MOTOUR-EQ.svg,https://nsearchives.nseindia.com/365d/MOTOUR-EQ.svg,EQ
SBIBPB,BSE PSU Bank Index TRI,49.44,49.98,48.84,49.98,0.54,1.09,32408,1611001.68,49.4654,58.27,38.53,-,-,23.164120256283883,3.564028180687938,49.44,0,21.24,2.32,22-Aug-2025,24-Jul-2026,-,3.564028180687938,-,23.164120256283883,14.226874892740701,-29.717103555670892,https://nsearchives.nseindia.com/today/SBIBPBEQN.svg,https://nsearchives.nseindia.com/30d/SBIBPB-EQ.svg,https://nsearchives.nseindia.com/365d/SBIBPB-EQ.svg,EQ
HDFCPVTBAN,HDFC NIFTY Private Bank ETF,28.12,28.12,27.92,27.99,0.01,0.04,55077,1541605.23,28.0725,30.17,24.31,02-FEB-24,FACE VALUE SPLIT (SUB-DIVISION) - FROM RS 216.75/- PER SHARE TO RS 21.675/- PER SHARE,2.904411764705879,0.2507163323782118,27.98,0,2.91,0.43,22-Aug-2025,24-Jul-2026,FACE VALUE SPLIT (SUB-DIVISION) - FROM RS 216.75/- PER SHARE TO RS 21.675/- PER SHARE,0.2507163323782118,02-FEB-24,2.904411764705879,7.225720914816053,-15.137803373097492,https://nsearchives.nseindia.com/today/HDFCPVTBANEQN.svg,https://nsearchives.nseindia.com/30d/HDFCPVTBAN-EQ.svg,https://nsearchives.nseindia.com/365d/HDFCPVTBAN-EQ.svg,EQ
TOP15IETF,Nifty Top 15 Equal Weight Index,9.88,9.97,9.88,9.95,0.03,0.30,148637,1475965.41,9.93,11.36,9.15,-,-,-3.678606001936116,0.5050505050504943,9.92,0,-3.6,1.95,22-Aug-2025,24-Jul-2026,-,0.5050505050504943,-,-3.678606001936116,12.411971830985916,-8.74316939890709,https://nsearchives.nseindia.com/today/TOP15IETFEQN.svg,https://nsearchives.nseindia.com/30d/TOP15IETF-EQ.svg,https://nsearchives.nseindia.com/365d/TOP15IETF-EQ.svg,EQ
HEALTHCARE,Nifty 500 Healthcare Index,21.39,21.66,21.33,21.66,0.27,1.26,65536,1402470.4,21.4214,22.29,17.18,-,-,Infinity,1.5471167369901635,21.39,0,0,2.05,,24-Jul-2026,-,1.5471167369901635,-,Infinity,2.8263795423956886,-26.076833527357397,https://nsearchives.nseindia.com/today/HEALTHCAREEQN.svg,https://nsearchives.nseindia.com/30d/HEALTHCARE-EQ.svg,,EQ
CONSUMIETF,Nifty India Consumption Index,126,126,124.04,124.59,0.42,0.34,11266,1401603.06,124.65,141.27,94.65,-,-,-1.0640832208369755,1.2350694726578453,124.17,0,-1.47,2.5,22-Aug-2025,24-Jul-2026,-,1.2350694726578453,-,-1.0640832208369755,11.807177744744111,-31.632329635499207,https://nsearchives.nseindia.com/today/CONSUMIETFEQN.svg,https://nsearchives.nseindia.com/30d/CONSUMIETF-EQ.svg,https://nsearchives.nseindia.com/365d/CONSUMIETF-EQ.svg,EQ
CONSUMER,Nifty India New AgeConsumption,12.3,12.44,12.27,12.41,0.11,0.89,111707,1378464.38,12.3077,12.87,9.69,-,-,1.638001638001632,5.169491525423724,12.3,0,1.23,6.03,22-Aug-2025,24-Jul-2026,-,5.169491525423724,-,1.638001638001632,3.574203574203567,-28.070175438596497,https://nsearchives.nseindia.com/today/CONSUMEREQN.svg,https://nsearchives.nseindia.com/30d/CONSUMER-EQ.svg,https://nsearchives.nseindia.com/365d/CONSUMER-EQ.svg,EQ
SBISMLETF,Nifty Smallcap 250 Index,18.64,18.67,18.31,18.45,-0.01,-0.05,74364,1363835.76,18.3974,18.97,16.53,-,-,Infinity,3.3613445378151137,18.46,0,0,4.47,,24-Jul-2026,-,3.3613445378151137,-,Infinity,2.7411702688455435,-11.6152450090744,https://nsearchives.nseindia.com/today/SBISMLETFEQN.svg,https://nsearchives.nseindia.com/30d/SBISMLETF-EQ.svg,,EQ
NIFTYAXIS,Nifty 50,273.06,273.06,267.22,269.5,1.79,0.67,5016,1344488.64,268.2996,296.38,244,23-JUL-20, FACE VALUE SPLIT (SUB-DIVISION) - FROM RS 100/- PER SHARE TO RS 10/- PER SHARE,Infinity,1.529535864978904,267.71,0,0,1.68,,24-Jul-2026, FACE VALUE SPLIT (SUB-DIVISION) - FROM RS 100/- PER SHARE TO RS 10/- PER SHARE,1.529535864978904,23-JUL-20,Infinity,9.069437883797825,-10.450819672131148,https://nsearchives.nseindia.com/today/NIFTYAXISEQN.svg,https://nsearchives.nseindia.com/30d/NIFTYAXIS-EQ.svg,,EQ
SHARIABEES,Shariah,459.13,462.69,456.82,461.92,2.34,0.51,2913,1334998.77,460.1439,534.61,433.68,10-MAR-14,DIVIDEND-RS.2 PER UNIT,-8.568714000118757,0.33014769765422214,459.58,0,-8.18,1.24,22-Aug-2025,24-Jul-2026,DIVIDEND-RS.2 PER UNIT,0.33014769765422214,10-MAR-14,-8.568714000118757,13.596827593946989,-6.511713705958313,https://nsearchives.nseindia.com/today/SHARIABEESEQN.svg,https://nsearchives.nseindia.com/30d/SHARIABEES-EQ.svg,https://nsearchives.nseindia.com/365d/SHARIABEES-EQ.svg,EQ
AONETOTAL,Nifty Total Market Index,11.99,12.08,11.75,12.05,0.06,0.50,109890,1317581.1,12.0267,12.51,9.6,-,-,3.256212510711232,2.032176121930569,11.99,0,3.18,2.65,22-Aug-2025,24-Jul-2026,-,2.032176121930569,-,3.256212510711232,3.6770583533173387,-25.520833333333346,https://nsearchives.nseindia.com/today/AONETOTALEQN.svg,https://nsearchives.nseindia.com/30d/AONETOTAL-EQ.svg,https://nsearchives.nseindia.com/365d/AONETOTAL-EQ.svg,EQ
LIQUIDSHRI,SHRIRAM NIFTY 1D RATE LIQUID ETF,1118.86,1118.88,1118.86,1118.88,0.29,0.03,1176,1315779.36,1118.5951,1118.88,1067.51,-,-,4.812132907420082,0.3767897513187682,1118.59,0,4.8,0.36,22-Aug-2025,24-Jul-2026,-,0.3767897513187682,-,4.812132907420082,0,-4.812132907420082,https://nsearchives.nseindia.com/today/LIQUIDSHRIEQN.svg,https://nsearchives.nseindia.com/30d/LIQUIDSHRI-EQ.svg,https://nsearchives.nseindia.com/365d/LIQUIDSHRI-EQ.svg,EQ
HDFCNIFIT,HDFC NIFTY IT ETF,32.1,33.08,32.1,32.86,0.26,0.80,40135,1305591.55,32.7162,42.3,27.32,02-FEB-24,FACE VALUE SPLIT (SUB-DIVISION) - FROM RS 299.92/- PER SHARE TO RS 29.992/- PER SHARE,-13.685316522195958,3.855878634639693,32.6,0,-12.25,5.84,22-Aug-2025,24-Jul-2026,FACE VALUE SPLIT (SUB-DIVISION) - FROM RS 299.92/- PER SHARE TO RS 29.992/- PER SHARE,3.855878634639693,02-FEB-24,-13.685316522195958,22.316784869976356,-20.278184480234255,https://nsearchives.nseindia.com/today/HDFCNIFITEQN.svg,https://nsearchives.nseindia.com/30d/HDFCNIFIT-EQ.svg,https://nsearchives.nseindia.com/365d/HDFCNIFIT-EQ.svg,EQ
ECAPINSURE,BSE Capital Markets & Insurance Total Return Index,24.29,24.47,24.21,24.38,0.09,0.37,53571,1301775.3,24.2723,25.88,20.5,-,-,3.612409689757747,2.6958719460825638,24.29,0,3.1,2.75,22-Aug-2025,24-Jul-2026,-,2.6958719460825638,-,3.612409689757747,5.795981452859351,-18.92682926829268,https://nsearchives.nseindia.com/today/ECAPINSUREEQN.svg,https://nsearchives.nseindia.com/30d/ECAPINSURE-EQ.svg,https://nsearchives.nseindia.com/365d/ECAPINSURE-EQ.svg,EQ
MSCI360,MSCI India Index,10.77,10.77,10.18,10.3,-1.29,-11.13,126047,1291981.75,10.196,12.24,9.6,-,-,Infinity,2.0812685827552118,11.59,0,0,16.02,,24-Jul-2026,-,2.0812685827552118,-,Infinity,15.849673202614374,-7.2916666666666785,https://nsearchives.nseindia.com/today/MSCI360EQN.svg,https://nsearchives.nseindia.com/30d/MSCI360-EQ.svg,,EQ
SENSEXETF,Mirae Asset S&P BSE Sensex ETF,79.85,80.25,79.61,80.25,0.4,0.50,15846,1264827.72,79.9082,88.7,73.33,-,-,-4.030136331021292,1.2873911397197981,79.85,0,-4.12,1.77,22-Aug-2025,24-Jul-2026,-,1.2873911397197981,-,-4.030136331021292,9.526493799323564,-9.43679258148098,https://nsearchives.nseindia.com/today/SENSEXETFEQN.svg,https://nsearchives.nseindia.com/30d/SENSEXETF-EQ.svg,https://nsearchives.nseindia.com/365d/SENSEXETF-EQ.svg,EQ
NIF100IETF,Nifty 100,28.31,28.4,28.21,28.32,0.01,0.04,42390,1197941.4,28.3362,30.88,23,10-MAY-24,FACE VALUE SPLIT (SUB-DIVISION) - FROM RS 10/- PER SHARE TO RE 1/- PER SHARE,-0.5268703898840835,1.3237924865831878,28.31,0,-0.21,2.35,22-Aug-2025,24-Jul-2026,FACE VALUE SPLIT (SUB-DIVISION) - FROM RS 10/- PER SHARE TO RE 1/- PER SHARE,1.3237924865831878,10-MAY-24,-0.5268703898840835,8.290155440414503,-23.130434782608695,https://nsearchives.nseindia.com/today/NIF100IETFEQN.svg,https://nsearchives.nseindia.com/30d/NIF100IETF-EQ.svg,https://nsearchives.nseindia.com/365d/NIF100IETF-EQ.svg,EQ
MOGSEC,Nifty 5 yr Benchmark G-Sec Index,65.17,65.7,65.13,65.15,-0.21,-0.32,18151,1185804.83,65.3716,67.33,60.18,-,-,5.488989637305712,-0.882397687509506,65.36,0,5.05,0.6,22-Aug-2025,24-Jul-2026,-,-0.882397687509506,-,5.488989637305712,3.2377840487152723,-8.258557660352286,https://nsearchives.nseindia.com/today/MOGSECEQN.svg,https://nsearchives.nseindia.com/30d/MOGSEC-EQ.svg,https://nsearchives.nseindia.com/365d/MOGSEC-EQ.svg,EQ
EMULTIMQ,Nifty500 Multicap Momentum Quality 50 Total Return Index,42.25,42.4,41.87,41.87,-0.38,-0.90,27416,1154487.76,42.3385,43.54,36.25,-,-,1.5030303030302967,2.3216031280547305,42.25,0,2.57,3.66,22-Aug-2025,24-Jul-2026,-,2.3216031280547305,-,1.5030303030302967,3.8355535140101096,-15.503448275862063,https://nsearchives.nseindia.com/today/EMULTIMQEQN.svg,https://nsearchives.nseindia.com/30d/EMULTIMQ-EQ.svg,https://nsearchives.nseindia.com/365d/EMULTIMQ-EQ.svg,EQ
ABSLPSE,Aditya Birla Sun Life Nifty PSE ETF,10.16,10.29,10.12,10.18,0.02,0.20,106143,1076290.02,10.1754,11.6,9.21,-,-,4.6248715313463435,-2.0211742059672844,10.16,0,4.21,-1.65,22-Aug-2025,24-Jul-2026,-,-2.0211742059672844,-,4.6248715313463435,12.241379310344827,-10.532030401737229,https://nsearchives.nseindia.com/today/ABSLPSEEQN.svg,https://nsearchives.nseindia.com/30d/ABSLPSE-EQ.svg,https://nsearchives.nseindia.com/365d/ABSLPSE-EQ.svg,EQ
MOIPO,BSE Select IPO Total Return Index,48.99,49.35,48.52,49.35,0.51,1.04,20578,1004617.96,48.897,53,36.5,-,-,Infinity,7.073117812974609,48.84,0,0,7.13,,24-Jul-2026,-,7.073117812974609,-,Infinity,6.8867924528301865,-35.2054794520548,https://nsearchives.nseindia.com/today/MOIPOEQN.svg,https://nsearchives.nseindia.com/30d/MOIPO-EQ.svg,,EQ
GROWWNXT50,Index,74.5,74.8,73.95,74.8,0.31,0.42,13437,997831.62,74.3845,76.79,60.01,-,-,Infinity,2.4657534246575303,74.49,0,0,3.14,,24-Jul-2026,-,2.4657534246575303,-,Infinity,2.5914832660502785,-24.64589235127479,https://nsearchives.nseindia.com/today/GROWWNXT50EQN.svg,https://nsearchives.nseindia.com/30d/GROWWNXT50-EQ.svg,,EQ
MON50EQUAL,Nifty 50 Equal Weight Total Return Index,33.58,33.78,33.48,33.78,-0.14,-0.41,29003,974790.83,33.5554,36,29.43,-,-,5.760801502817783,1.6245487364620912,33.92,0,6.73,2.66,22-Aug-2025,24-Jul-2026,-,1.6245487364620912,-,5.760801502817783,6.166666666666663,-14.780835881753317,https://nsearchives.nseindia.com/today/MON50EQUALEQN.svg,https://nsearchives.nseindia.com/30d/MON50EQUAL-EQ.svg,https://nsearchives.nseindia.com/365d/MON50EQUAL-EQ.svg,EQ
NIFTYQLITY,Aditya Birla Sun Life Nifty 200 Quality 30 ETF,21.61,21.86,21.46,21.8,0.19,0.88,44349,953503.5,21.5978,23.03,18.95,-,-,1.6791044776119375,2.1555763823805103,21.61,0,0.75,2.13,22-Aug-2025,24-Jul-2026,-,2.1555763823805103,-,1.6791044776119375,5.340859748154583,-15.039577836411617,https://nsearchives.nseindia.com/today/NIFTYQLITYEQN.svg,https://nsearchives.nseindia.com/30d/NIFTYQLITY-EQ.svg,https://nsearchives.nseindia.com/365d/NIFTYQLITY-EQ.svg,EQ
ABSLNN50ET,Nifty Next 50,77.99,78.69,77.72,78.69,0.81,1.04,12099,941544.18,78.0003,80.33,63.02,25-NOV-21, FACE VALUE SPLIT (SUB-DIVISION) - FROM RS 10/- PER SHARE TO RE 1/- PER SHARE,11.317017965766022,3.2406192600367345,77.88,0,10.41,3.07,22-Aug-2025,24-Jul-2026, FACE VALUE SPLIT (SUB-DIVISION) - FROM RS 10/- PER SHARE TO RE 1/- PER SHARE,3.2406192600367345,25-NOV-21,11.317017965766022,2.041578488733973,-24.865122183433822,https://nsearchives.nseindia.com/today/ABSLNN50ETEQN.svg,https://nsearchives.nseindia.com/30d/ABSLNN50ET-EQ.svg,https://nsearchives.nseindia.com/365d/ABSLNN50ET-EQ.svg,EQ
EQUAL50,Nifty50 Equal Weight,333.5,335.43,333,335.43,0.91,0.27,2786,930328.98,334.5856,342.88,295.16,-,-,5.272573204029756,1.2618867924528323,334.52,0,5.53,1.88,22-Aug-2025,24-Jul-2026,-,1.2618867924528323,-,5.272573204029756,2.172771815212316,-13.64344762162894,https://nsearchives.nseindia.com/today/EQUAL50EQN.svg,https://nsearchives.nseindia.com/30d/EQUAL50-EQ.svg,https://nsearchives.nseindia.com/365d/EQUAL50-EQ.svg,EQ
PVTBANKADD,DSP Nifty Private Bank ETF,27.96,28.01,27.74,27.74,-0.16,-0.57,33285,927652.95,27.9732,31.88,24.02,-,-,2.626711061783194,-0.251708018698311,27.9,0,3.37,0.58,22-Aug-2025,24-Jul-2026,-,-0.251708018698311,-,2.626711061783194,12.986198243412801,-15.487094088259779,https://nsearchives.nseindia.com/today/PVTBANKADDEQN.svg,https://nsearchives.nseindia.com/30d/PVTBANKADD-EQ.svg,https://nsearchives.nseindia.com/365d/PVTBANKADD-EQ.svg,EQ
GROWWSC250,Nifty Smallcap 250 Index - TRI,10.63,10.74,10.56,10.66,0.03,0.28,86198,912836.82,10.6111,10.97,8,-,-,Infinity,4.101562499999999,10.63,0,0,4.52,,24-Jul-2026,-,4.101562499999999,-,Infinity,2.825888787602557,-33.25,https://nsearchives.nseindia.com/today/GROWWSC250EQN.svg,https://nsearchives.nseindia.com/30d/GROWWSC250-EQ.svg,,EQ
HDFCPSUBK,HDFC NIFTY PSU BANK ETF,86.2,86.93,86,86.87,0.67,0.78,10358,897417.12,86.4301,101.25,67.98,-,-,23.027899730916307,2.7317880794702014,86.2,0,21.87,1.86,22-Aug-2025,24-Jul-2026,-,2.7317880794702014,-,23.027899730916307,14.202469135802465,-27.787584583701086,https://nsearchives.nseindia.com/today/HDFCPSUBKEQN.svg,https://nsearchives.nseindia.com/30d/HDFCPSUBK-EQ.svg,https://nsearchives.nseindia.com/365d/HDFCPSUBK-EQ.svg,EQ
BBNPPGOLD,Baroda BNP Paribas Gold ETF,156.05,156.95,154.1,154.85,-1.2,-0.77,5765,896457.5,155.5162,184.05,94.5,-,-,58.090862685043376,11.724386724386726,156.05,0,61.04,13.16,22-Aug-2025,24-Jul-2026,-,11.724386724386726,-,58.090862685043376,15.865254007063307,-63.86243386243385,https://nsearchives.nseindia.com/today/BBNPPGOLDEQN.svg,https://nsearchives.nseindia.com/30d/BBNPPGOLD-EQ.svg,https://nsearchives.nseindia.com/365d/BBNPPGOLD-EQ.svg,EQ
BANKPSU,Nifty PSU Bank Total Return Index,86.29,86.94,86.08,86.94,1.07,1.25,9931,861315.63,86.1634,99.52,67.59,-,-,23.863798261860666,3.1561461794019894,85.87,0,22.41,1.71,22-Aug-2025,24-Jul-2026,-,3.1561461794019894,-,23.863798261860666,12.640675241157554,-28.62849533954726,https://nsearchives.nseindia.com/today/BANKPSUEQN.svg,https://nsearchives.nseindia.com/30d/BANKPSU-EQ.svg,https://nsearchives.nseindia.com/365d/BANKPSU-EQ.svg,EQ
MOPSE,Nifty PSE Total Return Index,99.49,100.5,99.16,99.89,-1.97,-1.93,8655,859354.95,99.5208,114.7,92.55,-,-,4.71747562637593,-1.721763085399449,101.86,0,6.64,0.85,22-Aug-2025,24-Jul-2026,-,-1.721763085399449,-,4.71747562637593,12.911944202266785,-7.930848190167481,https://nsearchives.nseindia.com/today/MOPSEEQN.svg,https://nsearchives.nseindia.com/30d/MOPSE-EQ.svg,https://nsearchives.nseindia.com/365d/MOPSE-EQ.svg,EQ
HDFCVALUE,HDFC NIFTY50 Value 20 ETF,128.2,128.2,125,125.84,0.16,0.13,6822,854046.18,125.7454,147.05,120,-,-,-5.928085519922259,0.15121368881814382,125.68,0,-4.7,0.62,22-Aug-2025,24-Jul-2026,-,0.15121368881814382,-,-5.928085519922259,14.4236654199252,-4.86666666666667,https://nsearchives.nseindia.com/today/HDFCVALUEEQN.svg,https://nsearchives.nseindia.com/30d/HDFCVALUE-EQ.svg,https://nsearchives.nseindia.com/365d/HDFCVALUE-EQ.svg,EQ
LICNETFGSC,GSEC10 NSE Index,29.56,29.72,29.52,29.52,-0.04,-0.14,26681,790291.22,29.5048,30.53,27.42,-,-,4.904051172707885,0.2036659877800364,29.56,0,5.05,0.68,22-Aug-2025,24-Jul-2026,-,0.2036659877800364,-,4.904051172707885,3.308221421552576,-7.658643326039378,https://nsearchives.nseindia.com/today/LICNETFGSCEQN.svg,https://nsearchives.nseindia.com/30d/LICNETFGSC-EQ.svg,https://nsearchives.nseindia.com/365d/LICNETFGSC-EQ.svg,EQ
SBINEQWETF,Nifty50 Equal Weight,33.75,33.85,33.22,33.85,0.26,0.77,23171,776923.63,33.6245,36.4,29.64,-,-,6.1128526645768115,1.4688249400479676,33.59,0,5.6,1.73,22-Aug-2025,24-Jul-2026,-,1.4688249400479676,-,6.1128526645768115,7.005494505494498,-14.203778677462891,https://nsearchives.nseindia.com/today/SBINEQWETFEQN.svg,https://nsearchives.nseindia.com/30d/SBINEQWETF-EQ.svg,https://nsearchives.nseindia.com/365d/SBINEQWETF-EQ.svg,EQ
NV20,Nifty50 Value 20,13.99,13.99,13.87,13.98,0.05,0.36,53290,740198.1,13.966,16.87,12.62,27-FEB-26,FACE VALUE SPLIT (SUB-DIVISION) - FROM RS 10/- PER SHARE TO RE 1/- PER SHARE,-90.52909694465146,0.21505376344086838,13.93,0,-90.52,0.51,22-Aug-2025,24-Jul-2026,FACE VALUE SPLIT (SUB-DIVISION) - FROM RS 10/- PER SHARE TO RE 1/- PER SHARE,0.21505376344086838,27-FEB-26,-90.52909694465146,17.131001778304686,-10.776545166402546,https://nsearchives.nseindia.com/today/NV20EQN.svg,https://nsearchives.nseindia.com/30d/NV20-EQ.svg,https://nsearchives.nseindia.com/365d/NV20-EQ.svg,EQ
LOWVOL,Mirae Asset Nifty 100 Low Volatility 30 ETF,207.95,208.45,207.32,208.11,-0.24,-0.12,3547,737988.82,208.2022,219.1,183.58,-,-,-0.4020100502512443,0,208.35,0,0.02,1.27,22-Aug-2025,24-Jul-2026,-,0,-,-0.4020100502512443,5.015974440894561,-13.362022006754547,https://nsearchives.nseindia.com/today/LOWVOLEQN.svg,https://nsearchives.nseindia.com/30d/LOWVOL-EQ.svg,https://nsearchives.nseindia.com/365d/LOWVOL-EQ.svg,EQ
SBIETFPB,Nifty Private Bank Index,283.4,283.4,279.38,281.93,-0.48,-0.17,2558,718670.1,281.3881,304.58,244.18,-,-,3.7193731145611117,0.7936791677094232,282.41,0,3.79,1.42,22-Aug-2025,24-Jul-2026,-,0.7936791677094232,-,3.7193731145611117,7.436469892967358,-15.459906626259317,https://nsearchives.nseindia.com/today/SBIETFPBEQN.svg,https://nsearchives.nseindia.com/30d/SBIETFPB-EQ.svg,https://nsearchives.nseindia.com/365d/SBIETFPB-EQ.svg,EQ
SILVER001,Commodity - Silver,24.1,24.55,24.01,24.25,-0.27,-1.10,28279,686048.54,,0,0,-,-,Infinity,Infinity,24.52,0,0,0,,,-,Infinity,-,Infinity,,,https://nsearchives.nseindia.com/today/SILVER001EQN.svg,,,EQ
SMALLIETF,Nifty Smallcap 250 Index,18.4,18.47,18.32,18.47,0.02,0.11,37238,684434.44,18.4088,19.49,17.43,-,-,Infinity,3.415453527435607,18.45,0,0,1.37,,24-Jul-2026,-,3.415453527435607,-,Infinity,5.233453052847612,-5.966724039013191,https://nsearchives.nseindia.com/today/SMALLIETFEQN.svg,https://nsearchives.nseindia.com/30d/SMALLIETF-EQ.svg,,EQ
FMCGADD,Nifty FMCG Index (TRI),47.48,47.82,47.48,47.81,0.16,0.34,14191,676201.15,47.7414,51.09,47.45,-,-,Infinity,-4.015257980325235,47.65,0,0,-3.25,,24-Jul-2026,-,-4.015257980325235,-,Infinity,6.420043061264437,-0.7586933614330862,https://nsearchives.nseindia.com/today/FMCGADDEQN.svg,https://nsearchives.nseindia.com/30d/FMCGADD-EQ.svg,,EQ
BANK10ADD,BSE Top 10 Banks Index (TRI),16.84,17.55,16.84,16.89,-0.06,-0.35,38105,643593.45,16.9347,18.99,12.08,-,-,Infinity,0,16.95,0,0,0.71,,24-Jul-2026,-,0,-,Infinity,11.058451816745645,-39.81788079470199,https://nsearchives.nseindia.com/today/BANK10ADDEQN.svg,https://nsearchives.nseindia.com/30d/BANK10ADD-EQ.svg,,EQ
QNIFTY,Nifty 50,266.6,267.8,266,267.8,1.21,0.45,2124,567469.08,266.8087,291.19,243.2,13-FEB-26,FACE VALUE SPLIT (SUB-DIVISION) - FROM RS 10/- PER UNIT TO RE 1/- PER UNIT,-90.183284457478,1.362604087812272,266.59,0,-90.2,1.91,22-Aug-2025,24-Jul-2026,FACE VALUE SPLIT (SUB-DIVISION) - FROM RS 10/- PER UNIT TO RE 1/- PER UNIT,1.362604087812272,13-FEB-26,-90.183284457478,8.032556063051612,-10.115131578947379,https://nsearchives.nseindia.com/today/QNIFTYEQN.svg,https://nsearchives.nseindia.com/30d/QNIFTY-EQ.svg,https://nsearchives.nseindia.com/365d/QNIFTY-EQ.svg,EQ
MOMENTUM30,Nifty 200 Momentum 30 Index,31.39,31.39,30.94,31.37,0.4,1.29,17345,538909.15,31.135,37.38,26.91,-,-,Infinity,3.2587228439763067,30.97,0,0,2.65,,24-Jul-2026,-,3.2587228439763067,-,Infinity,16.078116639914395,-16.57376439985136,https://nsearchives.nseindia.com/today/MOMENTUM30EQN.svg,https://nsearchives.nseindia.com/30d/MOMENTUM30-EQ.svg,,EQ
SBIETFIT,Nifty IT Index,337.5,339.95,336.5,339,0.62,0.18,1590,537547.2,339.5114,439.27,285,-,-,-14.257530920403672,3.9590297157226613,338.38,0,-12.42,6.17,22-Aug-2025,24-Jul-2026,-,3.9590297157226613,-,-14.257530920403672,22.826507614906546,-18.94736842105263,https://nsearchives.nseindia.com/today/SBIETFITEQN.svg,https://nsearchives.nseindia.com/30d/SBIETFIT-EQ.svg,https://nsearchives.nseindia.com/365d/SBIETFIT-EQ.svg,EQ
LIQUIDBETA,Nifty 1D Rate Index,1005.71,1005.71,1005.71,1005.71,0.29,0.03,501,503860.71,1005.4314,1009.78,997.13,-,-,Infinity,0.3983148983747962,1005.42,0,0,0.38,,24-Jul-2026,-,0.3983148983747962,-,Infinity,0.4030580918615873,-0.8604695476016208,https://nsearchives.nseindia.com/today/LIQUIDBETAEQN.svg,https://nsearchives.nseindia.com/30d/LIQUIDBETA-EQ.svg,,EQ
FLEXIADD,Nifty500 Flexicap Quality 30 TRI,10.2,10.22,10.14,10.22,0.02,0.20,48258,491266.44,10.2095,11.9,8.73,-,-,Infinity,1.996007984031947,10.2,0,0,2.82,,24-Jul-2026,-,1.996007984031947,-,Infinity,14.117647058823527,-17.067583046964494,https://nsearchives.nseindia.com/today/FLEXIADDEQN.svg,https://nsearchives.nseindia.com/30d/FLEXIADD-EQ.svg,,EQ
PVTBKGROWW,Nifty Private Bank Index - TRI,27.5,27.75,27.42,27.47,0,0.00,17755,487907.4,27.6306,29.57,25.45,-,-,Infinity,-0.29038112522686693,27.47,0,0,0.44,,24-Jul-2026,-,-0.29038112522686693,-,Infinity,7.101792357118706,-7.937131630648328,https://nsearchives.nseindia.com/today/PVTBKGROWWEQN.svg,https://nsearchives.nseindia.com/30d/PVTBKGROWW-EQ.svg,,EQ
MOM50,Nifty 50,253.9,255.05,252.48,252.94,0.34,0.13,1912,484443.44,253.7896,279.33,231.11,16-OCT-14,FACE VALUE SPLIT FROM RS.10/- TO RS.7/-,-2.1622248868603164,0.7247531060847376,252.6,0,-2.3,1.45,22-Aug-2025,24-Jul-2026,FACE VALUE SPLIT FROM RS.10/- TO RS.7/-,0.7247531060847376,16-OCT-14,-2.1622248868603164,9.447606773350513,-9.445718489031188,https://nsearchives.nseindia.com/today/MOM50EQN.svg,https://nsearchives.nseindia.com/30d/MOM50-EQ.svg,https://nsearchives.nseindia.com/365d/MOM50-EQ.svg,EQ
SMALLGROWW,Nifty Smallcap 250 Momentum Quality 100 Index TRI,49.26,49.48,48.54,48.99,-0.13,-0.26,9862,482054.56,48.9281,49.8,45,-,-,Infinity,4.167552625983417,49.12,0,0,5.39,,24-Jul-2026,-,4.167552625983417,-,Infinity,1.626506024096376,-8.866666666666672,https://nsearchives.nseindia.com/today/SMALLGROWWEQN.svg,https://nsearchives.nseindia.com/30d/SMALLGROWW-EQ.svg,,EQ
IDFNIFTYET,Nifty 50,266.82,268.6,265,268.6,0.44,0.16,1788,476627.16,267.8154,340.8,244.32,-,-,-2.0601640838650783,1.3087919134009833,268.16,0,-1.88,2.05,22-Aug-2025,24-Jul-2026,-,1.3087919134009833,-,-2.0601640838650783,21.18544600938967,-9.937786509495755,https://nsearchives.nseindia.com/today/IDFNIFTYETEQN.svg,https://nsearchives.nseindia.com/30d/IDFNIFTYET-EQ.svg,https://nsearchives.nseindia.com/365d/IDFNIFTYET-EQ.svg,EQ
MID150,Nifty Midcap 150 Index,23.34,23.93,23.34,23.92,0.1,0.42,19922,473944.38,,24.95,18.97,-,-,6.311111111111119,2.793296089385484,23.82,0,5.87,3.21,22-Aug-2025,24-Jul-2026,-,2.793296089385484,-,6.311111111111119,4.1282565130260425,-26.093832366895114,https://nsearchives.nseindia.com/today/MID150EQN.svg,https://nsearchives.nseindia.com/30d/MID150-EQ.svg,https://nsearchives.nseindia.com/365d/MID150-EQ.svg,EQ
SENSEXBETA,SENSEX,861.9,864.63,855,855.1,-2.76,-0.32,547,469774.54,857.9852,952.91,785,26-FEB-21, INTERIM DIVIDEND - RS 13.56 PER UNIT,Infinity,0.6686915777824944,857.86,0,0,1.76,,24-Jul-2026, INTERIM DIVIDEND - RS 13.56 PER UNIT,0.6686915777824944,26-FEB-21,Infinity,10.264348154600114,-8.929936305732486,https://nsearchives.nseindia.com/today/SENSEXBETAEQN.svg,https://nsearchives.nseindia.com/30d/SENSEXBETA-EQ.svg,,EQ
HEALTHAXIS,Nifty Healthcare Index,166.88,190,166.78,172.13,5.56,3.34,2708,454456.56,167.1515,190,135.2,-,-,Infinity,2.9547221723787294,166.57,0,0,0.89,,24-Jul-2026,-,2.9547221723787294,-,Infinity,9.405263157894739,-27.31508875739646,https://nsearchives.nseindia.com/today/HEALTHAXISEQN.svg,https://nsearchives.nseindia.com/30d/HEALTHAXIS-EQ.svg,,EQ
UNIONGOLD,Commodity Gold,157.75,157.75,156.05,157.15,-0.6,-0.38,2663,417931.22,157.1534,177,98,-,-,58.97824987354579,11.731247778172769,157.75,0,60.97,13.08,22-Aug-2025,24-Jul-2026,-,11.731247778172769,-,58.97824987354579,11.214689265536721,-60.35714285714287,https://nsearchives.nseindia.com/today/UNIONGOLDEQN.svg,https://nsearchives.nseindia.com/30d/UNIONGOLD-EQ.svg,https://nsearchives.nseindia.com/365d/UNIONGOLD-EQ.svg,EQ
AONETMMQ50,Nifty Total Market Momentum Quality 50 TRI,10.18,10.56,10.18,10.44,0.05,0.48,39259,406330.65,10.3886,10.87,8,-,-,Infinity,4.295704295704293,10.39,0,0,4.53,,24-Jul-2026,-,4.295704295704293,-,Infinity,3.9558417663293444,-30.499999999999993,https://nsearchives.nseindia.com/today/AONETMMQ50EQN.svg,https://nsearchives.nseindia.com/30d/AONETMMQ50-EQ.svg,,EQ
NETF,Tata Nifty 50 Exchange Traded Fund,269.2,269.2,261.7,262.31,-0.33,-0.13,1530,402543,263.8225,292.9,240.66,-,-,-2.3199523348477014,0.7296186782381541,262.64,0,-2.52,1.44,22-Aug-2025,24-Jul-2026,-,0.7296186782381541,-,-2.3199523348477014,10.443837487196987,-8.996094074628108,https://nsearchives.nseindia.com/today/NETFEQN.svg,https://nsearchives.nseindia.com/30d/NETF-EQ.svg,https://nsearchives.nseindia.com/365d/NETF-EQ.svg,EQ
MSCIINDIA,MSCI India Index,30.15,30.34,29.98,30.34,0.38,1.27,12970,390137.6,30.141,32.14,26.5,-,-,1.7437961099932917,2.051799529095188,29.96,0,0.91,1.87,22-Aug-2025,24-Jul-2026,-,2.051799529095188,-,1.7437961099932917,5.600497822028626,-14.49056603773585,https://nsearchives.nseindia.com/today/MSCIINDIAEQN.svg,https://nsearchives.nseindia.com/30d/MSCIINDIA-EQ.svg,https://nsearchives.nseindia.com/365d/MSCIINDIA-EQ.svg,EQ
PSUBANKADD,DSP Nifty PSU Bank ETF,86,86.91,86,86.85,0.63,0.73,4404,381430.44,86.3852,99.88,67.8,-,-,23.471708842763704,2.4295317844085247,86.22,0,21.37,2.06,22-Aug-2025,24-Jul-2026,-,2.4295317844085247,-,23.471708842763704,13.045654785742892,-28.09734513274336,https://nsearchives.nseindia.com/today/PSUBANKADDEQN.svg,https://nsearchives.nseindia.com/30d/PSUBANKADD-EQ.svg,https://nsearchives.nseindia.com/365d/PSUBANKADD-EQ.svg,EQ
NEXT50ADD,Nifty Next 50 TRI,74.41,75,74.23,75,0.65,0.87,4818,360290.04,74.4357,81,56.25,-,-,Infinity,3.1069562826505432,74.35,0,0,2.92,,24-Jul-2026,-,3.1069562826505432,-,Infinity,7.407407407407407,-33.333333333333336,https://nsearchives.nseindia.com/today/NEXT50ADDEQN.svg,https://nsearchives.nseindia.com/30d/NEXT50ADD-EQ.svg,,EQ
LARGEMID50,BSE LargeMid (60:40) Stable Dividend 50 TRI (Total Return Index),36.8,36.92,36.75,36.83,0.12,0.33,9786,360026.94,36.7823,38,36.7,-,-,Infinity,Infinity,36.71,0,0,0,,,-,Infinity,-,Infinity,3.078947368421057,-0.3542234332424944,https://nsearchives.nseindia.com/today/LARGEMID50EQN.svg,,,EQ
BBNPNBETF,Baroda BNP Paribas NIFTY Bank ETF,58.12,59.72,57.68,59.72,1.11,1.89,6080,353126.4,58.0534,62.77,50.03,-,-,7.275013472247165,3.7706342311033914,58.61,0,5.62,2.43,22-Aug-2025,24-Jul-2026,-,3.7706342311033914,-,7.275013472247165,4.859009080771076,-19.368378972616426,https://nsearchives.nseindia.com/today/BBNPNBETFEQN.svg,https://nsearchives.nseindia.com/30d/BBNPNBETF-EQ.svg,https://nsearchives.nseindia.com/365d/BBNPNBETF-EQ.svg,EQ
MIDQ50ADD,Nifty Midcap 150 Quality 50 Index,25.4,25.44,25.15,25.29,-0.13,-0.51,13651,346052.85,25.4264,25.97,21,03-JUL-26,FACE VALUE SPLIT (SUB-DIVISION) - FROM RS 10/- PER UNIT TO RE 1/- PER UNIT,-89.8576298375777,2.016942315449778,25.42,0,-89.82,3.12,22-Aug-2025,24-Jul-2026,FACE VALUE SPLIT (SUB-DIVISION) - FROM RS 10/- PER UNIT TO RE 1/- PER UNIT,2.016942315449778,03-JUL-26,-89.8576298375777,2.6184058529071996,-20.428571428571423,https://nsearchives.nseindia.com/today/MIDQ50ADDEQN.svg,https://nsearchives.nseindia.com/30d/MIDQ50ADD-EQ.svg,https://nsearchives.nseindia.com/365d/MIDQ50ADD-EQ.svg,EQ
QUALITY30,Nifty200 Quality 30 Index,21.03,21.03,20.82,20.96,0.14,0.67,16014,334372.32,20.963,23.18,18.09,-,-,1.5503875968992262,0.866217516843117,20.82,0,0.53,1.76,22-Aug-2025,24-Jul-2026,-,0.866217516843117,-,1.5503875968992262,9.57722174288179,-15.865118850193484,https://nsearchives.nseindia.com/today/QUALITY30EQN.svg,https://nsearchives.nseindia.com/30d/QUALITY30-EQ.svg,https://nsearchives.nseindia.com/365d/QUALITY30-EQ.svg,EQ
MANUFGBEES,Nifty India Manufacturing TRI,166.72,166.91,165.15,166.91,0.68,0.41,1996,330717.24,165.9447,171.58,138.6,-,-,Infinity,3.677247033977258,166.23,0,0,4.24,,24-Jul-2026,-,3.677247033977258,-,Infinity,2.721762443175204,-20.425685425685426,https://nsearchives.nseindia.com/today/MANUFGBEESEQN.svg,https://nsearchives.nseindia.com/30d/MANUFGBEES-EQ.svg,,EQ
TECH,Nifty IT TRI Index,33.54,33.66,33.25,33.5,0.3,0.90,9456,315546.72,33.5239,49.41,28,-,-,-13.18994558175694,3.747290182719111,33.2,0,-11.87,5.83,22-Aug-2025,24-Jul-2026,-,3.747290182719111,-,-13.18994558175694,32.19995952236388,-19.642857142857142,https://nsearchives.nseindia.com/today/TECHEQN.svg,https://nsearchives.nseindia.com/30d/TECH-EQ.svg,https://nsearchives.nseindia.com/365d/TECH-EQ.svg,EQ
ITAXIS,NIFTY IT Index,337.89,339.2,334,339.2,4,1.19,935,314290.9,337.3842,439.67,230.7,-,-,Infinity,4.710748904118044,335.2,0,0,5.91,,24-Jul-2026,-,4.710748904118044,-,Infinity,22.851229331089232,-47.0307758994365,https://nsearchives.nseindia.com/today/ITAXISEQN.svg,https://nsearchives.nseindia.com/30d/ITAXIS-EQ.svg,,EQ
SBIETFQLTY,Nifty 200 Quality 30 Index,224.31,226.02,223.16,226.02,1.31,0.58,1342,300366.44,224.8528,247.28,194,-,-,1.1275167785234945,1.806224944822314,224.71,0,1.39,2.38,22-Aug-2025,24-Jul-2026,-,1.806224944822314,-,1.1275167785234945,8.597541248786797,-16.505154639175263,https://nsearchives.nseindia.com/today/SBIETFQLTYEQN.svg,https://nsearchives.nseindia.com/30d/SBIETFQLTY-EQ.svg,https://nsearchives.nseindia.com/365d/SBIETFQLTY-EQ.svg,EQ
HSBCGOLD,Commodity,140.9,140.9,139.13,139.13,-0.63,-0.45,2123,297177.54,139.6938,146.4,119.1,-,-,Infinity,10.931270929676282,139.76,0,0,12.6,,24-Jul-2026,-,10.931270929676282,-,Infinity,4.965846994535526,-16.817800167926112,https://nsearchives.nseindia.com/today/HSBCGOLDEQN.svg,https://nsearchives.nseindia.com/30d/HSBCGOLD-EQ.svg,,EQ
SETF10GILT,Nifty 10 yr Benchmark G-Sec Index,265.84,266.17,264.05,264.05,-0.47,-0.18,1091,289267.74,264.948,272.31,250.37,-,-,3.427340383862123,-0.919324577861159,264.52,0,3.02,0.08,22-Aug-2025,24-Jul-2026,-,-0.919324577861159,-,3.427340383862123,3.0333076273364883,-5.463913408155932,https://nsearchives.nseindia.com/today/SETF10GILTEQN.svg,https://nsearchives.nseindia.com/30d/SETF10GILT-EQ.svg,https://nsearchives.nseindia.com/365d/SETF10GILT-EQ.svg,EQ
GROWWN200,Nifty 200 Index- Total Return Index,11.42,11.59,11.36,11.54,0.07,0.61,24080,275475.2,11.4535,12.14,9.91,-,-,2.3049645390070905,1.9434628975264916,11.47,0,2.41,2.14,22-Aug-2025,24-Jul-2026,-,1.9434628975264916,-,2.3049645390070905,4.942339373970357,-16.44803229061553,https://nsearchives.nseindia.com/today/GROWWN200EQN.svg,https://nsearchives.nseindia.com/30d/GROWWN200-EQ.svg,https://nsearchives.nseindia.com/365d/GROWWN200-EQ.svg,EQ
TOP20,Nifty Top 20 Equal Weight,9,9,8.96,9,0.03,0.33,29684,266562.32,8.9923,9.99,8,-,-,Infinity,1.5801354401805934,8.97,0,0,2.75,,24-Jul-2026,-,1.5801354401805934,-,Infinity,9.909909909909912,-12.5,https://nsearchives.nseindia.com/today/TOP20EQN.svg,https://nsearchives.nseindia.com/30d/TOP20-EQ.svg,,EQ
MIDCAPBETA,UTI Nifty Midcap 150 Exchange Traded Fund (ETF),237.48,237.52,236.01,237,0.7,0.30,1124,265826,236.843,239.9,192.5,-,-,Infinity,2.1551724137931036,236.3,0,0,3.7,,24-Jul-2026,-,2.1551724137931036,-,Infinity,1.2088370154230954,-23.116883116883116,https://nsearchives.nseindia.com/today/MIDCAPBETAEQN.svg,https://nsearchives.nseindia.com/30d/MIDCAPBETA-EQ.svg,,EQ
HDFCQUAL,HDFC NIFTY100 Quality 30 ETF,59.11,59.54,58.92,59.54,0.44,0.74,4385,259548.15,59.3546,61.87,51.91,-,-,2.3375730491577853,2.531427587394522,59.1,0,2.2,2.87,22-Aug-2025,24-Jul-2026,-,2.531427587394522,-,2.3375730491577853,3.7659608857281373,-14.698516663455987,https://nsearchives.nseindia.com/today/HDFCQUALEQN.svg,https://nsearchives.nseindia.com/30d/HDFCQUAL-EQ.svg,https://nsearchives.nseindia.com/365d/HDFCQUAL-EQ.svg,EQ
EQUAL200,BSE 200 Equal Weight,13.99,14.08,13.94,14.08,0.09,0.64,18574,259478.78,11.855,14.6,11.75,-,-,8.558211256746333,2.4745269286753993,13.99,0,8.2,2.64,22-Aug-2025,24-Jul-2026,-,2.4745269286753993,-,8.558211256746333,3.5616438356164357,-19.829787234042552,https://nsearchives.nseindia.com/today/EQUAL200EQN.svg,https://nsearchives.nseindia.com/30d/EQUAL200-EQ.svg,https://nsearchives.nseindia.com/365d/EQUAL200-EQ.svg,EQ
MOALPHA50,Nifty Alpha 50 Total Return Index,56.11,56.62,56.1,56.3,-0.09,-0.16,4562,257433.66,56.3509,62,42.1,-,-,9.575710393149073,5.272999252056844,56.39,0,9.92,6.6,22-Aug-2025,24-Jul-2026,-,5.272999252056844,-,9.575710393149073,9.193548387096778,-33.72921615201899,https://nsearchives.nseindia.com/today/MOALPHA50EQN.svg,https://nsearchives.nseindia.com/30d/MOALPHA50-EQ.svg,https://nsearchives.nseindia.com/365d/MOALPHA50-EQ.svg,EQ
MOINFRA,BSE India Infrastructure Total Return Index,59.47,59.61,59.02,59.61,0.17,0.29,4050,239557.5,59.179,66,54.6,-,-,2.2820864790665722,-1.5849430411094616,59.44,0,1.62,-1.69,22-Aug-2025,24-Jul-2026,-,-1.5849430411094616,-,2.2820864790665722,9.681818181818182,-9.175824175824172,https://nsearchives.nseindia.com/today/MOINFRAEQN.svg,https://nsearchives.nseindia.com/30d/MOINFRA-EQ.svg,https://nsearchives.nseindia.com/365d/MOINFRA-EQ.svg,EQ
ELMDIV,Index (BSE LargeMid (60:40) Stable Dividend 50),37,37.1,36.68,37.1,0.2,0.54,6448,237866.72,36.7768,38.67,36.13,-,-,Infinity,Infinity,36.9,0,0,0,,,-,Infinity,-,Infinity,4.059994828032067,-2.6847495156379706,https://nsearchives.nseindia.com/today/ELMDIVEQN.svg,,,EQ
NPBET,Nifty Private Bank Index,285.09,288.99,281,281.83,-3.26,-1.14,824,233917.12,285.394,307,246.26,-,-,2.0494622877213193,-0.8722872920403848,285.09,0,3.17,0.93,22-Aug-2025,24-Jul-2026,-,-0.8722872920403848,-,2.0494622877213193,8.198697068403915,-14.444083488995368,https://nsearchives.nseindia.com/today/NPBETEQN.svg,https://nsearchives.nseindia.com/30d/NPBET-EQ.svg,https://nsearchives.nseindia.com/365d/NPBET-EQ.svg,EQ
INFRA,Nifty India Infrastructure & Logistics,12.16,12.22,12.12,12.22,0.07,0.58,18543,226039.17,12.168,13.27,10.14,-,-,Infinity,0.7419620774938157,12.15,0,0,0.83,,24-Jul-2026,-,0.7419620774938157,-,Infinity,7.912584777694039,-20.51282051282051,https://nsearchives.nseindia.com/today/INFRAEQN.svg,https://nsearchives.nseindia.com/30d/INFRA-EQ.svg,,EQ
MOOILGAS,Nifty Oil & Gas ETF Total Return Index,11.47,11.47,11.15,11.23,0.02,0.18,20026,224090.94,11.2044,11.7,11.1,-,-,Infinity,Infinity,11.21,0,0,0,,,-,Infinity,-,Infinity,4.017094017094007,-1.1711711711711783,https://nsearchives.nseindia.com/today/MOOILGASEQN.svg,,,EQ
HDFCNIMEG,Nifty Metal Index TRI,133.11,133.12,132.28,133,-0.13,-0.10,1676,222623.08,133.7601,152.55,126.96,-,-,Infinity,Infinity,133.13,0,0,0,,,-,Infinity,-,Infinity,12.815470337594238,-4.757403906742287,https://nsearchives.nseindia.com/today/HDFCNIMEGEQN.svg,,,EQ
SBINMID150,Nifty Midcap 150 Index,23.78,23.78,23.4,23.6,0.08,0.34,9449,222051.5,23.4847,24.06,19.81,-,-,Infinity,2.832244008714606,23.52,0,0,3.16,,24-Jul-2026,-,2.832244008714606,-,Infinity,1.911886949293422,-19.131751640585577,https://nsearchives.nseindia.com/today/SBINMID150EQN.svg,https://nsearchives.nseindia.com/30d/SBINMID150-EQ.svg,,EQ
ENEXT50,Nifty Next 50 Total Return Index,74.5,74.5,73.44,74,0.13,0.18,2983,221607.07,73.7909,75.14,68.59,-,-,Infinity,2.13940648723257,73.87,0,0,3,,24-Jul-2026,-,2.13940648723257,-,Infinity,1.5171679531541131,-7.887447149730276,https://nsearchives.nseindia.com/today/ENEXT50EQN.svg,https://nsearchives.nseindia.com/30d/ENEXT50-EQ.svg,,EQ
CONSUMAXIS,NIFTY India Consumption Index,123.69,125,123.45,125,1.68,1.36,1774,219798.6,123.8141,131.85,105.63,-,-,Infinity,2.3164442989277223,123.32,0,0,2.51,,24-Jul-2026,-,2.3164442989277223,-,Infinity,5.19529768676526,-18.33759348669886,https://nsearchives.nseindia.com/today/CONSUMAXISEQN.svg,https://nsearchives.nseindia.com/30d/CONSUMAXIS-EQ.svg,,EQ
MONIFTY100,Nifty 100 Total Return Index,25.54,25.69,25.44,25.69,0.15,0.59,8585,219003.35,25.5494,27.97,22.38,-,-,Infinity,1.6620498614958517,25.54,0,0,2.16,,24-Jul-2026,-,1.6620498614958517,-,Infinity,8.151590990346792,-14.78999106344952,https://nsearchives.nseindia.com/today/MONIFTY100EQN.svg,https://nsearchives.nseindia.com/30d/MONIFTY100-EQ.svg,,EQ
NIFTYBETF,Bajaj Finserv Nifty 50 ETF,249.18,250.62,248.17,250.62,1.44,0.58,858,213539.04,249.4295,279.99,227.01,-,-,-1.6906601812262199,1.4738035468459045,249.18,0,-1.84,1.73,22-Aug-2025,24-Jul-2026,-,1.4738035468459045,-,-1.6906601812262199,10.489660345012323,-10.400422888859527,https://nsearchives.nseindia.com/today/NIFTYBETFEQN.svg,https://nsearchives.nseindia.com/30d/NIFTYBETF-EQ.svg,https://nsearchives.nseindia.com/365d/NIFTYBETF-EQ.svg,EQ
SBIETFCON,Nifty India Consumption Index,124.97,124.97,123.31,124.12,0.67,0.54,1609,199821.71,124.1708,133.97,100,-,-,-1.39815697489672,1.2232914695808188,123.45,0,-1.77,2.18,22-Aug-2025,24-Jul-2026,-,1.2232914695808188,-,-1.39815697489672,7.352392326640288,-24.120000000000005,https://nsearchives.nseindia.com/today/SBIETFCONEQN.svg,https://nsearchives.nseindia.com/30d/SBIETFCON-EQ.svg,https://nsearchives.nseindia.com/365d/SBIETFCON-EQ.svg,EQ
NEXT30ADD,BSE SENSEX Next 30 Index,43.4,43.74,43.17,43.31,-0.09,-0.21,4543,197393.35,43.379,46.7,36.98,-,-,10.852316355259795,2.3877068557919743,43.4,0,11.86,3.21,22-Aug-2025,24-Jul-2026,-,2.3877068557919743,-,10.852316355259795,7.259100642398288,-17.11736073553274,https://nsearchives.nseindia.com/today/NEXT30ADDEQN.svg,https://nsearchives.nseindia.com/30d/NEXT30ADD-EQ.svg,https://nsearchives.nseindia.com/365d/NEXT30ADD-EQ.svg,EQ
BANKBETF,Bajaj Finserv Nifty Bank ETF,58.38,58.72,58.17,58.54,0.22,0.38,3236,189111.84,58.5613,63.9,50.71,-,-,4.591745577988208,0.9832672071761261,58.32,0,4.22,0.97,22-Aug-2025,24-Jul-2026,-,0.9832672071761261,-,4.591745577988208,8.38810641627543,-15.440741471110229,https://nsearchives.nseindia.com/today/BANKBETFEQN.svg,https://nsearchives.nseindia.com/30d/BANKBETF-EQ.svg,https://nsearchives.nseindia.com/365d/BANKBETF-EQ.svg,EQ
MONEXT50,Nifty Next 50 Total Return Index,73.98,74.62,73.59,74.62,0.46,0.62,2538,188065.8,73.9711,75.89,59.43,-,-,10.646500593119821,2.839029768467478,74.16,0,10.39,2.9,22-Aug-2025,24-Jul-2026,-,2.839029768467478,-,10.646500593119821,1.6734747661088365,-25.559481743227334,https://nsearchives.nseindia.com/today/MONEXT50EQN.svg,https://nsearchives.nseindia.com/30d/MONEXT50-EQ.svg,https://nsearchives.nseindia.com/365d/MONEXT50-EQ.svg,EQ
BNKETFAXIS,Nifty Bank,593.7,594.44,590.62,592,-1.48,-0.25,313,185537.01,594.0046,647.82,512.51,-,-,Infinity,0.4411265693926065,593.48,0,0,1.65,,24-Jul-2026,-,0.4411265693926065,-,Infinity,8.616591028372087,-15.509941269438647,https://nsearchives.nseindia.com/today/BNKETFAXISEQN.svg,https://nsearchives.nseindia.com/30d/BNKETFAXIS-EQ.svg,,EQ
GROWWMC150,Nifty Midcap 150 Index - TRI,233.99,236.4,233.7,235.8,1.85,0.79,732,171573.48,234.9432,245,193.6,-,-,Infinity,2.9874213836478,233.95,0,0,2.89,,24-Jul-2026,-,2.9874213836478,-,Infinity,3.755102040816322,-21.797520661157034,https://nsearchives.nseindia.com/today/GROWWMC150EQN.svg,https://nsearchives.nseindia.com/30d/GROWWMC150-EQ.svg,,EQ
PVTBANK,Index,27.97,27.97,27.46,27.65,-0.05,-0.18,6079,168205.93,27.591,28.33,27.01,-,-,Infinity,1.2449652142072496,27.7,0,0,1.06,,24-Jul-2026,-,1.2449652142072496,-,Infinity,2.4002823861630773,-2.369492780451673,https://nsearchives.nseindia.com/today/PVTBANKEQN.svg,https://nsearchives.nseindia.com/30d/PVTBANK-EQ.svg,,EQ
EMETAL,Nifty Metal Total Return Index,13.36,13.36,13.21,13.34,-0.02,-0.15,12298,163071.48,13.3711,15.21,12.41,-,-,Infinity,Infinity,13.36,0,0,0,,,-,Infinity,-,Infinity,12.29454306377384,-7.493956486704269,https://nsearchives.nseindia.com/today/EMETALEQN.svg,,,EQ
SENSEXAXIS,AXIS S&P BSE SENSEX ETF,78.52,82,78.52,81,0.88,1.10,1911,153663.51,80.356,91.35,73.52,-,-,Infinity,1.3894104393541111,80.12,0,0,1.33,,24-Jul-2026,-,1.3894104393541111,-,Infinity,11.33004926108374,-10.174102285092498,https://nsearchives.nseindia.com/today/SENSEXAXISEQN.svg,https://nsearchives.nseindia.com/30d/SENSEXAXIS-EQ.svg,,EQ
IVZSENSEX,BSE Sensex TRI,75.54,77.45,75.54,77.45,0,0.00,1950,149721,77.3978,77.81,75.54,-,-,Infinity,Infinity,77.45,0,0,0,,,-,Infinity,-,Infinity,0.4626654671636029,-2.5284617421233735,https://nsearchives.nseindia.com/today/IVZSENSEXEQN.svg,,,EQ
MOMNC,Nifty MNC ETF Total Return Index,33.11,33.28,32.92,33.28,0.12,0.36,4506,148698,33.14,35.8,27.03,-,-,Infinity,1.8671564126109563,33.16,0,0,2.76,,24-Jul-2026,-,1.8671564126109563,-,Infinity,7.039106145251386,-23.122456529781722,https://nsearchives.nseindia.com/today/MOMNCEQN.svg,https://nsearchives.nseindia.com/30d/MOMNC-EQ.svg,,EQ
BANKADD,DSP Nifty Bank ETF,58.77,59.1,58.67,58.76,-0.11,-0.19,2400,141432,58.9785,62.9,51.01,-,-,Infinity,0.530367835757049,58.87,0,0,1.36,,24-Jul-2026,-,0.530367835757049,-,Infinity,6.5818759936407005,-15.193099392276025,https://nsearchives.nseindia.com/today/BANKADDEQN.svg,https://nsearchives.nseindia.com/30d/BANKADD-EQ.svg,,EQ
HYBRIDETF,Nifty200 Momentum 30 Plus 8-13 yr G-Sec 50:50 Total Return Index,10.33,10.35,9.87,10.16,0.03,0.30,13406,135534.66,10.1283,11.99,9.8,-,-,Infinity,Infinity,10.13,0,0,0,,,-,Infinity,-,Infinity,15.262718932443702,-3.673469387755096,https://nsearchives.nseindia.com/today/HYBRIDETFEQN.svg,,,EQ
MOQUALITY,Motilal Oswal S&P BSE Quality ETF,203.28,204.13,201,204.13,1.85,0.91,651,131638.71,202.7499,225.6,176.15,-,-,6.278960795543293,1.2700302624398483,202.28,0,5.37,1.53,22-Aug-2025,24-Jul-2026,-,1.2700302624398483,-,6.278960795543293,9.516843971631205,-15.884189611126875,https://nsearchives.nseindia.com/today/MOQUALITYEQN.svg,https://nsearchives.nseindia.com/30d/MOQUALITY-EQ.svg,https://nsearchives.nseindia.com/365d/MOQUALITY-EQ.svg,EQ
GROWWPSUBK,Nifty PSU Bank Index - TRI,85,86.89,84.59,86.4,0.7,0.82,1408,120820.48,85.6684,91.19,77.57,-,-,Infinity,2.8816384853536574,85.7,0,0,1.96,,24-Jul-2026,-,2.8816384853536574,-,Infinity,5.2527689439631455,-11.383266726827399,https://nsearchives.nseindia.com/today/GROWWPSUBKEQN.svg,https://nsearchives.nseindia.com/30d/GROWWPSUBK-EQ.svg,,EQ
DIVIDEND,BSE 500 Dividend Leaders,35.85,35.85,35.6,35.81,-0.04,-0.11,3309,118230.57,35.8603,38.03,33.15,-,-,Infinity,0.930101465614446,35.85,0,0,2.14,,24-Jul-2026,-,0.930101465614446,-,Infinity,5.837496713121217,-8.024132730015094,https://nsearchives.nseindia.com/today/DIVIDENDEQN.svg,https://nsearchives.nseindia.com/30d/DIVIDEND-EQ.svg,,EQ
MIDCAPADD,Nifty Midcap 150 Index,23.48,23.66,23.45,23.66,0.17,0.72,5021,118093.92,23.4855,25.5,19.27,-,-,Infinity,3.138622493461198,23.49,0,0,3.12,,24-Jul-2026,-,3.138622493461198,-,Infinity,7.215686274509804,-22.781525687597306,https://nsearchives.nseindia.com/today/MIDCAPADDEQN.svg,https://nsearchives.nseindia.com/30d/MIDCAPADD-EQ.svg,,EQ
BSLSENETFG,BSE SENSEX Index,77.79,78.95,77.61,78.25,0.46,0.59,1445,112738.9,78.0787,87.82,70.32,25-NOV-21, FACE VALUE SPLIT (SUB-DIVISION) - FROM RS 10/- PER SHARE TO RE 1- PER SHARE,-4.046597179644387,0.9547155205779833,77.79,0,-5.59,1.63,22-Aug-2025,24-Jul-2026, FACE VALUE SPLIT (SUB-DIVISION) - FROM RS 10/- PER SHARE TO RE 1- PER SHARE,0.9547155205779833,25-NOV-21,-4.046597179644387,10.897289911181955,-11.277019340159283,https://nsearchives.nseindia.com/today/BSLSENETFGEQN.svg,https://nsearchives.nseindia.com/30d/BSLSENETFG-EQ.svg,https://nsearchives.nseindia.com/365d/BSLSENETFG-EQ.svg,EQ
HDFCLOWVOL,HDFC NIFTY100 Low Volatility 30 ETF,20.77,20.93,20.69,20.93,0.12,0.58,5095,105619.35,20.7993,22.28,18.35,20-OCT-23,FACE VALUE SPLIT (SUB-DIVISION) - FROM RS 126.18/- PER SHARE TO RS 12.618/- PER SHARE,0.48007681228997323,0.9647853352629006,20.81,0,0,1.36,22-Aug-2025,24-Jul-2026,FACE VALUE SPLIT (SUB-DIVISION) - FROM RS 126.18/- PER SHARE TO RS 12.618/- PER SHARE,0.9647853352629006,20-OCT-23,0.48007681228997323,6.059245960502699,-14.059945504087183,https://nsearchives.nseindia.com/today/HDFCLOWVOLEQN.svg,https://nsearchives.nseindia.com/30d/HDFCLOWVOL-EQ.svg,https://nsearchives.nseindia.com/365d/HDFCLOWVOL-EQ.svg,EQ
ESG,NIFTY100 ESG SECTOR LEADERS,41.71,41.88,41.53,41.88,0.29,0.70,2460,102557.4,41.7222,45.06,37.52,-,-,-2.6499302649930274,1.0130246020260534,41.59,0,-2.62,1.51,22-Aug-2025,24-Jul-2026,-,1.0130246020260534,-,-2.6499302649930274,7.057256990679094,-11.620469083155648,https://nsearchives.nseindia.com/today/ESGEQN.svg,https://nsearchives.nseindia.com/30d/ESG-EQ.svg,https://nsearchives.nseindia.com/365d/ESG-EQ.svg,EQ
GSEC5IETF,Nifty 5 yr Benchmark G-Sec Index,66.35,66.81,66.03,66.81,0.53,0.80,1522,100999.92,66.3487,69.14,62,-,-,6.708193579300436,0.9366973863121386,66.28,0,5.64,0.2,22-Aug-2025,24-Jul-2026,-,0.9366973863121386,-,6.708193579300436,3.3699739658663557,-7.758064516129036,https://nsearchives.nseindia.com/today/GSEC5IETFEQN.svg,https://nsearchives.nseindia.com/30d/GSEC5IETF-EQ.svg,https://nsearchives.nseindia.com/365d/GSEC5IETF-EQ.svg,EQ
CONS,Kotak Nifty India Consumption ETF,12.47,12.54,12.31,12.45,0.09,0.73,7843,97174.77,12.3804,13.2,10.2,27-FEB-26,FACE VALUE SPLIT (SUB-DIVISION) - FROM RS 10/- PER SHARE TO RE 1/- PER SHARE,-90.04398240703719,1.7156862745097963,12.36,0,-90.09,2.32,22-Aug-2025,24-Jul-2026,FACE VALUE SPLIT (SUB-DIVISION) - FROM RS 10/- PER SHARE TO RE 1/- PER SHARE,1.7156862745097963,27-FEB-26,-90.04398240703719,5.6818181818181825,-22.058823529411764,https://nsearchives.nseindia.com/today/CONSEQN.svg,https://nsearchives.nseindia.com/30d/CONS-EQ.svg,https://nsearchives.nseindia.com/365d/CONS-EQ.svg,EQ
VALUE,Nifty 500 Value 50,16.24,16.24,16.1,16.2,0.06,0.37,6002,97112.36,16.1901,19.69,14.83,-,-,Infinity,0.8089607965152396,16.14,0,0,0.94,,24-Jul-2026,-,0.8089607965152396,-,Infinity,17.72473336719148,-9.238031018206332,https://nsearchives.nseindia.com/today/VALUEEQN.svg,https://nsearchives.nseindia.com/30d/VALUE-EQ.svg,,EQ
SENSEXADD,DSP S&P BSE Sensex ETF,80.83,80.83,79.63,79.93,0,0.00,1025,81815.5,79.8623,88.2,73.27,-,-,-4.195133644971833,1.0876438598710176,79.93,0,-4.02,1.73,22-Aug-2025,24-Jul-2026,-,1.0876438598710176,-,-4.195133644971833,9.376417233560085,-9.089668349938599,https://nsearchives.nseindia.com/today/SENSEXADDEQN.svg,https://nsearchives.nseindia.com/30d/SENSEXADD-EQ.svg,https://nsearchives.nseindia.com/365d/SENSEXADD-EQ.svg,EQ
LICNETFN50,Nifty 50,272.36,274.58,270.44,274.58,2.47,0.91,302,81769.52,271.9054,295,248.17,-,-,-0.9308702554481313,2.2606234404677643,272.11,0,-1.44,2.18,22-Aug-2025,24-Jul-2026,-,2.2606234404677643,-,-0.9308702554481313,6.92203389830509,-10.64189869847282,https://nsearchives.nseindia.com/today/LICNETFN50EQN.svg,https://nsearchives.nseindia.com/30d/LICNETFN50-EQ.svg,https://nsearchives.nseindia.com/365d/LICNETFN50-EQ.svg,EQ
GROWWLOVOL,Nifty 500 Low Volatility 50 Index   TRI,10.47,10.62,10.38,10.51,0.04,0.38,7635,79709.4,10.4617,11.1,9.39,-,-,2.7370478983382145,0.0952380952380932,10.47,0,2.65,1.16,22-Aug-2025,24-Jul-2026,-,0.0952380952380932,-,2.7370478983382145,5.315315315315314,-11.927582534611279,https://nsearchives.nseindia.com/today/GROWWLOVOLEQN.svg,https://nsearchives.nseindia.com/30d/GROWWLOVOL-EQ.svg,https://nsearchives.nseindia.com/365d/GROWWLOVOL-EQ.svg,EQ
GILT5BETA,UTI Nifty 5 yr Benchmark G-Sec ETF,66.5,66.5,65.75,65.75,-0.75,-1.13,1188,78182.28,66.4106,67.62,61.51,-,-,Infinity,0.16758074344911553,66.5,0,0,-0.25,,24-Jul-2026,-,0.16758074344911553,-,Infinity,2.765454007690039,-6.893188099496021,https://nsearchives.nseindia.com/today/GILT5BETAEQN.svg,https://nsearchives.nseindia.com/30d/GILT5BETA-EQ.svg,,EQ
SNXT50BETA,BSE Sensex Next 50,96.48,96.48,94.64,96.11,0.52,0.54,794,76271.64,96.0541,102.25,77.11,17-FEB-21, FACE VALUE SPLIT (SUB-DIVISION) - FROM RS 10/- PER UNIT TO RE 1/- PER UNIT,Infinity,2.255559102032136,95.59,0,0,3.18,,24-Jul-2026, FACE VALUE SPLIT (SUB-DIVISION) - FROM RS 10/- PER UNIT TO RE 1/- PER UNIT,2.255559102032136,17-FEB-21,Infinity,6.004889975550122,-24.640124497471145,https://nsearchives.nseindia.com/today/SNXT50BETAEQN.svg,https://nsearchives.nseindia.com/30d/SNXT50BETA-EQ.svg,,EQ
ABSL10BANK,BSE Top 10 Banks Index,169.52,170.8,169,170.8,1.79,1.06,409,69305.05,169.2673,214.42,150,-,-,Infinity,0.8919605410833595,169.01,0,0,0.33,,24-Jul-2026,-,0.8919605410833595,-,Infinity,20.343251562354247,-13.866666666666672,https://nsearchives.nseindia.com/today/ABSL10BANKEQN.svg,https://nsearchives.nseindia.com/30d/ABSL10BANK-EQ.svg,,EQ
MOMETAL,Nifty Metal Index,13.65,13.65,13.28,13.32,-0.04,-0.30,4895,65152.45,13.3823,13.65,12.85,-,-,Infinity,Infinity,13.36,0,0,0,,,-,Infinity,-,Infinity,2.417582417582418,-3.6575875486381375,https://nsearchives.nseindia.com/today/MOMETALEQN.svg,,,EQ
MOLOWVOL,Nifty Midcap 100 TRI,36.81,36.92,36.56,36.92,0.18,0.49,1628,59617.36,36.6936,43.07,33.52,11-AUG-22,FACE VALUE SPLIT (SUB-DIVISION) - FROM RS 10/- PER UNIT TO RS 2/- PER UNIT,-2.867666403577996,-0.18924033522573744,36.74,0,-3.26,-0.22,22-Aug-2025,24-Jul-2026,FACE VALUE SPLIT (SUB-DIVISION) - FROM RS 10/- PER UNIT TO RS 2/- PER UNIT,-0.18924033522573744,11-AUG-22,-2.867666403577996,14.279080566519616,-10.14319809069212,https://nsearchives.nseindia.com/today/MOLOWVOLEQN.svg,https://nsearchives.nseindia.com/30d/MOLOWVOL-EQ.svg,https://nsearchives.nseindia.com/365d/MOLOWVOL-EQ.svg,EQ
SBIVALETF,Nifty200 Value 30 Index,14.79,14.81,14.73,14.73,-0.09,-0.61,3915,57746.25,14.8009,17.7,14.43,-,-,Infinity,-1.0745466756212232,14.82,0,0,-0.13,,24-Jul-2026,-,-1.0745466756212232,-,Infinity,16.779661016949145,-2.079002079002084,https://nsearchives.nseindia.com/today/SBIVALETFEQN.svg,https://nsearchives.nseindia.com/30d/SBIVALETF-EQ.svg,,EQ
LICNETFSEN,SENSEX,877.27,880,872.06,880,3.17,0.36,64,56164.48,874.6333,974.02,803,-,-,-4.447533009034055,1.5099606648902462,876.83,0,-4,1.71,22-Aug-2025,24-Jul-2026,-,1.5099606648902462,-,-4.447533009034055,9.652779203712448,-9.58904109589041,https://nsearchives.nseindia.com/today/LICNETFSENEQN.svg,https://nsearchives.nseindia.com/30d/LICNETFSEN-EQ.svg,https://nsearchives.nseindia.com/365d/LICNETFSEN-EQ.svg,EQ
ITBETA,UTI Nifty IT ETF,322.17,322.56,319.81,322.56,1.82,0.57,152,48811.76,322.013,409.94,270.68,-,-,Infinity,4.243286042077367,320.74,0,0,5.84,,24-Jul-2026,-,4.243286042077367,-,Infinity,21.315314436258966,-19.166543520023644,https://nsearchives.nseindia.com/today/ITBETAEQN.svg,https://nsearchives.nseindia.com/30d/ITBETA-EQ.svg,,EQ
MIDBANKADD,BSE MidSmall Private Banks Index,17.67,17.67,17.46,17.54,0.07,0.40,2430,42646.5,17.5339,17.83,17.23,-,-,Infinity,Infinity,17.47,0,0,0,,,-,Infinity,-,Infinity,1.6264722378014536,-1.7991874637260517,https://nsearchives.nseindia.com/today/MIDBANKADDEQN.svg,,,EQ
GROWWPSE,Nifty PSE Index - TRI,98.21,98.7,97.65,97.7,-0.51,-0.52,390,38110.8,98.3224,109.85,93.2,-,-,Infinity,-2.211990791712535,98.21,0,0,-1.85,,24-Jul-2026,-,-2.211990791712535,-,Infinity,11.060537096040047,-4.828326180257511,https://nsearchives.nseindia.com/today/GROWWPSEEQN.svg,https://nsearchives.nseindia.com/30d/GROWWPSE-EQ.svg,,EQ
MOSERVICE,Nifty Services Sector Total Return Index,31.1,31.5,30.92,31.24,0.14,0.45,1217,37763.51,31.0444,35.37,28.3,-,-,Infinity,0.7416962270235307,31.1,0,0,1.73,,24-Jul-2026,-,0.7416962270235307,-,Infinity,11.676562058241446,-10.388692579505292,https://nsearchives.nseindia.com/today/MOSERVICEEQN.svg,https://nsearchives.nseindia.com/30d/MOSERVICE-EQ.svg,,EQ
MOMGF,Nifty India Manufacturing Total Return Index,164.75,164.76,164.18,164.76,0.58,0.35,178,29305.92,164.8635,182.16,137.9,-,-,13.314993122420898,2.981436339771224,164.18,0,13.2,3.44,22-Aug-2025,24-Jul-2026,-,2.981436339771224,-,13.314993122420898,9.552042160737816,-19.477882523567793,https://nsearchives.nseindia.com/today/MOMGFEQN.svg,https://nsearchives.nseindia.com/30d/MOMGF-EQ.svg,https://nsearchives.nseindia.com/365d/MOMGF-EQ.svg,EQ
MOBANK10,BSE Top 10 Banks Total Return Index,17.02,17.02,16.89,16.9,-0.04,-0.24,1582,26846.54,16.9394,20,15.75,-,-,Infinity,0.11848341232227236,16.94,0,0,0.36,,24-Jul-2026,-,0.11848341232227236,-,Infinity,15.500000000000005,-7.3015873015872925,https://nsearchives.nseindia.com/today/MOBANK10EQN.svg,https://nsearchives.nseindia.com/30d/MOBANK10-EQ.svg,,EQ
MSCIADD,MSCI India Index,29.67,29.94,29.66,29.94,-0.02,-0.07,879,26194.2,29.8335,33.82,26.4,-,-,Infinity,1.4915254237288178,29.96,0,0,3.1,,24-Jul-2026,-,1.4915254237288178,-,Infinity,11.472501478415136,-13.40909090909092,https://nsearchives.nseindia.com/today/MSCIADDEQN.svg,https://nsearchives.nseindia.com/30d/MSCIADD-EQ.svg,,EQ
IVZBANKNF,Nifty Bank TRI,57.33,57.45,57.26,57.44,0.03,0.05,453,25965.96,57.4779,57.67,57.18,-,-,Infinity,Infinity,57.41,0,0,0,,,-,Infinity,-,Infinity,0.3988208774059372,-0.45470444211262334,https://nsearchives.nseindia.com/today/IVZBANKNFEQN.svg,,,EQ
LICNFNHGP,Nifty 100,278.75,278.96,278.75,278.82,0.07,0.03,71,19801.19,278.3143,296.41,248.02,-,-,-0.3787337430327291,1.3522355507088224,278.75,0,0.63,1.96,22-Aug-2025,24-Jul-2026,-,1.3522355507088224,-,-0.3787337430327291,5.93434769407241,-12.418353358600106,https://nsearchives.nseindia.com/today/LICNFNHGPEQN.svg,https://nsearchives.nseindia.com/30d/LICNFNHGP-EQ.svg,https://nsearchives.nseindia.com/365d/LICNFNHGP-EQ.svg,EQ
BANK10BETF,Index,20.85,21.54,20.69,20.92,-0.06,-0.29,941,19629.26,20.8422,24.9,20.17,-,-,Infinity,0.23957834211787593,20.98,0,0,0.05,,24-Jul-2026,-,0.23957834211787593,-,Infinity,15.983935742971875,-3.718393653941497,https://nsearchives.nseindia.com/today/BANK10BETFEQN.svg,https://nsearchives.nseindia.com/30d/BANK10BETF-EQ.svg,,EQ
ENIFTY,Nifty 50 TRI,24.94,24.94,24.23,24.4,0.06,0.25,699,17041.62,24.4198,27.99,22.28,-,-,Infinity,0.9098428453267116,24.34,0,0,1.46,,24-Jul-2026,-,0.9098428453267116,-,Infinity,12.826009289031798,-9.515260323159772,https://nsearchives.nseindia.com/today/ENIFTYEQN.svg,https://nsearchives.nseindia.com/30d/ENIFTY-EQ.svg,,EQ
ABGSEC,Aditya Birla Sun Life CRISIL Broad Based Gilt ETF,114.87,114.87,114.1,114.1,-1,-0.87,141,16179.75,114.5433,116.23,108.18,-,-,4.717327459618208,-0.38414527675922117,115.1,0,5.11,1.57,22-Aug-2025,24-Jul-2026,-,-0.38414527675922117,-,4.717327459618208,1.832573345952,-5.4723608800147785,https://nsearchives.nseindia.com/today/ABGSECEQN.svg,https://nsearchives.nseindia.com/30d/ABGSEC-EQ.svg,https://nsearchives.nseindia.com/365d/ABGSEC-EQ.svg,EQ
EBANK10,Index (BSE Top 10 Bank),17,17,16.82,16.85,0.01,0.06,887,14954.82,16.8092,17.9,16.6,-,-,Infinity,Infinity,16.84,0,0,0,,,-,Infinity,-,Infinity,5.865921787709482,-1.506024096385542,https://nsearchives.nseindia.com/today/EBANK10EQN.svg,,,EQ
ESENSEX,BSE Sensex TRI,77.7,78.32,77.56,78.32,0.42,0.54,175,13594,77.9436,88.05,71.87,-,-,Infinity,1.4639201969166933,77.9,0,0,1.54,,24-Jul-2026,-,1.4639201969166933,-,Infinity,11.050539466212385,-8.974537359120617,https://nsearchives.nseindia.com/today/ESENSEXEQN.svg,https://nsearchives.nseindia.com/30d/ESENSEX-EQ.svg,,EQ
GSEC10YEAR,Mirae Asset Nifty 8-13 yr G-Sec ETF,30.52,30.58,30.38,30.38,0.01,0.03,440,13371.6,30.4971,31.33,28.39,-,-,4.722509479489822,-0.718954248366021,30.37,0,4.04,-0.23,22-Aug-2025,24-Jul-2026,-,-0.718954248366021,-,4.722509479489822,3.032237472071495,-7.009510390982734,https://nsearchives.nseindia.com/today/GSEC10YEAREQN.svg,https://nsearchives.nseindia.com/30d/GSEC10YEAR-EQ.svg,https://nsearchives.nseindia.com/365d/GSEC10YEAR-EQ.svg,EQ
GILT10BETA,UTI Nifty 10 yr Benchmark G-Sec ETF,26.35,26.87,26.35,26.57,0.07,0.26,487,12851.93,26.6188,27.14,25.1,-,-,Infinity,0.9498480243161094,26.5,0,0,-0.71,,24-Jul-2026,-,0.9498480243161094,-,Infinity,2.1002210759027276,-5.856573705179278,https://nsearchives.nseindia.com/today/GILT10BETAEQN.svg,https://nsearchives.nseindia.com/30d/GILT10BETA-EQ.svg,,EQ
EBANKNIFTY,Edelweiss Nifty Bank ETF,58.13,58.13,57.91,58.11,0.29,0.50,128,7430.4,58.089,69.39,50.05,-,-,4.420485175202158,1.184050148006268,57.82,0,3.84,0.78,22-Aug-2025,24-Jul-2026,-,1.184050148006268,-,4.420485175202158,16.25594466061392,-16.10389610389611,https://nsearchives.nseindia.com/today/EBANKNIFTYEQN.svg,https://nsearchives.nseindia.com/30d/EBANKNIFTY-EQ.svg,https://nsearchives.nseindia.com/365d/EBANKNIFTY-EQ.svg,EQ
GSEC10ADD,Nifty 10 yr Benchmark G-Sec,26.93,26.93,26.91,26.91,0.05,0.19,31,834.21,26.7438,27.5,26.85,-,-,Infinity,Infinity,26.86,0,0,0,,,-,Infinity,-,Infinity,2.145454545454545,-0.2234636871508332,https://nsearchives.nseindia.com/today/GSEC10ADDEQN.svg,,,EQ
GSEC10IETF,ICICI Prudential Nifty 10 yr Benchmark G-Sec ETF,263.61,265.77,263.61,265.77,2.16,0.82,3,792.99,264.4613,269.59,252.23,-,-,4.16225749559082,0.12055000941796692,263.61,0,2.62,0.52,22-Aug-2025,24-Jul-2026,-,0.12055000941796692,-,4.16225749559082,1.4169665046923081,-5.36811640169686,https://nsearchives.nseindia.com/today/GSEC10IETFEQN.svg,https://nsearchives.nseindia.com/30d/GSEC10IETF-EQ.svg,https://nsearchives.nseindia.com/365d/GSEC10IETF-EQ.svg,EQ
ABSLMSCIN,MSCI India Index,29.84,29.84,29.65,29.8,0.1,0.34,4,119.08,29.808,35.34,26.34,-,-,Infinity,1.5332197614991456,29.7,0,0,1.96,,24-Jul-2026,-,1.5332197614991456,-,Infinity,15.676287492925868,-13.135914958238425,https://nsearchives.nseindia.com/today/ABSLMSCINEQN.svg,https://nsearchives.nseindia.com/30d/ABSLMSCIN-EQ.svg,,EQ
GSEC10ABSL,CRISIL 10 Year Gilt ETF,0,0,0,113.4,0,0.00,0,0,112.6781,115,107.65,-,-,4.844674556213026,0.5854177754124631,113.4,0,4.04,0.09,22-Aug-2025,22-Jul-2026,-,0.5854177754124631,-,4.844674556213026,1.391304347826082,-5.341384115188109,https://nsearchives.nseindia.com/today/GSEC10ABSLEQN.svg,https://nsearchives.nseindia.com/30d/GSEC10ABSL-EQ.svg,https://nsearchives.nseindia.com/365d/GSEC10ABSL-EQ.svg,EQ
