symbol,assets,open,high,low,ltP,chn,per,qty,trdVal,nav,wkhi,wklo,xDt,cAct,yPC,mPC,prevClose,stockIndClosePrice,perChange365d,perChange30d,date365dAgo,date30dAgo,CAct,MPC,XDt,YPC,nearWKH,nearWKL,chartTodayPath,chart30dPath,chart365dPath,series
SILVERBEES,Domestic price of Silver- based on LBMA Silver daily spot fixing price,213.53,215.46,213.2,214.35,0.96,0.45,26982774,5788344678.48,212.7898,360,106.64,-,-,97.26670347874104,-2.7273552368851055,213.39,0,96.38,-3.16,05-Aug-2025,06-Jul-2026,-,-2.7273552368851055,-,97.26670347874104,40.458333333333336,-101.003375843961,https://nsearchives.nseindia.com/today/SILVERBEESEQN.svg,https://nsearchives.nseindia.com/30d/SILVERBEES-EQ.svg,https://nsearchives.nseindia.com/365d/SILVERBEES-EQ.svg,EQ
GOLDBEES,Gold,122.37,122.75,121.41,122.3,2.91,2.44,36636415,4469276265.85,119.1196,148.14,80.02,19-DEC-19, FACE VALUE SPLIT (SUB-DIVISION) - FROM RS 100/- TO RS 1/-,46.27436909460591,2.3345326750899438,119.39,0,42.79,-0.1,05-Aug-2025,06-Jul-2026, FACE VALUE SPLIT (SUB-DIVISION) - FROM RS 100/- TO RS 1/-,2.3345326750899438,19-DEC-19,46.27436909460591,17.44295936276495,-52.836790802299426,https://nsearchives.nseindia.com/today/GOLDBEESEQN.svg,https://nsearchives.nseindia.com/30d/GOLDBEES-EQ.svg,https://nsearchives.nseindia.com/365d/GOLDBEES-EQ.svg,EQ
LIQUIDBEES,Government Securities,1000,1000.01,999.99,1000,0,0.00,3520701,3520665792.99,1000,1029.99,969.99,19-SEP-17, EXIT OPTION PURSUANT TO CHANGE IN FUNDAMENTAL ATTRIBUTES OF ETF  ,0,0.0010000100000990915,1000,0,0,0,05-Aug-2025,06-Jul-2026, EXIT OPTION PURSUANT TO CHANGE IN FUNDAMENTAL ATTRIBUTES OF ETF  ,0.0010000100000990915,19-SEP-17,0,2.9116787541626628,-3.093846328312662,https://nsearchives.nseindia.com/today/LIQUIDBEESEQN.svg,https://nsearchives.nseindia.com/30d/LIQUIDBEES-EQ.svg,https://nsearchives.nseindia.com/365d/LIQUIDBEES-EQ.svg,EQ
LIQUIDCASE,Zerodha Nifty 1D Rate Liquid ETF,115.33,115.35,115.33,115.34,0.02,0.02,14352926,1655322955.58,115.325,115.35,102,-,-,5.035971223021583,0.41790005223751,115.32,0,5.02,0.4,05-Aug-2025,06-Jul-2026,-,0.41790005223751,-,5.035971223021583,0.008669267446892852,-13.078431372549025,https://nsearchives.nseindia.com/today/LIQUIDCASEEQN.svg,https://nsearchives.nseindia.com/30d/LIQUIDCASE-EQ.svg,https://nsearchives.nseindia.com/365d/LIQUIDCASE-EQ.svg,EQ
LIQUIDETF,Nifty1D rate index,1000,1000.01,999.99,1000,0,0.00,1603864,1603847961.36,1000,1025,997.55,-,-,0.0010000100000990915,0,1000,0,0,0,05-Aug-2025,06-Jul-2026,-,0,-,0.0010000100000990915,2.4390243902439024,-0.24560172422435422,https://nsearchives.nseindia.com/today/LIQUIDETFEQN.svg,https://nsearchives.nseindia.com/30d/LIQUIDETF-EQ.svg,https://nsearchives.nseindia.com/365d/LIQUIDETF-EQ.svg,EQ
LIQUID,Mirae Asset Nifty 1D Rate Liquid ETF,999.99,1000,999.99,1000,0.01,0.00,1314845,1314831851.55,1000,1024.98,974.99,-,-,0.0010000100000990915,0.0010000100000990915,999.99,0,0,0,05-Aug-2025,06-Jul-2026,-,0.0010000100000990915,-,0.0010000100000990915,2.4371207243068174,-2.565154514405275,https://nsearchives.nseindia.com/today/LIQUIDEQN.svg,https://nsearchives.nseindia.com/30d/LIQUID-EQ.svg,https://nsearchives.nseindia.com/365d/LIQUID-EQ.svg,EQ
NIFTYBEES,Nifty 50,279.96,281.38,278.01,280.5,0.54,0.19,4188159,1175658112.89,280.6985,302.25,251.7,19-DEC-19, FACE VALUE SPLIT (SUB-DIVISION) - FROM RS 10/- TO RS 1/-,0.8484935643920377,1.1065854449771089,279.96,0,0.65,0.91,05-Aug-2025,06-Jul-2026, FACE VALUE SPLIT (SUB-DIVISION) - FROM RS 10/- TO RS 1/-,1.1065854449771089,19-DEC-19,0.8484935643920377,7.196029776674938,-11.442193087008347,https://nsearchives.nseindia.com/today/NIFTYBEESEQN.svg,https://nsearchives.nseindia.com/30d/NIFTYBEES-EQ.svg,https://nsearchives.nseindia.com/365d/NIFTYBEES-EQ.svg,EQ
GOLDIETF,Gold,125,127.2,123.88,126.7,2.82,2.28,9006241,1139829860.96,123.3737,158,82.87,-,-,46.67747163695301,2.3838383838383863,123.88,0,43.41,0.11,05-Aug-2025,06-Jul-2026,-,2.3838383838383863,-,46.67747163695301,19.81012658227848,-52.89006878243031,https://nsearchives.nseindia.com/today/GOLDIETFEQN.svg,https://nsearchives.nseindia.com/30d/GOLDIETF-EQ.svg,https://nsearchives.nseindia.com/365d/GOLDIETF-EQ.svg,EQ
SETFGOLD,Gold,120.25,126.51,120.25,126.17,2.83,2.29,8247095,1039216440.95,122.8395,153.95,82.51,06-JAN-22,FACE VALUE SPLIT (SUB-DIVISION) - FROM RS 100/- PER SHARE TO RS 1/- PER SHARE,46.453859547301214,2.3442569759896177,123.34,0,43.17,0.05,05-Aug-2025,06-Jul-2026,FACE VALUE SPLIT (SUB-DIVISION) - FROM RS 100/- PER SHARE TO RS 1/- PER SHARE,2.3442569759896177,06-JAN-22,46.453859547301214,18.04481974667099,-52.91479820627802,https://nsearchives.nseindia.com/today/SETFGOLDEQN.svg,https://nsearchives.nseindia.com/30d/SETFGOLD-EQ.svg,https://nsearchives.nseindia.com/365d/SETFGOLD-EQ.svg,EQ
TATAGOLD,Tata Gold Exchange Traded Fund,14.03,14.45,13.76,14.37,0.34,2.42,68009499,973896025.68,14.0025,17.7,9.45,-,-,46.483180428134546,2.350427350427351,14.03,0,43.02,-0.07,05-Aug-2025,06-Jul-2026,-,2.350427350427351,-,46.483180428134546,18.8135593220339,-52.06349206349207,https://nsearchives.nseindia.com/today/TATAGOLDEQN.svg,https://nsearchives.nseindia.com/30d/TATAGOLD-EQ.svg,https://nsearchives.nseindia.com/365d/TATAGOLD-EQ.svg,EQ
SILVERIETF,Domestic Price of Silver,225.9,228.16,218.11,223.89,1.29,0.58,3649189,816652006.31,222.0874,373.5,111.17,-,-,98.27311370882039,-2.669217058644531,222.6,0,97.13,-3.23,05-Aug-2025,06-Jul-2026,-,-2.669217058644531,-,98.27311370882039,40.0562248995984,-101.39426104164791,https://nsearchives.nseindia.com/today/SILVERIETFEQN.svg,https://nsearchives.nseindia.com/30d/SILVERIETF-EQ.svg,https://nsearchives.nseindia.com/365d/SILVERIETF-EQ.svg,EQ
TATSILV,Tata Silver Exchange Traded Fund,22.22,22.22,21.2,21.81,0.13,0.60,36919583,804846909.4,21.6216,35.1,10.56,-,-,98.45313921747041,-2.459749552772812,21.68,0,97.27,-3.04,05-Aug-2025,06-Jul-2026,-,-2.459749552772812,-,98.45313921747041,37.86324786324787,-106.53409090909088,https://nsearchives.nseindia.com/today/TATSILVEQN.svg,https://nsearchives.nseindia.com/30d/TATSILV-EQ.svg,https://nsearchives.nseindia.com/365d/TATSILV-EQ.svg,EQ
LIQUIDADD,DSP S&P BSE Liquid Rate ETF,1139.01,1139.02,1139,1139.02,0.16,0.01,609868,694645750.68,1138.8599,1151.22,1052.08,-,-,5.015581493979467,0.4161156660495484,1138.86,0,5,0.4,05-Aug-2025,06-Jul-2026,-,0.4161156660495484,-,5.015581493979467,1.059745313667244,-8.263630142194515,https://nsearchives.nseindia.com/today/LIQUIDADDEQN.svg,https://nsearchives.nseindia.com/30d/LIQUIDADD-EQ.svg,https://nsearchives.nseindia.com/365d/LIQUIDADD-EQ.svg,EQ
CASHIETF,BSE Liquid Rate Index,1073.43,1074.05,1072.99,1074.05,0.15,0.01,602998,647619852,1073.8908,1099.28,1001.71,-,-,5.0775326517634385,0.42167660863548734,1073.9,0,5.06,0.41,05-Aug-2025,06-Jul-2026,-,0.42167660863548734,-,5.0775326517634385,2.2951386361982404,-7.221650976829613,https://nsearchives.nseindia.com/today/CASHIETFEQN.svg,https://nsearchives.nseindia.com/30d/CASHIETF-EQ.svg,https://nsearchives.nseindia.com/365d/CASHIETF-EQ.svg,EQ
HDFCSILVER,HDFC Silver ETF,214.52,215.61,213.36,214.6,1.08,0.51,2640249,566835057.81,212.8671,359,106.78,-,-,96.89879805486743,-2.6978009521650494,213.52,0,95.91,-3.19,05-Aug-2025,06-Jul-2026,-,-2.6978009521650494,-,96.89879805486743,40.22284122562674,-100.97396516201536,https://nsearchives.nseindia.com/today/HDFCSILVEREQN.svg,https://nsearchives.nseindia.com/30d/HDFCSILVER-EQ.svg,https://nsearchives.nseindia.com/365d/HDFCSILVER-EQ.svg,EQ
PSUBNKBEES,Nifty PSU Bank,95.39,97.7,95.35,97,1.6,1.68,5668858,549879226,95.4658,110.4,74.31,19-DEC-19, FACE VALUE SPLIT (SUB-DIVISION) - FROM RS 10/- TO RS 1/-,26.996595967530777,3.9657020364415896,95.4,0,24.9,2.25,05-Aug-2025,06-Jul-2026, FACE VALUE SPLIT (SUB-DIVISION) - FROM RS 10/- TO RS 1/-,3.9657020364415896,19-DEC-19,26.996595967530777,12.137681159420293,-30.534248418786166,https://nsearchives.nseindia.com/today/PSUBNKBEESEQN.svg,https://nsearchives.nseindia.com/30d/PSUBNKBEES-EQ.svg,https://nsearchives.nseindia.com/365d/PSUBNKBEES-EQ.svg,EQ
GOLD1,Gold,122.9,123.65,121.75,123.47,2.9,2.41,4277296,526663456.48,120.2258,158,80.77,22-JUL-21, FACE VALUE SPLIT (SUB-DIVISION) - FROM RS 10/- PER SHARE TO RE 1/- PER SHARE,46.499762695775985,2.311899237653291,120.57,0,43.06,-0.09,05-Aug-2025,06-Jul-2026, FACE VALUE SPLIT (SUB-DIVISION) - FROM RS 10/- PER SHARE TO RE 1/- PER SHARE,2.311899237653291,22-JUL-21,46.499762695775985,21.854430379746834,-52.86616317939829,https://nsearchives.nseindia.com/today/GOLD1EQN.svg,https://nsearchives.nseindia.com/30d/GOLD1-EQ.svg,https://nsearchives.nseindia.com/365d/GOLD1-EQ.svg,EQ
LIQUIDBETF,Bajaj Finserv Nifty 1D Rate Liquid ETF,1093.4,1093.4,1093.38,1093.38,0.13,0.01,462508,505696997.04,1093.2405,1116.24,1009.94,-,-,4.928888121149319,0.40496983387972874,1093.25,0,4.92,0.39,05-Aug-2025,06-Jul-2026,-,0.40496983387972874,-,4.928888121149319,2.0479466781337257,-8.261876943184749,https://nsearchives.nseindia.com/today/LIQUIDBETFEQN.svg,https://nsearchives.nseindia.com/30d/LIQUIDBETF-EQ.svg,https://nsearchives.nseindia.com/365d/LIQUIDBETF-EQ.svg,EQ
MON100,Nasdaq100,332.58,332.58,327.32,332.58,10.76,3.34,1424604,473737814.16,274.1608,342.55,197.81,17-JUN-21, FACE VALUE SPLIT (SUB-DIVISION) - FROM RS 10/- PER SHARE TO RE 1/- PER SHARE,64.1316685584563,1.4241712665060409,321.82,0,58.82,-1.86,05-Aug-2025,06-Jul-2026, FACE VALUE SPLIT (SUB-DIVISION) - FROM RS 10/- PER SHARE TO RE 1/- PER SHARE,1.4241712665060409,17-JUN-21,64.1316685584563,2.910524011093279,-68.13103483140387,https://nsearchives.nseindia.com/today/MON100EQN.svg,https://nsearchives.nseindia.com/30d/MON100-EQ.svg,https://nsearchives.nseindia.com/365d/MON100-EQ.svg,EQ
BANKBEES,Nifty Bank,596.31,601,595,599.86,3.55,0.60,783588,469878544.2,598.5442,638.99,515.98,19-DEC-19, FACE VALUE SPLIT (SUB-DIVISION) - FROM RS 10/- TO RS 1/-,5.076373318385653,-0.5273282037675694,596.31,0,4.45,-1.12,05-Aug-2025,06-Jul-2026, FACE VALUE SPLIT (SUB-DIVISION) - FROM RS 10/- TO RS 1/-,-0.5273282037675694,19-DEC-19,5.076373318385653,6.12372650589211,-16.256444048218924,https://nsearchives.nseindia.com/today/BANKBEESEQN.svg,https://nsearchives.nseindia.com/30d/BANKBEES-EQ.svg,https://nsearchives.nseindia.com/365d/BANKBEES-EQ.svg,EQ
HDFCGOLD,Gold,126.52,126.9,125.12,126.38,2.94,2.38,3633878,457795950.44,123.067,152.3,83.43,17-FEB-21, FACE VALUE SPLIT (SUB-DIVISION) - FROM RS 100/- PER UNIT TO RE 1/- PER UNIT,46.47658785350023,2.249190938511328,123.44,0,43.07,-0.13,05-Aug-2025,06-Jul-2026, FACE VALUE SPLIT (SUB-DIVISION) - FROM RS 100/- PER UNIT TO RE 1/- PER UNIT,2.249190938511328,17-FEB-21,46.47658785350023,17.019041365725553,-51.48028287186862,https://nsearchives.nseindia.com/today/HDFCGOLDEQN.svg,https://nsearchives.nseindia.com/30d/HDFCGOLD-EQ.svg,https://nsearchives.nseindia.com/365d/HDFCGOLD-EQ.svg,EQ
LIQUID1,Kotak Nifty 1D Rate Liquid ETF,1117.73,1117.73,1115.8,1116.89,0.16,0.01,408295,456012436.65,1116.7338,1136.66,1061.5,-,-,5.125984770761371,0.4252985181988219,1116.73,0,5.11,0.41,05-Aug-2025,06-Jul-2026,-,0.4252985181988219,-,5.125984770761371,1.7393063888937748,-5.218087611870005,https://nsearchives.nseindia.com/today/LIQUID1EQN.svg,https://nsearchives.nseindia.com/30d/LIQUID1-EQ.svg,https://nsearchives.nseindia.com/365d/LIQUID1-EQ.svg,EQ
LIQUIDPLUS,Nifty 1D Rate Index,1097.62,1097.63,1097.61,1097.61,0.12,0.01,388437,426352335.57,1097.4747,1127.08,1018.24,-,-,5.099822856322114,0.4135066645930328,1097.49,0,5.09,0.4,05-Aug-2025,06-Jul-2026,-,0.4135066645930328,-,5.099822856322114,2.614721226532281,-7.794822438717777,https://nsearchives.nseindia.com/today/LIQUIDPLUSEQN.svg,https://nsearchives.nseindia.com/30d/LIQUIDPLUS-EQ.svg,https://nsearchives.nseindia.com/365d/LIQUIDPLUS-EQ.svg,EQ
MODEFENCE,Nifty India Defence Total Return Index,102.97,106.39,102.14,106,3.03,2.94,3287631,346845070.5,103.1555,107.99,77.8,-,-,22.54335260115607,0.1890359168241993,102.97,0,19.04,-2.67,05-Aug-2025,06-Jul-2026,-,0.1890359168241993,-,22.54335260115607,1.8427632188165524,-36.24678663239075,https://nsearchives.nseindia.com/today/MODEFENCEEQN.svg,https://nsearchives.nseindia.com/30d/MODEFENCE-EQ.svg,https://nsearchives.nseindia.com/365d/MODEFENCE-EQ.svg,EQ
GOLDETF,Mirae Asset Gold ETF,143.17,143.99,142.08,143.5,3.1,2.21,2361769,338654056.91,140.0692,173.5,96.03,-,-,46.18989405052975,2.12796242260338,140.4,0,43.03,-0.08,05-Aug-2025,06-Jul-2026,-,2.12796242260338,-,46.18989405052975,17.29106628242075,-49.432469020097884,https://nsearchives.nseindia.com/today/GOLDETFEQN.svg,https://nsearchives.nseindia.com/30d/GOLDETF-EQ.svg,https://nsearchives.nseindia.com/365d/GOLDETF-EQ.svg,EQ
GOLDCASE,Zerodha Gold ETF,23.16,23.35,22.97,23.3,0.59,2.60,13981335,324366972,22.6769,27.94,15.25,-,-,46.725440806045334,2.507699076110868,22.71,0,43.01,-0.09,05-Aug-2025,06-Jul-2026,-,2.507699076110868,-,46.725440806045334,16.607015032211883,-52.786885245901644,https://nsearchives.nseindia.com/today/GOLDCASEEQN.svg,https://nsearchives.nseindia.com/30d/GOLDCASE-EQ.svg,https://nsearchives.nseindia.com/365d/GOLDCASE-EQ.svg,EQ
MID150BEES,Nifty Midcap 150 TRI,242.1,243.54,239.67,242.04,-0.06,-0.02,1308249,316661670.45,241.9442,245,190.43,-,-,10.273816574786997,1.8729744517866866,242.1,0,10.3,1.9,05-Aug-2025,06-Jul-2026,-,1.8729744517866866,-,10.273816574786997,1.2081632653061256,-27.10182219188152,https://nsearchives.nseindia.com/today/MID150BEESEQN.svg,https://nsearchives.nseindia.com/30d/MID150BEES-EQ.svg,https://nsearchives.nseindia.com/365d/MID150BEES-EQ.svg,EQ
GOLDADD,DSP Gold ETF,142.77,144.1,142.58,144,3.57,2.54,2055515,295028067.95,139.9629,181,95.24,-,-,Infinity,2.644522061444157,140.43,0,0,0.1,,06-Jul-2026,-,2.644522061444157,-,Infinity,20.441988950276244,-51.196976060478804,https://nsearchives.nseindia.com/today/GOLDADDEQN.svg,https://nsearchives.nseindia.com/30d/GOLDADD-EQ.svg,,EQ
MAFANG,NYSE FANG+ Total Return Index,203.93,207.88,200.95,206,7.04,3.54,1334265,275992715.25,171.9167,208.38,149.74,-,-,34.68453743053286,7.414746063197414,198.96,0,30.08,3.74,05-Aug-2025,06-Jul-2026,-,7.414746063197414,-,34.68453743053286,1.1421441597082231,-37.571791104581266,https://nsearchives.nseindia.com/today/MAFANGEQN.svg,https://nsearchives.nseindia.com/30d/MAFANG-EQ.svg,https://nsearchives.nseindia.com/365d/MAFANG-EQ.svg,EQ
GOLDAXIS,Gold,123.66,124.11,122.21,123.95,3.3,2.74,2193073,270581346.74,120.0449,150,80.84,23-JUL-20, FACE VALUE SPLIT (SUB-DIVISION) - FROM RS 100/- PER SHARE TO RE 1/- PER SHARE,Infinity,3.051213834386433,120.65,0,0,0.31,,06-Jul-2026, FACE VALUE SPLIT (SUB-DIVISION) - FROM RS 100/- PER SHARE TO RE 1/- PER SHARE,3.051213834386433,23-JUL-20,Infinity,17.366666666666664,-53.327560613557644,https://nsearchives.nseindia.com/today/GOLDAXISEQN.svg,https://nsearchives.nseindia.com/30d/GOLDAXIS-EQ.svg,,EQ
SILVERAXIS,Axis Silver ETF,221.8,223.97,221.67,222.85,1.05,0.47,1191300,266315115,221.2022,390.01,110.75,-,-,Infinity,-2.6090376715322083,221.8,0,0,-3.07,,06-Jul-2026,-,-2.6090376715322083,-,Infinity,42.86043947591087,-101.21896162528216,https://nsearchives.nseindia.com/today/SILVERAXISEQN.svg,https://nsearchives.nseindia.com/30d/SILVERAXIS-EQ.svg,,EQ
ITBEES,Nifty IT TRI,35.58,35.9,34.52,34.57,-0.15,-0.43,7030542,244522250.76,34.9151,44.27,28.55,-,-,-9.715330373465655,14.167767503302505,34.72,0,-9.32,14.66,05-Aug-2025,06-Jul-2026,-,14.167767503302505,-,-9.715330373465655,21.911000677659818,-21.085814360770577,https://nsearchives.nseindia.com/today/ITBEESEQN.svg,https://nsearchives.nseindia.com/30d/ITBEES-EQ.svg,https://nsearchives.nseindia.com/365d/ITBEES-EQ.svg,EQ
SILVER,Physical price of Silver,217.1,224.99,217.1,224,1.33,0.60,939012,210263567.04,222.1528,371.89,111.2,-,-,97.86237964844095,-2.6002261066179626,222.67,0,96.69,-3.18,05-Aug-2025,06-Jul-2026,-,-2.6002261066179626,-,97.86237964844095,39.76713544327623,-101.43884892086331,https://nsearchives.nseindia.com/today/SILVEREQN.svg,https://nsearchives.nseindia.com/30d/SILVER-EQ.svg,https://nsearchives.nseindia.com/365d/SILVER-EQ.svg,EQ
SBISILVER,SBI SILVER ETF,219.17,220.79,218.5,219.6,0.96,0.44,941026,206893976.36,218.0397,362,109.32,-,-,97.23369858092329,-2.7242524916943545,218.64,0,96.37,-3.15,05-Aug-2025,06-Jul-2026,-,-2.7242524916943545,-,97.23369858092329,39.33701657458563,-100.8781558726674,https://nsearchives.nseindia.com/today/SBISILVEREQN.svg,https://nsearchives.nseindia.com/30d/SBISILVER-EQ.svg,https://nsearchives.nseindia.com/365d/SBISILVER-EQ.svg,EQ
MOCAPITAL,Nifty Capital Market Total Return Index,54.09,54.09,52.45,52.79,0.01,0.02,3659731,192648239.84,52.7773,57.25,41.15,-,-,20.360237118103054,-4.174986385913966,52.78,0,20.34,-4.19,05-Aug-2025,06-Jul-2026,-,-4.174986385913966,-,20.360237118103054,7.790393013100439,-28.28675577156744,https://nsearchives.nseindia.com/today/MOCAPITALEQN.svg,https://nsearchives.nseindia.com/30d/MOCAPITAL-EQ.svg,https://nsearchives.nseindia.com/365d/MOCAPITAL-EQ.svg,EQ
HDFCSML250,HDFC NIFTY Smallcap 250 ETF,185.1,185.73,184.85,185.69,0.59,0.32,1027788,190541617.32,184.6438,185.73,142.7,-,-,8.67326037338327,1.9434531979138028,185.1,0,8.33,1.62,05-Aug-2025,06-Jul-2026,-,1.9434531979138028,-,8.67326037338327,0.021536639207447392,-30.1261387526279,https://nsearchives.nseindia.com/today/HDFCSML250EQN.svg,https://nsearchives.nseindia.com/30d/HDFCSML250-EQ.svg,https://nsearchives.nseindia.com/365d/HDFCSML250-EQ.svg,EQ
SILVERCASE,Commodity-Silver,23.16,23.17,22.6,22.71,0.11,0.49,8368540,190216914.2,22.6769,38.01,11.29,-,-,97.13541666666669,-2.7825342465753367,22.6,0,96.18,-3.25,05-Aug-2025,06-Jul-2026,-,-2.7825342465753367,-,97.13541666666669,40.25256511444356,-101.15146147032775,https://nsearchives.nseindia.com/today/SILVERCASEEQN.svg,https://nsearchives.nseindia.com/30d/SILVERCASE-EQ.svg,https://nsearchives.nseindia.com/365d/SILVERCASE-EQ.svg,EQ
JUNIORBEES,Nippon India ETF Nifty Next 50 Junior BeES,810.6,810.6,803.8,808,2.26,0.28,234994,189593159.2,805.3079,818.04,632.34,10-MAR-14,DIVIDEND-RS.1 PER UNIT,12.731077781653296,2.9509199327251374,805.74,0,12.42,2.66,05-Aug-2025,06-Jul-2026,DIVIDEND-RS.1 PER UNIT,2.9509199327251374,10-MAR-14,12.731077781653296,1.227323847244629,-27.77935920549071,https://nsearchives.nseindia.com/today/JUNIORBEESEQN.svg,https://nsearchives.nseindia.com/30d/JUNIORBEES-EQ.svg,https://nsearchives.nseindia.com/365d/JUNIORBEES-EQ.svg,EQ
PHARMABEES,Nifty Pharma TRI,28.01,28.01,27,27.26,-0.07,-0.26,6465098,177272987.16,27.313,28.01,21.46,-,-,20.833333333333346,2.7516019600452335,27.33,0,21.14,3.02,05-Aug-2025,06-Jul-2026,-,2.7516019600452335,-,20.833333333333346,2.67761513745091,-27.02702702702703,https://nsearchives.nseindia.com/today/PHARMABEESEQN.svg,https://nsearchives.nseindia.com/30d/PHARMABEES-EQ.svg,https://nsearchives.nseindia.com/365d/PHARMABEES-EQ.svg,EQ
LIQUIDIETF,S&P BSE Liquid Rate Index,1000,1000.01,999.99,1000,0.01,0.00,161626,161624383.74,1000,1041.19,969.99,-,-,0.0010000100000990915,0,999.99,0,0,0,05-Aug-2025,06-Jul-2026,-,0,-,0.0010000100000990915,3.956050288612074,-3.093846328312662,https://nsearchives.nseindia.com/today/LIQUIDIETFEQN.svg,https://nsearchives.nseindia.com/30d/LIQUIDIETF-EQ.svg,https://nsearchives.nseindia.com/365d/LIQUIDIETF-EQ.svg,EQ
GROWWCHEM,Nifty Chemicals Index - TRI,30.07,31.12,30.03,30.89,0.41,1.35,4953575,153362682,30.4374,31.61,24.64,-,-,Infinity,2.250910294604435,30.48,0,0,0.89,,06-Jul-2026,-,2.250910294604435,-,Infinity,2.27776020246757,-25.365259740259738,https://nsearchives.nseindia.com/today/GROWWCHEMEQN.svg,https://nsearchives.nseindia.com/30d/GROWWCHEM-EQ.svg,,EQ
BSLGOLDETF,Gold,129.45,130.19,128.95,129.83,2.87,2.26,961371,124574454.18,126.7018,155.99,85.74,25-NOV-21, FACE VALUE SPLIT (SUB-DIVISION) - FROM RS 10/- PER SHARE TO RE 0.10/- PER SHARE,46.221421331231,2.131843926998118,126.96,0,42.99,-0.13,05-Aug-2025,06-Jul-2026, FACE VALUE SPLIT (SUB-DIVISION) - FROM RS 10/- PER SHARE TO RE 0.10/- PER SHARE,2.131843926998118,25-NOV-21,46.221421331231,16.770305788832612,-51.42290646139494,https://nsearchives.nseindia.com/today/BSLGOLDETFEQN.svg,https://nsearchives.nseindia.com/30d/BSLGOLDETF-EQ.svg,https://nsearchives.nseindia.com/365d/BSLGOLDETF-EQ.svg,EQ
NIFTYIETF,Nifty 50,278.48,279.8,278,278,-0.47,-0.17,445128,124275286.32,279.2639,328.24,250.4,-,-,0.4262697781952196,0.7173393232374532,278.47,0,0.6,0.89,05-Aug-2025,06-Jul-2026,-,0.7173393232374532,-,0.4262697781952196,15.305873750913968,-11.022364217252393,https://nsearchives.nseindia.com/today/NIFTYIETFEQN.svg,https://nsearchives.nseindia.com/30d/NIFTYIETF-EQ.svg,https://nsearchives.nseindia.com/365d/NIFTYIETF-EQ.svg,EQ
SILVER1,Kotak Silver ETF,22.21,22.21,21.61,21.81,0.14,0.65,5600108,121802349,21.5849,38.8,10.8,27-FEB-26,FACE VALUE SPLIT (SUB-DIVISION) - FROM RS 10/- PER SHARE TO RE 1/- PER SHARE,-80.16371077762619,-2.5904421616793294,21.67,0,-80.29,-3.22,05-Aug-2025,06-Jul-2026,FACE VALUE SPLIT (SUB-DIVISION) - FROM RS 10/- PER SHARE TO RE 1/- PER SHARE,-2.5904421616793294,27-FEB-26,-80.16371077762619,43.78865979381443,-101.94444444444441,https://nsearchives.nseindia.com/today/SILVER1EQN.svg,https://nsearchives.nseindia.com/30d/SILVER1-EQ.svg,https://nsearchives.nseindia.com/365d/SILVER1-EQ.svg,EQ
LIQGRWBEES,Liquid,1049.82,1050.53,1049.82,1050.51,0.12,0.01,113541,119277091.32,1050.3868,1056.29,995.55,-,-,4.805754534389525,0.39661302037540536,1050.39,0,4.79,0.39,05-Aug-2025,06-Jul-2026,-,0.39661302037540536,-,4.805754534389525,0.5471982126120642,-5.520566521018536,https://nsearchives.nseindia.com/today/LIQGRWBEESEQN.svg,https://nsearchives.nseindia.com/30d/LIQGRWBEES-EQ.svg,https://nsearchives.nseindia.com/365d/LIQGRWBEES-EQ.svg,EQ
GOLDBETA,Gold,124,124.65,123.5,124.05,2.55,2.10,949108,117822267.12,121.2178,149.35,81.35,25-MAR-21, FACE VALUE SPLIT (SUB-DIVISION) - FROM RS 100/- PER UNIT TO RE 1/- PER UNIT,Infinity,1.930977814297448,121.5,0,0,-0.16,,06-Jul-2026, FACE VALUE SPLIT (SUB-DIVISION) - FROM RS 100/- PER UNIT TO RE 1/- PER UNIT,1.930977814297448,25-MAR-21,Infinity,16.94007365249414,-52.48924400737554,https://nsearchives.nseindia.com/today/GOLDBETAEQN.svg,https://nsearchives.nseindia.com/30d/GOLDBETA-EQ.svg,,EQ
SMALLCAP,Mirae Asset Nifty Smallcap 250 Momentum Quality 100 ETF,48.09,48.45,47.6,48.34,0.25,0.52,2195322,106034052.6,48.0197,54.5,37.34,-,-,6.45232327681129,1.9186169091292509,48.09,0,5.9,1.39,05-Aug-2025,06-Jul-2026,-,1.9186169091292509,-,6.45232327681129,11.302752293577976,-29.459025174076054,https://nsearchives.nseindia.com/today/SMALLCAPEQN.svg,https://nsearchives.nseindia.com/30d/SMALLCAP-EQ.svg,https://nsearchives.nseindia.com/365d/SMALLCAP-EQ.svg,EQ
CPSEETF,CPSE ETF,96.63,96.63,93.87,94.3,-0.44,-0.46,1103837,103948330.29,94.8053,112,85.67,-,-,4.649872378204415,-3.381147540983604,94.74,0,5.14,-2.93,05-Aug-2025,06-Jul-2026,-,-3.381147540983604,-,4.649872378204415,15.80357142857143,-10.073537994630554,https://nsearchives.nseindia.com/today/CPSEETFEQN.svg,https://nsearchives.nseindia.com/30d/CPSEETF-EQ.svg,https://nsearchives.nseindia.com/365d/CPSEETF-EQ.svg,EQ
METALIETF,Nifty Metal Index,13.51,13.51,13.21,13.27,-0.05,-0.38,7764069,103106836.32,13.3405,14.17,8.98,-,-,42.22936763129689,3.996865203761754,13.32,0,42.77,4.39,05-Aug-2025,06-Jul-2026,-,3.996865203761754,-,42.22936763129689,6.351446718419197,-47.77282850779508,https://nsearchives.nseindia.com/today/METALIETFEQN.svg,https://nsearchives.nseindia.com/30d/METALIETF-EQ.svg,https://nsearchives.nseindia.com/365d/METALIETF-EQ.svg,EQ
AUTOBEES,Nifty Auto TRI,303.23,304.7,300.54,302.5,-0.73,-0.24,322531,97397911.38,304.0556,304.93,238.11,-,-,23.444195062232193,7.280916409547104,303.23,0,23.74,7.54,05-Aug-2025,06-Jul-2026,-,7.280916409547104,-,23.444195062232193,0.7969042075230403,-27.042123388349914,https://nsearchives.nseindia.com/today/AUTOBEESEQN.svg,https://nsearchives.nseindia.com/30d/AUTOBEES-EQ.svg,https://nsearchives.nseindia.com/365d/AUTOBEES-EQ.svg,EQ
SETFNIF50,Nifty 50,264.07,267.23,264.07,265,0.93,0.35,364502,96698735.58,265.2783,287.33,237.9,24-MAR-21, DIVIDEND - RS 1.30 PER SHARE,0.8832038982792726,1.0524710189139683,264.07,0,0.53,0.7,05-Aug-2025,06-Jul-2026, DIVIDEND - RS 1.30 PER SHARE,1.0524710189139683,24-MAR-21,0.8832038982792726,7.771551874151666,-11.391340899537619,https://nsearchives.nseindia.com/today/SETFNIF50EQN.svg,https://nsearchives.nseindia.com/30d/SETFNIF50-EQ.svg,https://nsearchives.nseindia.com/365d/SETFNIF50-EQ.svg,EQ
PVTBANIETF,Nifty Private Bank Index,28.03,28.14,27.99,28.08,0.05,0.18,3417849,95836485.96,28.0651,30.32,24.18,01-MAR-24,FACE VALUE SPLIT (SUB-DIVISION) - FROM RS 10/- PER SHARE TO RE 1/- PER SHARE,3.807763401109048,-1.9895287958115193,28.03,0,3.62,-2.16,05-Aug-2025,06-Jul-2026,FACE VALUE SPLIT (SUB-DIVISION) - FROM RS 10/- PER SHARE TO RE 1/- PER SHARE,-1.9895287958115193,01-MAR-24,3.807763401109048,7.3878627968337796,-16.129032258064512,https://nsearchives.nseindia.com/today/PVTBANIETFEQN.svg,https://nsearchives.nseindia.com/30d/PVTBANIETF-EQ.svg,https://nsearchives.nseindia.com/365d/PVTBANIETF-EQ.svg,EQ
NIFTYAXIS,Nifty 50,274.91,274.91,267.2,274,2.09,0.77,338002,92375946.6,272.6991,296.38,244,23-JUL-20, FACE VALUE SPLIT (SUB-DIVISION) - FROM RS 100/- PER SHARE TO RS 10/- PER SHARE,Infinity,1.5303664727461352,271.91,0,0,0.76,,06-Jul-2026, FACE VALUE SPLIT (SUB-DIVISION) - FROM RS 100/- PER SHARE TO RS 10/- PER SHARE,1.5303664727461352,23-JUL-20,Infinity,7.551116809501314,-12.295081967213115,https://nsearchives.nseindia.com/today/NIFTYAXISEQN.svg,https://nsearchives.nseindia.com/30d/NIFTYAXIS-EQ.svg,,EQ
SILVERBETA,UTI Silver Exchange Traded Fund (UTI Silver ETF),216,217.6,215.25,216.75,1.28,0.59,331030,71727580.4,214.8305,379.66,107.8,-,-,Infinity,-2.501012100220414,215.47,0,0,-3.08,,06-Jul-2026,-,-2.501012100220414,-,Infinity,42.909445293157034,-101.06679035250464,https://nsearchives.nseindia.com/today/SILVERBETAEQN.svg,https://nsearchives.nseindia.com/30d/SILVERBETA-EQ.svg,,EQ
HDFCNIFTY,Nifty 50,279.39,279.39,274.9,274.9,-1.19,-0.43,247297,68627390.47,277.6629,301.88,247.56,17-FEB-21, FACE VALUE SPLIT (SUB-DIVISION) - FROM RS 761.25/- PER UNIT TO RS 76.125/- PER UNIT,-0.08722832012793819,0.16031479997085105,276.09,0,0.35,0.59,05-Aug-2025,06-Jul-2026, FACE VALUE SPLIT (SUB-DIVISION) - FROM RS 761.25/- PER UNIT TO RS 76.125/- PER UNIT,0.16031479997085105,17-FEB-21,-0.08722832012793819,8.937326089837027,-11.04378736467926,https://nsearchives.nseindia.com/today/HDFCNIFTYEQN.svg,https://nsearchives.nseindia.com/30d/HDFCNIFTY-EQ.svg,https://nsearchives.nseindia.com/365d/HDFCNIFTY-EQ.svg,EQ
SILVERAG,Mirae Asset Silver ETF,218.43,219.37,217.1,218.99,1.65,0.76,282485,61739921.6,216.6133,380,108.5,-,-,Infinity,-2.2671486589012293,217.34,0,0,-3,,06-Jul-2026,-,-2.2671486589012293,-,Infinity,42.37105263157895,-101.83410138248848,https://nsearchives.nseindia.com/today/SILVERAGEQN.svg,https://nsearchives.nseindia.com/30d/SILVERAG-EQ.svg,,EQ
HNGSNGBEES,Hang Seng Index,488.99,489.99,481.55,487.89,-1.52,-0.31,121500,59080590,465.7579,579.92,415.26,19-DEC-19, FACE VALUE SPLIT (SUB-DIVISION) - FROM RS 10/- TO RS 1/-,14.749047462251278,0.8891829855869665,489.41,0,15.11,1.2,05-Aug-2025,06-Jul-2026, FACE VALUE SPLIT (SUB-DIVISION) - FROM RS 10/- TO RS 1/-,0.8891829855869665,19-DEC-19,14.749047462251278,15.869430266243615,-17.490247074122237,https://nsearchives.nseindia.com/today/HNGSNGBEESEQN.svg,https://nsearchives.nseindia.com/30d/HNGSNGBEES-EQ.svg,https://nsearchives.nseindia.com/365d/HNGSNGBEES-EQ.svg,EQ
NIFTYETF,Nifty 50,267.4,268.6,267.35,267.75,0.36,0.13,213961,57420713.57,268.0024,289.05,239.81,-,-,0.805692556756141,1.026298909557419,267.39,0,0.67,0.89,05-Aug-2025,06-Jul-2026,-,1.026298909557419,-,0.805692556756141,7.368967306694346,-11.650890288144781,https://nsearchives.nseindia.com/today/NIFTYETFEQN.svg,https://nsearchives.nseindia.com/30d/NIFTYETF-EQ.svg,https://nsearchives.nseindia.com/365d/NIFTYETF-EQ.svg,EQ
LOWVOLIETF,Nifty 100 Low Volatility 30 Index,23.09,23.29,22.82,22.82,-0.01,-0.04,2486029,56780902.36,22.9094,26.81,19.84,01-MAR-24,FACE VALUE SPLIT (SUB-DIVISION) - FROM RS 10/- PER SHARE TO RE 1/- PER SHARE,4.439359267734548,2.8854824165915267,22.83,0,4.49,2.93,05-Aug-2025,06-Jul-2026,FACE VALUE SPLIT (SUB-DIVISION) - FROM RS 10/- PER SHARE TO RE 1/- PER SHARE,2.8854824165915267,01-MAR-24,4.439359267734548,14.882506527415138,-15.020161290322584,https://nsearchives.nseindia.com/today/LOWVOLIETFEQN.svg,https://nsearchives.nseindia.com/30d/LOWVOLIETF-EQ.svg,https://nsearchives.nseindia.com/365d/LOWVOLIETF-EQ.svg,EQ
EGOLD,Edelweiss Gold ETF,146.1,148.1,146.1,148,3.6,2.49,382317,56556153.81,143.9828,184.95,98.8,-,-,46.317350469599596,2.6708289975719697,144.4,0,42.76,0.17,05-Aug-2025,06-Jul-2026,-,2.6708289975719697,-,46.317350469599596,19.978372533117057,-49.79757085020243,https://nsearchives.nseindia.com/today/EGOLDEQN.svg,https://nsearchives.nseindia.com/30d/EGOLD-EQ.svg,https://nsearchives.nseindia.com/365d/EGOLD-EQ.svg,EQ
HDFCNEXT50,HDFC NIFTY NEXT 50 ETF,76,76.21,75.53,75.97,0.58,0.77,739359,56265219.9,76.1368,76.59,59.99,20-OCT-23,FACE VALUE SPLIT (SUB-DIVISION) - FROM RS 418.18/- PER SHARE TO RS 41.81/- PER SHARE,11.934580816266383,2.648290771517354,75.39,0,11.08,1.86,05-Aug-2025,06-Jul-2026,FACE VALUE SPLIT (SUB-DIVISION) - FROM RS 418.18/- PER SHARE TO RS 41.81/- PER SHARE,2.648290771517354,20-OCT-23,11.934580816266383,0.8095051573312502,-26.637772962160355,https://nsearchives.nseindia.com/today/HDFCNEXT50EQN.svg,https://nsearchives.nseindia.com/30d/HDFCNEXT50-EQ.svg,https://nsearchives.nseindia.com/365d/HDFCNEXT50-EQ.svg,EQ
PSUBNKIETF,ICICI Prudential Nifty PSU Bank ETF,86.98,88.5,86.46,88.34,2.05,2.38,633808,55686370.88,86.695,104,67.86,-,-,27.18111143103946,4.2236904200094365,86.29,0,24.23,1.81,05-Aug-2025,06-Jul-2026,-,4.2236904200094365,-,27.18111143103946,15.057692307692303,-30.179781903919842,https://nsearchives.nseindia.com/today/PSUBNKIETFEQN.svg,https://nsearchives.nseindia.com/30d/PSUBNKIETF-EQ.svg,https://nsearchives.nseindia.com/365d/PSUBNKIETF-EQ.svg,EQ
MOREALTY,Motilal Oswal Nifty Realty ETF,90.47,90.47,89.02,89.35,-1.11,-1.23,591839,52957753.72,90.0586,99.49,64,-,-,-1.7051705170517175,-1.25980771355951,90.46,0,-0.48,-0.03,05-Aug-2025,06-Jul-2026,-,-1.25980771355951,-,-1.7051705170517175,10.191979093376219,-39.60937499999999,https://nsearchives.nseindia.com/today/MOREALTYEQN.svg,https://nsearchives.nseindia.com/30d/MOREALTY-EQ.svg,https://nsearchives.nseindia.com/365d/MOREALTY-EQ.svg,EQ
SILVERADD,DSP Silver ETF,216.72,217.13,214.9,216.5,1.62,0.75,244504,52849539.6,214.4278,390,107.09,-,-,98.18747711461003,-2.4027408375783312,214.88,0,96.7,-3.13,05-Aug-2025,06-Jul-2026,-,-2.4027408375783312,-,98.18747711461003,44.48717948717949,-102.16640209169857,https://nsearchives.nseindia.com/today/SILVERADDEQN.svg,https://nsearchives.nseindia.com/30d/SILVERADD-EQ.svg,https://nsearchives.nseindia.com/365d/SILVERADD-EQ.svg,EQ
MIDCAPETF,Mirae Asset Mutual Fund - Mirae Asset Nifty Midcap 150 ETF,24.4,24.57,23.81,23.86,0.05,0.21,2041078,48802174.98,23.93,24.57,19.6,-,-,10.462962962962953,1.5751383567475565,23.81,0,10.23,1.36,05-Aug-2025,06-Jul-2026,-,1.5751383567475565,-,10.462962962962953,2.8897028897028934,-21.734693877551006,https://nsearchives.nseindia.com/today/MIDCAPETFEQN.svg,https://nsearchives.nseindia.com/30d/MIDCAPETF-EQ.svg,https://nsearchives.nseindia.com/365d/MIDCAPETF-EQ.svg,EQ
METAL,Nifty Metal Total Return Index,13.6,13.6,13.1,13.26,-0.11,-0.82,3401626,45309658.32,13.3879,13.97,8.7,-,-,41.81818181818182,3.2710280373831773,13.37,0,42.99,4.13,05-Aug-2025,06-Jul-2026,-,3.2710280373831773,-,41.81818181818182,5.082319255547608,-52.413793103448285,https://nsearchives.nseindia.com/today/METALEQN.svg,https://nsearchives.nseindia.com/30d/METAL-EQ.svg,https://nsearchives.nseindia.com/365d/METAL-EQ.svg,EQ
HDFCPSUBK,HDFC NIFTY PSU BANK ETF,86.74,88.21,85.51,86.1,-0.21,-0.24,516460,45154097.8,86.4573,101.25,67.98,-,-,24.565972222222207,1.869380028395644,86.31,0,24.87,2.12,05-Aug-2025,06-Jul-2026,-,1.869380028395644,-,24.565972222222207,14.962962962962967,-26.65489849955868,https://nsearchives.nseindia.com/today/HDFCPSUBKEQN.svg,https://nsearchives.nseindia.com/30d/HDFCPSUBK-EQ.svg,https://nsearchives.nseindia.com/365d/HDFCPSUBK-EQ.svg,EQ
FMCGIETF,Nifty FMCG Index,52.93,53.28,52.69,53.05,-0.1,-0.19,820037,43535764.33,53.0841,62.3,48.55,10-MAY-24,FACE VALUE SPLIT (SUB-DIVISION) - FROM RS 10/- PER SHARE TO RE 1/- PER SHARE,-10.810356422326834,-1.7410631598444246,53.15,0,-10.64,-1.56,05-Aug-2025,06-Jul-2026,FACE VALUE SPLIT (SUB-DIVISION) - FROM RS 10/- PER SHARE TO RE 1/- PER SHARE,-1.7410631598444246,10-MAY-24,-10.810356422326834,14.847512038523275,-9.268795056642636,https://nsearchives.nseindia.com/today/FMCGIETFEQN.svg,https://nsearchives.nseindia.com/30d/FMCGIETF-EQ.svg,https://nsearchives.nseindia.com/365d/FMCGIETF-EQ.svg,EQ
ALPHA,NIFTY Alpha 50 Index,53.2,53.6,52.62,53.6,0.4,0.75,810315,43270821,53.3591,53.6,42,-,-,8.392315470171887,4.057464569986418,53.2,0,7.58,3.28,05-Aug-2025,06-Jul-2026,-,4.057464569986418,-,8.392315470171887,0,-27.619047619047624,https://nsearchives.nseindia.com/today/ALPHAEQN.svg,https://nsearchives.nseindia.com/30d/ALPHA-EQ.svg,https://nsearchives.nseindia.com/365d/ALPHA-EQ.svg,EQ
NEXT50IETF,Nifty Next 50,78.26,78.83,78.23,78.6,0.39,0.50,539736,42423249.6,78.5911,80.38,62.6,15-NOV-18, FACE VALUE SPLIT (SUB-DIVISION) - FROM RS 10/- PER SHARE TO RS 1/- PER SHARE,12.221587664191873,2.8257456828885354,78.21,0,11.66,2.32,05-Aug-2025,06-Jul-2026, FACE VALUE SPLIT (SUB-DIVISION) - FROM RS 10/- PER SHARE TO RS 1/- PER SHARE,2.8257456828885354,15-NOV-18,12.221587664191873,2.2144812142323977,-25.55910543130989,https://nsearchives.nseindia.com/today/NEXT50IETFEQN.svg,https://nsearchives.nseindia.com/30d/NEXT50IETF-EQ.svg,https://nsearchives.nseindia.com/365d/NEXT50IETF-EQ.svg,EQ
GROWWSLVR,Commodity-Silver,22.04,22.1,21.85,21.99,0.1,0.46,1915015,42111179.85,21.8138,36.3,10.98,06-FEB-26,FACE VALUE SPLIT (SUB-DIVISION) - FROM RS 10/- PER UNIT TO RE 1/- PER UNIT,-80.33446610624217,-2.5265957446808525,21.89,0,-80.42,-2.97,05-Aug-2025,06-Jul-2026,FACE VALUE SPLIT (SUB-DIVISION) - FROM RS 10/- PER UNIT TO RE 1/- PER UNIT,-2.5265957446808525,06-FEB-26,-80.33446610624217,39.421487603305785,-100.27322404371583,https://nsearchives.nseindia.com/today/GROWWSLVREQN.svg,https://nsearchives.nseindia.com/30d/GROWWSLVR-EQ.svg,https://nsearchives.nseindia.com/365d/GROWWSLVR-EQ.svg,EQ
GROWWDEFNC,Nifty India Defence Index- Total Return Index,94.39,97.03,94.01,96.32,1.93,2.04,429451,41257357.57,93.7997,99.44,71.78,-,-,22.23350253807106,-0.33112582781457717,94.39,0,19.78,-2.33,05-Aug-2025,06-Jul-2026,-,-0.33112582781457717,-,22.23350253807106,3.137570394207567,-34.187796043466136,https://nsearchives.nseindia.com/today/GROWWDEFNCEQN.svg,https://nsearchives.nseindia.com/30d/GROWWDEFNC-EQ.svg,https://nsearchives.nseindia.com/365d/GROWWDEFNC-EQ.svg,EQ
GROWWPOWER,BSE Power Index - TRI,11.61,11.64,11.45,11.51,-0.09,-0.78,3550965,40800587.85,11.5802,13.2,7.75,-,-,Infinity,-3.2773109243697527,11.6,0,0,-2.52,,06-Jul-2026,-,-3.2773109243697527,-,Infinity,12.8030303030303,-48.516129032258064,https://nsearchives.nseindia.com/today/GROWWPOWEREQN.svg,https://nsearchives.nseindia.com/30d/GROWWPOWER-EQ.svg,,EQ
SML100CASE,Nifty Smallcap 100 Index,11.26,11.56,10.84,11.1,-0.12,-1.07,3516262,39733760.6,11.2391,11.74,8.5,-,-,Infinity,1.2773722627737114,11.22,0,0,2.37,,06-Jul-2026,-,1.2773722627737114,-,Infinity,5.451448040885865,-30.58823529411764,https://nsearchives.nseindia.com/today/SML100CASEEQN.svg,https://nsearchives.nseindia.com/30d/SML100CASE-EQ.svg,,EQ
OILIETF,Nifty Oil & Gas Index,11.55,11.55,11.36,11.54,0.27,2.40,3364780,38594026.6,11.382,14,9.8,-,-,3.220035778175308,0.8741258741258711,11.27,0,0.81,-1.49,05-Aug-2025,06-Jul-2026,-,0.8741258741258711,-,3.220035778175308,17.571428571428577,-17.755102040816308,https://nsearchives.nseindia.com/today/OILIETFEQN.svg,https://nsearchives.nseindia.com/30d/OILIETF-EQ.svg,https://nsearchives.nseindia.com/365d/OILIETF-EQ.svg,EQ
MASPTOP50,S&P 500 Top 50 Total Return Index,80.94,80.94,80.65,80.94,1.71,2.16,442591,35818889.63,67.1182,82.78,60.33,-,-,30.801551389786674,3.809157368218544,79.23,0,28.04,1.62,05-Aug-2025,06-Jul-2026,-,3.809157368218544,-,30.801551389786674,2.222759120560526,-34.162108403779214,https://nsearchives.nseindia.com/today/MASPTOP50EQN.svg,https://nsearchives.nseindia.com/30d/MASPTOP50-EQ.svg,https://nsearchives.nseindia.com/365d/MASPTOP50-EQ.svg,EQ
GROWWLIQID,Nifty 1D Rate Index,110.23,110.23,110.22,110.23,0.03,0.03,321774,35465930.28,110.2079,110.9,102.89,-,-,4.8212248003043054,0.4099107305520157,110.2,0,4.79,0.38,05-Aug-2025,06-Jul-2026,-,0.4099107305520157,-,4.8212248003043054,0.6041478809738519,-7.133832248031882,https://nsearchives.nseindia.com/today/GROWWLIQIDEQN.svg,https://nsearchives.nseindia.com/30d/GROWWLIQID-EQ.svg,https://nsearchives.nseindia.com/365d/GROWWLIQID-EQ.svg,EQ
NIF100BEES,Nifty 100 TRI,273.33,274.23,270.6,274,0.67,0.25,128942,35278531.2,273.3157,290,240,-,-,3.0113914056919397,1.6697588126159555,273.33,0,2.76,1.42,05-Aug-2025,06-Jul-2026,-,1.6697588126159555,-,3.0113914056919397,5.517241379310345,-14.166666666666666,https://nsearchives.nseindia.com/today/NIF100BEESEQN.svg,https://nsearchives.nseindia.com/30d/NIF100BEES-EQ.svg,https://nsearchives.nseindia.com/365d/NIF100BEES-EQ.svg,EQ
BNKETFAXIS,Nifty Bank,583.05,624.92,583.05,598.76,0.75,0.13,56808,33956982,596.053,647.82,512.51,-,-,Infinity,-0.3992281588928035,598.01,0,0,-0.52,,06-Jul-2026,-,-0.3992281588928035,-,Infinity,7.57309129079066,-16.82893992312345,https://nsearchives.nseindia.com/today/BNKETFAXISEQN.svg,https://nsearchives.nseindia.com/30d/BNKETFAXIS-EQ.svg,,EQ
GROWWGOLD,Commodity,14.46,14.49,14.35,14.46,0.35,2.48,2172354,31303621.14,14.0811,18,9.67,06-FEB-26,FACE VALUE SPLIT (SUB-DIVISION) - FROM RS 10/- PER UNIT TO RE 1/- PER UNIT,-85.37029542695265,2.480510276399727,14.11,0,-85.72,0,05-Aug-2025,06-Jul-2026,FACE VALUE SPLIT (SUB-DIVISION) - FROM RS 10/- PER UNIT TO RE 1/- PER UNIT,2.480510276399727,06-FEB-26,-85.37029542695265,19.66666666666666,-49.53464322647364,https://nsearchives.nseindia.com/today/GROWWGOLDEQN.svg,https://nsearchives.nseindia.com/30d/GROWWGOLD-EQ.svg,https://nsearchives.nseindia.com/365d/GROWWGOLD-EQ.svg,EQ
AONELIQUID,Nifty 1D Rate Index,1071.35,1071.37,1071.35,1071.37,0.15,0.01,29025,31096224,1071.2191,1094.59,989.2,-,-,5.072328740254,0.4208533293341127,1071.22,0,5.06,0.41,05-Aug-2025,06-Jul-2026,-,0.4208533293341127,-,5.072328740254,2.1213422377328524,-8.306712494945396,https://nsearchives.nseindia.com/today/AONELIQUIDEQN.svg,https://nsearchives.nseindia.com/30d/AONELIQUID-EQ.svg,https://nsearchives.nseindia.com/365d/AONELIQUID-EQ.svg,EQ
MONQ50,Nasdaq Q-50 Total Return Index,146.87,146.88,145.26,146.88,4.36,3.06,206443,30287252.53,120.2358,147.24,79,-,-,82.86852589641435,0.8929798049182462,142.52,0,77.44,-2.1,05-Aug-2025,06-Jul-2026,-,0.8929798049182462,-,82.86852589641435,0.24449877750612173,-85.92405063291139,https://nsearchives.nseindia.com/today/MONQ50EQN.svg,https://nsearchives.nseindia.com/30d/MONQ50-EQ.svg,https://nsearchives.nseindia.com/365d/MONQ50-EQ.svg,EQ
ICICIB22,S&P BSE BHARAT 22 index,118,118,116.86,117.54,0.2,0.17,245630,28834505.7,117.4764,131,103.6,-,-,9.20747003623526,-1.052277127704352,117.34,0,9.02,-1.22,05-Aug-2025,06-Jul-2026,-,-1.052277127704352,-,9.20747003623526,10.274809160305338,-13.455598455598468,https://nsearchives.nseindia.com/today/ICICIB22EQN.svg,https://nsearchives.nseindia.com/30d/ICICIB22-EQ.svg,https://nsearchives.nseindia.com/365d/ICICIB22-EQ.svg,EQ
PSUBANK,Nifty PSU Bank,85.53,87.32,85.4,86.4,1.11,1.30,320894,27760539.94,85.5542,101,66.26,10-JUL-26,FACE VALUE SPLIT (SUB-DIVISION) - FROM RS 10/- PER UNIT TO RE 1/- PER UNIT,-87.38999080520163,-89.65145526410349,85.29,0,-87.55,-89.78,05-Aug-2025,06-Jul-2026,FACE VALUE SPLIT (SUB-DIVISION) - FROM RS 10/- PER UNIT TO RE 1/- PER UNIT,-89.65145526410349,10-JUL-26,-87.38999080520163,14.45544554455445,-30.39541201328101,https://nsearchives.nseindia.com/today/PSUBANKEQN.svg,https://nsearchives.nseindia.com/30d/PSUBANK-EQ.svg,https://nsearchives.nseindia.com/365d/PSUBANK-EQ.svg,EQ
LICMFGOLD,Gold,131.3,133.25,131.3,133,3.05,2.35,208180,27662958.4,,162,89.07,06-MAR-26,FACE VALUE SPLIT (SUB-DIVISION) - FROM RS 100/- PER SHARE TO RE 1/- PER SHARE,-98.53723184875197,1.9157088122605364,129.95,0,-98.57,-0.42,05-Aug-2025,06-Jul-2026,FACE VALUE SPLIT (SUB-DIVISION) - FROM RS 100/- PER SHARE TO RE 1/- PER SHARE,1.9157088122605364,06-MAR-26,-98.53723184875197,17.901234567901234,-49.32075895363199,https://nsearchives.nseindia.com/today/LICMFGOLDEQN.svg,https://nsearchives.nseindia.com/30d/LICMFGOLD-EQ.svg,https://nsearchives.nseindia.com/365d/LICMFGOLD-EQ.svg,EQ
HDFCLIQUID,HDFC Nifty 1D Rate Liquid ETF,1070.25,1072.49,1070.25,1072.49,0.14,0.01,25608,27463555.68,,1073.55,1009.91,28-FEB-25,CHANGE IN FUNDAMENTAL ATTRIBUTE OF HDFC NIFTY 1D RATE LIQUID ETF,4.929019381475575,0.4166510617579909,1072.35,0,4.92,0.4,05-Aug-2025,06-Jul-2026,CHANGE IN FUNDAMENTAL ATTRIBUTE OF HDFC NIFTY 1D RATE LIQUID ETF,0.4166510617579909,28-FEB-25,4.929019381475575,0.09873783242512649,-6.196591775504752,https://nsearchives.nseindia.com/today/HDFCLIQUIDEQN.svg,https://nsearchives.nseindia.com/30d/HDFCLIQUID-EQ.svg,https://nsearchives.nseindia.com/365d/HDFCLIQUID-EQ.svg,EQ
MOMENTUM50,Nifty 500 Momentum 50 Total Return Index,55.06,55.06,53.41,53.71,-0.01,-0.02,477428,25652206.44,53.8601,55.88,44.96,-,-,4.271015336827806,1.7813151411786956,53.72,0,4.29,1.8,05-Aug-2025,06-Jul-2026,-,1.7813151411786956,-,4.271015336827806,3.883321403006445,-19.46174377224199,https://nsearchives.nseindia.com/today/MOMENTUM50EQN.svg,https://nsearchives.nseindia.com/30d/MOMENTUM50-EQ.svg,https://nsearchives.nseindia.com/365d/MOMENTUM50-EQ.svg,EQ
SENSEXIETF,SENSEX,908.96,909,903.94,909,7.15,0.79,28140,25537894.2,904.1154,999.84,731,-,-,-1.2139061260419226,1.004489088403925,901.85,0,-1.99,0.21,05-Aug-2025,06-Jul-2026,-,1.004489088403925,-,-1.2139061260419226,9.085453672587617,-24.350205198358413,https://nsearchives.nseindia.com/today/SENSEXIETFEQN.svg,https://nsearchives.nseindia.com/30d/SENSEXIETF-EQ.svg,https://nsearchives.nseindia.com/365d/SENSEXIETF-EQ.svg,EQ
MAHKTECH,Hang Seng TECH Total Return Index,23.95,23.95,23.75,23.93,0.04,0.17,1063561,25429743.51,20.1116,35.59,21,-,-,1.0557432432432432,9.67002749770852,23.89,0,0.89,9.49,05-Aug-2025,06-Jul-2026,-,9.67002749770852,-,1.0557432432432432,32.76201180106773,-13.952380952380953,https://nsearchives.nseindia.com/today/MAHKTECHEQN.svg,https://nsearchives.nseindia.com/30d/MAHKTECH-EQ.svg,https://nsearchives.nseindia.com/365d/MAHKTECH-EQ.svg,EQ
DEFENCE,BSE India Defence,79.21,81.1,78.89,80.78,1.79,2.27,309379,24969979.09,78.8271,82.32,58.91,-,-,Infinity,0.09913258983890742,78.99,0,0,-2.12,,06-Jul-2026,-,0.09913258983890742,-,Infinity,1.8707482993197184,-37.124427092174514,https://nsearchives.nseindia.com/today/DEFENCEEQN.svg,https://nsearchives.nseindia.com/30d/DEFENCE-EQ.svg,,EQ
HDFCBSE500,HDFC S&P BSE 500 ETF,38.2,38.38,38.11,38.38,0.17,0.44,613785,23477276.25,38.0905,40,32.65,-,-,5.237181244858799,1.7497348886532442,38.21,0,4.77,1.3,05-Aug-2025,06-Jul-2026,-,1.7497348886532442,-,5.237181244858799,4.049999999999994,-17.549770290964794,https://nsearchives.nseindia.com/today/HDFCBSE500EQN.svg,https://nsearchives.nseindia.com/30d/HDFCBSE500-EQ.svg,https://nsearchives.nseindia.com/365d/HDFCBSE500-EQ.svg,EQ
MOSMALL250,Motilal Oswal Nifty Smallcap 250 ETF,18.48,18.64,18.28,18.5,0.08,0.43,1266277,23375473.42,18.4096,19.38,14.22,-,-,8.823529411764707,2.3796347537354716,18.42,0,8.35,1.94,05-Aug-2025,06-Jul-2026,-,2.3796347537354716,-,8.823529411764707,4.540763673890604,-30.098452883263004,https://nsearchives.nseindia.com/today/MOSMALL250EQN.svg,https://nsearchives.nseindia.com/30d/MOSMALL250-EQ.svg,https://nsearchives.nseindia.com/365d/MOSMALL250-EQ.svg,EQ
ITIETF,Nifty IT Index,34.85,35.23,34.27,34.61,-0.21,-0.60,669590,23241468.9,34.936,44.3,28.54,01-SEP-22,FACE VALUE SPLIT (SUB-DIVISION) - FROM RS 10/- PER UNIT TO RE 1/- PER UNIT,-9.44531658817373,14.299867899603692,34.82,0,-8.9,14.99,05-Aug-2025,06-Jul-2026,FACE VALUE SPLIT (SUB-DIVISION) - FROM RS 10/- PER UNIT TO RE 1/- PER UNIT,14.299867899603692,01-SEP-22,-9.44531658817373,21.87358916478555,-21.268395234758234,https://nsearchives.nseindia.com/today/ITIETFEQN.svg,https://nsearchives.nseindia.com/30d/ITIETF-EQ.svg,https://nsearchives.nseindia.com/365d/ITIETF-EQ.svg,EQ
GROWWEV,Nifty EV and New Age Automotive Index,34.64,34.64,33.42,33.6,-0.3,-0.88,669703,22488626.74,33.6232,34.64,26.2,-,-,14.91108071135432,6.127605811749846,33.9,0,15.94,7.08,05-Aug-2025,06-Jul-2026,-,6.127605811749846,-,14.91108071135432,3.0023094688221685,-28.244274809160316,https://nsearchives.nseindia.com/today/GROWWEVEQN.svg,https://nsearchives.nseindia.com/30d/GROWWEV-EQ.svg,https://nsearchives.nseindia.com/365d/GROWWEV-EQ.svg,EQ
LTGILTBEES,NIFTY 8-13 yr G-Sec Index,30.01,30.08,30.01,30.05,0.04,0.13,740320,22239212.8,30.0272,30.46,27.93,-,-,3.6922015182884755,0.23348899266177547,30.01,0,3.55,0.1,05-Aug-2025,06-Jul-2026,-,0.23348899266177547,-,3.6922015182884755,1.3460275771503616,-7.59040458288579,https://nsearchives.nseindia.com/today/LTGILTBEESEQN.svg,https://nsearchives.nseindia.com/30d/LTGILTBEES-EQ.svg,https://nsearchives.nseindia.com/365d/LTGILTBEES-EQ.svg,EQ
SETFNN50,Nifty Next 50,799.97,800.38,795,795,3.8,0.48,26581,21214561.91,798.3731,840,636.01,02-NOV-17, DIVIDEND - RS 7/- PER UNIT,12.310343853304323,2.1969122392050537,791.2,0,11.77,1.71,05-Aug-2025,06-Jul-2026, DIVIDEND - RS 7/- PER UNIT,2.1969122392050537,02-NOV-17,12.310343853304323,5.357142857142857,-24.998034622097137,https://nsearchives.nseindia.com/today/SETFNN50EQN.svg,https://nsearchives.nseindia.com/30d/SETFNN50-EQ.svg,https://nsearchives.nseindia.com/365d/SETFNN50-EQ.svg,EQ
BSLNIFTY,Nifty 50,29.52,29.52,28.5,29.18,0.38,1.32,713204,20690048.04,28.8854,33,25.7,25-NOV-21, FACE VALUE SPLIT (SUB-DIVISION) - FROM RS 10/- PER SHARE TO RE 1/- PER SHARE,2.170868347338939,2.063658621895767,28.8,0,0.84,0.73,05-Aug-2025,06-Jul-2026, FACE VALUE SPLIT (SUB-DIVISION) - FROM RS 10/- PER SHARE TO RE 1/- PER SHARE,2.063658621895767,25-NOV-21,2.170868347338939,11.575757575757576,-13.540856031128408,https://nsearchives.nseindia.com/today/BSLNIFTYEQN.svg,https://nsearchives.nseindia.com/30d/BSLNIFTY-EQ.svg,https://nsearchives.nseindia.com/365d/BSLNIFTY-EQ.svg,EQ
GILT5YBEES,Nifty 5 yr Benchmark G-Sec Index,66.67,66.67,66.35,66.52,0.19,0.29,306741,20398276.5,66.4031,67.84,61.45,-,-,5.906702754338471,0.925504475800333,66.33,0,5.6,0.64,05-Aug-2025,06-Jul-2026,-,0.925504475800333,-,5.906702754338471,1.9457547169811429,-8.25061025223758,https://nsearchives.nseindia.com/today/GILT5YBEESEQN.svg,https://nsearchives.nseindia.com/30d/GILT5YBEES-EQ.svg,https://nsearchives.nseindia.com/365d/GILT5YBEES-EQ.svg,EQ
SBILIQETF,Nifty 1D Rate Index,1050.59,1050.61,1050.59,1050.61,0.16,0.02,18994,19955096.4,1050.4598,1087.09,984.99,-,-,Infinity,0.4196058190437836,1050.45,0,0,0.4,,06-Jul-2026,-,0.4196058190437836,-,Infinity,3.3557479141561437,-6.66199656849307,https://nsearchives.nseindia.com/today/SBILIQETFEQN.svg,https://nsearchives.nseindia.com/30d/SBILIQETF-EQ.svg,,EQ
QGOLDHALF,Gold,121.93,122.9,121.8,122.68,3.14,2.63,157792,19312162.88,119.3526,149.69,80.09,16-DEC-21, FACE VALUE SPLIT (SUB-DIVISION) - FROM RS 100 PER SHARE TO RS 2 PER SHARE,47.186562687462526,2.412555305117289,119.54,0,43.42,-0.21,05-Aug-2025,06-Jul-2026, FACE VALUE SPLIT (SUB-DIVISION) - FROM RS 100 PER SHARE TO RS 2 PER SHARE,2.412555305117289,16-DEC-21,47.186562687462526,18.043957512191856,-53.17767511549506,https://nsearchives.nseindia.com/today/QGOLDHALFEQN.svg,https://nsearchives.nseindia.com/30d/QGOLDHALF-EQ.svg,https://nsearchives.nseindia.com/365d/QGOLDHALF-EQ.svg,EQ
TOP100CASE,Zerodha Nifty 100 ETF,10.97,10.97,10.62,10.87,0.07,0.65,1727652,18658641.6,10.8198,11.57,9.48,-,-,3.523809523809516,1.6838166510757693,10.8,0,2.86,1.03,05-Aug-2025,06-Jul-2026,-,1.6838166510757693,-,3.523809523809516,6.050129645635273,-14.662447257383954,https://nsearchives.nseindia.com/today/TOP100CASEEQN.svg,https://nsearchives.nseindia.com/30d/TOP100CASE-EQ.svg,https://nsearchives.nseindia.com/365d/TOP100CASE-EQ.svg,EQ
AUTOIETF,Nifty Auto Index,30.36,30.5,30.11,30.19,-0.17,-0.56,596505,18038311.2,30.4559,30.52,23.76,01-MAR-24,FACE VALUE SPLIT (SUB-DIVISION) - FROM RS 10/- PER SHARE TO RE 1/- PER SHARE,23.224489795918373,6.8294409058740255,30.36,0,23.92,7.43,05-Aug-2025,06-Jul-2026,FACE VALUE SPLIT (SUB-DIVISION) - FROM RS 10/- PER SHARE TO RE 1/- PER SHARE,6.8294409058740255,01-MAR-24,23.224489795918373,1.0812581913499288,-27.06228956228956,https://nsearchives.nseindia.com/today/AUTOIETFEQN.svg,https://nsearchives.nseindia.com/30d/AUTOIETF-EQ.svg,https://nsearchives.nseindia.com/365d/AUTOIETF-EQ.svg,EQ
IT,NIFTY IT Index,35.3,35.3,34.24,34.25,-0.36,-1.04,507264,17637569.28,34.9078,44.49,28.54,-,-,-10.152151101783835,13.185723727693318,34.61,0,-9.21,14.38,05-Aug-2025,06-Jul-2026,-,13.185723727693318,-,-10.152151101783835,23.01640818161385,-20.007007708479332,https://nsearchives.nseindia.com/today/ITEQN.svg,https://nsearchives.nseindia.com/30d/IT-EQ.svg,https://nsearchives.nseindia.com/365d/IT-EQ.svg,EQ
MOMMIDCAP,BSE Midcap 150 Momentum 30 TRI,12.92,12.92,12.78,12.9,0.04,0.31,1349951,17387368.88,12.8426,12.92,12.21,-,-,Infinity,Infinity,12.86,0,0,0,,,-,Infinity,-,Infinity,0.15479876160990383,-5.651105651105646,https://nsearchives.nseindia.com/today/MOMMIDCAPEQN.svg,,,EQ
MIDCAPIETF,Nifty Midcap 150,24.24,24.34,24.17,24.17,-0.07,-0.29,659583,15968504.43,24.2219,24.75,19.89,10-MAY-24,FACE VALUE SPLIT (SUB-DIVISION) - FROM RS 10/- PER SHARE TO RE 1/- PER SHARE,10.214318285453725,1.5973097940311163,24.24,0,10.53,1.89,05-Aug-2025,06-Jul-2026,FACE VALUE SPLIT (SUB-DIVISION) - FROM RS 10/- PER SHARE TO RE 1/- PER SHARE,1.5973097940311163,10-MAY-24,10.214318285453725,2.3434343434343368,-21.51835093011564,https://nsearchives.nseindia.com/today/MIDCAPIETFEQN.svg,https://nsearchives.nseindia.com/30d/MIDCAPIETF-EQ.svg,https://nsearchives.nseindia.com/365d/MIDCAPIETF-EQ.svg,EQ
ALPHAETF,Mirae Asset Nifty 200 Alpha 30 ETF,26.66,26.66,26.4,26.53,0.02,0.08,581154,15406392.54,26.5687,27,21.8,-,-,6.975806451612906,1.220908050362458,26.51,0,6.9,1.14,05-Aug-2025,06-Jul-2026,-,1.220908050362458,-,6.975806451612906,1.7407407407407365,-21.69724770642202,https://nsearchives.nseindia.com/today/ALPHAETFEQN.svg,https://nsearchives.nseindia.com/30d/ALPHAETF-EQ.svg,https://nsearchives.nseindia.com/365d/ALPHAETF-EQ.svg,EQ
MOMIDMTM,Nifty Midcap 150 Momentum 50 Total Return Index,64.17,64.97,64.17,64.57,0.4,0.62,235893,15231611.01,64.4806,70,54.78,-,-,3.6935924201059738,1.6530226700251731,64.17,0,3.05,1.02,05-Aug-2025,06-Jul-2026,-,1.6530226700251731,-,3.6935924201059738,7.757142857142867,-17.871485943775085,https://nsearchives.nseindia.com/today/MOMIDMTMEQN.svg,https://nsearchives.nseindia.com/30d/MOMIDMTM-EQ.svg,https://nsearchives.nseindia.com/365d/MOMIDMTM-EQ.svg,EQ
GROWWHOSPI,BSE Hospitals Index,54.94,54.98,53.8,54.12,-0.18,-0.33,278761,15039155.95,53.858,62,43.35,-,-,Infinity,-0.7700770077007733,54.3,0,0,-0.44,,06-Jul-2026,-,-0.7700770077007733,-,Infinity,12.709677419354842,-24.844290657439434,https://nsearchives.nseindia.com/today/GROWWHOSPIEQN.svg,https://nsearchives.nseindia.com/30d/GROWWHOSPI-EQ.svg,,EQ
HDFCMID150,HDFC NIFTY Midcap 150 ETF,23.71,23.85,23.56,23.85,0.14,0.59,621380,14720492.2,23.7015,24,19.42,20-OCT-23,FACE VALUE SPLIT (SUB-DIVISION) - FROM RS 115.95/- PER SHARE TO RS 11.59/- PER SHARE,10.878661087866108,2.8017241379310436,23.71,0,10.23,2.2,05-Aug-2025,06-Jul-2026,FACE VALUE SPLIT (SUB-DIVISION) - FROM RS 115.95/- PER SHARE TO RS 11.59/- PER SHARE,2.8017241379310436,20-OCT-23,10.878661087866108,0.6249999999999941,-22.81153450051493,https://nsearchives.nseindia.com/today/HDFCMID150EQN.svg,https://nsearchives.nseindia.com/30d/HDFCMID150-EQ.svg,https://nsearchives.nseindia.com/365d/HDFCMID150-EQ.svg,EQ
CHEMICAL,Nifty Chemicals Index (TRI),29.9,30.95,29.75,30.8,0.44,1.45,477562,14713685.22,30.492,31.8,24.5,-,-,Infinity,2.1220159151193654,30.36,0,0,0.66,,06-Jul-2026,-,2.1220159151193654,-,Infinity,3.144654088050314,-25.71428571428572,https://nsearchives.nseindia.com/today/CHEMICALEQN.svg,https://nsearchives.nseindia.com/30d/CHEMICAL-EQ.svg,,EQ
FINIETF,ICICI Prudential Nifty Financial Services Ex-Bank ETF,33.87,34.1,33.4,33.86,-0.01,-0.03,426038,14434167.44,33.8993,34.37,27.4,-,-,14.314652261985138,3.1373743527261686,33.87,0,14.35,3.17,05-Aug-2025,06-Jul-2026,-,3.1373743527261686,-,14.314652261985138,1.4838521966831482,-23.57664233576643,https://nsearchives.nseindia.com/today/FINIETFEQN.svg,https://nsearchives.nseindia.com/30d/FINIETF-EQ.svg,https://nsearchives.nseindia.com/365d/FINIETF-EQ.svg,EQ
BANKNIFTY1,Nifty Bank,59.91,60.46,59.91,60.2,0.29,0.48,238638,14363621.22,59.9993,65.29,51.71,27-FEB-26,FACE VALUE SPLIT (SUB-DIVISION) - FROM RS 10/- PER SHARE TO RE 1/- PER SHARE,-89.45339873861248,-0.5287508261731664,59.91,0,-89.5,-1.01,05-Aug-2025,06-Jul-2026,FACE VALUE SPLIT (SUB-DIVISION) - FROM RS 10/- PER SHARE TO RE 1/- PER SHARE,-0.5287508261731664,27-FEB-26,-89.45339873861248,7.7959871343237905,-16.4184877199768,https://nsearchives.nseindia.com/today/BANKNIFTY1EQN.svg,https://nsearchives.nseindia.com/30d/BANKNIFTY1-EQ.svg,https://nsearchives.nseindia.com/365d/BANKNIFTY1-EQ.svg,EQ
GROWWMETAL,Nifty Metal Index,12.59,12.97,12.49,12.54,-0.05,-0.40,1123677,14147093.43,12.6371,13.45,10.03,-,-,Infinity,3.2948929159802187,12.59,0,0,3.71,,06-Jul-2026,-,3.2948929159802187,-,Infinity,6.765799256505578,-25.024925224327017,https://nsearchives.nseindia.com/today/GROWWMETALEQN.svg,https://nsearchives.nseindia.com/30d/GROWWMETAL-EQ.svg,,EQ
MOM100,Nifty Midcap 100,69.48,69.48,67.85,68.6,0.08,0.12,206391,14135719.59,68.6407,69.48,56.15,-,-,11.544715447154463,1.7804154302670454,68.52,0,11.41,1.66,05-Aug-2025,06-Jul-2026,-,1.7804154302670454,-,11.544715447154463,1.266551525618897,-22.172751558325906,https://nsearchives.nseindia.com/today/MOM100EQN.svg,https://nsearchives.nseindia.com/30d/MOM100-EQ.svg,https://nsearchives.nseindia.com/365d/MOM100-EQ.svg,EQ
BANKIETF,Nifty Bank,60.48,60.48,59.1,59.1,0.09,0.15,229997,13677921.59,59.3633,63.9,51.17,-,-,4.306388986939648,-1.3684913217623502,59.01,0,4.15,-1.52,05-Aug-2025,06-Jul-2026,-,-1.3684913217623502,-,4.306388986939648,7.5117370892018736,-15.49736173539183,https://nsearchives.nseindia.com/today/BANKIETFEQN.svg,https://nsearchives.nseindia.com/30d/BANKIETF-EQ.svg,https://nsearchives.nseindia.com/365d/BANKIETF-EQ.svg,EQ
ELIQUID,Nifty 1D Rate Index (Debt Index),1042.44,1042.46,1042.44,1042.44,0.14,0.01,12752,13293194.88,1042.3117,1043,996,-,-,Infinity,0.42097353743004984,1042.3,0,0,0.41,,06-Jul-2026,-,0.42097353743004984,-,Infinity,0.05369127516778,-4.662650602409644,https://nsearchives.nseindia.com/today/ELIQUIDEQN.svg,https://nsearchives.nseindia.com/30d/ELIQUID-EQ.svg,,EQ
MOMENTUM,Aditya Birla Sun Life Nifty 200 Momentum 30 ETF,31.27,31.4,30.33,31.13,-0.14,-0.45,422037,13066265.52,31.4436,33,27.05,-,-,1.898527004909978,0.3222687721559712,31.27,0,2.36,0.77,05-Aug-2025,06-Jul-2026,-,0.3222687721559712,-,1.898527004909978,5.6666666666666705,-15.083179297597036,https://nsearchives.nseindia.com/today/MOMENTUMEQN.svg,https://nsearchives.nseindia.com/30d/MOMENTUM-EQ.svg,https://nsearchives.nseindia.com/365d/MOMENTUM-EQ.svg,EQ
GROWWRAIL,Nifty India Railways PSU Index,29.53,29.62,29.1,29.5,0.02,0.07,438482,12926449.36,29.3619,36.75,27.8,-,-,-17.597765363128488,0.9582477754962394,29.48,0,-17.65,0.89,05-Aug-2025,06-Jul-2026,-,0.9582477754962394,-,-17.597765363128488,19.727891156462587,-6.115107913669062,https://nsearchives.nseindia.com/today/GROWWRAILEQN.svg,https://nsearchives.nseindia.com/30d/GROWWRAIL-EQ.svg,https://nsearchives.nseindia.com/365d/GROWWRAIL-EQ.svg,EQ
MOM30IETF,ICICI Prudential Nifty 200 Momentum 30 ETF,31.48,31.6,31.36,31.42,-0.06,-0.19,404372,12717499.4,31.6199,32.9,26,12-AUG-22,ADDITONAL ISSUANCE 9:1,2.411994784876147,0.6083893691962897,31.48,0,2.61,0.8,05-Aug-2025,06-Jul-2026,ADDITONAL ISSUANCE 9:1,0.6083893691962897,12-AUG-22,2.411994784876147,4.498480243161085,-20.846153846153854,https://nsearchives.nseindia.com/today/MOM30IETFEQN.svg,https://nsearchives.nseindia.com/30d/MOM30IETF-EQ.svg,https://nsearchives.nseindia.com/365d/MOM30IETF-EQ.svg,EQ
NIFTY1,Nifty 50,274,274,271.7,271.7,-0.74,-0.27,45851,12532453.83,273.4284,320,244.8,27-JUL-17, FACE VALUE SPLIT (SUB-DIVISION) - FROM RS 10/- PER SHARE TO RS 1/- PER SHARE,0.3842459173871143,0.5179430262671022,272.44,0,0.66,0.79,05-Aug-2025,06-Jul-2026, FACE VALUE SPLIT (SUB-DIVISION) - FROM RS 10/- PER SHARE TO RS 1/- PER SHARE,0.5179430262671022,27-JUL-17,0.3842459173871143,15.093750000000004,-10.988562091503258,https://nsearchives.nseindia.com/today/NIFTY1EQN.svg,https://nsearchives.nseindia.com/30d/NIFTY1-EQ.svg,https://nsearchives.nseindia.com/365d/NIFTY1-EQ.svg,EQ
HEALTHIETF,Nifty Healthcare Index,170.78,172.47,170.64,170.78,0,0.00,72709,12482681.12,171.5379,174.82,138.65,-,-,15.127410004044762,0.8861058601134215,170.78,0,15.13,0.89,05-Aug-2025,06-Jul-2026,-,0.8861058601134215,-,15.127410004044762,2.310948404072756,-23.173458348359173,https://nsearchives.nseindia.com/today/HEALTHIETFEQN.svg,https://nsearchives.nseindia.com/30d/HEALTHIETF-EQ.svg,https://nsearchives.nseindia.com/365d/HEALTHIETF-EQ.svg,EQ
AONEGOLD,Domestic price of Gold,13.75,13.86,13.67,13.79,0.31,2.30,903756,12444720.12,13.4614,17.73,10,-,-,Infinity,2.0725388601036223,13.48,0,0,-0.22,,06-Jul-2026,-,2.0725388601036223,-,Infinity,22.22222222222223,-37.89999999999999,https://nsearchives.nseindia.com/today/AONEGOLDEQN.svg,https://nsearchives.nseindia.com/30d/AONEGOLD-EQ.svg,,EQ
EVINDIA,Nifty EV and New Age Automotive Total Return Index,34.52,34.52,33.6,33.68,0,0.00,362942,12234774.82,33.7491,34.52,26.2,-,-,15.461090161124433,6.548560582094275,33.68,0,15.46,6.55,05-Aug-2025,06-Jul-2026,-,6.548560582094275,-,15.461090161124433,2.4333719582850617,-28.549618320610687,https://nsearchives.nseindia.com/today/EVINDIAEQN.svg,https://nsearchives.nseindia.com/30d/EVINDIA-EQ.svg,https://nsearchives.nseindia.com/365d/EVINDIA-EQ.svg,EQ
ITETF,Mirae Asset Nifty IT ETF,33.02,33.56,32.95,32.95,-0.26,-0.78,353092,11712061.64,33.3096,42.02,27.22,-,-,-9.527732015376163,14.092797783933532,33.21,0,-8.81,14.99,05-Aug-2025,06-Jul-2026,-,14.092797783933532,-,-9.527732015376163,21.584959543074724,-21.050698016164603,https://nsearchives.nseindia.com/today/ITETFEQN.svg,https://nsearchives.nseindia.com/30d/ITETF-EQ.svg,https://nsearchives.nseindia.com/365d/ITETF-EQ.svg,EQ
EVIETF,Nifty EV & New Age Automotive ETF,34.66,34.66,33.6,33.81,-0.17,-0.50,346996,11693765.2,33.7016,36,26.28,-,-,15.550239234449762,6.689807510255604,33.98,0,16.13,7.23,05-Aug-2025,06-Jul-2026,-,6.689807510255604,-,15.550239234449762,6.083333333333327,-28.652968036529682,https://nsearchives.nseindia.com/today/EVIETFEQN.svg,https://nsearchives.nseindia.com/30d/EVIETF-EQ.svg,https://nsearchives.nseindia.com/365d/EVIETF-EQ.svg,EQ
SETFNIFBK,Nifty Bank,591.11,596.54,591.11,593.2,2.09,0.35,19632,11675346.72,593.8118,646.11,465.64,02-NOV-17, DIVIDEND - RS 3.50 PER UNIT,4.700213565843584,-0.8540723036552791,591.11,0,4.33,-1.2,05-Aug-2025,06-Jul-2026, DIVIDEND - RS 3.50 PER UNIT,-0.8540723036552791,02-NOV-17,4.700213565843584,8.189008063642408,-27.394553732497222,https://nsearchives.nseindia.com/today/SETFNIFBKEQN.svg,https://nsearchives.nseindia.com/30d/SETFNIFBK-EQ.svg,https://nsearchives.nseindia.com/365d/SETFNIFBK-EQ.svg,EQ
MAKEINDIA,Nifty India Manufacturing Total Return Index,168.26,169.41,168.18,168.99,0.42,0.25,68820,11631956.4,168.8226,169.41,138.33,-,-,17.004777400817005,2.879581151832472,168.57,0,16.71,2.62,05-Aug-2025,06-Jul-2026,-,2.879581151832472,-,17.004777400817005,0.24791924915883803,-22.164389503361523,https://nsearchives.nseindia.com/today/MAKEINDIAEQN.svg,https://nsearchives.nseindia.com/30d/MAKEINDIA-EQ.svg,https://nsearchives.nseindia.com/365d/MAKEINDIA-EQ.svg,EQ
NEXT50ETF,Nifty Next 50 Index,76.57,76.57,74.44,75.45,-1.34,-1.75,152331,11440058.1,75,78,60.15,-,-,Infinity,3.1160311603116044,76.79,0,0,4.95,,06-Jul-2026,-,3.1160311603116044,-,Infinity,3.2692307692307656,-25.436408977556116,https://nsearchives.nseindia.com/today/NEXT50ETFEQN.svg,https://nsearchives.nseindia.com/30d/NEXT50ETF-EQ.svg,,EQ
PSUBANKADD,DSP Nifty PSU Bank ETF,86.05,88.34,86.02,87.54,1.8,2.10,130325,11393011.5,86.4071,99.88,67.8,-,-,26.998404178151745,3.5608659647462497,85.74,0,24.39,1.43,05-Aug-2025,06-Jul-2026,-,3.5608659647462497,-,26.998404178151745,12.354825790949128,-29.115044247787626,https://nsearchives.nseindia.com/today/PSUBANKADDEQN.svg,https://nsearchives.nseindia.com/30d/PSUBANKADD-EQ.svg,https://nsearchives.nseindia.com/365d/PSUBANKADD-EQ.svg,EQ
MONIFTY500,Motilal Oswal Nifty 500 ETF,24.34,24.35,24.23,24.3,0.07,0.29,462352,11239777.12,24.2848,28.28,20.75,-,-,4.516129032258068,1.33444537114262,24.23,0,4.22,1.04,05-Aug-2025,06-Jul-2026,-,1.33444537114262,-,4.516129032258068,14.073550212164076,-17.108433734939762,https://nsearchives.nseindia.com/today/MONIFTY500EQN.svg,https://nsearchives.nseindia.com/30d/MONIFTY500-EQ.svg,https://nsearchives.nseindia.com/365d/MONIFTY500-EQ.svg,EQ
MIDSMALL,Mirae Asset Nifty MidSmallcap400 Momentum Quality 100 ETF,51.87,52.05,51.74,51.9,0.12,0.23,210338,10920748.96,51.8927,52.24,42.41,-,-,6.6146261298274425,1.944608131997647,51.78,0,6.37,1.71,05-Aug-2025,06-Jul-2026,-,1.944608131997647,-,6.6146261298274425,0.6508422664624873,-22.37679792501769,https://nsearchives.nseindia.com/today/MIDSMALLEQN.svg,https://nsearchives.nseindia.com/30d/MIDSMALL-EQ.svg,https://nsearchives.nseindia.com/365d/MIDSMALL-EQ.svg,EQ
INSUREIETF,BSE Insurance Index,15.73,16.46,15.55,15.63,-0.1,-0.64,684822,10690071.42,15.7083,16.46,15.55,-,-,Infinity,Infinity,15.73,0,0,0,,,-,Infinity,-,Infinity,5.042527339003645,-0.5144694533762062,https://nsearchives.nseindia.com/today/INSUREIETFEQN.svg,,,EQ
MID150CASE,Zerodha Nifty Midcap 150 ETF,11.77,11.81,11.64,11.76,-0.01,-0.08,886011,10419489.36,11.7754,13,9.63,-,-,10.943396226415096,1.9064124783362275,11.77,0,11.04,1.99,05-Aug-2025,06-Jul-2026,-,1.9064124783362275,-,10.943396226415096,9.53846153846154,-22.11838006230528,https://nsearchives.nseindia.com/today/MID150CASEEQN.svg,https://nsearchives.nseindia.com/30d/MID150CASE-EQ.svg,https://nsearchives.nseindia.com/365d/MID150CASE-EQ.svg,EQ
MOVALUE,Motilal Oswal S&P BSE Enhanced Value ETF,115.36,115.99,115.06,115.98,0.62,0.54,88920,10294268.4,115.7521,128.77,98.1,-,-,15.725404110955902,1.0278745644599363,115.36,0,15.11,0.49,05-Aug-2025,06-Jul-2026,-,1.0278745644599363,-,15.725404110955902,9.932437679583758,-18.226299694189613,https://nsearchives.nseindia.com/today/MOVALUEEQN.svg,https://nsearchives.nseindia.com/30d/MOVALUE-EQ.svg,https://nsearchives.nseindia.com/365d/MOVALUE-EQ.svg,EQ
CONSUMBEES,Nifty India Consumption TRI,135.9,136.19,135.3,135.6,-0.26,-0.19,75710,10273847,136.3007,144.38,114,-,-,3.701437748546959,2.7739881764438357,135.86,0,3.9,2.97,05-Aug-2025,06-Jul-2026,-,2.7739881764438357,-,3.701437748546959,6.081174677933233,-18.947368421052627,https://nsearchives.nseindia.com/today/CONSUMBEESEQN.svg,https://nsearchives.nseindia.com/30d/CONSUMBEES-EQ.svg,https://nsearchives.nseindia.com/365d/CONSUMBEES-EQ.svg,EQ
NEXT50BETA,Nifty Next 50,79.53,80.55,79.23,80,0.24,0.30,125824,10094859.52,80.4309,80.78,64.34,25-MAR-21, FACE VALUE SPLIT (SUB-DIVISION) - FROM RS 10/- PER UNIT TO Re 1/- PER UNIT,Infinity,2.2887098836466007,79.76,0,0,1.98,,06-Jul-2026, FACE VALUE SPLIT (SUB-DIVISION) - FROM RS 10/- PER UNIT TO Re 1/- PER UNIT,2.2887098836466007,25-MAR-21,Infinity,0.9655855409754904,-24.339446689462225,https://nsearchives.nseindia.com/today/NEXT50BETAEQN.svg,https://nsearchives.nseindia.com/30d/NEXT50BETA-EQ.svg,,EQ
LIQUIDSHRI,SHRIRAM NIFTY 1D RATE LIQUID ETF,1116.1,1116.11,1116.09,1116.09,0.13,0.01,8914,9948915.4,1115.9664,1116.11,1064.58,-,-,4.836558331767802,0.39489070792478836,1115.96,0,4.82,0.38,05-Aug-2025,06-Jul-2026,-,0.39489070792478836,-,4.836558331767802,0.0017919380706186497,-4.838527870145972,https://nsearchives.nseindia.com/today/LIQUIDSHRIEQN.svg,https://nsearchives.nseindia.com/30d/LIQUIDSHRI-EQ.svg,https://nsearchives.nseindia.com/365d/LIQUIDSHRI-EQ.svg,EQ
NEXT50,Nifty Next 50,768.38,771,767.55,768.33,0.95,0.12,11116,8560098.12,768.8445,773.4,617,-,-,12.691405104136125,2.6136545755649405,767.38,0,12.55,2.49,05-Aug-2025,06-Jul-2026,-,2.6136545755649405,-,12.691405104136125,0.655546935608991,-24.526742301458675,https://nsearchives.nseindia.com/today/NEXT50EQN.svg,https://nsearchives.nseindia.com/30d/NEXT50-EQ.svg,https://nsearchives.nseindia.com/365d/NEXT50-EQ.svg,EQ
MIDSELIETF,S&P BSE Midcap Select Index,19.81,19.87,19.71,19.85,0.04,0.20,422262,8356564.98,19.7618,20,14.55,10-MAY-24,FACE VALUE SPLIT (SUB-DIVISION) - FROM RS 10/- PER SHARE TO RE 1/- PER SHARE,14.27748992515832,3.4392912975508083,19.81,0,14.05,3.23,05-Aug-2025,06-Jul-2026,FACE VALUE SPLIT (SUB-DIVISION) - FROM RS 10/- PER SHARE TO RE 1/- PER SHARE,3.4392912975508083,10-MAY-24,14.27748992515832,0.7499999999999929,-36.42611683848798,https://nsearchives.nseindia.com/today/MIDSELIETFEQN.svg,https://nsearchives.nseindia.com/30d/MIDSELIETF-EQ.svg,https://nsearchives.nseindia.com/365d/MIDSELIETF-EQ.svg,EQ
ENERGY,Nifty Energy,39.33,39.33,38.75,38.92,0.01,0.03,212995,8270595.85,39.0353,42.82,29,-,-,Infinity,-1.9153225806451564,38.91,0,0,-1.94,,06-Jul-2026,-,-1.9153225806451564,-,Infinity,9.107893507706676,-34.20689655172414,https://nsearchives.nseindia.com/today/ENERGYEQN.svg,https://nsearchives.nseindia.com/30d/ENERGY-EQ.svg,,EQ
ESILVER,Edelweiss Silver ETF,224.75,225.06,222.72,223.6,1.08,0.49,35039,7849086.39,222.2151,375,111.7,-,-,96.77901962509901,-2.5410800679946006,222.52,0,95.83,-3.01,05-Aug-2025,06-Jul-2026,-,-2.5410800679946006,-,96.77901962509901,40.373333333333335,-100.17905102954342,https://nsearchives.nseindia.com/today/ESILVEREQN.svg,https://nsearchives.nseindia.com/30d/ESILVER-EQ.svg,https://nsearchives.nseindia.com/365d/ESILVER-EQ.svg,EQ
GROWWNET,Index,10.47,10.47,10.16,10.26,0,0.00,757978,7837492.52,10.291,11.4,7.93,-,-,0.48971596474044005,6.652806652806659,10.26,0,0.49,6.65,05-Aug-2025,06-Jul-2026,-,6.652806652806659,-,0.48971596474044005,10.000000000000005,-29.382093316519548,https://nsearchives.nseindia.com/today/GROWWNETEQN.svg,https://nsearchives.nseindia.com/30d/GROWWNET-EQ.svg,https://nsearchives.nseindia.com/365d/GROWWNET-EQ.svg,EQ
HDFCSENSEX,SENSEX,89.13,89.54,89,89.01,-0.12,-0.13,86179,7694922.91,89.202,98.48,80.9,02-FEB-24,FACE VALUE SPLIT (SUB-DIVISION) - FROM RS 250.361/- PER SHARE TO RS 25.0361/- PER SHARE,-2.014531043593129,0.5990054249547933,89.13,0,-1.88,0.73,05-Aug-2025,06-Jul-2026,FACE VALUE SPLIT (SUB-DIVISION) - FROM RS 250.361/- PER SHARE TO RS 25.0361/- PER SHARE,0.5990054249547933,02-FEB-24,-2.014531043593129,9.6161657189277,-10.024721878862794,https://nsearchives.nseindia.com/today/HDFCSENSEXEQN.svg,https://nsearchives.nseindia.com/30d/HDFCSENSEX-EQ.svg,https://nsearchives.nseindia.com/365d/HDFCSENSEX-EQ.svg,EQ
SMALL250,Nifty Smallcap 250,18.77,18.77,18.36,18.52,0.12,0.65,415719,7661701.17,18.3721,19.95,14.16,-,-,Infinity,2.2639425731639986,18.4,0,0,1.6,,06-Jul-2026,-,2.2639425731639986,-,Infinity,7.167919799498746,-30.790960451977398,https://nsearchives.nseindia.com/today/SMALL250EQN.svg,https://nsearchives.nseindia.com/30d/SMALL250-EQ.svg,,EQ
NIFTYBETA,Nifty 50,277.96,277.96,270.48,270.56,-0.63,-0.23,27275,7447438.75,273.1696,297.48,244.9,25-SEP-23,FACE VALUE SPLIT (SUB-DIVISION) - FROM RS 10/- PER SHARE TO RE 1/- PER SHARE,Infinity,0.18514404206472634,271.19,0,0,0.42,,06-Jul-2026,FACE VALUE SPLIT (SUB-DIVISION) - FROM RS 10/- PER SHARE TO RE 1/- PER SHARE,0.18514404206472634,25-SEP-23,Infinity,9.04934785531801,-10.477746018783174,https://nsearchives.nseindia.com/today/NIFTYBETAEQN.svg,https://nsearchives.nseindia.com/30d/NIFTYBETA-EQ.svg,,EQ
EQUAL50,Nifty50 Equal Weight,341.44,342.32,340.34,340.34,-0.31,-0.09,21140,7221001.2,342.0384,342.88,295.16,-,-,9.420010288065829,1.8768521567336134,340.65,0,9.52,1.97,05-Aug-2025,06-Jul-2026,-,1.8768521567336134,-,9.420010288065829,0.7407839477368235,-15.306952161539485,https://nsearchives.nseindia.com/today/EQUAL50EQN.svg,https://nsearchives.nseindia.com/30d/EQUAL50-EQ.svg,https://nsearchives.nseindia.com/365d/EQUAL50-EQ.svg,EQ
ALPL30IETF,Nifty Alpha Low-Volatility 30 Index,28.46,28.65,28.2,28.5,0.04,0.14,251434,7175926.36,28.6396,28.72,24.35,10-MAY-24,FACE VALUE SPLIT (SUB-DIVISION) - FROM RS 10/- PER SHARE TO RE 1/- PER SHARE,5.2826006649427395,2.739726027397266,28.46,0,5.13,2.6,05-Aug-2025,06-Jul-2026,FACE VALUE SPLIT (SUB-DIVISION) - FROM RS 10/- PER SHARE TO RE 1/- PER SHARE,2.739726027397266,10-MAY-24,5.2826006649427395,0.7660167130919181,-17.043121149897324,https://nsearchives.nseindia.com/today/ALPL30IETFEQN.svg,https://nsearchives.nseindia.com/30d/ALPL30IETF-EQ.svg,https://nsearchives.nseindia.com/365d/ALPL30IETF-EQ.svg,EQ
INFRAIETF,ICICI Prudential Nifty Infrastructure ETF,96.93,97.47,96.93,97,-0.13,-0.13,69972,6806876.16,97.3391,101,86.8,-,-,4.413347685683524,-1.0506987656839755,97.13,0,4.55,-0.92,05-Aug-2025,06-Jul-2026,-,-1.0506987656839755,-,4.413347685683524,3.9603960396039604,-11.751152073732722,https://nsearchives.nseindia.com/today/INFRAIETFEQN.svg,https://nsearchives.nseindia.com/30d/INFRAIETF-EQ.svg,https://nsearchives.nseindia.com/365d/INFRAIETF-EQ.svg,EQ
MIDCAP,Nifty Midcap 50 Index,18.64,18.88,18.5,18.59,-0.05,-0.27,361169,6717743.4,18.6166,19,15.01,27-FEB-26,FACE VALUE SPLIT (SUB-DIVISION) - FROM RS 10/- PER SHARE TO RE 1/- PER SHARE,-88.68119824646858,2.1990104452996073,18.64,0,-88.65,2.47,05-Aug-2025,06-Jul-2026,FACE VALUE SPLIT (SUB-DIVISION) - FROM RS 10/- PER SHARE TO RE 1/- PER SHARE,2.1990104452996073,27-FEB-26,-88.68119824646858,2.157894736842106,-23.85076615589607,https://nsearchives.nseindia.com/today/MIDCAPEQN.svg,https://nsearchives.nseindia.com/30d/MIDCAP-EQ.svg,https://nsearchives.nseindia.com/365d/MIDCAP-EQ.svg,EQ
AONESILVER,Domestic price of Silver,8.55,8.61,8.51,8.59,0.1,1.18,775067,6642324.19,8.5086,12,7.43,-,-,Infinity,-2.497162315550518,8.49,0,0,-3.63,,06-Jul-2026,-,-2.497162315550518,-,Infinity,28.416666666666668,-15.612382234185736,https://nsearchives.nseindia.com/today/AONESILVEREQN.svg,https://nsearchives.nseindia.com/30d/AONESILVER-EQ.svg,,EQ
SBIBPB,BSE PSU Bank Index TRI,49.49,50.5,49.39,49.9,0.51,1.03,128983,6434961.87,49.3544,58.27,38.53,-,-,25.094008523439452,3.699085619285123,49.39,0,23.82,2.64,05-Aug-2025,06-Jul-2026,-,3.699085619285123,-,25.094008523439452,14.364166809679087,-29.509473137814684,https://nsearchives.nseindia.com/today/SBIBPBEQN.svg,https://nsearchives.nseindia.com/30d/SBIBPB-EQ.svg,https://nsearchives.nseindia.com/365d/SBIBPB-EQ.svg,EQ
ITBETA,UTI Nifty IT ETF,330,330.8,318.13,323,-6.97,-2.11,19844,6419335.56,330.4522,409.94,270.68,-,-,Infinity,12.948910724901202,329.97,0,0,15.39,,06-Jul-2026,-,12.948910724901202,-,Infinity,21.207981655852077,-19.329097088813356,https://nsearchives.nseindia.com/today/ITBETAEQN.svg,https://nsearchives.nseindia.com/30d/ITBETA-EQ.svg,,EQ
CEMNTGROWW,Nifty Cements Index TRI,16.27,16.27,15.43,15.55,-0.06,-0.38,412920,6416776.8,15.5546,16.27,14.9,-,-,Infinity,Infinity,15.61,0,0,0,,,-,Infinity,-,Infinity,4.425322679778727,-4.362416107382552,https://nsearchives.nseindia.com/today/CEMNTGROWWEQN.svg,,,EQ
ABSLLIQUID,Aditya Birla Sun Life CRISIL Overnight Fund AI ETF,1000,1000.01,999.99,1000.01,0.02,0.00,6398,6397936.02,1000,1044.99,999.56,-,-,0.0009999999999990906,0.0009999999999990906,999.99,0,0,0,05-Aug-2025,06-Jul-2026,-,0.0009999999999990906,-,0.0009999999999990906,4.304347410023064,-0.04501980871583952,https://nsearchives.nseindia.com/today/ABSLLIQUIDEQN.svg,https://nsearchives.nseindia.com/30d/ABSLLIQUID-EQ.svg,https://nsearchives.nseindia.com/365d/ABSLLIQUID-EQ.svg,EQ
LOWVOL,Mirae Asset Nifty 100 Low Volatility 30 ETF,213.22,214.13,212.95,213.27,0.25,0.12,29623,6331027.56,213.4308,219.1,183.58,-,-,4.7649457189173345,2.8997394576860076,213.02,0,4.64,2.78,05-Aug-2025,06-Jul-2026,-,2.8997394576860076,-,4.7649457189173345,2.660885440438149,-16.172785706503976,https://nsearchives.nseindia.com/today/LOWVOLEQN.svg,https://nsearchives.nseindia.com/30d/LOWVOL-EQ.svg,https://nsearchives.nseindia.com/365d/LOWVOL-EQ.svg,EQ
ABSLNN50ET,Nifty Next 50,78.11,78.7,78.11,78.45,0.34,0.44,79396,6223058.48,78.4183,79.97,63.02,25-NOV-21, FACE VALUE SPLIT (SUB-DIVISION) - FROM RS 10/- PER SHARE TO RE 1/- PER SHARE,12.666953899181397,2.858266684148429,78.11,0,12.18,2.41,05-Aug-2025,06-Jul-2026, FACE VALUE SPLIT (SUB-DIVISION) - FROM RS 10/- PER SHARE TO RE 1/- PER SHARE,2.858266684148429,25-NOV-21,12.666953899181397,1.900712767287728,-24.484290701364646,https://nsearchives.nseindia.com/today/ABSLNN50ETEQN.svg,https://nsearchives.nseindia.com/30d/ABSLNN50ET-EQ.svg,https://nsearchives.nseindia.com/365d/ABSLNN50ET-EQ.svg,EQ
IVZINNIFTY,Nifty 50,291.34,298.4,277.13,283,-1.24,-0.44,21849,6186325.86,282.5593,315,251.1,31-JUL-26,FACE VALUE SPLIT (SUB-DIVISION) - FROM RS 10/- PER SHARE TO RE 1/- PER SHARE,-89.90007137758744,-89.84571223537854,284.24,0,-89.86,-89.8,05-Aug-2025,06-Jul-2026,FACE VALUE SPLIT (SUB-DIVISION) - FROM RS 10/- PER SHARE TO RE 1/- PER SHARE,-89.84571223537854,31-JUL-26,-89.90007137758744,10.158730158730158,-12.704101951413781,https://nsearchives.nseindia.com/today/IVZINNIFTYEQN.svg,https://nsearchives.nseindia.com/30d/IVZINNIFTY-EQ.svg,https://nsearchives.nseindia.com/365d/IVZINNIFTY-EQ.svg,EQ
HDFCNIMEG,Nifty Metal Index TRI,132.68,132.95,131.28,131.28,-1.39,-1.05,45508,6002050.12,132.4958,152.55,126.96,-,-,Infinity,Infinity,132.67,0,0,0,,,-,Infinity,-,Infinity,13.942969518190763,-3.4026465028355446,https://nsearchives.nseindia.com/today/HDFCNIMEGEQN.svg,,,EQ
MOMENTUM30,Nifty 200 Momentum 30 Index,30.97,31.07,30.78,31,0.03,0.10,191378,5915493.98,31.049,37.38,26.91,-,-,Infinity,0.8458035133376759,30.97,0,0,0.75,,06-Jul-2026,-,0.8458035133376759,-,Infinity,17.067950775815948,-15.198810850984763,https://nsearchives.nseindia.com/today/MOMENTUM30EQN.svg,https://nsearchives.nseindia.com/30d/MOMENTUM30-EQ.svg,,EQ
MOSILVER,Domestic Price of Physical Silver,221.88,222.79,220.48,221.53,0.97,0.44,25907,5748763.3,220.013,385,112.32,-,-,Infinity,-2.6968858435454766,220.56,0,0,-3.12,,06-Jul-2026,-,-2.6968858435454766,-,Infinity,42.45974025974026,-97.23112535612536,https://nsearchives.nseindia.com/today/MOSILVEREQN.svg,https://nsearchives.nseindia.com/30d/MOSILVER-EQ.svg,,EQ
NIFTYCASE,Nifty Index 50 Index,10.09,10.09,9.87,9.91,0.06,0.61,563639,5574389.71,9.8892,11.4,8.84,-,-,Infinity,1.4329580348004154,9.85,0,0,0.82,,06-Jul-2026,-,1.4329580348004154,-,Infinity,13.070175438596493,-12.104072398190048,https://nsearchives.nseindia.com/today/NIFTYCASEEQN.svg,https://nsearchives.nseindia.com/30d/NIFTYCASE-EQ.svg,,EQ
GROWWCAPM,Nifty Capital Markets Index,11.39,11.39,11.02,11.1,0.01,0.09,500635,5532016.75,11.0771,12.66,8.02,-,-,Infinity,-4.392764857881136,11.09,0,0,-4.48,,06-Jul-2026,-,-4.392764857881136,-,Infinity,12.322274881516591,-38.403990024937656,https://nsearchives.nseindia.com/today/GROWWCAPMEQN.svg,https://nsearchives.nseindia.com/30d/GROWWCAPM-EQ.svg,,EQ
GROWWMOM50,Nifty 500 Momentum 50 Index- Total Return Index,11.13,11.13,10.77,10.9,0.04,0.37,501757,5439045.88,10.9014,11.5,9.12,-,-,4.707012487992317,1.9644527595884085,10.86,0,4.32,1.59,05-Aug-2025,06-Jul-2026,-,1.9644527595884085,-,4.707012487992317,5.217391304347823,-19.517543859649138,https://nsearchives.nseindia.com/today/GROWWMOM50EQN.svg,https://nsearchives.nseindia.com/30d/GROWWMOM50-EQ.svg,https://nsearchives.nseindia.com/365d/GROWWMOM50-EQ.svg,EQ
BFSI,Nifty Financial Services Index,27.82,27.98,27.82,27.91,0.09,0.32,193991,5420108.54,27.9291,29.94,24.03,-,-,2.572583608967289,-0.7114905727499086,27.82,0,2.24,-1.03,05-Aug-2025,06-Jul-2026,-,-0.7114905727499086,-,2.572583608967289,6.780227120908487,-16.146483562213895,https://nsearchives.nseindia.com/today/BFSIEQN.svg,https://nsearchives.nseindia.com/30d/BFSI-EQ.svg,https://nsearchives.nseindia.com/365d/BFSI-EQ.svg,EQ
HDFCNIFIT,HDFC NIFTY IT ETF,33.77,33.85,32.9,33.08,-0.14,-0.42,157880,5276349.6,33.583,42.3,27.32,02-FEB-24,FACE VALUE SPLIT (SUB-DIVISION) - FROM RS 299.92/- PER SHARE TO RS 29.992/- PER SHARE,-10.10869565217391,13.443072702331955,33.22,0,-9.73,13.92,05-Aug-2025,06-Jul-2026,FACE VALUE SPLIT (SUB-DIVISION) - FROM RS 299.92/- PER SHARE TO RS 29.992/- PER SHARE,13.443072702331955,02-FEB-24,-10.10869565217391,21.796690307328603,-21.08345534407027,https://nsearchives.nseindia.com/today/HDFCNIFITEQN.svg,https://nsearchives.nseindia.com/30d/HDFCNIFIT-EQ.svg,https://nsearchives.nseindia.com/365d/HDFCNIFIT-EQ.svg,EQ
ABSL10BANK,BSE Top 10 Banks Index,171.21,172.5,170.73,172.5,1.76,1.03,30772,5272782.2,170.6276,214.42,150,-,-,Infinity,-1.3778514664684676,170.74,0,0,-2.38,,06-Jul-2026,-,-1.3778514664684676,-,Infinity,19.55041507322078,-15,https://nsearchives.nseindia.com/today/ABSL10BANKEQN.svg,https://nsearchives.nseindia.com/30d/ABSL10BANK-EQ.svg,,EQ
MOGOLD,Domestic Price of Physical Gold,144.15,146.25,144.15,146.2,3.5,2.45,35624,5196829.12,142.5277,175,96.3,-,-,46.126936531734124,2.130632203981825,142.7,0,42.63,-0.31,05-Aug-2025,06-Jul-2026,-,2.130632203981825,-,46.126936531734124,16.457142857142863,-51.8172377985462,https://nsearchives.nseindia.com/today/MOGOLDEQN.svg,https://nsearchives.nseindia.com/30d/MOGOLD-EQ.svg,https://nsearchives.nseindia.com/365d/MOGOLD-EQ.svg,EQ
GROWWNIFTY,Nifty 50 Index - TRI,10.19,10.19,9.95,10,0.05,0.50,500520,4990184.4,9.9562,11.88,8.93,-,-,1.214574898785417,1.3171225937183464,9.95,0,0.71,0.81,05-Aug-2025,06-Jul-2026,-,1.3171225937183464,-,1.214574898785417,15.82491582491583,-11.982082866741324,https://nsearchives.nseindia.com/today/GROWWNIFTYEQN.svg,https://nsearchives.nseindia.com/30d/GROWWNIFTY-EQ.svg,https://nsearchives.nseindia.com/365d/GROWWNIFTY-EQ.svg,EQ
EBBETF0430,Nifty BHARAT Bond,1618.79,1619.89,1611,1614,-2.61,-0.16,3073,4959268.86,1612.965,1644.19,1232,-,-,5.283070560531243,0.26526187621526476,1616.61,0,5.45,0.43,05-Aug-2025,06-Jul-2026,-,0.26526187621526476,-,5.283070560531243,1.836162487303782,-31.006493506493506,https://nsearchives.nseindia.com/today/EBBETF0430EQN.svg,https://nsearchives.nseindia.com/30d/EBBETF0430-EQ.svg,https://nsearchives.nseindia.com/365d/EBBETF0430-EQ.svg,EQ
HDFCMOMENT,HDFC NIFTY200 Momentum 30 ETF,32,32,30.8,31.15,-0.07,-0.22,157328,4899193.92,31.3406,33.23,27.13,20-OCT-23,FACE VALUE SPLIT (SUB-DIVISION) - FROM RS 190.61/- PER SHARE TO RS 19.061/- PER SHARE,2.5345622119815654,0.74385510996118,31.22,0,2.76,0.97,05-Aug-2025,06-Jul-2026,FACE VALUE SPLIT (SUB-DIVISION) - FROM RS 190.61/- PER SHARE TO RS 19.061/- PER SHARE,0.74385510996118,20-OCT-23,2.5345622119815654,6.259404152873905,-14.817545152967194,https://nsearchives.nseindia.com/today/HDFCMOMENTEQN.svg,https://nsearchives.nseindia.com/30d/HDFCMOMENT-EQ.svg,https://nsearchives.nseindia.com/365d/HDFCMOMENT-EQ.svg,EQ
INFRABEES,Nifty Infra,974.11,979.57,974.11,978,3.85,0.40,4864,4754462.72,977.8199,1018.3,871.35,-,-,4.805178104505126,-0.370808035532373,974.15,0,4.39,-0.76,05-Aug-2025,06-Jul-2026,-,-0.370808035532373,-,4.805178104505126,3.9575763527447663,-12.23962816319504,https://nsearchives.nseindia.com/today/INFRABEESEQN.svg,https://nsearchives.nseindia.com/30d/INFRABEES-EQ.svg,https://nsearchives.nseindia.com/365d/INFRABEES-EQ.svg,EQ
HEALTHY,Nifty Healthcare TRI,17.31,17.34,17.12,17.21,0.01,0.06,268436,4625152.28,17.198,17.55,13.58,-,-,16.048550236008097,1.474056603773585,17.2,0,15.98,1.42,05-Aug-2025,06-Jul-2026,-,1.474056603773585,-,16.048550236008097,1.9373219373219364,-26.73048600883653,https://nsearchives.nseindia.com/today/HEALTHYEQN.svg,https://nsearchives.nseindia.com/30d/HEALTHY-EQ.svg,https://nsearchives.nseindia.com/365d/HEALTHY-EQ.svg,EQ
TOP10ADD,Nifty Top 10 Equal Weight Index,89.45,89.99,88.81,88.81,-0.64,-0.72,49409,4419635.05,89.6573,103.04,83.05,-,-,-6.888236527573908,1.1273058528809032,89.45,0,-6.22,1.86,05-Aug-2025,06-Jul-2026,-,1.1273058528809032,-,-6.888236527573908,13.810170807453419,-6.93558097531608,https://nsearchives.nseindia.com/today/TOP10ADDEQN.svg,https://nsearchives.nseindia.com/30d/TOP10ADD-EQ.svg,https://nsearchives.nseindia.com/365d/TOP10ADD-EQ.svg,EQ
EBBETF0431,Nifty BHARAT Bond,1443.21,1443.21,1440.05,1440.98,-1.35,-0.09,3056,4403512.64,1442.0639,1469,1363,-,-,4.877107942677059,-0.10260249850949199,1442.33,0,4.98,-0.01,05-Aug-2025,06-Jul-2026,-,-0.10260249850949199,-,4.877107942677059,1.9074200136147026,-5.721203228173149,https://nsearchives.nseindia.com/today/EBBETF0431EQN.svg,https://nsearchives.nseindia.com/30d/EBBETF0431-EQ.svg,https://nsearchives.nseindia.com/365d/EBBETF0431-EQ.svg,EQ
HDFCPVTBAN,HDFC NIFTY Private Bank ETF,28.26,28.47,27.9,27.9,-0.35,-1.24,150786,4267243.8,28.3089,30.17,24.31,02-FEB-24,FACE VALUE SPLIT (SUB-DIVISION) - FROM RS 216.75/- PER SHARE TO RS 21.675/- PER SHARE,1.8619934282584811,-3.5936420179682194,28.25,0,3.14,-2.38,05-Aug-2025,06-Jul-2026,FACE VALUE SPLIT (SUB-DIVISION) - FROM RS 216.75/- PER SHARE TO RS 21.675/- PER SHARE,-3.5936420179682194,02-FEB-24,1.8619934282584811,7.524030493868091,-14.767585355820652,https://nsearchives.nseindia.com/today/HDFCPVTBANEQN.svg,https://nsearchives.nseindia.com/30d/HDFCPVTBAN-EQ.svg,https://nsearchives.nseindia.com/365d/HDFCPVTBAN-EQ.svg,EQ
EBBETF0433,BHARAT Bond ETF-April 2033,1319.38,1321.97,1316.13,1321.9,4.36,0.33,3216,4247017.44,1317.3054,1345.89,1242.87,-,-,5.5190140170503605,0.16518655472373409,1317.54,0,5.17,-0.17,05-Aug-2025,06-Jul-2026,-,0.16518655472373409,-,5.5190140170503605,1.7824636485894099,-6.358669852840619,https://nsearchives.nseindia.com/today/EBBETF0433EQN.svg,https://nsearchives.nseindia.com/30d/EBBETF0433-EQ.svg,https://nsearchives.nseindia.com/365d/EBBETF0433-EQ.svg,EQ
EQUAL50ADD,NIFTY 50 Equal Weight Index,351.77,355.07,351.77,353,0.17,0.05,11971,4228636.04,353.4169,361,304.78,-,-,9.907217136808017,2.4762678898017163,352.83,0,9.85,2.43,05-Aug-2025,06-Jul-2026,-,2.4762678898017163,-,9.907217136808017,2.21606648199446,-15.821248113393278,https://nsearchives.nseindia.com/today/EQUAL50ADDEQN.svg,https://nsearchives.nseindia.com/30d/EQUAL50ADD-EQ.svg,https://nsearchives.nseindia.com/365d/EQUAL50ADD-EQ.svg,EQ
MOLOWVOL,Nifty Midcap 100 TRI,38.62,38.62,37.28,37.56,-0.12,-0.32,112450,4223622,37.5376,43.07,33.52,11-AUG-22,FACE VALUE SPLIT (SUB-DIVISION) - FROM RS 10/- PER UNIT TO RS 2/- PER UNIT,0.8592910848549954,0.4546670232682581,37.68,0,1.18,0.78,05-Aug-2025,06-Jul-2026,FACE VALUE SPLIT (SUB-DIVISION) - FROM RS 10/- PER UNIT TO RS 2/- PER UNIT,0.4546670232682581,11-AUG-22,0.8592910848549954,12.79312746691432,-12.052505966587107,https://nsearchives.nseindia.com/today/MOLOWVOLEQN.svg,https://nsearchives.nseindia.com/30d/MOLOWVOL-EQ.svg,https://nsearchives.nseindia.com/365d/MOLOWVOL-EQ.svg,EQ
MOQUALITY,Motilal Oswal S&P BSE Quality ETF,206.25,206.5,202.53,204,-0.8,-0.39,20463,4206988.17,205.4649,225.6,176.15,-,-,7.266799873803761,0.9900990099009901,204.8,0,7.69,1.39,05-Aug-2025,06-Jul-2026,-,0.9900990099009901,-,7.266799873803761,9.574468085106382,-15.810388873119498,https://nsearchives.nseindia.com/today/MOQUALITYEQN.svg,https://nsearchives.nseindia.com/30d/MOQUALITY-EQ.svg,https://nsearchives.nseindia.com/365d/MOQUALITY-EQ.svg,EQ
NV20IETF,Nifty50 Value 20,14.24,14.24,13.7,13.89,0.04,0.29,292275,4056777,13.8842,16,12.5,01-MAR-24,FACE VALUE SPLIT (SUB-DIVISION) - FROM RS 10/- PER SHARE TO RE 1/- PER SHARE,-1.6985138004246298,0,13.85,0,-1.98,-0.29,05-Aug-2025,06-Jul-2026,FACE VALUE SPLIT (SUB-DIVISION) - FROM RS 10/- PER SHARE TO RE 1/- PER SHARE,0,01-MAR-24,-1.6985138004246298,13.187499999999996,-11.120000000000005,https://nsearchives.nseindia.com/today/NV20IETFEQN.svg,https://nsearchives.nseindia.com/30d/NV20IETF-EQ.svg,https://nsearchives.nseindia.com/365d/NV20IETF-EQ.svg,EQ
TNIDETF,Nifty India Digital Index,89.73,90.88,88.25,88.93,-0.79,-0.88,41886,3757593.06,90.5643,103.26,74.5,-,-,-1.5498726890291061,8.916105327617881,89.72,0,-0.68,9.88,05-Aug-2025,06-Jul-2026,-,8.916105327617881,-,-1.5498726890291061,13.877590548130929,-19.369127516778534,https://nsearchives.nseindia.com/today/TNIDETFEQN.svg,https://nsearchives.nseindia.com/30d/TNIDETF-EQ.svg,https://nsearchives.nseindia.com/365d/TNIDETF-EQ.svg,EQ
HEALTHAXIS,Nifty Healthcare Index,171.01,171.22,169.38,170,0.45,0.27,21552,3678064.32,170.1202,173.72,135.2,-,-,Infinity,1.3775418927783423,169.55,0,0,1.11,,06-Jul-2026,-,1.3775418927783423,-,Infinity,2.1413769283905126,-25.73964497041421,https://nsearchives.nseindia.com/today/HEALTHAXISEQN.svg,https://nsearchives.nseindia.com/30d/HEALTHAXIS-EQ.svg,,EQ
BANKBETA,Nifty Bank,59.31,60.2,59.2,60.2,0.56,0.94,61181,3667189.14,59.7967,73.7,51.3,17-FEB-21, FACE VALUE SPLIT (SUB-DIVISION) - FROM RS 10/- PER UNIT TO RE 1/- PER UNIT,Infinity,-0.03321155762204587,59.64,0,0,-0.96,,06-Jul-2026, FACE VALUE SPLIT (SUB-DIVISION) - FROM RS 10/- PER UNIT TO RE 1/- PER UNIT,-0.03321155762204587,17-FEB-21,Infinity,18.317503392130256,-17.348927875243678,https://nsearchives.nseindia.com/today/BANKBETAEQN.svg,https://nsearchives.nseindia.com/30d/BANKBETA-EQ.svg,,EQ
BSE500IETF,S&P BSE 500 index,39.96,40.27,39.96,40.22,0.26,0.65,88312,3549259.28,40.0921,42.05,34.5,28-OCT-21, FACE VALUE SPLIT (SUB-DIVISION) - FROM RS 10/- PER SHARE TO RE 1/- PER SHARE,4.413291796469355,1.7970134143254894,39.96,0,3.74,1.14,05-Aug-2025,06-Jul-2026, FACE VALUE SPLIT (SUB-DIVISION) - FROM RS 10/- PER SHARE TO RE 1/- PER SHARE,1.7970134143254894,28-OCT-21,4.413291796469355,4.351961950059449,-16.57971014492753,https://nsearchives.nseindia.com/today/BSE500IETFEQN.svg,https://nsearchives.nseindia.com/30d/BSE500IETF-EQ.svg,https://nsearchives.nseindia.com/365d/BSE500IETF-EQ.svg,EQ
GROWWRLTY,Index,10.21,10.21,9.92,10.04,-0.06,-0.59,345018,3453630.18,10.0771,11.3,7.17,-,-,Infinity,-1.0837438423645438,10.1,0,0,-0.49,,06-Jul-2026,-,-1.0837438423645438,-,Infinity,11.150442477876119,-40.027894002789395,https://nsearchives.nseindia.com/today/GROWWRLTYEQN.svg,https://nsearchives.nseindia.com/30d/GROWWRLTY-EQ.svg,,EQ
QUAL30IETF,ICICI Prudential Nifty 200 Quality 30 ETF,21.77,21.77,21.41,21.65,0.07,0.32,158021,3424315.07,21.6917,23,18,10-MAY-24,FACE VALUE SPLIT (SUB-DIVISION) - FROM RS 10/- PER SHARE TO RE 1/- PER SHARE,4.18671799807506,4.287090558766844,21.58,0,3.85,3.95,05-Aug-2025,06-Jul-2026,FACE VALUE SPLIT (SUB-DIVISION) - FROM RS 10/- PER SHARE TO RE 1/- PER SHARE,4.287090558766844,10-MAY-24,4.18671799807506,5.869565217391311,-20.27777777777777,https://nsearchives.nseindia.com/today/QUAL30IETFEQN.svg,https://nsearchives.nseindia.com/30d/QUAL30IETF-EQ.svg,https://nsearchives.nseindia.com/365d/QUAL30IETF-EQ.svg,EQ
SILVERBND,Commodity - Silver,226.25,226.39,223.94,225.15,1.14,0.51,15165,3414248.1,223.1909,389,180,-,-,Infinity,-2.4860323097578854,224.01,0,0,-2.98,,06-Jul-2026,-,-2.4860323097578854,-,Infinity,42.12082262210797,-25.08333333333334,https://nsearchives.nseindia.com/today/SILVERBNDEQN.svg,https://nsearchives.nseindia.com/30d/SILVERBND-EQ.svg,,EQ
MSCIINDIA,MSCI India Index,30.43,30.53,30.43,30.52,0.24,0.79,111375,3395823.75,30.498,32.14,26.5,-,-,4.341880341880341,1.294390972452707,30.28,0,3.52,0.5,05-Aug-2025,06-Jul-2026,-,1.294390972452707,-,4.341880341880341,5.040448039825765,-15.169811320754715,https://nsearchives.nseindia.com/today/MSCIINDIAEQN.svg,https://nsearchives.nseindia.com/30d/MSCIINDIA-EQ.svg,https://nsearchives.nseindia.com/365d/MSCIINDIA-EQ.svg,EQ
SILVER360,Commodity-Silver,219.01,221.49,219.01,220.94,2.08,0.95,14581,3216714.41,218.9197,358,110.1,-,-,97.26785714285714,-2.4977934686672536,218.86,0,95.41,-3.42,05-Aug-2025,06-Jul-2026,-,-2.4977934686672536,-,97.26785714285714,38.28491620111732,-100.67211625794732,https://nsearchives.nseindia.com/today/SILVER360EQN.svg,https://nsearchives.nseindia.com/30d/SILVER360-EQ.svg,https://nsearchives.nseindia.com/365d/SILVER360-EQ.svg,EQ
HDFCNIFBAN,Nifty Bank,61,61,59.45,59.51,-0.17,-0.28,53757,3207142.62,59.5104,65.54,51.2,02-FEB-24,FACE VALUE SPLIT (SUB-DIVISION) - FROM RS 223.31/- PER SHARE TO RS 22.331/- PER SHARE,5.12276982865218,-0.8001333555592665,59.68,0,5.42,-0.52,05-Aug-2025,06-Jul-2026,FACE VALUE SPLIT (SUB-DIVISION) - FROM RS 223.31/- PER SHARE TO RS 22.331/- PER SHARE,-0.8001333555592665,02-FEB-24,5.12276982865218,9.200488251449508,-16.23046874999999,https://nsearchives.nseindia.com/today/HDFCNIFBANEQN.svg,https://nsearchives.nseindia.com/30d/HDFCNIFBAN-EQ.svg,https://nsearchives.nseindia.com/365d/HDFCNIFBAN-EQ.svg,EQ
NIF100IETF,Nifty 100,27.88,28.86,27.88,28.69,0.09,0.31,110238,3166035.36,28.7499,30.88,23,10-MAY-24,FACE VALUE SPLIT (SUB-DIVISION) - FROM RS 10/- PER SHARE TO RE 1/- PER SHARE,2.4277043912888243,1.1992945326278655,28.6,0,2.11,0.88,05-Aug-2025,06-Jul-2026,FACE VALUE SPLIT (SUB-DIVISION) - FROM RS 10/- PER SHARE TO RE 1/- PER SHARE,1.1992945326278655,10-MAY-24,2.4277043912888243,7.091968911917092,-24.739130434782613,https://nsearchives.nseindia.com/today/NIF100IETFEQN.svg,https://nsearchives.nseindia.com/30d/NIF100IETF-EQ.svg,https://nsearchives.nseindia.com/365d/NIF100IETF-EQ.svg,EQ
ITADD,DSP Nifty IT ETF,33.54,33.54,32.7,32.7,-0.45,-1.36,92480,3058313.6,33.3307,41.92,27.17,-,-,Infinity,13.266366470384488,33.15,0,0,14.83,,06-Jul-2026,-,13.266366470384488,-,Infinity,21.994274809160302,-20.353330879646673,https://nsearchives.nseindia.com/today/ITADDEQN.svg,https://nsearchives.nseindia.com/30d/ITADD-EQ.svg,,EQ
IVZINGOLD,Gold,128.35,128.9,127.7,128.8,3.2,2.55,23775,3052472.25,125.265,156,85.9,30-APR-26,FACE VALUE SPLIT (SUB-DIVISION) - FROM RS 100/- PER SHARE TO RE 1/- PER SHARE,-98.53414820125873,2.6294820717131566,125.6,0,-98.57,0.08,05-Aug-2025,06-Jul-2026,FACE VALUE SPLIT (SUB-DIVISION) - FROM RS 100/- PER SHARE TO RE 1/- PER SHARE,2.6294820717131566,30-APR-26,-98.53414820125873,17.43589743589743,-49.941792782305015,https://nsearchives.nseindia.com/today/IVZINGOLDEQN.svg,https://nsearchives.nseindia.com/30d/IVZINGOLD-EQ.svg,https://nsearchives.nseindia.com/365d/IVZINGOLD-EQ.svg,EQ
MOGSEC,Nifty 5 yr Benchmark G-Sec Index,65.24,66.7,65.24,65.55,0.16,0.24,46199,3038046.24,65.5686,67.33,60.18,-,-,4.980781550288276,-0.8920471726640511,65.39,0,4.72,-1.13,05-Aug-2025,06-Jul-2026,-,-0.8920471726640511,-,4.980781550288276,2.643695232437251,-8.923230309072778,https://nsearchives.nseindia.com/today/MOGSECEQN.svg,https://nsearchives.nseindia.com/30d/MOGSEC-EQ.svg,https://nsearchives.nseindia.com/365d/MOGSEC-EQ.svg,EQ
MOENERGY,Nifty Energy Index,39,39.34,38.3,38.84,0.07,0.18,77906,3022752.8,38.9638,43,33,-,-,Infinity,-1.8448319433914502,38.77,0,0,-2.02,,06-Jul-2026,-,-1.8448319433914502,-,Infinity,9.674418604651155,-17.696969696969706,https://nsearchives.nseindia.com/today/MOENERGYEQN.svg,https://nsearchives.nseindia.com/30d/MOENERGY-EQ.svg,,EQ
DIVOPPBEES,Nifty Dividend Opportunities 50 TRI,80.09,80.09,79.21,79.21,-0.46,-0.58,37480,2982658.4,79.943,87.09,72.13,-,-,3.745907007203667,3.3803184547115492,79.67,0,4.35,3.98,05-Aug-2025,06-Jul-2026,-,3.3803184547115492,-,3.745907007203667,9.048111149385702,-9.815610702897544,https://nsearchives.nseindia.com/today/DIVOPPBEESEQN.svg,https://nsearchives.nseindia.com/30d/DIVOPPBEES-EQ.svg,https://nsearchives.nseindia.com/365d/DIVOPPBEES-EQ.svg,EQ
MOMOMENTUM,Nifty 200 Momentum 30 Total Return Index,62.4,62.83,62.4,62.59,0.19,0.30,46740,2926858.8,62.8548,66.28,54.32,11-AUG-22,FACE VALUE SPLIT (SUB-DIVISION) - FROM RS 10/- PER UNIT TO RS 2/- PER UNIT,2.3213993787804506,0.6431902235086119,62.4,0,2.01,0.34,05-Aug-2025,06-Jul-2026,FACE VALUE SPLIT (SUB-DIVISION) - FROM RS 10/- PER UNIT TO RS 2/- PER UNIT,0.6431902235086119,11-AUG-22,2.3213993787804506,5.567290283645138,-15.224594992636236,https://nsearchives.nseindia.com/today/MOMOMENTUMEQN.svg,https://nsearchives.nseindia.com/30d/MOMOMENTUM-EQ.svg,https://nsearchives.nseindia.com/365d/MOMOMENTUM-EQ.svg,EQ
CONSUMER,Nifty India New AgeConsumption,12.27,12.4,12.03,12.16,-0.08,-0.65,238074,2904502.8,12.2594,12.87,9.69,-,-,4.557179707652617,3.138252756573376,12.24,0,5.25,3.82,05-Aug-2025,06-Jul-2026,-,3.138252756573376,-,4.557179707652617,5.51670551670551,-25.49019607843138,https://nsearchives.nseindia.com/today/CONSUMEREQN.svg,https://nsearchives.nseindia.com/30d/CONSUMER-EQ.svg,https://nsearchives.nseindia.com/365d/CONSUMER-EQ.svg,EQ
BANKETF,Mirae Asset Nifty Bank ETF,588.3,591.99,588.3,591.47,4.76,0.81,4890,2887740.6,588.9985,628.27,507.01,-,-,5.305606494916956,-0.42927847547219866,586.71,0,4.46,-1.23,05-Aug-2025,06-Jul-2026,-,-0.42927847547219866,-,5.305606494916956,5.857354322186314,-16.65844855131063,https://nsearchives.nseindia.com/today/BANKETFEQN.svg,https://nsearchives.nseindia.com/30d/BANKETF-EQ.svg,https://nsearchives.nseindia.com/365d/BANKETF-EQ.svg,EQ
MOTOUR,Nifty India Tourism Total Return Index,81.03,81.2,80.1,80.7,-0.45,-0.55,34811,2808551.48,81.1285,95.9,64,-,-,-11.25041240514682,-0.9694441035709807,81.15,0,-10.76,-0.42,05-Aug-2025,06-Jul-2026,-,-0.9694441035709807,-,-11.25041240514682,15.849843587069866,-26.093750000000004,https://nsearchives.nseindia.com/today/MOTOUREQN.svg,https://nsearchives.nseindia.com/30d/MOTOUR-EQ.svg,https://nsearchives.nseindia.com/365d/MOTOUR-EQ.svg,EQ
VALUEAXIS,Nifty500 Value 50 TRI,33.64,33.64,33.34,33.43,0.03,0.09,83753,2796512.67,33.5662,39,22.84,-,-,Infinity,0.905523694536665,33.4,0,0,0.81,,06-Jul-2026,-,0.905523694536665,-,Infinity,14.282051282051283,-46.36602451838879,https://nsearchives.nseindia.com/today/VALUEAXISEQN.svg,https://nsearchives.nseindia.com/30d/VALUEAXIS-EQ.svg,,EQ
VAL30IETF,Nifty200 Value 30 Index,15.67,15.67,15.51,15.59,0.03,0.19,177880,2767812.8,15.6477,17.7,12.27,-,-,21.040372670807443,0.9061488673139195,15.56,0,20.81,0.71,05-Aug-2025,06-Jul-2026,-,0.9061488673139195,-,21.040372670807443,11.920903954802258,-27.057864710676448,https://nsearchives.nseindia.com/today/VAL30IETFEQN.svg,https://nsearchives.nseindia.com/30d/VAL30IETF-EQ.svg,https://nsearchives.nseindia.com/365d/VAL30IETF-EQ.svg,EQ
SBISMLETF,Nifty Smallcap 250 Index,18.58,18.97,18.06,18.38,0.05,0.27,146417,2702857.82,18.3342,18.97,16.53,-,-,Infinity,1.82825484764542,18.33,0,0,1.55,,06-Jul-2026,-,1.82825484764542,-,Infinity,3.1101739588824455,-11.191772534785224,https://nsearchives.nseindia.com/today/SBISMLETFEQN.svg,https://nsearchives.nseindia.com/30d/SBISMLETF-EQ.svg,,EQ
COMMOIETF,ICICI Prudential Nifty Commodities ETF,101.68,101.97,101.27,101.29,-0.43,-0.42,26264,2665270.72,101.904,110.56,86.79,-,-,14.322799097065477,0.13840830449827046,101.72,0,14.81,0.56,05-Aug-2025,06-Jul-2026,-,0.13840830449827046,-,14.322799097065477,8.38458755426917,-16.70699389330568,https://nsearchives.nseindia.com/today/COMMOIETFEQN.svg,https://nsearchives.nseindia.com/30d/COMMOIETF-EQ.svg,https://nsearchives.nseindia.com/365d/COMMOIETF-EQ.svg,EQ
HEALTHADD,DSP Nifty Healthcare ETF,16.6,17.47,16.6,17,0.4,2.41,155855,2643300.8,16.8751,17.47,13.54,03-JUL-26,FACE VALUE SPLIT (SUB-DIVISION) - FROM RS 10/- PER UNIT TO RE 1/- PER UNIT,-88.34818368745717,2.1634615384615348,16.6,0,-88.62,-0.24,05-Aug-2025,06-Jul-2026,FACE VALUE SPLIT (SUB-DIVISION) - FROM RS 10/- PER UNIT TO RE 1/- PER UNIT,2.1634615384615348,03-JUL-26,-88.34818368745717,2.6903262736118996,-25.55391432791729,https://nsearchives.nseindia.com/today/HEALTHADDEQN.svg,https://nsearchives.nseindia.com/30d/HEALTHADD-EQ.svg,https://nsearchives.nseindia.com/365d/HEALTHADD-EQ.svg,EQ
GOLD360,Commodity-Gold,142.1,144.75,142.05,144.25,3.5,2.49,18091,2603656.72,140.6672,178,87.85,-,-,45.26686807653575,2.3049645390070923,140.75,0,41.74,-0.18,05-Aug-2025,06-Jul-2026,-,2.3049645390070923,-,45.26686807653575,18.96067415730337,-64.20034149117816,https://nsearchives.nseindia.com/today/GOLD360EQN.svg,https://nsearchives.nseindia.com/30d/GOLD360-EQ.svg,https://nsearchives.nseindia.com/365d/GOLD360-EQ.svg,EQ
NV20BEES,Nifty50 Value20 TRI,142.71,142.84,142.04,142.4,0.16,0.11,17677,2519502.81,142.4847,160,122.02,19-DEC-19, FACE VALUE SPLIT (SUB-DIVISION) - FROM RS 10/- TO RS 1/-,-1.6506664824918755,0.21817158139207704,142.24,0,-1.76,0.11,05-Aug-2025,06-Jul-2026, FACE VALUE SPLIT (SUB-DIVISION) - FROM RS 10/- TO RS 1/-,0.21817158139207704,19-DEC-19,-1.6506664824918755,10.999999999999996,-16.702179970496648,https://nsearchives.nseindia.com/today/NV20BEESEQN.svg,https://nsearchives.nseindia.com/30d/NV20BEES-EQ.svg,https://nsearchives.nseindia.com/365d/NV20BEES-EQ.svg,EQ
LTGILTCASE,Nifty 8-13 Yr G-Sec Index,30.58,30.75,29.97,30.63,0.05,0.16,81319,2488361.4,30.5823,31.17,28.71,-,-,Infinity,0.2290575916230376,30.58,0,0,0.07,,06-Jul-2026,-,0.2290575916230376,-,Infinity,1.7324350336862453,-6.687565308254957,https://nsearchives.nseindia.com/today/LTGILTCASEEQN.svg,https://nsearchives.nseindia.com/30d/LTGILTCASE-EQ.svg,,EQ
SHARIABEES,Shariah,475.99,478.84,472.7,473,-2.14,-0.45,5204,2470755.12,476.9206,534.61,433.68,10-MAR-14,DIVIDEND-RS.2 PER UNIT,-3.453625081645986,3.739445114595901,475.14,0,-3.02,4.21,05-Aug-2025,06-Jul-2026,DIVIDEND-RS.2 PER UNIT,3.739445114595901,10-MAR-14,-3.453625081645986,11.524288733843365,-9.066592879542517,https://nsearchives.nseindia.com/today/SHARIABEESEQN.svg,https://nsearchives.nseindia.com/30d/SHARIABEES-EQ.svg,https://nsearchives.nseindia.com/365d/SHARIABEES-EQ.svg,EQ
LIQUIDSBI,SBI NIFTY 1D Rate ETF,999.99,1000.01,999.99,1000.01,0.02,0.00,2404,2404000,1000,1010.02,970.23,-,-,0,0.002000020000198183,999.99,0,0,0,05-Aug-2025,06-Jul-2026,-,0.002000020000198183,-,0,0.9910694837725976,-3.0693753027632593,https://nsearchives.nseindia.com/today/LIQUIDSBIEQN.svg,https://nsearchives.nseindia.com/30d/LIQUIDSBI-EQ.svg,https://nsearchives.nseindia.com/365d/LIQUIDSBI-EQ.svg,EQ
MNC,Kotak Nifty MNC ETF,34.64,34.64,34.2,34.32,-0.23,-0.67,66973,2309898.77,34.597,35.54,27.83,-,-,17.253160232319782,0.4389815627743593,34.55,0,18.04,1.11,05-Aug-2025,06-Jul-2026,-,0.4389815627743593,-,17.253160232319782,3.4327518289251517,-23.320158102766808,https://nsearchives.nseindia.com/today/MNCEQN.svg,https://nsearchives.nseindia.com/30d/MNC-EQ.svg,https://nsearchives.nseindia.com/365d/MNC-EQ.svg,EQ
MOHEALTH,Motilal Oswal S&P BSE Healthcare ETF,51.97,52.15,51.72,51.72,0.15,0.29,43542,2261571.48,51.7223,53,40.79,-,-,15.36917242917689,2.0118343195266193,51.57,0,15.03,1.72,05-Aug-2025,06-Jul-2026,-,2.0118343195266193,-,15.36917242917689,2.4150943396226436,-26.79578328021574,https://nsearchives.nseindia.com/today/MOHEALTHEQN.svg,https://nsearchives.nseindia.com/30d/MOHEALTH-EQ.svg,https://nsearchives.nseindia.com/365d/MOHEALTH-EQ.svg,EQ
SBIETFIT,Nifty IT Index,349.98,351,345.14,346,0.86,0.25,6277,2183454.45,348.505,439.27,285,-,-,-9.471480900052326,14.660657476139983,345.14,0,-9.7,14.38,05-Aug-2025,06-Jul-2026,-,14.660657476139983,-,-9.471480900052326,21.232954674801373,-21.403508771929825,https://nsearchives.nseindia.com/today/SBIETFITEQN.svg,https://nsearchives.nseindia.com/30d/SBIETFIT-EQ.svg,https://nsearchives.nseindia.com/365d/SBIETFIT-EQ.svg,EQ
BBETF0432,Nifty BHARAT Bond Index - April 2032,1356.95,1356.95,1348.02,1348.02,-7.53,-0.56,1596,2159579.52,1355.374,1378,1262.29,-,-,4.656687680506818,-0.8444280985656505,1355.55,0,5.24,-0.29,05-Aug-2025,06-Jul-2026,-,-0.8444280985656505,-,4.656687680506818,2.175616835994196,-6.791624745502224,https://nsearchives.nseindia.com/today/BBETF0432EQN.svg,https://nsearchives.nseindia.com/30d/BBETF0432-EQ.svg,https://nsearchives.nseindia.com/365d/BBETF0432-EQ.svg,EQ
NIFTYQLITY,Aditya Birla Sun Life Nifty 200 Quality 30 ETF,21.95,21.95,21.53,21.65,-0.15,-0.69,98436,2152795.32,21.9107,23.03,18.95,-,-,2.9971455756422407,3.193517635843652,21.8,0,3.71,3.91,05-Aug-2025,06-Jul-2026,-,3.193517635843652,-,2.9971455756422407,5.992184107685638,-14.248021108179417,https://nsearchives.nseindia.com/today/NIFTYQLITYEQN.svg,https://nsearchives.nseindia.com/30d/NIFTYQLITY-EQ.svg,https://nsearchives.nseindia.com/365d/NIFTYQLITY-EQ.svg,EQ
NIFTYADD,Nifty 50 Index,258.7,269,257,260.27,1.57,0.61,8132,2114320,259.5677,300,232.64,-,-,Infinity,1.4144326683291755,258.7,0,0,0.8,,06-Jul-2026,-,1.4144326683291755,-,Infinity,13.24333333333334,-11.876719394773039,https://nsearchives.nseindia.com/today/NIFTYADDEQN.svg,https://nsearchives.nseindia.com/30d/NIFTYADD-EQ.svg,,EQ
SBINEQWETF,Nifty50 Equal Weight,34.78,34.78,33.42,34.6,0.33,0.96,60789,2091141.6,34.3807,36.4,29.64,-,-,10.826393337604108,2.3365868086364956,34.27,0,9.77,1.36,05-Aug-2025,06-Jul-2026,-,2.3365868086364956,-,10.826393337604108,4.945054945054937,-16.734143049932527,https://nsearchives.nseindia.com/today/SBINEQWETFEQN.svg,https://nsearchives.nseindia.com/30d/SBINEQWETF-EQ.svg,https://nsearchives.nseindia.com/365d/SBINEQWETF-EQ.svg,EQ
GROWWSC250,Nifty Smallcap 250 Index - TRI,10.59,10.7,10.47,10.62,0.03,0.28,193117,2050902.54,10.5749,10.97,8,-,-,Infinity,2.213666987487956,10.59,0,0,1.92,,06-Jul-2026,-,2.213666987487956,-,Infinity,3.1905195989061204,-32.74999999999999,https://nsearchives.nseindia.com/today/GROWWSC250EQN.svg,https://nsearchives.nseindia.com/30d/GROWWSC250-EQ.svg,,EQ
INTERNET,Equity Index,13.89,14.06,13.87,13.89,0,0.00,145450,2031936.5,13.8985,15.2,10.72,-,-,1.0917030567685615,7.010785824345147,13.89,0,1.09,7.01,05-Aug-2025,06-Jul-2026,-,7.010785824345147,-,1.0917030567685615,8.618421052631572,-29.570895522388057,https://nsearchives.nseindia.com/today/INTERNETEQN.svg,https://nsearchives.nseindia.com/30d/INTERNET-EQ.svg,https://nsearchives.nseindia.com/365d/INTERNET-EQ.svg,EQ
ABSLBANETF,Nifty Bank,59.3,59.53,59.01,59.52,0.33,0.56,34064,2023742.24,59.2653,64.94,50.97,25-NOV-21, FACE VALUE SPLIT (SUB-DIVISION) - FROM RS 10/- PER SHARE TO RE 1/- PER SHARE,5.438441098317094,-0.30150753768844174,59.19,0,4.85,-0.85,05-Aug-2025,06-Jul-2026, FACE VALUE SPLIT (SUB-DIVISION) - FROM RS 10/- PER SHARE TO RE 1/- PER SHARE,-0.30150753768844174,25-NOV-21,5.438441098317094,8.346165691407444,-16.774573278399068,https://nsearchives.nseindia.com/today/ABSLBANETFEQN.svg,https://nsearchives.nseindia.com/30d/ABSLBANETF-EQ.svg,https://nsearchives.nseindia.com/365d/ABSLBANETF-EQ.svg,EQ
MULTICAP,Nifty500 Multicap 50:25:25 Index,17.01,17.05,16.96,16.96,0,0.00,118246,2010182,16.994,17.5,14.2,-,-,6.000000000000005,1.4354066985646052,16.96,0,6,1.44,05-Aug-2025,06-Jul-2026,-,1.4354066985646052,-,6.000000000000005,3.085714285714281,-19.43661971830987,https://nsearchives.nseindia.com/today/MULTICAPEQN.svg,https://nsearchives.nseindia.com/30d/MULTICAP-EQ.svg,https://nsearchives.nseindia.com/365d/MULTICAP-EQ.svg,EQ
BANK10ADD,BSE Top 10 Banks Index (TRI),17.07,17.18,16.95,16.97,-0.1,-0.59,108407,1844003.07,17.0704,18.99,12.08,-,-,Infinity,-3.2497149372862046,17.07,0,0,-2.68,,06-Jul-2026,-,-3.2497149372862046,-,Infinity,10.63717746182201,-40.48013245033112,https://nsearchives.nseindia.com/today/BANK10ADDEQN.svg,https://nsearchives.nseindia.com/30d/BANK10ADD-EQ.svg,,EQ
AONETOTAL,Nifty Total Market Index,12.25,12.25,12.01,12.1,0.03,0.25,151531,1835040.41,12.1232,12.51,9.6,-,-,4.761904761904752,1.5100671140939574,12.07,0,4.5,1.26,05-Aug-2025,06-Jul-2026,-,1.5100671140939574,-,4.761904761904752,3.2773780975219835,-26.041666666666668,https://nsearchives.nseindia.com/today/AONETOTALEQN.svg,https://nsearchives.nseindia.com/30d/AONETOTAL-EQ.svg,https://nsearchives.nseindia.com/365d/AONETOTAL-EQ.svg,EQ
SELECTIPO,BSE Select IPO Index,48,48.2,47.9,47.95,-0.07,-0.15,38052,1828018.08,47.9462,57.75,37.8,-,-,-1.9026186579378062,4.216474679417528,48.02,0,-1.76,4.37,05-Aug-2025,06-Jul-2026,-,4.216474679417528,-,-1.9026186579378062,16.969696969696965,-26.85185185185187,https://nsearchives.nseindia.com/today/SELECTIPOEQN.svg,https://nsearchives.nseindia.com/30d/SELECTIPO-EQ.svg,https://nsearchives.nseindia.com/365d/SELECTIPO-EQ.svg,EQ
ELMDIV,Index (BSE LargeMid (60:40) Stable Dividend 50),38.15,38.67,36.88,36.9,-0.14,-0.38,48736,1827600,36.8495,38.67,36.8,-,-,Infinity,Infinity,37.04,0,0,0,,,-,Infinity,-,Infinity,4.577191621411955,-0.2717391304347865,https://nsearchives.nseindia.com/today/ELMDIVEQN.svg,,,EQ
BANKPSU,Nifty PSU Bank Total Return Index,86.11,88,86.11,87.93,1.92,2.23,19862,1733952.6,86.1885,99.52,67.59,-,-,28.15916047223438,4.678571428571437,86.01,0,25.36,2.39,05-Aug-2025,06-Jul-2026,-,4.678571428571437,-,28.15916047223438,11.645900321543397,-30.09320905459388,https://nsearchives.nseindia.com/today/BANKPSUEQN.svg,https://nsearchives.nseindia.com/30d/BANKPSU-EQ.svg,https://nsearchives.nseindia.com/365d/BANKPSU-EQ.svg,EQ
ELM250,Nifty LargeMidcap 250 TRI,16.72,17.04,16.72,16.99,0.27,1.61,101769,1729055.31,16.9214,19.2,14.43,-,-,Infinity,2.5347012673506226,16.72,0,0,0.91,,06-Jul-2026,-,2.5347012673506226,-,Infinity,11.510416666666671,-17.740817740817732,https://nsearchives.nseindia.com/today/ELM250EQN.svg,https://nsearchives.nseindia.com/30d/ELM250-EQ.svg,,EQ
TWCGOLDETF,Commodity,146.24,147.58,146.24,147.49,3.4,2.36,11437,1682840.18,143.5054,187.98,123.31,-,-,Infinity,2.4307243558580454,144.09,0,0,0.07,,06-Jul-2026,-,2.4307243558580454,-,Infinity,21.539525481434186,-19.60911523801801,https://nsearchives.nseindia.com/today/TWCGOLDETFEQN.svg,https://nsearchives.nseindia.com/30d/TWCGOLDETF-EQ.svg,,EQ
SENSEXETF,Mirae Asset S&P BSE Sensex ETF,81.39,81.5,81.14,81.46,0.47,0.58,20462,1665197.56,81.1382,88.7,73.33,-,-,-1.380145278450364,1.0293935259828828,80.99,0,-1.95,0.45,05-Aug-2025,06-Jul-2026,-,1.0293935259828828,-,-1.380145278450364,8.162344983089074,-11.086867584890216,https://nsearchives.nseindia.com/today/SENSEXETFEQN.svg,https://nsearchives.nseindia.com/30d/SENSEXETF-EQ.svg,https://nsearchives.nseindia.com/365d/SENSEXETF-EQ.svg,EQ
CONSUMIETF,Nifty India Consumption Index,126.17,126.73,124.16,125.96,-0.21,-0.17,13189,1664056.13,126.7954,141.27,94.65,-,-,3.687849851827453,2.665253891922729,126.17,0,3.86,2.84,05-Aug-2025,06-Jul-2026,-,2.665253891922729,-,3.687849851827453,10.837403553479163,-33.07976756471208,https://nsearchives.nseindia.com/today/CONSUMIETFEQN.svg,https://nsearchives.nseindia.com/30d/CONSUMIETF-EQ.svg,https://nsearchives.nseindia.com/365d/CONSUMIETF-EQ.svg,EQ
PVTBANKADD,DSP Nifty Private Bank ETF,28.27,28.28,28.09,28.28,0.13,0.46,57591,1622914.38,28.2078,31.88,24.02,-,-,3.932377802278575,-1.9077349982656857,28.15,0,3.45,-2.36,05-Aug-2025,06-Jul-2026,-,-1.9077349982656857,-,3.932377802278575,11.292346298619817,-17.735220649458793,https://nsearchives.nseindia.com/today/PVTBANKADDEQN.svg,https://nsearchives.nseindia.com/30d/PVTBANKADD-EQ.svg,https://nsearchives.nseindia.com/365d/PVTBANKADD-EQ.svg,EQ
EQUAL200,BSE 200 Equal Weight,14.09,14.11,14.06,14.07,-0.02,-0.14,112751,1588661.59,11.941,14.6,11.75,-,-,9.836065573770489,2.40174672489083,14.09,0,9.99,2.55,05-Aug-2025,06-Jul-2026,-,2.40174672489083,-,9.836065573770489,3.6301369863013657,-19.744680851063833,https://nsearchives.nseindia.com/today/EQUAL200EQN.svg,https://nsearchives.nseindia.com/30d/EQUAL200-EQ.svg,https://nsearchives.nseindia.com/365d/EQUAL200-EQ.svg,EQ
GROWWPSUBK,Nifty PSU Bank Index - TRI,85.37,87.89,85.37,87.27,1.69,1.97,17947,1556363.84,85.7048,91.19,77.57,-,-,Infinity,3.8187009279086293,85.58,0,0,1.81,,06-Jul-2026,-,3.8187009279086293,-,Infinity,4.298716964579452,-12.504834343173911,https://nsearchives.nseindia.com/today/GROWWPSUBKEQN.svg,https://nsearchives.nseindia.com/30d/GROWWPSUBK-EQ.svg,,EQ
LICNMID100,LIC MF Nifty Midcap 100 ETF,64.2,64.5,63.57,63.99,-0.21,-0.33,24181,1555321.92,64.0272,67.5,52.3,-,-,11.811986720251625,1.9436036323084256,64.2,0,12.18,2.28,05-Aug-2025,06-Jul-2026,-,1.9436036323084256,-,11.811986720251625,5.199999999999997,-22.351816443594657,https://nsearchives.nseindia.com/today/LICNMID100EQN.svg,https://nsearchives.nseindia.com/30d/LICNMID100-EQ.svg,https://nsearchives.nseindia.com/365d/LICNMID100-EQ.svg,EQ
AONENIFTY,Nifty 50 Index,10.38,10.38,10.13,10.18,0.05,0.49,145413,1477396.08,10.1746,11.06,9,-,-,1.2935323383084478,1.2935323383084478,10.13,0,0.8,0.8,05-Aug-2025,06-Jul-2026,-,1.2935323383084478,-,1.2935323383084478,7.95660036166366,-13.111111111111107,https://nsearchives.nseindia.com/today/AONENIFTYEQN.svg,https://nsearchives.nseindia.com/30d/AONENIFTY-EQ.svg,https://nsearchives.nseindia.com/365d/AONENIFTY-EQ.svg,EQ
SMALLADD,Nifty Smallcap 250 Index,18.54,18.54,18.41,18.54,0.08,0.43,69412,1283427.88,18.4203,18.74,14.01,-,-,Infinity,1.4223194748358752,18.46,0,0,0.98,,06-Jul-2026,-,1.4223194748358752,-,Infinity,1.067235859124863,-32.3340471092077,https://nsearchives.nseindia.com/today/SMALLADDEQN.svg,https://nsearchives.nseindia.com/30d/SMALLADD-EQ.svg,,EQ
HDFCQUAL,HDFC NIFTY100 Quality 30 ETF,59.9,60.03,59.2,59.2,-0.48,-0.80,21394,1280003.02,59.8881,61.87,51.91,-,-,4.2620641070799605,2.902833304362944,59.68,0,5.11,3.74,05-Aug-2025,06-Jul-2026,-,2.902833304362944,-,4.2620641070799605,4.315500242443825,-14.043536890772504,https://nsearchives.nseindia.com/today/HDFCQUALEQN.svg,https://nsearchives.nseindia.com/30d/HDFCQUAL-EQ.svg,https://nsearchives.nseindia.com/365d/HDFCQUAL-EQ.svg,EQ
MIDQ50ADD,Nifty Midcap 150 Quality 50 Index,25.65,25.7,25.5,25.52,-0.11,-0.43,48792,1248587.28,25.6533,25.97,21,03-JUL-26,FACE VALUE SPLIT (SUB-DIVISION) - FROM RS 10/- PER UNIT TO RE 1/- PER UNIT,-89.72417958526273,2.9862792574656916,25.63,0,-89.68,3.43,05-Aug-2025,06-Jul-2026,FACE VALUE SPLIT (SUB-DIVISION) - FROM RS 10/- PER UNIT TO RE 1/- PER UNIT,2.9862792574656916,03-JUL-26,-89.72417958526273,1.7327685791297625,-21.523809523809522,https://nsearchives.nseindia.com/today/MIDQ50ADDEQN.svg,https://nsearchives.nseindia.com/30d/MIDQ50ADD-EQ.svg,https://nsearchives.nseindia.com/365d/MIDQ50ADD-EQ.svg,EQ
BBNPPGOLD,Baroda BNP Paribas Gold ETF,141,143.5,141,143,3.25,2.33,8614,1231112.88,139.4857,184.05,94.5,-,-,46.06741573033707,2.1793497677742133,139.75,0,42.75,-0.14,05-Aug-2025,06-Jul-2026,-,2.1793497677742133,-,46.06741573033707,22.303721814724263,-51.32275132275132,https://nsearchives.nseindia.com/today/BBNPPGOLDEQN.svg,https://nsearchives.nseindia.com/30d/BBNPPGOLD-EQ.svg,https://nsearchives.nseindia.com/365d/BBNPPGOLD-EQ.svg,EQ
SBIETFQLTY,Nifty 200 Quality 30 Index,221.16,229.72,221.16,227.47,3.44,1.54,5315,1212510.95,228.1086,247.28,194,-,-,4.110027918897885,3.772810218978107,224.03,0,2.54,2.2,05-Aug-2025,06-Jul-2026,-,3.772810218978107,-,4.110027918897885,8.011161436428342,-17.25257731958763,https://nsearchives.nseindia.com/today/SBIETFQLTYEQN.svg,https://nsearchives.nseindia.com/30d/SBIETFQLTY-EQ.svg,https://nsearchives.nseindia.com/365d/SBIETFQLTY-EQ.svg,EQ
LOWVOL1,Kotak Nifty 100 Low Vol 30 ETF,21.91,21.97,21.6,21.87,-0.1,-0.46,54653,1191981.93,21.8309,22.9,18.77,-,-,5.397590361445788,3.257790368271961,21.97,0,5.88,3.73,05-Aug-2025,06-Jul-2026,-,3.257790368271961,-,5.397590361445788,4.497816593886452,-16.51571656899308,https://nsearchives.nseindia.com/today/LOWVOL1EQN.svg,https://nsearchives.nseindia.com/30d/LOWVOL1-EQ.svg,https://nsearchives.nseindia.com/365d/LOWVOL1-EQ.svg,EQ
MANUFGBEES,Nifty India Manufacturing TRI,169.96,169.96,166.11,166.9,0.6,0.36,6854,1145166.32,166.6303,171.58,138.6,-,-,Infinity,3.120172999691079,166.3,0,0,2.75,,06-Jul-2026,-,3.120172999691079,-,Infinity,2.727590628278358,-20.418470418470427,https://nsearchives.nseindia.com/today/MANUFGBEESEQN.svg,https://nsearchives.nseindia.com/30d/MANUFGBEES-EQ.svg,,EQ
GROWWN200,Nifty 200 Index- Total Return Index,11.55,11.63,11.51,11.58,0.03,0.26,98728,1140308.4,11.578,12.14,9.91,-,-,4.043126684636112,1.4899211218229618,11.55,0,3.77,1.23,05-Aug-2025,06-Jul-2026,-,1.4899211218229618,-,4.043126684636112,4.612850082372327,-16.851664984863774,https://nsearchives.nseindia.com/today/GROWWN200EQN.svg,https://nsearchives.nseindia.com/30d/GROWWN200-EQ.svg,https://nsearchives.nseindia.com/365d/GROWWN200-EQ.svg,EQ
LICNETFGSC,GSEC10 NSE Index,29.54,29.6,29.4,29.6,0.1,0.34,37980,1123068.6,29.5533,30.5,27.42,-,-,3.9325842696629247,0.2031144211239075,29.5,0,3.58,-0.14,05-Aug-2025,06-Jul-2026,-,0.2031144211239075,-,3.9325842696629247,2.950819672131143,-7.950401167031362,https://nsearchives.nseindia.com/today/LICNETFGSCEQN.svg,https://nsearchives.nseindia.com/30d/LICNETFGSC-EQ.svg,https://nsearchives.nseindia.com/365d/LICNETFGSC-EQ.svg,EQ
MOALPHA50,Nifty Alpha 50 Total Return Index,55.69,55.88,55.25,55.25,0,0.00,19904,1106065.28,55.3953,62,42.1,-,-,7.032158078264243,2.924739195230999,55.25,0,7.03,2.92,05-Aug-2025,06-Jul-2026,-,2.924739195230999,-,7.032158078264243,10.887096774193548,-31.235154394299283,https://nsearchives.nseindia.com/today/MOALPHA50EQN.svg,https://nsearchives.nseindia.com/30d/MOALPHA50-EQ.svg,https://nsearchives.nseindia.com/365d/MOALPHA50-EQ.svg,EQ
MONIFTY100,Nifty 100 Total Return Index,26.35,26.35,25.78,26.04,0.26,1.01,41662,1082378.76,25.9222,27.97,22.38,-,-,Infinity,1.6790316282702058,25.78,0,0,0.66,,06-Jul-2026,-,1.6790316282702058,-,Infinity,6.90025026814444,-16.353887399463808,https://nsearchives.nseindia.com/today/MONIFTY100EQN.svg,https://nsearchives.nseindia.com/30d/MONIFTY100-EQ.svg,,EQ
NV20,Nifty50 Value 20,14.33,14.33,14.1,14.3,0.02,0.14,73776,1052045.76,14.235,16.87,12.62,27-FEB-26,FACE VALUE SPLIT (SUB-DIVISION) - FROM RS 10/- PER SHARE TO RE 1/- PER SHARE,-90.09352268791132,0.633356790992258,14.28,0,-90.11,0.49,05-Aug-2025,06-Jul-2026,FACE VALUE SPLIT (SUB-DIVISION) - FROM RS 10/- PER SHARE TO RE 1/- PER SHARE,0.633356790992258,27-FEB-26,-90.09352268791132,15.234143449911084,-13.31220285261491,https://nsearchives.nseindia.com/today/NV20EQN.svg,https://nsearchives.nseindia.com/30d/NV20-EQ.svg,https://nsearchives.nseindia.com/365d/NV20-EQ.svg,EQ
UNIONGOLD,Commodity Gold,143.7,145.5,143.7,145.45,3.75,2.65,7247,1048133.61,141.0682,177,95.55,-,-,46.47532729103725,3.0464045341834805,141.7,0,42.7,0.39,05-Aug-2025,06-Jul-2026,-,3.0464045341834805,-,46.47532729103725,17.824858757062152,-52.223966509680785,https://nsearchives.nseindia.com/today/UNIONGOLDEQN.svg,https://nsearchives.nseindia.com/30d/UNIONGOLD-EQ.svg,https://nsearchives.nseindia.com/365d/UNIONGOLD-EQ.svg,EQ
NETF,Tata Nifty 50 Exchange Traded Fund,272.79,272.79,263.02,267,0.86,0.32,3771,1008780.21,268.163,292.9,240.66,-,-,0.35707573764329587,0.7889471896115566,266.14,0,0.03,0.46,05-Aug-2025,06-Jul-2026,-,0.7889471896115566,-,0.35707573764329587,8.842608398770905,-10.944901520817753,https://nsearchives.nseindia.com/today/NETFEQN.svg,https://nsearchives.nseindia.com/30d/NETF-EQ.svg,https://nsearchives.nseindia.com/365d/NETF-EQ.svg,EQ
ITAXIS,NIFTY IT Index,347,347,341.1,341.1,-5.58,-1.61,2918,1007381.14,346.3276,439.67,230.7,-,-,Infinity,14.045939349359742,346.68,0,0,15.91,,06-Jul-2026,-,14.045939349359742,-,Infinity,22.419087042554644,-47.854356306892086,https://nsearchives.nseindia.com/today/ITAXISEQN.svg,https://nsearchives.nseindia.com/30d/ITAXIS-EQ.svg,,EQ
HDFCGROWTH,HDFC NIFTY Growth Sectors 15 ETF,123,123.76,122.2,122.2,-0.74,-0.60,8172,1004502.24,123.4056,133.3,107.86,-,-,3.209459459459457,7.070884079558405,122.94,0,3.83,7.72,05-Aug-2025,06-Jul-2026,-,7.070884079558405,-,3.209459459459457,8.327081770442616,-13.29501205266086,https://nsearchives.nseindia.com/today/HDFCGROWTHEQN.svg,https://nsearchives.nseindia.com/30d/HDFCGROWTH-EQ.svg,https://nsearchives.nseindia.com/365d/HDFCGROWTH-EQ.svg,EQ
GOLDBND,Commodity - Gold,145.04,148.33,145.01,148.09,3.5,2.42,6508,958563.32,143.9612,180.16,127.96,-,-,Infinity,2.4702463326875126,144.59,0,0,0.05,,06-Jul-2026,-,2.4702463326875126,-,Infinity,17.80084369449378,-15.731478587058463,https://nsearchives.nseindia.com/today/GOLDBNDEQN.svg,https://nsearchives.nseindia.com/30d/GOLDBND-EQ.svg,,EQ
ABSLPSE,Aditya Birla Sun Life Nifty PSE ETF,10.35,10.35,10.29,10.34,0.02,0.19,90041,928322.71,10.3376,11.6,9.21,-,-,5.295315682281054,-0.38535645472062546,10.32,0,5.09,-0.58,05-Aug-2025,06-Jul-2026,-,-0.38535645472062546,-,5.295315682281054,10.862068965517238,-12.269272529858837,https://nsearchives.nseindia.com/today/ABSLPSEEQN.svg,https://nsearchives.nseindia.com/30d/ABSLPSE-EQ.svg,https://nsearchives.nseindia.com/365d/ABSLPSE-EQ.svg,EQ
SBIMIDMOM,Nifty Midcap 150 Momentum 50 Index,64.57,64.57,62.9,63.79,0.23,0.36,14280,909064.8,63.6407,67.74,53.86,-,-,Infinity,1.9172391755871476,63.56,0,0,1.55,,06-Jul-2026,-,1.9172391755871476,-,Infinity,5.831118984351928,-18.43668770887486,https://nsearchives.nseindia.com/today/SBIMIDMOMEQN.svg,https://nsearchives.nseindia.com/30d/SBIMIDMOM-EQ.svg,,EQ
SETF10GILT,Nifty 10 yr Benchmark G-Sec Index,265.99,266.99,265.54,266,0.46,0.17,3339,888040.44,265.6864,272.31,250.37,-,-,2.8098790244656517,-0.052603892688053794,265.54,0,2.63,-0.23,05-Aug-2025,06-Jul-2026,-,-0.052603892688053794,-,2.8098790244656517,2.3172120010282407,-6.242760714143066,https://nsearchives.nseindia.com/today/SETF10GILTEQN.svg,https://nsearchives.nseindia.com/30d/SETF10GILT-EQ.svg,https://nsearchives.nseindia.com/365d/SETF10GILT-EQ.svg,EQ
ECAPINSURE,BSE Capital Markets & Insurance Total Return Index,23.79,23.86,23.56,23.79,0.05,0.21,37337,884886.9,23.6695,25.88,20.5,-,-,3.8864628820960725,-2.219482120838468,23.74,0,3.67,-2.42,05-Aug-2025,06-Jul-2026,-,-2.219482120838468,-,3.8864628820960725,8.075734157650697,-16.048780487804873,https://nsearchives.nseindia.com/today/ECAPINSUREEQN.svg,https://nsearchives.nseindia.com/30d/ECAPINSURE-EQ.svg,https://nsearchives.nseindia.com/365d/ECAPINSURE-EQ.svg,EQ
SENSEXBETA,SENSEX,870,876,862,862.5,-5.8,-0.67,956,831404.52,871.1921,952.91,785,26-FEB-21, INTERIM DIVIDEND - RS 13.56 PER UNIT,Infinity,-0.3097621304237211,868.3,0,0,0.36,,06-Jul-2026, INTERIM DIVIDEND - RS 13.56 PER UNIT,-0.3097621304237211,26-FEB-21,Infinity,9.487779538466379,-9.872611464968152,https://nsearchives.nseindia.com/today/SENSEXBETAEQN.svg,https://nsearchives.nseindia.com/30d/SENSEXBETA-EQ.svg,,EQ
NIFTY100EW,Nifty 100 Equal Weight Index,36.08,36.17,35.75,35.99,0.08,0.22,22447,808765.41,36.007,41.41,29.84,-,-,10.943279901356364,2.7111872146118805,35.91,0,10.7,2.48,05-Aug-2025,06-Jul-2026,-,2.7111872146118805,-,10.943279901356364,13.088625935764295,-20.609919571045584,https://nsearchives.nseindia.com/today/NIFTY100EWEQN.svg,https://nsearchives.nseindia.com/30d/NIFTY100EW-EQ.svg,https://nsearchives.nseindia.com/365d/NIFTY100EW-EQ.svg,EQ
SNXT30BEES,BSE Sensex Next 30 Index,44.14,44.14,43.79,43.8,0.19,0.44,17677,777611.23,43.7585,44.2,36.83,-,-,14.241001564945208,3.1316223216387997,43.61,0,13.75,2.68,05-Aug-2025,06-Jul-2026,-,3.1316223216387997,-,14.241001564945208,0.9049773755656236,-18.924789573717078,https://nsearchives.nseindia.com/today/SNXT30BEESEQN.svg,https://nsearchives.nseindia.com/30d/SNXT30BEES-EQ.svg,https://nsearchives.nseindia.com/365d/SNXT30BEES-EQ.svg,EQ
TECH,Nifty IT TRI Index,35,35,33.62,34.05,-0.05,-0.15,21964,751168.8,34.4128,49.41,28,-,-,-8.859743040685231,13.917698226831705,34.1,0,-8.73,14.08,05-Aug-2025,06-Jul-2026,-,13.917698226831705,-,-8.859743040685231,31.086824529447483,-21.60714285714285,https://nsearchives.nseindia.com/today/TECHEQN.svg,https://nsearchives.nseindia.com/30d/TECH-EQ.svg,https://nsearchives.nseindia.com/365d/TECH-EQ.svg,EQ
GROWWNXT50,Index,74.97,76,74.4,74.81,-0.16,-0.21,9859,740115.13,74.7987,76.79,60.01,-,-,Infinity,2.367268746579097,74.97,0,0,2.59,,06-Jul-2026,-,2.367268746579097,-,Infinity,2.578460737075145,-24.66255624062657,https://nsearchives.nseindia.com/today/GROWWNXT50EQN.svg,https://nsearchives.nseindia.com/30d/GROWWNXT50-EQ.svg,,EQ
FLEXIADD,Nifty500 Flexicap Quality 30 TRI,10.41,10.41,10.3,10.33,-0.03,-0.29,70548,729466.32,10.3449,11.9,8.73,-,-,Infinity,5.08646998982706,10.36,0,0,5.39,,06-Jul-2026,-,5.08646998982706,-,Infinity,13.193277310924373,-18.32760595647193,https://nsearchives.nseindia.com/today/FLEXIADDEQN.svg,https://nsearchives.nseindia.com/30d/FLEXIADD-EQ.svg,,EQ
MID150,Nifty Midcap 150 Index,23.87,23.87,23.7,23.76,0.03,0.13,30572,726696.44,,24.95,18.97,-,-,10.35764050162564,1.886792452830194,23.73,0,10.22,1.76,05-Aug-2025,06-Jul-2026,-,1.886792452830194,-,10.35764050162564,4.769539078156304,-25.250395361096484,https://nsearchives.nseindia.com/today/MID150EQN.svg,https://nsearchives.nseindia.com/30d/MID150-EQ.svg,https://nsearchives.nseindia.com/365d/MID150-EQ.svg,EQ
HDFCNIF100,HDFC NIFTY 100 ETF,26.58,26.66,26.3,26.31,-0.05,-0.19,27026,719432.12,26.637,29,22,20-OCT-23,FACE VALUE SPLIT (SUB-DIVISION) - FROM RS 177.27/- PER SHARE TO RS 17.727/- PER SHARE,1.465483995372152,0.19040365575017956,26.36,0,1.66,0.38,05-Aug-2025,06-Jul-2026,FACE VALUE SPLIT (SUB-DIVISION) - FROM RS 177.27/- PER SHARE TO RS 17.727/- PER SHARE,0.19040365575017956,20-OCT-23,1.465483995372152,9.275862068965521,-19.590909090909086,https://nsearchives.nseindia.com/today/HDFCNIF100EQN.svg,https://nsearchives.nseindia.com/30d/HDFCNIF100-EQ.svg,https://nsearchives.nseindia.com/365d/HDFCNIF100-EQ.svg,EQ
HEALTHCARE,Nifty 500 Healthcare Index,21.77,21.85,21.64,21.7,0.03,0.14,31934,694883.84,21.6745,22.27,17.18,-,-,Infinity,1.7346460384435116,21.67,0,0,1.59,,06-Jul-2026,-,1.7346460384435116,-,Infinity,2.5594970812752593,-26.309662398137366,https://nsearchives.nseindia.com/today/HEALTHCAREEQN.svg,https://nsearchives.nseindia.com/30d/HEALTHCARE-EQ.svg,,EQ
IDFNIFTYET,Nifty 50,272.26,278,271.61,275.25,2.99,1.10,2540,691667.4,272.2274,340.8,244.32,-,-,1.8765267599378166,2.300602096186723,272.26,0,0.77,1.19,05-Aug-2025,06-Jul-2026,-,2.300602096186723,-,1.8765267599378166,19.234154929577468,-12.659626719056979,https://nsearchives.nseindia.com/today/IDFNIFTYETEQN.svg,https://nsearchives.nseindia.com/30d/IDFNIFTYET-EQ.svg,https://nsearchives.nseindia.com/365d/IDFNIFTYET-EQ.svg,EQ
EMULTIMQ,Nifty500 Multicap Momentum Quality 50 Total Return Index,41.6,41.72,41.4,41.4,-0.19,-0.46,16202,674327.24,41.5426,43.54,36.25,-,-,-0.21691973969632058,-0.2649963864129112,41.59,0,0.24,0.19,05-Aug-2025,06-Jul-2026,-,-0.2649963864129112,-,-0.21691973969632058,4.9150206706476816,-14.206896551724135,https://nsearchives.nseindia.com/today/EMULTIMQEQN.svg,https://nsearchives.nseindia.com/30d/EMULTIMQ-EQ.svg,https://nsearchives.nseindia.com/365d/EMULTIMQ-EQ.svg,EQ
MOOILGAS,Nifty Oil & Gas ETF Total Return Index,11.24,11.35,11.23,11.28,-0.02,-0.18,57530,649513.7,,0,0,-,-,Infinity,Infinity,11.3,0,0,0,,,-,Infinity,-,Infinity,,,https://nsearchives.nseindia.com/today/MOOILGASEQN.svg,,,EQ
TOP15IETF,Nifty Top 15 Equal Weight Index,10.14,10.17,10.11,10.11,0,0.00,58552,593717.28,10.1723,11.36,9.15,-,-,-0.29585798816569164,1.812688821752263,10.11,0,-0.3,1.81,05-Aug-2025,06-Jul-2026,-,1.812688821752263,-,-0.29585798816569164,11.003521126760564,-10.491803278688515,https://nsearchives.nseindia.com/today/TOP15IETFEQN.svg,https://nsearchives.nseindia.com/30d/TOP15IETF-EQ.svg,https://nsearchives.nseindia.com/365d/TOP15IETF-EQ.svg,EQ
MOM50,Nifty 50,258.8,258.8,257.48,258.5,1.27,0.49,2271,586417.62,257.9642,279.33,231.11,16-OCT-14,FACE VALUE SPLIT FROM RS.10/- TO RS.7/-,0.9883970777825531,1.5318146111547548,257.23,0,0.49,1.03,05-Aug-2025,06-Jul-2026,FACE VALUE SPLIT FROM RS.10/- TO RS.7/-,1.5318146111547548,16-OCT-14,0.9883970777825531,7.45712956001861,-11.851499286054253,https://nsearchives.nseindia.com/today/MOM50EQN.svg,https://nsearchives.nseindia.com/30d/MOM50-EQ.svg,https://nsearchives.nseindia.com/365d/MOM50-EQ.svg,EQ
TOP20,Nifty Top 20 Equal Weight,9.16,9.16,9.13,9.14,0.02,0.22,60675,554569.5,9.1369,9.99,8,-,-,Infinity,3.9817974971558754,9.12,0,0,3.75,,06-Jul-2026,-,3.9817974971558754,-,Infinity,8.508508508508505,-14.250000000000007,https://nsearchives.nseindia.com/today/TOP20EQN.svg,https://nsearchives.nseindia.com/30d/TOP20-EQ.svg,,EQ
INFRA,Nifty India Infrastructure & Logistics,12.22,12.28,12.2,12.22,-0.01,-0.08,45211,552930.53,12.2707,13.27,10.14,-,-,Infinity,-1.6103059581320394,12.23,0,0,-1.53,,06-Jul-2026,-,-1.6103059581320394,-,Infinity,7.912584777694039,-20.51282051282051,https://nsearchives.nseindia.com/today/INFRAEQN.svg,https://nsearchives.nseindia.com/30d/INFRA-EQ.svg,,EQ
NIFTYBETF,Bajaj Finserv Nifty 50 ETF,253.87,254.16,251.53,251.53,-0.69,-0.27,2076,526473.6,253.5321,279.99,227.01,-,-,0.21115537848605623,0.39113949311514257,252.22,0,0.49,0.67,05-Aug-2025,06-Jul-2026,-,0.39113949311514257,-,0.21115537848605623,10.164648737454913,-10.801286286947716,https://nsearchives.nseindia.com/today/NIFTYBETFEQN.svg,https://nsearchives.nseindia.com/30d/NIFTYBETF-EQ.svg,https://nsearchives.nseindia.com/365d/NIFTYBETF-EQ.svg,EQ
QNIFTY,Nifty 50,271.6,272,271,271.6,1.1,0.41,1864,506020.08,271.1991,291.19,243.2,13-FEB-26,FACE VALUE SPLIT (SUB-DIVISION) - FROM RS 10/- PER UNIT TO RE 1/- PER UNIT,-89.89523185903923,1.0830324909747386,270.5,0,-89.94,0.67,05-Aug-2025,06-Jul-2026,FACE VALUE SPLIT (SUB-DIVISION) - FROM RS 10/- PER UNIT TO RE 1/- PER UNIT,1.0830324909747386,13-FEB-26,-89.89523185903923,6.727566193894012,-11.677631578947384,https://nsearchives.nseindia.com/today/QNIFTYEQN.svg,https://nsearchives.nseindia.com/30d/QNIFTY-EQ.svg,https://nsearchives.nseindia.com/365d/QNIFTY-EQ.svg,EQ
CHOICEGOLD,Gold,140,149.64,140,146.4,3.29,2.30,3285,480267,143.0427,175.49,115.79,-,-,Infinity,2.1561649570860397,143.11,0,0,-0.14,,06-Jul-2026,-,2.1561649570860397,-,Infinity,16.576443102171066,-26.435788928232142,https://nsearchives.nseindia.com/today/CHOICEGOLDEQN.svg,https://nsearchives.nseindia.com/30d/CHOICEGOLD-EQ.svg,,EQ
MONEXT50,Nifty Next 50 Total Return Index,74.98,74.98,73.6,73.96,-0.41,-0.55,6220,462768,74.3757,74.98,59.43,-,-,11.251504211793005,2.168807846387613,74.37,0,11.87,2.74,05-Aug-2025,06-Jul-2026,-,2.168807846387613,-,11.251504211793005,1.360362763403588,-24.448931516069315,https://nsearchives.nseindia.com/today/MONEXT50EQN.svg,https://nsearchives.nseindia.com/30d/MONEXT50-EQ.svg,https://nsearchives.nseindia.com/365d/MONEXT50-EQ.svg,EQ
BANKBETF,Bajaj Finserv Nifty Bank ETF,59.41,59.41,58.41,58.97,0.56,0.96,7334,431752.58,58.7609,63.9,50.71,-,-,5.284770576682737,-0.23684655726611498,58.41,0,4.28,-1.18,05-Aug-2025,06-Jul-2026,-,-0.23684655726611498,-,5.284770576682737,7.715179968701095,-16.28870045355945,https://nsearchives.nseindia.com/today/BANKBETFEQN.svg,https://nsearchives.nseindia.com/30d/BANKBETF-EQ.svg,https://nsearchives.nseindia.com/365d/BANKBETF-EQ.svg,EQ
ESG,NIFTY100 ESG SECTOR LEADERS,42.45,42.58,42.4,42.47,0.08,0.19,10112,429861.12,42.4969,45.06,37.52,-,-,0.830959164292501,1.0228353948620355,42.39,0,0.64,0.83,05-Aug-2025,06-Jul-2026,-,1.0228353948620355,-,0.830959164292501,5.747891699955622,-13.192963752665232,https://nsearchives.nseindia.com/today/ESGEQN.svg,https://nsearchives.nseindia.com/30d/ESG-EQ.svg,https://nsearchives.nseindia.com/365d/ESG-EQ.svg,EQ
GROWWPSE,Nifty PSE Index - TRI,99.82,101.48,99.13,100.14,0.23,0.23,3993,399100.35,99.907,109.85,93.2,-,-,Infinity,-0.7138607971445556,99.91,0,0,-0.94,,06-Jul-2026,-,-0.7138607971445556,-,Infinity,8.839326354119247,-7.44635193133047,https://nsearchives.nseindia.com/today/GROWWPSEEQN.svg,https://nsearchives.nseindia.com/30d/GROWWPSE-EQ.svg,,EQ
DIVIDEND,BSE 500 Dividend Leaders,36.67,36.7,36.4,36.44,-0.23,-0.63,10715,390776.05,36.5862,38.03,33.15,-,-,Infinity,3.9954337899543337,36.67,0,0,4.65,,06-Jul-2026,-,3.9954337899543337,-,Infinity,4.180909808046288,-9.924585218702862,https://nsearchives.nseindia.com/today/DIVIDENDEQN.svg,https://nsearchives.nseindia.com/30d/DIVIDEND-EQ.svg,,EQ
SENSEXADD,DSP S&P BSE Sensex ETF,81.05,81.45,80.97,81.16,0.01,0.01,4713,382648.47,81.0882,88.2,73.27,-,-,-1.6838279830405822,0.8324015405640474,81.15,0,-1.7,0.82,05-Aug-2025,06-Jul-2026,-,0.8324015405640474,-,-1.6838279830405822,7.981859410430847,-10.76839088303535,https://nsearchives.nseindia.com/today/SENSEXADDEQN.svg,https://nsearchives.nseindia.com/30d/SENSEXADD-EQ.svg,https://nsearchives.nseindia.com/365d/SENSEXADD-EQ.svg,EQ
PVTBKGROWW,Nifty Private Bank Index - TRI,27.76,27.98,27.7,27.82,0.06,0.22,13222,368893.8,27.864,29.57,25.45,-,-,Infinity,-2.21441124780316,27.76,0,0,-2.43,,06-Jul-2026,-,-2.21441124780316,-,Infinity,5.918160297598917,-9.312377210216114,https://nsearchives.nseindia.com/today/PVTBKGROWWEQN.svg,https://nsearchives.nseindia.com/30d/PVTBKGROWW-EQ.svg,,EQ
SBINMID150,Nifty Midcap 150 Index,23.44,23.57,23.04,23.2,-0.24,-1.02,15333,360172.17,23.4548,23.97,19.81,-,-,Infinity,1.1333914559720923,23.44,0,0,2.18,,06-Jul-2026,-,1.1333914559720923,-,Infinity,3.2123487692949504,-17.112569409389202,https://nsearchives.nseindia.com/today/SBINMID150EQN.svg,https://nsearchives.nseindia.com/30d/SBINMID150-EQ.svg,,EQ
HDFCVALUE,HDFC NIFTY50 Value 20 ETF,126.92,128.71,126.92,128.71,1.16,0.91,2755,353218.55,128.172,147.05,120,-,-,-0.9923076923076862,0.3195635229929825,127.55,0,-1.88,-0.58,05-Aug-2025,06-Jul-2026,-,0.3195635229929825,-,-0.9923076923076862,12.471948316899017,-7.25833333333334,https://nsearchives.nseindia.com/today/HDFCVALUEEQN.svg,https://nsearchives.nseindia.com/30d/HDFCVALUE-EQ.svg,https://nsearchives.nseindia.com/365d/HDFCVALUE-EQ.svg,EQ
PVTBANK,Index,27.95,28.1,27.7,27.7,-0.05,-0.18,12197,340540.24,27.822,28.31,27.01,-,-,Infinity,Infinity,27.75,0,0,0,,,-,Infinity,-,Infinity,2.154715648180853,-2.554609403924464,https://nsearchives.nseindia.com/today/PVTBANKEQN.svg,,,EQ
HSBCGOLD,Commodity,126.4,129,126.4,128.6,2.63,2.09,2609,334943.42,125.4051,146.4,119.1,-,-,Infinity,1.9906416052026257,125.97,0,0,-0.1,,06-Jul-2026,-,1.9906416052026257,-,Infinity,12.158469945355199,-7.976490344248531,https://nsearchives.nseindia.com/today/HSBCGOLDEQN.svg,https://nsearchives.nseindia.com/30d/HSBCGOLD-EQ.svg,,EQ
CONS,Kotak Nifty India Consumption ETF,12.57,12.59,12.4,12.59,0.08,0.64,24961,312761.33,12.5928,13.2,10.2,27-FEB-26,FACE VALUE SPLIT (SUB-DIVISION) - FROM RS 10/- PER SHARE TO RE 1/- PER SHARE,-89.55533432885349,3.281378178835114,12.51,0,-89.62,2.63,05-Aug-2025,06-Jul-2026,FACE VALUE SPLIT (SUB-DIVISION) - FROM RS 10/- PER SHARE TO RE 1/- PER SHARE,3.281378178835114,27-FEB-26,-89.55533432885349,4.6212121212121176,-23.431372549019613,https://nsearchives.nseindia.com/today/CONSEQN.svg,https://nsearchives.nseindia.com/30d/CONS-EQ.svg,https://nsearchives.nseindia.com/365d/CONS-EQ.svg,EQ
SMALLIETF,Nifty Smallcap 250 Index,18.54,18.54,18.32,18.45,0.13,0.71,16365,300952.35,18.3452,18.68,17.43,-,-,Infinity,2.046460176991156,18.32,0,0,1.33,,06-Jul-2026,-,2.046460176991156,-,Infinity,1.2312633832976467,-5.851979345955248,https://nsearchives.nseindia.com/today/SMALLIETFEQN.svg,https://nsearchives.nseindia.com/30d/SMALLIETF-EQ.svg,,EQ
BSLSENETFG,BSE SENSEX Index,80.45,80.7,78,79.88,0.62,0.78,3668,291459.28,79.2801,87.82,70.32,25-NOV-21, FACE VALUE SPLIT (SUB-DIVISION) - FROM RS 10/- PER SHARE TO RE 1- PER SHARE,-0.8440913604766718,1.5509788965166527,79.26,0,-1.61,0.76,05-Aug-2025,06-Jul-2026, FACE VALUE SPLIT (SUB-DIVISION) - FROM RS 10/- PER SHARE TO RE 1- PER SHARE,1.5509788965166527,25-NOV-21,-0.8440913604766718,9.041220678660896,-13.594994311717866,https://nsearchives.nseindia.com/today/BSLSENETFGEQN.svg,https://nsearchives.nseindia.com/30d/BSLSENETFG-EQ.svg,https://nsearchives.nseindia.com/365d/BSLSENETFG-EQ.svg,EQ
BANKADD,DSP Nifty Bank ETF,59.02,59.45,58.8,58.8,-0.13,-0.22,4746,281580.18,59.18,62.9,51.01,-,-,Infinity,-1.4745308310992,58.93,0,0,-1.26,,06-Jul-2026,-,-1.4745308310992,-,Infinity,6.518282988871226,-15.271515389139383,https://nsearchives.nseindia.com/today/BANKADDEQN.svg,https://nsearchives.nseindia.com/30d/BANKADD-EQ.svg,,EQ
FMCGADD,Nifty FMCG Index (TRI),49.53,49.67,49.45,49.6,0.47,0.96,5651,280007.05,49.5882,51.09,47.87,-,-,Infinity,-1.5482334259626858,49.13,0,0,-2.48,,06-Jul-2026,-,-1.5482334259626858,-,Infinity,2.91642200039147,-3.6139544599958304,https://nsearchives.nseindia.com/today/FMCGADDEQN.svg,https://nsearchives.nseindia.com/30d/FMCGADD-EQ.svg,,EQ
MOMETAL,Nifty Metal Index,13.29,13.29,13.15,13.17,0.29,2.25,20965,277366.95,,0,0,-,-,Infinity,Infinity,12.88,0,0,0,,,-,Infinity,-,Infinity,,,https://nsearchives.nseindia.com/today/MOMETALEQN.svg,,,EQ
SBIETFPB,Nifty Private Bank Index,283.62,285.69,282.83,284,0.38,0.13,971,275404.73,283.759,304.58,244.18,-,-,4.029304029304029,-1.5632040483865346,283.62,0,3.89,-1.69,05-Aug-2025,06-Jul-2026,-,-1.5632040483865346,-,4.029304029304029,6.756845492153123,-16.307641903513797,https://nsearchives.nseindia.com/today/SBIETFPBEQN.svg,https://nsearchives.nseindia.com/30d/SBIETFPB-EQ.svg,https://nsearchives.nseindia.com/365d/SBIETFPB-EQ.svg,EQ
MOBANK10,BSE Top 10 Banks Total Return Index,17.57,17.57,17.08,17.18,-0.06,-0.35,14342,246252.14,17.0752,20,15.75,-,-,Infinity,-1.9965772960638986,17.24,0,0,-1.65,,06-Jul-2026,-,-1.9965772960638986,-,Infinity,14.1,-9.079365079365077,https://nsearchives.nseindia.com/today/MOBANK10EQN.svg,https://nsearchives.nseindia.com/30d/MOBANK10-EQ.svg,,EQ
LICNFNHGP,Nifty 100,282.34,282.34,275.16,282,-0.13,-0.05,871,244420.02,282.3451,296.41,248.02,-,-,3.436892491655359,0.9125067096081629,282.13,0,3.48,0.96,05-Aug-2025,06-Jul-2026,-,0.9125067096081629,-,3.436892491655359,4.861509395769382,-13.700508023546483,https://nsearchives.nseindia.com/today/LICNFNHGPEQN.svg,https://nsearchives.nseindia.com/30d/LICNFNHGP-EQ.svg,https://nsearchives.nseindia.com/365d/LICNFNHGP-EQ.svg,EQ
AONETMMQ50,Nifty Total Market Momentum Quality 50 TRI,10.26,10.26,10.15,10.21,0,0.00,23891,243688.2,10.2174,10.87,8,-,-,Infinity,0.6903353057199239,10.21,0,0,0.69,,06-Jul-2026,-,0.6903353057199239,-,Infinity,6.071757129714796,-27.62500000000001,https://nsearchives.nseindia.com/today/AONETMMQ50EQN.svg,https://nsearchives.nseindia.com/30d/AONETMMQ50-EQ.svg,,EQ
MIDCAPBETA,UTI Nifty Midcap 150 Exchange Traded Fund (ETF),236.73,237.28,233.55,233.55,-3.22,-1.36,979,231670.56,236.5166,237.28,192.5,-,-,Infinity,0.6898038370338533,236.77,0,0,2.08,,06-Jul-2026,-,0.6898038370338533,-,Infinity,1.571982467970326,-21.32467532467533,https://nsearchives.nseindia.com/today/MIDCAPBETAEQN.svg,https://nsearchives.nseindia.com/30d/MIDCAPBETA-EQ.svg,,EQ
SBIETFCON,Nifty India Consumption Index,126.16,127.78,124.4,125,-1.16,-0.92,1826,229875.14,126.3109,133.97,100,-,-,3.1693628260151896,2.7875997039717135,126.16,0,4.13,3.74,05-Aug-2025,06-Jul-2026,-,2.7875997039717135,-,3.1693628260151896,6.6955288497424785,-25,https://nsearchives.nseindia.com/today/SBIETFCONEQN.svg,https://nsearchives.nseindia.com/30d/SBIETFCON-EQ.svg,https://nsearchives.nseindia.com/365d/SBIETFCON-EQ.svg,EQ
ENIFTY,Nifty 50 TRI,25.4,25.41,24.23,25.41,0.62,2.50,9210,229144.8,24.8215,27.99,22.28,-,-,Infinity,3.671970624235,24.79,0,0,1.14,,06-Jul-2026,-,3.671970624235,-,Infinity,9.21757770632368,-14.048473967684016,https://nsearchives.nseindia.com/today/ENIFTYEQN.svg,https://nsearchives.nseindia.com/30d/ENIFTY-EQ.svg,,EQ
HDFCLOWVOL,HDFC NIFTY100 Low Volatility 30 ETF,21.75,21.75,21.17,21.17,-0.05,-0.24,10009,212891.43,21.3208,22.28,18.35,20-OCT-23,FACE VALUE SPLIT (SUB-DIVISION) - FROM RS 126.18/- PER SHARE TO RS 12.618/- PER SHARE,4.3371118777723145,2.5181598062954147,21.22,0,4.58,2.76,05-Aug-2025,06-Jul-2026,FACE VALUE SPLIT (SUB-DIVISION) - FROM RS 126.18/- PER SHARE TO RS 12.618/- PER SHARE,2.5181598062954147,20-OCT-23,4.3371118777723145,4.982046678635545,-15.36784741144414,https://nsearchives.nseindia.com/today/HDFCLOWVOLEQN.svg,https://nsearchives.nseindia.com/30d/HDFCLOWVOL-EQ.svg,https://nsearchives.nseindia.com/365d/HDFCLOWVOL-EQ.svg,EQ
EMETAL,Nifty Metal Total Return Index,13.27,13.28,13.17,13.17,0.01,0.08,15277,201656.4,13.2448,15.21,12.41,-,-,Infinity,Infinity,13.16,0,0,0,,,-,Infinity,-,Infinity,13.412228796844186,-6.124093473005638,https://nsearchives.nseindia.com/today/EMETALEQN.svg,,,EQ
NEXT30ADD,BSE SENSEX Next 30 Index,43.87,44.21,43.87,44.05,0.1,0.23,4245,187119.6,43.8832,45.9,36.98,-,-,14.475051975051976,3.2341223341926306,43.95,0,14.22,3,05-Aug-2025,06-Jul-2026,-,3.2341223341926306,-,14.475051975051976,4.030501089324622,-19.118442401298,https://nsearchives.nseindia.com/today/NEXT30ADDEQN.svg,https://nsearchives.nseindia.com/30d/NEXT30ADD-EQ.svg,https://nsearchives.nseindia.com/365d/NEXT30ADD-EQ.svg,EQ
MOMGF,Nifty India Manufacturing Total Return Index,165.49,167,165.21,166.5,1.01,0.61,1125,186817.5,165.5687,182.16,137.9,-,-,17.72608357491338,3.8159371492704857,165.49,0,17.01,3.19,05-Aug-2025,06-Jul-2026,-,3.8159371492704857,-,17.72608357491338,8.59683794466403,-20.739666424945607,https://nsearchives.nseindia.com/today/MOMGFEQN.svg,https://nsearchives.nseindia.com/30d/MOMGF-EQ.svg,https://nsearchives.nseindia.com/365d/MOMGF-EQ.svg,EQ
MOPSE,Nifty PSE Total Return Index,101.34,103.05,100.79,101.24,0.26,0.26,1768,179540.4,101.1237,114.7,92.55,-,-,5.2828618968386,-0.7061592781482924,100.98,0,5.01,-0.96,05-Aug-2025,06-Jul-2026,-,-0.7061592781482924,-,5.2828618968386,11.734960767218839,-9.389519178822257,https://nsearchives.nseindia.com/today/MOPSEEQN.svg,https://nsearchives.nseindia.com/30d/MOPSE-EQ.svg,https://nsearchives.nseindia.com/365d/MOPSE-EQ.svg,EQ
LICNETFN50,Nifty 50,269.04,278.7,269.04,275.58,-0.36,-0.13,648,179340.48,276.3694,295,248.17,-,-,0.8822345059852722,0.8268696033952843,275.94,0,1.01,0.96,05-Aug-2025,06-Jul-2026,-,0.8268696033952843,-,0.8822345059852722,6.583050847457632,-11.044848289478985,https://nsearchives.nseindia.com/today/LICNETFN50EQN.svg,https://nsearchives.nseindia.com/30d/LICNETFN50-EQ.svg,https://nsearchives.nseindia.com/365d/LICNETFN50-EQ.svg,EQ
GROWWMC150,Nifty Midcap 150 Index - TRI,231.58,236.15,231.54,232.29,-3.23,-1.37,747,175231.26,234.6379,245,193.6,-,-,Infinity,0.6935714595344377,235.52,0,0,2.09,,06-Jul-2026,-,0.6935714595344377,-,Infinity,5.18775510204082,-19.984504132231404,https://nsearchives.nseindia.com/today/GROWWMC150EQN.svg,https://nsearchives.nseindia.com/30d/GROWWMC150-EQ.svg,,EQ
MOSERVICE,Nifty Services Sector Total Return Index,31.68,31.83,31.65,31.77,0.1,0.32,5399,171472.24,31.7535,35.37,28.3,-,-,Infinity,1.3397129186602812,31.67,0,0,1.02,,06-Jul-2026,-,1.3397129186602812,-,Infinity,10.178117048346051,-12.261484098939926,https://nsearchives.nseindia.com/today/MOSERVICEEQN.svg,https://nsearchives.nseindia.com/30d/MOSERVICE-EQ.svg,,EQ
BBNPNBETF,Baroda BNP Paribas NIFTY Bank ETF,57.44,58.59,57.44,58.58,-0.03,-0.05,2614,152814.44,58.2569,62.77,50.03,-,-,5.606634216693707,-0.593924995757681,58.61,0,5.66,-0.54,05-Aug-2025,06-Jul-2026,-,-0.593924995757681,-,5.606634216693707,6.675163294567476,-17.08974615230861,https://nsearchives.nseindia.com/today/BBNPNBETFEQN.svg,https://nsearchives.nseindia.com/30d/BBNPNBETF-EQ.svg,https://nsearchives.nseindia.com/365d/BBNPNBETF-EQ.svg,EQ
SENSEXAXIS,AXIS S&P BSE SENSEX ETF,80.28,82.9,80.28,81.8,1.52,1.89,1813,148339.66,81.5922,91.35,73.52,-,-,Infinity,0.5655274157855836,80.28,0,0,-1.3,,06-Jul-2026,-,0.5655274157855836,-,Infinity,10.454296661193212,-11.262241566920569,https://nsearchives.nseindia.com/today/SENSEXAXISEQN.svg,https://nsearchives.nseindia.com/30d/SENSEXAXIS-EQ.svg,,EQ
MOINFRA,BSE India Infrastructure Total Return Index,60.56,60.86,60.43,60.7,-0.25,-0.41,2399,145403.39,60.8707,66,54.6,-,-,3.5836177474402753,-3.189792663476874,60.95,0,4.01,-2.79,05-Aug-2025,06-Jul-2026,-,-3.189792663476874,-,3.5836177474402753,8.030303030303028,-11.172161172161173,https://nsearchives.nseindia.com/today/MOINFRAEQN.svg,https://nsearchives.nseindia.com/30d/MOINFRA-EQ.svg,https://nsearchives.nseindia.com/365d/MOINFRA-EQ.svg,EQ
MSCI360,MSCI India Index,10.48,10.77,10.26,10.35,0.12,1.17,13879,143647.65,10.3152,11.6,9.6,-,-,Infinity,2.071005917159754,10.23,0,0,0.89,,06-Jul-2026,-,2.071005917159754,-,Infinity,10.775862068965518,-7.8125,https://nsearchives.nseindia.com/today/MSCI360EQN.svg,https://nsearchives.nseindia.com/30d/MSCI360-EQ.svg,,EQ
SMALLGROWW,Nifty Smallcap 250 Momentum Quality 100 Index TRI,48.69,48.69,48.3,48.31,-0.07,-0.14,2677,129673.88,48.082,49,45,-,-,Infinity,1.5342580916351491,48.38,0,0,1.68,,06-Jul-2026,-,1.5342580916351491,-,Infinity,1.4081632653061178,-7.3555555555555605,https://nsearchives.nseindia.com/today/SMALLGROWWEQN.svg,https://nsearchives.nseindia.com/30d/SMALLGROWW-EQ.svg,,EQ
MOIPO,BSE Select IPO Total Return Index,47.97,48.19,47.96,47.96,-0.1,-0.21,2683,129213.28,47.9685,53,36.5,-,-,Infinity,4.057279236276844,48.06,0,0,4.27,,06-Jul-2026,-,4.057279236276844,-,Infinity,9.509433962264149,-31.397260273972602,https://nsearchives.nseindia.com/today/MOIPOEQN.svg,https://nsearchives.nseindia.com/30d/MOIPO-EQ.svg,,EQ
EBANKNIFTY,Edelweiss Nifty Bank ETF,58.4,58.6,58.18,58.43,-0.17,-0.29,2096,122238.72,58.2903,69.39,50.05,-,-,4.957786958864735,-0.2901023890785012,58.6,0,5.26,0,05-Aug-2025,06-Jul-2026,-,-0.2901023890785012,-,4.957786958864735,15.794783109958207,-16.743256743256747,https://nsearchives.nseindia.com/today/EBANKNIFTYEQN.svg,https://nsearchives.nseindia.com/30d/EBANKNIFTY-EQ.svg,https://nsearchives.nseindia.com/365d/EBANKNIFTY-EQ.svg,EQ
MON50EQUAL,Nifty 50 Equal Weight Total Return Index,34.36,34.6,33.71,34.6,0.41,1.20,3343,114832.05,34.3077,34.88,29.43,-,-,10.790906179955174,3.1911720847002694,34.19,0,9.48,1.97,05-Aug-2025,06-Jul-2026,-,3.1911720847002694,-,10.790906179955174,0.8027522935779848,-17.567108392796474,https://nsearchives.nseindia.com/today/MON50EQUALEQN.svg,https://nsearchives.nseindia.com/30d/MON50EQUAL-EQ.svg,https://nsearchives.nseindia.com/365d/MON50EQUAL-EQ.svg,EQ
GSEC5IETF,Nifty 5 yr Benchmark G-Sec Index,66.35,67.06,66.22,66.51,0.37,0.56,1535,102169.6,66.5396,69.14,62,-,-,5.62172463077657,0.7574609907589759,66.14,0,5.03,0.2,05-Aug-2025,06-Jul-2026,-,0.7574609907589759,-,5.62172463077657,3.8038761932311185,-7.274193548387105,https://nsearchives.nseindia.com/today/GSEC5IETFEQN.svg,https://nsearchives.nseindia.com/30d/GSEC5IETF-EQ.svg,https://nsearchives.nseindia.com/365d/GSEC5IETF-EQ.svg,EQ
VALUE,Nifty 500 Value 50,16.45,16.47,16.39,16.44,0.01,0.06,5859,96263.37,16.4857,19.69,14.83,-,-,Infinity,1.1070110701106992,16.43,0,0,1.05,,06-Jul-2026,-,1.1070110701106992,-,Infinity,16.505840528186894,-10.85637221847607,https://nsearchives.nseindia.com/today/VALUEEQN.svg,https://nsearchives.nseindia.com/30d/VALUE-EQ.svg,,EQ
SNXT50BETA,BSE Sensex Next 50,97.2,97.2,96,96,-0.22,-0.23,995,95878.2,96.22,102.25,77.87,17-FEB-21, FACE VALUE SPLIT (SUB-DIVISION) - FROM RS 10/- PER UNIT TO RE 1/- PER UNIT,Infinity,2.105934907466501,96.22,0,0,2.34,,06-Jul-2026, FACE VALUE SPLIT (SUB-DIVISION) - FROM RS 10/- PER UNIT TO RE 1/- PER UNIT,2.105934907466501,17-FEB-21,Infinity,6.112469437652812,-23.28239373314498,https://nsearchives.nseindia.com/today/SNXT50BETAEQN.svg,https://nsearchives.nseindia.com/30d/SNXT50BETA-EQ.svg,,EQ
GROWWLOVOL,Nifty 500 Low Volatility 50 Index   TRI,10.55,10.88,10.55,10.64,-0.04,-0.37,8788,93680.08,10.7175,11.1,9.39,-,-,7.0422535211267725,2.9013539651837594,10.68,0,7.44,3.29,05-Aug-2025,06-Jul-2026,-,2.9013539651837594,-,7.0422535211267725,4.144144144144136,-13.31203407880724,https://nsearchives.nseindia.com/today/GROWWLOVOLEQN.svg,https://nsearchives.nseindia.com/30d/GROWWLOVOL-EQ.svg,https://nsearchives.nseindia.com/365d/GROWWLOVOL-EQ.svg,EQ
CONSUMAXIS,NIFTY India Consumption Index,125.51,126.11,125.04,125.2,-0.54,-0.43,729,91402.02,125.9596,131.85,105.63,-,-,Infinity,2.6229508196721336,125.74,0,0,3.07,,06-Jul-2026,-,2.6229508196721336,-,Infinity,5.0436101630640815,-18.52693363627758,https://nsearchives.nseindia.com/today/CONSUMAXISEQN.svg,https://nsearchives.nseindia.com/30d/CONSUMAXIS-EQ.svg,,EQ
HYBRIDETF,Nifty200 Momentum 30 Plus 8-13 yr G-Sec 50:50 Total Return Index,10.12,10.14,10.1,10.14,0.02,0.20,9013,91211.56,10.1196,10.29,10.02,-,-,Infinity,Infinity,10.12,0,0,0,,,-,Infinity,-,Infinity,1.4577259475218522,-1.1976047904191716,https://nsearchives.nseindia.com/today/HYBRIDETFEQN.svg,,,EQ
QUALITY30,Nifty200 Quality 30 Index,21.62,21.62,20.84,21.22,0.02,0.09,4165,88547.9,21.262,23.18,18.09,-,-,4.790123456790118,4.4291338582677096,21.2,0,4.69,4.33,05-Aug-2025,06-Jul-2026,-,4.4291338582677096,-,4.790123456790118,8.455565142364112,-17.302377003869534,https://nsearchives.nseindia.com/today/QUALITY30EQN.svg,https://nsearchives.nseindia.com/30d/QUALITY30-EQ.svg,https://nsearchives.nseindia.com/365d/QUALITY30-EQ.svg,EQ
NEXT50ADD,Nifty Next 50 TRI,74.34,75.16,74.34,75.11,0.27,0.36,1160,87069.6,74.8418,81,56.25,-,-,Infinity,2.9468201754386047,74.84,0,0,2.58,,06-Jul-2026,-,2.9468201754386047,-,Infinity,7.271604938271605,-33.528888888888886,https://nsearchives.nseindia.com/today/NEXT50ADDEQN.svg,https://nsearchives.nseindia.com/30d/NEXT50ADD-EQ.svg,,EQ
ENEXT50,Nifty Next 50 Total Return Index,74.4,74.5,74.4,74.4,0,0.00,925,68847.75,74.191,74.8,68.59,-,-,Infinity,3.419516263552972,74.4,0,0,3.42,,06-Jul-2026,-,3.419516263552972,-,Infinity,0.5347593582887586,-8.470622539728826,https://nsearchives.nseindia.com/today/ENEXT50EQN.svg,https://nsearchives.nseindia.com/30d/ENEXT50-EQ.svg,,EQ
MSCIADD,MSCI India Index,30.08,30.27,30.08,30.23,0.05,0.17,1964,59352.08,30.1858,33.82,26.4,-,-,Infinity,3.2092864458859722,30.18,0,0,3.04,,06-Jul-2026,-,3.2092864458859722,-,Infinity,10.615020697811946,-14.507575757575765,https://nsearchives.nseindia.com/today/MSCIADDEQN.svg,https://nsearchives.nseindia.com/30d/MSCIADD-EQ.svg,,EQ
MIDCAPADD,Nifty Midcap 150 Index,23.52,23.52,23.42,23.43,0.17,0.73,2453,57596.44,23.4551,25.5,19.27,-,-,Infinity,1.9138755980861302,23.26,0,0,1.17,,06-Jul-2026,-,1.9138755980861302,-,Infinity,8.11764705882353,-21.58796056045667,https://nsearchives.nseindia.com/today/MIDCAPADDEQN.svg,https://nsearchives.nseindia.com/30d/MIDCAPADD-EQ.svg,,EQ
SBIVALETF,Nifty200 Value 30 Index,15.16,15.16,15.1,15.15,0.05,0.33,3671,55615.65,15.1866,17.7,14.43,-,-,Infinity,0.7313829787234123,15.1,0,0,0.4,,06-Jul-2026,-,0.7313829787234123,-,Infinity,14.406779661016943,-4.989604989604993,https://nsearchives.nseindia.com/today/SBIVALETFEQN.svg,https://nsearchives.nseindia.com/30d/SBIVALETF-EQ.svg,,EQ
BANK10BETF,Index,20.94,21.29,20.94,21.29,0.41,1.96,2305,48451.1,21.0085,24.9,20.17,-,-,Infinity,Infinity,20.88,0,0,0,,,-,Infinity,-,Infinity,14.497991967871485,-5.552801189885956,https://nsearchives.nseindia.com/today/BANK10BETFEQN.svg,,,EQ
EBANK10,Index (BSE Top 10 Bank),16.95,17.06,16.88,17.05,0.1,0.59,1801,30598.99,16.9438,17.1,16.88,-,-,Infinity,Infinity,16.95,0,0,0,,,-,Infinity,-,Infinity,0.2923976608187176,-1.0071090047393467,https://nsearchives.nseindia.com/today/EBANK10EQN.svg,,,EQ
MOMNC,Nifty MNC ETF Total Return Index,33.4,33.54,33.4,33.49,0.09,0.27,887,29670.15,33.5111,35.8,27.03,-,-,Infinity,1.6697024893746335,33.4,0,0,1.4,,06-Jul-2026,-,1.6697024893746335,-,Infinity,6.452513966480434,-23.899371069182394,https://nsearchives.nseindia.com/today/MOMNCEQN.svg,https://nsearchives.nseindia.com/30d/MOMNC-EQ.svg,,EQ
ESENSEX,BSE Sensex TRI,79.19,79.57,79.19,79.57,0.74,0.94,342,27147.96,79.1464,88.05,71.87,-,-,Infinity,1.2727504136438845,78.83,0,0,0.33,,06-Jul-2026,-,1.2727504136438845,-,Infinity,9.630891538898359,-10.713788785306788,https://nsearchives.nseindia.com/today/ESENSEXEQN.svg,https://nsearchives.nseindia.com/30d/ESENSEX-EQ.svg,,EQ
ABGSEC,Aditya Birla Sun Life CRISIL Broad Based Gilt ETF,114.01,114.89,114.01,114.89,0.88,0.77,232,26457.28,114.5075,116.23,108,-,-,3.710055966781007,0.07839721254355698,114.01,0,2.92,-0.69,05-Aug-2025,06-Jul-2026,-,0.07839721254355698,-,3.710055966781007,1.1528865181106456,-6.37962962962963,https://nsearchives.nseindia.com/today/ABGSECEQN.svg,https://nsearchives.nseindia.com/30d/ABGSEC-EQ.svg,https://nsearchives.nseindia.com/365d/ABGSEC-EQ.svg,EQ
ABSLMSCIN,MSCI India Index,30.23,30.25,30.07,30.22,0.17,0.57,839,25295.85,30.1624,35.34,26.34,-,-,Infinity,1.6481668348469507,30.05,0,0,1.08,,06-Jul-2026,-,1.6481668348469507,-,Infinity,14.48783248443691,-14.730447987851173,https://nsearchives.nseindia.com/today/ABSLMSCINEQN.svg,https://nsearchives.nseindia.com/30d/ABSLMSCIN-EQ.svg,,EQ
LICNETFSEN,SENSEX,892.15,893.66,892,893,1.26,0.14,23,20530.72,888.0819,974.02,803,-,-,-0.6674082313681868,1.0581112431392545,891.74,0,-0.81,0.92,05-Aug-2025,06-Jul-2026,-,1.0581112431392545,-,-0.6674082313681868,8.318104351040018,-11.207970112079702,https://nsearchives.nseindia.com/today/LICNETFSENEQN.svg,https://nsearchives.nseindia.com/30d/LICNETFSEN-EQ.svg,https://nsearchives.nseindia.com/365d/LICNETFSEN-EQ.svg,EQ
GILT5BETA,UTI Nifty 5 yr Benchmark G-Sec ETF,65.47,67.27,65.47,67.26,1.55,2.36,258,17340.18,66.6035,67.27,61.51,-,-,Infinity,1.1732851985559583,65.71,0,0,-1.16,,06-Jul-2026,-,1.1732851985559583,-,Infinity,0.014865467518939952,-9.348073483986354,https://nsearchives.nseindia.com/today/GILT5BETAEQN.svg,https://nsearchives.nseindia.com/30d/GILT5BETA-EQ.svg,,EQ
GSEC10IETF,ICICI Prudential Nifty 10 yr Benchmark G-Sec ETF,263.68,265.45,263.68,265,1.97,0.75,62,16404.58,265.1895,266,252.23,-,-,2.510541178290979,0.649473964070029,263.03,0,1.75,-1.11,05-Aug-2025,03-Jul-2026,-,0.649473964070029,-,2.510541178290979,0.37593984962406013,-5.062839471910562,https://nsearchives.nseindia.com/today/GSEC10IETFEQN.svg,https://nsearchives.nseindia.com/30d/GSEC10IETF-EQ.svg,https://nsearchives.nseindia.com/365d/GSEC10IETF-EQ.svg,EQ
NPBET,Nifty Private Bank Index,288.38,288.65,287.35,287.35,0.88,0.31,45,12951.9,287.8061,307,246.26,-,-,3.8076659080235613,-1.9283276450511868,286.47,0,3.49,-2.23,05-Aug-2025,06-Jul-2026,-,-1.9283276450511868,-,3.8076659080235613,6.400651465798038,-16.68561682774305,https://nsearchives.nseindia.com/today/NPBETEQN.svg,https://nsearchives.nseindia.com/30d/NPBET-EQ.svg,https://nsearchives.nseindia.com/365d/NPBET-EQ.svg,EQ
GSEC10ABSL,CRISIL 10 Year Gilt ETF,113,113.27,113,113.27,0,0.00,46,5198,112.9809,115,107.65,-,-,3.414589610152465,0.6218353024784604,113.27,0,3.41,0.62,05-Aug-2025,06-Jul-2026,-,0.6218353024784604,-,3.414589610152465,1.50434782608696,-5.220622387366457,https://nsearchives.nseindia.com/today/GSEC10ABSLEQN.svg,https://nsearchives.nseindia.com/30d/GSEC10ABSL-EQ.svg,https://nsearchives.nseindia.com/365d/GSEC10ABSL-EQ.svg,EQ
GSEC10YEAR,Mirae Asset Nifty 8-13 yr G-Sec ETF,30.4,30.59,30.4,30.55,-0.04,-0.13,133,4067.14,30.5412,31.33,28.39,-,-,4.124062713019772,0.16393442622951052,30.59,0,4.26,0.3,05-Aug-2025,06-Jul-2026,-,0.16393442622951052,-,4.124062713019772,2.48962655601659,-7.608312786192321,https://nsearchives.nseindia.com/today/GSEC10YEAREQN.svg,https://nsearchives.nseindia.com/30d/GSEC10YEAR-EQ.svg,https://nsearchives.nseindia.com/365d/GSEC10YEAR-EQ.svg,EQ
GILT10BETA,UTI Nifty 10 yr Benchmark G-Sec ETF,26.43,26.96,26.43,26.83,0.16,0.60,125,3368.75,26.6949,27.14,25.1,-,-,Infinity,0.2241314904744069,26.67,0,0,-0.37,,06-Jul-2026,-,0.2241314904744069,-,Infinity,1.1422254974207895,-6.892430278884449,https://nsearchives.nseindia.com/today/GILT10BETAEQN.svg,https://nsearchives.nseindia.com/30d/GILT10BETA-EQ.svg,,EQ
LIQUIDBETA,Nifty 1D Rate Index,0,0,0,1002.91,0,0.00,0,0,1002.9178,1002.91,997.13,-,-,Infinity,Infinity,1002.91,0,0,0,,,-,Infinity,-,Infinity,0,-0.5796636346313894,https://nsearchives.nseindia.com/today/LIQUIDBETAEQN.svg,,,EQ
