symbol,assets,open,high,low,ltP,chn,per,qty,trdVal,nav,wkhi,wklo,xDt,cAct,yPC,mPC,prevClose,stockIndClosePrice,perChange365d,perChange30d,date365dAgo,date30dAgo,CAct,MPC,XDt,YPC,nearWKH,nearWKL,chartTodayPath,chart30dPath,chart365dPath,series
LIQUIDBEES,Government Securities,1000,1000.01,999.99,1000,0,0.00,3366250,3366216337.5,1000,1029.99,969.99,19-SEP-17, EXIT OPTION PURSUANT TO CHANGE IN FUNDAMENTAL ATTRIBUTES OF ETF  ,0,0,1000,0,0,0,08-Oct-2025,08-Sep-2026, EXIT OPTION PURSUANT TO CHANGE IN FUNDAMENTAL ATTRIBUTES OF ETF  ,0,19-SEP-17,0,2.9116787541626628,-3.093846328312662,https://nsearchives.nseindia.com/today/LIQUIDBEESEQN.svg,https://nsearchives.nseindia.com/30d/LIQUIDBEES-EQ.svg,https://nsearchives.nseindia.com/365d/LIQUIDBEES-EQ.svg,EQ
SILVERBEES,Domestic price of Silver- based on LBMA Silver daily spot fixing price,208.12,210.2,208.12,209.8,3.93,1.91,14496035,3035904610.05,206.2542,360,132.99,-,-,39.004836679255284,-5.140841886331771,205.87,0,36.4,-6.92,08-Oct-2025,08-Sep-2026,-,-5.140841886331771,-,39.004836679255284,41.722222222222214,-57.7562222723513,https://nsearchives.nseindia.com/today/SILVERBEESEQN.svg,https://nsearchives.nseindia.com/30d/SILVERBEES-EQ.svg,https://nsearchives.nseindia.com/365d/SILVERBEES-EQ.svg,EQ
LIQUIDCASE,Zerodha Nifty 1D Rate Liquid ETF,116.31,116.33,116.31,116.33,0.06,0.05,22449607,2611338286.24,116.2736,116.33,107.56,-,-,5.00992959017873,0.4403384562251814,116.27,0,4.96,0.39,08-Oct-2025,08-Sep-2026,-,0.4403384562251814,-,5.00992959017873,0,-8.153588694682034,https://nsearchives.nseindia.com/today/LIQUIDCASEEQN.svg,https://nsearchives.nseindia.com/30d/LIQUIDCASE-EQ.svg,https://nsearchives.nseindia.com/365d/LIQUIDCASE-EQ.svg,EQ
GOLDBEES,Gold,122.12,122.99,122.12,122.78,1.84,1.52,15608040,1913389623.6,120.8921,148.14,95.55,19-DEC-19, FACE VALUE SPLIT (SUB-DIVISION) - FROM RS 100/- TO RS 1/-,20.73950240928312,-2.43165924984107,120.94,0,18.93,-3.89,08-Oct-2025,08-Sep-2026, FACE VALUE SPLIT (SUB-DIVISION) - FROM RS 100/- TO RS 1/-,-2.43165924984107,19-DEC-19,20.73950240928312,17.11894154178479,-28.498168498168504,https://nsearchives.nseindia.com/today/GOLDBEESEQN.svg,https://nsearchives.nseindia.com/30d/GOLDBEES-EQ.svg,https://nsearchives.nseindia.com/365d/GOLDBEES-EQ.svg,EQ
NIFTYBEES,Nifty 50,256.29,257.7,253.93,257.2,3.44,1.36,5570363,1429076627.65,253.5687,302.25,251.7,19-DEC-19, FACE VALUE SPLIT (SUB-DIVISION) - FROM RS 10/- TO RS 1/-,-8.917062114880661,-4.7583780781336875,253.76,0,-10.14,-6.03,08-Oct-2025,08-Sep-2026, FACE VALUE SPLIT (SUB-DIVISION) - FROM RS 10/- TO RS 1/-,-4.7583780781336875,19-DEC-19,-8.917062114880661,14.904880066170392,-2.1851410409217324,https://nsearchives.nseindia.com/today/NIFTYBEESEQN.svg,https://nsearchives.nseindia.com/30d/NIFTYBEES-EQ.svg,https://nsearchives.nseindia.com/365d/NIFTYBEES-EQ.svg,EQ
LIQUID1,Kotak Nifty 1D Rate Liquid ETF,1125.97,1127.64,1124.27,1126.43,0.47,0.04,1077918,1214188393.56,1125.9525,1147.32,1067.98,-,-,5.065664291310691,0.42168137648212695,1125.96,0,5.02,0.38,08-Oct-2025,08-Sep-2026,-,0.42168137648212695,-,5.065664291310691,1.8207649130146666,-5.472948931627937,https://nsearchives.nseindia.com/today/LIQUID1EQN.svg,https://nsearchives.nseindia.com/30d/LIQUID1-EQ.svg,https://nsearchives.nseindia.com/365d/LIQUID1-EQ.svg,EQ
CASHIETF,BSE Liquid Rate Index,1083,1083.32,1083,1083.32,0.48,0.04,950683,1029874893.9,1082.8441,1099.28,1030.48,-,-,5.036989635145491,0.43667312559683635,1082.84,0,4.99,0.39,08-Oct-2025,08-Sep-2026,-,0.43667312559683635,-,5.036989635145491,1.4518593988792698,-5.127707476127622,https://nsearchives.nseindia.com/today/CASHIETFEQN.svg,https://nsearchives.nseindia.com/30d/CASHIETF-EQ.svg,https://nsearchives.nseindia.com/365d/CASHIETF-EQ.svg,EQ
GOLDIETF,Gold,126.67,127.68,126.51,127.25,1.93,1.54,7639588,972290364.76,125.2691,158,95.53,-,-,20.902612826603324,-2.4006749501457243,125.32,0,19.07,-3.88,08-Oct-2025,08-Sep-2026,-,-2.4006749501457243,-,20.902612826603324,19.462025316455698,-33.20422903799854,https://nsearchives.nseindia.com/today/GOLDIETFEQN.svg,https://nsearchives.nseindia.com/30d/GOLDIETF-EQ.svg,https://nsearchives.nseindia.com/365d/GOLDIETF-EQ.svg,EQ
SILVERIETF,Domestic Price of Silver,217.31,219.36,217.31,218.9,3.93,1.83,3099986,677687939.46,215.3163,373.5,138.51,-,-,42.29994149385684,-5.188842688842685,214.97,0,39.75,-6.89,08-Oct-2025,08-Sep-2026,-,-5.188842688842685,-,42.29994149385684,41.39223560910308,-58.039130748682425,https://nsearchives.nseindia.com/today/SILVERIETFEQN.svg,https://nsearchives.nseindia.com/30d/SILVERIETF-EQ.svg,https://nsearchives.nseindia.com/365d/SILVERIETF-EQ.svg,EQ
TATSILV,Tata Silver Exchange Traded Fund,21.15,21.36,21.15,21.33,0.43,2.06,26623905,566556698.4,20.9623,35.1,13.5,-,-,39.68565815324165,-4.946524064171136,20.9,0,36.87,-6.86,08-Oct-2025,08-Sep-2026,-,-4.946524064171136,-,39.68565815324165,39.23076923076923,-57.999999999999986,https://nsearchives.nseindia.com/today/TATSILVEQN.svg,https://nsearchives.nseindia.com/30d/TATSILV-EQ.svg,https://nsearchives.nseindia.com/365d/TATSILV-EQ.svg,EQ
ITBEES,Nifty IT TRI,31,31.94,30.75,31.86,1.06,3.44,17610279,558069741.51,30.829,44.27,28.55,-,-,-16.966379984362778,-4.238052299368811,30.8,0,-19.73,-7.42,08-Oct-2025,08-Sep-2026,-,-4.238052299368811,-,-16.966379984362778,28.03252767110911,-11.593695271453585,https://nsearchives.nseindia.com/today/ITBEESEQN.svg,https://nsearchives.nseindia.com/30d/ITBEES-EQ.svg,https://nsearchives.nseindia.com/365d/ITBEES-EQ.svg,EQ
BANKBEES,Nifty Bank,567.31,574.15,564.95,572.58,8.1,1.43,885539,506563729.56,565.1167,638.99,515.98,19-DEC-19, FACE VALUE SPLIT (SUB-DIVISION) - FROM RS 10/- TO RS 1/-,-0.8759781178588646,-2.802627781832995,564.48,0,-2.28,-4.18,08-Oct-2025,08-Sep-2026, FACE VALUE SPLIT (SUB-DIVISION) - FROM RS 10/- TO RS 1/-,-2.802627781832995,19-DEC-19,-0.8759781178588646,10.392963896148604,-10.96941741927982,https://nsearchives.nseindia.com/today/BANKBEESEQN.svg,https://nsearchives.nseindia.com/30d/BANKBEES-EQ.svg,https://nsearchives.nseindia.com/365d/BANKBEES-EQ.svg,EQ
LIQUIDADD,DSP S&P BSE Liquid Rate ETF,1148.65,1148.67,1148.64,1148.64,0.46,0.04,421555,484219150.75,1148.1875,1175.19,1094.11,-,-,4.96764996161861,0.42666293628034807,1148.18,0,4.93,0.39,08-Oct-2025,08-Sep-2026,-,0.42666293628034807,-,4.96764996161861,2.2592091491588553,-4.983959565308808,https://nsearchives.nseindia.com/today/LIQUIDADDEQN.svg,https://nsearchives.nseindia.com/30d/LIQUIDADD-EQ.svg,https://nsearchives.nseindia.com/365d/LIQUIDADD-EQ.svg,EQ
GOLDETF,Mirae Asset Gold ETF,143.39,144.57,143.39,144.22,1.98,1.39,3263688,470460625.2,142.245,173.5,111.4,-,-,21.1016877991435,-2.4749797132810363,142.24,0,19.44,-3.81,08-Oct-2025,08-Sep-2026,-,-2.4749797132810363,-,21.1016877991435,16.876080691642652,-29.461400359066417,https://nsearchives.nseindia.com/today/GOLDETFEQN.svg,https://nsearchives.nseindia.com/30d/GOLDETF-EQ.svg,https://nsearchives.nseindia.com/365d/GOLDETF-EQ.svg,EQ
TATAGOLD,Tata Gold Exchange Traded Fund,14.33,14.46,14.33,14.43,0.22,1.55,30995307,446332420.8,14.2196,17.7,10.33,-,-,20.955574182732608,-2.4340770791075013,14.21,0,19.11,-3.92,08-Oct-2025,08-Sep-2026,-,-2.4340770791075013,-,20.955574182732608,18.47457627118644,-39.690222652468535,https://nsearchives.nseindia.com/today/TATAGOLDEQN.svg,https://nsearchives.nseindia.com/30d/TATAGOLD-EQ.svg,https://nsearchives.nseindia.com/365d/TATAGOLD-EQ.svg,EQ
SETFGOLD,Gold,126.12,126.89,125.81,126.68,1.91,1.53,3098688,392107979.52,124.7022,153.95,98.5,06-JAN-22,FACE VALUE SPLIT (SUB-DIVISION) - FROM RS 100/- PER SHARE TO RS 1/- PER SHARE,20.947107122398332,-2.433764633394945,124.77,0,19.12,-3.9,08-Oct-2025,08-Sep-2026,FACE VALUE SPLIT (SUB-DIVISION) - FROM RS 100/- PER SHARE TO RS 1/- PER SHARE,-2.433764633394945,06-JAN-22,20.947107122398332,17.71354335823318,-28.60913705583757,https://nsearchives.nseindia.com/today/SETFGOLDEQN.svg,https://nsearchives.nseindia.com/30d/SETFGOLD-EQ.svg,https://nsearchives.nseindia.com/365d/SETFGOLD-EQ.svg,EQ
LIQUIDETF,Nifty1D rate index,999.99,1000.01,999.99,1000,0.01,0.00,385733,385733000,1000,1025,995,-,-,0.0010000100000990915,0.0010000100000990915,999.99,0,0,0,08-Oct-2025,08-Sep-2026,-,0.0010000100000990915,-,0.0010000100000990915,2.4390243902439024,-0.5025125628140703,https://nsearchives.nseindia.com/today/LIQUIDETFEQN.svg,https://nsearchives.nseindia.com/30d/LIQUIDETF-EQ.svg,https://nsearchives.nseindia.com/365d/LIQUIDETF-EQ.svg,EQ
HDFCGOLD,Gold,126.04,127.06,126.04,126.74,1.72,1.38,2951998,373959106.64,124.947,152.3,95.68,17-FEB-21, FACE VALUE SPLIT (SUB-DIVISION) - FROM RS 100/- PER UNIT TO RE 1/- PER UNIT,20.831347125560107,-2.6424950069135136,125.02,0,19.19,-3.96,08-Oct-2025,08-Sep-2026, FACE VALUE SPLIT (SUB-DIVISION) - FROM RS 100/- PER UNIT TO RE 1/- PER UNIT,-2.6424950069135136,17-FEB-21,20.831347125560107,16.782665791201588,-32.462374581939784,https://nsearchives.nseindia.com/today/HDFCGOLDEQN.svg,https://nsearchives.nseindia.com/30d/HDFCGOLD-EQ.svg,https://nsearchives.nseindia.com/365d/HDFCGOLD-EQ.svg,EQ
MONQ50,Nasdaq Q-50 Total Return Index,249.82,262.77,243.05,248,4.27,1.75,1467931,372883832.62,122.3834,471.99,92.01,-,-,143.0895902764164,26.679266486182758,243.73,0,138.9,24.5,08-Oct-2025,08-Sep-2026,-,26.679266486182758,-,143.0895902764164,47.45651390919299,-169.5359200086947,https://nsearchives.nseindia.com/today/MONQ50EQN.svg,https://nsearchives.nseindia.com/30d/MONQ50-EQ.svg,https://nsearchives.nseindia.com/365d/MONQ50-EQ.svg,EQ
MAFANG,NYSE FANG+ Total Return Index,285,292.37,269,284,3.63,1.29,1284131,362420292.13,184.1991,307.49,149.74,-,-,67.21620348563354,20.861349902119333,280.37,0,65.08,19.32,08-Oct-2025,08-Sep-2026,-,20.861349902119333,-,67.21620348563354,7.639272821880389,-89.6620809402965,https://nsearchives.nseindia.com/today/MAFANGEQN.svg,https://nsearchives.nseindia.com/30d/MAFANG-EQ.svg,https://nsearchives.nseindia.com/365d/MAFANG-EQ.svg,EQ
INSURADD,BSE Insurance Index,14.59,14.95,14.5,14.76,0.31,2.15,23542151,346305041.21,,16.07,14.45,-,-,Infinity,Infinity,14.45,0,0,0,,,-,Infinity,-,Infinity,8.151835718730558,-2.145328719723187,https://nsearchives.nseindia.com/today/INSURADDEQN.svg,,,EQ
GOLDAXIS,Gold,122.9,124.07,122.9,123.9,2.13,1.75,2679938,331454731.84,121.8296,150,96,23-JUL-20, FACE VALUE SPLIT (SUB-DIVISION) - FROM RS 100/- PER SHARE TO RE 1/- PER SHARE,Infinity,-2.333280781964365,121.77,0,0,-4.01,,08-Sep-2026, FACE VALUE SPLIT (SUB-DIVISION) - FROM RS 100/- PER SHARE TO RE 1/- PER SHARE,-2.333280781964365,23-JUL-20,Infinity,17.4,-29.062500000000004,https://nsearchives.nseindia.com/today/GOLDAXISEQN.svg,https://nsearchives.nseindia.com/30d/GOLDAXIS-EQ.svg,,EQ
JUNIORBEES,Nippon India ETF Nifty Next 50 Junior BeES,738.3,740.28,730.25,738.4,3.79,0.52,428420,315672708.6,731.6183,823.97,632.34,10-MAR-14,DIVIDEND-RS.1 PER UNIT,0.9971139773768604,-6.245635419444134,734.61,0,0.48,-6.73,08-Oct-2025,08-Sep-2026,DIVIDEND-RS.1 PER UNIT,-6.245635419444134,10-MAR-14,0.9971139773768604,10.385086835685772,-16.772622323433588,https://nsearchives.nseindia.com/today/JUNIORBEESEQN.svg,https://nsearchives.nseindia.com/30d/JUNIORBEES-EQ.svg,https://nsearchives.nseindia.com/365d/JUNIORBEES-EQ.svg,EQ
INSUREIETF,BSE Insurance Index,14.57,14.93,14.52,14.63,0.15,1.04,20866065,306522494.85,14.4841,16.46,14.36,-,-,Infinity,-2.3364485981308385,14.48,0,0,-3.34,,08-Sep-2026,-,-2.3364485981308385,-,Infinity,11.11786148238153,-1.8802228412256363,https://nsearchives.nseindia.com/today/INSUREIETFEQN.svg,https://nsearchives.nseindia.com/30d/INSUREIETF-EQ.svg,,EQ
LIQUIDIETF,S&P BSE Liquid Rate Index,1000,1000.01,999.92,1000,0.01,0.00,274027,274024259.73,1000,1041.19,955,-,-,0.0010000100000990915,0.0010000100000990915,999.99,0,0,0,08-Oct-2025,08-Sep-2026,-,0.0010000100000990915,-,0.0010000100000990915,3.956050288612074,-4.712041884816754,https://nsearchives.nseindia.com/today/LIQUIDIETFEQN.svg,https://nsearchives.nseindia.com/30d/LIQUIDIETF-EQ.svg,https://nsearchives.nseindia.com/365d/LIQUIDIETF-EQ.svg,EQ
LIQUIDBETF,Bajaj Finserv Nifty 1D Rate Liquid ETF - Growth,1100.5,1103.55,1100.44,1102.52,0.45,0.04,232821,256680496.08,1102.064,1116.24,1009.94,-,-,4.88004413919065,0.42171802275272396,1102.07,0,4.84,0.38,08-Oct-2025,08-Sep-2026,-,0.42171802275272396,-,4.88004413919065,1.2291263527556822,-9.16688120086341,https://nsearchives.nseindia.com/today/LIQUIDBETFEQN.svg,https://nsearchives.nseindia.com/30d/LIQUIDBETF-EQ.svg,https://nsearchives.nseindia.com/365d/LIQUIDBETF-EQ.svg,EQ
MON100,Nasdaq100,325.15,328.5,320.5,324.75,-0.4,-0.12,783564,253898242.92,290.6437,354.9,213.01,17-JUN-21, FACE VALUE SPLIT (SUB-DIVISION) - FROM RS 10/- PER SHARE TO RE 1/- PER SHARE,34.12770527011399,-5.787641427328109,325.15,0,34.29,-5.67,08-Oct-2025,08-Sep-2026, FACE VALUE SPLIT (SUB-DIVISION) - FROM RS 10/- PER SHARE TO RE 1/- PER SHARE,-5.787641427328109,17-JUN-21,34.12770527011399,8.495350803043104,-52.45763109713159,https://nsearchives.nseindia.com/today/MON100EQN.svg,https://nsearchives.nseindia.com/30d/MON100-EQ.svg,https://nsearchives.nseindia.com/365d/MON100-EQ.svg,EQ
HDFCSML250,HDFC NIFTY Smallcap 250 ETF,177.26,177.97,174.61,177.16,0.75,0.43,1366724,241527465.28,176.0536,189.83,142.7,-,-,4.009863206716364,-5.043683336013291,176.41,0,3.57,-5.45,08-Oct-2025,08-Sep-2026,-,-5.043683336013291,-,4.009863206716364,6.6743928778380734,-24.148563419761746,https://nsearchives.nseindia.com/today/HDFCSML250EQN.svg,https://nsearchives.nseindia.com/30d/HDFCSML250-EQ.svg,https://nsearchives.nseindia.com/365d/HDFCSML250-EQ.svg,EQ
GOLDCASE,Zerodha Gold ETF,23.26,23.4,23.23,23.35,0.34,1.48,10332612,240956511.84,23.0266,27.94,17.9,-,-,21.047174701918106,-2.5052192066805756,23.01,0,19.28,-3.92,08-Oct-2025,08-Sep-2026,-,-2.5052192066805756,-,21.047174701918106,16.42806012884753,-30.44692737430169,https://nsearchives.nseindia.com/today/GOLDCASEEQN.svg,https://nsearchives.nseindia.com/30d/GOLDCASE-EQ.svg,https://nsearchives.nseindia.com/365d/GOLDCASE-EQ.svg,EQ
HDFCSILVER,HDFC Silver ETF,208.4,210.16,208.34,209.7,3.86,1.88,1133017,237242429.63,206.1709,359,132.72,-,-,39.67894491440751,-5.246034973566497,205.84,0,37.11,-6.99,08-Oct-2025,08-Sep-2026,-,-5.246034973566497,-,39.67894491440751,41.58774373259053,-58.00180831826401,https://nsearchives.nseindia.com/today/HDFCSILVEREQN.svg,https://nsearchives.nseindia.com/30d/HDFCSILVER-EQ.svg,https://nsearchives.nseindia.com/365d/HDFCSILVER-EQ.svg,EQ
NIFTYIETF,Nifty 50,250.65,256.4,250.65,256.1,3.45,1.37,813429,207839243.79,252.2745,304.14,250.4,-,-,-8.832010252394005,-4.753049687592968,252.65,0,-10.06,-6.04,08-Oct-2025,08-Sep-2026,-,-4.753049687592968,-,-8.832010252394005,15.795357401196807,-2.276357827476045,https://nsearchives.nseindia.com/today/NIFTYIETFEQN.svg,https://nsearchives.nseindia.com/30d/NIFTYIETF-EQ.svg,https://nsearchives.nseindia.com/365d/NIFTYIETF-EQ.svg,EQ
LIQUIDPLUS,Nifty 1D Rate Index,1106.76,1107.09,1106.1,1107.09,0.48,0.04,182173,201680084.84,1106.618,1127.08,1053.88,-,-,5.048961931149638,0.43819062653093893,1106.61,0,5,0.39,08-Oct-2025,08-Sep-2026,-,0.43819062653093893,-,5.048961931149638,1.7736096816552516,-5.048961931149638,https://nsearchives.nseindia.com/today/LIQUIDPLUSEQN.svg,https://nsearchives.nseindia.com/30d/LIQUIDPLUS-EQ.svg,https://nsearchives.nseindia.com/365d/LIQUIDPLUS-EQ.svg,EQ
LIQUID,Mirae Asset Nifty 1D Rate Liquid ETF,999.99,1000,999.99,1000,0.01,0.00,200229,200226997.71,1000,1024.98,974.99,-,-,0.0010000100000990915,0.0010000100000990915,999.99,0,0,0,08-Oct-2025,08-Sep-2026,-,0.0010000100000990915,-,0.0010000100000990915,2.4371207243068174,-2.565154514405275,https://nsearchives.nseindia.com/today/LIQUIDEQN.svg,https://nsearchives.nseindia.com/30d/LIQUID-EQ.svg,https://nsearchives.nseindia.com/365d/LIQUID-EQ.svg,EQ
GOLD1,Gold,123.5,124.27,123.21,123.99,1.8,1.47,1581956,195861972.36,122.084,158,96.1,22-JUL-21, FACE VALUE SPLIT (SUB-DIVISION) - FROM RS 10/- PER SHARE TO RE 1/- PER SHARE,21.40409282287281,-2.439216303407041,122.19,0,19.64,-3.86,08-Oct-2025,08-Sep-2026, FACE VALUE SPLIT (SUB-DIVISION) - FROM RS 10/- PER SHARE TO RE 1/- PER SHARE,-2.439216303407041,22-JUL-21,21.40409282287281,21.525316455696206,-29.021852237252862,https://nsearchives.nseindia.com/today/GOLD1EQN.svg,https://nsearchives.nseindia.com/30d/GOLD1-EQ.svg,https://nsearchives.nseindia.com/365d/GOLD1-EQ.svg,EQ
PSUBNKBEES,Nifty PSU Bank,90.69,91.06,89.23,91,1.69,1.89,1934490,175226104.2,89.2974,110.4,83.32,19-DEC-19, FACE VALUE SPLIT (SUB-DIVISION) - FROM RS 10/- TO RS 1/-,8.514190317195325,-3.1605831648398413,89.31,0,6.5,-4.96,08-Oct-2025,08-Sep-2026, FACE VALUE SPLIT (SUB-DIVISION) - FROM RS 10/- TO RS 1/-,-3.1605831648398413,19-DEC-19,8.514190317195325,17.572463768115945,-9.217474795967364,https://nsearchives.nseindia.com/today/PSUBNKBEESEQN.svg,https://nsearchives.nseindia.com/30d/PSUBNKBEES-EQ.svg,https://nsearchives.nseindia.com/365d/PSUBNKBEES-EQ.svg,EQ
MID150BEES,Nifty Midcap 150 TRI,222,224,220.51,223.72,2.55,1.15,697160,155403935.6,220.4453,247.15,190.43,-,-,1.276595744680848,-6.401137980085353,221.17,0,0.12,-7.47,08-Oct-2025,08-Sep-2026,-,-6.401137980085353,-,1.276595744680848,9.480072830265025,-17.48148926114582,https://nsearchives.nseindia.com/today/MID150BEESEQN.svg,https://nsearchives.nseindia.com/30d/MID150BEES-EQ.svg,https://nsearchives.nseindia.com/365d/MID150BEES-EQ.svg,EQ
SILVER,Physical price of Silver,217.5,219.49,217.5,218.97,3.76,1.75,630552,137895416.88,215.4234,371.89,136.33,-,-,38.212459761408816,-5.248810038944178,215.21,0,35.84,-6.88,08-Oct-2025,08-Sep-2026,-,-5.248810038944178,-,38.212459761408816,41.11968592863481,-60.61761901268978,https://nsearchives.nseindia.com/today/SILVEREQN.svg,https://nsearchives.nseindia.com/30d/SILVER-EQ.svg,https://nsearchives.nseindia.com/365d/SILVER-EQ.svg,EQ
PHARMABEES,Nifty Pharma TRI,26.03,26.8,26,26.8,0.24,0.90,5096033,135758319.12,26.5516,28.58,21.69,-,-,20.557804768331085,-3.1091829356471417,26.56,0,19.48,-3.98,08-Oct-2025,08-Sep-2026,-,-3.1091829356471417,-,20.557804768331085,6.228131560531833,-23.559243891194093,https://nsearchives.nseindia.com/today/PHARMABEESEQN.svg,https://nsearchives.nseindia.com/30d/PHARMABEES-EQ.svg,https://nsearchives.nseindia.com/365d/PHARMABEES-EQ.svg,EQ
SETFNIF50,Nifty 50,239.71,243.49,239.05,243.37,3.66,1.53,529474,128339202.86,239.6294,287.33,237.55,24-MAR-21, DIVIDEND - RS 1.30 PER SHARE,-8.809202637889685,-4.6953320802005045,239.71,0,-10.18,-6.13,08-Oct-2025,08-Sep-2026, DIVIDEND - RS 1.30 PER SHARE,-4.6953320802005045,24-MAR-21,-8.809202637889685,15.299481432499212,-2.4500105241001866,https://nsearchives.nseindia.com/today/SETFNIF50EQN.svg,https://nsearchives.nseindia.com/30d/SETFNIF50-EQ.svg,https://nsearchives.nseindia.com/365d/SETFNIF50-EQ.svg,EQ
SBILIQETF,Nifty 1D Rate Index,1059.62,1059.64,1059.62,1059.62,0.44,0.04,120203,127369502.86,1059.1868,1087.09,999,-,-,5.025175435118734,0.4350587187094128,1059.18,0,4.98,0.39,08-Oct-2025,08-Sep-2026,-,0.4350587187094128,-,5.025175435118734,2.526929693033698,-6.068068068068057,https://nsearchives.nseindia.com/today/SBILIQETFEQN.svg,https://nsearchives.nseindia.com/30d/SBILIQETF-EQ.svg,https://nsearchives.nseindia.com/365d/SBILIQETF-EQ.svg,EQ
SILVER1,Kotak Silver ETF,21.1,21.33,21.1,21.27,0.38,1.82,5970219,126807451.56,20.9318,38.8,13.41,27-FEB-26,FACE VALUE SPLIT (SUB-DIVISION) - FROM RS 10/- PER SHARE TO RE 1/- PER SHARE,-85.97982993869883,-5.298308103294752,20.89,0,-86.23,-6.99,08-Oct-2025,08-Sep-2026,FACE VALUE SPLIT (SUB-DIVISION) - FROM RS 10/- PER SHARE TO RE 1/- PER SHARE,-5.298308103294752,27-FEB-26,-85.97982993869883,45.18041237113402,-58.61297539149888,https://nsearchives.nseindia.com/today/SILVER1EQN.svg,https://nsearchives.nseindia.com/30d/SILVER1-EQ.svg,https://nsearchives.nseindia.com/365d/SILVER1-EQ.svg,EQ
SBISILVER,SBI SILVER ETF,213.14,215.5,213.14,215.25,4.1,1.94,567807,121913840.97,211.4589,362,136.05,-,-,39.75457732761978,-5.088407778120724,211.15,0,37.09,-6.9,08-Oct-2025,08-Sep-2026,-,-5.088407778120724,-,39.75457732761978,40.53867403314917,-58.213891951488414,https://nsearchives.nseindia.com/today/SBISILVEREQN.svg,https://nsearchives.nseindia.com/30d/SBISILVER-EQ.svg,https://nsearchives.nseindia.com/365d/SBISILVER-EQ.svg,EQ
MODEFENCE,Nifty India Defence Total Return Index,99.37,99.5,97.56,98.96,0.57,0.58,1202234,118371959.64,98.3754,112,77.8,-,-,13.045464930317552,-9.806780896828295,98.39,0,12.39,-10.33,08-Oct-2025,08-Sep-2026,-,-9.806780896828295,-,13.045464930317552,11.64285714285715,-27.197943444730072,https://nsearchives.nseindia.com/today/MODEFENCEEQN.svg,https://nsearchives.nseindia.com/30d/MODEFENCE-EQ.svg,https://nsearchives.nseindia.com/365d/MODEFENCE-EQ.svg,EQ
MASPTOP50,S&P 500 Top 50 Total Return Index,114.46,116,112.79,115.46,3.79,3.39,958323,110178395.31,69.964,148.9,65,-,-,67.18795250506804,19.018657870322635,111.67,0,61.7,15.11,08-Oct-2025,08-Sep-2026,-,19.018657870322635,-,67.18795250506804,22.458025520483556,-77.63076923076922,https://nsearchives.nseindia.com/today/MASPTOP50EQN.svg,https://nsearchives.nseindia.com/30d/MASPTOP50-EQ.svg,https://nsearchives.nseindia.com/365d/MASPTOP50-EQ.svg,EQ
SILVERCASE,Commodity-Silver,22.01,22.25,22.01,22.21,0.4,1.83,3762734,83419812.78,21.8495,38.01,14.02,-,-,38.98623279098874,-5.287846481876326,21.81,0,36.48,-6.99,08-Oct-2025,08-Sep-2026,-,-5.287846481876326,-,38.98623279098874,41.568008418837145,-58.416547788873046,https://nsearchives.nseindia.com/today/SILVERCASEEQN.svg,https://nsearchives.nseindia.com/30d/SILVERCASE-EQ.svg,https://nsearchives.nseindia.com/365d/SILVERCASE-EQ.svg,EQ
GOLDBETA,Gold,124.15,125.15,124.15,124.7,1.55,1.26,662302,82675158.66,123.0791,149.35,95.85,25-MAR-21, FACE VALUE SPLIT (SUB-DIVISION) - FROM RS 100/- PER UNIT TO RE 1/- PER UNIT,Infinity,-2.6921576277799475,123.15,0,0,-3.9,,08-Sep-2026, FACE VALUE SPLIT (SUB-DIVISION) - FROM RS 100/- PER UNIT TO RE 1/- PER UNIT,-2.6921576277799475,25-MAR-21,Infinity,16.504854368932033,-30.099113197704757,https://nsearchives.nseindia.com/today/GOLDBETAEQN.svg,https://nsearchives.nseindia.com/30d/GOLDBETA-EQ.svg,,EQ
SILVERADD,DSP Silver ETF,21.12,21.19,21.02,21.13,0.39,1.88,3505037,73956280.7,20.784,39,13.36,28-AUG-26,FACE VALUE SPLIT (SUB-DIVISION) - FROM RS 10/- PER UNIT TO RE 1/- PER UNIT,-85.86243811053126,-5.246636771300456,20.74,0,-86.12,-7,08-Oct-2025,08-Sep-2026,FACE VALUE SPLIT (SUB-DIVISION) - FROM RS 10/- PER UNIT TO RE 1/- PER UNIT,-5.246636771300456,28-AUG-26,-85.86243811053126,45.82051282051282,-58.15868263473054,https://nsearchives.nseindia.com/today/SILVERADDEQN.svg,https://nsearchives.nseindia.com/30d/SILVERADD-EQ.svg,https://nsearchives.nseindia.com/365d/SILVERADD-EQ.svg,EQ
METALIETF,Nifty Metal Index,12.09,12.12,11.92,12.11,0.02,0.17,5727492,68959003.68,11.9554,14.17,10,-,-,18.84200196270854,-8.603773584905664,12.09,0,18.65,-8.75,08-Oct-2025,08-Sep-2026,-,-8.603773584905664,-,18.84200196270854,14.537755822159497,-21.099999999999994,https://nsearchives.nseindia.com/today/METALIETFEQN.svg,https://nsearchives.nseindia.com/30d/METALIETF-EQ.svg,https://nsearchives.nseindia.com/365d/METALIETF-EQ.svg,EQ
ALPHA,NIFTY Alpha 50 Index,52.93,52.93,51.36,52.8,1.16,2.25,1248040,65122727.2,51.735,55.59,42,-,-,9.954185755935015,-2.475064647210941,51.64,0,7.54,-4.62,08-Oct-2025,08-Sep-2026,-,-2.475064647210941,-,9.954185755935015,5.018888289260669,-25.714285714285708,https://nsearchives.nseindia.com/today/ALPHAEQN.svg,https://nsearchives.nseindia.com/30d/ALPHA-EQ.svg,https://nsearchives.nseindia.com/365d/ALPHA-EQ.svg,EQ
SETFNIFBK,Nifty Bank,562,569.6,562,568.5,9.07,1.62,108046,61278288.9,560.637,646.11,465.64,02-NOV-17, DIVIDEND - RS 3.50 PER UNIT,-0.8580098357225,-2.692432774763367,559.43,0,-2.44,-4.24,08-Oct-2025,08-Sep-2026, DIVIDEND - RS 3.50 PER UNIT,-2.692432774763367,02-NOV-17,-0.8580098357225,12.011886520871062,-22.09002663001461,https://nsearchives.nseindia.com/today/SETFNIFBKEQN.svg,https://nsearchives.nseindia.com/30d/SETFNIFBK-EQ.svg,https://nsearchives.nseindia.com/365d/SETFNIFBK-EQ.svg,EQ
NEXT50IETF,Nifty Next 50,73.24,73.24,71.25,72.35,0.89,1.25,828347,59640984,71.4009,80.38,62.6,15-NOV-18, FACE VALUE SPLIT (SUB-DIVISION) - FROM RS 10/- PER SHARE TO RS 1/- PER SHARE,1.1605145413870224,-6.1973291844937135,71.46,0,-0.08,-7.35,08-Oct-2025,08-Sep-2026, FACE VALUE SPLIT (SUB-DIVISION) - FROM RS 10/- PER SHARE TO RS 1/- PER SHARE,-6.1973291844937135,15-NOV-18,1.1605145413870224,9.990047275441654,-15.575079872204462,https://nsearchives.nseindia.com/today/NEXT50IETFEQN.svg,https://nsearchives.nseindia.com/30d/NEXT50IETF-EQ.svg,https://nsearchives.nseindia.com/365d/NEXT50IETF-EQ.svg,EQ
LOWVOLIETF,Nifty 100 Low Volatility 30 Index,20.68,20.68,20.18,20.45,0.27,1.34,2902882,59480052.18,20.2404,26.81,19.84,01-MAR-24,FACE VALUE SPLIT (SUB-DIVISION) - FROM RS 10/- PER SHARE TO RE 1/- PER SHARE,-7.799819657348966,-5.890473999079618,20.18,0,-9.02,-7.13,08-Oct-2025,08-Sep-2026,FACE VALUE SPLIT (SUB-DIVISION) - FROM RS 10/- PER SHARE TO RE 1/- PER SHARE,-5.890473999079618,01-MAR-24,-7.799819657348966,23.7224916076091,-3.0745967741935454,https://nsearchives.nseindia.com/today/LOWVOLIETFEQN.svg,https://nsearchives.nseindia.com/30d/LOWVOLIETF-EQ.svg,https://nsearchives.nseindia.com/365d/LOWVOLIETF-EQ.svg,EQ
LTGILTBEES,NIFTY 8-13 yr G-Sec Index,29.4,29.52,29.35,29.39,-0.06,-0.20,1887784,55519727.44,29.3927,30.61,28.29,-,-,1.484806629834253,-1.6728002676480427,29.45,0,1.69,-1.47,08-Oct-2025,08-Sep-2026,-,-1.6728002676480427,-,1.484806629834253,3.9856256125449163,-3.888299752562748,https://nsearchives.nseindia.com/today/LTGILTBEESEQN.svg,https://nsearchives.nseindia.com/30d/LTGILTBEES-EQ.svg,https://nsearchives.nseindia.com/365d/LTGILTBEES-EQ.svg,EQ
EBBETF0430,Nifty BHARAT Bond,1611.9,1611.9,1600.56,1606.5,-3.32,-0.21,34106,54781739.32,1608.6022,1646.18,1510.35,-,-,4.043884305014058,-0.4406269172848396,1609.82,0,4.26,-0.23,08-Oct-2025,08-Sep-2026,-,-0.4406269172848396,-,4.043884305014058,2.410428993184224,-6.366074088787373,https://nsearchives.nseindia.com/today/EBBETF0430EQN.svg,https://nsearchives.nseindia.com/30d/EBBETF0430-EQ.svg,https://nsearchives.nseindia.com/365d/EBBETF0430-EQ.svg,EQ
CPSEETF,CPSE ETF,89.32,89.32,86.9,87.93,0.78,0.90,609342,53408826.3,87.0223,112,86.06,-,-,-4.878840328861955,-6.68576886341929,87.15,0,-5.72,-7.51,08-Oct-2025,08-Sep-2026,-,-6.68576886341929,-,-4.878840328861955,21.49107142857142,-2.1729026260748365,https://nsearchives.nseindia.com/today/CPSEETFEQN.svg,https://nsearchives.nseindia.com/30d/CPSEETF-EQ.svg,https://nsearchives.nseindia.com/365d/CPSEETF-EQ.svg,EQ
AUTOBEES,Nifty Auto TRI,255,258.78,253.12,257.87,2.95,1.16,192422,49398575.84,253.6978,310.45,242.5,-,-,-5.500586338317206,-10.0965728828923,254.92,0,-6.58,-11.13,08-Oct-2025,08-Sep-2026,-,-10.0965728828923,-,-5.500586338317206,16.93670478337896,-6.338144329896909,https://nsearchives.nseindia.com/today/AUTOBEESEQN.svg,https://nsearchives.nseindia.com/30d/AUTOBEES-EQ.svg,https://nsearchives.nseindia.com/365d/AUTOBEES-EQ.svg,EQ
GOLDADD,DSP Gold ETF,14.39,14.47,14.35,14.44,0.22,1.55,3382332,48773227.44,14.2142,18.1,11.23,28-AUG-26,FACE VALUE SPLIT (SUB-DIVISION) - FROM RS 10/- PER UNIT TO RE 1/- PER UNIT,Infinity,-2.366463826910072,14.22,0,0,-3.85,,08-Sep-2026,FACE VALUE SPLIT (SUB-DIVISION) - FROM RS 10/- PER UNIT TO RE 1/- PER UNIT,-2.366463826910072,28-AUG-26,Infinity,20.22099447513813,-28.58414959928761,https://nsearchives.nseindia.com/today/GOLDADDEQN.svg,https://nsearchives.nseindia.com/30d/GOLDADD-EQ.svg,,EQ
SILVERAG,Mirae Asset Silver ETF,212.25,214.1,212.25,213.89,4.07,1.94,223235,47660672.5,210.0888,380,134.03,-,-,41.4990738290553,-5.030636710771696,209.82,0,38.81,-6.84,08-Oct-2025,08-Sep-2026,-,-5.030636710771696,-,41.4990738290553,43.713157894736845,-59.58367529657538,https://nsearchives.nseindia.com/today/SILVERAGEQN.svg,https://nsearchives.nseindia.com/30d/SILVERAG-EQ.svg,https://nsearchives.nseindia.com/365d/SILVERAG-EQ.svg,EQ
NIFTYETF,Nifty 50,248.17,248.17,242.26,245.62,3.5,1.45,189590,46495051.6,242.1021,289.05,239.81,-,-,-9.002667457024307,-4.624703917990125,242.12,0,-10.3,-5.98,08-Oct-2025,08-Sep-2026,-,-4.624703917990125,-,-9.002667457024307,15.025082165715277,-2.422751344814646,https://nsearchives.nseindia.com/today/NIFTYETFEQN.svg,https://nsearchives.nseindia.com/30d/NIFTYETF-EQ.svg,https://nsearchives.nseindia.com/365d/NIFTYETF-EQ.svg,EQ
SILVERBETA,UTI Silver Exchange Traded Fund (UTI Silver ETF),210.9,212.25,210.59,211.9,4.09,1.97,217578,46013395.44,208.2412,379.66,134.16,-,-,Infinity,-5.151962759052858,207.81,0,0,-6.98,,08-Sep-2026,-,-5.151962759052858,-,Infinity,44.186904072064486,-57.94573643410853,https://nsearchives.nseindia.com/today/SILVERBETAEQN.svg,https://nsearchives.nseindia.com/30d/SILVERBETA-EQ.svg,,EQ
BANKADD,DSP Nifty Bank ETF,56.43,56.8,56.43,56.69,0.83,1.49,813299,45975792.47,55.9005,62.9,51.01,-,-,Infinity,-2.944701249785994,55.86,0,0,-4.37,,08-Sep-2026,-,-2.944701249785994,-,Infinity,9.87281399046105,-11.135071554597138,https://nsearchives.nseindia.com/today/BANKADDEQN.svg,https://nsearchives.nseindia.com/30d/BANKADD-EQ.svg,,EQ
FMCGIETF,Nifty FMCG Index,48.54,48.54,47.35,48.4,1.04,2.20,933289,44909866.68,47.1821,61.19,46.5,10-MAY-24,FACE VALUE SPLIT (SUB-DIVISION) - FROM RS 10/- PER SHARE TO RE 1/- PER SHARE,-16.881332646402196,-1.8454674508213418,47.36,0,-18.67,-3.95,08-Oct-2025,08-Sep-2026,FACE VALUE SPLIT (SUB-DIVISION) - FROM RS 10/- PER SHARE TO RE 1/- PER SHARE,-1.8454674508213418,10-MAY-24,-16.881332646402196,20.902108187612356,-4.086021505376341,https://nsearchives.nseindia.com/today/FMCGIETFEQN.svg,https://nsearchives.nseindia.com/30d/FMCGIETF-EQ.svg,https://nsearchives.nseindia.com/365d/FMCGIETF-EQ.svg,EQ
BSLGOLDETF,Gold,129.26,130.75,129.26,130.58,1.96,1.52,332692,43356421.44,128.6792,155.99,101.09,25-NOV-21, FACE VALUE SPLIT (SUB-DIVISION) - FROM RS 10/- PER SHARE TO RE 0.10/- PER SHARE,20.47236829965865,-2.5304172575949737,128.62,0,18.66,-3.99,08-Oct-2025,08-Sep-2026, FACE VALUE SPLIT (SUB-DIVISION) - FROM RS 10/- PER SHARE TO RE 0.10/- PER SHARE,-2.5304172575949737,25-NOV-21,20.47236829965865,16.289505737547273,-29.172024928281736,https://nsearchives.nseindia.com/today/BSLGOLDETFEQN.svg,https://nsearchives.nseindia.com/30d/BSLGOLDETF-EQ.svg,https://nsearchives.nseindia.com/365d/BSLGOLDETF-EQ.svg,EQ
PVTBANIETF,Nifty Private Bank Index,27.18,27.7,27.18,27.7,0.52,1.91,1508848,41614027.84,27.1849,30.32,24.18,01-MAR-24,FACE VALUE SPLIT (SUB-DIVISION) - FROM RS 10/- PER SHARE TO RE 1/- PER SHARE,0.36231884057970243,-0.35971223021583243,27.18,0,-1.52,-2.23,08-Oct-2025,08-Sep-2026,FACE VALUE SPLIT (SUB-DIVISION) - FROM RS 10/- PER SHARE TO RE 1/- PER SHARE,-0.35971223021583243,01-MAR-24,0.36231884057970243,8.641160949868077,-14.557485525227458,https://nsearchives.nseindia.com/today/PVTBANIETFEQN.svg,https://nsearchives.nseindia.com/30d/PVTBANIETF-EQ.svg,https://nsearchives.nseindia.com/365d/PVTBANIETF-EQ.svg,EQ
MIDCAPETF,Mirae Asset Mutual Fund - Mirae Asset Nifty Midcap 150 ETF,22.37,22.37,21.79,22.12,0.29,1.33,1865104,41013636.96,21.7948,24.57,19.6,-,-,1.2820512820512873,-6.390181972069395,21.83,0,-0.05,-7.62,08-Oct-2025,08-Sep-2026,-,-6.390181972069395,-,1.2820512820512873,9.971509971509969,-12.857142857142854,https://nsearchives.nseindia.com/today/MIDCAPETFEQN.svg,https://nsearchives.nseindia.com/30d/MIDCAPETF-EQ.svg,https://nsearchives.nseindia.com/365d/MIDCAPETF-EQ.svg,EQ
SMALLCAP,Mirae Asset Nifty Smallcap 250 Momentum Quality 100 ETF,47.59,47.59,46.76,47.25,0.04,0.08,824153,38924746.19,47.1901,54.5,37.34,-,-,4.4891640866873095,-4.448938321536912,47.21,0,4.4,-4.53,08-Oct-2025,08-Sep-2026,-,-4.448938321536912,-,4.4891640866873095,13.302752293577981,-26.539903588644872,https://nsearchives.nseindia.com/today/SMALLCAPEQN.svg,https://nsearchives.nseindia.com/30d/SMALLCAP-EQ.svg,https://nsearchives.nseindia.com/365d/SMALLCAP-EQ.svg,EQ
AONELIQUID,Nifty 1D Rate Index,1085.57,1085.57,1080.6,1080.6,0.43,0.04,35085,37913201.85,1080.1667,1094.59,999.94,-,-,5.0329503703271685,0.4331096529546122,1080.17,0,4.99,0.39,08-Oct-2025,08-Sep-2026,-,0.4331096529546122,-,5.0329503703271685,1.2781041303136342,-8.066483989039327,https://nsearchives.nseindia.com/today/AONELIQUIDEQN.svg,https://nsearchives.nseindia.com/30d/AONELIQUID-EQ.svg,https://nsearchives.nseindia.com/365d/AONELIQUID-EQ.svg,EQ
HEALTHIETF,Nifty Healthcare Index,161.82,163.24,160.64,162.6,2.11,1.31,225514,36630239.02,160.9932,175.45,138.65,-,-,9.946581918993854,-4.8287971905179985,160.49,0,8.52,-6.06,08-Oct-2025,08-Sep-2026,-,-4.8287971905179985,-,9.946581918993854,7.324023938443999,-17.273710782545972,https://nsearchives.nseindia.com/today/HEALTHIETFEQN.svg,https://nsearchives.nseindia.com/30d/HEALTHIETF-EQ.svg,https://nsearchives.nseindia.com/365d/HEALTHIETF-EQ.svg,EQ
MOMENTUM50,Nifty 500 Momentum 50 Total Return Index,51.79,52.4,51.2,52.34,0.63,1.22,705839,36583635.37,51.5725,55.97,44.96,-,-,1.120556414219485,-4.697742170429713,51.71,0,-0.1,-5.84,08-Oct-2025,08-Sep-2026,-,-4.697742170429713,-,1.120556414219485,6.485617294979446,-16.414590747330966,https://nsearchives.nseindia.com/today/MOMENTUM50EQN.svg,https://nsearchives.nseindia.com/30d/MOMENTUM50-EQ.svg,https://nsearchives.nseindia.com/365d/MOMENTUM50-EQ.svg,EQ
ITAXIS,NIFTY IT Index,310.38,316.99,302.81,312,1.62,0.52,115525,36288713,305.8586,439.67,230.7,-,-,Infinity,-5.2679520267193025,310.38,0,0,-5.76,,08-Sep-2026,-,-5.2679520267193025,-,Infinity,29.037687356426414,-35.2405721716515,https://nsearchives.nseindia.com/today/ITAXISEQN.svg,https://nsearchives.nseindia.com/30d/ITAXIS-EQ.svg,,EQ
ESILVER,Edelweiss Silver ETF,218.23,219.77,218.18,219.1,3.43,1.59,155353,34031628.18,215.501,375,139.33,-,-,40.873143444994525,-4.9251464525927515,215.67,0,38.67,-6.41,08-Oct-2025,08-Sep-2026,-,-4.9251464525927515,-,40.873143444994525,41.57333333333333,-57.25256585085766,https://nsearchives.nseindia.com/today/ESILVEREQN.svg,https://nsearchives.nseindia.com/30d/ESILVER-EQ.svg,https://nsearchives.nseindia.com/365d/ESILVER-EQ.svg,EQ
BANKIETF,Nifty Bank,56.09,56.99,56.09,56.94,0.95,1.70,569394,32335885.26,56.0506,63.9,51.17,-,-,-0.7322175732217603,-2.550059900735927,55.99,0,-2.39,-4.18,08-Oct-2025,08-Sep-2026,-,-2.550059900735927,-,-0.7322175732217603,10.892018779342726,-11.276138362321664,https://nsearchives.nseindia.com/today/BANKIETFEQN.svg,https://nsearchives.nseindia.com/30d/BANKIETF-EQ.svg,https://nsearchives.nseindia.com/365d/BANKIETF-EQ.svg,EQ
BANK10BETF,Bajaj Finserv BSE Top 10 Banks ETF,19.61,20.3,19.52,19.97,0.36,1.84,1541536,31061950.4,19.9187,24.9,19.36,-,-,Infinity,-2.68031189083821,19.61,0,0,-4.43,,08-Sep-2026,-,-2.68031189083821,-,Infinity,19.799196787148595,-3.150826446280989,https://nsearchives.nseindia.com/today/BANK10BETFEQN.svg,https://nsearchives.nseindia.com/30d/BANK10BETF-EQ.svg,,EQ
HDFCBSE500,HDFC S&P BSE 500 ETF,34.97,37.47,34.8,36.35,1.39,3.98,828909,29227331.34,34.7754,40,32.65,-,-,-3.5041146801168046,-2.677376171352075,34.96,0,-7.19,-6.4,08-Oct-2025,08-Sep-2026,-,-2.677376171352075,-,-3.5041146801168046,9.124999999999996,-11.332312404287912,https://nsearchives.nseindia.com/today/HDFCBSE500EQN.svg,https://nsearchives.nseindia.com/30d/HDFCBSE500-EQ.svg,https://nsearchives.nseindia.com/365d/HDFCBSE500-EQ.svg,EQ
ITIETF,Nifty IT Index,31.55,31.99,30.77,31.91,1.12,3.64,905841,28733276.52,30.8536,44.3,28.54,01-SEP-22,FACE VALUE SPLIT (SUB-DIVISION) - FROM RS 10/- PER UNIT TO RE 1/- PER UNIT,-16.727557411273487,-4.001203369434421,30.79,0,-19.65,-7.37,08-Oct-2025,08-Sep-2026,FACE VALUE SPLIT (SUB-DIVISION) - FROM RS 10/- PER UNIT TO RE 1/- PER UNIT,-4.001203369434421,01-SEP-22,-16.727557411273487,27.968397291196386,-11.807988787666437,https://nsearchives.nseindia.com/today/ITIETFEQN.svg,https://nsearchives.nseindia.com/30d/ITIETF-EQ.svg,https://nsearchives.nseindia.com/365d/ITIETF-EQ.svg,EQ
NIFTYAXIS,Nifty 50,251.65,251.65,246.88,249.43,2.71,1.10,112377,28023452.49,246.348,296.38,243.19,23-JUL-20, FACE VALUE SPLIT (SUB-DIVISION) - FROM RS 100/- PER SHARE TO RS 10/- PER SHARE,Infinity,-5.076683030787372,246.72,0,0,-6.11,,08-Sep-2026, FACE VALUE SPLIT (SUB-DIVISION) - FROM RS 100/- PER SHARE TO RS 10/- PER SHARE,-5.076683030787372,23-JUL-20,Infinity,15.841149875160264,-2.565894979234347,https://nsearchives.nseindia.com/today/NIFTYAXISEQN.svg,https://nsearchives.nseindia.com/30d/NIFTYAXIS-EQ.svg,,EQ
HDFCLIQUID,HDFC Nifty 1D Rate Liquid ETF,1081.65,1081.67,1081.65,1081.67,0.47,0.04,25523,27606952.95,,1083.65,1009.91,28-FEB-25,CHANGE IN FUNDAMENTAL ATTRIBUTE OF HDFC NIFTY 1D RATE LIQUID ETF,4.928894321246355,0.4336118848653735,1081.2,0,4.88,0.39,08-Oct-2025,08-Sep-2026,CHANGE IN FUNDAMENTAL ATTRIBUTE OF HDFC NIFTY 1D RATE LIQUID ETF,0.4336118848653735,28-FEB-25,4.928894321246355,0.18271582152909316,-7.105583665871228,https://nsearchives.nseindia.com/today/HDFCLIQUIDEQN.svg,https://nsearchives.nseindia.com/30d/HDFCLIQUID-EQ.svg,https://nsearchives.nseindia.com/365d/HDFCLIQUID-EQ.svg,EQ
BSLNIFTY,Nifty 50,25.8,26.77,25.8,26.52,0.37,1.41,1036800,27444096,26.0927,33,25.7,25-NOV-21, FACE VALUE SPLIT (SUB-DIVISION) - FROM RS 10/- PER SHARE TO RE 1/- PER SHARE,-8.740536820371643,-4.878048780487803,26.15,0,-10.01,-6.21,08-Oct-2025,08-Sep-2026, FACE VALUE SPLIT (SUB-DIVISION) - FROM RS 10/- PER SHARE TO RE 1/- PER SHARE,-4.878048780487803,25-NOV-21,-8.740536820371643,19.636363636363637,-3.190661478599223,https://nsearchives.nseindia.com/today/BSLNIFTYEQN.svg,https://nsearchives.nseindia.com/30d/BSLNIFTY-EQ.svg,https://nsearchives.nseindia.com/365d/BSLNIFTY-EQ.svg,EQ
PSUBANK,Nifty PSU Bank,80.39,81.52,80.07,81.38,0.99,1.23,336784,27299711.04,80.0297,101,74.61,10-JUL-26,FACE VALUE SPLIT (SUB-DIVISION) - FROM RS 10/- PER UNIT TO RE 1/- PER UNIT,-89.1512137896098,-3.3721206364284058,80.39,0,-89.28,-4.55,08-Oct-2025,08-Sep-2026,FACE VALUE SPLIT (SUB-DIVISION) - FROM RS 10/- PER UNIT TO RE 1/- PER UNIT,-3.3721206364284058,10-JUL-26,-89.1512137896098,19.42574257425743,-9.073850690255991,https://nsearchives.nseindia.com/today/PSUBANKEQN.svg,https://nsearchives.nseindia.com/30d/PSUBANK-EQ.svg,https://nsearchives.nseindia.com/365d/PSUBANK-EQ.svg,EQ
MOCAPITAL,Nifty Capital Market Total Return Index,52.02,52.48,51.42,52.28,0.26,0.50,516203,26873528.18,52.0144,57.25,42.17,-,-,21.21493160213308,-4.108584005869409,52.02,0,20.61,-4.59,08-Oct-2025,08-Sep-2026,-,-4.108584005869409,-,21.21493160213308,8.68122270742358,-23.974389376333885,https://nsearchives.nseindia.com/today/MOCAPITALEQN.svg,https://nsearchives.nseindia.com/30d/MOCAPITAL-EQ.svg,https://nsearchives.nseindia.com/365d/MOCAPITAL-EQ.svg,EQ
MONIFTY500,Motilal Oswal Nifty 500 ETF,22.1,22.43,22,22.28,0.18,0.81,1189075,26528263.25,22.126,28.28,20.75,-,-,-5.272108843537408,-6.070826306913987,22.1,0,-6.04,-6.83,08-Oct-2025,08-Sep-2026,-,-6.070826306913987,-,-5.272108843537408,21.216407355021214,-7.37349397590362,https://nsearchives.nseindia.com/today/MONIFTY500EQN.svg,https://nsearchives.nseindia.com/30d/MONIFTY500-EQ.svg,https://nsearchives.nseindia.com/365d/MONIFTY500-EQ.svg,EQ
IT,NIFTY IT Index,30.14,31.98,30.14,31.69,0.93,3.02,832173,26363240.64,30.8322,44.49,28.54,-,-,-17.085295656724224,-4.749023143973554,30.76,0,-19.52,-7.54,08-Oct-2025,08-Sep-2026,-,-4.749023143973554,-,-17.085295656724224,28.770510227017304,-11.037140854940443,https://nsearchives.nseindia.com/today/ITEQN.svg,https://nsearchives.nseindia.com/30d/IT-EQ.svg,https://nsearchives.nseindia.com/365d/IT-EQ.svg,EQ
HDFCNIFTY,Nifty 50,244.82,260,244.82,260,8.9,3.54,101302,25769202.76,250.8117,301.88,244.82,17-FEB-21, FACE VALUE SPLIT (SUB-DIVISION) - FROM RS 761.25/- PER UNIT TO RS 76.125/- PER UNIT,-6.973415864610543,-2.7055345582457124,251.1,0,-10.16,-6.04,08-Oct-2025,08-Sep-2026, FACE VALUE SPLIT (SUB-DIVISION) - FROM RS 761.25/- PER UNIT TO RS 76.125/- PER UNIT,-2.7055345582457124,17-FEB-21,-6.973415864610543,13.873062143898238,-6.200473817498573,https://nsearchives.nseindia.com/today/HDFCNIFTYEQN.svg,https://nsearchives.nseindia.com/30d/HDFCNIFTY-EQ.svg,https://nsearchives.nseindia.com/365d/HDFCNIFTY-EQ.svg,EQ
GROWWHOSPI,BSE Hospitals Index,46.48,47.13,46.03,46.41,0.6,1.31,535633,24987279.45,45.5255,62,43.35,-,-,Infinity,-10.560801695895172,45.81,0,0,-11.72,,08-Sep-2026,-,-10.560801695895172,-,Infinity,25.145161290322587,-7.058823529411754,https://nsearchives.nseindia.com/today/GROWWHOSPIEQN.svg,https://nsearchives.nseindia.com/30d/GROWWHOSPI-EQ.svg,,EQ
GROWWGOLD,Commodity,14.45,14.53,14.41,14.52,0.25,1.75,1724240,24966995.2,14.2869,18,11.21,06-FEB-26,FACE VALUE SPLIT (SUB-DIVISION) - FROM RS 10/- PER UNIT TO RE 1/- PER UNIT,-87.9291711696733,-2.2222222222222228,14.27,0,-88.14,-3.91,08-Oct-2025,08-Sep-2026,FACE VALUE SPLIT (SUB-DIVISION) - FROM RS 10/- PER UNIT TO RE 1/- PER UNIT,-2.2222222222222228,06-FEB-26,-87.9291711696733,19.333333333333336,-29.527207850133795,https://nsearchives.nseindia.com/today/GROWWGOLDEQN.svg,https://nsearchives.nseindia.com/30d/GROWWGOLD-EQ.svg,https://nsearchives.nseindia.com/365d/GROWWGOLD-EQ.svg,EQ
SILVERAXIS,Axis Silver ETF,216.15,218.61,216.15,218,3.38,1.57,113447,24714428.95,214.5247,390.01,137.56,-,-,Infinity,-5.200904505131331,214.62,0,0,-6.67,,08-Sep-2026,-,-5.200904505131331,-,Infinity,44.10399733340171,-58.47630125036348,https://nsearchives.nseindia.com/today/SILVERAXISEQN.svg,https://nsearchives.nseindia.com/30d/SILVERAXIS-EQ.svg,,EQ
HDFCNIFBAN,Nifty Bank,56.48,57.17,56.41,56.83,0.64,1.14,418982,23861024.9,56.1889,65.54,51.2,02-FEB-24,FACE VALUE SPLIT (SUB-DIVISION) - FROM RS 223.31/- PER SHARE TO RS 22.331/- PER SHARE,-1.096414897319879,-2.9376601195559333,56.19,0,-2.21,-4.03,08-Oct-2025,08-Sep-2026,FACE VALUE SPLIT (SUB-DIVISION) - FROM RS 223.31/- PER SHARE TO RS 22.331/- PER SHARE,-2.9376601195559333,02-FEB-24,-1.096414897319879,13.289594140982617,-10.996093749999991,https://nsearchives.nseindia.com/today/HDFCNIFBANEQN.svg,https://nsearchives.nseindia.com/30d/HDFCNIFBAN-EQ.svg,https://nsearchives.nseindia.com/365d/HDFCNIFBAN-EQ.svg,EQ
LIQGRWBEES,Liquid,1058.99,1059.01,1058.99,1059,0.43,0.04,21285,22540815,1058.5824,1063.44,995.55,-,-,4.755027548890631,0.4096029127318178,1058.57,0,4.71,0.37,08-Oct-2025,08-Sep-2026,-,0.4096029127318178,-,4.755027548890631,0.417512976754688,-6.373361458490287,https://nsearchives.nseindia.com/today/LIQGRWBEESEQN.svg,https://nsearchives.nseindia.com/30d/LIQGRWBEES-EQ.svg,https://nsearchives.nseindia.com/365d/LIQGRWBEES-EQ.svg,EQ
MOM30IETF,ICICI Prudential Nifty 200 Momentum 30 ETF,30.17,30.17,29.26,29.57,0.13,0.44,748938,22198522.32,29.3763,32.9,26,12-AUG-22,ADDITONAL ISSUANCE 9:1,-5.345710627400763,-6.216301934665401,29.44,0,-5.76,-6.63,08-Oct-2025,08-Sep-2026,ADDITONAL ISSUANCE 9:1,-6.216301934665401,12-AUG-22,-5.345710627400763,10.121580547112456,-13.73076923076923,https://nsearchives.nseindia.com/today/MOM30IETFEQN.svg,https://nsearchives.nseindia.com/30d/MOM30IETF-EQ.svg,https://nsearchives.nseindia.com/365d/MOM30IETF-EQ.svg,EQ
BSE500IETF,S&P BSE 500 index,37.41,37.41,35.77,37.12,0.62,1.70,594335,22008225.05,36.6043,42.05,34.5,28-OCT-21, FACE VALUE SPLIT (SUB-DIVISION) - FROM RS 10/- PER SHARE TO RE 1/- PER SHARE,-5.039652084932222,-5.2819596835927545,36.5,0,-6.63,-6.86,08-Oct-2025,08-Sep-2026, FACE VALUE SPLIT (SUB-DIVISION) - FROM RS 10/- PER SHARE TO RE 1/- PER SHARE,-5.2819596835927545,28-OCT-21,-5.039652084932222,11.724137931034484,-7.594202898550718,https://nsearchives.nseindia.com/today/BSE500IETFEQN.svg,https://nsearchives.nseindia.com/30d/BSE500IETF-EQ.svg,https://nsearchives.nseindia.com/365d/BSE500IETF-EQ.svg,EQ
GROWWPOWER,BSE Power Index - TRI,10.53,10.67,10.39,10.55,0.03,0.29,2040506,21445718.06,10.4692,13.2,7.75,-,-,4.975124378109452,-6.966490299823626,10.52,0,4.68,-7.23,08-Oct-2025,08-Sep-2026,-,-6.966490299823626,-,4.975124378109452,20.075757575757567,-36.12903225806453,https://nsearchives.nseindia.com/today/GROWWPOWEREQN.svg,https://nsearchives.nseindia.com/30d/GROWWPOWER-EQ.svg,https://nsearchives.nseindia.com/365d/GROWWPOWER-EQ.svg,EQ
BANKBETA,Nifty Bank,56.68,57.45,56.56,57.29,0.92,1.63,369030,21115896.6,56.4628,73.7,51.3,17-FEB-21, FACE VALUE SPLIT (SUB-DIVISION) - FROM RS 10/- PER UNIT TO RE 1/- PER UNIT,Infinity,-2.7004076086956577,56.37,0,0,-4.26,,08-Sep-2026, FACE VALUE SPLIT (SUB-DIVISION) - FROM RS 10/- PER UNIT TO RE 1/- PER UNIT,-2.7004076086956577,17-FEB-21,Infinity,22.265943012211675,-11.676413255360629,https://nsearchives.nseindia.com/today/BANKBETAEQN.svg,https://nsearchives.nseindia.com/30d/BANKBETA-EQ.svg,,EQ
ITETF,Mirae Asset Nifty IT ETF,29.31,30.49,29.3,30.27,0.87,2.96,693859,20996173.34,29.4203,42.02,27.22,-,-,-17.249863313285946,-4.511041009463722,29.4,0,-19.63,-7.26,08-Oct-2025,08-Sep-2026,-,-4.511041009463722,-,-17.249863313285946,27.962874821513573,-11.204996326230715,https://nsearchives.nseindia.com/today/ITETFEQN.svg,https://nsearchives.nseindia.com/30d/ITETF-EQ.svg,https://nsearchives.nseindia.com/365d/ITETF-EQ.svg,EQ
MOM100,Nifty Midcap 100,62.74,64.3,62.53,63.74,1,1.59,324497,20537415.13,62.505,70.32,56.15,-,-,2.6739690721649545,-6.140480047121182,62.74,0,1.06,-7.61,08-Oct-2025,08-Sep-2026,-,-6.140480047121182,-,2.6739690721649545,9.357224118316257,-13.517364203027611,https://nsearchives.nseindia.com/today/MOM100EQN.svg,https://nsearchives.nseindia.com/30d/MOM100-EQ.svg,https://nsearchives.nseindia.com/365d/MOM100-EQ.svg,EQ
NIFTY1,Nifty 50,247.2,253.97,247.2,250.99,3.79,1.53,80336,20084803.36,247.0358,295.8,244.8,27-JUL-17, FACE VALUE SPLIT (SUB-DIVISION) - FROM RS 10/- PER SHARE TO RS 1/- PER SHARE,-8.710991489052153,-4.675275351310293,247.2,0,-10.09,-6.11,08-Oct-2025,08-Sep-2026, FACE VALUE SPLIT (SUB-DIVISION) - FROM RS 10/- PER SHARE TO RS 1/- PER SHARE,-4.675275351310293,27-JUL-17,-8.710991489052153,15.148749154834347,-2.528594771241829,https://nsearchives.nseindia.com/today/NIFTY1EQN.svg,https://nsearchives.nseindia.com/30d/NIFTY1-EQ.svg,https://nsearchives.nseindia.com/365d/NIFTY1-EQ.svg,EQ
NEXT50,Nifty Next 50,699.38,706.76,696.36,703.56,4.19,0.60,27892,19615885.76,698.8209,785.96,617,-,-,0.5516649992853937,-6.6611831195192215,699.37,0,-0.05,-7.22,08-Oct-2025,08-Sep-2026,-,-6.6611831195192215,-,0.5516649992853937,10.483994096391685,-14.029173419773088,https://nsearchives.nseindia.com/today/NEXT50EQN.svg,https://nsearchives.nseindia.com/30d/NEXT50-EQ.svg,https://nsearchives.nseindia.com/365d/NEXT50-EQ.svg,EQ
SETFNN50,Nifty Next 50,729,734.49,723.22,734.15,5.76,0.79,26226,19136063.16,725.4123,840,636.01,02-NOV-17, DIVIDEND - RS 7/- PER UNIT,1.079428893998435,-6.049243684574234,728.39,0,0.29,-6.79,08-Oct-2025,08-Sep-2026, DIVIDEND - RS 7/- PER UNIT,-6.049243684574234,02-NOV-17,1.079428893998435,12.601190476190478,-15.43057499095926,https://nsearchives.nseindia.com/today/SETFNN50EQN.svg,https://nsearchives.nseindia.com/30d/SETFNN50-EQ.svg,https://nsearchives.nseindia.com/365d/SETFNN50-EQ.svg,EQ
MOMENTUM30,Nifty 200 Momentum 30 Index,28.95,29.94,28.75,29.33,0.34,1.17,640180,18680452.4,28.847,37.38,26.91,-,-,Infinity,-5.326016785022603,28.99,0,0,-6.42,,08-Sep-2026,-,-5.326016785022603,-,Infinity,21.53558052434458,-8.99293942772203,https://nsearchives.nseindia.com/today/MOMENTUM30EQN.svg,https://nsearchives.nseindia.com/30d/MOMENTUM30-EQ.svg,,EQ
METAL,Nifty Metal Total Return Index,12.32,12.32,11.96,12.14,0.12,1.00,1446902,17507514.2,11.996,14.18,8.7,-,-,19.253438113948928,-8.584337349397583,12.02,0,18.07,-9.49,08-Oct-2025,08-Sep-2026,-,-8.584337349397583,-,19.253438113948928,14.38645980253878,-39.540229885057485,https://nsearchives.nseindia.com/today/METALEQN.svg,https://nsearchives.nseindia.com/30d/METAL-EQ.svg,https://nsearchives.nseindia.com/365d/METAL-EQ.svg,EQ
OILIETF,Nifty Oil & Gas Index,10.6,10.6,10.45,10.5,-0.01,-0.10,1662526,17489773.52,10.5243,14,9.8,-,-,-9.248055315471047,-6.333630686886716,10.51,0,-9.16,-6.24,08-Oct-2025,08-Sep-2026,-,-6.333630686886716,-,-9.248055315471047,25,-7.142857142857135,https://nsearchives.nseindia.com/today/OILIETFEQN.svg,https://nsearchives.nseindia.com/30d/OILIETF-EQ.svg,https://nsearchives.nseindia.com/365d/OILIETF-EQ.svg,EQ
MOREALTY,Motilal Oswal Nifty Realty ETF,81.12,81.26,79.9,80,-0.26,-0.32,217203,17489185.56,80.004,99.49,64,-,-,-8.748716778829705,-10.893294720427713,80.26,0,-8.45,-10.6,08-Oct-2025,08-Sep-2026,-,-10.893294720427713,-,-8.748716778829705,19.589908533520955,-25,https://nsearchives.nseindia.com/today/MOREALTYEQN.svg,https://nsearchives.nseindia.com/30d/MOREALTY-EQ.svg,https://nsearchives.nseindia.com/365d/MOREALTY-EQ.svg,EQ
ABSLBANETF,Nifty Bank,56.28,56.93,56.09,56.81,0.89,1.59,308051,17478813.74,55.9601,64.94,50.97,25-NOV-21, FACE VALUE SPLIT (SUB-DIVISION) - FROM RS 10/- PER SHARE TO RE 1/- PER SHARE,-0.7165326808808049,-2.5724575544503514,55.92,0,-2.27,-4.1,08-Oct-2025,08-Sep-2026, FACE VALUE SPLIT (SUB-DIVISION) - FROM RS 10/- PER SHARE TO RE 1/- PER SHARE,-2.5724575544503514,25-NOV-21,-0.7165326808808049,12.519248537111173,-11.457720227584861,https://nsearchives.nseindia.com/today/ABSLBANETFEQN.svg,https://nsearchives.nseindia.com/30d/ABSLBANETF-EQ.svg,https://nsearchives.nseindia.com/365d/ABSLBANETF-EQ.svg,EQ
GROWWDEFNC,Nifty India Defence Index- Total Return Index,89.86,90.49,88.6,90,0.14,0.16,182927,16410381.17,89.5157,102.07,71.78,-,-,12.570356472795494,-9.972991897569269,89.86,0,12.4,-10.11,08-Oct-2025,08-Sep-2026,-,-9.972991897569269,-,12.570356472795494,11.825217987655524,-25.383115073836723,https://nsearchives.nseindia.com/today/GROWWDEFNCEQN.svg,https://nsearchives.nseindia.com/30d/GROWWDEFNC-EQ.svg,https://nsearchives.nseindia.com/365d/GROWWDEFNC-EQ.svg,EQ
NIFTYBETA,Nifty 50,249.82,252.99,246,252.99,5.67,2.29,65076,16242318.84,246.7637,297.48,244.9,25-SEP-23,FACE VALUE SPLIT (SUB-DIVISION) - FROM RS 10/- PER SHARE TO RE 1/- PER SHARE,Infinity,-3.758511811922241,247.32,0,0,-5.92,,08-Sep-2026,FACE VALUE SPLIT (SUB-DIVISION) - FROM RS 10/- PER SHARE TO RE 1/- PER SHARE,-3.758511811922241,25-SEP-23,Infinity,14.955627269060107,-3.3033891384238476,https://nsearchives.nseindia.com/today/NIFTYBETAEQN.svg,https://nsearchives.nseindia.com/30d/NIFTYBETA-EQ.svg,,EQ
BANKNIFTY1,Nifty Bank,55.21,57.63,55.21,57.33,0.7,1.24,281981,16157511.3,56.6536,65.29,51.71,27-FEB-26,FACE VALUE SPLIT (SUB-DIVISION) - FROM RS 10/- PER SHARE TO RE 1/- PER SHARE,-90.10169374471243,-2.929224517439898,56.63,0,-90.22,-4.11,08-Oct-2025,08-Sep-2026,FACE VALUE SPLIT (SUB-DIVISION) - FROM RS 10/- PER SHARE TO RE 1/- PER SHARE,-2.929224517439898,27-FEB-26,-90.10169374471243,12.191759840710686,-10.868304003094174,https://nsearchives.nseindia.com/today/BANKNIFTY1EQN.svg,https://nsearchives.nseindia.com/30d/BANKNIFTY1-EQ.svg,https://nsearchives.nseindia.com/365d/BANKNIFTY1-EQ.svg,EQ
HNGSNGBEES,Hang Seng Index,460.21,461,454.36,461,5.35,1.17,34905,16026630.75,437.0694,574.75,443.42,19-DEC-19, FACE VALUE SPLIT (SUB-DIVISION) - FROM RS 10/- TO RS 1/-,-14.396598146807044,-1.278454718718553,455.65,0,-15.39,-2.42,08-Oct-2025,08-Sep-2026, FACE VALUE SPLIT (SUB-DIVISION) - FROM RS 10/- TO RS 1/-,-1.278454718718553,19-DEC-19,-14.396598146807044,19.791213571117876,-3.9646384917234188,https://nsearchives.nseindia.com/today/HNGSNGBEESEQN.svg,https://nsearchives.nseindia.com/30d/HNGSNGBEES-EQ.svg,https://nsearchives.nseindia.com/365d/HNGSNGBEES-EQ.svg,EQ
GROWWSLVR,Commodity-Silver,21.34,21.55,21.34,21.49,0.38,1.80,741089,15903769.94,21.1493,36.3,13.59,06-FEB-26,FACE VALUE SPLIT (SUB-DIVISION) - FROM RS 10/- PER UNIT TO RE 1/- PER UNIT,-86.24728017406885,-5.12141280353201,21.11,0,-86.49,-6.8,08-Oct-2025,08-Sep-2026,FACE VALUE SPLIT (SUB-DIVISION) - FROM RS 10/- PER UNIT TO RE 1/- PER UNIT,-5.12141280353201,06-FEB-26,-86.24728017406885,40.79889807162534,-58.13097866077998,https://nsearchives.nseindia.com/today/GROWWSLVREQN.svg,https://nsearchives.nseindia.com/30d/GROWWSLVR-EQ.svg,https://nsearchives.nseindia.com/365d/GROWWSLVR-EQ.svg,EQ
MAHKTECH,Hang Seng TECH Total Return Index,23.19,23.19,22.2,22.48,-0.15,-0.66,695887,15782717.16,16.9094,33.2,21,-,-,-25.141525141525143,-2.6418362927674295,22.63,0,-24.64,-1.99,08-Oct-2025,08-Sep-2026,-,-2.6418362927674295,-,-25.141525141525143,32.28915662650603,-7.04761904761905,https://nsearchives.nseindia.com/today/MAHKTECHEQN.svg,https://nsearchives.nseindia.com/30d/MAHKTECH-EQ.svg,https://nsearchives.nseindia.com/365d/MAHKTECH-EQ.svg,EQ
HDFCNIFIT,HDFC NIFTY IT ETF,29.56,30.74,29.56,30.48,0.92,3.11,491649,14980545.03,29.6532,42.3,27.32,02-FEB-24,FACE VALUE SPLIT (SUB-DIVISION) - FROM RS 299.92/- PER SHARE TO RS 29.992/- PER SHARE,-17.286295793758484,-4.749999999999998,29.56,0,-19.78,-7.63,08-Oct-2025,08-Sep-2026,FACE VALUE SPLIT (SUB-DIVISION) - FROM RS 299.92/- PER SHARE TO RS 29.992/- PER SHARE,-4.749999999999998,02-FEB-24,-17.286295793758484,27.943262411347515,-11.566617862371888,https://nsearchives.nseindia.com/today/HDFCNIFITEQN.svg,https://nsearchives.nseindia.com/30d/HDFCNIFIT-EQ.svg,https://nsearchives.nseindia.com/365d/HDFCNIFIT-EQ.svg,EQ
ELIQUID,Nifty 1D Rate Index (Debt Index),1051.41,1051.43,1051.41,1051.41,0.44,0.04,13938,14654691.96,1050.9886,1051.43,996,-,-,Infinity,0.43655190860113907,1050.97,0,0,0.39,,08-Sep-2026,-,0.43655190860113907,-,Infinity,0.0019021713285698343,-5.563253012048201,https://nsearchives.nseindia.com/today/ELIQUIDEQN.svg,https://nsearchives.nseindia.com/30d/ELIQUID-EQ.svg,,EQ
ICICIB22,S&P BSE BHARAT 22 index,106.52,108.5,106.37,107.95,1.43,1.34,132833,14320725.73,106.313,131,106.25,-,-,-3.0185967118857238,-5.232200860328324,106.52,0,-4.3,-6.49,08-Oct-2025,08-Sep-2026,-,-5.232200860328324,-,-3.0185967118857238,17.59541984732824,-1.6000000000000028,https://nsearchives.nseindia.com/today/ICICIB22EQN.svg,https://nsearchives.nseindia.com/30d/ICICIB22-EQ.svg,https://nsearchives.nseindia.com/365d/ICICIB22-EQ.svg,EQ
MID150CASE,Zerodha Nifty Midcap 150 ETF,10.84,10.91,10.74,10.9,0.15,1.40,1262277,13670459.91,10.7368,13,9.63,-,-,1.774042950513534,-6.276870163370597,10.75,0,0.37,-7.57,08-Oct-2025,08-Sep-2026,-,-6.276870163370597,-,1.774042950513534,16.153846153846153,-13.187954309449632,https://nsearchives.nseindia.com/today/MID150CASEEQN.svg,https://nsearchives.nseindia.com/30d/MID150CASE-EQ.svg,https://nsearchives.nseindia.com/365d/MID150CASE-EQ.svg,EQ
MIDCAPIETF,Nifty Midcap 150,22.16,22.45,22.07,22.45,0.34,1.54,604630,13471156.4,22.0468,24.88,19.89,10-MAY-24,FACE VALUE SPLIT (SUB-DIVISION) - FROM RS 10/- PER SHARE TO RE 1/- PER SHARE,1.491862567811927,-6.1062317022166495,22.11,0,-0.05,-7.53,08-Oct-2025,08-Sep-2026,FACE VALUE SPLIT (SUB-DIVISION) - FROM RS 10/- PER SHARE TO RE 1/- PER SHARE,-6.1062317022166495,10-MAY-24,1.491862567811927,9.766881028938906,-12.87078934137757,https://nsearchives.nseindia.com/today/MIDCAPIETFEQN.svg,https://nsearchives.nseindia.com/30d/MIDCAPIETF-EQ.svg,https://nsearchives.nseindia.com/365d/MIDCAPIETF-EQ.svg,EQ
AUTOIETF,Nifty Auto Index,25.62,25.93,25.4,25.89,0.36,1.41,512768,13214031.36,25.4126,31.46,24.2,01-MAR-24,FACE VALUE SPLIT (SUB-DIVISION) - FROM RS 10/- PER SHARE TO RE 1/- PER SHARE,-4.955947136563869,-10.166551006245662,25.53,0,-6.28,-11.42,08-Oct-2025,08-Sep-2026,FACE VALUE SPLIT (SUB-DIVISION) - FROM RS 10/- PER SHARE TO RE 1/- PER SHARE,-10.166551006245662,01-MAR-24,-4.955947136563869,17.705022250476794,-6.98347107438017,https://nsearchives.nseindia.com/today/AUTOIETFEQN.svg,https://nsearchives.nseindia.com/30d/AUTOIETF-EQ.svg,https://nsearchives.nseindia.com/365d/AUTOIETF-EQ.svg,EQ
CONSUMBEES,Nifty India Consumption TRI,121.38,122.26,120.01,122.26,2.25,1.87,103571,12603554.99,119.8073,144.38,114,-,-,-9.697909742226148,-5.334881920247773,120.01,0,-11.36,-7.08,08-Oct-2025,08-Sep-2026,-,-5.334881920247773,-,-9.697909742226148,15.320681534838615,-7.245614035087724,https://nsearchives.nseindia.com/today/CONSUMBEESEQN.svg,https://nsearchives.nseindia.com/30d/CONSUMBEES-EQ.svg,https://nsearchives.nseindia.com/365d/CONSUMBEES-EQ.svg,EQ
BANKETF,Mirae Asset Nifty Bank ETF,558.13,565.63,557.99,564.35,9.14,1.65,21186,11929624.74,556.1857,628.27,507.01,-,-,-0.6653406790699263,-2.5335912403716554,555.21,0,-2.27,-4.11,08-Oct-2025,08-Sep-2026,-,-2.5335912403716554,-,-0.6653406790699263,10.17396979005841,-11.309441628370257,https://nsearchives.nseindia.com/today/BANKETFEQN.svg,https://nsearchives.nseindia.com/30d/BANKETF-EQ.svg,https://nsearchives.nseindia.com/365d/BANKETF-EQ.svg,EQ
SML100CASE,Nifty Smallcap 100 Index,11.03,11.03,10.71,10.92,0.11,1.02,1093322,11862543.7,10.8003,11.77,8.5,-,-,8.225966303270566,-4.712041884816761,10.81,0,7.14,-5.67,08-Oct-2025,08-Sep-2026,-,-4.712041884816761,-,8.225966303270566,7.221750212404416,-28.470588235294116,https://nsearchives.nseindia.com/today/SML100CASEEQN.svg,https://nsearchives.nseindia.com/30d/SML100CASE-EQ.svg,https://nsearchives.nseindia.com/365d/SML100CASE-EQ.svg,EQ
ABSLLIQUID,Aditya Birla Sun Life CRISIL Overnight Fund AI ETF,1000,1000.01,1000,1000,0,0.00,11685,11685000,1000,1044.99,975,-,-,0.0010000100000990915,0,1000,0,0,0,08-Oct-2025,08-Sep-2026,-,0,-,0.0010000100000990915,4.3053043569794935,-2.5641025641025643,https://nsearchives.nseindia.com/today/ABSLLIQUIDEQN.svg,https://nsearchives.nseindia.com/30d/ABSLLIQUID-EQ.svg,https://nsearchives.nseindia.com/365d/ABSLLIQUID-EQ.svg,EQ
NEXT50BETA,Nifty Next 50,73.63,74.13,72.73,74.13,0.86,1.17,148355,10914477.35,73.0961,82.51,64.34,25-MAR-21, FACE VALUE SPLIT (SUB-DIVISION) - FROM RS 10/- PER UNIT TO Re 1/- PER UNIT,Infinity,-5.590932246561387,73.27,0,0,-6.69,,08-Sep-2026, FACE VALUE SPLIT (SUB-DIVISION) - FROM RS 10/- PER UNIT TO Re 1/- PER UNIT,-5.590932246561387,25-MAR-21,Infinity,10.156344685492678,-15.216039788622927,https://nsearchives.nseindia.com/today/NEXT50BETAEQN.svg,https://nsearchives.nseindia.com/30d/NEXT50BETA-EQ.svg,,EQ
GROWWLIQID,Nifty 1D Rate Index,111.12,111.12,111.11,111.12,0.05,0.05,94751,10527783.61,111.0707,112.71,105.55,-,-,4.7610068822475835,0.41568769202964756,111.07,0,4.71,0.37,08-Oct-2025,08-Sep-2026,-,0.41568769202964756,-,4.7610068822475835,1.410700026616972,-5.277119848413081,https://nsearchives.nseindia.com/today/GROWWLIQIDEQN.svg,https://nsearchives.nseindia.com/30d/GROWWLIQID-EQ.svg,https://nsearchives.nseindia.com/365d/GROWWLIQID-EQ.svg,EQ
TOP10ADD,Nifty Top 10 Equal Weight Index,82.88,84.28,82.88,83.88,1.38,1.67,125236,10488515,82.5038,103.04,81.53,-,-,-12.305279665446951,-3.174419946900612,82.5,0,-13.75,-4.77,08-Oct-2025,08-Sep-2026,-,-3.174419946900612,-,-12.305279665446951,18.59472049689442,-2.8823745860419407,https://nsearchives.nseindia.com/today/TOP10ADDEQN.svg,https://nsearchives.nseindia.com/30d/TOP10ADD-EQ.svg,https://nsearchives.nseindia.com/365d/TOP10ADD-EQ.svg,EQ
MOSMALL250,Motilal Oswal Nifty Smallcap 250 ETF,18.01,18.01,17.44,17.69,0.11,0.63,592526,10440308.12,17.5595,19.38,14.22,-,-,4.181389870435812,-4.7900968783638165,17.58,0,3.53,-5.38,08-Oct-2025,08-Sep-2026,-,-4.7900968783638165,-,4.181389870435812,8.72033023735809,-24.402250351617443,https://nsearchives.nseindia.com/today/MOSMALL250EQN.svg,https://nsearchives.nseindia.com/30d/MOSMALL250-EQ.svg,https://nsearchives.nseindia.com/365d/MOSMALL250-EQ.svg,EQ
DEFENCE,BSE India Defence,72.88,76.27,72.88,75.28,0.53,0.71,137782,10343294.74,74.7001,85.6,58.91,-,-,Infinity,-10.177783080777951,74.75,0,0,-10.81,,08-Sep-2026,-,-10.177783080777951,-,Infinity,12.056074766355133,-27.788151417416408,https://nsearchives.nseindia.com/today/DEFENCEEQN.svg,https://nsearchives.nseindia.com/30d/DEFENCE-EQ.svg,,EQ
QGOLDHALF,Gold,122.03,123.26,122.03,123,1.78,1.47,80541,9904932.18,121.1919,149.69,95.51,16-DEC-21, FACE VALUE SPLIT (SUB-DIVISION) - FROM RS 100 PER SHARE TO RS 2 PER SHARE,20.67104875895221,-2.4506305020223675,121.22,0,18.92,-3.86,08-Oct-2025,08-Sep-2026, FACE VALUE SPLIT (SUB-DIVISION) - FROM RS 100 PER SHARE TO RS 2 PER SHARE,-2.4506305020223675,16-DEC-21,20.67104875895221,17.830182376912287,-28.78232645796251,https://nsearchives.nseindia.com/today/QGOLDHALFEQN.svg,https://nsearchives.nseindia.com/30d/QGOLDHALF-EQ.svg,https://nsearchives.nseindia.com/365d/QGOLDHALF-EQ.svg,EQ
HDFCNIMEG,Nifty Metal Index TRI,118,120.8,118,120.39,1.45,1.22,82752,9854935.68,118.6793,152.55,118,-,-,Infinity,-8.657056145675273,118.94,0,0,-9.76,,08-Sep-2026,-,-8.657056145675273,-,Infinity,21.08161258603737,-2.0254237288135597,https://nsearchives.nseindia.com/today/HDFCNIMEGEQN.svg,https://nsearchives.nseindia.com/30d/HDFCNIMEG-EQ.svg,,EQ
LIQUIDSHRI,SHRIRAM NIFTY 1D RATE LIQUID ETF,1125.13,1125.15,1125.13,1125.13,0.42,0.04,8684,9770628.92,1124.7031,1125.15,1073.86,-,-,4.7733897026642165,0.40872785685602203,1124.71,0,4.73,0.37,08-Oct-2025,08-Sep-2026,-,0.40872785685602203,-,4.7733897026642165,0.0017775407723398487,-4.774365373512396,https://nsearchives.nseindia.com/today/LIQUIDSHRIEQN.svg,https://nsearchives.nseindia.com/30d/LIQUIDSHRI-EQ.svg,https://nsearchives.nseindia.com/365d/LIQUIDSHRI-EQ.svg,EQ
PSUBNKIETF,ICICI Prudential Nifty PSU Bank ETF,79.47,82.56,79.47,81.86,0.76,0.94,113099,9286558.89,81.1025,104,75.59,-,-,7.809824838667184,-3.8072855464159754,81.1,0,6.81,-4.7,08-Oct-2025,08-Sep-2026,-,-3.8072855464159754,-,7.809824838667184,21.28846153846154,-8.294747982537366,https://nsearchives.nseindia.com/today/PSUBNKIETFEQN.svg,https://nsearchives.nseindia.com/30d/PSUBNKIETF-EQ.svg,https://nsearchives.nseindia.com/365d/PSUBNKIETF-EQ.svg,EQ
HDFCNEXT50,HDFC NIFTY NEXT 50 ETF,69.44,69.92,68.99,69.85,0.39,0.56,126753,8825811.39,69.1626,78.07,59.99,20-OCT-23,FACE VALUE SPLIT (SUB-DIVISION) - FROM RS 418.18/- PER SHARE TO RS 41.81/- PER SHARE,0.7936507936507896,-6.241610738255041,69.46,0,0.23,-6.77,08-Oct-2025,08-Sep-2026,FACE VALUE SPLIT (SUB-DIVISION) - FROM RS 418.18/- PER SHARE TO RS 41.81/- PER SHARE,-6.241610738255041,20-OCT-23,0.7936507936507896,10.529012424747021,-16.436072678779784,https://nsearchives.nseindia.com/today/HDFCNEXT50EQN.svg,https://nsearchives.nseindia.com/30d/HDFCNEXT50-EQ.svg,https://nsearchives.nseindia.com/365d/HDFCNEXT50-EQ.svg,EQ
EGOLD,Edelweiss Gold ETF,147,148.7,147,148.6,2.15,1.47,59239,8780404.58,146.1855,184.95,112.1,-,-,21.25662994696042,-2.397372742200332,146.45,0,19.5,-3.81,08-Oct-2025,08-Sep-2026,-,-2.397372742200332,-,21.25662994696042,19.653960529872936,-32.56021409455843,https://nsearchives.nseindia.com/today/EGOLDEQN.svg,https://nsearchives.nseindia.com/30d/EGOLD-EQ.svg,https://nsearchives.nseindia.com/365d/EGOLD-EQ.svg,EQ
SMALL250,Nifty Smallcap 250,17.97,18,17.42,17.65,0.11,0.63,486031,8554145.6,17.5372,19.95,14.16,-,-,Infinity,-5.005382131324003,17.54,0,0,-5.6,,08-Sep-2026,-,-5.005382131324003,-,Infinity,11.528822055137848,-24.646892655367218,https://nsearchives.nseindia.com/today/SMALL250EQN.svg,https://nsearchives.nseindia.com/30d/SMALL250-EQ.svg,,EQ
IVZINGOLD,Gold,129,130.5,128.55,130.5,2.75,2.15,64185,8330571.15,127.1963,156,100,30-APR-26,FACE VALUE SPLIT (SUB-DIVISION) - FROM RS 100/- PER SHARE TO RE 1/- PER SHARE,-98.77943844815654,-1.8058690744921035,127.75,0,-98.81,-3.88,08-Oct-2025,08-Sep-2026,FACE VALUE SPLIT (SUB-DIVISION) - FROM RS 100/- PER SHARE TO RE 1/- PER SHARE,-1.8058690744921035,30-APR-26,-98.77943844815654,16.346153846153847,-30.5,https://nsearchives.nseindia.com/today/IVZINGOLDEQN.svg,https://nsearchives.nseindia.com/30d/IVZINGOLD-EQ.svg,https://nsearchives.nseindia.com/365d/IVZINGOLD-EQ.svg,EQ
GILT5YBEES,Nifty 5 yr Benchmark G-Sec Index,65.46,65.75,65.46,65.51,0.05,0.08,125631,8237624.67,65.5032,69,61.45,-,-,3.556749920961124,-1.2362430272877931,65.46,0,3.48,-1.31,08-Oct-2025,08-Sep-2026,-,-1.2362430272877931,-,3.556749920961124,5.057971014492746,-6.606997558991053,https://nsearchives.nseindia.com/today/GILT5YBEESEQN.svg,https://nsearchives.nseindia.com/30d/GILT5YBEES-EQ.svg,https://nsearchives.nseindia.com/365d/GILT5YBEES-EQ.svg,EQ
AONEGOLD,Domestic price of Gold,13.88,13.9,13.72,13.88,0.22,1.61,592091,8200460.35,13.6697,17.73,10.22,-,-,21.01133391455972,-2.253521126760553,13.66,0,19.09,-3.8,08-Oct-2025,08-Sep-2026,-,-2.253521126760553,-,21.01133391455972,21.71460800902425,-35.81213307240704,https://nsearchives.nseindia.com/today/AONEGOLDEQN.svg,https://nsearchives.nseindia.com/30d/AONEGOLD-EQ.svg,https://nsearchives.nseindia.com/365d/AONEGOLD-EQ.svg,EQ
EQUAL50ADD,NIFTY 50 Equal Weight Index,317.21,323,316.05,323,8.13,2.58,24348,7767742.44,314.4141,361,304.78,-,-,-2.7254931486221987,-4.2707685012299645,314.87,0,-5.17,-6.68,08-Oct-2025,08-Sep-2026,-,-4.2707685012299645,-,-2.7254931486221987,10.526315789473685,-5.978082551348523,https://nsearchives.nseindia.com/today/EQUAL50ADDEQN.svg,https://nsearchives.nseindia.com/30d/EQUAL50ADD-EQ.svg,https://nsearchives.nseindia.com/365d/EQUAL50ADD-EQ.svg,EQ
MOSILVER,Domestic Price of Physical Silver,216.2,217.28,215.91,216.45,3.38,1.59,35797,7744322.98,213.3383,385,135.25,-,-,41.841415465268675,-5.5793055313208955,213.07,0,39.63,-7.05,08-Oct-2025,08-Sep-2026,-,-5.5793055313208955,-,41.841415465268675,43.77922077922078,-60.03696857670979,https://nsearchives.nseindia.com/today/MOSILVEREQN.svg,https://nsearchives.nseindia.com/30d/MOSILVER-EQ.svg,https://nsearchives.nseindia.com/365d/MOSILVER-EQ.svg,EQ
BFSI,Nifty Financial Services Index,25.6,26.06,25.6,25.98,0.38,1.48,289225,7514065.5,25.6416,29.94,24.03,-,-,-5.698729582577133,-2.987303958177747,25.6,0,-7.08,-4.41,08-Oct-2025,08-Sep-2026,-,-2.987303958177747,-,-5.698729582577133,13.226452905811627,-8.114856429463169,https://nsearchives.nseindia.com/today/BFSIEQN.svg,https://nsearchives.nseindia.com/30d/BFSI-EQ.svg,https://nsearchives.nseindia.com/365d/BFSI-EQ.svg,EQ
NIFTYCASE,Nifty Index 50 Index,9.18,9.18,8.96,9.08,0.12,1.34,818158,7404329.9,8.9401,11.61,8.84,-,-,Infinity,-4.6218487394957934,8.96,0,0,-5.88,,08-Sep-2026,-,-4.6218487394957934,-,Infinity,21.791559000861323,-2.714932126696835,https://nsearchives.nseindia.com/today/NIFTYCASEEQN.svg,https://nsearchives.nseindia.com/30d/NIFTYCASE-EQ.svg,,EQ
GROWWRAIL,Nifty India Railways PSU Index,25.56,25.7,25.3,25.68,0.36,1.42,289570,7395617.8,25.2488,36.75,25.25,-,-,-27.086882453151617,-7.592659229938825,25.32,0,-28.11,-8.89,08-Oct-2025,08-Sep-2026,-,-7.592659229938825,-,-27.086882453151617,30.122448979591837,-1.7029702970297018,https://nsearchives.nseindia.com/today/GROWWRAILEQN.svg,https://nsearchives.nseindia.com/30d/GROWWRAIL-EQ.svg,https://nsearchives.nseindia.com/365d/GROWWRAIL-EQ.svg,EQ
SENSEXIETF,SENSEX,826.58,836.98,826.46,832.56,10.1,1.23,8733,7269611.19,824.0641,999.84,731,-,-,-10.617739892212235,-4.526220428196281,822.46,0,-11.7,-5.68,08-Oct-2025,08-Sep-2026,-,-4.526220428196281,-,-10.617739892212235,16.730676908305334,-13.893296853625163,https://nsearchives.nseindia.com/today/SENSEXIETFEQN.svg,https://nsearchives.nseindia.com/30d/SENSEXIETF-EQ.svg,https://nsearchives.nseindia.com/365d/SENSEXIETF-EQ.svg,EQ
MIDSMALL,Mirae Asset Nifty MidSmallcap400 Momentum Quality 100 ETF,49.39,49.84,48.93,49.59,0.48,0.98,146354,7237205.3,49.0866,53.07,42.41,-,-,3.463384101815155,-4.57956513373099,49.11,0,2.46,-5.5,08-Oct-2025,08-Sep-2026,-,-4.57956513373099,-,3.463384101815155,6.557377049180322,-16.929969346852175,https://nsearchives.nseindia.com/today/MIDSMALLEQN.svg,https://nsearchives.nseindia.com/30d/MIDSMALL-EQ.svg,https://nsearchives.nseindia.com/365d/MIDSMALL-EQ.svg,EQ
HDFCMID150,HDFC NIFTY Midcap 150 ETF,21.7,22,21.59,21.9,0.2,0.92,327206,7146179.04,21.5899,25.2,19.42,20-OCT-23,FACE VALUE SPLIT (SUB-DIVISION) - FROM RS 115.95/- PER SHARE TO RS 11.59/- PER SHARE,0.8751727314601461,-6.4901793339026606,21.7,0,-0.05,-7.34,08-Oct-2025,08-Sep-2026,FACE VALUE SPLIT (SUB-DIVISION) - FROM RS 115.95/- PER SHARE TO RS 11.59/- PER SHARE,-6.4901793339026606,20-OCT-23,0.8751727314601461,13.095238095238098,-12.770339855818726,https://nsearchives.nseindia.com/today/HDFCMID150EQN.svg,https://nsearchives.nseindia.com/30d/HDFCMID150-EQ.svg,https://nsearchives.nseindia.com/365d/HDFCMID150-EQ.svg,EQ
EBBETF0431,Nifty BHARAT Bond,1426.55,1437.15,1426,1432,5.41,0.38,4977,7127910.09,1429.9952,1469,1372.83,-,-,3.6089485717593344,-0.2215749940774024,1426.59,0,3.22,-0.6,08-Oct-2025,08-Sep-2026,-,-0.2215749940774024,-,3.6089485717593344,2.518720217835262,-4.310074808971255,https://nsearchives.nseindia.com/today/EBBETF0431EQN.svg,https://nsearchives.nseindia.com/30d/EBBETF0431-EQ.svg,https://nsearchives.nseindia.com/365d/EBBETF0431-EQ.svg,EQ
NIF100BEES,Nifty 100 TRI,248.29,257.98,247.6,249.15,1.76,0.71,27226,6794248.3,246.999,290,240,-,-,-8.181315644002217,-5.374097987086975,247.39,0,-8.83,-6.04,08-Oct-2025,08-Sep-2026,-,-5.374097987086975,-,-8.181315644002217,14.086206896551722,-3.812500000000002,https://nsearchives.nseindia.com/today/NIF100BEESEQN.svg,https://nsearchives.nseindia.com/30d/NIF100BEES-EQ.svg,https://nsearchives.nseindia.com/365d/NIF100BEES-EQ.svg,EQ
GROWWEV,Nifty EV and New Age Automotive Index,29.5,29.95,29.1,29.26,-0.15,-0.51,227142,6680246.22,29.2024,34.64,26.2,-,-,-5.276788604726445,-9.215017064846403,29.41,0,-4.79,-8.75,08-Oct-2025,08-Sep-2026,-,-9.215017064846403,-,-5.276788604726445,15.531177829099304,-11.679389312977108,https://nsearchives.nseindia.com/today/GROWWEVEQN.svg,https://nsearchives.nseindia.com/30d/GROWWEV-EQ.svg,https://nsearchives.nseindia.com/365d/GROWWEV-EQ.svg,EQ
ALPHAETF,Mirae Asset Nifty 200 Alpha 30 ETF,24.87,25.2,24.64,25.02,0.27,1.09,267356,6678552.88,24.7323,27.61,21.8,-,-,0.4012841091492691,-6.327218270310749,24.75,0,-0.68,-7.34,08-Oct-2025,08-Sep-2026,-,-6.327218270310749,-,0.4012841091492691,9.380659181455995,-14.770642201834857,https://nsearchives.nseindia.com/today/ALPHAETFEQN.svg,https://nsearchives.nseindia.com/30d/ALPHAETF-EQ.svg,https://nsearchives.nseindia.com/365d/ALPHAETF-EQ.svg,EQ
NV20IETF,Nifty50 Value 20,12.63,12.85,12.63,12.81,0.18,1.43,513281,6554598.37,12.6204,16,12.5,01-MAR-24,FACE VALUE SPLIT (SUB-DIVISION) - FROM RS 10/- PER SHARE TO RE 1/- PER SHARE,-11.41078838174274,-4.545454545454541,12.63,0,-12.66,-5.89,08-Oct-2025,08-Sep-2026,FACE VALUE SPLIT (SUB-DIVISION) - FROM RS 10/- PER SHARE TO RE 1/- PER SHARE,-4.545454545454541,01-MAR-24,-11.41078838174274,19.937499999999996,-2.480000000000004,https://nsearchives.nseindia.com/today/NV20IETFEQN.svg,https://nsearchives.nseindia.com/30d/NV20IETF-EQ.svg,https://nsearchives.nseindia.com/365d/NV20IETF-EQ.svg,EQ
MIDCAP,Nifty Midcap 50 Index,17.39,17.39,16.9,17.16,0.19,1.12,379272,6481758.48,16.8924,19.27,15.01,27-FEB-26,FACE VALUE SPLIT (SUB-DIVISION) - FROM RS 10/- PER SHARE TO RE 1/- PER SHARE,-89.68129885748648,-7.243243243243243,16.97,0,-89.8,-8.27,08-Oct-2025,08-Sep-2026,FACE VALUE SPLIT (SUB-DIVISION) - FROM RS 10/- PER SHARE TO RE 1/- PER SHARE,-7.243243243243243,27-FEB-26,-89.68129885748648,10.94966268811624,-14.323784143904065,https://nsearchives.nseindia.com/today/MIDCAPEQN.svg,https://nsearchives.nseindia.com/30d/MIDCAP-EQ.svg,https://nsearchives.nseindia.com/365d/MIDCAP-EQ.svg,EQ
GROWWMETAL,Nifty Metal Index,11.09,11.65,11.09,11.5,0.12,1.05,559906,6399725.58,11.3445,13.45,10.03,-,-,Infinity,-7.852564102564106,11.38,0,0,-8.81,,08-Sep-2026,-,-7.852564102564106,-,Infinity,14.498141263940518,-14.656031904287145,https://nsearchives.nseindia.com/today/GROWWMETALEQN.svg,https://nsearchives.nseindia.com/30d/GROWWMETAL-EQ.svg,,EQ
MOMMIDCAP,BSE Midcap 150 Momentum 30 TRI,12.24,12.45,12.15,12.39,0.15,1.23,497431,6143272.85,12.2288,14.99,10.8,-,-,Infinity,-5.347593582887695,12.24,0,0,-6.49,,08-Sep-2026,-,-5.347593582887695,-,Infinity,17.344896597731818,-14.722222222222221,https://nsearchives.nseindia.com/today/MOMMIDCAPEQN.svg,https://nsearchives.nseindia.com/30d/MOMMIDCAP-EQ.svg,,EQ
FINIETF,ICICI Prudential Nifty Financial Services Ex-Bank ETF,29.92,30.33,29.83,30,0.08,0.27,196315,5916934.1,29.8281,34.56,27.4,-,-,-1.7681728880157144,-7.862407862407869,29.92,0,-2.03,-8.11,08-Oct-2025,08-Sep-2026,-,-7.862407862407869,-,-1.7681728880157144,13.19444444444445,-9.489051094890515,https://nsearchives.nseindia.com/today/FINIETFEQN.svg,https://nsearchives.nseindia.com/30d/FINIETF-EQ.svg,https://nsearchives.nseindia.com/365d/FINIETF-EQ.svg,EQ
EQUAL50,Nifty50 Equal Weight,308.2,309.61,307.79,309.1,4.7,1.54,18721,5783104.11,304.2669,342.88,295.16,-,-,-4.0419719359244946,-5.4826774302051655,304.4,0,-5.5,-6.92,08-Oct-2025,08-Sep-2026,-,-5.4826774302051655,-,-4.0419719359244946,9.851843210452628,-4.722862176446672,https://nsearchives.nseindia.com/today/EQUAL50EQN.svg,https://nsearchives.nseindia.com/30d/EQUAL50-EQ.svg,https://nsearchives.nseindia.com/365d/EQUAL50-EQ.svg,EQ
INTERNET,Equity Index,13.47,13.99,13.38,13.5,0.07,0.52,424022,5745498.1,13.4079,15.8,10.72,-,-,-7.534246575342464,-7.534246575342464,13.43,0,-8.01,-8.01,08-Oct-2025,08-Sep-2026,-,-7.534246575342464,-,-7.534246575342464,14.556962025316459,-25.932835820895516,https://nsearchives.nseindia.com/today/INTERNETEQN.svg,https://nsearchives.nseindia.com/30d/INTERNET-EQ.svg,https://nsearchives.nseindia.com/365d/INTERNET-EQ.svg,EQ
TOP100CASE,Zerodha Nifty 100 ETF,9.95,9.96,9.8,9.95,0.15,1.53,580930,5739588.4,9.7888,11.57,9.48,-,-,-7.096171802054169,-4.602109300095882,9.8,0,-8.5,-6.04,08-Oct-2025,08-Sep-2026,-,-4.602109300095882,-,-7.096171802054169,14.001728608470192,-4.957805907172983,https://nsearchives.nseindia.com/today/TOP100CASEEQN.svg,https://nsearchives.nseindia.com/30d/TOP100CASE-EQ.svg,https://nsearchives.nseindia.com/365d/TOP100CASE-EQ.svg,EQ
MIDSELIETF,S&P BSE Midcap Select Index,18.2,18.48,18.12,18.3,0.2,1.10,291419,5341710.27,18.094,20.39,14.55,10-MAY-24,FACE VALUE SPLIT (SUB-DIVISION) - FROM RS 10/- PER SHARE TO RE 1/- PER SHARE,4.332953249714946,-7.993966817496229,18.1,0,3.19,-9,08-Oct-2025,08-Sep-2026,FACE VALUE SPLIT (SUB-DIVISION) - FROM RS 10/- PER SHARE TO RE 1/- PER SHARE,-7.993966817496229,10-MAY-24,4.332953249714946,10.25012260912212,-25.773195876288657,https://nsearchives.nseindia.com/today/MIDSELIETFEQN.svg,https://nsearchives.nseindia.com/30d/MIDSELIETF-EQ.svg,https://nsearchives.nseindia.com/365d/MIDSELIETF-EQ.svg,EQ
GROWWNIFTY,Nifty 50 Index - TRI,9.19,9.19,9.03,9.15,0.13,1.44,586928,5335175.52,8.9951,11.88,8.89,-,-,-8.682634730538915,-4.488517745302711,9.02,0,-9.98,-5.85,08-Oct-2025,08-Sep-2026,-,-4.488517745302711,-,-8.682634730538915,22.979797979797983,-2.9246344206974104,https://nsearchives.nseindia.com/today/GROWWNIFTYEQN.svg,https://nsearchives.nseindia.com/30d/GROWWNIFTY-EQ.svg,https://nsearchives.nseindia.com/365d/GROWWNIFTY-EQ.svg,EQ
COMMOIETF,ICICI Prudential Nifty Commodities ETF,90.32,91.31,90.08,91.1,0.78,0.86,58014,5272312.32,90.3855,110.56,90.08,-,-,-0.4480384657414608,-7.681394406161342,90.32,0,-1.3,-8.47,08-Oct-2025,08-Sep-2026,-,-7.681394406161342,-,-0.4480384657414608,17.601302460202614,-1.1323268206039032,https://nsearchives.nseindia.com/today/COMMOIETFEQN.svg,https://nsearchives.nseindia.com/30d/COMMOIETF-EQ.svg,https://nsearchives.nseindia.com/365d/COMMOIETF-EQ.svg,EQ
INFRABEES,Nifty Infra,881.82,898,878,898,16.19,1.84,5890,5212591.1,879.8405,1018.3,871.35,-,-,-4.160174176609962,-5.20126257561202,881.81,0,-5.89,-6.91,08-Oct-2025,08-Sep-2026,-,-5.20126257561202,-,-4.160174176609962,11.813807325935379,-3.0584724852240748,https://nsearchives.nseindia.com/today/INFRABEESEQN.svg,https://nsearchives.nseindia.com/30d/INFRABEES-EQ.svg,https://nsearchives.nseindia.com/365d/INFRABEES-EQ.svg,EQ
LTGILTCASE,Nifty 8-13 Yr G-Sec Index,30.01,30.18,29.91,30.03,0.02,0.07,172950,5198877,29.9339,31.31,28.71,-,-,1.7276422764227695,-1.2495889510029563,30.01,0,1.66,-1.32,08-Oct-2025,08-Sep-2026,-,-1.2495889510029563,-,1.7276422764227695,4.08815075055892,-4.597701149425288,https://nsearchives.nseindia.com/today/LTGILTCASEEQN.svg,https://nsearchives.nseindia.com/30d/LTGILTCASE-EQ.svg,https://nsearchives.nseindia.com/365d/LTGILTCASE-EQ.svg,EQ
ALPL30IETF,Nifty Alpha Low-Volatility 30 Index,25.31,25.6,25.27,25.42,0.11,0.43,199460,5090219.2,25.2816,29.17,24.35,10-MAY-24,FACE VALUE SPLIT (SUB-DIVISION) - FROM RS 10/- PER SHARE TO RE 1/- PER SHARE,-6.5097462302317,-7.4289876183539665,25.31,0,-6.91,-7.83,08-Oct-2025,08-Sep-2026,FACE VALUE SPLIT (SUB-DIVISION) - FROM RS 10/- PER SHARE TO RE 1/- PER SHARE,-7.4289876183539665,10-MAY-24,-6.5097462302317,12.855673637298594,-4.394250513347023,https://nsearchives.nseindia.com/today/ALPL30IETFEQN.svg,https://nsearchives.nseindia.com/30d/ALPL30IETF-EQ.svg,https://nsearchives.nseindia.com/365d/ALPL30IETF-EQ.svg,EQ
EVINDIA,Nifty EV and New Age Automotive Total Return Index,29.37,29.8,29.09,29.55,0.18,0.61,170141,5003846.81,29.2971,35.04,26.2,-,-,-4.615881213686248,-8.79629629629629,29.37,0,-5.2,-9.35,08-Oct-2025,08-Sep-2026,-,-8.79629629629629,-,-4.615881213686248,15.66780821917808,-12.786259541984737,https://nsearchives.nseindia.com/today/EVINDIAEQN.svg,https://nsearchives.nseindia.com/30d/EVINDIA-EQ.svg,https://nsearchives.nseindia.com/365d/EVINDIA-EQ.svg,EQ
ENERGY,Nifty Energy,36.65,36.65,35.63,36.11,0.18,0.50,138801,4999612.02,35.9432,42.82,29,-,-,Infinity,-6.085825747724326,35.93,0,0,-6.55,,08-Sep-2026,-,-6.085825747724326,-,Infinity,15.670247547874828,-24.517241379310345,https://nsearchives.nseindia.com/today/ENERGYEQN.svg,https://nsearchives.nseindia.com/30d/ENERGY-EQ.svg,,EQ
MOVALUE,Motilal Oswal S&P BSE Enhanced Value ETF,105.65,106,104.4,105.9,1.29,1.23,45845,4835272.15,104.4642,128.77,103.53,-,-,-0.9169161676646611,-5.183991404781083,104.61,0,-2.12,-6.34,08-Oct-2025,08-Sep-2026,-,-5.183991404781083,-,-0.9169161676646611,17.760347907121226,-2.2891915386844435,https://nsearchives.nseindia.com/today/MOVALUEEQN.svg,https://nsearchives.nseindia.com/30d/MOVALUE-EQ.svg,https://nsearchives.nseindia.com/365d/MOVALUE-EQ.svg,EQ
INFRAIETF,ICICI Prudential Nifty Infrastructure ETF,88.52,88.8,87.43,88,0.39,0.45,48921,4309450.89,87.5738,101,86.8,-,-,-5.8622165169020155,-7.133811734909249,87.61,0,-6.28,-7.55,08-Oct-2025,08-Sep-2026,-,-7.133811734909249,-,-5.8622165169020155,12.871287128712872,-1.3824884792626762,https://nsearchives.nseindia.com/today/INFRAIETFEQN.svg,https://nsearchives.nseindia.com/30d/INFRAIETF-EQ.svg,https://nsearchives.nseindia.com/365d/INFRAIETF-EQ.svg,EQ
MOGOLD,Domestic Price of Physical Gold,144.65,147.2,144.65,147,2.4,1.66,29420,4303557.6,144.6759,175,115.45,-,-,20.987654320987655,-2.3904382470119483,144.6,0,19.01,-3.98,08-Oct-2025,08-Sep-2026,-,-2.3904382470119483,-,20.987654320987655,16,-27.327847553053264,https://nsearchives.nseindia.com/today/MOGOLDEQN.svg,https://nsearchives.nseindia.com/30d/MOGOLD-EQ.svg,https://nsearchives.nseindia.com/365d/MOGOLD-EQ.svg,EQ
HDFCPVTBAN,HDFC NIFTY Private Bank ETF,27.46,27.9,27.44,27.64,0.22,0.80,154894,4289014.86,27.42,30.17,24.31,02-FEB-24,FACE VALUE SPLIT (SUB-DIVISION) - FROM RS 216.75/- PER SHARE TO RS 21.675/- PER SHARE,-0.6470165348670012,-1.426533523537798,27.42,0,-1.44,-2.21,08-Oct-2025,08-Sep-2026,FACE VALUE SPLIT (SUB-DIVISION) - FROM RS 216.75/- PER SHARE TO RS 21.675/- PER SHARE,-1.426533523537798,02-FEB-24,-0.6470165348670012,8.38581372224064,-13.698066639243118,https://nsearchives.nseindia.com/today/HDFCPVTBANEQN.svg,https://nsearchives.nseindia.com/30d/HDFCPVTBAN-EQ.svg,https://nsearchives.nseindia.com/365d/HDFCPVTBAN-EQ.svg,EQ
LICMFGOLD,Gold,132.25,133.9,132.25,133.35,1.55,1.18,29893,3986231.55,,162,102.5,06-MAR-26,FACE VALUE SPLIT (SUB-DIVISION) - FROM RS 100/- PER SHARE TO RE 1/- PER SHARE,-98.79960031686592,-2.806122448979588,131.8,0,-98.81,-3.94,08-Oct-2025,08-Sep-2026,FACE VALUE SPLIT (SUB-DIVISION) - FROM RS 100/- PER SHARE TO RE 1/- PER SHARE,-2.806122448979588,06-MAR-26,-98.79960031686592,17.685185185185187,-30.097560975609753,https://nsearchives.nseindia.com/today/LICMFGOLDEQN.svg,https://nsearchives.nseindia.com/30d/LICMFGOLD-EQ.svg,https://nsearchives.nseindia.com/365d/LICMFGOLD-EQ.svg,EQ
TECH,Nifty IT TRI Index,30.48,31.5,30.41,31.27,0.79,2.59,127599,3984916.77,30.3829,49.41,28,-,-,-16.635563849640093,-4.635559621835924,30.48,0,-18.74,-7.04,08-Oct-2025,08-Sep-2026,-,-4.635559621835924,-,-16.635563849640093,36.713215948188626,-11.678571428571427,https://nsearchives.nseindia.com/today/TECHEQN.svg,https://nsearchives.nseindia.com/30d/TECH-EQ.svg,https://nsearchives.nseindia.com/365d/TECH-EQ.svg,EQ
SHARIABEES,Shariah,416.86,423.47,416.73,422.9,7.01,1.69,9293,3906777.2,414.9672,534.61,413.49,10-MAR-14,DIVIDEND-RS.2 PER UNIT,-13.778339585711963,-5.22824552360891,415.89,0,-15.21,-6.8,08-Oct-2025,08-Sep-2026,DIVIDEND-RS.2 PER UNIT,-5.22824552360891,10-MAR-14,-13.778339585711963,20.89560614279569,-2.2757503204430503,https://nsearchives.nseindia.com/today/SHARIABEESEQN.svg,https://nsearchives.nseindia.com/30d/SHARIABEES-EQ.svg,https://nsearchives.nseindia.com/365d/SHARIABEES-EQ.svg,EQ
LOWVOL1,Kotak Nifty 100 Low Vol 30 ETF,19.49,19.74,19.4,19.52,0.3,1.56,194869,3823329.78,19.3216,22.9,18.77,-,-,-7.136060894386299,-6.378896882494012,19.22,0,-8.56,-7.82,08-Oct-2025,08-Sep-2026,-,-6.378896882494012,-,-7.136060894386299,14.759825327510914,-3.9957378795950986,https://nsearchives.nseindia.com/today/LOWVOL1EQN.svg,https://nsearchives.nseindia.com/30d/LOWVOL1-EQ.svg,https://nsearchives.nseindia.com/365d/LOWVOL1-EQ.svg,EQ
HDFCMOMENT,HDFC NIFTY200 Momentum 30 ETF,29.36,29.63,29,29.61,0.25,0.85,128558,3783461.94,29.1159,33.23,27.13,20-OCT-23,FACE VALUE SPLIT (SUB-DIVISION) - FROM RS 190.61/- PER SHARE TO RS 19.061/- PER SHARE,-4.545454545454546,-5.187319884726229,29.36,0,-5.35,-5.99,08-Oct-2025,08-Sep-2026,FACE VALUE SPLIT (SUB-DIVISION) - FROM RS 190.61/- PER SHARE TO RS 19.061/- PER SHARE,-5.187319884726229,20-OCT-23,-4.545454545454546,10.893770689136316,-9.14117213416882,https://nsearchives.nseindia.com/today/HDFCMOMENTEQN.svg,https://nsearchives.nseindia.com/30d/HDFCMOMENT-EQ.svg,https://nsearchives.nseindia.com/365d/HDFCMOMENT-EQ.svg,EQ
GROWWNET,Index,9.99,10.14,9.91,10.06,0.07,0.70,374075,3740750,9.9256,11.57,7.93,-,-,-7.195571955719552,-7.366482504604042,9.99,0,-7.84,-8.01,08-Oct-2025,08-Sep-2026,-,-7.366482504604042,-,-7.195571955719552,13.050993949870351,-26.86002522068097,https://nsearchives.nseindia.com/today/GROWWNETEQN.svg,https://nsearchives.nseindia.com/30d/GROWWNET-EQ.svg,https://nsearchives.nseindia.com/365d/GROWWNET-EQ.svg,EQ
HDFCSENSEX,SENSEX,82.07,82.81,81.51,82.81,1.13,1.38,45136,3711081.92,81.2998,98.48,78.44,02-FEB-24,FACE VALUE SPLIT (SUB-DIVISION) - FROM RS 250.361/- PER SHARE TO RS 25.0361/- PER SHARE,-10.096623602214741,-3.698104430747753,81.68,0,-11.32,-5.01,08-Oct-2025,08-Sep-2026,FACE VALUE SPLIT (SUB-DIVISION) - FROM RS 250.361/- PER SHARE TO RS 25.0361/- PER SHARE,-3.698104430747753,02-FEB-24,-10.096623602214741,15.911860276198215,-5.571137174910766,https://nsearchives.nseindia.com/today/HDFCSENSEXEQN.svg,https://nsearchives.nseindia.com/30d/HDFCSENSEX-EQ.svg,https://nsearchives.nseindia.com/365d/HDFCSENSEX-EQ.svg,EQ
MAKEINDIA,Nifty India Manufacturing Total Return Index,152.41,152.67,150.08,151.92,0.49,0.32,23161,3518155.9,151.0987,173.11,140.12,-,-,0.5160778086542287,-8.183246706152556,151.43,0,0.19,-8.48,08-Oct-2025,08-Sep-2026,-,-8.183246706152556,-,0.5160778086542287,12.240771763618524,-8.421353125892079,https://nsearchives.nseindia.com/today/MAKEINDIAEQN.svg,https://nsearchives.nseindia.com/30d/MAKEINDIA-EQ.svg,https://nsearchives.nseindia.com/365d/MAKEINDIA-EQ.svg,EQ
BNKETFAXIS,Nifty Bank,568.99,571.57,568.51,571.1,9.25,1.65,6143,3497701.34,562.7546,647.82,512.51,-,-,Infinity,-2.4144353502041924,561.85,0,0,-4,,08-Sep-2026,-,-2.4144353502041924,-,Infinity,11.842795838350161,-11.431972059081781,https://nsearchives.nseindia.com/today/BNKETFAXISEQN.svg,https://nsearchives.nseindia.com/30d/BNKETFAXIS-EQ.svg,,EQ
MOHEALTH,Motilal Oswal S&P BSE Healthcare ETF,49.36,49.98,48.37,49.59,0.23,0.47,70513,3493919.15,49.2354,53.89,40.79,-,-,11.488309352518002,-5.722433460076041,49.36,0,10.97,-6.16,08-Oct-2025,08-Sep-2026,-,-5.722433460076041,-,11.488309352518002,7.9792169233624,-21.57391517528807,https://nsearchives.nseindia.com/today/MOHEALTHEQN.svg,https://nsearchives.nseindia.com/30d/MOHEALTH-EQ.svg,https://nsearchives.nseindia.com/365d/MOHEALTH-EQ.svg,EQ
CHEMICAL,Nifty Chemicals Index (TRI),28.74,28.74,27.87,28.19,0.15,0.53,124286,3487465.16,27.905,31.8,24.5,-,-,Infinity,-6.438765350149345,28.04,0,0,-6.94,,08-Sep-2026,-,-6.438765350149345,-,Infinity,11.352201257861633,-15.061224489795922,https://nsearchives.nseindia.com/today/CHEMICALEQN.svg,https://nsearchives.nseindia.com/30d/CHEMICAL-EQ.svg,,EQ
NV20BEES,Nifty50 Value20 TRI,129.92,133.6,129.9,133,3.35,2.58,25939,3406828.26,129.5168,160,128.49,19-DEC-19, FACE VALUE SPLIT (SUB-DIVISION) - FROM RS 10/- TO RS 1/-,-10.413579415330734,-3.4482758620689653,129.65,0,-12.67,-5.88,08-Oct-2025,08-Sep-2026, FACE VALUE SPLIT (SUB-DIVISION) - FROM RS 10/- TO RS 1/-,-3.4482758620689653,19-DEC-19,-10.413579415330734,16.875,-3.5100007782706752,https://nsearchives.nseindia.com/today/NV20BEESEQN.svg,https://nsearchives.nseindia.com/30d/NV20BEES-EQ.svg,https://nsearchives.nseindia.com/365d/NV20BEES-EQ.svg,EQ
SENSEXETF,Mirae Asset S&P BSE Sensex ETF,73.9,75.1,72.44,74.98,1.06,1.43,42572,3180979.84,73.9541,88.7,72.44,-,-,-10.343178285304306,-4.105384320245548,73.92,0,-11.61,-5.46,08-Oct-2025,08-Sep-2026,-,-4.105384320245548,-,-10.343178285304306,15.467869222096956,-3.506350082827176,https://nsearchives.nseindia.com/today/SENSEXETFEQN.svg,https://nsearchives.nseindia.com/30d/SENSEXETF-EQ.svg,https://nsearchives.nseindia.com/365d/SENSEXETF-EQ.svg,EQ
AONESILVER,Domestic price of Silver,8.31,8.41,8.31,8.41,0.16,1.94,378084,3168343.92,8.2531,12,7.43,-,-,Infinity,-4.648526077097507,8.25,0,0,-6.46,,08-Sep-2026,-,-4.648526077097507,-,Infinity,29.916666666666668,-13.189771197846575,https://nsearchives.nseindia.com/today/AONESILVEREQN.svg,https://nsearchives.nseindia.com/30d/AONESILVER-EQ.svg,,EQ
TNIDETF,Nifty India Digital Index,81.3,85,81.3,84.9,1.66,1.99,36711,3105750.6,83.3885,103.26,74.5,-,-,-9.987277353689555,-5.319504851120771,83.24,0,-11.75,-7.17,08-Oct-2025,08-Sep-2026,-,-5.319504851120771,-,-9.987277353689555,17.78036025566531,-13.959731543624168,https://nsearchives.nseindia.com/today/TNIDETFEQN.svg,https://nsearchives.nseindia.com/30d/TNIDETF-EQ.svg,https://nsearchives.nseindia.com/365d/TNIDETF-EQ.svg,EQ
DIVOPPBEES,Nifty Dividend Opportunities 50 TRI,71.9,71.92,70.43,71.63,0.99,1.40,42871,3071278.44,70.3911,87.09,70.43,-,-,-8.190207639066907,-5.426458938473726,70.64,0,-9.46,-6.73,08-Oct-2025,08-Sep-2026,-,-5.426458938473726,-,-8.190207639066907,17.751751062119656,-1.7038193951440985,https://nsearchives.nseindia.com/today/DIVOPPBEESEQN.svg,https://nsearchives.nseindia.com/30d/DIVOPPBEES-EQ.svg,https://nsearchives.nseindia.com/365d/DIVOPPBEES-EQ.svg,EQ
HDFCGROWTH,HDFC NIFTY Growth Sectors 15 ETF,108.44,109.61,108.16,109.5,1.06,0.98,28041,3053384.49,107.2132,133.3,107.1,-,-,-11.393429357501212,-6.673485042188696,108.44,0,-12.25,-7.58,08-Oct-2025,08-Sep-2026,-,-6.673485042188696,-,-11.393429357501212,17.85446361590398,-2.2408963585434227,https://nsearchives.nseindia.com/today/HDFCGROWTHEQN.svg,https://nsearchives.nseindia.com/30d/HDFCGROWTH-EQ.svg,https://nsearchives.nseindia.com/365d/HDFCGROWTH-EQ.svg,EQ
HDFCPSUBK,HDFC NIFTY PSU BANK ETF,79.94,82.27,79.94,81.63,0.85,1.05,36831,3016827.21,80.9002,101.25,75.42,-,-,7.819310527010966,-3.499231587658125,80.78,0,6.7,-4.5,08-Oct-2025,08-Sep-2026,-,-3.499231587658125,-,7.819310527010966,19.377777777777784,-8.233890214797126,https://nsearchives.nseindia.com/today/HDFCPSUBKEQN.svg,https://nsearchives.nseindia.com/30d/HDFCPSUBK-EQ.svg,https://nsearchives.nseindia.com/365d/HDFCPSUBK-EQ.svg,EQ
HEALTHY,Nifty Healthcare TRI,15.9,16.49,15.9,16.25,0.09,0.56,185111,3013607.08,16.1397,17.79,13.58,-,-,9.427609427609429,-4.915155061439437,16.16,0,8.82,-5.44,08-Oct-2025,08-Sep-2026,-,-4.915155061439437,-,9.427609427609429,8.656548622821806,-19.661266568483065,https://nsearchives.nseindia.com/today/HEALTHYEQN.svg,https://nsearchives.nseindia.com/30d/HEALTHY-EQ.svg,https://nsearchives.nseindia.com/365d/HEALTHY-EQ.svg,EQ
GROWWCAPM,Nifty Capital Markets Index,11,11.01,10.78,10.92,-0.04,-0.36,274693,2991406.77,10.9333,12.66,8.02,-,-,Infinity,-4.461942257217846,10.96,0,0,-4.11,,08-Sep-2026,-,-4.461942257217846,-,Infinity,13.744075829383888,-36.159600997506246,https://nsearchives.nseindia.com/today/GROWWCAPMEQN.svg,https://nsearchives.nseindia.com/30d/GROWWCAPM-EQ.svg,,EQ
ELM250,Nifty LargeMidcap 250 TRI,15.46,15.7,15.39,15.6,0.14,0.91,178243,2775243.51,15.3289,18.5,14.43,-,-,-4.000000000000002,-5.282331511839704,15.46,0,-4.86,-6.13,08-Oct-2025,08-Sep-2026,-,-5.282331511839704,-,-4.000000000000002,15.675675675675679,-8.108108108108109,https://nsearchives.nseindia.com/today/ELM250EQN.svg,https://nsearchives.nseindia.com/30d/ELM250-EQ.svg,https://nsearchives.nseindia.com/365d/ELM250-EQ.svg,EQ
SBIETFIT,Nifty IT Index,312.48,319.09,307,316.18,7.7,2.50,8660,2735001.2,307.6687,439.27,285,-,-,-17.360167276529015,-4.650180940892646,308.48,0,-19.37,-6.97,08-Oct-2025,08-Sep-2026,-,-4.650180940892646,-,-17.360167276529015,28.021490199649417,-10.940350877192985,https://nsearchives.nseindia.com/today/SBIETFITEQN.svg,https://nsearchives.nseindia.com/30d/SBIETFIT-EQ.svg,https://nsearchives.nseindia.com/365d/SBIETFIT-EQ.svg,EQ
GOLDBND,Commodity - Gold,147.16,148.83,147.16,148.54,2.11,1.44,17901,2657403.45,146.1571,180.16,115.17,-,-,Infinity,-2.5072197427146374,146.43,0,0,-3.89,,08-Sep-2026,-,-2.5072197427146374,-,Infinity,17.551065719360572,-28.974559347052175,https://nsearchives.nseindia.com/today/GOLDBNDEQN.svg,https://nsearchives.nseindia.com/30d/GOLDBND-EQ.svg,,EQ
EVIETF,Nifty EV & New Age Automotive ETF,29.46,29.63,29.06,29.51,0.13,0.44,89780,2644918.8,29.2442,36,26.28,-,-,-4.806451612903221,-9.144088669950726,29.38,0,-5.23,-9.54,08-Oct-2025,08-Sep-2026,-,-9.144088669950726,-,-4.806451612903221,18.027777777777775,-12.290715372907155,https://nsearchives.nseindia.com/today/EVIETFEQN.svg,https://nsearchives.nseindia.com/30d/EVIETF-EQ.svg,https://nsearchives.nseindia.com/365d/EVIETF-EQ.svg,EQ
SILVERBND,Commodity - Silver,219.02,220.96,218.72,219.43,3.46,1.60,11772,2591723.52,216.5304,389,180,-,-,Infinity,-5.377317809400604,215.97,0,0,-6.87,,08-Sep-2026,-,-5.377317809400604,-,Infinity,43.59125964010283,-21.905555555555562,https://nsearchives.nseindia.com/today/SILVERBNDEQN.svg,https://nsearchives.nseindia.com/30d/SILVERBND-EQ.svg,,EQ
MOENERGY,Nifty Energy Index,36.1,36.38,35.55,35.99,0.01,0.03,68800,2474048,35.8653,43,33,-,-,Infinity,-6.276041666666658,35.98,0,0,-6.3,,08-Sep-2026,-,-6.276041666666658,-,Infinity,16.302325581395344,-9.060606060606068,https://nsearchives.nseindia.com/today/MOENERGYEQN.svg,https://nsearchives.nseindia.com/30d/MOENERGY-EQ.svg,,EQ
MANUFGBEES,Nifty India Manufacturing TRI,149.5,150.93,148.2,150.61,1.18,0.79,16404,2454366.48,149.2401,171.58,138.6,-,-,1.1484217595701867,-7.4080904955121,149.43,0,0.36,-8.13,08-Oct-2025,08-Sep-2026,-,-7.4080904955121,-,1.1484217595701867,12.221704161324162,-8.665223665223678,https://nsearchives.nseindia.com/today/MANUFGBEESEQN.svg,https://nsearchives.nseindia.com/30d/MANUFGBEES-EQ.svg,https://nsearchives.nseindia.com/365d/MANUFGBEES-EQ.svg,EQ
SBIBPB,BSE PSU Bank Index TRI,46.86,47.41,46.54,47.41,0.82,1.76,47375,2237995,46.6032,58.27,42.76,-,-,8.093935248518006,-2.9875179046449785,46.59,0,6.22,-4.67,08-Oct-2025,08-Sep-2026,-,-2.9875179046449785,-,8.093935248518006,18.637377724386486,-10.874649204864356,https://nsearchives.nseindia.com/today/SBIBPBEQN.svg,https://nsearchives.nseindia.com/30d/SBIBPB-EQ.svg,https://nsearchives.nseindia.com/365d/SBIBPB-EQ.svg,EQ
MOMOMENTUM,Nifty 200 Momentum 30 Total Return Index,58.66,59.6,58.07,59.55,0.88,1.50,37347,2198244.42,58.3947,66.28,54.32,11-AUG-22,FACE VALUE SPLIT (SUB-DIVISION) - FROM RS 10/- PER UNIT TO RS 2/- PER UNIT,-4.22965583789,-4.613166746756371,58.67,0,-5.64,-6.02,08-Oct-2025,08-Sep-2026,FACE VALUE SPLIT (SUB-DIVISION) - FROM RS 10/- PER UNIT TO RS 2/- PER UNIT,-4.613166746756371,11-AUG-22,-4.22965583789,10.153892576946296,-9.6281296023564,https://nsearchives.nseindia.com/today/MOMOMENTUMEQN.svg,https://nsearchives.nseindia.com/30d/MOMOMENTUM-EQ.svg,https://nsearchives.nseindia.com/365d/MOMOMENTUM-EQ.svg,EQ
EBBETF0433,BHARAT Bond ETF-April 2033,1301,1301,1295,1295,-5.7,-0.44,1634,2118824.14,1298.8136,1350.32,1243.25,-,-,2.4979421262584647,-0.9135844032625869,1300.7,0,2.95,-0.48,08-Oct-2025,08-Sep-2026,-,-0.9135844032625869,-,2.4979421262584647,4.096806682860355,-4.162477377840338,https://nsearchives.nseindia.com/today/EBBETF0433EQN.svg,https://nsearchives.nseindia.com/30d/EBBETF0433-EQ.svg,https://nsearchives.nseindia.com/365d/EBBETF0433-EQ.svg,EQ
MIDCAPADD,Nifty Midcap 150 Index,21.95,22,21.4,21.74,0.22,1.02,97817,2108934.52,21.3462,25.5,19.27,-,-,Infinity,-5.8874458874458995,21.52,0,0,-6.84,,08-Sep-2026,-,-5.8874458874458995,-,Infinity,14.745098039215693,-12.81785158277114,https://nsearchives.nseindia.com/today/MIDCAPADDEQN.svg,https://nsearchives.nseindia.com/30d/MIDCAPADD-EQ.svg,,EQ
LIQUIDSBI,SBI NIFTY 1D Rate ETF,999.99,1000,999.99,1000,0.01,0.00,2094,2093979.06,1000,1010.02,970.23,-,-,0,0.0010000100000990915,999.99,0,0,0,08-Oct-2025,08-Sep-2026,-,0.0010000100000990915,-,0,0.992059563176965,-3.068344619317067,https://nsearchives.nseindia.com/today/LIQUIDSBIEQN.svg,https://nsearchives.nseindia.com/30d/LIQUIDSBI-EQ.svg,https://nsearchives.nseindia.com/365d/LIQUIDSBI-EQ.svg,EQ
SILVER360,Commodity-Silver,215.33,216.12,214.66,216.1,3.71,1.75,9599,2067528.61,212.2608,358,136.95,-,-,44.220501868659895,-4.919042590637103,212.39,0,41.74,-6.55,08-Oct-2025,08-Sep-2026,-,-4.919042590637103,-,44.220501868659895,39.63687150837989,-57.79481562614094,https://nsearchives.nseindia.com/today/SILVER360EQN.svg,https://nsearchives.nseindia.com/30d/SILVER360-EQ.svg,https://nsearchives.nseindia.com/365d/SILVER360-EQ.svg,EQ
MID150,Nifty Midcap 150 Index,22.04,22.04,21.73,22.01,-0.03,-0.14,93760,2054281.6,,24.95,18.97,-,-,1.1024345429490217,-6.26064735945485,22.04,0,1.24,-6.13,08-Oct-2025,08-Sep-2026,-,-6.26064735945485,-,1.1024345429490217,11.783567134268528,-16.025303110173976,https://nsearchives.nseindia.com/today/MID150EQN.svg,https://nsearchives.nseindia.com/30d/MID150-EQ.svg,https://nsearchives.nseindia.com/365d/MID150-EQ.svg,EQ
ITADD,DSP Nifty IT ETF,29.67,30.61,29.5,30.61,1.08,3.66,62657,1890988.26,29.4656,41.92,27.17,-,-,Infinity,-3.7118590751808735,29.53,0,0,-7.11,,08-Sep-2026,-,-3.7118590751808735,-,Infinity,26.979961832061072,-12.661023187338968,https://nsearchives.nseindia.com/today/ITADDEQN.svg,https://nsearchives.nseindia.com/30d/ITADD-EQ.svg,,EQ
NEXT50ETF,Nifty Next 50 Index,68.39,69.8,68,68.31,-0.27,-0.39,26722,1831525.88,68.169,78,60.15,-,-,Infinity,-7.010618023414091,68.58,0,0,-6.64,,08-Sep-2026,-,-7.010618023414091,-,Infinity,12.42307692307692,-13.566084788029931,https://nsearchives.nseindia.com/today/NEXT50ETFEQN.svg,https://nsearchives.nseindia.com/30d/NEXT50ETF-EQ.svg,,EQ
MOMIDMTM,Nifty Midcap 150 Momentum 50 Total Return Index,60.9,61.78,60.5,61.49,0.54,0.89,29656,1813167.84,60.6125,70,54.78,-,-,-0.43717616580310237,-5.21042084168337,60.95,0,-1.31,-6.04,08-Oct-2025,08-Sep-2026,-,-5.21042084168337,-,-0.43717616580310237,12.157142857142853,-12.248995983935744,https://nsearchives.nseindia.com/today/MOMIDMTMEQN.svg,https://nsearchives.nseindia.com/30d/MOMIDMTM-EQ.svg,https://nsearchives.nseindia.com/365d/MOMIDMTM-EQ.svg,EQ
SELECTIPO,BSE Select IPO Index,45.35,45.7,45,45.5,0.29,0.64,38512,1747674.56,45.2542,50.72,37.8,-,-,-6.97198936822735,-6.9148936170212805,45.21,0,-7.56,-7.51,08-Oct-2025,08-Sep-2026,-,-6.9148936170212805,-,-6.97198936822735,10.291798107255518,-20.370370370370377,https://nsearchives.nseindia.com/today/SELECTIPOEQN.svg,https://nsearchives.nseindia.com/30d/SELECTIPO-EQ.svg,https://nsearchives.nseindia.com/365d/SELECTIPO-EQ.svg,EQ
BANKPSU,Nifty PSU Bank Total Return Index,80.87,82.15,80.87,81.8,0.93,1.15,20947,1711160.43,80.656,99.52,75.22,-,-,8.244012174143185,-3.6400047119802137,80.87,0,7.01,-4.74,08-Oct-2025,08-Sep-2026,-,-3.6400047119802137,-,8.244012174143185,17.805466237942124,-8.747673491092792,https://nsearchives.nseindia.com/today/BANKPSUEQN.svg,https://nsearchives.nseindia.com/30d/BANKPSU-EQ.svg,https://nsearchives.nseindia.com/365d/BANKPSU-EQ.svg,EQ
GROWWRLTY,Index,9.03,9.1,8.87,9.06,0.19,2.14,190091,1710819,8.933,11.3,7.17,-,-,Infinity,-9.67098703888334,8.87,0,0,-11.57,,08-Sep-2026,-,-9.67098703888334,-,Infinity,19.823008849557525,-26.35983263598327,https://nsearchives.nseindia.com/today/GROWWRLTYEQN.svg,https://nsearchives.nseindia.com/30d/GROWWRLTY-EQ.svg,,EQ
NIF100IETF,Nifty 100,26.26,26.44,26,26.44,0.43,1.65,64333,1691314.57,25.9796,30.88,23,10-MAY-24,FACE VALUE SPLIT (SUB-DIVISION) - FROM RS 10/- PER SHARE TO RE 1/- PER SHARE,-7.228070175438592,-4.78934101548433,26.01,0,-8.74,-6.34,08-Oct-2025,08-Sep-2026,FACE VALUE SPLIT (SUB-DIVISION) - FROM RS 10/- PER SHARE TO RE 1/- PER SHARE,-4.78934101548433,10-MAY-24,-7.228070175438592,14.378238341968904,-14.956521739130439,https://nsearchives.nseindia.com/today/NIF100IETFEQN.svg,https://nsearchives.nseindia.com/30d/NIF100IETF-EQ.svg,https://nsearchives.nseindia.com/365d/NIF100IETF-EQ.svg,EQ
CONSUMER,Nifty India New AgeConsumption,11.21,11.21,10.97,11.1,0.11,1.00,150572,1669843.48,10.9757,12.74,9.69,-,-,-7.960199004975131,-7.345575959933229,10.99,0,-8.87,-8.26,08-Oct-2025,08-Sep-2026,-,-7.345575959933229,-,-7.960199004975131,12.87284144427002,-14.55108359133127,https://nsearchives.nseindia.com/today/CONSUMEREQN.svg,https://nsearchives.nseindia.com/30d/CONSUMER-EQ.svg,https://nsearchives.nseindia.com/365d/CONSUMER-EQ.svg,EQ
MOM50,Nifty 50,233.78,237.05,233.73,235.02,3.74,1.62,7026,1659260.16,233.0186,279.33,221.55,16-OCT-14,FACE VALUE SPLIT FROM RS.10/- TO RS.7/-,-9.36367142306209,-5.126756014855477,231.28,0,-10.81,-6.64,08-Oct-2025,08-Sep-2026,FACE VALUE SPLIT FROM RS.10/- TO RS.7/-,-5.126756014855477,16-OCT-14,-9.36367142306209,15.862957791859083,-6.079891672308734,https://nsearchives.nseindia.com/today/MOM50EQN.svg,https://nsearchives.nseindia.com/30d/MOM50-EQ.svg,https://nsearchives.nseindia.com/365d/MOM50-EQ.svg,EQ
NIFTYQLITY,Aditya Birla Sun Life Nifty 200 Quality 30 ETF,19.65,20.3,19.65,19.9,0.37,1.89,83576,1645611.44,19.4293,23.03,18.95,-,-,-6.791569086651067,-5.418250950570346,19.53,0,-8.52,-7.18,08-Oct-2025,08-Sep-2026,-,-5.418250950570346,-,-6.791569086651067,13.590968302214511,-5.0131926121372,https://nsearchives.nseindia.com/today/NIFTYQLITYEQN.svg,https://nsearchives.nseindia.com/30d/NIFTYQLITY-EQ.svg,https://nsearchives.nseindia.com/365d/NIFTYQLITY-EQ.svg,EQ
TOP20,Nifty Top 20 Equal Weight,8.3,8.4,8.3,8.38,0.14,1.70,190204,1590105.44,8.2382,9.99,8,-,-,Infinity,-4.55580865603643,8.24,0,0,-6.15,,08-Sep-2026,-,-4.55580865603643,-,Infinity,16.11611611611611,-4.75000000000001,https://nsearchives.nseindia.com/today/TOP20EQN.svg,https://nsearchives.nseindia.com/30d/TOP20-EQ.svg,,EQ
LICNETFGSC,Nifty 8-13 Yr Gsec,29.06,29.23,28.89,28.89,-0.03,-0.10,53336,1545143.92,28.9281,30.53,27.8,-,-,1.4040014040014115,-1.6678012253233438,28.92,0,1.51,-1.57,08-Oct-2025,08-Sep-2026,-,-1.6678012253233438,-,1.4040014040014115,5.371765476580414,-3.9208633093525176,https://nsearchives.nseindia.com/today/LICNETFGSCEQN.svg,https://nsearchives.nseindia.com/30d/LICNETFGSC-EQ.svg,https://nsearchives.nseindia.com/365d/LICNETFGSC-EQ.svg,EQ
MULTICAP,Nifty500 Multicap 50:25:25 Index,15.68,15.84,15.61,15.77,0.16,1.02,98057,1544397.75,15.6093,17.5,14.2,-,-,-2.533992583436342,-5.512282804074306,15.61,0,-3.52,-6.47,08-Oct-2025,08-Sep-2026,-,-5.512282804074306,-,-2.533992583436342,9.88571428571429,-11.056338028169016,https://nsearchives.nseindia.com/today/MULTICAPEQN.svg,https://nsearchives.nseindia.com/30d/MULTICAP-EQ.svg,https://nsearchives.nseindia.com/365d/MULTICAP-EQ.svg,EQ
ESG,NIFTY100 ESG SECTOR LEADERS,38.39,38.58,38.35,38.53,0.52,1.37,38606,1483242.52,38.0338,45.06,37.52,-,-,-9.638836772983113,-4.958066107548095,38.01,0,-10.86,-6.24,08-Oct-2025,08-Sep-2026,-,-4.958066107548095,-,-9.638836772983113,14.491788726142921,-2.691897654584216,https://nsearchives.nseindia.com/today/ESGEQN.svg,https://nsearchives.nseindia.com/30d/ESG-EQ.svg,https://nsearchives.nseindia.com/365d/ESG-EQ.svg,EQ
VAL30IETF,Nifty200 Value 30 Index,14.05,15.18,14,14.21,0.22,1.57,102405,1449030.75,13.966,17.7,13.54,-,-,4.8708487084870855,-5.266666666666661,13.99,0,3.25,-6.73,08-Oct-2025,08-Sep-2026,-,-5.266666666666661,-,4.8708487084870855,19.717514124293775,-4.9483013293944,https://nsearchives.nseindia.com/today/VAL30IETFEQN.svg,https://nsearchives.nseindia.com/30d/VAL30IETF-EQ.svg,https://nsearchives.nseindia.com/365d/VAL30IETF-EQ.svg,EQ
SENSEXBETA,SENSEX,796,811.79,793.34,800,6.33,0.80,1769,1416739.03,794.0641,952.91,785,26-FEB-21, INTERIM DIVIDEND - RS 13.56 PER UNIT,Infinity,-4.909069297515744,793.67,0,0,-5.66,,08-Sep-2026, INTERIM DIVIDEND - RS 13.56 PER UNIT,-4.909069297515744,26-FEB-21,Infinity,16.046636093649973,-1.910828025477707,https://nsearchives.nseindia.com/today/SENSEXBETAEQN.svg,https://nsearchives.nseindia.com/30d/SENSEXBETA-EQ.svg,,EQ
HSBCGOLD,Commodity,128.49,129.5,128.49,129.34,1.89,1.48,10808,1396717.84,127.3029,146.4,119.1,-,-,Infinity,-2.50998718625159,127.45,0,0,-3.93,,08-Sep-2026,-,-2.50998718625159,-,Infinity,11.653005464480875,-8.597816960537372,https://nsearchives.nseindia.com/today/HSBCGOLDEQN.svg,https://nsearchives.nseindia.com/30d/HSBCGOLD-EQ.svg,,EQ
ABSLNN50ET,Nifty Next 50,73.25,73.25,71.3,72.1,-1.65,-2.24,19064,1369557.76,71.3172,80.33,63.02,25-NOV-21, FACE VALUE SPLIT (SUB-DIVISION) - FROM RS 10/- PER SHARE TO RE 1/- PER SHARE,1.4207342804895076,-6.180871828236826,73.75,0,3.74,-4.03,08-Oct-2025,08-Sep-2026, FACE VALUE SPLIT (SUB-DIVISION) - FROM RS 10/- PER SHARE TO RE 1/- PER SHARE,-6.180871828236826,25-NOV-21,1.4207342804895076,10.245238391634514,-14.408124404950794,https://nsearchives.nseindia.com/today/ABSLNN50ETEQN.svg,https://nsearchives.nseindia.com/30d/ABSLNN50ET-EQ.svg,https://nsearchives.nseindia.com/365d/ABSLNN50ET-EQ.svg,EQ
NIFTYBETF,Bajaj Finserv Nifty 50 ETF,229.55,232.91,229.55,232.82,3.27,1.42,5911,1367332.52,229.0933,279.99,227.01,-,-,-8.698039215686277,-4.519356955380581,229.55,0,-9.98,-5.86,08-Oct-2025,08-Sep-2026,-,-4.519356955380581,-,-8.698039215686277,16.8470302510804,-2.55935861856306,https://nsearchives.nseindia.com/today/NIFTYBETFEQN.svg,https://nsearchives.nseindia.com/30d/NIFTYBETF-EQ.svg,https://nsearchives.nseindia.com/365d/NIFTYBETF-EQ.svg,EQ
PSUBANKADD,DSP Nifty PSU Bank ETF,81.5,82.32,80.92,81.75,0.59,0.73,16481,1352266.05,80.8747,99.88,75.27,-,-,7.963549920760699,-3.9591165413533886,81.16,0,7.18,-4.65,08-Oct-2025,08-Sep-2026,-,-3.9591165413533886,-,7.963549920760699,18.151782138566276,-8.609007572738149,https://nsearchives.nseindia.com/today/PSUBANKADDEQN.svg,https://nsearchives.nseindia.com/30d/PSUBANKADD-EQ.svg,https://nsearchives.nseindia.com/365d/PSUBANKADD-EQ.svg,EQ
AONETOTAL,Nifty Total Market Index,11.29,11.46,11.07,11.27,0.2,1.81,111558,1246102.86,11.0828,12.51,9.6,-,-,-3.427592116538135,-4.5723962743437845,11.07,0,-5.14,-6.27,08-Oct-2025,08-Sep-2026,-,-4.5723962743437845,-,-3.427592116538135,9.912070343725022,-17.395833333333336,https://nsearchives.nseindia.com/today/AONETOTALEQN.svg,https://nsearchives.nseindia.com/30d/AONETOTAL-EQ.svg,https://nsearchives.nseindia.com/365d/AONETOTAL-EQ.svg,EQ
NIFTYJBLK,INDEX,11.65,11.69,11.43,11.55,0.12,1.05,106725,1229472,11.4004,13.05,9.94,-,-,Infinity,-4.859967051070838,11.43,0,0,-5.85,,08-Sep-2026,-,-4.859967051070838,-,Infinity,11.494252873563218,-16.197183098591562,https://nsearchives.nseindia.com/today/NIFTYJBLKEQN.svg,https://nsearchives.nseindia.com/30d/NIFTYJBLK-EQ.svg,,EQ
NIFTY100EW,Nifty 100 Equal Weight Index,31.86,33.48,31.86,32.67,0.16,0.49,37219,1216689.11,32.322,41.41,29.84,-,-,-1.8034265103697065,-6.039689387402937,32.51,0,-2.28,-6.5,08-Oct-2025,08-Sep-2026,-,-6.039689387402937,-,-1.8034265103697065,21.106013040328413,-9.483914209115287,https://nsearchives.nseindia.com/today/NIFTY100EWEQN.svg,https://nsearchives.nseindia.com/30d/NIFTY100EW-EQ.svg,https://nsearchives.nseindia.com/365d/NIFTY100EW-EQ.svg,EQ
HEALTHAXIS,Nifty Healthcare Index,159.69,162,159.69,161.95,1.95,1.22,7351,1183878.55,159.6029,190,135.2,-,-,Infinity,-4.347055696651121,160,0,0,-5.5,,08-Sep-2026,-,-4.347055696651121,-,Infinity,14.763157894736846,-19.785502958579883,https://nsearchives.nseindia.com/today/HEALTHAXISEQN.svg,https://nsearchives.nseindia.com/30d/HEALTHAXIS-EQ.svg,,EQ
GROWWMOM50,Nifty 500 Momentum 50 Index- Total Return Index,10.5,10.63,10.38,10.63,0.09,0.85,112653,1181729.97,10.4372,11.55,9.12,-,-,1.9175455417066258,-3.8009049773755645,10.54,0,1.05,-4.62,08-Oct-2025,08-Sep-2026,-,-3.8009049773755645,-,1.9175455417066258,7.965367965367965,-16.55701754385967,https://nsearchives.nseindia.com/today/GROWWMOM50EQN.svg,https://nsearchives.nseindia.com/30d/GROWWMOM50-EQ.svg,https://nsearchives.nseindia.com/365d/GROWWMOM50-EQ.svg,EQ
VALUEAXIS,Nifty500 Value 50 TRI,30.52,30.98,30.25,30.5,0.13,0.43,38416,1170535.52,30.1284,39,26.76,-,-,Infinity,-6.4990803188228,30.37,0,0,-6.9,,08-Sep-2026,-,-6.4990803188228,-,Infinity,21.794871794871796,-13.976083707025404,https://nsearchives.nseindia.com/today/VALUEAXISEQN.svg,https://nsearchives.nseindia.com/30d/VALUEAXIS-EQ.svg,,EQ
BANKBETF,Bajaj Finserv Nifty Bank ETF,55.95,56.46,55.68,56.15,0.74,1.34,20663,1159814.19,55.5041,63.9,50.71,-,-,-1.2139338494018381,-2.9721790219457387,55.41,0,-2.52,-4.25,08-Oct-2025,08-Sep-2026,-,-2.9721790219457387,-,-1.2139338494018381,12.1283255086072,-10.727667126799442,https://nsearchives.nseindia.com/today/BANKBETFEQN.svg,https://nsearchives.nseindia.com/30d/BANKBETF-EQ.svg,https://nsearchives.nseindia.com/365d/BANKBETF-EQ.svg,EQ
AONENIFTY,Nifty 50 Index,9.35,9.35,8.5,9.31,0.1,1.09,124487,1155239.36,9.1929,12,8.5,-,-,-9.082031249999996,-4.90296220633298,9.21,0,-10.06,-5.92,08-Oct-2025,08-Sep-2026,-,-4.90296220633298,-,-9.082031249999996,22.41666666666666,-9.52941176470589,https://nsearchives.nseindia.com/today/AONENIFTYEQN.svg,https://nsearchives.nseindia.com/30d/AONENIFTY-EQ.svg,https://nsearchives.nseindia.com/365d/AONENIFTY-EQ.svg,EQ
MNC,Kotak Nifty MNC ETF,30.95,30.95,30.3,30.81,0.36,1.18,34434,1053336.06,30.3928,35.65,27.83,-,-,1.0163934426229466,-6.946541830262762,30.45,0,-0.16,-8.03,08-Oct-2025,08-Sep-2026,-,-6.946541830262762,-,1.0163934426229466,13.576437587657784,-10.707869205892925,https://nsearchives.nseindia.com/today/MNCEQN.svg,https://nsearchives.nseindia.com/30d/MNC-EQ.svg,https://nsearchives.nseindia.com/365d/MNC-EQ.svg,EQ
CHOICEGOLD,Gold,146,147.91,145.4,147,1.91,1.32,6608,971838.56,145.2339,175.49,115.79,-,-,Infinity,-2.655453281239647,145.09,0,0,-3.92,,08-Sep-2026,-,-2.655453281239647,-,Infinity,16.23454327881931,-26.95396839105276,https://nsearchives.nseindia.com/today/CHOICEGOLDEQN.svg,https://nsearchives.nseindia.com/30d/CHOICEGOLD-EQ.svg,,EQ
GOLD360,Commodity-Gold,145,145.25,144.1,144.55,1.55,1.08,6546,947598.96,142.832,178,111.15,-,-,9.549071618037154,-2.4957841483979686,143,0,8.37,-3.54,08-Oct-2025,08-Sep-2026,-,-2.4957841483979686,-,9.549071618037154,18.792134831460668,-30.04948268106163,https://nsearchives.nseindia.com/today/GOLD360EQN.svg,https://nsearchives.nseindia.com/30d/GOLD360-EQ.svg,https://nsearchives.nseindia.com/365d/GOLD360-EQ.svg,EQ
MOQUALITY,Motilal Oswal S&P BSE Quality ETF,184.48,187.33,184.43,187.3,4.46,2.44,4974,922279.08,183.8721,225.6,176.15,-,-,-2.908091856306042,-6.006925277262006,182.84,0,-5.22,-8.25,08-Oct-2025,08-Sep-2026,-,-6.006925277262006,-,-2.908091856306042,16.976950354609922,-6.329832529094524,https://nsearchives.nseindia.com/today/MOQUALITYEQN.svg,https://nsearchives.nseindia.com/30d/MOQUALITY-EQ.svg,https://nsearchives.nseindia.com/365d/MOQUALITY-EQ.svg,EQ
QUAL30IETF,ICICI Prudential Nifty 200 Quality 30 ETF,19.5,19.73,19.43,19.73,0.45,2.33,46588,913590.68,19.2395,23,18,10-MAY-24,FACE VALUE SPLIT (SUB-DIVISION) - FROM RS 10/- PER SHARE TO RE 1/- PER SHARE,-6.933962264150939,-5.598086124401905,19.28,0,-9.06,-7.75,08-Oct-2025,08-Sep-2026,FACE VALUE SPLIT (SUB-DIVISION) - FROM RS 10/- PER SHARE TO RE 1/- PER SHARE,-5.598086124401905,10-MAY-24,-6.933962264150939,14.217391304347824,-9.611111111111114,https://nsearchives.nseindia.com/today/QUAL30IETFEQN.svg,https://nsearchives.nseindia.com/30d/QUAL30IETF-EQ.svg,https://nsearchives.nseindia.com/365d/QUAL30IETF-EQ.svg,EQ
ABSLPSE,Aditya Birla Sun Life Nifty PSE ETF,9.44,9.72,9.4,9.51,0.07,0.74,93543,886787.64,9.4081,11.6,9.21,-,-,-5.654761904761908,-6.120434353405735,9.44,0,-6.35,-6.81,08-Oct-2025,08-Sep-2026,-,-6.120434353405735,-,-5.654761904761908,18.017241379310345,-3.257328990228001,https://nsearchives.nseindia.com/today/ABSLPSEEQN.svg,https://nsearchives.nseindia.com/30d/ABSLPSE-EQ.svg,https://nsearchives.nseindia.com/365d/ABSLPSE-EQ.svg,EQ
NETF,Tata Nifty 50 Exchange Traded Fund,243.99,246.29,243.5,246.29,4.04,1.67,3535,865756.85,242.3643,292.9,240.66,-,-,-8.761206193969032,-4.505447636772529,242.25,0,-10.26,-6.07,08-Oct-2025,08-Sep-2026,-,-4.505447636772529,-,-8.761206193969032,15.913280983270736,-2.3393999833790393,https://nsearchives.nseindia.com/today/NETFEQN.svg,https://nsearchives.nseindia.com/30d/NETF-EQ.svg,https://nsearchives.nseindia.com/365d/NETF-EQ.svg,EQ
SMALLADD,Nifty Smallcap 250 Index,17.59,18.35,17.5,17.95,0.36,2.05,48092,855556.68,17.6013,19.5,14.01,-,-,Infinity,-3.598281417830299,17.59,0,0,-5.53,,08-Sep-2026,-,-3.598281417830299,-,Infinity,7.948717948717952,-28.122769450392575,https://nsearchives.nseindia.com/today/SMALLADDEQN.svg,https://nsearchives.nseindia.com/30d/SMALLADD-EQ.svg,,EQ
SBISMLETF,Nifty Smallcap 250 Index,17.64,17.97,17.38,17.64,0.08,0.46,48728,855176.4,17.4808,18.97,16.53,-,-,Infinity,-5.0080775444264924,17.56,0,0,-5.44,,08-Sep-2026,-,-5.0080775444264924,-,Infinity,7.011070110701098,-6.71506352087114,https://nsearchives.nseindia.com/today/SBISMLETFEQN.svg,https://nsearchives.nseindia.com/30d/SBISMLETF-EQ.svg,,EQ
PVTBANKADD,DSP Nifty Private Bank ETF,27.6,27.85,27.4,27.76,0.41,1.50,28453,787294.51,27.331,31.88,24.02,-,-,0.25279884434814115,-0.6086645184389479,27.35,0,-1.23,-2.08,08-Oct-2025,08-Sep-2026,-,-0.6086645184389479,-,0.25279884434814115,12.923462986198237,-15.570358034970868,https://nsearchives.nseindia.com/today/PVTBANKADDEQN.svg,https://nsearchives.nseindia.com/30d/PVTBANKADD-EQ.svg,https://nsearchives.nseindia.com/365d/PVTBANKADD-EQ.svg,EQ
SBIETFQLTY,Nifty 200 Quality 30 Index,204.96,207.23,204.09,206.78,2.43,1.19,3700,760905,202.2726,247.28,194,-,-,-7.460281942268958,-5.807862251172961,204.35,0,-8.55,-6.91,08-Oct-2025,08-Sep-2026,-,-5.807862251172961,-,-7.460281942268958,16.378194758977678,-6.587628865979381,https://nsearchives.nseindia.com/today/SBIETFQLTYEQN.svg,https://nsearchives.nseindia.com/30d/SBIETFQLTY-EQ.svg,https://nsearchives.nseindia.com/365d/SBIETFQLTY-EQ.svg,EQ
SBIMIDMOM,Nifty Midcap 150 Momentum 50 Index,60.1,60.95,59.6,60.88,0.86,1.43,12256,742591.04,59.8558,67.74,53.86,-,-,Infinity,-5.008581682009676,60.02,0,0,-6.35,,08-Sep-2026,-,-5.008581682009676,-,Infinity,10.126956008266891,-13.0337913108058,https://nsearchives.nseindia.com/today/SBIMIDMOMEQN.svg,https://nsearchives.nseindia.com/30d/SBIMIDMOM-EQ.svg,,EQ
QNIFTY,Nifty 50,246.4,249,246,248.6,3.35,1.37,2930,726991.6,244.9652,291.19,243.2,13-FEB-26,FACE VALUE SPLIT (SUB-DIVISION) - FROM RS 10/- PER UNIT TO RE 1/- PER UNIT,-90.90729537757035,-5.027506112469436,245.25,0,-91.03,-6.31,08-Oct-2025,08-Sep-2026,FACE VALUE SPLIT (SUB-DIVISION) - FROM RS 10/- PER UNIT TO RE 1/- PER UNIT,-5.027506112469436,13-FEB-26,-90.90729537757035,14.626189086163674,-2.2203947368421075,https://nsearchives.nseindia.com/today/QNIFTYEQN.svg,https://nsearchives.nseindia.com/30d/QNIFTY-EQ.svg,https://nsearchives.nseindia.com/365d/QNIFTY-EQ.svg,EQ
EMULTIMQ,Nifty500 Multicap Momentum Quality 50 Total Return Index,39.34,40.07,39.02,39.9,0.56,1.42,18022,716014.06,39.6182,43.54,36.25,-,-,-3.994225216554388,-5.203136136849619,39.34,0,-5.34,-6.53,08-Oct-2025,08-Sep-2026,-,-5.203136136849619,-,-3.994225216554388,8.360128617363346,-10.068965517241375,https://nsearchives.nseindia.com/today/EMULTIMQEQN.svg,https://nsearchives.nseindia.com/30d/EMULTIMQ-EQ.svg,https://nsearchives.nseindia.com/365d/EMULTIMQ-EQ.svg,EQ
ECAPINSURE,BSE Capital Markets & Insurance Total Return Index,22.99,23.39,22.62,22.82,0.07,0.31,28774,660363.3,22.6734,25.88,20.5,-,-,0.21958717610891837,-3.834808259587021,22.75,0,-0.09,-4.13,08-Oct-2025,08-Sep-2026,-,-3.834808259587021,-,0.21958717610891837,11.823802163833072,-11.317073170731708,https://nsearchives.nseindia.com/today/ECAPINSUREEQN.svg,https://nsearchives.nseindia.com/30d/ECAPINSURE-EQ.svg,https://nsearchives.nseindia.com/365d/ECAPINSURE-EQ.svg,EQ
BBETF0432,Nifty BHARAT Bond Index - April 2032,1334.76,1338,1334.75,1334.75,-2.38,-0.18,489,652903.02,1339.0503,1378,1291.01,-,-,2.7323455839907638,-0.8173880735649266,1337.13,0,2.92,-0.64,08-Oct-2025,08-Sep-2026,-,-0.8173880735649266,-,2.7323455839907638,3.1386066763425253,-3.3880450190161198,https://nsearchives.nseindia.com/today/BBETF0432EQN.svg,https://nsearchives.nseindia.com/30d/BBETF0432-EQ.svg,https://nsearchives.nseindia.com/365d/BBETF0432-EQ.svg,EQ
SMALLIETF,Nifty Smallcap 250 Index,17.67,18.08,17.4,17.69,0.13,0.74,36687,646058.07,17.5122,19.49,17.4,-,-,Infinity,-4.8413125336202185,17.56,0,0,-5.54,,08-Sep-2026,-,-4.8413125336202185,-,Infinity,9.23550538737813,-1.6666666666666823,https://nsearchives.nseindia.com/today/SMALLIETFEQN.svg,https://nsearchives.nseindia.com/30d/SMALLIETF-EQ.svg,,EQ
PVTBKGROWW,Nifty Private Bank Index - TRI,27.38,27.49,26.66,27.29,0.31,1.15,22513,615055.16,26.9918,29.57,25.45,-,-,Infinity,-1.4801444043321306,26.98,0,0,-2.6,,08-Sep-2026,-,-1.4801444043321306,-,Infinity,7.710517416300308,-7.229862475442044,https://nsearchives.nseindia.com/today/PVTBKGROWWEQN.svg,https://nsearchives.nseindia.com/30d/PVTBKGROWW-EQ.svg,,EQ
GROWWSC250,Nifty Smallcap 250 Index - TRI,10.16,10.25,10.02,10.19,0.03,0.30,60449,613557.35,10.1132,10.97,8,-,-,Infinity,-4.229323308270686,10.16,0,0,-4.51,,08-Sep-2026,-,-4.229323308270686,-,Infinity,7.110300820419336,-27.374999999999993,https://nsearchives.nseindia.com/today/GROWWSC250EQN.svg,https://nsearchives.nseindia.com/30d/GROWWSC250-EQ.svg,,EQ
NIFTYADD,Nifty 50 Index,237.02,238.38,234.85,238.38,3.71,1.58,2562,608398.14,234.5523,300,232.64,-,-,Infinity,-4.659440867095951,234.67,0,0,-6.14,,08-Sep-2026,-,-4.659440867095951,-,Infinity,20.54,-2.467331499312246,https://nsearchives.nseindia.com/today/NIFTYADDEQN.svg,https://nsearchives.nseindia.com/30d/NIFTYADD-EQ.svg,,EQ
IVZINNIFTY,Nifty 50,262.97,262.97,256.2,259.2,2.64,1.03,2290,593934.4,255.3105,315,251.1,31-JUL-26,FACE VALUE SPLIT (SUB-DIVISION) - FROM RS 10/- PER SHARE TO RE 1/- PER SHARE,-90.85323894854594,-4.660315592010893,256.56,0,-90.95,-5.63,08-Oct-2025,08-Sep-2026,FACE VALUE SPLIT (SUB-DIVISION) - FROM RS 10/- PER SHARE TO RE 1/- PER SHARE,-4.660315592010893,31-JUL-26,-90.85323894854594,17.71428571428572,-3.2258064516129012,https://nsearchives.nseindia.com/today/IVZINNIFTYEQN.svg,https://nsearchives.nseindia.com/30d/IVZINNIFTY-EQ.svg,https://nsearchives.nseindia.com/365d/IVZINNIFTY-EQ.svg,EQ
HEALTHCARE,Nifty 500 Healthcare Index,20.69,20.78,20.48,20.72,0.22,1.07,27120,560299.2,20.5014,23.8,17.18,-,-,Infinity,-5.041246562786441,20.5,0,0,-6.05,,08-Sep-2026,-,-5.041246562786441,-,Infinity,12.941176470588243,-20.605355064027933,https://nsearchives.nseindia.com/today/HEALTHCAREEQN.svg,https://nsearchives.nseindia.com/30d/HEALTHCARE-EQ.svg,,EQ
VALUE,Nifty 500 Value 50,14.85,15.02,14.85,14.99,0.17,1.15,36225,542288.25,14.7995,19.69,14.81,-,-,Infinity,-6.195244055068837,14.82,0,0,-7.26,,08-Sep-2026,-,-6.195244055068837,-,Infinity,23.86998476383952,-1.2153950033760952,https://nsearchives.nseindia.com/today/VALUEEQN.svg,https://nsearchives.nseindia.com/30d/VALUE-EQ.svg,,EQ
LICNMID100,LIC MF Nifty Midcap 100 ETF,58.19,59.45,58.11,58.75,0.56,0.96,8904,523555.2,58.1101,66.4,52.3,-,-,1.3280441531562663,-7.698350353495678,58.19,0,0.36,-8.58,08-Oct-2025,08-Sep-2026,-,-7.698350353495678,-,1.3280441531562663,11.521084337349405,-12.332695984703637,https://nsearchives.nseindia.com/today/LICNMID100EQN.svg,https://nsearchives.nseindia.com/30d/LICNMID100-EQ.svg,https://nsearchives.nseindia.com/365d/LICNMID100-EQ.svg,EQ
CONSUMIETF,Nifty India Consumption Index,111.69,113.55,111.69,113.55,1.88,1.68,4569,515611.65,111.4611,141.27,94.65,-,-,-9.880952380952383,-5.343447815938644,111.67,0,-11.37,-6.91,08-Oct-2025,08-Sep-2026,-,-5.343447815938644,-,-9.880952380952383,19.62200042471863,-19.968304278922336,https://nsearchives.nseindia.com/today/CONSUMIETFEQN.svg,https://nsearchives.nseindia.com/30d/CONSUMIETF-EQ.svg,https://nsearchives.nseindia.com/365d/CONSUMIETF-EQ.svg,EQ
TWCGOLDETF,Commodity,147.67,148.33,147.51,148.01,2.01,1.38,3445,509687.75,145.6037,187.98,123.31,-,-,Infinity,-2.3165258711721353,146,0,0,-3.64,,08-Sep-2026,-,-2.3165258711721353,-,Infinity,21.262900308543465,-20.030816640986124,https://nsearchives.nseindia.com/today/TWCGOLDETFEQN.svg,https://nsearchives.nseindia.com/30d/TWCGOLDETF-EQ.svg,,EQ
GROWWN200,Nifty 200 Index- Total Return Index,10.74,10.78,10.5,10.7,0.17,1.61,47138,498248.66,10.4808,12.14,9.91,-,-,-4.8888888888888955,-4.207699194270373,10.53,0,-6.4,-5.73,08-Oct-2025,08-Sep-2026,-,-4.207699194270373,-,-4.8888888888888955,11.861614497528839,-7.9717457114026145,https://nsearchives.nseindia.com/today/GROWWN200EQN.svg,https://nsearchives.nseindia.com/30d/GROWWN200-EQ.svg,https://nsearchives.nseindia.com/365d/GROWWN200-EQ.svg,EQ
GROWWNXT50,Index,69.95,69.95,67.85,69,0,0.00,7060,483963,68.0314,76.79,60.01,-,-,1.2769704975781662,-7.506702412868625,69,0,1.28,-7.51,08-Oct-2025,08-Sep-2026,-,-7.506702412868625,-,1.2769704975781662,10.144550071623918,-14.980836527245463,https://nsearchives.nseindia.com/today/GROWWNXT50EQN.svg,https://nsearchives.nseindia.com/30d/GROWWNXT50-EQ.svg,https://nsearchives.nseindia.com/365d/GROWWNXT50-EQ.svg,EQ
SENSEXAXIS,AXIS S&P BSE SENSEX ETF,74.33,75.56,74.33,75.56,1.23,1.65,6386,479652.46,74.3654,91.35,73.43,-,-,Infinity,-4.0386080772161455,74.33,0,0,-5.6,,08-Sep-2026,-,-4.0386080772161455,-,Infinity,17.285166940339344,-2.9007217758409305,https://nsearchives.nseindia.com/today/SENSEXAXISEQN.svg,https://nsearchives.nseindia.com/30d/SENSEXAXIS-EQ.svg,,EQ
MOMENTUM,Aditya Birla Sun Life Nifty 200 Momentum 30 ETF,29.32,29.79,28.91,29.63,0.31,1.06,16113,474366.72,29.2132,33,27.05,-,-,-4.542525773195877,-5.816910362364913,29.32,0,-5.54,-6.8,08-Oct-2025,08-Sep-2026,-,-5.816910362364913,-,-4.542525773195877,10.212121212121216,-9.537892791127534,https://nsearchives.nseindia.com/today/MOMENTUMEQN.svg,https://nsearchives.nseindia.com/30d/MOMENTUM-EQ.svg,https://nsearchives.nseindia.com/365d/MOMENTUM-EQ.svg,EQ
FMCGADD,Nifty FMCG Index (TRI),44.55,45.49,44.44,45.29,1.1,2.49,10451,471340.1,44.0846,51.09,43.75,-,-,Infinity,-1.693075754286957,44.19,0,0,-4.08,,08-Sep-2026,-,-1.693075754286957,-,Infinity,11.35251516930907,-3.5199999999999982,https://nsearchives.nseindia.com/today/FMCGADDEQN.svg,https://nsearchives.nseindia.com/30d/FMCGADD-EQ.svg,,EQ
NV20,Nifty50 Value 20,13.07,13.17,13.04,13.17,0.18,1.39,35553,465388.77,12.9415,16.87,12.62,27-FEB-26,FACE VALUE SPLIT (SUB-DIVISION) - FROM RS 10/- PER SHARE TO RE 1/- PER SHARE,-91.08750084590919,-4.218181818181819,12.99,0,-91.21,-5.53,08-Oct-2025,08-Sep-2026,FACE VALUE SPLIT (SUB-DIVISION) - FROM RS 10/- PER SHARE TO RE 1/- PER SHARE,-4.218181818181819,27-FEB-26,-91.08750084590919,21.932424422050982,-4.358161648177502,https://nsearchives.nseindia.com/today/NV20EQN.svg,https://nsearchives.nseindia.com/30d/NV20-EQ.svg,https://nsearchives.nseindia.com/365d/NV20-EQ.svg,EQ
MIDQ50ADD,Nifty Midcap 150 Quality 50 Index,23.38,25.67,23.24,24.5,1.12,4.79,19363,454255.98,23.164,26.01,21,03-JUL-26,FACE VALUE SPLIT (SUB-DIVISION) - FROM RS 10/- PER UNIT TO RE 1/- PER UNIT,-90.13687600644123,-1.685393258426973,23.38,0,-90.59,-6.18,08-Oct-2025,08-Sep-2026,FACE VALUE SPLIT (SUB-DIVISION) - FROM RS 10/- PER UNIT TO RE 1/- PER UNIT,-1.685393258426973,03-JUL-26,-90.13687600644123,5.805459438677438,-16.666666666666668,https://nsearchives.nseindia.com/today/MIDQ50ADDEQN.svg,https://nsearchives.nseindia.com/30d/MIDQ50ADD-EQ.svg,https://nsearchives.nseindia.com/365d/MIDQ50ADD-EQ.svg,EQ
SBIVALETF,Nifty200 Value 30 Index,13.39,13.83,13.39,13.66,0.06,0.44,32572,446236.4,13.5615,17.7,13.39,-,-,Infinity,-6.2457103637611535,13.6,0,0,-6.66,,08-Sep-2026,-,-6.2457103637611535,-,Infinity,22.82485875706214,-2.0164301717699744,https://nsearchives.nseindia.com/today/SBIVALETFEQN.svg,https://nsearchives.nseindia.com/30d/SBIVALETF-EQ.svg,,EQ
MOMETAL,Nifty Metal Index,12.07,12.3,11.87,12.06,-0.02,-0.17,36175,434823.5,11.8788,14.55,11.87,-,-,Infinity,-8.497723823975715,12.08,0,0,-8.35,,08-Sep-2026,-,-8.497723823975715,-,Infinity,17.11340206185567,-1.6006739679865316,https://nsearchives.nseindia.com/today/MOMETALEQN.svg,https://nsearchives.nseindia.com/30d/MOMETAL-EQ.svg,,EQ
AONETMMQ50,Nifty Total Market Momentum Quality 50 TRI,9.99,9.99,9.7,9.83,0.04,0.41,43150,422870,9.7793,10.87,8,-,-,Infinity,-5.024154589371976,9.79,0,0,-5.41,,08-Sep-2026,-,-5.024154589371976,-,Infinity,9.56761729530818,-22.875,https://nsearchives.nseindia.com/today/AONETMMQ50EQN.svg,https://nsearchives.nseindia.com/30d/AONETMMQ50-EQ.svg,,EQ
ITBETA,UTI Nifty IT ETF,296,301.9,288.57,294.11,2.51,0.86,1401,418646.82,292.0266,409.94,270.68,-,-,Infinity,-6.631746031746028,291.6,0,0,-7.43,,08-Sep-2026,-,-6.631746031746028,-,Infinity,28.255354442113475,-8.655977538052316,https://nsearchives.nseindia.com/today/ITBETAEQN.svg,https://nsearchives.nseindia.com/30d/ITBETA-EQ.svg,,EQ
MOALPHA50,Nifty Alpha 50 Total Return Index,53.59,54.92,53.59,54.79,1.2,2.24,7558,411911,53.7918,62,42.1,-,-,9.38311040127769,-2.7511537096201706,53.59,0,6.99,-4.88,08-Oct-2025,08-Sep-2026,-,-2.7511537096201706,-,9.38311040127769,11.629032258064518,-30.142517814726833,https://nsearchives.nseindia.com/today/MOALPHA50EQN.svg,https://nsearchives.nseindia.com/30d/MOALPHA50-EQ.svg,https://nsearchives.nseindia.com/365d/MOALPHA50-EQ.svg,EQ
SBINEQWETF,Nifty50 Equal Weight,30.72,31.12,30.67,31.09,0.42,1.37,13167,407781.99,30.572,36.4,29.64,-,-,-3.775920767564229,-5.4440389294403975,30.67,0,-5.08,-6.72,08-Oct-2025,08-Sep-2026,-,-5.4440389294403975,-,-3.775920767564229,14.587912087912086,-4.892037786774627,https://nsearchives.nseindia.com/today/SBINEQWETFEQN.svg,https://nsearchives.nseindia.com/30d/SBINEQWETF-EQ.svg,https://nsearchives.nseindia.com/365d/SBINEQWETF-EQ.svg,EQ
FLEXIADD,Nifty500 Flexicap Quality 30 TRI,9.29,9.63,9.29,9.46,0.17,1.83,43237,406860.17,9.2838,11.9,8.73,-,-,Infinity,-5.115346038114341,9.29,0,0,-6.82,,08-Sep-2026,-,-5.115346038114341,-,Infinity,20.504201680672264,-8.361970217640325,https://nsearchives.nseindia.com/today/FLEXIADDEQN.svg,https://nsearchives.nseindia.com/30d/FLEXIADD-EQ.svg,,EQ
HDFCQUAL,HDFC NIFTY100 Quality 30 ETF,54.17,56.9,54.17,55.13,1.11,2.05,7205,394978.1,53.8996,61.87,51.91,-,-,-4.536796536796533,-5.3562231759656616,54.02,0,-6.46,-7.26,08-Oct-2025,08-Sep-2026,-,-5.3562231759656616,-,-4.536796536796533,10.893809600775814,-6.203043729531894,https://nsearchives.nseindia.com/today/HDFCQUALEQN.svg,https://nsearchives.nseindia.com/30d/HDFCQUAL-EQ.svg,https://nsearchives.nseindia.com/365d/HDFCQUAL-EQ.svg,EQ
SBIETFCON,Nifty India Consumption Index,112.67,113.15,111.92,112.95,1.78,1.60,3473,391580.75,111.0223,133.97,100,-,-,-10.007170743367064,-5.780780780780775,111.17,0,-11.43,-7.27,08-Oct-2025,08-Sep-2026,-,-5.780780780780775,-,-10.007170743367064,15.6900798686273,-12.950000000000003,https://nsearchives.nseindia.com/today/SBIETFCONEQN.svg,https://nsearchives.nseindia.com/30d/SBIETFCON-EQ.svg,https://nsearchives.nseindia.com/365d/SBIETFCON-EQ.svg,EQ
CEMNTGROWW,Nifty Cements Index TRI,13.24,13.39,13.18,13.36,0.12,0.91,29386,389952.22,13.1726,16.27,13.18,-,-,Infinity,-7.093184979137701,13.24,0,0,-7.93,,08-Sep-2026,-,-7.093184979137701,-,Infinity,17.885679164105717,-1.3657056145675244,https://nsearchives.nseindia.com/today/CEMNTGROWWEQN.svg,https://nsearchives.nseindia.com/30d/CEMNTGROWW-EQ.svg,,EQ
HDFCNIF100,HDFC NIFTY 100 ETF,24.37,24.42,24.15,24.4,0.27,1.12,15460,376605.6,24.0771,28.57,23.31,20-OCT-23,FACE VALUE SPLIT (SUB-DIVISION) - FROM RS 177.27/- PER SHARE TO RS 17.727/- PER SHARE,-7.610753502461195,-5.0952936600544625,24.13,0,-8.63,-6.15,08-Oct-2025,08-Sep-2026,FACE VALUE SPLIT (SUB-DIVISION) - FROM RS 177.27/- PER SHARE TO RS 17.727/- PER SHARE,-5.0952936600544625,20-OCT-23,-7.610753502461195,14.595729786489331,-4.676104676104676,https://nsearchives.nseindia.com/today/HDFCNIF100EQN.svg,https://nsearchives.nseindia.com/30d/HDFCNIF100-EQ.svg,https://nsearchives.nseindia.com/365d/HDFCNIF100-EQ.svg,EQ
MSCIINDIA,MSCI India Index,27.78,28,27.71,27.75,0.15,0.54,13243,367758.11,27.555,32.14,26.5,-,-,-6.722689075630252,-5.8364438411944315,27.6,0,-7.23,-6.35,08-Oct-2025,08-Sep-2026,-,-5.8364438411944315,-,-6.722689075630252,13.658991910392036,-4.716981132075472,https://nsearchives.nseindia.com/today/MSCIINDIAEQN.svg,https://nsearchives.nseindia.com/30d/MSCIINDIA-EQ.svg,https://nsearchives.nseindia.com/365d/MSCIINDIA-EQ.svg,EQ
MOTOUR,Nifty India Tourism Total Return Index,73.82,74.56,73.6,74.56,0.74,1.00,4740,351613.2,73.4217,92,64,-,-,-15.484017229653135,-3.781133049425723,73.82,0,-16.32,-4.74,08-Oct-2025,08-Sep-2026,-,-3.781133049425723,-,-15.484017229653135,18.956521739130434,-16.500000000000004,https://nsearchives.nseindia.com/today/MOTOUREQN.svg,https://nsearchives.nseindia.com/30d/MOTOUR-EQ.svg,https://nsearchives.nseindia.com/365d/MOTOUR-EQ.svg,EQ
SBIETFPB,Nifty Private Bank Index,277.53,279.96,275.75,277.19,1.74,0.63,1254,348649.62,274.8895,304.58,244.18,-,-,-0.6095593244648387,-1.7021880208518072,275.45,0,-1.23,-2.32,08-Oct-2025,08-Sep-2026,-,-1.7021880208518072,-,-0.6095593244648387,8.992711274541989,-13.518715701531653,https://nsearchives.nseindia.com/today/SBIETFPBEQN.svg,https://nsearchives.nseindia.com/30d/SBIETFPB-EQ.svg,https://nsearchives.nseindia.com/365d/SBIETFPB-EQ.svg,EQ
HDFCVALUE,HDFC NIFTY50 Value 20 ETF,117.56,118.61,117.06,118.61,2.05,1.76,2790,329499,116.5101,147.05,115.75,-,-,-11.100284814870326,-4.285022595222726,116.56,0,-12.64,-5.94,08-Oct-2025,08-Sep-2026,-,-4.285022595222726,-,-11.100284814870326,19.340360421625306,-2.4708423326133904,https://nsearchives.nseindia.com/today/HDFCVALUEEQN.svg,https://nsearchives.nseindia.com/30d/HDFCVALUE-EQ.svg,https://nsearchives.nseindia.com/365d/HDFCVALUE-EQ.svg,EQ
GROWWCHEM,Nifty Chemicals Index - TRI,28.24,28.4,27.81,28.11,0.19,0.68,10767,301476,27.8436,31.74,24.64,-,-,Infinity,-6.951340615690174,27.92,0,0,-7.58,,08-Sep-2026,-,-6.951340615690174,-,Infinity,11.436672967863892,-14.082792207792203,https://nsearchives.nseindia.com/today/GROWWCHEMEQN.svg,https://nsearchives.nseindia.com/30d/GROWWCHEM-EQ.svg,,EQ
GROWWPSE,Nifty PSE Index - TRI,91.25,91.99,89.3,91.99,0.74,0.81,3282,301189.14,90.8652,109.85,89.3,-,-,Infinity,-6.285656071719644,91.25,0,0,-7.04,,08-Sep-2026,-,-6.285656071719644,-,Infinity,16.258534365043243,-3.012318029115339,https://nsearchives.nseindia.com/today/GROWWPSEEQN.svg,https://nsearchives.nseindia.com/30d/GROWWPSE-EQ.svg,,EQ
SMALLGROWW,Nifty Smallcap 250 Momentum Quality 100 Index TRI,48.17,48.17,46.95,47.94,-0.26,-0.54,6354,299972.34,47.2451,50.84,39.41,-,-,Infinity,-3.2492431886982835,48.2,0,0,-2.72,,08-Sep-2026,-,-3.2492431886982835,-,Infinity,5.704169944925266,-21.64425272773408,https://nsearchives.nseindia.com/today/SMALLGROWWEQN.svg,https://nsearchives.nseindia.com/30d/SMALLGROWW-EQ.svg,,EQ
ESENSEX,BSE Sensex TRI,72.86,73.4,72.64,72.92,0.77,1.07,3777,275418.84,72.1359,88.05,71.87,-,-,Infinity,-4.629871828407,72.15,0,0,-5.64,,08-Sep-2026,-,-4.629871828407,-,Infinity,17.183418512208966,-1.4609711979963782,https://nsearchives.nseindia.com/today/ESENSEXEQN.svg,https://nsearchives.nseindia.com/30d/ESENSEX-EQ.svg,,EQ
EBANKNIFTY,Edelweiss Nifty Bank ETF,55.26,56,55.26,55.66,0.36,0.65,4896,273245.76,55.0532,69.39,50.05,-,-,-1.6781487369722714,-3.1663187195546283,55.3,0,-2.31,-3.79,08-Oct-2025,08-Sep-2026,-,-3.1663187195546283,-,-1.6781487369722714,19.786712782821738,-11.20879120879121,https://nsearchives.nseindia.com/today/EBANKNIFTYEQN.svg,https://nsearchives.nseindia.com/30d/EBANKNIFTY-EQ.svg,https://nsearchives.nseindia.com/365d/EBANKNIFTY-EQ.svg,EQ
TOP15IETF,Nifty Top 15 Equal Weight Index,9.1,9.27,9.1,9.19,0.1,1.10,29357,270671.54,9.0933,11.36,9.03,-,-,-13.055818353831606,-5.061983471074383,9.09,0,-14,-6.1,08-Oct-2025,08-Sep-2026,-,-5.061983471074383,-,-13.055818353831606,19.10211267605634,-1.7718715393134015,https://nsearchives.nseindia.com/today/TOP15IETFEQN.svg,https://nsearchives.nseindia.com/30d/TOP15IETF-EQ.svg,https://nsearchives.nseindia.com/365d/TOP15IETF-EQ.svg,EQ
BANK10ADD,BSE Top 10 Banks Index (TRI),16.19,16.45,16.19,16.36,0.17,1.05,14377,235063.95,16.1891,18.99,12.08,-,-,Infinity,-1.9772318753744866,16.19,0,0,-3,,08-Sep-2026,-,-1.9772318753744866,-,Infinity,13.849394418114793,-35.430463576158935,https://nsearchives.nseindia.com/today/BANK10ADDEQN.svg,https://nsearchives.nseindia.com/30d/BANK10ADD-EQ.svg,,EQ
MOINFRA,BSE India Infrastructure Total Return Index,54.85,55.27,54.72,55.27,0.68,1.25,4261,234653.27,54.4411,66,54.02,-,-,-8.432736911862154,-5.521367521367516,54.59,0,-9.56,-6.68,08-Oct-2025,08-Sep-2026,-,-5.521367521367516,-,-8.432736911862154,16.257575757575754,-2.313957793409848,https://nsearchives.nseindia.com/today/MOINFRAEQN.svg,https://nsearchives.nseindia.com/30d/MOINFRA-EQ.svg,https://nsearchives.nseindia.com/365d/MOINFRA-EQ.svg,EQ
MOMGF,Nifty India Manufacturing Total Return Index,149.22,149.94,147.98,149.94,0.72,0.48,1554,231530.46,148.1554,171.26,137.9,-,-,0.9696969696969682,-7.008186554204919,149.22,0,0.48,-7.45,08-Oct-2025,08-Sep-2026,-,-7.008186554204919,-,0.9696969696969682,12.44890809295807,-8.73096446700507,https://nsearchives.nseindia.com/today/MOMGFEQN.svg,https://nsearchives.nseindia.com/30d/MOMGF-EQ.svg,https://nsearchives.nseindia.com/365d/MOMGF-EQ.svg,EQ
ENERGYAXIS,Nifty Energy,17.95,18.2,17.75,18.2,0.25,1.39,12866,230172.74,17.8661,19.99,17.75,-,-,Infinity,-5.109489051094893,17.95,0,0,-6.41,,08-Sep-2026,-,-5.109489051094893,-,Infinity,8.954477238619306,-2.53521126760563,https://nsearchives.nseindia.com/today/ENERGYAXISEQN.svg,https://nsearchives.nseindia.com/30d/ENERGYAXIS-EQ.svg,,EQ
NEXT50ADD,Nifty Next 50 TRI,68.32,68.87,68.28,68.7,0.38,0.56,3234,221787.72,68.0734,81,56.25,-,-,Infinity,-6.517893590964746,68.32,0,0,-7.03,,08-Sep-2026,-,-6.517893590964746,-,Infinity,15.185185185185182,-22.133333333333336,https://nsearchives.nseindia.com/today/NEXT50ADDEQN.svg,https://nsearchives.nseindia.com/30d/NEXT50ADD-EQ.svg,,EQ
EMETAL,Nifty Metal Total Return Index,12.15,12.6,11.9,12.42,0.51,4.28,16837,202044,11.8933,15.21,11.73,-,-,Infinity,-5.909090909090905,11.91,0,0,-9.77,,08-Sep-2026,-,-5.909090909090905,-,Infinity,18.343195266272197,-5.882352941176466,https://nsearchives.nseindia.com/today/EMETALEQN.svg,https://nsearchives.nseindia.com/30d/EMETAL-EQ.svg,,EQ
MOLOWVOL,Nifty Midcap 100 TRI,33.84,35,33.51,33.73,0.46,1.38,5972,201555,33.5325,43.07,33.05,11-AUG-22,FACE VALUE SPLIT (SUB-DIVISION) - FROM RS 10/- PER UNIT TO RS 2/- PER UNIT,-10.364071219771473,-5.4387440426128535,33.27,0,-11.59,-6.73,08-Oct-2025,08-Sep-2026,FACE VALUE SPLIT (SUB-DIVISION) - FROM RS 10/- PER UNIT TO RS 2/- PER UNIT,-5.4387440426128535,11-AUG-22,-10.364071219771473,21.685628047364762,-2.0574886535552186,https://nsearchives.nseindia.com/today/MOLOWVOLEQN.svg,https://nsearchives.nseindia.com/30d/MOLOWVOL-EQ.svg,https://nsearchives.nseindia.com/365d/MOLOWVOL-EQ.svg,EQ
SILVER001,Commodity - Silver,22.02,22.21,22.02,22.2,0.4,1.83,9055,200206.05,21.8079,28,21.61,-,-,Infinity,-4.639175257731966,21.8,0,0,-6.36,,08-Sep-2026,-,-4.639175257731966,-,Infinity,20.71428571428572,-2.7302174919018967,https://nsearchives.nseindia.com/today/SILVER001EQN.svg,https://nsearchives.nseindia.com/30d/SILVER001-EQ.svg,,EQ
MIDCAPBETA,UTI Nifty Midcap 150 Exchange Traded Fund (ETF),218.14,220,216.09,216.7,-2.53,-1.15,907,197236.22,215.5403,240,192.5,-,-,Infinity,-7.34168555180229,219.23,0,0,-6.26,,08-Sep-2026,-,-7.34168555180229,-,Infinity,9.708333333333337,-12.571428571428566,https://nsearchives.nseindia.com/today/MIDCAPBETAEQN.svg,https://nsearchives.nseindia.com/30d/MIDCAPBETA-EQ.svg,,EQ
INFRA,Nifty India Infrastructure & Logistics,11.36,11.36,11.1,11.26,0.11,0.99,17306,193654.14,11.1364,13.27,10.14,-,-,Infinity,-6.244796003330558,11.15,0,0,-7.16,,08-Sep-2026,-,-6.244796003330558,-,Infinity,15.146948003014316,-11.045364891518728,https://nsearchives.nseindia.com/today/INFRAEQN.svg,https://nsearchives.nseindia.com/30d/INFRA-EQ.svg,,EQ
MIDBANKADD,BSE MidSmall Private Banks Index,16.08,16.39,16.07,16.39,0.32,1.99,11648,188348.16,16.0475,18.22,15.96,-,-,Infinity,-5.966724039013191,16.07,0,0,-7.8,,08-Sep-2026,-,-5.966724039013191,-,Infinity,10.04390779363336,-2.694235588972429,https://nsearchives.nseindia.com/today/MIDBANKADDEQN.svg,https://nsearchives.nseindia.com/30d/MIDBANKADD-EQ.svg,,EQ
GSEC5IETF,Nifty 5 yr Benchmark G-Sec Index,65.82,66.1,65.39,66.1,0.28,0.43,2721,178769.7,65.6399,69.14,63.16,-,-,4.176516942474375,-0.2113526570048318,65.82,0,3.74,-0.63,08-Oct-2025,08-Sep-2026,-,-0.2113526570048318,-,4.176516942474375,4.396875903962982,-4.65484483850538,https://nsearchives.nseindia.com/today/GSEC5IETFEQN.svg,https://nsearchives.nseindia.com/30d/GSEC5IETF-EQ.svg,https://nsearchives.nseindia.com/365d/GSEC5IETF-EQ.svg,EQ
SNXT30BEES,BSE Sensex Next 30 Index,39.07,39.52,38.88,39.52,0.64,1.65,4507,177034.96,38.8561,44.56,36.83,-,-,1.2554445298488393,-6.461538461538454,38.88,0,-0.38,-7.98,08-Oct-2025,08-Sep-2026,-,-6.461538461538454,-,1.2554445298488393,11.310592459605024,-7.3038284007602625,https://nsearchives.nseindia.com/today/SNXT30BEESEQN.svg,https://nsearchives.nseindia.com/30d/SNXT30BEES-EQ.svg,https://nsearchives.nseindia.com/365d/SNXT30BEES-EQ.svg,EQ
SNXT50BETA,BSE Sensex Next 50,87.8,88.9,87.8,88,0.33,0.38,1853,164231.39,87.5306,99,77.11,17-FEB-21, FACE VALUE SPLIT (SUB-DIVISION) - FROM RS 10/- PER UNIT TO RE 1/- PER UNIT,Infinity,-6.740144128868165,87.67,0,0,-7.09,,08-Sep-2026, FACE VALUE SPLIT (SUB-DIVISION) - FROM RS 10/- PER UNIT TO RE 1/- PER UNIT,-6.740144128868165,17-FEB-21,Infinity,11.11111111111111,-14.122681883024251,https://nsearchives.nseindia.com/today/SNXT50BETAEQN.svg,https://nsearchives.nseindia.com/30d/SNXT50BETA-EQ.svg,,EQ
BBNPPGOLD,Baroda BNP Paribas Gold ETF,142.3,144.3,142,144.05,2.4,1.69,1134,162819.72,141.604,184.05,110.25,-,-,20.999580008399843,-2.4051490514905036,141.65,0,18.98,-4.03,08-Oct-2025,08-Sep-2026,-,-2.4051490514905036,-,20.999580008399843,21.733224667209996,-30.657596371882093,https://nsearchives.nseindia.com/today/BBNPPGOLDEQN.svg,https://nsearchives.nseindia.com/30d/BBNPPGOLD-EQ.svg,https://nsearchives.nseindia.com/365d/BBNPPGOLD-EQ.svg,EQ
MOOILGAS,Nifty Oil & Gas ETF Total Return Index,10.67,10.67,10.34,10.41,-0.05,-0.48,14251,147640.36,10.3701,12.15,10.34,-,-,Infinity,-5.791855203619915,10.46,0,0,-5.34,,08-Sep-2026,-,-5.791855203619915,-,Infinity,14.320987654320989,-0.6769825918762117,https://nsearchives.nseindia.com/today/MOOILGASEQN.svg,https://nsearchives.nseindia.com/30d/MOOILGAS-EQ.svg,,EQ
SENSEXADD,DSP S&P BSE Sensex ETF,74.01,75.3,74.01,75.3,1.29,1.74,1830,137158.5,73.9253,88.2,73.27,-,-,-10.111018264295092,-3.843698122845109,74.01,0,-11.65,-5.49,08-Oct-2025,08-Sep-2026,-,-3.843698122845109,-,-10.111018264295092,14.62585034013606,-2.770574587143444,https://nsearchives.nseindia.com/today/SENSEXADDEQN.svg,https://nsearchives.nseindia.com/30d/SENSEXADD-EQ.svg,https://nsearchives.nseindia.com/365d/SENSEXADD-EQ.svg,EQ
IDFNIFTYET,Nifty 50,247.94,249.65,247.85,249.08,0.42,0.17,549,136536.3,245.9618,340.8,244.13,-,-,-9.283607094729936,-4.90226023213195,248.66,0,-9.44,-5.06,08-Oct-2025,08-Sep-2026,-,-4.90226023213195,-,-9.283607094729936,26.913145539906104,-2.0276082415106775,https://nsearchives.nseindia.com/today/IDFNIFTYETEQN.svg,https://nsearchives.nseindia.com/30d/IDFNIFTYET-EQ.svg,https://nsearchives.nseindia.com/365d/IDFNIFTYET-EQ.svg,EQ
SECLEDBETA,BSE India Sector Leaders,13.97,13.97,13.65,13.81,-0.31,-2.20,9511,130776.25,13.5941,15.5,13.6,-,-,Infinity,Infinity,14.12,0,0,0,,,-,Infinity,-,Infinity,10.903225806451609,-1.5441176470588298,https://nsearchives.nseindia.com/today/SECLEDBETAEQN.svg,,,EQ
SETF10GILT,Nifty 10 yr Benchmark G-Sec Index,261,261,258.95,260.8,0.29,0.11,483,125995.38,259.6801,272.31,250.95,-,-,0.7883753284897281,-1.5923326541392993,260.51,0,0.68,-1.7,08-Oct-2025,08-Sep-2026,-,-1.5923326541392993,-,0.7883753284897281,4.226800337850241,-3.925084678222763,https://nsearchives.nseindia.com/today/SETF10GILTEQN.svg,https://nsearchives.nseindia.com/30d/SETF10GILT-EQ.svg,https://nsearchives.nseindia.com/365d/SETF10GILT-EQ.svg,EQ
EQUAL200,BSE 200 Equal Weight,12.8,12.93,12.8,12.9,0.08,0.62,9377,120775.76,10.869,14.6,11.75,-,-,-1.4514896867838007,-6.113537117903929,12.82,0,-2.06,-6.7,08-Oct-2025,08-Sep-2026,-,-6.113537117903929,-,-1.4514896867838007,11.643835616438352,-9.787234042553195,https://nsearchives.nseindia.com/today/EQUAL200EQN.svg,https://nsearchives.nseindia.com/30d/EQUAL200-EQ.svg,https://nsearchives.nseindia.com/365d/EQUAL200-EQ.svg,EQ
GILT5BETA,UTI Nifty 5 yr Benchmark G-Sec ETF,66.31,66.31,65.8,66.12,-0.22,-0.33,1643,108651.59,65.6569,69,62.7,-,-,Infinity,-1.0179640718562764,66.34,0,0,-0.69,,08-Sep-2026,-,-1.0179640718562764,-,Infinity,4.1739130434782545,-5.454545454545457,https://nsearchives.nseindia.com/today/GILT5BETAEQN.svg,https://nsearchives.nseindia.com/30d/GILT5BETA-EQ.svg,,EQ
MONEXT50,Nifty Next 50 Total Return Index,67.94,68.5,67.88,68.39,1.12,1.66,1525,103989.75,67.569,75.89,59.43,-,-,1.0789240319243334,-6.096388850748315,67.27,0,-0.58,-7.63,08-Oct-2025,08-Sep-2026,-,-6.096388850748315,-,1.0789240319243334,9.882724996705758,-15.076560659599531,https://nsearchives.nseindia.com/today/MONEXT50EQN.svg,https://nsearchives.nseindia.com/30d/MONEXT50-EQ.svg,https://nsearchives.nseindia.com/365d/MONEXT50-EQ.svg,EQ
GROWWPSUBK,Nifty PSU Bank Index - TRI,81.95,81.95,79.8,80.75,-0.49,-0.60,1249,101343.86,80.1761,91.19,77.57,-,-,Infinity,-4.426559356136815,81.24,0,0,-3.85,,08-Sep-2026,-,-4.426559356136815,-,Infinity,11.44862375260445,-4.099523011473517,https://nsearchives.nseindia.com/today/GROWWPSUBKEQN.svg,https://nsearchives.nseindia.com/30d/GROWWPSUBK-EQ.svg,,EQ
ENIFTY,Nifty 50 TRI,22.62,22.88,22.48,22.71,0.2,0.89,4236,96241.92,22.4732,27.99,22.18,-,-,Infinity,-4.939305148597739,22.51,0,0,-5.78,,08-Sep-2026,-,-4.939305148597739,-,Infinity,18.863879957127537,-2.389540126239861,https://nsearchives.nseindia.com/today/ENIFTYEQN.svg,https://nsearchives.nseindia.com/30d/ENIFTY-EQ.svg,,EQ
MONIFTY100,Nifty 100 Total Return Index,23.97,23.97,23.55,23.6,-0.03,-0.13,4029,95366.43,23.4215,27.97,22.38,-,-,Infinity,-5.372894947874899,23.63,0,0,-5.25,,08-Sep-2026,-,-5.372894947874899,-,Infinity,15.623882731498027,-5.45129579982128,https://nsearchives.nseindia.com/today/MONIFTY100EQN.svg,https://nsearchives.nseindia.com/30d/MONIFTY100-EQ.svg,,EQ
HEALTHADD,DSP Nifty Healthcare ETF,15.91,16.09,15.82,16.01,0.17,1.07,5645,90376.45,15.8368,18.2,13.54,03-JUL-26,FACE VALUE SPLIT (SUB-DIVISION) - FROM RS 10/- PER UNIT TO RE 1/- PER UNIT,-88.99656357388317,-3.9592081583683267,15.84,0,-89.11,-4.98,08-Oct-2025,08-Sep-2026,FACE VALUE SPLIT (SUB-DIVISION) - FROM RS 10/- PER UNIT TO RE 1/- PER UNIT,-3.9592081583683267,03-JUL-26,-88.99656357388317,12.03296703296702,-18.242245199409176,https://nsearchives.nseindia.com/today/HEALTHADDEQN.svg,https://nsearchives.nseindia.com/30d/HEALTHADD-EQ.svg,https://nsearchives.nseindia.com/365d/HEALTHADD-EQ.svg,EQ
GROWWLOVOL,Nifty 500 Low Volatility 50 Index   TRI,9.8,9.8,9.6,9.67,0.06,0.62,8794,85037.98,9.554,11.1,9.39,-,-,-6.479690522243714,-5.196078431372543,9.61,0,-7.06,-5.78,08-Oct-2025,08-Sep-2026,-,-5.196078431372543,-,-6.479690522243714,12.88288288288288,-2.9818956336528153,https://nsearchives.nseindia.com/today/GROWWLOVOLEQN.svg,https://nsearchives.nseindia.com/30d/GROWWLOVOL-EQ.svg,https://nsearchives.nseindia.com/365d/GROWWLOVOL-EQ.svg,EQ
MOGSEC,Nifty 5 yr Benchmark G-Sec Index,64.77,65,64.35,64.99,0.22,0.34,1294,83437.12,64.6216,67.45,60.83,-,-,3.50374263417741,-0.626911314984726,64.77,0,3.15,-0.96,08-Oct-2025,08-Sep-2026,-,-0.626911314984726,-,3.50374263417741,3.6471460340993445,-6.838730889363795,https://nsearchives.nseindia.com/today/MOGSECEQN.svg,https://nsearchives.nseindia.com/30d/MOGSEC-EQ.svg,https://nsearchives.nseindia.com/365d/MOGSEC-EQ.svg,EQ
SBINMID150,Nifty Midcap 150 Index,21.61,21.73,21.42,21.7,0.18,0.84,3753,81027.27,21.3667,24.06,19.81,-,-,Infinity,-6.34441087613294,21.52,0,0,-7.12,,08-Sep-2026,-,-6.34441087613294,-,Infinity,9.808811305070655,-9.54063604240283,https://nsearchives.nseindia.com/today/SBINMID150EQN.svg,https://nsearchives.nseindia.com/30d/SBINMID150-EQ.svg,,EQ
GSEC10YEAR,Mirae Asset Nifty 8-13 yr G-Sec ETF,29.77,30.6,29.73,30.6,0.73,2.44,2531,75246.63,29.924,32.76,28.39,-,-,3.763987792472035,0.9900990099009924,29.87,0,1.29,-1.42,08-Oct-2025,08-Sep-2026,-,0.9900990099009924,-,3.763987792472035,6.593406593406583,-7.784431137724554,https://nsearchives.nseindia.com/today/GSEC10YEAREQN.svg,https://nsearchives.nseindia.com/30d/GSEC10YEAR-EQ.svg,https://nsearchives.nseindia.com/365d/GSEC10YEAR-EQ.svg,EQ
NIF500BETA,Nifty 500,35.08,38.13,35,35,0.32,0.92,2046,73451.4,34.7805,38.9,34.53,-,-,Infinity,-6.090689562650933,34.68,0,0,-6.95,,08-Sep-2026,-,-6.090689562650933,-,Infinity,10.025706940874034,-1.3611352447147376,https://nsearchives.nseindia.com/today/NIF500BETAEQN.svg,https://nsearchives.nseindia.com/30d/NIF500BETA-EQ.svg,,EQ
MON50EQUAL,Nifty 50 Equal Weight Total Return Index,31.31,31.31,30.56,31.11,0.41,1.34,2319,71703.48,30.5138,36,29.43,-,-,-3.5049627791563354,-5.2679658952497075,30.7,0,-4.78,-6.52,08-Oct-2025,08-Sep-2026,-,-5.2679658952497075,-,-3.5049627791563354,13.583333333333336,-5.708460754332313,https://nsearchives.nseindia.com/today/MON50EQUALEQN.svg,https://nsearchives.nseindia.com/30d/MON50EQUAL-EQ.svg,https://nsearchives.nseindia.com/365d/MON50EQUAL-EQ.svg,EQ
LICNETFSEN,SENSEX,807.47,849.75,807.47,837.65,33.48,4.16,85,69561.45,809.3929,974.02,791.33,-,-,-9.195863324950139,-2.474094772383281,804.17,0,-12.83,-6.37,08-Oct-2025,08-Sep-2026,-,-2.474094772383281,-,-9.195863324950139,14.000739204533788,-5.853436619362331,https://nsearchives.nseindia.com/today/LICNETFSENEQN.svg,https://nsearchives.nseindia.com/30d/LICNETFSEN-EQ.svg,https://nsearchives.nseindia.com/365d/LICNETFSEN-EQ.svg,EQ
BSLSENETFG,BSE SENSEX Index,73,73.36,72.46,73.36,1.08,1.49,896,65354.24,72.2646,87.82,70.32,25-NOV-21, FACE VALUE SPLIT (SUB-DIVISION) - FROM RS 10/- PER SHARE TO RE 1- PER SHARE,-10.262996941896024,-4.154690357982763,72.28,0,-11.58,-5.57,08-Oct-2025,08-Sep-2026, FACE VALUE SPLIT (SUB-DIVISION) - FROM RS 10/- PER SHARE TO RE 1- PER SHARE,-4.154690357982763,25-NOV-21,-10.262996941896024,16.465497608745153,-4.3230944254835135,https://nsearchives.nseindia.com/today/BSLSENETFGEQN.svg,https://nsearchives.nseindia.com/30d/BSLSENETFG-EQ.svg,https://nsearchives.nseindia.com/365d/BSLSENETFG-EQ.svg,EQ
MOIPO,BSE Select IPO Total Return Index,45.4,46.45,45.35,45.83,0.49,1.08,1422,64871.64,45.2934,53,36.5,-,-,Infinity,-5.893223819301857,45.34,0,0,-6.9,,08-Sep-2026,-,-5.893223819301857,-,Infinity,13.528301886792457,-25.561643835616433,https://nsearchives.nseindia.com/today/MOIPOEQN.svg,https://nsearchives.nseindia.com/30d/MOIPO-EQ.svg,,EQ
CONS,Kotak Nifty India Consumption ETF,11.13,11.26,11.13,11.26,0.17,1.53,5610,63056.4,11.0715,13.12,10.2,27-FEB-26,FACE VALUE SPLIT (SUB-DIVISION) - FROM RS 10/- PER SHARE TO RE 1/- PER SHARE,-90.96525716119713,-5.218855218855227,11.09,0,-91.1,-6.65,08-Oct-2025,08-Sep-2026,FACE VALUE SPLIT (SUB-DIVISION) - FROM RS 10/- PER SHARE TO RE 1/- PER SHARE,-5.218855218855227,27-FEB-26,-90.96525716119713,14.17682926829268,-10.392156862745104,https://nsearchives.nseindia.com/today/CONSEQN.svg,https://nsearchives.nseindia.com/30d/CONS-EQ.svg,https://nsearchives.nseindia.com/365d/CONS-EQ.svg,EQ
UNIONGOLD,Commodity Gold,144.8,145.5,144.8,145,1.65,1.15,424,61552.08,143.2115,177,113.35,-,-,21.951219512195117,-2.586496472959351,143.35,0,20.56,-3.69,08-Oct-2025,08-Sep-2026,-,-2.586496472959351,-,21.951219512195117,18.07909604519774,-27.922364358182627,https://nsearchives.nseindia.com/today/UNIONGOLDEQN.svg,https://nsearchives.nseindia.com/30d/UNIONGOLD-EQ.svg,https://nsearchives.nseindia.com/365d/UNIONGOLD-EQ.svg,EQ
LICNFNHGP,Nifty 100,260.1,264,258.01,258.01,5.58,2.21,233,61288.32,255.2805,296.41,248.02,-,-,-7.9324864401941255,-5.2896263123118805,252.43,0,-9.92,-7.34,08-Oct-2025,08-Sep-2026,-,-5.2896263123118805,-,-7.9324864401941255,12.95502850781014,-4.027900975727756,https://nsearchives.nseindia.com/today/LICNFNHGPEQN.svg,https://nsearchives.nseindia.com/30d/LICNFNHGP-EQ.svg,https://nsearchives.nseindia.com/365d/LICNFNHGP-EQ.svg,EQ
NPBET,Nifty Private Bank Index,281.9,283,280.5,280.5,1.39,0.50,215,60614.95,278.96,307,246.26,-,-,-1.1418904631000244,-1.8784762304544038,279.11,0,-1.63,-2.36,08-Oct-2025,08-Sep-2026,-,-1.8784762304544038,-,-1.1418904631000244,8.631921824104234,-13.904003898318853,https://nsearchives.nseindia.com/today/NPBETEQN.svg,https://nsearchives.nseindia.com/30d/NPBET-EQ.svg,https://nsearchives.nseindia.com/365d/NPBET-EQ.svg,EQ
IVZSENSEX,BSE Sensex TRI,70.06,73.3,70.06,72.79,0.93,1.29,804,58209.6,71.641,79.9,70.06,-,-,Infinity,-3.983643318823369,71.86,0,0,-5.21,,08-Sep-2026,-,-3.983643318823369,-,Infinity,8.898623279098873,-3.8966600057093976,https://nsearchives.nseindia.com/today/IVZSENSEXEQN.svg,https://nsearchives.nseindia.com/30d/IVZSENSEX-EQ.svg,,EQ
CONSUMAXIS,NIFTY India Consumption Index,111.65,112.71,111.65,112.45,1.44,1.30,509,57125.07,110.7153,131.85,105.63,-,-,Infinity,-5.559754766103965,111.01,0,0,-6.77,,08-Sep-2026,-,-5.559754766103965,-,Infinity,14.713689799014025,-6.456499100634296,https://nsearchives.nseindia.com/today/CONSUMAXISEQN.svg,https://nsearchives.nseindia.com/30d/CONSUMAXIS-EQ.svg,,EQ
LOWVOL,Mirae Asset Nifty 100 Low Volatility 30 ETF,191.2,192.2,191.2,192.01,2.99,1.58,290,55572.7,188.8003,219.1,183.58,-,-,-6.904242424242429,-5.203653418908921,189.02,0,-8.35,-6.68,08-Oct-2025,08-Sep-2026,-,-5.203653418908921,-,-6.904242424242429,12.364217252396168,-4.59200348621853,https://nsearchives.nseindia.com/today/LOWVOLEQN.svg,https://nsearchives.nseindia.com/30d/LOWVOL-EQ.svg,https://nsearchives.nseindia.com/365d/LOWVOL-EQ.svg,EQ
LARGEMID50,BSE LargeMid (60:40) Stable Dividend 50 TRI (Total Return Index),33.88,34.17,33.82,34.07,0.31,0.92,1566,53275.32,33.7329,38,33.74,-,-,Infinity,-5.727725511898174,33.76,0,0,-6.59,,08-Sep-2026,-,-5.727725511898174,-,Infinity,10.342105263157896,-0.9780675755779439,https://nsearchives.nseindia.com/today/LARGEMID50EQN.svg,https://nsearchives.nseindia.com/30d/LARGEMID50-EQ.svg,,EQ
NEXT30ADD,BSE SENSEX Next 30 Index,39.22,39.59,39.22,39.51,0.48,1.23,1341,52821.99,38.9627,46.7,36.98,-,-,1.1261837727156327,-7.253521126760571,39.03,0,-0.1,-8.38,08-Oct-2025,08-Sep-2026,-,-7.253521126760571,-,1.1261837727156327,15.396145610278381,-6.841535965386699,https://nsearchives.nseindia.com/today/NEXT30ADDEQN.svg,https://nsearchives.nseindia.com/30d/NEXT30ADD-EQ.svg,https://nsearchives.nseindia.com/365d/NEXT30ADD-EQ.svg,EQ
HDFCLOWVOL,HDFC NIFTY100 Low Volatility 30 ETF,19.03,19.22,18.98,19.08,0.05,0.26,2734,52274.08,18.8626,22.28,18.35,20-OCT-23,FACE VALUE SPLIT (SUB-DIVISION) - FROM RS 126.18/- PER SHARE TO RS 12.618/- PER SHARE,-7.558139534883732,-5.9635288319369195,19.03,0,-7.8,-6.21,08-Oct-2025,08-Sep-2026,FACE VALUE SPLIT (SUB-DIVISION) - FROM RS 126.18/- PER SHARE TO RS 12.618/- PER SHARE,-5.9635288319369195,20-OCT-23,-7.558139534883732,14.362657091561951,-3.978201634877367,https://nsearchives.nseindia.com/today/HDFCLOWVOLEQN.svg,https://nsearchives.nseindia.com/30d/HDFCLOWVOL-EQ.svg,https://nsearchives.nseindia.com/365d/HDFCLOWVOL-EQ.svg,EQ
DIVIDEND,BSE 500 Dividend Leaders,33.2,33.42,33.18,33.37,0.51,1.55,1485,49495.05,32.8382,38.03,32.8,-,-,Infinity,-5.306469920544848,32.86,0,0,-6.75,,08-Sep-2026,-,-5.306469920544848,-,Infinity,12.253484091506714,-1.7378048780487816,https://nsearchives.nseindia.com/today/DIVIDENDEQN.svg,https://nsearchives.nseindia.com/30d/DIVIDEND-EQ.svg,,EQ
MOMNC,Nifty MNC ETF Total Return Index,29.65,29.85,29.5,29.84,0.33,1.12,1464,43451.52,29.4309,35.8,27.03,-,-,Infinity,-7.040498442367606,29.51,0,0,-8.07,,08-Sep-2026,-,-7.040498442367606,-,Infinity,16.648044692737425,-10.395856455789858,https://nsearchives.nseindia.com/today/MOMNCEQN.svg,https://nsearchives.nseindia.com/30d/MOMNC-EQ.svg,,EQ
GSEC10IETF,ICICI Prudential Nifty 10 yr Benchmark G-Sec ETF,258,260.8,258,260.8,2.22,0.86,160,41582.4,259.2551,269.59,252.23,-,-,1.0069713400464844,-0.5263559386680888,258.58,0,0.15,-1.37,08-Oct-2025,08-Sep-2026,-,-0.5263559386680888,-,1.0069713400464844,3.260506695352188,-3.3976925821670783,https://nsearchives.nseindia.com/today/GSEC10IETFEQN.svg,https://nsearchives.nseindia.com/30d/GSEC10IETF-EQ.svg,https://nsearchives.nseindia.com/365d/GSEC10IETF-EQ.svg,EQ
QUALITY30,Nifty200 Quality 30 Index,19.04,19.3,19.04,19.17,0.24,1.27,2148,41198.64,18.864,23.18,18.09,-,-,-7.614457831325293,-6.350757205666816,18.93,0,-8.77,-7.52,08-Oct-2025,08-Sep-2026,-,-6.350757205666816,-,-7.614457831325293,17.29939603106125,-5.970149253731353,https://nsearchives.nseindia.com/today/QUALITY30EQN.svg,https://nsearchives.nseindia.com/30d/QUALITY30-EQ.svg,https://nsearchives.nseindia.com/365d/QUALITY30-EQ.svg,EQ
LICNETFN50,Nifty 50,250.23,254.32,250.23,254.32,2.76,1.10,139,35173.95,249.7148,295,247.65,-,-,-8.88833160176262,-4.6061515378844815,251.56,0,-9.88,-5.64,08-Oct-2025,08-Sep-2026,-,-4.6061515378844815,-,-8.88833160176262,13.78983050847458,-2.6933171815061527,https://nsearchives.nseindia.com/today/LICNETFN50EQN.svg,https://nsearchives.nseindia.com/30d/LICNETFN50-EQ.svg,https://nsearchives.nseindia.com/365d/LICNETFN50-EQ.svg,EQ
ELMDIV,Index (BSE LargeMid (60:40) Stable Dividend 50),33.92,34.13,33.92,34.13,0.21,0.62,1011,34495.32,33.7239,38.67,33.63,-,-,Infinity,-5.535566011624688,33.92,0,0,-6.12,,08-Sep-2026,-,-5.535566011624688,-,Infinity,11.740367209723296,-1.486767766874814,https://nsearchives.nseindia.com/today/ELMDIVEQN.svg,https://nsearchives.nseindia.com/30d/ELMDIV-EQ.svg,,EQ
HYBRIDETF,Nifty200 Momentum 30 Plus 8-13 yr G-Sec 50:50 Total Return Index,9.69,9.73,9.69,9.73,0.06,0.62,3542,34357.4,9.6601,11.99,9.64,-,-,Infinity,-3.376365441906652,9.67,0,0,-3.97,,08-Sep-2026,-,-3.376365441906652,-,Infinity,18.849040867389487,-0.9336099585062225,https://nsearchives.nseindia.com/today/HYBRIDETFEQN.svg,https://nsearchives.nseindia.com/30d/HYBRIDETF-EQ.svg,,EQ
EBANK10,BSE Top 10 Bank Total Return Index,16.09,16.3,16.09,16.22,0.13,0.81,2018,32530.16,16.0706,17.9,15.63,-,-,Infinity,-1.9347037484885146,16.09,0,0,-2.72,,08-Sep-2026,-,-1.9347037484885146,-,Infinity,9.385474860335195,-3.774792066538695,https://nsearchives.nseindia.com/today/EBANK10EQN.svg,https://nsearchives.nseindia.com/30d/EBANK10-EQ.svg,,EQ
MSCI360,MSCI India Index,9.33,9.7,9.33,9.7,0.33,3.52,2927,27425.99,9.3367,12.24,9.33,-,-,Infinity,-3.193612774451101,9.37,0,0,-6.49,,08-Sep-2026,-,-3.193612774451101,-,Infinity,20.751633986928113,-3.965702036441578,https://nsearchives.nseindia.com/today/MSCI360EQN.svg,https://nsearchives.nseindia.com/30d/MSCI360-EQ.svg,,EQ
ABSL10BANK,BSE Top 10 Banks Index,163.05,165,163.05,163.41,2.09,1.30,166,27195.78,161.8125,214.42,150,-,-,Infinity,-2.3310023310023342,161.32,0,0,-3.58,,08-Sep-2026,-,-2.3310023310023342,-,Infinity,23.789758418058014,-8.939999999999998,https://nsearchives.nseindia.com/today/ABSL10BANKEQN.svg,https://nsearchives.nseindia.com/30d/ABSL10BANK-EQ.svg,,EQ
MOBANK10,BSE Top 10 Banks Total Return Index,16.28,16.42,16.28,16.42,0.27,1.67,1586,25915.24,16.194,20,15.75,-,-,Infinity,-1.3813813813813627,16.15,0,0,-3,,08-Sep-2026,-,-1.3813813813813627,-,Infinity,17.89999999999999,-4.253968253968265,https://nsearchives.nseindia.com/today/MOBANK10EQN.svg,https://nsearchives.nseindia.com/30d/MOBANK10-EQ.svg,,EQ
ENEXT50,Nifty Next 50 Total Return Index,68.42,68.49,68.25,68.25,0.49,0.72,290,19827.3,67.5256,76,67.64,-,-,Infinity,-6.314344543582697,67.76,0,0,-6.99,,08-Sep-2026,-,-6.314344543582697,-,Infinity,10.197368421052632,-0.9018332347723232,https://nsearchives.nseindia.com/today/ENEXT50EQN.svg,https://nsearchives.nseindia.com/30d/ENEXT50-EQ.svg,,EQ
PVTBANK,Nifty Private Bank,27.22,27.43,27.22,27.42,0.46,1.71,657,18001.8,26.941,29.65,26,-,-,Infinity,-0.7241129616220104,26.96,0,0,-2.39,,08-Sep-2026,-,-0.7241129616220104,-,Infinity,7.521079258010108,-5.461538461538468,https://nsearchives.nseindia.com/today/PVTBANKEQN.svg,https://nsearchives.nseindia.com/30d/PVTBANK-EQ.svg,,EQ
MOSERVICE,Nifty Services Sector Total Return Index,29.1,29.43,29.1,29.43,0.69,2.40,567,16624.44,28.7625,35.37,28.3,-,-,Infinity,-3.3497536945812794,28.74,0,0,-5.62,,08-Sep-2026,-,-3.3497536945812794,-,Infinity,16.793893129770986,-3.992932862190809,https://nsearchives.nseindia.com/today/MOSERVICEEQN.svg,https://nsearchives.nseindia.com/30d/MOSERVICE-EQ.svg,,EQ
GROWWMC150,Nifty Midcap 150 Index - TRI,214.9,220.78,214.2,220.78,5.85,2.72,65,13994.5,213.5049,245,193.6,-,-,Infinity,-4.112920738327904,214.93,0,0,-6.65,,08-Sep-2026,-,-4.112920738327904,-,Infinity,9.885714285714286,-14.039256198347113,https://nsearchives.nseindia.com/today/GROWWMC150EQN.svg,https://nsearchives.nseindia.com/30d/GROWWMC150-EQ.svg,,EQ
ABGSEC,Aditya Birla Sun Life CRISIL Broad Based Gilt ETF,113.44,113.44,112.61,113.15,0.16,0.14,73,8277.47,112.7692,118,109.5,-,-,2.2131887985546546,-0.8934045721292774,112.99,0,2.07,-1.03,08-Oct-2025,08-Sep-2026,-,-0.8934045721292774,-,2.2131887985546546,4.1101694915254186,-3.3333333333333384,https://nsearchives.nseindia.com/today/ABGSECEQN.svg,https://nsearchives.nseindia.com/30d/ABGSEC-EQ.svg,https://nsearchives.nseindia.com/365d/ABGSEC-EQ.svg,EQ
MOPSE,Nifty PSE Total Return Index,92.12,92.98,92,92.98,0.86,0.93,89,8258.31,91.9961,114.7,91.9,-,-,-6.080808080808076,-6.515181982706606,92.12,0,-6.95,-7.38,08-Oct-2025,08-Sep-2026,-,-6.515181982706606,-,-6.080808080808076,18.936355710549257,-1.175190424374318,https://nsearchives.nseindia.com/today/MOPSEEQN.svg,https://nsearchives.nseindia.com/30d/MOPSE-EQ.svg,https://nsearchives.nseindia.com/365d/MOPSE-EQ.svg,EQ
GILT10BETA,UTI Nifty 10 yr Benchmark G-Sec ETF,26.35,26.35,25.84,26.34,0.13,0.50,277,7229.7,26.0855,27.6,25.1,-,-,Infinity,-1.348314606741571,26.21,0,0,-1.84,,08-Sep-2026,-,-1.348314606741571,-,Infinity,4.565217391304353,-4.940239043824695,https://nsearchives.nseindia.com/today/GILT10BETAEQN.svg,https://nsearchives.nseindia.com/30d/GILT10BETA-EQ.svg,,EQ
ABSLMSCIN,MSCI India Index,27.47,27.68,27.47,27.68,0.34,1.24,87,2400.33,27.2595,35.34,26.34,-,-,Infinity,-5.657805044308112,27.34,0,0,-6.82,,08-Sep-2026,-,-5.657805044308112,-,Infinity,21.675155631013023,-5.087319665907366,https://nsearchives.nseindia.com/today/ABSLMSCINEQN.svg,https://nsearchives.nseindia.com/30d/ABSLMSCIN-EQ.svg,,EQ
LIQUIDBETA,Nifty 1D Rate Index,1011.55,1011.55,1011.55,1011.55,0.44,0.04,1,1011.55,1011.1181,1019,981.86,-,-,Infinity,0.42291693553991316,1011.11,0,0,0.38,,08-Sep-2026,-,0.42291693553991316,-,Infinity,0.7311089303238514,-3.023852687755886,https://nsearchives.nseindia.com/today/LIQUIDBETAEQN.svg,https://nsearchives.nseindia.com/30d/LIQUIDBETA-EQ.svg,,EQ
MSCIADD,MSCI India Index,27.49,27.68,27.49,27.68,0.36,1.32,30,827.4,27.2771,33.82,26.4,-,-,Infinity,-5.432183122651179,27.32,0,0,-6.66,,08-Sep-2026,-,-5.432183122651179,-,Infinity,18.154937906564165,-4.848484848484853,https://nsearchives.nseindia.com/today/MSCIADDEQN.svg,https://nsearchives.nseindia.com/30d/MSCIADD-EQ.svg,,EQ
BBNPNBETF,Baroda BNP Paribas NIFTY Bank ETF,55.63,55.74,55.61,55.61,0.81,1.48,10,556.4,55.0142,62.77,50.03,-,-,-1.6622458001768308,-2.6605986346928114,54.8,0,-3.09,-4.08,08-Oct-2025,08-Sep-2026,-,-2.6605986346928114,-,-1.6622458001768308,11.406722956826515,-11.15330801519088,https://nsearchives.nseindia.com/today/BBNPNBETFEQN.svg,https://nsearchives.nseindia.com/30d/BBNPNBETF-EQ.svg,https://nsearchives.nseindia.com/365d/BBNPNBETF-EQ.svg,EQ
GSEC10ABSL,CRISIL 10 Year Gilt ETF,0,0,0,110.64,0,0.00,0,0,110.4848,119.99,108.01,-,-,0.5818181818181823,-2.0278048348534545,110.64,0,0.58,-2.03,08-Oct-2025,08-Sep-2026,-,-2.0278048348534545,-,0.5818181818181823,7.792316026335524,-2.4349597259512965,https://nsearchives.nseindia.com/today/GSEC10ABSLEQN.svg,https://nsearchives.nseindia.com/30d/GSEC10ABSL-EQ.svg,https://nsearchives.nseindia.com/365d/GSEC10ABSL-EQ.svg,EQ
IVZBANKNF,Nifty Bank TRI,0,0,0,54.6,0,0.00,0,0,54.4773,58.45,53.23,-,-,Infinity,-3.873239436619711,54.6,0,0,-3.87,,08-Sep-2026,-,-3.873239436619711,-,Infinity,6.586826347305391,-2.5737366146909726,https://nsearchives.nseindia.com/today/IVZBANKNFEQN.svg,https://nsearchives.nseindia.com/30d/IVZBANKNF-EQ.svg,,EQ
GSEC10ADD,Nifty 10 yr Benchmark G-Sec,0,0,0,26.53,0,0.00,0,0,26.2162,27.85,24.32,-,-,Infinity,-1.1181513231457219,26.53,0,0,-1.12,,08-Sep-2026,-,-1.1181513231457219,-,Infinity,4.739676840215441,-9.087171052631582,https://nsearchives.nseindia.com/today/GSEC10ADDEQN.svg,https://nsearchives.nseindia.com/30d/GSEC10ADD-EQ.svg,,EQ
