symbol,assets,open,high,low,ltP,chn,per,qty,trdVal,nav,wkhi,wklo,xDt,cAct,yPC,mPC,prevClose,stockIndClosePrice,perChange365d,perChange30d,date365dAgo,date30dAgo,CAct,MPC,XDt,YPC,nearWKH,nearWKL,chartTodayPath,chart30dPath,chart365dPath,series
LIQUIDBEES,Government Securities,1000,1000.01,999.99,1000,0,0.00,5906055,5906055000,1000,1029.99,969.99,19-SEP-17, EXIT OPTION PURSUANT TO CHANGE IN FUNDAMENTAL ATTRIBUTES OF ETF  ,0,0.0010000100000990915,1000,0,0,0,07-Oct-2025,07-Sep-2026, EXIT OPTION PURSUANT TO CHANGE IN FUNDAMENTAL ATTRIBUTES OF ETF  ,0.0010000100000990915,19-SEP-17,0,2.9116787541626628,-3.093846328312662,https://nsearchives.nseindia.com/today/LIQUIDBEESEQN.svg,https://nsearchives.nseindia.com/30d/LIQUIDBEES-EQ.svg,https://nsearchives.nseindia.com/365d/LIQUIDBEES-EQ.svg,EQ
SILVERBEES,Domestic price of Silver- based on LBMA Silver daily spot fixing price,208.55,209.15,205.29,206.17,-2.85,-1.36,16854609,3486207325.56,208.9968,360,132.99,-,-,43.3528021137533,-6.269321694853619,209.02,0,45.33,-4.97,07-Oct-2025,07-Sep-2026,-,-6.269321694853619,-,43.3528021137533,42.73055555555556,-55.026693736371136,https://nsearchives.nseindia.com/today/SILVERBEESEQN.svg,https://nsearchives.nseindia.com/30d/SILVERBEES-EQ.svg,https://nsearchives.nseindia.com/365d/SILVERBEES-EQ.svg,EQ
NIFTYBEES,Nifty 50,258.69,258.69,253.37,254.09,-3.5,-1.36,10595383,2698538096.27,257.8026,302.25,251.7,19-DEC-19, FACE VALUE SPLIT (SUB-DIVISION) - FROM RS 10/- TO RS 1/-,-10.345435940863068,-6.312451605766741,257.59,0,-9.11,-5.02,07-Oct-2025,07-Sep-2026, FACE VALUE SPLIT (SUB-DIVISION) - FROM RS 10/- TO RS 1/-,-6.312451605766741,19-DEC-19,-10.345435940863068,15.933829611248965,-0.9495431068732677,https://nsearchives.nseindia.com/today/NIFTYBEESEQN.svg,https://nsearchives.nseindia.com/30d/NIFTYBEES-EQ.svg,https://nsearchives.nseindia.com/365d/NIFTYBEES-EQ.svg,EQ
LIQUID1,Kotak Nifty 1D Rate Liquid ETF,1128.65,1128.65,1125.96,1125.97,0.15,0.01,2322622,2615202693.34,1125.8142,1147.32,1067.98,-,-,5.036474561092558,0.3932023253325798,1125.82,0,5.02,0.38,07-Oct-2025,07-Sep-2026,-,0.3932023253325798,-,5.036474561092558,1.8608583481504646,-5.42987696398809,https://nsearchives.nseindia.com/today/LIQUID1EQN.svg,https://nsearchives.nseindia.com/30d/LIQUID1-EQ.svg,https://nsearchives.nseindia.com/365d/LIQUID1-EQ.svg,EQ
GOLDBEES,Gold,121.43,121.49,120.7,121,-0.08,-0.07,17791469,2153657322.45,120.8495,148.14,95.55,19-DEC-19, FACE VALUE SPLIT (SUB-DIVISION) - FROM RS 100/- TO RS 1/-,21.412803532008834,-3.647077560121037,121.08,0,21.49,-3.58,07-Oct-2025,07-Sep-2026, FACE VALUE SPLIT (SUB-DIVISION) - FROM RS 100/- TO RS 1/-,-3.647077560121037,19-DEC-19,21.412803532008834,18.32050762791953,-26.635269492412355,https://nsearchives.nseindia.com/today/GOLDBEESEQN.svg,https://nsearchives.nseindia.com/30d/GOLDBEES-EQ.svg,https://nsearchives.nseindia.com/365d/GOLDBEES-EQ.svg,EQ
LIQUIDCASE,Zerodha Nifty 1D Rate Liquid ETF,116.26,116.28,116.26,116.28,0.03,0.03,17621757,2048881686.39,116.2578,116.28,107.56,-,-,4.964795089366311,0.40583714705120355,116.25,0,4.94,0.38,07-Oct-2025,07-Sep-2026,-,0.40583714705120355,-,4.964795089366311,0,-8.10710301227222,https://nsearchives.nseindia.com/today/LIQUIDCASEEQN.svg,https://nsearchives.nseindia.com/30d/LIQUIDCASE-EQ.svg,https://nsearchives.nseindia.com/365d/LIQUIDCASE-EQ.svg,EQ
GOLDIETF,Gold,125.55,125.9,125.09,125.39,-0.05,-0.04,7800446,978721959.62,125.224,158,95.53,-,-,21.607991465425275,-3.5535728020921398,125.44,0,21.66,-3.52,07-Oct-2025,07-Sep-2026,-,-3.5535728020921398,-,21.607991465425275,20.639240506329113,-31.257196692138596,https://nsearchives.nseindia.com/today/GOLDIETFEQN.svg,https://nsearchives.nseindia.com/30d/GOLDIETF-EQ.svg,https://nsearchives.nseindia.com/365d/GOLDIETF-EQ.svg,EQ
SILVERIETF,Domestic Price of Silver,217.99,218.45,214.41,215.21,-3,-1.37,4523139,974962611.45,218.1931,373.5,138.51,-,-,42.86378120021244,-6.300069662138627,218.21,0,44.86,-4.99,07-Oct-2025,07-Sep-2026,-,-6.300069662138627,-,42.86378120021244,42.38018741633199,-55.375063172334144,https://nsearchives.nseindia.com/today/SILVERIETFEQN.svg,https://nsearchives.nseindia.com/30d/SILVERIETF-EQ.svg,https://nsearchives.nseindia.com/365d/SILVERIETF-EQ.svg,EQ
MONQ50,Nasdaq Q-50 Total Return Index,261.7,272.3,221.05,241.99,-16.58,-6.41,3577769,860167222.98,123.0864,471.99,92.01,-,-,133.15348299450812,47.47394722408435,258.57,0,149.13,57.58,07-Oct-2025,07-Sep-2026,-,47.47394722408435,-,133.15348299450812,48.72984597131295,-163.00402130203238,https://nsearchives.nseindia.com/today/MONQ50EQN.svg,https://nsearchives.nseindia.com/30d/MONQ50-EQ.svg,https://nsearchives.nseindia.com/365d/MONQ50-EQ.svg,EQ
TATSILV,Tata Silver Exchange Traded Fund,21.2,21.26,20.85,20.95,-0.26,-1.23,37689405,791100610.95,21.2374,35.1,13.5,-,-,43.59150102810144,-6.095921111609142,21.21,0,45.37,-4.93,07-Oct-2025,07-Sep-2026,-,-6.095921111609142,-,43.59150102810144,40.31339031339032,-55.185185185185176,https://nsearchives.nseindia.com/today/TATSILVEQN.svg,https://nsearchives.nseindia.com/30d/TATSILV-EQ.svg,https://nsearchives.nseindia.com/365d/TATSILV-EQ.svg,EQ
MAFANG,NYSE FANG+ Total Return Index,299.95,307.49,265.51,282.5,-12.51,-4.24,2509797,709293730.17,186.0132,307.49,149.74,-,-,67.17954787548824,28.777863882937503,295.01,0,74.58,34.48,07-Oct-2025,07-Sep-2026,-,28.777863882937503,-,67.17954787548824,8.127093564018345,-88.66034459730199,https://nsearchives.nseindia.com/today/MAFANGEQN.svg,https://nsearchives.nseindia.com/30d/MAFANG-EQ.svg,https://nsearchives.nseindia.com/365d/MAFANG-EQ.svg,EQ
LIQUIDADD,DSP S&P BSE Liquid Rate ETF,1148.18,1148.2,1148.18,1148.2,0.18,0.02,570497,655033245.46,1148.0306,1175.19,1094.11,-,-,4.940866799495489,0.39872687209261176,1148.02,0,4.92,0.38,07-Oct-2025,07-Sep-2026,-,0.39872687209261176,-,4.940866799495489,2.296649903419873,-4.9437442304704415,https://nsearchives.nseindia.com/today/LIQUIDADDEQN.svg,https://nsearchives.nseindia.com/30d/LIQUIDADD-EQ.svg,https://nsearchives.nseindia.com/365d/LIQUIDADD-EQ.svg,EQ
HDFCSILVER,HDFC Silver ETF,208.39,209.05,205.15,205.97,-2.86,-1.37,2478343,511604345.49,208.9202,359,132.72,-,-,43.15401723658604,-6.334697589813555,208.83,0,45.14,-5.03,07-Oct-2025,07-Sep-2026,-,-6.334697589813555,-,43.15401723658604,42.626740947075206,-55.191380349608195,https://nsearchives.nseindia.com/today/HDFCSILVEREQN.svg,https://nsearchives.nseindia.com/30d/HDFCSILVER-EQ.svg,https://nsearchives.nseindia.com/365d/HDFCSILVER-EQ.svg,EQ
BANKBEES,Nifty Bank,568.11,576.6,563.51,564.57,-5.65,-0.99,863939,488825325.59,570.7214,638.99,515.98,19-DEC-19, FACE VALUE SPLIT (SUB-DIVISION) - FROM RS 10/- TO RS 1/-,-2.6855123674911536,-4.565739206869737,570.22,0,-1.71,-3.61,07-Oct-2025,07-Sep-2026, FACE VALUE SPLIT (SUB-DIVISION) - FROM RS 10/- TO RS 1/-,-4.565739206869737,19-DEC-19,-2.6855123674911536,11.646504640135207,-9.417031667894111,https://nsearchives.nseindia.com/today/BANKBEESEQN.svg,https://nsearchives.nseindia.com/30d/BANKBEES-EQ.svg,https://nsearchives.nseindia.com/365d/BANKBEES-EQ.svg,EQ
NIFTYIETF,Nifty 50,257.35,257.35,252.17,253.1,-3.4,-1.33,1856758,470725288.16,256.4868,304.14,250.4,-,-,-10.257773995674212,-6.120178041543037,256.5,0,-9.05,-4.86,07-Oct-2025,07-Sep-2026,-,-6.120178041543037,-,-10.257773995674212,16.78174524889853,-1.078274760383382,https://nsearchives.nseindia.com/today/NIFTYIETFEQN.svg,https://nsearchives.nseindia.com/30d/NIFTYIETF-EQ.svg,https://nsearchives.nseindia.com/365d/NIFTYIETF-EQ.svg,EQ
LIQUIDBETF,Bajaj Finserv Nifty 1D Rate Liquid ETF - Growth,1103,1103,1102.06,1102.08,0.17,0.02,418277,460970533.39,1101.9152,1116.24,1009.94,-,-,4.85015697840358,0.39169961194410124,1101.91,0,4.83,0.38,07-Oct-2025,07-Sep-2026,-,0.39169961194410124,-,4.85015697840358,1.2685443990539742,-9.12331425629244,https://nsearchives.nseindia.com/today/LIQUIDBETFEQN.svg,https://nsearchives.nseindia.com/30d/LIQUIDBETF-EQ.svg,https://nsearchives.nseindia.com/365d/LIQUIDBETF-EQ.svg,EQ
LIQUIDPLUS,Nifty 1D Rate Index,1106.61,1106.63,1106.61,1106.63,0.16,0.01,414744,458959857.84,1106.466,1127.08,1053.5,-,-,5.019264714255898,0.40830029125420775,1106.47,0,5,0.39,07-Oct-2025,07-Sep-2026,-,0.40830029125420775,-,5.019264714255898,1.8144231110480018,-5.043189368770775,https://nsearchives.nseindia.com/today/LIQUIDPLUSEQN.svg,https://nsearchives.nseindia.com/30d/LIQUIDPLUS-EQ.svg,https://nsearchives.nseindia.com/365d/LIQUIDPLUS-EQ.svg,EQ
JUNIORBEES,Nippon India ETF Nifty Next 50 Junior BeES,767.04,767.04,732.53,739.9,-12.1,-1.61,564944,417493616,750.9781,823.97,632.34,10-MAR-14,DIVIDEND-RS.1 PER UNIT,0.5080417300586841,-5.896268409940735,752,0,2.15,-4.36,07-Oct-2025,07-Sep-2026,DIVIDEND-RS.1 PER UNIT,-5.896268409940735,10-MAR-14,0.5080417300586841,10.203041372865524,-17.00983648037447,https://nsearchives.nseindia.com/today/JUNIORBEESEQN.svg,https://nsearchives.nseindia.com/30d/JUNIORBEES-EQ.svg,https://nsearchives.nseindia.com/365d/JUNIORBEES-EQ.svg,EQ
HDFCSML250,HDFC NIFTY Smallcap 250 ETF,180.59,181.48,175.8,176.7,-4.07,-2.25,2339240,414770644.4,180.3775,189.83,142.7,-,-,3.062117235345582,-5.3713918491940245,180.77,0,5.44,-3.19,07-Oct-2025,07-Sep-2026,-,-5.3713918491940245,-,3.062117235345582,6.9167149554864995,-23.826208829712687,https://nsearchives.nseindia.com/today/HDFCSML250EQN.svg,https://nsearchives.nseindia.com/30d/HDFCSML250-EQ.svg,https://nsearchives.nseindia.com/365d/HDFCSML250-EQ.svg,EQ
TATAGOLD,Tata Gold Exchange Traded Fund,14.25,14.28,14.2,14.24,0.01,0.07,25730797,366149241.31,14.2145,17.7,10.33,-,-,22.022279348757497,-3.5230352303523005,14.23,0,21.94,-3.59,07-Oct-2025,07-Sep-2026,-,-3.5230352303523005,-,22.022279348757497,19.548022598870052,-37.85091965150048,https://nsearchives.nseindia.com/today/TATAGOLDEQN.svg,https://nsearchives.nseindia.com/30d/TATAGOLD-EQ.svg,https://nsearchives.nseindia.com/365d/TATAGOLD-EQ.svg,EQ
SETFGOLD,Gold,125.04,125.33,124.51,124.76,-0.16,-0.13,2925368,365173687.44,124.6578,153.95,98.5,06-JAN-22,FACE VALUE SPLIT (SUB-DIVISION) - FROM RS 100/- PER SHARE TO RS 1/- PER SHARE,21.56289583942318,-3.704847175054027,124.92,0,21.72,-3.58,07-Oct-2025,07-Sep-2026,FACE VALUE SPLIT (SUB-DIVISION) - FROM RS 100/- PER SHARE TO RS 1/- PER SHARE,-3.704847175054027,06-JAN-22,21.56289583942318,18.960701526469624,-26.659898477157366,https://nsearchives.nseindia.com/today/SETFGOLDEQN.svg,https://nsearchives.nseindia.com/30d/SETFGOLD-EQ.svg,https://nsearchives.nseindia.com/365d/SETFGOLD-EQ.svg,EQ
MID150BEES,Nifty Midcap 150 TRI,226.99,226.99,220.52,221.82,-4.53,-2.00,1622414,360386821.82,225.9069,247.15,190.43,-,-,-0.3459274900040479,-7.230981556605754,226.35,0,1.69,-5.34,07-Oct-2025,07-Sep-2026,-,-7.230981556605754,-,-0.3459274900040479,10.248836738822583,-16.483747308722357,https://nsearchives.nseindia.com/today/MID150BEESEQN.svg,https://nsearchives.nseindia.com/30d/MID150BEES-EQ.svg,https://nsearchives.nseindia.com/365d/MID150BEES-EQ.svg,EQ
HDFCGOLD,Gold,125.22,125.56,124.73,125.12,-0.07,-0.06,2857218,357580832.7,124.9022,152.3,95.68,17-FEB-21, FACE VALUE SPLIT (SUB-DIVISION) - FROM RS 100/- PER UNIT TO RE 1/- PER UNIT,21.58196482363231,-3.6649214659685794,125.19,0,21.65,-3.61,07-Oct-2025,07-Sep-2026, FACE VALUE SPLIT (SUB-DIVISION) - FROM RS 100/- PER UNIT TO RE 1/- PER UNIT,-3.6649214659685794,17-FEB-21,21.58196482363231,17.84635587655943,-30.769230769230766,https://nsearchives.nseindia.com/today/HDFCGOLDEQN.svg,https://nsearchives.nseindia.com/30d/HDFCGOLD-EQ.svg,https://nsearchives.nseindia.com/365d/HDFCGOLD-EQ.svg,EQ
LIQUIDIETF,S&P BSE Liquid Rate Index,1000,1000.01,999.99,1000,0.01,0.00,341684,341680583.16,1000,1041.19,955,-,-,0.0010000100000990915,0.0010000100000990915,999.99,0,0,0,07-Oct-2025,07-Sep-2026,-,0.0010000100000990915,-,0.0010000100000990915,3.956050288612074,-4.712041884816754,https://nsearchives.nseindia.com/today/LIQUIDIETFEQN.svg,https://nsearchives.nseindia.com/30d/LIQUIDIETF-EQ.svg,https://nsearchives.nseindia.com/365d/LIQUIDIETF-EQ.svg,EQ
MON100,Nasdaq100,337.49,337.5,320.42,326,-6.06,-1.82,1018267,332046686.03,294.7333,354.9,213.01,17-JUN-21, FACE VALUE SPLIT (SUB-DIVISION) - FROM RS 10/- PER SHARE TO RE 1/- PER SHARE,30.26452489411013,-3.077151776423375,332.06,0,32.69,-1.28,07-Oct-2025,07-Sep-2026, FACE VALUE SPLIT (SUB-DIVISION) - FROM RS 10/- PER SHARE TO RE 1/- PER SHARE,-3.077151776423375,17-JUN-21,30.26452489411013,8.143138912369675,-53.04445800666635,https://nsearchives.nseindia.com/today/MON100EQN.svg,https://nsearchives.nseindia.com/30d/MON100-EQ.svg,https://nsearchives.nseindia.com/365d/MON100-EQ.svg,EQ
GOLDCASE,Zerodha Gold ETF,23.15,23.15,22.98,23.04,-0.01,-0.04,14046361,323768621.05,23.0169,27.94,17.9,-,-,21.90476190476191,-3.5983263598326336,23.05,0,21.96,-3.56,07-Oct-2025,07-Sep-2026,-,-3.5983263598326336,-,21.90476190476191,17.53758052970652,-28.715083798882684,https://nsearchives.nseindia.com/today/GOLDCASEEQN.svg,https://nsearchives.nseindia.com/30d/GOLDCASE-EQ.svg,https://nsearchives.nseindia.com/365d/GOLDCASE-EQ.svg,EQ
LIQUID,Mirae Asset Nifty 1D Rate Liquid ETF,999.99,1000,999.99,1000,0.01,0.00,293072,293069069.28,1000,1024.98,974.99,-,-,0.0010000100000990915,0.0010000100000990915,999.99,0,0,0,07-Oct-2025,07-Sep-2026,-,0.0010000100000990915,-,0.0010000100000990915,2.4371207243068174,-2.565154514405275,https://nsearchives.nseindia.com/today/LIQUIDEQN.svg,https://nsearchives.nseindia.com/30d/LIQUID-EQ.svg,https://nsearchives.nseindia.com/365d/LIQUID-EQ.svg,EQ
SETFNIF50,Nifty 50,243.65,244.44,237.55,240.29,-3.36,-1.38,1176317,283139501.9,243.6308,287.33,237.55,24-MAR-21, DIVIDEND - RS 1.30 PER SHARE,-10.339552238805974,-6.2685286316118045,243.65,0,-9.09,-4.96,07-Oct-2025,07-Sep-2026, DIVIDEND - RS 1.30 PER SHARE,-6.2685286316118045,24-MAR-21,-10.339552238805974,16.371419622037376,-1.1534413807619366,https://nsearchives.nseindia.com/today/SETFNIF50EQN.svg,https://nsearchives.nseindia.com/30d/SETFNIF50-EQ.svg,https://nsearchives.nseindia.com/365d/SETFNIF50-EQ.svg,EQ
ITBEES,Nifty IT TRI,30.94,31.5,30.72,30.89,-0.01,-0.03,9049333,281796229.62,30.8527,44.27,28.55,-,-,-18.323638286620834,-7.3207320732073144,30.9,0,-18.3,-7.29,07-Oct-2025,07-Sep-2026,-,-7.3207320732073144,-,-18.323638286620834,30.223627738875088,-8.196147110332749,https://nsearchives.nseindia.com/today/ITBEESEQN.svg,https://nsearchives.nseindia.com/30d/ITBEES-EQ.svg,https://nsearchives.nseindia.com/365d/ITBEES-EQ.svg,EQ
MASPTOP50,S&P 500 Top 50 Total Return Index,118.5,119.64,109.01,112,-4.81,-4.12,1562893,176825714.02,70.5291,148.9,65,-,-,62.71974429754468,30.384167636786955,116.81,0,69.71,35.98,07-Oct-2025,07-Sep-2026,-,30.384167636786955,-,62.71974429754468,24.78173270651444,-72.3076923076923,https://nsearchives.nseindia.com/today/MASPTOP50EQN.svg,https://nsearchives.nseindia.com/30d/MASPTOP50-EQ.svg,https://nsearchives.nseindia.com/365d/MASPTOP50-EQ.svg,EQ
SETFNIFBK,Nifty Bank,564.93,565.43,558.28,558.87,-7.22,-1.28,305732,171102913.8,566.1981,646.11,465.64,02-NOV-17, DIVIDEND - RS 3.50 PER UNIT,-2.891348543031396,-4.847277556440908,566.09,0,-1.64,-3.62,07-Oct-2025,07-Sep-2026, DIVIDEND - RS 3.50 PER UNIT,-4.847277556440908,02-NOV-17,-2.891348543031396,13.502344801968706,-20.021905334593253,https://nsearchives.nseindia.com/today/SETFNIFBKEQN.svg,https://nsearchives.nseindia.com/30d/SETFNIFBK-EQ.svg,https://nsearchives.nseindia.com/365d/SETFNIFBK-EQ.svg,EQ
NEXT50IETF,Nifty Next 50,73.79,73.79,71.35,71.55,-1.85,-2.52,2292032,165140905.6,73.2906,80.38,62.6,15-NOV-18, FACE VALUE SPLIT (SUB-DIVISION) - FROM RS 10/- PER SHARE TO RS 1/- PER SHARE,-0.8178541724424777,-6.823805182966543,73.4,0,1.75,-4.41,07-Oct-2025,07-Sep-2026, FACE VALUE SPLIT (SUB-DIVISION) - FROM RS 10/- PER SHARE TO RS 1/- PER SHARE,-6.823805182966543,15-NOV-18,-0.8178541724424777,10.985319731276435,-14.29712460063897,https://nsearchives.nseindia.com/today/NEXT50IETFEQN.svg,https://nsearchives.nseindia.com/30d/NEXT50IETF-EQ.svg,https://nsearchives.nseindia.com/365d/NEXT50IETF-EQ.svg,EQ
CASHIETF,BSE Liquid Rate Index,1082.66,1082.86,1082.66,1082.86,0.17,0.02,148401,160694538.84,1082.6938,1099.28,1030.48,-,-,5.008679124523605,0.40612714190340865,1082.69,0,4.99,0.39,07-Oct-2025,07-Sep-2026,-,0.40612714190340865,-,5.008679124523605,1.4937049705261691,-5.0830680847760155,https://nsearchives.nseindia.com/today/CASHIETFEQN.svg,https://nsearchives.nseindia.com/30d/CASHIETF-EQ.svg,https://nsearchives.nseindia.com/365d/CASHIETF-EQ.svg,EQ
GOLD1,Gold,122.7,122.7,121.91,122.26,-0.04,-0.03,1195878,146231961.84,122.0399,158,96.1,22-JUL-21, FACE VALUE SPLIT (SUB-DIVISION) - FROM RS 10/- PER SHARE TO RE 1/- PER SHARE,22.028146521608953,-3.5119564359561113,122.3,0,22.07,-3.48,07-Oct-2025,07-Sep-2026, FACE VALUE SPLIT (SUB-DIVISION) - FROM RS 10/- PER SHARE TO RE 1/- PER SHARE,-3.5119564359561113,22-JUL-21,22.028146521608953,22.62025316455696,-27.22164412070761,https://nsearchives.nseindia.com/today/GOLD1EQN.svg,https://nsearchives.nseindia.com/30d/GOLD1-EQ.svg,https://nsearchives.nseindia.com/365d/GOLD1-EQ.svg,EQ
NIFTYAXIS,Nifty 50,244.23,251.33,244.23,246,-4.5,-1.80,587984,145878830.4,250.4617,296.38,243.19,23-JUL-20, FACE VALUE SPLIT (SUB-DIVISION) - FROM RS 100/- PER SHARE TO RS 10/- PER SHARE,Infinity,-6.680323204734272,250.5,0,0,-4.97,,07-Sep-2026, FACE VALUE SPLIT (SUB-DIVISION) - FROM RS 100/- PER SHARE TO RS 10/- PER SHARE,-6.680323204734272,23-JUL-20,Infinity,16.998447938457385,-1.1554751428923895,https://nsearchives.nseindia.com/today/NIFTYAXISEQN.svg,https://nsearchives.nseindia.com/30d/NIFTYAXIS-EQ.svg,,EQ
SILVER,Physical price of Silver,217.76,218.49,214.51,215.55,-2.8,-1.28,673146,145291832.64,218.2921,371.89,136.33,-,-,43.96874165108203,-6.13977792292619,218.35,0,45.84,-4.92,07-Oct-2025,07-Sep-2026,-,-6.13977792292619,-,43.96874165108203,42.03931269999193,-58.10900022005428,https://nsearchives.nseindia.com/today/SILVEREQN.svg,https://nsearchives.nseindia.com/30d/SILVER-EQ.svg,https://nsearchives.nseindia.com/365d/SILVER-EQ.svg,EQ
LOWVOLIETF,Nifty 100 Low Volatility 30 Index,20.67,20.67,20.13,20.34,-0.19,-0.93,7131131,144476714.06,20.6031,26.81,19.84,01-MAR-24,FACE VALUE SPLIT (SUB-DIVISION) - FROM RS 10/- PER SHARE TO RE 1/- PER SHARE,-8.171557562076744,-6.868131868131869,20.53,0,-7.31,-6,07-Oct-2025,07-Sep-2026,FACE VALUE SPLIT (SUB-DIVISION) - FROM RS 10/- PER SHARE TO RE 1/- PER SHARE,-6.868131868131869,01-MAR-24,-8.171557562076744,24.13278627377844,-2.5201612903225805,https://nsearchives.nseindia.com/today/LOWVOLIETFEQN.svg,https://nsearchives.nseindia.com/30d/LOWVOLIETF-EQ.svg,https://nsearchives.nseindia.com/365d/LOWVOLIETF-EQ.svg,EQ
MODEFENCE,Nifty India Defence Total Return Index,101.25,101.49,98.11,98.65,-2.28,-2.26,1452875,143732923.75,101.1657,112,77.8,-,-,11.054823820781275,-8.010070869078692,100.93,0,13.62,-5.88,07-Oct-2025,07-Sep-2026,-,-8.010070869078692,-,11.054823820781275,11.919642857142852,-26.799485861182532,https://nsearchives.nseindia.com/today/MODEFENCEEQN.svg,https://nsearchives.nseindia.com/30d/MODEFENCE-EQ.svg,https://nsearchives.nseindia.com/365d/MODEFENCE-EQ.svg,EQ
PHARMABEES,Nifty Pharma TRI,27.25,27.3,26.46,26.71,-0.45,-1.66,5378292,143654179.32,27.1821,28.58,21.69,-,-,19.347631814119758,-2.5182481751824737,27.16,0,21.36,-0.88,07-Oct-2025,07-Sep-2026,-,-2.5182481751824737,-,19.347631814119758,6.543037088873329,-23.144306131857995,https://nsearchives.nseindia.com/today/PHARMABEESEQN.svg,https://nsearchives.nseindia.com/30d/PHARMABEES-EQ.svg,https://nsearchives.nseindia.com/365d/PHARMABEES-EQ.svg,EQ
SBISILVER,SBI SILVER ETF,214.23,214.49,210.5,211.39,-2.93,-1.37,668406,141675335.76,214.2542,362,136.05,-,-,43.881023686359924,-6.1614950947751685,214.32,0,45.88,-4.86,07-Oct-2025,07-Sep-2026,-,-6.1614950947751685,-,43.881023686359924,41.604972375690615,-55.376699742741614,https://nsearchives.nseindia.com/today/SBISILVEREQN.svg,https://nsearchives.nseindia.com/30d/SBISILVER-EQ.svg,https://nsearchives.nseindia.com/365d/SBISILVER-EQ.svg,EQ
SILVER1,Kotak Silver ETF,21.2,21.23,20.82,20.92,-0.28,-1.32,6493835,136630288.4,21.2105,38.8,13.41,27-FEB-26,FACE VALUE SPLIT (SUB-DIVISION) - FROM RS 10/- PER SHARE TO RE 1/- PER SHARE,-85.6190279782773,-6.2724014336917495,21.2,0,-85.43,-5.02,07-Oct-2025,07-Sep-2026,FACE VALUE SPLIT (SUB-DIVISION) - FROM RS 10/- PER SHARE TO RE 1/- PER SHARE,-6.2724014336917495,27-FEB-26,-85.6190279782773,46.082474226804116,-56.00298284862044,https://nsearchives.nseindia.com/today/SILVER1EQN.svg,https://nsearchives.nseindia.com/30d/SILVER1-EQ.svg,https://nsearchives.nseindia.com/365d/SILVER1-EQ.svg,EQ
METALIETF,Nifty Metal Index,12.69,12.69,11.96,12.2,-0.19,-1.53,10298143,124710511.73,12.3949,14.17,10,-,-,19.490695396669913,-7.854984894259825,12.39,0,21.35,-6.42,07-Oct-2025,07-Sep-2026,-,-7.854984894259825,-,19.490695396669913,13.902611150317576,-21.999999999999993,https://nsearchives.nseindia.com/today/METALIETFEQN.svg,https://nsearchives.nseindia.com/30d/METALIETF-EQ.svg,https://nsearchives.nseindia.com/365d/METALIETF-EQ.svg,EQ
SBILIQETF,Nifty 1D Rate Index,1059.18,1059.2,1059.18,1059.18,0.14,0.01,115987,122851110.66,1059.0422,1087.09,999,-,-,4.994052339413175,0.4047738669649526,1059.04,0,4.98,0.39,07-Oct-2025,07-Sep-2026,-,0.4047738669649526,-,4.994052339413175,2.567404722700039,-6.024024024024031,https://nsearchives.nseindia.com/today/SBILIQETFEQN.svg,https://nsearchives.nseindia.com/30d/SBILIQETF-EQ.svg,https://nsearchives.nseindia.com/365d/SBILIQETF-EQ.svg,EQ
LIQUIDETF,Nifty1D rate index,1000,1000.01,999.99,1000.01,0.01,0.00,122284,122282777.16,1000,1025,995,-,-,0.0009999999999990906,0.002000020000198183,1000,0,0,0,07-Oct-2025,07-Sep-2026,-,0.002000020000198183,-,0.0009999999999990906,2.4380487804878057,-0.5035175879396976,https://nsearchives.nseindia.com/today/LIQUIDETFEQN.svg,https://nsearchives.nseindia.com/30d/LIQUIDETF-EQ.svg,https://nsearchives.nseindia.com/365d/LIQUIDETF-EQ.svg,EQ
SILVERCASE,Commodity-Silver,22.12,22.17,21.77,21.84,-0.3,-1.36,5342528,117108213.76,22.1421,38.01,14.02,-,-,43.58974358974358,-6.306306306306301,22.14,0,45.56,-5.02,07-Oct-2025,07-Sep-2026,-,-6.306306306306301,-,43.58974358974358,42.54143646408839,-55.777460770328105,https://nsearchives.nseindia.com/today/SILVERCASEEQN.svg,https://nsearchives.nseindia.com/30d/SILVERCASE-EQ.svg,https://nsearchives.nseindia.com/365d/SILVERCASE-EQ.svg,EQ
SILVERAXIS,Axis Silver ETF,217,217.9,213.6,214.14,-3.31,-1.52,529091,113997946.86,217.3616,390.01,137.56,-,-,Infinity,-6.3377509513187285,217.45,0,0,-4.89,,07-Sep-2026,-,-6.3377509513187285,-,Infinity,45.09371554575524,-55.67025298051758,https://nsearchives.nseindia.com/today/SILVERAXISEQN.svg,https://nsearchives.nseindia.com/30d/SILVERAXIS-EQ.svg,,EQ
CPSEETF,CPSE ETF,89.56,89.56,87.02,87.65,-1.47,-1.65,1247634,109392549.12,89.0218,112,86.06,-,-,-6.496692980584584,-6.22659676901679,89.12,0,-4.93,-4.65,07-Oct-2025,07-Sep-2026,-,-6.22659676901679,-,-6.496692980584584,21.741071428571423,-1.8475482221705826,https://nsearchives.nseindia.com/today/CPSEETFEQN.svg,https://nsearchives.nseindia.com/30d/CPSEETF-EQ.svg,https://nsearchives.nseindia.com/365d/CPSEETF-EQ.svg,EQ
GOLDETF,Mirae Asset Gold ETF,142.89,142.89,142.01,142.25,-0.32,-0.22,757069,107806625.6,142.1934,173.5,111.4,-,-,21.65398101428204,-3.7811147186147207,142.57,0,21.93,-3.56,07-Oct-2025,07-Sep-2026,-,-3.7811147186147207,-,21.65398101428204,18.011527377521613,-27.69299820466786,https://nsearchives.nseindia.com/today/GOLDETFEQN.svg,https://nsearchives.nseindia.com/30d/GOLDETF-EQ.svg,https://nsearchives.nseindia.com/365d/GOLDETF-EQ.svg,EQ
PSUBNKBEES,Nifty PSU Bank,88.25,90.83,88.25,89.25,-0.87,-0.97,1101535,98983935.1,90.3338,110.4,83.32,19-DEC-19, FACE VALUE SPLIT (SUB-DIVISION) - FROM RS 10/- TO RS 1/-,5.571327182398857,-5.264833881753523,90.12,0,6.6,-4.34,07-Oct-2025,07-Sep-2026, FACE VALUE SPLIT (SUB-DIVISION) - FROM RS 10/- TO RS 1/-,-5.264833881753523,19-DEC-19,5.571327182398857,19.157608695652176,-7.117138742198761,https://nsearchives.nseindia.com/today/PSUBNKBEESEQN.svg,https://nsearchives.nseindia.com/30d/PSUBNKBEES-EQ.svg,https://nsearchives.nseindia.com/365d/PSUBNKBEES-EQ.svg,EQ
SILVERADD,DSP Silver ETF,21.09,21.09,20.67,20.75,-0.31,-1.47,4662047,96877336.66,21.0639,39,13.36,28-AUG-26,FACE VALUE SPLIT (SUB-DIVISION) - FROM RS 10/- PER UNIT TO RE 1/- PER UNIT,-85.65998617829993,-6.3205417607223415,21.06,0,-85.45,-4.92,07-Oct-2025,07-Sep-2026,FACE VALUE SPLIT (SUB-DIVISION) - FROM RS 10/- PER UNIT TO RE 1/- PER UNIT,-6.3205417607223415,28-AUG-26,-85.65998617829993,46.794871794871796,-55.314371257485035,https://nsearchives.nseindia.com/today/SILVERADDEQN.svg,https://nsearchives.nseindia.com/30d/SILVERADD-EQ.svg,https://nsearchives.nseindia.com/365d/SILVERADD-EQ.svg,EQ
MIDCAPETF,Mirae Asset Mutual Fund - Mirae Asset Nifty Midcap 150 ETF,22.4,22.41,21.8,21.82,-0.52,-2.33,4378583,96197468.51,22.3331,24.57,19.6,-,-,-0.72793448589627,-7.581533248623461,22.34,0,1.64,-5.38,07-Oct-2025,07-Sep-2026,-,-7.581533248623461,-,-0.72793448589627,11.192511192511192,-11.326530612244891,https://nsearchives.nseindia.com/today/MIDCAPETFEQN.svg,https://nsearchives.nseindia.com/30d/MIDCAPETF-EQ.svg,https://nsearchives.nseindia.com/365d/MIDCAPETF-EQ.svg,EQ
SMALLCAP,Mirae Asset Nifty Smallcap 250 Momentum Quality 100 ETF,48.01,48.62,47.08,47.23,-1.22,-2.52,2021110,96083569.4,48.4209,54.5,37.34,-,-,3.93926056338028,-4.140450578445313,48.45,0,6.62,-1.66,07-Oct-2025,07-Sep-2026,-,-4.140450578445313,-,3.93926056338028,13.33944954128441,-26.486341724692,https://nsearchives.nseindia.com/today/SMALLCAPEQN.svg,https://nsearchives.nseindia.com/30d/SMALLCAP-EQ.svg,https://nsearchives.nseindia.com/365d/SMALLCAP-EQ.svg,EQ
ALPHA,NIFTY Alpha 50 Index,51.8,53.19,51.49,51.52,-1.32,-2.50,1800923,93341839.09,52.7598,55.59,42,-,-,6.865795478116578,-4.539559014267177,52.84,0,9.6,-2.09,07-Oct-2025,07-Sep-2026,-,-4.539559014267177,-,6.865795478116578,7.321460694369491,-22.666666666666675,https://nsearchives.nseindia.com/today/ALPHAEQN.svg,https://nsearchives.nseindia.com/30d/ALPHA-EQ.svg,https://nsearchives.nseindia.com/365d/ALPHA-EQ.svg,EQ
HDFCNIFTY,Nifty 50,248.66,259.06,248.66,250.2,-4.84,-1.90,367386,92371861.98,255,301.88,247.56,17-FEB-21, FACE VALUE SPLIT (SUB-DIVISION) - FROM RS 761.25/- PER UNIT TO RS 76.125/- PER UNIT,-10.849812934259752,-6.742703790674282,255.04,0,-9.13,-4.94,07-Oct-2025,07-Sep-2026, FACE VALUE SPLIT (SUB-DIVISION) - FROM RS 761.25/- PER UNIT TO RS 76.125/- PER UNIT,-6.742703790674282,17-FEB-21,-10.849812934259752,17.119385186166692,-1.066408143480363,https://nsearchives.nseindia.com/today/HDFCNIFTYEQN.svg,https://nsearchives.nseindia.com/30d/HDFCNIFTY-EQ.svg,https://nsearchives.nseindia.com/365d/HDFCNIFTY-EQ.svg,EQ
PVTBANIETF,Nifty Private Bank Index,27.49,27.5,27.13,27.28,-0.22,-0.80,3370596,91916152.92,27.4347,30.32,24.18,01-MAR-24,FACE VALUE SPLIT (SUB-DIVISION) - FROM RS 10/- PER SHARE TO RE 1/- PER SHARE,-1.445086705202307,-2.640970735189145,27.5,0,-0.65,-1.86,07-Oct-2025,07-Sep-2026,FACE VALUE SPLIT (SUB-DIVISION) - FROM RS 10/- PER SHARE TO RE 1/- PER SHARE,-2.640970735189145,01-MAR-24,-1.445086705202307,10.026385224274403,-12.820512820512825,https://nsearchives.nseindia.com/today/PVTBANIETFEQN.svg,https://nsearchives.nseindia.com/30d/PVTBANIETF-EQ.svg,https://nsearchives.nseindia.com/365d/PVTBANIETF-EQ.svg,EQ
AUTOBEES,Nifty Auto TRI,260.91,261.26,254,255.72,-5.19,-1.99,354659,91048058.48,260.1774,310.45,242.5,-,-,-7.565515994939447,-10.852361861600146,260.91,0,-5.69,-9.04,07-Oct-2025,07-Sep-2026,-,-10.852361861600146,-,-7.565515994939447,17.629247866000963,-5.4515463917525775,https://nsearchives.nseindia.com/today/AUTOBEESEQN.svg,https://nsearchives.nseindia.com/30d/AUTOBEES-EQ.svg,https://nsearchives.nseindia.com/365d/AUTOBEES-EQ.svg,EQ
GOLDADD,DSP Gold ETF,14.24,14.28,14.19,14.21,-0.03,-0.21,5401057,76911051.68,14.2091,18.1,11.23,28-AUG-26,FACE VALUE SPLIT (SUB-DIVISION) - FROM RS 10/- PER UNIT TO RE 1/- PER UNIT,Infinity,-3.595658073270009,14.24,0,0,-3.39,,07-Sep-2026,FACE VALUE SPLIT (SUB-DIVISION) - FROM RS 10/- PER UNIT TO RE 1/- PER UNIT,-3.595658073270009,28-AUG-26,Infinity,21.491712707182323,-26.536064113980412,https://nsearchives.nseindia.com/today/GOLDADDEQN.svg,https://nsearchives.nseindia.com/30d/GOLDADD-EQ.svg,,EQ
BSLGOLDETF,Gold,128.99,129.3,128.5,128.87,-0.12,-0.09,560355,72263380.8,128.6325,155.99,101.09,25-NOV-21, FACE VALUE SPLIT (SUB-DIVISION) - FROM RS 10/- PER SHARE TO RE 0.10/- PER SHARE,21.529611467370803,-3.698998654909572,128.99,0,21.64,-3.61,07-Oct-2025,07-Sep-2026, FACE VALUE SPLIT (SUB-DIVISION) - FROM RS 10/- PER SHARE TO RE 0.10/- PER SHARE,-3.698998654909572,25-NOV-21,21.529611467370803,17.38572985447785,-27.480462953803542,https://nsearchives.nseindia.com/today/BSLGOLDETFEQN.svg,https://nsearchives.nseindia.com/30d/BSLGOLDETF-EQ.svg,https://nsearchives.nseindia.com/365d/BSLGOLDETF-EQ.svg,EQ
GOLDBETA,Gold,123.7,123.7,122.85,123.3,0.05,0.04,584349,72015170.76,123.0348,149.35,95.85,25-MAR-21, FACE VALUE SPLIT (SUB-DIVISION) - FROM RS 100/- PER UNIT TO RE 1/- PER UNIT,Infinity,-3.671875000000002,123.25,0,0,-3.71,,07-Sep-2026, FACE VALUE SPLIT (SUB-DIVISION) - FROM RS 100/- PER UNIT TO RE 1/- PER UNIT,-3.671875000000002,25-MAR-21,Infinity,17.442249748911948,-28.638497652582167,https://nsearchives.nseindia.com/today/GOLDBETAEQN.svg,https://nsearchives.nseindia.com/30d/GOLDBETA-EQ.svg,,EQ
BSLNIFTY,Nifty 50,26.96,26.96,26.08,26.08,-0.42,-1.58,2651473,69601166.25,26.5284,33,25.7,25-NOV-21, FACE VALUE SPLIT (SUB-DIVISION) - FROM RS 10/- PER SHARE TO RE 1/- PER SHARE,-10.50102951269733,-6.623702112423922,26.5,0,-9.06,-5.12,07-Oct-2025,07-Sep-2026, FACE VALUE SPLIT (SUB-DIVISION) - FROM RS 10/- PER SHARE TO RE 1/- PER SHARE,-6.623702112423922,25-NOV-21,-10.50102951269733,20.969696969696976,-1.4785992217898793,https://nsearchives.nseindia.com/today/BSLNIFTYEQN.svg,https://nsearchives.nseindia.com/30d/BSLNIFTY-EQ.svg,https://nsearchives.nseindia.com/365d/BSLNIFTY-EQ.svg,EQ
NIFTYETF,Nifty 50,246.39,246.39,241.82,242.44,-3.94,-1.60,273528,66404392.56,246.1451,289.05,239.81,-,-,-10.462754367175087,-6.183731909294953,246.38,0,-9.01,-4.66,07-Oct-2025,07-Sep-2026,-,-6.183731909294953,-,-10.462754367175087,16.125237848123167,-1.0967015553980215,https://nsearchives.nseindia.com/today/NIFTYETFEQN.svg,https://nsearchives.nseindia.com/30d/NIFTYETF-EQ.svg,https://nsearchives.nseindia.com/365d/NIFTYETF-EQ.svg,EQ
LTGILTBEES,NIFTY 8-13 yr G-Sec Index,29.52,29.52,29.44,29.45,-0.06,-0.20,2053169,60506890.43,29.4798,30.61,28.29,-,-,1.7271157167530224,-1.406093069969875,29.51,0,1.93,-1.21,07-Oct-2025,07-Sep-2026,-,-1.406093069969875,-,1.7271157167530224,3.7896112381574656,-4.100388829975257,https://nsearchives.nseindia.com/today/LTGILTBEESEQN.svg,https://nsearchives.nseindia.com/30d/LTGILTBEES-EQ.svg,https://nsearchives.nseindia.com/365d/LTGILTBEES-EQ.svg,EQ
NEXT50,Nifty Next 50,719.52,719.52,698.67,699.54,-18.49,-2.58,74496,52461573.12,717.3154,785.96,617,-,-,-0.453943904486795,-6.60222432876274,718.03,0,2.18,-4.13,07-Oct-2025,07-Sep-2026,-,-6.60222432876274,-,-0.453943904486795,10.995470507404965,-13.377633711507288,https://nsearchives.nseindia.com/today/NEXT50EQN.svg,https://nsearchives.nseindia.com/30d/NEXT50-EQ.svg,https://nsearchives.nseindia.com/365d/NEXT50-EQ.svg,EQ
SILVERAG,Mirae Asset Silver ETF,212.98,213.17,209.15,209.99,-2.93,-1.38,244484,51446768.12,212.8629,380,134.03,-,-,43.4946016126828,-6.246093401196528,212.92,0,45.5,-4.94,07-Oct-2025,07-Sep-2026,-,-6.246093401196528,-,43.4946016126828,44.73947368421052,-56.6738789823174,https://nsearchives.nseindia.com/today/SILVERAGEQN.svg,https://nsearchives.nseindia.com/30d/SILVERAG-EQ.svg,https://nsearchives.nseindia.com/365d/SILVERAG-EQ.svg,EQ
METAL,Nifty Metal Total Return Index,12.77,12.77,11.99,12,-0.46,-3.69,4182535,50566848.15,12.437,14.18,8.7,-,-,17.64705882352942,-9.638554216867465,12.46,0,22.16,-6.17,07-Oct-2025,07-Sep-2026,-,-9.638554216867465,-,17.64705882352942,15.373765867418898,-37.93103448275863,https://nsearchives.nseindia.com/today/METALEQN.svg,https://nsearchives.nseindia.com/30d/METAL-EQ.svg,https://nsearchives.nseindia.com/365d/METAL-EQ.svg,EQ
FMCGIETF,Nifty FMCG Index,49,49,46.5,47.43,-0.58,-1.21,1043271,49617968.76,48.1526,61.19,46.5,10-MAY-24,FACE VALUE SPLIT (SUB-DIVISION) - FROM RS 10/- PER SHARE TO RE 1/- PER SHARE,-18.978476255551758,-3.538743136058576,48.01,0,-17.99,-2.36,07-Oct-2025,07-Sep-2026,FACE VALUE SPLIT (SUB-DIVISION) - FROM RS 10/- PER SHARE TO RE 1/- PER SHARE,-3.538743136058576,10-MAY-24,-18.978476255551758,22.487334531786235,-1.9999999999999993,https://nsearchives.nseindia.com/today/FMCGIETFEQN.svg,https://nsearchives.nseindia.com/30d/FMCGIETF-EQ.svg,https://nsearchives.nseindia.com/365d/FMCGIETF-EQ.svg,EQ
PSUBANK,Nifty PSU Bank,81.72,81.72,80,80.56,-0.36,-0.44,604616,48877157.44,80.9588,101,74.61,10-JUL-26,FACE VALUE SPLIT (SUB-DIVISION) - FROM RS 10/- PER UNIT TO RE 1/- PER UNIT,-89.35827322924098,-4.572376214167258,80.92,0,-89.31,-4.15,07-Oct-2025,07-Sep-2026,FACE VALUE SPLIT (SUB-DIVISION) - FROM RS 10/- PER UNIT TO RE 1/- PER UNIT,-4.572376214167258,10-JUL-26,-89.35827322924098,20.237623762376234,-7.974802305321005,https://nsearchives.nseindia.com/today/PSUBANKEQN.svg,https://nsearchives.nseindia.com/30d/PSUBANK-EQ.svg,https://nsearchives.nseindia.com/365d/PSUBANK-EQ.svg,EQ
GOLDAXIS,Gold,122.29,122.38,121.56,121.94,0.04,0.03,397178,48447772.44,121.7858,150,96,23-JUL-20, FACE VALUE SPLIT (SUB-DIVISION) - FROM RS 100/- PER SHARE TO RE 1/- PER SHARE,Infinity,-3.3909047694501675,121.9,0,0,-3.42,,07-Sep-2026, FACE VALUE SPLIT (SUB-DIVISION) - FROM RS 100/- PER SHARE TO RE 1/- PER SHARE,-3.3909047694501675,23-JUL-20,Infinity,18.706666666666667,-27.020833333333332,https://nsearchives.nseindia.com/today/GOLDAXISEQN.svg,https://nsearchives.nseindia.com/30d/GOLDAXIS-EQ.svg,,EQ
MOREALTY,Motilal Oswal Nifty Realty ETF,81.84,83.12,80.1,80.5,-2.27,-2.74,580042,47006603.68,82.6179,99.49,64,-,-,-9.672351885098747,-10.446100789854267,82.77,0,-7.13,-7.92,07-Oct-2025,07-Sep-2026,-,-10.446100789854267,-,-9.672351885098747,19.08734546185546,-25.78125,https://nsearchives.nseindia.com/today/MOREALTYEQN.svg,https://nsearchives.nseindia.com/30d/MOREALTY-EQ.svg,https://nsearchives.nseindia.com/365d/MOREALTY-EQ.svg,EQ
HNGSNGBEES,Hang Seng Index,464.5,464.5,455,455.5,-7.73,-1.67,101779,46463131.29,443.1618,574.75,443.42,19-DEC-19, FACE VALUE SPLIT (SUB-DIVISION) - FROM RS 10/- TO RS 1/-,-15.984211302936396,-2.944685928577515,463.23,0,-14.56,-1.3,07-Oct-2025,07-Sep-2026, FACE VALUE SPLIT (SUB-DIVISION) - FROM RS 10/- TO RS 1/-,-2.944685928577515,19-DEC-19,-15.984211302936396,20.74815137016094,-2.7242794641648964,https://nsearchives.nseindia.com/today/HNGSNGBEESEQN.svg,https://nsearchives.nseindia.com/30d/HNGSNGBEES-EQ.svg,https://nsearchives.nseindia.com/365d/HNGSNGBEES-EQ.svg,EQ
GROWWPOWER,BSE Power Index - TRI,10.88,10.92,10.48,10.54,-0.34,-3.13,4375639,46206747.84,10.8503,13.2,7.75,-,-,3.1311154598825683,-5.892857142857144,10.88,0,6.46,-2.86,07-Oct-2025,07-Sep-2026,-,-5.892857142857144,-,3.1311154598825683,20.151515151515152,-35.999999999999986,https://nsearchives.nseindia.com/today/GROWWPOWEREQN.svg,https://nsearchives.nseindia.com/30d/GROWWPOWER-EQ.svg,https://nsearchives.nseindia.com/365d/GROWWPOWER-EQ.svg,EQ
SILVERBETA,UTI Silver Exchange Traded Fund (UTI Silver ETF),210.89,211.19,207.14,208,-2.93,-1.39,219458,45825024.98,211.0037,379.66,134.16,-,-,Infinity,-6.323185011709598,210.93,0,0,-5,,07-Sep-2026,-,-6.323185011709598,-,Infinity,45.21413896644367,-55.03875968992248,https://nsearchives.nseindia.com/today/SILVERBETAEQN.svg,https://nsearchives.nseindia.com/30d/SILVERBETA-EQ.svg,,EQ
NIFTYADD,Nifty 50 Index,238.3,238.3,234,234,-4.12,-1.73,191114,44898412.02,238.4675,300,232.64,-,-,Infinity,-6.739468335259653,238.12,0,0,-5.1,,07-Sep-2026,-,-6.739468335259653,-,Infinity,22,-0.5845942228335684,https://nsearchives.nseindia.com/today/NIFTYADDEQN.svg,https://nsearchives.nseindia.com/30d/NIFTYADD-EQ.svg,,EQ
LIQGRWBEES,Liquid,1057.39,1059,1056.25,1058.59,0.14,0.01,41466,43892590.32,1058.4447,1063.44,995.55,-,-,4.7289743665845485,0.38214990138066807,1058.45,0,4.72,0.37,07-Oct-2025,07-Sep-2026,-,0.38214990138066807,-,4.7289743665845485,0.45606710298654707,-6.332178192958663,https://nsearchives.nseindia.com/today/LIQGRWBEESEQN.svg,https://nsearchives.nseindia.com/30d/LIQGRWBEES-EQ.svg,https://nsearchives.nseindia.com/365d/LIQGRWBEES-EQ.svg,EQ
GILT5YBEES,Nifty 5 yr Benchmark G-Sec Index,65.62,65.62,65.43,65.44,-0.1,-0.15,650203,42581794.47,65.5641,69,61.45,-,-,3.4134007585334962,-1.3120193032725147,65.54,0,3.57,-1.16,07-Oct-2025,07-Sep-2026,-,-1.3120193032725147,-,3.4134007585334962,5.159420289855076,-6.493083807973954,https://nsearchives.nseindia.com/today/GILT5YBEESEQN.svg,https://nsearchives.nseindia.com/30d/GILT5YBEES-EQ.svg,https://nsearchives.nseindia.com/365d/GILT5YBEES-EQ.svg,EQ
EBBETF0430,Nifty BHARAT Bond,1611.9,1611.9,1601.1,1610,4.22,0.26,25528,41007923.92,1610.086,1646.18,1510.35,-,-,4.12287793047696,-0.1426533523537775,1605.78,0,3.85,-0.4,07-Oct-2025,07-Sep-2026,-,-0.1426533523537775,-,4.12287793047696,2.1978155487249307,-6.597808454993882,https://nsearchives.nseindia.com/today/EBBETF0430EQN.svg,https://nsearchives.nseindia.com/30d/EBBETF0430-EQ.svg,https://nsearchives.nseindia.com/365d/EBBETF0430-EQ.svg,EQ
SETFNN50,Nifty Next 50,745.75,746.17,726.55,730.11,-16.46,-2.20,54239,39730067.5,744.6122,840,636.01,02-NOV-17, DIVIDEND - RS 7/- PER UNIT,-0.1831977578781915,-6.402153708095629,746.57,0,2.07,-4.29,07-Oct-2025,07-Sep-2026, DIVIDEND - RS 7/- PER UNIT,-6.402153708095629,02-NOV-17,-0.1831977578781915,13.082142857142856,-14.79536485275389,https://nsearchives.nseindia.com/today/SETFNN50EQN.svg,https://nsearchives.nseindia.com/30d/SETFNN50-EQ.svg,https://nsearchives.nseindia.com/365d/SETFNN50-EQ.svg,EQ
MOMENTUM50,Nifty 500 Momentum 50 Total Return Index,52.97,53.21,51.6,51.86,-1.11,-2.10,728947,37919822.94,53.0415,55.97,44.96,-,-,-0.17324350336863023,-4.546291183508189,52.97,0,1.96,-2.5,07-Oct-2025,07-Sep-2026,-,-4.546291183508189,-,-0.17324350336863023,7.343219581918884,-15.34697508896797,https://nsearchives.nseindia.com/today/MOMENTUM50EQN.svg,https://nsearchives.nseindia.com/30d/MOMENTUM50-EQ.svg,https://nsearchives.nseindia.com/365d/MOMENTUM50-EQ.svg,EQ
NIFTY1,Nifty 50,251.29,251.29,246.94,247.05,-4.24,-1.69,152789,37874865.21,251.1603,295.8,244.8,27-JUL-17, FACE VALUE SPLIT (SUB-DIVISION) - FROM RS 10/- PER SHARE TO RS 1/- PER SHARE,-10.50534323492121,-6.491294473883413,251.29,0,-8.97,-4.89,07-Oct-2025,07-Sep-2026, FACE VALUE SPLIT (SUB-DIVISION) - FROM RS 10/- PER SHARE TO RS 1/- PER SHARE,-6.491294473883413,27-JUL-17,-10.50534323492121,16.480730223123732,-0.9191176470588235,https://nsearchives.nseindia.com/today/NIFTY1EQN.svg,https://nsearchives.nseindia.com/30d/NIFTY1-EQ.svg,https://nsearchives.nseindia.com/365d/NIFTY1-EQ.svg,EQ
MOM30IETF,ICICI Prudential Nifty 200 Momentum 30 ETF,29.43,30.49,29.4,29.54,-0.65,-2.15,1268035,37508475.3,30.2385,32.9,26,12-AUG-22,ADDITONAL ISSUANCE 9:1,-6.073131955484897,-5.411463336535387,30.19,0,-4.01,-3.33,07-Oct-2025,07-Sep-2026,ADDITONAL ISSUANCE 9:1,-5.411463336535387,12-AUG-22,-6.073131955484897,10.212765957446807,-13.615384615384611,https://nsearchives.nseindia.com/today/MOM30IETFEQN.svg,https://nsearchives.nseindia.com/30d/MOM30IETF-EQ.svg,https://nsearchives.nseindia.com/365d/MOM30IETF-EQ.svg,EQ
MOCAPITAL,Nifty Capital Market Total Return Index,54.23,54.23,51.89,51.95,-0.96,-1.81,700832,36653513.6,53.1295,57.25,42.17,-,-,19.56271576524741,-5.235315578256107,52.91,0,21.77,-3.48,07-Oct-2025,07-Sep-2026,-,-5.235315578256107,-,19.56271576524741,9.257641921397376,-23.191842542091536,https://nsearchives.nseindia.com/today/MOCAPITALEQN.svg,https://nsearchives.nseindia.com/30d/MOCAPITAL-EQ.svg,https://nsearchives.nseindia.com/365d/MOCAPITAL-EQ.svg,EQ
MOM100,Nifty Midcap 100,65.74,65.74,62.44,62.9,-1.24,-1.93,570879,35982503.37,64.125,70.32,56.15,-,-,0.3830194701564028,-7.268170426065163,64.14,0,2.36,-5.44,07-Oct-2025,07-Sep-2026,-,-7.268170426065163,-,0.3830194701564028,10.55176336746302,-12.021371326803205,https://nsearchives.nseindia.com/today/MOM100EQN.svg,https://nsearchives.nseindia.com/30d/MOM100-EQ.svg,https://nsearchives.nseindia.com/365d/MOM100-EQ.svg,EQ
ELIQUID,Nifty 1D Rate Index (Debt Index),1050.84,1050.99,1050.84,1050.97,0.14,0.01,33774,35491745.64,1050.8348,1051.22,996,-,-,Infinity,0.40698951954218365,1050.83,0,0,0.39,,07-Sep-2026,-,0.40698951954218365,-,Infinity,0.023781891516523657,-5.519076305220886,https://nsearchives.nseindia.com/today/ELIQUIDEQN.svg,https://nsearchives.nseindia.com/30d/ELIQUID-EQ.svg,,EQ
TNIDETF,Nifty India Digital Index,85,85,82.77,83.8,-0.75,-0.89,391527,32766894.63,84.6944,103.26,74.5,-,-,-10.68002558089959,-6.691905133058684,84.55,0,-9.88,-5.86,07-Oct-2025,07-Sep-2026,-,-6.691905133058684,-,-10.68002558089959,18.84563238427272,-12.483221476510064,https://nsearchives.nseindia.com/today/TNIDETFEQN.svg,https://nsearchives.nseindia.com/30d/TNIDETF-EQ.svg,https://nsearchives.nseindia.com/365d/TNIDETF-EQ.svg,EQ
HDFCBSE500,HDFC S&P BSE 500 ETF,36.43,36.43,34.65,34.93,-0.62,-1.74,897862,31308447.94,35.4667,40,32.65,-,-,-7.347480106100805,-6.076902393116424,35.55,0,-5.7,-4.41,07-Oct-2025,07-Sep-2026,-,-6.076902393116424,-,-7.347480106100805,12.675,-6.983154670750387,https://nsearchives.nseindia.com/today/HDFCBSE500EQN.svg,https://nsearchives.nseindia.com/30d/HDFCBSE500-EQ.svg,https://nsearchives.nseindia.com/365d/HDFCBSE500-EQ.svg,EQ
GROWWLIQID,Nifty 1D Rate Index,111.08,111.08,111.07,111.08,0.03,0.03,274931,30536586.17,111.0564,112.71,105.55,-,-,4.743045733144744,0.3886127428829576,111.05,0,4.71,0.36,07-Oct-2025,07-Sep-2026,-,0.3886127428829576,-,4.743045733144744,1.446189335462688,-5.239223117006159,https://nsearchives.nseindia.com/today/GROWWLIQIDEQN.svg,https://nsearchives.nseindia.com/30d/GROWWLIQID-EQ.svg,https://nsearchives.nseindia.com/365d/GROWWLIQID-EQ.svg,EQ
HDFCLIQUID,HDFC Nifty 1D Rate Liquid ETF,1081.2,1081.22,1081.2,1081.2,0.15,0.01,26298,28433397.6,,1083.65,1009.91,28-FEB-25,CHANGE IN FUNDAMENTAL ATTRIBUTE OF HDFC NIFTY 1D RATE LIQUID ETF,4.897547345544863,0.40395598272741207,1081.05,0,4.88,0.39,07-Oct-2025,07-Sep-2026,CHANGE IN FUNDAMENTAL ATTRIBUTE OF HDFC NIFTY 1D RATE LIQUID ETF,0.40395598272741207,28-FEB-25,4.897547345544863,0.22608775896276892,-7.059044865384052,https://nsearchives.nseindia.com/today/HDFCLIQUIDEQN.svg,https://nsearchives.nseindia.com/30d/HDFCLIQUID-EQ.svg,https://nsearchives.nseindia.com/365d/HDFCLIQUID-EQ.svg,EQ
GROWWDEFNC,Nifty India Defence Index- Total Return Index,92.52,92.52,89.4,90.03,-2.48,-2.68,313941,28286084.1,92.055,102.07,71.78,-,-,11.602826329490517,-7.897698209718669,92.51,0,14.68,-5.36,07-Oct-2025,07-Sep-2026,-,-7.897698209718669,-,11.602826329490517,11.795826393651408,-25.424909445528,https://nsearchives.nseindia.com/today/GROWWDEFNCEQN.svg,https://nsearchives.nseindia.com/30d/GROWWDEFNC-EQ.svg,https://nsearchives.nseindia.com/365d/GROWWDEFNC-EQ.svg,EQ
DEFENCE,BSE India Defence,78.5,78.5,74.46,74.78,-2.18,-2.83,374221,28017926.27,76.8768,85.6,58.91,-,-,Infinity,-8.849341784495373,76.96,0,0,-6.19,,07-Sep-2026,-,-8.849341784495373,-,Infinity,12.640186915887844,-26.93939908334749,https://nsearchives.nseindia.com/today/DEFENCEEQN.svg,https://nsearchives.nseindia.com/30d/DEFENCE-EQ.svg,,EQ
BANK10ADD,BSE Top 10 Banks Index (TRI),16.26,16.64,16.05,16.23,-0.12,-0.73,1685591,27424565.57,16.3326,18.99,12.08,-,-,Infinity,-4.021289178001181,16.35,0,0,-3.31,,07-Sep-2026,-,-4.021289178001181,-,Infinity,14.533965244865708,-34.35430463576159,https://nsearchives.nseindia.com/today/BANK10ADDEQN.svg,https://nsearchives.nseindia.com/30d/BANK10ADD-EQ.svg,,EQ
HDFCNEXT50,HDFC NIFTY NEXT 50 ETF,71.21,71.21,69.25,69.4,-1.63,-2.29,383000,26687440,70.9934,78.07,59.99,20-OCT-23,FACE VALUE SPLIT (SUB-DIVISION) - FROM RS 418.18/- PER SHARE TO RS 41.81/- PER SHARE,-0.4018369690011497,-6.695348211884902,71.03,0,1.94,-4.5,07-Oct-2025,07-Sep-2026,FACE VALUE SPLIT (SUB-DIVISION) - FROM RS 418.18/- PER SHARE TO RS 41.81/- PER SHARE,-6.695348211884902,20-OCT-23,-0.4018369690011497,11.105418214422938,-15.685947657942995,https://nsearchives.nseindia.com/today/HDFCNEXT50EQN.svg,https://nsearchives.nseindia.com/30d/HDFCNEXT50-EQ.svg,https://nsearchives.nseindia.com/365d/HDFCNEXT50-EQ.svg,EQ
ICICIB22,S&P BSE BHARAT 22 index,109.27,109.27,106.25,106.91,-1.95,-1.79,243725,26081012.25,108.8485,131,106.25,-,-,-4.467875971763024,-6.087491215741397,108.86,0,-2.73,-4.37,07-Oct-2025,07-Sep-2026,-,-6.087491215741397,-,-4.467875971763024,18.38931297709924,-0.6211764705882321,https://nsearchives.nseindia.com/today/ICICIB22EQN.svg,https://nsearchives.nseindia.com/30d/ICICIB22-EQ.svg,https://nsearchives.nseindia.com/365d/ICICIB22-EQ.svg,EQ
ITIETF,Nifty IT Index,31.2,31.55,30.73,30.75,-0.16,-0.52,769719,23976746.85,30.8772,44.3,28.54,01-SEP-22,FACE VALUE SPLIT (SUB-DIVISION) - FROM RS 10/- PER UNIT TO RE 1/- PER UNIT,-18.58617950754568,-7.823741007194243,30.91,0,-18.16,-7.34,07-Oct-2025,07-Sep-2026,FACE VALUE SPLIT (SUB-DIVISION) - FROM RS 10/- PER UNIT TO RE 1/- PER UNIT,-7.823741007194243,01-SEP-22,-18.58617950754568,30.586907449209928,-7.743517869656626,https://nsearchives.nseindia.com/today/ITIETFEQN.svg,https://nsearchives.nseindia.com/30d/ITIETF-EQ.svg,https://nsearchives.nseindia.com/365d/ITIETF-EQ.svg,EQ
MIDCAPIETF,Nifty Midcap 150,22.66,22.66,22.05,22.15,-0.46,-2.03,1048512,23339877.12,22.5914,24.88,19.89,10-MAY-24,FACE VALUE SPLIT (SUB-DIVISION) - FROM RS 10/- PER SHARE TO RE 1/- PER SHARE,-0.4494382022471974,-7.322175732217573,22.61,0,1.62,-5.4,07-Oct-2025,07-Sep-2026,FACE VALUE SPLIT (SUB-DIVISION) - FROM RS 10/- PER SHARE TO RE 1/- PER SHARE,-7.322175732217573,10-MAY-24,-0.4494382022471974,10.972668810289392,-11.362493715434882,https://nsearchives.nseindia.com/today/MIDCAPIETFEQN.svg,https://nsearchives.nseindia.com/30d/MIDCAPIETF-EQ.svg,https://nsearchives.nseindia.com/365d/MIDCAPIETF-EQ.svg,EQ
MONIFTY500,Motilal Oswal Nifty 500 ETF,22.6,22.66,22.01,22.1,-0.49,-2.17,1018148,22653793,22.5803,28.28,20.75,-,-,-6.593406593406589,-7.06476030277544,22.59,0,-4.52,-5,07-Oct-2025,07-Sep-2026,-,-7.06476030277544,-,-6.593406593406589,21.852899575671852,-6.506024096385549,https://nsearchives.nseindia.com/today/MONIFTY500EQN.svg,https://nsearchives.nseindia.com/30d/MONIFTY500-EQ.svg,https://nsearchives.nseindia.com/365d/MONIFTY500-EQ.svg,EQ
ALPHAETF,Mirae Asset Nifty 200 Alpha 30 ETF,25.53,25.53,24.7,24.7,-0.79,-3.10,897897,22393551.18,25.4761,27.61,21.8,-,-,-1.0812975570684806,-7.038012796386907,25.49,0,2.08,-4.06,07-Oct-2025,07-Sep-2026,-,-7.038012796386907,-,-1.0812975570684806,10.539659543643607,-13.302752293577976,https://nsearchives.nseindia.com/today/ALPHAETFEQN.svg,https://nsearchives.nseindia.com/30d/ALPHAETF-EQ.svg,https://nsearchives.nseindia.com/365d/ALPHAETF-EQ.svg,EQ
HEALTHIETF,Nifty Healthcare Index,164.41,165.32,160.09,160.6,-3.81,-2.32,136809,22117911.03,164.8373,175.45,138.65,-,-,8.279395900755125,-5.222779580997341,164.41,0,10.85,-2.97,07-Oct-2025,07-Sep-2026,-,-5.222779580997341,-,8.279395900755125,8.463949843260187,-15.831229715109982,https://nsearchives.nseindia.com/today/HEALTHIETFEQN.svg,https://nsearchives.nseindia.com/30d/HEALTHIETF-EQ.svg,https://nsearchives.nseindia.com/365d/HEALTHIETF-EQ.svg,EQ
NIFTYBETA,Nifty 50,250.97,251.89,246.66,249,-1.97,-0.78,89062,22081141.66,250.8843,297.48,244.9,25-SEP-23,FACE VALUE SPLIT (SUB-DIVISION) - FROM RS 10/- PER SHARE TO RE 1/- PER SHARE,Infinity,-5.642502557883962,250.97,0,0,-4.9,,07-Sep-2026,FACE VALUE SPLIT (SUB-DIVISION) - FROM RS 10/- PER SHARE TO RE 1/- PER SHARE,-5.642502557883962,25-SEP-23,Infinity,16.296893908834214,-1.674152715394036,https://nsearchives.nseindia.com/today/NIFTYBETAEQN.svg,https://nsearchives.nseindia.com/30d/NIFTYBETA-EQ.svg,,EQ
TOP10ADD,Nifty Top 10 Equal Weight Index,83.7,83.7,82.3,82.83,-0.93,-1.11,261721,21610302.97,83.6784,103.04,81.53,-,-,-13.745704467353955,-5.000573460259203,83.76,0,-12.78,-3.93,07-Oct-2025,07-Sep-2026,-,-5.000573460259203,-,-13.745704467353955,19.61374223602485,-1.5945050901508613,https://nsearchives.nseindia.com/today/TOP10ADDEQN.svg,https://nsearchives.nseindia.com/30d/TOP10ADD-EQ.svg,https://nsearchives.nseindia.com/365d/TOP10ADD-EQ.svg,EQ
GROWWSLVR,Commodity-Silver,21.44,21.45,21.06,21.13,-0.28,-1.31,1014039,21517907.58,21.4286,36.3,13.59,06-FEB-26,FACE VALUE SPLIT (SUB-DIVISION) - FROM RS 10/- PER UNIT TO RE 1/- PER UNIT,-85.61018795968401,-6.213936972924999,21.41,0,-85.42,-4.97,07-Oct-2025,07-Sep-2026,FACE VALUE SPLIT (SUB-DIVISION) - FROM RS 10/- PER UNIT TO RE 1/- PER UNIT,-6.213936972924999,06-FEB-26,-85.61018795968401,41.790633608815426,-55.48197203826342,https://nsearchives.nseindia.com/today/GROWWSLVREQN.svg,https://nsearchives.nseindia.com/30d/GROWWSLVR-EQ.svg,https://nsearchives.nseindia.com/365d/GROWWSLVR-EQ.svg,EQ
MOSMALL250,Motilal Oswal Nifty Smallcap 250 ETF,18.03,18.03,17.5,17.64,-0.31,-1.73,1208467,21341527.22,17.9908,19.38,14.22,-,-,3.339191564147629,-4.905660377358491,17.95,0,5.16,-3.23,07-Oct-2025,07-Sep-2026,-,-4.905660377358491,-,3.339191564147629,8.978328173374605,-24.050632911392405,https://nsearchives.nseindia.com/today/MOSMALL250EQN.svg,https://nsearchives.nseindia.com/30d/MOSMALL250-EQ.svg,https://nsearchives.nseindia.com/365d/MOSMALL250-EQ.svg,EQ
ITETF,Mirae Asset Nifty IT ETF,29.63,30.1,29.33,29.38,-0.1,-0.34,709878,21069179.04,29.4429,42.02,27.22,-,-,-18.456841520954764,-7.5519194461925805,29.48,0,-18.18,-7.24,07-Oct-2025,07-Sep-2026,-,-7.5519194461925805,-,-18.456841520954764,30.08091385054737,-7.935341660543719,https://nsearchives.nseindia.com/today/ITETFEQN.svg,https://nsearchives.nseindia.com/30d/ITETF-EQ.svg,https://nsearchives.nseindia.com/365d/ITETF-EQ.svg,EQ
MAHKTECH,Hang Seng TECH Total Return Index,23.46,23.46,22.05,22.69,-0.31,-1.35,879558,19930784.28,17.4052,33.2,21,-,-,-25.28811326967402,-1.519097222222213,23,0,-24.27,-0.17,07-Oct-2025,07-Sep-2026,-,-1.519097222222213,-,-25.28811326967402,31.6566265060241,-8.047619047619053,https://nsearchives.nseindia.com/today/MAHKTECHEQN.svg,https://nsearchives.nseindia.com/30d/MAHKTECH-EQ.svg,https://nsearchives.nseindia.com/365d/MAHKTECH-EQ.svg,EQ
AUTOIETF,Nifty Auto Index,26.14,26.14,25.45,25.62,-0.52,-1.99,762845,19620373.4,26.0619,31.46,24.2,01-MAR-24,FACE VALUE SPLIT (SUB-DIVISION) - FROM RS 10/- PER SHARE TO RE 1/- PER SHARE,-7.408745934224794,-11.072544255466845,26.14,0,-5.53,-9.27,07-Oct-2025,07-Sep-2026,FACE VALUE SPLIT (SUB-DIVISION) - FROM RS 10/- PER SHARE TO RE 1/- PER SHARE,-11.072544255466845,01-MAR-24,-7.408745934224794,18.56325492689129,-5.86776859504133,https://nsearchives.nseindia.com/today/AUTOIETFEQN.svg,https://nsearchives.nseindia.com/30d/AUTOIETF-EQ.svg,https://nsearchives.nseindia.com/365d/AUTOIETF-EQ.svg,EQ
QGOLDHALF,Gold,121.3,121.75,121.05,121.22,-0.08,-0.07,160040,19411251.6,121.1482,149.69,95.51,16-DEC-21, FACE VALUE SPLIT (SUB-DIVISION) - FROM RS 100 PER SHARE TO RS 2 PER SHARE,21.548180086232822,-3.6330391923046403,121.3,0,21.63,-3.57,07-Oct-2025,07-Sep-2026, FACE VALUE SPLIT (SUB-DIVISION) - FROM RS 100 PER SHARE TO RS 2 PER SHARE,-3.6330391923046403,16-DEC-21,21.548180086232822,19.019306566904937,-26.91864726206679,https://nsearchives.nseindia.com/today/QGOLDHALFEQN.svg,https://nsearchives.nseindia.com/30d/QGOLDHALF-EQ.svg,https://nsearchives.nseindia.com/365d/QGOLDHALF-EQ.svg,EQ
NIFTYCASE,Nifty Index 50 Index,9.16,9.16,8.93,8.98,-0.11,-1.21,2153640,19339687.2,9.0893,11.61,8.84,-,-,Infinity,-6.066945606694561,9.09,0,0,-4.92,,07-Sep-2026,-,-6.066945606694561,-,Infinity,22.65288544358311,-1.5837104072398254,https://nsearchives.nseindia.com/today/NIFTYCASEEQN.svg,https://nsearchives.nseindia.com/30d/NIFTYCASE-EQ.svg,,EQ
NIF100BEES,Nifty 100 TRI,251.32,252.29,246.8,248.16,-3.08,-1.23,77347,19242386.66,251.5734,290,240,-,-,-8.674051448128665,-6.213151927437652,251.24,0,-7.54,-5.05,07-Oct-2025,07-Sep-2026,-,-6.213151927437652,-,-8.674051448128665,14.427586206896551,-3.3999999999999986,https://nsearchives.nseindia.com/today/NIF100BEESEQN.svg,https://nsearchives.nseindia.com/30d/NIF100BEES-EQ.svg,https://nsearchives.nseindia.com/365d/NIF100BEES-EQ.svg,EQ
BSE500IETF,S&P BSE 500 index,37.36,37.36,36.23,36.43,-0.97,-2.59,493285,18049298.15,37.3339,42.05,34.5,28-OCT-21, FACE VALUE SPLIT (SUB-DIVISION) - FROM RS 10/- PER SHARE TO RE 1/- PER SHARE,-7.397051347229291,-7.208354559347933,37.4,0,-4.93,-4.74,07-Oct-2025,07-Sep-2026, FACE VALUE SPLIT (SUB-DIVISION) - FROM RS 10/- PER SHARE TO RE 1/- PER SHARE,-7.208354559347933,28-OCT-21,-7.397051347229291,13.365041617122468,-5.594202898550724,https://nsearchives.nseindia.com/today/BSE500IETFEQN.svg,https://nsearchives.nseindia.com/30d/BSE500IETF-EQ.svg,https://nsearchives.nseindia.com/365d/BSE500IETF-EQ.svg,EQ
GROWWRAIL,Nifty India Railways PSU Index,25.76,26.11,25.25,25.32,-0.67,-2.58,701608,17891004,25.8546,36.75,25.25,-,-,-29.31323283082077,-9.571428571428571,25.99,0,-27.44,-7.18,07-Oct-2025,07-Sep-2026,-,-9.571428571428571,-,-29.31323283082077,31.102040816326532,-0.27722772277227836,https://nsearchives.nseindia.com/today/GROWWRAILEQN.svg,https://nsearchives.nseindia.com/30d/GROWWRAIL-EQ.svg,https://nsearchives.nseindia.com/365d/GROWWRAIL-EQ.svg,EQ
SML100CASE,Nifty Smallcap 100 Index,11.07,11.11,10.79,10.84,-0.22,-1.99,1624872,17662358.64,11.0592,11.77,8.5,-,-,7.0088845014807415,-5.2447552447552415,11.06,0,9.18,-3.32,07-Oct-2025,07-Sep-2026,-,-5.2447552447552415,-,7.0088845014807415,7.901444350042479,-27.529411764705884,https://nsearchives.nseindia.com/today/SML100CASEEQN.svg,https://nsearchives.nseindia.com/30d/SML100CASE-EQ.svg,https://nsearchives.nseindia.com/365d/SML100CASE-EQ.svg,EQ
ITAXIS,NIFTY IT Index,309.01,312.8,305.35,312,5.86,1.91,56833,17562533.66,306.0947,439.67,230.7,-,-,Infinity,-5.574723079716729,306.14,0,0,-7.35,,07-Sep-2026,-,-5.574723079716729,-,Infinity,29.037687356426414,-35.2405721716515,https://nsearchives.nseindia.com/today/ITAXISEQN.svg,https://nsearchives.nseindia.com/30d/ITAXIS-EQ.svg,,EQ
MOMMIDCAP,BSE Midcap 150 Momentum 30 TRI,12.5,12.5,12.22,12.23,-0.33,-2.63,1421498,17427565.48,12.5563,14.99,10.8,-,-,Infinity,-5.632716049382719,12.56,0,0,-3.09,,07-Sep-2026,-,-5.632716049382719,-,Infinity,18.412274849899934,-13.240740740740737,https://nsearchives.nseindia.com/today/MOMMIDCAPEQN.svg,https://nsearchives.nseindia.com/30d/MOMMIDCAP-EQ.svg,,EQ
MID150CASE,Zerodha Nifty Midcap 150 ETF,11.07,11.07,10.73,10.8,-0.22,-2.00,1581075,17123042.25,11.0018,13,9.63,-,-,0.09267840593143248,-7.136715391229578,11.02,0,2.13,-5.25,07-Oct-2025,07-Sep-2026,-,-7.136715391229578,-,0.09267840593143248,16.92307692307692,-12.149532710280372,https://nsearchives.nseindia.com/today/MID150CASEEQN.svg,https://nsearchives.nseindia.com/30d/MID150CASE-EQ.svg,https://nsearchives.nseindia.com/365d/MID150CASE-EQ.svg,EQ
AONELIQUID,Nifty 1D Rate Index,1080.17,1080.18,1080.15,1080.18,0.16,0.01,15727,16987833.59,1080.0183,1094.59,999.94,-,-,5.005395211385355,0.408072207401082,1080.02,0,4.99,0.39,07-Oct-2025,07-Sep-2026,-,0.408072207401082,-,5.005395211385355,1.3164746617454806,-8.024481468888133,https://nsearchives.nseindia.com/today/AONELIQUIDEQN.svg,https://nsearchives.nseindia.com/30d/AONELIQUID-EQ.svg,https://nsearchives.nseindia.com/365d/AONELIQUID-EQ.svg,EQ
GROWWHOSPI,BSE Hospitals Index,46.93,47,45.53,46.65,-0.05,-0.11,360320,16520672,46.5705,62,43.35,-,-,Infinity,-10.46065259117083,46.7,0,0,-10.36,,07-Sep-2026,-,-10.46065259117083,-,Infinity,24.758064516129036,-7.6124567474048375,https://nsearchives.nseindia.com/today/GROWWHOSPIEQN.svg,https://nsearchives.nseindia.com/30d/GROWWHOSPI-EQ.svg,,EQ
FINIETF,ICICI Prudential Nifty Financial Services Ex-Bank ETF,30.35,30.39,29.81,29.97,-0.71,-2.31,506458,15188675.42,30.3541,34.56,27.4,-,-,-2.6315789473684283,-8.376643228370536,30.68,0,-0.32,-6.21,07-Oct-2025,07-Sep-2026,-,-8.376643228370536,-,-2.6315789473684283,13.281250000000009,-9.379562043795621,https://nsearchives.nseindia.com/today/FINIETFEQN.svg,https://nsearchives.nseindia.com/30d/FINIETF-EQ.svg,https://nsearchives.nseindia.com/365d/FINIETF-EQ.svg,EQ
ENERGY,Nifty Energy,37.72,37.72,35.86,35.99,-0.99,-2.68,413902,14958418.28,36.986,42.82,29,-,-,Infinity,-5.661861074705103,36.98,0,0,-3.07,,07-Sep-2026,-,-5.661861074705103,-,Infinity,15.950490425035024,-24.10344827586208,https://nsearchives.nseindia.com/today/ENERGYEQN.svg,https://nsearchives.nseindia.com/30d/ENERGY-EQ.svg,,EQ
GROWWNIFTY,Nifty 50 Index - TRI,9.19,9.19,8.96,9.05,-0.11,-1.20,1607666,14533300.64,9.1451,11.88,8.89,-,-,-10.129096325719956,-5.729166666666655,9.16,0,-9.04,-4.58,07-Oct-2025,07-Sep-2026,-,-5.729166666666655,-,-10.129096325719956,23.82154882154882,-1.7997750281214864,https://nsearchives.nseindia.com/today/GROWWNIFTYEQN.svg,https://nsearchives.nseindia.com/30d/GROWWNIFTY-EQ.svg,https://nsearchives.nseindia.com/365d/GROWWNIFTY-EQ.svg,EQ
IVZINGOLD,Gold,127.7,128.1,127.2,127.65,-0.05,-0.04,113134,14442686.44,127.1504,156,100,30-APR-26,FACE VALUE SPLIT (SUB-DIVISION) - FROM RS 100/- PER SHARE TO RE 1/- PER SHARE,-98.77924574313954,-3.1854379977246787,127.7,0,-98.78,-3.15,07-Oct-2025,07-Sep-2026,FACE VALUE SPLIT (SUB-DIVISION) - FROM RS 100/- PER SHARE TO RE 1/- PER SHARE,-3.1854379977246787,30-APR-26,-98.77924574313954,18.17307692307692,-27.650000000000006,https://nsearchives.nseindia.com/today/IVZINGOLDEQN.svg,https://nsearchives.nseindia.com/30d/IVZINGOLD-EQ.svg,https://nsearchives.nseindia.com/365d/IVZINGOLD-EQ.svg,EQ
BANKIETF,Nifty Bank,56.59,56.66,55.93,55.98,-0.61,-1.08,255389,14368185.14,56.6065,63.9,51.17,-,-,-2.5926570384548495,-4.601226993865035,56.59,0,-1.53,-3.56,07-Oct-2025,07-Sep-2026,-,-4.601226993865035,-,-2.5926570384548495,12.394366197183102,-9.400039085401593,https://nsearchives.nseindia.com/today/BANKIETFEQN.svg,https://nsearchives.nseindia.com/30d/BANKIETF-EQ.svg,https://nsearchives.nseindia.com/365d/BANKIETF-EQ.svg,EQ
INFRABEES,Nifty Infra,905.74,907.85,879.22,885,-20.74,-2.29,16151,14296703.69,903.0691,1018.3,871.35,-,-,-6.2112525301766635,-6.7910856468804,905.74,0,-4.01,-4.61,07-Oct-2025,07-Sep-2026,-,-6.7910856468804,-,-6.2112525301766635,13.090444859078854,-1.566534687553793,https://nsearchives.nseindia.com/today/INFRABEESEQN.svg,https://nsearchives.nseindia.com/30d/INFRABEES-EQ.svg,https://nsearchives.nseindia.com/365d/INFRABEES-EQ.svg,EQ
EQUAL50ADD,NIFTY 50 Equal Weight Index,321.69,322.52,314.42,316.42,-5.27,-1.64,44712,14150006.64,320.4692,361,304.78,-,-,-5.027463457093976,-6.5615402787620996,321.69,0,-3.45,-5.01,07-Oct-2025,07-Sep-2026,-,-6.5615402787620996,-,-5.027463457093976,12.349030470914123,-3.819148238073379,https://nsearchives.nseindia.com/today/EQUAL50ADDEQN.svg,https://nsearchives.nseindia.com/30d/EQUAL50ADD-EQ.svg,https://nsearchives.nseindia.com/365d/EQUAL50ADD-EQ.svg,EQ
SENSEXIETF,SENSEX,834.17,835.94,820,825.5,-10.95,-1.31,17107,14143212.25,836.0976,999.84,731,-,-,-11.62805635250289,-5.839008087237228,836.45,0,-10.46,-4.59,07-Oct-2025,07-Sep-2026,-,-5.839008087237228,-,-11.62805635250289,17.436789886381824,-12.92749658002736,https://nsearchives.nseindia.com/today/SENSEXIETFEQN.svg,https://nsearchives.nseindia.com/30d/SENSEXIETF-EQ.svg,https://nsearchives.nseindia.com/365d/SENSEXIETF-EQ.svg,EQ
GROWWGOLD,Commodity,14.36,14.36,14.26,14.29,-0.02,-0.14,957072,13686129.6,14.2819,18,11.21,06-FEB-26,FACE VALUE SPLIT (SUB-DIVISION) - FROM RS 10/- PER UNIT TO RE 1/- PER UNIT,-87.92360348178822,-3.51114112086429,14.31,0,-87.91,-3.38,07-Oct-2025,07-Sep-2026,FACE VALUE SPLIT (SUB-DIVISION) - FROM RS 10/- PER UNIT TO RE 1/- PER UNIT,-3.51114112086429,06-FEB-26,-87.92360348178822,20.611111111111118,-27.47546833184655,https://nsearchives.nseindia.com/today/GROWWGOLDEQN.svg,https://nsearchives.nseindia.com/30d/GROWWGOLD-EQ.svg,https://nsearchives.nseindia.com/365d/GROWWGOLD-EQ.svg,EQ
BANKNIFTY1,Nifty Bank,57.1,57.42,56.53,56.83,-0.27,-0.47,238345,13533229.1,57.2154,65.29,51.71,27-FEB-26,FACE VALUE SPLIT (SUB-DIVISION) - FROM RS 10/- PER SHARE TO RE 1/- PER SHARE,-90.22884750949949,-4.197572488199599,57.1,0,-90.18,-3.74,07-Oct-2025,07-Sep-2026,FACE VALUE SPLIT (SUB-DIVISION) - FROM RS 10/- PER SHARE TO RE 1/- PER SHARE,-4.197572488199599,27-FEB-26,-90.22884750949949,12.957573901056834,-9.9013730419648,https://nsearchives.nseindia.com/today/BANKNIFTY1EQN.svg,https://nsearchives.nseindia.com/30d/BANKNIFTY1-EQ.svg,https://nsearchives.nseindia.com/365d/BANKNIFTY1-EQ.svg,EQ
HDFCMID150,HDFC NIFTY Midcap 150 ETF,22.05,22.16,21.6,21.73,-0.32,-1.45,617255,13449986.45,22.1232,25.2,19.42,20-OCT-23,FACE VALUE SPLIT (SUB-DIVISION) - FROM RS 115.95/- PER SHARE TO RS 11.59/- PER SHARE,-0.412465627864344,-7.057313943541483,22.05,0,1.05,-5.69,07-Oct-2025,07-Sep-2026,FACE VALUE SPLIT (SUB-DIVISION) - FROM RS 115.95/- PER SHARE TO RS 11.59/- PER SHARE,-7.057313943541483,20-OCT-23,-0.412465627864344,13.769841269841265,-11.89495365602471,https://nsearchives.nseindia.com/today/HDFCMID150EQN.svg,https://nsearchives.nseindia.com/30d/HDFCMID150-EQ.svg,https://nsearchives.nseindia.com/365d/HDFCMID150-EQ.svg,EQ
OILIETF,Nifty Oil & Gas Index,10.85,10.85,10.5,10.57,-0.21,-1.95,1245891,13169067.87,10.7968,14,9.8,-,-,-9.348198970840478,-6.127886323268201,10.78,0,-7.55,-4.26,07-Oct-2025,07-Sep-2026,-,-6.127886323268201,-,-9.348198970840478,24.5,-7.857142857142852,https://nsearchives.nseindia.com/today/OILIETFEQN.svg,https://nsearchives.nseindia.com/30d/OILIETF-EQ.svg,https://nsearchives.nseindia.com/365d/OILIETF-EQ.svg,EQ
INSUREIETF,BSE Insurance Index,14.65,14.74,14.46,14.51,-0.17,-1.16,885702,12833821.98,14.6226,16.46,14.36,-,-,Infinity,-3.6520584329349317,14.68,0,0,-2.52,,07-Sep-2026,-,-3.6520584329349317,-,Infinity,11.846901579586884,-1.0445682451253506,https://nsearchives.nseindia.com/today/INSUREIETFEQN.svg,https://nsearchives.nseindia.com/30d/INSUREIETF-EQ.svg,,EQ
LTGILTCASE,Nifty 8-13 Yr G-Sec Index,30.66,30.66,29.97,30.04,-0.02,-0.07,426767,12815813.01,30.0198,31.31,28.71,-,-,1.623815967523682,-1.3464696223316919,30.06,0,1.69,-1.28,07-Oct-2025,07-Sep-2026,-,-1.3464696223316919,-,1.623815967523682,4.056212072820184,-4.632532218739109,https://nsearchives.nseindia.com/today/LTGILTCASEEQN.svg,https://nsearchives.nseindia.com/30d/LTGILTCASE-EQ.svg,https://nsearchives.nseindia.com/365d/LTGILTCASE-EQ.svg,EQ
SMALL250,Nifty Smallcap 250,18.3,18.3,17.51,17.57,-0.36,-2.01,725495,12797731.8,17.9679,19.95,14.16,-,-,Infinity,-5.334051724137923,17.93,0,0,-3.39,,07-Sep-2026,-,-5.334051724137923,-,Infinity,11.929824561403503,-24.081920903954803,https://nsearchives.nseindia.com/today/SMALL250EQN.svg,https://nsearchives.nseindia.com/30d/SMALL250-EQ.svg,,EQ
PVTBANKADD,DSP Nifty Private Bank ETF,27.48,28.8,27.25,27.25,-0.23,-0.84,461573,12637868.74,27.5821,31.88,24.02,-,-,-1.872524306805904,-3.505665722379598,27.48,0,-1.04,-2.69,07-Oct-2025,07-Sep-2026,-,-3.505665722379598,-,-1.872524306805904,14.523212045169382,-13.447127393838471,https://nsearchives.nseindia.com/today/PVTBANKADDEQN.svg,https://nsearchives.nseindia.com/30d/PVTBANKADD-EQ.svg,https://nsearchives.nseindia.com/365d/PVTBANKADD-EQ.svg,EQ
BANKETF,Mirae Asset Nifty Bank ETF,562.7,562.7,555.05,556.63,-4.63,-0.82,22556,12571812.16,561.7016,628.27,507.01,-,-,-2.349040384547908,-4.308136636352706,561.26,0,-1.54,-3.51,07-Oct-2025,07-Sep-2026,-,-4.308136636352706,-,-2.349040384547908,11.402740859821412,-9.786789215202855,https://nsearchives.nseindia.com/today/BANKETFEQN.svg,https://nsearchives.nseindia.com/30d/BANKETF-EQ.svg,https://nsearchives.nseindia.com/365d/BANKETF-EQ.svg,EQ
PSUBNKIETF,ICICI Prudential Nifty PSU Bank ETF,80.69,82.48,80.69,81.49,-0.85,-1.03,153370,12556401.9,82.0438,104,75.59,-,-,6.481118515614783,-4.600796066494974,82.34,0,7.59,-3.61,07-Oct-2025,07-Sep-2026,-,-4.600796066494974,-,6.481118515614783,21.644230769230774,-7.805265246725745,https://nsearchives.nseindia.com/today/PSUBNKIETFEQN.svg,https://nsearchives.nseindia.com/30d/PSUBNKIETF-EQ.svg,https://nsearchives.nseindia.com/365d/PSUBNKIETF-EQ.svg,EQ
BANKBETA,Nifty Bank,56.79,57.24,56.29,56.63,-0.4,-0.70,214568,12133820.4,57.0228,73.7,51.3,17-FEB-21, FACE VALUE SPLIT (SUB-DIVISION) - FROM RS 10/- PER UNIT TO RE 1/- PER UNIT,Infinity,-4.081978319783192,57.03,0,0,-3.4,,07-Sep-2026, FACE VALUE SPLIT (SUB-DIVISION) - FROM RS 10/- PER UNIT TO RE 1/- PER UNIT,-4.081978319783192,17-FEB-21,Infinity,23.161465400271368,-10.389863547758296,https://nsearchives.nseindia.com/today/BANKBETAEQN.svg,https://nsearchives.nseindia.com/30d/BANKBETA-EQ.svg,,EQ
HDFCNIFBAN,Nifty Bank,56.78,56.83,56.07,56.34,-0.37,-0.65,210294,11841655.14,56.7462,65.54,51.2,02-FEB-24,FACE VALUE SPLIT (SUB-DIVISION) - FROM RS 223.31/- PER SHARE TO RS 22.331/- PER SHARE,-2.4077602632946364,-4.2488103331067295,56.71,0,-1.77,-3.62,07-Oct-2025,07-Sep-2026,FACE VALUE SPLIT (SUB-DIVISION) - FROM RS 223.31/- PER SHARE TO RS 22.331/- PER SHARE,-4.2488103331067295,02-FEB-24,-2.4077602632946364,14.037229173024109,-10.0390625,https://nsearchives.nseindia.com/today/HDFCNIFBANEQN.svg,https://nsearchives.nseindia.com/30d/HDFCNIFBAN-EQ.svg,https://nsearchives.nseindia.com/365d/HDFCNIFBAN-EQ.svg,EQ
HDFCNIMEG,Nifty Metal Index TRI,123.33,123.33,118.05,118.63,-4.7,-3.81,97047,11643699.06,123.0444,152.55,118.05,-,-,Infinity,-9.828215262997876,123.33,0,0,-6.26,,07-Sep-2026,-,-9.828215262997876,-,Infinity,22.235332677810565,-0.49131723845827896,https://nsearchives.nseindia.com/today/HDFCNIMEGEQN.svg,https://nsearchives.nseindia.com/30d/HDFCNIMEG-EQ.svg,,EQ
INFRAIETF,ICICI Prudential Nifty Infrastructure ETF,89.11,90.68,87.22,87.94,-1.93,-2.15,129588,11420590.44,89.8908,101,86.8,-,-,-6.406981694338012,-6.833350990571037,89.87,0,-4.35,-4.79,07-Oct-2025,07-Sep-2026,-,-6.833350990571037,-,-6.406981694338012,12.930693069306933,-1.3133640552995398,https://nsearchives.nseindia.com/today/INFRAIETFEQN.svg,https://nsearchives.nseindia.com/30d/INFRAIETF-EQ.svg,https://nsearchives.nseindia.com/365d/INFRAIETF-EQ.svg,EQ
HDFCNIFIT,HDFC NIFTY IT ETF,29.95,30.29,29.51,29.54,-0.07,-0.24,355400,10654892,29.6761,42.3,27.32,02-FEB-24,FACE VALUE SPLIT (SUB-DIVISION) - FROM RS 299.92/- PER SHARE TO RS 29.992/- PER SHARE,-18.868442735512218,-7.860262008733634,29.61,0,-18.68,-7.64,07-Oct-2025,07-Sep-2026,FACE VALUE SPLIT (SUB-DIVISION) - FROM RS 299.92/- PER SHARE TO RS 29.992/- PER SHARE,-7.860262008733634,02-FEB-24,-18.868442735512218,30.165484633569736,-8.125915080527083,https://nsearchives.nseindia.com/today/HDFCNIFITEQN.svg,https://nsearchives.nseindia.com/30d/HDFCNIFIT-EQ.svg,https://nsearchives.nseindia.com/365d/HDFCNIFIT-EQ.svg,EQ
TOP100CASE,Zerodha Nifty 100 ETF,10.02,10.02,9.75,9.84,-0.13,-1.30,1069570,10524568.8,9.9702,11.57,9.48,-,-,-8.379888268156426,-6.017191977077371,9.97,0,-7.17,-4.78,07-Oct-2025,07-Sep-2026,-,-6.017191977077371,-,-8.379888268156426,14.952463267070014,-3.797468354430374,https://nsearchives.nseindia.com/today/TOP100CASEEQN.svg,https://nsearchives.nseindia.com/30d/TOP100CASE-EQ.svg,https://nsearchives.nseindia.com/365d/TOP100CASE-EQ.svg,EQ
MIDCAP,Nifty Midcap 50 Index,17,17.85,16.87,17,-0.32,-1.85,598078,10197229.9,17.3623,19.27,15.01,27-FEB-26,FACE VALUE SPLIT (SUB-DIVISION) - FROM RS 10/- PER SHARE TO RE 1/- PER SHARE,-89.83435986366082,-7.759088442756374,17.32,0,-89.64,-6.02,07-Oct-2025,07-Sep-2026,FACE VALUE SPLIT (SUB-DIVISION) - FROM RS 10/- PER SHARE TO RE 1/- PER SHARE,-7.759088442756374,27-FEB-26,-89.83435986366082,11.77996886351842,-13.257828114590275,https://nsearchives.nseindia.com/today/MIDCAPEQN.svg,https://nsearchives.nseindia.com/30d/MIDCAP-EQ.svg,https://nsearchives.nseindia.com/365d/MIDCAP-EQ.svg,EQ
LIQUIDSHRI,SHRIRAM NIFTY 1D RATE LIQUID ETF,1124.72,1124.72,1124.7,1124.72,0.17,0.02,9043,10170662.1,1124.5572,1124.72,1073.72,-,-,4.748866102278972,0.38557657979292537,1124.55,0,4.73,0.37,07-Oct-2025,07-Sep-2026,-,0.38557657979292537,-,4.748866102278972,0,-4.749841671944268,https://nsearchives.nseindia.com/today/LIQUIDSHRIEQN.svg,https://nsearchives.nseindia.com/30d/LIQUIDSHRI-EQ.svg,https://nsearchives.nseindia.com/365d/LIQUIDSHRI-EQ.svg,EQ
EVIETF,Nifty EV & New Age Automotive ETF,30.15,30.15,29.31,29.46,-0.6,-2.00,342045,10086907.05,29.9793,36,26.28,-,-,-6.178343949044579,-8.707778122094831,30.06,0,-4.27,-6.85,07-Oct-2025,07-Sep-2026,-,-8.707778122094831,-,-6.178343949044579,18.166666666666664,-12.100456621004566,https://nsearchives.nseindia.com/today/EVIETFEQN.svg,https://nsearchives.nseindia.com/30d/EVIETF-EQ.svg,https://nsearchives.nseindia.com/365d/EVIETF-EQ.svg,EQ
MOSILVER,Domestic Price of Physical Silver,216.48,216.48,212.54,213,-3.16,-1.46,46870,10019868.6,216.1422,385,135.25,-,-,43.59873255578776,-6.496927129060584,216.16,0,45.73,-5.11,07-Oct-2025,07-Sep-2026,-,-6.496927129060584,-,43.59873255578776,44.675324675324674,-57.486136783733826,https://nsearchives.nseindia.com/today/MOSILVEREQN.svg,https://nsearchives.nseindia.com/30d/MOSILVER-EQ.svg,https://nsearchives.nseindia.com/365d/MOSILVER-EQ.svg,EQ
COMMOIETF,ICICI Prudential Nifty Commodities ETF,93.13,93.13,90.2,90.4,-2.73,-2.93,104655,9516279.15,92.9989,110.56,90.2,-,-,-1.888430649012367,-8.751387907540112,93.13,0,1.07,-6,07-Oct-2025,07-Sep-2026,-,-8.751387907540112,-,-1.888430649012367,18.23444283646888,-0.2217294900221761,https://nsearchives.nseindia.com/today/COMMOIETFEQN.svg,https://nsearchives.nseindia.com/30d/COMMOIETF-EQ.svg,https://nsearchives.nseindia.com/365d/COMMOIETF-EQ.svg,EQ
CONSUMBEES,Nifty India Consumption TRI,122.49,122.49,119.81,120.4,-2.09,-1.71,78897,9514978.2,122.4327,144.38,114,-,-,-11.385883565172591,-6.717285194080722,122.49,0,-9.85,-5.1,07-Oct-2025,07-Sep-2026,-,-6.717285194080722,-,-11.385883565172591,16.608948607840414,-5.614035087719303,https://nsearchives.nseindia.com/today/CONSUMBEESEQN.svg,https://nsearchives.nseindia.com/30d/CONSUMBEES-EQ.svg,https://nsearchives.nseindia.com/365d/CONSUMBEES-EQ.svg,EQ
ABSLBANETF,Nifty Bank,56.73,56.73,55.85,55.88,-0.62,-1.10,166965,9365066.85,56.5151,64.94,50.97,25-NOV-21, FACE VALUE SPLIT (SUB-DIVISION) - FROM RS 10/- PER SHARE TO RE 1/- PER SHARE,-2.665040933635245,-4.739174906239336,56.5,0,-1.59,-3.68,07-Oct-2025,07-Sep-2026, FACE VALUE SPLIT (SUB-DIVISION) - FROM RS 10/- PER SHARE TO RE 1/- PER SHARE,-4.739174906239336,25-NOV-21,-2.665040933635245,13.951339698182931,-9.633117520109876,https://nsearchives.nseindia.com/today/ABSLBANETFEQN.svg,https://nsearchives.nseindia.com/30d/ABSLBANETF-EQ.svg,https://nsearchives.nseindia.com/365d/ABSLBANETF-EQ.svg,EQ
HDFCSENSEX,SENSEX,84.64,84.64,81.1,82.56,-0.02,-0.02,113251,9260534.27,82.4871,98.48,78.44,02-FEB-24,FACE VALUE SPLIT (SUB-DIVISION) - FROM RS 250.361/- PER SHARE TO RS 25.0361/- PER SHARE,-10.600974553329715,-4.5217994680235885,82.58,0,-10.58,-4.5,07-Oct-2025,07-Sep-2026,FACE VALUE SPLIT (SUB-DIVISION) - FROM RS 250.361/- PER SHARE TO RS 25.0361/- PER SHARE,-4.5217994680235885,02-FEB-24,-10.600974553329715,16.165718927701057,-5.252422233554315,https://nsearchives.nseindia.com/today/HDFCSENSEXEQN.svg,https://nsearchives.nseindia.com/30d/HDFCSENSEX-EQ.svg,https://nsearchives.nseindia.com/365d/HDFCSENSEX-EQ.svg,EQ
IT,NIFTY IT Index,31.35,31.58,30.65,30.99,0.25,0.81,292143,9109018.74,30.8555,44.49,28.54,-,-,-17.79840848806367,-6.992797118847544,30.74,0,-18.46,-7.74,07-Oct-2025,07-Sep-2026,-,-6.992797118847544,-,-17.79840848806367,30.343897505057324,-8.584442887175891,https://nsearchives.nseindia.com/today/ITEQN.svg,https://nsearchives.nseindia.com/30d/IT-EQ.svg,https://nsearchives.nseindia.com/365d/IT-EQ.svg,EQ
HDFCMOMENT,HDFC NIFTY200 Momentum 30 ETF,29.82,30.06,29.13,29.29,-0.78,-2.59,308112,9083141.76,29.9707,33.23,27.13,20-OCT-23,FACE VALUE SPLIT (SUB-DIVISION) - FROM RS 190.61/- PER SHARE TO RS 19.061/- PER SHARE,-5.607476635514025,-5.516129032258068,30.07,0,-3.09,-3,07-Oct-2025,07-Sep-2026,FACE VALUE SPLIT (SUB-DIVISION) - FROM RS 190.61/- PER SHARE TO RS 19.061/- PER SHARE,-5.516129032258068,20-OCT-23,-5.607476635514025,11.856755943424611,-7.961666052340583,https://nsearchives.nseindia.com/today/HDFCMOMENTEQN.svg,https://nsearchives.nseindia.com/30d/HDFCMOMENT-EQ.svg,https://nsearchives.nseindia.com/365d/HDFCMOMENT-EQ.svg,EQ
SBIVALETF,Nifty200 Value 30 Index,13.87,13.94,13.52,13.64,-0.23,-1.66,657425,9039593.75,13.8439,17.7,13.52,-,-,Infinity,-6.575342465753419,13.87,0,0,-5,,07-Sep-2026,-,-6.575342465753419,-,Infinity,22.937853107344626,-0.8875739644970488,https://nsearchives.nseindia.com/today/SBIVALETFEQN.svg,https://nsearchives.nseindia.com/30d/SBIVALETF-EQ.svg,,EQ
ESILVER,Edelweiss Silver ETF,217.51,218.65,214.65,215.95,-2.64,-1.21,40127,8667833.27,218.3456,375,139.33,-,-,44.26481394882757,-6.125021735350376,218.59,0,46.03,-4.98,07-Oct-2025,07-Sep-2026,-,-6.125021735350376,-,44.26481394882757,42.41333333333334,-54.99174621402423,https://nsearchives.nseindia.com/today/ESILVEREQN.svg,https://nsearchives.nseindia.com/30d/ESILVER-EQ.svg,https://nsearchives.nseindia.com/365d/ESILVER-EQ.svg,EQ
SBIETFPB,Nifty Private Bank Index,277.26,280,274.05,275.98,-1.47,-0.53,28750,7922062.5,277.4107,304.58,244.18,-,-,-1.5552543340229568,-2.666290470480356,277.45,0,-1.03,-2.15,07-Oct-2025,07-Sep-2026,-,-2.666290470480356,-,-1.5552543340229568,9.38997964410006,-13.023179621590634,https://nsearchives.nseindia.com/today/SBIETFPBEQN.svg,https://nsearchives.nseindia.com/30d/SBIETFPB-EQ.svg,https://nsearchives.nseindia.com/365d/SBIETFPB-EQ.svg,EQ
CHEMICAL,Nifty Chemicals Index (TRI),28.46,28.65,27.95,28.08,-0.28,-0.99,278138,7815677.8,28.404,31.8,24.5,-,-,Infinity,-6.55574043261232,28.36,0,0,-5.62,,07-Sep-2026,-,-6.55574043261232,-,Infinity,11.698113207547177,-14.612244897959176,https://nsearchives.nseindia.com/today/CHEMICALEQN.svg,https://nsearchives.nseindia.com/30d/CHEMICAL-EQ.svg,,EQ
MIDSMALL,Mirae Asset Nifty MidSmallcap400 Momentum Quality 100 ETF,50.25,50.25,49,49,-1.3,-2.58,157649,7779978.15,50.2442,53.07,42.41,-,-,1.3234077750206794,-5.295709315809822,50.3,0,4.01,-2.78,07-Oct-2025,07-Sep-2026,-,-5.295709315809822,-,1.3234077750206794,7.669116261541361,-15.538788021693007,https://nsearchives.nseindia.com/today/MIDSMALLEQN.svg,https://nsearchives.nseindia.com/30d/MIDSMALL-EQ.svg,https://nsearchives.nseindia.com/365d/MIDSMALL-EQ.svg,EQ
LIQUIDSBI,SBI NIFTY 1D Rate ETF,999.99,1000.01,999.99,999.99,-0.02,-0.00,7498,7498000,1000,1010.02,970.23,-,-,0,0,1000.01,0,0,0,07-Oct-2025,07-Sep-2026,-,0,-,0,0.9930496425813323,-3.067313935870875,https://nsearchives.nseindia.com/today/LIQUIDSBIEQN.svg,https://nsearchives.nseindia.com/30d/LIQUIDSBI-EQ.svg,https://nsearchives.nseindia.com/365d/LIQUIDSBI-EQ.svg,EQ
CHOICEGOLD,Gold,145.27,146.18,145,145.04,-0.23,-0.16,50597,7357309.77,145.1817,175.49,115.79,-,-,Infinity,-3.3968296256826926,145.27,0,0,-3.24,,07-Sep-2026,-,-3.3968296256826926,-,Infinity,17.351416035101725,-25.261248812505386,https://nsearchives.nseindia.com/today/CHOICEGOLDEQN.svg,https://nsearchives.nseindia.com/30d/CHOICEGOLD-EQ.svg,,EQ
NIF100IETF,Nifty 100,26.45,26.5,25.93,26.11,-0.4,-1.51,281570,7343345.6,26.461,30.88,23,10-MAY-24,FACE VALUE SPLIT (SUB-DIVISION) - FROM RS 10/- PER SHARE TO RE 1/- PER SHARE,-8.674361664917805,-6.180380883938192,26.51,0,-7.28,-4.74,07-Oct-2025,07-Sep-2026,FACE VALUE SPLIT (SUB-DIVISION) - FROM RS 10/- PER SHARE TO RE 1/- PER SHARE,-6.180380883938192,10-MAY-24,-8.674361664917805,15.446891191709843,-13.52173913043478,https://nsearchives.nseindia.com/today/NIF100IETFEQN.svg,https://nsearchives.nseindia.com/30d/NIF100IETF-EQ.svg,https://nsearchives.nseindia.com/365d/NIF100IETF-EQ.svg,EQ
GROWWEV,Nifty EV and New Age Automotive Index,29.98,30.64,29.31,29.45,-0.84,-2.77,243634,7196948.36,29.9366,34.64,26.2,-,-,-5.487804878048784,-9.020698177324679,30.29,0,-2.79,-6.43,07-Oct-2025,07-Sep-2026,-,-9.020698177324679,-,-5.487804878048784,14.982678983833722,-12.404580152671755,https://nsearchives.nseindia.com/today/GROWWEVEQN.svg,https://nsearchives.nseindia.com/30d/GROWWEV-EQ.svg,https://nsearchives.nseindia.com/365d/GROWWEV-EQ.svg,EQ
NEXT50BETA,Nifty Next 50,75.08,75.08,73,73.69,-1.39,-1.85,93420,6888790.8,75.0305,82.51,64.34,25-MAR-21, FACE VALUE SPLIT (SUB-DIVISION) - FROM RS 10/- PER UNIT TO Re 1/- PER UNIT,Infinity,-6.318332062039155,75.08,0,0,-4.55,,07-Sep-2026, FACE VALUE SPLIT (SUB-DIVISION) - FROM RS 10/- PER UNIT TO Re 1/- PER UNIT,-6.318332062039155,25-MAR-21,Infinity,10.689613380196347,-14.53217283183089,https://nsearchives.nseindia.com/today/NEXT50BETAEQN.svg,https://nsearchives.nseindia.com/30d/NEXT50BETA-EQ.svg,,EQ
AONEGOLD,Domestic price of Gold,13.85,13.85,13.64,13.66,-0.03,-0.22,502418,6868054.06,13.6647,17.73,10.22,-,-,21.855486173059763,-3.735024665257219,13.69,0,22.12,-3.52,07-Oct-2025,07-Sep-2026,-,-3.735024665257219,-,21.855486173059763,22.955442752397065,-33.659491193737765,https://nsearchives.nseindia.com/today/AONEGOLDEQN.svg,https://nsearchives.nseindia.com/30d/AONEGOLD-EQ.svg,https://nsearchives.nseindia.com/365d/AONEGOLD-EQ.svg,EQ
EVINDIA,Nifty EV and New Age Automotive Total Return Index,30,30.17,29.3,29.33,-0.74,-2.46,231338,6854544.94,30.0336,35.04,26.2,-,-,-6.323858192270842,-9.419394688079075,30.07,0,-3.96,-7.13,07-Oct-2025,07-Sep-2026,-,-9.419394688079075,-,-6.323858192270842,16.295662100456624,-11.94656488549618,https://nsearchives.nseindia.com/today/EVINDIAEQN.svg,https://nsearchives.nseindia.com/30d/EVINDIA-EQ.svg,https://nsearchives.nseindia.com/365d/EVINDIA-EQ.svg,EQ
NV20IETF,Nifty50 Value 20,12.83,12.88,12.61,12.68,-0.15,-1.17,538863,6822005.58,12.8132,16,12.5,01-MAR-24,FACE VALUE SPLIT (SUB-DIVISION) - FROM RS 10/- PER SHARE TO RE 1/- PER SHARE,-12.370421561852114,-6.004447739065979,12.83,0,-11.33,-4.89,07-Oct-2025,07-Sep-2026,FACE VALUE SPLIT (SUB-DIVISION) - FROM RS 10/- PER SHARE TO RE 1/- PER SHARE,-6.004447739065979,01-MAR-24,-12.370421561852114,20.75,-1.4399999999999977,https://nsearchives.nseindia.com/today/NV20IETFEQN.svg,https://nsearchives.nseindia.com/30d/NV20IETF-EQ.svg,https://nsearchives.nseindia.com/365d/NV20IETF-EQ.svg,EQ
GROWWMETAL,Nifty Metal Index,11.75,11.75,11.35,11.36,-0.41,-3.48,592751,6798853.97,11.7613,13.45,10.03,-,-,Infinity,-9.265175718849841,11.77,0,0,-5.99,,07-Sep-2026,-,-9.265175718849841,-,Infinity,15.539033457249072,-13.260219341974079,https://nsearchives.nseindia.com/today/GROWWMETALEQN.svg,https://nsearchives.nseindia.com/30d/GROWWMETAL-EQ.svg,,EQ
MOVALUE,Motilal Oswal S&P BSE Enhanced Value ETF,106.5,106.56,104,105,-1.5,-1.41,63183,6664542.84,106.6271,128.77,103.53,-,-,-2.6335311572700326,-6.2918340026773745,106.5,0,-1.24,-4.95,07-Oct-2025,07-Sep-2026,-,-6.2918340026773745,-,-2.6335311572700326,18.45926846315136,-1.4198782961460434,https://nsearchives.nseindia.com/today/MOVALUEEQN.svg,https://nsearchives.nseindia.com/30d/MOVALUE-EQ.svg,https://nsearchives.nseindia.com/365d/MOVALUE-EQ.svg,EQ
MAKEINDIA,Nifty India Manufacturing Total Return Index,156.8,156.8,151.1,151.26,-3.99,-2.57,39422,6003576.38,155.1533,173.11,140.12,-,-,-0.8456243854474077,-8.282803783652678,155.25,0,1.77,-5.86,07-Oct-2025,07-Sep-2026,-,-8.282803783652678,-,-0.8456243854474077,12.622032233839768,-7.950328290037101,https://nsearchives.nseindia.com/today/MAKEINDIAEQN.svg,https://nsearchives.nseindia.com/30d/MAKEINDIA-EQ.svg,https://nsearchives.nseindia.com/365d/MAKEINDIA-EQ.svg,EQ
INTERNET,Equity Index,13.2,14.37,13.2,13.43,-0.43,-3.10,437423,5944578.57,13.8605,15.8,10.72,-,-,-8.327645051194542,-7.5705437026841,13.86,0,-5.39,-4.61,07-Oct-2025,07-Sep-2026,-,-7.5705437026841,-,-8.327645051194542,15.000000000000007,-25.279850746268643,https://nsearchives.nseindia.com/today/INTERNETEQN.svg,https://nsearchives.nseindia.com/30d/INTERNET-EQ.svg,https://nsearchives.nseindia.com/365d/INTERNET-EQ.svg,EQ
ABSLLIQUID,Aditya Birla Sun Life CRISIL Overnight Fund AI ETF,999.99,1000.01,999.99,999.99,0,0.00,5791,5790942.09,1000,1044.99,975,-,-,0,-0.0009999999999990906,999.99,0,0,0,07-Oct-2025,07-Sep-2026,-,-0.0009999999999990906,-,0,4.306261303935923,-2.563076923076924,https://nsearchives.nseindia.com/today/ABSLLIQUIDEQN.svg,https://nsearchives.nseindia.com/30d/ABSLLIQUID-EQ.svg,https://nsearchives.nseindia.com/365d/ABSLLIQUID-EQ.svg,EQ
MOMOMENTUM,Nifty 200 Momentum 30 Total Return Index,59.78,59.98,58.47,58.73,-1.25,-2.08,91404,5381867.52,60.109,66.28,54.32,11-AUG-22,FACE VALUE SPLIT (SUB-DIVISION) - FROM RS 10/- PER UNIT TO RS 2/- PER UNIT,-5.941704035874442,-5.365775056397044,59.98,0,-3.94,-3.35,07-Oct-2025,07-Sep-2026,FACE VALUE SPLIT (SUB-DIVISION) - FROM RS 10/- PER UNIT TO RS 2/- PER UNIT,-5.365775056397044,11-AUG-22,-5.941704035874442,11.391068195534105,-8.118556701030922,https://nsearchives.nseindia.com/today/MOMOMENTUMEQN.svg,https://nsearchives.nseindia.com/30d/MOMOMENTUM-EQ.svg,https://nsearchives.nseindia.com/365d/MOMOMENTUM-EQ.svg,EQ
VAL30IETF,Nifty200 Value 30 Index,14.29,14.29,13.98,14.05,-0.24,-1.68,363412,5105938.6,14.2574,17.7,13.54,-,-,3.005865102639297,-6.7065073041168635,14.29,0,4.77,-5.11,07-Oct-2025,07-Sep-2026,-,-6.7065073041168635,-,3.005865102639297,20.621468926553668,-3.76661742983753,https://nsearchives.nseindia.com/today/VAL30IETFEQN.svg,https://nsearchives.nseindia.com/30d/VAL30IETF-EQ.svg,https://nsearchives.nseindia.com/365d/VAL30IETF-EQ.svg,EQ
HEALTHY,Nifty Healthcare TRI,16.49,17,16.11,16.23,-0.26,-1.58,308216,5020838.64,16.5251,17.79,13.58,-,-,8.200000000000003,-4.69759248385203,16.49,0,9.93,-3.17,07-Oct-2025,07-Sep-2026,-,-4.69759248385203,-,8.200000000000003,8.7689713322091,-19.513991163475705,https://nsearchives.nseindia.com/today/HEALTHYEQN.svg,https://nsearchives.nseindia.com/30d/HEALTHY-EQ.svg,https://nsearchives.nseindia.com/365d/HEALTHY-EQ.svg,EQ
EBBETF0431,Nifty BHARAT Bond,1424.57,1431.46,1424.56,1426.55,3.21,0.23,3491,4981028.62,1431.6099,1469,1372.83,-,-,3.299830555113031,-0.5943919502745473,1423.34,0,3.07,-0.82,07-Oct-2025,07-Sep-2026,-,-0.5943919502745473,-,3.299830555113031,2.889720898570459,-3.913084649956661,https://nsearchives.nseindia.com/today/EBBETF0431EQN.svg,https://nsearchives.nseindia.com/30d/EBBETF0431-EQ.svg,https://nsearchives.nseindia.com/365d/EBBETF0431-EQ.svg,EQ
AONESILVER,Domestic price of Silver,8.35,8.39,8.22,8.27,-0.09,-1.08,597026,4937405.02,8.3607,12,7.43,-,-,Infinity,-5.915813424345843,8.36,0,0,-4.89,,07-Sep-2026,-,-5.915813424345843,-,Infinity,31.08333333333334,-11.30551816958277,https://nsearchives.nseindia.com/today/AONESILVEREQN.svg,https://nsearchives.nseindia.com/30d/AONESILVER-EQ.svg,,EQ
MOMENTUM,Aditya Birla Sun Life Nifty 200 Momentum 30 ETF,30.17,30.17,29.27,29.69,-0.48,-1.59,164306,4837168.64,30.0706,33,27.05,-,-,-4.778704297626678,-4.778704297626678,30.17,0,-3.24,-3.24,07-Oct-2025,07-Sep-2026,-,-4.778704297626678,-,-4.778704297626678,10.030303030303028,-9.759704251386324,https://nsearchives.nseindia.com/today/MOMENTUMEQN.svg,https://nsearchives.nseindia.com/30d/MOMENTUM-EQ.svg,https://nsearchives.nseindia.com/365d/MOMENTUM-EQ.svg,EQ
DIVOPPBEES,Nifty Dividend Opportunities 50 TRI,71.44,72.08,70.45,71.46,-0.23,-0.32,68257,4836691.02,71.5993,87.09,70.45,-,-,-8.618925831202057,-6.04785695503551,71.69,0,-8.32,-5.75,07-Oct-2025,07-Sep-2026,-,-6.04785695503551,-,-8.618925831202057,17.946951429555643,-1.4336408800567648,https://nsearchives.nseindia.com/today/DIVOPPBEESEQN.svg,https://nsearchives.nseindia.com/30d/DIVOPPBEES-EQ.svg,https://nsearchives.nseindia.com/365d/DIVOPPBEES-EQ.svg,EQ
SENSEXETF,Mirae Asset S&P BSE Sensex ETF,75.4,75.4,73.63,74.01,-1.04,-1.39,65166,4832710.56,75.0342,88.7,73.33,-,-,-11.840381179273374,-5.827713449548286,75.05,0,-10.6,-4.5,07-Oct-2025,07-Sep-2026,-,-5.827713449548286,-,-11.840381179273374,16.561443066516343,-0.927314877949007,https://nsearchives.nseindia.com/today/SENSEXETFEQN.svg,https://nsearchives.nseindia.com/30d/SENSEXETF-EQ.svg,https://nsearchives.nseindia.com/365d/SENSEXETF-EQ.svg,EQ
MULTICAP,Nifty500 Multicap 50:25:25 Index,16.02,16.02,15.57,15.62,-0.33,-2.07,306415,4810715.5,15.9459,17.5,14.2,-,-,-3.9360393603936177,-6.41102456560816,15.95,0,-1.91,-4.43,07-Oct-2025,07-Sep-2026,-,-6.41102456560816,-,-3.9360393603936177,10.742857142857147,-10,https://nsearchives.nseindia.com/today/MULTICAPEQN.svg,https://nsearchives.nseindia.com/30d/MULTICAP-EQ.svg,https://nsearchives.nseindia.com/365d/MULTICAP-EQ.svg,EQ
ALPL30IETF,Nifty Alpha Low-Volatility 30 Index,25.78,25.81,25.2,25.42,-0.36,-1.40,185598,4723469.1,25.8009,29.17,24.35,10-MAY-24,FACE VALUE SPLIT (SUB-DIVISION) - FROM RS 10/- PER SHARE TO RE 1/- PER SHARE,-6.681350954478695,-7.530010913059282,25.78,0,-5.36,-6.22,07-Oct-2025,07-Sep-2026,FACE VALUE SPLIT (SUB-DIVISION) - FROM RS 10/- PER SHARE TO RE 1/- PER SHARE,-7.530010913059282,10-MAY-24,-6.681350954478695,12.855673637298594,-4.394250513347023,https://nsearchives.nseindia.com/today/ALPL30IETFEQN.svg,https://nsearchives.nseindia.com/30d/ALPL30IETF-EQ.svg,https://nsearchives.nseindia.com/365d/ALPL30IETF-EQ.svg,EQ
GROWWCAPM,Nifty Capital Markets Index,11.09,11.29,10.91,10.96,-0.13,-1.17,406149,4471700.49,11.1678,12.66,8.02,-,-,Infinity,-5.190311418685118,11.09,0,0,-4.07,,07-Sep-2026,-,-5.190311418685118,-,Infinity,13.428120063191148,-36.658354114713234,https://nsearchives.nseindia.com/today/GROWWCAPMEQN.svg,https://nsearchives.nseindia.com/30d/GROWWCAPM-EQ.svg,,EQ
MOENERGY,Nifty Energy Index,36.9,37.08,35.88,36.03,-0.78,-2.12,123530,4461903.6,36.9059,43,33,-,-,Infinity,-4.908946951702294,36.81,0,0,-2.85,,07-Sep-2026,-,-4.908946951702294,-,Infinity,16.209302325581394,-9.181818181818185,https://nsearchives.nseindia.com/today/MOENERGYEQN.svg,https://nsearchives.nseindia.com/30d/MOENERGY-EQ.svg,,EQ
QUAL30IETF,ICICI Prudential Nifty 200 Quality 30 ETF,19.67,19.69,19.25,19.37,-0.25,-1.27,219402,4249816.74,19.5895,23,18,10-MAY-24,FACE VALUE SPLIT (SUB-DIVISION) - FROM RS 10/- PER SHARE TO RE 1/- PER SHARE,-8.675153229608675,-6.9644572526416875,19.62,0,-7.5,-5.76,07-Oct-2025,07-Sep-2026,FACE VALUE SPLIT (SUB-DIVISION) - FROM RS 10/- PER SHARE TO RE 1/- PER SHARE,-6.9644572526416875,10-MAY-24,-8.675153229608675,15.782608695652169,-7.611111111111118,https://nsearchives.nseindia.com/today/QUAL30IETFEQN.svg,https://nsearchives.nseindia.com/30d/QUAL30IETF-EQ.svg,https://nsearchives.nseindia.com/365d/QUAL30IETF-EQ.svg,EQ
NIFTY100EW,Nifty 100 Equal Weight Index,33.38,33.38,32.37,32.51,-0.87,-2.61,124558,4056854.06,33.06,41.41,29.84,-,-,-2.8682402151180186,-6.714490674318517,33.38,0,-0.27,-4.22,07-Oct-2025,07-Sep-2026,-,-6.714490674318517,-,-2.8682402151180186,21.492393141753197,-8.94772117962466,https://nsearchives.nseindia.com/today/NIFTY100EWEQN.svg,https://nsearchives.nseindia.com/30d/NIFTY100EW-EQ.svg,https://nsearchives.nseindia.com/365d/NIFTY100EW-EQ.svg,EQ
AONETOTAL,Nifty Total Market Index,11.39,11.39,11.05,11.14,-0.16,-1.42,347534,3878479.44,11.3141,12.51,9.6,-,-,-5.110732538330491,-5.912162162162156,11.3,0,-3.75,-4.56,07-Oct-2025,07-Sep-2026,-,-5.912162162162156,-,-5.110732538330491,10.951239008792959,-16.041666666666675,https://nsearchives.nseindia.com/today/AONETOTALEQN.svg,https://nsearchives.nseindia.com/30d/AONETOTAL-EQ.svg,https://nsearchives.nseindia.com/365d/AONETOTAL-EQ.svg,EQ
LICNETFGSC,Nifty 8-13 Yr Gsec,28.2,29.22,28.2,28.93,0,0.00,127031,3675006.83,29.0111,30.53,27.8,-,-,1.7945109078113932,-1.5986394557823091,28.93,0,1.79,-1.6,07-Oct-2025,07-Sep-2026,-,-1.5986394557823091,-,1.7945109078113932,5.240746806419919,-4.064748201438845,https://nsearchives.nseindia.com/today/LICNETFGSCEQN.svg,https://nsearchives.nseindia.com/30d/LICNETFGSC-EQ.svg,https://nsearchives.nseindia.com/365d/LICNETFGSC-EQ.svg,EQ
HDFCPSUBK,HDFC NIFTY PSU BANK ETF,80.58,82.39,79.94,81.09,-0.49,-0.60,44863,3667101.62,81.8389,101.25,75.42,-,-,6.152637779814116,-4.678500058775115,81.58,0,6.79,-4.1,07-Oct-2025,07-Sep-2026,-,-4.678500058775115,-,6.152637779814116,19.911111111111108,-7.517899761336518,https://nsearchives.nseindia.com/today/HDFCPSUBKEQN.svg,https://nsearchives.nseindia.com/30d/HDFCPSUBK-EQ.svg,https://nsearchives.nseindia.com/365d/HDFCPSUBK-EQ.svg,EQ
MOMIDMTM,Nifty Midcap 150 Momentum 50 Total Return Index,62.55,62.55,60.71,60.97,-1.26,-2.02,58854,3601864.8,62.1659,70,54.78,-,-,-2.1348314606741545,-5.384854127870886,62.23,0,-0.11,-3.43,07-Oct-2025,07-Sep-2026,-,-5.384854127870886,-,-2.1348314606741545,12.900000000000002,-11.299744432274549,https://nsearchives.nseindia.com/today/MOMIDMTMEQN.svg,https://nsearchives.nseindia.com/30d/MOMIDMTM-EQ.svg,https://nsearchives.nseindia.com/365d/MOMIDMTM-EQ.svg,EQ
EBBETF0433,BHARAT Bond ETF-April 2033,1298.74,1303.51,1293.75,1301,2.26,0.17,2766,3598372.38,1300.2557,1350.32,1243.25,-,-,3.524281656070212,-0.6877810093052718,1298.74,0,3.34,-0.86,07-Oct-2025,07-Sep-2026,-,-0.6877810093052718,-,3.524281656070212,3.6524675632442634,-4.645083450633421,https://nsearchives.nseindia.com/today/EBBETF0433EQN.svg,https://nsearchives.nseindia.com/30d/EBBETF0433-EQ.svg,https://nsearchives.nseindia.com/365d/EBBETF0433-EQ.svg,EQ
LICMFGOLD,Gold,132.25,132.55,131.65,132,-0.25,-0.19,26824,3541840.96,,162,102.5,06-MAR-26,FACE VALUE SPLIT (SUB-DIVISION) - FROM RS 100/- PER SHARE TO RE 1/- PER SHARE,-98.78415533336711,-3.719912472647698,132.25,0,-98.78,-3.54,07-Oct-2025,07-Sep-2026,FACE VALUE SPLIT (SUB-DIVISION) - FROM RS 100/- PER SHARE TO RE 1/- PER SHARE,-3.719912472647698,06-MAR-26,-98.78415533336711,18.51851851851852,-28.78048780487805,https://nsearchives.nseindia.com/today/LICMFGOLDEQN.svg,https://nsearchives.nseindia.com/30d/LICMFGOLD-EQ.svg,https://nsearchives.nseindia.com/365d/LICMFGOLD-EQ.svg,EQ
EGOLD,Edelweiss Gold ETF,146.7,146.9,145.95,145.95,-0.55,-0.38,23821,3489538.29,146.1332,184.95,112.1,-,-,21.321695760598498,-3.9486673247778876,146.5,0,21.78,-3.59,07-Oct-2025,07-Sep-2026,-,-3.9486673247778876,-,21.321695760598498,21.086780210867804,-30.196253345227472,https://nsearchives.nseindia.com/today/EGOLDEQN.svg,https://nsearchives.nseindia.com/30d/EGOLD-EQ.svg,https://nsearchives.nseindia.com/365d/EGOLD-EQ.svg,EQ
TWCGOLDETF,Commodity,146.43,153.2,145.41,145.41,-0.58,-0.40,23866,3483481.36,145.5513,187.98,123.31,-,-,Infinity,-3.842084380372968,145.99,0,0,-3.46,,07-Sep-2026,-,-3.842084380372968,-,Infinity,22.646026172997125,-17.922309626145484,https://nsearchives.nseindia.com/today/TWCGOLDETFEQN.svg,https://nsearchives.nseindia.com/30d/TWCGOLDETF-EQ.svg,,EQ
NV20BEES,Nifty50 Value20 TRI,131.77,132.99,129.5,132.49,0.72,0.55,26603,3458123.97,131.495,160,128.49,19-DEC-19, FACE VALUE SPLIT (SUB-DIVISION) - FROM RS 10/- TO RS 1/-,-10.799165151821175,-4.290977389294226,131.77,0,-11.28,-4.81,07-Oct-2025,07-Sep-2026, FACE VALUE SPLIT (SUB-DIVISION) - FROM RS 10/- TO RS 1/-,-4.290977389294226,19-DEC-19,-10.799165151821175,17.193749999999994,-3.113082730173554,https://nsearchives.nseindia.com/today/NV20BEESEQN.svg,https://nsearchives.nseindia.com/30d/NV20BEES-EQ.svg,https://nsearchives.nseindia.com/365d/NV20BEES-EQ.svg,EQ
HDFCGROWTH,HDFC NIFTY Growth Sectors 15 ETF,108.88,109.06,107.1,107.81,-0.53,-0.49,31973,3444451.29,108.3047,133.3,107.1,-,-,-11.71798231247953,-8.160831416645369,108.34,0,-11.28,-7.71,07-Oct-2025,07-Sep-2026,-,-8.160831416645369,-,-11.71798231247953,19.12228057014254,-0.662931839402435,https://nsearchives.nseindia.com/today/HDFCGROWTHEQN.svg,https://nsearchives.nseindia.com/30d/HDFCGROWTH-EQ.svg,https://nsearchives.nseindia.com/365d/HDFCGROWTH-EQ.svg,EQ
MIDBANKADD,BSE MidSmall Private Banks Index,16.26,16.69,15.96,15.96,-0.38,-2.33,212870,3425078.3,16.3192,18.22,15.96,-,-,Infinity,-8.170310701956263,16.34,0,0,-5.98,,07-Sep-2026,-,-8.170310701956263,-,Infinity,12.403951701426994,0,https://nsearchives.nseindia.com/today/MIDBANKADDEQN.svg,https://nsearchives.nseindia.com/30d/MIDBANKADD-EQ.svg,,EQ
MIDSELIETF,S&P BSE Midcap Select Index,18.5,18.52,18.06,18.1,-0.37,-2.00,184918,3376602.68,18.5641,20.39,14.55,10-MAY-24,FACE VALUE SPLIT (SUB-DIVISION) - FROM RS 10/- PER SHARE TO RE 1/- PER SHARE,2.549575070821546,-8.493427704752273,18.47,0,4.65,-6.62,07-Oct-2025,07-Sep-2026,FACE VALUE SPLIT (SUB-DIVISION) - FROM RS 10/- PER SHARE TO RE 1/- PER SHARE,-8.493427704752273,10-MAY-24,2.549575070821546,11.230995586071598,-24.398625429553267,https://nsearchives.nseindia.com/today/MIDSELIETFEQN.svg,https://nsearchives.nseindia.com/30d/MIDSELIETF-EQ.svg,https://nsearchives.nseindia.com/365d/MIDSELIETF-EQ.svg,EQ
GROWWRLTY,Index,9.21,9.21,8.8,8.95,-0.26,-2.82,372845,3348148.1,9.2248,11.3,7.17,-,-,Infinity,-10.94527363184081,9.21,0,0,-8.36,,07-Sep-2026,-,-10.94527363184081,-,Infinity,20.79646017699116,-24.82566248256624,https://nsearchives.nseindia.com/today/GROWWRLTYEQN.svg,https://nsearchives.nseindia.com/30d/GROWWRLTY-EQ.svg,,EQ
GROWWNET,Index,10.11,10.34,9.94,10.05,-0.23,-2.24,332848,3335136.96,10.2605,11.57,7.93,-,-,-7.5436982520699045,-6.858202038924917,10.28,0,-5.43,-4.73,07-Oct-2025,07-Sep-2026,-,-6.858202038924917,-,-7.5436982520699045,13.137424373379424,-26.733921815889044,https://nsearchives.nseindia.com/today/GROWWNETEQN.svg,https://nsearchives.nseindia.com/30d/GROWWNET-EQ.svg,https://nsearchives.nseindia.com/365d/GROWWNET-EQ.svg,EQ
VALUEAXIS,Nifty500 Value 50 TRI,31.55,31.55,30,30.45,-0.48,-1.55,104875,3191346.25,30.8071,39,26.76,-,-,Infinity,-7.164634146341457,30.93,0,0,-5.7,,07-Sep-2026,-,-7.164634146341457,-,Infinity,21.923076923076927,-13.789237668161425,https://nsearchives.nseindia.com/today/VALUEAXISEQN.svg,https://nsearchives.nseindia.com/30d/VALUEAXIS-EQ.svg,,EQ
BNKETFAXIS,Nifty Bank,566.23,567.33,561.11,561.11,-5.12,-0.90,5560,3125220.4,568.3368,647.82,512.51,-,-,Infinity,-4.590977878288076,566.23,0,0,-3.72,,07-Sep-2026,-,-4.590977878288076,-,Infinity,13.384890864746385,-9.482741800160001,https://nsearchives.nseindia.com/today/BNKETFAXISEQN.svg,https://nsearchives.nseindia.com/30d/BNKETFAXIS-EQ.svg,,EQ
SHARIABEES,Shariah,419.52,423.03,413.49,421,1.48,0.35,7427,3102109.36,420.0051,534.61,413.49,10-MAR-14,DIVIDEND-RS.2 PER UNIT,-14.067602873938606,-5.827088692539986,419.52,0,-14.37,-6.16,07-Oct-2025,07-Sep-2026,DIVIDEND-RS.2 PER UNIT,-5.827088692539986,10-MAR-14,-14.067602873938606,21.251005405809845,-1.8162470676437135,https://nsearchives.nseindia.com/today/SHARIABEESEQN.svg,https://nsearchives.nseindia.com/30d/SHARIABEES-EQ.svg,https://nsearchives.nseindia.com/365d/SHARIABEES-EQ.svg,EQ
MOM50,Nifty 50,236.67,236.67,230.31,231.68,-4.41,-1.87,12211,2837958.51,236.909,279.33,221.55,16-OCT-14,FACE VALUE SPLIT FROM RS.10/- TO RS.7/-,-11.073580777645557,-6.9931754315535875,236.09,0,-9.38,-5.22,07-Oct-2025,07-Sep-2026,FACE VALUE SPLIT FROM RS.10/- TO RS.7/-,-6.9931754315535875,16-OCT-14,-11.073580777645557,17.05867611785343,-4.57233130218912,https://nsearchives.nseindia.com/today/MOM50EQN.svg,https://nsearchives.nseindia.com/30d/MOM50-EQ.svg,https://nsearchives.nseindia.com/365d/MOM50-EQ.svg,EQ
SILVERBND,Commodity - Silver,219.25,219.52,215.44,215.61,-3.66,-1.67,12639,2740514.37,219.3482,389,180,-,-,Infinity,-6.394894503777021,219.27,0,0,-4.81,,07-Sep-2026,-,-6.394894503777021,-,Infinity,44.573264781491005,-19.783333333333342,https://nsearchives.nseindia.com/today/SILVERBNDEQN.svg,https://nsearchives.nseindia.com/30d/SILVERBND-EQ.svg,,EQ
MOHEALTH,Motilal Oswal S&P BSE Healthcare ETF,51.64,51.64,49.2,49.44,-0.95,-1.89,54881,2731976.18,50.488,53.89,40.79,-,-,10.678307588985888,-4.721526305646566,50.39,0,12.81,-2.89,07-Oct-2025,07-Sep-2026,-,-4.721526305646566,-,10.678307588985888,8.257561699758773,-21.206177984800195,https://nsearchives.nseindia.com/today/MOHEALTHEQN.svg,https://nsearchives.nseindia.com/30d/MOHEALTH-EQ.svg,https://nsearchives.nseindia.com/365d/MOHEALTH-EQ.svg,EQ
SBIMIDMOM,Nifty Midcap 150 Momentum 50 Index,62.23,62.23,59.7,60.21,-1.41,-2.29,43262,2605670.26,61.3895,67.74,53.86,-,-,Infinity,-5.225877538170943,61.62,0,0,-3.01,,07-Sep-2026,-,-5.225877538170943,-,Infinity,11.116031886625324,-11.789825473449687,https://nsearchives.nseindia.com/today/SBIMIDMOMEQN.svg,https://nsearchives.nseindia.com/30d/SBIMIDMOM-EQ.svg,,EQ
MOTOUR,Nifty India Tourism Total Return Index,76.22,76.22,73.5,73.51,-2.64,-3.47,34599,2578317.48,75.9799,92,64,-,-,-17.134483147334,-4.989013829649734,76.15,0,-14.16,-1.58,07-Oct-2025,07-Sep-2026,-,-4.989013829649734,-,-17.134483147334,20.097826086956516,-14.859375000000007,https://nsearchives.nseindia.com/today/MOTOUREQN.svg,https://nsearchives.nseindia.com/30d/MOTOUR-EQ.svg,https://nsearchives.nseindia.com/365d/MOTOUR-EQ.svg,EQ
MANUFGBEES,Nifty India Manufacturing TRI,155.39,155.39,148.5,149,-4.85,-3.15,16946,2549864.62,153.2318,171.58,138.6,-,-,-0.9242635813551343,-8.459789887571425,153.85,0,2.3,-5.48,07-Oct-2025,07-Sep-2026,-,-8.459789887571425,-,-0.9242635813551343,13.16004196293275,-7.503607503607507,https://nsearchives.nseindia.com/today/MANUFGBEESEQN.svg,https://nsearchives.nseindia.com/30d/MANUFGBEES-EQ.svg,https://nsearchives.nseindia.com/365d/MANUFGBEES-EQ.svg,EQ
CONSUMIETF,Nifty India Consumption Index,113.81,113.94,111.28,112.04,-3.29,-2.85,22636,2535232,113.9044,141.27,94.65,-,-,-11.318663922748138,-6.648891851358099,115.33,0,-8.71,-3.91,07-Oct-2025,07-Sep-2026,-,-6.648891851358099,-,-11.318663922748138,20.690875628229634,-18.3729529846804,https://nsearchives.nseindia.com/today/CONSUMIETFEQN.svg,https://nsearchives.nseindia.com/30d/CONSUMIETF-EQ.svg,https://nsearchives.nseindia.com/365d/CONSUMIETF-EQ.svg,EQ
BFSI,Nifty Financial Services Index,26.11,26.11,25.55,25.68,-0.31,-1.19,98232,2524562.4,25.9289,29.94,24.03,-,-,-7.258938244853744,-4.783092324805336,25.99,0,-6.14,-3.63,07-Oct-2025,07-Sep-2026,-,-4.783092324805336,-,-7.258938244853744,14.22845691382766,-6.866416978776523,https://nsearchives.nseindia.com/today/BFSIEQN.svg,https://nsearchives.nseindia.com/30d/BFSI-EQ.svg,https://nsearchives.nseindia.com/365d/BFSI-EQ.svg,EQ
MID150,Nifty Midcap 150 Index,22.17,22.39,21.72,21.81,-0.45,-2.02,110438,2419696.58,,24.95,18.97,-,-,-0.2287282708142759,-7.151979565772669,22.26,0,1.83,-5.24,07-Oct-2025,07-Sep-2026,-,-7.151979565772669,-,-0.2287282708142759,12.585170340681366,-14.971006852925672,https://nsearchives.nseindia.com/today/MID150EQN.svg,https://nsearchives.nseindia.com/30d/MID150-EQ.svg,https://nsearchives.nseindia.com/365d/MID150-EQ.svg,EQ
SMALLIETF,Nifty Smallcap 250 Index,18.27,18.27,17.55,17.86,-0.05,-0.28,136010,2403296.7,17.9423,19.49,17.4,-,-,Infinity,-3.6677454153182296,17.91,0,0,-3.4,,07-Sep-2026,-,-3.6677454153182296,-,Infinity,8.363263211903535,-2.643678160919545,https://nsearchives.nseindia.com/today/SMALLIETFEQN.svg,https://nsearchives.nseindia.com/30d/SMALLIETF-EQ.svg,,EQ
SBIBPB,BSE PSU Bank Index TRI,47.13,47.47,46.55,46.55,-0.19,-0.41,50772,2382729.96,47.0291,58.27,42.76,-,-,5.245308614062854,-5.154849225753874,46.74,0,5.67,-4.77,07-Oct-2025,07-Sep-2026,-,-5.154849225753874,-,5.245308614062854,20.113265831474184,-8.863423760523851,https://nsearchives.nseindia.com/today/SBIBPBEQN.svg,https://nsearchives.nseindia.com/30d/SBIBPB-EQ.svg,https://nsearchives.nseindia.com/365d/SBIBPB-EQ.svg,EQ
EMULTIMQ,Nifty500 Multicap Momentum Quality 50 Total Return Index,40.72,40.85,39.2,39.36,-1.36,-3.34,59203,2347990.98,40.5676,43.54,36.25,-,-,-5.837320574162675,-6.285714285714287,40.72,0,-2.58,-3.05,07-Oct-2025,07-Sep-2026,-,-6.285714285714287,-,-5.837320574162675,9.600367478180983,-8.579310344827585,https://nsearchives.nseindia.com/today/EMULTIMQEQN.svg,https://nsearchives.nseindia.com/30d/EMULTIMQ-EQ.svg,https://nsearchives.nseindia.com/365d/EMULTIMQ-EQ.svg,EQ
MOGOLD,Domestic Price of Physical Gold,145.65,145.65,144.5,145.1,0.15,0.10,15431,2234100.18,144.6246,175,115.45,-,-,21.524288107202672,-3.4276206322795377,144.95,0,21.4,-3.53,07-Oct-2025,07-Sep-2026,-,-3.4276206322795377,-,21.524288107202672,17.08571428571429,-25.682113469034206,https://nsearchives.nseindia.com/today/MOGOLDEQN.svg,https://nsearchives.nseindia.com/30d/MOGOLD-EQ.svg,https://nsearchives.nseindia.com/365d/MOGOLD-EQ.svg,EQ
AONENIFTY,Nifty 50 Index,9.57,9.57,9.18,9.23,-0.11,-1.18,238034,2197053.82,9.3462,12,9,-,-,-10.126582278481004,-6.103763987792468,9.34,0,-9.06,-4.98,07-Oct-2025,07-Sep-2026,-,-6.103763987792468,-,-10.126582278481004,23.08333333333333,-2.5555555555555602,https://nsearchives.nseindia.com/today/AONENIFTYEQN.svg,https://nsearchives.nseindia.com/30d/AONENIFTY-EQ.svg,https://nsearchives.nseindia.com/365d/AONENIFTY-EQ.svg,EQ
SBINEQWETF,Nifty50 Equal Weight,31.46,32,30.5,30.72,-0.59,-1.88,69497,2137032.75,31.1609,36.4,29.64,-,-,-5.097312326227985,-6.711205587610085,31.31,0,-3.27,-4.92,07-Oct-2025,07-Sep-2026,-,-6.711205587610085,-,-5.097312326227985,15.604395604395606,-3.6437246963562693,https://nsearchives.nseindia.com/today/SBINEQWETFEQN.svg,https://nsearchives.nseindia.com/30d/SBINEQWETF-EQ.svg,https://nsearchives.nseindia.com/365d/SBINEQWETF-EQ.svg,EQ
SILVER360,Commodity-Silver,215,215.26,211.27,212.51,-2.75,-1.28,9838,2098248.64,215.0835,358,136.95,-,-,46.60917557778545,-6.197307437651741,215.26,0,48.51,-4.98,07-Oct-2025,07-Sep-2026,-,-6.197307437651741,-,46.60917557778545,40.63966480446928,-55.17342095655349,https://nsearchives.nseindia.com/today/SILVER360EQN.svg,https://nsearchives.nseindia.com/30d/SILVER360-EQ.svg,https://nsearchives.nseindia.com/365d/SILVER360-EQ.svg,EQ
NV20,Nifty50 Value 20,13.08,13.17,12.92,13,-0.08,-0.61,161083,2090857.34,13.1392,16.87,12.62,27-FEB-26,FACE VALUE SPLIT (SUB-DIVISION) - FROM RS 10/- PER SHARE TO RE 1/- PER SHARE,-91.2257019438445,-5.933429811866861,13.08,0,-91.17,-5.35,07-Oct-2025,07-Sep-2026,FACE VALUE SPLIT (SUB-DIVISION) - FROM RS 10/- PER SHARE TO RE 1/- PER SHARE,-5.933429811866861,27-FEB-26,-91.2257019438445,22.94013040901008,-3.0110935023771854,https://nsearchives.nseindia.com/today/NV20EQN.svg,https://nsearchives.nseindia.com/30d/NV20-EQ.svg,https://nsearchives.nseindia.com/365d/NV20-EQ.svg,EQ
MOMETAL,Nifty Metal Index,12.6,12.8,11.89,12.58,0.23,1.86,173547,2080828.53,12.3143,14.55,11.89,-,-,Infinity,-4.696969696969691,12.35,0,0,-6.44,,07-Sep-2026,-,-4.696969696969691,-,Infinity,13.539518900343646,-5.803195962994107,https://nsearchives.nseindia.com/today/MOMETALEQN.svg,https://nsearchives.nseindia.com/30d/MOMETAL-EQ.svg,,EQ
HDFCPVTBAN,HDFC NIFTY Private Bank ETF,27.69,27.69,27.32,27.53,-0.22,-0.79,74506,2048169.94,27.672,30.17,24.31,02-FEB-24,FACE VALUE SPLIT (SUB-DIVISION) - FROM RS 216.75/- PER SHARE TO RS 21.675/- PER SHARE,-1.2553802008608246,-2.5486725663716774,27.75,0,-0.47,-1.77,07-Oct-2025,07-Sep-2026,FACE VALUE SPLIT (SUB-DIVISION) - FROM RS 216.75/- PER SHARE TO RS 21.675/- PER SHARE,-2.5486725663716774,02-FEB-24,-1.2553802008608246,8.750414318859796,-13.245577951460314,https://nsearchives.nseindia.com/today/HDFCPVTBANEQN.svg,https://nsearchives.nseindia.com/30d/HDFCPVTBAN-EQ.svg,https://nsearchives.nseindia.com/365d/HDFCPVTBAN-EQ.svg,EQ
NIFTYJBLK,INDEX,11.9,11.9,11.38,11.44,-0.17,-1.46,174100,1996927,11.5907,13.05,9.94,-,-,Infinity,-7.067424857839163,11.61,0,0,-5.69,,07-Sep-2026,-,-7.067424857839163,-,Infinity,12.337164750957863,-15.090543259557345,https://nsearchives.nseindia.com/today/NIFTYJBLKEQN.svg,https://nsearchives.nseindia.com/30d/NIFTYJBLK-EQ.svg,,EQ
GROWWMOM50,Nifty 500 Momentum 50 Index- Total Return Index,10.7,10.73,10.45,10.64,-0.06,-0.56,188239,1980274.28,10.7343,11.55,9.12,-,-,1.5267175572519096,-3.2727272727272676,10.7,0,2.1,-2.73,07-Oct-2025,07-Sep-2026,-,-3.2727272727272676,-,1.5267175572519096,7.87878787878788,-16.666666666666682,https://nsearchives.nseindia.com/today/GROWWMOM50EQN.svg,https://nsearchives.nseindia.com/30d/GROWWMOM50-EQ.svg,https://nsearchives.nseindia.com/365d/GROWWMOM50-EQ.svg,EQ
SBISMLETF,Nifty Smallcap 250 Index,17.5,17.95,17.5,17.58,-0.37,-2.06,110508,1942730.64,17.9098,18.97,16.53,-,-,Infinity,-4.972972972972983,17.95,0,0,-2.97,,07-Sep-2026,-,-4.972972972972983,-,Infinity,7.327358987875597,-6.35208711433755,https://nsearchives.nseindia.com/today/SBISMLETFEQN.svg,https://nsearchives.nseindia.com/30d/SBISMLETF-EQ.svg,,EQ
MONIFTY100,Nifty 100 Total Return Index,23.8,23.8,23.4,23.71,-0.13,-0.55,80998,1901023.06,23.8557,27.97,22.38,-,-,Infinity,-5.725646123260429,23.84,0,0,-5.21,,07-Sep-2026,-,-5.725646123260429,-,Infinity,15.230604218805857,-5.9428060768543425,https://nsearchives.nseindia.com/today/MONIFTY100EQN.svg,https://nsearchives.nseindia.com/30d/MONIFTY100-EQ.svg,,EQ
SELECTIPO,BSE Select IPO Index,46.39,46.39,45.14,45.14,-1.41,-3.03,39137,1780342.13,46.563,50.72,37.8,-,-,-8.270676691729323,-6.870229007633585,46.55,0,-5.41,-3.96,07-Oct-2025,07-Sep-2026,-,-6.870229007633585,-,-8.270676691729323,11.001577287066242,-19.41798941798943,https://nsearchives.nseindia.com/today/SELECTIPOEQN.svg,https://nsearchives.nseindia.com/30d/SELECTIPO-EQ.svg,https://nsearchives.nseindia.com/365d/SELECTIPO-EQ.svg,EQ
HDFCQUAL,HDFC NIFTY100 Quality 30 ETF,54.79,54.98,53.95,54.24,-0.72,-1.31,32555,1764806.55,54.8461,61.87,51.91,-,-,-6.531104601068411,-6.675843083275973,54.96,0,-5.29,-5.44,07-Oct-2025,07-Sep-2026,-,-6.675843083275973,-,-6.531104601068411,12.332309681590425,-4.48853785397805,https://nsearchives.nseindia.com/today/HDFCQUALEQN.svg,https://nsearchives.nseindia.com/30d/HDFCQUAL-EQ.svg,https://nsearchives.nseindia.com/365d/HDFCQUAL-EQ.svg,EQ
NEXT50ETF,Nifty Next 50 Index,70,70.01,68.11,68.61,-1.5,-2.14,24495,1689665.1,69.972,78,60.15,-,-,Infinity,-6.308889799262603,70.11,0,0,-4.26,,07-Sep-2026,-,-6.308889799262603,-,Infinity,12.038461538461538,-14.06483790523691,https://nsearchives.nseindia.com/today/NEXT50ETFEQN.svg,https://nsearchives.nseindia.com/30d/NEXT50ETF-EQ.svg,,EQ
EQUAL200,BSE 200 Equal Weight,13.03,13.03,12.72,12.75,-0.28,-2.15,131625,1687432.5,11.044,14.6,11.75,-,-,-3.409090909090904,-7.069970845481054,13.03,0,-1.29,-5.03,07-Oct-2025,07-Sep-2026,-,-7.069970845481054,-,-3.409090909090904,12.671232876712327,-8.51063829787234,https://nsearchives.nseindia.com/today/EQUAL200EQN.svg,https://nsearchives.nseindia.com/30d/EQUAL200-EQ.svg,https://nsearchives.nseindia.com/365d/EQUAL200-EQ.svg,EQ
BBETF0432,Nifty BHARAT Bond Index - April 2032,1332.5,1341.83,1332.5,1338.75,1.75,0.13,1249,1671012.12,1340.4745,1378,1291.01,-,-,3.2213543875340194,-0.5430664309168942,1337,0,3.09,-0.67,07-Oct-2025,07-Sep-2026,-,-0.5430664309168942,-,3.2213543875340194,2.8483309143686504,-3.6978799544542653,https://nsearchives.nseindia.com/today/BBETF0432EQN.svg,https://nsearchives.nseindia.com/30d/BBETF0432-EQ.svg,https://nsearchives.nseindia.com/365d/BBETF0432-EQ.svg,EQ
HDFCNIF100,HDFC NIFTY 100 ETF,24.5,24.5,24.08,24.19,-0.36,-1.47,68335,1653707,24.5233,28.57,23.31,20-OCT-23,FACE VALUE SPLIT (SUB-DIVISION) - FROM RS 177.27/- PER SHARE TO RS 17.727/- PER SHARE,-8.751414560543191,-6.094720496894411,24.55,0,-7.39,-4.7,07-Oct-2025,07-Sep-2026,FACE VALUE SPLIT (SUB-DIVISION) - FROM RS 177.27/- PER SHARE TO RS 17.727/- PER SHARE,-6.094720496894411,20-OCT-23,-8.751414560543191,15.330766538326912,-3.7752037752037864,https://nsearchives.nseindia.com/today/HDFCNIF100EQN.svg,https://nsearchives.nseindia.com/30d/HDFCNIF100-EQ.svg,https://nsearchives.nseindia.com/365d/HDFCNIF100-EQ.svg,EQ
ECAPINSURE,BSE Capital Markets & Insurance Total Return Index,23.28,23.28,22.61,22.94,-0.34,-1.46,71734,1630513.82,23.0655,25.88,20.5,-,-,-0.5635023840485436,-4.016736401673629,23.28,0,0.91,-2.59,07-Oct-2025,07-Sep-2026,-,-4.016736401673629,-,-0.5635023840485436,11.36012364760432,-11.90243902439025,https://nsearchives.nseindia.com/today/ECAPINSUREEQN.svg,https://nsearchives.nseindia.com/30d/ECAPINSURE-EQ.svg,https://nsearchives.nseindia.com/365d/ECAPINSURE-EQ.svg,EQ
HEALTHADD,DSP Nifty Healthcare ETF,16.32,16.32,15.83,15.91,-0.41,-2.51,100713,1600329.57,16.2147,18.2,13.54,03-JUL-26,FACE VALUE SPLIT (SUB-DIVISION) - FROM RS 10/- PER UNIT TO RE 1/- PER UNIT,-89.09825955872276,-4.616306954436449,16.32,0,-88.82,-2.16,07-Oct-2025,07-Sep-2026,FACE VALUE SPLIT (SUB-DIVISION) - FROM RS 10/- PER UNIT TO RE 1/- PER UNIT,-4.616306954436449,03-JUL-26,-89.09825955872276,12.582417582417579,-17.503692762186123,https://nsearchives.nseindia.com/today/HEALTHADDEQN.svg,https://nsearchives.nseindia.com/30d/HEALTHADD-EQ.svg,https://nsearchives.nseindia.com/365d/HEALTHADD-EQ.svg,EQ
LOWVOL1,Kotak Nifty 100 Low Vol 30 ETF,19.57,19.68,19.22,19.22,-0.35,-1.79,79708,1542349.8,19.6678,22.9,18.77,-,-,-8.736942070275404,-7.6849183477425616,19.57,0,-7.08,-6,07-Oct-2025,07-Sep-2026,-,-7.6849183477425616,-,-8.736942070275404,16.06986899563319,-2.3974427277570554,https://nsearchives.nseindia.com/today/LOWVOL1EQN.svg,https://nsearchives.nseindia.com/30d/LOWVOL1-EQ.svg,https://nsearchives.nseindia.com/365d/LOWVOL1-EQ.svg,EQ
GROWWNXT50,Index,69.88,69.88,68.03,68.99,-1.4,-1.99,21846,1498854.06,69.8309,76.79,60.01,-,-,0.8183545228700687,-5.2204973210606,70.39,0,2.86,-3.3,07-Oct-2025,07-Sep-2026,-,-5.2204973210606,-,0.8183545228700687,10.15757260059905,-14.964172637893679,https://nsearchives.nseindia.com/today/GROWWNXT50EQN.svg,https://nsearchives.nseindia.com/30d/GROWWNXT50-EQ.svg,https://nsearchives.nseindia.com/365d/GROWWNXT50-EQ.svg,EQ
MONEXT50,Nifty Next 50 Total Return Index,69,69.51,67.11,67.7,-1.81,-2.60,21959,1486624.3,69.3576,75.89,59.43,-,-,-0.8494434680726396,-6.504626432813139,69.51,0,1.8,-4,07-Oct-2025,07-Sep-2026,-,-6.504626432813139,-,-0.8494434680726396,10.791935696402685,-13.915530876661624,https://nsearchives.nseindia.com/today/MONEXT50EQN.svg,https://nsearchives.nseindia.com/30d/MONEXT50-EQ.svg,https://nsearchives.nseindia.com/365d/MONEXT50-EQ.svg,EQ
BANKBETF,Bajaj Finserv Nifty Bank ETF,56.31,56.31,55.4,55.45,-0.64,-1.14,26657,1483728.62,56.0544,63.9,50.71,-,-,-2.5140646976090006,-4.708712837257252,56.09,0,-1.39,-3.61,07-Oct-2025,07-Sep-2026,-,-4.708712837257252,-,-2.5140646976090006,13.223787167449132,-9.347268783277464,https://nsearchives.nseindia.com/today/BANKBETFEQN.svg,https://nsearchives.nseindia.com/30d/BANKBETF-EQ.svg,https://nsearchives.nseindia.com/365d/BANKBETF-EQ.svg,EQ
GROWWCHEM,Nifty Chemicals Index - TRI,28.88,28.88,27.8,28.57,-0.22,-0.76,52477,1474603.7,28.3416,31.74,24.64,-,-,Infinity,-5.019946808510632,28.79,0,0,-4.29,,07-Sep-2026,-,-5.019946808510632,-,Infinity,9.987397605545048,-15.949675324675324,https://nsearchives.nseindia.com/today/GROWWCHEMEQN.svg,https://nsearchives.nseindia.com/30d/GROWWCHEM-EQ.svg,,EQ
GROWWSC250,Nifty Smallcap 250 Index - TRI,10.57,10.57,10.11,10.17,-0.19,-1.83,141862,1445573.78,10.3615,10.97,8,-,-,Infinity,-4.686035613870666,10.36,0,0,-2.91,,07-Sep-2026,-,-4.686035613870666,-,Infinity,7.292616226071109,-27.125,https://nsearchives.nseindia.com/today/GROWWSC250EQN.svg,https://nsearchives.nseindia.com/30d/GROWWSC250-EQ.svg,,EQ
SENSEXBETA,SENSEX,808.8,808.8,793,803.2,-0.91,-0.11,1798,1434120.76,805.6605,952.91,785,26-FEB-21, INTERIM DIVIDEND - RS 13.56 PER UNIT,Infinity,-4.76416324788351,804.11,0,0,-4.66,,07-Sep-2026, INTERIM DIVIDEND - RS 13.56 PER UNIT,-4.76416324788351,26-FEB-21,Infinity,15.71082263802457,-2.3184713375796235,https://nsearchives.nseindia.com/today/SENSEXBETAEQN.svg,https://nsearchives.nseindia.com/30d/SENSEXBETA-EQ.svg,,EQ
HDFCVALUE,HDFC NIFTY50 Value 20 ETF,118.5,118.5,116.5,116.75,-1.81,-1.53,12066,1410636.06,118.2904,147.05,115.75,-,-,-12.801553514078712,-6.255018467962105,118.56,0,-11.45,-4.8,07-Oct-2025,07-Sep-2026,-,-6.255018467962105,-,-12.801553514078712,20.605236314178857,-0.8639308855291576,https://nsearchives.nseindia.com/today/HDFCVALUEEQN.svg,https://nsearchives.nseindia.com/30d/HDFCVALUE-EQ.svg,https://nsearchives.nseindia.com/365d/HDFCVALUE-EQ.svg,EQ
ABSLPSE,Aditya Birla Sun Life Nifty PSE ETF,9.78,10.05,9.4,9.56,-0.09,-0.93,147191,1393898.77,9.6396,11.6,9.21,-,-,-5.905511811023619,-5.440158259149347,9.65,0,-5.02,-4.55,07-Oct-2025,07-Sep-2026,-,-5.440158259149347,-,-5.905511811023619,17.58620689655172,-3.800217155266011,https://nsearchives.nseindia.com/today/ABSLPSEEQN.svg,https://nsearchives.nseindia.com/30d/ABSLPSE-EQ.svg,https://nsearchives.nseindia.com/365d/ABSLPSE-EQ.svg,EQ
UNIONGOLD,Commodity Gold,143.5,144.2,142.85,143.65,0.15,0.10,9605,1377164.9,143.1602,177,113.35,-,-,21.68572638712411,-3.428571428571425,143.5,0,21.56,-3.53,07-Oct-2025,07-Sep-2026,-,-3.428571428571425,-,21.68572638712411,18.841807909604515,-26.731363034847824,https://nsearchives.nseindia.com/today/UNIONGOLDEQN.svg,https://nsearchives.nseindia.com/30d/UNIONGOLD-EQ.svg,https://nsearchives.nseindia.com/365d/UNIONGOLD-EQ.svg,EQ
BANKPSU,Nifty PSU Bank Total Return Index,81.57,82.18,80.73,80.77,-0.83,-1.02,15812,1289784.84,81.5917,99.52,75.22,-,-,6.262333903433746,-4.8757507949593695,81.6,0,7.35,-3.9,07-Oct-2025,07-Sep-2026,-,-4.8757507949593695,-,6.262333903433746,18.840434083601288,-7.378356819994679,https://nsearchives.nseindia.com/today/BANKPSUEQN.svg,https://nsearchives.nseindia.com/30d/BANKPSU-EQ.svg,https://nsearchives.nseindia.com/365d/BANKPSU-EQ.svg,EQ
SMALLADD,Nifty Smallcap 250 Index,18.49,18.49,17.55,17.55,-0.49,-2.72,69338,1225895.84,18.033,19.5,14.01,-,-,Infinity,-5.492730210016153,18.04,0,0,-2.85,,07-Sep-2026,-,-5.492730210016153,-,Infinity,9.999999999999996,-25.267665952890802,https://nsearchives.nseindia.com/today/SMALLADDEQN.svg,https://nsearchives.nseindia.com/30d/SMALLADD-EQ.svg,,EQ
ABSLNN50ET,Nifty Next 50,74.82,74.91,70.95,71.63,-1.72,-2.34,16688,1205541.12,73.2046,80.33,63.02,25-NOV-21, FACE VALUE SPLIT (SUB-DIVISION) - FROM RS 10/- PER SHARE TO RE 1/- PER SHARE,-0.013958682300397984,-7.154893065456915,73.35,0,2.39,-4.93,07-Oct-2025,07-Sep-2026, FACE VALUE SPLIT (SUB-DIVISION) - FROM RS 10/- PER SHARE TO RE 1/- PER SHARE,-7.154893065456915,25-NOV-21,-0.013958682300397984,10.830324909747295,-13.662329419231977,https://nsearchives.nseindia.com/today/ABSLNN50ETEQN.svg,https://nsearchives.nseindia.com/30d/ABSLNN50ET-EQ.svg,https://nsearchives.nseindia.com/365d/ABSLNN50ET-EQ.svg,EQ
TOP15IETF,Nifty Top 15 Equal Weight Index,9.26,9.26,9.08,9.14,-0.1,-1.08,128543,1174883.02,9.2152,11.36,9.03,-,-,-13.364928909952607,-6.160164271047224,9.24,0,-12.42,-5.13,07-Oct-2025,07-Sep-2026,-,-6.160164271047224,-,-13.364928909952607,19.542253521126753,-1.2181616832779758,https://nsearchives.nseindia.com/today/TOP15IETFEQN.svg,https://nsearchives.nseindia.com/30d/TOP15IETF-EQ.svg,https://nsearchives.nseindia.com/365d/TOP15IETF-EQ.svg,EQ
MOMENTUM30,Nifty 200 Momentum 30 Index,29.74,29.83,28.75,29.01,-0.73,-2.45,40233,1168366.32,29.693,37.38,26.91,-,-,Infinity,-5.689206762028609,29.74,0,0,-3.32,,07-Sep-2026,-,-5.689206762028609,-,Infinity,22.391653290529696,-7.8037904124860695,https://nsearchives.nseindia.com/today/MOMENTUM30EQN.svg,https://nsearchives.nseindia.com/30d/MOMENTUM30-EQ.svg,,EQ
SBIETFIT,Nifty IT Index,312.56,314.15,306.5,306.5,-2.37,-0.77,3727,1159171.54,307.9058,439.27,285,-,-,-18.911053494893913,-8.20879877811387,308.87,0,-18.28,-7.5,07-Oct-2025,07-Sep-2026,-,-8.20879877811387,-,-18.911053494893913,30.225146265394855,-7.543859649122807,https://nsearchives.nseindia.com/today/SBIETFITEQN.svg,https://nsearchives.nseindia.com/30d/SBIETFIT-EQ.svg,https://nsearchives.nseindia.com/365d/SBIETFIT-EQ.svg,EQ
CONSUMER,Nifty India New AgeConsumption,11.49,11.49,10.97,10.99,-0.27,-2.40,104728,1157244.4,11.264,12.74,9.69,-,-,-9.472817133443165,-8.033472803347273,11.26,0,-7.25,-5.77,07-Oct-2025,07-Sep-2026,-,-8.033472803347273,-,-9.472817133443165,13.736263736263735,-13.415892672858623,https://nsearchives.nseindia.com/today/CONSUMEREQN.svg,https://nsearchives.nseindia.com/30d/CONSUMER-EQ.svg,https://nsearchives.nseindia.com/365d/CONSUMER-EQ.svg,EQ
MNC,Kotak Nifty MNC ETF,31.16,31.16,30.3,30.52,-0.64,-2.05,37215,1142500.5,31.0866,35.65,27.83,-,-,-0.22883295194508102,-7.627118644067795,31.16,0,1.86,-5.69,07-Oct-2025,07-Sep-2026,-,-7.627118644067795,-,-0.22883295194508102,14.389901823281905,-9.665828242903347,https://nsearchives.nseindia.com/today/MNCEQN.svg,https://nsearchives.nseindia.com/30d/MNC-EQ.svg,https://nsearchives.nseindia.com/365d/MNC-EQ.svg,EQ
MOINFRA,BSE India Infrastructure Total Return Index,56.2,56.2,54.02,54.72,-1.46,-2.60,20504,1127309.92,56.065,66,54.02,-,-,-10.602842672765892,-6.477525209365918,56.18,0,-8.22,-3.98,07-Oct-2025,07-Sep-2026,-,-6.477525209365918,-,-10.602842672765892,17.09090909090909,-1.295816364309507,https://nsearchives.nseindia.com/today/MOINFRAEQN.svg,https://nsearchives.nseindia.com/30d/MOINFRA-EQ.svg,https://nsearchives.nseindia.com/365d/MOINFRA-EQ.svg,EQ
MOLOWVOL,Nifty Midcap 100 TRI,34.1,34.9,33.17,33.35,-0.82,-2.40,33095,1102063.5,34.096,43.07,33.05,11-AUG-22,FACE VALUE SPLIT (SUB-DIVISION) - FROM RS 10/- PER UNIT TO RS 2/- PER UNIT,-11.935569052020059,-7.180629000834952,34.17,0,-9.77,-4.9,07-Oct-2025,07-Sep-2026,FACE VALUE SPLIT (SUB-DIVISION) - FROM RS 10/- PER UNIT TO RS 2/- PER UNIT,-7.180629000834952,11-AUG-22,-11.935569052020059,22.567912700255395,-0.907715582450845,https://nsearchives.nseindia.com/today/MOLOWVOLEQN.svg,https://nsearchives.nseindia.com/30d/MOLOWVOL-EQ.svg,https://nsearchives.nseindia.com/365d/MOLOWVOL-EQ.svg,EQ
EQUAL50,Nifty50 Equal Weight,308.75,308.88,304,304.56,-5.76,-1.86,3575,1090482.25,310.1276,342.88,295.16,-,-,-5.738161559888585,-7.052827539902955,310.32,0,-3.96,-5.29,07-Oct-2025,07-Sep-2026,-,-7.052827539902955,-,-5.738161559888585,11.175921605226316,-3.1847133757961705,https://nsearchives.nseindia.com/today/EQUAL50EQN.svg,https://nsearchives.nseindia.com/30d/EQUAL50-EQ.svg,https://nsearchives.nseindia.com/365d/EQUAL50-EQ.svg,EQ
GROWWN200,Nifty 200 Index- Total Return Index,10.75,10.75,10.5,10.7,-0.01,-0.09,102050,1076627.5,10.6903,12.14,9.91,-,-,-5.309734513274348,-5.0576752440106505,10.71,0,-5.22,-4.97,07-Oct-2025,07-Sep-2026,-,-5.0576752440106505,-,-5.309734513274348,11.861614497528839,-7.9717457114026145,https://nsearchives.nseindia.com/today/GROWWN200EQN.svg,https://nsearchives.nseindia.com/30d/GROWWN200-EQ.svg,https://nsearchives.nseindia.com/365d/GROWWN200-EQ.svg,EQ
HEALTHCARE,Nifty 500 Healthcare Index,21.46,21.46,20.47,20.52,-0.52,-2.47,51033,1053321.12,21.0266,23.8,17.18,-,-,Infinity,-5.175600739371538,21.04,0,0,-2.77,,07-Sep-2026,-,-5.175600739371538,-,Infinity,13.781512605042021,-19.441210710128058,https://nsearchives.nseindia.com/today/HEALTHCAREEQN.svg,https://nsearchives.nseindia.com/30d/HEALTHCARE-EQ.svg,,EQ
MSCIINDIA,MSCI India Index,28.18,28.18,27.5,27.55,-0.63,-2.24,37276,1032917.96,28.101,32.14,26.5,-,-,-7.766990291262137,-6.925675675675677,28.18,0,-5.66,-4.8,07-Oct-2025,07-Sep-2026,-,-6.925675675675677,-,-7.766990291262137,14.281269446172994,-3.962264150943399,https://nsearchives.nseindia.com/today/MSCIINDIAEQN.svg,https://nsearchives.nseindia.com/30d/MSCIINDIA-EQ.svg,https://nsearchives.nseindia.com/365d/MSCIINDIA-EQ.svg,EQ
BANK10BETF,Bajaj Finserv BSE Top 10 Banks ETF,20.1,20.34,19.51,19.57,-0.58,-2.88,51268,1022283.92,20.0953,24.9,19.36,-,-,Infinity,-5.732177263969177,20.15,0,0,-2.94,,07-Sep-2026,-,-5.732177263969177,-,Infinity,21.405622489959832,-1.0847107438016572,https://nsearchives.nseindia.com/today/BANK10BETFEQN.svg,https://nsearchives.nseindia.com/30d/BANK10BETF-EQ.svg,,EQ
CEMNTGROWW,Nifty Cements Index TRI,13.49,13.5,13.2,13.34,-0.18,-1.33,76658,1020317.98,13.484,16.27,13.2,-,-,Infinity,-8.253094910591468,13.52,0,0,-7.02,,07-Sep-2026,-,-8.253094910591468,-,Infinity,18.008604794099572,-1.060606060606065,https://nsearchives.nseindia.com/today/CEMNTGROWWEQN.svg,https://nsearchives.nseindia.com/30d/CEMNTGROWW-EQ.svg,,EQ
HYBRIDETF,Nifty200 Momentum 30 Plus 8-13 yr G-Sec 50:50 Total Return Index,9.81,9.81,9.65,9.69,-0.15,-1.52,104213,1012950.36,9.8142,11.99,9.64,-,-,Infinity,-3.5820895522388176,9.84,0,0,-2.09,,07-Sep-2026,-,-3.5820895522388176,-,Infinity,19.18265221017515,-0.5186721991701134,https://nsearchives.nseindia.com/today/HYBRIDETFEQN.svg,https://nsearchives.nseindia.com/30d/HYBRIDETF-EQ.svg,,EQ
ELM250,Nifty LargeMidcap 250 TRI,15.68,15.88,15.33,15.53,-0.05,-0.32,64649,1000120.03,15.6603,18.5,14.43,-,-,-4.957160342717262,-5.36258379037173,15.58,0,-4.65,-5.06,07-Oct-2025,07-Sep-2026,-,-5.36258379037173,-,-4.957160342717262,16.054054054054056,-7.623007623007621,https://nsearchives.nseindia.com/today/ELM250EQN.svg,https://nsearchives.nseindia.com/30d/ELM250-EQ.svg,https://nsearchives.nseindia.com/365d/ELM250-EQ.svg,EQ
NETF,Tata Nifty 50 Exchange Traded Fund,245.53,246.11,242.18,244.39,-2.16,-0.88,4013,977486.54,246.4105,292.9,240.66,-,-,-9.915588484647438,-5.440123815051268,246.55,0,-9.12,-4.6,07-Oct-2025,07-Sep-2026,-,-5.440123815051268,-,-9.915588484647438,16.561966541481734,-1.549904429485577,https://nsearchives.nseindia.com/today/NETFEQN.svg,https://nsearchives.nseindia.com/30d/NETF-EQ.svg,https://nsearchives.nseindia.com/365d/NETF-EQ.svg,EQ
FLEXIADD,Nifty500 Flexicap Quality 30 TRI,9.46,9.5,9.26,9.34,-0.12,-1.27,103022,964285.92,9.4552,11.9,8.73,-,-,Infinity,-6.412825651302611,9.46,0,0,-5.21,,07-Sep-2026,-,-6.412825651302611,-,Infinity,21.512605042016812,-6.9873997709049185,https://nsearchives.nseindia.com/today/FLEXIADDEQN.svg,https://nsearchives.nseindia.com/30d/FLEXIADD-EQ.svg,,EQ
ITADD,DSP Nifty IT ETF,29.99,30.08,29.44,29.66,0.08,0.27,32299,959926.28,29.4883,41.92,27.17,-,-,Infinity,-6.70022019502988,29.58,0,0,-6.95,,07-Sep-2026,-,-6.70022019502988,-,Infinity,29.246183206106874,-9.164519690835473,https://nsearchives.nseindia.com/today/ITADDEQN.svg,https://nsearchives.nseindia.com/30d/ITADD-EQ.svg,,EQ
NIFTYBETF,Bajaj Finserv Nifty 50 ETF,232.89,232.89,228.45,228.46,-4.31,-1.85,4141,952719.87,232.9149,279.99,227.01,-,-,-10.719449763570276,-6.827079934747138,232.77,0,-9.04,-5.07,07-Oct-2025,07-Sep-2026,-,-6.827079934747138,-,-10.719449763570276,18.404228722454373,-0.6387383815691015,https://nsearchives.nseindia.com/today/NIFTYBETFEQN.svg,https://nsearchives.nseindia.com/30d/NIFTYBETF-EQ.svg,https://nsearchives.nseindia.com/365d/NIFTYBETF-EQ.svg,EQ
INFRA,Nifty India Infrastructure & Logistics,11.44,11.44,11.13,11.15,-0.32,-2.79,81796,914479.28,11.4739,13.27,10.14,-,-,Infinity,-6.928213689482471,11.47,0,0,-4.26,,07-Sep-2026,-,-6.928213689482471,-,Infinity,15.975885455915593,-9.960552268244573,https://nsearchives.nseindia.com/today/INFRAEQN.svg,https://nsearchives.nseindia.com/30d/INFRA-EQ.svg,,EQ
PVTBKGROWW,Nifty Private Bank Index - TRI,27.25,27.28,26.86,27.2,0.21,0.78,32528,882159.36,27.2398,29.57,25.45,-,-,Infinity,-2.5089605734767,26.99,0,0,-3.26,,07-Sep-2026,-,-2.5089605734767,-,Infinity,8.01487994589111,-6.8762278978389,https://nsearchives.nseindia.com/today/PVTBKGROWWEQN.svg,https://nsearchives.nseindia.com/30d/PVTBKGROWW-EQ.svg,,EQ
SETF10GILT,Nifty 10 yr Benchmark G-Sec Index,261.04,261.37,259.27,261,0.85,0.33,3363,873505.62,260.558,272.31,250.95,-,-,0.9983747387973005,-0.8810572687224644,260.15,0,0.67,-1.2,07-Oct-2025,07-Sep-2026,-,-0.8810572687224644,-,0.9983747387973005,4.1533546325878605,-4.004781829049616,https://nsearchives.nseindia.com/today/SETF10GILTEQN.svg,https://nsearchives.nseindia.com/30d/SETF10GILT-EQ.svg,https://nsearchives.nseindia.com/365d/SETF10GILT-EQ.svg,EQ
PSUBANKADD,DSP Nifty PSU Bank ETF,81.72,82.42,81.01,81.41,-0.31,-0.38,10528,857505.6,81.8125,99.88,75.27,-,-,6.683265627047562,-4.660967326384827,81.72,0,7.09,-4.3,07-Oct-2025,07-Sep-2026,-,-4.660967326384827,-,6.683265627047562,18.492190628754507,-8.15730038527966,https://nsearchives.nseindia.com/today/PSUBANKADDEQN.svg,https://nsearchives.nseindia.com/30d/PSUBANKADD-EQ.svg,https://nsearchives.nseindia.com/365d/PSUBANKADD-EQ.svg,EQ
NIFTYQLITY,Aditya Birla Sun Life Nifty 200 Quality 30 ETF,19.78,19.99,19.45,19.54,-0.24,-1.21,43804,857244.28,19.7827,23.03,18.95,-,-,-8.648901355773733,-7.349454717875774,19.78,0,-7.53,-6.21,07-Oct-2025,07-Sep-2026,-,-7.349454717875774,-,-8.648901355773733,15.154146765089024,-3.1134564643799467,https://nsearchives.nseindia.com/today/NIFTYQLITYEQN.svg,https://nsearchives.nseindia.com/30d/NIFTYQLITY-EQ.svg,https://nsearchives.nseindia.com/365d/NIFTYQLITY-EQ.svg,EQ
HEALTHAXIS,Nifty Healthcare Index,160.9,164.2,159.4,159.4,-3.55,-2.18,5238,843946.56,163.4148,190,135.2,-,-,Infinity,-5.18113140205818,162.95,0,0,-3.07,,07-Sep-2026,-,-5.18113140205818,-,Infinity,16.105263157894733,-17.899408284023682,https://nsearchives.nseindia.com/today/HEALTHAXISEQN.svg,https://nsearchives.nseindia.com/30d/HEALTHAXIS-EQ.svg,,EQ
BANKADD,DSP Nifty Bank ETF,56.25,56.4,55.8,56.07,-0.43,-0.76,14529,814641.03,56.4548,62.9,51.01,-,-,Infinity,-4.49667858967808,56.5,0,0,-3.76,,07-Sep-2026,-,-4.49667858967808,-,Infinity,10.858505564387913,-9.919623603215062,https://nsearchives.nseindia.com/today/BANKADDEQN.svg,https://nsearchives.nseindia.com/30d/BANKADD-EQ.svg,,EQ
MOQUALITY,Motilal Oswal S&P BSE Quality ETF,188.19,188.19,182,184.98,-3.21,-1.71,4213,780079.08,187.6709,225.6,176.15,-,-,-4.703518623460936,-6.16820533630922,188.19,0,-3.05,-4.54,07-Oct-2025,07-Sep-2026,-,-6.16820533630922,-,-4.703518623460936,18.005319148936174,-5.012773204655114,https://nsearchives.nseindia.com/today/MOQUALITYEQN.svg,https://nsearchives.nseindia.com/30d/MOQUALITY-EQ.svg,https://nsearchives.nseindia.com/365d/MOQUALITY-EQ.svg,EQ
QNIFTY,Nifty 50,249.65,249.66,244.8,245.4,-4.09,-1.64,3012,741674.88,249.056,291.19,243.2,13-FEB-26,FACE VALUE SPLIT (SUB-DIVISION) - FROM RS 10/- PER UNIT TO RE 1/- PER UNIT,-91.07282522890891,-6.400183080326493,249.49,0,-90.92,-4.84,07-Oct-2025,07-Sep-2026,FACE VALUE SPLIT (SUB-DIVISION) - FROM RS 10/- PER UNIT TO RE 1/- PER UNIT,-6.400183080326493,13-FEB-26,-91.07282522890891,15.725127923349014,-0.9046052631579018,https://nsearchives.nseindia.com/today/QNIFTYEQN.svg,https://nsearchives.nseindia.com/30d/QNIFTY-EQ.svg,https://nsearchives.nseindia.com/365d/QNIFTY-EQ.svg,EQ
GROWWPSE,Nifty PSE Index - TRI,94.98,94.98,90.84,92.5,-1.03,-1.10,7686,703730.16,93.1033,109.85,90.84,-,-,Infinity,-5.564063297600819,93.53,0,0,-4.51,,07-Sep-2026,-,-5.564063297600819,-,Infinity,15.79426490669094,-1.827388815499776,https://nsearchives.nseindia.com/today/GROWWPSEEQN.svg,https://nsearchives.nseindia.com/30d/GROWWPSE-EQ.svg,,EQ
MOOILGAS,Nifty Oil & Gas ETF Total Return Index,10.97,10.97,10.36,10.42,-0.56,-5.10,66431,691546.71,10.6378,12.15,10.36,-,-,Infinity,-6.294964028776972,10.98,0,0,-1.26,,07-Sep-2026,-,-6.294964028776972,-,Infinity,14.23868312757202,-0.579150579150584,https://nsearchives.nseindia.com/today/MOOILGASEQN.svg,https://nsearchives.nseindia.com/30d/MOOILGAS-EQ.svg,,EQ
SMALLGROWW,Nifty Smallcap 250 Momentum Quality 100 Index TRI,48.7,49.28,47.17,48.69,0.02,0.04,13591,648834.34,48.477,50.84,39.41,-,-,Infinity,-1.0767980495733465,48.67,0,0,-1.12,,07-Sep-2026,-,-1.0767980495733465,-,Infinity,4.22895357985839,-23.547323014463338,https://nsearchives.nseindia.com/today/SMALLGROWWEQN.svg,https://nsearchives.nseindia.com/30d/SMALLGROWW-EQ.svg,,EQ
GOLD360,Commodity-Gold,142.15,143.65,142.15,143.25,0.5,0.35,4170,596310,142.7807,178,111.15,-,-,20.4793944491169,-3.111261413594856,142.75,0,20.06,-3.45,07-Oct-2025,07-Sep-2026,-,-3.111261413594856,-,20.4793944491169,19.52247191011236,-28.879892037786767,https://nsearchives.nseindia.com/today/GOLD360EQN.svg,https://nsearchives.nseindia.com/30d/GOLD360-EQ.svg,https://nsearchives.nseindia.com/365d/GOLD360-EQ.svg,EQ
VALUE,Nifty 500 Value 50,15.05,15.21,14.81,14.82,-0.32,-2.11,39577,589697.3,15.1326,19.69,14.81,-,-,Infinity,-7.6059850374064775,15.14,0,0,-5.61,,07-Sep-2026,-,-7.6059850374064775,-,Infinity,24.733367191467753,-0.06752194463200396,https://nsearchives.nseindia.com/today/VALUEEQN.svg,https://nsearchives.nseindia.com/30d/VALUE-EQ.svg,,EQ
ESG,NIFTY100 ESG SECTOR LEADERS,38.73,38.73,38,38.07,-0.66,-1.70,13912,532134,38.6858,45.06,37.52,-,-,-11.134453781512612,-6.782566111655248,38.73,0,-9.59,-5.17,07-Oct-2025,07-Sep-2026,-,-6.782566111655248,-,-11.134453781512612,15.512649800266315,-1.4658848614072417,https://nsearchives.nseindia.com/today/ESGEQN.svg,https://nsearchives.nseindia.com/30d/ESG-EQ.svg,https://nsearchives.nseindia.com/365d/ESG-EQ.svg,EQ
MOGSEC,Nifty 5 yr Benchmark G-Sec Index,64.87,64.95,64.3,64.77,-0.1,-0.15,8198,531148.42,64.6841,67.45,60.83,-,-,3.5822805053574203,-0.6595092024539981,64.87,0,3.74,-0.51,07-Oct-2025,07-Sep-2026,-,-0.6595092024539981,-,3.5822805053574203,3.9733135656041614,-6.477067236560904,https://nsearchives.nseindia.com/today/MOGSECEQN.svg,https://nsearchives.nseindia.com/30d/MOGSEC-EQ.svg,https://nsearchives.nseindia.com/365d/MOGSEC-EQ.svg,EQ
LICNETFN50,Nifty 50,247.65,254.52,247.65,251.5,-2.5,-0.98,2083,523916.16,253.8826,295,247.65,-,-,-10.12400385948611,-5.486659150695235,254,0,-9.23,-4.55,07-Oct-2025,07-Sep-2026,-,-5.486659150695235,-,-10.12400385948611,14.745762711864407,-1.5546133656369854,https://nsearchives.nseindia.com/today/LICNETFN50EQN.svg,https://nsearchives.nseindia.com/30d/LICNETFN50-EQ.svg,https://nsearchives.nseindia.com/365d/LICNETFN50-EQ.svg,EQ
MIDQ50ADD,Nifty Midcap 150 Quality 50 Index,23.74,23.75,23.2,23.32,-0.42,-1.77,21565,505052.3,23.7063,26.01,21,03-JUL-26,FACE VALUE SPLIT (SUB-DIVISION) - FROM RS 10/- PER UNIT TO RE 1/- PER UNIT,-90.64505776636713,-6.4205457463884485,23.74,0,-90.48,-4.74,07-Oct-2025,07-Sep-2026,FACE VALUE SPLIT (SUB-DIVISION) - FROM RS 10/- PER UNIT TO RE 1/- PER UNIT,-6.4205457463884485,03-JUL-26,-90.64505776636713,10.342176086120727,-11.04761904761905,https://nsearchives.nseindia.com/today/MIDQ50ADDEQN.svg,https://nsearchives.nseindia.com/30d/MIDQ50ADD-EQ.svg,https://nsearchives.nseindia.com/365d/MIDQ50ADD-EQ.svg,EQ
GROWWPSUBK,Nifty PSU Bank Index - TRI,81.37,82.38,80.4,81.8,0.38,0.47,6156,499313.16,81.1058,91.19,77.57,-,-,Infinity,-3.3896303295145915,81.42,0,0,-3.84,,07-Sep-2026,-,-3.3896303295145915,-,Infinity,10.297181708520672,-5.453139100167596,https://nsearchives.nseindia.com/today/GROWWPSUBKEQN.svg,https://nsearchives.nseindia.com/30d/GROWWPSUBK-EQ.svg,,EQ
QUALITY30,Nifty200 Quality 30 Index,19.17,19.28,18.88,18.99,-0.25,-1.30,25610,486590,19.207,23.18,18.09,-,-,-8.920863309352532,-7.320644216691069,19.24,0,-7.72,-6.1,07-Oct-2025,07-Sep-2026,-,-7.320644216691069,-,-8.920863309352532,18.075927523727355,-4.975124378109445,https://nsearchives.nseindia.com/today/QUALITY30EQN.svg,https://nsearchives.nseindia.com/30d/QUALITY30-EQ.svg,https://nsearchives.nseindia.com/365d/QUALITY30-EQ.svg,EQ
SBINMID150,Nifty Midcap 150 Index,21.93,21.93,21.4,21.49,-0.44,-2.01,22090,477144,21.8944,24.06,19.81,-,-,Infinity,-7.170626349892009,21.93,0,0,-5.27,,07-Sep-2026,-,-7.170626349892009,-,Infinity,10.681629260182877,-8.480565371024735,https://nsearchives.nseindia.com/today/SBINMID150EQN.svg,https://nsearchives.nseindia.com/30d/SBINMID150-EQ.svg,,EQ
SNXT50BETA,BSE Sensex Next 50,89,90,86.81,87.93,-1.7,-1.90,5147,453296.29,89.443,99,77.11,17-FEB-21, FACE VALUE SPLIT (SUB-DIVISION) - FROM RS 10/- PER UNIT TO RE 1/- PER UNIT,Infinity,-6.487291290013819,89.63,0,0,-4.68,,07-Sep-2026, FACE VALUE SPLIT (SUB-DIVISION) - FROM RS 10/- PER UNIT TO RE 1/- PER UNIT,-6.487291290013819,17-FEB-21,Infinity,11.181818181818175,-14.031902476980946,https://nsearchives.nseindia.com/today/SNXT50BETAEQN.svg,https://nsearchives.nseindia.com/30d/SNXT50BETA-EQ.svg,,EQ
SNXT30BEES,BSE Sensex Next 30 Index,39.8,39.8,38.77,39.04,-0.79,-1.98,11174,437238.62,39.741,44.56,36.83,-,-,-0.40816326530613184,-7.837582625118036,39.83,0,1.61,-5.97,07-Oct-2025,07-Sep-2026,-,-7.837582625118036,-,-0.40816326530613184,12.38779174147218,-6.000543035568833,https://nsearchives.nseindia.com/today/SNXT30BEESEQN.svg,https://nsearchives.nseindia.com/30d/SNXT30BEES-EQ.svg,https://nsearchives.nseindia.com/365d/SNXT30BEES-EQ.svg,EQ
DIVIDEND,BSE 500 Dividend Leaders,33.54,33.54,32.8,32.9,-0.64,-1.91,12972,429632.64,33.501,38.03,32.8,-,-,Infinity,-6.851642129105327,33.54,0,0,-5.04,,07-Sep-2026,-,-6.851642129105327,-,Infinity,13.489350512753095,-0.3048780487804922,https://nsearchives.nseindia.com/today/DIVIDENDEQN.svg,https://nsearchives.nseindia.com/30d/DIVIDEND-EQ.svg,,EQ
LICNMID100,LIC MF Nifty Midcap 100 ETF,59.6,59.89,57.87,59.46,-0.12,-0.20,7238,425015.36,59.6153,66.4,52.3,-,-,2.270381836945305,-6.096020214782058,59.58,0,2.48,-5.91,07-Oct-2025,07-Sep-2026,-,-6.096020214782058,-,2.270381836945305,10.45180722891567,-13.690248565965591,https://nsearchives.nseindia.com/today/LICNMID100EQN.svg,https://nsearchives.nseindia.com/30d/LICNMID100-EQ.svg,https://nsearchives.nseindia.com/365d/LICNMID100-EQ.svg,EQ
LARGEMID50,BSE LargeMid (60:40) Stable Dividend 50 TRI (Total Return Index),34.24,34.24,33.76,33.76,-0.61,-1.77,12567,424764.6,34.3639,38,33.74,-,-,Infinity,-6.611341632088522,34.37,0,0,-4.92,,07-Sep-2026,-,-6.611341632088522,-,Infinity,11.157894736842112,-0.05927682276228814,https://nsearchives.nseindia.com/today/LARGEMID50EQN.svg,https://nsearchives.nseindia.com/30d/LARGEMID50-EQ.svg,,EQ
SILVER001,Commodity - Silver,22.13,22.13,21.77,21.84,-0.19,-0.86,19115,418618.5,22.0931,28,21.61,-,-,Infinity,-6.466809421841549,22.03,0,0,-5.65,,07-Sep-2026,-,-6.466809421841549,-,Infinity,22,-1.0643220731143008,https://nsearchives.nseindia.com/today/SILVER001EQN.svg,https://nsearchives.nseindia.com/30d/SILVER001-EQ.svg,,EQ
IVZSENSEX,BSE Sensex TRI,72.87,73.74,71.55,71.55,-3.19,-4.27,5775,416319.75,72.6853,79.9,71.55,-,-,Infinity,-6.200839014158369,74.74,0,0,-2.02,,07-Sep-2026,-,-6.200839014158369,-,Infinity,10.450563204005016,0,https://nsearchives.nseindia.com/today/IVZSENSEXEQN.svg,https://nsearchives.nseindia.com/30d/IVZSENSEX-EQ.svg,,EQ
ENERGYAXIS,Nifty Energy,18.58,18.97,17.86,18.49,0.09,0.49,23060,414157.6,18.3842,19.99,17.86,-,-,Infinity,-2.8376248029427362,18.4,0,0,-3.31,,07-Sep-2026,-,-2.8376248029427362,-,Infinity,7.5037518759379696,-3.527435610302346,https://nsearchives.nseindia.com/today/ENERGYAXISEQN.svg,https://nsearchives.nseindia.com/30d/ENERGYAXIS-EQ.svg,,EQ
MIDCAPBETA,UTI Nifty Midcap 150 Exchange Traded Fund (ETF),219.66,222.39,215.35,222.24,-1.26,-0.56,1902,413418.72,220.8535,240,192.5,-,-,Infinity,-4.814116840842892,223.5,0,0,-4.27,,07-Sep-2026,-,-4.814116840842892,-,Infinity,7.399999999999996,-15.449350649350654,https://nsearchives.nseindia.com/today/MIDCAPBETAEQN.svg,https://nsearchives.nseindia.com/30d/MIDCAPBETA-EQ.svg,,EQ
SENSEXADD,DSP S&P BSE Sensex ETF,76.07,76.07,73.89,74.19,-0.93,-1.24,5535,410088.15,75.0026,88.2,73.27,-,-,-11.181611397102841,-5.5385790679908435,75.12,0,-10.07,-4.35,07-Oct-2025,07-Sep-2026,-,-5.5385790679908435,-,-11.181611397102841,15.884353741496604,-1.2556298621536806,https://nsearchives.nseindia.com/today/SENSEXADDEQN.svg,https://nsearchives.nseindia.com/30d/SENSEXADD-EQ.svg,https://nsearchives.nseindia.com/365d/SENSEXADD-EQ.svg,EQ
GROWWMC150,Nifty Midcap 150 Index - TRI,222.52,222.52,214.5,219.89,-0.43,-0.20,1891,407207.94,218.7727,245,193.6,-,-,Infinity,-4.4372012168622375,220.32,0,0,-4.25,,07-Sep-2026,-,-4.4372012168622375,-,Infinity,10.24897959183674,-13.57954545454545,https://nsearchives.nseindia.com/today/GROWWMC150EQN.svg,https://nsearchives.nseindia.com/30d/GROWWMC150-EQ.svg,,EQ
MOPSE,Nifty PSE Total Return Index,93.98,93.98,91.9,92,-3.53,-3.70,4286,396883.6,94.257,114.7,91.9,-,-,-8.06435495153392,-7.117617364967186,95.53,0,-4.54,-3.55,07-Oct-2025,07-Sep-2026,-,-7.117617364967186,-,-8.06435495153392,19.790758500435924,-0.10881392818280121,https://nsearchives.nseindia.com/today/MOPSEEQN.svg,https://nsearchives.nseindia.com/30d/MOPSE-EQ.svg,https://nsearchives.nseindia.com/365d/MOPSE-EQ.svg,EQ
GSEC10IETF,ICICI Prudential Nifty 10 yr Benchmark G-Sec ETF,261.68,261.68,258.58,258.58,-0.61,-0.24,1510,391120.2,260.1287,269.59,252.23,-,-,0.4545277961229008,-1.2751985339034941,259.19,0,0.69,-1.04,07-Oct-2025,07-Sep-2026,-,-1.2751985339034941,-,0.4545277961229008,4.083979376089615,-2.517543511874081,https://nsearchives.nseindia.com/today/GSEC10IETFEQN.svg,https://nsearchives.nseindia.com/30d/GSEC10IETF-EQ.svg,https://nsearchives.nseindia.com/365d/GSEC10IETF-EQ.svg,EQ
EMETAL,Nifty Metal Total Return Index,12.48,12.97,11.73,11.73,-0.69,-5.56,32213,386233.87,12.3306,15.21,11.73,-,-,Infinity,-10.933940774487468,12.42,0,0,-5.69,,07-Sep-2026,-,-10.933940774487468,-,Infinity,22.87968441814596,0,https://nsearchives.nseindia.com/today/EMETALEQN.svg,https://nsearchives.nseindia.com/30d/EMETAL-EQ.svg,,EQ
MON50EQUAL,Nifty 50 Equal Weight Total Return Index,31.15,31.45,30.54,30.66,-0.49,-1.57,12371,379542.28,31.1016,36,29.43,-,-,-5.282669138090816,-7.315598548972184,31.15,0,-3.77,-5.83,07-Oct-2025,07-Sep-2026,-,-7.315598548972184,-,-5.282669138090816,14.833333333333334,-4.179408766564731,https://nsearchives.nseindia.com/today/MON50EQUALEQN.svg,https://nsearchives.nseindia.com/30d/MON50EQUAL-EQ.svg,https://nsearchives.nseindia.com/365d/MON50EQUAL-EQ.svg,EQ
AONETMMQ50,Nifty Total Market Momentum Quality 50 TRI,10.04,10.04,9.76,9.83,-0.17,-1.70,37707,371413.95,9.988,10.87,8,-,-,Infinity,-4.655674102812807,10,0,0,-3.01,,07-Sep-2026,-,-4.655674102812807,-,Infinity,9.56761729530818,-22.875,https://nsearchives.nseindia.com/today/AONETMMQ50EQN.svg,https://nsearchives.nseindia.com/30d/AONETMMQ50-EQ.svg,,EQ
TECH,Nifty IT TRI Index,30.89,31.08,30.31,30.46,-0.02,-0.07,11988,368271.36,30.4062,49.41,28,-,-,-17.675675675675674,-7.077486272117145,30.48,0,-17.62,-7.02,07-Oct-2025,07-Sep-2026,-,-7.077486272117145,-,-17.675675675675674,38.3525602104837,-8.785714285714288,https://nsearchives.nseindia.com/today/TECHEQN.svg,https://nsearchives.nseindia.com/30d/TECH-EQ.svg,https://nsearchives.nseindia.com/365d/TECH-EQ.svg,EQ
MOALPHA50,Nifty Alpha 50 Total Return Index,54.91,55.73,53.36,53.57,-1.34,-2.44,6757,365013.14,54.8567,62,42.1,-,-,6.184340931615456,-4.662751379248973,54.91,0,8.84,-2.28,07-Oct-2025,07-Sep-2026,-,-4.662751379248973,-,6.184340931615456,13.596774193548388,-27.244655581947743,https://nsearchives.nseindia.com/today/MOALPHA50EQN.svg,https://nsearchives.nseindia.com/30d/MOALPHA50-EQ.svg,https://nsearchives.nseindia.com/365d/MOALPHA50-EQ.svg,EQ
FMCGADD,Nifty FMCG Index (TRI),44.9,45.16,44.01,44.31,-0.69,-1.53,8144,361186.4,44.9904,51.09,43.75,-,-,Infinity,-3.5271064663618494,45,0,0,-2.02,,07-Sep-2026,-,-3.5271064663618494,-,Infinity,13.270698766881974,-1.2800000000000051,https://nsearchives.nseindia.com/today/FMCGADDEQN.svg,https://nsearchives.nseindia.com/30d/FMCGADD-EQ.svg,,EQ
NEXT50ADD,Nifty Next 50 TRI,69.71,69.74,68.22,68.51,-1.47,-2.10,5246,360347.74,69.873,81,56.25,-,-,Infinity,-6.202081051478643,69.98,0,0,-4.19,,07-Sep-2026,-,-6.202081051478643,-,Infinity,15.419753086419748,-21.795555555555563,https://nsearchives.nseindia.com/today/NEXT50ADDEQN.svg,https://nsearchives.nseindia.com/30d/NEXT50ADD-EQ.svg,,EQ
IVZINNIFTY,Nifty 50,255.05,260,255.05,256.6,-4.99,-1.91,1342,344410.88,259.5687,315,251.1,31-JUL-26,FACE VALUE SPLIT (SUB-DIVISION) - FROM RS 10/- PER SHARE TO RE 1/- PER SHARE,-90.99342583265182,-6.007326007325999,261.59,0,-90.82,-4.18,07-Oct-2025,07-Sep-2026,FACE VALUE SPLIT (SUB-DIVISION) - FROM RS 10/- PER SHARE TO RE 1/- PER SHARE,-6.007326007325999,31-JUL-26,-90.99342583265182,18.539682539682534,-2.19036240541618,https://nsearchives.nseindia.com/today/IVZINNIFTYEQN.svg,https://nsearchives.nseindia.com/30d/IVZINNIFTY-EQ.svg,https://nsearchives.nseindia.com/365d/IVZINNIFTY-EQ.svg,EQ
TOP20,Nifty Top 20 Equal Weight,8.35,8.36,8.22,8.25,-0.1,-1.20,40472,334703.44,8.3516,9.99,8,-,-,Infinity,-6.568516421291054,8.35,0,0,-5.44,,07-Sep-2026,-,-6.568516421291054,-,Infinity,17.41741741741742,-3.125,https://nsearchives.nseindia.com/today/TOP20EQN.svg,https://nsearchives.nseindia.com/30d/TOP20-EQ.svg,,EQ
SENSEXAXIS,AXIS S&P BSE SENSEX ETF,75.69,75.69,74.25,74.99,-0.33,-0.44,4136,309372.8,75.4514,91.35,73.43,-,-,Infinity,-5.06393214330928,75.32,0,0,-4.65,,07-Sep-2026,-,-5.06393214330928,-,Infinity,17.90914066776136,-2.124472286531374,https://nsearchives.nseindia.com/today/SENSEXAXISEQN.svg,https://nsearchives.nseindia.com/30d/SENSEXAXIS-EQ.svg,,EQ
SBIETFQLTY,Nifty 200 Quality 30 Index,206.14,212.48,202.5,203.57,-2.73,-1.32,1374,280570.8,205.9518,247.28,194,-,-,-9.112420751852842,-7.223589463130068,206.3,0,-7.89,-5.98,07-Oct-2025,07-Sep-2026,-,-7.223589463130068,-,-9.112420751852842,17.676318343578135,-4.932989690721646,https://nsearchives.nseindia.com/today/SBIETFQLTYEQN.svg,https://nsearchives.nseindia.com/30d/SBIETFQLTY-EQ.svg,https://nsearchives.nseindia.com/365d/SBIETFQLTY-EQ.svg,EQ
SECLEDBETA,BSE India Sector Leaders,13.89,14.28,13.6,14.28,0.39,2.81,19813,271834.36,13.8605,15.5,13.6,-,-,Infinity,Infinity,13.89,0,0,0,,,-,Infinity,-,Infinity,7.8709677419354875,-4.999999999999998,https://nsearchives.nseindia.com/today/SECLEDBETAEQN.svg,,,EQ
SBIETFCON,Nifty India Consumption Index,114.55,114.55,110.74,111.6,-1.82,-1.60,2187,244965.87,113.4566,133.97,100,-,-,-11.096948936509206,-6.4935064935064934,113.42,0,-9.65,-4.97,07-Oct-2025,07-Sep-2026,-,-6.4935064935064934,-,-11.096948936509206,16.69776815705009,-11.599999999999996,https://nsearchives.nseindia.com/today/SBIETFCONEQN.svg,https://nsearchives.nseindia.com/30d/SBIETFCON-EQ.svg,https://nsearchives.nseindia.com/365d/SBIETFCON-EQ.svg,EQ
IDFNIFTYET,Nifty 50,249.45,250,245.25,250,-0.44,-0.18,945,234208.8,250.0686,340.8,244.13,-,-,-9.423571609724283,-4.736501162214688,250.44,0,-9.26,-4.57,07-Oct-2025,07-Sep-2026,-,-4.736501162214688,-,-9.423571609724283,26.643192488262915,-2.4044566419530597,https://nsearchives.nseindia.com/today/IDFNIFTYETEQN.svg,https://nsearchives.nseindia.com/30d/IDFNIFTYET-EQ.svg,https://nsearchives.nseindia.com/365d/IDFNIFTYET-EQ.svg,EQ
MOMGF,Nifty India Manufacturing Total Return Index,151.92,151.92,148.35,149.06,-3.79,-2.48,1519,226908.22,152.1208,171.26,137.9,-,-,-0.08043973723019476,-7.908068701346849,152.85,0,2.46,-5.57,07-Oct-2025,07-Sep-2026,-,-7.908068701346849,-,-0.08043973723019476,12.962746700922569,-8.092820884699053,https://nsearchives.nseindia.com/today/MOMGFEQN.svg,https://nsearchives.nseindia.com/30d/MOMGF-EQ.svg,https://nsearchives.nseindia.com/365d/MOMGF-EQ.svg,EQ
MOIPO,BSE Select IPO Total Return Index,46.8,46.8,45.19,45.34,-1.37,-2.93,4879,221750.55,46.6029,53,36.5,-,-,Infinity,-6.822852445540471,46.71,0,0,-4.01,,07-Sep-2026,-,-6.822852445540471,-,Infinity,14.452830188679238,-24.21917808219179,https://nsearchives.nseindia.com/today/MOIPOEQN.svg,https://nsearchives.nseindia.com/30d/MOIPO-EQ.svg,,EQ
MIDCAPADD,Nifty Midcap 150 Index,21.83,22.09,21.34,21.48,-0.35,-1.60,10311,221170.95,21.8724,25.5,19.27,-,-,Infinity,-7.093425605536335,21.83,0,0,-5.58,,07-Sep-2026,-,-7.093425605536335,-,Infinity,15.764705882352938,-11.468604047742609,https://nsearchives.nseindia.com/today/MIDCAPADDEQN.svg,https://nsearchives.nseindia.com/30d/MIDCAPADD-EQ.svg,,EQ
INSURADD,BSE Insurance Index,14.57,16.07,14.45,15.19,0.58,3.97,14897,216900.32,,16.07,14.45,-,-,Infinity,Infinity,14.61,0,0,0,,,-,Infinity,-,Infinity,5.476042314872438,-5.121107266435988,https://nsearchives.nseindia.com/today/INSURADDEQN.svg,,,EQ
GOLDBND,Commodity - Gold,146.43,147.07,145.9,146.6,0.2,0.14,1448,212175.44,146.1049,180.16,115.17,-,-,Infinity,-3.4255599472990887,146.4,0,0,-3.56,,07-Sep-2026,-,-3.4255599472990887,-,Infinity,18.627886323268207,-27.290092906138742,https://nsearchives.nseindia.com/today/GOLDBNDEQN.svg,https://nsearchives.nseindia.com/30d/GOLDBND-EQ.svg,,EQ
NEXT30ADD,BSE SENSEX Next 30 Index,39.78,39.81,39,39.81,-0.15,-0.38,5271,206570.49,39.8515,46.7,36.98,-,-,1.1689961880559105,-6.307366439162156,39.96,0,1.55,-5.95,07-Oct-2025,07-Sep-2026,-,-6.307366439162156,-,1.1689961880559105,14.75374732334047,-7.6527852893456085,https://nsearchives.nseindia.com/today/NEXT30ADDEQN.svg,https://nsearchives.nseindia.com/30d/NEXT30ADD-EQ.svg,https://nsearchives.nseindia.com/365d/NEXT30ADD-EQ.svg,EQ
HSBCGOLD,Commodity,129,129.8,127.1,127.13,-0.43,-0.34,1602,204126.84,127.258,146.4,119.1,-,-,Infinity,-3.7695859511013685,127.56,0,0,-3.44,,07-Sep-2026,-,-3.7695859511013685,-,Infinity,13.162568306010934,-6.742233417296391,https://nsearchives.nseindia.com/today/HSBCGOLDEQN.svg,https://nsearchives.nseindia.com/30d/HSBCGOLD-EQ.svg,,EQ
CONSUMAXIS,NIFTY India Consumption Index,112.5,112.71,111,111.01,-2.23,-1.97,1771,197962.38,113.1426,131.85,105.63,-,-,Infinity,-6.76912740404803,113.24,0,0,-4.9,,07-Sep-2026,-,-6.76912740404803,-,Infinity,15.80583996966249,-5.093250023667528,https://nsearchives.nseindia.com/today/CONSUMAXISEQN.svg,https://nsearchives.nseindia.com/30d/CONSUMAXIS-EQ.svg,,EQ
BSLSENETFG,BSE SENSEX Index,73.49,73.51,72.02,72.39,-0.76,-1.04,2648,192324.24,73.3198,87.82,70.32,25-NOV-21, FACE VALUE SPLIT (SUB-DIVISION) - FROM RS 10/- PER SHARE TO RE 1- PER SHARE,-11.492847536373645,-8.041158536585364,73.15,0,-10.56,-7.08,07-Oct-2025,07-Sep-2026, FACE VALUE SPLIT (SUB-DIVISION) - FROM RS 10/- PER SHARE TO RE 1- PER SHARE,-8.041158536585364,25-NOV-21,-11.492847536373645,17.57002960601229,-2.943686006825949,https://nsearchives.nseindia.com/today/BSLSENETFGEQN.svg,https://nsearchives.nseindia.com/30d/BSLSENETFG-EQ.svg,https://nsearchives.nseindia.com/365d/BSLSENETFG-EQ.svg,EQ
CONS,Kotak Nifty India Consumption ETF,11.34,11.34,11.08,11.13,-0.16,-1.42,15766,175633.24,11.3141,13.12,10.2,27-FEB-26,FACE VALUE SPLIT (SUB-DIVISION) - FROM RS 10/- PER SHARE TO RE 1/- PER SHARE,-91.11377245508982,-6.705783738474425,11.29,0,-90.99,-5.36,07-Oct-2025,07-Sep-2026,FACE VALUE SPLIT (SUB-DIVISION) - FROM RS 10/- PER SHARE TO RE 1/- PER SHARE,-6.705783738474425,27-FEB-26,-91.11377245508982,15.167682926829256,-9.117647058823543,https://nsearchives.nseindia.com/today/CONSEQN.svg,https://nsearchives.nseindia.com/30d/CONS-EQ.svg,https://nsearchives.nseindia.com/365d/CONS-EQ.svg,EQ
GROWWLOVOL,Nifty 500 Low Volatility 50 Index   TRI,9.96,9.96,9.58,9.67,-0.09,-0.92,16364,157748.96,9.726,11.1,9.39,-,-,-6.929740134744952,-5.933852140077816,9.76,0,-6.06,-5.06,07-Oct-2025,07-Sep-2026,-,-5.933852140077816,-,-6.929740134744952,12.88288288288288,-2.9818956336528153,https://nsearchives.nseindia.com/today/GROWWLOVOLEQN.svg,https://nsearchives.nseindia.com/30d/GROWWLOVOL-EQ.svg,https://nsearchives.nseindia.com/365d/GROWWLOVOL-EQ.svg,EQ
LICNFNHGP,Nifty 100,260.56,268,250.09,251.02,-9.54,-3.66,587,150606.59,260.0093,296.41,248.02,-,-,-10.36600607034458,-7.290589451913127,260.56,0,-6.96,-3.77,07-Oct-2025,07-Sep-2026,-,-7.290589451913127,-,-10.36600607034458,15.313248540872445,-1.2095798725909201,https://nsearchives.nseindia.com/today/LICNFNHGPEQN.svg,https://nsearchives.nseindia.com/30d/LICNFNHGP-EQ.svg,https://nsearchives.nseindia.com/365d/LICNFNHGP-EQ.svg,EQ
MOSERVICE,Nifty Services Sector Total Return Index,29.46,29.84,28.66,28.88,-0.37,-1.26,4903,142088.94,29.2001,35.37,28.3,-,-,Infinity,-5.774877650897225,29.25,0,0,-4.57,,07-Sep-2026,-,-5.774877650897225,-,Infinity,18.348883234379414,-2.049469964664305,https://nsearchives.nseindia.com/today/MOSERVICEEQN.svg,https://nsearchives.nseindia.com/30d/MOSERVICE-EQ.svg,,EQ
NPBET,Nifty Private Bank Index,281.53,281.53,279.11,279.11,-2.42,-0.86,494,138290.36,281.519,307,246.26,-,-,-1.8255364052057677,-2.8642026867125923,281.53,0,-0.97,-2.02,07-Oct-2025,07-Sep-2026,-,-2.8642026867125923,-,-1.8255364052057677,9.084690553745924,-13.339559814829864,https://nsearchives.nseindia.com/today/NPBETEQN.svg,https://nsearchives.nseindia.com/30d/NPBET-EQ.svg,https://nsearchives.nseindia.com/365d/NPBET-EQ.svg,EQ
BBNPPGOLD,Baroda BNP Paribas Gold ETF,142.3,142.6,141.4,142,0.4,0.28,937,133035.26,141.5532,184.05,110.25,-,-,21.62740899357602,-3.1377899045020428,141.6,0,21.28,-3.41,07-Oct-2025,07-Sep-2026,-,-3.1377899045020428,-,21.62740899357602,22.847052431404514,-28.798185941043084,https://nsearchives.nseindia.com/today/BBNPPGOLDEQN.svg,https://nsearchives.nseindia.com/30d/BBNPPGOLD-EQ.svg,https://nsearchives.nseindia.com/365d/BBNPPGOLD-EQ.svg,EQ
NIF500BETA,Nifty 500,34.91,36.27,34.55,34.55,-0.81,-2.29,3621,126916.05,35.494,38.9,34.53,-,-,Infinity,-7.223415682062311,35.36,0,0,-5.05,,07-Sep-2026,-,-7.223415682062311,-,Infinity,11.182519280205659,-0.05792064871125404,https://nsearchives.nseindia.com/today/NIF500BETAEQN.svg,https://nsearchives.nseindia.com/30d/NIF500BETA-EQ.svg,,EQ
GSEC10YEAR,Mirae Asset Nifty 8-13 yr G-Sec ETF,30.23,30.23,29.85,30.11,-0.27,-0.89,4209,126185.82,30.0025,32.76,28.39,-,-,2.5894378194207768,-0.7907742998352618,30.38,0,3.51,0.1,07-Oct-2025,07-Sep-2026,-,-0.7907742998352618,-,2.5894378194207768,8.089133089133087,-6.058471292708696,https://nsearchives.nseindia.com/today/GSEC10YEAREQN.svg,https://nsearchives.nseindia.com/30d/GSEC10YEAR-EQ.svg,https://nsearchives.nseindia.com/365d/GSEC10YEAR-EQ.svg,EQ
ABSL10BANK,BSE Top 10 Banks Index,162.72,162.82,160.69,160.69,-2.92,-1.78,779,126018.83,163.247,214.42,150,-,-,Infinity,-2.9766936360342995,163.61,0,0,-1.21,,07-Sep-2026,-,-2.9766936360342995,-,Infinity,25.058296800671577,-7.126666666666665,https://nsearchives.nseindia.com/today/ABSL10BANKEQN.svg,https://nsearchives.nseindia.com/30d/ABSL10BANK-EQ.svg,,EQ
ESENSEX,BSE Sensex TRI,73.17,73.17,72.09,72.14,-1.03,-1.41,1698,123105,73.1884,88.05,71.87,-,-,Infinity,-6.0310016933698005,73.17,0,0,-4.69,,07-Sep-2026,-,-6.0310016933698005,-,Infinity,18.06927881885292,-0.37567830805620706,https://nsearchives.nseindia.com/today/ESENSEXEQN.svg,https://nsearchives.nseindia.com/30d/ESENSEX-EQ.svg,,EQ
BBNPNBETF,Baroda BNP Paribas NIFTY Bank ETF,54.35,55.71,54.35,55.1,-0.36,-0.65,2025,111719.25,55.5623,62.77,50.03,-,-,-2.8903771589707445,-4.63828314295604,55.46,0,-2.26,-4.02,07-Oct-2025,07-Sep-2026,-,-4.63828314295604,-,-2.8903771589707445,12.21921299984069,-10.133919648211073,https://nsearchives.nseindia.com/today/BBNPNBETFEQN.svg,https://nsearchives.nseindia.com/30d/BBNPNBETF-EQ.svg,https://nsearchives.nseindia.com/365d/BBNPNBETF-EQ.svg,EQ
LOWVOL,Mirae Asset Nifty 100 Low Volatility 30 ETF,191.56,191.62,188.55,189.02,-3.5,-1.82,570,108146.1,192.1836,219.1,183.58,-,-,-8.619772782209322,-7.270408163265302,192.52,0,-6.93,-5.55,07-Oct-2025,07-Sep-2026,-,-7.270408163265302,-,-8.619772782209322,13.728890917389313,-2.96328576097614,https://nsearchives.nseindia.com/today/LOWVOLEQN.svg,https://nsearchives.nseindia.com/30d/LOWVOL-EQ.svg,https://nsearchives.nseindia.com/365d/LOWVOL-EQ.svg,EQ
ENIFTY,Nifty 50 TRI,22.27,22.8,22.27,22.53,-0.32,-1.40,4624,104548.64,22.8481,27.99,22.18,-,-,Infinity,-6.164098292378178,22.85,0,0,-4.83,,07-Sep-2026,-,-6.164098292378178,-,Infinity,19.506966773847797,-1.5779981965734962,https://nsearchives.nseindia.com/today/ENIFTYEQN.svg,https://nsearchives.nseindia.com/30d/ENIFTY-EQ.svg,,EQ
HDFCLOWVOL,HDFC NIFTY100 Low Volatility 30 ETF,19.13,19.23,18.85,19,-0.2,-1.04,4740,89917.8,19.2004,22.28,18.35,20-OCT-23,FACE VALUE SPLIT (SUB-DIVISION) - FROM RS 126.18/- PER SHARE TO RS 12.618/- PER SHARE,-8.0793420416062,-6.633906633906641,19.2,0,-7.11,-5.65,07-Oct-2025,07-Sep-2026,FACE VALUE SPLIT (SUB-DIVISION) - FROM RS 126.18/- PER SHARE TO RS 12.618/- PER SHARE,-6.633906633906641,20-OCT-23,-8.0793420416062,14.721723518850991,-3.54223433242506,https://nsearchives.nseindia.com/today/HDFCLOWVOLEQN.svg,https://nsearchives.nseindia.com/30d/HDFCLOWVOL-EQ.svg,https://nsearchives.nseindia.com/365d/HDFCLOWVOL-EQ.svg,EQ
GILT5BETA,UTI Nifty 5 yr Benchmark G-Sec ETF,66.38,66.38,65.45,66.34,0.09,0.14,1092,72148.44,65.7202,69,62.7,-,-,Infinity,-0.8963250672243716,66.25,0,0,-1.03,,07-Sep-2026,-,-0.8963250672243716,-,Infinity,3.855072463768111,-5.805422647527911,https://nsearchives.nseindia.com/today/GILT5BETAEQN.svg,https://nsearchives.nseindia.com/30d/GILT5BETA-EQ.svg,,EQ
MOBANK10,BSE Top 10 Banks Total Return Index,16.31,16.31,16.11,16.15,-0.1,-0.62,4357,70757.68,16.3376,20,15.75,-,-,Infinity,-3.7544696066746277,16.25,0,0,-3.16,,07-Sep-2026,-,-3.7544696066746277,-,Infinity,19.250000000000007,-2.5396825396825307,https://nsearchives.nseindia.com/today/MOBANK10EQN.svg,https://nsearchives.nseindia.com/30d/MOBANK10-EQ.svg,,EQ
GSEC5IETF,Nifty 5 yr Benchmark G-Sec Index,65.99,65.99,65.45,65.82,0.13,0.20,837,55007.64,65.7005,69.14,63.16,-,-,3.817034700315449,-1.0225563909774538,65.69,0,3.61,-1.22,07-Oct-2025,07-Sep-2026,-,-1.0225563909774538,-,3.817034700315449,4.8018513161701,-4.211526282457246,https://nsearchives.nseindia.com/today/GSEC5IETFEQN.svg,https://nsearchives.nseindia.com/30d/GSEC5IETF-EQ.svg,https://nsearchives.nseindia.com/365d/GSEC5IETF-EQ.svg,EQ
LICNETFSEN,SENSEX,817,849.7,791.33,791.33,-26.18,-3.20,68,54884.84,821.2058,974.02,791.33,-,-,-13.985869565217387,-7.772546094496626,817.51,0,-11.14,-4.72,07-Oct-2025,07-Sep-2026,-,-7.772546094496626,-,-13.985869565217387,18.756288371902006,0,https://nsearchives.nseindia.com/today/LICNETFSENEQN.svg,https://nsearchives.nseindia.com/30d/LICNETFSEN-EQ.svg,https://nsearchives.nseindia.com/365d/LICNETFSEN-EQ.svg,EQ
IVZBANKNF,Nifty Bank TRI,55.21,57.2,54.23,54.6,-0.61,-1.10,811,44596.89,55.0172,58.45,53.23,-,-,Infinity,-4.294478527607355,55.21,0,0,-3.23,,07-Sep-2026,-,-4.294478527607355,-,Infinity,6.586826347305391,-2.5737366146909726,https://nsearchives.nseindia.com/today/IVZBANKNFEQN.svg,https://nsearchives.nseindia.com/30d/IVZBANKNF-EQ.svg,,EQ
ABSLMSCIN,MSCI India Index,27.75,27.75,27.34,27.34,-0.55,-1.97,1338,36741.48,27.799,35.34,26.34,-,-,Infinity,-6.465959630516594,27.89,0,0,-4.58,,07-Sep-2026,-,-6.465959630516594,-,Infinity,22.637238256932662,-3.7965072133637054,https://nsearchives.nseindia.com/today/ABSLMSCINEQN.svg,https://nsearchives.nseindia.com/30d/ABSLMSCIN-EQ.svg,,EQ
ENEXT50,Nifty Next 50 Total Return Index,69.61,69.74,67.75,67.75,-1.86,-2.67,522,35579.52,69.3081,76,67.64,-,-,Infinity,-6.718986644637196,69.61,0,0,-4.16,,07-Sep-2026,-,-6.718986644637196,-,Infinity,10.855263157894736,-0.1626256652868117,https://nsearchives.nseindia.com/today/ENEXT50EQN.svg,https://nsearchives.nseindia.com/30d/ENEXT50-EQ.svg,,EQ
MOMNC,Nifty MNC ETF Total Return Index,30.5,30.5,29.48,29.59,-0.59,-1.95,1028,30613.84,30.1003,35.8,27.03,-,-,Infinity,-7.589006870705819,30.18,0,0,-5.75,,07-Sep-2026,-,-7.589006870705819,-,Infinity,17.346368715083795,-9.47095819459859,https://nsearchives.nseindia.com/today/MOMNCEQN.svg,https://nsearchives.nseindia.com/30d/MOMNC-EQ.svg,,EQ
MSCIADD,MSCI India Index,27.6,27.71,27.21,27.32,-0.56,-2.01,925,25474.5,27.8159,33.82,26.4,-,-,Infinity,-6.757679180887374,27.88,0,0,-4.85,,07-Sep-2026,-,-6.757679180887374,-,Infinity,19.2193968066233,-3.4848484848484915,https://nsearchives.nseindia.com/today/MSCIADDEQN.svg,https://nsearchives.nseindia.com/30d/MSCIADD-EQ.svg,,EQ
EBANKNIFTY,Edelweiss Nifty Bank ETF,55.65,55.65,55.23,55.3,-0.11,-0.20,453,25132.44,55.6013,69.39,50.05,-,-,-2.657982749515939,-4.292142609899626,55.41,0,-2.46,-4.1,07-Oct-2025,07-Sep-2026,-,-4.292142609899626,-,-2.657982749515939,20.305519527309418,-10.48951048951049,https://nsearchives.nseindia.com/today/EBANKNIFTYEQN.svg,https://nsearchives.nseindia.com/30d/EBANKNIFTY-EQ.svg,https://nsearchives.nseindia.com/365d/EBANKNIFTY-EQ.svg,EQ
PVTBANK,Nifty Private Bank,27.14,27.17,26.9,26.96,-0.23,-0.85,896,24174.08,27.188,29.65,26,-,-,Infinity,-3.265159669895946,27.19,0,0,-2.44,,07-Sep-2026,-,-3.265159669895946,-,Infinity,9.072512647554799,-3.6923076923076956,https://nsearchives.nseindia.com/today/PVTBANKEQN.svg,https://nsearchives.nseindia.com/30d/PVTBANK-EQ.svg,,EQ
MSCI360,MSCI India Index,9.51,9.53,9.33,9.37,-0.14,-1.47,2424,22737.12,9.5145,12.24,9.33,-,-,Infinity,-6.95134061569018,9.51,0,0,-5.56,,07-Sep-2026,-,-6.95134061569018,-,Infinity,23.44771241830066,-0.42872454448016234,https://nsearchives.nseindia.com/today/MSCI360EQN.svg,https://nsearchives.nseindia.com/30d/MSCI360-EQ.svg,,EQ
ITBETA,UTI Nifty IT ETF,297.15,298,290.86,290.86,-0.86,-0.29,73,21631.36,292.2501,409.94,270.68,-,-,Infinity,-8.028458498023712,291.72,0,0,-7.76,,07-Sep-2026,-,-8.028458498023712,-,Infinity,29.048153388300722,-7.455297768582831,https://nsearchives.nseindia.com/today/ITBETAEQN.svg,https://nsearchives.nseindia.com/30d/ITBETA-EQ.svg,,EQ
GILT10BETA,UTI Nifty 10 yr Benchmark G-Sec ETF,26.28,26.43,25.92,26.36,0.21,0.80,403,10558.6,26.1737,27.6,25.1,-,-,Infinity,-0.1515151515151483,26.15,0,0,-0.95,,07-Sep-2026,-,-0.1515151515151483,-,Infinity,4.492753623188412,-5.019920318725092,https://nsearchives.nseindia.com/today/GILT10BETAEQN.svg,https://nsearchives.nseindia.com/30d/GILT10BETA-EQ.svg,,EQ
ELMDIV,Index (BSE LargeMid (60:40) Stable Dividend 50),34.38,34.38,33.92,33.92,-0.59,-1.71,224,7654.08,34.3544,38.67,33.63,-,-,Infinity,-6.4533921676778725,34.51,0,0,-4.83,,07-Sep-2026,-,-6.4533921676778725,-,Infinity,12.283423842772175,-0.8623253047873896,https://nsearchives.nseindia.com/today/ELMDIVEQN.svg,https://nsearchives.nseindia.com/30d/ELMDIV-EQ.svg,,EQ
LIQUIDBETA,Nifty 1D Rate Index,1011.11,1011.11,1011.11,1011.11,0.26,0.03,6,6066.66,1010.9783,1019,981.86,-,-,Infinity,0.3941855154199046,1010.85,0,0,0.37,,07-Sep-2026,-,0.3941855154199046,-,Infinity,0.7742885181550526,-2.9790397816389302,https://nsearchives.nseindia.com/today/LIQUIDBETAEQN.svg,https://nsearchives.nseindia.com/30d/LIQUIDBETA-EQ.svg,,EQ
EBANK10,BSE Top 10 Bank Total Return Index,16.15,16.16,16,16.09,-0.23,-1.41,221,3553.68,16.2129,17.9,15.63,-,-,Infinity,-3.363363363363356,16.32,0,0,-1.98,,07-Sep-2026,-,-3.363363363363356,-,Infinity,10.111731843575413,-2.9430582213691556,https://nsearchives.nseindia.com/today/EBANK10EQN.svg,https://nsearchives.nseindia.com/30d/EBANK10-EQ.svg,,EQ
GSEC10ABSL,CRISIL 10 Year Gilt ETF,111.1,111.1,110.63,110.64,-0.56,-0.50,3,332.37,110.8527,119.99,108.01,-,-,0.4083855159270377,-1.7842876165113226,111.2,0,0.92,-0.37,07-Oct-2025,02-Sep-2026,-,-1.7842876165113226,-,0.4083855159270377,7.792316026335524,-2.4349597259512965,https://nsearchives.nseindia.com/today/GSEC10ABSLEQN.svg,https://nsearchives.nseindia.com/30d/GSEC10ABSL-EQ.svg,https://nsearchives.nseindia.com/365d/GSEC10ABSL-EQ.svg,EQ
ABGSEC,Aditya Birla Sun Life CRISIL Broad Based Gilt ETF,112.99,112.99,112.99,112.99,0,0.00,2,225.98,113.1258,118,109.5,-,-,1.463721264367812,-1.3273949873373594,112.99,0,1.46,-1.33,07-Oct-2025,07-Sep-2026,-,-1.3273949873373594,-,1.463721264367812,4.245762711864411,-3.1872146118721414,https://nsearchives.nseindia.com/today/ABGSECEQN.svg,https://nsearchives.nseindia.com/30d/ABGSEC-EQ.svg,https://nsearchives.nseindia.com/365d/ABGSEC-EQ.svg,EQ
GSEC10ADD,Nifty 10 yr Benchmark G-Sec,0,0,0,26.53,0,0.00,0,0,26.3042,27.85,24.32,-,-,Infinity,-1.0443864229764923,26.53,0,0,-1.04,,07-Sep-2026,-,-1.0443864229764923,-,Infinity,4.739676840215441,-9.087171052631582,https://nsearchives.nseindia.com/today/GSEC10ADDEQN.svg,https://nsearchives.nseindia.com/30d/GSEC10ADD-EQ.svg,,EQ
