symbol,assets,open,high,low,ltP,chn,per,qty,trdVal,nav,wkhi,wklo,xDt,cAct,yPC,mPC,prevClose,stockIndClosePrice,perChange365d,perChange30d,date365dAgo,date30dAgo,CAct,MPC,XDt,YPC,nearWKH,nearWKL,chartTodayPath,chart30dPath,chart365dPath,series
LIQUIDCASE,Zerodha Nifty 1D Rate Liquid ETF,115.94,115.96,115.94,115.96,0.03,0.03,25771011,2988148725.45,115.9353,115.96,107.56,-,-,4.988682661837927,0.4069616417005792,115.93,0,4.96,0.38,16-Sep-2025,17-Aug-2026,-,0.4069616417005792,-,4.988682661837927,0,-7.809594644849378,https://nsearchives.nseindia.com/today/LIQUIDCASEEQN.svg,https://nsearchives.nseindia.com/30d/LIQUIDCASE-EQ.svg,https://nsearchives.nseindia.com/365d/LIQUIDCASE-EQ.svg,EQ
SILVERBEES,Domestic price of Silver- based on LBMA Silver daily spot fixing price,216.01,217.58,215.17,216.69,-1.77,-0.81,13737345,2971250350.05,218.9441,360,121.01,-,-,73.88059701492537,-3.0946737623541054,218.46,0,75.3,-2.3,16-Sep-2025,17-Aug-2026,-,-3.0946737623541054,-,73.88059701492537,39.80833333333333,-79.06784563259234,https://nsearchives.nseindia.com/today/SILVERBEESEQN.svg,https://nsearchives.nseindia.com/30d/SILVERBEES-EQ.svg,https://nsearchives.nseindia.com/365d/SILVERBEES-EQ.svg,EQ
LIQUIDBEES,Government Securities,1000,1000.01,999.99,1000.01,0.02,0.00,2962685,2962655373.15,1000,1029.99,969.99,19-SEP-17, EXIT OPTION PURSUANT TO CHANGE IN FUNDAMENTAL ATTRIBUTES OF ETF  ,0.002000020000198183,0.002000020000198183,999.99,0,0,0,16-Sep-2025,17-Aug-2026, EXIT OPTION PURSUANT TO CHANGE IN FUNDAMENTAL ATTRIBUTES OF ETF  ,0.002000020000198183,19-SEP-17,0.002000020000198183,2.9107078709502052,-3.0948772667759443,https://nsearchives.nseindia.com/today/LIQUIDBEESEQN.svg,https://nsearchives.nseindia.com/30d/LIQUIDBEES-EQ.svg,https://nsearchives.nseindia.com/365d/LIQUIDBEES-EQ.svg,EQ
GOLDBEES,Gold,124.26,125,123.67,124.41,-0.5,-0.40,22769280,2830676889.6,124.9338,148.14,90.45,19-DEC-19, FACE VALUE SPLIT (SUB-DIVISION) - FROM RS 100/- TO RS 1/-,34.83255662728948,-1.58993830090176,124.91,0,35.37,-1.19,16-Sep-2025,17-Aug-2026, FACE VALUE SPLIT (SUB-DIVISION) - FROM RS 100/- TO RS 1/-,-1.58993830090176,19-DEC-19,34.83255662728948,16.018631024706355,-37.54560530679933,https://nsearchives.nseindia.com/today/GOLDBEESEQN.svg,https://nsearchives.nseindia.com/30d/GOLDBEES-EQ.svg,https://nsearchives.nseindia.com/365d/GOLDBEES-EQ.svg,EQ
NIFTYBEES,Nifty 50,265.44,266.75,264.1,266.36,1.34,0.51,4732947,1258537936.77,264.8226,302.25,251.7,19-DEC-19, FACE VALUE SPLIT (SUB-DIVISION) - FROM RS 10/- TO RS 1/-,-6.504264803959414,-4.156021733654784,265.02,0,-6.97,-4.64,16-Sep-2025,17-Aug-2026, FACE VALUE SPLIT (SUB-DIVISION) - FROM RS 10/- TO RS 1/-,-4.156021733654784,19-DEC-19,-6.504264803959414,11.874276261373032,-5.8243941199841185,https://nsearchives.nseindia.com/today/NIFTYBEESEQN.svg,https://nsearchives.nseindia.com/30d/NIFTYBEES-EQ.svg,https://nsearchives.nseindia.com/365d/NIFTYBEES-EQ.svg,EQ
LIQUID1,Kotak Nifty 1D Rate Liquid ETF,1122.94,1122.96,1122.94,1122.95,0.14,0.01,1080738,1213614737.1,1122.7994,1136.66,1065.66,-,-,5.070361914742324,0.39605907806745194,1122.81,0,5.06,0.38,16-Sep-2025,17-Aug-2026,-,0.39605907806745194,-,5.070361914742324,1.206165432055323,-5.376011110485517,https://nsearchives.nseindia.com/today/LIQUID1EQN.svg,https://nsearchives.nseindia.com/30d/LIQUID1-EQ.svg,https://nsearchives.nseindia.com/365d/LIQUID1-EQ.svg,EQ
GOLDIETF,Gold,128.87,129.44,128.09,128.84,-0.6,-0.46,6497359,837379627.92,129.4246,158,91.62,-,-,34.74168583978247,-1.6638681117386709,129.44,0,35.37,-1.21,16-Sep-2025,17-Aug-2026,-,-1.6638681117386709,-,34.74168583978247,18.455696202531644,-40.62431783453394,https://nsearchives.nseindia.com/today/GOLDIETFEQN.svg,https://nsearchives.nseindia.com/30d/GOLDIETF-EQ.svg,https://nsearchives.nseindia.com/365d/GOLDIETF-EQ.svg,EQ
TATSILV,Tata Silver Exchange Traded Fund,21.99,22.1,21.84,22.01,-0.19,-0.86,33319083,731687062.68,22.2343,35.1,11.63,-,-,74.5440126883426,-3.039647577092501,22.2,0,76.05,-2.2,16-Sep-2025,17-Aug-2026,-,-3.039647577092501,-,74.5440126883426,37.293447293447294,-89.25193465176268,https://nsearchives.nseindia.com/today/TATSILVEQN.svg,https://nsearchives.nseindia.com/30d/TATSILV-EQ.svg,https://nsearchives.nseindia.com/365d/TATSILV-EQ.svg,EQ
MONQ50,Nasdaq Q-50 Total Return Index,272.53,330.33,268.39,330.33,55.05,20.00,2080987,664833726.76,116.6892,330.33,88.01,-,-,266.74808482291553,118.18361955085862,275.28,0,205.63,81.82,16-Sep-2025,17-Aug-2026,-,118.18361955085862,-,266.74808482291553,0,-275.33234859675036,https://nsearchives.nseindia.com/today/MONQ50EQN.svg,https://nsearchives.nseindia.com/30d/MONQ50-EQ.svg,https://nsearchives.nseindia.com/365d/MONQ50-EQ.svg,EQ
TATAGOLD,Tata Gold Exchange Traded Fund,14.56,14.69,14.55,14.63,-0.05,-0.34,37551457,549002301.34,14.6872,17.7,10.33,-,-,35.08771929824562,-1.4814814814814738,14.68,0,35.55,-1.14,16-Sep-2025,17-Aug-2026,-,-1.4814814814814738,-,35.08771929824562,17.344632768361574,-41.62633107454018,https://nsearchives.nseindia.com/today/TATAGOLDEQN.svg,https://nsearchives.nseindia.com/30d/TATAGOLD-EQ.svg,https://nsearchives.nseindia.com/365d/TATAGOLD-EQ.svg,EQ
SETFGOLD,Gold,128.19,128.88,127.59,128.31,-0.57,-0.44,4118582,528166955.68,128.8539,153.95,93.48,06-JAN-22,FACE VALUE SPLIT (SUB-DIVISION) - FROM RS 100/- PER SHARE TO RS 1/- PER SHARE,34.92113564668771,-1.6555530006898111,128.88,0,35.52,-1.22,16-Sep-2025,17-Aug-2026,FACE VALUE SPLIT (SUB-DIVISION) - FROM RS 100/- PER SHARE TO RS 1/- PER SHARE,-1.6555530006898111,06-JAN-22,34.92113564668771,16.654758038324122,-37.25930680359435,https://nsearchives.nseindia.com/today/SETFGOLDEQN.svg,https://nsearchives.nseindia.com/30d/SETFGOLD-EQ.svg,https://nsearchives.nseindia.com/365d/SETFGOLD-EQ.svg,EQ
HDFCSILVER,HDFC Silver ETF,216.61,217.39,214.92,216.41,-2.19,-1.00,2385099,515324489.94,218.8298,359,121.25,-,-,73.128,-3.232874262207114,218.6,0,74.88,-2.25,16-Sep-2025,17-Aug-2026,-,-3.232874262207114,-,73.128,39.71866295264624,-78.48247422680413,https://nsearchives.nseindia.com/today/HDFCSILVEREQN.svg,https://nsearchives.nseindia.com/30d/HDFCSILVER-EQ.svg,https://nsearchives.nseindia.com/365d/HDFCSILVER-EQ.svg,EQ
SILVERIETF,Domestic Price of Silver,226.2,227.28,224.7,226.3,-1.78,-0.78,2238306,505767623.76,228.5992,373.5,125.61,-,-,73.01223241590213,-3.0253685293109367,228.08,0,74.37,-2.26,16-Sep-2025,17-Aug-2026,-,-3.0253685293109367,-,73.01223241590213,39.410977242302536,-80.16081522171802,https://nsearchives.nseindia.com/today/SILVERIETFEQN.svg,https://nsearchives.nseindia.com/30d/SILVERIETF-EQ.svg,https://nsearchives.nseindia.com/365d/SILVERIETF-EQ.svg,EQ
LIQGRWBEES,Liquid,1058.45,1063.44,1051.89,1055.79,0.15,0.01,440338,464895650.26,1055.6544,1063.44,995.55,-,-,4.746267175951179,0.365036361043768,1055.64,0,4.73,0.35,16-Sep-2025,17-Aug-2026,-,0.365036361043768,-,4.746267175951179,0.7193635748138203,-6.050926623474463,https://nsearchives.nseindia.com/today/LIQGRWBEESEQN.svg,https://nsearchives.nseindia.com/30d/LIQGRWBEES-EQ.svg,https://nsearchives.nseindia.com/365d/LIQGRWBEES-EQ.svg,EQ
HDFCGOLD,Gold,128.48,129.12,127.88,128.61,-0.5,-0.39,3431561,441058535.33,129.1154,152.3,93.55,17-FEB-21, FACE VALUE SPLIT (SUB-DIVISION) - FROM RS 100/- PER UNIT TO RE 1/- PER UNIT,35.09453781512606,-1.5388148828663228,129.11,0,35.62,-1.16,16-Sep-2025,17-Aug-2026, FACE VALUE SPLIT (SUB-DIVISION) - FROM RS 100/- PER UNIT TO RE 1/- PER UNIT,-1.5388148828663228,17-FEB-21,35.09453781512606,15.554826001313197,-37.47728487439874,https://nsearchives.nseindia.com/today/HDFCGOLDEQN.svg,https://nsearchives.nseindia.com/30d/HDFCGOLD-EQ.svg,https://nsearchives.nseindia.com/365d/HDFCGOLD-EQ.svg,EQ
MON100,Nasdaq100,332,333.75,318.02,322.85,-3.92,-1.20,1275524,413703454.16,271.5312,354.9,210.01,17-JUN-21, FACE VALUE SPLIT (SUB-DIVISION) - FROM RS 10/- PER SHARE TO RE 1/- PER SHARE,51.84366475402127,-4.144770048395231,326.77,0,53.69,-2.98,16-Sep-2025,17-Aug-2026, FACE VALUE SPLIT (SUB-DIVISION) - FROM RS 10/- PER SHARE TO RE 1/- PER SHARE,-4.144770048395231,17-JUN-21,51.84366475402127,9.03071287686671,-53.73077472501311,https://nsearchives.nseindia.com/today/MON100EQN.svg,https://nsearchives.nseindia.com/30d/MON100-EQ.svg,https://nsearchives.nseindia.com/365d/MON100-EQ.svg,EQ
LIQUIDIETF,S&P BSE Liquid Rate Index,1000.01,1000.01,999.99,1000,0.01,0.00,368412,368408315.88,1000,1041.19,955,-,-,0.0010000100000990915,0.0010000100000990915,999.99,0,0,0,16-Sep-2025,17-Aug-2026,-,0.0010000100000990915,-,0.0010000100000990915,3.956050288612074,-4.712041884816754,https://nsearchives.nseindia.com/today/LIQUIDIETFEQN.svg,https://nsearchives.nseindia.com/30d/LIQUIDIETF-EQ.svg,https://nsearchives.nseindia.com/365d/LIQUIDIETF-EQ.svg,EQ
LIQUIDADD,DSP S&P BSE Liquid Rate ETF,1145.02,1145.04,1145.02,1145.03,0.15,0.01,284924,326246527.72,1144.8867,1151.22,1088.1,-,-,4.957147440304315,0.3848716510029345,1144.88,0,4.94,0.37,16-Sep-2025,17-Aug-2026,-,0.3848716510029345,-,4.957147440304315,0.5376904501311699,-5.2320558772171735,https://nsearchives.nseindia.com/today/LIQUIDADDEQN.svg,https://nsearchives.nseindia.com/30d/LIQUIDADD-EQ.svg,https://nsearchives.nseindia.com/365d/LIQUIDADD-EQ.svg,EQ
GOLDAXIS,Gold,125.39,125.84,124.45,125.22,-0.7,-0.56,2563650,320097339,125.8824,150,91.25,23-JUL-20, FACE VALUE SPLIT (SUB-DIVISION) - FROM RS 100/- PER SHARE TO RE 1/- PER SHARE,Infinity,-1.7188603720273117,125.92,0,0,-1.17,,17-Aug-2026, FACE VALUE SPLIT (SUB-DIVISION) - FROM RS 100/- PER SHARE TO RE 1/- PER SHARE,-1.7188603720273117,23-JUL-20,Infinity,16.52,-37.227397260273975,https://nsearchives.nseindia.com/today/GOLDAXISEQN.svg,https://nsearchives.nseindia.com/30d/GOLDAXIS-EQ.svg,,EQ
HDFCSML250,HDFC NIFTY Smallcap 250 ETF,181.1,182.24,179.21,182,0.94,0.52,1665599,302106346.62,180.1561,189.83,142.7,-,-,3.585657370517935,-1.7278617710583093,181.06,0,3.05,-2.24,16-Sep-2025,17-Aug-2026,-,-1.7278617710583093,-,3.585657370517935,4.124743191276411,-27.54029432375614,https://nsearchives.nseindia.com/today/HDFCSML250EQN.svg,https://nsearchives.nseindia.com/30d/HDFCSML250-EQ.svg,https://nsearchives.nseindia.com/365d/HDFCSML250-EQ.svg,EQ
BANKBEES,Nifty Bank,583.99,586,580.52,582.09,-0.59,-0.10,514509,299794104.12,583.6323,638.99,515.98,19-DEC-19, FACE VALUE SPLIT (SUB-DIVISION) - FROM RS 10/- TO RS 1/-,2.1515188740501534,-2.728852645299276,582.68,0,2.26,-2.63,16-Sep-2025,17-Aug-2026, FACE VALUE SPLIT (SUB-DIVISION) - FROM RS 10/- TO RS 1/-,-2.728852645299276,19-DEC-19,2.1515188740501534,8.904677694486608,-12.812512112872595,https://nsearchives.nseindia.com/today/BANKBEESEQN.svg,https://nsearchives.nseindia.com/30d/BANKBEES-EQ.svg,https://nsearchives.nseindia.com/365d/BANKBEES-EQ.svg,EQ
SILVER1,Kotak Silver ETF,22,22.1,21.84,21.96,-0.24,-1.08,13186412,289441743.4,22.2179,38.8,12.24,27-FEB-26,FACE VALUE SPLIT (SUB-DIVISION) - FROM RS 10/- PER SHARE TO RE 1/- PER SHARE,-82.53400143163924,-3.2172763331864274,22.2,0,-82.34,-2.16,16-Sep-2025,17-Aug-2026,FACE VALUE SPLIT (SUB-DIVISION) - FROM RS 10/- PER SHARE TO RE 1/- PER SHARE,-3.2172763331864274,27-FEB-26,-82.53400143163924,43.40206185567009,-79.41176470588236,https://nsearchives.nseindia.com/today/SILVER1EQN.svg,https://nsearchives.nseindia.com/30d/SILVER1-EQ.svg,https://nsearchives.nseindia.com/365d/SILVER1-EQ.svg,EQ
ITBEES,Nifty IT TRI,32.3,33.1,31.9,32.46,0.16,0.50,8324681,268637455.87,32.3348,44.27,28.55,-,-,-17.78115501519756,-5.198598130841124,32.3,0,-18.19,-5.67,16-Sep-2025,17-Aug-2026,-,-5.198598130841124,-,-17.78115501519756,26.677208041563137,-13.695271453590193,https://nsearchives.nseindia.com/today/ITBEESEQN.svg,https://nsearchives.nseindia.com/30d/ITBEES-EQ.svg,https://nsearchives.nseindia.com/365d/ITBEES-EQ.svg,EQ
GOLD1,Gold,126,126.08,124.8,125.59,-0.49,-0.39,2124653,266665198.03,126.1519,158,90.2,22-JUL-21, FACE VALUE SPLIT (SUB-DIVISION) - FROM RS 10/- PER SHARE TO RE 1/- PER SHARE,35.30489118724414,-1.652310101801096,126.08,0,35.83,-1.27,16-Sep-2025,17-Aug-2026, FACE VALUE SPLIT (SUB-DIVISION) - FROM RS 10/- PER SHARE TO RE 1/- PER SHARE,-1.652310101801096,22-JUL-21,35.30489118724414,20.5126582278481,-39.2350332594235,https://nsearchives.nseindia.com/today/GOLD1EQN.svg,https://nsearchives.nseindia.com/30d/GOLD1-EQ.svg,https://nsearchives.nseindia.com/365d/GOLD1-EQ.svg,EQ
LIQUIDBETF,Bajaj Finserv Nifty 1D Rate Liquid ETF - Growth,1099.06,1099.08,1099.06,1099.07,0.13,0.01,228189,250793402.34,1098.9334,1116.24,1009.94,-,-,4.863085583436698,0.3790231249771548,1098.94,0,4.85,0.37,16-Sep-2025,17-Aug-2026,-,0.3790231249771548,-,4.863085583436698,1.538199670321801,-8.825276749113797,https://nsearchives.nseindia.com/today/LIQUIDBETFEQN.svg,https://nsearchives.nseindia.com/30d/LIQUIDBETF-EQ.svg,https://nsearchives.nseindia.com/365d/LIQUIDBETF-EQ.svg,EQ
LIQUID,Mirae Asset Nifty 1D Rate Liquid ETF,1000,1000,999.99,999.99,0,0.00,250770,250767492.3,1000,1024.98,974.99,-,-,0,0,999.99,0,0,0,16-Sep-2025,17-Aug-2026,-,0,-,0,2.4380963530995734,-2.564128862860132,https://nsearchives.nseindia.com/today/LIQUIDEQN.svg,https://nsearchives.nseindia.com/30d/LIQUID-EQ.svg,https://nsearchives.nseindia.com/365d/LIQUID-EQ.svg,EQ
CASHIETF,BSE Liquid Rate Index,1079.65,1079.84,1079.65,1079.82,0.14,0.01,228889,247161208.87,1079.6857,1099.28,1028.15,-,-,5.025531294071861,0.3923391595388646,1079.68,0,5.01,0.38,16-Sep-2025,17-Aug-2026,-,0.3923391595388646,-,5.025531294071861,1.7702496179317404,-5.025531294071861,https://nsearchives.nseindia.com/today/CASHIETFEQN.svg,https://nsearchives.nseindia.com/30d/CASHIETF-EQ.svg,https://nsearchives.nseindia.com/365d/CASHIETF-EQ.svg,EQ
SBISILVER,SBI SILVER ETF,222,223,220.45,222.25,-1.82,-0.81,817072,181218398.88,224.3661,362,124,-,-,74.39579409918393,-3.0322862129144803,224.07,0,75.82,-2.24,16-Sep-2025,17-Aug-2026,-,-3.0322862129144803,-,74.39579409918393,38.60497237569061,-79.23387096774194,https://nsearchives.nseindia.com/today/SBISILVEREQN.svg,https://nsearchives.nseindia.com/30d/SBISILVER-EQ.svg,https://nsearchives.nseindia.com/365d/SBISILVER-EQ.svg,EQ
MODEFENCE,Nifty India Defence Total Return Index,101.5,102.17,100,102,1.48,1.47,1783984,180895977.6,100.2735,112,77.8,-,-,13.851992409867167,-5.747551284420624,100.52,0,12.2,-7.12,16-Sep-2025,17-Aug-2026,-,-5.747551284420624,-,13.851992409867167,8.928571428571429,-31.105398457583554,https://nsearchives.nseindia.com/today/MODEFENCEEQN.svg,https://nsearchives.nseindia.com/30d/MODEFENCE-EQ.svg,https://nsearchives.nseindia.com/365d/MODEFENCE-EQ.svg,EQ
GOLDCASE,Zerodha Gold ETF,23.6,23.8,23.55,23.69,-0.09,-0.38,7572400,179087260,23.7946,27.94,16.82,-,-,35.29411764705882,-1.5378221113881856,23.78,0,35.81,-1.16,16-Sep-2025,17-Aug-2026,-,-1.5378221113881856,-,35.29411764705882,15.211166785969935,-40.84423305588586,https://nsearchives.nseindia.com/today/GOLDCASEEQN.svg,https://nsearchives.nseindia.com/30d/GOLDCASE-EQ.svg,https://nsearchives.nseindia.com/365d/GOLDCASE-EQ.svg,EQ
SILVERBETA,UTI Silver Exchange Traded Fund (UTI Silver ETF),219,219.7,217.13,218.4,-2.29,-1.04,763766,166661378.86,221.0357,379.66,122.79,-,-,Infinity,-3.3328907183640957,220.69,0,0,-2.32,,17-Aug-2026,-,-3.3328907183640957,-,Infinity,42.474845914765844,-77.86464695822134,https://nsearchives.nseindia.com/today/SILVERBETAEQN.svg,https://nsearchives.nseindia.com/30d/SILVERBETA-EQ.svg,,EQ
JUNIORBEES,Nippon India ETF Nifty Next 50 Junior BeES,767.96,773.4,761,773.4,8.58,1.12,212891,163704663.36,761.77,823.97,632.34,10-MAR-14,DIVIDEND-RS.1 PER UNIT,4.531877221674074,-4.314152449057865,764.82,0,3.37,-5.38,16-Sep-2025,17-Aug-2026,DIVIDEND-RS.1 PER UNIT,-4.314152449057865,10-MAR-14,4.531877221674074,6.137359369879978,-22.30761931872093,https://nsearchives.nseindia.com/today/JUNIORBEESEQN.svg,https://nsearchives.nseindia.com/30d/JUNIORBEES-EQ.svg,https://nsearchives.nseindia.com/365d/JUNIORBEES-EQ.svg,EQ
LIQUIDPLUS,Nifty 1D Rate Index,1103.46,1103.48,1103.46,1103.46,0.14,0.01,148108,163432734.76,1103.3288,1127.08,1046.56,-,-,5.0344098917730475,0.386641315126318,1103.32,0,5.02,0.37,16-Sep-2025,17-Aug-2026,-,0.386641315126318,-,5.0344098917730475,2.0956808744720776,-5.436859807368913,https://nsearchives.nseindia.com/today/LIQUIDPLUSEQN.svg,https://nsearchives.nseindia.com/30d/LIQUIDPLUS-EQ.svg,https://nsearchives.nseindia.com/365d/LIQUIDPLUS-EQ.svg,EQ
MAFANG,NYSE FANG+ Total Return Index,235,241.78,229.8,238.9,6.42,2.76,651437,155452411.31,173.6308,258.47,149.74,-,-,43.22541966426858,12.99782423611769,232.48,0,39.38,9.96,16-Sep-2025,17-Aug-2026,-,12.99782423611769,-,43.22541966426858,7.571478314698039,-59.54320822759449,https://nsearchives.nseindia.com/today/MAFANGEQN.svg,https://nsearchives.nseindia.com/30d/MAFANG-EQ.svg,https://nsearchives.nseindia.com/365d/MAFANG-EQ.svg,EQ
SETFNIFBK,Nifty Bank,577.41,580.9,576.06,577.75,0.34,0.06,260815,150644135.85,579.0129,646.11,465.64,02-NOV-17, DIVIDEND - RS 3.50 PER UNIT,2.2313055172169753,-2.668508566518983,577.41,0,2.17,-2.73,16-Sep-2025,17-Aug-2026, DIVIDEND - RS 3.50 PER UNIT,-2.668508566518983,02-NOV-17,2.2313055172169753,10.58024175450001,-24.076539816167,https://nsearchives.nseindia.com/today/SETFNIFBKEQN.svg,https://nsearchives.nseindia.com/30d/SETFNIFBK-EQ.svg,https://nsearchives.nseindia.com/365d/SETFNIFBK-EQ.svg,EQ
PSUBNKBEES,Nifty PSU Bank,91.1,93.68,91.1,92.31,0.1,0.11,1436668,133021090.12,92.4491,110.4,78.3,19-DEC-19, FACE VALUE SPLIT (SUB-DIVISION) - FROM RS 10/- TO RS 1/-,16.2448054401209,-5.46850998463902,92.21,0,16.12,-5.57,16-Sep-2025,17-Aug-2026, FACE VALUE SPLIT (SUB-DIVISION) - FROM RS 10/- TO RS 1/-,-5.46850998463902,19-DEC-19,16.2448054401209,16.385869565217394,-17.892720306513418,https://nsearchives.nseindia.com/today/PSUBNKBEESEQN.svg,https://nsearchives.nseindia.com/30d/PSUBNKBEES-EQ.svg,https://nsearchives.nseindia.com/365d/PSUBNKBEES-EQ.svg,EQ
BANKIETF,Nifty Bank,57.56,58.18,57.56,58.02,0.27,0.47,2307654,132967023.48,57.8856,63.9,51.17,-,-,2.6902654867256692,-2.2903334456045794,57.75,0,2.21,-2.75,16-Sep-2025,17-Aug-2026,-,-2.2903334456045794,-,2.6902654867256692,9.201877934272293,-13.386750048856754,https://nsearchives.nseindia.com/today/BANKIETFEQN.svg,https://nsearchives.nseindia.com/30d/BANKIETF-EQ.svg,https://nsearchives.nseindia.com/365d/BANKIETF-EQ.svg,EQ
SETFNIF50,Nifty 50,251.4,252.09,249.91,251.99,1.35,0.54,487492,122565238.64,250.2693,287.33,237.9,24-MAR-21, DIVIDEND - RS 1.30 PER SHARE,-6.427775714816191,-4.084196102314257,250.64,0,-6.93,-4.6,16-Sep-2025,17-Aug-2026, DIVIDEND - RS 1.30 PER SHARE,-4.084196102314257,24-MAR-21,-6.427775714816191,12.299446629311236,-5.922656578394285,https://nsearchives.nseindia.com/today/SETFNIF50EQN.svg,https://nsearchives.nseindia.com/30d/SETFNIF50-EQ.svg,https://nsearchives.nseindia.com/365d/SETFNIF50-EQ.svg,EQ
GOLDETF,Mirae Asset Gold ETF,145.72,146.95,145.6,146.38,-0.43,-0.29,821154,120093772.5,146.9363,173.5,106.34,-,-,35.32402699454562,-1.467420570813144,146.81,0,35.72,-1.18,16-Sep-2025,17-Aug-2026,-,-1.467420570813144,-,35.32402699454562,15.63112391930836,-37.65281173594131,https://nsearchives.nseindia.com/today/GOLDETFEQN.svg,https://nsearchives.nseindia.com/30d/GOLDETF-EQ.svg,https://nsearchives.nseindia.com/365d/GOLDETF-EQ.svg,EQ
SILVERCASE,Commodity-Silver,22.98,23.07,22.8,22.98,-0.18,-0.78,5225578,119874759.32,23.2077,38.01,12.62,-,-,74.22289613343443,-3.0788696752425153,23.16,0,75.59,-2.32,16-Sep-2025,17-Aug-2026,-,-3.0788696752425153,-,74.22289613343443,39.54222573007103,-82.09191759112522,https://nsearchives.nseindia.com/today/SILVERCASEEQN.svg,https://nsearchives.nseindia.com/30d/SILVERCASE-EQ.svg,https://nsearchives.nseindia.com/365d/SILVERCASE-EQ.svg,EQ
SILVER,Physical price of Silver,226.44,227.33,224.75,226.51,-1.67,-0.73,521415,117824147.55,228.6602,371.89,126.55,-,-,74.3994456421312,-2.947855520802089,228.18,0,75.69,-2.23,16-Sep-2025,17-Aug-2026,-,-2.947855520802089,-,74.3994456421312,39.09220468418081,-78.98854207822995,https://nsearchives.nseindia.com/today/SILVEREQN.svg,https://nsearchives.nseindia.com/30d/SILVER-EQ.svg,https://nsearchives.nseindia.com/365d/SILVER-EQ.svg,EQ
MASPTOP50,S&P 500 Top 50 Total Return Index,100.62,105,96.68,104.8,6.15,6.23,1126886,116181946.6,66.6638,111.56,65,-,-,55.929177205772966,28.968742308638923,98.65,0,46.78,21.4,16-Sep-2025,17-Aug-2026,-,28.968742308638923,-,55.929177205772966,6.059519541054145,-61.230769230769226,https://nsearchives.nseindia.com/today/MASPTOP50EQN.svg,https://nsearchives.nseindia.com/30d/MASPTOP50-EQ.svg,https://nsearchives.nseindia.com/365d/MASPTOP50-EQ.svg,EQ
MID150BEES,Nifty Midcap 150 TRI,232,234.5,230.59,234.49,2.49,1.07,467925,109218374.25,231.4533,247.15,190.43,-,-,4.240942431651487,-3.4583556342377118,232,0,3.13,-4.48,16-Sep-2025,17-Aug-2026,-,-3.4583556342377118,-,4.240942431651487,5.12239530649403,-23.13711074935672,https://nsearchives.nseindia.com/today/MID150BEESEQN.svg,https://nsearchives.nseindia.com/30d/MID150BEES-EQ.svg,https://nsearchives.nseindia.com/365d/MID150BEES-EQ.svg,EQ
BANKNIFTY1,Nifty Bank,58.31,58.74,58.17,58.17,-0.15,-0.26,1798682,104701279.22,58.5074,65.29,51.71,27-FEB-26,FACE VALUE SPLIT (SUB-DIVISION) - FROM RS 10/- PER SHARE TO RE 1/- PER SHARE,-89.79777960959012,-2.871931875104356,58.32,0,-89.77,-2.62,16-Sep-2025,17-Aug-2026,FACE VALUE SPLIT (SUB-DIVISION) - FROM RS 10/- PER SHARE TO RE 1/- PER SHARE,-2.871931875104356,27-FEB-26,-89.79777960959012,10.905192219329154,-12.492748017791532,https://nsearchives.nseindia.com/today/BANKNIFTY1EQN.svg,https://nsearchives.nseindia.com/30d/BANKNIFTY1-EQ.svg,https://nsearchives.nseindia.com/365d/BANKNIFTY1-EQ.svg,EQ
SBILIQETF,Nifty 1D Rate Index,1056.22,1056.22,1056.2,1056.2,0.13,0.01,96438,101857815.6,1056.0783,1087.09,999,-,-,5.015112949411396,0.38778846519409904,1056.07,0,5,0.38,16-Sep-2025,17-Aug-2026,-,0.38778846519409904,-,5.015112949411396,2.8415310599858223,-5.72572572572573,https://nsearchives.nseindia.com/today/SBILIQETFEQN.svg,https://nsearchives.nseindia.com/30d/SBILIQETF-EQ.svg,https://nsearchives.nseindia.com/365d/SBILIQETF-EQ.svg,EQ
BANKBETA,Nifty Bank,58.24,58.59,57.94,58.17,0.03,0.05,1751884,101609272,58.3076,73.7,51.3,17-FEB-21, FACE VALUE SPLIT (SUB-DIVISION) - FROM RS 10/- PER UNIT TO RE 1/- PER UNIT,Infinity,-2.6769282248619732,58.14,0,0,-2.73,,17-Aug-2026, FACE VALUE SPLIT (SUB-DIVISION) - FROM RS 10/- PER UNIT TO RE 1/- PER UNIT,-2.6769282248619732,17-FEB-21,Infinity,21.0719131614654,-13.391812865497085,https://nsearchives.nseindia.com/today/BANKBETAEQN.svg,https://nsearchives.nseindia.com/30d/BANKBETA-EQ.svg,,EQ
OILIETF,Nifty Oil & Gas Index,11.06,11.11,11,11.04,-0.02,-0.18,9119991,100502300.82,11.0515,14,9.8,-,-,-2.9876977152899964,-3.327495621716294,11.06,0,-2.81,-3.15,16-Sep-2025,17-Aug-2026,-,-3.327495621716294,-,-2.9876977152899964,21.14285714285715,-12.653061224489779,https://nsearchives.nseindia.com/today/OILIETFEQN.svg,https://nsearchives.nseindia.com/30d/OILIETF-EQ.svg,https://nsearchives.nseindia.com/365d/OILIETF-EQ.svg,EQ
SILVERADD,DSP Silver ETF,22,22,21.68,21.81,-0.23,-1.04,4411434,96169261.2,22.0758,39,12.14,28-AUG-26,FACE VALUE SPLIT (SUB-DIVISION) - FROM RS 10/- PER UNIT TO RE 1/- PER UNIT,-82.58126347735804,-90.33458896521161,22.04,0,-82.4,-90.23,16-Sep-2025,17-Aug-2026,FACE VALUE SPLIT (SUB-DIVISION) - FROM RS 10/- PER UNIT TO RE 1/- PER UNIT,-90.33458896521161,28-AUG-26,-82.58126347735804,44.07692307692308,-79.65403624382205,https://nsearchives.nseindia.com/today/SILVERADDEQN.svg,https://nsearchives.nseindia.com/30d/SILVERADD-EQ.svg,https://nsearchives.nseindia.com/365d/SILVERADD-EQ.svg,EQ
EGOLD,Edelweiss Gold ETF,150.35,151.05,149.55,150.55,-0.4,-0.26,634380,95423439.6,151.0069,184.95,109.6,-,-,35.14362657091562,-1.5047432122996292,150.95,0,35.5,-1.24,16-Sep-2025,17-Aug-2026,-,-1.5047432122996292,-,35.14362657091562,18.59962151932954,-37.36313868613141,https://nsearchives.nseindia.com/today/EGOLDEQN.svg,https://nsearchives.nseindia.com/30d/EGOLD-EQ.svg,https://nsearchives.nseindia.com/365d/EGOLD-EQ.svg,EQ
PHARMABEES,Nifty Pharma TRI,27.16,27.39,26.68,27.38,0.43,1.60,3319130,90446292.5,26.8871,28.4,21.46,-,-,20.14041246160597,0.735835172921263,26.95,0,18.25,-0.85,16-Sep-2025,17-Aug-2026,-,0.735835172921263,-,20.14041246160597,3.5915492957746467,-27.58620689655171,https://nsearchives.nseindia.com/today/PHARMABEESEQN.svg,https://nsearchives.nseindia.com/30d/PHARMABEES-EQ.svg,https://nsearchives.nseindia.com/365d/PHARMABEES-EQ.svg,EQ
GOLDBETA,Gold,126.9,127.2,126,126.8,-0.35,-0.28,620720,78632809.6,127.1966,149.35,91.8,25-MAR-21, FACE VALUE SPLIT (SUB-DIVISION) - FROM RS 100/- PER UNIT TO RE 1/- PER UNIT,Infinity,-1.5145631067961187,127.15,0,0,-1.24,,17-Aug-2026, FACE VALUE SPLIT (SUB-DIVISION) - FROM RS 100/- PER UNIT TO RE 1/- PER UNIT,-1.5145631067961187,25-MAR-21,Infinity,15.098761298962167,-38.12636165577342,https://nsearchives.nseindia.com/today/GOLDBETAEQN.svg,https://nsearchives.nseindia.com/30d/GOLDBETA-EQ.svg,,EQ
LIQUIDETF,Nifty1D rate index,1000,1000.01,999.99,1000,0.01,0.00,71901,71900280.99,1000,1025,995,-,-,0.0010000100000990915,0,999.99,0,0,0,16-Sep-2025,17-Aug-2026,-,0,-,0.0010000100000990915,2.4390243902439024,-0.5025125628140703,https://nsearchives.nseindia.com/today/LIQUIDETFEQN.svg,https://nsearchives.nseindia.com/30d/LIQUIDETF-EQ.svg,https://nsearchives.nseindia.com/365d/LIQUIDETF-EQ.svg,EQ
SMALLCAP,Mirae Asset Nifty Smallcap 250 Momentum Quality 100 ETF,48.84,48.84,47.37,48.21,0.56,1.18,1476596,71083331.44,47.7107,54.5,37.34,-,-,3.410553410553418,-0.5979381443298951,47.65,0,2.21,-1.75,16-Sep-2025,17-Aug-2026,-,-0.5979381443298951,-,3.410553410553418,11.541284403669723,-29.110873058382424,https://nsearchives.nseindia.com/today/SMALLCAPEQN.svg,https://nsearchives.nseindia.com/30d/SMALLCAP-EQ.svg,https://nsearchives.nseindia.com/365d/SMALLCAP-EQ.svg,EQ
NIFTYIETF,Nifty 50,264.47,265.34,263.05,265.25,1.58,0.60,254440,67309557.6,263.4697,304.14,250.4,-,-,-6.40107272663114,-4.06871609403255,263.67,0,-6.96,-4.64,16-Sep-2025,17-Aug-2026,-,-4.06871609403255,-,-6.40107272663114,12.786874465706578,-5.930511182108624,https://nsearchives.nseindia.com/today/NIFTYIETFEQN.svg,https://nsearchives.nseindia.com/30d/NIFTYIETF-EQ.svg,https://nsearchives.nseindia.com/365d/NIFTYIETF-EQ.svg,EQ
SILVERAG,Mirae Asset Silver ETF,221,221.51,218.97,220.4,-2.36,-1.06,296566,65372043.38,222.8968,380,123.3,-,-,73.89932144547895,-3.0271031326997515,222.76,0,75.76,-1.99,16-Sep-2025,17-Aug-2026,-,-3.0271031326997515,-,73.89932144547895,42,-78.75101378751015,https://nsearchives.nseindia.com/today/SILVERAGEQN.svg,https://nsearchives.nseindia.com/30d/SILVERAG-EQ.svg,https://nsearchives.nseindia.com/365d/SILVERAG-EQ.svg,EQ
SILVERAXIS,Axis Silver ETF,225.1,226.37,223.71,225.46,-1.58,-0.70,265264,59785200.32,227.6209,390.01,125.7,-,-,Infinity,-2.9570008178022658,227.04,0,0,-2.28,,17-Aug-2026,-,-2.9570008178022658,-,Infinity,42.191225866003435,-79.36356404136833,https://nsearchives.nseindia.com/today/SILVERAXISEQN.svg,https://nsearchives.nseindia.com/30d/SILVERAXIS-EQ.svg,,EQ
PVTBANIETF,Nifty Private Bank Index,27.73,27.97,27.51,27.62,-0.32,-1.15,2030986,56055213.6,27.6079,30.32,24.18,01-MAR-24,FACE VALUE SPLIT (SUB-DIVISION) - FROM RS 10/- PER SHARE TO RE 1/- PER SHARE,1.8436578171091444,-0.4325883201153477,27.94,0,3.02,0.72,16-Sep-2025,17-Aug-2026,FACE VALUE SPLIT (SUB-DIVISION) - FROM RS 10/- PER SHARE TO RE 1/- PER SHARE,-0.4325883201153477,01-MAR-24,1.8436578171091444,8.905013192612135,-14.226633581472296,https://nsearchives.nseindia.com/today/PVTBANIETFEQN.svg,https://nsearchives.nseindia.com/30d/PVTBANIETF-EQ.svg,https://nsearchives.nseindia.com/365d/PVTBANIETF-EQ.svg,EQ
FMCGIETF,Nifty FMCG Index,49.95,49.95,48.75,49.31,0.17,0.35,973192,47832386.8,48.9832,61.19,48.25,10-MAY-24,FACE VALUE SPLIT (SUB-DIVISION) - FROM RS 10/- PER SHARE TO RE 1/- PER SHARE,-18.225538971807623,-5.1365909965371195,49.14,0,-18.51,-5.46,16-Sep-2025,17-Aug-2026,FACE VALUE SPLIT (SUB-DIVISION) - FROM RS 10/- PER SHARE TO RE 1/- PER SHARE,-5.1365909965371195,10-MAY-24,-18.225538971807623,19.414937081222416,-2.1968911917098493,https://nsearchives.nseindia.com/today/FMCGIETFEQN.svg,https://nsearchives.nseindia.com/30d/FMCGIETF-EQ.svg,https://nsearchives.nseindia.com/365d/FMCGIETF-EQ.svg,EQ
MOCAPITAL,Nifty Capital Market Total Return Index,52.57,53.39,52.3,53.16,0.59,1.12,864265,45875186.2,52.4579,57.25,41.31,-,-,22.460262612301314,-0.8208955223880687,52.57,0,21.1,-1.92,16-Sep-2025,17-Aug-2026,-,-0.8208955223880687,-,22.460262612301314,7.144104803493455,-28.685548293391417,https://nsearchives.nseindia.com/today/MOCAPITALEQN.svg,https://nsearchives.nseindia.com/30d/MOCAPITAL-EQ.svg,https://nsearchives.nseindia.com/365d/MOCAPITAL-EQ.svg,EQ
CPSEETF,CPSE ETF,91.1,93.04,91.1,92.28,-0.04,-0.04,481374,44503026.3,92.2865,112,86.06,-,-,-0.45307443365695976,-1.5784982935153624,92.32,0,-0.41,-1.54,16-Sep-2025,17-Aug-2026,-,-1.5784982935153624,-,-0.45307443365695976,17.607142857142858,-7.227515686730187,https://nsearchives.nseindia.com/today/CPSEETFEQN.svg,https://nsearchives.nseindia.com/30d/CPSEETF-EQ.svg,https://nsearchives.nseindia.com/365d/CPSEETF-EQ.svg,EQ
ALPHA,NIFTY Alpha 50 Index,53.3,53.3,52.16,53.04,0.58,1.11,786376,41512789.04,52.3662,55.59,42,-,-,6.978620411456235,-2.1040974529346634,52.46,0,5.81,-3.17,16-Sep-2025,17-Aug-2026,-,-2.1040974529346634,-,6.978620411456235,4.587155963302759,-26.285714285714285,https://nsearchives.nseindia.com/today/ALPHAEQN.svg,https://nsearchives.nseindia.com/30d/ALPHA-EQ.svg,https://nsearchives.nseindia.com/365d/ALPHA-EQ.svg,EQ
AUTOBEES,Nifty Auto TRI,279,283.29,276.56,283.04,3.69,1.32,144505,40714283.75,278.3816,310.45,242.5,-,-,1.5025999641384247,-6.624439166006857,279.35,0,0.18,-7.84,16-Sep-2025,17-Aug-2026,-,-6.624439166006857,-,1.5025999641384247,8.829119020776282,-16.717525773195884,https://nsearchives.nseindia.com/today/AUTOBEESEQN.svg,https://nsearchives.nseindia.com/30d/AUTOBEES-EQ.svg,https://nsearchives.nseindia.com/365d/AUTOBEES-EQ.svg,EQ
TOP10ADD,Nifty Top 10 Equal Weight Index,85.11,85.86,84.86,85.5,0.25,0.29,453187,38661382.97,85.0828,103.04,83.05,-,-,-10.928221689759345,-3.247708498359177,85.25,0,-11.19,-3.53,16-Sep-2025,17-Aug-2026,-,-3.247708498359177,-,-10.928221689759345,17.022515527950315,-2.9500301023479865,https://nsearchives.nseindia.com/today/TOP10ADDEQN.svg,https://nsearchives.nseindia.com/30d/TOP10ADD-EQ.svg,https://nsearchives.nseindia.com/365d/TOP10ADD-EQ.svg,EQ
BSLGOLDETF,Gold,132.59,133.03,131.7,132.51,-0.39,-0.29,290109,38407530.51,132.9498,155.99,95.63,25-NOV-21, FACE VALUE SPLIT (SUB-DIVISION) - FROM RS 10/- PER SHARE TO RE 0.10/- PER SHARE,35.021398002853054,-1.472228418469788,132.9,0,35.42,-1.18,16-Sep-2025,17-Aug-2026, FACE VALUE SPLIT (SUB-DIVISION) - FROM RS 10/- PER SHARE TO RE 0.10/- PER SHARE,-1.472228418469788,25-NOV-21,35.021398002853054,15.05224693890635,-38.56530377496601,https://nsearchives.nseindia.com/today/BSLGOLDETFEQN.svg,https://nsearchives.nseindia.com/30d/BSLGOLDETF-EQ.svg,https://nsearchives.nseindia.com/365d/BSLGOLDETF-EQ.svg,EQ
METAL,Nifty Metal Total Return Index,13.2,13.2,12.85,13,0.12,0.93,2934238,38027724.48,12.8674,14.18,8.7,-,-,29.740518962075857,-1.9607843137254886,12.88,0,28.54,-2.87,16-Sep-2025,17-Aug-2026,-,-1.9607843137254886,-,29.740518962075857,8.321579689703807,-49.42528735632185,https://nsearchives.nseindia.com/today/METALEQN.svg,https://nsearchives.nseindia.com/30d/METAL-EQ.svg,https://nsearchives.nseindia.com/365d/METAL-EQ.svg,EQ
METALIETF,Nifty Metal Index,12.88,12.99,12.81,12.99,0.14,1.09,2907242,37561566.64,12.8216,14.17,9.7,-,-,29.770229770229776,-1.8882175226586102,12.85,0,28.37,-2.95,16-Sep-2025,17-Aug-2026,-,-1.8882175226586102,-,29.770229770229776,8.32745236414961,-33.91752577319589,https://nsearchives.nseindia.com/today/METALIETFEQN.svg,https://nsearchives.nseindia.com/30d/METALIETF-EQ.svg,https://nsearchives.nseindia.com/365d/METALIETF-EQ.svg,EQ
NIF100BEES,Nifty 100 TRI,259.16,260.12,257.66,257.78,-0.89,-0.34,135501,35108309.1,257.8532,290,240,-,-,-5.613122917505781,-4.765775084971196,258.67,0,-5.29,-4.44,16-Sep-2025,17-Aug-2026,-,-4.765775084971196,-,-5.613122917505781,11.110344827586216,-7.408333333333322,https://nsearchives.nseindia.com/today/NIF100BEESEQN.svg,https://nsearchives.nseindia.com/30d/NIF100BEES-EQ.svg,https://nsearchives.nseindia.com/365d/NIF100BEES-EQ.svg,EQ
GROWWGOLD,Commodity,14.7,14.76,14.61,14.69,-0.07,-0.47,2353265,34592995.5,14.7605,18,10.73,06-FEB-26,FACE VALUE SPLIT (SUB-DIVISION) - FROM RS 10/- PER UNIT TO RE 1/- PER UNIT,-86.5315852205006,-1.6075016744809123,14.76,0,-86.47,-1.14,16-Sep-2025,17-Aug-2026,FACE VALUE SPLIT (SUB-DIVISION) - FROM RS 10/- PER UNIT TO RE 1/- PER UNIT,-1.6075016744809123,06-FEB-26,-86.5315852205006,18.388888888888893,-36.90587138863,https://nsearchives.nseindia.com/today/GROWWGOLDEQN.svg,https://nsearchives.nseindia.com/30d/GROWWGOLD-EQ.svg,https://nsearchives.nseindia.com/365d/GROWWGOLD-EQ.svg,EQ
ELIQUID,Nifty 1D Rate Index (Debt Index),1045.15,1048,1045.15,1048,0.15,0.01,32327,33878049.46,1047.8563,1051.22,996,-,-,Infinity,0.3879496144451319,1047.85,0,0,0.37,,17-Aug-2026,-,0.3879496144451319,-,Infinity,0.3063107627328273,-5.220883534136546,https://nsearchives.nseindia.com/today/ELIQUIDEQN.svg,https://nsearchives.nseindia.com/30d/ELIQUID-EQ.svg,,EQ
GOLDADD,DSP Gold ETF,14.58,14.69,14.53,14.59,-0.1,-0.68,2316676,33869803.12,14.6841,18.1,10.64,28-AUG-26,FACE VALUE SPLIT (SUB-DIVISION) - FROM RS 10/- PER UNIT TO RE 1/- PER UNIT,Infinity,-90.1849983181971,14.69,0,0,-90.12,,17-Aug-2026,FACE VALUE SPLIT (SUB-DIVISION) - FROM RS 10/- PER UNIT TO RE 1/- PER UNIT,-90.1849983181971,28-AUG-26,Infinity,19.392265193370175,-37.12406015037593,https://nsearchives.nseindia.com/today/GOLDADDEQN.svg,https://nsearchives.nseindia.com/30d/GOLDADD-EQ.svg,,EQ
INFRAIETF,ICICI Prudential Nifty Infrastructure ETF,92.21,92.62,91.95,92,0.13,0.14,356586,32973507.42,91.7826,101,86.8,-,-,-2.696985721840293,-5.105724600309441,91.87,0,-2.83,-5.24,16-Sep-2025,17-Aug-2026,-,-5.105724600309441,-,-2.696985721840293,8.910891089108912,-5.990783410138252,https://nsearchives.nseindia.com/today/INFRAIETFEQN.svg,https://nsearchives.nseindia.com/30d/INFRAIETF-EQ.svg,https://nsearchives.nseindia.com/365d/INFRAIETF-EQ.svg,EQ
HNGSNGBEES,Hang Seng Index,464,466.44,460,463.01,-1.41,-0.30,69972,32428523.4,450.2786,579.92,443.42,19-DEC-19, FACE VALUE SPLIT (SUB-DIVISION) - FROM RS 10/- TO RS 1/-,-11.652801099068855,-4.441417456091466,464.42,0,-11.38,-4.15,16-Sep-2025,17-Aug-2026, FACE VALUE SPLIT (SUB-DIVISION) - FROM RS 10/- TO RS 1/-,-4.441417456091466,19-DEC-19,-11.652801099068855,20.159677196854734,-4.417933336340258,https://nsearchives.nseindia.com/today/HNGSNGBEESEQN.svg,https://nsearchives.nseindia.com/30d/HNGSNGBEES-EQ.svg,https://nsearchives.nseindia.com/365d/HNGSNGBEES-EQ.svg,EQ
MIDCAPETF,Mirae Asset Mutual Fund - Mirae Asset Nifty Midcap 150 ETF,22.8,23.43,22.8,23.13,0.16,0.70,1380411,31846081.77,22.8902,24.57,19.6,-,-,4.330175913396469,-3.544620517097587,22.97,0,3.61,-4.21,16-Sep-2025,17-Aug-2026,-,-3.544620517097587,-,4.330175913396469,5.860805860805866,-18.01020408163264,https://nsearchives.nseindia.com/today/MIDCAPETFEQN.svg,https://nsearchives.nseindia.com/30d/MIDCAPETF-EQ.svg,https://nsearchives.nseindia.com/365d/MIDCAPETF-EQ.svg,EQ
NIFTYETF,Nifty 50,252.5,254.35,252.5,253.07,-0.24,-0.09,120788,30630628.92,252.8486,289.05,239.81,-,-,-6.939030668529824,-4.635037871650907,253.31,0,-6.85,-4.54,16-Sep-2025,17-Aug-2026,-,-4.635037871650907,-,-6.939030668529824,12.447673412904347,-5.529377423793833,https://nsearchives.nseindia.com/today/NIFTYETFEQN.svg,https://nsearchives.nseindia.com/30d/NIFTYETF-EQ.svg,https://nsearchives.nseindia.com/365d/NIFTYETF-EQ.svg,EQ
GROWWSLVR,Commodity-Silver,22.24,22.3,22.05,22.17,-0.21,-0.94,1344345,29804128.65,22.4407,36.3,12.47,06-FEB-26,FACE VALUE SPLIT (SUB-DIVISION) - FROM RS 10/- PER UNIT TO RE 1/- PER UNIT,-82.69185728784448,-3.2300305543430747,22.38,0,-82.53,-2.31,16-Sep-2025,17-Aug-2026,FACE VALUE SPLIT (SUB-DIVISION) - FROM RS 10/- PER UNIT TO RE 1/- PER UNIT,-3.2300305543430747,06-FEB-26,-82.69185728784448,38.92561983471074,-77.78668805132318,https://nsearchives.nseindia.com/today/GROWWSLVREQN.svg,https://nsearchives.nseindia.com/30d/GROWWSLVR-EQ.svg,https://nsearchives.nseindia.com/365d/GROWWSLVR-EQ.svg,EQ
HEALTHIETF,Nifty Healthcare Index,166.98,172,165.31,170.44,3.46,2.07,169749,28735110.72,167.0852,174.82,138.65,-,-,13.467811730244318,1.097336734088614,166.98,0,11.16,-0.95,16-Sep-2025,17-Aug-2026,-,1.097336734088614,-,13.467811730244318,2.5054341608511588,-22.928236566895052,https://nsearchives.nseindia.com/today/HEALTHIETFEQN.svg,https://nsearchives.nseindia.com/30d/HEALTHIETF-EQ.svg,https://nsearchives.nseindia.com/365d/HEALTHIETF-EQ.svg,EQ
NEXT50IETF,Nifty Next 50,73.33,75.33,73.33,75.2,0.59,0.79,369232,27703476.96,74.3344,80.38,62.6,15-NOV-18, FACE VALUE SPLIT (SUB-DIVISION) - FROM RS 10/- PER SHARE TO RS 1/- PER SHARE,3.8817516231523723,-4.713634059807398,74.61,0,3.07,-5.46,16-Sep-2025,17-Aug-2026, FACE VALUE SPLIT (SUB-DIVISION) - FROM RS 10/- PER SHARE TO RS 1/- PER SHARE,-4.713634059807398,15-NOV-18,3.8817516231523723,6.444389151530223,-20.127795527156554,https://nsearchives.nseindia.com/today/NEXT50IETFEQN.svg,https://nsearchives.nseindia.com/30d/NEXT50IETF-EQ.svg,https://nsearchives.nseindia.com/365d/NEXT50IETF-EQ.svg,EQ
MOREALTY,Motilal Oswal Nifty Realty ETF,83.75,84.35,82.14,83.9,0.89,1.07,330304,27600202.24,82.566,99.49,64,-,-,-8.16549912434325,-8.255877528704207,83.01,0,-9.14,-9.23,16-Sep-2025,17-Aug-2026,-,-8.255877528704207,-,-8.16549912434325,15.669916574530093,-31.093750000000007,https://nsearchives.nseindia.com/today/MOREALTYEQN.svg,https://nsearchives.nseindia.com/30d/MOREALTY-EQ.svg,https://nsearchives.nseindia.com/365d/MOREALTY-EQ.svg,EQ
BSLNIFTY,Nifty 50,28.15,28.15,27.1,27.4,-0.07,-0.25,989867,27092659.79,27.2511,33,25.7,25-NOV-21, FACE VALUE SPLIT (SUB-DIVISION) - FROM RS 10/- PER SHARE TO RE 1/- PER SHARE,-6.388793987017428,-4.262753319357102,27.47,0,-6.15,-4.02,16-Sep-2025,17-Aug-2026, FACE VALUE SPLIT (SUB-DIVISION) - FROM RS 10/- PER SHARE TO RE 1/- PER SHARE,-4.262753319357102,25-NOV-21,-6.388793987017428,16.969696969696972,-6.614785992217897,https://nsearchives.nseindia.com/today/BSLNIFTYEQN.svg,https://nsearchives.nseindia.com/30d/BSLNIFTY-EQ.svg,https://nsearchives.nseindia.com/365d/BSLNIFTY-EQ.svg,EQ
HDFCBSE500,HDFC S&P BSE 500 ETF,35.86,37.1,35.86,36.64,0.05,0.14,666863,24373842.65,36.2572,40,32.65,-,-,-1.5847434864356604,-3.882476390346267,36.59,0,-1.72,-4.01,16-Sep-2025,17-Aug-2026,-,-3.882476390346267,-,-1.5847434864356604,8.399999999999999,-12.220520673813178,https://nsearchives.nseindia.com/today/HDFCBSE500EQN.svg,https://nsearchives.nseindia.com/30d/HDFCBSE500-EQ.svg,https://nsearchives.nseindia.com/365d/HDFCBSE500-EQ.svg,EQ
ALPL30IETF,Nifty Alpha Low-Volatility 30 Index,26.94,27.21,26.9,26.93,-0.03,-0.11,894010,24120389.8,26.8887,29.17,24.35,10-MAY-24,FACE VALUE SPLIT (SUB-DIVISION) - FROM RS 10/- PER SHARE TO RE 1/- PER SHARE,-2.8148682785997874,-4.941757853865156,26.96,0,-2.71,-4.84,16-Sep-2025,17-Aug-2026,FACE VALUE SPLIT (SUB-DIVISION) - FROM RS 10/- PER SHARE TO RE 1/- PER SHARE,-4.941757853865156,10-MAY-24,-2.8148682785997874,7.6791223860130335,-10.595482546201225,https://nsearchives.nseindia.com/today/ALPL30IETFEQN.svg,https://nsearchives.nseindia.com/30d/ALPL30IETF-EQ.svg,https://nsearchives.nseindia.com/365d/ALPL30IETF-EQ.svg,EQ
HDFCNIFTY,Nifty 50,268.69,268.69,261.83,263.44,1.3,0.50,91285,24000652.2,261.9488,301.88,247.56,17-FEB-21, FACE VALUE SPLIT (SUB-DIVISION) - FROM RS 761.25/- PER UNIT TO RS 76.125/- PER UNIT,-6.5086237490240535,-4.165302484630212,262.14,0,-6.97,-4.64,16-Sep-2025,17-Aug-2026, FACE VALUE SPLIT (SUB-DIVISION) - FROM RS 761.25/- PER UNIT TO RS 76.125/- PER UNIT,-4.165302484630212,17-FEB-21,-6.5086237490240535,12.733536504571353,-6.414606560025851,https://nsearchives.nseindia.com/today/HDFCNIFTYEQN.svg,https://nsearchives.nseindia.com/30d/HDFCNIFTY-EQ.svg,https://nsearchives.nseindia.com/365d/HDFCNIFTY-EQ.svg,EQ
INSUREIETF,BSE Insurance Index,14.72,15.31,14.69,15.06,0.33,2.24,1516024,22967763.6,14.6599,16.46,14.36,-,-,Infinity,-2.96391752577319,14.73,0,0,-5.09,,17-Aug-2026,-,-2.96391752577319,-,Infinity,8.505467800729042,-4.874651810584966,https://nsearchives.nseindia.com/today/INSUREIETFEQN.svg,https://nsearchives.nseindia.com/30d/INSUREIETF-EQ.svg,,EQ
MAHKTECH,Hang Seng TECH Total Return Index,22.03,22.4,21.5,21.9,0.4,1.86,1036306,22819458.12,17.8133,35.59,21,-,-,-19.838945827232806,-5.846947549441112,21.5,0,-21.3,-7.57,16-Sep-2025,17-Aug-2026,-,-5.846947549441112,-,-19.838945827232806,38.46586119696545,-4.285714285714279,https://nsearchives.nseindia.com/today/MAHKTECHEQN.svg,https://nsearchives.nseindia.com/30d/MAHKTECH-EQ.svg,https://nsearchives.nseindia.com/365d/MAHKTECH-EQ.svg,EQ
AUTOIETF,Nifty Auto Index,27.92,28.37,27.8,28.36,0.39,1.39,752124,21247503,27.8854,31.46,24.2,01-MAR-24,FACE VALUE SPLIT (SUB-DIVISION) - FROM RS 10/- PER SHARE TO RE 1/- PER SHARE,1.39435109045406,-6.710526315789471,27.97,0,0,-7.99,16-Sep-2025,17-Aug-2026,FACE VALUE SPLIT (SUB-DIVISION) - FROM RS 10/- PER SHARE TO RE 1/- PER SHARE,-6.710526315789471,01-MAR-24,1.39435109045406,9.853782581055311,-17.1900826446281,https://nsearchives.nseindia.com/today/AUTOIETFEQN.svg,https://nsearchives.nseindia.com/30d/AUTOIETF-EQ.svg,https://nsearchives.nseindia.com/365d/AUTOIETF-EQ.svg,EQ
DEFENCE,BSE India Defence,77.68,77.95,76.85,77.81,0.88,1.14,270552,21002951.76,76.7753,85.6,58.91,-,-,Infinity,-5.901560043536094,76.93,0,0,-6.97,,17-Aug-2026,-,-5.901560043536094,-,Infinity,9.100467289719617,-32.082838227805134,https://nsearchives.nseindia.com/today/DEFENCEEQN.svg,https://nsearchives.nseindia.com/30d/DEFENCE-EQ.svg,,EQ
QGOLDHALF,Gold,124.86,125.24,123.93,124.64,-0.51,-0.41,165964,20685752.96,125.2406,149.69,90.62,16-DEC-21, FACE VALUE SPLIT (SUB-DIVISION) - FROM RS 100 PER SHARE TO RS 2 PER SHARE,35.272411547644886,-1.6491754122938558,125.15,0,35.83,-1.25,16-Sep-2025,17-Aug-2026, FACE VALUE SPLIT (SUB-DIVISION) - FROM RS 100 PER SHARE TO RS 2 PER SHARE,-1.6491754122938558,16-DEC-21,35.272411547644886,16.734584808604446,-37.54138159346722,https://nsearchives.nseindia.com/today/QGOLDHALFEQN.svg,https://nsearchives.nseindia.com/30d/QGOLDHALF-EQ.svg,https://nsearchives.nseindia.com/365d/QGOLDHALF-EQ.svg,EQ
LICMFGOLD,Gold,135.25,136.55,134.25,134.6,-1,-0.74,151724,20534326.16,,162,98,06-MAR-26,FACE VALUE SPLIT (SUB-DIVISION) - FROM RS 100/- PER SHARE TO RE 1/- PER SHARE,-98.66049659153107,-2.1090909090909133,135.6,0,-98.65,-1.38,16-Sep-2025,17-Aug-2026,FACE VALUE SPLIT (SUB-DIVISION) - FROM RS 100/- PER SHARE TO RE 1/- PER SHARE,-2.1090909090909133,06-MAR-26,-98.66049659153107,16.913580246913583,-37.346938775510196,https://nsearchives.nseindia.com/today/LICMFGOLDEQN.svg,https://nsearchives.nseindia.com/30d/LICMFGOLD-EQ.svg,https://nsearchives.nseindia.com/365d/LICMFGOLD-EQ.svg,EQ
ESILVER,Edelweiss Silver ETF,227.3,227.3,223.24,226,-2.89,-1.26,87265,19767267.8,228.6378,375,126,-,-,73.83278209368511,-3.22856898175901,228.89,0,76.06,-1.99,16-Sep-2025,17-Aug-2026,-,-3.22856898175901,-,73.83278209368511,39.733333333333334,-79.36507936507937,https://nsearchives.nseindia.com/today/ESILVEREQN.svg,https://nsearchives.nseindia.com/30d/ESILVER-EQ.svg,https://nsearchives.nseindia.com/365d/ESILVER-EQ.svg,EQ
NEXT50,Nifty Next 50,725.93,736.69,725.93,736.25,6.67,0.91,26277,19302821.43,727.3554,785.96,617,-,-,4.034195280486075,-4.415392205229402,729.58,0,3.09,-5.28,16-Sep-2025,17-Aug-2026,-,-4.415392205229402,-,4.034195280486075,6.32474935111202,-19.32739059967585,https://nsearchives.nseindia.com/today/NEXT50EQN.svg,https://nsearchives.nseindia.com/30d/NEXT50-EQ.svg,https://nsearchives.nseindia.com/365d/NEXT50-EQ.svg,EQ
ALPHAETF,Mirae Asset Nifty 200 Alpha 30 ETF,26.24,26.24,25.72,26,0.27,1.05,738021,19181165.79,25.7105,27.61,21.8,-,-,2.4025206774320575,-3.057419835943327,25.73,0,1.34,-4.06,16-Sep-2025,17-Aug-2026,-,-3.057419835943327,-,2.4025206774320575,5.831220572256427,-19.266055045871557,https://nsearchives.nseindia.com/today/ALPHAETFEQN.svg,https://nsearchives.nseindia.com/30d/ALPHAETF-EQ.svg,https://nsearchives.nseindia.com/365d/ALPHAETF-EQ.svg,EQ
GROWWPOWER,BSE Power Index - TRI,10.98,11.13,10.96,11.07,0.14,1.28,1714886,18949490.3,10.9407,13.2,7.75,-,-,8.742632612966608,-3.906249999999994,10.93,0,7.37,-5.12,16-Sep-2025,17-Aug-2026,-,-3.906249999999994,-,8.742632612966608,16.13636363636363,-42.83870967741935,https://nsearchives.nseindia.com/today/GROWWPOWEREQN.svg,https://nsearchives.nseindia.com/30d/GROWWPOWER-EQ.svg,https://nsearchives.nseindia.com/365d/GROWWPOWER-EQ.svg,EQ
GROWWLIQID,Nifty 1D Rate Index,110.78,110.78,110.77,110.78,0.02,0.02,154650,17130580.5,110.7624,112.71,105.15,-,-,4.756501182033098,0.37147775663676413,110.76,0,4.74,0.35,16-Sep-2025,17-Aug-2026,-,0.37147775663676413,-,4.756501182033098,1.7123591518055121,-5.354255825011883,https://nsearchives.nseindia.com/today/GROWWLIQIDEQN.svg,https://nsearchives.nseindia.com/30d/GROWWLIQID-EQ.svg,https://nsearchives.nseindia.com/365d/GROWWLIQID-EQ.svg,EQ
MOMMIDCAP,BSE Midcap 150 Momentum 30 TRI,12.67,12.77,12.59,12.7,0.1,0.79,1344900,17093679,12.5832,14.99,10.8,-,-,Infinity,-3.1273836765827623,12.6,0,0,-3.89,,17-Aug-2026,-,-3.1273836765827623,-,Infinity,15.27685123415611,-17.592592592592577,https://nsearchives.nseindia.com/today/MOMMIDCAPEQN.svg,https://nsearchives.nseindia.com/30d/MOMMIDCAP-EQ.svg,,EQ
GROWWDEFNC,Nifty India Defence Index- Total Return Index,91.8,92.84,91.11,92.06,0.27,0.29,180595,16643635.2,91.1478,102.07,71.78,-,-,12.984781541482569,-6.840720501922679,91.79,0,12.65,-7.11,16-Sep-2025,17-Aug-2026,-,-6.840720501922679,-,12.984781541482569,9.80699519937297,-28.25299526330454,https://nsearchives.nseindia.com/today/GROWWDEFNCEQN.svg,https://nsearchives.nseindia.com/30d/GROWWDEFNC-EQ.svg,https://nsearchives.nseindia.com/365d/GROWWDEFNC-EQ.svg,EQ
AONELIQUID,Nifty 1D Rate Index,1077.14,1077.17,1077.14,1077.17,0.15,0.01,14434,15547727.44,1077.0191,1094.59,997.56,-,-,5.024180024180021,0.39705101080239635,1077.02,0,5.01,0.38,16-Sep-2025,17-Aug-2026,-,0.39705101080239635,-,5.024180024180021,1.5914634703404789,-7.980472352540211,https://nsearchives.nseindia.com/today/AONELIQUIDEQN.svg,https://nsearchives.nseindia.com/30d/AONELIQUID-EQ.svg,https://nsearchives.nseindia.com/365d/AONELIQUID-EQ.svg,EQ
HDFCLIQUID,HDFC Nifty 1D Rate Liquid ETF,1078.2,1078.2,1078.18,1078.19,0.14,0.01,14392,15517166.56,,1079.4,1009.91,28-FEB-25,CHANGE IN FUNDAMENTAL ATTRIBUTE OF HDFC NIFTY 1D RATE LIQUID ETF,4.902704806382575,0.387326238559452,1078.05,0,4.89,0.37,16-Sep-2025,17-Aug-2026,CHANGE IN FUNDAMENTAL ATTRIBUTE OF HDFC NIFTY 1D RATE LIQUID ETF,0.387326238559452,28-FEB-25,4.902704806382575,0.11209931443394815,-6.7609985048172705,https://nsearchives.nseindia.com/today/HDFCLIQUIDEQN.svg,https://nsearchives.nseindia.com/30d/HDFCLIQUID-EQ.svg,https://nsearchives.nseindia.com/365d/HDFCLIQUID-EQ.svg,EQ
HDFCMID150,HDFC NIFTY Midcap 150 ETF,23.28,23.28,22.6,22.9,0.18,0.79,671075,15334063.75,22.6654,25.2,19.42,20-OCT-23,FACE VALUE SPLIT (SUB-DIVISION) - FROM RS 115.95/- PER SHARE TO RS 11.59/- PER SHARE,4.233045061447427,-3.4162800506115656,22.72,0,3.41,-4.18,16-Sep-2025,17-Aug-2026,FACE VALUE SPLIT (SUB-DIVISION) - FROM RS 115.95/- PER SHARE TO RS 11.59/- PER SHARE,-3.4162800506115656,20-OCT-23,4.233045061447427,9.12698412698413,-17.91967044284241,https://nsearchives.nseindia.com/today/HDFCMID150EQN.svg,https://nsearchives.nseindia.com/30d/HDFCMID150-EQ.svg,https://nsearchives.nseindia.com/365d/HDFCMID150-EQ.svg,EQ
ICICIB22,S&P BSE BHARAT 22 index,111,112.63,110.2,111.7,-0.08,-0.07,130930,14695583.2,111.9138,131,108.77,-,-,1.3703602867773892,-3.465560452856271,111.78,0,1.44,-3.4,16-Sep-2025,17-Aug-2026,-,-3.465560452856271,-,1.3703602867773892,14.732824427480914,-2.6937574698906013,https://nsearchives.nseindia.com/today/ICICIB22EQN.svg,https://nsearchives.nseindia.com/30d/ICICIB22-EQ.svg,https://nsearchives.nseindia.com/365d/ICICIB22-EQ.svg,EQ
NIFTY1,Nifty 50,258.43,259.71,257.14,259.2,0.77,0.30,56430,14619884.4,257.9652,295.8,244.8,27-JUL-17, FACE VALUE SPLIT (SUB-DIVISION) - FROM RS 10/- PER SHARE TO RS 1/- PER SHARE,-6.537338189160926,-4.184533491054264,258.43,0,-6.81,-4.47,16-Sep-2025,17-Aug-2026, FACE VALUE SPLIT (SUB-DIVISION) - FROM RS 10/- PER SHARE TO RS 1/- PER SHARE,-4.184533491054264,27-JUL-17,-6.537338189160926,12.373225152129825,-5.882352941176461,https://nsearchives.nseindia.com/today/NIFTY1EQN.svg,https://nsearchives.nseindia.com/30d/NIFTY1-EQ.svg,https://nsearchives.nseindia.com/365d/NIFTY1-EQ.svg,EQ
LIQUIDSBI,SBI NIFTY 1D Rate ETF,999.99,1000.01,999.99,1000.01,0.01,0.00,14603,14603000,1000,1010.02,970.23,-,-,0.0009999999999990906,0.002000020000198183,1000,0,0,0,16-Sep-2025,17-Aug-2026,-,0.002000020000198183,-,0.0009999999999990906,0.9910694837725976,-3.0693753027632593,https://nsearchives.nseindia.com/today/LIQUIDSBIEQN.svg,https://nsearchives.nseindia.com/30d/LIQUIDSBI-EQ.svg,https://nsearchives.nseindia.com/365d/LIQUIDSBI-EQ.svg,EQ
MID150,Nifty Midcap 150 Index,22.99,23.01,22.82,22.93,0.05,0.22,635762,14584380.28,,24.95,18.97,-,-,4.179918218991359,-3.9379974863845884,22.88,0,3.95,-4.15,16-Sep-2025,17-Aug-2026,-,-3.9379974863845884,-,4.179918218991359,8.096192384769537,-20.875065893516084,https://nsearchives.nseindia.com/today/MID150EQN.svg,https://nsearchives.nseindia.com/30d/MID150-EQ.svg,https://nsearchives.nseindia.com/365d/MID150-EQ.svg,EQ
MOM100,Nifty Midcap 100,66.11,66.7,65.72,66.66,0.55,0.83,218093,14446480.32,65.7403,70.32,56.15,-,-,5.424640202435553,-3.082291363768544,66.11,0,4.55,-3.88,16-Sep-2025,17-Aug-2026,-,-3.082291363768544,-,5.424640202435553,5.204778156996583,-18.717720391807653,https://nsearchives.nseindia.com/today/MOM100EQN.svg,https://nsearchives.nseindia.com/30d/MOM100-EQ.svg,https://nsearchives.nseindia.com/365d/MOM100-EQ.svg,EQ
GROWWRAIL,Nifty India Railways PSU Index,26.86,27.24,26.75,27.14,0.39,1.46,521994,14046858.54,26.694,36.75,26.4,-,-,-24.92392807745504,-6.57487091222031,26.75,0,-26,-7.92,16-Sep-2025,17-Aug-2026,-,-6.57487091222031,-,-24.92392807745504,26.14965986394558,-2.8030303030303108,https://nsearchives.nseindia.com/today/GROWWRAILEQN.svg,https://nsearchives.nseindia.com/30d/GROWWRAIL-EQ.svg,https://nsearchives.nseindia.com/365d/GROWWRAIL-EQ.svg,EQ
NEXT50BETA,Nifty Next 50,76.55,77.45,75.9,77.45,1.11,1.45,178892,13762161.56,76.0765,82.51,64.34,25-MAR-21, FACE VALUE SPLIT (SUB-DIVISION) - FROM RS 10/- PER UNIT TO Re 1/- PER UNIT,Infinity,-3.7529514104635218,76.34,0,0,-5.13,,17-Aug-2026, FACE VALUE SPLIT (SUB-DIVISION) - FROM RS 10/- PER UNIT TO Re 1/- PER UNIT,-3.7529514104635218,25-MAR-21,Infinity,6.132589989092233,-20.376126826235623,https://nsearchives.nseindia.com/today/NEXT50BETAEQN.svg,https://nsearchives.nseindia.com/30d/NEXT50BETA-EQ.svg,,EQ
MIDCAPIETF,Nifty Midcap 150,22.64,23.5,22.64,23.43,0.2,0.86,576797,13468209.95,23.1705,24.88,19.89,10-MAY-24,FACE VALUE SPLIT (SUB-DIVISION) - FROM RS 10/- PER SHARE TO RE 1/- PER SHARE,4.225978647686829,-3.699136868064113,23.23,0,3.34,-4.52,16-Sep-2025,17-Aug-2026,FACE VALUE SPLIT (SUB-DIVISION) - FROM RS 10/- PER SHARE TO RE 1/- PER SHARE,-3.699136868064113,10-MAY-24,4.225978647686829,5.827974276527329,-17.797888386123674,https://nsearchives.nseindia.com/today/MIDCAPIETFEQN.svg,https://nsearchives.nseindia.com/30d/MIDCAPIETF-EQ.svg,https://nsearchives.nseindia.com/365d/MIDCAPIETF-EQ.svg,EQ
MOM30IETF,ICICI Prudential Nifty 200 Momentum 30 ETF,30.47,30.84,30.24,30.84,0.5,1.65,432970,13257541.4,30.2534,32.9,26,12-AUG-22,ADDITONAL ISSUANCE 9:1,-2.219403931515534,-2.7742749054224434,30.34,0,-3.8,-4.35,16-Sep-2025,17-Aug-2026,ADDITONAL ISSUANCE 9:1,-2.7742749054224434,12-AUG-22,-2.219403931515534,6.26139817629179,-18.615384615384617,https://nsearchives.nseindia.com/today/MOM30IETFEQN.svg,https://nsearchives.nseindia.com/30d/MOM30IETF-EQ.svg,https://nsearchives.nseindia.com/365d/MOM30IETF-EQ.svg,EQ
BANKETF,Mirae Asset Nifty Bank ETF,572.49,577.14,571.5,572.76,-0.83,-0.14,22817,13082126.95,574.3759,628.27,507.01,-,-,2.238406340366278,-2.535479699145761,573.59,0,2.39,-2.39,16-Sep-2025,17-Aug-2026,-,-2.535479699145761,-,2.238406340366278,8.83537332675442,-12.968186031833692,https://nsearchives.nseindia.com/today/BANKETFEQN.svg,https://nsearchives.nseindia.com/30d/BANKETF-EQ.svg,https://nsearchives.nseindia.com/365d/BANKETF-EQ.svg,EQ
MOSMALL250,Motilal Oswal Nifty Smallcap 250 ETF,17.94,18.22,17.94,18.22,0.28,1.56,713339,12918569.29,17.9614,19.38,14.22,-,-,4.472477064220169,-0.9244154431756482,17.94,0,2.87,-2.45,16-Sep-2025,17-Aug-2026,-,-0.9244154431756482,-,4.472477064220169,5.985552115583077,-28.1293952180028,https://nsearchives.nseindia.com/today/MOSMALL250EQN.svg,https://nsearchives.nseindia.com/30d/MOSMALL250-EQ.svg,https://nsearchives.nseindia.com/365d/MOSMALL250-EQ.svg,EQ
MOMOMENTUM,Nifty 200 Momentum 30 Total Return Index,60.63,61.11,60.33,60.69,0.36,0.60,211558,12881766.62,60.1385,66.28,54.32,11-AUG-22,FACE VALUE SPLIT (SUB-DIVISION) - FROM RS 10/- PER UNIT TO RS 2/- PER UNIT,-3.344481605351173,-3.8345745523688826,60.33,0,-3.92,-4.41,16-Sep-2025,17-Aug-2026,FACE VALUE SPLIT (SUB-DIVISION) - FROM RS 10/- PER UNIT TO RS 2/- PER UNIT,-3.8345745523688826,11-AUG-22,-3.344481605351173,8.433916716958363,-11.726804123711336,https://nsearchives.nseindia.com/today/MOMOMENTUMEQN.svg,https://nsearchives.nseindia.com/30d/MOMOMENTUM-EQ.svg,https://nsearchives.nseindia.com/365d/MOMOMENTUM-EQ.svg,EQ
MOMENTUM50,Nifty 500 Momentum 50 Total Return Index,52.84,53.27,52.48,53.25,0.59,1.12,239860,12719775.8,52.4646,55.97,44.96,-,-,2.10930009587728,-2.077969841853627,52.66,0,0.98,-3.16,16-Sep-2025,17-Aug-2026,-,-2.077969841853627,-,2.10930009587728,4.859746292656778,-18.438612099644125,https://nsearchives.nseindia.com/today/MOMENTUM50EQN.svg,https://nsearchives.nseindia.com/30d/MOMENTUM50-EQ.svg,https://nsearchives.nseindia.com/365d/MOMENTUM50-EQ.svg,EQ
LIQUIDSHRI,SHRIRAM NIFTY 1D RATE LIQUID ETF,1121.72,1121.74,1121.72,1121.72,0.14,0.01,11007,12346772.04,1121.5919,1121.74,1070.67,-,-,4.767063921993496,0.36505493718907045,1121.58,0,4.75,0.35,16-Sep-2025,17-Aug-2026,-,0.36505493718907045,-,4.767063921993496,0.0017829443543050806,-4.768042440714688,https://nsearchives.nseindia.com/today/LIQUIDSHRIEQN.svg,https://nsearchives.nseindia.com/30d/LIQUIDSHRI-EQ.svg,https://nsearchives.nseindia.com/365d/LIQUIDSHRI-EQ.svg,EQ
ABSLLIQUID,Aditya Birla Sun Life CRISIL Overnight Fund AI ETF,995,1000.01,995,1000.01,0.01,0.00,12180,12179634.6,1000,1044.99,975,-,-,0.0009999999999990906,0.0009999999999990906,1000,0,0,0,16-Sep-2025,17-Aug-2026,-,0.0009999999999990906,-,0.0009999999999990906,4.304347410023064,-2.5651282051282043,https://nsearchives.nseindia.com/today/ABSLLIQUIDEQN.svg,https://nsearchives.nseindia.com/30d/ABSLLIQUID-EQ.svg,https://nsearchives.nseindia.com/365d/ABSLLIQUID-EQ.svg,EQ
TOP100CASE,Zerodha Nifty 100 ETF,10.46,10.46,10.2,10.32,0.11,1.08,1171887,12023560.62,10.2121,11.57,9.48,-,-,-4.444444444444448,-3.821062441752098,10.21,0,-5.46,-4.85,16-Sep-2025,17-Aug-2026,-,-3.821062441752098,-,-4.444444444444448,10.8038029386344,-8.860759493670884,https://nsearchives.nseindia.com/today/TOP100CASEEQN.svg,https://nsearchives.nseindia.com/30d/TOP100CASE-EQ.svg,https://nsearchives.nseindia.com/365d/TOP100CASE-EQ.svg,EQ
MONIFTY500,Motilal Oswal Nifty 500 ETF,23.61,23.61,22.8,23.25,0.1,0.43,505785,11754443.4,23.067,28.28,20.75,-,-,-2.1052631578947367,-4.202719406674905,23.15,0,-2.53,-4.61,16-Sep-2025,17-Aug-2026,-,-4.202719406674905,-,-2.1052631578947367,17.78642149929279,-12.048192771084338,https://nsearchives.nseindia.com/today/MONIFTY500EQN.svg,https://nsearchives.nseindia.com/30d/MONIFTY500-EQ.svg,https://nsearchives.nseindia.com/365d/MONIFTY500-EQ.svg,EQ
EBBETF0430,Nifty BHARAT Bond,1596.18,1610.12,1596.18,1607.69,3.69,0.23,7020,11271733.2,1609.5654,1646.18,1501.89,-,-,4.667999140619408,-0.23766382049244983,1604,0,4.43,-0.47,16-Sep-2025,17-Aug-2026,-,-0.23766382049244983,-,4.667999140619408,2.338140422068061,-7.044457317113767,https://nsearchives.nseindia.com/today/EBBETF0430EQN.svg,https://nsearchives.nseindia.com/30d/EBBETF0430-EQ.svg,https://nsearchives.nseindia.com/365d/EBBETF0430-EQ.svg,EQ
ITETF,Mirae Asset Nifty IT ETF,30.92,31.16,30.55,30.97,0.17,0.55,357330,11034350.4,30.8567,42.02,27.22,-,-,-17.654879021536825,-5.174525413349657,30.8,0,-18.11,-5.7,16-Sep-2025,17-Aug-2026,-,-5.174525413349657,-,-17.654879021536825,26.297001427891487,-13.776634827332844,https://nsearchives.nseindia.com/today/ITETFEQN.svg,https://nsearchives.nseindia.com/30d/ITETF-EQ.svg,https://nsearchives.nseindia.com/365d/ITETF-EQ.svg,EQ
SETFNN50,Nifty Next 50,761.11,766.5,756.14,765,6.8,0.90,13672,10421071.84,755.1416,840,636.01,02-NOV-17, DIVIDEND - RS 7/- PER UNIT,4.298744324921261,-4.49438202247191,758.2,0,3.37,-5.34,16-Sep-2025,17-Aug-2026, DIVIDEND - RS 7/- PER UNIT,-4.49438202247191,02-NOV-17,4.298744324921261,8.928571428571429,-20.281127655225546,https://nsearchives.nseindia.com/today/SETFNN50EQN.svg,https://nsearchives.nseindia.com/30d/SETFNN50-EQ.svg,https://nsearchives.nseindia.com/365d/SETFNN50-EQ.svg,EQ
LTGILTBEES,NIFTY 8-13 yr G-Sec Index,29.77,29.77,29.66,29.68,-0.02,-0.07,340430,10100558.1,29.7197,30.61,28.13,-,-,2.876949740034656,-1.2312811980033311,29.7,0,2.95,-1.16,16-Sep-2025,17-Aug-2026,-,-1.2312811980033311,-,2.876949740034656,3.038222803005553,-5.5101315321720605,https://nsearchives.nseindia.com/today/LTGILTBEESEQN.svg,https://nsearchives.nseindia.com/30d/LTGILTBEES-EQ.svg,https://nsearchives.nseindia.com/365d/LTGILTBEES-EQ.svg,EQ
LOWVOLIETF,Nifty 100 Low Volatility 30 Index,21.71,21.71,21.29,21.31,0.03,0.14,472478,10092130.08,21.3219,26.81,19.84,01-MAR-24,FACE VALUE SPLIT (SUB-DIVISION) - FROM RS 10/- PER SHARE TO RE 1/- PER SHARE,-5.999117776797542,-5.330964015992905,21.28,0,-6.13,-5.46,16-Sep-2025,17-Aug-2026,FACE VALUE SPLIT (SUB-DIVISION) - FROM RS 10/- PER SHARE TO RE 1/- PER SHARE,-5.330964015992905,01-MAR-24,-5.999117776797542,20.51473330846699,-7.409274193548382,https://nsearchives.nseindia.com/today/LOWVOLIETFEQN.svg,https://nsearchives.nseindia.com/30d/LOWVOLIETF-EQ.svg,https://nsearchives.nseindia.com/365d/LOWVOLIETF-EQ.svg,EQ
GROWWHOSPI,BSE Hospitals Index,52.41,52.5,51.15,52.5,1.36,2.66,187670,9768223.5,51.3642,62,43.35,-,-,Infinity,-0.3227643820011424,51.14,0,0,-2.9,,17-Aug-2026,-,-0.3227643820011424,-,Infinity,15.32258064516129,-21.107266435986155,https://nsearchives.nseindia.com/today/GROWWHOSPIEQN.svg,https://nsearchives.nseindia.com/30d/GROWWHOSPI-EQ.svg,,EQ
ITIETF,Nifty IT Index,32.24,32.7,32.04,32.45,0.18,0.56,298904,9645632.08,32.3577,44.3,28.54,01-SEP-22,FACE VALUE SPLIT (SUB-DIVISION) - FROM RS 10/- PER UNIT TO RE 1/- PER UNIT,-17.702257164595476,-5.31076743507441,32.27,0,-18.16,-5.84,16-Sep-2025,17-Aug-2026,FACE VALUE SPLIT (SUB-DIVISION) - FROM RS 10/- PER UNIT TO RE 1/- PER UNIT,-5.31076743507441,01-SEP-22,-17.702257164595476,26.749435665914213,-13.700070077084806,https://nsearchives.nseindia.com/today/ITIETFEQN.svg,https://nsearchives.nseindia.com/30d/ITIETF-EQ.svg,https://nsearchives.nseindia.com/365d/ITIETF-EQ.svg,EQ
ENERGY,Nifty Energy,37.55,37.76,37.5,37.72,0.18,0.48,237663,8933752.17,37.4965,42.82,29,-,-,Infinity,-3.157894736842115,37.54,0,0,-3.62,,17-Aug-2026,-,-3.157894736842115,-,Infinity,11.910322279308737,-30.068965517241374,https://nsearchives.nseindia.com/today/ENERGYEQN.svg,https://nsearchives.nseindia.com/30d/ENERGY-EQ.svg,,EQ
MID150CASE,Zerodha Nifty Midcap 150 ETF,11.53,11.53,11.23,11.4,0.1,0.88,778742,8838721.7,11.2711,13,9.63,-,-,4.875804967801299,-3.7162162162162122,11.3,0,3.96,-4.56,16-Sep-2025,17-Aug-2026,-,-3.7162162162162122,-,4.875804967801299,12.307692307692305,-18.380062305295944,https://nsearchives.nseindia.com/today/MID150CASEEQN.svg,https://nsearchives.nseindia.com/30d/MID150CASE-EQ.svg,https://nsearchives.nseindia.com/365d/MID150CASE-EQ.svg,EQ
SML100CASE,Nifty Smallcap 100 Index,11,11.16,11,11.16,0.15,1.36,770506,8552616.6,11.0276,11.77,8.5,-,-,7.930367504835592,-1.0638297872340357,11.01,0,6.48,-2.39,16-Sep-2025,17-Aug-2026,-,-1.0638297872340357,-,7.930367504835592,5.182667799490225,-31.294117647058822,https://nsearchives.nseindia.com/today/SML100CASEEQN.svg,https://nsearchives.nseindia.com/30d/SML100CASE-EQ.svg,https://nsearchives.nseindia.com/365d/SML100CASE-EQ.svg,EQ
GROWWCAPM,Nifty Capital Markets Index,11,11.18,10.93,11.1,0.07,0.63,735659,8173171.49,11.0106,12.66,8.02,-,-,Infinity,-1.3333333333333366,11.03,0,0,-1.96,,17-Aug-2026,-,-1.3333333333333366,-,Infinity,12.322274881516591,-38.403990024937656,https://nsearchives.nseindia.com/today/GROWWCAPMEQN.svg,https://nsearchives.nseindia.com/30d/GROWWCAPM-EQ.svg,,EQ
GROWWEV,Nifty EV and New Age Automotive Index,31.36,31.99,30.7,31.71,0.5,1.60,258717,8136649.65,31.3039,34.64,26.2,-,-,-0.18885741265344264,-7.226448215330599,31.21,0,-1.76,-8.69,16-Sep-2025,17-Aug-2026,-,-7.226448215330599,-,-0.18885741265344264,8.458429561200923,-21.030534351145043,https://nsearchives.nseindia.com/today/GROWWEVEQN.svg,https://nsearchives.nseindia.com/30d/GROWWEV-EQ.svg,https://nsearchives.nseindia.com/365d/GROWWEV-EQ.svg,EQ
FINIETF,ICICI Prudential Nifty Financial Services Ex-Bank ETF,31.7,32.05,31.6,32.04,0.43,1.36,250140,7976964.6,31.5911,34.56,27.4,-,-,4.842931937172777,-3.639097744360905,31.61,0,3.44,-4.93,16-Sep-2025,17-Aug-2026,-,-3.639097744360905,-,4.842931937172777,7.291666666666675,-16.934306569343068,https://nsearchives.nseindia.com/today/FINIETFEQN.svg,https://nsearchives.nseindia.com/30d/FINIETF-EQ.svg,https://nsearchives.nseindia.com/365d/FINIETF-EQ.svg,EQ
MIDSELIETF,S&P BSE Midcap Select Index,19.28,19.5,19.26,19.34,0.03,0.16,408836,7947771.84,19.3117,20.39,14.55,10-MAY-24,FACE VALUE SPLIT (SUB-DIVISION) - FROM RS 10/- PER SHARE TO RE 1/- PER SHARE,8.529741863075193,-3.0576441102756866,19.31,0,8.36,-3.21,16-Sep-2025,17-Aug-2026,FACE VALUE SPLIT (SUB-DIVISION) - FROM RS 10/- PER SHARE TO RE 1/- PER SHARE,-3.0576441102756866,10-MAY-24,8.529741863075193,5.1495831289847995,-32.920962199312704,https://nsearchives.nseindia.com/today/MIDSELIETFEQN.svg,https://nsearchives.nseindia.com/30d/MIDSELIETF-EQ.svg,https://nsearchives.nseindia.com/365d/MIDSELIETF-EQ.svg,EQ
CHEMICAL,Nifty Chemicals Index (TRI),29.04,29.2,28.88,29.15,0.24,0.83,271437,7882530.48,28.858,31.8,24.5,-,-,Infinity,-5.387861084063616,28.91,0,0,-6.17,,17-Aug-2026,-,-5.387861084063616,-,Infinity,8.333333333333341,-18.979591836734688,https://nsearchives.nseindia.com/today/CHEMICALEQN.svg,https://nsearchives.nseindia.com/30d/CHEMICAL-EQ.svg,,EQ
GILT5YBEES,Nifty 5 yr Benchmark G-Sec Index,66,66,65.62,65.82,0.08,0.12,114991,7565257.89,65.808,68.3,61.45,-,-,5.1101884381986515,-0.664050709326912,65.74,0,4.98,-0.78,16-Sep-2025,17-Aug-2026,-,-0.664050709326912,-,5.1101884381986515,3.631039531478776,-7.111472742066705,https://nsearchives.nseindia.com/today/GILT5YBEESEQN.svg,https://nsearchives.nseindia.com/30d/GILT5YBEES-EQ.svg,https://nsearchives.nseindia.com/365d/GILT5YBEES-EQ.svg,EQ
CONSUMBEES,Nifty India Consumption TRI,127.79,128.22,126.38,126.95,-0.14,-0.11,57414,7326600.54,126.7445,144.38,114,-,-,-7.987243603681956,-6.122901722990451,127.09,0,-7.89,-6.02,16-Sep-2025,17-Aug-2026,-,-6.122901722990451,-,-7.987243603681956,12.072309184097517,-11.359649122807019,https://nsearchives.nseindia.com/today/CONSUMBEESEQN.svg,https://nsearchives.nseindia.com/30d/CONSUMBEES-EQ.svg,https://nsearchives.nseindia.com/365d/CONSUMBEES-EQ.svg,EQ
MIDSMALL,Mirae Asset Nifty MidSmallcap400 Momentum Quality 100 ETF,50.78,50.9,50.3,50.69,0.38,0.76,135992,6897514.24,50.239,53.07,42.41,-,-,2.5905687107872923,-3.281816447242891,50.31,0,1.82,-4.01,16-Sep-2025,17-Aug-2026,-,-3.281816447242891,-,2.5905687107872923,4.484642924439425,-19.5236972412167,https://nsearchives.nseindia.com/today/MIDSMALLEQN.svg,https://nsearchives.nseindia.com/30d/MIDSMALL-EQ.svg,https://nsearchives.nseindia.com/365d/MIDSMALL-EQ.svg,EQ
HDFCNEXT50,HDFC NIFTY NEXT 50 ETF,72.13,73.17,71.92,72.99,0.86,1.19,93622,6794148.54,72.0019,78.07,59.99,20-OCT-23,FACE VALUE SPLIT (SUB-DIVISION) - FROM RS 418.18/- PER SHARE TO RS 41.81/- PER SHARE,3.974358974358963,-4.400785854616895,72.13,0,2.75,-5.53,16-Sep-2025,17-Aug-2026,FACE VALUE SPLIT (SUB-DIVISION) - FROM RS 418.18/- PER SHARE TO RS 41.81/- PER SHARE,-4.400785854616895,20-OCT-23,3.974358974358963,6.506980914563852,-21.670278379729943,https://nsearchives.nseindia.com/today/HDFCNEXT50EQN.svg,https://nsearchives.nseindia.com/30d/HDFCNEXT50-EQ.svg,https://nsearchives.nseindia.com/365d/HDFCNEXT50-EQ.svg,EQ
SBIMIDMOM,Nifty Midcap 150 Momentum 50 Index,61.92,62.95,61.92,62.82,0.81,1.31,106166,6649176.58,61.7434,67.74,53.86,-,-,Infinity,-2.423112767940347,62.01,0,0,-3.68,,17-Aug-2026,-,-2.423112767940347,-,Infinity,7.263064658990249,-16.63572224285184,https://nsearchives.nseindia.com/today/SBIMIDMOMEQN.svg,https://nsearchives.nseindia.com/30d/SBIMIDMOM-EQ.svg,,EQ
NIFTYCASE,Nifty Index 50 Index,9.37,9.42,9.28,9.35,0,0.00,705543,6610937.91,9.3308,11.61,8.84,-,-,Infinity,-4.396728016359916,9.35,0,0,-4.4,,17-Aug-2026,-,-4.396728016359916,-,Infinity,19.46597760551249,-5.7692307692307665,https://nsearchives.nseindia.com/today/NIFTYCASEEQN.svg,https://nsearchives.nseindia.com/30d/NIFTYCASE-EQ.svg,,EQ
NIFTYBETA,Nifty 50,258.24,259.56,257.45,259.27,1.03,0.40,25000,6467250,257.716,297.48,244.9,25-SEP-23,FACE VALUE SPLIT (SUB-DIVISION) - FROM RS 10/- PER SHARE TO RE 1/- PER SHARE,Infinity,-4.16928479024211,258.24,0,0,-4.55,,17-Aug-2026,FACE VALUE SPLIT (SUB-DIVISION) - FROM RS 10/- PER SHARE TO RE 1/- PER SHARE,-4.16928479024211,25-SEP-23,Infinity,12.844560978889348,-5.867701102490803,https://nsearchives.nseindia.com/today/NIFTYBETAEQN.svg,https://nsearchives.nseindia.com/30d/NIFTYBETA-EQ.svg,,EQ
GROWWNIFTY,Nifty 50 Index - TRI,9.19,9.55,9.19,9.45,0.02,0.21,665258,6266730.36,9.3922,11.88,8.93,-,-,-6.342913776015863,-3.7678207739307634,9.43,0,-6.54,-3.97,16-Sep-2025,17-Aug-2026,-,-3.7678207739307634,-,-6.342913776015863,20.454545454545464,-5.823068309070544,https://nsearchives.nseindia.com/today/GROWWNIFTYEQN.svg,https://nsearchives.nseindia.com/30d/GROWWNIFTY-EQ.svg,https://nsearchives.nseindia.com/365d/GROWWNIFTY-EQ.svg,EQ
HDFCPVTBAN,HDFC NIFTY Private Bank ETF,27.24,27.95,27.24,27.83,0.03,0.11,225252,6259753.08,27.8477,30.17,24.31,02-FEB-24,FACE VALUE SPLIT (SUB-DIVISION) - FROM RS 216.75/- PER SHARE TO RS 21.675/- PER SHARE,1.5693430656934297,-0.8196721311475426,27.8,0,1.46,-0.93,16-Sep-2025,17-Aug-2026,FACE VALUE SPLIT (SUB-DIVISION) - FROM RS 216.75/- PER SHARE TO RS 21.675/- PER SHARE,-0.8196721311475426,02-FEB-24,1.5693430656934297,7.75604905535301,-14.479638009049772,https://nsearchives.nseindia.com/today/HDFCPVTBANEQN.svg,https://nsearchives.nseindia.com/30d/HDFCPVTBAN-EQ.svg,https://nsearchives.nseindia.com/365d/HDFCPVTBAN-EQ.svg,EQ
IVZINGOLD,Gold,131.4,131.5,130.1,130.85,-0.75,-0.57,47400,6206556,131.4219,156,94.63,30-APR-26,FACE VALUE SPLIT (SUB-DIVISION) - FROM RS 100/- PER SHARE TO RE 1/- PER SHARE,-98.6487393569507,-1.8011257035647321,131.6,0,-98.64,-1.24,16-Sep-2025,17-Aug-2026,FACE VALUE SPLIT (SUB-DIVISION) - FROM RS 100/- PER SHARE TO RE 1/- PER SHARE,-1.8011257035647321,30-APR-26,-98.6487393569507,16.121794871794876,-38.275388354644406,https://nsearchives.nseindia.com/today/IVZINGOLDEQN.svg,https://nsearchives.nseindia.com/30d/IVZINGOLD-EQ.svg,https://nsearchives.nseindia.com/365d/IVZINGOLD-EQ.svg,EQ
AONEGOLD,Domestic price of Gold,14.03,14.13,13.99,14.02,-0.08,-0.57,439629,6172391.16,14.1186,17.73,10.22,-,-,35.06743737957609,-1.6140350877193013,14.1,0,35.84,-1.05,16-Sep-2025,17-Aug-2026,-,-1.6140350877193013,-,35.06743737957609,20.924985899605193,-37.18199608610566,https://nsearchives.nseindia.com/today/AONEGOLDEQN.svg,https://nsearchives.nseindia.com/30d/AONEGOLD-EQ.svg,https://nsearchives.nseindia.com/365d/AONEGOLD-EQ.svg,EQ
MAKEINDIA,Nifty India Manufacturing Total Return Index,162.24,162.24,159.43,161.34,1.95,1.22,37857,6088919.88,158.9698,173.11,140.12,-,-,4.929760665972953,-4.696083643452058,159.39,0,3.66,-5.85,16-Sep-2025,17-Aug-2026,-,-4.696083643452058,-,4.929760665972953,6.799145052278902,-15.144162146731373,https://nsearchives.nseindia.com/today/MAKEINDIAEQN.svg,https://nsearchives.nseindia.com/30d/MAKEINDIA-EQ.svg,https://nsearchives.nseindia.com/365d/MAKEINDIA-EQ.svg,EQ
MIDCAPBETA,UTI Nifty Midcap 150 Exchange Traded Fund (ETF),226.62,228.98,225.55,227.98,1.51,0.67,26478,6035395.32,226.2518,240,192.5,-,-,Infinity,-4.129520605550892,226.47,0,0,-4.76,,17-Aug-2026,-,-4.129520605550892,-,Infinity,5.008333333333337,-18.431168831168826,https://nsearchives.nseindia.com/today/MIDCAPBETAEQN.svg,https://nsearchives.nseindia.com/30d/MIDCAPBETA-EQ.svg,,EQ
INFRABEES,Nifty Infra,930.64,933.97,924.03,933.6,7.59,0.82,6160,5715371.2,922.091,1018.3,871.35,-,-,-1.566750311030514,-4.519375325990238,926.01,0,-2.37,-5.3,16-Sep-2025,17-Aug-2026,-,-4.519375325990238,-,-1.566750311030514,8.317784542865553,-7.144086761921157,https://nsearchives.nseindia.com/today/INFRABEESEQN.svg,https://nsearchives.nseindia.com/30d/INFRABEES-EQ.svg,https://nsearchives.nseindia.com/365d/INFRABEES-EQ.svg,EQ
ABSLNN50ET,Nifty Next 50,74.64,75.12,74.28,74.8,0.53,0.71,71455,5337688.5,74.1732,80.33,63.02,25-NOV-21, FACE VALUE SPLIT (SUB-DIVISION) - FROM RS 10/- PER SHARE TO RE 1/- PER SHARE,4.250871080139369,-4.567491707068128,74.27,0,3.51,-5.24,16-Sep-2025,17-Aug-2026, FACE VALUE SPLIT (SUB-DIVISION) - FROM RS 10/- PER SHARE TO RE 1/- PER SHARE,-4.567491707068128,25-NOV-21,4.250871080139369,6.884103074816384,-18.69247857822912,https://nsearchives.nseindia.com/today/ABSLNN50ETEQN.svg,https://nsearchives.nseindia.com/30d/ABSLNN50ET-EQ.svg,https://nsearchives.nseindia.com/365d/ABSLNN50ET-EQ.svg,EQ
EBBETF0431,Nifty BHARAT Bond,1433.99,1433.99,1428.52,1430.01,2.72,0.19,3663,5238822.6,1433.3983,1469,1370.69,-,-,4.124919904467881,-0.9132546650129272,1427.29,0,3.93,-1.1,16-Sep-2025,17-Aug-2026,-,-0.9132546650129272,-,4.124919904467881,2.654186521443159,-4.3277473389314824,https://nsearchives.nseindia.com/today/EBBETF0431EQN.svg,https://nsearchives.nseindia.com/30d/EBBETF0431-EQ.svg,https://nsearchives.nseindia.com/365d/EBBETF0431-EQ.svg,EQ
IT,NIFTY IT Index,32.25,32.81,32.05,32.51,0.26,0.81,160242,5185431.12,32.3304,44.49,28.54,-,-,-17.25629931280224,-5.107997664915353,32.25,0,-17.92,-5.87,16-Sep-2025,17-Aug-2026,-,-5.107997664915353,-,-17.25629931280224,26.92739941559902,-13.910301331464607,https://nsearchives.nseindia.com/today/ITEQN.svg,https://nsearchives.nseindia.com/30d/IT-EQ.svg,https://nsearchives.nseindia.com/365d/IT-EQ.svg,EQ
MOMENTUM30,Nifty 200 Momentum 30 Index,29.97,30.2,29.89,29.98,0.07,0.23,171221,5141766.63,29.708,37.38,26.91,-,-,Infinity,-4.125359769747359,29.91,0,0,-4.35,,17-Aug-2026,-,-4.125359769747359,-,Infinity,19.796682718031036,-11.408398364920105,https://nsearchives.nseindia.com/today/MOMENTUM30EQN.svg,https://nsearchives.nseindia.com/30d/MOMENTUM30-EQ.svg,,EQ
TNIDETF,Nifty India Digital Index,87.54,89.37,87.54,88.02,0.05,0.06,57525,5078882.25,88.7332,103.26,74.5,-,-,-7.405848937513157,-3.115024766097962,87.97,0,-7.46,-3.17,16-Sep-2025,17-Aug-2026,-,-3.115024766097962,-,-7.405848937513157,14.758861127251606,-18.147651006711403,https://nsearchives.nseindia.com/today/TNIDETFEQN.svg,https://nsearchives.nseindia.com/30d/TNIDETF-EQ.svg,https://nsearchives.nseindia.com/365d/TNIDETF-EQ.svg,EQ
MOMIDMTM,Nifty Midcap 150 Momentum 50 Total Return Index,62.69,63.4,62.69,63.01,0.32,0.51,79088,4998361.6,62.5323,70,54.78,-,-,0.7193094629155942,-3.4773284313725537,62.69,0,0.21,-3.97,16-Sep-2025,17-Aug-2026,-,-3.4773284313725537,-,0.7193094629155942,9.98571428571429,-15.023731288791524,https://nsearchives.nseindia.com/today/MOMIDMTMEQN.svg,https://nsearchives.nseindia.com/30d/MOMIDMTM-EQ.svg,https://nsearchives.nseindia.com/365d/MOMIDMTM-EQ.svg,EQ
GROWWMETAL,Nifty Metal Index,12.08,12.28,11.65,12.16,0.11,0.91,407418,4966425.42,12.1445,13.45,10.03,-,-,Infinity,-2.093397745571657,12.05,0,0,-2.98,,17-Aug-2026,-,-2.093397745571657,-,Infinity,9.591078066914493,-21.23629112662015,https://nsearchives.nseindia.com/today/GROWWMETALEQN.svg,https://nsearchives.nseindia.com/30d/GROWWMETAL-EQ.svg,,EQ
MOSILVER,Domestic Price of Physical Silver,223.8,225.06,222.54,224.39,-1.16,-0.51,21273,4754090.04,226.3102,385,125.25,-,-,74.026679075539,-2.8067743751895082,225.55,0,74.93,-2.3,16-Sep-2025,17-Aug-2026,-,-2.8067743751895082,-,74.026679075539,41.716883116883125,-79.15369261477045,https://nsearchives.nseindia.com/today/MOSILVEREQN.svg,https://nsearchives.nseindia.com/30d/MOSILVER-EQ.svg,https://nsearchives.nseindia.com/365d/MOSILVER-EQ.svg,EQ
SENSEXIETF,SENSEX,851.86,859.76,851.86,855.1,-1.05,-0.12,5540,4743015.6,855.6878,999.84,731,-,-,-8.878753649751703,-4.661560245732565,856.15,0,-8.77,-4.54,16-Sep-2025,17-Aug-2026,-,-4.661560245732565,-,-8.878753649751703,14.476316210593694,-16.976744186046513,https://nsearchives.nseindia.com/today/SENSEXIETFEQN.svg,https://nsearchives.nseindia.com/30d/SENSEXIETF-EQ.svg,https://nsearchives.nseindia.com/365d/SENSEXIETF-EQ.svg,EQ
SMALL250,Nifty Smallcap 250,18.29,18.29,17.91,18.1,0.2,1.12,257569,4654271.83,17.9278,19.95,14.16,-,-,Infinity,-1.683867463335137,17.9,0,0,-2.77,,17-Aug-2026,-,-1.683867463335137,-,Infinity,9.273182957393473,-27.824858757062156,https://nsearchives.nseindia.com/today/SMALL250EQN.svg,https://nsearchives.nseindia.com/30d/SMALL250-EQ.svg,,EQ
LTGILTCASE,Nifty 8-13 Yr G-Sec Index,30.89,30.89,30.18,30.27,-0.01,-0.03,152684,4618691,30.2666,31.31,28.71,-,-,2.92417545052703,-1.143043762246902,30.28,0,2.96,-1.11,16-Sep-2025,17-Aug-2026,-,-1.143043762246902,-,2.92417545052703,3.3216224848291254,-5.433646812957154,https://nsearchives.nseindia.com/today/LTGILTCASEEQN.svg,https://nsearchives.nseindia.com/30d/LTGILTCASE-EQ.svg,https://nsearchives.nseindia.com/365d/LTGILTCASE-EQ.svg,EQ
GROWWNET,Index,10.93,11,10.61,10.7,-0.02,-0.19,426495,4580556.3,10.705,11.4,7.93,-,-,-0.925925925925939,0.4694835680751073,10.72,0,-0.74,0.66,16-Sep-2025,17-Aug-2026,-,0.4694835680751073,-,-0.925925925925939,6.140350877192993,-34.930643127364434,https://nsearchives.nseindia.com/today/GROWWNETEQN.svg,https://nsearchives.nseindia.com/30d/GROWWNET-EQ.svg,https://nsearchives.nseindia.com/365d/GROWWNET-EQ.svg,EQ
EVIETF,Nifty EV & New Age Automotive ETF,31.75,32.49,31.41,31.92,0.08,0.25,143068,4536686.28,31.3827,36,26.28,-,-,0,-6.584723441615452,31.84,0,-0.25,-6.82,16-Sep-2025,17-Aug-2026,-,-6.584723441615452,-,0,11.333333333333329,-21.461187214611872,https://nsearchives.nseindia.com/today/EVIETFEQN.svg,https://nsearchives.nseindia.com/30d/EVIETF-EQ.svg,https://nsearchives.nseindia.com/365d/EVIETF-EQ.svg,EQ
NV20IETF,Nifty50 Value 20,13.32,13.32,13.12,13.27,0.08,0.61,337403,4457093.63,13.1991,16,12.5,01-MAR-24,FACE VALUE SPLIT (SUB-DIVISION) - FROM RS 10/- PER SHARE TO RE 1/- PER SHARE,-9.10958904109589,-3.350327749453757,13.19,0,-9.66,-3.93,16-Sep-2025,17-Aug-2026,FACE VALUE SPLIT (SUB-DIVISION) - FROM RS 10/- PER SHARE TO RE 1/- PER SHARE,-3.350327749453757,01-MAR-24,-9.10958904109589,17.062500000000004,-6.159999999999997,https://nsearchives.nseindia.com/today/NV20IETFEQN.svg,https://nsearchives.nseindia.com/30d/NV20IETF-EQ.svg,https://nsearchives.nseindia.com/365d/NV20IETF-EQ.svg,EQ
HDFCMOMENT,HDFC NIFTY200 Momentum 30 ETF,30.08,30.44,29.49,30.26,0.17,0.56,142609,4321052.7,29.9858,33.23,27.13,20-OCT-23,FACE VALUE SPLIT (SUB-DIVISION) - FROM RS 190.61/- PER SHARE TO RS 19.061/- PER SHARE,-2.9194738530638435,-3.844931680965991,30.09,0,-3.46,-4.39,16-Sep-2025,17-Aug-2026,FACE VALUE SPLIT (SUB-DIVISION) - FROM RS 190.61/- PER SHARE TO RS 19.061/- PER SHARE,-3.844931680965991,20-OCT-23,-2.9194738530638435,8.937706891363213,-11.537043862882427,https://nsearchives.nseindia.com/today/HDFCMOMENTEQN.svg,https://nsearchives.nseindia.com/30d/HDFCMOMENT-EQ.svg,https://nsearchives.nseindia.com/365d/HDFCMOMENT-EQ.svg,EQ
SBIBPB,BSE PSU Bank Index TRI,48.27,48.79,47.6,48.22,-0.05,-0.10,86400,4145472,48.028,58.27,39.34,-,-,15.88560442201394,-4.797630799605133,48.27,0,16.01,-4.7,16-Sep-2025,17-Aug-2026,-,-4.797630799605133,-,15.88560442201394,17.247297065385283,-22.572445348246045,https://nsearchives.nseindia.com/today/SBIBPBEQN.svg,https://nsearchives.nseindia.com/30d/SBIBPB-EQ.svg,https://nsearchives.nseindia.com/365d/SBIBPB-EQ.svg,EQ
GOLDBND,Commodity - Gold,151,151.03,149.65,150.49,-0.64,-0.42,27534,4141939.62,150.9453,180.16,115.17,-,-,Infinity,-1.531113001374078,151.13,0,0,-1.11,,17-Aug-2026,-,-1.531113001374078,-,Infinity,16.468694493783296,-30.66770860467136,https://nsearchives.nseindia.com/today/GOLDBNDEQN.svg,https://nsearchives.nseindia.com/30d/GOLDBND-EQ.svg,,EQ
EBBETF0433,BHARAT Bond ETF-April 2033,1308.96,1309,1301.1,1302.01,-7.63,-0.58,3052,3981028.8,1303.0824,1350.32,1243.25,-,-,4.141637938619292,-1.0923814371121103,1309.64,0,4.75,-0.51,16-Sep-2025,17-Aug-2026,-,-1.0923814371121103,-,4.141637938619292,3.577670478108889,-4.726322139553589,https://nsearchives.nseindia.com/today/EBBETF0433EQN.svg,https://nsearchives.nseindia.com/30d/EBBETF0433-EQ.svg,https://nsearchives.nseindia.com/365d/EBBETF0433-EQ.svg,EQ
GROWWSC250,Nifty Smallcap 250 Index - TRI,10.5,10.6,10.34,10.5,0.09,0.86,379744,3945540.16,10.317,10.97,8,-,-,Infinity,-0.8498583569405086,10.41,0,0,-1.7,,17-Aug-2026,-,-0.8498583569405086,-,Infinity,4.284412032816778,-31.25,https://nsearchives.nseindia.com/today/GROWWSC250EQN.svg,https://nsearchives.nseindia.com/30d/GROWWSC250-EQ.svg,,EQ
EVINDIA,Nifty EV and New Age Automotive Total Return Index,31.5,31.92,31.39,31.81,0.31,0.98,121664,3865265.28,31.4291,35.04,26.2,-,-,-0.21957340025094194,-6.770222743259083,31.5,0,-1.19,-7.68,16-Sep-2025,17-Aug-2026,-,-6.770222743259083,-,-0.21957340025094194,9.218036529680367,-21.412213740458014,https://nsearchives.nseindia.com/today/EVINDIAEQN.svg,https://nsearchives.nseindia.com/30d/EVINDIA-EQ.svg,https://nsearchives.nseindia.com/365d/EVINDIA-EQ.svg,EQ
MOVALUE,Motilal Oswal S&P BSE Enhanced Value ETF,109.92,110.97,109.41,109.97,0.05,0.05,34522,3807776.6,110.0576,128.77,100.6,-,-,6.230680061823804,-3.939552760307482,109.92,0,6.18,-3.98,16-Sep-2025,17-Aug-2026,-,-3.939552760307482,-,6.230680061823804,14.59967383707386,-9.314115308151099,https://nsearchives.nseindia.com/today/MOVALUEEQN.svg,https://nsearchives.nseindia.com/30d/MOVALUE-EQ.svg,https://nsearchives.nseindia.com/365d/MOVALUE-EQ.svg,EQ
PSUBNKIETF,ICICI Prudential Nifty PSU Bank ETF,84.16,85.1,83.58,84.21,0.51,0.61,43257,3638778.84,83.9624,104,69.87,-,-,16.99083078632952,-4.9333935425604025,83.7,0,16.28,-5.51,16-Sep-2025,17-Aug-2026,-,-4.9333935425604025,-,16.99083078632952,19.02884615384616,-20.523829969944163,https://nsearchives.nseindia.com/today/PSUBNKIETFEQN.svg,https://nsearchives.nseindia.com/30d/PSUBNKIETF-EQ.svg,https://nsearchives.nseindia.com/365d/PSUBNKIETF-EQ.svg,EQ
HSBCGOLD,Commodity,131.51,132,129.05,130.56,-0.95,-0.72,27776,3619768.32,131.4852,146.4,119.1,-,-,Infinity,-1.9525382997897225,131.51,0,0,-1.24,,17-Aug-2026,-,-1.9525382997897225,-,Infinity,10.819672131147543,-9.622166246851393,https://nsearchives.nseindia.com/today/HSBCGOLDEQN.svg,https://nsearchives.nseindia.com/30d/HSBCGOLD-EQ.svg,,EQ
PSUBANK,Nifty PSU Bank,82.86,83.94,82.52,82.84,0.04,0.05,38641,3207975.82,82.8555,101,70.31,10-JUL-26,FACE VALUE SPLIT (SUB-DIVISION) - FROM RS 10/- PER UNIT TO RE 1/- PER UNIT,-88.35453714767695,-5.195696955825123,82.8,0,-88.36,-5.24,16-Sep-2025,17-Aug-2026,FACE VALUE SPLIT (SUB-DIVISION) - FROM RS 10/- PER UNIT TO RE 1/- PER UNIT,-5.195696955825123,10-JUL-26,-88.35453714767695,17.980198019801975,-17.821078082776275,https://nsearchives.nseindia.com/today/PSUBANKEQN.svg,https://nsearchives.nseindia.com/30d/PSUBANK-EQ.svg,https://nsearchives.nseindia.com/365d/PSUBANK-EQ.svg,EQ
HEALTHCARE,Nifty 500 Healthcare Index,21.35,21.65,21.33,21.65,0.32,1.50,144250,3099932.5,21.3166,22.43,17.18,-,-,Infinity,0.4640371229698277,21.33,0,0,-1.02,,17-Aug-2026,-,0.4640371229698277,-,Infinity,3.477485510477045,-26.01862630966239,https://nsearchives.nseindia.com/today/HEALTHCAREEQN.svg,https://nsearchives.nseindia.com/30d/HEALTHCARE-EQ.svg,,EQ
AONESILVER,Domestic price of Silver,8.73,8.73,8.62,8.68,-0.05,-0.57,354829,3069270.85,8.75,12,7.43,-,-,Infinity,-2.799552071668533,8.73,0,0,-2.24,,17-Aug-2026,-,-2.799552071668533,-,Infinity,27.666666666666668,-16.823687752355315,https://nsearchives.nseindia.com/today/AONESILVEREQN.svg,https://nsearchives.nseindia.com/30d/AONESILVER-EQ.svg,,EQ
BSE500IETF,S&P BSE 500 index,38.2,38.51,38.02,38.4,0.2,0.52,79176,3038774.88,38.1631,42.05,34.5,28-OCT-21, FACE VALUE SPLIT (SUB-DIVISION) - FROM RS 10/- PER SHARE TO RE 1/- PER SHARE,-2.587519025875198,-4.023994001499624,38.2,0,-3.09,-4.52,16-Sep-2025,17-Aug-2026, FACE VALUE SPLIT (SUB-DIVISION) - FROM RS 10/- PER SHARE TO RE 1/- PER SHARE,-4.023994001499624,28-OCT-21,-2.587519025875198,8.68014268727705,-11.304347826086953,https://nsearchives.nseindia.com/today/BSE500IETFEQN.svg,https://nsearchives.nseindia.com/30d/BSE500IETF-EQ.svg,https://nsearchives.nseindia.com/365d/BSE500IETF-EQ.svg,EQ
QNIFTY,Nifty 50,258.9,258.9,255.6,257,0.61,0.24,11686,3004003.16,255.8416,291.19,243.2,13-FEB-26,FACE VALUE SPLIT (SUB-DIVISION) - FROM RS 10/- PER UNIT TO RE 1/- PER UNIT,-90.67661644615838,-4.2652262991246,256.39,0,-90.7,-4.49,16-Sep-2025,17-Aug-2026,FACE VALUE SPLIT (SUB-DIVISION) - FROM RS 10/- PER UNIT TO RE 1/- PER UNIT,-4.2652262991246,13-FEB-26,-90.67661644615838,11.741474638552148,-5.674342105263163,https://nsearchives.nseindia.com/today/QNIFTYEQN.svg,https://nsearchives.nseindia.com/30d/QNIFTY-EQ.svg,https://nsearchives.nseindia.com/365d/QNIFTY-EQ.svg,EQ
HDFCNIMEG,Nifty Metal Index TRI,127.21,128.76,127.21,127.98,0.77,0.61,20678,2651539.94,127.3448,152.55,125.73,-,-,Infinity,-2.890962895515584,127.21,0,0,-3.48,,17-Aug-2026,-,-2.890962895515584,-,Infinity,16.106194690265493,-1.7895490336435218,https://nsearchives.nseindia.com/today/HDFCNIMEGEQN.svg,https://nsearchives.nseindia.com/30d/HDFCNIMEG-EQ.svg,,EQ
GROWWRLTY,Index,9.28,9.46,9.19,9.4,0.12,1.29,280109,2621820.24,9.2245,11.3,7.17,-,-,Infinity,-7.84313725490195,9.28,0,0,-9.02,,17-Aug-2026,-,-7.84313725490195,-,Infinity,16.8141592920354,-31.101813110181318,https://nsearchives.nseindia.com/today/GROWWRLTYEQN.svg,https://nsearchives.nseindia.com/30d/GROWWRLTY-EQ.svg,,EQ
SHARIABEES,Shariah,438,443.98,435.01,443.75,4.35,0.99,5890,2586770.2,438.1827,534.61,433.68,10-MAR-14,DIVIDEND-RS.2 PER UNIT,-12.06776974140493,-4.827778492686482,439.4,0,-12.93,-5.76,16-Sep-2025,17-Aug-2026,DIVIDEND-RS.2 PER UNIT,-4.827778492686482,10-MAR-14,-12.06776974140493,16.99556686182451,-2.3219885629957555,https://nsearchives.nseindia.com/today/SHARIABEESEQN.svg,https://nsearchives.nseindia.com/30d/SHARIABEES-EQ.svg,https://nsearchives.nseindia.com/365d/SHARIABEES-EQ.svg,EQ
NIFTYAXIS,Nifty 50,256.12,259.13,256.12,258.5,0.85,0.33,9997,2581425.34,257.2794,296.38,244,23-JUL-20, FACE VALUE SPLIT (SUB-DIVISION) - FROM RS 100/- PER SHARE TO RS 10/- PER SHARE,Infinity,-4.206040392810829,257.65,0,0,-4.52,,17-Aug-2026, FACE VALUE SPLIT (SUB-DIVISION) - FROM RS 100/- PER SHARE TO RS 10/- PER SHARE,-4.206040392810829,23-JUL-20,Infinity,12.780889398744852,-5.942622950819672,https://nsearchives.nseindia.com/today/NIFTYAXISEQN.svg,https://nsearchives.nseindia.com/30d/NIFTYAXIS-EQ.svg,,EQ
NIFTYQLITY,Aditya Birla Sun Life Nifty 200 Quality 30 ETF,20.58,20.64,20.36,20.6,0.24,1.18,121631,2503165.98,20.4708,23.03,18.95,-,-,-5.850091407678234,-5.763952424519662,20.36,0,-6.95,-6.86,16-Sep-2025,17-Aug-2026,-,-5.763952424519662,-,-5.850091407678234,10.55145462440295,-8.707124010554102,https://nsearchives.nseindia.com/today/NIFTYQLITYEQN.svg,https://nsearchives.nseindia.com/30d/NIFTYQLITY-EQ.svg,https://nsearchives.nseindia.com/365d/NIFTYQLITY-EQ.svg,EQ
MOENERGY,Nifty Energy Index,37.5,37.7,37.38,37.57,0.12,0.32,65244,2449259.76,37.4201,43,33,-,-,Infinity,-3.369341563786014,37.45,0,0,-3.68,,17-Aug-2026,-,-3.369341563786014,-,Infinity,12.627906976744185,-13.848484848484848,https://nsearchives.nseindia.com/today/MOENERGYEQN.svg,https://nsearchives.nseindia.com/30d/MOENERGY-EQ.svg,,EQ
MIDCAP,Nifty Midcap 50 Index,18.01,18.21,17.93,18.11,0.1,0.56,133637,2420166.07,17.9486,19.27,15.01,27-FEB-26,FACE VALUE SPLIT (SUB-DIVISION) - FROM RS 10/- PER SHARE TO RE 1/- PER SHARE,-89.30048446177477,-3.20684126135757,18.01,0,-89.36,-3.74,16-Sep-2025,17-Aug-2026,FACE VALUE SPLIT (SUB-DIVISION) - FROM RS 10/- PER SHARE TO RE 1/- PER SHARE,-3.20684126135757,27-FEB-26,-89.30048446177477,6.019719771665803,-20.652898067954695,https://nsearchives.nseindia.com/today/MIDCAPEQN.svg,https://nsearchives.nseindia.com/30d/MIDCAP-EQ.svg,https://nsearchives.nseindia.com/365d/MIDCAP-EQ.svg,EQ
HDFCSENSEX,SENSEX,84.65,84.94,84.19,84.5,-0.28,-0.33,27969,2363939.88,84.4208,98.48,78.44,02-FEB-24,FACE VALUE SPLIT (SUB-DIVISION) - FROM RS 250.361/- PER SHARE TO RS 25.0361/- PER SHARE,-8.727586951825446,-4.2492917847025495,84.78,0,-8.43,-3.93,16-Sep-2025,17-Aug-2026,FACE VALUE SPLIT (SUB-DIVISION) - FROM RS 250.361/- PER SHARE TO RS 25.0361/- PER SHARE,-4.2492917847025495,02-FEB-24,-8.727586951825446,14.195775792038997,-7.72565017848037,https://nsearchives.nseindia.com/today/HDFCSENSEXEQN.svg,https://nsearchives.nseindia.com/30d/HDFCSENSEX-EQ.svg,https://nsearchives.nseindia.com/365d/HDFCSENSEX-EQ.svg,EQ
VAL30IETF,Nifty200 Value 30 Index,14.8,14.92,14.78,14.9,0.1,0.68,158592,2355091.2,14.7985,17.7,13.1,-,-,12.537764350453172,-3.1838856400259923,14.8,0,11.78,-3.83,16-Sep-2025,17-Aug-2026,-,-3.1838856400259923,-,12.537764350453172,15.819209039548017,-13.74045801526718,https://nsearchives.nseindia.com/today/VAL30IETFEQN.svg,https://nsearchives.nseindia.com/30d/VAL30IETF-EQ.svg,https://nsearchives.nseindia.com/365d/VAL30IETF-EQ.svg,EQ
MOGOLD,Domestic Price of Physical Gold,149.25,149.6,147.75,148.85,-0.5,-0.33,15719,2340559.1,149.4473,175,108,-,-,36.060329067641675,-1.3258203513423932,149.35,0,36.52,-0.99,16-Sep-2025,17-Aug-2026,-,-1.3258203513423932,-,36.060329067641675,14.942857142857145,-37.82407407407407,https://nsearchives.nseindia.com/today/MOGOLDEQN.svg,https://nsearchives.nseindia.com/30d/MOGOLD-EQ.svg,https://nsearchives.nseindia.com/365d/MOGOLD-EQ.svg,EQ
MOHEALTH,Motilal Oswal S&P BSE Healthcare ETF,51.68,52.19,51.33,52.17,0.77,1.50,44591,2305354.7,51.1949,53.76,40.79,-,-,14.93721083939194,1.478311612526756,51.4,0,13.24,-0.02,16-Sep-2025,17-Aug-2026,-,1.478311612526756,-,14.93721083939194,2.957589285714279,-27.89899485167934,https://nsearchives.nseindia.com/today/MOHEALTHEQN.svg,https://nsearchives.nseindia.com/30d/MOHEALTH-EQ.svg,https://nsearchives.nseindia.com/365d/MOHEALTH-EQ.svg,EQ
COMMOIETF,ICICI Prudential Nifty Commodities ETF,96.24,97.43,96.24,97.43,0.87,0.90,23268,2250946.32,96.3722,110.56,90,-,-,6.913200921760136,-2.803272146847554,96.56,0,5.96,-3.67,16-Sep-2025,17-Aug-2026,-,-2.803272146847554,-,6.913200921760136,11.875904486251805,-8.255555555555564,https://nsearchives.nseindia.com/today/COMMOIETFEQN.svg,https://nsearchives.nseindia.com/30d/COMMOIETF-EQ.svg,https://nsearchives.nseindia.com/365d/COMMOIETF-EQ.svg,EQ
NV20BEES,Nifty50 Value20 TRI,135.62,136.15,134.84,136.12,0.5,0.37,15612,2115426,135.4536,160,134.01,19-DEC-19, FACE VALUE SPLIT (SUB-DIVISION) - FROM RS 10/- TO RS 1/-,-9.113974761300664,-3.4335981838819545,135.62,0,-9.45,-3.79,16-Sep-2025,17-Aug-2026, FACE VALUE SPLIT (SUB-DIVISION) - FROM RS 10/- TO RS 1/-,-3.4335981838819545,19-DEC-19,-9.113974761300664,14.924999999999997,-1.5745093649727735,https://nsearchives.nseindia.com/today/NV20BEESEQN.svg,https://nsearchives.nseindia.com/30d/NV20BEES-EQ.svg,https://nsearchives.nseindia.com/365d/NV20BEES-EQ.svg,EQ
EQUAL50ADD,NIFTY 50 Equal Weight Index,332.23,334.5,331.27,334.25,2.81,0.85,6248,2077959.84,330.8134,361,304.78,-,-,0.09882606612361765,-3.9483893215322303,331.44,0,-0.74,-4.76,16-Sep-2025,17-Aug-2026,-,-3.9483893215322303,-,0.09882606612361765,7.409972299168975,-9.669269637115306,https://nsearchives.nseindia.com/today/EQUAL50ADDEQN.svg,https://nsearchives.nseindia.com/30d/EQUAL50ADD-EQ.svg,https://nsearchives.nseindia.com/365d/EQUAL50ADD-EQ.svg,EQ
BFSI,Nifty Financial Services Index,26.92,26.92,26.21,26.31,0.04,0.15,77632,2050261.12,26.2914,29.94,24.03,-,-,-3.8728534892217836,-3.6616623947272062,26.27,0,-4.02,-3.81,16-Sep-2025,17-Aug-2026,-,-3.6616623947272062,-,-3.8728534892217836,12.124248496993996,-9.488139825218466,https://nsearchives.nseindia.com/today/BFSIEQN.svg,https://nsearchives.nseindia.com/30d/BFSI-EQ.svg,https://nsearchives.nseindia.com/365d/BFSI-EQ.svg,EQ
HDFCNIFIT,HDFC NIFTY IT ETF,31.73,31.73,30.8,31,0.04,0.13,65039,2019460.95,31.1006,42.3,27.32,02-FEB-24,FACE VALUE SPLIT (SUB-DIVISION) - FROM RS 299.92/- PER SHARE TO RS 29.992/- PER SHARE,-18.205804749340366,-6.032130948772361,30.96,0,-18.31,-6.15,16-Sep-2025,17-Aug-2026,FACE VALUE SPLIT (SUB-DIVISION) - FROM RS 299.92/- PER SHARE TO RS 29.992/- PER SHARE,-6.032130948772361,02-FEB-24,-18.205804749340366,26.713947990543733,-13.469985358711567,https://nsearchives.nseindia.com/today/HDFCNIFITEQN.svg,https://nsearchives.nseindia.com/30d/HDFCNIFIT-EQ.svg,https://nsearchives.nseindia.com/365d/HDFCNIFIT-EQ.svg,EQ
HEALTHY,Nifty Healthcare TRI,16.77,17.15,16.77,17.15,0.38,2.27,118781,2014525.76,16.7508,17.67,13.58,-,-,13.80225613802255,0.9417304296645095,16.77,0,11.28,-1.29,16-Sep-2025,17-Aug-2026,-,0.9417304296645095,-,13.80225613802255,2.9428409734012626,-26.28865979381442,https://nsearchives.nseindia.com/today/HEALTHYEQN.svg,https://nsearchives.nseindia.com/30d/HEALTHY-EQ.svg,https://nsearchives.nseindia.com/365d/HEALTHY-EQ.svg,EQ
SBIETFPB,Nifty Private Bank Index,283.59,283.59,277.68,280.05,0.75,0.27,6642,1853649.36,279.1696,304.58,244.18,-,-,2.297632963179435,0.3691491649344239,279.3,0,2.02,0.1,16-Sep-2025,17-Aug-2026,-,0.3691491649344239,-,2.297632963179435,8.053713310131977,-14.689982799574086,https://nsearchives.nseindia.com/today/SBIETFPBEQN.svg,https://nsearchives.nseindia.com/30d/SBIETFPB-EQ.svg,https://nsearchives.nseindia.com/365d/SBIETFPB-EQ.svg,EQ
SBIETFIT,Nifty IT Index,319.01,326.8,319.01,324.44,2.21,0.69,5344,1720768,322.723,439.27,285,-,-,-17.579514277004368,-5.092876992833121,322.23,0,-18.14,-5.74,16-Sep-2025,17-Aug-2026,-,-5.092876992833121,-,-17.579514277004368,26.14109773032531,-13.83859649122807,https://nsearchives.nseindia.com/today/SBIETFITEQN.svg,https://nsearchives.nseindia.com/30d/SBIETFIT-EQ.svg,https://nsearchives.nseindia.com/365d/SBIETFIT-EQ.svg,EQ
FMCGADD,Nifty FMCG Index (TRI),45.95,46.09,45.73,46.07,0.13,0.28,37341,1714698.72,45.7617,51.09,45.01,-,-,Infinity,-5.147210212065061,45.94,0,0,-5.41,,17-Aug-2026,-,-5.147210212065061,-,Infinity,9.82579761205716,-2.3550322150633245,https://nsearchives.nseindia.com/today/FMCGADDEQN.svg,https://nsearchives.nseindia.com/30d/FMCGADD-EQ.svg,,EQ
ABSLBANETF,Nifty Bank,57.55,58,57.35,57.35,-0.33,-0.57,29639,1708095.57,57.792,64.94,50.97,25-NOV-21, FACE VALUE SPLIT (SUB-DIVISION) - FROM RS 10/- PER SHARE TO RE 1/- PER SHARE,1.6483516483516478,-3.2394128564197766,57.68,0,2.23,-2.68,16-Sep-2025,17-Aug-2026, FACE VALUE SPLIT (SUB-DIVISION) - FROM RS 10/- PER SHARE TO RE 1/- PER SHARE,-3.2394128564197766,25-NOV-21,1.6483516483516478,11.687711733908218,-12.51716696095743,https://nsearchives.nseindia.com/today/ABSLBANETFEQN.svg,https://nsearchives.nseindia.com/30d/ABSLBANETF-EQ.svg,https://nsearchives.nseindia.com/365d/ABSLBANETF-EQ.svg,EQ
NEXT50ADD,Nifty Next 50 TRI,70.83,71.54,70.82,71.45,0.71,1.00,23050,1645770,70.7807,81,56.25,-,-,Infinity,-4.9487827590794184,70.74,0,0,-5.89,,17-Aug-2026,-,-4.9487827590794184,-,Infinity,11.79012345679012,-27.022222222222226,https://nsearchives.nseindia.com/today/NEXT50ADDEQN.svg,https://nsearchives.nseindia.com/30d/NEXT50ADD-EQ.svg,,EQ
CONSUMIETF,Nifty India Consumption Index,118,121,118,119.31,1.4,1.19,13540,1615863.6,117.918,141.27,94.65,-,-,-6.919956311437045,-4.8867984693877515,117.91,0,-8.01,-6,16-Sep-2025,17-Aug-2026,-,-4.8867984693877515,-,-6.919956311437045,15.544701635166707,-26.053882725832008,https://nsearchives.nseindia.com/today/CONSUMIETFEQN.svg,https://nsearchives.nseindia.com/30d/CONSUMIETF-EQ.svg,https://nsearchives.nseindia.com/365d/CONSUMIETF-EQ.svg,EQ
SENSEXETF,Mirae Asset S&P BSE Sensex ETF,77.15,77.15,76.61,76.91,0.07,0.09,20812,1601275.28,76.7898,88.7,73.33,-,-,-8.592821487996202,-4.245517928286849,76.84,0,-8.68,-4.33,16-Sep-2025,17-Aug-2026,-,-4.245517928286849,-,-8.592821487996202,13.291995490417143,-4.8820400927314855,https://nsearchives.nseindia.com/today/SENSEXETFEQN.svg,https://nsearchives.nseindia.com/30d/SENSEXETF-EQ.svg,https://nsearchives.nseindia.com/365d/SENSEXETF-EQ.svg,EQ
PSUBANKADD,DSP Nifty PSU Bank ETF,83.94,84.84,83.35,83.38,0.15,0.18,19080,1598331.6,83.7102,99.88,71.27,-,-,16.501327371803832,-5.646712685300451,83.23,0,16.29,-5.82,16-Sep-2025,17-Aug-2026,-,-5.646712685300451,-,16.501327371803832,16.519823788546255,-16.991721622000842,https://nsearchives.nseindia.com/today/PSUBANKADDEQN.svg,https://nsearchives.nseindia.com/30d/PSUBANKADD-EQ.svg,https://nsearchives.nseindia.com/365d/PSUBANKADD-EQ.svg,EQ
SENSEXBETA,SENSEX,819,832,818.01,832,13.62,1.66,1761,1453265.25,824.5,952.91,785,26-FEB-21, INTERIM DIVIDEND - RS 13.56 PER UNIT,Infinity,-2.9748924210796366,818.38,0,0,-4.56,,17-Aug-2026, INTERIM DIVIDEND - RS 13.56 PER UNIT,-2.9748924210796366,26-FEB-21,Infinity,12.688501537395974,-5.987261146496815,https://nsearchives.nseindia.com/today/SENSEXBETAEQN.svg,https://nsearchives.nseindia.com/30d/SENSEXBETA-EQ.svg,,EQ
BANKPSU,Nifty PSU Bank Total Return Index,84.05,84.54,83.18,83.4,0.18,0.22,17015,1425686.85,83.4905,99.52,71.21,-,-,16.79036549502872,-5.324100351912814,83.22,0,16.54,-5.53,16-Sep-2025,17-Aug-2026,-,-5.324100351912814,-,16.79036549502872,16.19774919614147,-17.11838224968405,https://nsearchives.nseindia.com/today/BANKPSUEQN.svg,https://nsearchives.nseindia.com/30d/BANKPSU-EQ.svg,https://nsearchives.nseindia.com/365d/BANKPSU-EQ.svg,EQ
INTERNET,Equity Index,14.53,14.56,14.43,14.44,-0.02,-0.14,96126,1392865.74,14.4613,15.8,10.72,-,-,-0.7560137457044757,0.6271777003484311,14.46,0,-0.62,0.77,16-Sep-2025,17-Aug-2026,-,0.6271777003484311,-,-0.7560137457044757,8.607594936708868,-34.70149253731342,https://nsearchives.nseindia.com/today/INTERNETEQN.svg,https://nsearchives.nseindia.com/30d/INTERNET-EQ.svg,https://nsearchives.nseindia.com/365d/INTERNET-EQ.svg,EQ
BBETF0432,Nifty BHARAT Bond Index - April 2032,1339.48,1341.17,1338,1340,4.71,0.35,998,1336581.48,1341.4926,1378,1284,-,-,4.0534244447895675,-1.3588916861740528,1335.29,0,3.69,-1.71,16-Sep-2025,17-Aug-2026,-,-1.3588916861740528,-,4.0534244447895675,2.7576197387518144,-4.361370716510903,https://nsearchives.nseindia.com/today/BBETF0432EQN.svg,https://nsearchives.nseindia.com/30d/BBETF0432-EQ.svg,https://nsearchives.nseindia.com/365d/BBETF0432-EQ.svg,EQ
BSLSENETFG,BSE SENSEX Index,75.89,77.9,74.77,75.05,-0.85,-1.12,17545,1319384,75.0311,87.82,70.32,25-NOV-21, FACE VALUE SPLIT (SUB-DIVISION) - FROM RS 10/- PER SHARE TO RE 1- PER SHARE,-8.58708891595615,-4.248532788976778,75.9,0,-7.55,-3.16,16-Sep-2025,17-Aug-2026, FACE VALUE SPLIT (SUB-DIVISION) - FROM RS 10/- PER SHARE TO RE 1- PER SHARE,-4.248532788976778,25-NOV-21,-8.58708891595615,14.541106809382825,-6.7263936291240105,https://nsearchives.nseindia.com/today/BSLSENETFGEQN.svg,https://nsearchives.nseindia.com/30d/BSLSENETFG-EQ.svg,https://nsearchives.nseindia.com/365d/BSLSENETFG-EQ.svg,EQ
NIF100IETF,Nifty 100,27.17,27.34,27.11,27.31,0.12,0.44,47616,1298964.48,27.1228,30.88,23,10-MAY-24,FACE VALUE SPLIT (SUB-DIVISION) - FROM RS 10/- PER SHARE TO RE 1/- PER SHARE,-4.876349703935919,-4.343257443082319,27.19,0,-5.29,-4.76,16-Sep-2025,17-Aug-2026,FACE VALUE SPLIT (SUB-DIVISION) - FROM RS 10/- PER SHARE TO RE 1/- PER SHARE,-4.343257443082319,10-MAY-24,-4.876349703935919,11.560880829015545,-18.739130434782602,https://nsearchives.nseindia.com/today/NIF100IETFEQN.svg,https://nsearchives.nseindia.com/30d/NIF100IETF-EQ.svg,https://nsearchives.nseindia.com/365d/NIF100IETF-EQ.svg,EQ
VALUEAXIS,Nifty500 Value 50 TRI,32.11,32.2,31.94,32,0.04,0.13,40405,1294980.25,31.9771,39,26.76,-,-,Infinity,-3.000909366474695,31.96,0,0,-3.12,,17-Aug-2026,-,-3.000909366474695,-,Infinity,17.94871794871795,-19.58146487294469,https://nsearchives.nseindia.com/today/VALUEAXISEQN.svg,https://nsearchives.nseindia.com/30d/VALUEAXIS-EQ.svg,,EQ
NIFTY100EW,Nifty 100 Equal Weight Index,33.87,34.78,33.8,34.27,-0.06,-0.17,37581,1278881.43,33.801,41.41,29.84,-,-,1.7215791035915864,-4.1130386121992135,34.33,0,1.9,-3.95,16-Sep-2025,17-Aug-2026,-,-4.1130386121992135,-,1.7215791035915864,17.24221202608064,-14.845844504021459,https://nsearchives.nseindia.com/today/NIFTY100EWEQN.svg,https://nsearchives.nseindia.com/30d/NIFTY100EW-EQ.svg,https://nsearchives.nseindia.com/365d/NIFTY100EW-EQ.svg,EQ
DIVOPPBEES,Nifty Dividend Opportunities 50 TRI,74.02,75.25,74.02,75.19,0.57,0.76,16908,1263873,74.5102,87.09,72.13,-,-,-3.959637246136171,-4.216560509554143,74.62,0,-4.69,-4.94,16-Sep-2025,17-Aug-2026,-,-4.216560509554143,-,-3.959637246136171,13.664025720519009,-4.242340219048943,https://nsearchives.nseindia.com/today/DIVOPPBEESEQN.svg,https://nsearchives.nseindia.com/30d/DIVOPPBEES-EQ.svg,https://nsearchives.nseindia.com/365d/DIVOPPBEES-EQ.svg,EQ
SILVER360,Commodity-Silver,220.2,224.3,220.2,223.88,-1.28,-0.57,5530,1232581.7,225.2628,358,123.75,-,-,74.90625,-2.542225317778166,225.16,0,75.91,-1.99,16-Sep-2025,17-Aug-2026,-,-2.542225317778166,-,74.90625,37.46368715083799,-80.91313131313132,https://nsearchives.nseindia.com/today/SILVER360EQN.svg,https://nsearchives.nseindia.com/30d/SILVER360-EQ.svg,https://nsearchives.nseindia.com/365d/SILVER360-EQ.svg,EQ
SILVERBND,Commodity - Silver,227.58,228.09,226,226.75,-2.49,-1.09,5427,1229106.96,229.5403,389,180,-,-,Infinity,-3.4284497444633777,229.24,0,0,-2.37,,17-Aug-2026,-,-3.4284497444633777,-,Infinity,41.709511568123396,-25.97222222222222,https://nsearchives.nseindia.com/today/SILVERBNDEQN.svg,https://nsearchives.nseindia.com/30d/SILVERBND-EQ.svg,,EQ
AONETOTAL,Nifty Total Market Index,11.78,11.78,11.5,11.67,0.12,1.04,105305,1221538,11.5364,12.51,9.6,-,-,-1.5189873417721496,-3.0730897009966713,11.55,0,-2.53,-4.07,16-Sep-2025,17-Aug-2026,-,-3.0730897009966713,-,-1.5189873417721496,6.714628297362109,-21.562500000000004,https://nsearchives.nseindia.com/today/AONETOTALEQN.svg,https://nsearchives.nseindia.com/30d/AONETOTAL-EQ.svg,https://nsearchives.nseindia.com/365d/AONETOTAL-EQ.svg,EQ
SMALLIETF,Nifty Smallcap 250 Index,17.4,18.18,17.4,18.01,0.08,0.45,67545,1217160.9,17.8998,19.49,17.4,-,-,Infinity,-2.0130576713819233,17.93,0,0,-2.45,,17-Aug-2026,-,-2.0130576713819233,-,Infinity,7.593637762955346,-3.505747126436799,https://nsearchives.nseindia.com/today/SMALLIETFEQN.svg,https://nsearchives.nseindia.com/30d/SMALLIETF-EQ.svg,,EQ
FLEXIADD,Nifty500 Flexicap Quality 30 TRI,9.88,9.88,9.55,9.77,0.09,0.93,124615,1210011.65,9.6539,11.9,8.73,-,-,Infinity,-5.145631067961176,9.68,0,0,-6.02,,17-Aug-2026,-,-5.145631067961176,-,Infinity,17.899159663865554,-11.912943871706748,https://nsearchives.nseindia.com/today/FLEXIADDEQN.svg,https://nsearchives.nseindia.com/30d/FLEXIADD-EQ.svg,,EQ
GROWWPSE,Nifty PSE Index - TRI,97.97,97.97,95,96.56,1.04,1.09,12155,1173079.05,95.739,109.85,93.2,-,-,Infinity,-2.778896496173974,95.52,0,0,-3.83,,17-Aug-2026,-,-2.778896496173974,-,Infinity,12.098315885298126,-3.605150214592274,https://nsearchives.nseindia.com/today/GROWWPSEEQN.svg,https://nsearchives.nseindia.com/30d/GROWWPSE-EQ.svg,,EQ
SELECTIPO,BSE Select IPO Index,47.35,47.73,47.32,47.49,0.14,0.30,24630,1170417.6,47.2966,52.07,37.8,-,-,-5.680238331678251,-1.9206939281288717,47.35,0,-5.96,-2.21,16-Sep-2025,17-Aug-2026,-,-1.9206939281288717,-,-5.680238331678251,8.795851738044936,-25.63492063492065,https://nsearchives.nseindia.com/today/SELECTIPOEQN.svg,https://nsearchives.nseindia.com/30d/SELECTIPO-EQ.svg,https://nsearchives.nseindia.com/365d/SELECTIPO-EQ.svg,EQ
HDFCNIFBAN,Nifty Bank,57.93,58.32,57.72,57.78,-0.15,-0.26,19963,1156656.22,58.0287,65.54,51.2,02-FEB-24,FACE VALUE SPLIT (SUB-DIVISION) - FROM RS 223.31/- PER SHARE TO RS 22.331/- PER SHARE,1.94071983062809,-2.9559959690964024,57.93,0,2.21,-2.7,16-Sep-2025,17-Aug-2026,FACE VALUE SPLIT (SUB-DIVISION) - FROM RS 223.31/- PER SHARE TO RS 22.331/- PER SHARE,-2.9559959690964024,02-FEB-24,1.94071983062809,11.840097650289906,-12.851562499999995,https://nsearchives.nseindia.com/today/HDFCNIFBANEQN.svg,https://nsearchives.nseindia.com/30d/HDFCNIFBAN-EQ.svg,https://nsearchives.nseindia.com/365d/HDFCNIFBAN-EQ.svg,EQ
MOMENTUM,Aditya Birla Sun Life Nifty 200 Momentum 30 ETF,30.4,30.7,30.16,30.47,0.31,1.03,35933,1091644.54,30.0852,33,27.05,-,-,-2.7139208173690976,-3.484320557491294,30.16,0,-3.7,-4.47,16-Sep-2025,17-Aug-2026,-,-3.484320557491294,-,-2.7139208173690976,7.6666666666666705,-12.643253234750455,https://nsearchives.nseindia.com/today/MOMENTUMEQN.svg,https://nsearchives.nseindia.com/30d/MOMENTUM-EQ.svg,https://nsearchives.nseindia.com/365d/MOMENTUM-EQ.svg,EQ
CONSUMER,Nifty India New AgeConsumption,11.7,11.78,11.64,11.72,0.07,0.60,90035,1055210.2,11.6396,12.74,9.69,-,-,-5.331179321486269,-4.560260586319208,11.65,0,-5.9,-5.13,16-Sep-2025,17-Aug-2026,-,-4.560260586319208,-,-5.331179321486269,8.00627943485086,-20.949432404540776,https://nsearchives.nseindia.com/today/CONSUMEREQN.svg,https://nsearchives.nseindia.com/30d/CONSUMER-EQ.svg,https://nsearchives.nseindia.com/365d/CONSUMER-EQ.svg,EQ
ESG,NIFTY100 ESG SECTOR LEADERS,39.98,40.07,39.89,40.05,0.14,0.35,26115,1043033.1,39.8321,45.06,37.52,-,-,-7.420249653259365,-4.529201430274149,39.91,0,-7.74,-4.86,16-Sep-2025,17-Aug-2026,-,-4.529201430274149,-,-7.420249653259365,11.118508655126508,-6.743070362473331,https://nsearchives.nseindia.com/today/ESGEQN.svg,https://nsearchives.nseindia.com/30d/ESG-EQ.svg,https://nsearchives.nseindia.com/365d/ESG-EQ.svg,EQ
NIFTYADD,Nifty 50 Index,244.47,246.92,244.47,246.92,1.23,0.50,4220,1037655.8,244.8837,300,232.64,-,-,Infinity,-3.858583498812443,245.69,0,0,-4.34,,17-Aug-2026,-,-3.858583498812443,-,Infinity,17.693333333333335,-6.138239339752407,https://nsearchives.nseindia.com/today/NIFTYADDEQN.svg,https://nsearchives.nseindia.com/30d/NIFTYADD-EQ.svg,,EQ
NIFTYJBLK,INDEX,12.37,12.37,11.85,12,-0.07,-0.58,86852,1037012.88,11.906,13.05,9.94,-,-,Infinity,Infinity,12.07,0,0,0,,,-,Infinity,-,Infinity,8.045977011494259,-20.724346076458758,https://nsearchives.nseindia.com/today/NIFTYJBLKEQN.svg,,,EQ
ABSLPSE,Aditya Birla Sun Life Nifty PSE ETF,10,10.1,9.84,9.84,-0.16,-1.60,98835,983408.25,9.9101,11.6,9.21,-,-,-1.7964071856287398,-4.280155642023342,10,0,-0.2,-2.72,16-Sep-2025,17-Aug-2026,-,-4.280155642023342,-,-1.7964071856287398,15.172413793103447,-6.840390879478816,https://nsearchives.nseindia.com/today/ABSLPSEEQN.svg,https://nsearchives.nseindia.com/30d/ABSLPSE-EQ.svg,https://nsearchives.nseindia.com/365d/ABSLPSE-EQ.svg,EQ
CEMNTGROWW,Nifty Cements Index TRI,13.94,14.12,13.67,14.05,0.2,1.44,68805,959141.7,13.8293,16.27,13.67,-,-,Infinity,-6.891981444665336,13.85,0,0,-8.22,,17-Aug-2026,-,-6.891981444665336,-,Infinity,13.644744929317756,-2.779809802487204,https://nsearchives.nseindia.com/today/CEMNTGROWWEQN.svg,https://nsearchives.nseindia.com/30d/CEMNTGROWW-EQ.svg,,EQ
HDFCGROWTH,HDFC NIFTY Growth Sectors 15 ETF,114.95,115.8,114.92,115.8,0.6,0.52,7899,911623.59,114.919,133.3,107.86,-,-,-7.285828662930351,-4.5892724726044385,115.2,0,-7.77,-5.08,16-Sep-2025,17-Aug-2026,-,-4.5892724726044385,-,-7.285828662930351,13.128282070517638,-7.361394400148338,https://nsearchives.nseindia.com/today/HDFCGROWTHEQN.svg,https://nsearchives.nseindia.com/30d/HDFCGROWTH-EQ.svg,https://nsearchives.nseindia.com/365d/HDFCGROWTH-EQ.svg,EQ
HDFCPSUBK,HDFC NIFTY PSU BANK ETF,83.78,84.83,83.14,83.14,-0.64,-0.76,10748,901542.24,83.7459,101.25,71.34,-,-,15.826135413764279,-5.447515068804738,83.78,0,16.72,-4.72,16-Sep-2025,17-Aug-2026,-,-5.447515068804738,-,15.826135413764279,17.886419753086418,-16.54051023268853,https://nsearchives.nseindia.com/today/HDFCPSUBKEQN.svg,https://nsearchives.nseindia.com/30d/HDFCPSUBK-EQ.svg,https://nsearchives.nseindia.com/365d/HDFCPSUBK-EQ.svg,EQ
GROWWCHEM,Nifty Chemicals Index - TRI,29.27,29.49,28.81,29.35,0.38,1.31,30831,893482.38,28.7974,31.74,24.64,-,-,Infinity,-4.521795705920615,28.97,0,0,-5.76,,17-Aug-2026,-,-4.521795705920615,-,Infinity,7.52993068683049,-19.115259740259745,https://nsearchives.nseindia.com/today/GROWWCHEMEQN.svg,https://nsearchives.nseindia.com/30d/GROWWCHEM-EQ.svg,,EQ
AONENIFTY,Nifty 50 Index,9.85,9.85,9.53,9.64,0.03,0.31,87123,838994.49,9.5989,12,9,-,-,-6.589147286821703,-4.079601990049753,9.61,0,-6.88,-4.38,16-Sep-2025,17-Aug-2026,-,-4.079601990049753,-,-6.589147286821703,19.66666666666666,-7.111111111111118,https://nsearchives.nseindia.com/today/AONENIFTYEQN.svg,https://nsearchives.nseindia.com/30d/AONENIFTY-EQ.svg,https://nsearchives.nseindia.com/365d/AONENIFTY-EQ.svg,EQ
MULTICAP,Nifty500 Multicap 50:25:25 Index,16.43,16.43,16.21,16.36,0.13,0.80,48266,788666.44,16.2282,17.5,14.2,-,-,-0.18303843807200204,-3.4238488783943435,16.23,0,-0.98,-4.19,16-Sep-2025,17-Aug-2026,-,-3.4238488783943435,-,-0.18303843807200204,6.514285714285718,-15.211267605633804,https://nsearchives.nseindia.com/today/MULTICAPEQN.svg,https://nsearchives.nseindia.com/30d/MULTICAP-EQ.svg,https://nsearchives.nseindia.com/365d/MULTICAP-EQ.svg,EQ
GROWWMOM50,Nifty 500 Momentum 50 Index- Total Return Index,10.86,10.86,10.6,10.84,0.18,1.69,71314,765199.22,10.618,11.55,9.12,-,-,3.238095238095237,-1.8115942028985443,10.66,0,1.52,-3.44,16-Sep-2025,17-Aug-2026,-,-1.8115942028985443,-,3.238095238095237,6.147186147186154,-18.859649122807024,https://nsearchives.nseindia.com/today/GROWWMOM50EQN.svg,https://nsearchives.nseindia.com/30d/GROWWMOM50-EQ.svg,https://nsearchives.nseindia.com/365d/GROWWMOM50-EQ.svg,EQ
PVTBANKADD,DSP Nifty Private Bank ETF,27.73,27.9,27.66,27.66,-0.07,-0.25,26754,742423.5,27.7489,31.88,24.02,-,-,1.3186813186813167,-0.64655172413793,27.73,0,1.58,-0.4,16-Sep-2025,17-Aug-2026,-,-0.64655172413793,-,1.3186813186813167,13.237139272271014,-15.15403830141549,https://nsearchives.nseindia.com/today/PVTBANKADDEQN.svg,https://nsearchives.nseindia.com/30d/PVTBANKADD-EQ.svg,https://nsearchives.nseindia.com/365d/PVTBANKADD-EQ.svg,EQ
EMULTIMQ,Nifty500 Multicap Momentum Quality 50 Total Return Index,40.35,41.77,40.35,41.39,1.44,3.60,17658,720622.98,40.4304,43.54,36.25,-,-,-2.5200188412623654,-2.0123106060606095,39.95,0,-5.91,-5.42,16-Sep-2025,17-Aug-2026,-,-2.0123106060606095,-,-2.5200188412623654,4.937988056959115,-14.179310344827586,https://nsearchives.nseindia.com/today/EMULTIMQEQN.svg,https://nsearchives.nseindia.com/30d/EMULTIMQ-EQ.svg,https://nsearchives.nseindia.com/365d/EMULTIMQ-EQ.svg,EQ
GROWWNXT50,Index,72,72.21,71.05,71.34,-1.09,-1.50,9931,709371.33,70.7229,76.79,60.01,-,-,3.6466656980967675,-5.2212036667995125,72.43,0,5.23,-3.77,16-Sep-2025,17-Aug-2026,-,-5.2212036667995125,-,3.6466656980967675,7.0972782914442005,-18.880186635560747,https://nsearchives.nseindia.com/today/GROWWNXT50EQN.svg,https://nsearchives.nseindia.com/30d/GROWWNXT50-EQ.svg,https://nsearchives.nseindia.com/365d/GROWWNXT50-EQ.svg,EQ
AONETMMQ50,Nifty Total Market Momentum Quality 50 TRI,10.06,10.32,10.01,10.15,0.14,1.40,69955,705146.4,9.9968,10.87,8,-,-,Infinity,-2.7777777777777697,10.01,0,0,-4.12,,17-Aug-2026,-,-2.7777777777777697,-,Infinity,6.623735050597966,-26.875000000000004,https://nsearchives.nseindia.com/today/AONETMMQ50EQN.svg,https://nsearchives.nseindia.com/30d/AONETMMQ50-EQ.svg,,EQ
MOTOUR,Nifty India Tourism Total Return Index,75.02,76.79,75.02,76.69,1.67,2.23,9206,699840.12,74.906,95.33,64,-,-,-17.96106118955927,-4.4837464192303,75.02,0,-19.75,-6.56,16-Sep-2025,17-Aug-2026,-,-4.4837464192303,-,-17.96106118955927,19.553131228364627,-19.828124999999996,https://nsearchives.nseindia.com/today/MOTOUREQN.svg,https://nsearchives.nseindia.com/30d/MOTOUR-EQ.svg,https://nsearchives.nseindia.com/365d/MOTOUR-EQ.svg,EQ
HDFCNIF100,HDFC NIFTY 100 ETF,25.36,25.36,25.13,25.32,0.08,0.32,26558,670589.5,25.1343,29,23.31,20-OCT-23,FACE VALUE SPLIT (SUB-DIVISION) - FROM RS 177.27/- PER SHARE TO RS 17.727/- PER SHARE,-4.847801578353999,-3.762827822120861,25.24,0,-5.15,-4.07,16-Sep-2025,17-Aug-2026,FACE VALUE SPLIT (SUB-DIVISION) - FROM RS 177.27/- PER SHARE TO RS 17.727/- PER SHARE,-3.762827822120861,20-OCT-23,-4.847801578353999,12.689655172413794,-8.62290862290863,https://nsearchives.nseindia.com/today/HDFCNIF100EQN.svg,https://nsearchives.nseindia.com/30d/HDFCNIF100-EQ.svg,https://nsearchives.nseindia.com/365d/HDFCNIF100-EQ.svg,EQ
CHOICEGOLD,Gold,149.9,149.9,147.52,149.57,-0.49,-0.33,4383,654118.92,150.0404,175.49,115.79,-,-,Infinity,-1.6504471330878612,150.06,0,0,-1.33,,17-Aug-2026,-,-1.6504471330878612,-,Infinity,14.770072368795953,-29.173503756801093,https://nsearchives.nseindia.com/today/CHOICEGOLDEQN.svg,https://nsearchives.nseindia.com/30d/CHOICEGOLD-EQ.svg,,EQ
ECAPINSURE,BSE Capital Markets & Insurance Total Return Index,23.1,23.6,23.1,23.56,0.53,2.30,27955,653587.9,23.0099,25.88,20.5,-,-,2.523933855526537,-1.3813311008790365,23.03,0,0.22,-3.6,16-Sep-2025,17-Aug-2026,-,-1.3813311008790365,-,2.523933855526537,8.964451313755797,-14.926829268292677,https://nsearchives.nseindia.com/today/ECAPINSUREEQN.svg,https://nsearchives.nseindia.com/30d/ECAPINSURE-EQ.svg,https://nsearchives.nseindia.com/365d/ECAPINSURE-EQ.svg,EQ
TECH,Nifty IT TRI Index,32.06,32.38,31.6,31.85,-0.21,-0.66,20077,639653.22,31.8674,49.41,28,-,-,-17.27272727272727,-5.629629629629625,32.06,0,-16.73,-5.01,16-Sep-2025,17-Aug-2026,-,-5.629629629629625,-,-17.27272727272727,35.53936450111313,-13.750000000000004,https://nsearchives.nseindia.com/today/TECHEQN.svg,https://nsearchives.nseindia.com/30d/TECH-EQ.svg,https://nsearchives.nseindia.com/365d/TECH-EQ.svg,EQ
HDFCVALUE,HDFC NIFTY50 Value 20 ETF,121.97,122.22,121.54,122.22,0.65,0.53,5105,622248.45,121.8517,147.05,120,-,-,-9.339069801943479,-3.459715639810423,121.57,0,-9.82,-3.97,16-Sep-2025,17-Aug-2026,-,-3.459715639810423,-,-9.339069801943479,16.885413124787494,-1.849999999999999,https://nsearchives.nseindia.com/today/HDFCVALUEEQN.svg,https://nsearchives.nseindia.com/30d/HDFCVALUE-EQ.svg,https://nsearchives.nseindia.com/365d/HDFCVALUE-EQ.svg,EQ
NV20,Nifty50 Value 20,13.54,13.58,13.47,13.57,0.01,0.07,45776,618891.52,13.5343,16.87,12.62,27-FEB-26,FACE VALUE SPLIT (SUB-DIVISION) - FROM RS 10/- PER SHARE TO RE 1/- PER SHARE,-90.90909090909092,-3.5536602700781805,13.56,0,-90.92,-3.62,16-Sep-2025,17-Aug-2026,FACE VALUE SPLIT (SUB-DIVISION) - FROM RS 10/- PER SHARE TO RE 1/- PER SHARE,-3.5536602700781805,27-FEB-26,-90.90909090909092,19.561351511558982,-7.527733755942958,https://nsearchives.nseindia.com/today/NV20EQN.svg,https://nsearchives.nseindia.com/30d/NV20-EQ.svg,https://nsearchives.nseindia.com/365d/NV20-EQ.svg,EQ
MOM50,Nifty 50,243.84,244.8,241,243.5,-0.34,-0.14,2526,616520.82,243.3652,279.33,221.55,16-OCT-14,FACE VALUE SPLIT FROM RS.10/- TO RS.7/-,-6.929633451821273,-4.239421110586755,243.84,0,-6.8,-4.11,16-Sep-2025,17-Aug-2026,FACE VALUE SPLIT FROM RS.10/- TO RS.7/-,-4.239421110586755,16-OCT-14,-6.929633451821273,12.827122042029135,-9.907470097043552,https://nsearchives.nseindia.com/today/MOM50EQN.svg,https://nsearchives.nseindia.com/30d/MOM50-EQ.svg,https://nsearchives.nseindia.com/365d/MOM50-EQ.svg,EQ
MNC,Kotak Nifty MNC ETF,32,32.7,31.92,32.49,0.4,1.25,18692,603190.84,32.0985,35.65,27.83,-,-,4.234841193455246,-6.5304948216340515,32.09,0,2.95,-7.68,16-Sep-2025,17-Aug-2026,-,-6.5304948216340515,-,4.234841193455246,8.863955119214577,-16.74452030183257,https://nsearchives.nseindia.com/today/MNCEQN.svg,https://nsearchives.nseindia.com/30d/MNC-EQ.svg,https://nsearchives.nseindia.com/365d/MNC-EQ.svg,EQ
TOP20,Nifty Top 20 Equal Weight,8.6,9,8.59,8.67,0.07,0.81,69451,600056.64,8.6074,9.99,8,-,-,Infinity,-3.9867109634551436,8.6,0,0,-4.76,,17-Aug-2026,-,-3.9867109634551436,-,Infinity,13.213213213213216,-8.375,https://nsearchives.nseindia.com/today/TOP20EQN.svg,https://nsearchives.nseindia.com/30d/TOP20-EQ.svg,,EQ
GOLD360,Commodity-Gold,147.2,147.55,146.25,146.55,-0.8,-0.54,3813,560015.31,147.5358,178,106.25,-,-,34.08051235132664,-1.5782404298186663,147.35,0,34.81,-1.04,16-Sep-2025,17-Aug-2026,-,-1.5782404298186663,-,34.08051235132664,17.66853932584269,-37.92941176470589,https://nsearchives.nseindia.com/today/GOLD360EQN.svg,https://nsearchives.nseindia.com/30d/GOLD360-EQ.svg,https://nsearchives.nseindia.com/365d/GOLD360-EQ.svg,EQ
EQUAL200,BSE 200 Equal Weight,13.39,13.47,13.38,13.44,0.1,0.75,41542,557909.06,11.306,14.6,11.75,-,-,1.6641452344931835,-4.341637010676165,13.34,0,0.91,-5.05,16-Sep-2025,17-Aug-2026,-,-4.341637010676165,-,1.6641452344931835,7.945205479452056,-14.38297872340425,https://nsearchives.nseindia.com/today/EQUAL200EQN.svg,https://nsearchives.nseindia.com/30d/EQUAL200-EQ.svg,https://nsearchives.nseindia.com/365d/EQUAL200-EQ.svg,EQ
LIQUIDBETA,Nifty 1D Rate Index,1008.29,1008.29,1008.27,1008.29,0.13,0.01,541,545479.48,1008.1528,1019,981.86,-,-,Infinity,0.37830142659458577,1008.16,0,0,0.37,,17-Aug-2026,-,0.37830142659458577,-,Infinity,1.0510304219823392,-2.6918297924347616,https://nsearchives.nseindia.com/today/LIQUIDBETAEQN.svg,https://nsearchives.nseindia.com/30d/LIQUIDBETA-EQ.svg,,EQ
NEXT50ETF,Nifty Next 50 Index,70.93,71.7,70.93,71.7,0.77,1.09,7471,534176.5,70.941,78,60.15,-,-,Infinity,-5.620639726207709,70.93,0,0,-6.63,,17-Aug-2026,-,-5.620639726207709,-,Infinity,8.076923076923075,-19.201995012468835,https://nsearchives.nseindia.com/today/NEXT50ETFEQN.svg,https://nsearchives.nseindia.com/30d/NEXT50ETF-EQ.svg,,EQ
ELM250,Nifty LargeMidcap 250 TRI,15.99,16.37,15.91,16.19,0.2,1.25,32891,533163.11,16.06,18.5,14.43,-,-,-1.2202562538132964,-5.652680652680646,15.99,0,-2.44,-6.82,16-Sep-2025,17-Aug-2026,-,-5.652680652680646,-,-1.2202562538132964,12.48648648648648,-12.196812196812209,https://nsearchives.nseindia.com/today/ELM250EQN.svg,https://nsearchives.nseindia.com/30d/ELM250-EQ.svg,https://nsearchives.nseindia.com/365d/ELM250-EQ.svg,EQ
SBINEQWETF,Nifty50 Equal Weight,32.37,34.5,32.21,32.59,0.38,1.18,15561,504176.4,32.1808,36.4,29.64,-,-,0.2460781298062301,-3.977607542722435,32.21,0,-0.92,-5.1,16-Sep-2025,17-Aug-2026,-,-3.977607542722435,-,0.2460781298062301,10.467032967032955,-9.952766531713909,https://nsearchives.nseindia.com/today/SBINEQWETFEQN.svg,https://nsearchives.nseindia.com/30d/SBINEQWETF-EQ.svg,https://nsearchives.nseindia.com/365d/SBINEQWETF-EQ.svg,EQ
HDFCQUAL,HDFC NIFTY100 Quality 30 ETF,56.65,56.98,56.54,56.54,-0.17,-0.30,8797,498438.02,56.5566,61.87,51.91,-,-,-4.63821892393321,-5.324849296718018,56.71,0,-4.35,-5.04,16-Sep-2025,17-Aug-2026,-,-5.324849296718018,-,-4.63821892393321,8.61483756263132,-8.919283375072245,https://nsearchives.nseindia.com/today/HDFCQUALEQN.svg,https://nsearchives.nseindia.com/30d/HDFCQUAL-EQ.svg,https://nsearchives.nseindia.com/365d/HDFCQUAL-EQ.svg,EQ
HEALTHAXIS,Nifty Healthcare Index,165.48,168.22,165.48,167.94,2.46,1.49,2855,477470.2,165.6577,190,135.2,-,-,Infinity,0.005954862144935929,165.48,0,0,-1.46,,17-Aug-2026,-,0.005954862144935929,-,Infinity,11.610526315789473,-24.215976331360956,https://nsearchives.nseindia.com/today/HEALTHAXISEQN.svg,https://nsearchives.nseindia.com/30d/HEALTHAXIS-EQ.svg,,EQ
QUAL30IETF,ICICI Prudential Nifty 200 Quality 30 ETF,20.33,20.45,20.25,20.45,0.18,0.89,23099,469833.66,20.2678,23,18,10-MAY-24,FACE VALUE SPLIT (SUB-DIVISION) - FROM RS 10/- PER SHARE TO RE 1/- PER SHARE,-5.803777061262098,-5.542725173210159,20.27,0,-6.63,-6.37,16-Sep-2025,17-Aug-2026,FACE VALUE SPLIT (SUB-DIVISION) - FROM RS 10/- PER SHARE TO RE 1/- PER SHARE,-5.542725173210159,10-MAY-24,-5.803777061262098,11.086956521739133,-13.611111111111107,https://nsearchives.nseindia.com/today/QUAL30IETFEQN.svg,https://nsearchives.nseindia.com/30d/QUAL30IETF-EQ.svg,https://nsearchives.nseindia.com/365d/QUAL30IETF-EQ.svg,EQ
INFRA,Nifty India Infrastructure & Logistics,11.58,11.7,11.56,11.66,0.1,0.87,38972,453244.36,11.5257,13.27,10.14,-,-,Infinity,-5.048859934853414,11.56,0,0,-5.86,,17-Aug-2026,-,-5.048859934853414,-,Infinity,12.132629992464201,-14.990138067061137,https://nsearchives.nseindia.com/today/INFRAEQN.svg,https://nsearchives.nseindia.com/30d/INFRA-EQ.svg,,EQ
NIFTYBETF,Bajaj Finserv Nifty 50 ETF,241.28,241.28,238.95,240.46,-0.08,-0.03,1812,435496.08,239.1945,279.99,227.01,-,-,-6.483101932874416,-4.103688933200395,240.54,0,-6.45,-4.07,16-Sep-2025,17-Aug-2026,-,-4.103688933200395,-,-6.483101932874416,14.11836137004893,-5.92484912558919,https://nsearchives.nseindia.com/today/NIFTYBETFEQN.svg,https://nsearchives.nseindia.com/30d/NIFTYBETF-EQ.svg,https://nsearchives.nseindia.com/365d/NIFTYBETF-EQ.svg,EQ
MIDCAPADD,Nifty Midcap 150 Index,22.7,22.7,22.47,22.7,0,0.00,18839,426138.18,22.435,25.5,19.27,-,-,Infinity,-3.6093418259023413,22.7,0,0,-3.61,,17-Aug-2026,-,-3.6093418259023413,-,Infinity,10.980392156862747,-17.799688635184225,https://nsearchives.nseindia.com/today/MIDCAPADDEQN.svg,https://nsearchives.nseindia.com/30d/MIDCAPADD-EQ.svg,,EQ
TWCGOLDETF,Commodity,150.71,150.71,149.13,149.82,-0.77,-0.51,2812,421743.76,150.3601,187.98,123.31,-,-,Infinity,-1.6477384625484273,150.59,0,0,-1.14,,17-Aug-2026,-,-1.6477384625484273,-,Infinity,20.30003191828918,-21.498661909009805,https://nsearchives.nseindia.com/today/TWCGOLDETFEQN.svg,https://nsearchives.nseindia.com/30d/TWCGOLDETF-EQ.svg,,EQ
ENERGYAXIS,Nifty Energy,19.08,19.08,18.69,18.76,0.05,0.27,22143,414959.82,18.637,19.99,18.58,-,-,Infinity,Infinity,18.71,0,0,0,,,-,Infinity,-,Infinity,6.1530765382691195,-0.9687836383207927,https://nsearchives.nseindia.com/today/ENERGYAXISEQN.svg,,,EQ
SBIETFQLTY,Nifty 200 Quality 30 Index,213,215.01,213,215.01,1.26,0.59,1903,407127.82,213.1156,247.28,194,-,-,-5.7924024010866235,-5.53578489521551,213.75,0,-6.34,-6.09,16-Sep-2025,17-Aug-2026,-,-5.53578489521551,-,-5.7924024010866235,13.04998382400518,-10.82989690721649,https://nsearchives.nseindia.com/today/SBIETFQLTYEQN.svg,https://nsearchives.nseindia.com/30d/SBIETFQLTY-EQ.svg,https://nsearchives.nseindia.com/365d/SBIETFQLTY-EQ.svg,EQ
LOWVOL,Mirae Asset Nifty 100 Low Volatility 30 ETF,199.07,200.04,198.9,199.88,0.49,0.25,2030,404518.1,198.642,219.1,183.58,-,-,-5.418066531017848,-4.637404580152672,199.39,0,-5.65,-4.87,16-Sep-2025,17-Aug-2026,-,-4.637404580152672,-,-5.418066531017848,8.77225011410315,-8.878962849983647,https://nsearchives.nseindia.com/today/LOWVOLEQN.svg,https://nsearchives.nseindia.com/30d/LOWVOL-EQ.svg,https://nsearchives.nseindia.com/365d/LOWVOL-EQ.svg,EQ
BBNPPGOLD,Baroda BNP Paribas Gold ETF,145.55,146.15,143.5,145.85,-0.55,-0.38,2777,403664.72,146.2964,184.05,106,-,-,34.98380379453956,-1.319350473613002,146.4,0,35.49,-0.95,16-Sep-2025,17-Aug-2026,-,-1.319350473613002,-,34.98380379453956,20.755229557185555,-37.594339622641506,https://nsearchives.nseindia.com/today/BBNPPGOLDEQN.svg,https://nsearchives.nseindia.com/30d/BBNPPGOLD-EQ.svg,https://nsearchives.nseindia.com/365d/BBNPPGOLD-EQ.svg,EQ
MSCI360,MSCI India Index,9.84,9.88,9.63,9.86,-0.01,-0.10,40209,390027.3,9.7574,12.24,9.6,-,-,Infinity,-4.271844660194187,9.87,0,0,-4.17,,17-Aug-2026,-,-4.271844660194187,-,Infinity,19.44444444444445,-2.7083333333333313,https://nsearchives.nseindia.com/today/MSCI360EQN.svg,https://nsearchives.nseindia.com/30d/MSCI360-EQ.svg,,EQ
ABSL10BANK,BSE Top 10 Banks Index,168.13,168.13,164,164.55,-0.28,-0.17,2339,386145.51,165.7251,214.42,150,-,-,Infinity,-3.029052978961628,164.83,0,0,-2.86,,17-Aug-2026,-,-3.029052978961628,-,Infinity,23.258091595933205,-9.700000000000008,https://nsearchives.nseindia.com/today/ABSL10BANKEQN.svg,https://nsearchives.nseindia.com/30d/ABSL10BANK-EQ.svg,,EQ
SMALLGROWW,Nifty Smallcap 250 Momentum Quality 100 Index TRI,47.89,48.89,47.89,47.89,0.27,0.57,7927,382239.94,47.7669,50.84,39.41,-,-,Infinity,-1.5419407894736843,47.62,0,0,-2.1,,17-Aug-2026,-,-1.5419407894736843,-,Infinity,5.802517702596386,-21.517381375285474,https://nsearchives.nseindia.com/today/SMALLGROWWEQN.svg,https://nsearchives.nseindia.com/30d/SMALLGROWW-EQ.svg,,EQ
SETF10GILT,Nifty 10 yr Benchmark G-Sec Index,262.49,263.87,261.35,261.38,-1.11,-0.42,1434,375292.14,262.7889,272.31,250.95,-,-,1.1141199226305591,-1.740536070072552,262.49,0,1.54,-1.32,16-Sep-2025,17-Aug-2026,-,-1.740536070072552,-,1.1141199226305591,4.013807792589331,-4.156206415620645,https://nsearchives.nseindia.com/today/SETF10GILTEQN.svg,https://nsearchives.nseindia.com/30d/SETF10GILT-EQ.svg,https://nsearchives.nseindia.com/365d/SETF10GILT-EQ.svg,EQ
SILVER001,Commodity - Silver,23.67,23.67,22.75,22.94,-0.18,-0.78,15756,359551.92,23.1266,28,22,-,-,Infinity,Infinity,23.12,0,0,0,,,-,Infinity,-,Infinity,18.071428571428566,-4.272727272727279,https://nsearchives.nseindia.com/today/SILVER001EQN.svg,,,EQ
BNKETFAXIS,Nifty Bank,582.58,582.58,579.75,580.1,0.29,0.05,592,343916.48,581.1898,647.82,512.51,-,-,Infinity,-2.777079457656651,579.81,0,0,-2.83,,17-Aug-2026,-,-2.777079457656651,-,Infinity,10.453521039795008,-13.188035355407706,https://nsearchives.nseindia.com/today/BNKETFAXISEQN.svg,https://nsearchives.nseindia.com/30d/BNKETFAXIS-EQ.svg,,EQ
MANUFGBEES,Nifty India Manufacturing TRI,158,161,157.79,159.94,2.33,1.48,2092,332586.16,156.9497,171.58,138.6,-,-,5.431773236651292,-4.387852702056434,157.61,0,3.9,-5.78,16-Sep-2025,17-Aug-2026,-,-4.387852702056434,-,5.431773236651292,6.784007460076939,-15.3968253968254,https://nsearchives.nseindia.com/today/MANUFGBEESEQN.svg,https://nsearchives.nseindia.com/30d/MANUFGBEES-EQ.svg,https://nsearchives.nseindia.com/365d/MANUFGBEES-EQ.svg,EQ
ITBETA,UTI Nifty IT ETF,304.57,309.4,304.17,309.39,3.59,1.17,1071,328550.67,306.188,409.94,270.68,-,-,Infinity,-5.578783532212295,305.8,0,0,-6.67,,17-Aug-2026,-,-5.578783532212295,-,Infinity,24.527979704346983,-14.30101965420422,https://nsearchives.nseindia.com/today/ITBETAEQN.svg,https://nsearchives.nseindia.com/30d/ITBETA-EQ.svg,,EQ
TOP15IETF,Nifty Top 15 Equal Weight Index,9.53,9.7,9.46,9.55,0.05,0.53,31445,299356.4,9.4751,11.36,9.15,-,-,-9.564393939393936,-4.690618762475038,9.5,0,-10.04,-5.19,16-Sep-2025,17-Aug-2026,-,-4.690618762475038,-,-9.564393939393936,15.933098591549287,-4.371584699453556,https://nsearchives.nseindia.com/today/TOP15IETFEQN.svg,https://nsearchives.nseindia.com/30d/TOP15IETF-EQ.svg,https://nsearchives.nseindia.com/365d/TOP15IETF-EQ.svg,EQ
MSCIADD,MSCI India Index,28.62,28.7,28.57,28.63,0,0.00,10146,290581.44,28.5281,33.82,26.4,-,-,Infinity,-4.662004662004669,28.63,0,0,-4.66,,17-Aug-2026,-,-4.662004662004669,-,Infinity,15.345949142519222,-8.446969696969699,https://nsearchives.nseindia.com/today/MSCIADDEQN.svg,https://nsearchives.nseindia.com/30d/MSCIADD-EQ.svg,,EQ
GROWWPSUBK,Nifty PSU Bank Index - TRI,83.27,84.14,81.75,83.99,0.66,0.79,3497,289621.54,83.0004,91.19,77.57,-,-,Infinity,-4.153828597512268,83.33,0,0,-4.91,,17-Aug-2026,-,-4.153828597512268,-,Infinity,7.895602588003073,-8.276395513729538,https://nsearchives.nseindia.com/today/GROWWPSUBKEQN.svg,https://nsearchives.nseindia.com/30d/GROWWPSUBK-EQ.svg,,EQ
NETF,Tata Nifty 50 Exchange Traded Fund,251,254.87,251,252,0.26,0.10,1110,281951.1,252.9846,292.9,240.66,-,-,-7.1994107899097814,-4.977375565610855,251.74,0,-7.3,-5.08,16-Sep-2025,17-Aug-2026,-,-4.977375565610855,-,-7.1994107899097814,13.963810174120853,-4.712041884816756,https://nsearchives.nseindia.com/today/NETFEQN.svg,https://nsearchives.nseindia.com/30d/NETF-EQ.svg,https://nsearchives.nseindia.com/365d/NETF-EQ.svg,EQ
UNIONGOLD,Commodity Gold,148.7,148.7,146.4,146.85,-1.05,-0.71,1789,262965.11,147.9168,177,107.35,-,-,34.601283226397804,-1.608040201005029,147.9,0,35.56,-0.9,16-Sep-2025,17-Aug-2026,-,-1.608040201005029,-,34.601283226397804,17.033898305084747,-36.795528644620404,https://nsearchives.nseindia.com/today/UNIONGOLDEQN.svg,https://nsearchives.nseindia.com/30d/UNIONGOLD-EQ.svg,https://nsearchives.nseindia.com/365d/UNIONGOLD-EQ.svg,EQ
IDFNIFTYET,Nifty 50,256.3,258.71,256.3,257,0.49,0.19,1001,257347.09,256.8101,340.8,244.32,-,-,-6.8570600173963525,-5.379036117963261,256.51,0,-7.03,-5.56,16-Sep-2025,17-Aug-2026,-,-5.379036117963261,-,-6.8570600173963525,24.589201877934276,-5.189914865749839,https://nsearchives.nseindia.com/today/IDFNIFTYETEQN.svg,https://nsearchives.nseindia.com/30d/IDFNIFTYET-EQ.svg,https://nsearchives.nseindia.com/365d/IDFNIFTYET-EQ.svg,EQ
BANKBETF,Bajaj Finserv Nifty Bank ETF,57.09,57.49,56.9,57.18,0.08,0.14,4493,257044.53,57.3018,63.9,50.71,-,-,2.344728834795064,-2.688904016337642,57.1,0,2.2,-2.83,16-Sep-2025,17-Aug-2026,-,-2.688904016337642,-,2.344728834795064,10.516431924882628,-12.75882468941037,https://nsearchives.nseindia.com/today/BANKBETFEQN.svg,https://nsearchives.nseindia.com/30d/BANKBETF-EQ.svg,https://nsearchives.nseindia.com/365d/BANKBETF-EQ.svg,EQ
BANK10BETF,Bajaj Finserv BSE Top 10 Banks ETF,20.41,20.51,20.15,20.2,-0.2,-0.98,12244,249900.04,20.4052,24.9,19.73,-,-,Infinity,-3.671912255603241,20.4,0,0,-2.72,,17-Aug-2026,-,-3.671912255603241,-,Infinity,18.87550200803213,-2.382159148504809,https://nsearchives.nseindia.com/today/BANK10BETFEQN.svg,https://nsearchives.nseindia.com/30d/BANK10BETF-EQ.svg,,EQ
MOLOWVOL,Nifty Midcap 100 TRI,35,36.5,34.99,35.4,0.41,1.17,6873,241929.6,35.0272,43.07,33.52,11-AUG-22,FACE VALUE SPLIT (SUB-DIVISION) - FROM RS 10/- PER UNIT TO RS 2/- PER UNIT,-7.908428720083244,-4.889844169801183,34.99,0,-8.98,-5.99,16-Sep-2025,17-Aug-2026,FACE VALUE SPLIT (SUB-DIVISION) - FROM RS 10/- PER UNIT TO RS 2/- PER UNIT,-4.889844169801183,11-AUG-22,-7.908428720083244,17.808219178082197,-5.6085918854415135,https://nsearchives.nseindia.com/today/MOLOWVOLEQN.svg,https://nsearchives.nseindia.com/30d/MOLOWVOL-EQ.svg,https://nsearchives.nseindia.com/365d/MOLOWVOL-EQ.svg,EQ
BANKADD,DSP Nifty Bank ETF,57.6,57.92,57.37,57.37,-0.15,-0.26,4145,238793.45,57.7094,62.9,51.01,-,-,Infinity,-3.1893351333108346,57.52,0,0,-2.94,,17-Aug-2026,-,-3.1893351333108346,-,Infinity,8.79173290937997,-12.46814350127426,https://nsearchives.nseindia.com/today/BANKADDEQN.svg,https://nsearchives.nseindia.com/30d/BANKADD-EQ.svg,,EQ
SBIETFCON,Nifty India Consumption Index,118.97,118.97,117.91,118.54,0.76,0.65,1963,232281.79,117.457,133.97,100,-,-,-7.093032369307937,-5.50817058589079,117.78,0,-7.69,-6.11,16-Sep-2025,17-Aug-2026,-,-5.50817058589079,-,-7.093032369307937,11.517503918787783,-18.540000000000006,https://nsearchives.nseindia.com/today/SBIETFCONEQN.svg,https://nsearchives.nseindia.com/30d/SBIETFCON-EQ.svg,https://nsearchives.nseindia.com/365d/SBIETFCON-EQ.svg,EQ
SMALLADD,Nifty Smallcap 250 Index,18.03,18.19,18.03,18.16,0.17,0.94,12790,231626.9,17.9733,19.5,14.01,-,-,Infinity,-1.5184381778741927,17.99,0,0,-2.44,,17-Aug-2026,-,-1.5184381778741927,-,Infinity,6.871794871794871,-29.621698786581018,https://nsearchives.nseindia.com/today/SMALLADDEQN.svg,https://nsearchives.nseindia.com/30d/SMALLADD-EQ.svg,,EQ
LICNMID100,LIC MF Nifty Midcap 100 ETF,60.8,62.39,60.8,62.39,1.55,2.55,3565,220067.45,61.3152,66.4,52.3,-,-,6.322426721199729,-2.7738818762661697,60.84,0,3.68,-5.19,16-Sep-2025,17-Aug-2026,-,-2.7738818762661697,-,6.322426721199729,6.039156626506031,-19.29254302103251,https://nsearchives.nseindia.com/today/LICNMID100EQN.svg,https://nsearchives.nseindia.com/30d/LICNMID100-EQ.svg,https://nsearchives.nseindia.com/365d/LICNMID100-EQ.svg,EQ
MIDQ50ADD,Nifty Midcap 150 Quality 50 Index,24.07,24.22,23.93,24.2,0.13,0.54,8990,217018.6,23.9641,26.01,21,03-JUL-26,FACE VALUE SPLIT (SUB-DIVISION) - FROM RS 10/- PER UNIT TO RE 1/- PER UNIT,-90.50310022761165,-5.653021442495125,24.07,0,-90.55,-6.16,16-Sep-2025,17-Aug-2026,FACE VALUE SPLIT (SUB-DIVISION) - FROM RS 10/- PER UNIT TO RE 1/- PER UNIT,-5.653021442495125,03-JUL-26,-90.50310022761165,6.958861976163022,-15.238095238095235,https://nsearchives.nseindia.com/today/MIDQ50ADDEQN.svg,https://nsearchives.nseindia.com/30d/MIDQ50ADD-EQ.svg,https://nsearchives.nseindia.com/365d/MIDQ50ADD-EQ.svg,EQ
SBINMID150,Nifty Midcap 150 Index,22.48,22.89,22.48,22.75,0.27,1.20,9273,209013.42,22.4319,24.06,19.81,-,-,Infinity,-3.0677460587984613,22.48,0,0,-4.22,,17-Aug-2026,-,-3.0677460587984613,-,Infinity,5.444721529509555,-14.840989399293292,https://nsearchives.nseindia.com/today/SBINMID150EQN.svg,https://nsearchives.nseindia.com/30d/SBINMID150-EQ.svg,,EQ
MON50EQUAL,Nifty 50 Equal Weight Total Return Index,32.92,32.92,32.12,32.4,0.13,0.40,6362,205683.46,32.1157,36,29.43,-,-,-0.21558361564521183,-4.19869899467771,32.27,0,-0.62,-4.58,16-Sep-2025,17-Aug-2026,-,-4.19869899467771,-,-0.21558361564521183,10.000000000000004,-10.09174311926605,https://nsearchives.nseindia.com/today/MON50EQUALEQN.svg,https://nsearchives.nseindia.com/30d/MON50EQUAL-EQ.svg,https://nsearchives.nseindia.com/365d/MON50EQUAL-EQ.svg,EQ
MOIPO,BSE Select IPO Total Return Index,47.48,50.9,47.45,49.89,2.41,5.08,4203,201659.94,47.3197,53,36.5,-,-,Infinity,3.0146603345034086,47.48,0,0,-1.96,,17-Aug-2026,-,3.0146603345034086,-,Infinity,5.867924528301886,-36.68493150684932,https://nsearchives.nseindia.com/today/MOIPOEQN.svg,https://nsearchives.nseindia.com/30d/MOIPO-EQ.svg,,EQ
MONEXT50,Nifty Next 50 Total Return Index,73.07,73.07,70.61,71.28,-0.36,-0.50,2801,198366.82,70.3367,75.89,59.43,-,-,3.891560996939224,-4.947326310174682,71.64,0,4.42,-4.47,16-Sep-2025,17-Aug-2026,-,-4.947326310174682,-,3.891560996939224,6.074581631308472,-19.939424533064113,https://nsearchives.nseindia.com/today/MONEXT50EQN.svg,https://nsearchives.nseindia.com/30d/MONEXT50-EQ.svg,https://nsearchives.nseindia.com/365d/MONEXT50-EQ.svg,EQ
ITAXIS,NIFTY IT Index,319,323.17,318.1,318.1,-2.31,-0.72,609,195007.89,320.6949,439.67,230.7,-,-,Infinity,-6.893019171666897,320.41,0,0,-6.22,,17-Aug-2026,-,-6.893019171666897,-,Infinity,27.650283166920644,-37.88469874295624,https://nsearchives.nseindia.com/today/ITAXISEQN.svg,https://nsearchives.nseindia.com/30d/ITAXIS-EQ.svg,,EQ
CONS,Kotak Nifty India Consumption ETF,11.44,12,11.44,11.85,0.18,1.54,16325,193124.75,11.7123,13.12,10.2,27-FEB-26,FACE VALUE SPLIT (SUB-DIVISION) - FROM RS 10/- PER SHARE TO RE 1/- PER SHARE,-90.66488104616354,-5.275779376498802,11.67,0,-90.81,-6.71,16-Sep-2025,17-Aug-2026,FACE VALUE SPLIT (SUB-DIVISION) - FROM RS 10/- PER SHARE TO RE 1/- PER SHARE,-5.275779376498802,27-FEB-26,-90.66488104616354,9.679878048780486,-16.176470588235297,https://nsearchives.nseindia.com/today/CONSEQN.svg,https://nsearchives.nseindia.com/30d/CONS-EQ.svg,https://nsearchives.nseindia.com/365d/CONS-EQ.svg,EQ
HYBRIDETF,Nifty200 Momentum 30 Plus 8-13 yr G-Sec 50:50 Total Return Index,9.97,9.97,9.87,9.94,0.06,0.61,19385,192493.05,9.8556,11.99,9.8,-,-,Infinity,-2.2615535889872214,9.88,0,0,-2.85,,17-Aug-2026,-,-2.2615535889872214,-,Infinity,17.09758131776481,-1.4285714285714162,https://nsearchives.nseindia.com/today/HYBRIDETFEQN.svg,https://nsearchives.nseindia.com/30d/HYBRIDETF-EQ.svg,,EQ
SBISMLETF,Nifty Smallcap 250 Index,18.07,18.17,17.91,18.14,0.24,1.34,10469,188756.07,17.8885,18.97,16.53,-,-,Infinity,-1.1982570806100157,17.9,0,0,-2.51,,17-Aug-2026,-,-1.1982570806100157,-,Infinity,4.375329467580381,-9.739866908650933,https://nsearchives.nseindia.com/today/SBISMLETFEQN.svg,https://nsearchives.nseindia.com/30d/SBISMLETF-EQ.svg,,EQ
BBNPNBETF,Baroda BNP Paribas NIFTY Bank ETF,57.19,57.19,56.44,56.62,-0.01,-0.02,3324,187639.8,56.8038,62.77,50.03,-,-,2.0364029554874667,-2.496986395729297,56.63,0,2.05,-2.48,16-Sep-2025,17-Aug-2026,-,-2.496986395729297,-,2.0364029554874667,9.797674048112164,-13.17209674195482,https://nsearchives.nseindia.com/today/BBNPNBETFEQN.svg,https://nsearchives.nseindia.com/30d/BBNPNBETF-EQ.svg,https://nsearchives.nseindia.com/365d/BBNPNBETF-EQ.svg,EQ
HEALTHADD,DSP Nifty Healthcare ETF,16.45,16.8,16.45,16.8,0.51,3.13,11028,183285.36,16.4366,17.47,13.54,03-JUL-26,FACE VALUE SPLIT (SUB-DIVISION) - FROM RS 10/- PER UNIT TO RE 1/- PER UNIT,-88.62559241706161,0.9009009009009138,16.29,0,-88.97,-2.16,16-Sep-2025,17-Aug-2026,FACE VALUE SPLIT (SUB-DIVISION) - FROM RS 10/- PER UNIT TO RE 1/- PER UNIT,0.9009009009009138,03-JUL-26,-88.62559241706161,3.835145964510579,-24.07680945347121,https://nsearchives.nseindia.com/today/HEALTHADDEQN.svg,https://nsearchives.nseindia.com/30d/HEALTHADD-EQ.svg,https://nsearchives.nseindia.com/365d/HEALTHADD-EQ.svg,EQ
EQUAL50,Nifty50 Equal Weight,320.85,323.3,320.85,323.05,2.2,0.69,528,170079.36,320.2576,342.88,295.16,-,-,-0.5847053392829596,-4.082541567695962,320.85,0,-1.26,-4.74,16-Sep-2025,17-Aug-2026,-,-4.082541567695962,-,-0.5847053392829596,5.783364442370504,-9.449112345846315,https://nsearchives.nseindia.com/today/EQUAL50EQN.svg,https://nsearchives.nseindia.com/30d/EQUAL50-EQ.svg,https://nsearchives.nseindia.com/365d/EQUAL50-EQ.svg,EQ
MOMGF,Nifty India Manufacturing Total Return Index,157.35,160.5,156.63,158.89,2.27,1.45,1074,169896.06,155.8833,182.16,137.9,-,-,4.870965612830833,-4.404067143974503,156.62,0,3.37,-5.77,16-Sep-2025,17-Aug-2026,-,-4.404067143974503,-,4.870965612830833,12.77448397013615,-15.221174764321958,https://nsearchives.nseindia.com/today/MOMGFEQN.svg,https://nsearchives.nseindia.com/30d/MOMGF-EQ.svg,https://nsearchives.nseindia.com/365d/MOMGF-EQ.svg,EQ
SNXT50BETA,BSE Sensex Next 50,92.98,93,91.51,91.6,-1.39,-1.49,1834,169626.66,92.1981,102.25,77.11,17-FEB-21, FACE VALUE SPLIT (SUB-DIVISION) - FROM RS 10/- PER UNIT TO RE 1/- PER UNIT,Infinity,-5.195611674601542,92.99,0,0,-3.76,,17-Aug-2026, FACE VALUE SPLIT (SUB-DIVISION) - FROM RS 10/- PER UNIT TO RE 1/- PER UNIT,-5.195611674601542,17-FEB-21,Infinity,10.415647921760396,-18.791337050966145,https://nsearchives.nseindia.com/today/SNXT50BETAEQN.svg,https://nsearchives.nseindia.com/30d/SNXT50BETA-EQ.svg,,EQ
GSEC5IETF,Nifty 5 yr Benchmark G-Sec Index,65.28,66.46,65.28,65.62,0,0.00,2564,169506.04,65.9399,69.14,62,-,-,4.3243243243243334,-1.070405548017479,65.62,0,4.32,-1.07,16-Sep-2025,17-Aug-2026,-,-1.070405548017479,-,4.3243243243243334,5.091119467746595,-5.838709677419362,https://nsearchives.nseindia.com/today/GSEC5IETFEQN.svg,https://nsearchives.nseindia.com/30d/GSEC5IETF-EQ.svg,https://nsearchives.nseindia.com/365d/GSEC5IETF-EQ.svg,EQ
GROWWN200,Nifty 200 Index- Total Return Index,10.95,11.1,10.83,11.03,0.09,0.82,14665,161461.65,10.9569,12.14,9.91,-,-,-2.9049295774647894,-4.502164502164513,10.94,0,-3.7,-5.28,16-Sep-2025,17-Aug-2026,-,-4.502164502164513,-,-2.9049295774647894,9.14332784184515,-11.301715438950547,https://nsearchives.nseindia.com/today/GROWWN200EQN.svg,https://nsearchives.nseindia.com/30d/GROWWN200-EQ.svg,https://nsearchives.nseindia.com/365d/GROWWN200-EQ.svg,EQ
MOPSE,Nifty PSE Total Return Index,97.63,101.5,97.45,101.32,3.56,3.64,1574,153764.06,96.9115,114.7,93.33,-,-,3.093203093203085,0.7056952589205783,97.76,0,-0.53,-2.83,16-Sep-2025,17-Aug-2026,-,0.7056952589205783,-,3.093203093203085,11.665213600697479,-8.561020036429868,https://nsearchives.nseindia.com/today/MOPSEEQN.svg,https://nsearchives.nseindia.com/30d/MOPSE-EQ.svg,https://nsearchives.nseindia.com/365d/MOPSE-EQ.svg,EQ
IVZINNIFTY,Nifty 50,267.25,268.37,266.38,267.52,0.31,0.12,573,153283.23,266.5645,315,251.1,31-JUL-26,FACE VALUE SPLIT (SUB-DIVISION) - FROM RS 10/- PER SHARE TO RE 1/- PER SHARE,-90.5389729806196,-4.190244251844439,267.21,0,-90.6,-4.3,12-Sep-2025,17-Aug-2026,FACE VALUE SPLIT (SUB-DIVISION) - FROM RS 10/- PER SHARE TO RE 1/- PER SHARE,-4.190244251844439,31-JUL-26,-90.5389729806196,15.073015873015878,-6.539227399442448,https://nsearchives.nseindia.com/today/IVZINNIFTYEQN.svg,https://nsearchives.nseindia.com/30d/IVZINNIFTY-EQ.svg,https://nsearchives.nseindia.com/365d/IVZINNIFTY-EQ.svg,EQ
GSEC10YEAR,Mirae Asset Nifty 8-13 yr G-Sec ETF,30.34,30.35,30.1,30.35,0.16,0.53,5046,153095.64,30.2387,31.33,28.39,-,-,3.902773022937352,-0.8493956223456322,30.19,0,3.36,-1.37,16-Sep-2025,17-Aug-2026,-,-0.8493956223456322,-,3.902773022937352,3.127992339610587,-6.903839380063405,https://nsearchives.nseindia.com/today/GSEC10YEAREQN.svg,https://nsearchives.nseindia.com/30d/GSEC10YEAR-EQ.svg,https://nsearchives.nseindia.com/365d/GSEC10YEAR-EQ.svg,EQ
MONIFTY100,Nifty 100 Total Return Index,24.87,24.87,24.48,24.54,-0.05,-0.20,6165,151535.7,24.4532,27.97,22.38,-,-,Infinity,-4.66200466200466,24.59,0,0,-4.47,,17-Aug-2026,-,-4.66200466200466,-,Infinity,12.263139077583125,-9.6514745308311,https://nsearchives.nseindia.com/today/MONIFTY100EQN.svg,https://nsearchives.nseindia.com/30d/MONIFTY100-EQ.svg,,EQ
DIVIDEND,BSE 500 Dividend Leaders,34.69,34.82,34.64,34.82,0.11,0.32,3816,132529.68,34.6537,38.03,33.15,-,-,Infinity,-3.03536619326092,34.71,0,0,-3.34,,17-Aug-2026,-,-3.03536619326092,-,Infinity,8.440704706810415,-5.037707390648572,https://nsearchives.nseindia.com/today/DIVIDENDEQN.svg,https://nsearchives.nseindia.com/30d/DIVIDEND-EQ.svg,,EQ
MOALPHA50,Nifty Alpha 50 Total Return Index,54.46,55.07,54.46,55.07,0.73,1.34,2418,132167.88,54.3529,62,42.1,-,-,6.394899536321488,-2.080369843527741,54.34,0,4.98,-3.38,16-Sep-2025,17-Aug-2026,-,-2.080369843527741,-,6.394899536321488,11.17741935483871,-30.807600950118765,https://nsearchives.nseindia.com/today/MOALPHA50EQN.svg,https://nsearchives.nseindia.com/30d/MOALPHA50-EQ.svg,https://nsearchives.nseindia.com/365d/MOALPHA50-EQ.svg,EQ
SNXT30BEES,BSE Sensex Next 30 Index,41.5,42,41.5,41.93,0.31,0.74,2988,124898.4,41.4868,44.56,36.83,-,-,6.044511886697017,-4.11616739080722,41.62,0,5.26,-4.83,16-Sep-2025,17-Aug-2026,-,-4.11616739080722,-,6.044511886697017,5.902154398563739,-13.847407005158841,https://nsearchives.nseindia.com/today/SNXT30BEESEQN.svg,https://nsearchives.nseindia.com/30d/SNXT30BEES-EQ.svg,https://nsearchives.nseindia.com/365d/SNXT30BEES-EQ.svg,EQ
NIF500BETA,Nifty 500,36.48,36.48,36.35,36.48,0.49,1.36,3339,121706.55,36.2512,38.3,35.83,-,-,Infinity,Infinity,35.99,0,0,0,,,-,Infinity,-,Infinity,4.751958224543082,-1.814122243929664,https://nsearchives.nseindia.com/today/NIF500BETAEQN.svg,,,EQ
MSCIINDIA,MSCI India Index,28.94,29.1,28.9,29.05,0.17,0.59,4050,117328.5,28.822,32.14,26.5,-,-,-3.263403263403265,-4.030393128510072,28.88,0,-3.83,-4.59,16-Sep-2025,17-Aug-2026,-,-4.030393128510072,-,-3.263403263403265,9.614187927815806,-9.622641509433965,https://nsearchives.nseindia.com/today/MSCIINDIAEQN.svg,https://nsearchives.nseindia.com/30d/MSCIINDIA-EQ.svg,https://nsearchives.nseindia.com/365d/MSCIINDIA-EQ.svg,EQ
GROWWLOVOL,Nifty 500 Low Volatility 50 Index   TRI,10.23,10.24,10.03,10.06,0.01,0.10,11111,111998.88,10.0367,11.1,9.39,-,-,-4.190476190476185,-4.644549763033177,10.05,0,-4.29,-4.74,16-Sep-2025,17-Aug-2026,-,-4.644549763033177,-,-4.190476190476185,9.369369369369362,-7.135250266240681,https://nsearchives.nseindia.com/today/GROWWLOVOLEQN.svg,https://nsearchives.nseindia.com/30d/GROWWLOVOL-EQ.svg,https://nsearchives.nseindia.com/365d/GROWWLOVOL-EQ.svg,EQ
MIDBANKADD,BSE MidSmall Private Banks Index,17.27,17.27,17.1,17.12,-0.1,-0.58,6401,109713.14,17.1192,18.22,16.94,-,-,Infinity,-1.2687427912341342,17.22,0,0,-0.69,,17-Aug-2026,-,-1.2687427912341342,-,Infinity,6.037321624588353,-1.0625737898465153,https://nsearchives.nseindia.com/today/MIDBANKADDEQN.svg,https://nsearchives.nseindia.com/30d/MIDBANKADD-EQ.svg,,EQ
NPBET,Nifty Private Bank Index,284.26,284.26,282,282,-0.63,-0.22,386,109392.4,283.1004,307,246.26,-,-,1.9080659150043264,-0.4694172872621975,282.63,0,2.14,-0.25,16-Sep-2025,17-Aug-2026,-,-0.4694172872621975,-,1.9080659150043264,8.143322475570033,-14.513116218630719,https://nsearchives.nseindia.com/today/NPBETEQN.svg,https://nsearchives.nseindia.com/30d/NPBET-EQ.svg,https://nsearchives.nseindia.com/365d/NPBET-EQ.svg,EQ
IVZSENSEX,BSE Sensex TRI,75.29,75.29,74.4,74.6,0.05,0.07,1385,103182.5,74.3784,79.2,73.73,-,-,Infinity,Infinity,74.55,0,0,0,,,-,Infinity,-,Infinity,5.808080808080819,-1.1799810117997969,https://nsearchives.nseindia.com/today/IVZSENSEXEQN.svg,,,EQ
PVTBKGROWW,Nifty Private Bank Index - TRI,27.77,27.77,27.2,27.24,-0.29,-1.05,3592,98348.96,27.4066,29.57,25.45,-,-,Infinity,-0.9454545454545511,27.53,0,0,0.11,,17-Aug-2026,-,-0.9454545454545511,-,Infinity,7.879607710517422,-7.033398821218071,https://nsearchives.nseindia.com/today/PVTBKGROWWEQN.svg,https://nsearchives.nseindia.com/30d/PVTBKGROWW-EQ.svg,,EQ
EMETAL,Nifty Metal Total Return Index,12.99,13.99,12.74,13.7,0.71,5.47,7553,97358.17,12.7303,15.21,12.41,-,-,Infinity,4.182509505703414,12.99,0,0,-1.22,,17-Aug-2026,-,4.182509505703414,-,Infinity,9.9276791584484,-10.394842868654305,https://nsearchives.nseindia.com/today/EMETALEQN.svg,https://nsearchives.nseindia.com/30d/EMETAL-EQ.svg,,EQ
ITADD,DSP Nifty IT ETF,30.89,31.04,30.6,30.99,0.1,0.32,2978,91662.84,30.8672,41.92,27.17,-,-,Infinity,-5.431797375648473,30.89,0,0,-5.74,,17-Aug-2026,-,-5.431797375648473,-,Infinity,26.07347328244275,-14.059624585940362,https://nsearchives.nseindia.com/today/ITADDEQN.svg,https://nsearchives.nseindia.com/30d/ITADD-EQ.svg,,EQ
HDFCLOWVOL,HDFC NIFTY100 Low Volatility 30 ETF,19.89,20.05,19.81,20.05,0.25,1.26,4264,84768.32,19.8455,22.28,18.35,20-OCT-23,FACE VALUE SPLIT (SUB-DIVISION) - FROM RS 126.18/- PER SHARE TO RS 12.618/- PER SHARE,-4.886148007590122,-4.52380952380952,19.8,0,-6.07,-5.71,16-Sep-2025,17-Aug-2026,FACE VALUE SPLIT (SUB-DIVISION) - FROM RS 126.18/- PER SHARE TO RS 12.618/- PER SHARE,-4.52380952380952,20-OCT-23,-4.886148007590122,10.008976660682228,-9.264305177111712,https://nsearchives.nseindia.com/today/HDFCLOWVOLEQN.svg,https://nsearchives.nseindia.com/30d/HDFCLOWVOL-EQ.svg,https://nsearchives.nseindia.com/365d/HDFCLOWVOL-EQ.svg,EQ
VALUE,Nifty 500 Value 50,15.72,15.82,15.7,15.76,0.03,0.19,5339,84249.42,15.7068,19.69,14.83,-,-,Infinity,-2.955665024630534,15.73,0,0,-3.14,,17-Aug-2026,-,-2.955665024630534,-,Infinity,19.959370238699854,-6.271072151045177,https://nsearchives.nseindia.com/today/VALUEEQN.svg,https://nsearchives.nseindia.com/30d/VALUE-EQ.svg,,EQ
LICNFNHGP,Nifty 100,275.01,275.01,268,272.24,-2.77,-1.01,303,82037.25,266.4291,296.41,248.02,-,-,-4.056387665198234,-3.1725707782045864,275.01,0,-3.08,-2.19,16-Sep-2025,17-Aug-2026,-,-3.1725707782045864,-,-4.056387665198234,8.15424580817112,-9.76534150471736,https://nsearchives.nseindia.com/today/LICNFNHGPEQN.svg,https://nsearchives.nseindia.com/30d/LICNFNHGP-EQ.svg,https://nsearchives.nseindia.com/365d/LICNFNHGP-EQ.svg,EQ
LOWVOL1,Kotak Nifty 100 Low Vol 30 ETF,20.34,20.48,20.3,20.32,0.09,0.44,3967,80807.79,20.3259,22.9,18.77,-,-,-5.400372439478585,-5.312208760484625,20.23,0,-5.82,-5.73,16-Sep-2025,17-Aug-2026,-,-5.312208760484625,-,-5.400372439478585,11.266375545851522,-8.25785828449654,https://nsearchives.nseindia.com/today/LOWVOL1EQN.svg,https://nsearchives.nseindia.com/30d/LOWVOL1-EQ.svg,https://nsearchives.nseindia.com/365d/LOWVOL1-EQ.svg,EQ
LICNETFGSC,Nifty 8-13 Yr Gsec,29.45,29.45,29.2,29.26,0.06,0.21,2724,79704.24,29.2478,30.53,27.59,-,-,3.0644593166607996,-0.8471704506946798,29.2,0,2.85,-1.05,16-Sep-2025,17-Aug-2026,-,-0.8471704506946798,-,3.0644593166607996,4.159842777595806,-6.052917723812982,https://nsearchives.nseindia.com/today/LICNETFGSCEQN.svg,https://nsearchives.nseindia.com/30d/LICNETFGSC-EQ.svg,https://nsearchives.nseindia.com/365d/LICNETFGSC-EQ.svg,EQ
BANK10ADD,BSE Top 10 Banks Index (TRI),16.57,16.6,16.48,16.5,0.04,0.24,4466,73956.96,16.5805,18.99,12.08,-,-,Infinity,-2.8840494408475483,16.46,0,0,-3.12,,17-Aug-2026,-,-2.8840494408475483,-,Infinity,13.112164296998412,-36.58940397350993,https://nsearchives.nseindia.com/today/BANK10ADDEQN.svg,https://nsearchives.nseindia.com/30d/BANK10ADD-EQ.svg,,EQ
MOQUALITY,Motilal Oswal S&P BSE Quality ETF,192.89,193.77,192.43,193.52,1.58,0.82,378,73105.2,192.0816,225.6,176.15,-,-,-2.2280604254029184,-5.553928745729622,191.94,0,-3.03,-6.33,16-Sep-2025,17-Aug-2026,-,-5.553928745729622,-,-2.2280604254029184,14.21985815602836,-9.860913993755325,https://nsearchives.nseindia.com/today/MOQUALITYEQN.svg,https://nsearchives.nseindia.com/30d/MOQUALITY-EQ.svg,https://nsearchives.nseindia.com/365d/MOQUALITY-EQ.svg,EQ
MOMNC,Nifty MNC ETF Total Return Index,32.16,32.16,31.1,31.46,0.08,0.25,2332,73061.56,31.0829,35.8,27.03,-,-,Infinity,-6.591448931116386,31.38,0,0,-6.83,,17-Aug-2026,-,-6.591448931116386,-,Infinity,12.122905027932953,-16.389197188309286,https://nsearchives.nseindia.com/today/MOMNCEQN.svg,https://nsearchives.nseindia.com/30d/MOMNC-EQ.svg,,EQ
EBANK10,BSE Top 10 Bank Total Return Index,16.52,16.52,16.22,16.22,-0.3,-1.82,3478,57178.32,16.4587,17.9,16.09,-,-,Infinity,-3.1063321385902007,16.52,0,0,-1.31,,17-Aug-2026,-,-3.1063321385902007,-,Infinity,9.385474860335195,-0.80795525170913,https://nsearchives.nseindia.com/today/EBANK10EQN.svg,https://nsearchives.nseindia.com/30d/EBANK10-EQ.svg,,EQ
MOOILGAS,Nifty Oil & Gas ETF Total Return Index,11.07,11.07,10.85,10.9,0.04,0.37,5229,56943.81,10.8886,11.7,10.79,-,-,Infinity,-3.283052351375326,10.86,0,0,-3.64,,17-Aug-2026,-,-3.283052351375326,-,Infinity,6.837606837606828,-1.019462465245609,https://nsearchives.nseindia.com/today/MOOILGASEQN.svg,https://nsearchives.nseindia.com/30d/MOOILGAS-EQ.svg,,EQ
ELMDIV,Index (BSE LargeMid (60:40) Stable Dividend 50),35.51,35.63,35.1,35.1,-0.29,-0.82,1592,56133.92,35.108,38.67,35.1,-,-,Infinity,-4.826464208242953,35.39,0,0,-4.04,,17-Aug-2026,-,-4.826464208242953,-,Infinity,9.231962761830877,0,https://nsearchives.nseindia.com/today/ELMDIVEQN.svg,https://nsearchives.nseindia.com/30d/ELMDIV-EQ.svg,,EQ
IVZBANKNF,Nifty Bank TRI,56.26,56.29,55.94,55.99,-0.08,-0.14,962,53977.82,56.2423,58.45,55.54,-,-,Infinity,Infinity,56.07,0,0,0,,,-,Infinity,-,Infinity,4.208725406330198,-0.8102268635217912,https://nsearchives.nseindia.com/today/IVZBANKNFEQN.svg,,,EQ
MOINFRA,BSE India Infrastructure Total Return Index,57.63,57.68,57.36,57.6,0.25,0.44,855,49248,57.2291,66,54.6,-,-,-2.997642303805997,-3.662819869543398,57.35,0,-3.42,-4.08,16-Sep-2025,17-Aug-2026,-,-3.662819869543398,-,-2.997642303805997,12.727272727272725,-5.4945054945054945,https://nsearchives.nseindia.com/today/MOINFRAEQN.svg,https://nsearchives.nseindia.com/30d/MOINFRA-EQ.svg,https://nsearchives.nseindia.com/365d/MOINFRA-EQ.svg,EQ
SENSEXAXIS,AXIS S&P BSE SENSEX ETF,77.33,77.6,77.05,77.25,-0.08,-0.10,602,46594.8,77.2193,91.35,73.52,-,-,Infinity,-4.747225647348945,77.33,0,0,-4.65,,17-Aug-2026,-,-4.747225647348945,-,Infinity,15.435139573070604,-5.0734494015234,https://nsearchives.nseindia.com/today/SENSEXAXISEQN.svg,https://nsearchives.nseindia.com/30d/SENSEXAXIS-EQ.svg,,EQ
LARGEMID50,BSE LargeMid (60:40) Stable Dividend 50 TRI (Total Return Index),35.22,35.52,35.22,35.31,0.12,0.34,1283,45456.69,35.1134,38,34.95,-,-,Infinity,Infinity,35.19,0,0,0,,,-,Infinity,-,Infinity,7.078947368421047,-1.030042918454934,https://nsearchives.nseindia.com/today/LARGEMID50EQN.svg,,,EQ
MOGSEC,Nifty 5 yr Benchmark G-Sec Index,64.61,65.5,64.55,65.38,0.56,0.86,670,43784.5,64.9426,67.33,60.74,-,-,5.485640529202967,-0.18320610687023595,64.82,0,4.58,-1.04,16-Sep-2025,17-Aug-2026,-,-0.18320610687023595,-,5.485640529202967,2.896182979355418,-7.639117550214015,https://nsearchives.nseindia.com/today/MOGSECEQN.svg,https://nsearchives.nseindia.com/30d/MOGSEC-EQ.svg,https://nsearchives.nseindia.com/365d/MOGSEC-EQ.svg,EQ
NEXT30ADD,BSE SENSEX Next 30 Index,41.71,42.08,41.71,41.97,0.73,1.77,1001,41941.9,41.6019,46.7,36.98,-,-,6.226271829916479,-4.068571428571431,41.24,0,4.38,-5.74,16-Sep-2025,17-Aug-2026,-,-4.068571428571431,-,6.226271829916479,10.128479657387588,-13.493780421849655,https://nsearchives.nseindia.com/today/NEXT30ADDEQN.svg,https://nsearchives.nseindia.com/30d/NEXT30ADD-EQ.svg,https://nsearchives.nseindia.com/365d/NEXT30ADD-EQ.svg,EQ
QUALITY30,Nifty200 Quality 30 Index,19.92,20.03,19.85,19.85,-0.08,-0.40,1924,38403.04,19.871,23.18,18.09,-,-,-6.544256120527294,-6.5002355157795515,19.93,0,-6.17,-6.12,16-Sep-2025,17-Aug-2026,-,-6.5002355157795515,-,-6.544256120527294,14.365832614322684,-9.729132117191828,https://nsearchives.nseindia.com/today/QUALITY30EQN.svg,https://nsearchives.nseindia.com/30d/QUALITY30-EQ.svg,https://nsearchives.nseindia.com/365d/QUALITY30-EQ.svg,EQ
LICNETFN50,Nifty 50,259.98,262.81,259.98,260.54,0.69,0.27,144,37653.12,260.738,295,248.17,-,-,-7.208490633235969,-4.822093957770143,259.85,0,-7.45,-5.07,16-Sep-2025,17-Aug-2026,-,-4.822093957770143,-,-7.208490633235969,11.681355932203383,-4.9844864407462754,https://nsearchives.nseindia.com/today/LICNETFN50EQN.svg,https://nsearchives.nseindia.com/30d/LICNETFN50-EQ.svg,https://nsearchives.nseindia.com/365d/LICNETFN50-EQ.svg,EQ
GROWWMC150,Nifty Midcap 150 Index - TRI,224.33,228.09,224.3,226.5,2.17,0.97,149,33535.43,224.4222,245,193.6,-,-,Infinity,-4.603462073032055,224.33,0,0,-5.52,,17-Aug-2026,-,-4.603462073032055,-,Infinity,7.551020408163265,-16.993801652892564,https://nsearchives.nseindia.com/today/GROWWMC150EQN.svg,https://nsearchives.nseindia.com/30d/GROWWMC150-EQ.svg,,EQ
SENSEXADD,DSP S&P BSE Sensex ETF,76.9,77.1,76.51,76.96,0.06,0.08,414,31811.76,76.7494,88.2,73.27,-,-,-8.380952380952388,-4.183266932270916,76.9,0,-8.45,-4.26,16-Sep-2025,17-Aug-2026,-,-4.183266932270916,-,-8.380952380952388,12.743764172335611,-5.036167599290294,https://nsearchives.nseindia.com/today/SENSEXADDEQN.svg,https://nsearchives.nseindia.com/30d/SENSEXADD-EQ.svg,https://nsearchives.nseindia.com/365d/SENSEXADD-EQ.svg,EQ
CONSUMAXIS,NIFTY India Consumption Index,117.03,118.11,117.03,118.11,1.08,0.92,260,30659.2,117.1078,131.85,105.63,-,-,Infinity,-5.307464122504613,117.03,0,0,-6.17,,17-Aug-2026,-,-5.307464122504613,-,Infinity,10.42093287827076,-11.814825333712019,https://nsearchives.nseindia.com/today/CONSUMAXISEQN.svg,https://nsearchives.nseindia.com/30d/CONSUMAXIS-EQ.svg,,EQ
PVTBANK,Nifty Private Bank,27.5,27.5,27.23,27.23,-0.18,-0.66,1080,29494.8,27.37,28.33,27.01,-,-,Infinity,-0.9818181818181803,27.41,0,0,-0.33,,17-Aug-2026,-,-0.9818181818181803,-,Infinity,3.882809742322619,-0.8145131432802624,https://nsearchives.nseindia.com/today/PVTBANKEQN.svg,https://nsearchives.nseindia.com/30d/PVTBANK-EQ.svg,,EQ
EBANKNIFTY,Edelweiss Nifty Bank ETF,57.03,57.03,56.48,56.74,0.13,0.23,519,29432.49,56.8359,69.39,50.05,-,-,2.3818116203536635,-2.357597659611078,56.61,0,2.15,-2.58,16-Sep-2025,17-Aug-2026,-,-2.357597659611078,-,2.3818116203536635,18.230292549358694,-13.366633366633376,https://nsearchives.nseindia.com/today/EBANKNIFTYEQN.svg,https://nsearchives.nseindia.com/30d/EBANKNIFTY-EQ.svg,https://nsearchives.nseindia.com/365d/EBANKNIFTY-EQ.svg,EQ
MOMETAL,Nifty Metal Index,12.83,12.92,12.81,12.81,0.1,0.79,2261,29053.85,12.7402,14.49,12.54,-,-,Infinity,-2.585551330798478,12.71,0,0,-3.35,,17-Aug-2026,-,-2.585551330798478,-,Infinity,11.594202898550723,-2.153110047846901,https://nsearchives.nseindia.com/today/MOMETALEQN.svg,https://nsearchives.nseindia.com/30d/MOMETAL-EQ.svg,,EQ
ENIFTY,Nifty 50 TRI,23.5,23.57,23.41,23.49,0.16,0.69,975,22922.25,23.4166,27.99,22.28,-,-,Infinity,-4.4344995931651745,23.33,0,0,-5.09,,17-Aug-2026,-,-4.4344995931651745,-,Infinity,16.077170418006432,-5.4308797127468456,https://nsearchives.nseindia.com/today/ENIFTYEQN.svg,https://nsearchives.nseindia.com/30d/ENIFTY-EQ.svg,,EQ
ESENSEX,BSE Sensex TRI,75.32,75.33,75,75.16,-0.11,-0.15,298,22397.68,74.8981,88.05,71.87,-,-,Infinity,-4.449529621154335,75.27,0,0,-4.31,,17-Aug-2026,-,-4.449529621154335,-,Infinity,14.639409426462239,-4.577709753721987,https://nsearchives.nseindia.com/today/ESENSEXEQN.svg,https://nsearchives.nseindia.com/30d/ESENSEX-EQ.svg,,EQ
MOSERVICE,Nifty Services Sector Total Return Index,30.11,30.19,30,30,-0.11,-0.37,633,19015.32,29.9815,35.37,28.3,-,-,Infinity,-4.153354632587861,30.11,0,0,-3.8,,17-Aug-2026,-,-4.153354632587861,-,Infinity,15.182357930449529,-6.0070671378091856,https://nsearchives.nseindia.com/today/MOSERVICEEQN.svg,https://nsearchives.nseindia.com/30d/MOSERVICE-EQ.svg,,EQ
GILT5BETA,UTI Nifty 5 yr Benchmark G-Sec ETF,66.46,66.59,65.6,66.59,-0.2,-0.30,269,17845.46,65.9773,69,61.51,-,-,Infinity,0.24085503537557817,66.79,0,0,0.54,,17-Aug-2026,-,0.24085503537557817,-,Infinity,3.492753623188401,-8.258819704113161,https://nsearchives.nseindia.com/today/GILT5BETAEQN.svg,https://nsearchives.nseindia.com/30d/GILT5BETA-EQ.svg,,EQ
GSEC10IETF,ICICI Prudential Nifty 10 yr Benchmark G-Sec ETF,263.89,263.89,263.89,263.89,1.69,0.64,53,13986.17,262.3246,269.59,252.23,-,-,2.310704454697003,-1.1647940074906418,262.2,0,1.66,-1.8,16-Sep-2025,17-Aug-2026,-,-1.1647940074906418,-,2.310704454697003,2.1143217478393077,-4.622764936764063,https://nsearchives.nseindia.com/today/GSEC10IETFEQN.svg,https://nsearchives.nseindia.com/30d/GSEC10IETF-EQ.svg,https://nsearchives.nseindia.com/365d/GSEC10IETF-EQ.svg,EQ
SBIVALETF,Nifty200 Value 30 Index,14.42,14.48,14.34,14.35,0,0.00,855,12294.9,14.3653,17.7,14.21,-,-,Infinity,-3.755868544600942,14.35,0,0,-3.76,,17-Aug-2026,-,-3.755868544600942,-,Infinity,18.92655367231638,-0.9852216748768388,https://nsearchives.nseindia.com/today/SBIVALETFEQN.svg,https://nsearchives.nseindia.com/30d/SBIVALETF-EQ.svg,,EQ
ABSLMSCIN,MSCI India Index,28.65,28.76,28.57,28.72,0.26,0.91,249,7116.42,28.5104,35.34,26.34,-,-,Infinity,-3.914352626296426,28.46,0,0,-4.78,,17-Aug-2026,-,-3.914352626296426,-,Infinity,18.73231465761178,-9.035687167805614,https://nsearchives.nseindia.com/today/ABSLMSCINEQN.svg,https://nsearchives.nseindia.com/30d/ABSLMSCIN-EQ.svg,,EQ
MOBANK10,BSE Top 10 Banks Total Return Index,16.74,16.79,16.5,16.6,-0.02,-0.12,292,4841.36,16.5855,20,15.75,-,-,Infinity,-2.582159624413132,16.62,0,0,-2.46,,17-Aug-2026,-,-2.582159624413132,-,Infinity,16.999999999999993,-5.396825396825406,https://nsearchives.nseindia.com/today/MOBANK10EQN.svg,https://nsearchives.nseindia.com/30d/MOBANK10-EQ.svg,,EQ
ABGSEC,Aditya Birla Sun Life CRISIL Broad Based Gilt ETF,114.54,114.54,112.84,113.07,-0.67,-0.59,39,4426.11,113.6277,118,109.5,-,-,2.6136673019330208,-1.7380724776223169,113.74,0,3.22,-1.16,16-Sep-2025,17-Aug-2026,-,-1.7380724776223169,-,2.6136673019330208,4.177966101694921,-3.2602739726027337,https://nsearchives.nseindia.com/today/ABGSECEQN.svg,https://nsearchives.nseindia.com/30d/ABGSEC-EQ.svg,https://nsearchives.nseindia.com/365d/ABGSEC-EQ.svg,EQ
ENEXT50,Nifty Next 50 Total Return Index,70.89,70.89,70.88,70.89,0.35,0.50,56,3969.28,70.1706,76,68.59,-,-,Infinity,-4.67930617184349,70.54,0,0,-5.15,,17-Aug-2026,-,-4.67930617184349,-,Infinity,6.723684210526315,-3.3532584924916127,https://nsearchives.nseindia.com/today/ENEXT50EQN.svg,https://nsearchives.nseindia.com/30d/ENEXT50-EQ.svg,,EQ
GILT10BETA,UTI Nifty 10 yr Benchmark G-Sec ETF,26.59,26.65,26.22,26.65,0.06,0.23,50,1324.5,26.3998,27.6,25.1,-,-,Infinity,-0.9661835748792329,26.59,0,0,-1.19,,17-Aug-2026,-,-0.9661835748792329,-,Infinity,3.4420289855072563,-6.175298804780865,https://nsearchives.nseindia.com/today/GILT10BETAEQN.svg,https://nsearchives.nseindia.com/30d/GILT10BETA-EQ.svg,,EQ
GSEC10ABSL,CRISIL 10 Year Gilt ETF,111.92,112.34,111.92,112.34,0.42,0.38,5,561.25,111.7807,115,108.01,-,-,2.3599088838268822,-0.8210470557075948,111.92,0,1.98,-1.19,16-Sep-2025,10-Aug-2026,-,-0.8210470557075948,-,2.3599088838268822,2.3130434782608664,-4.0088880659198205,https://nsearchives.nseindia.com/today/GSEC10ABSLEQN.svg,https://nsearchives.nseindia.com/30d/GSEC10ABSL-EQ.svg,https://nsearchives.nseindia.com/365d/GSEC10ABSL-EQ.svg,EQ
GSEC10ADD,Nifty 10 yr Benchmark G-Sec,0,0,0,26.3,0,0.00,0,0,26.5276,27.85,24.32,-,-,Infinity,Infinity,26.3,0,0,0,,,-,Infinity,-,Infinity,5.565529622980253,-8.141447368421055,https://nsearchives.nseindia.com/today/GSEC10ADDEQN.svg,,,EQ
LICNETFSEN,SENSEX,0,0,0,841.79,0,0.00,0,0,840.4479,974.02,803,-,-,-9.059579754766922,-4.408307877494016,841.79,0,-9.06,-4.41,16-Sep-2025,17-Aug-2026,-,-4.408307877494016,-,-9.059579754766922,13.5756965976058,-4.830635118306347,https://nsearchives.nseindia.com/today/LICNETFSENEQN.svg,https://nsearchives.nseindia.com/30d/LICNETFSEN-EQ.svg,https://nsearchives.nseindia.com/365d/LICNETFSEN-EQ.svg,EQ
