symbol,assets,open,high,low,ltP,chn,per,qty,trdVal,nav,wkhi,wklo,xDt,cAct,yPC,mPC,prevClose,stockIndClosePrice,perChange365d,perChange30d,date365dAgo,date30dAgo,CAct,MPC,XDt,YPC,nearWKH,nearWKL,chartTodayPath,chart30dPath,chart365dPath,series
SILVERBEES,Domestic price of Silver- based on LBMA Silver daily spot fixing price,206.55,208.2,206,206.5,-0.01,-0.00,18831765,3899116943.25,206.8975,360,105.42,-,-,93.1711880261927,-2.2901485757547095,206.51,0,95.36,-6.69,01-Aug-2025,03-Jul-2026,-,-2.2901485757547095,-,93.1711880261927,42.638888888888886,-95.88313413014608,https://nsearchives.nseindia.com/today/SILVERBEESEQN.svg,https://nsearchives.nseindia.com/30d/SILVERBEES-EQ.svg,https://nsearchives.nseindia.com/365d/SILVERBEES-EQ.svg,EQ
LIQUIDCASE,Zerodha Nifty 1D Rate Liquid ETF,115.31,115.31,115.29,115.3,0.02,0.02,21339134,2460402150.2,115.281,115.31,102,-,-,5.085672621217643,0.44428957226238425,115.28,0,5.01,0.37,01-Aug-2025,03-Jul-2026,-,0.44428957226238425,-,5.085672621217643,0.008672274737668125,-13.039215686274508,https://nsearchives.nseindia.com/today/LIQUIDCASEEQN.svg,https://nsearchives.nseindia.com/30d/LIQUIDCASE-EQ.svg,https://nsearchives.nseindia.com/365d/LIQUIDCASE-EQ.svg,EQ
NIFTYBEES,Nifty 50,278.5,280.09,278.5,279.9,2.48,0.89,8115406,2269879058.2,277.7475,302.25,251.7,19-DEC-19, FACE VALUE SPLIT (SUB-DIVISION) - FROM RS 10/- TO RS 1/-,0.22917711093604037,2.576318393374124,277.42,0,0.03,0.55,01-Aug-2025,03-Jul-2026, FACE VALUE SPLIT (SUB-DIVISION) - FROM RS 10/- TO RS 1/-,2.576318393374124,19-DEC-19,0.22917711093604037,7.394540942928047,-11.203814064362334,https://nsearchives.nseindia.com/today/NIFTYBEESEQN.svg,https://nsearchives.nseindia.com/30d/NIFTYBEES-EQ.svg,https://nsearchives.nseindia.com/365d/NIFTYBEES-EQ.svg,EQ
GOLDBEES,Gold,117.2,117.46,116.92,117.27,0.16,0.14,19279545,2260912242.15,117.2521,148.14,80,19-DEC-19, FACE VALUE SPLIT (SUB-DIVISION) - FROM RS 100/- TO RS 1/-,42.664233576642324,1.5676424735839272,117.11,0,42.9,-2.66,01-Aug-2025,03-Jul-2026, FACE VALUE SPLIT (SUB-DIVISION) - FROM RS 100/- TO RS 1/-,1.5676424735839272,19-DEC-19,42.664233576642324,20.838396111786142,-46.58749999999999,https://nsearchives.nseindia.com/today/GOLDBEESEQN.svg,https://nsearchives.nseindia.com/30d/GOLDBEES-EQ.svg,https://nsearchives.nseindia.com/365d/GOLDBEES-EQ.svg,EQ
LIQUIDBEES,Government Securities,1000,1000.01,999.22,1000,0,0.00,2215987,2215964840.13,1000,1029.99,969.99,19-SEP-17, EXIT OPTION PURSUANT TO CHANGE IN FUNDAMENTAL ATTRIBUTES OF ETF  ,0,0,1000,0,0,0,01-Aug-2025,03-Jul-2026, EXIT OPTION PURSUANT TO CHANGE IN FUNDAMENTAL ATTRIBUTES OF ETF  ,0,19-SEP-17,0,2.9116787541626628,-3.093846328312662,https://nsearchives.nseindia.com/today/LIQUIDBEESEQN.svg,https://nsearchives.nseindia.com/30d/LIQUIDBEES-EQ.svg,https://nsearchives.nseindia.com/365d/LIQUIDBEES-EQ.svg,EQ
SETFGOLD,Gold,123.86,123.86,120.59,121.3,0.46,0.38,7727223,934993983,120.9128,153.95,82.51,06-JAN-22,FACE VALUE SPLIT (SUB-DIVISION) - FROM RS 100/- PER SHARE TO RS 1/- PER SHARE,43.21133412042502,1.8044481745698626,120.84,0,43.21,-2.68,01-Aug-2025,03-Jul-2026,FACE VALUE SPLIT (SUB-DIVISION) - FROM RS 100/- PER SHARE TO RS 1/- PER SHARE,1.8044481745698626,06-JAN-22,43.21133412042502,21.208184475479047,-47.012483335353274,https://nsearchives.nseindia.com/today/SETFGOLDEQN.svg,https://nsearchives.nseindia.com/30d/SETFGOLD-EQ.svg,https://nsearchives.nseindia.com/365d/SETFGOLD-EQ.svg,EQ
LIQUID,Mirae Asset Nifty 1D Rate Liquid ETF,999.99,1000,999.99,1000,0.01,0.00,886933,886924130.67,1000,1024.98,974.99,-,-,0.0010000100000990915,0.0010000100000990915,999.99,0,0,0,01-Aug-2025,03-Jul-2026,-,0.0010000100000990915,-,0.0010000100000990915,2.4371207243068174,-2.565154514405275,https://nsearchives.nseindia.com/today/LIQUIDEQN.svg,https://nsearchives.nseindia.com/30d/LIQUID-EQ.svg,https://nsearchives.nseindia.com/365d/LIQUID-EQ.svg,EQ
GOLDIETF,Gold,122.23,122.23,120.26,121.53,0.2,0.16,6404088,777968610.24,121.439,158,82.73,-,-,43.212349752533584,1.6647147398360338,121.33,0,43.47,-2.76,01-Aug-2025,03-Jul-2026,-,1.6647147398360338,-,43.212349752533584,23.082278481012658,-46.89955276199685,https://nsearchives.nseindia.com/today/GOLDIETFEQN.svg,https://nsearchives.nseindia.com/30d/GOLDIETF-EQ.svg,https://nsearchives.nseindia.com/365d/GOLDIETF-EQ.svg,EQ
ITBEES,Nifty IT TRI,34.2,35.2,34,34.35,0.23,0.67,19835504,688887053.92,34.1384,44.27,28.55,-,-,-10.964230171073087,19.979042961928055,34.12,0,-9.9,11.94,01-Aug-2025,03-Jul-2026,-,19.979042961928055,-,-10.964230171073087,22.40795120849334,-20.315236427320492,https://nsearchives.nseindia.com/today/ITBEESEQN.svg,https://nsearchives.nseindia.com/30d/ITBEES-EQ.svg,https://nsearchives.nseindia.com/365d/ITBEES-EQ.svg,EQ
LIQUIDADD,DSP S&P BSE Liquid Rate ETF,1138.59,1138.69,1138.56,1138.56,0.13,0.01,576733,656650891.81,1138.4262,1151.22,1052.08,-,-,5.046777259055602,0.44020219307144764,1138.43,0,4.99,0.38,01-Aug-2025,03-Jul-2026,-,0.44020219307144764,-,5.046777259055602,1.0997029238547005,-8.21990723138925,https://nsearchives.nseindia.com/today/LIQUIDADDEQN.svg,https://nsearchives.nseindia.com/30d/LIQUIDADD-EQ.svg,https://nsearchives.nseindia.com/365d/LIQUIDADD-EQ.svg,EQ
BANKBEES,Nifty Bank,592.26,599,592.21,597.35,5.09,0.86,1031006,615974534.7,592.9225,638.99,515.98,19-DEC-19, FACE VALUE SPLIT (SUB-DIVISION) - FROM RS 10/- TO RS 1/-,3.5160988458739264,-0.7014977475605544,592.26,0,3.23,-1.31,01-Aug-2025,03-Jul-2026, FACE VALUE SPLIT (SUB-DIVISION) - FROM RS 10/- TO RS 1/-,-0.7014977475605544,19-DEC-19,3.5160988458739264,6.516533905068934,-15.769991084925772,https://nsearchives.nseindia.com/today/BANKBEESEQN.svg,https://nsearchives.nseindia.com/30d/BANKBEES-EQ.svg,https://nsearchives.nseindia.com/365d/BANKBEES-EQ.svg,EQ
TATSILV,Tata Silver Exchange Traded Fund,20.99,21.17,20.83,21.01,0.02,0.10,29146967,613252185.68,21.0317,35.1,10.44,-,-,93.81918819188193,-2.14252445272472,20.99,0,95.99,-6.54,01-Aug-2025,03-Jul-2026,-,-2.14252445272472,-,93.81918819188193,40.142450142450144,-101.24521072796938,https://nsearchives.nseindia.com/today/TATSILVEQN.svg,https://nsearchives.nseindia.com/30d/TATSILV-EQ.svg,https://nsearchives.nseindia.com/365d/TATSILV-EQ.svg,EQ
LIQUID1,Kotak Nifty 1D Rate Liquid ETF,1116.3,1116.45,1116.3,1116.44,0.14,0.01,544885,608325960.55,1116.2948,1136.66,1030.28,-,-,5.157863009569738,0.4534820946553863,1116.3,0,5.1,0.39,01-Aug-2025,03-Jul-2026,-,0.4534820946553863,-,5.157863009569738,1.7788960639065354,-8.362775167915526,https://nsearchives.nseindia.com/today/LIQUID1EQN.svg,https://nsearchives.nseindia.com/30d/LIQUID1-EQ.svg,https://nsearchives.nseindia.com/365d/LIQUID1-EQ.svg,EQ
NIFTYETF,Nifty 50,268.11,269.05,266.24,267.5,2.04,0.77,2196167,587957829.24,265.1844,289.05,239.81,-,-,0.28116213683223995,2.710797112578714,265.46,0,0.34,0.85,01-Aug-2025,03-Jul-2026,-,2.710797112578714,-,0.28116213683223995,7.45545753329874,-11.5466410908636,https://nsearchives.nseindia.com/today/NIFTYETFEQN.svg,https://nsearchives.nseindia.com/30d/NIFTYETF-EQ.svg,https://nsearchives.nseindia.com/365d/NIFTYETF-EQ.svg,EQ
LIQUIDIETF,S&P BSE Liquid Rate Index,999.99,1000.01,999.98,1000,0.01,0.00,580250,580244197.5,1000,1041.19,969.99,-,-,0.0010000100000990915,0.0010000100000990915,999.99,0,0,0,01-Aug-2025,03-Jul-2026,-,0.0010000100000990915,-,0.0010000100000990915,3.956050288612074,-3.093846328312662,https://nsearchives.nseindia.com/today/LIQUIDIETFEQN.svg,https://nsearchives.nseindia.com/30d/LIQUIDIETF-EQ.svg,https://nsearchives.nseindia.com/365d/LIQUIDIETF-EQ.svg,EQ
TATAGOLD,Tata Gold Exchange Traded Fund,13.78,13.88,13.7,13.79,0.01,0.07,38629129,532309397.62,13.7842,17.7,9.33,-,-,42.90155440414507,1.696165191740403,13.78,0,43.54,-2.48,01-Aug-2025,03-Jul-2026,-,1.696165191740403,-,42.90155440414507,22.09039548022599,-47.802786709539106,https://nsearchives.nseindia.com/today/TATAGOLDEQN.svg,https://nsearchives.nseindia.com/30d/TATAGOLD-EQ.svg,https://nsearchives.nseindia.com/365d/TATAGOLD-EQ.svg,EQ
HDFCSILVER,HDFC Silver ETF,207.13,208.25,206.02,207.77,1.17,0.57,2552996,528802061.48,207.0116,359,105.65,-,-,94.0324990661188,-1.7635933806146524,206.6,0,94.96,-6.74,01-Aug-2025,03-Jul-2026,-,-1.7635933806146524,-,94.0324990661188,42.125348189415035,-96.65877898722195,https://nsearchives.nseindia.com/today/HDFCSILVEREQN.svg,https://nsearchives.nseindia.com/30d/HDFCSILVER-EQ.svg,https://nsearchives.nseindia.com/365d/HDFCSILVER-EQ.svg,EQ
PSUBNKBEES,Nifty PSU Bank,94.49,95.22,93.33,94.65,1.23,1.32,5391757,511084646.03,93.5266,110.4,73.82,19-DEC-19, FACE VALUE SPLIT (SUB-DIVISION) - FROM RS 10/- TO RS 1/-,23.660830938071594,-1.3857053552823486,93.42,0,23.38,-0.76,01-Aug-2025,03-Jul-2026, FACE VALUE SPLIT (SUB-DIVISION) - FROM RS 10/- TO RS 1/-,-1.3857053552823486,19-DEC-19,23.660830938071594,14.266304347826086,-28.217285288539713,https://nsearchives.nseindia.com/today/PSUBNKBEESEQN.svg,https://nsearchives.nseindia.com/30d/PSUBNKBEES-EQ.svg,https://nsearchives.nseindia.com/365d/PSUBNKBEES-EQ.svg,EQ
LIQUIDBETF,Bajaj Finserv Nifty 1D Rate Liquid ETF,1092.99,1092.99,1092.97,1092.98,0.14,0.01,438816,479612723.52,1092.8295,1116.24,1009.94,-,-,4.962018995304,0.43648860994458893,1092.84,0,4.9,0.37,01-Aug-2025,03-Jul-2026,-,0.43648860994458893,-,4.962018995304,2.083781265677631,-8.222270629938409,https://nsearchives.nseindia.com/today/LIQUIDBETFEQN.svg,https://nsearchives.nseindia.com/30d/LIQUIDBETF-EQ.svg,https://nsearchives.nseindia.com/365d/LIQUIDBETF-EQ.svg,EQ
SILVERIETF,Domestic Price of Silver,217.19,217.3,214.92,215.66,-0.06,-0.03,2136953,461368152.7,215.9,373.5,109.77,-,-,93.85168539325842,-2.296923843609837,215.72,0,95.98,-6.55,01-Aug-2025,03-Jul-2026,-,-2.296923843609837,-,93.85168539325842,42.25970548862115,-96.46533661291792,https://nsearchives.nseindia.com/today/SILVERIETFEQN.svg,https://nsearchives.nseindia.com/30d/SILVERIETF-EQ.svg,https://nsearchives.nseindia.com/365d/SILVERIETF-EQ.svg,EQ
SETFNIF50,Nifty 50,263.7,265,263.4,264.5,2.07,0.79,1715511,453272316.42,262.4906,287.33,237.9,24-MAR-21, DIVIDEND - RS 1.30 PER SHARE,0.15904271432899725,2.455841338704669,262.43,0,0.1,0.62,01-Aug-2025,03-Jul-2026, DIVIDEND - RS 1.30 PER SHARE,2.455841338704669,24-MAR-21,0.15904271432899725,7.945567814011757,-11.181168558217736,https://nsearchives.nseindia.com/today/SETFNIF50EQN.svg,https://nsearchives.nseindia.com/30d/SETFNIF50-EQ.svg,https://nsearchives.nseindia.com/365d/SETFNIF50-EQ.svg,EQ
JUNIORBEES,Nippon India ETF Nifty Next 50 Junior BeES,800,805,795,805,9.35,1.18,548402,439906148.32,796.2641,805,632.34,10-MAR-14,DIVIDEND-RS.1 PER UNIT,11.835067587279985,3.3177180260540364,795.65,0,11.87,1.91,01-Aug-2025,03-Jul-2026,DIVIDEND-RS.1 PER UNIT,3.3177180260540364,10-MAR-14,11.835067587279985,0,-27.304930891608937,https://nsearchives.nseindia.com/today/JUNIORBEESEQN.svg,https://nsearchives.nseindia.com/30d/JUNIORBEES-EQ.svg,https://nsearchives.nseindia.com/365d/JUNIORBEES-EQ.svg,EQ
HDFCSML250,HDFC NIFTY Smallcap 250 ETF,180.67,183.5,180.67,183.45,2.78,1.54,2334249,426840772.14,180.5847,184.13,142.7,-,-,6.471271038885651,2.1834790842756013,180.67,0,6.34,-0.44,01-Aug-2025,03-Jul-2026,-,2.1834790842756013,-,6.471271038885651,0.3693042958779161,-28.556412053258587,https://nsearchives.nseindia.com/today/HDFCSML250EQN.svg,https://nsearchives.nseindia.com/30d/HDFCSML250-EQ.svg,https://nsearchives.nseindia.com/365d/HDFCSML250-EQ.svg,EQ
MID150BEES,Nifty Midcap 150 TRI,239.72,242.2,238.25,238.51,-0.97,-0.41,1672922,404161225.98,239.22,242.2,190.43,-,-,8.334847383720929,0.9566137566137528,239.48,0,10,1.11,01-Aug-2025,03-Jul-2026,-,0.9566137566137528,-,8.334847383720929,1.5235342691990081,-25.248122669747403,https://nsearchives.nseindia.com/today/MID150BEESEQN.svg,https://nsearchives.nseindia.com/30d/MID150BEES-EQ.svg,https://nsearchives.nseindia.com/365d/MID150BEES-EQ.svg,EQ
LIQUIDPLUS,Nifty 1D Rate Index,1098,1098,1097.21,1097.23,0.17,0.02,360740,395807535.4,1097.0707,1127.08,1018.24,-,-,5.137934669081374,0.4513412066282215,1097.06,0,5.08,0.38,01-Aug-2025,03-Jul-2026,-,0.4513412066282215,-,5.137934669081374,2.648436668204556,-7.757503142677562,https://nsearchives.nseindia.com/today/LIQUIDPLUSEQN.svg,https://nsearchives.nseindia.com/30d/LIQUIDPLUS-EQ.svg,https://nsearchives.nseindia.com/365d/LIQUIDPLUS-EQ.svg,EQ
HDFCGOLD,Gold,121.55,121.75,120.8,121.3,0.28,0.23,3241656,392791457.52,121.131,152.3,83.05,17-FEB-21, FACE VALUE SPLIT (SUB-DIVISION) - FROM RS 100/- PER UNIT TO RE 1/- PER UNIT,43.059323033376565,1.7190775681341695,121.02,0,43.19,-2.63,01-Aug-2025,03-Jul-2026, FACE VALUE SPLIT (SUB-DIVISION) - FROM RS 100/- PER UNIT TO RE 1/- PER UNIT,1.7190775681341695,17-FEB-21,43.059323033376565,20.354563361785956,-46.05659241420831,https://nsearchives.nseindia.com/today/HDFCGOLDEQN.svg,https://nsearchives.nseindia.com/30d/HDFCGOLD-EQ.svg,https://nsearchives.nseindia.com/365d/HDFCGOLD-EQ.svg,EQ
GOLDCASE,Zerodha Gold ETF,22.46,22.46,22.21,22.32,0.02,0.09,10695538,238617452.78,22.3092,27.94,15.25,-,-,42.98526585522102,1.7319963536918823,22.3,0,43.59,-2.53,01-Aug-2025,03-Jul-2026,-,1.7319963536918823,-,42.98526585522102,20.11453113815319,-46.36065573770492,https://nsearchives.nseindia.com/today/GOLDCASEEQN.svg,https://nsearchives.nseindia.com/30d/GOLDCASE-EQ.svg,https://nsearchives.nseindia.com/365d/GOLDCASE-EQ.svg,EQ
HDFCNEXT50,HDFC NIFTY NEXT 50 ETF,76.09,76.09,74.63,74.9,-0.29,-0.39,2537116,192211908.16,75.2877,76.09,59.99,20-OCT-23,FACE VALUE SPLIT (SUB-DIVISION) - FROM RS 418.18/- PER SHARE TO RS 41.81/- PER SHARE,9.727512452387927,1.9880174291939108,75.19,0,11.67,2.13,01-Aug-2025,03-Jul-2026,FACE VALUE SPLIT (SUB-DIVISION) - FROM RS 418.18/- PER SHARE TO RS 41.81/- PER SHARE,1.9880174291939108,20-OCT-23,9.727512452387927,1.563937442502297,-24.854142357059516,https://nsearchives.nseindia.com/today/HDFCNEXT50EQN.svg,https://nsearchives.nseindia.com/30d/HDFCNEXT50-EQ.svg,https://nsearchives.nseindia.com/365d/HDFCNEXT50-EQ.svg,EQ
MOSMALL250,Motilal Oswal Nifty Smallcap 250 ETF,18.13,18.27,16.2,18.15,0.1,0.55,10512377,191115013.86,18.0052,19.38,14.22,-,-,5.461940732132468,1.3966480446927376,18.05,0,6.55,-0.11,01-Aug-2025,03-Jul-2026,-,1.3966480446927376,-,5.461940732132468,6.346749226006194,-27.637130801687746,https://nsearchives.nseindia.com/today/MOSMALL250EQN.svg,https://nsearchives.nseindia.com/30d/MOSMALL250-EQ.svg,https://nsearchives.nseindia.com/365d/MOSMALL250-EQ.svg,EQ
NIFTYIETF,Nifty 50,276.71,280,276.71,278.72,2.71,0.98,670228,186571368.36,276.3278,328.24,250.4,-,-,0.22654536301199338,2.6290595772884764,276.01,0,0.05,0.56,01-Aug-2025,03-Jul-2026,-,2.6290595772884764,-,0.22654536301199338,15.086522057031434,-11.309904153354642,https://nsearchives.nseindia.com/today/NIFTYIETFEQN.svg,https://nsearchives.nseindia.com/30d/NIFTYIETF-EQ.svg,https://nsearchives.nseindia.com/365d/NIFTYIETF-EQ.svg,EQ
SETFNIFBK,Nifty Bank,588.4,595.3,588.4,593.09,5.09,0.87,282537,168010627.05,588.2353,646.11,465.64,02-NOV-17, DIVIDEND - RS 3.50 PER UNIT,3.6399538671233427,-0.45485062101375007,588,0,3.32,-1.24,01-Aug-2025,03-Jul-2026, DIVIDEND - RS 3.50 PER UNIT,-0.45485062101375007,02-NOV-17,3.6399538671233427,8.206033028431689,-27.370930332445674,https://nsearchives.nseindia.com/today/SETFNIFBKEQN.svg,https://nsearchives.nseindia.com/30d/SETFNIFBK-EQ.svg,https://nsearchives.nseindia.com/365d/SETFNIFBK-EQ.svg,EQ
CASHIETF,BSE Liquid Rate Index,1073.61,1073.63,1073.61,1073.63,0.13,0.01,155914,167392388.68,1073.475,1099.28,1001.71,-,-,5.110482362961746,0.4500290039482956,1073.5,0,5.05,0.38,01-Aug-2025,03-Jul-2026,-,0.4500290039482956,-,5.110482362961746,2.333345462484523,-7.1797226742270785,https://nsearchives.nseindia.com/today/CASHIETFEQN.svg,https://nsearchives.nseindia.com/30d/CASHIETF-EQ.svg,https://nsearchives.nseindia.com/365d/CASHIETF-EQ.svg,EQ
AUTOBEES,Nifty Auto TRI,299.98,301.02,298.07,299.96,2.83,0.95,557956,167029708.16,297.1347,301.02,238.11,-,-,23.64385820280296,8.64573146437756,297.13,0,23.35,6.78,01-Aug-2025,03-Jul-2026,-,8.64573146437756,-,23.64385820280296,0.352136070692978,-25.97538952584938,https://nsearchives.nseindia.com/today/AUTOBEESEQN.svg,https://nsearchives.nseindia.com/30d/AUTOBEES-EQ.svg,https://nsearchives.nseindia.com/365d/AUTOBEES-EQ.svg,EQ
LIQUIDETF,Nifty1D rate index,999.99,1000.01,999.99,1000.01,0.01,0.00,162788,162788000,1000,1025,997.55,-,-,0.0009999999999990906,0.002000020000198183,1000,0,0,0,01-Aug-2025,03-Jul-2026,-,0.002000020000198183,-,0.0009999999999990906,2.4380487804878057,-0.24660418024159556,https://nsearchives.nseindia.com/today/LIQUIDETFEQN.svg,https://nsearchives.nseindia.com/30d/LIQUIDETF-EQ.svg,https://nsearchives.nseindia.com/365d/LIQUIDETF-EQ.svg,EQ
MOMENTUM50,Nifty 500 Momentum 50 Total Return Index,52.63,53.19,52.63,53.15,0.52,0.99,2888975,152942336.5,52.701,55.88,44.96,-,-,2.983917845378801,-0.15029118917903117,52.63,0,3.24,0.48,01-Aug-2025,03-Jul-2026,-,-0.15029118917903117,-,2.983917845378801,4.885468861846822,-18.2161921708185,https://nsearchives.nseindia.com/today/MOMENTUM50EQN.svg,https://nsearchives.nseindia.com/30d/MOMENTUM50-EQ.svg,https://nsearchives.nseindia.com/365d/MOMENTUM50-EQ.svg,EQ
GOLD1,Gold,118.16,119.49,117.01,118.3,0.14,0.12,1261516,149313033.76,118.3319,158,80.77,22-JUL-21, FACE VALUE SPLIT (SUB-DIVISION) - FROM RS 10/- PER SHARE TO RE 1/- PER SHARE,42.92618098344811,1.4753817121290091,118.16,0,43.43,-2.7,01-Aug-2025,03-Jul-2026, FACE VALUE SPLIT (SUB-DIVISION) - FROM RS 10/- PER SHARE TO RE 1/- PER SHARE,1.4753817121290091,22-JUL-21,42.92618098344811,25.126582278481017,-46.46527175931658,https://nsearchives.nseindia.com/today/GOLD1EQN.svg,https://nsearchives.nseindia.com/30d/GOLD1-EQ.svg,https://nsearchives.nseindia.com/365d/GOLD1-EQ.svg,EQ
PHARMABEES,Nifty Pharma TRI,27.27,27.95,27.16,27.34,0.07,0.26,5428430,148141854.7,27.2805,27.95,21.46,-,-,17.288717288717294,5.84591560201317,27.27,0,20.56,2.98,01-Aug-2025,03-Jul-2026,-,5.84591560201317,-,17.288717288717294,2.182468694096599,-27.39981360671015,https://nsearchives.nseindia.com/today/PHARMABEESEQN.svg,https://nsearchives.nseindia.com/30d/PHARMABEES-EQ.svg,https://nsearchives.nseindia.com/365d/PHARMABEES-EQ.svg,EQ
METALIETF,Nifty Metal Index,12.95,13.01,12.82,12.98,0.2,1.56,10939689,141450178.77,12.8004,14.17,8.98,-,-,39.72012917115179,4.424778761061953,12.78,0,40.29,0.95,01-Aug-2025,03-Jul-2026,-,4.424778761061953,-,39.72012917115179,8.398023994354265,-44.54342984409799,https://nsearchives.nseindia.com/today/METALIETFEQN.svg,https://nsearchives.nseindia.com/30d/METALIETF-EQ.svg,https://nsearchives.nseindia.com/365d/METALIETF-EQ.svg,EQ
SILVER,Physical price of Silver,217.99,217.99,215.1,215.7,0.1,0.05,618961,133658438.34,215.9858,371.89,109.82,-,-,93.74831581783884,-2.3009330555303977,215.6,0,95.75,-6.68,01-Aug-2025,03-Jul-2026,-,-2.3009330555303977,-,93.74831581783884,41.99897819247627,-96.41231105445274,https://nsearchives.nseindia.com/today/SILVEREQN.svg,https://nsearchives.nseindia.com/30d/SILVER-EQ.svg,https://nsearchives.nseindia.com/365d/SILVER-EQ.svg,EQ
MOM100,Nifty Midcap 100,67.07,68.97,66.51,68.47,0.6,0.88,1932452,132102418.72,67.8932,69.2,56.15,-,-,11.026431003729524,2.2550776583034726,67.87,0,11.39,1.07,01-Aug-2025,03-Jul-2026,-,2.2550776583034726,-,11.026431003729524,1.0549132947976936,-21.941228851291186,https://nsearchives.nseindia.com/today/MOM100EQN.svg,https://nsearchives.nseindia.com/30d/MOM100-EQ.svg,https://nsearchives.nseindia.com/365d/MOM100-EQ.svg,EQ
SBISILVER,SBI SILVER ETF,212,213.39,211.09,211.96,0.32,0.15,613860,130205844.6,212.0285,362,105.15,-,-,93.37651674117325,-2.277547256800368,211.64,0,95.24,-6.61,01-Aug-2025,03-Jul-2026,-,-2.277547256800368,-,93.37651674117325,41.447513812154696,-101.57869709938183,https://nsearchives.nseindia.com/today/SBISILVEREQN.svg,https://nsearchives.nseindia.com/30d/SBISILVER-EQ.svg,https://nsearchives.nseindia.com/365d/SBISILVER-EQ.svg,EQ
SILVERCASE,Commodity-Silver,22.32,22.4,21.83,21.87,-0.01,-0.05,5815085,127466663.2,22.3092,38.01,11.02,-,-,92.51760563380284,-2.4096385542168637,21.88,0,94.84,-6.81,01-Aug-2025,03-Jul-2026,-,-2.4096385542168637,-,92.51760563380284,42.46250986582478,-98.45735027223233,https://nsearchives.nseindia.com/today/SILVERCASEEQN.svg,https://nsearchives.nseindia.com/30d/SILVERCASE-EQ.svg,https://nsearchives.nseindia.com/365d/SILVERCASE-EQ.svg,EQ
NEXT50IETF,Nifty Next 50,77.66,78.49,77.3,78.1,0.51,0.66,1622959,126931623.39,77.7103,78.49,62.6,15-NOV-18, FACE VALUE SPLIT (SUB-DIVISION) - FROM RS 10/- PER SHARE TO RS 1/- PER SHARE,11.063708759954496,2.749638205499262,77.59,0,11.82,1.9,01-Aug-2025,03-Jul-2026, FACE VALUE SPLIT (SUB-DIVISION) - FROM RS 10/- PER SHARE TO RS 1/- PER SHARE,2.749638205499262,15-NOV-18,11.063708759954496,0.49687858325901463,-24.76038338658146,https://nsearchives.nseindia.com/today/NEXT50IETFEQN.svg,https://nsearchives.nseindia.com/30d/NEXT50IETF-EQ.svg,https://nsearchives.nseindia.com/365d/NEXT50IETF-EQ.svg,EQ
ITBETA,UTI Nifty IT ETF,320.69,333.99,319.91,323.74,0.39,0.12,352251,114069441.33,323.1115,409.94,270.68,-,-,Infinity,19.452438934395996,323.35,0,0,12,,03-Jul-2026,-,19.452438934395996,-,Infinity,21.027467434258668,-19.602482636323334,https://nsearchives.nseindia.com/today/ITBETAEQN.svg,https://nsearchives.nseindia.com/30d/ITBETA-EQ.svg,,EQ
MODEFENCE,Nifty India Defence Total Return Index,101.01,103.44,100.75,103.2,0.86,0.84,1090925,112463458.25,102.4422,107.99,77.8,-,-,20.84309133489461,-1.4985205688651266,102.34,0,22.31,-2.76,01-Aug-2025,03-Jul-2026,-,-1.4985205688651266,-,20.84309133489461,4.435595888508188,-32.647814910025716,https://nsearchives.nseindia.com/today/MODEFENCEEQN.svg,https://nsearchives.nseindia.com/30d/MODEFENCE-EQ.svg,https://nsearchives.nseindia.com/365d/MODEFENCE-EQ.svg,EQ
MOQUALITY,Motilal Oswal S&P BSE Quality ETF,204.56,219.9,204.3,216.8,12.71,6.23,491673,100950300.36,203.1064,225.6,176.15,-,-,14.03924043974541,7.7909809575896265,204.09,0,7.65,1.46,01-Aug-2025,03-Jul-2026,-,7.7909809575896265,-,14.03924043974541,3.9007092198581486,-23.07692307692308,https://nsearchives.nseindia.com/today/MOQUALITYEQN.svg,https://nsearchives.nseindia.com/30d/MOQUALITY-EQ.svg,https://nsearchives.nseindia.com/365d/MOQUALITY-EQ.svg,EQ
MOLOWVOL,Nifty Midcap 100 TRI,37.81,39.64,37.05,37.05,-0.21,-0.56,2596147,97926664.84,37.3566,43.07,33.52,11-AUG-22,FACE VALUE SPLIT (SUB-DIVISION) - FROM RS 10/- PER UNIT TO RS 2/- PER UNIT,-1.567481402763027,0.13513513513512745,37.26,0,0.08,-0.16,01-Aug-2025,03-Jul-2026,FACE VALUE SPLIT (SUB-DIVISION) - FROM RS 10/- PER UNIT TO RS 2/- PER UNIT,0.13513513513512745,11-AUG-22,-1.567481402763027,13.977246343162301,-10.531026252983276,https://nsearchives.nseindia.com/today/MOLOWVOLEQN.svg,https://nsearchives.nseindia.com/30d/MOLOWVOL-EQ.svg,https://nsearchives.nseindia.com/365d/MOLOWVOL-EQ.svg,EQ
LTGILTBEES,NIFTY 8-13 yr G-Sec Index,30,30.18,29.78,29.93,-0.05,-0.17,3216391,96298746.54,29.8993,30.46,27.93,-,-,3.6716314513335595,0.23442732752846712,29.98,0,3.81,-0.03,01-Aug-2025,03-Jul-2026,-,0.23442732752846712,-,3.6716314513335595,1.7399868680236412,-7.160759040458289,https://nsearchives.nseindia.com/today/LTGILTBEESEQN.svg,https://nsearchives.nseindia.com/30d/LTGILTBEES-EQ.svg,https://nsearchives.nseindia.com/365d/LTGILTBEES-EQ.svg,EQ
MOGSEC,Nifty 5 yr Benchmark G-Sec Index,65.52,67.33,65,65.16,-0.4,-0.61,1466559,95854296.24,65.2179,67.33,60.18,-,-,4.9275362318840505,0.04606172270843104,65.56,0,5.57,1.11,01-Aug-2025,03-Jul-2026,-,0.04606172270843104,-,4.9275362318840505,3.222931828308335,-8.275174476570283,https://nsearchives.nseindia.com/today/MOGSECEQN.svg,https://nsearchives.nseindia.com/30d/MOGSEC-EQ.svg,https://nsearchives.nseindia.com/365d/MOGSEC-EQ.svg,EQ
FMCGIETF,Nifty FMCG Index,53.01,53.7,52.43,53,0.28,0.53,1740791,92993055.22,52.8042,62.3,48.55,10-MAY-24,FACE VALUE SPLIT (SUB-DIVISION) - FROM RS 10/- PER SHARE TO RE 1/- PER SHARE,-10.849453322119432,-0.6746626686656662,52.72,0,-11.99,-1.86,01-Aug-2025,03-Jul-2026,FACE VALUE SPLIT (SUB-DIVISION) - FROM RS 10/- PER SHARE TO RE 1/- PER SHARE,-0.6746626686656662,10-MAY-24,-10.849453322119432,14.927768860353128,-9.165808444902169,https://nsearchives.nseindia.com/today/FMCGIETFEQN.svg,https://nsearchives.nseindia.com/30d/FMCGIETF-EQ.svg,https://nsearchives.nseindia.com/365d/FMCGIETF-EQ.svg,EQ
PVTBANIETF,Nifty Private Bank Index,28.1,28.14,27.9,28.14,0.39,1.41,3285922,92104393.66,27.7913,30.32,24.18,01-MAR-24,FACE VALUE SPLIT (SUB-DIVISION) - FROM RS 10/- PER SHARE TO RE 1/- PER SHARE,2.9637760702524782,-1.1591148577449888,27.75,0,2.36,-2.73,01-Aug-2025,03-Jul-2026,FACE VALUE SPLIT (SUB-DIVISION) - FROM RS 10/- PER SHARE TO RE 1/- PER SHARE,-1.1591148577449888,01-MAR-24,2.9637760702524782,7.189973614775725,-16.3771712158809,https://nsearchives.nseindia.com/today/PVTBANIETFEQN.svg,https://nsearchives.nseindia.com/30d/PVTBANIETF-EQ.svg,https://nsearchives.nseindia.com/365d/PVTBANIETF-EQ.svg,EQ
MIDCAPETF,Mirae Asset Mutual Fund - Mirae Asset Nifty Midcap 150 ETF,23.65,23.91,23.65,23.91,0.27,1.14,3667403,87467561.55,23.6563,24.22,19.6,-,-,10.133578995854442,2.486069438491221,23.64,0,10.21,0.98,01-Aug-2025,03-Jul-2026,-,2.486069438491221,-,10.133578995854442,1.2799339388934712,-21.98979591836734,https://nsearchives.nseindia.com/today/MIDCAPETFEQN.svg,https://nsearchives.nseindia.com/30d/MIDCAPETF-EQ.svg,https://nsearchives.nseindia.com/365d/MIDCAPETF-EQ.svg,EQ
MOREALTY,Motilal Oswal Nifty Realty ETF,91.3,91.31,89.63,90.1,-0.21,-0.23,963160,87310454,90.3014,99.49,64,-,-,-1.1953065029060241,5.257009345794393,90.31,0,0.59,1.76,01-Aug-2025,03-Jul-2026,-,5.257009345794393,-,-1.1953065029060241,9.438134485877978,-40.78124999999999,https://nsearchives.nseindia.com/today/MOREALTYEQN.svg,https://nsearchives.nseindia.com/30d/MOREALTY-EQ.svg,https://nsearchives.nseindia.com/365d/MOREALTY-EQ.svg,EQ
GOLDETF,Mirae Asset Gold ETF,136.01,138.31,136.01,137.98,0.13,0.09,620775,85611080.25,137.8769,173.5,95.81,-,-,42.92521234721357,1.6577027923082592,137.85,0,43.47,-2.37,01-Aug-2025,03-Jul-2026,-,1.6577027923082592,-,42.92521234721357,20.47262247838617,-44.014194760463404,https://nsearchives.nseindia.com/today/GOLDETFEQN.svg,https://nsearchives.nseindia.com/30d/GOLDETF-EQ.svg,https://nsearchives.nseindia.com/365d/GOLDETF-EQ.svg,EQ
SILVER1,Kotak Silver ETF,20.97,21.14,20.91,20.97,0.01,0.05,4005765,84040949.7,20.9847,38.8,10.67,27-FEB-26,FACE VALUE SPLIT (SUB-DIVISION) - FROM RS 10/- PER SHARE TO RE 1/- PER SHARE,-80.66568320118016,-2.1921641791044886,20.96,0,-80.42,-6.6,01-Aug-2025,03-Jul-2026,FACE VALUE SPLIT (SUB-DIVISION) - FROM RS 10/- PER SHARE TO RE 1/- PER SHARE,-2.1921641791044886,27-FEB-26,-80.66568320118016,45.95360824742268,-96.5323336457357,https://nsearchives.nseindia.com/today/SILVER1EQN.svg,https://nsearchives.nseindia.com/30d/SILVER1-EQ.svg,https://nsearchives.nseindia.com/365d/SILVER1-EQ.svg,EQ
EBBETF0431,Nifty BHARAT Bond,1437,1444.74,1435.64,1439,-2.34,-0.16,57504,82740780.48,1439.9224,1469,1363,-,-,5.096332218343289,0.2389294844556562,1441.34,0,5.27,0,01-Aug-2025,03-Jul-2026,-,0.2389294844556562,-,5.096332218343289,2.0422055820285907,-5.57593543653705,https://nsearchives.nseindia.com/today/EBBETF0431EQN.svg,https://nsearchives.nseindia.com/30d/EBBETF0431-EQ.svg,https://nsearchives.nseindia.com/365d/EBBETF0431-EQ.svg,EQ
LIQGRWBEES,Liquid,1049.05,1050.15,1049.05,1050.13,0.12,0.01,78228,82150351.92,1050.0072,1056.29,995.55,-,-,4.838967314258346,0.4236396672085745,1050.01,0,4.78,0.36,01-Aug-2025,03-Jul-2026,-,0.4236396672085745,-,4.838967314258346,0.58317318160731,-5.482396665159977,https://nsearchives.nseindia.com/today/LIQGRWBEESEQN.svg,https://nsearchives.nseindia.com/30d/LIQGRWBEES-EQ.svg,https://nsearchives.nseindia.com/365d/LIQGRWBEES-EQ.svg,EQ
ESILVER,Edelweiss Silver ETF,218.63,218.63,215.2,218,1.53,0.71,376947,81443168.82,216.1032,375,107.19,-,-,94.83421217266958,-1.575691904826407,216.47,0,95.88,-6.57,01-Aug-2025,03-Jul-2026,-,-1.575691904826407,-,94.83421217266958,41.86666666666667,-103.37718070715552,https://nsearchives.nseindia.com/today/ESILVEREQN.svg,https://nsearchives.nseindia.com/30d/ESILVER-EQ.svg,https://nsearchives.nseindia.com/365d/ESILVER-EQ.svg,EQ
SMALLCAP,Mirae Asset Nifty Smallcap 250 Momentum Quality 100 ETF,46.83,47.68,46.3,47.56,0.73,1.56,1681432,79834391.36,46.9138,54.5,37.34,-,-,3.8654728106573555,2.588438308886978,46.83,0,4.18,-0.38,01-Aug-2025,03-Jul-2026,-,2.588438308886978,-,3.8654728106573555,12.733944954128436,-27.370112479914294,https://nsearchives.nseindia.com/today/SMALLCAPEQN.svg,https://nsearchives.nseindia.com/30d/SMALLCAP-EQ.svg,https://nsearchives.nseindia.com/365d/SMALLCAP-EQ.svg,EQ
AUTOIETF,Nifty Auto Index,29.97,30.17,29.41,29.94,0.21,0.71,2585573,77282776.97,29.7631,30.5,23.67,01-MAR-24,FACE VALUE SPLIT (SUB-DIVISION) - FROM RS 10/- PER SHARE TO RE 1/- PER SHARE,23.31136738056013,8.321273516642549,29.73,0,23.26,6.29,01-Aug-2025,03-Jul-2026,FACE VALUE SPLIT (SUB-DIVISION) - FROM RS 10/- PER SHARE TO RE 1/- PER SHARE,8.321273516642549,01-MAR-24,23.31136738056013,1.8360655737704876,-26.489226869455006,https://nsearchives.nseindia.com/today/AUTOIETFEQN.svg,https://nsearchives.nseindia.com/30d/AUTOIETF-EQ.svg,https://nsearchives.nseindia.com/365d/AUTOIETF-EQ.svg,EQ
CPSEETF,CPSE ETF,94.99,96.29,94.7,95,0.09,0.09,757122,71941732.44,94.8613,112,85.67,-,-,4.87966438507397,-2.0416580738296597,94.91,0,5.86,-2.58,01-Aug-2025,03-Jul-2026,-,-2.0416580738296597,-,4.87966438507397,15.178571428571429,-10.890626823858991,https://nsearchives.nseindia.com/today/CPSEETFEQN.svg,https://nsearchives.nseindia.com/30d/CPSEETF-EQ.svg,https://nsearchives.nseindia.com/365d/CPSEETF-EQ.svg,EQ
MON100,Nasdaq100,315.45,315.45,315.45,315.45,10.27,3.37,210240,66320208,263.6303,342.55,197.81,17-JUN-21, FACE VALUE SPLIT (SUB-DIVISION) - FROM RS 10/- PER SHARE TO RE 1/- PER SHARE,51.44750108022469,-4.383013549149779,305.18,0,49.35,-8.29,01-Aug-2025,03-Jul-2026, FACE VALUE SPLIT (SUB-DIVISION) - FROM RS 10/- PER SHARE TO RE 1/- PER SHARE,-4.383013549149779,17-JUN-21,51.44750108022469,7.911253831557444,-59.47120974672665,https://nsearchives.nseindia.com/today/MON100EQN.svg,https://nsearchives.nseindia.com/30d/MON100-EQ.svg,https://nsearchives.nseindia.com/365d/MON100-EQ.svg,EQ
MOM50,Nifty 50,258.4,258.4,254.86,258.25,3.22,1.26,251906,65027014.84,255.2562,279.33,231.11,16-OCT-14,FACE VALUE SPLIT FROM RS.10/- TO RS.7/-,0.6665627192640443,2.970494417862834,255.03,0,0.03,0.52,01-Aug-2025,03-Jul-2026,FACE VALUE SPLIT FROM RS.10/- TO RS.7/-,2.970494417862834,16-OCT-14,0.6665627192640443,7.546629434718786,-11.743325689065806,https://nsearchives.nseindia.com/today/MOM50EQN.svg,https://nsearchives.nseindia.com/30d/MOM50-EQ.svg,https://nsearchives.nseindia.com/365d/MOM50-EQ.svg,EQ
GOLDBETA,Gold,119.45,119.55,119.05,119.35,0.15,0.13,543434,64831676.2,119.3042,149.35,81.35,25-MAR-21, FACE VALUE SPLIT (SUB-DIVISION) - FROM RS 100/- PER UNIT TO RE 1/- PER UNIT,Infinity,1.4880952380952381,119.2,0,0,-2.53,,03-Jul-2026, FACE VALUE SPLIT (SUB-DIVISION) - FROM RS 100/- PER UNIT TO RE 1/- PER UNIT,1.4880952380952381,25-MAR-21,Infinity,20.08704385671242,-46.71173939766442,https://nsearchives.nseindia.com/today/GOLDBETAEQN.svg,https://nsearchives.nseindia.com/30d/GOLDBETA-EQ.svg,,EQ
ALPHA,NIFTY Alpha 50 Index,52.32,52.43,51.93,52.3,0.37,0.71,1226216,64082048.16,51.9416,53.6,42,-,-,4.662797678607161,2.0686963309914033,51.93,0,5.02,1.11,01-Aug-2025,03-Jul-2026,-,2.0686963309914033,-,4.662797678607161,2.425373134328366,-24.52380952380952,https://nsearchives.nseindia.com/today/ALPHAEQN.svg,https://nsearchives.nseindia.com/30d/ALPHA-EQ.svg,https://nsearchives.nseindia.com/365d/ALPHA-EQ.svg,EQ
MOCAPITAL,Nifty Capital Market Total Return Index,53.67,53.67,52.55,52.9,-0.48,-0.90,1203129,63850056.03,53.3424,57.25,41.15,-,-,21.302453565695938,-5.026929982046687,53.38,0,23.42,-4.22,01-Aug-2025,03-Jul-2026,-,-5.026929982046687,-,21.302453565695938,7.5982532751091725,-28.554070473876063,https://nsearchives.nseindia.com/today/MOCAPITALEQN.svg,https://nsearchives.nseindia.com/30d/MOCAPITAL-EQ.svg,https://nsearchives.nseindia.com/365d/MOCAPITAL-EQ.svg,EQ
GOLDAXIS,Gold,118.52,118.53,117.7,118.24,0.28,0.24,538980,63685876.8,118.1644,150,80.84,23-JUL-20, FACE VALUE SPLIT (SUB-DIVISION) - FROM RS 100/- PER SHARE TO RE 1/- PER SHARE,Infinity,Infinity,117.96,0,0,-3.18,,03-Jul-2026, FACE VALUE SPLIT (SUB-DIVISION) - FROM RS 100/- PER SHARE TO RE 1/- PER SHARE,Infinity,23-JUL-20,Infinity,21.173333333333336,-46.26422563087579,https://nsearchives.nseindia.com/today/GOLDAXISEQN.svg,https://nsearchives.nseindia.com/30d/GOLDAXIS-EQ.svg,,EQ
HNGSNGBEES,Hang Seng Index,512.52,512.52,494.04,495.5,-2.09,-0.42,126477,63179055.81,466.4024,579.92,412.23,19-DEC-19, FACE VALUE SPLIT (SUB-DIVISION) - FROM RS 10/- TO RS 1/-,16.134627103548485,5.163741324787228,497.59,0,20.23,3.51,01-Aug-2025,03-Jul-2026, FACE VALUE SPLIT (SUB-DIVISION) - FROM RS 10/- TO RS 1/-,5.163741324787228,19-DEC-19,16.134627103548485,14.55718030073113,-20.199888411808935,https://nsearchives.nseindia.com/today/HNGSNGBEESEQN.svg,https://nsearchives.nseindia.com/30d/HNGSNGBEES-EQ.svg,https://nsearchives.nseindia.com/365d/HNGSNGBEES-EQ.svg,EQ
BSLNIFTY,Nifty 50,28.6,29.31,28.2,28.77,0.17,0.59,1988887,57339612.21,28.582,33,25.7,25-NOV-21, FACE VALUE SPLIT (SUB-DIVISION) - FROM RS 10/- PER SHARE TO RE 1/- PER SHARE,0.17409470752089384,2.347918890074707,28.6,0,0.32,0.63,01-Aug-2025,03-Jul-2026, FACE VALUE SPLIT (SUB-DIVISION) - FROM RS 10/- PER SHARE TO RE 1/- PER SHARE,2.347918890074707,25-NOV-21,0.17409470752089384,12.81818181818182,-11.945525291828794,https://nsearchives.nseindia.com/today/BSLNIFTYEQN.svg,https://nsearchives.nseindia.com/30d/BSLNIFTY-EQ.svg,https://nsearchives.nseindia.com/365d/BSLNIFTY-EQ.svg,EQ
LOWVOLIETF,Nifty 100 Low Volatility 30 Index,22.27,22.91,22.2,22.5,-0.22,-0.97,2472893,56381960.4,22.7117,26.81,19.84,01-MAR-24,FACE VALUE SPLIT (SUB-DIVISION) - FROM RS 10/- PER SHARE TO RE 1/- PER SHARE,2.7866605756052967,3.4007352941176396,22.72,0,5.04,2.81,01-Aug-2025,03-Jul-2026,FACE VALUE SPLIT (SUB-DIVISION) - FROM RS 10/- PER SHARE TO RE 1/- PER SHARE,3.4007352941176396,01-MAR-24,2.7866605756052967,16.076091010816857,-13.40725806451613,https://nsearchives.nseindia.com/today/LOWVOLIETFEQN.svg,https://nsearchives.nseindia.com/30d/LOWVOLIETF-EQ.svg,https://nsearchives.nseindia.com/365d/LOWVOLIETF-EQ.svg,EQ
NEXT50,Nifty Next 50,761,769.11,761,768.9,9.49,1.25,72334,55525748.42,760.2149,769.11,617,-,-,11.905108426720995,3.570899392502592,759.41,0,12.05,1.91,01-Aug-2025,03-Jul-2026,-,3.570899392502592,-,11.905108426720995,0.027304286773028093,-24.619124797406805,https://nsearchives.nseindia.com/today/NEXT50EQN.svg,https://nsearchives.nseindia.com/30d/NEXT50-EQ.svg,https://nsearchives.nseindia.com/365d/NEXT50-EQ.svg,EQ
NEXT50BETA,Nifty Next 50,80.12,80.25,78.83,79.6,0.28,0.35,692464,55355572.16,79.5313,80.25,64.34,25-MAR-21, FACE VALUE SPLIT (SUB-DIVISION) - FROM RS 10/- PER UNIT TO Re 1/- PER UNIT,Infinity,2.696426267578363,79.32,0,0,1.72,,03-Jul-2026, FACE VALUE SPLIT (SUB-DIVISION) - FROM RS 10/- PER UNIT TO Re 1/- PER UNIT,2.696426267578363,25-MAR-21,Infinity,0.809968847352032,-23.717749456014904,https://nsearchives.nseindia.com/today/NEXT50BETAEQN.svg,https://nsearchives.nseindia.com/30d/NEXT50BETA-EQ.svg,,EQ
BANKIETF,Nifty Bank,59.49,59.49,58.43,59.38,0.6,1.02,831443,49296255.47,58.8051,63.9,51.17,-,-,3.9565826330532303,-0.3858413017949956,58.78,0,3.3,-1.31,01-Aug-2025,03-Jul-2026,-,-0.3858413017949956,-,3.9565826330532303,7.0735524256650955,-16.044557357826854,https://nsearchives.nseindia.com/today/BANKIETFEQN.svg,https://nsearchives.nseindia.com/30d/BANKIETF-EQ.svg,https://nsearchives.nseindia.com/365d/BANKIETF-EQ.svg,EQ
SML100CASE,Nifty Smallcap 100 Index,11,11.4,11,11.14,0.14,1.27,4311067,47939065.04,10.9865,11.74,8.5,-,-,Infinity,3.917910447761193,11,0,0,1.1,,03-Jul-2026,-,3.917910447761193,-,Infinity,5.110732538330491,-31.05882352941177,https://nsearchives.nseindia.com/today/SML100CASEEQN.svg,https://nsearchives.nseindia.com/30d/SML100CASE-EQ.svg,,EQ
GROWWRAIL,Nifty India Railways PSU Index,29.25,30,29.04,30,0.98,3.38,1569075,46366166.25,29.0332,36.75,27.8,-,-,-16.24790619765494,2.354145342886391,29.02,0,-17.88,-1.12,01-Aug-2025,03-Jul-2026,-,2.354145342886391,-,-16.24790619765494,18.367346938775512,-7.913669064748199,https://nsearchives.nseindia.com/today/GROWWRAILEQN.svg,https://nsearchives.nseindia.com/30d/GROWWRAIL-EQ.svg,https://nsearchives.nseindia.com/365d/GROWWRAIL-EQ.svg,EQ
GROWWLIQID,Nifty 1D Rate Index,110.18,110.19,110.18,110.19,0.02,0.02,418290,46087192.2,110.1676,110.9,102.89,-,-,4.862961553102398,0.43751709051135174,110.17,0,4.79,0.36,01-Aug-2025,03-Jul-2026,-,0.43751709051135174,-,4.862961553102398,0.6402164111812515,-7.094955778015354,https://nsearchives.nseindia.com/today/GROWWLIQIDEQN.svg,https://nsearchives.nseindia.com/30d/GROWWLIQID-EQ.svg,https://nsearchives.nseindia.com/365d/GROWWLIQID-EQ.svg,EQ
ICICIB22,S&P BSE BHARAT 22 index,116,117.15,115,115.22,-0.57,-0.49,391983,45791454.06,115.878,131,103.6,-,-,7.151492606714403,-3.152055139951248,115.79,0,8.66,-2.51,01-Aug-2025,03-Jul-2026,-,-3.152055139951248,-,7.151492606714403,12.045801526717558,-11.216216216216221,https://nsearchives.nseindia.com/today/ICICIB22EQN.svg,https://nsearchives.nseindia.com/30d/ICICIB22-EQ.svg,https://nsearchives.nseindia.com/365d/ICICIB22-EQ.svg,EQ
GOLDADD,DSP Gold ETF,137.92,138.06,137.39,137.5,-0.2,-0.15,326479,44992070.99,137.7679,181,95.24,-,-,Infinity,1.3563320064868079,137.7,0,0,-2.65,,03-Jul-2026,-,1.3563320064868079,-,Infinity,24.03314917127072,-44.372112557748856,https://nsearchives.nseindia.com/today/GOLDADDEQN.svg,https://nsearchives.nseindia.com/30d/GOLDADD-EQ.svg,,EQ
AONELIQUID,Nifty 1D Rate Index,1070.96,1070.96,1070.94,1070.96,0.16,0.01,40902,43803587.88,1070.8103,1094.59,988.25,-,-,5.105305513572927,0.44832955035734795,1070.8,0,5.04,0.38,01-Aug-2025,03-Jul-2026,-,0.44832955035734795,-,5.105305513572927,2.1587991850829886,-8.36933974196813,https://nsearchives.nseindia.com/today/AONELIQUIDEQN.svg,https://nsearchives.nseindia.com/30d/AONELIQUID-EQ.svg,https://nsearchives.nseindia.com/365d/AONELIQUID-EQ.svg,EQ
NIFTY1,Nifty 50,272.7,273.49,270.85,270.85,0.71,0.26,156388,42632932.68,270.5571,320,244.8,27-JUL-17, FACE VALUE SPLIT (SUB-DIVISION) - FROM RS 10/- PER SHARE TO RS 1/- PER SHARE,-0.43011543268875785,2.0035400896320756,270.14,0,-0.28,0.6,01-Aug-2025,03-Jul-2026, FACE VALUE SPLIT (SUB-DIVISION) - FROM RS 10/- PER SHARE TO RS 1/- PER SHARE,2.0035400896320756,27-JUL-17,-0.43011543268875785,15.359374999999995,-10.64133986928105,https://nsearchives.nseindia.com/today/NIFTY1EQN.svg,https://nsearchives.nseindia.com/30d/NIFTY1-EQ.svg,https://nsearchives.nseindia.com/365d/NIFTY1-EQ.svg,EQ
SILVERBETA,UTI Silver Exchange Traded Fund (UTI Silver ETF),208.71,210.3,208.05,208.61,-0.07,-0.03,202123,42213388.55,208.8935,379.66,104.33,-,-,Infinity,-2.3407143860306165,208.68,0,0,-6.58,,03-Jul-2026,-,-2.3407143860306165,-,Infinity,45.05346889322025,-99.95207514617083,https://nsearchives.nseindia.com/today/SILVERBETAEQN.svg,https://nsearchives.nseindia.com/30d/SILVERBETA-EQ.svg,,EQ
ITIETF,Nifty IT Index,34.32,35.83,34.03,35.17,0.97,2.84,1165091,40475261.34,34.1585,44.3,28.54,01-SEP-22,FACE VALUE SPLIT (SUB-DIVISION) - FROM RS 10/- PER UNIT TO RE 1/- PER UNIT,-8.411458333333325,22.80027932960894,34.2,0,-9.55,12.46,01-Aug-2025,03-Jul-2026,FACE VALUE SPLIT (SUB-DIVISION) - FROM RS 10/- PER UNIT TO RE 1/- PER UNIT,22.80027932960894,01-SEP-22,-8.411458333333325,20.609480812641074,-23.230553608969874,https://nsearchives.nseindia.com/today/ITIETFEQN.svg,https://nsearchives.nseindia.com/30d/ITIETF-EQ.svg,https://nsearchives.nseindia.com/365d/ITIETF-EQ.svg,EQ
MONEXT50,Nifty Next 50 Total Return Index,73.86,74.44,73.86,74.38,1.31,1.79,539926,39965322.52,73.5441,74.6,59.43,-,-,11.5978994748687,3.262529501596549,73.07,0,11.03,1.25,01-Aug-2025,03-Jul-2026,-,3.262529501596549,-,11.5978994748687,0.2949061662198376,-25.155645296988045,https://nsearchives.nseindia.com/today/MONEXT50EQN.svg,https://nsearchives.nseindia.com/30d/MONEXT50-EQ.svg,https://nsearchives.nseindia.com/365d/MONEXT50-EQ.svg,EQ
METAL,Nifty Metal Total Return Index,13.16,13.16,12.87,13.02,0.18,1.40,3066601,39804480.98,12.8457,13.97,8.7,-,-,39.999999999999986,4.0767386091127085,12.84,0,40.64,0.94,01-Aug-2025,03-Jul-2026,-,4.0767386091127085,-,39.999999999999986,6.800286327845391,-49.65517241379311,https://nsearchives.nseindia.com/today/METALEQN.svg,https://nsearchives.nseindia.com/30d/METAL-EQ.svg,https://nsearchives.nseindia.com/365d/METAL-EQ.svg,EQ
EBBETF0430,Nifty BHARAT Bond,1615.7,1615.7,1608.01,1609.15,0.59,0.04,24591,39629626.05,1610.3861,1644.19,1232,-,-,5.282613958296531,-0.15388147403560481,1608.56,0,4.96,-0.28,01-Aug-2025,03-Jul-2026,-,-0.15388147403560481,-,5.282613958296531,2.131140561613923,-30.61282467532468,https://nsearchives.nseindia.com/today/EBBETF0430EQN.svg,https://nsearchives.nseindia.com/30d/EBBETF0430-EQ.svg,https://nsearchives.nseindia.com/365d/EBBETF0430-EQ.svg,EQ
MIDCAPIETF,Nifty Midcap 150,24.22,24.24,23.83,24.2,0.26,1.09,1593023,38487435.68,23.9453,24.6,19.89,10-MAY-24,FACE VALUE SPLIT (SUB-DIVISION) - FROM RS 10/- PER SHARE TO RE 1/- PER SHARE,9.850204266908753,2.4555461473327616,23.94,0,10.07,0.88,01-Aug-2025,03-Jul-2026,FACE VALUE SPLIT (SUB-DIVISION) - FROM RS 10/- PER SHARE TO RE 1/- PER SHARE,2.4555461473327616,10-MAY-24,9.850204266908753,1.6260162601626102,-21.6691804927099,https://nsearchives.nseindia.com/today/MIDCAPIETFEQN.svg,https://nsearchives.nseindia.com/30d/MIDCAPIETF-EQ.svg,https://nsearchives.nseindia.com/365d/MIDCAPIETF-EQ.svg,EQ
HEALTHIETF,Nifty Healthcare Index,172.61,173.68,170.2,171.59,-0.3,-0.17,223480,38429620.8,172.0085,174.82,138.65,-,-,12.873306143928426,4.019156159068862,171.89,0,16.1,1.76,01-Aug-2025,03-Jul-2026,-,4.019156159068862,-,12.873306143928426,1.8476146893948002,-23.757663180670754,https://nsearchives.nseindia.com/today/HEALTHIETFEQN.svg,https://nsearchives.nseindia.com/30d/HEALTHIETF-EQ.svg,https://nsearchives.nseindia.com/365d/HEALTHIETF-EQ.svg,EQ
PSUBANK,Nifty PSU Bank,83.95,85.5,83.33,83.33,-0.32,-0.38,448463,38150747.41,83.816,101,66.26,10-JUL-26,FACE VALUE SPLIT (SUB-DIVISION) - FROM RS 10/- PER UNIT TO RE 1/- PER UNIT,-87.83023965650695,-90.28380206147102,83.65,0,-87.77,-90.09,01-Aug-2025,03-Jul-2026,FACE VALUE SPLIT (SUB-DIVISION) - FROM RS 10/- PER UNIT TO RE 1/- PER UNIT,-90.28380206147102,10-JUL-26,-87.83023965650695,17.495049504950497,-25.762149109568355,https://nsearchives.nseindia.com/today/PSUBANKEQN.svg,https://nsearchives.nseindia.com/30d/PSUBANK-EQ.svg,https://nsearchives.nseindia.com/365d/PSUBANK-EQ.svg,EQ
MOM30IETF,ICICI Prudential Nifty 200 Momentum 30 ETF,31.26,31.49,30.43,31.1,0.01,0.03,1208367,37749385.08,31.1395,32.9,26,12-AUG-22,ADDITONAL ISSUANCE 9:1,1.1382113821138258,-0.8290816326530549,31.09,0,2.1,0.13,01-Aug-2025,03-Jul-2026,ADDITONAL ISSUANCE 9:1,-0.8290816326530549,12-AUG-22,1.1382113821138258,5.471124620060782,-19.61538461538462,https://nsearchives.nseindia.com/today/MOM30IETFEQN.svg,https://nsearchives.nseindia.com/30d/MOM30IETF-EQ.svg,https://nsearchives.nseindia.com/365d/MOM30IETF-EQ.svg,EQ
INFRAIETF,ICICI Prudential Nifty Infrastructure ETF,97.91,97.91,96.35,97.4,0.75,0.78,384312,37458890.64,96.8992,101,86.8,-,-,4.618689581095609,0.4123711340206244,96.65,0,4.69,-0.93,01-Aug-2025,03-Jul-2026,-,0.4123711340206244,-,4.618689581095609,3.5643564356435586,-12.211981566820288,https://nsearchives.nseindia.com/today/INFRAIETFEQN.svg,https://nsearchives.nseindia.com/30d/INFRAIETF-EQ.svg,https://nsearchives.nseindia.com/365d/INFRAIETF-EQ.svg,EQ
SILVERAXIS,Axis Silver ETF,215.41,216.55,214.2,215,0.29,0.14,166495,35799754.9,215.106,390.01,106.66,-,-,Infinity,Infinity,214.71,0,0,-6.68,,03-Jul-2026,-,Infinity,-,Infinity,44.87320837927233,-101.57509844365273,https://nsearchives.nseindia.com/today/SILVERAXISEQN.svg,https://nsearchives.nseindia.com/30d/SILVERAXIS-EQ.svg,,EQ
ELIQUID,Nifty 1D Rate Index (Debt Index),1042.06,1042.06,1042.04,1042.06,0.14,0.01,31610,32938884.4,1041.9126,1043,996,-,-,Infinity,0.4530731857792903,1041.92,0,0,0.39,,03-Jul-2026,-,0.4530731857792903,-,Infinity,0.09012464046021616,-4.624497991967866,https://nsearchives.nseindia.com/today/ELIQUIDEQN.svg,https://nsearchives.nseindia.com/30d/ELIQUID-EQ.svg,,EQ
MSCIINDIA,MSCI India Index,29.3,30.54,29.3,30.53,0.38,1.26,1069823,32640299.73,30.205,32.14,26.5,-,-,3.6320434487440605,3.3863867253640363,30.15,0,3.43,1.48,01-Aug-2025,03-Jul-2026,-,3.3863867253640363,-,3.6320434487440605,5.009334163036712,-15.207547169811326,https://nsearchives.nseindia.com/today/MSCIINDIAEQN.svg,https://nsearchives.nseindia.com/30d/MSCIINDIA-EQ.svg,https://nsearchives.nseindia.com/365d/MSCIINDIA-EQ.svg,EQ
MONIFTY500,Motilal Oswal Nifty 500 ETF,24.67,24.67,24.11,24.23,0.16,0.66,1339302,32397715.38,23.9932,28.28,20.75,-,-,3.8131962296486743,2.6260059296908134,24.07,0,4.11,0.84,01-Aug-2025,03-Jul-2026,-,2.6260059296908134,-,3.8131962296486743,14.321074964639323,-16.7710843373494,https://nsearchives.nseindia.com/today/MONIFTY500EQN.svg,https://nsearchives.nseindia.com/30d/MONIFTY500-EQ.svg,https://nsearchives.nseindia.com/365d/MONIFTY500-EQ.svg,EQ
BANKBETA,Nifty Bank,59.23,60.02,58.82,59.72,0.6,1.01,531315,31825768.5,59.2351,73.7,51.3,17-FEB-21, FACE VALUE SPLIT (SUB-DIVISION) - FROM RS 10/- PER UNIT TO RE 1/- PER UNIT,Infinity,-0.5661005661005718,59.12,0,0,-1.37,,03-Jul-2026, FACE VALUE SPLIT (SUB-DIVISION) - FROM RS 10/- PER UNIT TO RE 1/- PER UNIT,-0.5661005661005718,17-FEB-21,Infinity,18.968792401628228,-16.413255360623786,https://nsearchives.nseindia.com/today/BANKBETAEQN.svg,https://nsearchives.nseindia.com/30d/BANKBETA-EQ.svg,,EQ
PVTBANKADD,DSP Nifty Private Bank ETF,28.02,28.37,27.43,28.37,0.47,1.68,1098199,30870373.89,27.9326,31.88,24.02,-,-,3.5779481562614106,-0.8041958041958056,27.9,0,2.39,-2.72,01-Aug-2025,03-Jul-2026,-,-0.8041958041958056,-,3.5779481562614106,11.010037641154321,-18.109908409658622,https://nsearchives.nseindia.com/today/PVTBANKADDEQN.svg,https://nsearchives.nseindia.com/30d/PVTBANKADD-EQ.svg,https://nsearchives.nseindia.com/365d/PVTBANKADD-EQ.svg,EQ
GROWWHOSPI,BSE Hospitals Index,54.37,55.22,54,54.51,0.14,0.26,555963,30227708.31,54.1921,55.7,43.35,-,-,Infinity,1.4705882352941162,54.37,0,0,-0.97,,03-Jul-2026,-,1.4705882352941162,-,Infinity,2.136445242369847,-25.74394463667819,https://nsearchives.nseindia.com/today/GROWWHOSPIEQN.svg,https://nsearchives.nseindia.com/30d/GROWWHOSPI-EQ.svg,,EQ
CONSUMBEES,Nifty India Consumption TRI,135.09,135.93,133.53,135.4,0.87,0.65,219813,29778067.11,134.7406,144.38,114,-,-,4.145834935774183,4.322366900377544,134.53,0,3.85,2.61,01-Aug-2025,03-Jul-2026,-,4.322366900377544,-,4.145834935774183,6.219698019116215,-18.771929824561408,https://nsearchives.nseindia.com/today/CONSUMBEESEQN.svg,https://nsearchives.nseindia.com/30d/CONSUMBEES-EQ.svg,https://nsearchives.nseindia.com/365d/CONSUMBEES-EQ.svg,EQ
MIDSMALL,Mirae Asset Nifty MidSmallcap400 Momentum Quality 100 ETF,51.21,51.57,51.1,51.44,0.27,0.53,572832,29449293.12,51.117,52.24,42.41,-,-,5.366653011061036,1.6399920964236283,51.17,0,6.01,1.07,01-Aug-2025,03-Jul-2026,-,1.6399920964236283,-,5.366653011061036,1.5313935681470219,-21.29214807828343,https://nsearchives.nseindia.com/today/MIDSMALLEQN.svg,https://nsearchives.nseindia.com/30d/MIDSMALL-EQ.svg,https://nsearchives.nseindia.com/365d/MIDSMALL-EQ.svg,EQ
HDFCNIFTY,Nifty 50,274,281.16,271.5,273.79,-0.52,-0.19,105484,29185313.12,274.7452,301.88,247.56,17-FEB-21, FACE VALUE SPLIT (SUB-DIVISION) - FROM RS 761.25/- PER UNIT TO RS 76.125/- PER UNIT,-0.9765271800065061,1.4262428687856645,274.31,0,-0.06,0.55,01-Aug-2025,03-Jul-2026, FACE VALUE SPLIT (SUB-DIVISION) - FROM RS 761.25/- PER UNIT TO RS 76.125/- PER UNIT,1.4262428687856645,17-FEB-21,-0.9765271800065061,9.305021862991909,-10.595411213443214,https://nsearchives.nseindia.com/today/HDFCNIFTYEQN.svg,https://nsearchives.nseindia.com/30d/HDFCNIFTY-EQ.svg,https://nsearchives.nseindia.com/365d/HDFCNIFTY-EQ.svg,EQ
QGOLDHALF,Gold,117.96,117.99,116.06,117.5,0.12,0.10,247926,29133784.26,117.4697,149.69,80.09,16-DEC-21, FACE VALUE SPLIT (SUB-DIVISION) - FROM RS 100 PER SHARE TO RS 2 PER SHARE,43.13558289682056,1.582086971557014,117.38,0,43.71,-2.55,01-Aug-2025,03-Jul-2026, FACE VALUE SPLIT (SUB-DIVISION) - FROM RS 100 PER SHARE TO RS 2 PER SHARE,1.582086971557014,16-DEC-21,43.13558289682056,21.50444251453003,-46.70995130478211,https://nsearchives.nseindia.com/today/QGOLDHALFEQN.svg,https://nsearchives.nseindia.com/30d/QGOLDHALF-EQ.svg,https://nsearchives.nseindia.com/365d/QGOLDHALF-EQ.svg,EQ
OILIETF,Nifty Oil & Gas Index,11.48,11.53,11.42,11.42,0,0.00,2463758,28234666.68,11.4146,14,9.8,-,-,0.35149384885763746,1.6014234875444815,11.42,0,1.78,0.88,01-Aug-2025,03-Jul-2026,-,1.6014234875444815,-,0.35149384885763746,18.428571428571427,-16.53061224489795,https://nsearchives.nseindia.com/today/OILIETFEQN.svg,https://nsearchives.nseindia.com/30d/OILIETF-EQ.svg,https://nsearchives.nseindia.com/365d/OILIETF-EQ.svg,EQ
SILVERADD,DSP Silver ETF,207.93,209.8,207.43,207.91,-0.17,-0.08,131285,27345352.65,208.4109,390,106,-,-,93.56670701052043,-2.4583626554069946,208.08,0,95.77,-6.66,01-Aug-2025,03-Jul-2026,-,-2.4583626554069946,-,93.56670701052043,46.68974358974359,-96.14150943396227,https://nsearchives.nseindia.com/today/SILVERADDEQN.svg,https://nsearchives.nseindia.com/30d/SILVERADD-EQ.svg,https://nsearchives.nseindia.com/365d/SILVERADD-EQ.svg,EQ
SILVERAG,Mirae Asset Silver ETF,210.38,211.99,209.77,211.4,1.09,0.52,124705,26279084.65,210.6483,380,104.32,-,-,Infinity,-1.6789916748058162,210.31,0,0,-6.84,,03-Jul-2026,-,-1.6789916748058162,-,Infinity,44.36842105263158,-102.64570552147242,https://nsearchives.nseindia.com/today/SILVERAGEQN.svg,https://nsearchives.nseindia.com/30d/SILVERAG-EQ.svg,,EQ
NIF100BEES,Nifty 100 TRI,271.3,273.37,269.05,270.55,0.49,0.18,92498,25154831.1,270.4316,290,240,-,-,1.019341348667022,1.8713758566157195,270.06,0,1.54,0.8,01-Aug-2025,03-Jul-2026,-,1.8713758566157195,-,1.019341348667022,6.706896551724134,-12.72916666666667,https://nsearchives.nseindia.com/today/NIF100BEESEQN.svg,https://nsearchives.nseindia.com/30d/NIF100BEES-EQ.svg,https://nsearchives.nseindia.com/365d/NIF100BEES-EQ.svg,EQ
GROWWSLVR,Commodity-Silver,21.23,21.36,21.12,21.16,0,0.00,1175641,24923589.2,21.2135,36.3,10.75,06-FEB-26,FACE VALUE SPLIT (SUB-DIVISION) - FROM RS 10/- PER UNIT TO RE 1/- PER UNIT,-80.81073728121883,-2.308402585410896,21.16,0,-80.57,-6.62,01-Aug-2025,03-Jul-2026,FACE VALUE SPLIT (SUB-DIVISION) - FROM RS 10/- PER UNIT TO RE 1/- PER UNIT,-2.308402585410896,06-FEB-26,-80.81073728121883,41.70798898071625,-96.83720930232558,https://nsearchives.nseindia.com/today/GROWWSLVREQN.svg,https://nsearchives.nseindia.com/30d/GROWWSLVR-EQ.svg,https://nsearchives.nseindia.com/365d/GROWWSLVR-EQ.svg,EQ
SENSEXIETF,SENSEX,901.1,905.9,884.41,890.15,-6.36,-0.71,27386,24685740.4,897.712,999.84,731,-,-,-3.8444919739883803,0.7755009623004668,896.51,0,-2.56,0.57,01-Aug-2025,03-Jul-2026,-,0.7755009623004668,-,-3.8444919739883803,10.97075532085134,-21.771545827633375,https://nsearchives.nseindia.com/today/SENSEXIETFEQN.svg,https://nsearchives.nseindia.com/30d/SENSEXIETF-EQ.svg,https://nsearchives.nseindia.com/365d/SENSEXIETF-EQ.svg,EQ
BANKNIFTY1,Nifty Bank,60.25,60.25,58.9,59.92,0.46,0.77,410042,24598419.58,59.4355,65.29,51.71,27-FEB-26,FACE VALUE SPLIT (SUB-DIVISION) - FROM RS 10/- PER SHARE TO RE 1/- PER SHARE,-89.63411469596056,-0.4981733643307824,59.46,0,-89.65,-1,01-Aug-2025,03-Jul-2026,FACE VALUE SPLIT (SUB-DIVISION) - FROM RS 10/- PER SHARE TO RE 1/- PER SHARE,-0.4981733643307824,27-FEB-26,-89.63411469596056,8.224843008117634,-15.877006381744346,https://nsearchives.nseindia.com/today/BANKNIFTY1EQN.svg,https://nsearchives.nseindia.com/30d/BANKNIFTY1-EQ.svg,https://nsearchives.nseindia.com/365d/BANKNIFTY1-EQ.svg,EQ
HDFCPSUBK,HDFC NIFTY PSU BANK ETF,86.3,86.3,83.93,83.93,-0.68,-0.80,276802,23755147.64,84.6981,101.25,67.98,-,-,21.16356286992928,-3.4732604945370857,84.61,0,23.59,-0.76,01-Aug-2025,03-Jul-2026,-,-3.4732604945370857,-,21.16356286992928,17.106172839506165,-23.46278317152104,https://nsearchives.nseindia.com/today/HDFCPSUBKEQN.svg,https://nsearchives.nseindia.com/30d/HDFCPSUBK-EQ.svg,https://nsearchives.nseindia.com/365d/HDFCPSUBK-EQ.svg,EQ
IT,NIFTY IT Index,34.83,35.14,33.75,35,0.85,2.49,685778,23748492.14,34.1323,44.49,28.54,-,-,-8.830424589736912,22.29210342417889,34.15,0,-9.46,12.04,01-Aug-2025,03-Jul-2026,-,22.29210342417889,-,-8.830424589736912,21.330636097999555,-22.634898388227054,https://nsearchives.nseindia.com/today/ITEQN.svg,https://nsearchives.nseindia.com/30d/IT-EQ.svg,https://nsearchives.nseindia.com/365d/IT-EQ.svg,EQ
GROWWDEFNC,Nifty India Defence Index- Total Return Index,93.17,94.67,93.17,93.4,0.24,0.26,250272,23553097.92,93.1591,99.44,71.78,-,-,19.98972250770812,-2.423735896364389,93.16,0,22.23,-2.81,01-Aug-2025,03-Jul-2026,-,-2.423735896364389,-,19.98972250770812,6.074014481094119,-30.11981053218167,https://nsearchives.nseindia.com/today/GROWWDEFNCEQN.svg,https://nsearchives.nseindia.com/30d/GROWWDEFNC-EQ.svg,https://nsearchives.nseindia.com/365d/GROWWDEFNC-EQ.svg,EQ
MAFANG,NYSE FANG+ Total Return Index,191.18,191.18,191.18,191.18,5.44,2.93,121688,23264311.84,161.409,208.38,149.74,-,-,22.945337620578783,2.4379788887102887,185.74,0,18.6,-2.66,01-Aug-2025,03-Jul-2026,-,2.4379788887102887,-,22.945337620578783,8.25415107016028,-27.674636035795377,https://nsearchives.nseindia.com/today/MAFANGEQN.svg,https://nsearchives.nseindia.com/30d/MAFANG-EQ.svg,https://nsearchives.nseindia.com/365d/MAFANG-EQ.svg,EQ
SETFNN50,Nifty Next 50,793,798,793,796,6.73,0.85,28634,22784073.8,789.4264,840,636.01,02-NOV-17, DIVIDEND - RS 7/- PER UNIT,11.554901548595058,3.2291531578264787,789.27,0,12.03,1.69,01-Aug-2025,03-Jul-2026, DIVIDEND - RS 7/- PER UNIT,3.2291531578264787,02-NOV-17,11.554901548595058,5.238095238095238,-25.15526485432619,https://nsearchives.nseindia.com/today/SETFNN50EQN.svg,https://nsearchives.nseindia.com/30d/SETFNN50-EQ.svg,https://nsearchives.nseindia.com/365d/SETFNN50-EQ.svg,EQ
TNIDETF,Nifty India Digital Index,87.16,91.4,87.16,90.65,2.16,2.44,252979,22714984.41,88.8842,103.26,74.5,-,-,-1.3387026556377772,14.28391326273325,88.49,0,-2.06,8.22,01-Aug-2025,03-Jul-2026,-,14.28391326273325,-,-1.3387026556377772,12.21189231067209,-21.677852348993294,https://nsearchives.nseindia.com/today/TNIDETFEQN.svg,https://nsearchives.nseindia.com/30d/TNIDETF-EQ.svg,https://nsearchives.nseindia.com/365d/TNIDETF-EQ.svg,EQ
MOMMIDCAP,BSE Midcap 150 Momentum 30 TRI,12.9,12.9,12.52,12.79,0.14,1.11,1688150,21490149.5,12.6471,12.9,12.21,-,-,Infinity,Infinity,12.65,0,0,0,,,-,Infinity,-,Infinity,0.8527131782945829,-4.750204750204736,https://nsearchives.nseindia.com/today/MOMMIDCAPEQN.svg,,,EQ
GROWWEV,Nifty EV and New Age Automotive Index,32.66,33.32,32.45,33.22,0.56,1.71,637915,21070332.45,32.6967,33.32,26.2,-,-,14.98788508134302,6.816720257234718,32.66,0,13.4,3.81,01-Aug-2025,03-Jul-2026,-,6.816720257234718,-,14.98788508134302,0.30012004801921194,-26.793893129770993,https://nsearchives.nseindia.com/today/GROWWEVEQN.svg,https://nsearchives.nseindia.com/30d/GROWWEV-EQ.svg,https://nsearchives.nseindia.com/365d/GROWWEV-EQ.svg,EQ
ALPL30IETF,Nifty Alpha Low-Volatility 30 Index,28.38,28.65,27.98,28.45,0.07,0.25,721158,20516945.1,28.4156,28.72,24.35,10-MAY-24,FACE VALUE SPLIT (SUB-DIVISION) - FROM RS 10/- PER SHARE TO RE 1/- PER SHARE,4.634056638470018,3.9839181286549703,28.38,0,5.58,3.05,01-Aug-2025,03-Jul-2026,FACE VALUE SPLIT (SUB-DIVISION) - FROM RS 10/- PER SHARE TO RE 1/- PER SHARE,3.9839181286549703,10-MAY-24,4.634056638470018,0.9401114206128119,-16.83778234086241,https://nsearchives.nseindia.com/today/ALPL30IETFEQN.svg,https://nsearchives.nseindia.com/30d/ALPL30IETF-EQ.svg,https://nsearchives.nseindia.com/365d/ALPL30IETF-EQ.svg,EQ
ITETF,Mirae Asset Nifty IT ETF,32.79,33.6,32.66,33.6,1.03,3.16,589716,19507805.28,32.5661,42.02,27.22,-,-,-8.246859639541224,23.07692307692308,32.57,0,-9.75,12,01-Aug-2025,03-Jul-2026,-,23.07692307692308,-,-8.246859639541224,20.038077106139937,-23.438648052902288,https://nsearchives.nseindia.com/today/ITETFEQN.svg,https://nsearchives.nseindia.com/30d/ITETF-EQ.svg,https://nsearchives.nseindia.com/365d/ITETF-EQ.svg,EQ
FINIETF,ICICI Prudential Nifty Financial Services Ex-Bank ETF,34.37,34.37,33.54,33.86,0.32,0.95,556566,18867587.4,33.5309,34.37,27.4,-,-,14.08355795148248,3.5790761700825997,33.54,0,14.51,1.76,01-Aug-2025,03-Jul-2026,-,3.5790761700825997,-,14.08355795148248,1.4838521966831482,-23.57664233576643,https://nsearchives.nseindia.com/today/FINIETFEQN.svg,https://nsearchives.nseindia.com/30d/FINIETF-EQ.svg,https://nsearchives.nseindia.com/365d/FINIETF-EQ.svg,EQ
MID150CASE,Zerodha Nifty Midcap 150 ETF,11.8,11.8,11.6,11.75,0.13,1.12,1524354,17880672.42,11.6401,13,9.63,-,-,10.22514071294559,2.530541012216397,11.62,0,10.35,1.04,01-Aug-2025,03-Jul-2026,-,2.530541012216397,-,10.22514071294559,9.615384615384615,-22.01453790238836,https://nsearchives.nseindia.com/today/MID150CASEEQN.svg,https://nsearchives.nseindia.com/30d/MID150CASE-EQ.svg,https://nsearchives.nseindia.com/365d/MID150CASE-EQ.svg,EQ
EVINDIA,Nifty EV and New Age Automotive Total Return Index,33.65,33.65,32.87,33.19,0.36,1.10,534370,17692990.7,32.8175,33.65,26.2,-,-,14.211975223675152,6.6516709511568015,32.83,0,14.19,4.42,01-Aug-2025,03-Jul-2026,-,6.6516709511568015,-,14.211975223675152,1.367013372956912,-26.679389312977097,https://nsearchives.nseindia.com/today/EVINDIAEQN.svg,https://nsearchives.nseindia.com/30d/EVINDIA-EQ.svg,https://nsearchives.nseindia.com/365d/EVINDIA-EQ.svg,EQ
PSUBNKIETF,ICICI Prudential Nifty PSU Bank ETF,85.14,86.5,84.53,84.55,-0.22,-0.26,201181,17287483.33,84.9325,104,67.86,-,-,21.970571263704567,-3.1278643446379513,84.77,0,23.54,-0.87,01-Aug-2025,03-Jul-2026,-,-3.1278643446379513,-,21.970571263704567,18.70192307692308,-24.59475390509873,https://nsearchives.nseindia.com/today/PSUBNKIETFEQN.svg,https://nsearchives.nseindia.com/30d/PSUBNKIETF-EQ.svg,https://nsearchives.nseindia.com/365d/PSUBNKIETF-EQ.svg,EQ
BFSI,Nifty Financial Services Index,27.78,28.2,27.43,28,0.39,1.41,599668,16724740.52,27.6371,29.94,24.03,-,-,2.0408163265306074,0.6832074793239888,27.61,0,1.1,-1.15,01-Aug-2025,03-Jul-2026,-,0.6832074793239888,-,2.0408163265306074,6.479625918503678,-16.521015397419887,https://nsearchives.nseindia.com/today/BFSIEQN.svg,https://nsearchives.nseindia.com/30d/BFSI-EQ.svg,https://nsearchives.nseindia.com/365d/BFSI-EQ.svg,EQ
SBILIQETF,Nifty 1D Rate Index,1050.19,1050.21,1050.19,1050.21,0.14,0.01,15826,16620465.2,1050.0563,1087.09,984.99,-,-,Infinity,0.4591499985651519,1050.07,0,0,0.38,,03-Jul-2026,-,0.4591499985651519,-,Infinity,3.392543395671001,-6.621387019157558,https://nsearchives.nseindia.com/today/SBILIQETFEQN.svg,https://nsearchives.nseindia.com/30d/SBILIQETF-EQ.svg,,EQ
CHEMICAL,Nifty Chemicals Index (TRI),29.75,30.87,29.75,30.85,0.68,2.25,507603,15517423.71,30.18,31.8,24.5,-,-,Infinity,4.611732790776545,30.17,0,0,0.33,,03-Jul-2026,-,4.611732790776545,-,Infinity,2.9874213836477965,-25.91836734693878,https://nsearchives.nseindia.com/today/CHEMICALEQN.svg,https://nsearchives.nseindia.com/30d/CHEMICAL-EQ.svg,,EQ
BSLGOLDETF,Gold,125.91,125.91,124.36,125,0.34,0.27,121126,15111679.76,124.7067,155.99,85.74,25-NOV-21, FACE VALUE SPLIT (SUB-DIVISION) - FROM RS 10/- PER SHARE TO RE 0.10/- PER SHARE,43.168021990608175,1.8164046591186804,124.66,0,43.55,-2.49,01-Aug-2025,03-Jul-2026, FACE VALUE SPLIT (SUB-DIVISION) - FROM RS 10/- PER SHARE TO RE 0.10/- PER SHARE,1.8164046591186804,25-NOV-21,43.168021990608175,19.866658119110205,-45.78959645439702,https://nsearchives.nseindia.com/today/BSLGOLDETFEQN.svg,https://nsearchives.nseindia.com/30d/BSLGOLDETF-EQ.svg,https://nsearchives.nseindia.com/365d/BSLGOLDETF-EQ.svg,EQ
HDFCGROWTH,HDFC NIFTY Growth Sectors 15 ETF,121.96,124,121.96,122.97,1.16,0.95,119630,14703723.3,122.073,133.3,107.86,-,-,3.3882629897427283,10.973738832235354,121.81,0,3.56,6.9,01-Aug-2025,03-Jul-2026,-,10.973738832235354,-,3.3882629897427283,7.7494373593398445,-14.00890042647877,https://nsearchives.nseindia.com/today/HDFCGROWTHEQN.svg,https://nsearchives.nseindia.com/30d/HDFCGROWTH-EQ.svg,https://nsearchives.nseindia.com/365d/HDFCGROWTH-EQ.svg,EQ
GROWWPOWER,BSE Power Index - TRI,11.69,11.69,11.52,11.6,0.04,0.35,1228437,14274437.94,11.5466,13.2,7.75,-,-,Infinity,-4.918032786885243,11.56,0,0,-2.28,,03-Jul-2026,-,-4.918032786885243,-,Infinity,12.12121212121212,-49.677419354838705,https://nsearchives.nseindia.com/today/GROWWPOWEREQN.svg,https://nsearchives.nseindia.com/30d/GROWWPOWER-EQ.svg,,EQ
HDFCLIQUID,HDFC Nifty 1D Rate Liquid ETF,1072.06,1072.08,1072.06,1072.06,0.12,0.01,13186,14136183.16,,1073.55,1009.91,28-FEB-25,CHANGE IN FUNDAMENTAL ATTRIBUTE OF HDFC NIFTY 1D RATE LIQUID ETF,4.951638798605937,0.4441029869205121,1071.94,0,4.9,0.38,01-Aug-2025,03-Jul-2026,CHANGE IN FUNDAMENTAL ATTRIBUTE OF HDFC NIFTY 1D RATE LIQUID ETF,0.4441029869205121,28-FEB-25,4.951638798605937,0.1387918587862707,-6.154013723995206,https://nsearchives.nseindia.com/today/HDFCLIQUIDEQN.svg,https://nsearchives.nseindia.com/30d/HDFCLIQUID-EQ.svg,https://nsearchives.nseindia.com/365d/HDFCLIQUID-EQ.svg,EQ
MOSILVER,Domestic Price of Physical Silver,213.68,215.39,213.14,213.41,-0.28,-0.13,63254,13552169.5,213.9902,385,112.32,-,-,Infinity,-2.4277615215801034,213.69,0,0,-6.46,,03-Jul-2026,-,-2.4277615215801034,-,Infinity,44.56883116883117,-90.00178062678063,https://nsearchives.nseindia.com/today/MOSILVEREQN.svg,https://nsearchives.nseindia.com/30d/MOSILVER-EQ.svg,,EQ
GILT5YBEES,Nifty 5 yr Benchmark G-Sec Index,67.15,67.15,65.89,66.16,-0.01,-0.02,204377,13519538.55,66.0526,67.84,61.45,-,-,5.56885272059996,0.45551169146674336,66.17,0,5.53,0.2,01-Aug-2025,03-Jul-2026,-,0.45551169146674336,-,5.56885272059996,2.4764150943396324,-7.664768104149704,https://nsearchives.nseindia.com/today/GILT5YBEESEQN.svg,https://nsearchives.nseindia.com/30d/GILT5YBEES-EQ.svg,https://nsearchives.nseindia.com/365d/GILT5YBEES-EQ.svg,EQ
EQUAL50ADD,NIFTY 50 Equal Weight Index,349.73,354.33,349.52,352,3.49,1.00,38349,13478523.03,348.478,361,304.78,-,-,9.514031485284045,3.7032672421412345,348.51,0,9.61,1.51,01-Aug-2025,03-Jul-2026,-,3.7032672421412345,-,9.514031485284045,2.4930747922437675,-15.493142594658453,https://nsearchives.nseindia.com/today/EQUAL50ADDEQN.svg,https://nsearchives.nseindia.com/30d/EQUAL50ADD-EQ.svg,https://nsearchives.nseindia.com/365d/EQUAL50ADD-EQ.svg,EQ
GROWWGOLD,Commodity,13.85,13.91,13.8,13.83,-0.02,-0.14,970075,13454940.25,13.8619,18,9.61,06-FEB-26,FACE VALUE SPLIT (SUB-DIVISION) - FROM RS 10/- PER UNIT TO RE 1/- PER UNIT,-85.75108180506902,1.392961876832841,13.85,0,-85.7,-2.53,01-Aug-2025,03-Jul-2026,FACE VALUE SPLIT (SUB-DIVISION) - FROM RS 10/- PER UNIT TO RE 1/- PER UNIT,1.392961876832841,06-FEB-26,-85.75108180506902,23.166666666666668,-43.91259105098856,https://nsearchives.nseindia.com/today/GROWWGOLDEQN.svg,https://nsearchives.nseindia.com/30d/GROWWGOLD-EQ.svg,https://nsearchives.nseindia.com/365d/GROWWGOLD-EQ.svg,EQ
GROWWNIFTY,Nifty 50 Index - TRI,9.85,10,9.71,9.92,0.07,0.71,1349589,13414914.66,9.852,11.88,8.93,-,-,-0.2012072434607603,2.162718846549939,9.85,0,0,0.41,01-Aug-2025,03-Jul-2026,-,2.162718846549939,-,-0.2012072434607603,16.498316498316505,-11.086226203807394,https://nsearchives.nseindia.com/today/GROWWNIFTYEQN.svg,https://nsearchives.nseindia.com/30d/GROWWNIFTY-EQ.svg,https://nsearchives.nseindia.com/365d/GROWWNIFTY-EQ.svg,EQ
EBBETF0433,BHARAT Bond ETF-April 2033,1318.86,1320,1312.7,1319.99,3.03,0.23,10158,13383672.9,1314.9764,1345.89,1242.87,-,-,5.56879618669824,0.5094037919744198,1316.96,0,5.33,-0.22,01-Aug-2025,03-Jul-2026,-,0.5094037919744198,-,5.56879618669824,1.9243771779268803,-6.204993281678705,https://nsearchives.nseindia.com/today/EBBETF0433EQN.svg,https://nsearchives.nseindia.com/30d/EBBETF0433-EQ.svg,https://nsearchives.nseindia.com/365d/EBBETF0433-EQ.svg,EQ
LOWVOL1,Kotak Nifty 100 Low Vol 30 ETF,21.53,21.98,21.53,21.98,0.31,1.43,603966,13178538.12,21.6421,22.9,18.77,-,-,5.369127516778528,5.72390572390573,21.67,0,4.99,2.31,01-Aug-2025,03-Jul-2026,-,5.72390572390573,-,5.369127516778528,4.017467248908289,-17.10175812466703,https://nsearchives.nseindia.com/today/LOWVOL1EQN.svg,https://nsearchives.nseindia.com/30d/LOWVOL1-EQ.svg,https://nsearchives.nseindia.com/365d/LOWVOL1-EQ.svg,EQ
EMULTIMQ,Nifty500 Multicap Momentum Quality 50 Total Return Index,41.17,41.88,40.23,40.8,-0.27,-0.66,319038,13061415.72,40.9623,43.54,36.25,-,-,-1.0669253152279456,-2.2520364159080133,41.07,0,0,-0.85,01-Aug-2025,03-Jul-2026,-,-2.2520364159080133,-,-1.0669253152279456,6.293063849333951,-12.551724137931027,https://nsearchives.nseindia.com/today/EMULTIMQEQN.svg,https://nsearchives.nseindia.com/30d/EMULTIMQ-EQ.svg,https://nsearchives.nseindia.com/365d/EMULTIMQ-EQ.svg,EQ
HDFCBSE500,HDFC S&P BSE 500 ETF,37.86,38.4,37.83,38.32,0.52,1.38,340883,13001277.62,37.6741,40,32.65,-,-,4.442627418915243,2.955400322407312,37.8,0,4.33,0.67,01-Aug-2025,03-Jul-2026,-,2.955400322407312,-,4.442627418915243,4.199999999999999,-17.366003062787144,https://nsearchives.nseindia.com/today/HDFCBSE500EQN.svg,https://nsearchives.nseindia.com/30d/HDFCBSE500-EQ.svg,https://nsearchives.nseindia.com/365d/HDFCBSE500-EQ.svg,EQ
MOVALUE,Motilal Oswal S&P BSE Enhanced Value ETF,115,115.75,114.01,115.39,1.06,0.93,110633,12752665.91,114.473,128.77,98.1,-,-,13.63994484932046,0.7420988301030158,114.33,0,14.61,-0.15,01-Aug-2025,03-Jul-2026,-,0.7420988301030158,-,13.63994484932046,10.39061893298129,-17.62487257900103,https://nsearchives.nseindia.com/today/MOVALUEEQN.svg,https://nsearchives.nseindia.com/30d/MOVALUE-EQ.svg,https://nsearchives.nseindia.com/365d/MOVALUE-EQ.svg,EQ
SMALL250,Nifty Smallcap 250,18.04,18.5,18.02,18.24,0.27,1.50,678931,12376912.13,17.9682,19.95,14.16,-,-,Infinity,2.2994952327537868,17.97,0,0,-0.22,,03-Jul-2026,-,2.2994952327537868,-,Infinity,8.571428571428577,-28.813559322033885,https://nsearchives.nseindia.com/today/SMALL250EQN.svg,https://nsearchives.nseindia.com/30d/SMALL250-EQ.svg,,EQ
EVIETF,Nifty EV & New Age Automotive ETF,32.88,33.27,32.81,33.27,0.48,1.46,365917,12122830.21,32.7722,33.75,26.28,-,-,14.408528198074295,6.874397687118548,32.79,0,13.85,4.16,01-Aug-2025,03-Jul-2026,-,6.874397687118548,-,14.408528198074295,1.422222222222213,-26.598173515981742,https://nsearchives.nseindia.com/today/EVIETFEQN.svg,https://nsearchives.nseindia.com/30d/EVIETF-EQ.svg,https://nsearchives.nseindia.com/365d/EVIETF-EQ.svg,EQ
BANKETF,Mirae Asset Nifty Bank ETF,586.03,594.3,585.08,594.3,11.33,1.94,20372,11984643.88,583.4601,628.27,507.01,-,-,4.833303933674365,0.546466577562709,582.97,0,3.37,-1.3,01-Aug-2025,03-Jul-2026,-,0.546466577562709,-,4.833303933674365,5.406911041431236,-17.216622946292965,https://nsearchives.nseindia.com/today/BANKETFEQN.svg,https://nsearchives.nseindia.com/30d/BANKETF-EQ.svg,https://nsearchives.nseindia.com/365d/BANKETF-EQ.svg,EQ
ENERGY,Nifty Energy,38.96,39.17,38.53,39.1,0.25,0.64,291666,11380807.32,38.936,42.82,29,-,-,Infinity,-2.103154732098138,38.85,0,0,-1.4,,03-Jul-2026,-,-2.103154732098138,-,Infinity,8.687529191966368,-34.827586206896555,https://nsearchives.nseindia.com/today/ENERGYEQN.svg,https://nsearchives.nseindia.com/30d/ENERGY-EQ.svg,,EQ
MIDCAP,Nifty Midcap 50 Index,18.01,18.98,18.01,18.65,0.17,0.92,602905,11238149.2,18.501,19,15.01,27-FEB-26,FACE VALUE SPLIT (SUB-DIVISION) - FROM RS 10/- PER SHARE TO RE 1/- PER SHARE,-88.70313162517415,3.152654867256639,18.48,0,-88.67,1.99,01-Aug-2025,03-Jul-2026,FACE VALUE SPLIT (SUB-DIVISION) - FROM RS 10/- PER SHARE TO RE 1/- PER SHARE,3.152654867256639,27-FEB-26,-88.70313162517415,1.8421052631579022,-24.250499666888732,https://nsearchives.nseindia.com/today/MIDCAPEQN.svg,https://nsearchives.nseindia.com/30d/MIDCAP-EQ.svg,https://nsearchives.nseindia.com/365d/MIDCAP-EQ.svg,EQ
TOP10ADD,Nifty Top 10 Equal Weight Index,89.13,89.69,89,89.66,1.34,1.52,124240,11120722.4,88.4314,103.04,83.05,-,-,-6.418954180148216,3.2949308755760365,88.32,0,-7.3,0.36,01-Aug-2025,03-Jul-2026,-,3.2949308755760365,-,-6.418954180148216,12.985248447204977,-7.959060806742926,https://nsearchives.nseindia.com/today/TOP10ADDEQN.svg,https://nsearchives.nseindia.com/30d/TOP10ADD-EQ.svg,https://nsearchives.nseindia.com/365d/TOP10ADD-EQ.svg,EQ
ALPHAETF,Mirae Asset Nifty 200 Alpha 30 ETF,26.44,26.44,26.23,26.39,0.21,0.80,416257,10968371.95,26.1815,27,21.8,-,-,5.729166666666665,0.5716463414634227,26.18,0,6.51,0.65,01-Aug-2025,03-Jul-2026,-,0.5716463414634227,-,5.729166666666665,2.2592592592592573,-21.05504587155963,https://nsearchives.nseindia.com/today/ALPHAETFEQN.svg,https://nsearchives.nseindia.com/30d/ALPHAETF-EQ.svg,https://nsearchives.nseindia.com/365d/ALPHAETF-EQ.svg,EQ
HDFCMID150,HDFC NIFTY Midcap 150 ETF,24,24,23.43,23.6,0.22,0.94,458400,10841160,23.4314,24,19.42,20-OCT-23,FACE VALUE SPLIT (SUB-DIVISION) - FROM RS 115.95/- PER SHARE TO RS 11.59/- PER SHARE,9.309865678554894,2.4305555555555656,23.38,0,9.71,0.86,01-Aug-2025,03-Jul-2026,FACE VALUE SPLIT (SUB-DIVISION) - FROM RS 115.95/- PER SHARE TO RS 11.59/- PER SHARE,2.4305555555555656,20-OCT-23,9.309865678554894,1.6666666666666607,-21.52420185375901,https://nsearchives.nseindia.com/today/HDFCMID150EQN.svg,https://nsearchives.nseindia.com/30d/HDFCMID150-EQ.svg,https://nsearchives.nseindia.com/365d/HDFCMID150-EQ.svg,EQ
MOMOMENTUM,Nifty 200 Momentum 30 Total Return Index,62,62.9,61.87,61.87,-0.03,-0.05,168761,10493558.98,61.9002,66.28,54.32,11-AUG-22,FACE VALUE SPLIT (SUB-DIVISION) - FROM RS 10/- PER UNIT TO RS 2/- PER UNIT,0.9792720744246683,-0.976312419974391,61.9,0,1.88,0.16,01-Aug-2025,03-Jul-2026,FACE VALUE SPLIT (SUB-DIVISION) - FROM RS 10/- PER UNIT TO RS 2/- PER UNIT,-0.976312419974391,11-AUG-22,0.9792720744246683,6.653590826795418,-13.89911634756995,https://nsearchives.nseindia.com/today/MOMOMENTUMEQN.svg,https://nsearchives.nseindia.com/30d/MOMOMENTUM-EQ.svg,https://nsearchives.nseindia.com/365d/MOMOMENTUM-EQ.svg,EQ
HDFCPVTBAN,HDFC NIFTY Private Bank ETF,28.34,28.5,28.1,28.45,0.36,1.28,365678,10348687.4,28.0327,30.17,24.31,02-FEB-24,FACE VALUE SPLIT (SUB-DIVISION) - FROM RS 216.75/- PER SHARE TO RS 21.675/- PER SHARE,3.4169392948018817,-0.9056078021595317,28.09,0,2.93,-2.5,01-Aug-2025,03-Jul-2026,FACE VALUE SPLIT (SUB-DIVISION) - FROM RS 216.75/- PER SHARE TO RS 21.675/- PER SHARE,-0.9056078021595317,02-FEB-24,3.4169392948018817,5.701027510772297,-17.03002879473468,https://nsearchives.nseindia.com/today/HDFCPVTBANEQN.svg,https://nsearchives.nseindia.com/30d/HDFCPVTBAN-EQ.svg,https://nsearchives.nseindia.com/365d/HDFCPVTBAN-EQ.svg,EQ
DEFENCE,BSE India Defence,80.7,80.7,78.7,79.11,0.76,0.97,129174,10213788.18,78.2754,82.32,58.91,-,-,Infinity,-0.7527286413247953,78.35,0,0,-2.23,,03-Jul-2026,-,-0.7527286413247953,-,Infinity,3.899416909620984,-34.28959429638432,https://nsearchives.nseindia.com/today/DEFENCEEQN.svg,https://nsearchives.nseindia.com/30d/DEFENCE-EQ.svg,,EQ
MOMIDMTM,Nifty Midcap 150 Momentum 50 Total Return Index,64.19,64.25,63.65,64,0.03,0.05,157640,10088960,63.7039,70,54.78,-,-,2.5148165945859366,0.0625390869293295,63.97,0,3.9,0.87,01-Aug-2025,03-Jul-2026,-,0.0625390869293295,-,2.5148165945859366,8.571428571428571,-16.83096020445418,https://nsearchives.nseindia.com/today/MOMIDMTMEQN.svg,https://nsearchives.nseindia.com/30d/MOMIDMTM-EQ.svg,https://nsearchives.nseindia.com/365d/MOMIDMTM-EQ.svg,EQ
NIFTYCASE,Nifty Index 50 Index,9.6,9.89,9.6,9.86,0.08,0.82,1008040,9919113.6,9.7853,11.4,8.84,-,-,Infinity,2.7083333333333313,9.78,0,0,0.62,,03-Jul-2026,-,2.7083333333333313,-,Infinity,13.508771929824569,-11.538461538461533,https://nsearchives.nseindia.com/today/NIFTYCASEEQN.svg,https://nsearchives.nseindia.com/30d/NIFTYCASE-EQ.svg,,EQ
NIFTYBETA,Nifty 50,270.3,273,270,272.09,1.79,0.66,35738,9729313.12,270.2989,297.48,244.9,25-SEP-23,FACE VALUE SPLIT (SUB-DIVISION) - FROM RS 10/- PER SHARE TO RE 1/- PER SHARE,Infinity,2.4589546618466533,270.3,0,0,0.5,,03-Jul-2026,FACE VALUE SPLIT (SUB-DIVISION) - FROM RS 10/- PER SHARE TO RE 1/- PER SHARE,2.4589546618466533,25-SEP-23,Infinity,8.535027564878327,-11.102490812576548,https://nsearchives.nseindia.com/today/NIFTYBETAEQN.svg,https://nsearchives.nseindia.com/30d/NIFTYBETA-EQ.svg,,EQ
SBIETFPB,Nifty Private Bank Index,285.48,285.48,281.92,283,2.57,0.92,33884,9598659.52,280.9885,304.58,244.18,-,-,2.6143079879618476,-1.821335646140503,280.43,0,2.2,-2.76,01-Aug-2025,03-Jul-2026,-,-1.821335646140503,-,2.6143079879618476,7.085166458730049,-15.898107953149312,https://nsearchives.nseindia.com/today/SBIETFPBEQN.svg,https://nsearchives.nseindia.com/30d/SBIETFPB-EQ.svg,https://nsearchives.nseindia.com/365d/SBIETFPB-EQ.svg,EQ
IVZINGOLD,Gold,124,124.2,122.65,123.5,0.15,0.12,77619,9573527.46,123.2967,156,85.33,30-APR-26,FACE VALUE SPLIT (SUB-DIVISION) - FROM RS 100/- PER SHARE TO RE 1/- PER SHARE,-98.56737679150402,1.8976897689768952,123.35,0,-98.56,-2.8,01-Aug-2025,03-Jul-2026,FACE VALUE SPLIT (SUB-DIVISION) - FROM RS 100/- PER SHARE TO RE 1/- PER SHARE,1.8976897689768952,30-APR-26,-98.56737679150402,20.833333333333332,-44.732216102191494,https://nsearchives.nseindia.com/today/IVZINGOLDEQN.svg,https://nsearchives.nseindia.com/30d/IVZINGOLD-EQ.svg,https://nsearchives.nseindia.com/365d/IVZINGOLD-EQ.svg,EQ
HEALTHY,Nifty Healthcare TRI,17.51,17.51,17.09,17.2,0,0.00,552949,9516252.29,17.2453,17.55,13.58,-,-,12.712975098296196,4.1162227602905554,17.2,0,15.59,1.65,01-Aug-2025,03-Jul-2026,-,4.1162227602905554,-,12.712975098296196,1.9943019943020024,-26.656848306332837,https://nsearchives.nseindia.com/today/HEALTHYEQN.svg,https://nsearchives.nseindia.com/30d/HEALTHY-EQ.svg,https://nsearchives.nseindia.com/365d/HEALTHY-EQ.svg,EQ
LTGILTCASE,Nifty 8-13 Yr G-Sec Index,30.1,31.11,30.1,30.45,-0.05,-0.16,306248,9313001.68,30.4513,31.17,28.71,-,-,Infinity,-0.0328299409061115,30.5,0,0,0,,03-Jul-2026,-,-0.0328299409061115,-,Infinity,2.309913378248323,-6.060606060606054,https://nsearchives.nseindia.com/today/LTGILTCASEEQN.svg,https://nsearchives.nseindia.com/30d/LTGILTCASE-EQ.svg,,EQ
MAKEINDIA,Nifty India Manufacturing Total Return Index,166.7,168.29,166.66,167.86,1.6,0.96,54293,9081047.18,166.141,168.29,138.33,-,-,16.537073035267998,3.8801906058543287,166.26,0,16.94,2.38,01-Aug-2025,03-Jul-2026,-,3.8801906058543287,-,16.537073035267998,0.25551131974566427,-21.347502349454203,https://nsearchives.nseindia.com/today/MAKEINDIAEQN.svg,https://nsearchives.nseindia.com/30d/MAKEINDIA-EQ.svg,https://nsearchives.nseindia.com/365d/MAKEINDIA-EQ.svg,EQ
GROWWNET,Index,10,10.35,10,10.35,0.31,3.09,844267,8653736.75,10.0382,11.4,7.93,-,-,0,8.037578288100205,10.04,0,-2.62,4.15,01-Aug-2025,03-Jul-2026,-,8.037578288100205,-,0,9.21052631578948,-30.517023959646913,https://nsearchives.nseindia.com/today/GROWWNETEQN.svg,https://nsearchives.nseindia.com/30d/GROWWNET-EQ.svg,https://nsearchives.nseindia.com/365d/GROWWNET-EQ.svg,EQ
NIFTYADD,Nifty 50 Index,259.19,260,257.27,260,3.38,1.32,33314,8622995.76,256.8458,300,232.64,-,-,Infinity,3.0315038636813973,256.62,0,0,0.64,,03-Jul-2026,-,3.0315038636813973,-,Infinity,13.333333333333334,-11.760660247592854,https://nsearchives.nseindia.com/today/NIFTYADDEQN.svg,https://nsearchives.nseindia.com/30d/NIFTYADD-EQ.svg,,EQ
HDFCNIFBAN,Nifty Bank,59.13,59.55,58.63,59.4,0.49,0.83,142086,8428541.52,58.9514,65.54,51.2,02-FEB-24,FACE VALUE SPLIT (SUB-DIVISION) - FROM RS 223.31/- PER SHARE TO RS 22.331/- PER SHARE,3.6106750392464684,-0.6855040963049719,58.91,0,3.39,-1.36,01-Aug-2025,03-Jul-2026,FACE VALUE SPLIT (SUB-DIVISION) - FROM RS 223.31/- PER SHARE TO RS 22.331/- PER SHARE,-0.6855040963049719,02-FEB-24,3.6106750392464684,9.368324687213926,-16.01562499999999,https://nsearchives.nseindia.com/today/HDFCNIFBANEQN.svg,https://nsearchives.nseindia.com/30d/HDFCNIFBAN-EQ.svg,https://nsearchives.nseindia.com/365d/HDFCNIFBAN-EQ.svg,EQ
INFRABEES,Nifty Infra,975.66,980.88,965.2,971,-0.97,-0.10,8431,8228993.24,973.4064,1018.3,871.35,-,-,3.5600776433949783,-0.5021006250640412,971.97,0,4.92,-0.78,01-Aug-2025,03-Jul-2026,-,-0.5021006250640412,-,3.5600776433949783,4.644996562898945,-11.43627704137258,https://nsearchives.nseindia.com/today/INFRABEESEQN.svg,https://nsearchives.nseindia.com/30d/INFRABEES-EQ.svg,https://nsearchives.nseindia.com/365d/INFRABEES-EQ.svg,EQ
NV20IETF,Nifty50 Value 20,13.5,13.94,13,13.9,0.12,0.87,574609,7975572.92,13.7439,16,12.5,01-MAR-24,FACE VALUE SPLIT (SUB-DIVISION) - FROM RS 10/- PER SHARE TO RE 1/- PER SHARE,-2.2503516174402267,1.8315018315018314,13.78,0,-2.13,-0.22,01-Aug-2025,03-Jul-2026,FACE VALUE SPLIT (SUB-DIVISION) - FROM RS 10/- PER SHARE TO RE 1/- PER SHARE,1.8315018315018314,01-MAR-24,-2.2503516174402267,13.124999999999998,-11.200000000000003,https://nsearchives.nseindia.com/today/NV20IETFEQN.svg,https://nsearchives.nseindia.com/30d/NV20IETF-EQ.svg,https://nsearchives.nseindia.com/365d/NV20IETF-EQ.svg,EQ
HDFCNIMEG,Nifty Metal Index TRI,130.42,132,128.04,131.79,4.55,3.58,61917,7963145.37,127.1323,132,126.96,-,-,Infinity,Infinity,127.24,0,0,0,,,-,Infinity,-,Infinity,0.1590909090909151,-3.804347826086955,https://nsearchives.nseindia.com/today/HDFCNIMEGEQN.svg,,,EQ
TOP100CASE,Zerodha Nifty 100 ETF,10.83,10.83,10.68,10.75,0.07,0.66,719530,7756533.4,10.7047,11.57,9.48,-,-,1.5108593012275746,2.2835394862036176,10.68,0,1.91,0.66,01-Aug-2025,03-Jul-2026,-,2.2835394862036176,-,1.5108593012275746,7.087294727744168,-13.396624472573835,https://nsearchives.nseindia.com/today/TOP100CASEEQN.svg,https://nsearchives.nseindia.com/30d/TOP100CASE-EQ.svg,https://nsearchives.nseindia.com/365d/TOP100CASE-EQ.svg,EQ
AONEGOLD,Domestic price of Gold,13.26,13.37,13.21,13.28,0.02,0.15,557416,7396910.32,13.2514,17.73,10,-,-,Infinity,1.6845329249617065,13.26,0,0,-2.21,,03-Jul-2026,-,1.6845329249617065,-,Infinity,25.098702763677387,-32.8,https://nsearchives.nseindia.com/today/AONEGOLDEQN.svg,https://nsearchives.nseindia.com/30d/AONEGOLD-EQ.svg,,EQ
MIDSELIETF,S&P BSE Midcap Select Index,19.6,19.8,19.59,19.63,0.03,0.15,363403,7173575.22,19.5864,20,14.55,10-MAY-24,FACE VALUE SPLIT (SUB-DIVISION) - FROM RS 10/- PER SHARE TO RE 1/- PER SHARE,13.468208092485538,3.3701948393891556,19.6,0,14.15,2.51,01-Aug-2025,03-Jul-2026,FACE VALUE SPLIT (SUB-DIVISION) - FROM RS 10/- PER SHARE TO RE 1/- PER SHARE,3.3701948393891556,10-MAY-24,13.468208092485538,1.850000000000005,-34.91408934707903,https://nsearchives.nseindia.com/today/MIDSELIETFEQN.svg,https://nsearchives.nseindia.com/30d/MIDSELIETF-EQ.svg,https://nsearchives.nseindia.com/365d/MIDSELIETF-EQ.svg,EQ
MNC,Kotak Nifty MNC ETF,34.24,34.44,34.1,34.42,0.38,1.12,202047,6934253.04,34.0368,35.54,27.83,-,-,17.47440273037543,1.8343195266272325,34.04,0,16.58,0.71,01-Aug-2025,03-Jul-2026,-,1.8343195266272325,-,17.47440273037543,3.1513787281935777,-23.67948257276322,https://nsearchives.nseindia.com/today/MNCEQN.svg,https://nsearchives.nseindia.com/30d/MNC-EQ.svg,https://nsearchives.nseindia.com/365d/MNC-EQ.svg,EQ
DIVOPPBEES,Nifty Dividend Opportunities 50 TRI,79.11,79.44,78.28,79.2,0.86,1.10,86558,6860587.08,78.4834,87.09,72.13,-,-,3.570027461749711,4.831237590999346,78.34,0,3.26,2.1,01-Aug-2025,03-Jul-2026,-,4.831237590999346,-,3.570027461749711,9.05959352394075,-9.80174684597256,https://nsearchives.nseindia.com/today/DIVOPPBEESEQN.svg,https://nsearchives.nseindia.com/30d/DIVOPPBEES-EQ.svg,https://nsearchives.nseindia.com/365d/DIVOPPBEES-EQ.svg,EQ
MONQ50,Nasdaq Q-50 Total Return Index,140.56,140.56,140.56,140.56,3,2.18,48243,6781036.08,117.0168,147.24,77.37,-,-,77.05000629802242,-3.082120940495069,137.56,0,73.34,-6.48,01-Aug-2025,03-Jul-2026,-,-3.082120940495069,-,77.05000629802242,4.536810649280091,-81.67248287449915,https://nsearchives.nseindia.com/today/MONQ50EQN.svg,https://nsearchives.nseindia.com/30d/MONQ50-EQ.svg,https://nsearchives.nseindia.com/365d/MONQ50-EQ.svg,EQ
ABSLLIQUID,Aditya Birla Sun Life CRISIL Overnight Fund AI ETF,1000.01,1000.01,999.99,1000,0,0.00,6730,6730000,1000,1044.99,999.56,-,-,-0.0009999900000990894,0,1000,0,0,0,01-Aug-2025,03-Jul-2026,-,0,-,-0.0009999900000990894,4.3053043569794935,-0.04401936852215521,https://nsearchives.nseindia.com/today/ABSLLIQUIDEQN.svg,https://nsearchives.nseindia.com/30d/ABSLLIQUID-EQ.svg,https://nsearchives.nseindia.com/365d/ABSLLIQUID-EQ.svg,EQ
GROWWCAPM,Nifty Capital Markets Index,11.27,11.31,11.07,11.17,-0.05,-0.45,601299,6704483.85,11.1957,12.66,8.02,-,-,Infinity,-4.611443210930836,11.22,0,0,-4.18,,03-Jul-2026,-,-4.611443210930836,-,Infinity,11.769352290679308,-39.27680798004988,https://nsearchives.nseindia.com/today/GROWWCAPMEQN.svg,https://nsearchives.nseindia.com/30d/GROWWCAPM-EQ.svg,,EQ
SBIETFIT,Nifty IT Index,340.51,352,336,349.7,9.19,2.70,19113,6646928.01,340.7593,439.27,285,-,-,-9.18534292466305,22.456840704555802,340.51,0,-9.98,12.02,01-Aug-2025,03-Jul-2026,-,22.456840704555802,-,-9.18534292466305,20.390648120745784,-22.701754385964907,https://nsearchives.nseindia.com/today/SBIETFITEQN.svg,https://nsearchives.nseindia.com/30d/SBIETFIT-EQ.svg,https://nsearchives.nseindia.com/365d/SBIETFIT-EQ.svg,EQ
GROWWMETAL,Nifty Metal Index,12.14,12.4,12.14,12.25,0.11,0.91,540113,6610983.12,12.1257,13.45,10.03,-,-,Infinity,3.6379018612521126,12.14,0,0,1.17,,03-Jul-2026,-,3.6379018612521126,-,Infinity,8.921933085501854,-22.13359920239283,https://nsearchives.nseindia.com/today/GROWWMETALEQN.svg,https://nsearchives.nseindia.com/30d/GROWWMETAL-EQ.svg,,EQ
HDFCNIFIT,HDFC NIFTY IT ETF,32.86,33.73,32.86,33.1,0.24,0.73,196822,6567950.14,32.8365,42.3,27.32,02-FEB-24,FACE VALUE SPLIT (SUB-DIVISION) - FROM RS 299.92/- PER SHARE TO RS 29.992/- PER SHARE,-10.540540540540537,20.232473665092627,32.86,0,-9.73,12.38,01-Aug-2025,03-Jul-2026,FACE VALUE SPLIT (SUB-DIVISION) - FROM RS 299.92/- PER SHARE TO RS 29.992/- PER SHARE,20.232473665092627,02-FEB-24,-10.540540540540537,21.749408983451527,-21.156661786237194,https://nsearchives.nseindia.com/today/HDFCNIFITEQN.svg,https://nsearchives.nseindia.com/30d/HDFCNIFIT-EQ.svg,https://nsearchives.nseindia.com/365d/HDFCNIFIT-EQ.svg,EQ
MID150,Nifty Midcap 150 Index,23.6,23.78,23.58,23.78,0.31,1.32,273011,6451249.93,,24.95,18.97,-,-,9.585253456221206,2.4117140396210264,23.47,0,9.01,1.16,01-Aug-2025,03-Jul-2026,-,2.4117140396210264,-,9.585253456221206,4.689378757515023,-25.35582498682131,https://nsearchives.nseindia.com/today/MID150EQN.svg,https://nsearchives.nseindia.com/30d/MID150-EQ.svg,https://nsearchives.nseindia.com/365d/MID150-EQ.svg,EQ
COMMOIETF,ICICI Prudential Nifty Commodities ETF,99.62,101.7,99.62,101.7,1.07,1.06,62270,6304837.5,100.4622,110.56,86.79,-,-,15.006219608730063,2.2110552763819125,100.63,0,15.23,-0.08,01-Aug-2025,03-Jul-2026,-,2.2110552763819125,-,15.006219608730063,8.013748191027496,-17.179398548219833,https://nsearchives.nseindia.com/today/COMMOIETFEQN.svg,https://nsearchives.nseindia.com/30d/COMMOIETF-EQ.svg,https://nsearchives.nseindia.com/365d/COMMOIETF-EQ.svg,EQ
MAHKTECH,Hang Seng TECH Total Return Index,23.6,23.6,23.6,23.6,-0.09,-0.38,252187,5951613.2,19.7276,35.59,21,-,-,0.042390843577793824,10.590440487347712,23.69,0,3.54,8.92,01-Aug-2025,03-Jul-2026,-,10.590440487347712,-,0.042390843577793824,33.68923855015454,-12.380952380952387,https://nsearchives.nseindia.com/today/MAHKTECHEQN.svg,https://nsearchives.nseindia.com/30d/MAHKTECH-EQ.svg,https://nsearchives.nseindia.com/365d/MAHKTECH-EQ.svg,EQ
CHOICEGOLD,Gold,141.1,142.99,139.05,140.54,-0.56,-0.40,41553,5855648.76,140.8063,175.49,115.79,-,-,Infinity,1.6123201503868048,141.1,0,0,-2.41,,03-Jul-2026,-,1.6123201503868048,-,Infinity,19.91566471023991,-21.374902841350707,https://nsearchives.nseindia.com/today/CHOICEGOLDEQN.svg,https://nsearchives.nseindia.com/30d/CHOICEGOLD-EQ.svg,,EQ
SBIBPB,BSE PSU Bank Index TRI,48.68,49.41,48.21,49.33,1.25,2.60,111890,5489323.4,48.4648,58.27,38.53,-,-,23.5411970949161,-0.7244918494666924,48.08,0,21.75,-1.25,01-Aug-2025,03-Jul-2026,-,-0.7244918494666924,-,23.5411970949161,15.342371717865118,-28.030106410589145,https://nsearchives.nseindia.com/today/SBIBPBEQN.svg,https://nsearchives.nseindia.com/30d/SBIBPB-EQ.svg,https://nsearchives.nseindia.com/365d/SBIBPB-EQ.svg,EQ
AONETOTAL,Nifty Total Market Index,11.94,12.1,11.91,12.01,0.07,0.59,444230,5352971.5,11.9682,12.51,9.6,-,-,3.3562822719449277,2.0390824129141905,11.94,0,3.83,0.67,01-Aug-2025,03-Jul-2026,-,2.0390824129141905,-,3.3562822719449277,3.9968025579536373,-25.104166666666668,https://nsearchives.nseindia.com/today/AONETOTALEQN.svg,https://nsearchives.nseindia.com/30d/AONETOTAL-EQ.svg,https://nsearchives.nseindia.com/365d/AONETOTAL-EQ.svg,EQ
PSUBANKADD,DSP Nifty PSU Bank ETF,84.45,86.22,84.45,85.8,1.34,1.59,61957,5315291.03,84.6493,99.88,67.2,-,-,24.47410416364426,-1.2430939226519317,84.46,0,23.66,-0.85,01-Aug-2025,03-Jul-2026,-,-1.2430939226519317,-,24.47410416364426,14.096916299559469,-27.67857142857142,https://nsearchives.nseindia.com/today/PSUBANKADDEQN.svg,https://nsearchives.nseindia.com/30d/PSUBANKADD-EQ.svg,https://nsearchives.nseindia.com/365d/PSUBANKADD-EQ.svg,EQ
SHARIABEES,Shariah,475.25,478.28,470,475.75,5.21,1.11,10908,5172900.84,470.337,534.61,433.68,10-MAR-14,DIVIDEND-RS.2 PER UNIT,-3.581127639738968,7.596797539352264,470.54,0,-3.34,3.6,01-Aug-2025,03-Jul-2026,DIVIDEND-RS.2 PER UNIT,7.596797539352264,10-MAR-14,-3.581127639738968,11.009895063691292,-9.700700977679393,https://nsearchives.nseindia.com/today/SHARIABEESEQN.svg,https://nsearchives.nseindia.com/30d/SHARIABEES-EQ.svg,https://nsearchives.nseindia.com/365d/SHARIABEES-EQ.svg,EQ
CONSUMER,Nifty India New AgeConsumption,12.11,12.25,12.1,12.24,0.16,1.32,421073,5120247.68,12.0626,12.87,9.69,-,-,5.245055889939805,5.608283002588441,12.08,0,4.95,3.34,01-Aug-2025,03-Jul-2026,-,5.608283002588441,-,5.245055889939805,4.895104895104888,-26.31578947368422,https://nsearchives.nseindia.com/today/CONSUMEREQN.svg,https://nsearchives.nseindia.com/30d/CONSUMER-EQ.svg,https://nsearchives.nseindia.com/365d/CONSUMER-EQ.svg,EQ
MIDQ50ADD,Nifty Midcap 150 Quality 50 Index,25.26,25.52,25.26,25.52,0.34,1.35,201399,5113520.61,25.2508,25.9,21,03-JUL-26,FACE VALUE SPLIT (SUB-DIVISION) - FROM RS 10/- PER UNIT TO RE 1/- PER UNIT,-89.792,-89.6462187601428,25.18,0,-89.83,1.7,01-Aug-2025,03-Jul-2026,FACE VALUE SPLIT (SUB-DIVISION) - FROM RS 10/- PER UNIT TO RE 1/- PER UNIT,-89.6462187601428,03-JUL-26,-89.792,1.4671814671814634,-21.523809523809522,https://nsearchives.nseindia.com/today/MIDQ50ADDEQN.svg,https://nsearchives.nseindia.com/30d/MIDQ50ADD-EQ.svg,https://nsearchives.nseindia.com/365d/MIDQ50ADD-EQ.svg,EQ
HDFCMOMENT,HDFC NIFTY200 Momentum 30 ETF,31.21,31.21,30.71,30.72,-0.09,-0.29,163285,5060202.15,30.8649,33.23,27.13,20-OCT-23,FACE VALUE SPLIT (SUB-DIVISION) - FROM RS 190.61/- PER SHARE TO RS 19.061/- PER SHARE,0.7213114754098323,-1.3170575008030843,30.81,0,1.95,-0.03,01-Aug-2025,03-Jul-2026,FACE VALUE SPLIT (SUB-DIVISION) - FROM RS 190.61/- PER SHARE TO RS 19.061/- PER SHARE,-1.3170575008030843,20-OCT-23,0.7213114754098323,7.553415588323799,-13.232583855510505,https://nsearchives.nseindia.com/today/HDFCMOMENTEQN.svg,https://nsearchives.nseindia.com/30d/HDFCMOMENT-EQ.svg,https://nsearchives.nseindia.com/365d/HDFCMOMENT-EQ.svg,EQ
MOHEALTH,Motilal Oswal S&P BSE Healthcare ETF,52.97,52.97,51.37,51.87,0.21,0.41,97623,5053942.71,51.5517,53,40.79,-,-,13.625410733844467,4.450261780104714,51.66,0,15.26,1.49,01-Aug-2025,03-Jul-2026,-,4.450261780104714,-,13.625410733844467,2.132075471698118,-27.1635204707036,https://nsearchives.nseindia.com/today/MOHEALTHEQN.svg,https://nsearchives.nseindia.com/30d/MOHEALTH-EQ.svg,https://nsearchives.nseindia.com/365d/MOHEALTH-EQ.svg,EQ
MOENERGY,Nifty Energy Index,39.97,39.97,38.85,39,0.06,0.15,126782,4947033.64,38.866,43,33,-,-,Infinity,-2.034664657121332,38.94,0,0,-1.04,,03-Jul-2026,-,-2.034664657121332,-,Infinity,9.30232558139535,-18.181818181818183,https://nsearchives.nseindia.com/today/MOENERGYEQN.svg,https://nsearchives.nseindia.com/30d/MOENERGY-EQ.svg,,EQ
LICMFGOLD,Gold,127.95,128.45,127.55,128.25,0.85,0.67,38616,4942848,,162,88.8,06-MAR-26,FACE VALUE SPLIT (SUB-DIVISION) - FROM RS 100/- PER SHARE TO RE 1/- PER SHARE,-98.56375741218761,2.0286396181384223,127.4,0,-98.57,-2.64,01-Aug-2025,03-Jul-2026,FACE VALUE SPLIT (SUB-DIVISION) - FROM RS 100/- PER SHARE TO RE 1/- PER SHARE,2.0286396181384223,06-MAR-26,-98.56375741218761,20.833333333333332,-44.425675675675684,https://nsearchives.nseindia.com/today/LICMFGOLDEQN.svg,https://nsearchives.nseindia.com/30d/LICMFGOLD-EQ.svg,https://nsearchives.nseindia.com/365d/LICMFGOLD-EQ.svg,EQ
MOTOUR,Nifty India Tourism Total Return Index,79.98,81.55,77.61,81.5,3.09,3.94,59253,4739054.94,78.2739,95.9,64,-,-,-10.753394656154176,1.3933814381687044,78.41,0,-13.09,-3.08,01-Aug-2025,03-Jul-2026,-,1.3933814381687044,-,-10.753394656154176,15.015641293013559,-27.34375,https://nsearchives.nseindia.com/today/MOTOUREQN.svg,https://nsearchives.nseindia.com/30d/MOTOUR-EQ.svg,https://nsearchives.nseindia.com/365d/MOTOUR-EQ.svg,EQ
TECH,Nifty IT TRI Index,34.17,34.58,33.77,33.86,0.21,0.62,137169,4696666.56,33.6484,49.41,28,-,-,-10.018602179112419,19.94332270634077,33.65,0,-9.37,12.24,01-Aug-2025,03-Jul-2026,-,19.94332270634077,-,-10.018602179112419,31.471362072454966,-20.928571428571427,https://nsearchives.nseindia.com/today/TECHEQN.svg,https://nsearchives.nseindia.com/30d/TECH-EQ.svg,https://nsearchives.nseindia.com/365d/TECH-EQ.svg,EQ
VAL30IETF,Nifty200 Value 30 Index,15.2,15.66,15.2,15.54,0.12,0.78,295710,4592376.3,15.4412,17.7,12.27,-,-,20,0.9090909090909012,15.42,0,21.23,-0.13,01-Aug-2025,03-Jul-2026,-,0.9090909090909012,-,20,12.203389830508476,-26.650366748166256,https://nsearchives.nseindia.com/today/VAL30IETFEQN.svg,https://nsearchives.nseindia.com/30d/VAL30IETF-EQ.svg,https://nsearchives.nseindia.com/365d/VAL30IETF-EQ.svg,EQ
MASPTOP50,S&P 500 Top 50 Total Return Index,77.42,77.42,77.42,77.42,1.94,2.57,59174,4581251.08,64.965,82.78,59.61,-,-,23.33917476501513,0.7679291943251378,75.48,0,19.52,-2.96,01-Aug-2025,03-Jul-2026,-,0.7679291943251378,-,23.33917476501513,6.474993959893694,-29.877537325952026,https://nsearchives.nseindia.com/today/MASPTOP50EQN.svg,https://nsearchives.nseindia.com/30d/MASPTOP50-EQ.svg,https://nsearchives.nseindia.com/365d/MASPTOP50-EQ.svg,EQ
EGOLD,Edelweiss Gold ETF,143.05,143.05,141.4,141.45,-0.2,-0.14,29918,4239380.6,141.7368,184.95,98.5,-,-,42.16080402010049,1.325214899713463,141.65,0,43.44,-2.58,01-Aug-2025,03-Jul-2026,-,1.325214899713463,-,42.16080402010049,23.519870235198702,-43.604060913705574,https://nsearchives.nseindia.com/today/EGOLDEQN.svg,https://nsearchives.nseindia.com/30d/EGOLD-EQ.svg,https://nsearchives.nseindia.com/365d/EGOLD-EQ.svg,EQ
BSE500IETF,S&P BSE 500 index,39.21,40.07,39.21,39.95,0.37,0.93,104846,4188597.7,39.654,41.64,34.5,28-OCT-21, FACE VALUE SPLIT (SUB-DIVISION) - FROM RS 10/- PER SHARE TO RE 1/- PER SHARE,3.1233866804336623,2.35716115808353,39.58,0,3.23,0.74,01-Aug-2025,03-Jul-2026, FACE VALUE SPLIT (SUB-DIVISION) - FROM RS 10/- PER SHARE TO RE 1/- PER SHARE,2.35716115808353,28-OCT-21,3.1233866804336623,4.058597502401532,-15.797101449275369,https://nsearchives.nseindia.com/today/BSE500IETFEQN.svg,https://nsearchives.nseindia.com/30d/BSE500IETF-EQ.svg,https://nsearchives.nseindia.com/365d/BSE500IETF-EQ.svg,EQ
ITADD,DSP Nifty IT ETF,32.72,33.5,32.7,33,0.41,1.26,125860,4158414.4,32.5907,41.92,27.17,-,-,Infinity,20.658135283363798,32.59,0,0,12.22,,03-Jul-2026,-,20.658135283363798,-,Infinity,21.27862595419848,-21.4574898785425,https://nsearchives.nseindia.com/today/ITADDEQN.svg,https://nsearchives.nseindia.com/30d/ITADD-EQ.svg,,EQ
INTERNET,Equity Index,13.62,13.95,13.61,13.95,0.37,2.72,295701,4098415.86,13.5565,15.2,10.72,-,-,-0.3571428571428622,7.638888888888876,13.58,0,-2.02,4.62,01-Aug-2025,03-Jul-2026,-,7.638888888888876,-,-0.3571428571428622,8.223684210526317,-30.13059701492536,https://nsearchives.nseindia.com/today/INTERNETEQN.svg,https://nsearchives.nseindia.com/30d/INTERNET-EQ.svg,https://nsearchives.nseindia.com/365d/INTERNET-EQ.svg,EQ
MULTICAP,Nifty500 Multicap 50:25:25 Index,17.07,17.37,16.83,16.97,0.23,1.37,232698,3934923.18,16.7621,17.5,14.2,-,-,5.600497822028616,2.723970944309923,16.74,0,5.35,0.66,01-Aug-2025,03-Jul-2026,-,2.723970944309923,-,5.600497822028616,3.028571428571435,-19.507042253521124,https://nsearchives.nseindia.com/today/MULTICAPEQN.svg,https://nsearchives.nseindia.com/30d/MULTICAP-EQ.svg,https://nsearchives.nseindia.com/365d/MULTICAP-EQ.svg,EQ
MOGOLD,Domestic Price of Physical Gold,140,142,139.6,140.05,0.05,0.04,27945,3925993.05,140.3107,175,96.3,-,-,42.25495175215846,1.3019891500904242,140,0,43.22,-2.71,01-Aug-2025,03-Jul-2026,-,1.3019891500904242,-,42.25495175215846,19.971428571428568,-45.430944963655264,https://nsearchives.nseindia.com/today/MOGOLDEQN.svg,https://nsearchives.nseindia.com/30d/MOGOLD-EQ.svg,https://nsearchives.nseindia.com/365d/MOGOLD-EQ.svg,EQ
SENSEXETF,Mirae Asset S&P BSE Sensex ETF,80.8,81.69,80.8,81.69,1.24,1.54,48270,3918075.9,80.5645,88.7,73.33,-,-,-1.578313253012051,2.9619359717670712,80.45,0,-2.37,0.45,01-Aug-2025,03-Jul-2026,-,2.9619359717670712,-,-1.578313253012051,7.903043968432925,-11.400518205372972,https://nsearchives.nseindia.com/today/SENSEXETFEQN.svg,https://nsearchives.nseindia.com/30d/SENSEXETF-EQ.svg,https://nsearchives.nseindia.com/365d/SENSEXETF-EQ.svg,EQ
TOP15IETF,Nifty Top 15 Equal Weight Index,9.76,10.16,9.76,10.04,0.02,0.20,376593,3811121.16,10.0475,11.36,9.15,-,-,-0.9861932938856155,2.0325203252032447,10.02,0,-0.79,1.01,01-Aug-2025,03-Jul-2026,-,2.0325203252032447,-,-0.9861932938856155,11.619718309859158,-9.72677595628414,https://nsearchives.nseindia.com/today/TOP15IETFEQN.svg,https://nsearchives.nseindia.com/30d/TOP15IETF-EQ.svg,https://nsearchives.nseindia.com/365d/TOP15IETF-EQ.svg,EQ
NIF100IETF,Nifty 100,28.65,28.71,28.4,28.59,0.21,0.74,132554,3795021.02,28.4463,30.88,23,10-MAY-24,FACE VALUE SPLIT (SUB-DIVISION) - FROM RS 10/- PER SHARE TO RE 1/- PER SHARE,1.6352648418059044,2.143622722400863,28.38,0,1.5,0.64,01-Aug-2025,03-Jul-2026,FACE VALUE SPLIT (SUB-DIVISION) - FROM RS 10/- PER SHARE TO RE 1/- PER SHARE,2.143622722400863,10-MAY-24,1.6352648418059044,7.415803108808287,-24.304347826086957,https://nsearchives.nseindia.com/today/NIF100IETFEQN.svg,https://nsearchives.nseindia.com/30d/NIF100IETF-EQ.svg,https://nsearchives.nseindia.com/365d/NIF100IETF-EQ.svg,EQ
AONESILVER,Domestic price of Silver,8.34,8.38,8.25,8.29,0.01,0.12,455260,3774105.4,8.2766,12,7.43,-,-,Infinity,-2.3557126030624387,8.28,0,0,-7.17,,03-Jul-2026,-,-2.3557126030624387,-,Infinity,30.916666666666675,-11.57469717362045,https://nsearchives.nseindia.com/today/AONESILVEREQN.svg,https://nsearchives.nseindia.com/30d/AONESILVER-EQ.svg,,EQ
GROWWCHEM,Nifty Chemicals Index - TRI,30.24,30.95,30.12,30.95,0.71,2.35,121420,3703310,30.1274,31.61,24.64,-,-,Infinity,4.773188896411646,30.24,0,0,0.87,,03-Jul-2026,-,4.773188896411646,-,Infinity,2.087946852261943,-25.60876623376623,https://nsearchives.nseindia.com/today/GROWWCHEMEQN.svg,https://nsearchives.nseindia.com/30d/GROWWCHEM-EQ.svg,,EQ
EQUAL50,Nifty50 Equal Weight,339.95,342.59,335.03,342.59,6.01,1.79,10851,3699214.41,337.2381,342.59,295.16,-,-,9.906643996021943,4.30189368568471,336.58,0,9.29,1.18,01-Aug-2025,03-Jul-2026,-,4.30189368568471,-,9.906643996021943,0,-16.069250575958783,https://nsearchives.nseindia.com/today/EQUAL50EQN.svg,https://nsearchives.nseindia.com/30d/EQUAL50-EQ.svg,https://nsearchives.nseindia.com/365d/EQUAL50-EQ.svg,EQ
NIFTYAXIS,Nifty 50,271.39,272.2,270.73,272.2,2.9,1.08,13577,3688463.59,269.8381,296.38,244,23-JUL-20, FACE VALUE SPLIT (SUB-DIVISION) - FROM RS 100/- PER SHARE TO RS 10/- PER SHARE,Infinity,Infinity,269.3,0,0,0.44,,03-Jul-2026, FACE VALUE SPLIT (SUB-DIVISION) - FROM RS 100/- PER SHARE TO RS 10/- PER SHARE,Infinity,23-JUL-20,Infinity,8.158445239219924,-11.557377049180324,https://nsearchives.nseindia.com/today/NIFTYAXISEQN.svg,https://nsearchives.nseindia.com/30d/NIFTYAXIS-EQ.svg,,EQ
ABSL10BANK,BSE Top 10 Banks Index,170.3,179.98,170.3,170.65,0.35,0.21,21450,3686397,169.7546,214.42,150,-,-,Infinity,-1.238497598240631,170.3,0,0,-2.05,,03-Jul-2026,-,-1.238497598240631,-,Infinity,20.413207723160145,-13.76666666666667,https://nsearchives.nseindia.com/today/ABSL10BANKEQN.svg,https://nsearchives.nseindia.com/30d/ABSL10BANK-EQ.svg,,EQ
BANK10ADD,BSE Top 10 Banks Index (TRI),17.08,17.55,17.08,17.13,0.11,0.65,209619,3603350.61,16.9832,18.99,12.08,-,-,Infinity,-1.154068090017307,17.02,0,0,-1.85,,03-Jul-2026,-,-1.154068090017307,-,Infinity,9.794628751974722,-41.804635761589395,https://nsearchives.nseindia.com/today/BANK10ADDEQN.svg,https://nsearchives.nseindia.com/30d/BANK10ADD-EQ.svg,,EQ
GROWWSC250,Nifty Smallcap 250 Index - TRI,10.35,10.55,10.14,10.52,0.18,1.74,343921,3597413.66,10.3429,10.97,8,-,-,Infinity,2.734374999999994,10.34,0,0,-0.58,,03-Jul-2026,-,2.734374999999994,-,Infinity,4.102096627165005,-31.499999999999993,https://nsearchives.nseindia.com/today/GROWWSC250EQN.svg,https://nsearchives.nseindia.com/30d/GROWWSC250-EQ.svg,,EQ
SELECTIPO,BSE Select IPO Index,47.85,47.85,47.22,47.79,0.88,1.88,75449,3586845.46,46.9854,57.75,37.8,-,-,-1.8887292137138199,4.61908931698774,46.91,0,-2.84,2.4,01-Aug-2025,03-Jul-2026,-,4.61908931698774,-,-1.8887292137138199,17.246753246753247,-26.428571428571438,https://nsearchives.nseindia.com/today/SELECTIPOEQN.svg,https://nsearchives.nseindia.com/30d/SELECTIPO-EQ.svg,https://nsearchives.nseindia.com/365d/SELECTIPO-EQ.svg,EQ
HDFCSENSEX,SENSEX,86.21,90.64,86.21,89.19,0.76,0.86,40131,3579283.89,88.5706,98.48,80.9,02-FEB-24,FACE VALUE SPLIT (SUB-DIVISION) - FROM RS 250.361/- PER SHARE TO RS 25.0361/- PER SHARE,-2.3538427851981667,2.3525361487261844,88.43,0,-2.48,0.4,01-Aug-2025,03-Jul-2026,FACE VALUE SPLIT (SUB-DIVISION) - FROM RS 250.361/- PER SHARE TO RS 25.0361/- PER SHARE,2.3525361487261844,02-FEB-24,-2.3538427851981667,9.43338748984566,-10.247218788627926,https://nsearchives.nseindia.com/today/HDFCSENSEXEQN.svg,https://nsearchives.nseindia.com/30d/HDFCSENSEX-EQ.svg,https://nsearchives.nseindia.com/365d/HDFCSENSEX-EQ.svg,EQ
QUAL30IETF,ICICI Prudential Nifty 200 Quality 30 ETF,21.58,21.61,21.37,21.56,0.17,0.79,161980,3490669,21.4166,23,18,10-MAY-24,FACE VALUE SPLIT (SUB-DIVISION) - FROM RS 10/- PER SHARE TO RE 1/- PER SHARE,3.903614457831319,5.686274509803923,21.39,0,3.83,3.08,01-Aug-2025,03-Jul-2026,FACE VALUE SPLIT (SUB-DIVISION) - FROM RS 10/- PER SHARE TO RE 1/- PER SHARE,5.686274509803923,10-MAY-24,3.903614457831319,6.260869565217396,-19.77777777777777,https://nsearchives.nseindia.com/today/QUAL30IETFEQN.svg,https://nsearchives.nseindia.com/30d/QUAL30IETF-EQ.svg,https://nsearchives.nseindia.com/365d/QUAL30IETF-EQ.svg,EQ
AONENIFTY,Nifty 50 Index,10.3,10.3,9.95,10.04,-0.01,-0.10,330350,3343142,10.068,11.06,9,-,-,-0.9861932938856155,1.516683518705749,10.05,0,-0.1,0.6,01-Aug-2025,03-Jul-2026,-,1.516683518705749,-,-0.9861932938856155,9.222423146473792,-11.555555555555546,https://nsearchives.nseindia.com/today/AONENIFTYEQN.svg,https://nsearchives.nseindia.com/30d/AONENIFTY-EQ.svg,https://nsearchives.nseindia.com/365d/AONENIFTY-EQ.svg,EQ
CONSUMIETF,Nifty India Consumption Index,127.91,127.91,125.35,125.5,0.1,0.08,26499,3338874,125.3427,141.27,94.65,-,-,3.7962120585559536,3.6932991820209855,125.4,0,4.15,2.52,01-Aug-2025,03-Jul-2026,-,3.6932991820209855,-,3.7962120585559536,11.163021165144764,-32.593766508188054,https://nsearchives.nseindia.com/today/CONSUMIETFEQN.svg,https://nsearchives.nseindia.com/30d/CONSUMIETF-EQ.svg,https://nsearchives.nseindia.com/365d/CONSUMIETF-EQ.svg,EQ
GROWWRLTY,Index,10.3,10.3,9.97,10.12,0.01,0.10,328115,3323804.95,10.107,11.3,7.17,-,-,Infinity,5.747126436781598,10.11,0,0,1.92,,03-Jul-2026,-,5.747126436781598,-,Infinity,10.442477876106206,-41.143654114365404,https://nsearchives.nseindia.com/today/GROWWRLTYEQN.svg,https://nsearchives.nseindia.com/30d/GROWWRLTY-EQ.svg,,EQ
HDFCQUAL,HDFC NIFTY100 Quality 30 ETF,59.18,59.71,58.43,58.51,-0.38,-0.65,52828,3147492.24,59.0195,61.87,51.91,-,-,3.174043378592836,4.277312422028157,58.89,0,4.36,2.49,01-Aug-2025,03-Jul-2026,-,4.277312422028157,-,3.174043378592836,5.430741878131565,-12.714313234444234,https://nsearchives.nseindia.com/today/HDFCQUALEQN.svg,https://nsearchives.nseindia.com/30d/HDFCQUAL-EQ.svg,https://nsearchives.nseindia.com/365d/HDFCQUAL-EQ.svg,EQ
SBINEQWETF,Nifty50 Equal Weight,34,34.35,33.73,33.73,-0.11,-0.33,92053,3144530.48,33.9005,36.4,29.64,-,-,7.93599999999999,2.460510328068029,33.84,0,9.2,0.86,01-Aug-2025,03-Jul-2026,-,2.460510328068029,-,7.93599999999999,7.33516483516484,-13.798920377867734,https://nsearchives.nseindia.com/today/SBINEQWETFEQN.svg,https://nsearchives.nseindia.com/30d/SBINEQWETF-EQ.svg,https://nsearchives.nseindia.com/365d/SBINEQWETF-EQ.svg,EQ
LICNETFGSC,GSEC10 NSE Index,29.49,29.63,29.22,29.38,-0.11,-0.37,100528,2959544.32,29.4279,30.5,27.42,-,-,3.3052039381153224,0.10221465076660165,29.49,0,3.76,0.14,01-Aug-2025,03-Jul-2026,-,0.10221465076660165,-,3.3052039381153224,3.672131147540987,-7.148067104303418,https://nsearchives.nseindia.com/today/LICNETFGSCEQN.svg,https://nsearchives.nseindia.com/30d/LICNETFGSC-EQ.svg,https://nsearchives.nseindia.com/365d/LICNETFGSC-EQ.svg,EQ
LIQUIDSBI,SBI NIFTY 1D Rate ETF,1000,1000.01,999.99,1000,-0.01,-0.00,2777,2777000,1000,1010.02,970.23,-,-,0.0010000100000990915,0,1000.01,0,0,0,01-Aug-2025,03-Jul-2026,-,0,-,0.0010000100000990915,0.992059563176965,-3.068344619317067,https://nsearchives.nseindia.com/today/LIQUIDSBIEQN.svg,https://nsearchives.nseindia.com/30d/LIQUIDSBI-EQ.svg,https://nsearchives.nseindia.com/365d/LIQUIDSBI-EQ.svg,EQ
ABSLPSE,Aditya Birla Sun Life Nifty PSE ETF,10.4,10.4,10.32,10.39,0.05,0.48,260079,2691817.65,10.3274,11.6,9.21,-,-,5.589430894308951,0.28957528957530054,10.34,0,6.27,-0.29,01-Aug-2025,03-Jul-2026,-,0.28957528957530054,-,5.589430894308951,10.431034482758614,-12.812160694896846,https://nsearchives.nseindia.com/today/ABSLPSEEQN.svg,https://nsearchives.nseindia.com/30d/ABSLPSE-EQ.svg,https://nsearchives.nseindia.com/365d/ABSLPSE-EQ.svg,EQ
ITAXIS,NIFTY IT Index,341.14,349,338.1,339.23,1.4,0.41,7479,2577637.35,338.6366,439.67,230.7,-,-,Infinity,Infinity,337.83,0,0,11.88,,03-Jul-2026,-,Infinity,-,Infinity,22.844406031796574,-47.04377980060686,https://nsearchives.nseindia.com/today/ITAXISEQN.svg,https://nsearchives.nseindia.com/30d/ITAXIS-EQ.svg,,EQ
ABSLNN50ET,Nifty Next 50,77.98,78.95,77.02,78.33,0.93,1.20,29937,2337780.33,77.5411,78.95,63.02,25-NOV-21, FACE VALUE SPLIT (SUB-DIVISION) - FROM RS 10/- PER SHARE TO RE 1/- PER SHARE,11.836093660765265,3.5152636447733534,77.4,0,11.9,2.15,01-Aug-2025,03-Jul-2026, FACE VALUE SPLIT (SUB-DIVISION) - FROM RS 10/- PER SHARE TO RE 1/- PER SHARE,3.5152636447733534,25-NOV-21,11.836093660765265,0.7853071564281248,-24.293874960330047,https://nsearchives.nseindia.com/today/ABSLNN50ETEQN.svg,https://nsearchives.nseindia.com/30d/ABSLNN50ET-EQ.svg,https://nsearchives.nseindia.com/365d/ABSLNN50ET-EQ.svg,EQ
ESG,NIFTY100 ESG SECTOR LEADERS,42.29,42.68,42.2,42.68,0.6,1.43,54940,2328906.6,42.1408,45.06,37.52,-,-,0.6366423013440301,3.642544924720738,42.08,0,0.24,0.96,01-Aug-2025,03-Jul-2026,-,3.642544924720738,-,0.6366423013440301,5.281846426986246,-13.752665245202548,https://nsearchives.nseindia.com/today/ESGEQN.svg,https://nsearchives.nseindia.com/30d/ESG-EQ.svg,https://nsearchives.nseindia.com/365d/ESG-EQ.svg,EQ
BANKADD,DSP Nifty Bank ETF,58.91,59.23,58.08,58.08,-0.49,-0.84,37342,2206912.2,58.6241,62.9,51.01,-,-,Infinity,-2.2222222222222228,58.57,0,0,-1.3,,03-Jul-2026,-,-2.2222222222222228,-,Infinity,7.66295707472178,-13.860027445598902,https://nsearchives.nseindia.com/today/BANKADDEQN.svg,https://nsearchives.nseindia.com/30d/BANKADD-EQ.svg,,EQ
NV20BEES,Nifty50 Value20 TRI,142.56,142.9,141,141,0.22,0.16,14634,2084320.62,141.046,160,122.02,19-DEC-19, FACE VALUE SPLIT (SUB-DIVISION) - FROM RS 10/- TO RS 1/-,-3.497364998973385,1.024575481837076,140.78,0,-2.68,-0.14,01-Aug-2025,03-Jul-2026, FACE VALUE SPLIT (SUB-DIVISION) - FROM RS 10/- TO RS 1/-,1.024575481837076,19-DEC-19,-3.497364998973385,11.875,-15.554827077528278,https://nsearchives.nseindia.com/today/NV20BEESEQN.svg,https://nsearchives.nseindia.com/30d/NV20BEES-EQ.svg,https://nsearchives.nseindia.com/365d/NV20BEES-EQ.svg,EQ
NIFTYQLITY,Aditya Birla Sun Life Nifty 200 Quality 30 ETF,21.68,21.99,21.54,21.69,0.11,0.51,94304,2052055.04,21.633,23.03,18.95,-,-,3.6311514572384214,5.291262135922329,21.58,0,3.7,3.2,01-Aug-2025,03-Jul-2026,-,5.291262135922329,-,3.6311514572384214,5.818497611810681,-14.459102902374683,https://nsearchives.nseindia.com/today/NIFTYQLITYEQN.svg,https://nsearchives.nseindia.com/30d/NIFTYQLITY-EQ.svg,https://nsearchives.nseindia.com/365d/NIFTYQLITY-EQ.svg,EQ
VALUEAXIS,Nifty500 Value 50 TRI,33.06,33.37,32.76,33.02,-0.04,-0.12,59247,1968777.81,33.051,39,22.84,-,-,Infinity,Infinity,33.06,0,0,-0.42,,03-Jul-2026,-,Infinity,-,Infinity,15.333333333333325,-44.57092819614713,https://nsearchives.nseindia.com/today/VALUEAXISEQN.svg,https://nsearchives.nseindia.com/30d/VALUEAXIS-EQ.svg,,EQ
HSBCGOLD,Commodity,123.39,124.01,123.15,123.15,0.05,0.04,15876,1963543.68,123.4626,146.4,119.1,-,-,Infinity,1.2746710526315883,123.1,0,0,-2.8,,03-Jul-2026,-,1.2746710526315883,-,Infinity,15.881147540983607,-3.400503778337541,https://nsearchives.nseindia.com/today/HSBCGOLDEQN.svg,https://nsearchives.nseindia.com/30d/HSBCGOLD-EQ.svg,,EQ
MONIFTY100,Nifty 100 Total Return Index,25.83,26.08,25.53,25.92,0.27,1.05,72973,1891460.16,25.6486,27.97,22.38,-,-,Infinity,3.10262529832936,25.65,0,0,1.1,,03-Jul-2026,-,3.10262529832936,-,Infinity,7.329281372899525,-15.817694369973204,https://nsearchives.nseindia.com/today/MONIFTY100EQN.svg,https://nsearchives.nseindia.com/30d/MONIFTY100-EQ.svg,,EQ
NEXT50ETF,Nifty Next 50 Index,75.97,75.97,74.14,74.99,0.85,1.15,24962,1867906.46,74.163,75.97,60.15,-,-,Infinity,3.6059684995855203,74.14,0,0,1.49,,03-Jul-2026,-,3.6059684995855203,-,Infinity,1.2899828879821034,-24.67165419783873,https://nsearchives.nseindia.com/today/NEXT50ETFEQN.svg,https://nsearchives.nseindia.com/30d/NEXT50ETF-EQ.svg,,EQ
GROWWMOM50,Nifty 500 Momentum 50 Index- Total Return Index,11.07,11.07,10.64,10.74,0.07,0.66,171803,1843446.19,10.6671,11.15,9.12,-,-,3.0710172744721715,-0.37105751391464886,10.67,0,3.69,0.47,01-Aug-2025,03-Jul-2026,-,-0.37105751391464886,-,3.0710172744721715,3.6771300448430506,-17.763157894736857,https://nsearchives.nseindia.com/today/GROWWMOM50EQN.svg,https://nsearchives.nseindia.com/30d/GROWWMOM50-EQ.svg,https://nsearchives.nseindia.com/365d/GROWWMOM50-EQ.svg,EQ
ABSLBANETF,Nifty Bank,59.77,59.77,58.6,59.4,0.8,1.37,30836,1824566.12,58.7083,64.94,50.97,25-NOV-21, FACE VALUE SPLIT (SUB-DIVISION) - FROM RS 10/- PER SHARE TO RE 1/- PER SHARE,4.302019315188755,-0.10090817356206234,58.6,0,3.48,-1.48,01-Aug-2025,03-Jul-2026, FACE VALUE SPLIT (SUB-DIVISION) - FROM RS 10/- PER SHARE TO RE 1/- PER SHARE,-0.10090817356206234,25-NOV-21,4.302019315188755,8.530951647674776,-16.53914067098293,https://nsearchives.nseindia.com/today/ABSLBANETFEQN.svg,https://nsearchives.nseindia.com/30d/ABSLBANETF-EQ.svg,https://nsearchives.nseindia.com/365d/ABSLBANETF-EQ.svg,EQ
SETF10GILT,Nifty 10 yr Benchmark G-Sec Index,264.42,265.82,263.27,263.27,-1.15,-0.43,6833,1808490.11,264.535,272.31,250.37,-,-,2.0861607662181534,-0.9033763691798223,264.42,0,2.44,0.14,01-Aug-2025,03-Jul-2026,-,-0.9033763691798223,-,2.0861607662181534,3.3197458778597997,-5.152374485761064,https://nsearchives.nseindia.com/today/SETF10GILTEQN.svg,https://nsearchives.nseindia.com/30d/SETF10GILT-EQ.svg,https://nsearchives.nseindia.com/365d/SETF10GILT-EQ.svg,EQ
HEALTHCARE,Nifty 500 Healthcare Index,22.26,22.26,21.56,21.7,0.09,0.42,78987,1715597.64,21.6424,22.27,17.18,-,-,Infinity,4.126679462571975,21.61,0,0,1.55,,03-Jul-2026,-,4.126679462571975,-,Infinity,2.5594970812752593,-26.309662398137366,https://nsearchives.nseindia.com/today/HEALTHCAREEQN.svg,https://nsearchives.nseindia.com/30d/HEALTHCARE-EQ.svg,,EQ
MOMENTUM,Aditya Birla Sun Life Nifty 200 Momentum 30 ETF,30.9,31.28,30.83,30.84,-0.06,-0.19,54980,1710427.8,30.9664,33,27.05,-,-,0.949263502454989,-1.0904425914047462,30.9,0,2.01,0.06,01-Aug-2025,03-Jul-2026,-,-1.0904425914047462,-,0.949263502454989,6.545454545454546,-14.011090573012934,https://nsearchives.nseindia.com/today/MOMENTUMEQN.svg,https://nsearchives.nseindia.com/30d/MOMENTUM-EQ.svg,https://nsearchives.nseindia.com/365d/MOMENTUM-EQ.svg,EQ
MANUFGBEES,Nifty India Manufacturing TRI,165.11,165.6,162.43,162.43,-1.93,-1.17,9774,1609777.8,163.9848,171.58,138.6,-,-,Infinity,2.0224860247471885,164.36,0,0,2.42,,03-Jul-2026,-,2.0224860247471885,-,Infinity,5.332789369390375,-17.193362193362205,https://nsearchives.nseindia.com/today/MANUFGBEESEQN.svg,https://nsearchives.nseindia.com/30d/MANUFGBEES-EQ.svg,,EQ
LICNMID100,LIC MF Nifty Midcap 100 ETF,63.79,64.07,63.26,63.89,0.65,1.03,23633,1510148.7,63.3385,67.5,52.3,-,-,10.689535689535694,2.981947130883303,63.24,0,11.36,0.85,01-Aug-2025,03-Jul-2026,-,2.981947130883303,-,10.689535689535694,5.348148148148147,-22.16061185468452,https://nsearchives.nseindia.com/today/LICNMID100EQN.svg,https://nsearchives.nseindia.com/30d/LICNMID100-EQ.svg,https://nsearchives.nseindia.com/365d/LICNMID100-EQ.svg,EQ
MIDCAPADD,Nifty Midcap 150 Index,23.32,23.46,23.28,23.43,0.22,0.95,64339,1503602.43,23.1882,25.5,19.27,-,-,Infinity,2.4486226497595047,23.21,0,0,1.09,,03-Jul-2026,-,2.4486226497595047,-,Infinity,8.11764705882353,-21.58796056045667,https://nsearchives.nseindia.com/today/MIDCAPADDEQN.svg,https://nsearchives.nseindia.com/30d/MIDCAPADD-EQ.svg,,EQ
NIFTY100EW,Nifty 100 Equal Weight Index,34.45,35.9,34.45,35.72,0.38,1.08,41917,1499371.09,35.532,41.41,29.84,-,-,9.73886328725039,3.147559919145239,35.34,0,9.96,1.41,01-Aug-2025,03-Jul-2026,-,3.147559919145239,-,9.73886328725039,13.740642356918615,-19.705093833780158,https://nsearchives.nseindia.com/today/NIFTY100EWEQN.svg,https://nsearchives.nseindia.com/30d/NIFTY100EW-EQ.svg,https://nsearchives.nseindia.com/365d/NIFTY100EW-EQ.svg,EQ
ECAPINSURE,BSE Capital Markets & Insurance Total Return Index,23.58,24.15,23.58,24.15,0.33,1.39,61152,1460921.28,23.7324,25.88,20.5,-,-,5.228758169934638,-1.1865793780687508,23.82,0,5.59,-3.09,01-Aug-2025,03-Jul-2026,-,-1.1865793780687508,-,5.228758169934638,6.684698608964454,-17.80487804878048,https://nsearchives.nseindia.com/today/ECAPINSUREEQN.svg,https://nsearchives.nseindia.com/30d/ECAPINSURE-EQ.svg,https://nsearchives.nseindia.com/365d/ECAPINSURE-EQ.svg,EQ
HEALTHAXIS,Nifty Healthcare Index,170.6,172.3,168.63,172.3,1.7,1.00,8530,1455132.7,170.5926,172.3,135.2,-,-,Infinity,Infinity,170.6,0,0,1.89,,03-Jul-2026,-,Infinity,-,Infinity,0,-27.440828402366883,https://nsearchives.nseindia.com/today/HEALTHAXISEQN.svg,https://nsearchives.nseindia.com/30d/HEALTHAXIS-EQ.svg,,EQ
LIQUIDSHRI,SHRIRAM NIFTY 1D RATE LIQUID ETF,1115.72,1115.72,1115.7,1115.7,0.14,0.01,1293,1442600.1,1115.5628,1115.72,1063.87,-,-,4.871835844605089,0.42213841459573315,1115.56,0,4.81,0.36,01-Aug-2025,03-Jul-2026,-,0.42213841459573315,-,4.871835844605089,0.0017925644426900844,-4.871835844605089,https://nsearchives.nseindia.com/today/LIQUIDSHRIEQN.svg,https://nsearchives.nseindia.com/30d/LIQUIDSHRI-EQ.svg,https://nsearchives.nseindia.com/365d/LIQUIDSHRI-EQ.svg,EQ
MOALPHA50,Nifty Alpha 50 Total Return Index,55.17,55.5,53.39,54.99,-0.24,-0.43,26515,1440559.95,53.9266,62,42.1,-,-,5.4862842892768064,2.9197080291970847,55.23,0,6.91,4.03,01-Aug-2025,03-Jul-2026,-,2.9197080291970847,-,5.4862842892768064,11.306451612903222,-30.617577197149643,https://nsearchives.nseindia.com/today/MOALPHA50EQN.svg,https://nsearchives.nseindia.com/30d/MOALPHA50-EQ.svg,https://nsearchives.nseindia.com/365d/MOALPHA50-EQ.svg,EQ
SILVER360,Commodity-Silver,212.59,213.94,211.94,212.38,0.12,0.06,6761,1437726.65,212.86,358,105.81,-,-,92.32092728425245,-2.457171726450188,212.26,0,95.04,-6.76,01-Aug-2025,03-Jul-2026,-,-2.457171726450188,-,92.32092728425245,40.675977653631286,-100.71826859465078,https://nsearchives.nseindia.com/today/SILVER360EQN.svg,https://nsearchives.nseindia.com/30d/SILVER360-EQ.svg,https://nsearchives.nseindia.com/365d/SILVER360-EQ.svg,EQ
SENSEXBETA,SENSEX,866,876,860.05,860.6,-2.69,-0.31,1579,1375072.15,865.0283,952.91,785,26-FEB-21, INTERIM DIVIDEND - RS 13.56 PER UNIT,Infinity,1.4284367339241943,863.29,0,0,0.09,,03-Jul-2026, INTERIM DIVIDEND - RS 13.56 PER UNIT,1.4284367339241943,26-FEB-21,Infinity,9.687168777743958,-9.630573248407647,https://nsearchives.nseindia.com/today/SENSEXBETAEQN.svg,https://nsearchives.nseindia.com/30d/SENSEXBETA-EQ.svg,,EQ
BANKPSU,Nifty PSU Bank Total Return Index,82.6,86.14,82.6,85.34,0.83,0.98,16035,1370511.45,84.4339,99.52,67.59,-,-,24.25742574257425,-1.4208155250086518,84.51,0,24.15,-0.54,01-Aug-2025,03-Jul-2026,-,-1.4208155250086518,-,24.25742574257425,14.248392282958193,-26.261281254623462,https://nsearchives.nseindia.com/today/BANKPSUEQN.svg,https://nsearchives.nseindia.com/30d/BANKPSU-EQ.svg,https://nsearchives.nseindia.com/365d/BANKPSU-EQ.svg,EQ
HDFCNIF100,HDFC NIFTY 100 ETF,26.96,26.96,26.08,26.29,-0.02,-0.08,50419,1337616.07,26.3548,29,22,20-OCT-23,FACE VALUE SPLIT (SUB-DIVISION) - FROM RS 177.27/- PER SHARE TO RS 17.727/- PER SHARE,0.8052147239263837,1.8202943454686245,26.31,0,1.98,0.5,01-Aug-2025,03-Jul-2026,FACE VALUE SPLIT (SUB-DIVISION) - FROM RS 177.27/- PER SHARE TO RS 17.727/- PER SHARE,1.8202943454686245,20-OCT-23,0.8052147239263837,9.3448275862069,-19.499999999999996,https://nsearchives.nseindia.com/today/HDFCNIF100EQN.svg,https://nsearchives.nseindia.com/30d/HDFCNIF100-EQ.svg,https://nsearchives.nseindia.com/365d/HDFCNIF100-EQ.svg,EQ
NETF,Tata Nifty 50 Exchange Traded Fund,264,268,264,265.3,1.06,0.40,4894,1306502.24,265.3503,292.9,240.66,-,-,-0.5845761822678567,1.569678407350698,264.24,0,-0.24,0.08,01-Aug-2025,03-Jul-2026,-,1.569678407350698,-,-0.5845761822678567,9.423011266643893,-10.238510762070977,https://nsearchives.nseindia.com/today/NETFEQN.svg,https://nsearchives.nseindia.com/30d/NETF-EQ.svg,https://nsearchives.nseindia.com/365d/NETF-EQ.svg,EQ
GOLD360,Commodity-Gold,138.75,139.9,138.25,138.3,-0.45,-0.32,9120,1264670.4,138.4724,178,87.85,-,-,42.0647149460709,1.3929618768328487,138.75,0,43.41,-2.36,01-Aug-2025,03-Jul-2026,-,1.3929618768328487,-,42.0647149460709,22.303370786516847,-57.4274331246443,https://nsearchives.nseindia.com/today/GOLD360EQN.svg,https://nsearchives.nseindia.com/30d/GOLD360-EQ.svg,https://nsearchives.nseindia.com/365d/GOLD360-EQ.svg,EQ
TOP20,Nifty Top 20 Equal Weight,9.1,9.18,9.07,9.18,0.15,1.66,138749,1262615.9,9.0443,9.99,8,-,-,Infinity,5.882352941176468,9.03,0,0,2.73,,03-Jul-2026,-,5.882352941176468,-,Infinity,8.108108108108114,-14.749999999999996,https://nsearchives.nseindia.com/today/TOP20EQN.svg,https://nsearchives.nseindia.com/30d/TOP20-EQ.svg,,EQ
NIFTYBETF,Bajaj Finserv Nifty 50 ETF,253.25,253.3,251.91,252.26,1.2,0.48,4929,1245311.85,250.8729,279.99,227.01,-,-,-0.16226698856215482,2.5030475416497344,251.06,0,0.14,0.85,01-Aug-2025,03-Jul-2026,-,2.5030475416497344,-,-0.16226698856215482,9.903925140183585,-11.122858023875601,https://nsearchives.nseindia.com/today/NIFTYBETFEQN.svg,https://nsearchives.nseindia.com/30d/NIFTYBETF-EQ.svg,https://nsearchives.nseindia.com/365d/NIFTYBETF-EQ.svg,EQ
SBIETFCON,Nifty India Consumption Index,124.7,127.15,122,122.18,-2.69,-2.15,9780,1228857,124.8641,133.97,100,-,-,1.1423841059602728,1.6134397870924917,124.87,0,3.69,2.82,01-Aug-2025,03-Jul-2026,-,1.6134397870924917,-,1.1423841059602728,8.800477718892283,-22.18000000000001,https://nsearchives.nseindia.com/today/SBIETFCONEQN.svg,https://nsearchives.nseindia.com/30d/SBIETFCON-EQ.svg,https://nsearchives.nseindia.com/365d/SBIETFCON-EQ.svg,EQ
CEMNTGROWW,Nifty Cements Index TRI,15.55,15.55,15.24,15.5,0.27,1.77,79261,1221412.01,15.202,15.97,14.9,-,-,Infinity,Infinity,15.23,0,0,0,,,-,Infinity,-,Infinity,2.9430181590482194,-4.02684563758389,https://nsearchives.nseindia.com/today/CEMNTGROWWEQN.svg,,,EQ
NV20,Nifty50 Value 20,14.29,14.3,14.15,14.29,0.2,1.42,77602,1105828.5,14.091,16.87,12.62,27-FEB-26,FACE VALUE SPLIT (SUB-DIVISION) - FROM RS 10/- PER SHARE TO RE 1/- PER SHARE,-90.18206801786329,2.1443888491779766,14.09,0,-90.18,0,01-Aug-2025,03-Jul-2026,FACE VALUE SPLIT (SUB-DIVISION) - FROM RS 10/- PER SHARE TO RE 1/- PER SHARE,2.1443888491779766,27-FEB-26,-90.18206801786329,15.293420272673394,-13.232963549920761,https://nsearchives.nseindia.com/today/NV20EQN.svg,https://nsearchives.nseindia.com/30d/NV20-EQ.svg,https://nsearchives.nseindia.com/365d/NV20-EQ.svg,EQ
QNIFTY,Nifty 50,274,274,268.87,270.6,1.99,0.74,3985,1076547.75,268.356,291.19,243.2,13-FEB-26,FACE VALUE SPLIT (SUB-DIVISION) - FROM RS 10/- PER UNIT TO RE 1/- PER UNIT,-89.97239258120102,2.333320727602774,268.61,0,-89.96,0.68,01-Aug-2025,03-Jul-2026,FACE VALUE SPLIT (SUB-DIVISION) - FROM RS 10/- PER UNIT TO RE 1/- PER UNIT,2.333320727602774,13-FEB-26,-89.97239258120102,7.070984580514431,-11.266447368421067,https://nsearchives.nseindia.com/today/QNIFTYEQN.svg,https://nsearchives.nseindia.com/30d/QNIFTY-EQ.svg,https://nsearchives.nseindia.com/365d/QNIFTY-EQ.svg,EQ
BANKBETF,Bajaj Finserv Nifty Bank ETF,58.09,59.3,58.09,58.7,0.61,1.05,18123,1063276.41,58.2089,63.9,50.71,-,-,3.5090812907776443,-0.49160874724529435,58.09,0,-1.01,-1.46,01-Aug-2025,03-Jul-2026,-,-0.49160874724529435,-,3.5090812907776443,8.137715179968694,-15.756261092486692,https://nsearchives.nseindia.com/today/BANKBETFEQN.svg,https://nsearchives.nseindia.com/30d/BANKBETF-EQ.svg,https://nsearchives.nseindia.com/365d/BANKBETF-EQ.svg,EQ
IVZINNIFTY,Nifty 50,287.59,287.59,278,280,-0.58,-0.21,3673,1031268.21,279.5975,315,251.1,31-JUL-26,FACE VALUE SPLIT (SUB-DIVISION) - FROM RS 10/- PER SHARE TO RE 1/- PER SHARE,-90.06087712759349,-89.7955092951977,280.58,0,-90.13,-89.88,01-Aug-2025,03-Jul-2026,FACE VALUE SPLIT (SUB-DIVISION) - FROM RS 10/- PER SHARE TO RE 1/- PER SHARE,-89.7955092951977,31-JUL-26,-90.06087712759349,11.11111111111111,-11.50935882118678,https://nsearchives.nseindia.com/today/IVZINNIFTYEQN.svg,https://nsearchives.nseindia.com/30d/IVZINNIFTY-EQ.svg,https://nsearchives.nseindia.com/365d/IVZINNIFTY-EQ.svg,EQ
CONS,Kotak Nifty India Consumption ETF,12.65,12.65,12.29,12.29,-0.18,-1.44,80418,1006029.18,12.4483,13.2,10.2,27-FEB-26,FACE VALUE SPLIT (SUB-DIVISION) - FROM RS 10/- PER SHARE TO RE 1/- PER SHARE,-89.73695198329854,2.33139050791007,12.47,0,-89.6,2.97,01-Aug-2025,03-Jul-2026,FACE VALUE SPLIT (SUB-DIVISION) - FROM RS 10/- PER SHARE TO RE 1/- PER SHARE,2.33139050791007,27-FEB-26,-89.73695198329854,6.893939393939395,-20.490196078431374,https://nsearchives.nseindia.com/today/CONSEQN.svg,https://nsearchives.nseindia.com/30d/CONS-EQ.svg,https://nsearchives.nseindia.com/365d/CONS-EQ.svg,EQ
GROWWN200,Nifty 200 Index- Total Return Index,11.54,11.61,11.39,11.41,0.01,0.09,83575,965291.25,11.4553,12.14,9.91,-,-,2.3318385650224194,1.2422360248447255,11.4,0,2.98,0.35,01-Aug-2025,03-Jul-2026,-,1.2422360248447255,-,2.3318385650224194,6.013179571663924,-15.136226034308779,https://nsearchives.nseindia.com/today/GROWWN200EQN.svg,https://nsearchives.nseindia.com/30d/GROWWN200-EQ.svg,https://nsearchives.nseindia.com/365d/GROWWN200-EQ.svg,EQ
FLEXIADD,Nifty500 Flexicap Quality 30 TRI,10.12,10.33,10.12,10.28,0.09,0.88,90814,934476.06,10.2184,11.9,8.73,-,-,Infinity,6.971904266389179,10.19,0,0,4.09,,03-Jul-2026,-,6.971904266389179,-,Infinity,13.613445378151269,-17.754868270332175,https://nsearchives.nseindia.com/today/FLEXIADDEQN.svg,https://nsearchives.nseindia.com/30d/FLEXIADD-EQ.svg,,EQ
GSEC10IETF,ICICI Prudential Nifty 10 yr Benchmark G-Sec ETF,261.79,265.44,261.79,262.49,0.7,0.27,3465,911537.55,264.0464,266,252.23,-,-,1.7679215290970427,-0.30384746857078176,261.79,0,1.8,-1.58,01-Aug-2025,03-Jul-2026,-,-0.30384746857078176,-,1.7679215290970427,1.3195488721804478,-4.0677159735162425,https://nsearchives.nseindia.com/today/GSEC10IETFEQN.svg,https://nsearchives.nseindia.com/30d/GSEC10IETF-EQ.svg,https://nsearchives.nseindia.com/365d/GSEC10IETF-EQ.svg,EQ
CONSUMAXIS,NIFTY India Consumption Index,124.29,125.69,124.29,124.69,0.4,0.32,7213,904798.72,124.5213,131.85,105.63,-,-,Infinity,Infinity,124.29,0,0,2.86,,03-Jul-2026,-,Infinity,-,Infinity,5.430413348502084,-18.044116254851843,https://nsearchives.nseindia.com/today/CONSUMAXISEQN.svg,https://nsearchives.nseindia.com/30d/CONSUMAXIS-EQ.svg,,EQ
MOMENTUM30,Nifty 200 Momentum 30 Index,30.48,30.85,30.32,30.85,0.22,0.72,28217,867390.58,30.578,37.38,26.91,-,-,Infinity,0.22742040285900025,30.63,0,0,0.53,,03-Jul-2026,-,0.22742040285900025,-,Infinity,17.469234884965225,-14.641397250092906,https://nsearchives.nseindia.com/today/MOMENTUM30EQN.svg,https://nsearchives.nseindia.com/30d/MOMENTUM30-EQ.svg,,EQ
ELM250,Nifty LargeMidcap 250 TRI,16.34,17,16.34,16.99,0.32,1.92,47480,799563.2,16.737,19.2,14.43,-,-,Infinity,2.907328891580841,16.67,0,0,0.12,,03-Jul-2026,-,2.907328891580841,-,Infinity,11.510416666666671,-17.740817740817732,https://nsearchives.nseindia.com/today/ELM250EQN.svg,https://nsearchives.nseindia.com/30d/ELM250-EQ.svg,,EQ
MOSERVICE,Nifty Services Sector Total Return Index,31.61,31.86,31.59,31.7,0.21,0.67,24792,787889.76,31.4258,35.37,28.3,-,-,Infinity,2.655440414507773,31.49,0,0,0.7,,03-Jul-2026,-,2.655440414507773,-,Infinity,10.376024879841669,-12.014134275618371,https://nsearchives.nseindia.com/today/MOSERVICEEQN.svg,https://nsearchives.nseindia.com/30d/MOSERVICE-EQ.svg,,EQ
SMALLIETF,Nifty Smallcap 250 Index,18.15,18.25,18.05,18.22,0.24,1.33,41113,747845.47,17.9421,18.68,17.43,-,-,Infinity,2.3020774845592373,17.98,0,0,-0.33,,03-Jul-2026,-,2.3020774845592373,-,Infinity,2.4625267665952935,-4.532415375788865,https://nsearchives.nseindia.com/today/SMALLIETFEQN.svg,https://nsearchives.nseindia.com/30d/SMALLIETF-EQ.svg,,EQ
GROWWMC150,Nifty Midcap 150 Index - TRI,234.58,235.85,228.99,232.48,1.25,0.54,3130,734579.7,231.9751,245,193.6,-,-,Infinity,1.564001747487979,231.23,0,0,1.32,,03-Jul-2026,-,1.564001747487979,-,Infinity,5.110204081632657,-20.08264462809917,https://nsearchives.nseindia.com/today/GROWWMC150EQN.svg,https://nsearchives.nseindia.com/30d/GROWWMC150-EQ.svg,,EQ
HEALTHADD,DSP Nifty Healthcare ETF,17,17.06,16.8,16.8,-0.11,-0.65,43283,731049.87,16.9215,17.06,13.54,03-JUL-26,FACE VALUE SPLIT (SUB-DIVISION) - FROM RS 10/- PER UNIT TO RE 1/- PER UNIT,-88.798506467529,-89.64305529868689,16.91,0,-88.41,1.14,01-Aug-2025,03-Jul-2026,FACE VALUE SPLIT (SUB-DIVISION) - FROM RS 10/- PER UNIT TO RE 1/- PER UNIT,-89.64305529868689,03-JUL-26,-88.798506467529,1.52403282532238,-24.07680945347121,https://nsearchives.nseindia.com/today/HEALTHADDEQN.svg,https://nsearchives.nseindia.com/30d/HEALTHADD-EQ.svg,https://nsearchives.nseindia.com/365d/HEALTHADD-EQ.svg,EQ
SILVERBND,Commodity - Silver,217.87,218.47,212.01,217.85,1.06,0.49,3341,724997,217.14,389,180,-,-,Infinity,-1.8516849882861837,216.79,0,0,-6.55,,03-Jul-2026,-,-1.8516849882861837,-,Infinity,43.9974293059126,-21.027777777777775,https://nsearchives.nseindia.com/today/SILVERBNDEQN.svg,https://nsearchives.nseindia.com/30d/SILVERBND-EQ.svg,,EQ
SNXT30BEES,BSE Sensex Next 30 Index,42.94,43.65,42.94,43.65,0.71,1.65,16508,716942.44,42.9991,43.75,36.83,-,-,13.465037691707824,4.176610978520286,42.94,0,13,1.73,01-Aug-2025,03-Jul-2026,-,4.176610978520286,-,13.465037691707824,0.2285714285714318,-18.51751289709476,https://nsearchives.nseindia.com/today/SNXT30BEESEQN.svg,https://nsearchives.nseindia.com/30d/SNXT30BEES-EQ.svg,https://nsearchives.nseindia.com/365d/SNXT30BEES-EQ.svg,EQ
GROWWNXT50,Index,73.88,76.79,73.67,74.6,0.93,1.26,9217,690168.96,73.968,76.79,60.01,-,-,Infinity,2.8539914518130334,73.67,0,0,1.29,,03-Jul-2026,-,2.8539914518130334,-,Infinity,2.851933845552822,-24.312614564239286,https://nsearchives.nseindia.com/today/GROWWNXT50EQN.svg,https://nsearchives.nseindia.com/30d/GROWWNXT50-EQ.svg,,EQ
HDFCVALUE,HDFC NIFTY50 Value 20 ETF,128,128.72,128,128.3,1.23,0.97,5334,683925.48,126.8758,147.05,120,-,-,-2.2178187638137308,1.8011584543362773,127.07,0,-2.26,-0.25,01-Aug-2025,03-Jul-2026,-,1.8011584543362773,-,-2.2178187638137308,12.750765045902753,-6.916666666666676,https://nsearchives.nseindia.com/today/HDFCVALUEEQN.svg,https://nsearchives.nseindia.com/30d/HDFCVALUE-EQ.svg,https://nsearchives.nseindia.com/365d/HDFCVALUE-EQ.svg,EQ
IDFNIFTYET,Nifty 50,271.98,272.2,267.11,270.69,1.1,0.41,2385,647241.3,269.3699,340.8,244.32,-,-,-0.39006439742410387,2.3789712556732305,269.59,0,-0.1,0.55,01-Aug-2025,03-Jul-2026,-,2.3789712556732305,-,-0.39006439742410387,20.572183098591555,-10.793222003929275,https://nsearchives.nseindia.com/today/IDFNIFTYETEQN.svg,https://nsearchives.nseindia.com/30d/IDFNIFTYET-EQ.svg,https://nsearchives.nseindia.com/365d/IDFNIFTYET-EQ.svg,EQ
VALUE,Nifty 500 Value 50,16.32,16.4,16.32,16.37,0.14,0.86,38463,628870.05,16.2327,19.69,14.83,-,-,Infinity,1.1742892459827026,16.23,0,0,-0.18,,03-Jul-2026,-,1.1742892459827026,-,Infinity,16.86135093956323,-10.384356035064066,https://nsearchives.nseindia.com/today/VALUEEQN.svg,https://nsearchives.nseindia.com/30d/VALUE-EQ.svg,,EQ
SBIETFQLTY,Nifty 200 Quality 30 Index,225.74,227.85,225.74,225.85,0.26,0.12,2673,606236.4,225.2157,247.28,194,-,-,3.510701682020256,5.296284209054028,225.59,0,3.93,3.42,01-Aug-2025,03-Jul-2026,-,5.296284209054028,-,3.510701682020256,8.666289226787452,-16.417525773195873,https://nsearchives.nseindia.com/today/SBIETFQLTYEQN.svg,https://nsearchives.nseindia.com/30d/SBIETFQLTY-EQ.svg,https://nsearchives.nseindia.com/365d/SBIETFQLTY-EQ.svg,EQ
AONETMMQ50,Nifty Total Market Momentum Quality 50 TRI,10.09,10.15,9.93,10.05,0.01,0.10,58298,587060.86,10.0572,10.87,8,-,-,Infinity,-1.2770137524557859,10.04,0,0,-0.3,,03-Jul-2026,-,-1.2770137524557859,-,Infinity,7.5436982520699045,-25.625000000000007,https://nsearchives.nseindia.com/today/AONETMMQ50EQN.svg,https://nsearchives.nseindia.com/30d/AONETMMQ50-EQ.svg,,EQ
SMALLADD,Nifty Smallcap 250 Index,18.09,18.31,18.09,18.31,0.25,1.38,30591,557673.93,18.0158,18.74,14.01,-,-,Infinity,2.462227196418566,18.06,0,0,-0.17,,03-Jul-2026,-,2.462227196418566,-,Infinity,2.294557097118462,-30.692362598144175,https://nsearchives.nseindia.com/today/SMALLADDEQN.svg,https://nsearchives.nseindia.com/30d/SMALLADD-EQ.svg,,EQ
SBISMLETF,Nifty Smallcap 250 Index,18.2,18.35,17.88,18.18,0.3,1.68,29714,539606.24,17.9316,18.95,16.53,-,-,Infinity,2.0774845592363897,17.88,0,0,-0.28,,03-Jul-2026,-,2.0774845592363897,-,Infinity,4.063324538258573,-9.981851179673312,https://nsearchives.nseindia.com/today/SBISMLETFEQN.svg,https://nsearchives.nseindia.com/30d/SBISMLETF-EQ.svg,,EQ
GOLDBND,Commodity - Gold,143.38,143.9,141.06,142,0.04,0.03,3741,531596.1,141.7317,180.16,127.96,-,-,Infinity,1.624561654619631,141.96,0,0,-2.39,,03-Jul-2026,-,1.624561654619631,-,Infinity,21.181172291296622,-10.972178805876842,https://nsearchives.nseindia.com/today/GOLDBNDEQN.svg,https://nsearchives.nseindia.com/30d/GOLDBND-EQ.svg,,EQ
MIDCAPBETA,UTI Nifty Midcap 150 Exchange Traded Fund (ETF),233.55,236.63,233,236.2,3.2,1.37,2157,508404.9,233.8186,236.63,192.5,-,-,Infinity,2.2687911326636563,233,0,0,0.57,,03-Jul-2026,-,2.2687911326636563,-,Infinity,0.1817182943836398,-22.701298701298697,https://nsearchives.nseindia.com/today/MIDCAPBETAEQN.svg,https://nsearchives.nseindia.com/30d/MIDCAPBETA-EQ.svg,,EQ
SBIMIDMOM,Nifty Midcap 150 Momentum 50 Index,62.84,63.55,62.84,63.26,0.42,0.67,7784,492960.72,62.8719,67.74,53.86,-,-,Infinity,0.20592428322508388,62.84,0,0,0.96,,03-Jul-2026,-,0.20592428322508388,-,Infinity,6.613522291113075,-17.45265503156331,https://nsearchives.nseindia.com/today/SBIMIDMOMEQN.svg,https://nsearchives.nseindia.com/30d/SBIMIDMOM-EQ.svg,,EQ
MSCIADD,MSCI India Index,30.01,30.21,30.01,30.05,0.09,0.30,16332,491429.88,29.895,33.82,26.4,-,-,Infinity,2.2804628999319325,29.96,0,0,1.05,,03-Jul-2026,-,2.2804628999319325,-,Infinity,11.147250147841513,-13.825757575757585,https://nsearchives.nseindia.com/today/MSCIADDEQN.svg,https://nsearchives.nseindia.com/30d/MSCIADD-EQ.svg,,EQ
BNKETFAXIS,Nifty Bank,592.05,596.71,592.05,593.71,6.2,1.06,820,487432.6,590.4538,647.82,512.51,-,-,Infinity,Infinity,587.51,0,0,-1.67,,03-Jul-2026,-,Infinity,-,Infinity,8.352628816646602,-15.84359329574058,https://nsearchives.nseindia.com/today/BNKETFAXISEQN.svg,https://nsearchives.nseindia.com/30d/BNKETFAXIS-EQ.svg,,EQ
LICNETFN50,Nifty 50,274.06,276.47,274.06,276,3.17,1.16,1685,463307.6,273.4751,295,248.17,-,-,0.14513788098692934,2.6327532351628675,272.83,0,0.06,0.68,01-Aug-2025,03-Jul-2026,-,2.6327532351628675,-,0.14513788098692934,6.440677966101695,-11.214087117701581,https://nsearchives.nseindia.com/today/LICNETFN50EQN.svg,https://nsearchives.nseindia.com/30d/LICNETFN50-EQ.svg,https://nsearchives.nseindia.com/365d/LICNETFN50-EQ.svg,EQ
MOMNC,Nifty MNC ETF Total Return Index,33.92,34,33.03,33.5,0.57,1.73,13398,446555.34,32.9705,35.8,27.03,-,-,Infinity,2.196461256863938,32.93,0,0,0.34,,03-Jul-2026,-,2.196461256863938,-,Infinity,6.424581005586584,-23.936366999630035,https://nsearchives.nseindia.com/today/MOMNCEQN.svg,https://nsearchives.nseindia.com/30d/MOMNC-EQ.svg,,EQ
PVTBANK,Index,27.72,27.92,27.5,27.5,0,0.00,15780,438052.8,27.55,28.31,27.01,-,-,Infinity,Infinity,27.5,0,0,0,,,-,Infinity,-,Infinity,2.861179795125393,-1.814142910033315,https://nsearchives.nseindia.com/today/PVTBANKEQN.svg,,,EQ
SNXT50BETA,BSE Sensex Next 50,93.51,96.95,93.51,95.51,0.26,0.27,4438,426447.42,95.368,102.25,77.87,17-FEB-21, FACE VALUE SPLIT (SUB-DIVISION) - FROM RS 10/- PER UNIT TO RE 1/- PER UNIT,Infinity,2.6437399247716367,95.25,0,0,1.6,,03-Jul-2026, FACE VALUE SPLIT (SUB-DIVISION) - FROM RS 10/- PER UNIT TO RE 1/- PER UNIT,2.6437399247716367,17-FEB-21,Infinity,6.5916870415647875,-22.65313984846539,https://nsearchives.nseindia.com/today/SNXT50BETAEQN.svg,https://nsearchives.nseindia.com/30d/SNXT50BETA-EQ.svg,,EQ
HYBRIDETF,Nifty200 Momentum 30 Plus 8-13 yr G-Sec 50:50 Total Return Index,10.28,10.28,10.04,10.06,0.03,0.30,42360,426141.6,10.0214,10.28,10.02,-,-,Infinity,Infinity,10.03,0,0,0,,,-,Infinity,-,Infinity,2.1400778210116624,-0.39920159680639644,https://nsearchives.nseindia.com/today/HYBRIDETFEQN.svg,,,EQ
LOWVOL,Mirae Asset Nifty 100 Low Volatility 30 ETF,212.75,215,212.32,215,3.3,1.56,1969,419613.59,211.5947,219.1,183.58,-,-,5.155042551110237,5.890464933018129,211.7,0,4.45,2.24,01-Aug-2025,03-Jul-2026,-,5.890464933018129,-,5.155042551110237,1.8712916476494725,-17.11515415622616,https://nsearchives.nseindia.com/today/LOWVOLEQN.svg,https://nsearchives.nseindia.com/30d/LOWVOL-EQ.svg,https://nsearchives.nseindia.com/365d/LOWVOL-EQ.svg,EQ
GROWWPSE,Nifty PSE Index - TRI,100,101.8,97.5,101.8,2.28,2.29,4047,405145.17,99.8141,109.85,93.2,-,-,Infinity,1.6678318186357752,99.52,0,0,-0.74,,03-Jul-2026,-,1.6678318186357752,-,Infinity,7.328174783796084,-9.227467811158792,https://nsearchives.nseindia.com/today/GROWWPSEEQN.svg,https://nsearchives.nseindia.com/30d/GROWWPSE-EQ.svg,,EQ
FMCGADD,Nifty FMCG Index (TRI),49.85,50.25,49.67,50,0.57,1.15,7978,398580.88,49.327,51.09,47.87,-,-,Infinity,-0.03998400639744727,49.43,0,0,-1.73,,03-Jul-2026,-,-0.03998400639744727,-,Infinity,2.133489919749468,-4.449550866931278,https://nsearchives.nseindia.com/today/FMCGADDEQN.svg,https://nsearchives.nseindia.com/30d/FMCGADD-EQ.svg,,EQ
PVTBKGROWW,Nifty Private Bank Index - TRI,27.84,27.94,27.51,27.89,0.39,1.42,14226,395482.8,27.593,29.57,25.45,-,-,Infinity,-0.8531816565943777,27.5,0,0,-2.69,,03-Jul-2026,-,-0.8531816565943777,-,Infinity,5.68143388569496,-9.587426326129671,https://nsearchives.nseindia.com/today/PVTBKGROWWEQN.svg,https://nsearchives.nseindia.com/30d/PVTBKGROWW-EQ.svg,,EQ
BBETF0432,Nifty BHARAT Bond Index - April 2032,1356.77,1358,1355,1355,-1.86,-0.14,291,394930.65,1353.0681,1378,1262.29,-,-,5.446650220620852,0.6529441914708674,1356.86,0,5.54,0.09,01-Aug-2025,03-Jul-2026,-,0.6529441914708674,-,5.446650220620852,1.6690856313497824,-7.344588010679007,https://nsearchives.nseindia.com/today/BBETF0432EQN.svg,https://nsearchives.nseindia.com/30d/BBETF0432-EQ.svg,https://nsearchives.nseindia.com/365d/BBETF0432-EQ.svg,EQ
NEXT30ADD,BSE SENSEX Next 30 Index,43.63,43.69,43.47,43.47,0.28,0.65,8854,386477.1,43.1205,45.9,36.98,-,-,12.879771487925218,3.5739814152966405,43.19,0,13.57,1.62,01-Aug-2025,03-Jul-2026,-,3.5739814152966405,-,12.879771487925218,5.294117647058823,-17.55002704164414,https://nsearchives.nseindia.com/today/NEXT30ADDEQN.svg,https://nsearchives.nseindia.com/30d/NEXT30ADD-EQ.svg,https://nsearchives.nseindia.com/365d/NEXT30ADD-EQ.svg,EQ
BBNPPGOLD,Baroda BNP Paribas Gold ETF,136.85,137.8,136,137.05,-0.45,-0.33,2773,380649.71,137.306,184.05,94.5,-,-,42.02072538860104,1.3683431952662892,137.5,0,44.36,-2.24,01-Aug-2025,03-Jul-2026,-,1.3683431952662892,-,42.02072538860104,25.536538983971745,-45.02645502645504,https://nsearchives.nseindia.com/today/BBNPPGOLDEQN.svg,https://nsearchives.nseindia.com/30d/BBNPPGOLD-EQ.svg,https://nsearchives.nseindia.com/365d/BBNPPGOLD-EQ.svg,EQ
GROWWPSUBK,Nifty PSU Bank Index - TRI,84.9,85.45,83.1,84.54,0.79,0.94,4423,375689.62,83.9661,91.19,77.57,-,-,Infinity,-1.4800139843840998,83.75,0,0,-1.23,,03-Jul-2026,-,-1.4800139843840998,-,Infinity,7.292466279197271,-8.98543251256931,https://nsearchives.nseindia.com/today/GROWWPSUBKEQN.svg,https://nsearchives.nseindia.com/30d/GROWWPSUBK-EQ.svg,,EQ
HDFCLOWVOL,HDFC NIFTY100 Low Volatility 30 ETF,21.49,21.49,21.06,21.06,-0.04,-0.19,17547,373049.22,21.1373,22.28,18.35,20-OCT-23,FACE VALUE SPLIT (SUB-DIVISION) - FROM RS 126.18/- PER SHARE TO RS 12.618/- PER SHARE,3.2859244727807657,3.8973852984706423,21.1,0,4.15,2.38,01-Aug-2025,03-Jul-2026,FACE VALUE SPLIT (SUB-DIVISION) - FROM RS 126.18/- PER SHARE TO RS 12.618/- PER SHARE,3.8973852984706423,20-OCT-23,3.2859244727807657,5.475763016158,-14.76839237057219,https://nsearchives.nseindia.com/today/HDFCLOWVOLEQN.svg,https://nsearchives.nseindia.com/30d/HDFCLOWVOL-EQ.svg,https://nsearchives.nseindia.com/365d/HDFCLOWVOL-EQ.svg,EQ
UNIONGOLD,Commodity Gold,139.05,139.9,138.8,138.85,0.3,0.22,2454,341204.16,138.8803,177,93.75,-,-,43.14432989690721,1.8708730741012345,138.55,0,43.35,-2.64,01-Aug-2025,03-Jul-2026,-,1.8708730741012345,-,43.14432989690721,21.553672316384183,-48.106666666666655,https://nsearchives.nseindia.com/today/UNIONGOLDEQN.svg,https://nsearchives.nseindia.com/30d/UNIONGOLD-EQ.svg,https://nsearchives.nseindia.com/365d/UNIONGOLD-EQ.svg,EQ
SMALLGROWW,Nifty Smallcap 250 Momentum Quality 100 Index TRI,47.36,47.7,46.71,47.69,0.77,1.64,7049,334545.54,46.9765,49,45,-,-,Infinity,3.0021598272138244,46.92,0,0,-0.51,,03-Jul-2026,-,3.0021598272138244,-,Infinity,2.6734693877551066,-5.9777777777777725,https://nsearchives.nseindia.com/today/SMALLGROWWEQN.svg,https://nsearchives.nseindia.com/30d/SMALLGROWW-EQ.svg,,EQ
MSCI360,MSCI India Index,10.23,10.51,10.1,10.16,-0.07,-0.68,31339,323105.09,10.2187,11.6,9.6,-,-,Infinity,0.7936507936507944,10.23,0,0,0.89,,03-Jul-2026,-,0.7936507936507944,-,Infinity,12.41379310344827,-5.833333333333338,https://nsearchives.nseindia.com/today/MSCI360EQN.svg,https://nsearchives.nseindia.com/30d/MSCI360-EQ.svg,,EQ
INFRA,Nifty India Infrastructure & Logistics,12.15,12.28,12.15,12.28,0.14,1.15,23976,293226.48,12.1259,13.27,10.14,-,-,Infinity,-1.0475423045930763,12.14,0,0,-1.86,,03-Jul-2026,-,-1.0475423045930763,-,Infinity,7.460437076111532,-21.10453648915186,https://nsearchives.nseindia.com/today/INFRAEQN.svg,https://nsearchives.nseindia.com/30d/INFRA-EQ.svg,,EQ
SBINMID150,Nifty Midcap 150 Index,23.64,23.7,23.23,23.36,0.13,0.56,12408,290471.28,23.1878,23.97,19.81,-,-,Infinity,2.681318681318679,23.23,0,0,1.09,,03-Jul-2026,-,2.681318681318679,-,Infinity,2.54484772632457,-17.92024230186775,https://nsearchives.nseindia.com/today/SBINMID150EQN.svg,https://nsearchives.nseindia.com/30d/SBINMID150-EQ.svg,,EQ
EBANKNIFTY,Edelweiss Nifty Bank ETF,58.25,58.54,57.86,58.41,0.46,0.79,4830,280478.1,57.7435,69.39,50.05,-,-,3.839999999999994,0.2574665293511819,57.95,0,3.98,-1.08,01-Aug-2025,03-Jul-2026,-,0.2574665293511819,-,3.839999999999994,15.823605706874195,-16.703296703296704,https://nsearchives.nseindia.com/today/EBANKNIFTYEQN.svg,https://nsearchives.nseindia.com/30d/EBANKNIFTY-EQ.svg,https://nsearchives.nseindia.com/365d/EBANKNIFTY-EQ.svg,EQ
QUALITY30,Nifty200 Quality 30 Index,20.94,21.23,20.94,21.22,0.28,1.34,12969,274034.97,20.99,23.18,18.09,-,-,5.101535413571063,6.206206206206199,20.94,0,3.15,3.1,01-Aug-2025,03-Jul-2026,-,6.206206206206199,-,5.101535413571063,8.455565142364112,-17.302377003869534,https://nsearchives.nseindia.com/today/QUALITY30EQN.svg,https://nsearchives.nseindia.com/30d/QUALITY30-EQ.svg,https://nsearchives.nseindia.com/365d/QUALITY30-EQ.svg,EQ
SENSEXAXIS,AXIS S&P BSE SENSEX ETF,82.69,82.7,80.01,80.2,-0.87,-1.07,3300,268983,81.0153,91.35,73.52,-,-,Infinity,Infinity,81.07,0,0,0.09,,03-Jul-2026,-,Infinity,-,Infinity,12.205801860974265,-9.085963003264428,https://nsearchives.nseindia.com/today/SENSEXAXISEQN.svg,https://nsearchives.nseindia.com/30d/SENSEXAXIS-EQ.svg,,EQ
BSLSENETFG,BSE SENSEX Index,77.75,79.97,76.98,78,-0.55,-0.70,3241,256784.43,78.7194,87.82,70.32,25-NOV-21, FACE VALUE SPLIT (SUB-DIVISION) - FROM RS 10/- PER SHARE TO RE 1- PER SHARE,-4.094430099594244,0.8664166558903423,78.55,0,-2.47,0.54,01-Aug-2025,03-Jul-2026, FACE VALUE SPLIT (SUB-DIVISION) - FROM RS 10/- PER SHARE TO RE 1- PER SHARE,0.8664166558903423,25-NOV-21,-4.094430099594244,11.1819631063539,-10.921501706484653,https://nsearchives.nseindia.com/today/BSLSENETFGEQN.svg,https://nsearchives.nseindia.com/30d/BSLSENETFG-EQ.svg,https://nsearchives.nseindia.com/365d/BSLSENETFG-EQ.svg,EQ
NPBET,Nifty Private Bank Index,284.71,291.69,284.71,288.87,4.16,1.46,875,251081.25,285.0751,307,246.26,-,-,3.2711282711282625,-0.8409995880818305,284.71,0,2.31,-2.75,01-Aug-2025,03-Jul-2026,-,-0.8409995880818305,-,3.2711282711282625,5.905537459283386,-17.302850645659067,https://nsearchives.nseindia.com/today/NPBETEQN.svg,https://nsearchives.nseindia.com/30d/NPBET-EQ.svg,https://nsearchives.nseindia.com/365d/NPBET-EQ.svg,EQ
MOPSE,Nifty PSE Total Return Index,101.57,101.59,100,101.3,1.07,1.07,2427,245102.73,101.0297,114.7,92.55,-,-,4.411461554318699,-0.530243519245882,100.23,0,4.94,-1.41,01-Aug-2025,03-Jul-2026,-,-0.530243519245882,-,4.411461554318699,11.682650392327815,-9.45434900054025,https://nsearchives.nseindia.com/today/MOPSEEQN.svg,https://nsearchives.nseindia.com/30d/MOPSE-EQ.svg,https://nsearchives.nseindia.com/365d/MOPSE-EQ.svg,EQ
MOIPO,BSE Select IPO Total Return Index,47.46,48.01,47.29,48.01,0.88,1.87,5127,244814.25,47.0083,53,36.5,-,-,Infinity,3.782965845222655,47.13,0,0,2.81,,03-Jul-2026,-,3.782965845222655,-,Infinity,9.415094339622646,-31.53424657534246,https://nsearchives.nseindia.com/today/MOIPOEQN.svg,https://nsearchives.nseindia.com/30d/MOIPO-EQ.svg,,EQ
GSEC5IETF,Nifty 5 yr Benchmark G-Sec Index,67.16,67.16,66,66.02,-0.48,-0.72,3492,231973.56,66.1848,69.14,62,-,-,5.043754972155917,0.045461433550539686,66.5,0,4.72,0.99,01-Aug-2025,03-Jul-2026,-,0.045461433550539686,-,5.043754972155917,4.512583164593585,-6.483870967741929,https://nsearchives.nseindia.com/today/GSEC5IETFEQN.svg,https://nsearchives.nseindia.com/30d/GSEC5IETF-EQ.svg,https://nsearchives.nseindia.com/365d/GSEC5IETF-EQ.svg,EQ
DIVIDEND,BSE 500 Dividend Leaders,36.38,36.55,36.31,36.55,0.45,1.25,6132,222959.52,36.1191,38.03,33.15,-,-,Infinity,6.095791001451362,36.1,0,0,3,,03-Jul-2026,-,6.095791001451362,-,Infinity,3.891664475414157,-10.256410256410254,https://nsearchives.nseindia.com/today/DIVIDENDEQN.svg,https://nsearchives.nseindia.com/30d/DIVIDEND-EQ.svg,,EQ
MOMGF,Nifty India Manufacturing Total Return Index,168.42,168.42,163.44,163.44,-0.07,-0.04,1226,201235.64,162.9505,182.16,137.9,-,-,15.058078141499461,2.9024743436378424,163.51,0,17.02,2.42,01-Aug-2025,03-Jul-2026,-,2.9024743436378424,-,15.058078141499461,10.276679841897234,-18.520667150108768,https://nsearchives.nseindia.com/today/MOMGFEQN.svg,https://nsearchives.nseindia.com/30d/MOMGF-EQ.svg,https://nsearchives.nseindia.com/365d/MOMGF-EQ.svg,EQ
EQUAL200,BSE 200 Equal Weight,14.04,14.12,13.99,14.12,0.21,1.51,13473,189699.84,11.792,14.6,11.75,-,-,9.88326848249027,3.671071953010279,13.91,0,9.44,1.38,01-Aug-2025,03-Jul-2026,-,3.671071953010279,-,9.88326848249027,3.2876712328767153,-20.17021276595744,https://nsearchives.nseindia.com/today/EQUAL200EQN.svg,https://nsearchives.nseindia.com/30d/EQUAL200-EQ.svg,https://nsearchives.nseindia.com/365d/EQUAL200-EQ.svg,EQ
MOBANK10,BSE Top 10 Banks Total Return Index,17.13,17.21,17.06,17.2,-0.03,-0.17,10496,180111.36,16.9879,20,15.75,-,-,Infinity,-0.5205320994794671,17.23,0,0,-1.03,,03-Jul-2026,-,-0.5205320994794671,-,Infinity,14.000000000000004,-9.206349206349202,https://nsearchives.nseindia.com/today/MOBANK10EQN.svg,https://nsearchives.nseindia.com/30d/MOBANK10-EQ.svg,,EQ
ENIFTY,Nifty 50 TRI,25.08,25.08,24.6,24.84,0.25,1.02,6734,166733.84,24.5612,27.99,22.28,-,-,Infinity,2.942395358474931,24.59,0,0,0.61,,03-Jul-2026,-,2.942395358474931,-,Infinity,11.254019292604498,-11.490125673249546,https://nsearchives.nseindia.com/today/ENIFTYEQN.svg,https://nsearchives.nseindia.com/30d/ENIFTY-EQ.svg,,EQ
ESENSEX,BSE Sensex TRI,80.33,80.33,78.73,79.37,0.62,0.79,2051,162234.1,78.5877,88.05,71.87,-,-,Infinity,2.452562282173752,78.75,0,0,0.75,,03-Jul-2026,-,2.452562282173752,-,Infinity,9.85803520726859,-10.435508557117016,https://nsearchives.nseindia.com/today/ESENSEXEQN.svg,https://nsearchives.nseindia.com/30d/ESENSEX-EQ.svg,,EQ
LICNETFSEN,SENSEX,889,889,852,888.5,11.4,1.30,182,160869.8,881.8114,974.02,803,-,-,-2.3830189301134985,2.2510184822887593,877.1,0,-2.66,-0.32,01-Aug-2025,03-Jul-2026,-,2.2510184822887593,-,-2.3830189301134985,8.780107184657398,-10.647571606475717,https://nsearchives.nseindia.com/today/LICNETFSENEQN.svg,https://nsearchives.nseindia.com/30d/LICNETFSEN-EQ.svg,https://nsearchives.nseindia.com/365d/LICNETFSEN-EQ.svg,EQ
NEXT50ADD,Nifty Next 50 TRI,75.7,75.7,73.58,75,0.81,1.09,1968,146852.16,74.007,81,56.25,-,-,Infinity,3.576854025687065,74.19,0,0,2.53,,03-Jul-2026,-,3.576854025687065,-,Infinity,7.407407407407407,-33.333333333333336,https://nsearchives.nseindia.com/today/NEXT50ADDEQN.svg,https://nsearchives.nseindia.com/30d/NEXT50ADD-EQ.svg,,EQ
EMETAL,Nifty Metal Total Return Index,12.81,13.36,12.81,12.98,0.11,0.85,11246,145748.16,12.7089,15.21,12.41,-,-,Infinity,Infinity,12.87,0,0,0,,,-,Infinity,-,Infinity,14.66140696909928,-4.593070104754233,https://nsearchives.nseindia.com/today/EMETALEQN.svg,,,EQ
TWCGOLDETF,Commodity,141.35,141.83,140.51,141.03,-0.32,-0.23,984,139226.16,141.3061,187.98,123.31,-,-,Infinity,1.212860628678052,141.35,0,0,-2.33,,03-Jul-2026,-,1.212860628678052,-,Infinity,24.97606128311522,-14.370286270375477,https://nsearchives.nseindia.com/today/TWCGOLDETFEQN.svg,https://nsearchives.nseindia.com/30d/TWCGOLDETF-EQ.svg,,EQ
SENSEXADD,DSP S&P BSE Sensex ETF,78.35,81.32,78.35,81.02,0.66,0.82,1702,137879.02,80.5153,88.2,73.27,-,-,-1.936577099975803,2.5310048089091373,80.36,0,-2.51,0.2,01-Aug-2025,03-Jul-2026,-,2.5310048089091373,-,-1.936577099975803,8.140589569161005,-10.57731677357718,https://nsearchives.nseindia.com/today/SENSEXADDEQN.svg,https://nsearchives.nseindia.com/30d/SENSEXADD-EQ.svg,https://nsearchives.nseindia.com/365d/SENSEXADD-EQ.svg,EQ
MON50EQUAL,Nifty 50 Equal Weight Total Return Index,34.74,34.74,34,34.24,0.34,1.00,3849,131481.84,33.8277,34.88,29.43,-,-,9.743589743589753,3.7575757575757636,33.9,0,9.78,1.99,01-Aug-2025,03-Jul-2026,-,3.7575757575757636,-,9.743589743589753,1.8348623853211024,-16.343866802582408,https://nsearchives.nseindia.com/today/MON50EQUALEQN.svg,https://nsearchives.nseindia.com/30d/MON50EQUAL-EQ.svg,https://nsearchives.nseindia.com/365d/MON50EQUAL-EQ.svg,EQ
BANK10BETF,Index,20.98,21.15,20.82,20.98,0,0.00,5999,125919.01,20.9007,24.9,20.17,-,-,Infinity,Infinity,20.98,0,0,0,,,-,Infinity,-,Infinity,15.742971887550194,-4.01586514625681,https://nsearchives.nseindia.com/today/BANK10BETFEQN.svg,,,EQ
LICNFNHGP,Nifty 100,279.71,282.9,272.05,282.9,5.95,2.15,386,107987.36,279.359,296.41,248.02,-,-,2.129963898916959,2.723311546840959,276.95,0,1.26,-0.01,01-Aug-2025,03-Jul-2026,-,2.723311546840959,-,2.129963898916959,4.557875915117589,-14.063381985323751,https://nsearchives.nseindia.com/today/LICNFNHGPEQN.svg,https://nsearchives.nseindia.com/30d/LICNFNHGP-EQ.svg,https://nsearchives.nseindia.com/365d/LICNFNHGP-EQ.svg,EQ
GROWWLOVOL,Nifty 500 Low Volatility 50 Index   TRI,10.52,10.87,10.52,10.75,0.13,1.22,9128,97669.6,10.6559,11.1,9.39,-,-,7.931726907630513,5.185909980430522,10.62,0,7.49,2.61,01-Aug-2025,03-Jul-2026,-,5.185909980430522,-,7.931726907630513,3.1531531531531503,-14.483493077742272,https://nsearchives.nseindia.com/today/GROWWLOVOLEQN.svg,https://nsearchives.nseindia.com/30d/GROWWLOVOL-EQ.svg,https://nsearchives.nseindia.com/365d/GROWWLOVOL-EQ.svg,EQ
GILT5BETA,UTI Nifty 5 yr Benchmark G-Sec ETF,66.53,66.9,65.86,66.1,-0.63,-0.94,1443,95353.44,66.2461,66.95,61.51,-,-,Infinity,-0.7954374906198427,66.73,0,0,0.09,,03-Jul-2026,-,-0.7954374906198427,-,Infinity,1.2696041822255542,-7.462201268086485,https://nsearchives.nseindia.com/today/GILT5BETAEQN.svg,https://nsearchives.nseindia.com/30d/GILT5BETA-EQ.svg,,EQ
MOINFRA,BSE India Infrastructure Total Return Index,60.94,61.4,60.94,61.26,0.66,1.09,1467,89765.73,60.6391,66,54.6,-,-,3.6197564276048726,-2.436693741041569,60.6,0,4.05,-3.6,01-Aug-2025,03-Jul-2026,-,-2.436693741041569,-,3.6197564276048726,7.181818181818185,-12.197802197802192,https://nsearchives.nseindia.com/today/MOINFRAEQN.svg,https://nsearchives.nseindia.com/30d/MOINFRA-EQ.svg,https://nsearchives.nseindia.com/365d/MOINFRA-EQ.svg,EQ
SBIVALETF,Nifty200 Value 30 Index,15.04,15.16,15.04,15.1,0.13,0.87,5548,83608.36,14.9865,17.7,14.43,-,-,Infinity,0.8010680907877117,14.97,0,0,-0.33,,03-Jul-2026,-,0.8010680907877117,-,Infinity,14.68926553672316,-4.643104643104643,https://nsearchives.nseindia.com/today/SBIVALETFEQN.svg,https://nsearchives.nseindia.com/30d/SBIVALETF-EQ.svg,,EQ
GSEC10YEAR,Mirae Asset Nifty 8-13 yr G-Sec ETF,30.16,31.3,30.15,30.15,-0.16,-0.53,2318,70258.58,30.4156,31.33,28.39,-,-,3.076923076923072,-1.3738959764475032,30.31,0,3.38,-0.62,01-Aug-2025,03-Jul-2026,-,-1.3738959764475032,-,3.076923076923072,3.7663581232045957,-6.199365973934476,https://nsearchives.nseindia.com/today/GSEC10YEAREQN.svg,https://nsearchives.nseindia.com/30d/GSEC10YEAR-EQ.svg,https://nsearchives.nseindia.com/365d/GSEC10YEAR-EQ.svg,EQ
BBNPNBETF,Baroda BNP Paribas NIFTY Bank ETF,58.7,58.97,57.91,58.29,0.73,1.27,934,54340.12,57.7149,62.77,50.03,-,-,3.7004091798612317,-0.4950495049504936,57.56,0,2.66,-1.3,01-Aug-2025,03-Jul-2026,-,-0.4950495049504936,-,3.7004091798612317,7.137167436673576,-16.510093943633816,https://nsearchives.nseindia.com/today/BBNPNBETFEQN.svg,https://nsearchives.nseindia.com/30d/BBNPNBETF-EQ.svg,https://nsearchives.nseindia.com/365d/BBNPNBETF-EQ.svg,EQ
ABSLMSCIN,MSCI India Index,30.1,30.18,29.55,29.55,-0.32,-1.07,1644,49550.16,29.8741,35.34,26.34,-,-,Infinity,1.1293634496919982,29.87,0,0,1.01,,03-Jul-2026,-,1.1293634496919982,-,Infinity,16.383701188455014,-12.1867881548975,https://nsearchives.nseindia.com/today/ABSLMSCINEQN.svg,https://nsearchives.nseindia.com/30d/ABSLMSCIN-EQ.svg,,EQ
ABGSEC,Aditya Birla Sun Life CRISIL Broad Based Gilt ETF,113.67,114.98,113.33,113.63,-0.38,-0.33,182,20809.88,114.1869,116.23,108,-,-,2.860505114510724,-0.02639450994193308,114.01,0,3.55,-0.85,01-Aug-2025,03-Jul-2026,-,-0.02639450994193308,-,2.860505114510724,2.2369439903639408,-5.212962962962958,https://nsearchives.nseindia.com/today/ABGSECEQN.svg,https://nsearchives.nseindia.com/30d/ABGSEC-EQ.svg,https://nsearchives.nseindia.com/365d/ABGSEC-EQ.svg,EQ
LIQUIDBETA,Nifty 1D Rate Index,997.13,1002.68,997.13,1002.68,0.54,0.05,10,10004.5,1002.5336,1002.68,997.13,-,-,Infinity,Infinity,1002.14,0,0,0,,,-,Infinity,-,Infinity,0,-0.5565974346374049,https://nsearchives.nseindia.com/today/LIQUIDBETAEQN.svg,,,EQ
GILT10BETA,UTI Nifty 10 yr Benchmark G-Sec ETF,26.76,26.76,26.49,26.53,0.17,0.64,280,7425.6,26.5799,27.14,25.1,-,-,Infinity,0.11320754716981561,26.36,0,0,-0.26,,03-Jul-2026,-,0.11320754716981561,-,Infinity,2.247605011053793,-5.6972111553784845,https://nsearchives.nseindia.com/today/GILT10BETAEQN.svg,https://nsearchives.nseindia.com/30d/GILT10BETA-EQ.svg,,EQ
ENEXT50,Nifty Next 50 Total Return Index,74.25,74.25,73.7,74,0.34,0.46,89,6592.23,73.3617,74.25,68.59,-,-,Infinity,3.670495937237328,73.66,0,0,2.22,,03-Jul-2026,-,3.670495937237328,-,Infinity,0.3367003367003367,-7.887447149730276,https://nsearchives.nseindia.com/today/ENEXT50EQN.svg,https://nsearchives.nseindia.com/30d/ENEXT50-EQ.svg,,EQ
GSEC10ABSL,CRISIL 10 Year Gilt ETF,113.27,113.27,113.27,113.27,-0.15,-0.13,1,113.27,112.4962,115,107.65,-,-,3.1133363677742394,1.1248995625390508,113.42,0,3.28,0.76,01-Aug-2025,03-Jul-2026,-,1.1248995625390508,-,3.1133363677742394,1.50434782608696,-5.220622387366457,https://nsearchives.nseindia.com/today/GSEC10ABSLEQN.svg,https://nsearchives.nseindia.com/30d/GSEC10ABSL-EQ.svg,https://nsearchives.nseindia.com/365d/GSEC10ABSL-EQ.svg,EQ
