symbol,assets,open,high,low,ltP,chn,per,qty,trdVal,nav,wkhi,wklo,xDt,cAct,yPC,mPC,prevClose,stockIndClosePrice,perChange365d,perChange30d,date365dAgo,date30dAgo,CAct,MPC,XDt,YPC,nearWKH,nearWKL,chartTodayPath,chart30dPath,chart365dPath,series
SILVERBEES,Domestic price of Silver- based on LBMA Silver daily spot fixing price,206.2,208.1,205.9,206.5,0.3,0.15,19353667,4006015532.33,206.478,360,105.42,-,-,89.36267767079322,-0.7306989712527691,206.2,0,89.09,-0.18,28-Jul-2025,25-Jun-2026,-,-0.7306989712527691,-,89.36267767079322,42.638888888888886,-95.88313413014608,https://nsearchives.nseindia.com/today/SILVERBEESEQN.svg,https://nsearchives.nseindia.com/30d/SILVERBEES-EQ.svg,https://nsearchives.nseindia.com/365d/SILVERBEES-EQ.svg,EQ
LIQUIDPLUS,Nifty 1D Rate Index,1096.46,1096.48,1096.46,1096.48,0.17,0.02,2739165,3003384855.9,1096.315,1127.08,1018.24,-,-,5.110384692811329,0.40933691083415236,1096.31,0,5.09,0.41,28-Jul-2025,25-Jun-2026,-,0.40933691083415236,-,5.110384692811329,2.714980303084068,-7.6838466373350105,https://nsearchives.nseindia.com/today/LIQUIDPLUSEQN.svg,https://nsearchives.nseindia.com/30d/LIQUIDPLUS-EQ.svg,https://nsearchives.nseindia.com/365d/LIQUIDPLUS-EQ.svg,EQ
LIQUIDBEES,Government Securities,1000.01,1000.01,999.99,999.99,-0.01,-0.00,2770512,2770512000,1000,1029.99,969.99,19-SEP-17, EXIT OPTION PURSUANT TO CHANGE IN FUNDAMENTAL ATTRIBUTES OF ETF  ,0,-0.0009999999999990906,1000,0,0,0,28-Jul-2025,25-Jun-2026, EXIT OPTION PURSUANT TO CHANGE IN FUNDAMENTAL ATTRIBUTES OF ETF  ,-0.0009999999999990906,19-SEP-17,0,2.9126496373751203,-3.0928153898493798,https://nsearchives.nseindia.com/today/LIQUIDBEESEQN.svg,https://nsearchives.nseindia.com/30d/LIQUIDBEES-EQ.svg,https://nsearchives.nseindia.com/365d/LIQUIDBEES-EQ.svg,EQ
LIQUIDCASE,Zerodha Nifty 1D Rate Liquid ETF,115.23,115.23,115.21,115.23,0.04,0.03,21938841,2527573871.61,115.2044,115.23,102,-,-,5.0505971373871885,0.4095503659811771,115.19,0,5.01,0.39,28-Jul-2025,25-Jun-2026,-,0.4095503659811771,-,5.0505971373871885,0,-12.970588235294121,https://nsearchives.nseindia.com/today/LIQUIDCASEEQN.svg,https://nsearchives.nseindia.com/30d/LIQUIDCASE-EQ.svg,https://nsearchives.nseindia.com/365d/LIQUIDCASE-EQ.svg,EQ
GOLDBEES,Gold,116.83,117.15,116.33,116.89,0.06,0.05,19147325,2237173453,116.7154,148.14,80,19-DEC-19, FACE VALUE SPLIT (SUB-DIVISION) - FROM RS 100/- TO RS 1/-,42.49664756796294,0.3950871768444505,116.83,0,42.42,1.63,28-Jul-2025,25-Jun-2026, FACE VALUE SPLIT (SUB-DIVISION) - FROM RS 100/- TO RS 1/-,0.3950871768444505,19-DEC-19,42.49664756796294,21.094910220062097,-46.1125,https://nsearchives.nseindia.com/today/GOLDBEESEQN.svg,https://nsearchives.nseindia.com/30d/GOLDBEES-EQ.svg,https://nsearchives.nseindia.com/365d/GOLDBEES-EQ.svg,EQ
NIFTYBEES,Nifty 50,274.08,276.1,274.08,275.6,2.07,0.76,7110427,1959491472.66,273.1669,302.25,251.7,19-DEC-19, FACE VALUE SPLIT (SUB-DIVISION) - FROM RS 10/- TO RS 1/-,-1.0377392365973594,1.2639623750734852,273.53,0,-1.78,0.04,28-Jul-2025,25-Jun-2026, FACE VALUE SPLIT (SUB-DIVISION) - FROM RS 10/- TO RS 1/-,1.2639623750734852,19-DEC-19,-1.0377392365973594,8.817204301075261,-9.495431068732634,https://nsearchives.nseindia.com/today/NIFTYBEESEQN.svg,https://nsearchives.nseindia.com/30d/NIFTYBEES-EQ.svg,https://nsearchives.nseindia.com/365d/NIFTYBEES-EQ.svg,EQ
ITBEES,Nifty IT TRI,34,34.8,34,34.46,0.69,2.04,49334071,1706465515.89,33.8202,44.27,28.55,-,-,-10.817805383022774,14.790139906728852,33.77,0,-12.6,11.23,28-Jul-2025,25-Jun-2026,-,14.790139906728852,-,-10.817805383022774,22.15947594307658,-20.700525394045535,https://nsearchives.nseindia.com/today/ITBEESEQN.svg,https://nsearchives.nseindia.com/30d/ITBEES-EQ.svg,https://nsearchives.nseindia.com/365d/ITBEES-EQ.svg,EQ
LIQUID1,Kotak Nifty 1D Rate Liquid ETF,1116,1116,1115.66,1115.66,0.14,0.01,1212240,1352459800.8,1115.5192,1136.66,1030.28,-,-,5.12895413812275,0.410404104041056,1115.52,0,5.12,0.41,28-Jul-2025,25-Jun-2026,-,0.410404104041056,-,5.12895413812275,1.847518167261978,-8.287067593275625,https://nsearchives.nseindia.com/today/LIQUID1EQN.svg,https://nsearchives.nseindia.com/30d/LIQUID1-EQ.svg,https://nsearchives.nseindia.com/365d/LIQUID1-EQ.svg,EQ
TATSILV,Tata Silver Exchange Traded Fund,21.44,21.44,20.93,20.99,0.05,0.24,33468331,703504317.62,20.9894,35.1,10.44,-,-,89.9547511312217,-0.7095553453169448,20.94,0,89.5,-0.38,28-Jul-2025,25-Jun-2026,-,-0.7095553453169448,-,89.9547511312217,40.1994301994302,-101.0536398467433,https://nsearchives.nseindia.com/today/TATSILVEQN.svg,https://nsearchives.nseindia.com/30d/TATSILV-EQ.svg,https://nsearchives.nseindia.com/365d/TATSILV-EQ.svg,EQ
HDFCSML250,HDFC NIFTY Smallcap 250 ETF,181,181.48,179.07,181,1.94,1.08,2610013,471342247.67,178.7312,184.13,142.7,-,-,4.678734601815976,2.1559995484817662,179.06,0,3.56,0.65,28-Jul-2025,25-Jun-2026,-,2.1559995484817662,-,4.678734601815976,1.6998859501439176,-26.839523475823416,https://nsearchives.nseindia.com/today/HDFCSML250EQN.svg,https://nsearchives.nseindia.com/30d/HDFCSML250-EQ.svg,https://nsearchives.nseindia.com/365d/HDFCSML250-EQ.svg,EQ
CASHIETF,BSE Liquid Rate Index,1072.88,1072.9,1072.88,1072.9,0.15,0.01,393715,422412886.35,1072.7379,1099.28,1001.71,-,-,5.083251714005885,0.4080333913564422,1072.75,0,5.07,0.41,28-Jul-2025,25-Jun-2026,-,0.4080333913564422,-,5.083251714005885,2.3997525653154685,-7.106847291132169,https://nsearchives.nseindia.com/today/CASHIETFEQN.svg,https://nsearchives.nseindia.com/30d/CASHIETF-EQ.svg,https://nsearchives.nseindia.com/365d/CASHIETF-EQ.svg,EQ
TATAGOLD,Tata Gold Exchange Traded Fund,13.79,13.79,13.62,13.75,0.01,0.07,30275421,415681530.33,13.7211,17.7,8,-,-,42.93139293139294,0.5116959064327506,13.74,0,42.83,1.78,28-Jul-2025,25-Jun-2026,-,0.5116959064327506,-,42.93139293139294,22.31638418079096,-71.875,https://nsearchives.nseindia.com/today/TATAGOLDEQN.svg,https://nsearchives.nseindia.com/30d/TATAGOLD-EQ.svg,https://nsearchives.nseindia.com/365d/TATAGOLD-EQ.svg,EQ
SILVERIETF,Domestic Price of Silver,216.94,217.13,214.85,215.68,0.4,0.19,1828947,395143999.35,215.4574,373.5,109.77,-,-,89.95948564382596,-0.553301364810028,215.28,0,89.61,-0.48,28-Jul-2025,25-Jun-2026,-,-0.553301364810028,-,89.95948564382596,42.25435073627845,-96.48355652728434,https://nsearchives.nseindia.com/today/SILVERIETFEQN.svg,https://nsearchives.nseindia.com/30d/SILVERIETF-EQ.svg,https://nsearchives.nseindia.com/365d/SILVERIETF-EQ.svg,EQ
GOLDIETF,Gold,121.21,121.35,120.6,121.1,0.11,0.09,3087152,373884978.72,120.8816,158,82.44,-,-,43.11037579768375,0.36466103099618574,120.99,0,42.98,2.06,28-Jul-2025,25-Jun-2026,-,0.36466103099618574,-,43.11037579768375,23.354430379746837,-46.89471130519165,https://nsearchives.nseindia.com/today/GOLDIETFEQN.svg,https://nsearchives.nseindia.com/30d/GOLDIETF-EQ.svg,https://nsearchives.nseindia.com/365d/GOLDIETF-EQ.svg,EQ
HDFCSILVER,HDFC Silver ETF,206.73,208.25,206.01,206.94,0.86,0.42,1628287,337250803.44,206.5939,359,105.65,-,-,89.36676427525622,-0.6529044647143608,206.08,0,88.58,-0.17,28-Jul-2025,25-Jun-2026,-,-0.6529044647143608,-,89.36676427525622,42.35654596100279,-95.8731661145291,https://nsearchives.nseindia.com/today/HDFCSILVEREQN.svg,https://nsearchives.nseindia.com/30d/HDFCSILVER-EQ.svg,https://nsearchives.nseindia.com/365d/HDFCSILVER-EQ.svg,EQ
LIQUIDBETF,Bajaj Finserv Nifty 1D Rate Liquid ETF,1092.24,1092.26,1092.24,1092.25,0.14,0.01,279326,305091030.24,1092.0994,1116.24,1009.94,-,-,4.933230857911414,0.39708437123711415,1092.11,0,4.92,0.4,28-Jul-2025,25-Jun-2026,-,0.39708437123711415,-,4.933230857911414,2.1491793879452454,-8.149989108263851,https://nsearchives.nseindia.com/today/LIQUIDBETFEQN.svg,https://nsearchives.nseindia.com/30d/LIQUIDBETF-EQ.svg,https://nsearchives.nseindia.com/365d/LIQUIDBETF-EQ.svg,EQ
LIQUIDADD,DSP S&P BSE Liquid Rate ETF,1137.79,1137.82,1137.79,1137.82,0.17,0.01,255410,290608052.1,1137.6541,1151.22,1052.08,-,-,5.021136770596801,0.4032649459519026,1137.65,0,5.01,0.4,28-Jul-2025,25-Jun-2026,-,0.4032649459519026,-,5.021136770596801,1.1639825576345173,-8.149570374876436,https://nsearchives.nseindia.com/today/LIQUIDADDEQN.svg,https://nsearchives.nseindia.com/30d/LIQUIDADD-EQ.svg,https://nsearchives.nseindia.com/365d/LIQUIDADD-EQ.svg,EQ
HDFCGOLD,Gold,120.78,121.05,120.14,120.79,0.01,0.01,1987730,239859379.1,120.5737,152.3,83.05,17-FEB-21, FACE VALUE SPLIT (SUB-DIVISION) - FROM RS 100/- PER UNIT TO RE 1/- PER UNIT,42.84531693472091,0.37394050191125383,120.78,0,42.83,1.88,28-Jul-2025,25-Jun-2026, FACE VALUE SPLIT (SUB-DIVISION) - FROM RS 100/- PER UNIT TO RE 1/- PER UNIT,0.37394050191125383,17-FEB-21,42.84531693472091,20.689428759028235,-45.44250451535221,https://nsearchives.nseindia.com/today/HDFCGOLDEQN.svg,https://nsearchives.nseindia.com/30d/HDFCGOLD-EQ.svg,https://nsearchives.nseindia.com/365d/HDFCGOLD-EQ.svg,EQ
BANKBEES,Nifty Bank,589.3,592.7,589.25,591.6,4.06,0.69,398246,235466929.96,587.6494,638.99,515.98,19-DEC-19, FACE VALUE SPLIT (SUB-DIVISION) - FROM RS 10/- TO RS 1/-,2.372423817681572,-1.0702341137123708,587.54,0,1.67,-2.39,28-Jul-2025,25-Jun-2026, FACE VALUE SPLIT (SUB-DIVISION) - FROM RS 10/- TO RS 1/-,-1.0702341137123708,19-DEC-19,2.372423817681572,7.416391492824611,-14.655606806465366,https://nsearchives.nseindia.com/today/BANKBEESEQN.svg,https://nsearchives.nseindia.com/30d/BANKBEES-EQ.svg,https://nsearchives.nseindia.com/365d/BANKBEES-EQ.svg,EQ
GOLDCASE,Zerodha Gold ETF,22.33,22.33,22.16,22.24,0.01,0.04,10568168,234930374.64,22.2062,27.94,15.25,-,-,43.11454311454311,0.4516711833784908,22.23,0,43.05,1.88,28-Jul-2025,25-Jun-2026,-,0.4516711833784908,-,43.11454311454311,20.400858983536157,-45.83606557377048,https://nsearchives.nseindia.com/today/GOLDCASEEQN.svg,https://nsearchives.nseindia.com/30d/GOLDCASE-EQ.svg,https://nsearchives.nseindia.com/365d/GOLDCASE-EQ.svg,EQ
LIQUIDETF,Nifty1D rate index,1000.01,1000.01,999.99,1000.01,0.01,0.00,226485,226485000,1000,1025,997.55,-,-,0.002000020000198183,0.002000020000198183,1000,0,0,0,28-Jul-2025,25-Jun-2026,-,0.002000020000198183,-,0.002000020000198183,2.4380487804878057,-0.24660418024159556,https://nsearchives.nseindia.com/today/LIQUIDETFEQN.svg,https://nsearchives.nseindia.com/30d/LIQUIDETF-EQ.svg,https://nsearchives.nseindia.com/365d/LIQUIDETF-EQ.svg,EQ
SETFGOLD,Gold,120.62,120.8,120.09,120.45,-0.07,-0.06,1856369,223655337.12,120.3586,153.95,82.51,06-JAN-22,FACE VALUE SPLIT (SUB-DIVISION) - FROM RS 100/- PER SHARE TO RS 1/- PER SHARE,42.595004143482896,0.024912805181864422,120.52,0,42.68,1.84,28-Jul-2025,25-Jun-2026,FACE VALUE SPLIT (SUB-DIVISION) - FROM RS 100/- PER SHARE TO RS 1/- PER SHARE,0.024912805181864422,06-JAN-22,42.595004143482896,21.76031178954205,-45.982305175130286,https://nsearchives.nseindia.com/today/SETFGOLDEQN.svg,https://nsearchives.nseindia.com/30d/SETFGOLD-EQ.svg,https://nsearchives.nseindia.com/365d/SETFGOLD-EQ.svg,EQ
JUNIORBEES,Nippon India ETF Nifty Next 50 Junior BeES,783.8,784.15,781,783.5,3.92,0.50,249083,195066860.62,778.6044,798.07,632.34,10-MAR-14,DIVIDEND-RS.1 PER UNIT,9.358643310768365,1.3635893189815727,779.58,0,8.81,-0.01,28-Jul-2025,25-Jun-2026,DIVIDEND-RS.1 PER UNIT,1.3635893189815727,10-MAR-14,9.358643310768365,1.8256543912188214,-23.904861308789567,https://nsearchives.nseindia.com/today/JUNIORBEESEQN.svg,https://nsearchives.nseindia.com/30d/JUNIORBEES-EQ.svg,https://nsearchives.nseindia.com/365d/JUNIORBEES-EQ.svg,EQ
GOLD1,Gold,117.01,118.13,117.01,117.85,-0.04,-0.03,1598949,188324213.22,117.7863,158,80.77,22-JUL-21, FACE VALUE SPLIT (SUB-DIVISION) - FROM RS 10/- PER SHARE TO RE 1/- PER SHARE,42.848484848484844,0.2893370776955061,117.89,0,42.9,1.89,28-Jul-2025,25-Jun-2026, FACE VALUE SPLIT (SUB-DIVISION) - FROM RS 10/- PER SHARE TO RE 1/- PER SHARE,0.2893370776955061,22-JUL-21,42.848484848484844,25.411392405063292,-45.908134208245635,https://nsearchives.nseindia.com/today/GOLD1EQN.svg,https://nsearchives.nseindia.com/30d/GOLD1-EQ.svg,https://nsearchives.nseindia.com/365d/GOLD1-EQ.svg,EQ
LIQUIDIETF,S&P BSE Liquid Rate Index,1000,1000.01,999.99,999.99,0,0.00,183274,183272167.26,1000,1041.19,969.99,-,-,0,0,999.99,0,0,0,28-Jul-2025,25-Jun-2026,-,0,-,0,3.957010728109187,-3.0928153898493798,https://nsearchives.nseindia.com/today/LIQUIDIETFEQN.svg,https://nsearchives.nseindia.com/30d/LIQUIDIETF-EQ.svg,https://nsearchives.nseindia.com/365d/LIQUIDIETF-EQ.svg,EQ
MON100,Nasdaq100,315.36,315.36,315.36,315.36,-3.1,-0.97,573197,180763405.92,260.1627,342.55,197.81,17-JUN-21, FACE VALUE SPLIT (SUB-DIVISION) - FROM RS 10/- PER SHARE TO RE 1/- PER SHARE,53.84165081223474,-2.732712355807789,318.46,0,55.35,-2.26,28-Jul-2025,25-Jun-2026, FACE VALUE SPLIT (SUB-DIVISION) - FROM RS 10/- PER SHARE TO RE 1/- PER SHARE,-2.732712355807789,17-JUN-21,53.84165081223474,7.937527368267406,-59.4257115413781,https://nsearchives.nseindia.com/today/MON100EQN.svg,https://nsearchives.nseindia.com/30d/MON100-EQ.svg,https://nsearchives.nseindia.com/365d/MON100-EQ.svg,EQ
PSUBNKBEES,Nifty PSU Bank,92.73,93.5,92.55,93.14,0.41,0.44,1896775,176494913.75,92.6026,110.4,73.82,19-DEC-19, FACE VALUE SPLIT (SUB-DIVISION) - FROM RS 10/- TO RS 1/-,20.50718074783283,-2.491624790619761,92.73,0,19.98,-3.86,28-Jul-2025,25-Jun-2026, FACE VALUE SPLIT (SUB-DIVISION) - FROM RS 10/- TO RS 1/-,-2.491624790619761,19-DEC-19,20.50718074783283,15.634057971014496,-26.1717691682471,https://nsearchives.nseindia.com/today/PSUBNKBEESEQN.svg,https://nsearchives.nseindia.com/30d/PSUBNKBEES-EQ.svg,https://nsearchives.nseindia.com/365d/PSUBNKBEES-EQ.svg,EQ
PHARMABEES,Nifty Pharma TRI,26.06,27.12,26.06,27.1,0.37,1.38,6414684,172875733.8,26.7311,27.25,21.46,-,-,16.35895234006012,4.633204633204644,26.73,0,14.77,4.29,28-Jul-2025,25-Jun-2026,-,4.633204633204644,-,16.35895234006012,0.5504587155963251,-26.281453867660762,https://nsearchives.nseindia.com/today/PHARMABEESEQN.svg,https://nsearchives.nseindia.com/30d/PHARMABEES-EQ.svg,https://nsearchives.nseindia.com/365d/PHARMABEES-EQ.svg,EQ
SILVERAXIS,Axis Silver ETF,214.87,216.44,214.12,214.77,0.21,0.10,778048,167078027.52,214.6704,390.01,106.66,-,-,Infinity,Infinity,214.56,0,0,0,,,-,Infinity,-,Infinity,44.932181226122395,-101.35945996624791,https://nsearchives.nseindia.com/today/SILVERAXISEQN.svg,,,EQ
NIFTYIETF,Nifty 50,275.15,275.15,272.38,274.3,2.02,0.74,577808,158452287.84,271.7698,328.24,250.4,-,-,-0.9640033216593912,1.2812465384189446,272.28,0,-1.69,0.05,28-Jul-2025,25-Jun-2026,-,1.2812465384189446,-,-0.9640033216593912,16.43309773336583,-9.544728434504794,https://nsearchives.nseindia.com/today/NIFTYIETFEQN.svg,https://nsearchives.nseindia.com/30d/NIFTYIETF-EQ.svg,https://nsearchives.nseindia.com/365d/NIFTYIETF-EQ.svg,EQ
SILVER1,Kotak Silver ETF,21.09,21.1,20.76,20.94,0,0.00,7395387,155303127,20.9417,38.8,10.67,27-FEB-26,FACE VALUE SPLIT (SUB-DIVISION) - FROM RS 10/- PER SHARE TO RE 1/- PER SHARE,-81.02745311225877,-0.8053055423969595,20.94,0,-81.03,-0.62,28-Jul-2025,25-Jun-2026,FACE VALUE SPLIT (SUB-DIVISION) - FROM RS 10/- PER SHARE TO RE 1/- PER SHARE,-0.8053055423969595,27-FEB-26,-81.02745311225877,46.030927835051536,-96.2511715089035,https://nsearchives.nseindia.com/today/SILVER1EQN.svg,https://nsearchives.nseindia.com/30d/SILVER1-EQ.svg,https://nsearchives.nseindia.com/365d/SILVER1-EQ.svg,EQ
LOWVOLIETF,Nifty 100 Low Volatility 30 Index,22.39,22.72,22.39,22.63,0.23,1.03,6103689,138370629.63,22.41,26.81,19.84,01-MAR-24,FACE VALUE SPLIT (SUB-DIVISION) - FROM RS 10/- PER SHARE TO RE 1/- PER SHARE,4.141739530602846,4.237678489175487,22.4,0,3.08,2.8,28-Jul-2025,25-Jun-2026,FACE VALUE SPLIT (SUB-DIVISION) - FROM RS 10/- PER SHARE TO RE 1/- PER SHARE,4.237678489175487,01-MAR-24,4.141739530602846,15.591197314434913,-14.062499999999995,https://nsearchives.nseindia.com/today/LOWVOLIETFEQN.svg,https://nsearchives.nseindia.com/30d/LOWVOLIETF-EQ.svg,https://nsearchives.nseindia.com/365d/LOWVOLIETF-EQ.svg,EQ
SILVER,Physical price of Silver,215.49,217.2,215,215.7,0.21,0.10,608077,131259501.22,215.5437,371.89,109.82,-,-,89.67639817094617,-0.8503792231670985,215.49,0,89.49,-0.4,28-Jul-2025,25-Jun-2026,-,-0.8503792231670985,-,89.67639817094617,41.99897819247627,-96.41231105445274,https://nsearchives.nseindia.com/today/SILVEREQN.svg,https://nsearchives.nseindia.com/30d/SILVER-EQ.svg,https://nsearchives.nseindia.com/365d/SILVER-EQ.svg,EQ
SETFNIF50,Nifty 50,262.5,262.5,258.7,260.49,1.98,0.77,501433,130593210.52,258.1618,287.33,237.9,24-MAR-21, DIVIDEND - RS 1.30 PER SHARE,-1.0183531557548378,1.3264353508635542,258.51,0,-1.77,-0.06,28-Jul-2025,25-Jun-2026, DIVIDEND - RS 1.30 PER SHARE,1.3264353508635542,24-MAR-21,-1.0183531557548378,9.341175651689685,-9.495586380832284,https://nsearchives.nseindia.com/today/SETFNIF50EQN.svg,https://nsearchives.nseindia.com/30d/SETFNIF50-EQ.svg,https://nsearchives.nseindia.com/365d/SETFNIF50-EQ.svg,EQ
LIQUID,Mirae Asset Nifty 1D Rate Liquid ETF,999.99,1000,999.99,1000,0.01,0.00,130426,130424695.74,1000,1024.98,974.99,-,-,0.0010000100000990915,0.0010000100000990915,999.99,0,0,0,28-Jul-2025,25-Jun-2026,-,0.0010000100000990915,-,0.0010000100000990915,2.4371207243068174,-2.565154514405275,https://nsearchives.nseindia.com/today/LIQUIDEQN.svg,https://nsearchives.nseindia.com/30d/LIQUID-EQ.svg,https://nsearchives.nseindia.com/365d/LIQUID-EQ.svg,EQ
ITIETF,Nifty IT Index,34.48,34.9,34.24,34.4,0.62,1.84,3682663,127493793.06,33.8387,44.3,28.54,01-SEP-22,FACE VALUE SPLIT (SUB-DIVISION) - FROM RS 10/- PER UNIT TO RE 1/- PER UNIT,-10.880829015544048,14.47587354409317,33.78,0,-12.49,11.23,28-Jul-2025,25-Jun-2026,FACE VALUE SPLIT (SUB-DIVISION) - FROM RS 10/- PER UNIT TO RE 1/- PER UNIT,14.47587354409317,01-SEP-22,-10.880829015544048,22.34762979683973,-20.532585844428873,https://nsearchives.nseindia.com/today/ITIETFEQN.svg,https://nsearchives.nseindia.com/30d/ITIETF-EQ.svg,https://nsearchives.nseindia.com/365d/ITIETF-EQ.svg,EQ
SILVERCASE,Commodity-Silver,22.32,22.32,21.82,21.88,0,0.00,5636480,123551641.6,22.2062,38.01,10.52,-,-,88.94645941278065,-0.8159564823209416,21.88,0,88.95,0,28-Jul-2025,25-Jun-2026,-,-0.8159564823209416,-,88.94645941278065,42.43620099973691,-107.98479087452472,https://nsearchives.nseindia.com/today/SILVERCASEEQN.svg,https://nsearchives.nseindia.com/30d/SILVERCASE-EQ.svg,https://nsearchives.nseindia.com/365d/SILVERCASE-EQ.svg,EQ
LIQGRWBEES,Liquid,1049.45,1049.47,1049.45,1049.45,0.12,0.01,107948,113287108.08,1049.327,1056.29,995.55,-,-,4.8108421220837405,0.38453076724409874,1049.33,0,4.8,0.39,28-Jul-2025,25-Jun-2026,-,0.38453076724409874,-,4.8108421220837405,0.6475494419146179,-5.41409271257095,https://nsearchives.nseindia.com/today/LIQGRWBEESEQN.svg,https://nsearchives.nseindia.com/30d/LIQGRWBEES-EQ.svg,https://nsearchives.nseindia.com/365d/LIQGRWBEES-EQ.svg,EQ
SBISILVER,SBI SILVER ETF,211.43,213.25,211,211.6,0.17,0.08,519365,110115767.3,211.5984,362,105.15,-,-,89.06361686919227,-0.7318446237568035,211.43,0,88.91,-0.2,28-Jul-2025,25-Jun-2026,-,-0.7318446237568035,-,89.06361686919227,41.54696132596685,-101.23632905373275,https://nsearchives.nseindia.com/today/SBISILVEREQN.svg,https://nsearchives.nseindia.com/30d/SBISILVER-EQ.svg,https://nsearchives.nseindia.com/365d/SBISILVER-EQ.svg,EQ
MID150BEES,Nifty Midcap 150 TRI,239.07,239.49,237.12,238.73,1.64,0.69,444079,105930604.66,237.0557,240.89,190.43,-,-,8.656865868645024,1.9124866595517567,237.09,0,7.91,0.91,28-Jul-2025,25-Jun-2026,-,1.9124866595517567,-,8.656865868645024,0.8966748308356498,-25.363650685291173,https://nsearchives.nseindia.com/today/MID150BEESEQN.svg,https://nsearchives.nseindia.com/30d/MID150BEES-EQ.svg,https://nsearchives.nseindia.com/365d/MID150BEES-EQ.svg,EQ
MODEFENCE,Nifty India Defence Total Return Index,101.99,102.4,100.7,101.11,-0.19,-0.19,1042943,105431107.87,101.168,107.99,77.8,-,-,17.419579607478806,-1.920651857600159,101.3,0,17.64,-1.65,28-Jul-2025,25-Jun-2026,-,-1.920651857600159,-,17.419579607478806,6.37096027409945,-29.961439588688947,https://nsearchives.nseindia.com/today/MODEFENCEEQN.svg,https://nsearchives.nseindia.com/30d/MODEFENCE-EQ.svg,https://nsearchives.nseindia.com/365d/MODEFENCE-EQ.svg,EQ
METALIETF,Nifty Metal Index,12.46,12.79,12.46,12.78,0.32,2.57,7932541,100663945.29,12.4803,14.17,8.98,-,-,37.27175080558538,1.5091342335186617,12.46,0,33.83,-0.16,28-Jul-2025,25-Jun-2026,-,1.5091342335186617,-,37.27175080558538,9.809456598447428,-42.31625835189308,https://nsearchives.nseindia.com/today/METALIETFEQN.svg,https://nsearchives.nseindia.com/30d/METALIETF-EQ.svg,https://nsearchives.nseindia.com/365d/METALIETF-EQ.svg,EQ
CPSEETF,CPSE ETF,94.27,95.26,93.7,94.1,-0.17,-0.18,1019834,95803205.96,94.0968,112,85.67,-,-,3.6001321149399934,-2.9796886276935775,94.27,0,3.79,-1.95,28-Jul-2025,25-Jun-2026,-,-2.9796886276935775,-,3.6001321149399934,15.982142857142861,-9.840084043422427,https://nsearchives.nseindia.com/today/CPSEETFEQN.svg,https://nsearchives.nseindia.com/30d/CPSEETF-EQ.svg,https://nsearchives.nseindia.com/365d/CPSEETF-EQ.svg,EQ
MIDCAPETF,Mirae Asset Mutual Fund - Mirae Asset Nifty Midcap 150 ETF,23.41,23.66,23.41,23.61,0.2,0.85,3980002,93928047.2,23.4421,24.22,19.6,-,-,8.902214022140221,1.8990073370737923,23.41,0,7.98,0.64,28-Jul-2025,25-Jun-2026,-,1.8990073370737923,-,8.902214022140221,2.518579686209742,-20.459183673469376,https://nsearchives.nseindia.com/today/MIDCAPETFEQN.svg,https://nsearchives.nseindia.com/30d/MIDCAPETF-EQ.svg,https://nsearchives.nseindia.com/365d/MIDCAPETF-EQ.svg,EQ
SILVERBETA,UTI Silver Exchange Traded Fund (UTI Silver ETF),208.51,210.16,207.95,208.74,0.46,0.22,420796,87900076.44,208.4728,379.66,104.33,-,-,Infinity,-0.9208277957091312,208.28,0,0,-0.18,,25-Jun-2026,-,-0.9208277957091312,-,Infinity,45.01922773007428,-100.07667976612673,https://nsearchives.nseindia.com/today/SILVERBETAEQN.svg,https://nsearchives.nseindia.com/30d/SILVERBETA-EQ.svg,,EQ
GOLDETF,Mirae Asset Gold ETF,137.39,137.65,137.05,137.39,-0.32,-0.23,635283,87224355.9,137.2444,173.5,95.61,-,-,42.75768911055693,0.6962767516857143,137.71,0,43.09,1.97,28-Jul-2025,25-Jun-2026,-,0.6962767516857143,-,42.75768911055693,20.812680115273782,-43.69835791235226,https://nsearchives.nseindia.com/today/GOLDETFEQN.svg,https://nsearchives.nseindia.com/30d/GOLDETF-EQ.svg,https://nsearchives.nseindia.com/365d/GOLDETF-EQ.svg,EQ
HDFCLIQUID,HDFC Nifty 1D Rate Liquid ETF,1071.36,1071.36,1071.34,1071.36,0.17,0.02,78455,84051979.7,,1073.55,1009.91,28-FEB-25,CHANGE IN FUNDAMENTAL ATTRIBUTE OF HDFC NIFTY 1D RATE LIQUID ETF,4.926253109513638,0.4076812775887676,1071.19,0,4.91,0.4,28-Jul-2025,25-Jun-2026,CHANGE IN FUNDAMENTAL ATTRIBUTE OF HDFC NIFTY 1D RATE LIQUID ETF,0.4076812775887676,28-FEB-25,4.926253109513638,0.20399608774626748,-6.084700616886646,https://nsearchives.nseindia.com/today/HDFCLIQUIDEQN.svg,https://nsearchives.nseindia.com/30d/HDFCLIQUID-EQ.svg,https://nsearchives.nseindia.com/365d/HDFCLIQUID-EQ.svg,EQ
HNGSNGBEES,Hang Seng Index,494.03,495,488.55,490.58,1.45,0.30,165334,81501395.3,458.5024,579.92,412.23,19-DEC-19, FACE VALUE SPLIT (SUB-DIVISION) - FROM RS 10/- TO RS 1/-,11.242630385487525,2.752178284182303,489.13,0,10.91,3.55,28-Jul-2025,25-Jun-2026, FACE VALUE SPLIT (SUB-DIVISION) - FROM RS 10/- TO RS 1/-,2.752178284182303,19-DEC-19,11.242630385487525,15.405573182507931,-19.00637993353224,https://nsearchives.nseindia.com/today/HNGSNGBEESEQN.svg,https://nsearchives.nseindia.com/30d/HNGSNGBEES-EQ.svg,https://nsearchives.nseindia.com/365d/HNGSNGBEES-EQ.svg,EQ
AUTOBEES,Nifty Auto TRI,281.62,290.4,281.62,288,0.63,0.22,267654,77012085.42,287.6187,299.92,238.11,-,-,18.513641413933588,5.614433972642929,287.37,0,18.25,3.64,28-Jul-2025,25-Jun-2026,-,5.614433972642929,-,18.513641413933588,3.9743931715124083,-20.952500944941406,https://nsearchives.nseindia.com/today/AUTOBEESEQN.svg,https://nsearchives.nseindia.com/30d/AUTOBEES-EQ.svg,https://nsearchives.nseindia.com/365d/AUTOBEES-EQ.svg,EQ
GROWWPOWER,BSE Power Index - TRI,11.49,11.5,11.32,11.45,-0.01,-0.09,6746168,76906315.2,11.4164,13.2,7.75,-,-,Infinity,-6.224406224406237,11.46,0,0,-5.6,,25-Jun-2026,-,-6.224406224406237,-,Infinity,13.257575757575758,-47.74193548387096,https://nsearchives.nseindia.com/today/GROWWPOWEREQN.svg,https://nsearchives.nseindia.com/30d/GROWWPOWER-EQ.svg,,EQ
GOLDAXIS,Gold,114.68,118.06,114.68,117.71,0.08,0.07,631067,74257653.89,117.6229,150,80.46,23-JUL-20, FACE VALUE SPLIT (SUB-DIVISION) - FROM RS 100/- PER SHARE TO RE 1/- PER SHARE,Infinity,Infinity,117.63,0,0,0,,, FACE VALUE SPLIT (SUB-DIVISION) - FROM RS 100/- PER SHARE TO RE 1/- PER SHARE,Infinity,23-JUL-20,Infinity,21.52666666666667,-46.2962962962963,https://nsearchives.nseindia.com/today/GOLDAXISEQN.svg,,,EQ
FMCGIETF,Nifty FMCG Index,52.69,53.45,52.63,53.24,0.81,1.54,1384693,73762596.11,52.4779,62.3,48.55,10-MAY-24,FACE VALUE SPLIT (SUB-DIVISION) - FROM RS 10/- PER SHARE TO RE 1/- PER SHARE,-8.820003425244046,1.2167300380228148,52.43,0,-10.21,-0.93,28-Jul-2025,25-Jun-2026,FACE VALUE SPLIT (SUB-DIVISION) - FROM RS 10/- PER SHARE TO RE 1/- PER SHARE,1.2167300380228148,10-MAY-24,-8.820003425244046,14.542536115569817,-9.660144181256447,https://nsearchives.nseindia.com/today/FMCGIETFEQN.svg,https://nsearchives.nseindia.com/30d/FMCGIETF-EQ.svg,https://nsearchives.nseindia.com/365d/FMCGIETF-EQ.svg,EQ
MAFANG,NYSE FANG+ Total Return Index,191.36,191.36,191.06,191.36,0.24,0.13,354789,67885327.26,157.5819,208.38,148.67,-,-,24.07443428645531,3.3931272963043013,191.12,0,23.92,2.44,28-Jul-2025,25-Jun-2026,-,3.3931272963043013,-,24.07443428645531,8.16777041942604,-28.714602811596173,https://nsearchives.nseindia.com/today/MAFANGEQN.svg,https://nsearchives.nseindia.com/30d/MAFANG-EQ.svg,https://nsearchives.nseindia.com/365d/MAFANG-EQ.svg,EQ
MOM30IETF,ICICI Prudential Nifty 200 Momentum 30 ETF,30.59,30.78,30.57,30.71,0.14,0.46,2105783,64647538.1,30.5213,32.9,26,12-AUG-22,ADDITONAL ISSUANCE 9:1,-0.6148867313915785,-4.12113643459257,30.57,0,-1.07,-3.69,28-Jul-2025,25-Jun-2026,ADDITONAL ISSUANCE 9:1,-4.12113643459257,12-AUG-22,-0.6148867313915785,6.656534954407288,-18.11538461538462,https://nsearchives.nseindia.com/today/MOM30IETFEQN.svg,https://nsearchives.nseindia.com/30d/MOM30IETF-EQ.svg,https://nsearchives.nseindia.com/365d/MOM30IETF-EQ.svg,EQ
MOREALTY,Motilal Oswal Nifty Realty ETF,92.69,92.76,91.29,91.78,-0.44,-0.48,685556,63030018.64,92.2877,99.49,64,-,-,0.4267425320056905,12.392848395787418,92.22,0,0.91,11.94,28-Jul-2025,25-Jun-2026,-,12.392848395787418,-,0.4267425320056905,7.749522565081912,-43.40625,https://nsearchives.nseindia.com/today/MOREALTYEQN.svg,https://nsearchives.nseindia.com/30d/MOREALTY-EQ.svg,https://nsearchives.nseindia.com/365d/MOREALTY-EQ.svg,EQ
SMALLCAP,Mirae Asset Nifty Smallcap 250 Momentum Quality 100 ETF,46.65,47.23,46.64,47.16,0.52,1.11,1284290,60361630,46.6147,54.5,37.34,-,-,2.7898866608543895,2.055832070980298,46.64,0,1.66,0.47,28-Jul-2025,25-Jun-2026,-,2.055832070980298,-,2.7898866608543895,13.467889908256886,-26.29887520085697,https://nsearchives.nseindia.com/today/SMALLCAPEQN.svg,https://nsearchives.nseindia.com/30d/SMALLCAP-EQ.svg,https://nsearchives.nseindia.com/365d/SMALLCAP-EQ.svg,EQ
SILVERADD,DSP Silver ETF,207.8,209.59,207.37,207.73,-0.06,-0.03,286668,59704344.36,207.9799,390,106,-,-,89.4655235315578,-0.8969037736749315,207.79,0,89.52,-1.08,28-Jul-2025,25-Jun-2026,-,-0.8969037736749315,-,89.4655235315578,46.735897435897435,-95.97169811320752,https://nsearchives.nseindia.com/today/SILVERADDEQN.svg,https://nsearchives.nseindia.com/30d/SILVERADD-EQ.svg,https://nsearchives.nseindia.com/365d/SILVERADD-EQ.svg,EQ
MOSMALL250,Motilal Oswal Nifty Smallcap 250 ETF,18,18.1,17.86,18.1,0.23,1.29,3126929,56284722,17.8212,19.38,14.22,-,-,5.049332559489269,2.7241770715096503,17.87,0,3.71,0.79,28-Jul-2025,25-Jun-2026,-,2.7241770715096503,-,5.049332559489269,6.604747162022692,-27.28551336146273,https://nsearchives.nseindia.com/today/MOSMALL250EQN.svg,https://nsearchives.nseindia.com/30d/MOSMALL250-EQ.svg,https://nsearchives.nseindia.com/365d/MOSMALL250-EQ.svg,EQ
SENSEXIETF,SENSEX,889.22,893.31,886.57,892.49,10,1.13,62680,55793348.4,882.4947,999.84,731,-,-,-3.2489213624439026,1.4262336068368244,882.49,0,-4.33,-0.41,28-Jul-2025,25-Jun-2026,-,1.4262336068368244,-,-3.2489213624439026,10.736717874859979,-22.091655266757865,https://nsearchives.nseindia.com/today/SENSEXIETFEQN.svg,https://nsearchives.nseindia.com/30d/SENSEXIETF-EQ.svg,https://nsearchives.nseindia.com/365d/SENSEXIETF-EQ.svg,EQ
NEXT50IETF,Nifty Next 50,77.35,77.35,76.1,76.47,0.39,0.51,634810,48480439.7,75.9878,78.19,62.6,15-NOV-18, FACE VALUE SPLIT (SUB-DIVISION) - FROM RS 10/- PER SHARE TO RS 1/- PER SHARE,9.305317324185257,1.3518886679920423,76.08,0,8.75,-0.05,28-Jul-2025,25-Jun-2026, FACE VALUE SPLIT (SUB-DIVISION) - FROM RS 10/- PER SHARE TO RS 1/- PER SHARE,1.3518886679920423,15-NOV-18,9.305317324185257,2.1997697915334427,-22.15654952076677,https://nsearchives.nseindia.com/today/NEXT50IETFEQN.svg,https://nsearchives.nseindia.com/30d/NEXT50IETF-EQ.svg,https://nsearchives.nseindia.com/365d/NEXT50IETF-EQ.svg,EQ
PVTBANIETF,Nifty Private Bank Index,27.65,27.87,27.6,27.83,0.29,1.05,1743914,48341296.08,27.5508,30.32,24.18,01-MAR-24,FACE VALUE SPLIT (SUB-DIVISION) - FROM RS 10/- PER SHARE TO RE 1/- PER SHARE,1.8294914013904136,-1.8688293370945033,27.54,0,0.77,-3.74,28-Jul-2025,25-Jun-2026,FACE VALUE SPLIT (SUB-DIVISION) - FROM RS 10/- PER SHARE TO RE 1/- PER SHARE,-1.8688293370945033,01-MAR-24,1.8294914013904136,8.212401055408977,-15.095119933829606,https://nsearchives.nseindia.com/today/PVTBANIETFEQN.svg,https://nsearchives.nseindia.com/30d/PVTBANIETF-EQ.svg,https://nsearchives.nseindia.com/365d/PVTBANIETF-EQ.svg,EQ
EBBETF0430,Nifty BHARAT Bond,1617,1617,1607.99,1612.2,0.9,0.06,29793,47966730,1610.6663,1637.92,1232,-,-,5.336060057627101,0.40293199977580463,1611.3,0,5.28,0.71,28-Jul-2025,25-Jun-2026,-,0.40293199977580463,-,5.336060057627101,1.5702842629676679,-30.860389610389618,https://nsearchives.nseindia.com/today/EBBETF0430EQN.svg,https://nsearchives.nseindia.com/30d/EBBETF0430-EQ.svg,https://nsearchives.nseindia.com/365d/EBBETF0430-EQ.svg,EQ
ITETF,Mirae Asset Nifty IT ETF,32.5,33.25,32.5,32.9,0.63,1.95,1349677,44593328.08,32.261,42.02,27.22,-,-,-10.378643421411066,14.99475707794477,32.27,0,-12.09,11.66,28-Jul-2025,25-Jun-2026,-,14.99475707794477,-,-10.378643421411066,21.703950499762026,-20.867009551800148,https://nsearchives.nseindia.com/today/ITETFEQN.svg,https://nsearchives.nseindia.com/30d/ITETF-EQ.svg,https://nsearchives.nseindia.com/365d/ITETF-EQ.svg,EQ
ALPHA,NIFTY Alpha 50 Index,51.03,51.65,50.89,51.6,0.57,1.12,860789,44210123.04,50.941,53.6,42,-,-,4.242424242424245,-0.07745933384972724,51.03,0,3.09,-0.72,28-Jul-2025,25-Jun-2026,-,-0.07745933384972724,-,4.242424242424245,3.7313432835820897,-22.85714285714286,https://nsearchives.nseindia.com/today/ALPHAEQN.svg,https://nsearchives.nseindia.com/30d/ALPHA-EQ.svg,https://nsearchives.nseindia.com/365d/ALPHA-EQ.svg,EQ
HDFCNEXT50,HDFC NIFTY NEXT 50 ETF,73.97,74.18,73.69,73.81,0.23,0.31,596255,44116907.45,73.6222,75.97,59.99,20-OCT-23,FACE VALUE SPLIT (SUB-DIVISION) - FROM RS 418.18/- PER SHARE TO RS 41.81/- PER SHARE,8.848252470137147,1.2760702524698229,73.58,0,8.51,0.2,28-Jul-2025,25-Jun-2026,FACE VALUE SPLIT (SUB-DIVISION) - FROM RS 418.18/- PER SHARE TO RS 41.81/- PER SHARE,1.2760702524698229,20-OCT-23,8.848252470137147,2.8432275898380897,-23.03717286214369,https://nsearchives.nseindia.com/today/HDFCNEXT50EQN.svg,https://nsearchives.nseindia.com/30d/HDFCNEXT50-EQ.svg,https://nsearchives.nseindia.com/365d/HDFCNEXT50-EQ.svg,EQ
IT,NIFTY IT Index,34.1,34.87,33.79,34.4,0.61,1.81,1238440,42850024,33.8142,44.49,28.54,-,-,-10.672552583744482,14.47587354409317,33.79,0,-12.26,11.22,28-Jul-2025,25-Jun-2026,-,14.47587354409317,-,-10.672552583744482,22.679253764890994,-20.532585844428873,https://nsearchives.nseindia.com/today/ITEQN.svg,https://nsearchives.nseindia.com/30d/IT-EQ.svg,https://nsearchives.nseindia.com/365d/IT-EQ.svg,EQ
MOCAPITAL,Nifty Capital Market Total Return Index,52.87,53.25,52.82,53.11,0.25,0.47,763490,40472604.9,52.7219,57.25,41.15,-,-,20.704545454545453,-3.0839416058394122,52.86,0,20.14,-3.35,28-Jul-2025,25-Jun-2026,-,-3.0839416058394122,-,20.704545454545453,7.231441048034935,-29.064398541919807,https://nsearchives.nseindia.com/today/MOCAPITALEQN.svg,https://nsearchives.nseindia.com/30d/MOCAPITAL-EQ.svg,https://nsearchives.nseindia.com/365d/MOCAPITAL-EQ.svg,EQ
MIDCAPIETF,Nifty Midcap 150,23.98,23.98,23.79,23.9,0.11,0.46,1674671,39974396.77,23.7289,24.6,19.89,10-MAY-24,FACE VALUE SPLIT (SUB-DIVISION) - FROM RS 10/- PER SHARE TO RE 1/- PER SHARE,8.784706417842512,1.875532821824372,23.79,0,8.28,1.1,28-Jul-2025,25-Jun-2026,FACE VALUE SPLIT (SUB-DIVISION) - FROM RS 10/- PER SHARE TO RE 1/- PER SHARE,1.875532821824372,10-MAY-24,8.784706417842512,2.845528455284564,-20.16088486676721,https://nsearchives.nseindia.com/today/MIDCAPIETFEQN.svg,https://nsearchives.nseindia.com/30d/MIDCAPIETF-EQ.svg,https://nsearchives.nseindia.com/365d/MIDCAPIETF-EQ.svg,EQ
NIFTYETF,Nifty 50,262.5,264.15,262.01,263.96,3.21,1.23,146605,38631883.55,260.8102,289.05,239.81,-,-,-0.7258640791304701,1.4060699193238448,260.75,0,-1.93,-0.11,28-Jul-2025,25-Jun-2026,-,1.4060699193238448,-,-0.7258640791304701,8.680159142016963,-10.070472457362069,https://nsearchives.nseindia.com/today/NIFTYETFEQN.svg,https://nsearchives.nseindia.com/30d/NIFTYETF-EQ.svg,https://nsearchives.nseindia.com/365d/NIFTYETF-EQ.svg,EQ
GROWWLIQID,Nifty 1D Rate Index,110.11,110.12,110.11,110.12,0.03,0.03,340067,37444777.37,110.0951,110.9,102.89,-,-,4.836252856054834,0.4011670313639658,110.09,0,4.81,0.38,28-Jul-2025,25-Jun-2026,-,0.4011670313639658,-,4.836252856054834,0.7033363390441849,-7.026921955486446,https://nsearchives.nseindia.com/today/GROWWLIQIDEQN.svg,https://nsearchives.nseindia.com/30d/GROWWLIQID-EQ.svg,https://nsearchives.nseindia.com/365d/GROWWLIQID-EQ.svg,EQ
NEXT50,Nifty Next 50,745.4,749,745,748.9,6.33,0.85,49552,37060931.84,743.3602,753.43,617,-,-,9.672695321080758,1.5733080157330834,742.57,0,8.75,-0.18,28-Jul-2025,25-Jun-2026,-,1.5733080157330834,-,9.672695321080758,0.601250282043451,-21.37763371150729,https://nsearchives.nseindia.com/today/NEXT50EQN.svg,https://nsearchives.nseindia.com/30d/NEXT50-EQ.svg,https://nsearchives.nseindia.com/365d/NEXT50-EQ.svg,EQ
ENERGY,Nifty Energy,38.5,38.54,38.12,38.37,0.02,0.05,963129,36810790.38,38.3264,42.82,29,-,-,Infinity,-3.738083291520326,38.35,0,0,-3.57,,25-Jun-2026,-,-3.738083291520326,-,Infinity,10.392340028024295,-32.3103448275862,https://nsearchives.nseindia.com/today/ENERGYEQN.svg,https://nsearchives.nseindia.com/30d/ENERGY-EQ.svg,,EQ
SILVERAG,Mirae Asset Silver ETF,210.32,211.86,209.59,210.39,-0.02,-0.01,173428,36516999.68,210.221,380,104.32,-,-,Infinity,-0.7734754515870466,210.41,0,0,0.11,,25-Jun-2026,-,-0.7734754515870466,-,Infinity,44.63421052631579,-101.67753067484664,https://nsearchives.nseindia.com/today/SILVERAGEQN.svg,https://nsearchives.nseindia.com/30d/SILVERAG-EQ.svg,,EQ
SETFNN50,Nifty Next 50,773.65,781,773.65,778.55,5.31,0.69,45615,35504435.25,771.9267,840,636.01,02-NOV-17, DIVIDEND - RS 7/- PER UNIT,9.600900964313356,1.637054346548996,773.24,0,8.85,-0.09,28-Jul-2025,25-Jun-2026, DIVIDEND - RS 7/- PER UNIT,1.637054346548996,02-NOV-17,9.600900964313356,7.315476190476196,-22.41159730192921,https://nsearchives.nseindia.com/today/SETFNN50EQN.svg,https://nsearchives.nseindia.com/30d/SETFNN50-EQ.svg,https://nsearchives.nseindia.com/365d/SETFNN50-EQ.svg,EQ
ELIQUID,Nifty 1D Rate Index (Debt Index),1041.34,1041.36,1041.34,1041.35,0.16,0.02,33220,34593647,1041.203,1043,996,-,-,Infinity,0.41173294249238074,1041.19,0,0,0.41,,25-Jun-2026,-,0.41173294249238074,-,Infinity,0.1581975071908045,-4.553212851405613,https://nsearchives.nseindia.com/today/ELIQUIDEQN.svg,https://nsearchives.nseindia.com/30d/ELIQUID-EQ.svg,,EQ
BSLNIFTY,Nifty 50,28.85,28.85,28.04,28.45,0.3,1.07,1164287,33042465.06,28.1109,33,25.7,25-NOV-21, FACE VALUE SPLIT (SUB-DIVISION) - FROM RS 10/- PER SHARE TO RE 1/- PER SHARE,-0.6980802792321092,1.4621968616262488,28.15,0,-1.75,-0.11,28-Jul-2025,25-Jun-2026, FACE VALUE SPLIT (SUB-DIVISION) - FROM RS 10/- PER SHARE TO RE 1/- PER SHARE,1.4621968616262488,25-NOV-21,-0.6980802792321092,13.787878787878789,-10.700389105058367,https://nsearchives.nseindia.com/today/BSLNIFTYEQN.svg,https://nsearchives.nseindia.com/30d/BSLNIFTY-EQ.svg,https://nsearchives.nseindia.com/365d/BSLNIFTY-EQ.svg,EQ
ICICIB22,S&P BSE BHARAT 22 index,111.83,115.7,111.83,115.33,0.63,0.55,260991,30105311.85,114.72,131,103.6,-,-,8.037470725995314,-3.0758887301453877,114.7,0,7.45,-3.56,28-Jul-2025,25-Jun-2026,-,-3.0758887301453877,-,8.037470725995314,11.961832061068703,-11.322393822393828,https://nsearchives.nseindia.com/today/ICICIB22EQN.svg,https://nsearchives.nseindia.com/30d/ICICIB22-EQ.svg,https://nsearchives.nseindia.com/365d/ICICIB22-EQ.svg,EQ
HDFCNIFTY,Nifty 50,277.27,277.27,271.36,272.7,2.19,0.81,109707,29913807.69,270.2142,301.88,247.56,17-FEB-21, FACE VALUE SPLIT (SUB-DIVISION) - FROM RS 761.25/- PER UNIT TO RS 76.125/- PER UNIT,-0.9624114763028996,1.3340269778157536,270.51,0,-1.76,0.02,28-Jul-2025,25-Jun-2026, FACE VALUE SPLIT (SUB-DIVISION) - FROM RS 761.25/- PER UNIT TO RS 76.125/- PER UNIT,1.3340269778157536,17-FEB-21,-0.9624114763028996,9.666092487080963,-10.155113911778956,https://nsearchives.nseindia.com/today/HDFCNIFTYEQN.svg,https://nsearchives.nseindia.com/30d/HDFCNIFTY-EQ.svg,https://nsearchives.nseindia.com/365d/HDFCNIFTY-EQ.svg,EQ
METAL,Nifty Metal Total Return Index,12.83,12.83,12.51,12.82,0.3,2.40,2288596,29179599,12.5243,13.97,8.7,-,-,37.40621650589496,1.3438735177865606,12.52,0,34.19,-0.4,28-Jul-2025,25-Jun-2026,-,1.3438735177865606,-,37.40621650589496,8.231925554760203,-47.35632183908048,https://nsearchives.nseindia.com/today/METALEQN.svg,https://nsearchives.nseindia.com/30d/METAL-EQ.svg,https://nsearchives.nseindia.com/365d/METAL-EQ.svg,EQ
HDFCNIFIT,HDFC NIFTY IT ETF,33.53,33.53,32.63,33.2,0.65,2.00,855391,28475966.39,32.5296,42.3,27.32,02-FEB-24,FACE VALUE SPLIT (SUB-DIVISION) - FROM RS 299.92/- PER SHARE TO RS 29.992/- PER SHARE,-10.584433072986803,15.077989601386484,32.55,0,-12.34,11.43,28-Jul-2025,25-Jun-2026,FACE VALUE SPLIT (SUB-DIVISION) - FROM RS 299.92/- PER SHARE TO RS 29.992/- PER SHARE,15.077989601386484,02-FEB-24,-10.584433072986803,21.513002364066182,-21.52269399707175,https://nsearchives.nseindia.com/today/HDFCNIFITEQN.svg,https://nsearchives.nseindia.com/30d/HDFCNIFIT-EQ.svg,https://nsearchives.nseindia.com/365d/HDFCNIFIT-EQ.svg,EQ
GOLDBETA,Gold,118.1,119.2,118.1,118.95,-0.1,-0.08,233295,27736442.55,118.7533,149.35,81.35,25-MAR-21, FACE VALUE SPLIT (SUB-DIVISION) - FROM RS 100/- PER UNIT TO RE 1/- PER UNIT,Infinity,0.4645270270270246,119.05,0,0,1.84,,25-Jun-2026, FACE VALUE SPLIT (SUB-DIVISION) - FROM RS 100/- PER UNIT TO RE 1/- PER UNIT,0.4645270270270246,25-MAR-21,Infinity,20.354871108135246,-46.22003687768901,https://nsearchives.nseindia.com/today/GOLDBETAEQN.svg,https://nsearchives.nseindia.com/30d/GOLDBETA-EQ.svg,,EQ
GROWWHOSPI,BSE Hospitals Index,54,54.61,54,54.3,0.01,0.02,499994,27229673.24,54.1056,55.7,43.35,-,-,Infinity,1.6092814371257476,54.29,0,0,2.07,,25-Jun-2026,-,1.6092814371257476,-,Infinity,2.5134649910233495,-25.259515570934244,https://nsearchives.nseindia.com/today/GROWWHOSPIEQN.svg,https://nsearchives.nseindia.com/30d/GROWWHOSPI-EQ.svg,,EQ
MOM100,Nifty Midcap 100,69,69,67.34,67.85,0.51,0.76,380227,25760379.25,67.2799,69.2,56.15,-,-,9.683155512447454,2.168348140340307,67.34,0,8.86,0.91,28-Jul-2025,25-Jun-2026,-,2.168348140340307,-,9.683155512447454,1.9508670520231337,-20.83704363312555,https://nsearchives.nseindia.com/today/MOM100EQN.svg,https://nsearchives.nseindia.com/30d/MOM100-EQ.svg,https://nsearchives.nseindia.com/365d/MOM100-EQ.svg,EQ
TNIDETF,Nifty India Digital Index,85.87,89.34,85.87,89.27,1.65,1.88,278900,24833256,88.0925,103.26,74.5,-,-,-2.479790255625967,11.573553305836759,87.62,0,-4.28,8.49,28-Jul-2025,25-Jun-2026,-,11.573553305836759,-,-2.479790255625967,13.54832461747047,-19.825503355704694,https://nsearchives.nseindia.com/today/TNIDETFEQN.svg,https://nsearchives.nseindia.com/30d/TNIDETF-EQ.svg,https://nsearchives.nseindia.com/365d/TNIDETF-EQ.svg,EQ
GROWWSLVR,Commodity-Silver,21.24,21.34,21.11,21.15,0,0.00,1170779,24832222.59,21.1708,36.3,10.75,06-FEB-26,FACE VALUE SPLIT (SUB-DIVISION) - FROM RS 10/- PER UNIT TO RE 1/- PER UNIT,-81.15980758952433,-0.7508212106992029,21.15,0,-81.16,-0.19,28-Jul-2025,25-Jun-2026,FACE VALUE SPLIT (SUB-DIVISION) - FROM RS 10/- PER UNIT TO RE 1/- PER UNIT,-0.7508212106992029,06-FEB-26,-81.15980758952433,41.73553719008264,-96.7441860465116,https://nsearchives.nseindia.com/today/GROWWSLVREQN.svg,https://nsearchives.nseindia.com/30d/GROWWSLVR-EQ.svg,https://nsearchives.nseindia.com/365d/GROWWSLVR-EQ.svg,EQ
AUTOIETF,Nifty Auto Index,29.1,29.1,28.72,28.83,0.03,0.10,821574,23710625.64,28.8091,30.5,23.67,01-MAR-24,FACE VALUE SPLIT (SUB-DIVISION) - FROM RS 10/- PER SHARE TO RE 1/- PER SHARE,18.544407894736832,5.604395604395596,28.8,0,18.42,3.6,28-Jul-2025,25-Jun-2026,FACE VALUE SPLIT (SUB-DIVISION) - FROM RS 10/- PER SHARE TO RE 1/- PER SHARE,5.604395604395596,01-MAR-24,18.544407894736832,5.475409836065579,-21.799746514575396,https://nsearchives.nseindia.com/today/AUTOIETFEQN.svg,https://nsearchives.nseindia.com/30d/AUTOIETF-EQ.svg,https://nsearchives.nseindia.com/365d/AUTOIETF-EQ.svg,EQ
HDFCGROWTH,HDFC NIFTY Growth Sectors 15 ETF,119.8,121.5,119.73,121.31,2.04,1.71,190478,23036409.32,119.4273,133.3,107.86,-,-,2.848664688427299,8.98391878537418,119.27,0,1.12,5.9,28-Jul-2025,25-Jun-2026,-,8.98391878537418,-,2.848664688427299,8.9947486871718,-12.469868347858338,https://nsearchives.nseindia.com/today/HDFCGROWTHEQN.svg,https://nsearchives.nseindia.com/30d/HDFCGROWTH-EQ.svg,https://nsearchives.nseindia.com/365d/HDFCGROWTH-EQ.svg,EQ
HDFCBSE500,HDFC S&P BSE 500 ETF,37.22,37.82,37.22,37.81,0.61,1.64,595127,22287506.15,37.121,40,32.65,-,-,-2.926829268292684,2.1615779519049023,37.2,0,-4.49,0.24,28-Jul-2025,25-Jun-2026,-,2.1615779519049023,-,-2.926829268292684,5.474999999999994,-15.803981623277194,https://nsearchives.nseindia.com/today/HDFCBSE500EQN.svg,https://nsearchives.nseindia.com/30d/HDFCBSE500-EQ.svg,https://nsearchives.nseindia.com/365d/HDFCBSE500-EQ.svg,EQ
CONSUMBEES,Nifty India Consumption TRI,133.65,133.97,133.03,133.63,0.8,0.60,160890,21512601.9,132.7148,144.38,114,-,-,3.9275159433815388,4.692886242557188,132.83,0,3.31,3,28-Jul-2025,25-Jun-2026,-,4.692886242557188,-,3.9275159433815388,7.445629588585677,-17.21929824561403,https://nsearchives.nseindia.com/today/CONSUMBEESEQN.svg,https://nsearchives.nseindia.com/30d/CONSUMBEES-EQ.svg,https://nsearchives.nseindia.com/365d/CONSUMBEES-EQ.svg,EQ
BSLGOLDETF,Gold,123.82,124.62,123.82,124.3,-0.1,-0.08,170492,21190450.68,124.1317,155.99,84.76,25-NOV-21, FACE VALUE SPLIT (SUB-DIVISION) - FROM RS 10/- PER SHARE TO RE 0.10/- PER SHARE,42.97216471129515,0.44444444444444214,124.4,0,43.09,1.81,28-Jul-2025,25-Jun-2026, FACE VALUE SPLIT (SUB-DIVISION) - FROM RS 10/- PER SHARE TO RE 0.10/- PER SHARE,0.44444444444444214,25-NOV-21,42.97216471129515,20.31540483364319,-46.6493629070316,https://nsearchives.nseindia.com/today/BSLGOLDETFEQN.svg,https://nsearchives.nseindia.com/30d/BSLGOLDETF-EQ.svg,https://nsearchives.nseindia.com/365d/BSLGOLDETF-EQ.svg,EQ
TOP10ADD,Nifty Top 10 Equal Weight Index,87.98,89.13,87.98,88.75,1.44,1.65,237624,21108139.92,87.337,103.04,83.05,-,-,-6.5494366642097495,1.335921443251886,87.31,0,-8.07,-1.07,28-Jul-2025,25-Jun-2026,-,1.335921443251886,-,-6.5494366642097495,13.868400621118019,-6.863335340156535,https://nsearchives.nseindia.com/today/TOP10ADDEQN.svg,https://nsearchives.nseindia.com/30d/TOP10ADD-EQ.svg,https://nsearchives.nseindia.com/365d/TOP10ADD-EQ.svg,EQ
LTGILTBEES,NIFTY 8-13 yr G-Sec Index,30.17,30.17,29.95,29.96,-0.01,-0.03,703435,21081946.95,29.9864,30.46,27.93,-,-,3.7037037037037046,0.5031868500503258,29.97,0,3.74,0.6,28-Jul-2025,25-Jun-2026,-,0.5031868500503258,-,3.7037037037037046,1.6414970453053184,-7.268170426065167,https://nsearchives.nseindia.com/today/LTGILTBEESEQN.svg,https://nsearchives.nseindia.com/30d/LTGILTBEES-EQ.svg,https://nsearchives.nseindia.com/365d/LTGILTBEES-EQ.svg,EQ
MOMENTUM50,Nifty 500 Momentum 50 Total Return Index,52.19,52.24,51.78,52.2,0.38,0.73,402303,20927802.06,51.7227,55.88,44.96,-,-,1.123595505617988,-3.920485919381549,51.82,0,0.39,-3.41,28-Jul-2025,25-Jun-2026,-,-3.920485919381549,-,1.123595505617988,6.58554044380816,-16.103202846975094,https://nsearchives.nseindia.com/today/MOMENTUM50EQN.svg,https://nsearchives.nseindia.com/30d/MOMENTUM50-EQ.svg,https://nsearchives.nseindia.com/365d/MOMENTUM50-EQ.svg,EQ
GROWWDEFNC,Nifty India Defence Index- Total Return Index,92.43,92.88,91.51,92.2,-0.22,-0.24,221822,20398751.12,92.0054,99.44,71.78,-,-,18.02355350742447,-2.0711630377057917,92.42,0,18.31,-1.59,28-Jul-2025,25-Jun-2026,-,-2.0711630377057917,-,18.02355350742447,7.280772325020108,-28.44803566453051,https://nsearchives.nseindia.com/today/GROWWDEFNCEQN.svg,https://nsearchives.nseindia.com/30d/GROWWDEFNC-EQ.svg,https://nsearchives.nseindia.com/365d/GROWWDEFNC-EQ.svg,EQ
SBILIQETF,Nifty 1D Rate Index,1049.49,1049.49,1049.47,1049.47,0.15,0.01,19393,20352371.71,1049.3355,1087.09,984.99,-,-,Infinity,0.4142985628719527,1049.32,0,0,0.41,,25-Jun-2026,-,0.4142985628719527,-,Infinity,3.460615036473511,-6.546259352886833,https://nsearchives.nseindia.com/today/SBILIQETFEQN.svg,https://nsearchives.nseindia.com/30d/SBILIQETF-EQ.svg,,EQ
GROWWRAIL,Nifty India Railways PSU Index,28.74,29.19,28.72,29.19,0.51,1.78,633675,18439942.5,28.7287,37.21,27.8,-,-,-19.49806949806949,0.48192771084337543,28.68,0,-20.9,-2.42,28-Jul-2025,25-Jun-2026,-,0.48192771084337543,-,-19.49806949806949,21.553345874764847,-5.000000000000002,https://nsearchives.nseindia.com/today/GROWWRAILEQN.svg,https://nsearchives.nseindia.com/30d/GROWWRAIL-EQ.svg,https://nsearchives.nseindia.com/365d/GROWWRAIL-EQ.svg,EQ
NIFTY1,Nifty 50,266.16,269,266.16,268.2,2.04,0.77,58256,15638240.64,266.0977,320,244.8,27-JUL-17, FACE VALUE SPLIT (SUB-DIVISION) - FROM RS 10/- PER SHARE TO RS 1/- PER SHARE,-1.1134872059582768,1.2075471698113165,266.16,0,-1.87,-0.09,28-Jul-2025,25-Jun-2026, FACE VALUE SPLIT (SUB-DIVISION) - FROM RS 10/- PER SHARE TO RS 1/- PER SHARE,1.2075471698113165,27-JUL-17,-1.1134872059582768,16.187500000000004,-9.558823529411756,https://nsearchives.nseindia.com/today/NIFTY1EQN.svg,https://nsearchives.nseindia.com/30d/NIFTY1-EQ.svg,https://nsearchives.nseindia.com/365d/NIFTY1-EQ.svg,EQ
ESILVER,Edelweiss Silver ETF,215.44,217.43,215.14,215.9,0.78,0.36,70782,15310854.42,215.6673,375,107.19,-,-,89.08740585041163,-0.7265035865366858,215.12,0,88.4,-0.65,28-Jul-2025,25-Jun-2026,-,-0.7265035865366858,-,89.08740585041163,42.42666666666667,-101.4180427278664,https://nsearchives.nseindia.com/today/ESILVEREQN.svg,https://nsearchives.nseindia.com/30d/ESILVER-EQ.svg,https://nsearchives.nseindia.com/365d/ESILVER-EQ.svg,EQ
HDFCPVTBAN,HDFC NIFTY Private Bank ETF,28.46,28.46,27.85,28.08,0.31,1.12,541624,15170888.24,27.79,30.17,24.31,02-FEB-24,FACE VALUE SPLIT (SUB-DIVISION) - FROM RS 216.75/- PER SHARE TO RS 21.675/- PER SHARE,1.8498367791077186,-1.5082427218519932,27.77,0,0.73,-3.54,28-Jul-2025,25-Jun-2026,FACE VALUE SPLIT (SUB-DIVISION) - FROM RS 216.75/- PER SHARE TO RS 21.675/- PER SHARE,-1.5082427218519932,02-FEB-24,1.8498367791077186,6.927411335764015,-15.50802139037433,https://nsearchives.nseindia.com/today/HDFCPVTBANEQN.svg,https://nsearchives.nseindia.com/30d/HDFCPVTBAN-EQ.svg,https://nsearchives.nseindia.com/365d/HDFCPVTBAN-EQ.svg,EQ
PSUBANK,Nifty PSU Bank,83.8,83.8,83.11,83.47,0.29,0.35,180721,15068516.98,82.9878,101,66.26,10-JUL-26,FACE VALUE SPLIT (SUB-DIVISION) - FROM RS 10/- PER UNIT TO RE 1/- PER UNIT,-88.02662344182578,-90.2467808651352,83.18,0,-88.07,-90.37,28-Jul-2025,25-Jun-2026,FACE VALUE SPLIT (SUB-DIVISION) - FROM RS 10/- PER UNIT TO RE 1/- PER UNIT,-90.2467808651352,10-JUL-26,-88.02662344182578,17.356435643564357,-25.97343797162691,https://nsearchives.nseindia.com/today/PSUBANKEQN.svg,https://nsearchives.nseindia.com/30d/PSUBANK-EQ.svg,https://nsearchives.nseindia.com/365d/PSUBANK-EQ.svg,EQ
HEALTHIETF,Nifty Healthcare Index,169.13,171.89,169.13,171.64,2.51,1.48,87586,14956185.36,169.3695,172,138.65,-,-,12.891344383057088,3.7350417019219013,169.13,0,11.24,3.33,28-Jul-2025,25-Jun-2026,-,3.7350417019219013,-,12.891344383057088,0.20930232558140327,-23.79372520735664,https://nsearchives.nseindia.com/today/HEALTHIETFEQN.svg,https://nsearchives.nseindia.com/30d/HEALTHIETF-EQ.svg,https://nsearchives.nseindia.com/365d/HEALTHIETF-EQ.svg,EQ
SBIETFIT,Nifty IT Index,338,348,338,342,4.36,1.29,43062,14871031.08,337.5923,439.27,285,-,-,-11.284046692607005,14.201756436370912,337.64,0,-12.42,11.42,28-Jul-2025,25-Jun-2026,-,14.201756436370912,-,-11.284046692607005,22.14355635486147,-20,https://nsearchives.nseindia.com/today/SBIETFITEQN.svg,https://nsearchives.nseindia.com/30d/SBIETFIT-EQ.svg,https://nsearchives.nseindia.com/365d/SBIETFIT-EQ.svg,EQ
NEXT50BETA,Nifty Next 50,77.9,78.48,77.35,77.35,-0.56,-0.72,183856,14364669.28,77.7703,80.24,64.34,25-MAR-21, FACE VALUE SPLIT (SUB-DIVISION) - FROM RS 10/- PER UNIT TO Re 1/- PER UNIT,Infinity,0.3372681281618769,77.91,0,0,-0.04,,25-Jun-2026, FACE VALUE SPLIT (SUB-DIVISION) - FROM RS 10/- PER UNIT TO Re 1/- PER UNIT,0.3372681281618769,25-MAR-21,Infinity,3.6016949152542383,-20.22070251787378,https://nsearchives.nseindia.com/today/NEXT50BETAEQN.svg,https://nsearchives.nseindia.com/30d/NEXT50BETA-EQ.svg,,EQ
MIDSMALL,Mirae Asset Nifty MidSmallcap400 Momentum Quality 100 ETF,50.05,51.09,50.05,50.93,0.33,0.65,265164,13520712.36,50.5537,52.24,42.41,-,-,5.096987205943043,0.49329123914759276,50.6,0,4.42,-0.88,28-Jul-2025,25-Jun-2026,-,0.49329123914759276,-,5.096987205943043,2.5076569678407394,-20.089601509078058,https://nsearchives.nseindia.com/today/MIDSMALLEQN.svg,https://nsearchives.nseindia.com/30d/MIDSMALL-EQ.svg,https://nsearchives.nseindia.com/365d/MIDSMALL-EQ.svg,EQ
OILIETF,Nifty Oil & Gas Index,10.95,11.29,10.95,11.25,0.01,0.09,1195369,13435947.56,11.2325,14,9.8,-,-,-1.5748031496062969,0.5361930294906211,11.24,0,-1.66,-0.53,28-Jul-2025,25-Jun-2026,-,0.5361930294906211,-,-1.5748031496062969,19.642857142857142,-14.795918367346932,https://nsearchives.nseindia.com/today/OILIETFEQN.svg,https://nsearchives.nseindia.com/30d/OILIETF-EQ.svg,https://nsearchives.nseindia.com/365d/OILIETF-EQ.svg,EQ
NIF100BEES,Nifty 100 TRI,268.49,268.66,266.53,267.8,1.98,0.74,48596,13024213.96,265.7042,290,240,-,-,0.2545672356993137,1.2706095900771492,265.82,0,-0.49,0.07,28-Jul-2025,25-Jun-2026,-,1.2706095900771492,-,0.2545672356993137,7.6551724137931005,-11.583333333333337,https://nsearchives.nseindia.com/today/NIF100BEESEQN.svg,https://nsearchives.nseindia.com/30d/NIF100BEES-EQ.svg,https://nsearchives.nseindia.com/365d/NIF100BEES-EQ.svg,EQ
BANKNIFTY1,Nifty Bank,59.23,59.54,59.11,59.28,0.32,0.54,219236,13005079.52,58.9067,65.29,51.71,27-FEB-26,FACE VALUE SPLIT (SUB-DIVISION) - FROM RS 10/- PER SHARE TO RE 1/- PER SHARE,-89.75971255333484,-1.249375312343828,58.96,0,-89.81,-2.25,28-Jul-2025,25-Jun-2026,FACE VALUE SPLIT (SUB-DIVISION) - FROM RS 10/- PER SHARE TO RE 1/- PER SHARE,-1.249375312343828,27-FEB-26,-89.75971255333484,9.205085005360704,-14.639334751498742,https://nsearchives.nseindia.com/today/BANKNIFTY1EQN.svg,https://nsearchives.nseindia.com/30d/BANKNIFTY1-EQ.svg,https://nsearchives.nseindia.com/365d/BANKNIFTY1-EQ.svg,EQ
MAHKTECH,Hang Seng TECH Total Return Index,23.16,23.16,23.16,23.16,0.2,0.87,513436,11891177.76,19.4118,35.59,21,-,-,-2.607232968881417,6.336088154269967,22.96,0,-3.45,7.19,28-Jul-2025,25-Jun-2026,-,6.336088154269967,-,-2.607232968881417,34.925540882270305,-10.285714285714286,https://nsearchives.nseindia.com/today/MAHKTECHEQN.svg,https://nsearchives.nseindia.com/30d/MAHKTECH-EQ.svg,https://nsearchives.nseindia.com/365d/MAHKTECH-EQ.svg,EQ
ALPL30IETF,Nifty Alpha Low-Volatility 30 Index,28.66,28.66,27.68,28.13,0.16,0.57,421651,11861042.63,28.0188,28.72,24.35,10-MAY-24,FACE VALUE SPLIT (SUB-DIVISION) - FROM RS 10/- PER SHARE TO RE 1/- PER SHARE,3.6477523949889403,3.00256316367631,27.97,0,3.06,2.57,28-Jul-2025,25-Jun-2026,FACE VALUE SPLIT (SUB-DIVISION) - FROM RS 10/- PER SHARE TO RE 1/- PER SHARE,3.00256316367631,10-MAY-24,3.6477523949889403,2.0543175487465177,-15.523613963039004,https://nsearchives.nseindia.com/today/ALPL30IETFEQN.svg,https://nsearchives.nseindia.com/30d/ALPL30IETF-EQ.svg,https://nsearchives.nseindia.com/365d/ALPL30IETF-EQ.svg,EQ
MOMENTUM30,Nifty 200 Momentum 30 Index,30.45,30.46,30.02,30.04,0.02,0.07,382781,11525535.91,29.971,37.38,26.91,-,-,Infinity,-2.9088558500323276,30.02,0,0,-3.75,,25-Jun-2026,-,-2.9088558500323276,-,Infinity,19.63616907437133,-11.631363805276845,https://nsearchives.nseindia.com/today/MOMENTUM30EQN.svg,https://nsearchives.nseindia.com/30d/MOMENTUM30-EQ.svg,,EQ
SML100CASE,Nifty Smallcap 100 Index,10.85,11.02,10.75,11.01,0.16,1.47,1041974,11399195.56,10.8353,11.74,8.5,-,-,Infinity,4.162724692526012,10.85,0,0,2.17,,25-Jun-2026,-,4.162724692526012,-,Infinity,6.218057921635438,-29.52941176470588,https://nsearchives.nseindia.com/today/SML100CASEEQN.svg,https://nsearchives.nseindia.com/30d/SML100CASE-EQ.svg,,EQ
LIQUIDSBI,SBI NIFTY 1D Rate ETF,999.99,1000.01,999.99,1000,0,0.00,11280,11279887.2,1000,1010.02,970.23,-,-,0,-0.0009999900000990894,1000,0,0,0,28-Jul-2025,25-Jun-2026,-,-0.0009999900000990894,-,0,0.992059563176965,-3.068344619317067,https://nsearchives.nseindia.com/today/LIQUIDSBIEQN.svg,https://nsearchives.nseindia.com/30d/LIQUIDSBI-EQ.svg,https://nsearchives.nseindia.com/365d/LIQUIDSBI-EQ.svg,EQ
TECH,Nifty IT TRI Index,33.81,34.29,33.65,33.65,0.4,1.20,301111,10264873.99,33.3339,49.41,28,-,-,-10.719023613690633,13.682432432432423,33.25,0,-11.78,11.2,28-Jul-2025,25-Jun-2026,-,13.682432432432423,-,-10.719023613690633,31.896377251568506,-20.178571428571423,https://nsearchives.nseindia.com/today/TECHEQN.svg,https://nsearchives.nseindia.com/30d/TECH-EQ.svg,https://nsearchives.nseindia.com/365d/TECH-EQ.svg,EQ
GROWWGOLD,Commodity,13.89,13.89,13.78,13.83,0.03,0.22,740800,10230448,13.7989,18,9.61,06-FEB-26,FACE VALUE SPLIT (SUB-DIVISION) - FROM RS 10/- PER UNIT TO RE 1/- PER UNIT,-85.73049938093273,0.435729847494557,13.8,0,-85.76,0.51,28-Jul-2025,25-Jun-2026,FACE VALUE SPLIT (SUB-DIVISION) - FROM RS 10/- PER UNIT TO RE 1/- PER UNIT,0.435729847494557,06-FEB-26,-85.73049938093273,23.166666666666668,-43.91259105098856,https://nsearchives.nseindia.com/today/GROWWGOLDEQN.svg,https://nsearchives.nseindia.com/30d/GROWWGOLD-EQ.svg,https://nsearchives.nseindia.com/365d/GROWWGOLD-EQ.svg,EQ
NIFTYCASE,Nifty Index 50 Index,9.87,9.87,9.38,9.74,0.11,1.14,1033750,10037712.5,9.624,11.4,8.84,-,-,Infinity,1.5641293013555824,9.63,0,0,-0.1,,25-Jun-2026,-,1.5641293013555824,-,Infinity,14.56140350877193,-10.180995475113125,https://nsearchives.nseindia.com/today/NIFTYCASEEQN.svg,https://nsearchives.nseindia.com/30d/NIFTYCASE-EQ.svg,,EQ
NIFTYBETA,Nifty 50,267.41,269.17,267.23,268.18,2.08,0.78,37334,10030152.44,265.8403,297.48,244.9,25-SEP-23,FACE VALUE SPLIT (SUB-DIVISION) - FROM RS 10/- PER SHARE TO RE 1/- PER SHARE,Infinity,1.2458471760797385,266.1,0,0,0.04,,25-Jun-2026,FACE VALUE SPLIT (SUB-DIVISION) - FROM RS 10/- PER SHARE TO RE 1/- PER SHARE,1.2458471760797385,25-SEP-23,Infinity,9.84940164044642,-9.505920783993467,https://nsearchives.nseindia.com/today/NIFTYBETAEQN.svg,https://nsearchives.nseindia.com/30d/NIFTYBETA-EQ.svg,,EQ
BANKIETF,Nifty Bank,58.89,58.89,58.45,58.7,0.41,0.70,170495,10002941.65,58.2817,63.9,51.17,-,-,2.443280977312401,-0.8278425409697497,58.29,0,1.73,-2.3,28-Jul-2025,25-Jun-2026,-,-0.8278425409697497,-,2.443280977312401,8.137715179968694,-14.715653703341804,https://nsearchives.nseindia.com/today/BANKIETFEQN.svg,https://nsearchives.nseindia.com/30d/BANKIETF-EQ.svg,https://nsearchives.nseindia.com/365d/BANKIETF-EQ.svg,EQ
SMALLADD,Nifty Smallcap 250 Index,17.89,18.08,17.89,18.08,0.21,1.18,553067,9971798.01,17.8296,18.74,14.01,-,-,Infinity,1.9740552735476473,17.87,0,0,0.79,,25-Jun-2026,-,1.9740552735476473,-,Infinity,3.521878335112061,-29.050678087080644,https://nsearchives.nseindia.com/today/SMALLADDEQN.svg,https://nsearchives.nseindia.com/30d/SMALLADD-EQ.svg,,EQ
SHARIABEES,Shariah,466,472.91,462.52,472.29,9.77,2.11,20904,9846411.12,463.2138,534.61,433.68,10-MAR-14,DIVIDEND-RS.2 PER UNIT,-3.9299444681759916,5.1496126102057165,462.52,0,-5.92,2.92,28-Jul-2025,25-Jun-2026,DIVIDEND-RS.2 PER UNIT,5.1496126102057165,10-MAR-14,-3.9299444681759916,11.657095826864442,-8.90287769784173,https://nsearchives.nseindia.com/today/SHARIABEESEQN.svg,https://nsearchives.nseindia.com/30d/SHARIABEES-EQ.svg,https://nsearchives.nseindia.com/365d/SHARIABEES-EQ.svg,EQ
GROWWMETAL,Nifty Metal Index,11.49,12.15,11.49,12.15,0.36,3.05,772974,9306606.96,11.8228,13.45,10.03,-,-,Infinity,1.503759398496238,11.79,0,0,-0.51,,25-Jun-2026,-,1.503759398496238,-,Infinity,9.665427509293673,-21.136590229312077,https://nsearchives.nseindia.com/today/GROWWMETALEQN.svg,https://nsearchives.nseindia.com/30d/GROWWMETAL-EQ.svg,,EQ
MID150CASE,Zerodha Nifty Midcap 150 ETF,11.75,11.75,11.52,11.62,0.1,0.87,779754,9045146.4,11.5342,13,9.63,-,-,9.51932139491046,2.1987686895338614,11.52,0,8.58,1.05,28-Jul-2025,25-Jun-2026,-,2.1987686895338614,-,9.51932139491046,10.615384615384622,-20.664589823468308,https://nsearchives.nseindia.com/today/MID150CASEEQN.svg,https://nsearchives.nseindia.com/30d/MID150CASE-EQ.svg,https://nsearchives.nseindia.com/365d/MID150CASE-EQ.svg,EQ
SMALL250,Nifty Smallcap 250,17.45,18.08,17.45,18.04,0.23,1.29,502859,9026319.05,17.7836,19.95,14.16,-,-,Infinity,2.2096317280453293,17.81,0,0,0.62,,25-Jun-2026,-,2.2096317280453293,-,Infinity,9.573934837092732,-27.401129943502816,https://nsearchives.nseindia.com/today/SMALL250EQN.svg,https://nsearchives.nseindia.com/30d/SMALL250-EQ.svg,,EQ
GOLDADD,DSP Gold ETF,137.34,137.66,136.97,137.38,0.07,0.05,65537,9006094.54,137.1355,181,95.19,-,-,Infinity,0.4460042406960482,137.31,0,0,2.04,,25-Jun-2026,-,0.4460042406960482,-,Infinity,24.099447513812155,-44.3218825506881,https://nsearchives.nseindia.com/today/GOLDADDEQN.svg,https://nsearchives.nseindia.com/30d/GOLDADD-EQ.svg,,EQ
MASPTOP50,S&P 500 Top 50 Total Return Index,77.37,77.37,77.37,77.37,-0.53,-0.68,115811,8960297.07,64.1397,82.78,57.83,-,-,29.968083319334795,1.5221099593229377,77.9,0,30.86,1.82,28-Jul-2025,25-Jun-2026,-,1.5221099593229377,-,29.968083319334795,6.535395022952399,-33.78869099083522,https://nsearchives.nseindia.com/today/MASPTOP50EQN.svg,https://nsearchives.nseindia.com/30d/MASPTOP50-EQ.svg,https://nsearchives.nseindia.com/365d/MASPTOP50-EQ.svg,EQ
GROWWEV,Nifty EV and New Age Automotive Index,31,32.15,31,31.8,0,0.00,277306,8879338.12,31.8922,32.6,26.2,-,-,9.504132231404965,1.7925736235595464,31.8,0,9.5,0.6,28-Jul-2025,25-Jun-2026,-,1.7925736235595464,-,9.504132231404965,2.453987730061352,-21.374045801526723,https://nsearchives.nseindia.com/today/GROWWEVEQN.svg,https://nsearchives.nseindia.com/30d/GROWWEV-EQ.svg,https://nsearchives.nseindia.com/365d/GROWWEV-EQ.svg,EQ
MOENERGY,Nifty Energy Index,38.47,38.75,38.01,38.45,0.17,0.44,231686,8841137.76,38.2584,43,33,-,-,Infinity,-4.066866267465059,38.28,0,0,-3.79,,25-Jun-2026,-,-4.066866267465059,-,Infinity,10.581395348837203,-16.515151515151523,https://nsearchives.nseindia.com/today/MOENERGYEQN.svg,https://nsearchives.nseindia.com/30d/MOENERGY-EQ.svg,,EQ
SETFNIFBK,Nifty Bank,585.59,588,585.04,586.36,3.19,0.55,14769,8668369.17,583.0047,646.11,465.64,02-NOV-17, DIVIDEND - RS 3.50 PER UNIT,2.310161920714686,-1.1530681051921834,583.17,0,1.75,-2.47,28-Jul-2025,25-Jun-2026, DIVIDEND - RS 3.50 PER UNIT,-1.1530681051921834,02-NOV-17,2.310161920714686,9.247651328721116,-25.92560776565588,https://nsearchives.nseindia.com/today/SETFNIFBKEQN.svg,https://nsearchives.nseindia.com/30d/SETFNIFBK-EQ.svg,https://nsearchives.nseindia.com/365d/SETFNIFBK-EQ.svg,EQ
MONIFTY500,Motilal Oswal Nifty 500 ETF,23.73,23.9,23.58,23.61,-0.01,-0.04,360626,8590111.32,23.6338,28.28,20.75,-,-,1.3304721030042863,0.04237288135592377,23.62,0,1.37,-0.13,28-Jul-2025,25-Jun-2026,-,0.04237288135592377,-,1.3304721030042863,16.513437057991517,-13.78313253012048,https://nsearchives.nseindia.com/today/MONIFTY500EQN.svg,https://nsearchives.nseindia.com/30d/MONIFTY500-EQ.svg,https://nsearchives.nseindia.com/365d/MONIFTY500-EQ.svg,EQ
EVINDIA,Nifty EV and New Age Automotive Total Return Index,32.01,32.49,32,32.18,0.17,0.53,263618,8467410.16,32.0091,33,26.2,-,-,10.736407432897458,3.1410256410256423,32.01,0,10.15,1.11,28-Jul-2025,25-Jun-2026,-,3.1410256410256423,-,10.736407432897458,2.4848484848484858,-22.824427480916032,https://nsearchives.nseindia.com/today/EVINDIAEQN.svg,https://nsearchives.nseindia.com/30d/EVINDIA-EQ.svg,https://nsearchives.nseindia.com/365d/EVINDIA-EQ.svg,EQ
QGOLDHALF,Gold,117.11,117.35,116.83,117.06,0.01,0.01,71750,8401925,116.9273,149.69,80.09,16-DEC-21, FACE VALUE SPLIT (SUB-DIVISION) - FROM RS 100 PER SHARE TO RS 2 PER SHARE,43.105134474327635,0.23118417672745611,117.05,0,43.09,1.7,28-Jul-2025,25-Jun-2026, FACE VALUE SPLIT (SUB-DIVISION) - FROM RS 100 PER SHARE TO RS 2 PER SHARE,0.23118417672745611,16-DEC-21,43.105134474327635,21.798383325539447,-46.16056935947059,https://nsearchives.nseindia.com/today/QGOLDHALFEQN.svg,https://nsearchives.nseindia.com/30d/QGOLDHALF-EQ.svg,https://nsearchives.nseindia.com/365d/QGOLDHALF-EQ.svg,EQ
LOWVOL1,Kotak Nifty 100 Low Vol 30 ETF,21.52,21.65,21.49,21.65,0.13,0.60,387537,8366923.83,21.3549,22.9,18.77,-,-,5.148130160271971,5.148130160271971,21.52,0,4.52,3.61,28-Jul-2025,25-Jun-2026,-,5.148130160271971,-,5.148130160271971,5.458515283842795,-15.343633457645172,https://nsearchives.nseindia.com/today/LOWVOL1EQN.svg,https://nsearchives.nseindia.com/30d/LOWVOL1-EQ.svg,https://nsearchives.nseindia.com/365d/LOWVOL1-EQ.svg,EQ
MOMMIDCAP,BSE Midcap 150 Momentum 30 TRI,12.51,12.56,12.47,12.55,0.1,0.80,657153,8234127.09,12.4594,12.75,12.21,-,-,Infinity,Infinity,12.45,0,0,0,,,-,Infinity,-,Infinity,1.5686274509803866,-2.784602784602783,https://nsearchives.nseindia.com/today/MOMMIDCAPEQN.svg,,,EQ
AONELIQUID,Nifty 1D Rate Index,1070.23,1070.23,1070.21,1070.23,0.17,0.02,7641,8177551.02,1070.0748,1094.59,988.25,-,-,5.07594278028139,0.4071714717278441,1070.06,0,5.06,0.41,28-Jul-2025,25-Jun-2026,-,0.4071714717278441,-,5.07594278028139,2.22549082304789,-8.295471793574503,https://nsearchives.nseindia.com/today/AONELIQUIDEQN.svg,https://nsearchives.nseindia.com/30d/AONELIQUID-EQ.svg,https://nsearchives.nseindia.com/365d/AONELIQUID-EQ.svg,EQ
MAKEINDIA,Nifty India Manufacturing Total Return Index,162.6,163.65,162.55,163.6,1.49,0.92,49559,8088524.39,162.1574,167.77,138.33,-,-,13.241503426316878,1.8046048537647827,162.11,0,12.21,0.1,28-Jul-2025,25-Jun-2026,-,1.8046048537647827,-,13.241503426316878,2.4855456875484387,-18.267910070122156,https://nsearchives.nseindia.com/today/MAKEINDIAEQN.svg,https://nsearchives.nseindia.com/30d/MAKEINDIA-EQ.svg,https://nsearchives.nseindia.com/365d/MAKEINDIA-EQ.svg,EQ
ALPHAETF,Mirae Asset Nifty 200 Alpha 30 ETF,25.55,25.95,25.55,25.88,0.18,0.70,310635,8020595.7,25.6961,27,21.8,-,-,3.3546325878594243,-1.4095238095238134,25.7,0,2.64,-1.72,28-Jul-2025,25-Jun-2026,-,-1.4095238095238134,-,3.3546325878594243,4.1481481481481515,-18.715596330275222,https://nsearchives.nseindia.com/today/ALPHAETFEQN.svg,https://nsearchives.nseindia.com/30d/ALPHAETF-EQ.svg,https://nsearchives.nseindia.com/365d/ALPHAETF-EQ.svg,EQ
INFRAIETF,ICICI Prudential Nifty Infrastructure ETF,95.6,96.05,95.3,95.3,0.13,0.14,82069,7866313.65,95.3124,101,86.8,-,-,3.060452038498971,-1.406993585764535,95.17,0,2.92,-2.25,28-Jul-2025,25-Jun-2026,-,-1.406993585764535,-,3.060452038498971,5.643564356435646,-9.7926267281106,https://nsearchives.nseindia.com/today/INFRAIETFEQN.svg,https://nsearchives.nseindia.com/30d/INFRAIETF-EQ.svg,https://nsearchives.nseindia.com/365d/INFRAIETF-EQ.svg,EQ
GROWWNIFTY,Nifty 50 Index - TRI,9.93,9.93,9.69,9.81,0.12,1.24,772138,7551509.64,9.69,11.88,8.93,-,-,-0.9090909090909076,1.3429752066115783,9.69,0,-2.12,-0.31,28-Jul-2025,25-Jun-2026,-,1.3429752066115783,-,-0.9090909090909076,17.424242424242426,-9.854423292273246,https://nsearchives.nseindia.com/today/GROWWNIFTYEQN.svg,https://nsearchives.nseindia.com/30d/GROWWNIFTY-EQ.svg,https://nsearchives.nseindia.com/365d/GROWWNIFTY-EQ.svg,EQ
SILVER360,Commodity-Silver,213.78,213.78,212,212,-0.99,-0.46,34887,7413138.63,212.4265,358,105.81,-,-,88.93146778362001,-1.2069527936996147,212.99,0,89.81,0.04,28-Jul-2025,25-Jun-2026,-,-1.2069527936996147,-,88.93146778362001,40.78212290502793,-100.3591342973254,https://nsearchives.nseindia.com/today/SILVER360EQN.svg,https://nsearchives.nseindia.com/30d/SILVER360-EQ.svg,https://nsearchives.nseindia.com/365d/SILVER360-EQ.svg,EQ
FINIETF,ICICI Prudential Nifty Financial Services Ex-Bank ETF,32.57,32.79,32.53,32.78,0.35,1.08,218093,7129460.17,32.485,33.82,27.4,-,-,10.481968318166496,2.054794520547957,32.43,0,9.3,0.59,28-Jul-2025,25-Jun-2026,-,2.054794520547957,-,10.481968318166496,3.0751034890597255,-19.635036496350374,https://nsearchives.nseindia.com/today/FINIETFEQN.svg,https://nsearchives.nseindia.com/30d/FINIETF-EQ.svg,https://nsearchives.nseindia.com/365d/FINIETF-EQ.svg,EQ
EGOLD,Edelweiss Gold ETF,141.35,141.65,140.8,141.15,-0.15,-0.11,50362,7119675.94,141.0899,184.95,98.5,-,-,42.43188698284562,0.6776034236804687,141.3,0,42.58,1.29,28-Jul-2025,25-Jun-2026,-,0.6776034236804687,-,42.43188698284562,23.682076236820755,-43.29949238578681,https://nsearchives.nseindia.com/today/EGOLDEQN.svg,https://nsearchives.nseindia.com/30d/EGOLD-EQ.svg,https://nsearchives.nseindia.com/365d/EGOLD-EQ.svg,EQ
SILVERBND,Commodity - Silver,217.2,218.99,216.31,216.31,-0.54,-0.25,32636,7091476.44,216.7077,389,180,-,-,Infinity,-0.8843475073313813,216.85,0,0,-0.2,,25-Jun-2026,-,-0.8843475073313813,-,Infinity,44.39331619537275,-20.17222222222222,https://nsearchives.nseindia.com/today/SILVERBNDEQN.svg,https://nsearchives.nseindia.com/30d/SILVERBND-EQ.svg,,EQ
MONQ50,Nasdaq Q-50 Total Return Index,140.71,140.71,140.26,140.71,-0.17,-0.12,49092,6907244.4,116.7393,147.24,77.21,-,-,80.16645326504484,-2.5284012191742904,140.88,0,80.38,-2.02,28-Jul-2025,25-Jun-2026,-,-2.5284012191742904,-,80.16645326504484,4.43493615865254,-82.24323274187284,https://nsearchives.nseindia.com/today/MONQ50EQN.svg,https://nsearchives.nseindia.com/30d/MONQ50-EQ.svg,https://nsearchives.nseindia.com/365d/MONQ50-EQ.svg,EQ
DIVOPPBEES,Nifty Dividend Opportunities 50 TRI,78,78.44,76.54,78.25,1.26,1.64,86002,6731376.54,77.4869,87.09,72.13,-,-,2.3143305439330493,2.8522607781282883,76.99,0,0.67,0.8,28-Jul-2025,25-Jun-2026,-,2.8522607781282883,-,2.3143305439330493,10.150419106671263,-8.484680438097886,https://nsearchives.nseindia.com/today/DIVOPPBEESEQN.svg,https://nsearchives.nseindia.com/30d/DIVOPPBEES-EQ.svg,https://nsearchives.nseindia.com/365d/DIVOPPBEES-EQ.svg,EQ
BFSI,Nifty Financial Services Index,27.15,27.34,27.12,27.26,0.22,0.81,244623,6668422.98,27.0383,29.94,24.03,-,-,-0.5835156819839538,-1.2676566461426941,27.04,0,-1.39,-2.7,28-Jul-2025,25-Jun-2026,-,-1.2676566461426941,-,-0.5835156819839538,8.95123580494322,-13.44153141905951,https://nsearchives.nseindia.com/today/BFSIEQN.svg,https://nsearchives.nseindia.com/30d/BFSI-EQ.svg,https://nsearchives.nseindia.com/365d/BFSI-EQ.svg,EQ
COMMOIETF,ICICI Prudential Nifty Commodities ETF,99.36,100.08,98.85,100,1.13,1.14,65223,6505342.02,98.9704,110.56,86.79,-,-,12.85407967498025,0.36130068245684405,98.87,0,11.58,-1.63,28-Jul-2025,25-Jun-2026,-,0.36130068245684405,-,12.85407967498025,9.551374819102751,-15.220647540039167,https://nsearchives.nseindia.com/today/COMMOIETFEQN.svg,https://nsearchives.nseindia.com/30d/COMMOIETF-EQ.svg,https://nsearchives.nseindia.com/365d/COMMOIETF-EQ.svg,EQ
HDFCMID150,HDFC NIFTY Midcap 150 ETF,23.85,23.85,23.03,23.41,0.14,0.60,278104,6502071.52,23.2199,24,19.42,20-OCT-23,FACE VALUE SPLIT (SUB-DIVISION) - FROM RS 115.95/- PER SHARE TO RS 11.59/- PER SHARE,8.833100883310081,1.65002171081198,23.27,0,8.18,1.17,28-Jul-2025,25-Jun-2026,FACE VALUE SPLIT (SUB-DIVISION) - FROM RS 115.95/- PER SHARE TO RS 11.59/- PER SHARE,1.65002171081198,20-OCT-23,8.833100883310081,2.4583333333333326,-20.5458290422245,https://nsearchives.nseindia.com/today/HDFCMID150EQN.svg,https://nsearchives.nseindia.com/30d/HDFCMID150-EQ.svg,https://nsearchives.nseindia.com/365d/HDFCMID150-EQ.svg,EQ
CHEMICAL,Nifty Chemicals Index (TRI),30.54,30.74,30.16,30.45,0.29,0.96,212596,6454414.56,30.131,31.8,24.5,-,-,Infinity,4.1025641025641,30.16,0,0,1.69,,25-Jun-2026,-,4.1025641025641,-,Infinity,4.245283018867929,-24.28571428571428,https://nsearchives.nseindia.com/today/CHEMICALEQN.svg,https://nsearchives.nseindia.com/30d/CHEMICAL-EQ.svg,,EQ
BANKBETA,Nifty Bank,58.93,59.37,58.9,59.37,0.59,1.00,103131,6113605.68,58.7083,73.7,51.3,17-FEB-21, FACE VALUE SPLIT (SUB-DIVISION) - FROM RS 10/- PER UNIT TO RE 1/- PER UNIT,Infinity,-0.5860683188211678,58.78,0,0,-2.42,,25-Jun-2026, FACE VALUE SPLIT (SUB-DIVISION) - FROM RS 10/- PER UNIT TO RE 1/- PER UNIT,-0.5860683188211678,17-FEB-21,Infinity,19.443690637720493,-15.730994152046785,https://nsearchives.nseindia.com/today/BANKBETAEQN.svg,https://nsearchives.nseindia.com/30d/BANKBETA-EQ.svg,,EQ
ELM250,Nifty LargeMidcap 250 TRI,16.63,16.73,16.55,16.56,0.01,0.06,351872,5879781.12,16.5156,19.2,14.43,-,-,Infinity,1.1606597434330954,16.55,0,0,0.98,,25-Jun-2026,-,1.1606597434330954,-,Infinity,13.750000000000004,-14.760914760914753,https://nsearchives.nseindia.com/today/ELM250EQN.svg,https://nsearchives.nseindia.com/30d/ELM250-EQ.svg,,EQ
BBETF0432,Nifty BHARAT Bond Index - April 2032,1355.44,1355.44,1348,1348,-4.94,-0.37,4334,5850336.58,1352.4852,1378,1262.29,-,-,4.73970473970474,-0.24863840871417683,1352.94,0,5.12,0.68,28-Jul-2025,25-Jun-2026,-,-0.24863840871417683,-,4.73970473970474,2.1770682148040637,-6.790040323538968,https://nsearchives.nseindia.com/today/BBETF0432EQN.svg,https://nsearchives.nseindia.com/30d/BBETF0432-EQ.svg,https://nsearchives.nseindia.com/365d/BBETF0432-EQ.svg,EQ
LICMFGOLD,Gold,127.75,128.15,127.05,127.2,-0.5,-0.39,45154,5752168.06,,162,88.43,06-MAR-26,FACE VALUE SPLIT (SUB-DIVISION) - FROM RS 100/- PER SHARE TO RE 1/- PER SHARE,-98.57399103139012,0.03932363350373351,127.7,0,-98.57,1.51,28-Jul-2025,25-Jun-2026,FACE VALUE SPLIT (SUB-DIVISION) - FROM RS 100/- PER SHARE TO RE 1/- PER SHARE,0.03932363350373351,06-MAR-26,-98.57399103139012,21.481481481481477,-43.8425873572317,https://nsearchives.nseindia.com/today/LICMFGOLDEQN.svg,https://nsearchives.nseindia.com/30d/LICMFGOLD-EQ.svg,https://nsearchives.nseindia.com/365d/LICMFGOLD-EQ.svg,EQ
DEFENCE,BSE India Defence,77.5,77.58,76.94,77.19,0.08,0.10,74355,5752102.8,77.0885,82.32,58.91,-,-,Infinity,-0.8350462487153207,77.11,0,0,-1.49,,25-Jun-2026,-,-0.8350462487153207,-,Infinity,6.231778425655972,-31.030385333559668,https://nsearchives.nseindia.com/today/DEFENCEEQN.svg,https://nsearchives.nseindia.com/30d/DEFENCE-EQ.svg,,EQ
TOP100CASE,Zerodha Nifty 100 ETF,10.72,10.72,10.51,10.63,0.12,1.14,528750,5604750,10.517,11.57,9.48,-,-,1.045627376425867,1.5281757402101255,10.51,0,-0.1,-0.1,28-Jul-2025,25-Jun-2026,-,1.5281757402101255,-,1.045627376425867,8.124459809853063,-12.130801687763716,https://nsearchives.nseindia.com/today/TOP100CASEEQN.svg,https://nsearchives.nseindia.com/30d/TOP100CASE-EQ.svg,https://nsearchives.nseindia.com/365d/TOP100CASE-EQ.svg,EQ
HEALTHY,Nifty Healthcare TRI,17.41,17.41,16.79,17.18,0.19,1.12,325140,5566396.8,16.9807,17.41,13.58,-,-,12.729658792650914,3.6188178528347494,16.99,0,11.48,3.6,28-Jul-2025,25-Jun-2026,-,3.6188178528347494,-,12.729658792650914,1.3210798391728915,-26.509572901325473,https://nsearchives.nseindia.com/today/HEALTHYEQN.svg,https://nsearchives.nseindia.com/30d/HEALTHY-EQ.svg,https://nsearchives.nseindia.com/365d/HEALTHY-EQ.svg,EQ
MIDCAP,Nifty Midcap 50 Index,18.4,18.52,18.36,18.47,0.12,0.65,300117,5546162.16,18.3648,19,15.01,27-FEB-26,FACE VALUE SPLIT (SUB-DIVISION) - FROM RS 10/- PER SHARE TO RE 1/- PER SHARE,-88.84863853166696,2.9542920847268537,18.35,0,-88.92,2.34,28-Jul-2025,25-Jun-2026,FACE VALUE SPLIT (SUB-DIVISION) - FROM RS 10/- PER SHARE TO RE 1/- PER SHARE,2.9542920847268537,27-FEB-26,-88.84863853166696,2.7894736842105323,-23.051299133910717,https://nsearchives.nseindia.com/today/MIDCAPEQN.svg,https://nsearchives.nseindia.com/30d/MIDCAP-EQ.svg,https://nsearchives.nseindia.com/365d/MIDCAP-EQ.svg,EQ
PSUBNKIETF,ICICI Prudential Nifty PSU Bank ETF,84.31,84.88,84.1,84.5,0.31,0.37,65050,5492822,84.0925,104,67.86,-,-,20.85240274599542,-2.761795166858464,84.19,0,20.41,-4.07,28-Jul-2025,25-Jun-2026,-,-2.761795166858464,-,20.85240274599542,18.75,-24.521072796934867,https://nsearchives.nseindia.com/today/PSUBNKIETFEQN.svg,https://nsearchives.nseindia.com/30d/PSUBNKIETF-EQ.svg,https://nsearchives.nseindia.com/365d/PSUBNKIETF-EQ.svg,EQ
GILT5YBEES,Nifty 5 yr Benchmark G-Sec Index,66.39,66.69,66.01,66.05,-0.01,-0.02,80969,5348812.14,66.0979,67.84,61.45,-,-,5.460641864920955,0.3189550425273295,66.06,0,5.48,0.17,28-Jul-2025,25-Jun-2026,-,0.3189550425273295,-,5.460641864920955,2.638561320754726,-7.485760781122854,https://nsearchives.nseindia.com/today/GILT5YBEESEQN.svg,https://nsearchives.nseindia.com/30d/GILT5YBEES-EQ.svg,https://nsearchives.nseindia.com/365d/GILT5YBEES-EQ.svg,EQ
NV20IETF,Nifty50 Value 20,13.89,13.89,13.45,13.7,0.14,1.03,385592,5271042.64,13.541,16,12.5,01-MAR-24,FACE VALUE SPLIT (SUB-DIVISION) - FROM RS 10/- PER SHARE TO RE 1/- PER SHARE,-3.9270687237026682,-0.2911208151382891,13.56,0,-4.91,-1.45,28-Jul-2025,25-Jun-2026,FACE VALUE SPLIT (SUB-DIVISION) - FROM RS 10/- PER SHARE TO RE 1/- PER SHARE,-0.2911208151382891,01-MAR-24,-3.9270687237026682,14.375000000000004,-9.599999999999994,https://nsearchives.nseindia.com/today/NV20IETFEQN.svg,https://nsearchives.nseindia.com/30d/NV20IETF-EQ.svg,https://nsearchives.nseindia.com/365d/NV20IETF-EQ.svg,EQ
MOVALUE,Motilal Oswal S&P BSE Enhanced Value ETF,112.72,113.64,112.72,113.59,0.86,0.76,46177,5233239.41,112.7925,128.77,98.1,-,-,10.528364308650392,-0.7600908614363012,112.73,0,9.69,-2.37,28-Jul-2025,25-Jun-2026,-,-0.7600908614363012,-,10.528364308650392,11.788460045041552,-15.790010193679928,https://nsearchives.nseindia.com/today/MOVALUEEQN.svg,https://nsearchives.nseindia.com/30d/MOVALUE-EQ.svg,https://nsearchives.nseindia.com/365d/MOVALUE-EQ.svg,EQ
BANKETF,Mirae Asset Nifty Bank ETF,580.11,583.92,579.96,582.75,3.48,0.60,8587,4996431.82,578.2671,628.27,507.01,-,-,2.4273209828804343,-0.9821079639100765,579.27,0,1.82,-2.27,28-Jul-2025,25-Jun-2026,-,-0.9821079639100765,-,2.4273209828804343,7.2452926289652515,-14.938561369598235,https://nsearchives.nseindia.com/today/BANKETFEQN.svg,https://nsearchives.nseindia.com/30d/BANKETF-EQ.svg,https://nsearchives.nseindia.com/365d/BANKETF-EQ.svg,EQ
ITAXIS,NIFTY IT Index,336.07,345.32,336.07,340,4.85,1.45,14375,4931775,335.4453,439.67,230.7,-,-,Infinity,Infinity,335.15,0,0,0,,,-,Infinity,-,Infinity,22.669274683285195,-47.37754659731254,https://nsearchives.nseindia.com/today/ITAXISEQN.svg,,,EQ
CONSUMER,Nifty India New AgeConsumption,11.95,12.03,11.94,12.02,0.12,1.01,378670,4536466.6,11.9041,12.87,9.69,-,-,3.8893690579083775,6.183745583038863,11.9,0,2.85,4.48,28-Jul-2025,25-Jun-2026,-,6.183745583038863,-,3.8893690579083775,6.604506604506603,-24.045407636738908,https://nsearchives.nseindia.com/today/CONSUMEREQN.svg,https://nsearchives.nseindia.com/30d/CONSUMER-EQ.svg,https://nsearchives.nseindia.com/365d/CONSUMER-EQ.svg,EQ
MULTICAP,Nifty500 Multicap 50:25:25 Index,16.53,16.78,16.23,16.69,0.16,0.97,271165,4528455.5,16.534,17.5,14.2,-,-,4.0523690773067464,1.768292682926846,16.53,0,3.05,0.24,28-Jul-2025,25-Jun-2026,-,1.768292682926846,-,4.0523690773067464,4.628571428571421,-17.53521126760565,https://nsearchives.nseindia.com/today/MULTICAPEQN.svg,https://nsearchives.nseindia.com/30d/MULTICAP-EQ.svg,https://nsearchives.nseindia.com/365d/MULTICAP-EQ.svg,EQ
HDFCPSUBK,HDFC NIFTY PSU BANK ETF,84.34,84.72,83.99,84.02,0.05,0.06,52562,4430450.98,83.8594,101.25,67.98,-,-,20.04572081725961,-3.158137390502546,83.97,0,19.97,-4.13,28-Jul-2025,25-Jun-2026,-,-3.158137390502546,-,20.04572081725961,17.017283950617287,-23.595175051485715,https://nsearchives.nseindia.com/today/HDFCPSUBKEQN.svg,https://nsearchives.nseindia.com/30d/HDFCPSUBK-EQ.svg,https://nsearchives.nseindia.com/365d/HDFCPSUBK-EQ.svg,EQ
EVIETF,Nifty EV & New Age Automotive ETF,32.49,32.49,31.95,32.2,0.16,0.50,135857,4365085.41,31.9655,33.75,26.28,-,-,10.652920962199316,3.5369774919614194,32.04,0,10.1,1.49,28-Jul-2025,25-Jun-2026,-,3.5369774919614194,-,10.652920962199316,4.592592592592585,-22.52663622526637,https://nsearchives.nseindia.com/today/EVIETFEQN.svg,https://nsearchives.nseindia.com/30d/EVIETF-EQ.svg,https://nsearchives.nseindia.com/365d/EVIETF-EQ.svg,EQ
BSE500IETF,S&P BSE 500 index,39,39.48,39,39.35,0.29,0.74,110247,4338219.45,39.0721,41.64,34.5,28-OCT-21, FACE VALUE SPLIT (SUB-DIVISION) - FROM RS 10/- PER SHARE TO RE 1/- PER SHARE,2.2343465835281875,1.156812339331627,39.06,0,1.48,0.31,28-Jul-2025,25-Jun-2026, FACE VALUE SPLIT (SUB-DIVISION) - FROM RS 10/- PER SHARE TO RE 1/- PER SHARE,1.156812339331627,28-OCT-21,2.2343465835281875,5.499519692603264,-14.057971014492757,https://nsearchives.nseindia.com/today/BSE500IETFEQN.svg,https://nsearchives.nseindia.com/30d/BSE500IETF-EQ.svg,https://nsearchives.nseindia.com/365d/BSE500IETF-EQ.svg,EQ
EBBETF0431,Nifty BHARAT Bond,1434.56,1443.75,1432.62,1443,0.26,0.02,3003,4326932.61,1439.7919,1469,1363,-,-,5.263157894736849,0.7435333542779412,1442.74,0,5.24,0.72,28-Jul-2025,25-Jun-2026,-,0.7435333542779412,-,5.263157894736849,1.7699115044247788,-5.86940572267058,https://nsearchives.nseindia.com/today/EBBETF0431EQN.svg,https://nsearchives.nseindia.com/30d/EBBETF0431-EQ.svg,https://nsearchives.nseindia.com/365d/EBBETF0431-EQ.svg,EQ
IVZINGOLD,Gold,122.75,123.3,122.05,123,0.8,0.65,34200,4198392,122.7296,156,85.21,30-APR-26,FACE VALUE SPLIT (SUB-DIVISION) - FROM RS 100/- PER SHARE TO RE 1/- PER SHARE,-98.56893542757417,0.3262642740619949,122.2,0,-98.58,1.08,28-Jul-2025,25-Jun-2026,FACE VALUE SPLIT (SUB-DIVISION) - FROM RS 100/- PER SHARE TO RE 1/- PER SHARE,0.3262642740619949,30-APR-26,-98.56893542757417,21.153846153846153,-44.34925478230255,https://nsearchives.nseindia.com/today/IVZINGOLDEQN.svg,https://nsearchives.nseindia.com/30d/IVZINGOLD-EQ.svg,https://nsearchives.nseindia.com/365d/IVZINGOLD-EQ.svg,EQ
HDFCSENSEX,SENSEX,87.5,88.09,87.33,87.33,0.4,0.46,45531,4001264.28,87.0697,98.48,80.9,02-FEB-24,FACE VALUE SPLIT (SUB-DIVISION) - FROM RS 250.361/- PER SHARE TO RS 25.0361/- PER SHARE,-3.6943096603440764,0.14908256880733423,86.93,0,-4.14,-0.32,28-Jul-2025,25-Jun-2026,FACE VALUE SPLIT (SUB-DIVISION) - FROM RS 250.361/- PER SHARE TO RS 25.0361/- PER SHARE,0.14908256880733423,02-FEB-24,-3.6943096603440764,11.322095857026811,-7.948084054388125,https://nsearchives.nseindia.com/today/HDFCSENSEXEQN.svg,https://nsearchives.nseindia.com/30d/HDFCSENSEX-EQ.svg,https://nsearchives.nseindia.com/365d/HDFCSENSEX-EQ.svg,EQ
GROWWNET,Index,10.27,10.27,9.82,10.15,0.13,1.30,391331,3956356.41,9.9971,11.4,7.93,-,-,-2.215799614643549,9.37500000000001,10.02,0,-3.47,8.56,28-Jul-2025,25-Jun-2026,-,9.37500000000001,-,-2.215799614643549,10.964912280701753,-27.994955863808332,https://nsearchives.nseindia.com/today/GROWWNETEQN.svg,https://nsearchives.nseindia.com/30d/GROWWNET-EQ.svg,https://nsearchives.nseindia.com/365d/GROWWNET-EQ.svg,EQ
INFRABEES,Nifty Infra,953.3,968.1,953.3,965.95,5.94,0.62,4057,3913747.33,957.4886,1018.3,871.35,-,-,3.8164739263144307,-0.5313507223692443,960.01,0,3.18,-1.87,28-Jul-2025,25-Jun-2026,-,-0.5313507223692443,-,3.8164739263144307,5.140921143081598,-10.856716589200667,https://nsearchives.nseindia.com/today/INFRABEESEQN.svg,https://nsearchives.nseindia.com/30d/INFRABEES-EQ.svg,https://nsearchives.nseindia.com/365d/INFRABEES-EQ.svg,EQ
MOSILVER,Domestic Price of Physical Silver,213.87,215.29,212.85,214.87,1.03,0.48,18132,3878616.12,213.562,385,112.32,-,-,Infinity,-0.05581654960696058,213.84,0,0,-0.71,,25-Jun-2026,-,-0.05581654960696058,-,Infinity,44.18961038961039,-91.30163817663819,https://nsearchives.nseindia.com/today/MOSILVEREQN.svg,https://nsearchives.nseindia.com/30d/MOSILVER-EQ.svg,,EQ
SBINEQWETF,Nifty50 Equal Weight,33.44,34,33.06,34,0.56,1.67,114079,3837617.56,33.418,36.4,29.64,-,-,8.939442486382566,3.0615337981206365,33.44,0,7.15,1.09,28-Jul-2025,25-Jun-2026,-,3.0615337981206365,-,8.939442486382566,6.5934065934065895,-14.709851551956813,https://nsearchives.nseindia.com/today/SBINEQWETFEQN.svg,https://nsearchives.nseindia.com/30d/SBINEQWETF-EQ.svg,https://nsearchives.nseindia.com/365d/SBINEQWETF-EQ.svg,EQ
ITADD,DSP Nifty IT ETF,32.97,33.31,32.69,32.91,0.7,2.17,113777,3764880.93,32.2876,41.92,27.17,-,-,Infinity,14.708957825026125,32.21,0,0,10.88,,25-Jun-2026,-,14.708957825026125,-,Infinity,21.493320610687032,-21.12624217887374,https://nsearchives.nseindia.com/today/ITADDEQN.svg,https://nsearchives.nseindia.com/30d/ITADD-EQ.svg,,EQ
HDFCNIFBAN,Nifty Bank,59.89,59.89,58.64,58.75,0.32,0.55,62191,3658696.53,58.427,65.54,51.2,02-FEB-24,FACE VALUE SPLIT (SUB-DIVISION) - FROM RS 223.31/- PER SHARE TO RS 22.331/- PER SHARE,2.4054383824298458,-1.0442984672393423,58.43,0,1.85,-2.29,28-Jul-2025,25-Jun-2026,FACE VALUE SPLIT (SUB-DIVISION) - FROM RS 223.31/- PER SHARE TO RS 22.331/- PER SHARE,-1.0442984672393423,02-FEB-24,2.4054383824298458,10.360085444003671,-14.746093749999995,https://nsearchives.nseindia.com/today/HDFCNIFBANEQN.svg,https://nsearchives.nseindia.com/30d/HDFCNIFBAN-EQ.svg,https://nsearchives.nseindia.com/365d/HDFCNIFBAN-EQ.svg,EQ
GROWWCAPM,Nifty Capital Markets Index,11.09,11.25,11.04,11.17,0.08,0.72,316115,3515198.8,11.0653,12.66,8.02,-,-,Infinity,-3.1222896790980004,11.09,0,0,-3.4,,25-Jun-2026,-,-3.1222896790980004,-,Infinity,11.769352290679308,-39.27680798004988,https://nsearchives.nseindia.com/today/GROWWCAPMEQN.svg,https://nsearchives.nseindia.com/30d/GROWWCAPM-EQ.svg,,EQ
NIFTYAXIS,Nifty 50,268.85,268.85,267.01,267.6,1.75,0.66,12725,3408264,265.3957,296.38,244,23-JUL-20, FACE VALUE SPLIT (SUB-DIVISION) - FROM RS 100/- PER SHARE TO RS 10/- PER SHARE,Infinity,Infinity,265.85,0,0,0,,, FACE VALUE SPLIT (SUB-DIVISION) - FROM RS 100/- PER SHARE TO RS 10/- PER SHARE,Infinity,23-JUL-20,Infinity,9.710506781834123,-9.672131147540993,https://nsearchives.nseindia.com/today/NIFTYAXISEQN.svg,,,EQ
QUAL30IETF,ICICI Prudential Nifty 200 Quality 30 ETF,21.36,21.46,21.3,21.37,0.18,0.85,157492,3368753.88,21.2163,23,18,10-MAY-24,FACE VALUE SPLIT (SUB-DIVISION) - FROM RS 10/- PER SHARE TO RE 1/- PER SHARE,3.8891589693728763,3.8891589693728763,21.19,0,3.01,3.47,28-Jul-2025,25-Jun-2026,FACE VALUE SPLIT (SUB-DIVISION) - FROM RS 10/- PER SHARE TO RE 1/- PER SHARE,3.8891589693728763,10-MAY-24,3.8891589693728763,7.0869565217391255,-18.72222222222223,https://nsearchives.nseindia.com/today/QUAL30IETFEQN.svg,https://nsearchives.nseindia.com/30d/QUAL30IETF-EQ.svg,https://nsearchives.nseindia.com/365d/QUAL30IETF-EQ.svg,EQ
NIFTYQLITY,Aditya Birla Sun Life Nifty 200 Quality 30 ETF,21.07,21.75,21.07,21.66,0.26,1.21,152586,3298909.32,21.4311,23.03,18.95,-,-,3.9846375420067304,5.2478134110787265,21.4,0,2.74,3.28,28-Jul-2025,25-Jun-2026,-,5.2478134110787265,-,3.9846375420067304,5.948762483716895,-14.300791556728239,https://nsearchives.nseindia.com/today/NIFTYQLITYEQN.svg,https://nsearchives.nseindia.com/30d/NIFTYQLITY-EQ.svg,https://nsearchives.nseindia.com/365d/NIFTYQLITY-EQ.svg,EQ
NIF100IETF,Nifty 100,28.54,28.54,28.08,28.1,0.25,0.90,116527,3283730.86,27.9489,30.88,23,10-MAY-24,FACE VALUE SPLIT (SUB-DIVISION) - FROM RS 10/- PER SHARE TO RE 1/- PER SHARE,0.07122507122508236,0.6807595843783636,27.85,0,-0.82,-0.43,28-Jul-2025,25-Jun-2026,FACE VALUE SPLIT (SUB-DIVISION) - FROM RS 10/- PER SHARE TO RE 1/- PER SHARE,0.6807595843783636,10-MAY-24,0.07122507122508236,9.002590673575122,-22.173913043478265,https://nsearchives.nseindia.com/today/NIF100IETFEQN.svg,https://nsearchives.nseindia.com/30d/NIF100IETF-EQ.svg,https://nsearchives.nseindia.com/365d/NIF100IETF-EQ.svg,EQ
BANK10ADD,BSE Top 10 Banks Index (TRI),16.89,17.02,16.76,16.76,0.01,0.06,190106,3231802,16.8113,18.99,12.08,-,-,Infinity,-3.0653556969346303,16.75,0,0,-3.68,,25-Jun-2026,-,-3.0653556969346303,-,Infinity,11.74302264349656,-38.74172185430465,https://nsearchives.nseindia.com/today/BANK10ADDEQN.svg,https://nsearchives.nseindia.com/30d/BANK10ADD-EQ.svg,,EQ
QUALITY30,Nifty200 Quality 30 Index,20.85,21.06,20.85,20.98,0.24,1.16,150338,3152587.86,20.794,23.18,18.09,-,-,3.8099950519544756,5.057586379569362,20.74,0,2.62,3.24,28-Jul-2025,25-Jun-2026,-,5.057586379569362,-,3.8099950519544756,9.490940465918893,-15.975677169707025,https://nsearchives.nseindia.com/today/QUALITY30EQN.svg,https://nsearchives.nseindia.com/30d/QUALITY30-EQ.svg,https://nsearchives.nseindia.com/365d/QUALITY30-EQ.svg,EQ
VAL30IETF,Nifty200 Value 30 Index,15.31,15.45,15.23,15.32,0.08,0.52,201136,3085426.24,15.2505,17.7,12.27,-,-,17.574827321565625,-0.5194805194805199,15.24,0,16.96,-1.74,28-Jul-2025,25-Jun-2026,-,-0.5194805194805199,-,17.574827321565625,13.446327683615813,-24.85737571312144,https://nsearchives.nseindia.com/today/VAL30IETFEQN.svg,https://nsearchives.nseindia.com/30d/VAL30IETF-EQ.svg,https://nsearchives.nseindia.com/365d/VAL30IETF-EQ.svg,EQ
EQUAL50ADD,NIFTY 50 Equal Weight Index,345.39,346.93,345.23,346.61,2.66,0.77,8841,3057571.44,343.5203,361,304.78,-,-,8.26487583945027,2.3474871552589582,343.95,0,7.43,1.25,28-Jul-2025,25-Jun-2026,-,2.3474871552589582,-,8.26487583945027,3.986149584487531,-13.724653848677749,https://nsearchives.nseindia.com/today/EQUAL50ADDEQN.svg,https://nsearchives.nseindia.com/30d/EQUAL50ADD-EQ.svg,https://nsearchives.nseindia.com/365d/EQUAL50ADD-EQ.svg,EQ
ABSL10BANK,BSE Top 10 Banks Index,167.52,179.99,167.42,179.99,13.89,8.36,17485,2974198.5,168.0353,214.42,150,-,-,Infinity,4.493468795355593,166.1,0,0,-3.43,,25-Jun-2026,-,4.493468795355593,-,Infinity,16.05727077697975,-19.99333333333334,https://nsearchives.nseindia.com/today/ABSL10BANKEQN.svg,https://nsearchives.nseindia.com/30d/ABSL10BANK-EQ.svg,,EQ
MOMOMENTUM,Nifty 200 Momentum 30 Total Return Index,60.98,62,60.62,61.97,1.17,1.92,46520,2834928.8,60.6717,66.28,54.32,11-AUG-22,FACE VALUE SPLIT (SUB-DIVISION) - FROM RS 10/- PER UNIT TO RS 2/- PER UNIT,0.8298080052066352,-2.8074027603513163,60.8,0,-1.07,-3.65,28-Jul-2025,25-Jun-2026,FACE VALUE SPLIT (SUB-DIVISION) - FROM RS 10/- PER UNIT TO RS 2/- PER UNIT,-2.8074027603513163,11-AUG-22,0.8298080052066352,6.502715751357879,-14.083210603829158,https://nsearchives.nseindia.com/today/MOMOMENTUMEQN.svg,https://nsearchives.nseindia.com/30d/MOMOMENTUM-EQ.svg,https://nsearchives.nseindia.com/365d/MOMOMENTUM-EQ.svg,EQ
AONENIFTY,Nifty 50 Index,9.99,10.01,9.83,9.99,0.08,0.81,278321,2777643.58,9.9023,11.06,9,-,-,-0.9910802775024742,1.4213197969543205,9.91,0,-1.78,0.1,28-Jul-2025,25-Jun-2026,-,1.4213197969543205,-,-0.9910802775024742,9.674502712477398,-11.000000000000004,https://nsearchives.nseindia.com/today/AONENIFTYEQN.svg,https://nsearchives.nseindia.com/30d/AONENIFTY-EQ.svg,https://nsearchives.nseindia.com/365d/AONENIFTY-EQ.svg,EQ
AONEGOLD,Domestic price of Gold,13.32,13.32,13.17,13.2,-0.01,-0.08,206123,2722884.83,13.191,17.73,10,-,-,Infinity,0.4566210045662003,13.21,0,0,1.15,,25-Jun-2026,-,0.4566210045662003,-,Infinity,25.54991539763114,-31.999999999999993,https://nsearchives.nseindia.com/today/AONEGOLDEQN.svg,https://nsearchives.nseindia.com/30d/AONEGOLD-EQ.svg,,EQ
EBBETF0433,BHARAT Bond ETF-April 2033,1319.07,1319.07,1314.02,1318,-1.07,-0.08,2058,2710591.8,1314.685,1345.89,1242.87,-,-,5.16656692599242,0.757593131971048,1319.07,0,5.25,1.1,28-Jul-2025,25-Jun-2026,-,0.757593131971048,-,5.16656692599242,2.072234729435548,-6.044879995494309,https://nsearchives.nseindia.com/today/EBBETF0433EQN.svg,https://nsearchives.nseindia.com/30d/EBBETF0433-EQ.svg,https://nsearchives.nseindia.com/365d/EBBETF0433-EQ.svg,EQ
MIDSELIETF,S&P BSE Midcap Select Index,19.5,19.63,19.44,19.44,-0.06,-0.31,136822,2668029,19.476,20,14.55,10-MAY-24,FACE VALUE SPLIT (SUB-DIVISION) - FROM RS 10/- PER SHARE TO RE 1/- PER SHARE,11.981566820276507,3.2943676939426196,19.5,0,12.33,2.9,28-Jul-2025,25-Jun-2026,FACE VALUE SPLIT (SUB-DIVISION) - FROM RS 10/- PER SHARE TO RE 1/- PER SHARE,3.2943676939426196,10-MAY-24,11.981566820276507,2.7999999999999936,-33.608247422680414,https://nsearchives.nseindia.com/today/MIDSELIETFEQN.svg,https://nsearchives.nseindia.com/30d/MIDSELIETF-EQ.svg,https://nsearchives.nseindia.com/365d/MIDSELIETF-EQ.svg,EQ
AONETOTAL,Nifty Total Market Index,12,12.01,11.77,11.9,0.13,1.10,222610,2646832.9,11.7917,12.51,9.6,-,-,2.7633851468048385,1.7094017094017186,11.77,0,1.64,0.09,28-Jul-2025,25-Jun-2026,-,1.7094017094017186,-,2.7633851468048385,4.876099120703433,-23.95833333333334,https://nsearchives.nseindia.com/today/AONETOTALEQN.svg,https://nsearchives.nseindia.com/30d/AONETOTAL-EQ.svg,https://nsearchives.nseindia.com/365d/AONETOTAL-EQ.svg,EQ
HDFCQUAL,HDFC NIFTY100 Quality 30 ETF,57.75,58.91,57.75,58.7,0.66,1.14,43724,2569659.48,58.1859,61.87,51.91,-,-,4.225852272727277,4.597291518175349,58.04,0,3.05,2.76,28-Jul-2025,25-Jun-2026,-,4.597291518175349,-,4.225852272727277,5.123646355261022,-13.080331342708549,https://nsearchives.nseindia.com/today/HDFCQUALEQN.svg,https://nsearchives.nseindia.com/30d/HDFCQUAL-EQ.svg,https://nsearchives.nseindia.com/365d/HDFCQUAL-EQ.svg,EQ
VALUEAXIS,Nifty500 Value 50 TRI,32.62,32.87,32.55,32.87,0.41,1.26,76060,2487162,32.4975,39,22.84,-,-,Infinity,Infinity,32.46,0,0,0,,,-,Infinity,-,Infinity,15.717948717948724,-43.914185639229416,https://nsearchives.nseindia.com/today/VALUEAXISEQN.svg,,,EQ
CONSUMIETF,Nifty India Consumption Index,123.7,124.7,123.05,123.05,-0.22,-0.18,19624,2440636.88,123.4576,141.27,94.65,-,-,3.0051900217646104,3.5861604512164247,123.27,0,3.19,2.56,28-Jul-2025,25-Jun-2026,-,3.5861604512164247,-,3.0051900217646104,12.897288879450706,-30.005282620179596,https://nsearchives.nseindia.com/today/CONSUMIETFEQN.svg,https://nsearchives.nseindia.com/30d/CONSUMIETF-EQ.svg,https://nsearchives.nseindia.com/365d/CONSUMIETF-EQ.svg,EQ
AONESILVER,Domestic price of Silver,8.39,8.39,8.25,8.28,0,0.00,276981,2293402.68,8.2599,12,7.43,-,-,Infinity,-0.6002400960384239,8.28,0,0,-0.12,,25-Jun-2026,-,-0.6002400960384239,-,Infinity,31.000000000000004,-11.440107671601611,https://nsearchives.nseindia.com/today/AONESILVEREQN.svg,https://nsearchives.nseindia.com/30d/AONESILVER-EQ.svg,,EQ
GROWWRLTY,Index,10.28,10.45,10.21,10.31,-0.01,-0.10,220541,2267161.48,10.3305,11.3,7.17,-,-,Infinity,12.431842966194118,10.32,0,0,12.05,,25-Jun-2026,-,12.431842966194118,-,Infinity,8.761061946902657,-43.79358437935845,https://nsearchives.nseindia.com/today/GROWWRLTYEQN.svg,https://nsearchives.nseindia.com/30d/GROWWRLTY-EQ.svg,,EQ
GROWWCHEM,Nifty Chemicals Index - TRI,29.9,30.49,29.65,30.49,0.5,1.67,74730,2259835.2,30.0797,31.61,24.64,-,-,Infinity,4.274965800273598,29.99,0,0,1.56,,25-Jun-2026,-,4.274965800273598,-,Infinity,3.543182537171784,-23.741883116883105,https://nsearchives.nseindia.com/today/GROWWCHEMEQN.svg,https://nsearchives.nseindia.com/30d/GROWWCHEM-EQ.svg,,EQ
GROWWSC250,Nifty Smallcap 250 Index - TRI,10.24,10.44,10.22,10.4,0.16,1.56,215430,2223237.6,10.2373,10.97,8,-,-,Infinity,2.362204724409451,10.24,0,0,0.49,,25-Jun-2026,-,2.362204724409451,-,Infinity,5.195989061075664,-30.000000000000004,https://nsearchives.nseindia.com/today/GROWWSC250EQN.svg,https://nsearchives.nseindia.com/30d/GROWWSC250-EQ.svg,,EQ
MOHEALTH,Motilal Oswal S&P BSE Healthcare ETF,51,51.65,51,51.5,0.47,0.92,42768,2199558.24,50.9213,53,40.79,-,-,12.224885595990411,3.7678823292363437,51.03,0,11.2,4.06,28-Jul-2025,25-Jun-2026,-,3.7678823292363437,-,12.224885595990411,2.830188679245283,-26.25643540083354,https://nsearchives.nseindia.com/today/MOHEALTHEQN.svg,https://nsearchives.nseindia.com/30d/MOHEALTH-EQ.svg,https://nsearchives.nseindia.com/365d/MOHEALTH-EQ.svg,EQ
MOMIDMTM,Nifty Midcap 150 Momentum 50 Total Return Index,63.08,63.47,62.42,62.55,-0.53,-0.84,33858,2137455.54,62.6877,70,54.78,-,-,0.6922086284610427,-3.7396121883656614,63.08,0,1.55,-2.34,28-Jul-2025,25-Jun-2026,-,-3.7396121883656614,-,0.6922086284610427,10.642857142857146,-14.184008762322007,https://nsearchives.nseindia.com/today/MOMIDMTMEQN.svg,https://nsearchives.nseindia.com/30d/MOMIDMTM-EQ.svg,https://nsearchives.nseindia.com/365d/MOMIDMTM-EQ.svg,EQ
MOMENTUM,Aditya Birla Sun Life Nifty 200 Momentum 30 ETF,30.51,30.64,30.37,30.62,0.23,0.76,69683,2125331.5,30.3523,33,27.05,-,-,-0.42276422764227317,-3.740961961647274,30.39,0,-1.17,-3.52,28-Jul-2025,25-Jun-2026,-,-3.740961961647274,-,-0.42276422764227317,7.212121212121208,-13.197781885397411,https://nsearchives.nseindia.com/today/MOMENTUMEQN.svg,https://nsearchives.nseindia.com/30d/MOMENTUM-EQ.svg,https://nsearchives.nseindia.com/365d/MOMENTUM-EQ.svg,EQ
SBIBPB,BSE PSU Bank Index TRI,46.8,48.5,46.8,48.4,0.4,0.83,42906,2073217.92,48.0134,58.27,38.53,-,-,19.831641495419653,-2.399677354305313,48,0,18.84,-4.23,28-Jul-2025,25-Jun-2026,-,-2.399677354305313,-,19.831641495419653,16.938390252273905,-25.616402803010633,https://nsearchives.nseindia.com/today/SBIBPBEQN.svg,https://nsearchives.nseindia.com/30d/SBIBPB-EQ.svg,https://nsearchives.nseindia.com/365d/SBIBPB-EQ.svg,EQ
MNC,Kotak Nifty MNC ETF,33.46,33.83,33.46,33.58,0.14,0.42,60999,2055056.31,33.4452,35.54,27.83,-,-,15.873015873015865,1.083684527393135,33.44,0,15.39,0.33,28-Jul-2025,25-Jun-2026,-,1.083684527393135,-,15.873015873015865,5.514912774338776,-20.66115702479339,https://nsearchives.nseindia.com/today/MNCEQN.svg,https://nsearchives.nseindia.com/30d/MNC-EQ.svg,https://nsearchives.nseindia.com/365d/MNC-EQ.svg,EQ
INTERNET,Equity Index,13.6,13.7,13.58,13.68,0.19,1.41,148424,2024503.36,13.5007,15.2,10.72,-,-,-2.005730659025796,9.527622097678139,13.49,0,-3.37,8.53,28-Jul-2025,25-Jun-2026,-,9.527622097678139,-,-2.005730659025796,9.999999999999996,-27.61194029850745,https://nsearchives.nseindia.com/today/INTERNETEQN.svg,https://nsearchives.nseindia.com/30d/INTERNET-EQ.svg,https://nsearchives.nseindia.com/365d/INTERNET-EQ.svg,EQ
SENSEXBETA,SENSEX,853.95,861.15,846.05,848,1.2,0.14,2344,2007659.44,850.3615,952.91,785,26-FEB-21, INTERIM DIVIDEND - RS 13.56 PER UNIT,Infinity,0.1275208992584944,846.8,0,0,-0.47,,25-Jun-2026, INTERIM DIVIDEND - RS 13.56 PER UNIT,0.1275208992584944,26-FEB-21,Infinity,11.009434259268973,-8.02547770700637,https://nsearchives.nseindia.com/today/SENSEXBETAEQN.svg,https://nsearchives.nseindia.com/30d/SENSEXBETA-EQ.svg,,EQ
SENSEXETF,Mirae Asset S&P BSE Sensex ETF,79.5,80.2,79.5,80.01,0.71,0.90,23932,1913124.08,79.1998,88.7,73.33,-,-,-3.2644178454842083,1.1888200328822713,79.3,0,-4.12,-0.16,28-Jul-2025,25-Jun-2026,-,1.1888200328822713,-,-3.2644178454842083,9.797068771138667,-9.109504977498986,https://nsearchives.nseindia.com/today/SENSEXETFEQN.svg,https://nsearchives.nseindia.com/30d/SENSEXETF-EQ.svg,https://nsearchives.nseindia.com/365d/SENSEXETF-EQ.svg,EQ
ABSLNN50ET,Nifty Next 50,75.52,76.64,75.52,76.22,0.48,0.63,24805,1891629.3,75.8244,78.26,63.02,25-NOV-21, FACE VALUE SPLIT (SUB-DIVISION) - FROM RS 10/- PER SHARE TO RE 1/- PER SHARE,9.307328266169504,1.5589606928714215,75.74,0,8.62,0,28-Jul-2025,25-Jun-2026, FACE VALUE SPLIT (SUB-DIVISION) - FROM RS 10/- PER SHARE TO RE 1/- PER SHARE,1.5589606928714215,25-NOV-21,9.307328266169504,2.6066956299514517,-20.945731513805132,https://nsearchives.nseindia.com/today/ABSLNN50ETEQN.svg,https://nsearchives.nseindia.com/30d/ABSLNN50ET-EQ.svg,https://nsearchives.nseindia.com/365d/ABSLNN50ET-EQ.svg,EQ
HDFCMOMENT,HDFC NIFTY200 Momentum 30 ETF,30.39,30.5,30.3,30.4,0.12,0.40,59678,1814211.2,30.2526,33.23,27.13,20-OCT-23,FACE VALUE SPLIT (SUB-DIVISION) - FROM RS 190.61/- PER SHARE TO RS 19.061/- PER SHARE,-0.32786885245902103,-4.191616766467071,30.28,0,-0.72,-3.6,28-Jul-2025,25-Jun-2026,FACE VALUE SPLIT (SUB-DIVISION) - FROM RS 190.61/- PER SHARE TO RS 19.061/- PER SHARE,-4.191616766467071,20-OCT-23,-0.32786885245902103,8.516400842612093,-12.053077773682269,https://nsearchives.nseindia.com/today/HDFCMOMENTEQN.svg,https://nsearchives.nseindia.com/30d/HDFCMOMENT-EQ.svg,https://nsearchives.nseindia.com/365d/HDFCMOMENT-EQ.svg,EQ
NIFTYADD,Nifty 50 Index,254.25,255.48,254.25,254.8,2.1,0.83,6861,1748251.41,252.6207,300,232.64,-,-,Infinity,1.1914217633042097,252.7,0,0,0.07,,25-Jun-2026,-,1.1914217633042097,-,Infinity,15.066666666666663,-9.525447042641003,https://nsearchives.nseindia.com/today/NIFTYADDEQN.svg,https://nsearchives.nseindia.com/30d/NIFTYADD-EQ.svg,,EQ
SBISMLETF,Nifty Smallcap 250 Index,17.91,18.05,17.78,18.05,0.22,1.23,95349,1713421.53,17.7477,18.95,16.53,-,-,Infinity,1.5756893640967988,17.83,0,0,0.91,,25-Jun-2026,-,1.5756893640967988,-,Infinity,4.749340369393132,-9.19540229885057,https://nsearchives.nseindia.com/today/SBISMLETFEQN.svg,https://nsearchives.nseindia.com/30d/SBISMLETF-EQ.svg,,EQ
HEALTHAXIS,Nifty Healthcare Index,168.6,169.98,168.5,168.5,0.83,0.50,9868,1670652.4,167.9775,169.98,135.2,-,-,Infinity,Infinity,167.67,0,0,0,,,-,Infinity,-,Infinity,0.8706906694905223,-24.63017751479291,https://nsearchives.nseindia.com/today/HEALTHAXISEQN.svg,,,EQ
DIVIDEND,BSE 500 Dividend Leaders,35.8,36.02,35.8,35.89,0.23,0.64,46395,1668364.2,35.6079,38.03,33.15,-,-,Infinity,3.3995966580236234,35.66,0,0,2.24,,25-Jun-2026,-,3.3995966580236234,-,Infinity,5.627136471206943,-8.26546003016592,https://nsearchives.nseindia.com/today/DIVIDENDEQN.svg,https://nsearchives.nseindia.com/30d/DIVIDEND-EQ.svg,,EQ
MOGOLD,Domestic Price of Physical Gold,139.85,140.2,139.3,139.3,-0.6,-0.43,11371,1589097.25,139.6733,175,96.3,-,-,Infinity,-0.10756543563999804,139.9,0,0,1.6,,25-Jun-2026,-,-0.10756543563999804,-,Infinity,20.399999999999995,-44.65212876427832,https://nsearchives.nseindia.com/today/MOGOLDEQN.svg,https://nsearchives.nseindia.com/30d/MOGOLD-EQ.svg,,EQ
MOLOWVOL,Nifty Midcap 100 TRI,37.43,37.52,37.33,37.52,0.46,1.24,41776,1560751.36,37.1091,43.07,33.52,11-AUG-22,FACE VALUE SPLIT (SUB-DIVISION) - FROM RS 10/- PER UNIT TO RS 2/- PER UNIT,0.08002133902374269,1.7629509085977915,37.06,0,-1.15,-1.72,28-Jul-2025,25-Jun-2026,FACE VALUE SPLIT (SUB-DIVISION) - FROM RS 10/- PER UNIT TO RS 2/- PER UNIT,1.7629509085977915,11-AUG-22,0.08002133902374269,12.885999535639652,-11.933174224343674,https://nsearchives.nseindia.com/today/MOLOWVOLEQN.svg,https://nsearchives.nseindia.com/30d/MOLOWVOL-EQ.svg,https://nsearchives.nseindia.com/365d/MOLOWVOL-EQ.svg,EQ
NEXT50ETF,Nifty Next 50 Index,72.92,73.2,72.67,72.9,0.34,0.47,20519,1493578.01,72.522,74.97,60.15,-,-,Infinity,1.5461763476807346,72.56,0,0,-0.3,,25-Jun-2026,-,1.5461763476807346,-,Infinity,2.7611044417767014,-21.19700748129677,https://nsearchives.nseindia.com/today/NEXT50ETFEQN.svg,https://nsearchives.nseindia.com/30d/NEXT50ETF-EQ.svg,,EQ
TOP15IETF,Nifty Top 15 Equal Weight Index,9.92,9.98,9.92,9.96,0.14,1.43,148440,1476978,9.8234,11.36,9.15,-,-,-1.0923535253227352,1.6326530612244912,9.82,0,-2.48,-0.61,28-Jul-2025,25-Jun-2026,-,1.6326530612244912,-,-1.0923535253227352,12.32394366197182,-8.852459016393448,https://nsearchives.nseindia.com/today/TOP15IETFEQN.svg,https://nsearchives.nseindia.com/30d/TOP15IETF-EQ.svg,https://nsearchives.nseindia.com/365d/TOP15IETF-EQ.svg,EQ
HEALTHCARE,Nifty 500 Healthcare Index,21.39,21.65,21.39,21.59,0.24,1.12,67249,1451233.42,21.3415,22.27,17.18,-,-,Infinity,3.6485837734037525,21.35,0,0,3.54,,25-Jun-2026,-,3.6485837734037525,-,Infinity,3.0534351145038157,-25.669383003492435,https://nsearchives.nseindia.com/today/HEALTHCAREEQN.svg,https://nsearchives.nseindia.com/30d/HEALTHCARE-EQ.svg,,EQ
ABSLPSE,Aditya Birla Sun Life Nifty PSE ETF,10.17,10.3,10.17,10.26,0.01,0.10,141404,1446562.92,10.242,11.6,9.21,-,-,3.6363636363636305,-0.869565217391303,10.25,0,3.54,-0.68,28-Jul-2025,25-Jun-2026,-,-0.869565217391303,-,3.6363636363636305,11.551724137931036,-11.400651465798033,https://nsearchives.nseindia.com/today/ABSLPSEEQN.svg,https://nsearchives.nseindia.com/30d/ABSLPSE-EQ.svg,https://nsearchives.nseindia.com/365d/ABSLPSE-EQ.svg,EQ
LTGILTCASE,Nifty 8-13 Yr G-Sec Index,30.99,30.99,30.52,30.55,0,0.00,47208,1441732.32,30.5385,31.17,28.71,-,-,Infinity,0.46037487668530275,30.55,0,0,0.69,,25-Jun-2026,-,0.46037487668530275,-,Infinity,1.9890920757138304,-6.4089167537443394,https://nsearchives.nseindia.com/today/LTGILTCASEEQN.svg,https://nsearchives.nseindia.com/30d/LTGILTCASE-EQ.svg,,EQ
CEMNTGROWW,Nifty Cements Index TRI,15.43,15.87,15.05,15.4,0.04,0.26,87237,1346066.91,15.2709,15.97,14.9,-,-,Infinity,Infinity,15.36,0,0,0,,,-,Infinity,-,Infinity,3.5691922354414545,-3.3557046979865772,https://nsearchives.nseindia.com/today/CEMNTGROWWEQN.svg,,,EQ
LICNMID100,LIC MF Nifty Midcap 100 ETF,62.94,63.43,62.48,62.63,-0.1,-0.16,21338,1340879.92,62.7621,67.5,52.3,-,-,8.318920788654449,1.1629785172024003,62.73,0,8.49,1.49,28-Jul-2025,25-Jun-2026,-,1.1629785172024003,-,8.318920788654449,7.214814814814812,-19.751434034416835,https://nsearchives.nseindia.com/today/LICNMID100EQN.svg,https://nsearchives.nseindia.com/30d/LICNMID100-EQ.svg,https://nsearchives.nseindia.com/365d/LICNMID100-EQ.svg,EQ
LIQUIDSHRI,SHRIRAM NIFTY 1D RATE LIQUID ETF,1114.98,1115,1114.98,1115,0.16,0.01,1111,1238753.89,1114.8432,1115,1063.44,-,-,4.848416459790862,0.3862394324351058,1114.84,0,4.83,0.39,28-Jul-2025,25-Jun-2026,-,0.3862394324351058,-,4.848416459790862,0,-4.848416459790862,https://nsearchives.nseindia.com/today/LIQUIDSHRIEQN.svg,https://nsearchives.nseindia.com/30d/LIQUIDSHRI-EQ.svg,https://nsearchives.nseindia.com/365d/LIQUIDSHRI-EQ.svg,EQ
NV20BEES,Nifty50 Value20 TRI,140.26,140.99,139,140.2,1.32,0.95,8785,1231042.05,138.9647,160,122.02,19-DEC-19, FACE VALUE SPLIT (SUB-DIVISION) - FROM RS 10/- TO RS 1/-,-4.385187205892387,-0.5321035828307911,138.88,0,-5.29,-1.83,28-Jul-2025,25-Jun-2026, FACE VALUE SPLIT (SUB-DIVISION) - FROM RS 10/- TO RS 1/-,-0.5321035828307911,19-DEC-19,-4.385187205892387,12.375000000000007,-14.899196852974917,https://nsearchives.nseindia.com/today/NV20BEESEQN.svg,https://nsearchives.nseindia.com/30d/NV20BEES-EQ.svg,https://nsearchives.nseindia.com/365d/NV20BEES-EQ.svg,EQ
BANKBETF,Bajaj Finserv Nifty Bank ETF,57.77,58.29,57.77,58.17,0.4,0.69,20079,1166389.11,57.6912,63.9,50.71,-,-,2.3759239704329485,-0.8353221957040486,57.77,0,1.67,-2.37,28-Jul-2025,25-Jun-2026,-,-0.8353221957040486,-,2.3759239704329485,8.967136150234737,-14.711102346677187,https://nsearchives.nseindia.com/today/BANKBETFEQN.svg,https://nsearchives.nseindia.com/30d/BANKBETF-EQ.svg,https://nsearchives.nseindia.com/365d/BANKBETF-EQ.svg,EQ
SBIETFQLTY,Nifty 200 Quality 30 Index,223.06,225.96,220.27,225.95,2.89,1.30,5125,1153330,223.1102,247.28,194,-,-,4.071668739348706,5.401875262396783,223.06,0,2.74,3.64,28-Jul-2025,25-Jun-2026,-,5.401875262396783,-,4.071668739348706,8.625849239728248,-16.46907216494845,https://nsearchives.nseindia.com/today/SBIETFQLTYEQN.svg,https://nsearchives.nseindia.com/30d/SBIETFQLTY-EQ.svg,https://nsearchives.nseindia.com/365d/SBIETFQLTY-EQ.svg,EQ
PSUBANKADD,DSP Nifty PSU Bank ETF,84.02,84.58,83.93,84.26,0.41,0.49,13531,1139986.75,83.8113,99.88,67.2,-,-,21.15025161754135,-2.9150823827629924,83.85,0,20.56,-4.2,28-Jul-2025,25-Jun-2026,-,-2.9150823827629924,-,21.15025161754135,15.63876651982378,-25.386904761904763,https://nsearchives.nseindia.com/today/PSUBANKADDEQN.svg,https://nsearchives.nseindia.com/30d/PSUBANKADD-EQ.svg,https://nsearchives.nseindia.com/365d/PSUBANKADD-EQ.svg,EQ
CONSUMAXIS,NIFTY India Consumption Index,122.78,124,121,121,-1.51,-1.23,9171,1129592.07,122.6535,131.85,105.63,-,-,Infinity,Infinity,122.51,0,0,0,,,-,Infinity,-,Infinity,8.229048160788771,-14.550790495124495,https://nsearchives.nseindia.com/today/CONSUMAXISEQN.svg,,,EQ
LICNETFN50,Nifty 50,271.56,272.22,271.17,272.04,3.16,1.18,3829,1038999.15,268.9737,295,248.17,-,-,-0.9394800087393431,1.2618648799553485,268.88,0,-2.09,-0.34,28-Jul-2025,25-Jun-2026,-,1.2618648799553485,-,-0.9394800087393431,7.783050847457621,-9.618406737317175,https://nsearchives.nseindia.com/today/LICNETFN50EQN.svg,https://nsearchives.nseindia.com/30d/LICNETFN50-EQ.svg,https://nsearchives.nseindia.com/365d/LICNETFN50-EQ.svg,EQ
FLEXIADD,Nifty500 Flexicap Quality 30 TRI,10.14,10.23,10.13,10.21,0.12,1.19,95963,976903.34,10.1056,11.9,8.73,-,-,Infinity,5.912863070539422,10.09,0,0,4.13,,25-Jun-2026,-,5.912863070539422,-,Infinity,14.201680672268902,-16.953035509736548,https://nsearchives.nseindia.com/today/FLEXIADDEQN.svg,https://nsearchives.nseindia.com/30d/FLEXIADD-EQ.svg,,EQ
MIDQ50ADD,Nifty Midcap 150 Quality 50 Index,24.29,25.26,24.29,25.23,0.31,1.24,37981,955981.77,24.943,25.9,21,03-JUL-26,FACE VALUE SPLIT (SUB-DIVISION) - FROM RS 10/- PER UNIT TO RE 1/- PER UNIT,-89.85157475564138,-89.76761163158535,24.92,0,-89.98,-89.97,28-Jul-2025,25-Jun-2026,FACE VALUE SPLIT (SUB-DIVISION) - FROM RS 10/- PER UNIT TO RE 1/- PER UNIT,-89.76761163158535,03-JUL-26,-89.85157475564138,2.58687258687258,-20.142857142857146,https://nsearchives.nseindia.com/today/MIDQ50ADDEQN.svg,https://nsearchives.nseindia.com/30d/MIDQ50ADD-EQ.svg,https://nsearchives.nseindia.com/365d/MIDQ50ADD-EQ.svg,EQ
SBIETFCON,Nifty India Consumption Index,124.97,124.97,121,121,-1.81,-1.47,7517,932934.87,122.9858,133.97,100,-,-,1.4419852448021453,2.0408163265306136,122.81,0,2.96,2.77,28-Jul-2025,25-Jun-2026,-,2.0408163265306136,-,1.4419852448021453,9.681271926550721,-21,https://nsearchives.nseindia.com/today/SBIETFCONEQN.svg,https://nsearchives.nseindia.com/30d/SBIETFCON-EQ.svg,https://nsearchives.nseindia.com/365d/SBIETFCON-EQ.svg,EQ
ESG,NIFTY100 ESG SECTOR LEADERS,41.55,41.85,41.55,41.79,0.54,1.31,21978,916702.38,41.3395,45.06,37.52,-,-,-1.1823126034523528,2.0014644862094224,41.25,0,-2.46,0.41,28-Jul-2025,25-Jun-2026,-,2.0014644862094224,-,-1.1823126034523528,7.256990679094548,-11.380597014925362,https://nsearchives.nseindia.com/today/ESGEQN.svg,https://nsearchives.nseindia.com/30d/ESG-EQ.svg,https://nsearchives.nseindia.com/365d/ESG-EQ.svg,EQ
TWCGOLDETF,Commodity,141.58,141.58,140.5,141.18,0.3,0.21,6292,889940.48,140.6711,187.98,123.31,-,-,Infinity,0.5126014523707809,140.88,0,0,0.97,,25-Jun-2026,-,0.5126014523707809,-,Infinity,24.89626556016597,-14.491930905847056,https://nsearchives.nseindia.com/today/TWCGOLDETFEQN.svg,https://nsearchives.nseindia.com/30d/TWCGOLDETF-EQ.svg,,EQ
NIFTYBETF,Bajaj Finserv Nifty 50 ETF,248.99,249.7,248.19,249.41,2.85,1.16,3566,887363.44,246.7451,279.99,227.01,-,-,-0.6097074998007497,1.3449817147501026,246.56,0,-1.75,-0.28,28-Jul-2025,25-Jun-2026,-,1.3449817147501026,-,-0.6097074998007497,10.921818636379875,-9.867406722170832,https://nsearchives.nseindia.com/today/NIFTYBETFEQN.svg,https://nsearchives.nseindia.com/30d/NIFTYBETF-EQ.svg,https://nsearchives.nseindia.com/365d/NIFTYBETF-EQ.svg,EQ
GROWWN200,Nifty 200 Index- Total Return Index,11.39,11.39,11.25,11.38,0.07,0.62,75731,859546.85,11.2744,12.14,9.91,-,-,2.0627802690582997,1.2455516014234926,11.31,0,1.43,0.53,28-Jul-2025,25-Jun-2026,-,1.2455516014234926,-,2.0627802690582997,6.260296540362436,-14.83350151362261,https://nsearchives.nseindia.com/today/GROWWN200EQN.svg,https://nsearchives.nseindia.com/30d/GROWWN200-EQ.svg,https://nsearchives.nseindia.com/365d/GROWWN200-EQ.svg,EQ
NETF,Tata Nifty 50 Exchange Traded Fund,262.05,264,261.89,262.82,2.61,1.00,3142,825968.96,260.9818,292.9,240.66,-,-,-1.4067599504820498,0.9642349506357769,260.21,0,-2.39,-0.26,28-Jul-2025,25-Jun-2026,-,0.9642349506357769,-,-1.4067599504820498,10.269716626835091,-9.208011302252139,https://nsearchives.nseindia.com/today/NETFEQN.svg,https://nsearchives.nseindia.com/30d/NETF-EQ.svg,https://nsearchives.nseindia.com/365d/NETF-EQ.svg,EQ
SBIMIDMOM,Nifty Midcap 150 Momentum 50 Index,62.03,62.79,62.02,62.68,0.54,0.87,12881,802872.73,61.8686,67.74,53.86,-,-,Infinity,-0.9168510907366397,62.14,0,0,-2.63,,25-Jun-2026,-,-0.9168510907366397,-,Infinity,7.469737230587534,-16.375789082807277,https://nsearchives.nseindia.com/today/SBIMIDMOMEQN.svg,https://nsearchives.nseindia.com/30d/SBIMIDMOM-EQ.svg,,EQ
ABSLLIQUID,Aditya Birla Sun Life CRISIL Overnight Fund AI ETF,1000,1000.01,999.99,999.99,-0.01,-0.00,802,802000,1000,1044.99,999.56,-,-,0,0,1000,0,0,0,28-Jul-2025,25-Jun-2026,-,0,-,0,4.306261303935923,-0.043018928328470894,https://nsearchives.nseindia.com/today/ABSLLIQUIDEQN.svg,https://nsearchives.nseindia.com/30d/ABSLLIQUID-EQ.svg,https://nsearchives.nseindia.com/365d/ABSLLIQUID-EQ.svg,EQ
HEALTHADD,DSP Nifty Healthcare ETF,16.71,16.89,16.27,16.84,0.21,1.26,46986,789834.66,16.662,17.02,13.54,03-JUL-26,FACE VALUE SPLIT (SUB-DIVISION) - FROM RS 10/- PER UNIT TO RE 1/- PER UNIT,-88.77333333333333,-89.66110019646365,16.63,0,-88.91,-89.67,28-Jul-2025,25-Jun-2026,FACE VALUE SPLIT (SUB-DIVISION) - FROM RS 10/- PER UNIT TO RE 1/- PER UNIT,-89.66110019646365,03-JUL-26,-88.77333333333333,1.057579318448882,-24.37223042836042,https://nsearchives.nseindia.com/today/HEALTHADDEQN.svg,https://nsearchives.nseindia.com/30d/HEALTHADD-EQ.svg,https://nsearchives.nseindia.com/365d/HEALTHADD-EQ.svg,EQ
PVTBANKADD,DSP Nifty Private Bank ETF,27.84,28.2,27.77,27.9,0.15,0.54,27721,773693.11,27.6908,31.88,24.02,-,-,1.7876687340386663,-3.8594073053066884,27.75,0,1.24,-3.78,28-Jul-2025,25-Jun-2026,-,-3.8594073053066884,-,1.7876687340386663,12.484316185696363,-16.153205661948373,https://nsearchives.nseindia.com/today/PVTBANKADDEQN.svg,https://nsearchives.nseindia.com/30d/PVTBANKADD-EQ.svg,https://nsearchives.nseindia.com/365d/PVTBANKADD-EQ.svg,EQ
MOTOUR,Nifty India Tourism Total Return Index,78.92,81,78.6,81,2.3,2.92,9729,768104.55,78.6174,95.9,64,-,-,-10.832232496697493,2.7397260273972557,78.7,0,-13.36,-1.48,28-Jul-2025,25-Jun-2026,-,2.7397260273972557,-,-10.832232496697493,15.537017726798753,-26.5625,https://nsearchives.nseindia.com/today/MOTOUREQN.svg,https://nsearchives.nseindia.com/30d/MOTOUR-EQ.svg,https://nsearchives.nseindia.com/365d/MOTOUR-EQ.svg,EQ
MID150,Nifty Midcap 150 Index,23.41,23.5,23.4,23.48,0.18,0.77,32458,760815.52,,24.95,18.97,-,-,8.552935737401764,2.131361461505011,23.3,0,7.72,0.69,28-Jul-2025,25-Jun-2026,-,2.131361461505011,-,8.552935737401764,5.891783567134264,-23.774380600948877,https://nsearchives.nseindia.com/today/MID150EQN.svg,https://nsearchives.nseindia.com/30d/MID150-EQ.svg,https://nsearchives.nseindia.com/365d/MID150-EQ.svg,EQ
TOP20,Nifty Top 20 Equal Weight,8.89,9.02,8.89,9.01,0.14,1.58,84524,759025.52,8.885,9.99,8,-,-,Infinity,4.403244495944368,8.87,0,0,2.31,,25-Jun-2026,-,4.403244495944368,-,Infinity,9.809809809809813,-12.624999999999996,https://nsearchives.nseindia.com/today/TOP20EQN.svg,https://nsearchives.nseindia.com/30d/TOP20-EQ.svg,,EQ
LICNETFGSC,GSEC10 NSE Index,29.67,29.67,29.38,29.48,0.05,0.17,25593,753969.78,29.5121,30.5,27.42,-,-,3.802816901408457,0.5457025920873129,29.43,0,3.63,0.24,28-Jul-2025,25-Jun-2026,-,0.5457025920873129,-,3.802816901408457,3.3442622950819656,-7.512764405543394,https://nsearchives.nseindia.com/today/LICNETFGSCEQN.svg,https://nsearchives.nseindia.com/30d/LICNETFGSC-EQ.svg,https://nsearchives.nseindia.com/365d/LICNETFGSC-EQ.svg,EQ
FMCGADD,Nifty FMCG Index (TRI),49.61,49.98,49.61,49.93,0.3,0.60,14980,746303.6,49.028,51.09,47.87,-,-,Infinity,1.4425030475416516,49.63,0,0,-0.04,,25-Jun-2026,-,1.4425030475416516,-,Infinity,2.2705030338618197,-4.303321495717573,https://nsearchives.nseindia.com/today/FMCGADDEQN.svg,https://nsearchives.nseindia.com/30d/FMCGADD-EQ.svg,,EQ
MANUFGBEES,Nifty India Manufacturing TRI,159.84,161.15,159.84,161.15,1.31,0.82,4490,720869.5,160.0562,171.58,138.6,-,-,Infinity,1.5246015246015348,159.84,0,0,0.21,,25-Jun-2026,-,1.5246015246015348,-,Infinity,6.078797062594711,-16.269841269841276,https://nsearchives.nseindia.com/today/MANUFGBEESEQN.svg,https://nsearchives.nseindia.com/30d/MANUFGBEES-EQ.svg,,EQ
SELECTIPO,BSE Select IPO Index,47.27,47.27,46.51,46.95,0.61,1.32,15189,709174.41,46.3053,57.75,37.8,-,-,-3.2357790601813687,4.822505023442741,46.34,0,-4.49,3.18,28-Jul-2025,25-Jun-2026,-,4.822505023442741,-,-3.2357790601813687,18.701298701298697,-24.206349206349223,https://nsearchives.nseindia.com/today/SELECTIPOEQN.svg,https://nsearchives.nseindia.com/30d/SELECTIPO-EQ.svg,https://nsearchives.nseindia.com/365d/SELECTIPO-EQ.svg,EQ
MONEXT50,Nifty Next 50 Total Return Index,73.56,74.6,71.78,72.3,-0.94,-1.28,9706,704170.3,71.9175,74.6,59.43,-,-,9.082679541339763,1.2321478577429228,73.24,0,10.5,1.72,28-Jul-2025,25-Jun-2026,-,1.2321478577429228,-,9.082679541339763,3.083109919571042,-21.655729429581015,https://nsearchives.nseindia.com/today/MONEXT50EQN.svg,https://nsearchives.nseindia.com/30d/MONEXT50-EQ.svg,https://nsearchives.nseindia.com/365d/MONEXT50-EQ.svg,EQ
MOIPO,BSE Select IPO Total Return Index,46.88,47.39,46.59,47.08,0.87,1.88,13867,648559.59,46.3281,53,36.5,-,-,Infinity,4.251550044286984,46.21,0,0,3.06,,25-Jun-2026,-,4.251550044286984,-,Infinity,11.169811320754722,-28.986301369863007,https://nsearchives.nseindia.com/today/MOIPOEQN.svg,https://nsearchives.nseindia.com/30d/MOIPO-EQ.svg,,EQ
GSEC5IETF,Nifty 5 yr Benchmark G-Sec Index,65.82,66.5,65.82,66.23,0.57,0.87,9643,637884.45,66.2306,69.14,62,-,-,4.9271229404309365,0.13607499244028334,65.66,0,4.02,-0.48,28-Jul-2025,25-Jun-2026,-,0.13607499244028334,-,4.9271229404309365,4.2088516054382366,-6.822580645161297,https://nsearchives.nseindia.com/today/GSEC5IETFEQN.svg,https://nsearchives.nseindia.com/30d/GSEC5IETF-EQ.svg,https://nsearchives.nseindia.com/365d/GSEC5IETF-EQ.svg,EQ
SBIETFPB,Nifty Private Bank Index,282.55,282.55,279.02,280.47,1.95,0.70,2252,632609.32,278.5553,304.58,244.18,-,-,1.4982086635544616,-2.1217937532716746,278.52,0,0.79,-4.41,28-Jul-2025,25-Jun-2026,-,-2.1217937532716746,-,1.4982086635544616,7.915818504169661,-14.861987058727175,https://nsearchives.nseindia.com/today/SBIETFPBEQN.svg,https://nsearchives.nseindia.com/30d/SBIETFPB-EQ.svg,https://nsearchives.nseindia.com/365d/SBIETFPB-EQ.svg,EQ
AONETMMQ50,Nifty Total Market Momentum Quality 50 TRI,9.95,10.04,9.87,9.93,0.02,0.20,63728,630907.2,9.8969,10.87,8,-,-,Infinity,-2.4557956777996073,9.91,0,0,-2.94,,25-Jun-2026,-,-2.4557956777996073,-,Infinity,8.647654093836241,-24.124999999999996,https://nsearchives.nseindia.com/today/AONETMMQ50EQN.svg,https://nsearchives.nseindia.com/30d/AONETMMQ50-EQ.svg,,EQ
HDFCLOWVOL,HDFC NIFTY100 Low Volatility 30 ETF,20.99,21.2,20.95,21.08,0.26,1.25,28735,605159.1,20.8573,22.28,18.35,20-OCT-23,FACE VALUE SPLIT (SUB-DIVISION) - FROM RS 126.18/- PER SHARE TO RS 12.618/- PER SHARE,4.408122833085671,4.408122833085671,20.82,0,3.12,2.66,28-Jul-2025,25-Jun-2026,FACE VALUE SPLIT (SUB-DIVISION) - FROM RS 126.18/- PER SHARE TO RS 12.618/- PER SHARE,4.408122833085671,20-OCT-23,4.408122833085671,5.38599640933574,-14.877384196185266,https://nsearchives.nseindia.com/today/HDFCLOWVOLEQN.svg,https://nsearchives.nseindia.com/30d/HDFCLOWVOL-EQ.svg,https://nsearchives.nseindia.com/365d/HDFCLOWVOL-EQ.svg,EQ
GROWWLOVOL,Nifty 500 Low Volatility 50 Index   TRI,10.5,10.63,10.5,10.55,0.09,0.86,57278,604282.9,10.5195,11.1,9.39,-,-,6.030150753768859,4.766633565044692,10.46,0,5.13,2.05,28-Jul-2025,25-Jun-2026,-,4.766633565044692,-,6.030150753768859,4.954954954954945,-12.35356762513312,https://nsearchives.nseindia.com/today/GROWWLOVOLEQN.svg,https://nsearchives.nseindia.com/30d/GROWWLOVOL-EQ.svg,https://nsearchives.nseindia.com/365d/GROWWLOVOL-EQ.svg,EQ
IVZINNIFTY,Nifty 50,2768,2780.73,2760.58,2776.93,22.7,0.82,214,594267.3,2749.9456,3150,2511,31-JUL-26,FACE VALUE SPLIT (SUB-DIVISION) - FROM RS 10/- PER SHARE TO RE 1/- PER SHARE,-0.9148745615631483,1.3467005835702395,2754.23,0,-1.72,-0.11,28-Jul-2025,25-Jun-2026,FACE VALUE SPLIT (SUB-DIVISION) - FROM RS 10/- PER SHARE TO RE 1/- PER SHARE,1.3467005835702395,31-JUL-26,-0.9148745615631483,11.843492063492068,-10.590601354042208,https://nsearchives.nseindia.com/today/IVZINNIFTYEQN.svg,https://nsearchives.nseindia.com/30d/IVZINNIFTY-EQ.svg,https://nsearchives.nseindia.com/365d/IVZINNIFTY-EQ.svg,EQ
NIFTY100EW,Nifty 100 Equal Weight Index,35.08,35.29,35.08,35.28,0.28,0.80,15026,528764.94,34.936,41.41,29.84,-,-,8.82171499074645,2.231237322515222,35,0,7.96,0.98,28-Jul-2025,25-Jun-2026,-,2.231237322515222,-,8.82171499074645,14.803187635836744,-18.23056300268097,https://nsearchives.nseindia.com/today/NIFTY100EWEQN.svg,https://nsearchives.nseindia.com/30d/NIFTY100EW-EQ.svg,https://nsearchives.nseindia.com/365d/NIFTY100EW-EQ.svg,EQ
CONS,Kotak Nifty India Consumption ETF,12.36,12.38,12.34,12.36,0.13,1.06,42067,519527.45,12.2609,13.2,10.2,27-FEB-26,FACE VALUE SPLIT (SUB-DIVISION) - FROM RS 10/- PER SHARE TO RE 1/- PER SHARE,-89.60296096904442,4.745762711864396,12.23,0,-89.71,3.03,28-Jul-2025,25-Jun-2026,FACE VALUE SPLIT (SUB-DIVISION) - FROM RS 10/- PER SHARE TO RE 1/- PER SHARE,4.745762711864396,27-FEB-26,-89.60296096904442,6.363636363636363,-21.176470588235297,https://nsearchives.nseindia.com/today/CONSEQN.svg,https://nsearchives.nseindia.com/30d/CONS-EQ.svg,https://nsearchives.nseindia.com/365d/CONS-EQ.svg,EQ
ABSLBANETF,Nifty Bank,58.33,58.7,58.33,58.56,0.38,0.65,8552,501147.2,58.1859,64.94,50.97,25-NOV-21, FACE VALUE SPLIT (SUB-DIVISION) - FROM RS 10/- PER SHARE TO RE 1/- PER SHARE,2.503063189217573,-0.8633824276282344,58.18,0,1.84,-2.42,28-Jul-2025,25-Jun-2026, FACE VALUE SPLIT (SUB-DIVISION) - FROM RS 10/- PER SHARE TO RE 1/- PER SHARE,-0.8633824276282344,25-NOV-21,2.503063189217573,9.824453341546036,-14.891112419070048,https://nsearchives.nseindia.com/today/ABSLBANETFEQN.svg,https://nsearchives.nseindia.com/30d/ABSLBANETF-EQ.svg,https://nsearchives.nseindia.com/365d/ABSLBANETF-EQ.svg,EQ
LIQUIDBETA,Nifty 1D Rate Index,1001.98,1001.98,1001.98,1001.98,0.12,0.01,500,500990,1001.8534,1001.98,1000.9,-,-,Infinity,Infinity,1001.86,0,0,0,,,-,Infinity,-,Infinity,0,-0.10790288740134289,https://nsearchives.nseindia.com/today/LIQUIDBETAEQN.svg,,,EQ
BBNPPGOLD,Baroda BNP Paribas Gold ETF,135.85,139.65,135.85,137.2,0.95,0.70,3499,478943.12,136.6785,184.05,94.5,-,-,43.215031315240076,1.3293943870014644,136.25,0,42.22,0.66,28-Jul-2025,25-Jun-2026,-,1.3293943870014644,-,43.215031315240076,25.455039391469718,-45.185185185185176,https://nsearchives.nseindia.com/today/BBNPPGOLDEQN.svg,https://nsearchives.nseindia.com/30d/BBNPPGOLD-EQ.svg,https://nsearchives.nseindia.com/365d/BBNPPGOLD-EQ.svg,EQ
MONIFTY100,Nifty 100 Total Return Index,25.32,25.48,25.32,25.48,0.27,1.07,18618,474014.28,25.1999,27.97,22.38,-,-,Infinity,1.6354208216992427,25.21,0,0,-0.36,,25-Jun-2026,-,1.6354208216992427,-,Infinity,8.90239542366821,-13.851653261840935,https://nsearchives.nseindia.com/today/MONIFTY100EQN.svg,https://nsearchives.nseindia.com/30d/MONIFTY100-EQ.svg,,EQ
BANKADD,DSP Nifty Bank ETF,58.32,58.62,58.31,58.38,0.22,0.38,8105,473818.3,58.1027,62.9,51.01,-,-,Infinity,-1.1848341232227417,58.16,0,0,-2.45,,25-Jun-2026,-,-1.1848341232227417,-,Infinity,7.186009538950709,-14.448147422074113,https://nsearchives.nseindia.com/today/BANKADDEQN.svg,https://nsearchives.nseindia.com/30d/BANKADD-EQ.svg,,EQ
ECAPINSURE,BSE Capital Markets & Insurance Total Return Index,24,24.1,23.72,24.1,0.21,0.88,18674,445188.16,23.7767,25.88,20.5,-,-,5.655414291977216,-0.5775577557755652,23.89,0,4.73,-1.24,28-Jul-2025,25-Jun-2026,-,-0.5775577557755652,-,5.655414291977216,6.877897990726421,-17.560975609756103,https://nsearchives.nseindia.com/today/ECAPINSUREEQN.svg,https://nsearchives.nseindia.com/30d/ECAPINSURE-EQ.svg,https://nsearchives.nseindia.com/365d/ECAPINSURE-EQ.svg,EQ
SMALLIETF,Nifty Smallcap 250 Index,17.89,18.03,17.86,18.02,0.21,1.18,22989,411962.88,17.7579,18.68,17.43,-,-,Infinity,2.0385050962627376,17.81,0,0,0.28,,25-Jun-2026,-,2.0385050962627376,-,Infinity,3.533190578158459,-3.384968445209408,https://nsearchives.nseindia.com/today/SMALLIETFEQN.svg,https://nsearchives.nseindia.com/30d/SMALLIETF-EQ.svg,,EQ
GROWWNXT50,Index,72.65,73,72.31,72.56,-0.06,-0.08,5673,411746.34,72.3331,73.65,60.01,-,-,Infinity,0.8898776418242499,72.62,0,0,0.74,,25-Jun-2026,-,0.8898776418242499,-,Infinity,1.4799728445349671,-20.913181136477263,https://nsearchives.nseindia.com/today/GROWWNXT50EQN.svg,https://nsearchives.nseindia.com/30d/GROWWNXT50-EQ.svg,,EQ
ITBETA,UTI Nifty IT ETF,324.33,329,324.33,326.93,6.28,1.96,1242,407301.48,320.1034,409.94,270.68,-,-,Infinity,14.97045998030665,320.65,0,0,11.46,,25-Jun-2026,-,14.97045998030665,-,Infinity,20.24930477630873,-20.780996010048767,https://nsearchives.nseindia.com/today/ITBETAEQN.svg,https://nsearchives.nseindia.com/30d/ITBETA-EQ.svg,,EQ
GOLD360,Commodity-Gold,138.15,138.5,137.75,138.35,0.55,0.40,2871,396542.52,137.84,178,87.85,-,-,42.84976768198245,0.5450581395348837,137.8,0,42.28,-1.89,28-Jul-2025,25-Jun-2026,-,0.5450581395348837,-,42.84976768198245,22.275280898876407,-57.48434832100171,https://nsearchives.nseindia.com/today/GOLD360EQN.svg,https://nsearchives.nseindia.com/30d/GOLD360-EQ.svg,https://nsearchives.nseindia.com/365d/GOLD360-EQ.svg,EQ
SBINMID150,Nifty Midcap 150 Index,23.2,23.3,22.98,23.1,0.12,0.52,17062,395155.92,22.9787,23.97,19.81,-,-,Infinity,1.6278046634403915,22.98,0,0,0.75,,25-Jun-2026,-,1.6278046634403915,-,Infinity,3.629536921151429,-16.60777385159012,https://nsearchives.nseindia.com/today/SBINMID150EQN.svg,https://nsearchives.nseindia.com/30d/SBINMID150-EQ.svg,,EQ
IDFNIFTYET,Nifty 50,266.45,268,266.45,267.32,3.09,1.17,1471,393301.27,264.9329,340.8,244.32,-,-,-1.2449665669215726,1.0738052026618174,264.23,0,-2.39,-0.34,28-Jul-2025,25-Jun-2026,-,1.0738052026618174,-,-1.2449665669215726,21.56103286384977,-9.41388343156516,https://nsearchives.nseindia.com/today/IDFNIFTYETEQN.svg,https://nsearchives.nseindia.com/30d/IDFNIFTYET-EQ.svg,https://nsearchives.nseindia.com/365d/IDFNIFTYET-EQ.svg,EQ
BSLSENETFG,BSE SENSEX Index,76.63,78.45,76.63,78.01,0.66,0.85,4981,389215.34,77.3868,87.82,70.32,25-NOV-21, FACE VALUE SPLIT (SUB-DIVISION) - FROM RS 10/- PER SHARE TO RE 1- PER SHARE,-3.213399503722071,0.9576808593244586,77.35,0,-4.03,-0.45,28-Jul-2025,25-Jun-2026, FACE VALUE SPLIT (SUB-DIVISION) - FROM RS 10/- PER SHARE TO RE 1- PER SHARE,0.9576808593244586,25-NOV-21,-3.213399503722071,11.170576178547016,-10.935722411831645,https://nsearchives.nseindia.com/today/BSLSENETFGEQN.svg,https://nsearchives.nseindia.com/30d/BSLSENETFG-EQ.svg,https://nsearchives.nseindia.com/365d/BSLSENETFG-EQ.svg,EQ
MOM50,Nifty 50,251.3,253.86,251.3,253.38,2.11,0.84,1522,385294.3,251.0515,279.33,231.11,16-OCT-14,FACE VALUE SPLIT FROM RS.10/- TO RS.7/-,-0.9886288148177098,1.3925570228091195,251.27,0,-1.81,0.28,28-Jul-2025,25-Jun-2026,FACE VALUE SPLIT FROM RS.10/- TO RS.7/-,1.3925570228091195,16-OCT-14,-0.9886288148177098,9.290086993878205,-9.636104019730857,https://nsearchives.nseindia.com/today/MOM50EQN.svg,https://nsearchives.nseindia.com/30d/MOM50-EQ.svg,https://nsearchives.nseindia.com/365d/MOM50-EQ.svg,EQ
GSEC10YEAR,Mirae Asset Nifty 8-13 yr G-Sec ETF,30.64,30.64,30.36,30.5,-0.14,-0.46,12337,375785.02,30.4979,31.33,28.39,-,-,4.380561259411366,-0.45691906005222116,30.64,0,4.86,2.3,28-Jul-2025,25-Jun-2026,-,-0.45691906005222116,-,4.380561259411366,2.649218001915092,-7.432194434660089,https://nsearchives.nseindia.com/today/GSEC10YEAREQN.svg,https://nsearchives.nseindia.com/30d/GSEC10YEAR-EQ.svg,https://nsearchives.nseindia.com/365d/GSEC10YEAR-EQ.svg,EQ
NPBET,Nifty Private Bank Index,283.28,284.8,282.82,282.82,-0.21,-0.07,1300,369356,282.5832,307,246.26,-,-,0.891837899543379,-3.474402730375429,283.03,0,0.97,-3.8,28-Jul-2025,25-Jun-2026,-,-3.474402730375429,-,0.891837899543379,7.876221498371338,-14.846097620401203,https://nsearchives.nseindia.com/today/NPBETEQN.svg,https://nsearchives.nseindia.com/30d/NPBET-EQ.svg,https://nsearchives.nseindia.com/365d/NPBET-EQ.svg,EQ
NEXT30ADD,BSE SENSEX Next 30 Index,42.55,42.77,42.55,42.77,0.5,1.18,8603,366745.89,42.2507,45.9,36.98,-,-,11.729362591431563,2.46765692381409,42.27,0,10.42,0.36,28-Jul-2025,25-Jun-2026,-,2.46765692381409,-,11.729362591431563,6.819172113289751,-15.657111952406726,https://nsearchives.nseindia.com/today/NEXT30ADDEQN.svg,https://nsearchives.nseindia.com/30d/NEXT30ADD-EQ.svg,https://nsearchives.nseindia.com/365d/NEXT30ADD-EQ.svg,EQ
PVTBKGROWW,Nifty Private Bank Index - TRI,27.36,27.69,27.35,27.63,0.21,0.77,12223,336499.19,27.358,29.57,25.45,-,-,Infinity,-1.9169329073482524,27.42,0,0,-3.82,,25-Jun-2026,-,-1.9169329073482524,-,Infinity,6.560703415623947,-8.565815324165028,https://nsearchives.nseindia.com/today/PVTBKGROWWEQN.svg,https://nsearchives.nseindia.com/30d/PVTBKGROWW-EQ.svg,,EQ
GROWWPSUBK,Nifty PSU Bank Index - TRI,82.22,83.88,82.22,83.55,0.23,0.28,3855,321892.5,83.1376,91.19,77.57,-,-,Infinity,-2.177730944854232,83.32,0,0,-3.58,,25-Jun-2026,-,-2.177730944854232,-,Infinity,8.378111635047702,-7.709165914657735,https://nsearchives.nseindia.com/today/GROWWPSUBKEQN.svg,https://nsearchives.nseindia.com/30d/GROWWPSUBK-EQ.svg,,EQ
HDFCNIF100,HDFC NIFTY 100 ETF,26.07,26.19,25.9,25.9,0.08,0.31,12128,316419.52,25.8933,29,22,20-OCT-23,FACE VALUE SPLIT (SUB-DIVISION) - FROM RS 177.27/- PER SHARE TO RS 17.727/- PER SHARE,-0.30792917628946054,0.7390120575651409,25.82,0,-0.62,-0.62,28-Jul-2025,25-Jun-2026,FACE VALUE SPLIT (SUB-DIVISION) - FROM RS 177.27/- PER SHARE TO RS 17.727/- PER SHARE,0.7390120575651409,20-OCT-23,-0.30792917628946054,10.689655172413797,-17.727272727272723,https://nsearchives.nseindia.com/today/HDFCNIF100EQN.svg,https://nsearchives.nseindia.com/30d/HDFCNIF100-EQ.svg,https://nsearchives.nseindia.com/365d/HDFCNIF100-EQ.svg,EQ
GOLDBND,Commodity - Gold,141.47,141.75,141.02,141.68,0.19,0.13,2217,313638.99,141.0893,180.16,127.96,-,-,Infinity,0.5107832009080582,141.49,0,0,2.13,,25-Jun-2026,-,0.5107832009080582,-,Infinity,21.358792184724685,-10.722100656455153,https://nsearchives.nseindia.com/today/GOLDBNDEQN.svg,https://nsearchives.nseindia.com/30d/GOLDBND-EQ.svg,,EQ
GROWWMOM50,Nifty 500 Momentum 50 Index- Total Return Index,10.75,10.75,10.44,10.52,0.08,0.77,29242,307625.84,10.4693,11.15,9.12,-,-,0.9596928982725493,-3.839122486288848,10.44,0,0.19,-3.96,28-Jul-2025,25-Jun-2026,-,-3.839122486288848,-,0.9596928982725493,5.650224215246643,-15.35087719298246,https://nsearchives.nseindia.com/today/GROWWMOM50EQN.svg,https://nsearchives.nseindia.com/30d/GROWWMOM50-EQ.svg,https://nsearchives.nseindia.com/365d/GROWWMOM50-EQ.svg,EQ
NV20,Nifty50 Value 20,14.01,14.06,13.96,14.02,0.14,1.01,21690,304093.8,13.8829,16.87,12.62,27-FEB-26,FACE VALUE SPLIT (SUB-DIVISION) - FROM RS 10/- PER SHARE TO RE 1/- PER SHARE,-90.35896025306009,-0.5673758865248232,13.88,0,-90.46,-1.84,28-Jul-2025,25-Jun-2026,FACE VALUE SPLIT (SUB-DIVISION) - FROM RS 10/- PER SHARE TO RE 1/- PER SHARE,-0.5673758865248232,27-FEB-26,-90.35896025306009,16.89389448725549,-11.093502377179083,https://nsearchives.nseindia.com/today/NV20EQN.svg,https://nsearchives.nseindia.com/30d/NV20-EQ.svg,https://nsearchives.nseindia.com/365d/NV20-EQ.svg,EQ
EMULTIMQ,Nifty500 Multicap Momentum Quality 50 Total Return Index,40.77,40.8,40.44,40.8,0.23,0.57,7361,299739.92,40.496,43.54,36.25,-,-,-0.5847953216374318,-0.8746355685131182,40.57,0,-1.15,-3.66,28-Jul-2025,25-Jun-2026,-,-0.8746355685131182,-,-0.5847953216374318,6.293063849333951,-12.551724137931027,https://nsearchives.nseindia.com/today/EMULTIMQEQN.svg,https://nsearchives.nseindia.com/30d/EMULTIMQ-EQ.svg,https://nsearchives.nseindia.com/365d/EMULTIMQ-EQ.svg,EQ
UNIONGOLD,Commodity Gold,138.55,138.55,137.95,137.95,-0.2,-0.14,2093,289587.48,138.2497,177,93.75,-,-,42.07003089598352,0.7301935012778387,138.15,0,42.28,1.21,28-Jul-2025,25-Jun-2026,-,0.7301935012778387,-,42.07003089598352,22.062146892655374,-47.146666666666654,https://nsearchives.nseindia.com/today/UNIONGOLDEQN.svg,https://nsearchives.nseindia.com/30d/UNIONGOLD-EQ.svg,https://nsearchives.nseindia.com/365d/UNIONGOLD-EQ.svg,EQ
SENSEXAXIS,AXIS S&P BSE SENSEX ETF,79.45,80.75,79.45,80.5,1.13,1.42,3481,280011.64,79.6435,91.35,73.52,-,-,Infinity,Infinity,79.37,0,0,0,,,-,Infinity,-,Infinity,11.877394636015321,-9.494015233949952,https://nsearchives.nseindia.com/today/SENSEXAXISEQN.svg,,,EQ
QNIFTY,Nifty 50,266.6,267.4,266.4,267,2.81,1.06,1013,270410.22,263.9341,291.19,243.2,13-FEB-26,FACE VALUE SPLIT (SUB-DIVISION) - FROM RS 10/- PER UNIT TO RE 1/- PER UNIT,-90.09530027562516,1.374439972663074,264.19,0,-90.2,-0.12,28-Jul-2025,25-Jun-2026,FACE VALUE SPLIT (SUB-DIVISION) - FROM RS 10/- PER UNIT TO RE 1/- PER UNIT,1.374439972663074,13-FEB-26,-90.09530027562516,8.307290772347951,-9.78618421052632,https://nsearchives.nseindia.com/today/QNIFTYEQN.svg,https://nsearchives.nseindia.com/30d/QNIFTY-EQ.svg,https://nsearchives.nseindia.com/365d/QNIFTY-EQ.svg,EQ
CHOICEGOLD,Gold,139.92,140.95,139.8,140.65,0.73,0.52,1920,269606.4,140.1621,175.49,115.79,-,-,Infinity,0.9981329886543263,139.92,0,0,0.68,,25-Jun-2026,-,0.9981329886543263,-,Infinity,19.852983075958747,-21.4699024095345,https://nsearchives.nseindia.com/today/CHOICEGOLDEQN.svg,https://nsearchives.nseindia.com/30d/CHOICEGOLD-EQ.svg,,EQ
SBIVALETF,Nifty200 Value 30 Index,14.89,14.9,14.73,14.73,-0.12,-0.81,18165,268115.4,14.8017,17.7,14.43,-,-,Infinity,-1.8654230512991297,14.85,0,0,-1.46,,25-Jun-2026,-,-1.8654230512991297,-,Infinity,16.779661016949145,-2.079002079002084,https://nsearchives.nseindia.com/today/SBIVALETFEQN.svg,https://nsearchives.nseindia.com/30d/SBIVALETF-EQ.svg,,EQ
MSCIINDIA,MSCI India Index,29.72,29.99,29.54,29.54,-0.18,-0.61,8962,267874.18,29.686,32.14,26.5,-,-,0.5788219271365276,0.13559322033898016,29.72,0,1.19,0.24,28-Jul-2025,25-Jun-2026,-,0.13559322033898016,-,0.5788219271365276,8.089607965152462,-11.471698113207543,https://nsearchives.nseindia.com/today/MSCIINDIAEQN.svg,https://nsearchives.nseindia.com/30d/MSCIINDIA-EQ.svg,https://nsearchives.nseindia.com/365d/MSCIINDIA-EQ.svg,EQ
BANKPSU,Nifty PSU Bank Total Return Index,83.96,84.48,83.8,84.05,0.36,0.43,2917,245611.4,83.5974,99.52,67.59,-,-,20.917853546252324,-2.8660580145614283,83.69,0,20.4,-4.03,28-Jul-2025,25-Jun-2026,-,-2.8660580145614283,-,20.917853546252324,15.544614147909968,-24.352714898653634,https://nsearchives.nseindia.com/today/BANKPSUEQN.svg,https://nsearchives.nseindia.com/30d/BANKPSU-EQ.svg,https://nsearchives.nseindia.com/365d/BANKPSU-EQ.svg,EQ
SNXT50BETA,BSE Sensex Next 50,94.5,94.85,93.8,94.28,0.27,0.29,2587,244419.76,93.8837,102.25,77.87,17-FEB-21, FACE VALUE SPLIT (SUB-DIVISION) - FROM RS 10/- PER UNIT TO RE 1/- PER UNIT,Infinity,2.2670571645514737,94.01,0,0,0.3,,25-Jun-2026, FACE VALUE SPLIT (SUB-DIVISION) - FROM RS 10/- PER UNIT TO RE 1/- PER UNIT,2.2670571645514737,17-FEB-21,Infinity,7.794621026894864,-21.073584178759464,https://nsearchives.nseindia.com/today/SNXT50BETAEQN.svg,https://nsearchives.nseindia.com/30d/SNXT50BETA-EQ.svg,,EQ
MOINFRA,BSE India Infrastructure Total Return Index,60.66,60.78,60.51,60.6,0.39,0.65,3418,207301.7,60.2981,66,54.6,-,-,3.448275862068971,-3.1639501438159106,60.21,0,2.78,-4.44,28-Jul-2025,25-Jun-2026,-,-3.1639501438159106,-,3.448275862068971,8.18181818181818,-10.989010989010989,https://nsearchives.nseindia.com/today/MOINFRAEQN.svg,https://nsearchives.nseindia.com/30d/MOINFRA-EQ.svg,https://nsearchives.nseindia.com/365d/MOINFRA-EQ.svg,EQ
SMALLGROWW,Nifty Smallcap 250 Momentum Quality 100 Index TRI,46.8,47.5,46.67,47.05,0.25,0.53,4134,194380.68,46.6779,49,45,-,-,Infinity,2.038603339839509,46.8,0,0,0.99,,25-Jun-2026,-,2.038603339839509,-,Infinity,3.9795918367347,-4.555555555555549,https://nsearchives.nseindia.com/today/SMALLGROWWEQN.svg,https://nsearchives.nseindia.com/30d/SMALLGROWW-EQ.svg,,EQ
MOSERVICE,Nifty Services Sector Total Return Index,31.12,31.45,31.1,31.45,0.44,1.42,5881,184251.73,30.958,35.37,28.3,-,-,Infinity,2.044127190136272,31.01,0,0,1.21,,25-Jun-2026,-,2.044127190136272,-,Infinity,11.08283856375459,-11.13074204946996,https://nsearchives.nseindia.com/today/MOSERVICEEQN.svg,https://nsearchives.nseindia.com/30d/MOSERVICE-EQ.svg,,EQ
SETF10GILT,Nifty 10 yr Benchmark G-Sec Index,266.49,266.49,264.26,266.43,-0.12,-0.05,673,178466.14,265.3508,272.31,250.37,-,-,3.171468401486988,0.6649790304907964,266.55,0,3.22,1.02,28-Jul-2025,25-Jun-2026,-,0.6649790304907964,-,3.171468401486988,2.159303734714111,-6.414506530335105,https://nsearchives.nseindia.com/today/SETF10GILTEQN.svg,https://nsearchives.nseindia.com/30d/SETF10GILT-EQ.svg,https://nsearchives.nseindia.com/365d/SETF10GILT-EQ.svg,EQ
MOMGF,Nifty India Manufacturing Total Return Index,160.18,160.24,159.4,160,0,0.00,1109,177129.48,159.058,182.16,137.9,-,-,12.454315434354793,0.7429794736179366,160,0,12.45,0.43,28-Jul-2025,25-Jun-2026,-,0.7429794736179366,-,12.454315434354793,12.165129556433902,-16.026105873821606,https://nsearchives.nseindia.com/today/MOMGFEQN.svg,https://nsearchives.nseindia.com/30d/MOMGF-EQ.svg,https://nsearchives.nseindia.com/365d/MOMGF-EQ.svg,EQ
MIDCAPBETA,UTI Nifty Midcap 150 Exchange Traded Fund (ETF),232.5,233.76,232.5,233.4,1.21,0.52,758,176924.78,231.7077,236,192.5,-,-,Infinity,1.6860541105737832,232.19,0,0,1.23,,25-Jun-2026,-,1.6860541105737832,-,Infinity,1.1016949152542348,-21.24675324675325,https://nsearchives.nseindia.com/today/MIDCAPBETAEQN.svg,https://nsearchives.nseindia.com/30d/MIDCAPBETA-EQ.svg,,EQ
HDFCVALUE,HDFC NIFTY50 Value 20 ETF,126.02,126.48,126.01,126.11,0.36,0.29,1333,168371.23,125.0019,147.05,120,-,-,-4.2154033115600775,-0.3555625790139087,125.75,0,-4.49,-0.98,28-Jul-2025,25-Jun-2026,-,-0.3555625790139087,-,-4.2154033115600775,14.240054403264205,-5.091666666666667,https://nsearchives.nseindia.com/today/HDFCVALUEEQN.svg,https://nsearchives.nseindia.com/30d/HDFCVALUE-EQ.svg,https://nsearchives.nseindia.com/365d/HDFCVALUE-EQ.svg,EQ
INFRA,Nifty India Infrastructure & Logistics,12.05,12.1,12.03,12.04,-0.02,-0.17,13375,161302.5,12.0423,13.27,10.14,-,-,Infinity,-1.7142857142857213,12.06,0,0,-2.03,,25-Jun-2026,-,-1.7142857142857213,-,Infinity,9.269027882441602,-18.737672583826416,https://nsearchives.nseindia.com/today/INFRAEQN.svg,https://nsearchives.nseindia.com/30d/INFRA-EQ.svg,,EQ
GROWWPSE,Nifty PSE Index - TRI,99.1,100.8,98.52,100.8,2.67,2.72,1580,156246.2,98.9904,109.85,93.2,-,-,Infinity,0.6088431979239439,98.13,0,0,-2.04,,25-Jun-2026,-,0.6088431979239439,-,Infinity,8.2385070550751,-8.154506437768234,https://nsearchives.nseindia.com/today/GROWWPSEEQN.svg,https://nsearchives.nseindia.com/30d/GROWWPSE-EQ.svg,,EQ
EQUAL50,Nifty50 Equal Weight,335,336.19,335,335,2.1,0.63,454,152212.58,332.4209,341.7,295.16,-,-,7.883550173901848,2.1777587994875818,332.9,0,7.21,1.52,28-Jul-2025,25-Jun-2026,-,2.1777587994875818,-,7.883550173901848,1.960784313725487,-13.497763924651027,https://nsearchives.nseindia.com/today/EQUAL50EQN.svg,https://nsearchives.nseindia.com/30d/EQUAL50-EQ.svg,https://nsearchives.nseindia.com/365d/EQUAL50-EQ.svg,EQ
SNXT30BEES,BSE Sensex Next 30 Index,42.42,42.66,42.32,42.66,0.45,1.07,3298,140395.86,42.1333,43.75,36.83,-,-,11.412901540872285,2.44956772334293,42.21,0,10.24,0.6,28-Jul-2025,25-Jun-2026,-,2.44956772334293,-,11.412901540872285,2.491428571428579,-15.82948683138745,https://nsearchives.nseindia.com/today/SNXT30BEESEQN.svg,https://nsearchives.nseindia.com/30d/SNXT30BEES-EQ.svg,https://nsearchives.nseindia.com/365d/SNXT30BEES-EQ.svg,EQ
MOBANK10,BSE Top 10 Banks Total Return Index,16.92,17.04,16.9,17.02,0.18,1.07,8215,139819.3,16.8161,20,15.75,-,-,Infinity,-0.6421482778750697,16.84,0,0,-2.94,,25-Jun-2026,-,-0.6421482778750697,-,Infinity,14.900000000000002,-8.063492063492061,https://nsearchives.nseindia.com/today/MOBANK10EQN.svg,https://nsearchives.nseindia.com/30d/MOBANK10-EQ.svg,,EQ
EQUAL200,BSE 200 Equal Weight,13.82,13.91,13.82,13.9,0.11,0.80,9742,135121.54,11.692,14.6,11.75,-,-,8.255451713395644,2.9629629629629655,13.79,0,7.4,1.55,28-Jul-2025,25-Jun-2026,-,2.9629629629629655,-,8.255451713395644,4.794520547945201,-18.297872340425535,https://nsearchives.nseindia.com/today/EQUAL200EQN.svg,https://nsearchives.nseindia.com/30d/EQUAL200-EQ.svg,https://nsearchives.nseindia.com/365d/EQUAL200-EQ.svg,EQ
MIDCAPADD,Nifty Midcap 150 Index,23.11,23.18,23.03,23.13,0.09,0.39,5511,127248.99,22.9789,25.5,19.27,-,-,Infinity,1.7150395778364143,23.04,0,0,0.88,,25-Jun-2026,-,1.7150395778364143,-,Infinity,9.294117647058828,-20.03113648157758,https://nsearchives.nseindia.com/today/MIDCAPADDEQN.svg,https://nsearchives.nseindia.com/30d/MIDCAPADD-EQ.svg,,EQ
BANK10BETF,Index,20.81,20.98,20.79,20.92,0.19,0.92,5786,121100.98,20.6884,24.9,20.17,-,-,Infinity,Infinity,20.73,0,0,0,,,-,Infinity,-,Infinity,15.983935742971875,-3.718393653941497,https://nsearchives.nseindia.com/today/BANK10BETFEQN.svg,,,EQ
GROWWMC150,Nifty Midcap 150 Index - TRI,229.85,232.28,229.85,230.86,1.83,0.80,518,119725.34,229.8873,245,193.6,-,-,Infinity,1.2455047802824328,229.03,0,0,0.65,,25-Jun-2026,-,1.2455047802824328,-,Infinity,5.771428571428566,-19.24586776859505,https://nsearchives.nseindia.com/today/GROWWMC150EQN.svg,https://nsearchives.nseindia.com/30d/GROWWMC150-EQ.svg,,EQ
NEXT50ADD,Nifty Next 50 TRI,72.8,72.99,72.59,72.81,0.36,0.50,1504,109385.92,72.3717,81,56.25,-,-,Infinity,1.2234116502154808,72.45,0,0,-0.22,,25-Jun-2026,-,1.2234116502154808,-,Infinity,10.111111111111109,-29.440000000000005,https://nsearchives.nseindia.com/today/NEXT50ADDEQN.svg,https://nsearchives.nseindia.com/30d/NEXT50ADD-EQ.svg,,EQ
PVTBANK,Index,27.32,27.6,27.32,27.59,0.28,1.03,3838,105583.38,27.311,28.31,27.01,-,-,Infinity,Infinity,27.31,0,0,0,,,-,Infinity,-,Infinity,2.5432709290003492,-2.1473528322843327,https://nsearchives.nseindia.com/today/PVTBANKEQN.svg,,,EQ
GILT5BETA,UTI Nifty 5 yr Benchmark G-Sec ETF,66.29,66.95,65.64,66.76,0.47,0.71,1199,80237.08,66.2927,66.95,61.51,-,-,Infinity,0.28541385008263775,66.29,0,0,-0.38,,25-Jun-2026,-,0.28541385008263775,-,Infinity,0.28379387602688233,-8.535197528857108,https://nsearchives.nseindia.com/today/GILT5BETAEQN.svg,https://nsearchives.nseindia.com/30d/GILT5BETA-EQ.svg,,EQ
ENIFTY,Nifty 50 TRI,24.79,24.79,24.24,24.42,0.23,0.95,3134,76532.28,24.1571,27.99,22.28,-,-,Infinity,1.4540922309929432,24.19,0,0,-0.21,,25-Jun-2026,-,1.4540922309929432,-,Infinity,12.75455519828509,-9.60502692998205,https://nsearchives.nseindia.com/today/ENIFTYEQN.svg,https://nsearchives.nseindia.com/30d/ENIFTY-EQ.svg,,EQ
LOWVOL,Mirae Asset Nifty 100 Low Volatility 30 ETF,210.3,211.33,210.29,211.1,2.03,0.97,321,67644.33,208.7903,219.1,183.58,-,-,4.432571485109334,4.29841897233201,209.07,0,3.43,2.97,28-Jul-2025,24-Jun-2026,-,4.29841897233201,-,4.432571485109334,3.651300775901415,-14.990739731996939,https://nsearchives.nseindia.com/today/LOWVOLEQN.svg,https://nsearchives.nseindia.com/30d/LOWVOL-EQ.svg,https://nsearchives.nseindia.com/365d/LOWVOL-EQ.svg,EQ
VALUE,Nifty 500 Value 50,15.99,16.11,15.98,16.09,0.11,0.69,2812,45076.36,15.961,19.69,14.83,-,-,Infinity,-0.617665225447816,15.98,0,0,-1.72,,25-Jun-2026,-,-0.617665225447816,-,Infinity,18.28339258506857,-8.496291301416047,https://nsearchives.nseindia.com/today/VALUEEQN.svg,https://nsearchives.nseindia.com/30d/VALUE-EQ.svg,,EQ
MOPSE,Nifty PSE Total Return Index,100.31,100.52,100,100,-0.44,-0.44,438,43891.98,100.198,114.7,92.55,-,-,3.167234086454135,-1.009701049297165,100.44,0,3.62,-0.47,28-Jul-2025,25-Jun-2026,-,-1.009701049297165,-,3.167234086454135,12.816041848299914,-8.049702863317128,https://nsearchives.nseindia.com/today/MOPSEEQN.svg,https://nsearchives.nseindia.com/30d/MOPSE-EQ.svg,https://nsearchives.nseindia.com/365d/MOPSE-EQ.svg,EQ
HSBCGOLD,Commodity,123.44,123.58,122.5,123.2,0.37,0.30,344,42394.56,122.9037,146.4,119.1,-,-,Infinity,0.3339034123299915,122.83,0,0,0.57,,25-Jun-2026,-,0.3339034123299915,-,Infinity,15.846994535519128,-3.4424853064651626,https://nsearchives.nseindia.com/today/HSBCGOLDEQN.svg,https://nsearchives.nseindia.com/30d/HSBCGOLD-EQ.svg,,EQ
GSEC10IETF,ICICI Prudential Nifty 10 yr Benchmark G-Sec ETF,265.45,265.45,264.01,264.01,0.01,0.00,158,41745.18,264.8548,266,252.23,-,-,2.5401017594282687,0.2810802598093247,264,0,2.54,0.48,28-Jul-2025,25-Jun-2026,-,0.2810802598093247,-,2.5401017594282687,0.7481203007518831,-4.670340562185308,https://nsearchives.nseindia.com/today/GSEC10IETFEQN.svg,https://nsearchives.nseindia.com/30d/GSEC10IETF-EQ.svg,https://nsearchives.nseindia.com/365d/GSEC10IETF-EQ.svg,EQ
BNKETFAXIS,Nifty Bank,588.85,590.15,586.18,589.34,3.59,0.61,70,41206.9,585.2013,647.82,512.51,-,-,Infinity,Infinity,585.75,0,0,0,,,-,Infinity,-,Infinity,9.027198913278381,-14.990927006302323,https://nsearchives.nseindia.com/today/BNKETFAXISEQN.svg,,,EQ
ENEXT50,Nifty Next 50 Total Return Index,71.69,72.57,71.69,72.57,1.75,2.47,552,39628.08,71.7387,74,68.59,-,-,Infinity,2.384311512415347,70.82,0,0,-0.63,,25-Jun-2026,-,2.384311512415347,-,Infinity,1.9324324324324416,-5.802595130485479,https://nsearchives.nseindia.com/today/ENEXT50EQN.svg,https://nsearchives.nseindia.com/30d/ENEXT50-EQ.svg,,EQ
MON50EQUAL,Nifty 50 Equal Weight Total Return Index,34.11,34.11,33.42,33.42,0,0.00,1157,38967.76,33.346,34.88,29.43,-,-,7.356247992290404,2.7359360590224426,33.42,0,7.36,1.24,28-Jul-2025,25-Jun-2026,-,2.7359360590224426,-,7.356247992290404,4.185779816513763,-13.557594291539253,https://nsearchives.nseindia.com/today/MON50EQUALEQN.svg,https://nsearchives.nseindia.com/30d/MON50EQUAL-EQ.svg,https://nsearchives.nseindia.com/365d/MON50EQUAL-EQ.svg,EQ
MOQUALITY,Motilal Oswal S&P BSE Quality ETF,201.86,202.88,201.86,202.1,1.02,0.51,179,36170.53,200.6347,225.6,176.15,-,-,7.095543426421486,1.9985868577773334,201.08,0,6.56,0.34,28-Jul-2025,25-Jun-2026,-,1.9985868577773334,-,7.095543426421486,10.416666666666666,-14.731762702242401,https://nsearchives.nseindia.com/today/MOQUALITYEQN.svg,https://nsearchives.nseindia.com/30d/MOQUALITY-EQ.svg,https://nsearchives.nseindia.com/365d/MOQUALITY-EQ.svg,EQ
SENSEXADD,DSP S&P BSE Sensex ETF,79.81,80.18,79.81,80.14,1.2,1.52,444,35511.12,79.1535,88.2,73.27,-,-,-3.1189555125725317,1.6231295967537422,78.94,0,-4.57,-0.48,28-Jul-2025,25-Jun-2026,-,1.6231295967537422,-,-3.1189555125725317,9.138321995464855,-9.376279514125843,https://nsearchives.nseindia.com/today/SENSEXADDEQN.svg,https://nsearchives.nseindia.com/30d/SENSEXADD-EQ.svg,https://nsearchives.nseindia.com/365d/SENSEXADD-EQ.svg,EQ
MOGSEC,Nifty 5 yr Benchmark G-Sec Index,65.4,65.4,64.96,65.3,0.21,0.32,541,35332.71,65.264,66.73,60.18,-,-,4.916452442159375,0.7560561641721877,65.09,0,4.58,0.26,28-Jul-2025,25-Jun-2026,-,0.7560561641721877,-,4.916452442159375,2.1429641840251863,-8.507809903622462,https://nsearchives.nseindia.com/today/MOGSECEQN.svg,https://nsearchives.nseindia.com/30d/MOGSEC-EQ.svg,https://nsearchives.nseindia.com/365d/MOGSEC-EQ.svg,EQ
MOALPHA50,Nifty Alpha 50 Total Return Index,53.28,53.5,53.2,53.5,0.5,0.94,630,33642,52.8892,55.97,42.1,-,-,3.601859024012392,0.13101253977166438,53,0,2.63,-0.58,28-Jul-2025,25-Jun-2026,-,0.13101253977166438,-,3.601859024012392,4.413078434875825,-27.078384798099755,https://nsearchives.nseindia.com/today/MOALPHA50EQN.svg,https://nsearchives.nseindia.com/30d/MOALPHA50-EQ.svg,https://nsearchives.nseindia.com/365d/MOALPHA50-EQ.svg,EQ
EBANKNIFTY,Edelweiss Nifty Bank ETF,57.31,57.87,57.29,57.85,0.62,1.08,584,33562.48,57.2317,69.39,50.05,-,-,2.3893805309734537,-0.8738862234407094,57.23,0,1.29,-2.12,28-Jul-2025,25-Jun-2026,-,-0.8738862234407094,-,2.3893805309734537,16.630638420521688,-15.584415584415595,https://nsearchives.nseindia.com/today/EBANKNIFTYEQN.svg,https://nsearchives.nseindia.com/30d/EBANKNIFTY-EQ.svg,https://nsearchives.nseindia.com/365d/EBANKNIFTY-EQ.svg,EQ
ABGSEC,Aditya Birla Sun Life CRISIL Broad Based Gilt ETF,113.98,114.97,113.62,113.9,-0.08,-0.07,278,31689.22,114.409,116.23,108,-,-,2.9930373451487498,0.19352568613652257,113.98,0,3.07,0.79,28-Jul-2025,25-Jun-2026,-,0.19352568613652257,-,2.9930373451487498,2.00464596059537,-5.462962962962968,https://nsearchives.nseindia.com/today/ABGSECEQN.svg,https://nsearchives.nseindia.com/30d/ABGSEC-EQ.svg,https://nsearchives.nseindia.com/365d/ABGSEC-EQ.svg,EQ
MOMNC,Nifty MNC ETF Total Return Index,32.8,32.85,32.68,32.81,0.36,1.11,942,30784.56,32.3984,35.8,27.03,-,-,Infinity,2.1800062285892334,32.45,0,0,0.4,,25-Jun-2026,-,2.1800062285892334,-,Infinity,8.351955307262557,-21.383647798742142,https://nsearchives.nseindia.com/today/MOMNCEQN.svg,https://nsearchives.nseindia.com/30d/MOMNC-EQ.svg,,EQ
MSCIADD,MSCI India Index,29.52,29.77,29.52,29.65,0.23,0.78,699,20718.36,29.3878,33.82,26.4,-,-,Infinity,1.3675213675213627,29.42,0,0,0,,25-Jun-2026,-,1.3675213675213627,-,Infinity,12.329982259018337,-12.31060606060606,https://nsearchives.nseindia.com/today/MSCIADDEQN.svg,https://nsearchives.nseindia.com/30d/MSCIADD-EQ.svg,,EQ
EMETAL,Nifty Metal Total Return Index,12.9,12.9,12.51,12.79,0.38,3.06,1463,18565.47,12.3911,12.97,12.41,-,-,Infinity,Infinity,12.41,0,0,0,,,-,Infinity,-,Infinity,1.3878180416345527,-3.062046736502812,https://nsearchives.nseindia.com/today/EMETALEQN.svg,,,EQ
ABSLMSCIN,MSCI India Index,29.53,29.65,29.53,29.57,0.29,0.99,455,13481.65,29.3612,35.34,26.34,-,-,Infinity,1.5104703055269526,29.28,0,0,0,,25-Jun-2026,-,1.5104703055269526,-,Infinity,16.327108092812686,-12.26271829916477,https://nsearchives.nseindia.com/today/ABSLMSCINEQN.svg,https://nsearchives.nseindia.com/30d/ABSLMSCIN-EQ.svg,,EQ
MSCI360,MSCI India Index,10.06,10.17,10.06,10.16,0.16,1.60,1216,12245.12,10.0473,11.6,9.6,-,-,Infinity,1.6000000000000014,10,0,0,-0.89,,25-Jun-2026,-,1.6000000000000014,-,Infinity,12.41379310344827,-5.833333333333338,https://nsearchives.nseindia.com/today/MSCI360EQN.svg,https://nsearchives.nseindia.com/30d/MSCI360-EQ.svg,,EQ
GILT10BETA,UTI Nifty 10 yr Benchmark G-Sec ETF,26.93,26.93,26.4,26.44,0.03,0.11,436,11519.12,26.6621,27.14,25.1,-,-,Infinity,-0.1510574018126856,26.41,0,0,-0.94,,25-Jun-2026,-,-0.1510574018126856,-,Infinity,2.5792188651436967,-5.338645418326693,https://nsearchives.nseindia.com/today/GILT10BETAEQN.svg,https://nsearchives.nseindia.com/30d/GILT10BETA-EQ.svg,,EQ
BBNPNBETF,Baroda BNP Paribas NIFTY Bank ETF,57.27,57.84,57.27,57.56,0.28,0.49,178,10245.68,57.2024,62.77,50.03,-,-,2.201704545454549,-1.38769916052766,57.28,0,1.7,-2.67,28-Jul-2025,25-Jun-2026,-,-1.38769916052766,-,2.201704545454549,8.300143380595827,-15.050969418348993,https://nsearchives.nseindia.com/today/BBNPNBETFEQN.svg,https://nsearchives.nseindia.com/30d/BBNPNBETF-EQ.svg,https://nsearchives.nseindia.com/365d/BBNPNBETF-EQ.svg,EQ
ESENSEX,BSE Sensex TRI,77.54,78.31,77.54,78.27,0.68,0.88,58,4501.38,77.2587,88.05,71.87,-,-,Infinity,1.8345042935206826,77.59,0,0,0.19,,25-Jun-2026,-,1.8345042935206826,-,Infinity,11.107325383304943,-8.904967302073175,https://nsearchives.nseindia.com/today/ESENSEXEQN.svg,https://nsearchives.nseindia.com/30d/ESENSEX-EQ.svg,,EQ
LICNFNHGP,Nifty 100,0,0,0,274.98,0,0.00,0,0,274.4758,296.41,248.02,-,-,-0.21772262138034906,0.35033939128532093,274.98,0,-0.22,-0.22,28-Jul-2025,25-Jun-2026,-,0.35033939128532093,-,-0.21772262138034906,7.229850544853415,-10.870091121683739,https://nsearchives.nseindia.com/today/LICNFNHGPEQN.svg,https://nsearchives.nseindia.com/30d/LICNFNHGP-EQ.svg,https://nsearchives.nseindia.com/365d/LICNFNHGP-EQ.svg,EQ
GSEC10ABSL,CRISIL 10 Year Gilt ETF,0,0,0,112.09,0,0.00,0,0,112.8372,115,107.65,-,-,2.590151931173346,0.43906810035843113,112.09,0,2.59,-0.24,28-Jul-2025,25-Jun-2026,-,0.43906810035843113,-,2.590151931173346,2.5304347826086926,-4.124477473293077,https://nsearchives.nseindia.com/today/GSEC10ABSLEQN.svg,https://nsearchives.nseindia.com/30d/GSEC10ABSL-EQ.svg,https://nsearchives.nseindia.com/365d/GSEC10ABSL-EQ.svg,EQ
LICNETFSEN,SENSEX,0,0,0,866.75,0,0.00,0,0,866.9037,974.02,803,-,-,-4.322725215529133,0.40311837547928436,866.75,0,-4.32,0.19,28-Jul-2025,24-Jun-2026,-,0.40311837547928436,-,-4.322725215529133,11.013120880474732,-7.9389788293897885,https://nsearchives.nseindia.com/today/LICNETFSENEQN.svg,https://nsearchives.nseindia.com/30d/LICNETFSEN-EQ.svg,https://nsearchives.nseindia.com/365d/LICNETFSEN-EQ.svg,EQ
