symbol,assets,open,high,low,ltP,chn,per,qty,trdVal,nav,wkhi,wklo,xDt,cAct,yPC,mPC,prevClose,stockIndClosePrice,perChange365d,perChange30d,date365dAgo,date30dAgo,CAct,MPC,XDt,YPC,nearWKH,nearWKL,chartTodayPath,chart30dPath,chart365dPath,series
SILVERBEES,Domestic price of Silver- based on LBMA Silver daily spot fixing price,216.79,218,214.02,217.05,-6.48,-2.90,31806707,6872793248.56,222.9326,360,119,-,-,81.8753142282554,-2.3704569989204667,223.53,0,87.31,0.54,10-Sep-2025,11-Aug-2026,-,-2.3704569989204667,-,81.8753142282554,39.70833333333333,-82.3949579831933,https://nsearchives.nseindia.com/today/SILVERBEESEQN.svg,https://nsearchives.nseindia.com/30d/SILVERBEES-EQ.svg,https://nsearchives.nseindia.com/365d/SILVERBEES-EQ.svg,EQ
LIQUIDBEES,Government Securities,1000,1000.01,999.62,1000.01,0.02,0.00,3052115,3052084478.85,1000,1029.99,969.99,19-SEP-17, EXIT OPTION PURSUANT TO CHANGE IN FUNDAMENTAL ATTRIBUTES OF ETF  ,0.002000020000198183,0.0009999999999990906,999.99,0,0,0,10-Sep-2025,11-Aug-2026, EXIT OPTION PURSUANT TO CHANGE IN FUNDAMENTAL ATTRIBUTES OF ETF  ,0.0009999999999990906,19-SEP-17,0.002000020000198183,2.9107078709502052,-3.0948772667759443,https://nsearchives.nseindia.com/today/LIQUIDBEESEQN.svg,https://nsearchives.nseindia.com/30d/LIQUIDBEES-EQ.svg,https://nsearchives.nseindia.com/365d/LIQUIDBEES-EQ.svg,EQ
GOLDBEES,Gold,124.55,125.79,123.91,125.19,-1.01,-0.80,22472540,2807943873,125.6148,148.14,89.92,19-DEC-19, FACE VALUE SPLIT (SUB-DIVISION) - FROM RS 100/- TO RS 1/-,37.72277227722771,-0.2629063097514327,126.2,0,38.83,0.54,10-Sep-2025,11-Aug-2026, FACE VALUE SPLIT (SUB-DIVISION) - FROM RS 100/- TO RS 1/-,-0.2629063097514327,19-DEC-19,37.72277227722771,15.492102065613604,-39.22375444839857,https://nsearchives.nseindia.com/today/GOLDBEESEQN.svg,https://nsearchives.nseindia.com/30d/GOLDBEES-EQ.svg,https://nsearchives.nseindia.com/365d/GOLDBEES-EQ.svg,EQ
NIFTYBEES,Nifty 50,268.6,268.6,265.01,267.4,0.23,0.09,9238422,2461669926.12,267.7904,302.25,251.7,19-DEC-19, FACE VALUE SPLIT (SUB-DIVISION) - FROM RS 10/- TO RS 1/-,-5.123474311666193,-4.202342994303736,267.17,0,-5.21,-4.28,10-Sep-2025,11-Aug-2026, FACE VALUE SPLIT (SUB-DIVISION) - FROM RS 10/- TO RS 1/-,-4.202342994303736,19-DEC-19,-5.123474311666193,11.530190239867666,-6.23758442590385,https://nsearchives.nseindia.com/today/NIFTYBEESEQN.svg,https://nsearchives.nseindia.com/30d/NIFTYBEES-EQ.svg,https://nsearchives.nseindia.com/365d/NIFTYBEES-EQ.svg,EQ
LIQUIDCASE,Zerodha Nifty 1D Rate Liquid ETF,115.9,115.92,115.9,115.92,0.08,0.07,19169504,2221745513.6,115.8503,115.92,107.56,-,-,5.038057267125772,0.4419027813880991,115.84,0,4.97,0.37,10-Sep-2025,11-Aug-2026,-,0.4419027813880991,-,5.038057267125772,0,-7.7724060989215324,https://nsearchives.nseindia.com/today/LIQUIDCASEEQN.svg,https://nsearchives.nseindia.com/30d/LIQUIDCASE-EQ.svg,https://nsearchives.nseindia.com/365d/LIQUIDCASE-EQ.svg,EQ
TATSILV,Tata Silver Exchange Traded Fund,22.01,22.13,21.73,22.07,-0.62,-2.73,73279808,1607758987.52,22.634,35.1,11.63,-,-,81.94558944765045,-2.215330084182543,22.69,0,87.06,0.53,10-Sep-2025,11-Aug-2026,-,-2.215330084182543,-,81.94558944765045,37.12250712250712,-89.76784178847807,https://nsearchives.nseindia.com/today/TATSILVEQN.svg,https://nsearchives.nseindia.com/30d/TATSILV-EQ.svg,https://nsearchives.nseindia.com/365d/TATSILV-EQ.svg,EQ
HDFCSILVER,HDFC Silver ETF,216.02,217.67,213.85,216.84,-6.7,-3.00,6499736,1401798063.12,222.8398,359,119.38,-,-,79.4290442697559,-2.5876010781671117,223.54,0,84.97,0.42,10-Sep-2025,11-Aug-2026,-,-2.5876010781671117,-,79.4290442697559,39.598885793871865,-81.63846540459039,https://nsearchives.nseindia.com/today/HDFCSILVEREQN.svg,https://nsearchives.nseindia.com/30d/HDFCSILVER-EQ.svg,https://nsearchives.nseindia.com/365d/HDFCSILVER-EQ.svg,EQ
LIQUIDIETF,S&P BSE Liquid Rate Index,999.99,1000.01,999.99,1000,0,0.00,1126798,1126786732.02,1000,1041.19,955,-,-,0.0010000100000990915,0.0010000100000990915,1000,0,0,0,10-Sep-2025,11-Aug-2026,-,0.0010000100000990915,-,0.0010000100000990915,3.956050288612074,-4.712041884816754,https://nsearchives.nseindia.com/today/LIQUIDIETFEQN.svg,https://nsearchives.nseindia.com/30d/LIQUIDIETF-EQ.svg,https://nsearchives.nseindia.com/365d/LIQUIDIETF-EQ.svg,EQ
SILVERIETF,Domestic Price of Silver,225.9,227.66,223.7,226.8,-6.68,-2.86,4458877,1006234772.59,232.774,373.5,124.06,-,-,81.99325950890707,-2.300336004135425,233.48,0,87.35,0.58,10-Sep-2025,11-Aug-2026,-,-2.300336004135425,-,81.99325950890707,39.27710843373494,-82.81476704820248,https://nsearchives.nseindia.com/today/SILVERIETFEQN.svg,https://nsearchives.nseindia.com/30d/SILVERIETF-EQ.svg,https://nsearchives.nseindia.com/365d/SILVERIETF-EQ.svg,EQ
HDFCNIFTY,Nifty 50,270.93,270.93,262.16,263.32,-1.01,-0.38,3460871,912562465.28,264.8853,301.88,247.56,17-FEB-21, FACE VALUE SPLIT (SUB-DIVISION) - FROM RS 761.25/- PER UNIT TO RS 76.125/- PER UNIT,-5.64036407940945,-4.556163688426545,264.33,0,-5.28,-4.19,10-Sep-2025,11-Aug-2026, FACE VALUE SPLIT (SUB-DIVISION) - FROM RS 761.25/- PER UNIT TO RS 76.125/- PER UNIT,-4.556163688426545,17-FEB-21,-5.64036407940945,12.773287398966477,-6.366133462594923,https://nsearchives.nseindia.com/today/HDFCNIFTYEQN.svg,https://nsearchives.nseindia.com/30d/HDFCNIFTY-EQ.svg,https://nsearchives.nseindia.com/365d/HDFCNIFTY-EQ.svg,EQ
SETFGOLD,Gold,128.7,129.74,127.84,129.24,-1.02,-0.78,6085699,784264030.13,129.5523,153.95,90.61,06-JAN-22,FACE VALUE SPLIT (SUB-DIVISION) - FROM RS 100/- PER SHARE TO RS 1/- PER SHARE,37.885415555318474,-0.24698981167026332,130.26,0,38.97,0.54,10-Sep-2025,11-Aug-2026,FACE VALUE SPLIT (SUB-DIVISION) - FROM RS 100/- PER SHARE TO RS 1/- PER SHARE,-0.24698981167026332,06-JAN-22,37.885415555318474,16.050665800584596,-42.63326343670678,https://nsearchives.nseindia.com/today/SETFGOLDEQN.svg,https://nsearchives.nseindia.com/30d/SETFGOLD-EQ.svg,https://nsearchives.nseindia.com/365d/SETFGOLD-EQ.svg,EQ
LIQUID1,Kotak Nifty 1D Rate Liquid ETF,1121.98,1123.01,1120.85,1122.52,0.55,0.05,627614,704515543.42,1121.9722,1136.66,1062.62,-,-,5.119632907243534,0.4375329939246327,1121.97,0,5.07,0.39,10-Sep-2025,11-Aug-2026,-,0.4375329939246327,-,5.119632907243534,1.2439955659564073,-5.6370104082362555,https://nsearchives.nseindia.com/today/LIQUID1EQN.svg,https://nsearchives.nseindia.com/30d/LIQUID1-EQ.svg,https://nsearchives.nseindia.com/365d/LIQUID1-EQ.svg,EQ
GOLDIETF,Gold,129.35,130.3,128.29,129.69,-1.06,-0.81,5171162,669251786.04,130.1219,158,91.62,-,-,38.10030880630391,-0.36109403810694446,130.75,0,39.23,0.45,10-Sep-2025,11-Aug-2026,-,-0.36109403810694446,-,38.10030880630391,17.917721518987342,-41.55206286836934,https://nsearchives.nseindia.com/today/GOLDIETFEQN.svg,https://nsearchives.nseindia.com/30d/GOLDIETF-EQ.svg,https://nsearchives.nseindia.com/365d/GOLDIETF-EQ.svg,EQ
LIQUIDBETF,Bajaj Finserv Nifty 1D Rate Liquid ETF - Growth,1098.14,1098.69,1098.14,1098.68,0.54,0.05,589160,647292417.2,1098.139,1116.24,1009.94,-,-,4.910957269037962,0.4195267299765235,1098.14,0,4.86,0.37,10-Sep-2025,11-Aug-2026,-,0.4195267299765235,-,4.910957269037962,1.5731383931770897,-8.786660593698635,https://nsearchives.nseindia.com/today/LIQUIDBETFEQN.svg,https://nsearchives.nseindia.com/30d/LIQUIDBETF-EQ.svg,https://nsearchives.nseindia.com/365d/LIQUIDBETF-EQ.svg,EQ
TATAGOLD,Tata Gold Exchange Traded Fund,14.61,14.79,14.58,14.74,-0.09,-0.61,38276819,561903702.92,14.7655,17.7,10.33,-,-,38.014981273408246,0,14.83,0,38.86,0.61,10-Sep-2025,11-Aug-2026,-,0,-,38.014981273408246,16.723163841807903,-42.69119070667957,https://nsearchives.nseindia.com/today/TATAGOLDEQN.svg,https://nsearchives.nseindia.com/30d/TATAGOLD-EQ.svg,https://nsearchives.nseindia.com/365d/TATAGOLD-EQ.svg,EQ
BANKBEES,Nifty Bank,583.13,587.5,578.23,587.25,3.73,0.64,931482,543482487.72,585.5109,638.99,515.98,19-DEC-19, FACE VALUE SPLIT (SUB-DIVISION) - FROM RS 10/- TO RS 1/-,4.137111647042142,-1.2809521408038738,583.52,0,3.48,-1.91,10-Sep-2025,11-Aug-2026, FACE VALUE SPLIT (SUB-DIVISION) - FROM RS 10/- TO RS 1/-,-1.2809521408038738,19-DEC-19,4.137111647042142,8.097153320083258,-13.812550874064883,https://nsearchives.nseindia.com/today/BANKBEESEQN.svg,https://nsearchives.nseindia.com/30d/BANKBEES-EQ.svg,https://nsearchives.nseindia.com/365d/BANKBEES-EQ.svg,EQ
LIQUIDPLUS,Nifty 1D Rate Index,1103.07,1103.09,1103.07,1103.07,0.55,0.05,466094,514134308.58,1102.522,1127.08,1046.56,-,-,5.086312018900986,0.43156428395837404,1102.52,0,5.03,0.38,10-Sep-2025,11-Aug-2026,-,0.43156428395837404,-,5.086312018900986,2.1302835646094325,-5.399594863170768,https://nsearchives.nseindia.com/today/LIQUIDPLUSEQN.svg,https://nsearchives.nseindia.com/30d/LIQUIDPLUS-EQ.svg,https://nsearchives.nseindia.com/365d/LIQUIDPLUS-EQ.svg,EQ
SBILIQETF,Nifty 1D Rate Index,1055.82,1055.82,1055.8,1055.8,0.53,0.05,435842,460161983.6,1055.2904,1087.09,999,-,-,5.0630895991720735,0.4289967563659876,1055.27,0,5.01,0.38,10-Sep-2025,11-Aug-2026,-,0.4289967563659876,-,5.0630895991720735,2.8783265415007007,-5.685685685685681,https://nsearchives.nseindia.com/today/SBILIQETFEQN.svg,https://nsearchives.nseindia.com/30d/SBILIQETF-EQ.svg,https://nsearchives.nseindia.com/365d/SBILIQETF-EQ.svg,EQ
HDFCGOLD,Gold,129.2,129.98,128.13,129.47,-1.02,-0.78,3331298,430437014.58,129.8157,152.3,93,17-FEB-21, FACE VALUE SPLIT (SUB-DIVISION) - FROM RS 100/- PER UNIT TO RE 1/- PER UNIT,37.82201405152225,-0.19272278754239902,130.49,0,38.91,0.59,10-Sep-2025,11-Aug-2026, FACE VALUE SPLIT (SUB-DIVISION) - FROM RS 100/- PER UNIT TO RE 1/- PER UNIT,-0.19272278754239902,17-FEB-21,37.82201405152225,14.990151017728175,-39.215053763440864,https://nsearchives.nseindia.com/today/HDFCGOLDEQN.svg,https://nsearchives.nseindia.com/30d/HDFCGOLD-EQ.svg,https://nsearchives.nseindia.com/365d/HDFCGOLD-EQ.svg,EQ
JUNIORBEES,Nippon India ETF Nifty Next 50 Junior BeES,787.3,787.3,773.5,784.76,-1.03,-0.13,470922,366245457.84,785.1755,823.97,632.34,10-MAR-14,DIVIDEND-RS.1 PER UNIT,7.699064035352568,-2.8401634270149874,785.79,0,7.84,-2.71,10-Sep-2025,11-Aug-2026,DIVIDEND-RS.1 PER UNIT,-2.8401634270149874,10-MAR-14,7.699064035352568,4.758668398121295,-24.10412120061991,https://nsearchives.nseindia.com/today/JUNIORBEESEQN.svg,https://nsearchives.nseindia.com/30d/JUNIORBEES-EQ.svg,https://nsearchives.nseindia.com/365d/JUNIORBEES-EQ.svg,EQ
SBISILVER,SBI SILVER ETF,221.76,223.3,219.31,222.54,-6.61,-2.88,1619779,358489488.28,228.4256,362,119.73,-,-,81.8434384703383,-2.3433385992627715,229.15,0,87.24,0.56,10-Sep-2025,11-Aug-2026,-,-2.3433385992627715,-,81.8434384703383,38.52486187845304,-85.86820345777998,https://nsearchives.nseindia.com/today/SBISILVEREQN.svg,https://nsearchives.nseindia.com/30d/SBISILVER-EQ.svg,https://nsearchives.nseindia.com/365d/SBISILVER-EQ.svg,EQ
MOREALTY,Motilal Oswal Nifty Realty ETF,90.1,90.1,83.51,85.69,-1.83,-2.09,4236073,355957214.19,87.5357,99.49,64,-,-,-3.1860806688509853,-4.053297503079167,87.52,0,-1.12,-2,10-Sep-2025,11-Aug-2026,-,-4.053297503079167,-,-3.1860806688509853,13.870740777967633,-33.890625,https://nsearchives.nseindia.com/today/MOREALTYEQN.svg,https://nsearchives.nseindia.com/30d/MOREALTY-EQ.svg,https://nsearchives.nseindia.com/365d/MOREALTY-EQ.svg,EQ
SILVER1,Kotak Silver ETF,22.12,22.12,21.73,22.07,-0.64,-2.82,15547379,341264969.05,22.6225,38.8,12.06,27-FEB-26,FACE VALUE SPLIT (SUB-DIVISION) - FROM RS 10/- PER SHARE TO RE 1/- PER SHARE,-81.79193135879876,-2.17198581560283,22.71,0,-81.26,0.66,10-Sep-2025,11-Aug-2026,FACE VALUE SPLIT (SUB-DIVISION) - FROM RS 10/- PER SHARE TO RE 1/- PER SHARE,-2.17198581560283,27-FEB-26,-81.79193135879876,43.118556701030926,-83.0016583747927,https://nsearchives.nseindia.com/today/SILVER1EQN.svg,https://nsearchives.nseindia.com/30d/SILVER1-EQ.svg,https://nsearchives.nseindia.com/365d/SILVER1-EQ.svg,EQ
LIQUIDADD,DSP S&P BSE Liquid Rate ETF,1144.55,1144.61,1144.55,1144.59,0.56,0.05,297195,340166425.05,1144.0425,1151.22,1086.86,-,-,5.004403508128138,0.4255356484812246,1144.03,0,4.95,0.38,10-Sep-2025,11-Aug-2026,-,0.4255356484812246,-,5.004403508128138,0.5759107729191735,-5.311631672892555,https://nsearchives.nseindia.com/today/LIQUIDADDEQN.svg,https://nsearchives.nseindia.com/30d/LIQUIDADD-EQ.svg,https://nsearchives.nseindia.com/365d/LIQUIDADD-EQ.svg,EQ
METALIETF,Nifty Metal Index,13.34,13.35,12.98,13.15,-0.19,-1.42,24846699,324497888.94,13.3907,14.17,9.58,-,-,34.458077709611466,-0.07598784194528713,13.34,0,36.4,1.37,10-Sep-2025,11-Aug-2026,-,-0.07598784194528713,-,34.458077709611466,7.1983062808750855,-37.265135699373694,https://nsearchives.nseindia.com/today/METALIETFEQN.svg,https://nsearchives.nseindia.com/30d/METALIETF-EQ.svg,https://nsearchives.nseindia.com/365d/METALIETF-EQ.svg,EQ
BANKNIFTY1,Nifty Bank,58.34,58.82,57.94,58.65,0.19,0.33,5309458,310337820.1,58.6954,65.29,51.71,27-FEB-26,FACE VALUE SPLIT (SUB-DIVISION) - FROM RS 10/- PER SHARE TO RE 1/- PER SHARE,-89.6172638436482,-1.7423353995644149,58.46,0,-89.65,-2.06,10-Sep-2025,11-Aug-2026,FACE VALUE SPLIT (SUB-DIVISION) - FROM RS 10/- PER SHARE TO RE 1/- PER SHARE,-1.7423353995644149,27-FEB-26,-89.6172638436482,10.170010721396856,-13.421001740475726,https://nsearchives.nseindia.com/today/BANKNIFTY1EQN.svg,https://nsearchives.nseindia.com/30d/BANKNIFTY1-EQ.svg,https://nsearchives.nseindia.com/365d/BANKNIFTY1-EQ.svg,EQ
GOLD1,Gold,125.98,126.93,125.16,126.39,-1.01,-0.79,2448652,309044368.92,126.8347,158,89.35,22-JUL-21, FACE VALUE SPLIT (SUB-DIVISION) - FROM RS 10/- PER SHARE TO RE 1/- PER SHARE,38.20667031164571,-0.3626330311391358,127.4,0,39.31,0.43,10-Sep-2025,11-Aug-2026, FACE VALUE SPLIT (SUB-DIVISION) - FROM RS 10/- PER SHARE TO RE 1/- PER SHARE,-0.3626330311391358,22-JUL-21,38.20667031164571,20.00632911392405,-41.454952434247346,https://nsearchives.nseindia.com/today/GOLD1EQN.svg,https://nsearchives.nseindia.com/30d/GOLD1-EQ.svg,https://nsearchives.nseindia.com/365d/GOLD1-EQ.svg,EQ
SILVER,Physical price of Silver,224.99,227.67,223.75,226.92,-6.57,-2.81,1308998,295480118.54,232.8211,371.89,124.21,-,-,81.62317912598046,-2.265483676457929,233.49,0,86.88,0.56,10-Sep-2025,11-Aug-2026,-,-2.265483676457929,-,81.62317912598046,38.98195703030466,-82.69060462120602,https://nsearchives.nseindia.com/today/SILVEREQN.svg,https://nsearchives.nseindia.com/30d/SILVER-EQ.svg,https://nsearchives.nseindia.com/365d/SILVER-EQ.svg,EQ
SENSEXIETF,SENSEX,856.19,866,854.8,865.85,5.3,0.62,325681,279613422.55,862.2047,999.84,731,-,-,-6.690159818089719,-3.8606737580777666,860.55,0,-7.26,-4.45,10-Sep-2025,11-Aug-2026,-,-3.8606737580777666,-,-6.690159818089719,13.40114418306929,-18.447332421340633,https://nsearchives.nseindia.com/today/SENSEXIETFEQN.svg,https://nsearchives.nseindia.com/30d/SENSEXIETF-EQ.svg,https://nsearchives.nseindia.com/365d/SENSEXIETF-EQ.svg,EQ
SILVERAXIS,Axis Silver ETF,225.44,234.7,222.66,226.7,-5.7,-2.45,1197571,270219920.44,231.7365,390.01,123.66,-,-,Infinity,-1.8996927603963887,232.4,0,0,0.57,,11-Aug-2026,-,-1.8996927603963887,-,Infinity,41.873285300376914,-83.32524664402393,https://nsearchives.nseindia.com/today/SILVERAXISEQN.svg,https://nsearchives.nseindia.com/30d/SILVERAXIS-EQ.svg,,EQ
GOLDAXIS,Gold,125.71,126.78,124.75,126.09,-1.1,-0.86,2104753,264609547.16,126.5597,150,91.02,23-JUL-20, FACE VALUE SPLIT (SUB-DIVISION) - FROM RS 100/- PER SHARE TO RE 1/- PER SHARE,Infinity,-0.22157157553216833,127.19,0,0,0.65,,11-Aug-2026, FACE VALUE SPLIT (SUB-DIVISION) - FROM RS 100/- PER SHARE TO RE 1/- PER SHARE,-0.22157157553216833,23-JUL-20,Infinity,15.939999999999998,-38.5299934080422,https://nsearchives.nseindia.com/today/GOLDAXISEQN.svg,https://nsearchives.nseindia.com/30d/GOLDAXIS-EQ.svg,,EQ
GROWWCHEM,Nifty Chemicals Index - TRI,30.15,30.15,29.6,29.99,-0.06,-0.20,8627115,255793959.75,30.1155,31.74,24.64,-,-,Infinity,-2.0254818686703726,30.05,0,0,-1.83,,11-Aug-2026,-,-2.0254818686703726,-,Infinity,5.513547574039068,-21.712662337662326,https://nsearchives.nseindia.com/today/GROWWCHEMEQN.svg,https://nsearchives.nseindia.com/30d/GROWWCHEM-EQ.svg,,EQ
SILVERCASE,Commodity-Silver,22.88,23.11,22.71,23.01,-0.71,-2.99,10830127,248226510.84,23.6206,38.01,12.62,-,-,81.03855232100707,-2.375901569792103,23.72,0,86.62,0.64,10-Sep-2025,11-Aug-2026,-,-2.375901569792103,-,81.03855232100707,39.46329913180741,-82.32963549920763,https://nsearchives.nseindia.com/today/SILVERCASEEQN.svg,https://nsearchives.nseindia.com/30d/SILVERCASE-EQ.svg,https://nsearchives.nseindia.com/365d/SILVERCASE-EQ.svg,EQ
GOLDETF,Mirae Asset Gold ETF,146.63,147.9,145.9,147.25,-1.21,-0.82,1651331,242564010.59,147.7223,173.5,106.03,-,-,37.88744264444236,-0.21684624246120024,148.46,0,39.02,0.6,10-Sep-2025,11-Aug-2026,-,-0.21684624246120024,-,37.88744264444236,15.129682997118156,-38.87578987079129,https://nsearchives.nseindia.com/today/GOLDETFEQN.svg,https://nsearchives.nseindia.com/30d/GOLDETF-EQ.svg,https://nsearchives.nseindia.com/365d/GOLDETF-EQ.svg,EQ
CASHIETF,BSE Liquid Rate Index,1079.43,1079.45,1079.43,1079.43,0.55,0.05,217314,234577424.16,1078.8705,1099.28,1027.29,-,-,5.075489881143601,0.4354501046755119,1078.88,0,5.02,0.38,10-Sep-2025,11-Aug-2026,-,0.4354501046755119,-,5.075489881143601,1.8057273851975757,-5.075489881143601,https://nsearchives.nseindia.com/today/CASHIETFEQN.svg,https://nsearchives.nseindia.com/30d/CASHIETF-EQ.svg,https://nsearchives.nseindia.com/365d/CASHIETF-EQ.svg,EQ
GOLDCASE,Zerodha Gold ETF,23.75,23.95,23.61,23.86,-0.18,-0.75,9749511,232135856.91,23.9208,27.94,16.67,-,-,38.23870220162223,-0.20911752404851824,24.04,0,39.28,0.54,10-Sep-2025,11-Aug-2026,-,-0.20911752404851824,-,38.23870220162223,14.602720114531143,-43.13137372525493,https://nsearchives.nseindia.com/today/GOLDCASEEQN.svg,https://nsearchives.nseindia.com/30d/GOLDCASE-EQ.svg,https://nsearchives.nseindia.com/365d/GOLDCASE-EQ.svg,EQ
ITBEES,Nifty IT TRI,32.1,32.38,31.99,32.26,0.2,0.62,7008652,225748680.92,32.1171,44.27,28.55,-,-,-18.18412376363176,-8.456299659477876,32.06,0,-18.69,-9.02,10-Sep-2025,11-Aug-2026,-,-8.456299659477876,-,-18.18412376363176,27.1289812514118,-12.994746059544648,https://nsearchives.nseindia.com/today/ITBEESEQN.svg,https://nsearchives.nseindia.com/30d/ITBEES-EQ.svg,https://nsearchives.nseindia.com/365d/ITBEES-EQ.svg,EQ
HDFCSML250,HDFC NIFTY Smallcap 250 ETF,188.11,188.2,183.26,185.29,-0.96,-0.52,1196133,220770267.81,185.8923,189.83,142.7,-,-,7.614124753165284,0.1838334685050032,186.25,0,8.17,0.7,10-Sep-2025,11-Aug-2026,-,0.1838334685050032,-,7.614124753165284,2.391613548964874,-29.845830413454802,https://nsearchives.nseindia.com/today/HDFCSML250EQN.svg,https://nsearchives.nseindia.com/30d/HDFCSML250-EQ.svg,https://nsearchives.nseindia.com/365d/HDFCSML250-EQ.svg,EQ
SETFNIF50,Nifty 50,258.92,258.92,250.8,252.88,0.27,0.11,870218,219251425.1,253.0745,287.33,237.9,24-MAR-21, DIVIDEND - RS 1.30 PER SHARE,-5.0073250441380805,-4.128596883648628,252.61,0,-5.11,-4.23,10-Sep-2025,11-Aug-2026, DIVIDEND - RS 1.30 PER SHARE,-4.128596883648628,24-MAR-21,-5.0073250441380805,11.98969825636028,-6.29676334594367,https://nsearchives.nseindia.com/today/SETFNIF50EQN.svg,https://nsearchives.nseindia.com/30d/SETFNIF50-EQ.svg,https://nsearchives.nseindia.com/365d/SETFNIF50-EQ.svg,EQ
MID150BEES,Nifty Midcap 150 TRI,242.53,242.53,233.49,237.48,0.86,0.36,895099,210491480.84,236.9391,247.15,190.43,-,-,7.093573844419387,-2.1951319962110345,236.62,0,6.71,-2.55,10-Sep-2025,11-Aug-2026,-,-2.1951319962110345,-,7.093573844419387,3.912603681974516,-24.70724150606521,https://nsearchives.nseindia.com/today/MID150BEESEQN.svg,https://nsearchives.nseindia.com/30d/MID150BEES-EQ.svg,https://nsearchives.nseindia.com/365d/MID150BEES-EQ.svg,EQ
MON100,Nasdaq100,331,338,324.87,333.47,0.26,0.08,624312,207021859.2,271.5596,354.9,203.81,17-JUN-21, FACE VALUE SPLIT (SUB-DIVISION) - FROM RS 10/- PER SHARE TO RE 1/- PER SHARE,62.77945914282925,0.4579002861876905,333.21,0,62.65,0.38,10-Sep-2025,11-Aug-2026, FACE VALUE SPLIT (SUB-DIVISION) - FROM RS 10/- PER SHARE TO RE 1/- PER SHARE,0.4579002861876905,17-JUN-21,62.77945914282925,6.038320653705255,-63.61807565870174,https://nsearchives.nseindia.com/today/MON100EQN.svg,https://nsearchives.nseindia.com/30d/MON100-EQ.svg,https://nsearchives.nseindia.com/365d/MON100-EQ.svg,EQ
CPSEETF,CPSE ETF,94.78,95.25,93.5,94,-0.78,-0.82,2100651,198427493.46,95.0731,112,86.06,-,-,4.618809126321654,0.1705029838022129,94.78,0,5.49,1,10-Sep-2025,11-Aug-2026,-,0.1705029838022129,-,4.618809126321654,16.071428571428573,-9.226121310713452,https://nsearchives.nseindia.com/today/CPSEETFEQN.svg,https://nsearchives.nseindia.com/30d/CPSEETF-EQ.svg,https://nsearchives.nseindia.com/365d/CPSEETF-EQ.svg,EQ
MAFANG,NYSE FANG+ Total Return Index,227.96,239.98,221,234,8.3,3.68,802165,187048834.7,172.1398,258.47,149.74,-,-,41.4068165337201,11.577341216860576,225.7,0,36.39,7.62,10-Sep-2025,11-Aug-2026,-,11.577341216860576,-,41.4068165337201,9.467249584091007,-56.27086950714572,https://nsearchives.nseindia.com/today/MAFANGEQN.svg,https://nsearchives.nseindia.com/30d/MAFANG-EQ.svg,https://nsearchives.nseindia.com/365d/MAFANG-EQ.svg,EQ
MASPTOP50,S&P 500 Top 50 Total Return Index,97.96,103.96,91.36,93.5,-2.08,-2.18,1818709,176560269.72,66.5487,111.56,65,-,-,41.860112274313465,15.303983228511525,95.58,0,45.02,17.87,10-Sep-2025,11-Aug-2026,-,15.303983228511525,-,41.860112274313465,16.18859806382216,-43.84615384615385,https://nsearchives.nseindia.com/today/MASPTOP50EQN.svg,https://nsearchives.nseindia.com/30d/MASPTOP50-EQ.svg,https://nsearchives.nseindia.com/365d/MASPTOP50-EQ.svg,EQ
GOLDADD,DSP Gold ETF,14.73,14.79,14.57,14.73,-0.1,-0.67,11625798,170899230.6,14.7629,18.1,10.39,28-AUG-26,FACE VALUE SPLIT (SUB-DIVISION) - FROM RS 10/- PER UNIT TO RE 1/- PER UNIT,Infinity,-90.02100128717566,14.83,0,0,-89.95,,11-Aug-2026,FACE VALUE SPLIT (SUB-DIVISION) - FROM RS 10/- PER UNIT TO RE 1/- PER UNIT,-90.02100128717566,28-AUG-26,Infinity,18.618784530386744,-41.77093358999037,https://nsearchives.nseindia.com/today/GOLDADDEQN.svg,https://nsearchives.nseindia.com/30d/GOLDADD-EQ.svg,,EQ
SILVERBETA,UTI Silver Exchange Traded Fund (UTI Silver ETF),218.44,219.95,215.92,219.2,-6.45,-2.86,780985,170176631.5,225.0576,379.66,120.72,-,-,Infinity,-2.5127863019790997,225.65,0,0,0.36,,11-Aug-2026,-,-2.5127863019790997,-,Infinity,42.264131064636786,-81.5772034459907,https://nsearchives.nseindia.com/today/SILVERBETAEQN.svg,https://nsearchives.nseindia.com/30d/SILVERBETA-EQ.svg,,EQ
NIFTYAXIS,Nifty 50,258.76,262.29,257.75,259.95,0.26,0.10,653406,169852889.7,260.1636,296.38,244,23-JUL-20, FACE VALUE SPLIT (SUB-DIVISION) - FROM RS 100/- PER SHARE TO RS 10/- PER SHARE,Infinity,-4.15176431547509,259.69,0,0,-4.25,,11-Aug-2026, FACE VALUE SPLIT (SUB-DIVISION) - FROM RS 100/- PER SHARE TO RS 10/- PER SHARE,-4.15176431547509,23-JUL-20,Infinity,12.291652608138204,-6.536885245901635,https://nsearchives.nseindia.com/today/NIFTYAXISEQN.svg,https://nsearchives.nseindia.com/30d/NIFTYAXIS-EQ.svg,,EQ
MONQ50,Nasdaq Q-50 Total Return Index,198.99,218.7,190.26,216,16.11,8.06,805626,167562151.74,115.6887,234.92,86.85,-,-,142.47867085765606,45.044319097502026,199.89,0,124.39,34.23,10-Sep-2025,11-Aug-2026,-,45.044319097502026,-,142.47867085765606,8.053805550825807,-148.70466321243524,https://nsearchives.nseindia.com/today/MONQ50EQN.svg,https://nsearchives.nseindia.com/30d/MONQ50-EQ.svg,https://nsearchives.nseindia.com/365d/MONQ50-EQ.svg,EQ
BANKIETF,Nifty Bank,57.79,58.21,57.29,58.21,0.34,0.59,2702304,156625539.84,58.0716,63.9,51.17,-,-,4.151010914295939,-1.3389830508474563,57.87,0,3.54,-1.92,10-Sep-2025,11-Aug-2026,-,-1.3389830508474563,-,4.151010914295939,8.904538341158057,-13.758061364080513,https://nsearchives.nseindia.com/today/BANKIETFEQN.svg,https://nsearchives.nseindia.com/30d/BANKIETF-EQ.svg,https://nsearchives.nseindia.com/365d/BANKIETF-EQ.svg,EQ
GROWWPOWER,BSE Power Index - TRI,11.55,11.55,11.2,11.46,0.1,0.88,13772281,154662715.63,11.378,13.2,7.75,-,-,16.109422492401233,-0.17421602787456075,11.36,0,15.1,-1.05,10-Sep-2025,11-Aug-2026,-,-0.17421602787456075,-,16.109422492401233,13.18181818181817,-47.8709677419355,https://nsearchives.nseindia.com/today/GROWWPOWEREQN.svg,https://nsearchives.nseindia.com/30d/GROWWPOWER-EQ.svg,https://nsearchives.nseindia.com/365d/GROWWPOWER-EQ.svg,EQ
MODEFENCE,Nifty India Defence Total Return Index,110,110,105.85,106.8,-0.82,-0.76,1297463,138153860.24,107.597,112,77.8,-,-,25.839519264757854,1.5498716363982081,107.62,0,26.81,2.33,10-Sep-2025,11-Aug-2026,-,1.5498716363982081,-,25.839519264757854,4.642857142857145,-37.275064267352185,https://nsearchives.nseindia.com/today/MODEFENCEEQN.svg,https://nsearchives.nseindia.com/30d/MODEFENCE-EQ.svg,https://nsearchives.nseindia.com/365d/MODEFENCE-EQ.svg,EQ
NIFTYIETF,Nifty 50,264.77,266.36,263.66,265.97,0.13,0.05,494060,130906137.6,266.4222,304.14,250.4,-,-,-5.1732743867655415,-4.210185118490239,265.84,0,-5.22,-4.26,10-Sep-2025,11-Aug-2026,-,-4.210185118490239,-,-5.1732743867655415,12.550141382258158,-6.218051118210871,https://nsearchives.nseindia.com/today/NIFTYIETFEQN.svg,https://nsearchives.nseindia.com/30d/NIFTYIETF-EQ.svg,https://nsearchives.nseindia.com/365d/NIFTYIETF-EQ.svg,EQ
SETFNIFBK,Nifty Bank,581.72,582.9,573.42,582.9,4.07,0.70,222320,128847779.2,580.8781,646.11,465.64,02-NOV-17, DIVIDEND - RS 3.50 PER UNIT,4.23074172090694,-1.2920596752070168,578.83,0,3.5,-1.98,10-Sep-2025,11-Aug-2026, DIVIDEND - RS 3.50 PER UNIT,-1.2920596752070168,02-NOV-17,4.23074172090694,9.783163857547482,-25.182544454943734,https://nsearchives.nseindia.com/today/SETFNIFBKEQN.svg,https://nsearchives.nseindia.com/30d/SETFNIFBK-EQ.svg,https://nsearchives.nseindia.com/365d/SETFNIFBK-EQ.svg,EQ
SILVERADD,DSP Silver ETF,21.8,21.98,21.55,21.95,-0.6,-2.66,5816871,126807787.8,22.4821,39,11.98,28-AUG-26,FACE VALUE SPLIT (SUB-DIVISION) - FROM RS 10/- PER UNIT TO RE 1/- PER UNIT,-81.78574392166625,-90.19958030093316,22.55,0,-81.29,-89.93,10-Sep-2025,11-Aug-2026,FACE VALUE SPLIT (SUB-DIVISION) - FROM RS 10/- PER UNIT TO RE 1/- PER UNIT,-90.19958030093316,28-AUG-26,-81.78574392166625,43.717948717948715,-83.22203672787978,https://nsearchives.nseindia.com/today/SILVERADDEQN.svg,https://nsearchives.nseindia.com/30d/SILVERADD-EQ.svg,https://nsearchives.nseindia.com/365d/SILVERADD-EQ.svg,EQ
NEXT50BETA,Nifty Next 50,78.34,78.34,77.27,78.25,-0.09,-0.11,1478655,114669695.25,78.4125,82.51,64.34,25-MAR-21, FACE VALUE SPLIT (SUB-DIVISION) - FROM RS 10/- PER UNIT TO Re 1/- PER UNIT,Infinity,-2.7104314310580713,78.34,0,0,-2.6,,11-Aug-2026, FACE VALUE SPLIT (SUB-DIVISION) - FROM RS 10/- PER UNIT TO Re 1/- PER UNIT,-2.7104314310580713,25-MAR-21,Infinity,5.163010544176469,-21.619521293130237,https://nsearchives.nseindia.com/today/NEXT50BETAEQN.svg,https://nsearchives.nseindia.com/30d/NEXT50BETA-EQ.svg,,EQ
LIQUIDETF,Nifty1D rate index,1000,1000.01,999.99,1000,0.01,0.00,97436,97435025.64,1000,1025,995,-,-,0.0010000100000990915,0,999.99,0,0,0,10-Sep-2025,11-Aug-2026,-,0,-,0.0010000100000990915,2.4390243902439024,-0.5025125628140703,https://nsearchives.nseindia.com/today/LIQUIDETFEQN.svg,https://nsearchives.nseindia.com/30d/LIQUIDETF-EQ.svg,https://nsearchives.nseindia.com/365d/LIQUIDETF-EQ.svg,EQ
SILVERAG,Mirae Asset Silver ETF,219.99,221.82,217.9,221.12,-6.81,-2.99,423680,93196889.6,226.9264,380,121.45,-,-,Infinity,-2.457100004411308,227.93,0,0,0.55,,11-Aug-2026,-,-2.457100004411308,-,Infinity,41.810526315789474,-82.06669411280362,https://nsearchives.nseindia.com/today/SILVERAGEQN.svg,https://nsearchives.nseindia.com/30d/SILVERAG-EQ.svg,,EQ
GROWWRAIL,Nifty India Railways PSU Index,28.33,28.33,27.06,27.44,-0.2,-0.72,3297424,89722907.04,27.5665,36.75,26.52,-,-,-21.555174385363053,-6.28415300546448,27.64,0,-20.98,-5.6,10-Sep-2025,11-Aug-2026,-,-6.28415300546448,-,-21.555174385363053,25.33333333333333,-3.4690799396681813,https://nsearchives.nseindia.com/today/GROWWRAILEQN.svg,https://nsearchives.nseindia.com/30d/GROWWRAIL-EQ.svg,https://nsearchives.nseindia.com/365d/GROWWRAIL-EQ.svg,EQ
PHARMABEES,Nifty Pharma TRI,27.27,27.77,26.58,27.38,0.11,0.40,3064207,83468998.68,27.309,28.4,21.46,-,-,20.936395759717307,-0.40014550745725513,27.27,0,20.45,-0.8,10-Sep-2025,11-Aug-2026,-,-0.40014550745725513,-,20.936395759717307,3.5915492957746467,-27.58620689655171,https://nsearchives.nseindia.com/today/PHARMABEESEQN.svg,https://nsearchives.nseindia.com/30d/PHARMABEES-EQ.svg,https://nsearchives.nseindia.com/365d/PHARMABEES-EQ.svg,EQ
PSUBNKBEES,Nifty PSU Bank,93.54,93.54,92.38,93.36,-0.18,-0.19,874574,81282907.56,93.8633,110.4,76.02,19-DEC-19, FACE VALUE SPLIT (SUB-DIVISION) - FROM RS 10/- TO RS 1/-,19.248946225571583,-3.203732503888028,93.54,0,19.48,-3.02,10-Sep-2025,11-Aug-2026, FACE VALUE SPLIT (SUB-DIVISION) - FROM RS 10/- TO RS 1/-,-3.203732503888028,19-DEC-19,19.248946225571583,15.434782608695658,-22.809786898184697,https://nsearchives.nseindia.com/today/PSUBNKBEESEQN.svg,https://nsearchives.nseindia.com/30d/PSUBNKBEES-EQ.svg,https://nsearchives.nseindia.com/365d/PSUBNKBEES-EQ.svg,EQ
NEXT50IETF,Nifty Next 50,78.23,78.23,75.53,76.57,-0.13,-0.17,1014382,77082888.18,76.6181,80.38,62.6,15-NOV-18, FACE VALUE SPLIT (SUB-DIVISION) - FROM RS 10/- PER SHARE TO RS 1/- PER SHARE,7.587466629197682,-2.8176164487879336,76.7,0,7.77,-2.65,10-Sep-2025,11-Aug-2026, FACE VALUE SPLIT (SUB-DIVISION) - FROM RS 10/- PER SHARE TO RS 1/- PER SHARE,-2.8176164487879336,15-NOV-18,7.587466629197682,4.739985070913166,-22.316293929712444,https://nsearchives.nseindia.com/today/NEXT50IETFEQN.svg,https://nsearchives.nseindia.com/30d/NEXT50IETF-EQ.svg,https://nsearchives.nseindia.com/365d/NEXT50IETF-EQ.svg,EQ
LIQUID,Mirae Asset Nifty 1D Rate Liquid ETF,999.99,1000,999.99,999.99,0,0.00,75735,75734242.65,1000,1024.98,974.99,-,-,0,0,999.99,0,0,0,10-Sep-2025,11-Aug-2026,-,0,-,0,2.4380963530995734,-2.564128862860132,https://nsearchives.nseindia.com/today/LIQUIDEQN.svg,https://nsearchives.nseindia.com/30d/LIQUID-EQ.svg,https://nsearchives.nseindia.com/365d/LIQUID-EQ.svg,EQ
FMCGIETF,Nifty FMCG Index,48.65,48.78,48.25,48.58,-0.07,-0.14,1558291,75686193.87,48.5833,61.73,48.25,10-MAY-24,FACE VALUE SPLIT (SUB-DIVISION) - FROM RS 10/- PER SHARE TO RE 1/- PER SHARE,-19.795278190523366,-7.572298325722991,48.65,0,-19.68,-7.44,10-Sep-2025,11-Aug-2026,FACE VALUE SPLIT (SUB-DIVISION) - FROM RS 10/- PER SHARE TO RE 1/- PER SHARE,-7.572298325722991,10-MAY-24,-19.795278190523366,21.30244613640045,-0.6839378238341933,https://nsearchives.nseindia.com/today/FMCGIETFEQN.svg,https://nsearchives.nseindia.com/30d/FMCGIETF-EQ.svg,https://nsearchives.nseindia.com/365d/FMCGIETF-EQ.svg,EQ
HDFCBSE500,HDFC S&P BSE 500 ETF,36.98,37,36.5,36.82,0.02,0.05,2047858,75340695.82,36.9115,40,32.65,-,-,-0.2708559046587254,-4.6607975142413185,36.8,0,-0.33,-4.71,10-Sep-2025,11-Aug-2026,-,-4.6607975142413185,-,-0.2708559046587254,7.95,-12.771822358346101,https://nsearchives.nseindia.com/today/HDFCBSE500EQN.svg,https://nsearchives.nseindia.com/30d/HDFCBSE500-EQ.svg,https://nsearchives.nseindia.com/365d/HDFCBSE500-EQ.svg,EQ
BFSI,Nifty Financial Services Index,26.36,26.6,26.15,26.6,0.13,0.49,2829147,74859229.62,26.5602,29.94,24.03,-,-,-1.4814814814814763,-3.096539162112925,26.47,0,-1.96,-3.57,10-Sep-2025,11-Aug-2026,-,-3.096539162112925,-,-1.4814814814814763,11.15564462257849,-10.694964627548897,https://nsearchives.nseindia.com/today/BFSIEQN.svg,https://nsearchives.nseindia.com/30d/BFSI-EQ.svg,https://nsearchives.nseindia.com/365d/BFSI-EQ.svg,EQ
BANKBETF,Bajaj Finserv Nifty Bank ETF,57.05,57.77,56.61,57.45,0.14,0.24,1195831,68903782.22,57.4857,63.9,50.71,-,-,3.8127936393205624,-1.727677044132737,57.31,0,3.56,-1.97,10-Sep-2025,11-Aug-2026,-,-1.727677044132737,-,3.8127936393205624,10.093896713615017,-13.291264050483143,https://nsearchives.nseindia.com/today/BANKBETFEQN.svg,https://nsearchives.nseindia.com/30d/BANKBETF-EQ.svg,https://nsearchives.nseindia.com/365d/BANKBETF-EQ.svg,EQ
GROWWLIQID,Nifty 1D Rate Index,110.74,110.75,110.74,110.75,0.07,0.06,613864,67979299.36,110.6881,112.71,105.1,-,-,4.807419324311534,0.4170822377368698,110.68,0,4.74,0.35,10-Sep-2025,11-Aug-2026,-,0.4170822377368698,-,4.807419324311534,1.7389761334397957,-5.375832540437684,https://nsearchives.nseindia.com/today/GROWWLIQIDEQN.svg,https://nsearchives.nseindia.com/30d/GROWWLIQID-EQ.svg,https://nsearchives.nseindia.com/365d/GROWWLIQID-EQ.svg,EQ
SMALLCAP,Mirae Asset Nifty Smallcap 250 Momentum Quality 100 ETF,49.54,49.54,48.64,49.32,-0.12,-0.24,1384314,67845229.14,49.4887,54.5,37.34,-,-,7.944845699277747,1.858736059479551,49.44,0,8.21,2.11,10-Sep-2025,11-Aug-2026,-,1.858736059479551,-,7.944845699277747,9.504587155963304,-32.08355650776646,https://nsearchives.nseindia.com/today/SMALLCAPEQN.svg,https://nsearchives.nseindia.com/30d/SMALLCAP-EQ.svg,https://nsearchives.nseindia.com/365d/SMALLCAP-EQ.svg,EQ
GROWWGOLD,Commodity,14.74,14.87,14.63,14.81,-0.1,-0.67,4411269,65198555.82,14.8402,18,10.66,06-FEB-26,FACE VALUE SPLIT (SUB-DIVISION) - FROM RS 10/- PER UNIT TO RE 1/- PER UNIT,-86.24500789449243,0,14.91,0,-86.15,0.68,10-Sep-2025,11-Aug-2026,FACE VALUE SPLIT (SUB-DIVISION) - FROM RS 10/- PER UNIT TO RE 1/- PER UNIT,0,06-FEB-26,-86.24500789449243,17.722222222222218,-38.930581613508444,https://nsearchives.nseindia.com/today/GROWWGOLDEQN.svg,https://nsearchives.nseindia.com/30d/GROWWGOLD-EQ.svg,https://nsearchives.nseindia.com/365d/GROWWGOLD-EQ.svg,EQ
GROWWSLVR,Commodity-Silver,22.13,22.34,21.94,22.25,-0.67,-2.92,2935673,64937086.76,22.8472,36.3,12.26,06-FEB-26,FACE VALUE SPLIT (SUB-DIVISION) - FROM RS 10/- PER UNIT TO RE 1/- PER UNIT,-81.98672279792747,-2.283706631532717,22.92,0,-81.44,0.66,10-Sep-2025,11-Aug-2026,FACE VALUE SPLIT (SUB-DIVISION) - FROM RS 10/- PER UNIT TO RE 1/- PER UNIT,-2.283706631532717,06-FEB-26,-81.98672279792747,38.705234159779614,-81.48450244698206,https://nsearchives.nseindia.com/today/GROWWSLVREQN.svg,https://nsearchives.nseindia.com/30d/GROWWSLVR-EQ.svg,https://nsearchives.nseindia.com/365d/GROWWSLVR-EQ.svg,EQ
GOLDBETA,Gold,127.25,128.1,126.25,127.55,-0.95,-0.74,507327,64577653.83,127.8883,149.35,90,25-MAR-21, FACE VALUE SPLIT (SUB-DIVISION) - FROM RS 100/- PER UNIT TO RE 1/- PER UNIT,Infinity,-0.19561815336463223,128.5,0,0,0.55,,11-Aug-2026, FACE VALUE SPLIT (SUB-DIVISION) - FROM RS 100/- PER UNIT TO RE 1/- PER UNIT,-0.19561815336463223,25-MAR-21,Infinity,14.596585202544356,-41.722222222222214,https://nsearchives.nseindia.com/today/GOLDBETAEQN.svg,https://nsearchives.nseindia.com/30d/GOLDBETA-EQ.svg,,EQ
BSLGOLDETF,Gold,133,133.84,132,133.38,-0.95,-0.71,472915,62892965.85,133.6662,155.99,95.33,25-NOV-21, FACE VALUE SPLIT (SUB-DIVISION) - FROM RS 10/- PER SHARE TO RE 0.10/- PER SHARE,38.28926905132192,-0.1272931486334825,134.33,0,39.27,0.58,10-Sep-2025,11-Aug-2026, FACE VALUE SPLIT (SUB-DIVISION) - FROM RS 10/- PER SHARE TO RE 0.10/- PER SHARE,-0.1272931486334825,25-NOV-21,38.28926905132192,14.494518879415356,-39.91398300639882,https://nsearchives.nseindia.com/today/BSLGOLDETFEQN.svg,https://nsearchives.nseindia.com/30d/BSLGOLDETF-EQ.svg,https://nsearchives.nseindia.com/365d/BSLGOLDETF-EQ.svg,EQ
ALPHA,NIFTY Alpha 50 Index,54.74,54.74,53,54.1,-0.17,-0.31,1159861,62412120.41,54.3185,55.59,42,-,-,10.430700142886302,0.5576208178438741,54.27,0,10.78,0.87,10-Sep-2025,11-Aug-2026,-,0.5576208178438741,-,10.430700142886302,2.680338190322004,-28.809523809523814,https://nsearchives.nseindia.com/today/ALPHAEQN.svg,https://nsearchives.nseindia.com/30d/ALPHA-EQ.svg,https://nsearchives.nseindia.com/365d/ALPHA-EQ.svg,EQ
MIDCAPETF,Mirae Asset Mutual Fund - Mirae Asset Nifty Midcap 150 ETF,23.5,23.5,23.1,23.42,0.01,0.04,2535292,58920186.08,23.4359,24.57,19.6,-,-,6.989492919141165,-2.3352793994995777,23.41,0,6.94,-2.38,10-Sep-2025,11-Aug-2026,-,-2.3352793994995777,-,6.989492919141165,4.680504680504675,-19.489795918367346,https://nsearchives.nseindia.com/today/MIDCAPETFEQN.svg,https://nsearchives.nseindia.com/30d/MIDCAPETF-EQ.svg,https://nsearchives.nseindia.com/365d/MIDCAPETF-EQ.svg,EQ
EBBETF0430,Nifty BHARAT Bond,1604.14,1616.98,1604.14,1609.99,-2.21,-0.14,34294,55150239.04,1613.4991,1646.18,1501.89,-,-,5.109941764813411,-0.2935475280697088,1612.2,0,5.25,-0.16,10-Sep-2025,11-Aug-2026,-,-0.2935475280697088,-,5.109941764813411,2.1984230157090994,-7.197597693572758,https://nsearchives.nseindia.com/today/EBBETF0430EQN.svg,https://nsearchives.nseindia.com/30d/EBBETF0430-EQ.svg,https://nsearchives.nseindia.com/365d/EBBETF0430-EQ.svg,EQ
LTGILTBEES,NIFTY 8-13 yr G-Sec Index,29.89,29.89,29.75,29.77,-0.07,-0.23,1845066,54927614.82,29.8588,30.61,28.13,-,-,3.4398888116747686,-0.799733422192609,29.84,0,3.68,-0.57,10-Sep-2025,11-Aug-2026,-,-0.799733422192609,-,3.4398888116747686,2.7442012414243706,-5.830074653394954,https://nsearchives.nseindia.com/today/LTGILTBEESEQN.svg,https://nsearchives.nseindia.com/30d/LTGILTBEES-EQ.svg,https://nsearchives.nseindia.com/365d/LTGILTBEES-EQ.svg,EQ
ELIQUID,Nifty 1D Rate Index (Debt Index),1047.93,1047.93,1047.59,1047.59,0.5,0.05,49832,52204003.2,1047.0846,1051.22,996,-,-,Infinity,0.426596621738196,1047.09,0,0,0.38,,11-Aug-2026,-,0.426596621738196,-,Infinity,0.3453130648199339,-5.179718875502,https://nsearchives.nseindia.com/today/ELIQUIDEQN.svg,https://nsearchives.nseindia.com/30d/ELIQUID-EQ.svg,,EQ
SETFNN50,Nifty Next 50,781.51,781.51,767.21,772.98,-4.85,-0.62,67424,52008850.88,778.3383,840,636.01,02-NOV-17, DIVIDEND - RS 7/- PER UNIT,7.346405954893898,-3.480052444277955,777.83,0,8.02,-2.87,10-Sep-2025,11-Aug-2026, DIVIDEND - RS 7/- PER UNIT,-3.480052444277955,02-NOV-17,7.346405954893898,7.978571428571426,-21.535824908413396,https://nsearchives.nseindia.com/today/SETFNN50EQN.svg,https://nsearchives.nseindia.com/30d/SETFNN50-EQ.svg,https://nsearchives.nseindia.com/365d/SETFNN50-EQ.svg,EQ
MOCAPITAL,Nifty Capital Market Total Return Index,53.63,54.45,52.56,54.04,0.41,0.76,971245,51718796.25,53.8098,57.25,41.31,-,-,24.05876951331496,0.9904690712016467,53.63,0,23.12,0.22,10-Sep-2025,11-Aug-2026,-,0.9904690712016467,-,24.05876951331496,5.606986899563321,-30.815783103364794,https://nsearchives.nseindia.com/today/MOCAPITALEQN.svg,https://nsearchives.nseindia.com/30d/MOCAPITAL-EQ.svg,https://nsearchives.nseindia.com/365d/MOCAPITAL-EQ.svg,EQ
NIFTYETF,Nifty 50,254.57,255.59,252.56,255.17,0.08,0.03,193221,49172812.29,255.682,289.05,239.81,-,-,-5.003536726108495,-4.276550249465433,255.09,0,-5.03,-4.31,10-Sep-2025,11-Aug-2026,-,-4.276550249465433,-,-5.003536726108495,11.721155509427442,-6.405070680955751,https://nsearchives.nseindia.com/today/NIFTYETFEQN.svg,https://nsearchives.nseindia.com/30d/NIFTYETF-EQ.svg,https://nsearchives.nseindia.com/365d/NIFTYETF-EQ.svg,EQ
AUTOBEES,Nifty Auto TRI,284.11,284.11,280.36,283.5,-1.03,-0.36,170286,48064926.36,285.0889,310.45,242.5,-,-,2.672750977835722,-6.89960920823618,284.53,0,3.05,-6.56,10-Sep-2025,11-Aug-2026,-,-6.89960920823618,-,2.672750977835722,8.68094701240135,-16.90721649484536,https://nsearchives.nseindia.com/today/AUTOBEESEQN.svg,https://nsearchives.nseindia.com/30d/AUTOBEES-EQ.svg,https://nsearchives.nseindia.com/365d/AUTOBEES-EQ.svg,EQ
CHEMICAL,Nifty Chemicals Index (TRI),30.85,30.85,29.79,30.05,-0.05,-0.17,1512280,45338154.4,30.198,31.8,24.5,-,-,Infinity,-2.0215194000652135,30.1,0,0,-1.86,,11-Aug-2026,-,-2.0215194000652135,-,Infinity,5.50314465408805,-22.6530612244898,https://nsearchives.nseindia.com/today/CHEMICALEQN.svg,https://nsearchives.nseindia.com/30d/CHEMICAL-EQ.svg,,EQ
PVTBANIETF,Nifty Private Bank Index,27.44,28.28,27.26,27.88,0.34,1.23,1573560,43477462.8,27.6305,30.32,24.18,01-MAR-24,FACE VALUE SPLIT (SUB-DIVISION) - FROM RS 10/- PER SHARE TO RE 1/- PER SHARE,4.107542942494391,0.9048136083966704,27.54,0,2.84,-0.33,10-Sep-2025,11-Aug-2026,FACE VALUE SPLIT (SUB-DIVISION) - FROM RS 10/- PER SHARE TO RE 1/- PER SHARE,0.9048136083966704,01-MAR-24,4.107542942494391,8.047493403693935,-15.30190239867659,https://nsearchives.nseindia.com/today/PVTBANIETFEQN.svg,https://nsearchives.nseindia.com/30d/PVTBANIETF-EQ.svg,https://nsearchives.nseindia.com/365d/PVTBANIETF-EQ.svg,EQ
QGOLDHALF,Gold,124.84,125.95,124.25,125.35,-1.07,-0.85,301995,37864133.1,125.9204,149.69,90.32,16-DEC-21, FACE VALUE SPLIT (SUB-DIVISION) - FROM RS 100 PER SHARE TO RS 2 PER SHARE,37.9746835443038,-0.4289459051552993,126.42,0,39.15,0.42,10-Sep-2025,11-Aug-2026, FACE VALUE SPLIT (SUB-DIVISION) - FROM RS 100 PER SHARE TO RS 2 PER SHARE,-0.4289459051552993,16-DEC-21,37.9746835443038,16.26027122720289,-38.7843224092117,https://nsearchives.nseindia.com/today/QGOLDHALFEQN.svg,https://nsearchives.nseindia.com/30d/QGOLDHALF-EQ.svg,https://nsearchives.nseindia.com/365d/QGOLDHALF-EQ.svg,EQ
PSUBANK,Nifty PSU Bank,83.51,83.99,82.77,83.22,-0.81,-0.96,438730,36616405.8,84.1227,101,67.04,10-JUL-26,FACE VALUE SPLIT (SUB-DIVISION) - FROM RS 10/- PER UNIT TO RE 1/- PER UNIT,-88.13262032085561,-3.925190487185414,84.03,0,-88.02,-2.99,10-Sep-2025,11-Aug-2026,FACE VALUE SPLIT (SUB-DIVISION) - FROM RS 10/- PER UNIT TO RE 1/- PER UNIT,-3.925190487185414,10-JUL-26,-88.13262032085561,17.603960396039604,-24.134844868735073,https://nsearchives.nseindia.com/today/PSUBANKEQN.svg,https://nsearchives.nseindia.com/30d/PSUBANK-EQ.svg,https://nsearchives.nseindia.com/365d/PSUBANK-EQ.svg,EQ
LIQGRWBEES,Liquid,1051.75,1055.66,1051.75,1055.42,0.5,0.05,34508,36419053.04,1054.9251,1059.73,995.55,-,-,4.7927319664399635,0.40622175712314906,1054.92,0,4.74,0.36,10-Sep-2025,11-Aug-2026,-,0.40622175712314906,-,4.7927319664399635,0.4067073688581002,-6.013761237506918,https://nsearchives.nseindia.com/today/LIQGRWBEESEQN.svg,https://nsearchives.nseindia.com/30d/LIQGRWBEES-EQ.svg,https://nsearchives.nseindia.com/365d/LIQGRWBEES-EQ.svg,EQ
GROWWNET,Index,10.95,11,10.65,10.99,0.16,1.48,3268901,35663709.91,10.8203,11.4,7.93,-,-,1.4773776546629744,3.5815268614514686,10.83,0,0,2.07,10-Sep-2025,11-Aug-2026,-,3.5815268614514686,-,1.4773776546629744,3.5964912280701764,-38.5876418663304,https://nsearchives.nseindia.com/today/GROWWNETEQN.svg,https://nsearchives.nseindia.com/30d/GROWWNET-EQ.svg,https://nsearchives.nseindia.com/365d/GROWWNET-EQ.svg,EQ
METAL,Nifty Metal Total Return Index,13.72,13.72,13.03,13.14,-0.25,-1.87,2627619,34500637.47,13.4386,13.97,8.7,-,-,34.21859039836569,-0.5299015897047712,13.39,0,36.77,1.36,10-Sep-2025,11-Aug-2026,-,-0.5299015897047712,-,34.21859039836569,5.941302791696492,-51.034482758620705,https://nsearchives.nseindia.com/today/METALEQN.svg,https://nsearchives.nseindia.com/30d/METAL-EQ.svg,https://nsearchives.nseindia.com/365d/METAL-EQ.svg,EQ
SML100CASE,Nifty Smallcap 100 Index,11.32,11.39,11.2,11.3,-0.02,-0.18,2766423,31122258.75,11.3867,11.77,8.5,-,-,Infinity,0.0885739592559926,11.32,0,0,0.27,,11-Aug-2026,-,0.0885739592559926,-,Infinity,3.99320305862361,-32.94117647058824,https://nsearchives.nseindia.com/today/SML100CASEEQN.svg,https://nsearchives.nseindia.com/30d/SML100CASE-EQ.svg,,EQ
HDFCLIQUID,HDFC Nifty 1D Rate Liquid ETF,1077.78,1077.8,1077.78,1077.78,0.53,0.05,28711,30944428.69,,1079.4,1009.91,28-FEB-25,CHANGE IN FUNDAMENTAL ATTRIBUTE OF HDFC NIFTY 1D RATE LIQUID ETF,4.944498539435245,0.4286326618088213,1077.25,0,4.89,0.38,10-Sep-2025,11-Aug-2026,CHANGE IN FUNDAMENTAL ATTRIBUTE OF HDFC NIFTY 1D RATE LIQUID ETF,0.4286326618088213,28-FEB-25,4.944498539435245,0.15008337965537502,-6.720400827796537,https://nsearchives.nseindia.com/today/HDFCLIQUIDEQN.svg,https://nsearchives.nseindia.com/30d/HDFCLIQUID-EQ.svg,https://nsearchives.nseindia.com/365d/HDFCLIQUID-EQ.svg,EQ
HNGSNGBEES,Hang Seng Index,465.9,465.9,461.55,464.1,-1.96,-0.42,63270,29324379.6,452.2509,579.92,443.42,19-DEC-19, FACE VALUE SPLIT (SUB-DIVISION) - FROM RS 10/- TO RS 1/-,-8.060777749163018,-4.204594711746858,466.06,0,-7.67,-3.8,10-Sep-2025,11-Aug-2026, FACE VALUE SPLIT (SUB-DIVISION) - FROM RS 10/- TO RS 1/-,-4.204594711746858,19-DEC-19,-8.060777749163018,19.971720237274095,-4.663749943620046,https://nsearchives.nseindia.com/today/HNGSNGBEESEQN.svg,https://nsearchives.nseindia.com/30d/HNGSNGBEES-EQ.svg,https://nsearchives.nseindia.com/365d/HNGSNGBEES-EQ.svg,EQ
NEXT50,Nifty Next 50,746,747.68,738.6,744.45,-4.41,-0.59,39376,29269362.08,749.7003,785.96,617,-,-,7.169077952925945,-3.4623614082863168,748.86,0,7.8,-2.89,10-Sep-2025,11-Aug-2026,-,-3.4623614082863168,-,7.169077952925945,5.281439258995367,-20.656401944894657,https://nsearchives.nseindia.com/today/NEXT50EQN.svg,https://nsearchives.nseindia.com/30d/NEXT50-EQ.svg,https://nsearchives.nseindia.com/365d/NEXT50-EQ.svg,EQ
NIFTY1,Nifty 50,260.24,264.25,258.3,260.59,0.35,0.13,105159,27283502.55,260.8559,295.8,244.8,27-JUL-17, FACE VALUE SPLIT (SUB-DIVISION) - FROM RS 10/- PER SHARE TO RS 1/- PER SHARE,-5.067395264116585,-4.215981768727497,260.24,0,-5.19,-4.34,10-Sep-2025,11-Aug-2026, FACE VALUE SPLIT (SUB-DIVISION) - FROM RS 10/- PER SHARE TO RS 1/- PER SHARE,-4.215981768727497,27-JUL-17,-5.067395264116585,11.903313049357687,-6.450163398692795,https://nsearchives.nseindia.com/today/NIFTY1EQN.svg,https://nsearchives.nseindia.com/30d/NIFTY1-EQ.svg,https://nsearchives.nseindia.com/365d/NIFTY1-EQ.svg,EQ
EQUAL50,Nifty50 Equal Weight,328.12,328.12,321.41,324.53,-0.34,-0.10,81887,26424934.9,325.4387,342.88,295.16,-,-,1.09338981994891,-4.406609914872319,324.87,0,1.2,-4.31,10-Sep-2025,11-Aug-2026,-,-4.406609914872319,-,1.09338981994891,5.351726551563236,-9.95053530288655,https://nsearchives.nseindia.com/today/EQUAL50EQN.svg,https://nsearchives.nseindia.com/30d/EQUAL50-EQ.svg,https://nsearchives.nseindia.com/365d/EQUAL50-EQ.svg,EQ
MOM30IETF,ICICI Prudential Nifty 200 Momentum 30 ETF,31.37,31.37,30.86,31.35,-0.04,-0.13,846206,26308544.54,31.4803,32.9,26,12-AUG-22,ADDITONAL ISSUANCE 9:1,0.7714561234329862,-0.9478672985781901,31.39,0,0.9,-0.82,10-Sep-2025,11-Aug-2026,ADDITONAL ISSUANCE 9:1,-0.9478672985781901,12-AUG-22,0.7714561234329862,4.711246200607894,-20.57692307692308,https://nsearchives.nseindia.com/today/MOM30IETFEQN.svg,https://nsearchives.nseindia.com/30d/MOM30IETF-EQ.svg,https://nsearchives.nseindia.com/365d/MOM30IETF-EQ.svg,EQ
MAHKTECH,Hang Seng TECH Total Return Index,23.8,23.8,21.2,22.25,0.01,0.04,1130987,25006122.57,17.7479,35.59,21,-,-,-15.043909889270717,-6.433978132884781,22.24,0,-15.08,-6.48,10-Sep-2025,11-Aug-2026,-,-6.433978132884781,-,-15.043909889270717,37.48243888732791,-5.9523809523809526,https://nsearchives.nseindia.com/today/MAHKTECHEQN.svg,https://nsearchives.nseindia.com/30d/MAHKTECH-EQ.svg,https://nsearchives.nseindia.com/365d/MAHKTECH-EQ.svg,EQ
DEFENCE,BSE India Defence,82.35,82.35,81.09,81.94,-0.41,-0.50,297659,24324693.48,82.5221,85.6,58.91,-,-,Infinity,1.5491386788945347,82.35,0,0,2.06,,11-Aug-2026,-,1.5491386788945347,-,Infinity,4.275700934579436,-39.0935325072144,https://nsearchives.nseindia.com/today/DEFENCEEQN.svg,https://nsearchives.nseindia.com/30d/DEFENCE-EQ.svg,,EQ
MOM100,Nifty Midcap 100,67.31,67.5,66.28,67.5,0.19,0.28,350787,23401000.77,67.3372,70.32,56.15,-,-,8.468584284107349,-1.846735495128684,67.31,0,8.16,-2.12,10-Sep-2025,11-Aug-2026,-,-1.846735495128684,-,8.468584284107349,4.01023890784982,-20.213713268032063,https://nsearchives.nseindia.com/today/MOM100EQN.svg,https://nsearchives.nseindia.com/30d/MOM100-EQ.svg,https://nsearchives.nseindia.com/365d/MOM100-EQ.svg,EQ
LIQUIDSHRI,SHRIRAM NIFTY 1D RATE LIQUID ETF,1121.3,1121.32,1121.3,1121.3,0.5,0.04,20670,23177271,1120.8011,1121.32,1069.8,-,-,4.813004178312037,0.40383599423347194,1120.8,0,4.77,0.36,10-Sep-2025,11-Aug-2026,-,0.40383599423347194,-,4.813004178312037,0.0017836121713678352,-4.813983922228454,https://nsearchives.nseindia.com/today/LIQUIDSHRIEQN.svg,https://nsearchives.nseindia.com/30d/LIQUIDSHRI-EQ.svg,https://nsearchives.nseindia.com/365d/LIQUIDSHRI-EQ.svg,EQ
BSLNIFTY,Nifty 50,27.4,27.65,27.1,27.65,0.15,0.55,827639,22768348.89,27.5566,33,25.7,25-NOV-21, FACE VALUE SPLIT (SUB-DIVISION) - FROM RS 10/- PER SHARE TO RE 1/- PER SHARE,-4.523480662983433,-3.826086956521744,27.5,0,-5.04,-4.35,10-Sep-2025,11-Aug-2026, FACE VALUE SPLIT (SUB-DIVISION) - FROM RS 10/- PER SHARE TO RE 1/- PER SHARE,-3.826086956521744,25-NOV-21,-4.523480662983433,16.212121212121215,-7.587548638132294,https://nsearchives.nseindia.com/today/BSLNIFTYEQN.svg,https://nsearchives.nseindia.com/30d/BSLNIFTY-EQ.svg,https://nsearchives.nseindia.com/365d/BSLNIFTY-EQ.svg,EQ
MOMENTUM50,Nifty 500 Momentum 50 Total Return Index,54.41,54.7,53.67,54.7,0.1,0.18,412402,22352188.4,54.7221,55.97,44.96,-,-,6.234220236939214,0.8852821836960605,54.6,0,6.04,0.7,10-Sep-2025,11-Aug-2026,-,0.8852821836960605,-,6.234220236939214,2.26907271752724,-21.663701067615662,https://nsearchives.nseindia.com/today/MOMENTUM50EQN.svg,https://nsearchives.nseindia.com/30d/MOMENTUM50-EQ.svg,https://nsearchives.nseindia.com/365d/MOMENTUM50-EQ.svg,EQ
MIDSMALL,Mirae Asset Nifty MidSmallcap400 Momentum Quality 100 ETF,51.48,51.65,50.8,51.63,0.07,0.14,390431,19986162.89,51.6504,53.07,42.41,-,-,5.9076923076923125,-1.224411708436963,51.56,0,5.76,-1.36,10-Sep-2025,11-Aug-2026,-,-1.224411708436963,-,5.9076923076923125,2.713397399660821,-21.740155623673676,https://nsearchives.nseindia.com/today/MIDSMALLEQN.svg,https://nsearchives.nseindia.com/30d/MIDSMALL-EQ.svg,https://nsearchives.nseindia.com/365d/MIDSMALL-EQ.svg,EQ
MOMMIDCAP,BSE Midcap 150 Momentum 30 TRI,12.91,13.01,12.8,12.99,0,0.00,1529959,19751770.69,13.0072,14.99,10.8,-,-,Infinity,0.23148148148147654,12.99,0,0,0.23,,11-Aug-2026,-,0.23148148148147654,-,Infinity,13.3422281521014,-20.27777777777777,https://nsearchives.nseindia.com/today/MOMMIDCAPEQN.svg,https://nsearchives.nseindia.com/30d/MOMMIDCAP-EQ.svg,,EQ
MIDCAPIETF,Nifty Midcap 150,23.86,23.86,23.37,23.75,0.02,0.08,831090,19563858.6,23.7229,24.88,19.89,10-MAY-24,FACE VALUE SPLIT (SUB-DIVISION) - FROM RS 10/- PER SHARE TO RE 1/- PER SHARE,7.030193780982419,-2.303578774167004,23.73,0,6.94,-2.39,10-Sep-2025,11-Aug-2026,FACE VALUE SPLIT (SUB-DIVISION) - FROM RS 10/- PER SHARE TO RE 1/- PER SHARE,-2.303578774167004,10-MAY-24,7.030193780982419,4.5418006430868125,-19.406737053795872,https://nsearchives.nseindia.com/today/MIDCAPIETFEQN.svg,https://nsearchives.nseindia.com/30d/MIDCAPIETF-EQ.svg,https://nsearchives.nseindia.com/365d/MIDCAPIETF-EQ.svg,EQ
MOSMALL250,Motilal Oswal Nifty Smallcap 250 ETF,18.97,18.97,18.25,18.46,-0.05,-0.27,1053169,19336182.84,18.5335,19.38,14.22,-,-,7.638483965014591,0.05420054200542853,18.51,0,7.93,0.33,10-Sep-2025,11-Aug-2026,-,0.05420054200542853,-,7.638483965014591,4.747162022703809,-29.81715893108298,https://nsearchives.nseindia.com/today/MOSMALL250EQN.svg,https://nsearchives.nseindia.com/30d/MOSMALL250-EQ.svg,https://nsearchives.nseindia.com/365d/MOSMALL250-EQ.svg,EQ
TOP10ADD,Nifty Top 10 Equal Weight Index,84.81,86,84.59,85.91,1.02,1.20,218951,18685278.34,85.2866,103.04,83.05,-,-,-9.19564528062573,-3.6883408071748947,84.89,0,-10.27,-4.83,10-Sep-2025,11-Aug-2026,-,-3.6883408071748947,-,-9.19564528062573,16.624611801242242,-3.4437086092715226,https://nsearchives.nseindia.com/today/TOP10ADDEQN.svg,https://nsearchives.nseindia.com/30d/TOP10ADD-EQ.svg,https://nsearchives.nseindia.com/365d/TOP10ADD-EQ.svg,EQ
ICICIB22,S&P BSE BHARAT 22 index,113.64,113.64,112.6,113.34,-0.16,-0.14,164595,18602526.9,113.9634,131,106.47,-,-,5.3933420122745,-2.3436153713596406,113.5,0,5.54,-2.21,10-Sep-2025,11-Aug-2026,-,-2.3436153713596406,-,5.3933420122745,13.480916030534347,-6.452521837137226,https://nsearchives.nseindia.com/today/ICICIB22EQN.svg,https://nsearchives.nseindia.com/30d/ICICIB22-EQ.svg,https://nsearchives.nseindia.com/365d/ICICIB22-EQ.svg,EQ
ENERGY,Nifty Energy,38.97,38.97,38.15,38.26,-0.16,-0.42,465300,17811684,38.5439,42.82,29,-,-,Infinity,-1.5946502057613285,38.42,0,0,-1.18,,11-Aug-2026,-,-1.5946502057613285,-,Infinity,10.649229332087815,-31.931034482758612,https://nsearchives.nseindia.com/today/ENERGYEQN.svg,https://nsearchives.nseindia.com/30d/ENERGY-EQ.svg,,EQ
AUTOIETF,Nifty Auto Index,28.55,29.41,28.12,28.5,-0.05,-0.18,608290,17263270.2,28.5575,31.46,24.2,01-MAR-24,FACE VALUE SPLIT (SUB-DIVISION) - FROM RS 10/- PER SHARE TO RE 1/- PER SHARE,3.410740203193038,-6.618610747051112,28.55,0,3.59,-6.45,10-Sep-2025,11-Aug-2026,FACE VALUE SPLIT (SUB-DIVISION) - FROM RS 10/- PER SHARE TO RE 1/- PER SHARE,-6.618610747051112,01-MAR-24,3.410740203193038,9.408773045136686,-17.768595041322317,https://nsearchives.nseindia.com/today/AUTOIETFEQN.svg,https://nsearchives.nseindia.com/30d/AUTOIETF-EQ.svg,https://nsearchives.nseindia.com/365d/AUTOIETF-EQ.svg,EQ
GROWWDEFNC,Nifty India Defence Index- Total Return Index,97.51,97.7,96.36,97.6,-0.36,-0.37,169687,16457942.13,97.8091,102.07,71.78,-,-,26.67099286177806,1.7514595496246794,97.96,0,27.14,2.13,10-Sep-2025,11-Aug-2026,-,1.7514595496246794,-,26.67099286177806,4.379347506613108,-35.9710225689607,https://nsearchives.nseindia.com/today/GROWWDEFNCEQN.svg,https://nsearchives.nseindia.com/30d/GROWWDEFNC-EQ.svg,https://nsearchives.nseindia.com/365d/GROWWDEFNC-EQ.svg,EQ
HDFCMID150,HDFC NIFTY Midcap 150 ETF,23.24,23.24,22.9,23.24,0,0.00,685818,15801246.72,23.2065,25.2,19.42,20-OCT-23,FACE VALUE SPLIT (SUB-DIVISION) - FROM RS 115.95/- PER SHARE TO RS 11.59/- PER SHARE,7.294552169898422,-2.7615062761506284,23.24,0,7.29,-2.76,10-Sep-2025,11-Aug-2026,FACE VALUE SPLIT (SUB-DIVISION) - FROM RS 115.95/- PER SHARE TO RS 11.59/- PER SHARE,-2.7615062761506284,20-OCT-23,7.294552169898422,7.777777777777781,-19.670442842430464,https://nsearchives.nseindia.com/today/HDFCMID150EQN.svg,https://nsearchives.nseindia.com/30d/HDFCMID150-EQ.svg,https://nsearchives.nseindia.com/365d/HDFCMID150-EQ.svg,EQ
OILIETF,Nifty Oil & Gas Index,11.17,11.19,11.1,11.19,0.02,0.18,1400822,15605157.08,11.2112,14,9.8,-,-,0.539083557951471,-1.9281332164767804,11.17,0,0.36,-2.1,10-Sep-2025,11-Aug-2026,-,-1.9281332164767804,-,0.539083557951471,20.071428571428577,-14.183673469387742,https://nsearchives.nseindia.com/today/OILIETFEQN.svg,https://nsearchives.nseindia.com/30d/OILIETF-EQ.svg,https://nsearchives.nseindia.com/365d/OILIETF-EQ.svg,EQ
ITIETF,Nifty IT Index,32.19,32.42,32.03,32.4,0.31,0.97,467820,15087195,32.1391,44.3,28.54,01-SEP-22,FACE VALUE SPLIT (SUB-DIVISION) - FROM RS 10/- PER UNIT TO RE 1/- PER UNIT,-17.72473336719148,-8.03292648311098,32.09,0,-18.51,-8.91,10-Sep-2025,11-Aug-2026,FACE VALUE SPLIT (SUB-DIVISION) - FROM RS 10/- PER UNIT TO RE 1/- PER UNIT,-8.03292648311098,01-SEP-22,-17.72473336719148,26.862302483069975,-13.52487736510161,https://nsearchives.nseindia.com/today/ITIETFEQN.svg,https://nsearchives.nseindia.com/30d/ITIETF-EQ.svg,https://nsearchives.nseindia.com/365d/ITIETF-EQ.svg,EQ
ABSLLIQUID,Aditya Birla Sun Life CRISIL Overnight Fund AI ETF,999.99,1000.01,999.99,1000.01,0.01,0.00,14903,14903000,1000,1044.99,975,-,-,0,0,1000,0,0,0,10-Sep-2025,11-Aug-2026,-,0,-,0,4.304347410023064,-2.5651282051282043,https://nsearchives.nseindia.com/today/ABSLLIQUIDEQN.svg,https://nsearchives.nseindia.com/30d/ABSLLIQUID-EQ.svg,https://nsearchives.nseindia.com/365d/ABSLLIQUID-EQ.svg,EQ
GROWWRLTY,Index,9.66,9.76,9.35,9.55,-0.21,-2.15,1492211,14146160.28,9.7808,11.3,7.17,-,-,Infinity,-4.116465863453817,9.76,0,0,-2.01,,11-Aug-2026,-,-4.116465863453817,-,Infinity,15.486725663716813,-33.193863319386345,https://nsearchives.nseindia.com/today/GROWWRLTYEQN.svg,https://nsearchives.nseindia.com/30d/GROWWRLTY-EQ.svg,,EQ
BANKBETA,Nifty Bank,58.02,58.86,57.69,58.5,0.21,0.36,235689,13681746.45,58.4952,73.7,51.3,17-FEB-21, FACE VALUE SPLIT (SUB-DIVISION) - FROM RS 10/- PER UNIT TO RE 1/- PER UNIT,Infinity,-1.4819804648029682,58.29,0,0,-1.84,,11-Aug-2026, FACE VALUE SPLIT (SUB-DIVISION) - FROM RS 10/- PER UNIT TO RE 1/- PER UNIT,-1.4819804648029682,17-FEB-21,Infinity,20.62415196743555,-14.03508771929825,https://nsearchives.nseindia.com/today/BANKBETAEQN.svg,https://nsearchives.nseindia.com/30d/BANKBETA-EQ.svg,,EQ
NIFTYCASE,Nifty Index 50 Index,9.64,9.64,9.33,9.44,0.03,0.32,1453190,13616390.3,9.4353,11.61,8.84,-,-,Infinity,-3.8696537678207816,9.41,0,0,-4.18,,11-Aug-2026,-,-3.8696537678207816,-,Infinity,18.69078380706288,-6.787330316742078,https://nsearchives.nseindia.com/today/NIFTYCASEEQN.svg,https://nsearchives.nseindia.com/30d/NIFTYCASE-EQ.svg,,EQ
MID150CASE,Zerodha Nifty Midcap 150 ETF,11.28,11.6,11.28,11.55,0.04,0.35,1149059,13156725.55,11.5387,13,9.63,-,-,7.642124883504196,-2.0356234096691983,11.51,0,7.27,-2.37,10-Sep-2025,11-Aug-2026,-,-2.0356234096691983,-,7.642124883504196,11.15384615384615,-19.937694704049843,https://nsearchives.nseindia.com/today/MID150CASEEQN.svg,https://nsearchives.nseindia.com/30d/MID150CASE-EQ.svg,https://nsearchives.nseindia.com/365d/MID150CASE-EQ.svg,EQ
EGOLD,Edelweiss Gold ETF,151.6,151.9,150,150.95,-1.65,-1.08,86655,13041577.5,151.8162,184.95,109.3,-,-,37.28967712596633,-0.5271828665568444,152.6,0,38.79,0.56,10-Sep-2025,11-Aug-2026,-,-0.5271828665568444,-,37.28967712596633,18.383346850500136,-38.10612991765782,https://nsearchives.nseindia.com/today/EGOLDEQN.svg,https://nsearchives.nseindia.com/30d/EGOLD-EQ.svg,https://nsearchives.nseindia.com/365d/EGOLD-EQ.svg,EQ
NIF100BEES,Nifty 100 TRI,267.58,267.58,258.44,261.96,0.9,0.34,48961,12739652.2,261.6919,290,240,-,-,-3.196482022098235,-3.7477954144620975,261.06,0,-3.53,-4.08,10-Sep-2025,11-Aug-2026,-,-3.7477954144620975,-,-3.196482022098235,9.668965517241386,-9.149999999999993,https://nsearchives.nseindia.com/today/NIF100BEESEQN.svg,https://nsearchives.nseindia.com/30d/NIF100BEES-EQ.svg,https://nsearchives.nseindia.com/365d/NIF100BEES-EQ.svg,EQ
BANKETF,Mirae Asset Nifty Bank ETF,571.81,578.6,568.58,578.6,3.37,0.59,21995,12638107.05,576.2174,628.27,507.01,-,-,4.380141434550435,-1.2611136708817534,575.23,0,3.77,-1.84,10-Sep-2025,11-Aug-2026,-,-1.2611136708817534,-,4.380141434550435,7.905836662581368,-14.120037080136495,https://nsearchives.nseindia.com/today/BANKETFEQN.svg,https://nsearchives.nseindia.com/30d/BANKETF-EQ.svg,https://nsearchives.nseindia.com/365d/BANKETF-EQ.svg,EQ
LOWVOLIETF,Nifty 100 Low Volatility 30 Index,21.49,21.69,21.36,21.61,0.1,0.46,585603,12561184.35,21.5504,26.81,19.84,01-MAR-24,FACE VALUE SPLIT (SUB-DIVISION) - FROM RS 10/- PER SHARE TO RE 1/- PER SHARE,-4.717813051146385,-5.21929824561404,21.51,0,-5.16,-5.66,10-Sep-2025,11-Aug-2026,FACE VALUE SPLIT (SUB-DIVISION) - FROM RS 10/- PER SHARE TO RE 1/- PER SHARE,-5.21929824561404,01-MAR-24,-4.717813051146385,19.39574785527788,-8.921370967741932,https://nsearchives.nseindia.com/today/LOWVOLIETFEQN.svg,https://nsearchives.nseindia.com/30d/LOWVOLIETF-EQ.svg,https://nsearchives.nseindia.com/365d/LOWVOLIETF-EQ.svg,EQ
GROWWHOSPI,BSE Hospitals Index,52.53,52.89,51.96,52.37,-0.28,-0.53,235268,12313927.12,52.4616,62,43.35,-,-,Infinity,-2.203548085901027,52.65,0,0,-1.68,,11-Aug-2026,-,-2.203548085901027,-,Infinity,15.532258064516133,-20.807381776239897,https://nsearchives.nseindia.com/today/GROWWHOSPIEQN.svg,https://nsearchives.nseindia.com/30d/GROWWHOSPI-EQ.svg,,EQ
MIDCAP,Nifty Midcap 50 Index,18.69,18.69,18.04,18.4,0.08,0.44,670228,12178042.76,18.3255,19.27,15.01,27-FEB-26,FACE VALUE SPLIT (SUB-DIVISION) - FROM RS 10/- PER SHARE TO RE 1/- PER SHARE,-88.95558223289315,-1.709401709401711,18.32,0,-89,-2.14,10-Sep-2025,11-Aug-2026,FACE VALUE SPLIT (SUB-DIVISION) - FROM RS 10/- PER SHARE TO RE 1/- PER SHARE,-1.709401709401711,27-FEB-26,-88.95558223289315,4.514789828749357,-22.584943371085934,https://nsearchives.nseindia.com/today/MIDCAPEQN.svg,https://nsearchives.nseindia.com/30d/MIDCAP-EQ.svg,https://nsearchives.nseindia.com/365d/MIDCAP-EQ.svg,EQ
GROWWCAPM,Nifty Capital Markets Index,11.45,11.45,11.1,11.28,-0.03,-0.27,1047081,11727307.2,11.2946,12.66,8.02,-,-,Infinity,0.8042895442359237,11.31,0,0,1.07,,11-Aug-2026,-,0.8042895442359237,-,Infinity,10.900473933649296,-40.64837905236908,https://nsearchives.nseindia.com/today/GROWWCAPMEQN.svg,https://nsearchives.nseindia.com/30d/GROWWCAPM-EQ.svg,,EQ
MONIFTY500,Motilal Oswal Nifty 500 ETF,23.49,23.74,23.25,23.56,0.06,0.26,476815,11157471,23.4971,28.28,20.75,-,-,0.46908315565031744,-2.7651671481634406,23.5,0,0.21,-3.01,10-Sep-2025,11-Aug-2026,-,-2.7651671481634406,-,0.46908315565031744,16.6902404526167,-13.54216867469879,https://nsearchives.nseindia.com/today/MONIFTY500EQN.svg,https://nsearchives.nseindia.com/30d/MONIFTY500-EQ.svg,https://nsearchives.nseindia.com/365d/MONIFTY500-EQ.svg,EQ
GROWWNIFTY,Nifty 50 Index - TRI,9.55,9.69,9.4,9.52,0.02,0.21,1174205,11096237.25,9.4976,11.88,8.93,-,-,-4.990019960079841,-3.643724696356287,9.5,0,-5.19,-3.85,10-Sep-2025,11-Aug-2026,-,-3.643724696356287,-,-4.990019960079841,19.865319865319872,-6.606942889137737,https://nsearchives.nseindia.com/today/GROWWNIFTYEQN.svg,https://nsearchives.nseindia.com/30d/GROWWNIFTY-EQ.svg,https://nsearchives.nseindia.com/365d/GROWWNIFTY-EQ.svg,EQ
MAKEINDIA,Nifty India Manufacturing Total Return Index,163.46,163.46,161.29,162.8,-1.1,-0.67,68217,11061386.55,164.0653,173.11,140.12,-,-,8.158384267871378,-3.725606150206968,163.9,0,8.89,-3.08,10-Sep-2025,11-Aug-2026,-,-3.725606150206968,-,8.158384267871378,5.955750678759172,-16.186126177562095,https://nsearchives.nseindia.com/today/MAKEINDIAEQN.svg,https://nsearchives.nseindia.com/30d/MAKEINDIA-EQ.svg,https://nsearchives.nseindia.com/365d/MAKEINDIA-EQ.svg,EQ
GROWWMETAL,Nifty Metal Index,12.7,12.7,12.24,12.45,-0.25,-1.97,889261,11026836.4,12.6835,13.45,10.03,-,-,Infinity,-0.4796163069544404,12.7,0,0,1.52,,11-Aug-2026,-,-0.4796163069544404,-,Infinity,7.434944237918216,-24.12761714855434,https://nsearchives.nseindia.com/today/GROWWMETALEQN.svg,https://nsearchives.nseindia.com/30d/GROWWMETAL-EQ.svg,,EQ
EQUAL50ADD,NIFTY 50 Equal Weight Index,334.1,335.2,332.11,333.1,-2.76,-0.82,32089,10694301.03,336.1719,361,304.78,-,-,0.5797451536928606,-5.113231733371311,335.86,0,1.41,-4.33,10-Sep-2025,11-Aug-2026,-,-5.113231733371311,-,0.5797451536928606,7.728531855955672,-9.291948290570264,https://nsearchives.nseindia.com/today/EQUAL50ADDEQN.svg,https://nsearchives.nseindia.com/30d/EQUAL50ADD-EQ.svg,https://nsearchives.nseindia.com/365d/EQUAL50ADD-EQ.svg,EQ
MOSILVER,Domestic Price of Physical Silver,225.98,225.98,221.29,224.99,-5.85,-2.53,47162,10546366.44,230.3868,385,123.05,-,-,80.49739269955876,-2.029174831264967,230.84,0,85.19,0.52,10-Sep-2025,11-Aug-2026,-,-2.029174831264967,-,80.49739269955876,41.56103896103896,-82.84437220642018,https://nsearchives.nseindia.com/today/MOSILVEREQN.svg,https://nsearchives.nseindia.com/30d/MOSILVER-EQ.svg,https://nsearchives.nseindia.com/365d/MOSILVER-EQ.svg,EQ
HSBCGOLD,Commodity,132,132.41,130.95,132.01,-0.89,-0.67,78821,10370478.97,132.1875,146.4,119.1,-,-,Infinity,0.06822316555488434,132.9,0,0,0.74,,11-Aug-2026,-,0.06822316555488434,-,Infinity,9.829234972677604,-10.839630562552474,https://nsearchives.nseindia.com/today/HSBCGOLDEQN.svg,https://nsearchives.nseindia.com/30d/HSBCGOLD-EQ.svg,,EQ
HEALTHIETF,Nifty Healthcare Index,169.5,170.34,167.94,170.25,0.78,0.46,61063,10326363.93,169.5943,174.82,138.65,-,-,13.530274739930642,-0.6303624584135951,169.47,0,13.01,-1.09,10-Sep-2025,11-Aug-2026,-,-0.6303624584135951,-,13.530274739930642,2.6141173778743814,-22.791200865488637,https://nsearchives.nseindia.com/today/HEALTHIETFEQN.svg,https://nsearchives.nseindia.com/30d/HEALTHIETF-EQ.svg,https://nsearchives.nseindia.com/365d/HEALTHIETF-EQ.svg,EQ
IVZINGOLD,Gold,132.4,132.5,130.15,132.5,-0.75,-0.56,76066,10014849.56,132.1297,156,94.52,30-APR-26,FACE VALUE SPLIT (SUB-DIVISION) - FROM RS 100/- PER SHARE TO RE 1/- PER SHARE,-98.61618076334602,-0.03772161448510854,133.25,0,-98.61,0.53,10-Sep-2025,11-Aug-2026,FACE VALUE SPLIT (SUB-DIVISION) - FROM RS 100/- PER SHARE TO RE 1/- PER SHARE,-0.03772161448510854,30-APR-26,-98.61618076334602,15.064102564102564,-40.18197206940331,https://nsearchives.nseindia.com/today/IVZINGOLDEQN.svg,https://nsearchives.nseindia.com/30d/IVZINGOLD-EQ.svg,https://nsearchives.nseindia.com/365d/IVZINGOLD-EQ.svg,EQ
ESILVER,Edelweiss Silver ETF,228,228,223.46,226.6,-6.69,-2.87,44105,9979638.35,232.7674,375,124.05,-,-,80.75941289087429,-2.2222222222222245,233.29,0,86.1,0.66,10-Sep-2025,11-Aug-2026,-,-2.2222222222222245,-,80.75941289087429,39.57333333333333,-82.66827891979041,https://nsearchives.nseindia.com/today/ESILVEREQN.svg,https://nsearchives.nseindia.com/30d/ESILVER-EQ.svg,https://nsearchives.nseindia.com/365d/ESILVER-EQ.svg,EQ
EBBETF0431,Nifty BHARAT Bond,1444.39,1444.39,1432.01,1432.6,-6.63,-0.46,6760,9688364.4,1437.5933,1469,1367.02,-,-,4.729877915052256,-0.5912068391251237,1439.23,0,5.21,-0.13,10-Sep-2025,11-Aug-2026,-,-0.5912068391251237,-,4.729877915052256,2.4778761061946963,-4.7972963087591936,https://nsearchives.nseindia.com/today/EBBETF0431EQN.svg,https://nsearchives.nseindia.com/30d/EBBETF0431-EQ.svg,https://nsearchives.nseindia.com/365d/EBBETF0431-EQ.svg,EQ
GILT5YBEES,Nifty 5 yr Benchmark G-Sec Index,66.3,66.3,66.05,66.25,-0.03,-0.05,139072,9205175.68,66.3246,68.3,61.45,-,-,5.763090676883779,-0.18080458038270986,66.28,0,5.81,-0.14,10-Sep-2025,11-Aug-2026,-,-0.18080458038270986,-,5.763090676883779,3.001464128843334,-7.811228641171679,https://nsearchives.nseindia.com/today/GILT5YBEESEQN.svg,https://nsearchives.nseindia.com/30d/GILT5YBEES-EQ.svg,https://nsearchives.nseindia.com/365d/GILT5YBEES-EQ.svg,EQ
IT,NIFTY IT Index,32.03,32.34,31.95,32.06,0,0.00,281406,9055645.08,32.1115,44.49,28.54,-,-,-18.40162891320946,-8.972174900624635,32.06,0,-18.4,-8.97,10-Sep-2025,11-Aug-2026,-,-8.972174900624635,-,-18.40162891320946,27.938862665767587,-12.33356692361599,https://nsearchives.nseindia.com/today/ITEQN.svg,https://nsearchives.nseindia.com/30d/IT-EQ.svg,https://nsearchives.nseindia.com/365d/IT-EQ.svg,EQ
LICMFGOLD,Gold,136.4,137,135,136.45,-0.75,-0.55,65781,8971212.78,,162,98,06-MAR-26,FACE VALUE SPLIT (SUB-DIVISION) - FROM RS 100/- PER SHARE TO RE 1/- PER SHARE,-98.62570817071634,-0.3287070854638547,137.2,0,-98.62,0.22,10-Sep-2025,11-Aug-2026,FACE VALUE SPLIT (SUB-DIVISION) - FROM RS 100/- PER SHARE TO RE 1/- PER SHARE,-0.3287070854638547,06-MAR-26,-98.62570817071634,15.77160493827161,-39.23469387755101,https://nsearchives.nseindia.com/today/LICMFGOLDEQN.svg,https://nsearchives.nseindia.com/30d/LICMFGOLD-EQ.svg,https://nsearchives.nseindia.com/365d/LICMFGOLD-EQ.svg,EQ
PSUBNKIETF,ICICI Prudential Nifty PSU Bank ETF,84,84.92,83.8,84.78,0.11,0.13,106071,8950270.98,85.2458,104,67.86,-,-,19.543147208121827,-3.0309962255518763,84.67,0,19.39,-3.16,10-Sep-2025,11-Aug-2026,-,-3.0309962255518763,-,19.543147208121827,18.48076923076923,-24.933687002652523,https://nsearchives.nseindia.com/today/PSUBNKIETFEQN.svg,https://nsearchives.nseindia.com/30d/PSUBNKIETF-EQ.svg,https://nsearchives.nseindia.com/365d/PSUBNKIETF-EQ.svg,EQ
AONELIQUID,Nifty 1D Rate Index,1076.74,1076.76,1076.72,1076.74,0.55,0.05,8190,8818500.6,1076.1975,1094.59,997.56,-,-,5.070356564335763,0.436542730817311,1076.19,0,5.02,0.39,10-Sep-2025,11-Aug-2026,-,0.436542730817311,-,5.070356564335763,1.6307475858540559,-7.937367175909225,https://nsearchives.nseindia.com/today/AONELIQUIDEQN.svg,https://nsearchives.nseindia.com/30d/AONELIQUID-EQ.svg,https://nsearchives.nseindia.com/365d/AONELIQUID-EQ.svg,EQ
NIFTYADD,Nifty 50 Index,246.48,247.58,245.37,246.9,-0.25,-0.10,35502,8756568.3,247.6283,300,232.64,-,-,Infinity,-4.343109526945879,247.15,0,0,-4.25,,11-Aug-2026,-,-4.343109526945879,-,Infinity,17.699999999999996,-6.129642365887216,https://nsearchives.nseindia.com/today/NIFTYADDEQN.svg,https://nsearchives.nseindia.com/30d/NIFTYADD-EQ.svg,,EQ
FINIETF,ICICI Prudential Nifty Financial Services Ex-Bank ETF,33.16,33.16,31.81,32.49,0.13,0.40,255467,8205600.04,32.4222,34.56,27.4,-,-,7.761194029850758,-3.0438675022381263,32.36,0,7.33,-3.43,10-Sep-2025,11-Aug-2026,-,-3.0438675022381263,-,7.761194029850758,5.989583333333334,-18.576642335766437,https://nsearchives.nseindia.com/today/FINIETFEQN.svg,https://nsearchives.nseindia.com/30d/FINIETF-EQ.svg,https://nsearchives.nseindia.com/365d/FINIETF-EQ.svg,EQ
CONSUMBEES,Nifty India Consumption TRI,128.2,128.22,127.06,127.99,-0.35,-0.27,61796,7896910.84,128.4574,144.38,114,-,-,-7.206554049155376,-5.472673559822756,128.34,0,-6.95,-5.21,10-Sep-2025,11-Aug-2026,-,-5.472673559822756,-,-7.206554049155376,11.351987809945976,-12.271929824561399,https://nsearchives.nseindia.com/today/CONSUMBEESEQN.svg,https://nsearchives.nseindia.com/30d/CONSUMBEES-EQ.svg,https://nsearchives.nseindia.com/365d/CONSUMBEES-EQ.svg,EQ
HDFCSENSEX,SENSEX,86.85,86.85,84.3,85.48,0.74,0.87,90887,7703582.12,85.064,98.48,78.44,02-FEB-24,FACE VALUE SPLIT (SUB-DIVISION) - FROM RS 250.361/- PER SHARE TO RS 25.0361/- PER SHARE,-6.446317171938273,-3.586735844800353,84.74,0,-7.26,-4.42,10-Sep-2025,11-Aug-2026,FACE VALUE SPLIT (SUB-DIVISION) - FROM RS 250.361/- PER SHARE TO RS 25.0361/- PER SHARE,-3.586735844800353,02-FEB-24,-6.446317171938273,13.200649878147846,-8.975012748597663,https://nsearchives.nseindia.com/today/HDFCSENSEXEQN.svg,https://nsearchives.nseindia.com/30d/HDFCSENSEX-EQ.svg,https://nsearchives.nseindia.com/365d/HDFCSENSEX-EQ.svg,EQ
HDFCNEXT50,HDFC NIFTY NEXT 50 ETF,73.82,74,73.09,73.95,-0.13,-0.18,103448,7608600.4,74.2158,78.07,59.99,20-OCT-23,FACE VALUE SPLIT (SUB-DIVISION) - FROM RS 418.18/- PER SHARE TO RS 41.81/- PER SHARE,7.516719976737427,-2.5049439683585915,74.08,0,7.71,-2.33,10-Sep-2025,11-Aug-2026,FACE VALUE SPLIT (SUB-DIVISION) - FROM RS 418.18/- PER SHARE TO RS 41.81/- PER SHARE,-2.5049439683585915,20-OCT-23,7.516719976737427,5.277315229921853,-23.270545090848476,https://nsearchives.nseindia.com/today/HDFCNEXT50EQN.svg,https://nsearchives.nseindia.com/30d/HDFCNEXT50-EQ.svg,https://nsearchives.nseindia.com/365d/HDFCNEXT50-EQ.svg,EQ
MOENERGY,Nifty Energy Index,38.8,38.8,38,38.2,0.05,0.13,196018,7485927.42,38.466,43,33,-,-,Infinity,-1.597114889232348,38.15,0,0,-1.73,,11-Aug-2026,-,-1.597114889232348,-,Infinity,11.162790697674412,-15.757575757575765,https://nsearchives.nseindia.com/today/MOENERGYEQN.svg,https://nsearchives.nseindia.com/30d/MOENERGY-EQ.svg,,EQ
SMALL250,Nifty Smallcap 250,18.88,18.88,18.24,18.43,-0.08,-0.43,390167,7159564.45,18.4981,19.95,14.16,-,-,Infinity,-0.054229934924086565,18.51,0,0,0.38,,11-Aug-2026,-,-0.054229934924086565,-,Infinity,7.619047619047617,-30.155367231638415,https://nsearchives.nseindia.com/today/SMALL250EQN.svg,https://nsearchives.nseindia.com/30d/SMALL250-EQ.svg,,EQ
NV20IETF,Nifty50 Value 20,13.23,13.31,12.99,13.31,0.07,0.53,538148,7087409.16,13.2612,16,12.5,01-MAR-24,FACE VALUE SPLIT (SUB-DIVISION) - FROM RS 10/- PER SHARE TO RE 1/- PER SHARE,-8.270158511371463,-3.8989169675090194,13.24,0,-8.75,-4.4,10-Sep-2025,11-Aug-2026,FACE VALUE SPLIT (SUB-DIVISION) - FROM RS 10/- PER SHARE TO RE 1/- PER SHARE,-3.8989169675090194,01-MAR-24,-8.270158511371463,16.812499999999996,-6.480000000000005,https://nsearchives.nseindia.com/today/NV20IETFEQN.svg,https://nsearchives.nseindia.com/30d/NV20IETF-EQ.svg,https://nsearchives.nseindia.com/365d/NV20IETF-EQ.svg,EQ
EVIETF,Nifty EV & New Age Automotive ETF,32.11,32.15,31.7,32.08,-0.06,-0.19,220571,7045037.74,32.1526,36,26.28,-,-,1.1668243456322847,-6.171395144779174,32.14,0,1.36,-6,10-Sep-2025,11-Aug-2026,-,-6.171395144779174,-,1.1668243456322847,10.888888888888893,-22.070015220700142,https://nsearchives.nseindia.com/today/EVIETFEQN.svg,https://nsearchives.nseindia.com/30d/EVIETF-EQ.svg,https://nsearchives.nseindia.com/365d/EVIETF-EQ.svg,EQ
EVINDIA,Nifty EV and New Age Automotive Total Return Index,32.77,32.77,31.71,31.97,-0.16,-0.50,214172,6832086.8,32.2002,35.04,26.2,-,-,1.0110584518167467,-6.493126645217897,32.13,0,1.52,-6.03,10-Sep-2025,11-Aug-2026,-,-6.493126645217897,-,1.0110584518167467,8.761415525114156,-22.02290076335878,https://nsearchives.nseindia.com/today/EVINDIAEQN.svg,https://nsearchives.nseindia.com/30d/EVINDIA-EQ.svg,https://nsearchives.nseindia.com/365d/EVINDIA-EQ.svg,EQ
TOP100CASE,Zerodha Nifty 100 ETF,10.31,10.35,10.2,10.35,0.04,0.39,660684,6798438.36,10.3637,11.57,9.48,-,-,-2.9080675422138884,-3.899721448467966,10.31,0,-3.28,-4.27,10-Sep-2025,11-Aug-2026,-,-3.899721448467966,-,-2.9080675422138884,10.544511668107178,-9.177215189873408,https://nsearchives.nseindia.com/today/TOP100CASEEQN.svg,https://nsearchives.nseindia.com/30d/TOP100CASE-EQ.svg,https://nsearchives.nseindia.com/365d/TOP100CASE-EQ.svg,EQ
AONEGOLD,Domestic price of Gold,14.19,14.21,13.97,14.18,-0.06,-0.42,480448,6769512.32,14.1935,17.73,10,-,-,37.669902912621346,0.07057163020465622,14.24,0,38.25,0.49,10-Sep-2025,11-Aug-2026,-,0.07057163020465622,-,37.669902912621346,20.02256063169769,-41.8,https://nsearchives.nseindia.com/today/AONEGOLDEQN.svg,https://nsearchives.nseindia.com/30d/AONEGOLD-EQ.svg,https://nsearchives.nseindia.com/365d/AONEGOLD-EQ.svg,EQ
GROWWEV,Nifty EV and New Age Automotive Index,32.01,32.12,31.61,31.99,-0.13,-0.40,210189,6681908.31,32.0725,34.64,26.2,-,-,1.491116751269032,-5.773195876288673,32.12,0,1.9,-5.39,10-Sep-2025,11-Aug-2026,-,-5.773195876288673,-,1.491116751269032,7.650115473441115,-22.09923664122137,https://nsearchives.nseindia.com/today/GROWWEVEQN.svg,https://nsearchives.nseindia.com/30d/GROWWEV-EQ.svg,https://nsearchives.nseindia.com/365d/GROWWEV-EQ.svg,EQ
ALPHAETF,Mirae Asset Nifty 200 Alpha 30 ETF,26.55,26.56,26.13,26.48,-0.09,-0.34,253862,6676570.6,26.6567,27.61,21.8,-,-,4.871287128712873,-1.0463378176382703,26.57,0,5.23,-0.71,10-Sep-2025,11-Aug-2026,-,-1.0463378176382703,-,4.871287128712873,4.092720028975005,-21.46788990825688,https://nsearchives.nseindia.com/today/ALPHAETFEQN.svg,https://nsearchives.nseindia.com/30d/ALPHAETF-EQ.svg,https://nsearchives.nseindia.com/365d/ALPHAETF-EQ.svg,EQ
INFRAIETF,ICICI Prudential Nifty Infrastructure ETF,93.34,95.5,93.05,94.22,0.68,0.73,70908,6634152.48,94.1011,101,86.8,-,-,1.7274886633556406,-2.5646328852119997,93.54,0,0.99,-3.27,10-Sep-2025,11-Aug-2026,-,-2.5646328852119997,-,1.7274886633556406,6.712871287128714,-8.548387096774196,https://nsearchives.nseindia.com/today/INFRAIETFEQN.svg,https://nsearchives.nseindia.com/30d/INFRAIETF-EQ.svg,https://nsearchives.nseindia.com/365d/INFRAIETF-EQ.svg,EQ
LOWVOL1,Kotak Nifty 100 Low Vol 30 ETF,20.46,20.61,20.36,20.6,0.14,0.68,314690,6444851.2,20.5427,22.9,18.77,-,-,-4.096834264432025,-5.200184077312467,20.46,0,-4.75,-5.84,10-Sep-2025,11-Aug-2026,-,-5.200184077312467,-,-4.096834264432025,10.04366812227073,-9.74960042621205,https://nsearchives.nseindia.com/today/LOWVOL1EQN.svg,https://nsearchives.nseindia.com/30d/LOWVOL1-EQ.svg,https://nsearchives.nseindia.com/365d/LOWVOL1-EQ.svg,EQ
SILVER001,Commodity - Silver,23.05,23.45,22.25,22.98,-0.62,-2.63,269685,6202755,23.5409,28,22,-,-,Infinity,Infinity,23.6,0,0,0,,,-,Infinity,-,Infinity,17.928571428571427,-4.454545454545457,https://nsearchives.nseindia.com/today/SILVER001EQN.svg,,,EQ
ITETF,Mirae Asset Nifty IT ETF,31.17,31.17,30.51,30.72,0.16,0.52,182890,5623867.5,30.6485,42.02,27.22,-,-,-18.232632419483632,-8.815672306322348,30.56,0,-18.66,-9.29,10-Sep-2025,11-Aug-2026,-,-8.815672306322348,-,-18.232632419483632,26.891956211327948,-12.858192505510655,https://nsearchives.nseindia.com/today/ITETFEQN.svg,https://nsearchives.nseindia.com/30d/ITETF-EQ.svg,https://nsearchives.nseindia.com/365d/ITETF-EQ.svg,EQ
COMMOIETF,ICICI Prudential Nifty Commodities ETF,98.56,98.57,97.5,98.33,-0.24,-0.24,55954,5475098.9,99.1023,110.56,89.45,-,-,9.547682709447407,-2.8839506172839524,98.57,0,9.82,-2.65,10-Sep-2025,11-Aug-2026,-,-2.8839506172839524,-,9.547682709447407,11.061866859623738,-9.92733370598099,https://nsearchives.nseindia.com/today/COMMOIETFEQN.svg,https://nsearchives.nseindia.com/30d/COMMOIETF-EQ.svg,https://nsearchives.nseindia.com/365d/COMMOIETF-EQ.svg,EQ
AONESILVER,Domestic price of Silver,8.82,8.82,8.55,8.72,-0.19,-2.13,630579,5467119.93,8.9051,12,7.43,-,-,Infinity,-1.8018018018018032,8.91,0,0,0.34,,11-Aug-2026,-,-1.8018018018018032,-,Infinity,27.33333333333333,-17.3620457604307,https://nsearchives.nseindia.com/today/AONESILVEREQN.svg,https://nsearchives.nseindia.com/30d/AONESILVER-EQ.svg,,EQ
NIFTYBETA,Nifty 50,266.56,266.56,257.46,260.21,0.15,0.06,20680,5358808.4,260.6047,297.48,244.9,25-SEP-23,FACE VALUE SPLIT (SUB-DIVISION) - FROM RS 10/- PER SHARE TO RE 1/- PER SHARE,Infinity,-4.235978212866203,260.06,0,0,-4.29,,11-Aug-2026,FACE VALUE SPLIT (SUB-DIVISION) - FROM RS 10/- PER SHARE TO RE 1/- PER SHARE,-4.235978212866203,25-SEP-23,Infinity,12.528573349468884,-6.2515312372396785,https://nsearchives.nseindia.com/today/NIFTYBETAEQN.svg,https://nsearchives.nseindia.com/30d/NIFTYBETA-EQ.svg,,EQ
MOVALUE,Motilal Oswal S&P BSE Enhanced Value ETF,111.59,112,109.64,111.66,0.07,0.06,45242,5010551.5,111.9733,128.77,100.54,-,-,9.416952474277315,-3.14018043025677,111.59,0,9.35,-3.2,10-Sep-2025,11-Aug-2026,-,-3.14018043025677,-,9.416952474277315,13.287256348528393,-11.060274517604924,https://nsearchives.nseindia.com/today/MOVALUEEQN.svg,https://nsearchives.nseindia.com/30d/MOVALUE-EQ.svg,https://nsearchives.nseindia.com/365d/MOVALUE-EQ.svg,EQ
AONETOTAL,Nifty Total Market Index,11.95,11.95,10.74,11.72,0,0.00,418828,4879346.2,11.7596,12.51,9.6,-,-,0.514579759862783,-2.8997514498757218,11.72,0,0.51,-2.9,10-Sep-2025,11-Aug-2026,-,-2.8997514498757218,-,0.514579759862783,6.31494804156674,-22.083333333333346,https://nsearchives.nseindia.com/today/AONETOTALEQN.svg,https://nsearchives.nseindia.com/30d/AONETOTAL-EQ.svg,https://nsearchives.nseindia.com/365d/AONETOTAL-EQ.svg,EQ
SHARIABEES,Shariah,438.57,440.76,435.12,436.28,-2.29,-0.52,11009,4820841.1,438.7065,534.61,433.68,10-MAR-14,DIVIDEND-RS.2 PER UNIT,-13.510298753048001,-8.228859907446362,438.57,0,-13.06,-7.75,10-Sep-2025,11-Aug-2026,DIVIDEND-RS.2 PER UNIT,-8.228859907446362,10-MAR-14,-13.510298753048001,18.392847122201236,-0.5995203836930377,https://nsearchives.nseindia.com/today/SHARIABEESEQN.svg,https://nsearchives.nseindia.com/30d/SHARIABEES-EQ.svg,https://nsearchives.nseindia.com/365d/SHARIABEES-EQ.svg,EQ
INFRABEES,Nifty Infra,943.84,946.69,934.7,946.69,1.79,0.19,5078,4774995.74,945.3608,1018.3,871.35,-,-,1.7432050469117786,-2.706008098497454,944.9,0,1.55,-2.89,10-Sep-2025,11-Aug-2026,-,-2.706008098497454,-,1.7432050469117786,7.032308749877237,-8.64635335972916,https://nsearchives.nseindia.com/today/INFRABEESEQN.svg,https://nsearchives.nseindia.com/30d/INFRABEES-EQ.svg,https://nsearchives.nseindia.com/365d/INFRABEES-EQ.svg,EQ
HDFCNIFBAN,Nifty Bank,57.83,58.41,57.4,58.41,0.38,0.65,78212,4518307.24,58.2153,65.54,51.2,02-FEB-24,FACE VALUE SPLIT (SUB-DIVISION) - FROM RS 223.31/- PER SHARE TO RS 22.331/- PER SHARE,4.229122055674513,-1.3344594594594699,58.03,0,3.55,-1.98,10-Sep-2025,11-Aug-2026,FACE VALUE SPLIT (SUB-DIVISION) - FROM RS 223.31/- PER SHARE TO RS 22.331/- PER SHARE,-1.3344594594594699,02-FEB-24,4.229122055674513,10.878852609093697,-14.082031249999986,https://nsearchives.nseindia.com/today/HDFCNIFBANEQN.svg,https://nsearchives.nseindia.com/30d/HDFCNIFBAN-EQ.svg,https://nsearchives.nseindia.com/365d/HDFCNIFBAN-EQ.svg,EQ
HEALTHY,Nifty Healthcare TRI,17,17.25,16.81,17,0,0.00,265871,4511830.87,17.0025,17.67,13.58,-,-,13.408939292861906,-0.5847953216374352,17,0,13.41,-0.58,10-Sep-2025,11-Aug-2026,-,-0.5847953216374352,-,13.408939292861906,3.7917374080362287,-25.184094256259204,https://nsearchives.nseindia.com/today/HEALTHYEQN.svg,https://nsearchives.nseindia.com/30d/HEALTHY-EQ.svg,https://nsearchives.nseindia.com/365d/HEALTHY-EQ.svg,EQ
SILVER360,Commodity-Silver,225,225,221.33,223.75,-6.58,-2.86,19580,4360857.6,229.3531,358,122.15,-,-,81.35029988652943,-1.799429449199032,230.33,0,86.68,1.09,10-Sep-2025,11-Aug-2026,-,-1.799429449199032,-,81.35029988652943,37.5,-83.17642243143675,https://nsearchives.nseindia.com/today/SILVER360EQN.svg,https://nsearchives.nseindia.com/30d/SILVER360-EQ.svg,https://nsearchives.nseindia.com/365d/SILVER360-EQ.svg,EQ
MULTICAP,Nifty500 Multicap 50:25:25 Index,16.86,16.86,16.37,16.51,-0.02,-0.12,258604,4259207.88,16.576,17.5,14.2,-,-,2.1026592455163873,-2.7106658809663955,16.53,0,2.23,-2.59,10-Sep-2025,11-Aug-2026,-,-2.7106658809663955,-,2.1026592455163873,5.657142857142849,-16.267605633802834,https://nsearchives.nseindia.com/today/MULTICAPEQN.svg,https://nsearchives.nseindia.com/30d/MULTICAP-EQ.svg,https://nsearchives.nseindia.com/365d/MULTICAP-EQ.svg,EQ
MIDSELIETF,S&P BSE Midcap Select Index,19.56,19.88,19.41,19.88,0.23,1.17,212799,4183628.34,19.74,20.39,14.55,10-MAY-24,FACE VALUE SPLIT (SUB-DIVISION) - FROM RS 10/- PER SHARE TO RE 1/- PER SHARE,12.95454545454544,0.20161290322580216,19.65,0,11.65,-0.96,10-Sep-2025,11-Aug-2026,FACE VALUE SPLIT (SUB-DIVISION) - FROM RS 10/- PER SHARE TO RE 1/- PER SHARE,0.20161290322580216,10-MAY-24,12.95454545454544,2.5012260912211945,-36.632302405498265,https://nsearchives.nseindia.com/today/MIDSELIETFEQN.svg,https://nsearchives.nseindia.com/30d/MIDSELIETF-EQ.svg,https://nsearchives.nseindia.com/365d/MIDSELIETF-EQ.svg,EQ
HDFCMOMENT,HDFC NIFTY200 Momentum 30 ETF,31.61,31.61,30.65,31,-0.12,-0.39,135504,4176233.28,31.202,33.23,27.13,20-OCT-23,FACE VALUE SPLIT (SUB-DIVISION) - FROM RS 190.61/- PER SHARE TO RS 19.061/- PER SHARE,0.6820396232543061,-1.084875558391831,31.12,0,1.07,-0.7,10-Sep-2025,11-Aug-2026,FACE VALUE SPLIT (SUB-DIVISION) - FROM RS 190.61/- PER SHARE TO RS 19.061/- PER SHARE,-1.084875558391831,20-OCT-23,0.6820396232543061,6.710803490821538,-14.264651677110216,https://nsearchives.nseindia.com/today/HDFCMOMENTEQN.svg,https://nsearchives.nseindia.com/30d/HDFCMOMENT-EQ.svg,https://nsearchives.nseindia.com/365d/HDFCMOMENT-EQ.svg,EQ
LIQUIDSBI,SBI NIFTY 1D Rate ETF,999.99,1000.01,999.99,999.99,-0.01,-0.00,4014,4013959.86,1000,1010.02,970.23,-,-,-0.0009999999999990906,-0.0009999999999990906,1000,0,0,0,10-Sep-2025,11-Aug-2026,-,-0.0009999999999990906,-,-0.0009999999999990906,0.9930496425813323,-3.067313935870875,https://nsearchives.nseindia.com/today/LIQUIDSBIEQN.svg,https://nsearchives.nseindia.com/30d/LIQUIDSBI-EQ.svg,https://nsearchives.nseindia.com/365d/LIQUIDSBI-EQ.svg,EQ
HEALTHADD,DSP Nifty Healthcare ETF,16.58,16.82,16.55,16.7,0.04,0.24,240178,4008570.82,16.6832,17.47,13.54,03-JUL-26,FACE VALUE SPLIT (SUB-DIVISION) - FROM RS 10/- PER UNIT TO RE 1/- PER UNIT,-88.64949364507578,-0.8902077151335437,16.66,0,-88.68,-1.13,10-Sep-2025,11-Aug-2026,FACE VALUE SPLIT (SUB-DIVISION) - FROM RS 10/- PER UNIT TO RE 1/- PER UNIT,-0.8902077151335437,03-JUL-26,-88.64949364507578,4.407555809959929,-23.338257016248154,https://nsearchives.nseindia.com/today/HEALTHADDEQN.svg,https://nsearchives.nseindia.com/30d/HEALTHADD-EQ.svg,https://nsearchives.nseindia.com/365d/HEALTHADD-EQ.svg,EQ
ABSLBANETF,Nifty Bank,57.34,58.1,57.23,58.1,0.34,0.59,69129,3989434.59,57.9775,64.94,50.97,25-NOV-21, FACE VALUE SPLIT (SUB-DIVISION) - FROM RS 10/- PER SHARE TO RE 1/- PER SHARE,4.271356783919603,-1.274426508071368,57.76,0,3.66,-1.85,10-Sep-2025,11-Aug-2026, FACE VALUE SPLIT (SUB-DIVISION) - FROM RS 10/- PER SHARE TO RE 1/- PER SHARE,-1.274426508071368,25-NOV-21,4.271356783919603,10.532799507237446,-13.988620757308226,https://nsearchives.nseindia.com/today/ABSLBANETFEQN.svg,https://nsearchives.nseindia.com/30d/ABSLBANETF-EQ.svg,https://nsearchives.nseindia.com/365d/ABSLBANETF-EQ.svg,EQ
NV20BEES,Nifty50 Value20 TRI,135.5,136.68,134.6,136.5,0.54,0.40,29250,3972735,136.0912,160,122.02,19-DEC-19, FACE VALUE SPLIT (SUB-DIVISION) - FROM RS 10/- TO RS 1/-,-8.111746886570186,-3.737658674189006,135.96,0,-8.48,-4.12,10-Sep-2025,11-Aug-2026, FACE VALUE SPLIT (SUB-DIVISION) - FROM RS 10/- TO RS 1/-,-3.737658674189006,19-DEC-19,-8.111746886570186,14.6875,-11.866907064415674,https://nsearchives.nseindia.com/today/NV20BEESEQN.svg,https://nsearchives.nseindia.com/30d/NV20BEES-EQ.svg,https://nsearchives.nseindia.com/365d/NV20BEES-EQ.svg,EQ
INTERNET,Equity Index,14.66,15.8,14.44,14.77,0.18,1.23,266026,3894620.64,14.6168,15.8,10.72,-,-,1.512027491408927,3.2867132867132787,14.59,0,0.27,2.03,10-Sep-2025,11-Aug-2026,-,3.2867132867132787,-,1.512027491408927,6.518987341772159,-37.77985074626864,https://nsearchives.nseindia.com/today/INTERNETEQN.svg,https://nsearchives.nseindia.com/30d/INTERNET-EQ.svg,https://nsearchives.nseindia.com/365d/INTERNET-EQ.svg,EQ
HDFCPVTBAN,HDFC NIFTY Private Bank ETF,27.65,28.15,27.5,28.15,0.41,1.48,140346,3891794.58,27.8706,30.17,24.31,02-FEB-24,FACE VALUE SPLIT (SUB-DIVISION) - FROM RS 216.75/- PER SHARE TO RS 21.675/- PER SHARE,4.375231738969224,0.8237822349570089,27.74,0,2.86,-0.64,10-Sep-2025,11-Aug-2026,FACE VALUE SPLIT (SUB-DIVISION) - FROM RS 216.75/- PER SHARE TO RS 21.675/- PER SHARE,0.8237822349570089,02-FEB-24,4.375231738969224,6.695392774279095,-15.795968737145209,https://nsearchives.nseindia.com/today/HDFCPVTBANEQN.svg,https://nsearchives.nseindia.com/30d/HDFCPVTBAN-EQ.svg,https://nsearchives.nseindia.com/365d/HDFCPVTBAN-EQ.svg,EQ
MNC,Kotak Nifty MNC ETF,33.06,33.06,32.4,32.78,-0.12,-0.36,119113,3889039.45,32.8704,35.65,27.83,-,-,6.49772579597141,-6.128293241695305,32.9,0,6.89,-5.78,10-Sep-2025,11-Aug-2026,-,-6.128293241695305,-,6.49772579597141,8.050490883590458,-17.786561264822147,https://nsearchives.nseindia.com/today/MNCEQN.svg,https://nsearchives.nseindia.com/30d/MNC-EQ.svg,https://nsearchives.nseindia.com/365d/MNC-EQ.svg,EQ
GOLDBND,Commodity - Gold,151,152.1,148.55,150.9,-1.61,-1.06,25687,3886443.1,151.7484,180.16,115.17,-,-,Infinity,-0.8932089846315416,152.51,0,0,0.16,,11-Aug-2026,-,-0.8932089846315416,-,Infinity,16.241119005328592,-31.02370408960667,https://nsearchives.nseindia.com/today/GOLDBNDEQN.svg,https://nsearchives.nseindia.com/30d/GOLDBND-EQ.svg,,EQ
LTGILTCASE,Nifty 8-13 Yr G-Sec Index,30.5,30.5,30.35,30.38,-0.02,-0.07,124569,3783160.53,30.4084,31.31,28.71,-,-,3.4741144414168925,-0.6540222367560474,30.4,0,3.54,-0.59,10-Sep-2025,11-Aug-2026,-,-0.6540222367560474,-,3.4741144414168925,2.9702970297029694,-5.816788575409259,https://nsearchives.nseindia.com/today/LTGILTCASEEQN.svg,https://nsearchives.nseindia.com/30d/LTGILTCASE-EQ.svg,https://nsearchives.nseindia.com/365d/LTGILTCASE-EQ.svg,EQ
BBETF0432,Nifty BHARAT Bond Index - April 2032,1347.92,1353.59,1344.23,1348,1.52,0.11,2657,3588012.8,1348.2457,1378,1282.02,-,-,5.145745419373964,-0.38280199234396484,1346.48,0,5.03,-0.5,10-Sep-2025,11-Aug-2026,-,-0.38280199234396484,-,5.145745419373964,2.1770682148040637,-5.146565576200061,https://nsearchives.nseindia.com/today/BBETF0432EQN.svg,https://nsearchives.nseindia.com/30d/BBETF0432-EQ.svg,https://nsearchives.nseindia.com/365d/BBETF0432-EQ.svg,EQ
SBIMIDMOM,Nifty Midcap 150 Momentum 50 Index,63.35,63.82,62.68,63.82,0.29,0.46,55215,3499526.7,63.5621,67.74,53.86,-,-,Infinity,-0.5919003115264837,63.53,0,0,-1.04,,11-Aug-2026,-,-0.5919003115264837,-,Infinity,5.786832004723936,-18.492387671741554,https://nsearchives.nseindia.com/today/SBIMIDMOMEQN.svg,https://nsearchives.nseindia.com/30d/SBIMIDMOM-EQ.svg,,EQ
SENSEXBETA,SENSEX,836.84,836.84,824.05,836,-4.98,-0.59,4181,3456767.18,830.783,952.91,785,26-FEB-21, INTERIM DIVIDEND - RS 13.56 PER UNIT,Infinity,-3.524361252798482,840.98,0,0,-2.95,,11-Aug-2026, INTERIM DIVIDEND - RS 13.56 PER UNIT,-3.524361252798482,26-FEB-21,Infinity,12.268734717864223,-6.496815286624204,https://nsearchives.nseindia.com/today/SENSEXBETAEQN.svg,https://nsearchives.nseindia.com/30d/SENSEXBETA-EQ.svg,,EQ
SBIBPB,BSE PSU Bank Index TRI,48.55,48.81,48.02,48.31,-0.39,-0.80,69244,3354871.8,48.8002,58.27,39.34,-,-,18.493990679421138,-3.166967328121865,48.7,0,19.45,-2.39,10-Sep-2025,11-Aug-2026,-,-3.166967328121865,-,18.493990679421138,17.092843658829587,-22.80122013218098,https://nsearchives.nseindia.com/today/SBIBPBEQN.svg,https://nsearchives.nseindia.com/30d/SBIBPB-EQ.svg,https://nsearchives.nseindia.com/365d/SBIBPB-EQ.svg,EQ
ALPL30IETF,Nifty Alpha Low-Volatility 30 Index,27.37,27.37,27.07,27.35,-0.02,-0.07,122468,3331129.6,27.4007,29.17,24.35,10-MAY-24,FACE VALUE SPLIT (SUB-DIVISION) - FROM RS 10/- PER SHARE TO RE 1/- PER SHARE,-0.581606688476918,-3.731080605420622,27.37,0,-0.51,-3.66,10-Sep-2025,11-Aug-2026,FACE VALUE SPLIT (SUB-DIVISION) - FROM RS 10/- PER SHARE TO RE 1/- PER SHARE,-3.731080605420622,10-MAY-24,-0.581606688476918,6.239286938635585,-12.320328542094455,https://nsearchives.nseindia.com/today/ALPL30IETFEQN.svg,https://nsearchives.nseindia.com/30d/ALPL30IETF-EQ.svg,https://nsearchives.nseindia.com/365d/ALPL30IETF-EQ.svg,EQ
VAL30IETF,Nifty200 Value 30 Index,15.01,15.1,14.86,15.03,-0.03,-0.20,223102,3328681.84,15.064,17.7,12.93,-,-,15.704387990762118,-2.7184466019417473,15.06,0,15.94,-2.52,10-Sep-2025,11-Aug-2026,-,-2.7184466019417473,-,15.704387990762118,15.084745762711865,-16.241299303944313,https://nsearchives.nseindia.com/today/VAL30IETFEQN.svg,https://nsearchives.nseindia.com/30d/VAL30IETF-EQ.svg,https://nsearchives.nseindia.com/365d/VAL30IETF-EQ.svg,EQ
SILVERBND,Commodity - Silver,228,228.88,222.69,227.85,-6,-2.57,14276,3240366.48,233.6292,389,180,-,-,Infinity,-2.7030489367153523,233.85,0,0,-0.14,,11-Aug-2026,-,-2.7030489367153523,-,Infinity,41.426735218508995,-26.58333333333333,https://nsearchives.nseindia.com/today/SILVERBNDEQN.svg,https://nsearchives.nseindia.com/30d/SILVERBND-EQ.svg,,EQ
NIFTY100EW,Nifty 100 Equal Weight Index,34.28,35.59,34.22,34.58,-0.02,-0.06,91355,3138957.8,34.617,41.41,29.84,-,-,4.062594041528744,-3.8108484005563406,34.6,0,4.12,-3.76,10-Sep-2025,11-Aug-2026,-,-3.8108484005563406,-,4.062594041528744,16.49360057957015,-15.884718498659511,https://nsearchives.nseindia.com/today/NIFTY100EWEQN.svg,https://nsearchives.nseindia.com/30d/NIFTY100EW-EQ.svg,https://nsearchives.nseindia.com/365d/NIFTY100EW-EQ.svg,EQ
MOMOMENTUM,Nifty 200 Momentum 30 Total Return Index,62.8,62.88,61.31,61.9,-0.39,-0.63,49442,3050571.4,62.5778,66.28,54.32,11-AUG-22,FACE VALUE SPLIT (SUB-DIVISION) - FROM RS 10/- PER UNIT TO RS 2/- PER UNIT,-0.24174053182916774,-1.9328263624841555,62.29,0,0.39,-1.31,10-Sep-2025,11-Aug-2026,FACE VALUE SPLIT (SUB-DIVISION) - FROM RS 10/- PER UNIT TO RS 2/- PER UNIT,-1.9328263624841555,11-AUG-22,-0.24174053182916774,6.608328304164155,-13.954344624447714,https://nsearchives.nseindia.com/today/MOMOMENTUMEQN.svg,https://nsearchives.nseindia.com/30d/MOMOMENTUM-EQ.svg,https://nsearchives.nseindia.com/365d/MOMOMENTUM-EQ.svg,EQ
CONSUMER,Nifty India New AgeConsumption,11.64,12.1,11.64,11.85,-0.03,-0.25,248772,2937997.32,11.8997,12.74,9.69,-,-,-3.422982885085574,-3.1862745098039262,11.88,0,-3.18,-2.94,10-Sep-2025,11-Aug-2026,-,-3.1862745098039262,-,-3.422982885085574,6.9858712715855615,-22.291021671826627,https://nsearchives.nseindia.com/today/CONSUMEREQN.svg,https://nsearchives.nseindia.com/30d/CONSUMER-EQ.svg,https://nsearchives.nseindia.com/365d/CONSUMER-EQ.svg,EQ
TNIDETF,Nifty India Digital Index,88.88,89.74,87.43,87.55,-1.05,-1.19,32712,2897628.96,89.0304,103.26,74.5,-,-,-6.980450488737788,-4.02324051743039,88.6,0,-5.86,-2.87,10-Sep-2025,11-Aug-2026,-,-4.02324051743039,-,-6.980450488737788,15.214022854929313,-17.51677852348993,https://nsearchives.nseindia.com/today/TNIDETFEQN.svg,https://nsearchives.nseindia.com/30d/TNIDETF-EQ.svg,https://nsearchives.nseindia.com/365d/TNIDETF-EQ.svg,EQ
SBISMLETF,Nifty Smallcap 250 Index,18.55,18.55,18.14,18.47,0.01,0.05,155495,2845558.5,18.4573,18.97,16.53,-,-,Infinity,0.2714440825189856,18.46,0,0,0.22,,11-Aug-2026,-,0.2714440825189856,-,Infinity,2.635740643120717,-11.736237144585587,https://nsearchives.nseindia.com/today/SBISMLETFEQN.svg,https://nsearchives.nseindia.com/30d/SBISMLETF-EQ.svg,,EQ
SENSEXETF,Mirae Asset S&P BSE Sensex ETF,77,77.47,76.53,77.47,0.28,0.36,32749,2522327.98,77.3743,88.7,73.33,-,-,-6.987633569456125,-4.002478314745978,77.19,0,-7.32,-4.35,10-Sep-2025,11-Aug-2026,-,-4.002478314745978,-,-6.987633569456125,12.660653889515224,-5.645711168689487,https://nsearchives.nseindia.com/today/SENSEXETFEQN.svg,https://nsearchives.nseindia.com/30d/SENSEXETF-EQ.svg,https://nsearchives.nseindia.com/365d/SENSEXETF-EQ.svg,EQ
HDFCPSUBK,HDFC NIFTY PSU BANK ETF,84.01,84.96,83.84,84.11,-0.59,-0.70,29654,2496273.72,85.0241,101.25,69.6,-,-,18.950643473341827,-3.4217476174072843,84.7,0,19.79,-2.74,10-Sep-2025,11-Aug-2026,-,-3.4217476174072843,-,18.950643473341827,16.928395061728395,-20.847701149425294,https://nsearchives.nseindia.com/today/HDFCPSUBKEQN.svg,https://nsearchives.nseindia.com/30d/HDFCPSUBK-EQ.svg,https://nsearchives.nseindia.com/365d/HDFCPSUBK-EQ.svg,EQ
SELECTIPO,BSE Select IPO Index,48.51,48.51,47.79,48.42,-0.06,-0.12,51448,2478764.64,48.4832,52.07,37.8,-,-,-2.7710843373493885,-0.12376237623761381,48.48,0,-2.65,0,10-Sep-2025,11-Aug-2026,-,-0.12376237623761381,-,-2.7710843373493885,7.009794507393891,-28.09523809523811,https://nsearchives.nseindia.com/today/SELECTIPOEQN.svg,https://nsearchives.nseindia.com/30d/SELECTIPO-EQ.svg,https://nsearchives.nseindia.com/365d/SELECTIPO-EQ.svg,EQ
SBIETFIT,Nifty IT Index,318,323.96,318,323.32,2.97,0.93,7677,2469230.28,320.5507,439.27,285,-,-,-17.922420796100734,-7.988275135888896,320.35,0,-18.68,-8.83,10-Sep-2025,11-Aug-2026,-,-7.988275135888896,-,-17.922420796100734,26.396066200742137,-13.445614035087717,https://nsearchives.nseindia.com/today/SBIETFITEQN.svg,https://nsearchives.nseindia.com/30d/SBIETFIT-EQ.svg,https://nsearchives.nseindia.com/365d/SBIETFIT-EQ.svg,EQ
BSE500IETF,S&P BSE 500 index,38.84,38.86,38.38,38.85,0.01,0.03,63405,2452505.4,38.8519,42.05,34.5,28-OCT-21, FACE VALUE SPLIT (SUB-DIVISION) - FROM RS 10/- PER SHARE TO RE 1/- PER SHARE,-0.12853470437017264,-2.9720279720279663,38.84,0,-0.15,-3,10-Sep-2025,11-Aug-2026, FACE VALUE SPLIT (SUB-DIVISION) - FROM RS 10/- PER SHARE TO RE 1/- PER SHARE,-2.9720279720279663,28-OCT-21,-0.12853470437017264,7.609988109393568,-12.608695652173916,https://nsearchives.nseindia.com/today/BSE500IETFEQN.svg,https://nsearchives.nseindia.com/30d/BSE500IETF-EQ.svg,https://nsearchives.nseindia.com/365d/BSE500IETF-EQ.svg,EQ
DIVOPPBEES,Nifty Dividend Opportunities 50 TRI,75.02,75.41,74.4,75.2,-0.11,-0.15,32493,2432425.98,75.2053,87.09,72.13,-,-,-3.2673012606122875,-5.4801407742584205,75.31,0,-3.13,-5.34,10-Sep-2025,11-Aug-2026,-,-5.4801407742584205,-,-3.2673012606122875,13.652543345963945,-4.256204075973947,https://nsearchives.nseindia.com/today/DIVOPPBEESEQN.svg,https://nsearchives.nseindia.com/30d/DIVOPPBEES-EQ.svg,https://nsearchives.nseindia.com/365d/DIVOPPBEES-EQ.svg,EQ
MOMIDMTM,Nifty Midcap 150 Momentum 50 Total Return Index,64.25,64.75,63.39,64.64,0.29,0.45,37777,2410550.37,64.3764,70,54.78,-,-,4.190844616376533,-0.2315172094459109,64.35,0,3.72,-0.68,10-Sep-2025,11-Aug-2026,-,-0.2315172094459109,-,4.190844616376533,7.6571428571428575,-17.99926980649872,https://nsearchives.nseindia.com/today/MOMIDMTMEQN.svg,https://nsearchives.nseindia.com/30d/MOMIDMTM-EQ.svg,https://nsearchives.nseindia.com/365d/MOMIDMTM-EQ.svg,EQ
HEALTHCARE,Nifty 500 Healthcare Index,22.11,22.11,21.51,21.72,0.04,0.18,110839,2397447.57,21.7207,22.43,17.18,-,-,Infinity,-0.5038937242327047,21.68,0,0,-0.69,,11-Aug-2026,-,-0.5038937242327047,-,Infinity,3.165403477485514,-26.42607683352735,https://nsearchives.nseindia.com/today/HEALTHCAREEQN.svg,https://nsearchives.nseindia.com/30d/HEALTHCARE-EQ.svg,,EQ
MOGOLD,Domestic Price of Physical Gold,149.8,150.5,148.1,150.05,-0.7,-0.46,15805,2362215.3,150.2491,175,107.75,-,-,37.40842490842491,-0.0998668442077079,150.75,0,38.05,0.37,10-Sep-2025,11-Aug-2026,-,-0.0998668442077079,-,37.40842490842491,14.257142857142853,-39.257540603248266,https://nsearchives.nseindia.com/today/MOGOLDEQN.svg,https://nsearchives.nseindia.com/30d/MOGOLD-EQ.svg,https://nsearchives.nseindia.com/365d/MOGOLD-EQ.svg,EQ
VALUEAXIS,Nifty500 Value 50 TRI,33.03,33.03,32.26,32.78,0.24,0.74,66956,2168704.84,32.6742,39,26.76,-,-,Infinity,-1.2650602409638605,32.54,0,0,-1.99,,11-Aug-2026,-,-1.2650602409638605,-,Infinity,15.948717948717945,-22.496263079222718,https://nsearchives.nseindia.com/today/VALUEAXISEQN.svg,https://nsearchives.nseindia.com/30d/VALUEAXIS-EQ.svg,,EQ
HYBRIDETF,Nifty200 Momentum 30 Plus 8-13 yr G-Sec 50:50 Total Return Index,10.19,10.19,9.98,10.05,-0.04,-0.40,214733,2147330,10.0742,11.99,9.8,-,-,Infinity,-1.1799410029498447,10.09,0,0,-0.79,,11-Aug-2026,-,-1.1799410029498447,-,Infinity,16.180150125104248,-2.5510204081632653,https://nsearchives.nseindia.com/today/HYBRIDETFEQN.svg,https://nsearchives.nseindia.com/30d/HYBRIDETF-EQ.svg,,EQ
PSUBANKADD,DSP Nifty PSU Bank ETF,84.54,84.59,83.8,84.5,-0.12,-0.14,25438,2145186.54,84.9858,99.88,69.02,-,-,19.569831611716424,-3.1851512373968847,84.62,0,19.74,-3.05,10-Sep-2025,11-Aug-2026,-,-3.1851512373968847,-,19.569831611716424,15.398478173808567,-22.42828165749059,https://nsearchives.nseindia.com/today/PSUBANKADDEQN.svg,https://nsearchives.nseindia.com/30d/PSUBANKADD-EQ.svg,https://nsearchives.nseindia.com/365d/PSUBANKADD-EQ.svg,EQ
NETF,Tata Nifty 50 Exchange Traded Fund,263.11,263.11,253.54,254.48,-2.22,-0.86,8327,2116223.78,255.8218,292.9,240.66,-,-,-5.44697926729583,-4.517484616539093,256.7,0,-4.62,-3.68,10-Sep-2025,11-Aug-2026,-,-4.517484616539093,-,-5.44697926729583,13.117104813929664,-5.742541344635582,https://nsearchives.nseindia.com/today/NETFEQN.svg,https://nsearchives.nseindia.com/30d/NETF-EQ.svg,https://nsearchives.nseindia.com/365d/NETF-EQ.svg,EQ
INSUREIETF,BSE Insurance Index,14.75,14.83,14.6,14.83,0.06,0.41,143136,2106961.92,14.7839,16.46,14.6,-,-,Infinity,-4.137039431157081,14.77,0,0,-4.52,,11-Aug-2026,-,-4.137039431157081,-,Infinity,9.902794653705959,-1.5753424657534276,https://nsearchives.nseindia.com/today/INSUREIETFEQN.svg,https://nsearchives.nseindia.com/30d/INSUREIETF-EQ.svg,,EQ
AONENIFTY,Nifty 50 Index,9.92,9.92,9.59,9.74,0.06,0.62,209232,2014904.16,9.7065,12,9,-,-,-4.603330068560241,-3.5643564356435586,9.68,0,-5.19,-4.16,10-Sep-2025,11-Aug-2026,-,-3.5643564356435586,-,-4.603330068560241,18.833333333333332,-8.222222222222225,https://nsearchives.nseindia.com/today/AONENIFTYEQN.svg,https://nsearchives.nseindia.com/30d/AONENIFTY-EQ.svg,https://nsearchives.nseindia.com/365d/AONENIFTY-EQ.svg,EQ
ELM250,Nifty LargeMidcap 250 TRI,16.22,16.65,16.18,16.41,0.11,0.67,123028,2000435.28,16.3741,18.5,14.43,-,-,0.9846153846153854,-3.7536656891495634,16.3,0,0.31,-4.4,10-Sep-2025,11-Aug-2026,-,-3.7536656891495634,-,0.9846153846153854,11.297297297297296,-13.721413721413725,https://nsearchives.nseindia.com/today/ELM250EQN.svg,https://nsearchives.nseindia.com/30d/ELM250-EQ.svg,https://nsearchives.nseindia.com/365d/ELM250-EQ.svg,EQ
CEMNTGROWW,Nifty Cements Index TRI,14.44,14.53,14.02,14.43,0.09,0.63,141005,1990990.6,14.2913,16.27,14.02,-,-,Infinity,-5.500982318271119,14.34,0,0,-6.09,,11-Aug-2026,-,-5.500982318271119,-,Infinity,11.309157959434543,-2.9243937232524977,https://nsearchives.nseindia.com/today/CEMNTGROWWEQN.svg,https://nsearchives.nseindia.com/30d/CEMNTGROWW-EQ.svg,,EQ
LICNMID100,LIC MF Nifty Midcap 100 ETF,62.5,62.81,61.53,62.81,0.27,0.43,31829,1971488.26,62.8035,66.4,52.3,-,-,7.995185694635499,-2.650340979541218,62.54,0,7.53,-3.07,10-Sep-2025,11-Aug-2026,-,-2.650340979541218,-,7.995185694635499,5.406626506024101,-20.095602294455077,https://nsearchives.nseindia.com/today/LICNMID100EQN.svg,https://nsearchives.nseindia.com/30d/LICNMID100-EQ.svg,https://nsearchives.nseindia.com/365d/LICNMID100-EQ.svg,EQ
MOHEALTH,Motilal Oswal S&P BSE Healthcare ETF,52.08,52.28,51.33,52.18,0.35,0.68,37848,1964311.2,52.1052,53.76,40.79,-,-,15.391419725785054,-0.24851844771554685,51.83,0,14.62,-0.92,10-Sep-2025,11-Aug-2026,-,-0.24851844771554685,-,15.391419725785054,2.9389880952380922,-27.923510664378526,https://nsearchives.nseindia.com/today/MOHEALTHEQN.svg,https://nsearchives.nseindia.com/30d/MOHEALTH-EQ.svg,https://nsearchives.nseindia.com/365d/MOHEALTH-EQ.svg,EQ
NIF100IETF,Nifty 100,27.3,27.6,27.21,27.41,-0.08,-0.29,71066,1944365.76,27.5268,30.88,23,10-MAY-24,FACE VALUE SPLIT (SUB-DIVISION) - FROM RS 10/- PER SHARE TO RE 1/- PER SHARE,-3.6893886156008455,-4.394837809557034,27.49,0,-3.41,-4.12,10-Sep-2025,11-Aug-2026,FACE VALUE SPLIT (SUB-DIVISION) - FROM RS 10/- PER SHARE TO RE 1/- PER SHARE,-4.394837809557034,10-MAY-24,-3.6893886156008455,11.237046632124349,-19.17391304347826,https://nsearchives.nseindia.com/today/NIF100IETFEQN.svg,https://nsearchives.nseindia.com/30d/NIF100IETF-EQ.svg,https://nsearchives.nseindia.com/365d/NIF100IETF-EQ.svg,EQ
MOMENTUM,Aditya Birla Sun Life Nifty 200 Momentum 30 ETF,31.8,31.98,30.76,31.79,0.46,1.47,61704,1912206.96,31.3045,33,27.05,-,-,2.74725274725274,1.0168414362885296,31.33,0,1.26,-0.44,10-Sep-2025,11-Aug-2026,-,1.0168414362885296,-,2.74725274725274,3.666666666666669,-17.523105360443616,https://nsearchives.nseindia.com/today/MOMENTUMEQN.svg,https://nsearchives.nseindia.com/30d/MOMENTUM-EQ.svg,https://nsearchives.nseindia.com/365d/MOMENTUM-EQ.svg,EQ
EBBETF0433,BHARAT Bond ETF-April 2033,1309.17,1311.97,1307,1308.5,-0.67,-0.05,1418,1856346.34,1310.156,1350.32,1243.25,-,-,4.7453611053297236,-0.9530009310493546,1309.17,0,4.8,-0.9,10-Sep-2025,11-Aug-2026,-,-0.9530009310493546,-,4.7453611053297236,3.0970436637241496,-5.248341041624774,https://nsearchives.nseindia.com/today/EBBETF0433EQN.svg,https://nsearchives.nseindia.com/30d/EBBETF0433-EQ.svg,https://nsearchives.nseindia.com/365d/EBBETF0433-EQ.svg,EQ
NIFTYJBLK,INDEX,12.3,12.61,11.89,12.13,0.13,1.08,137929,1656527.29,12.0395,13.05,9.94,-,-,Infinity,Infinity,12,0,0,0,,,-,Infinity,-,Infinity,7.049808429118774,-22.032193158953735,https://nsearchives.nseindia.com/today/NIFTYJBLKEQN.svg,,,EQ
GROWWMOM50,Nifty 500 Momentum 50 Index- Total Return Index,11.23,11.23,10.89,11.07,-0.02,-0.18,148850,1631396,11.0748,11.55,9.12,-,-,6.340057636887609,0.6363636363636389,11.09,0,6.53,0.82,10-Sep-2025,11-Aug-2026,-,0.6363636363636389,-,6.340057636887609,4.155844155844159,-21.381578947368435,https://nsearchives.nseindia.com/today/GROWWMOM50EQN.svg,https://nsearchives.nseindia.com/30d/GROWWMOM50-EQ.svg,https://nsearchives.nseindia.com/365d/GROWWMOM50-EQ.svg,EQ
FMCGADD,Nifty FMCG Index (TRI),45.4,45.6,45.01,45.6,0.2,0.44,35532,1615640.04,45.3881,51.09,45.01,-,-,Infinity,-7.166123778501621,45.4,0,0,-7.57,,11-Aug-2026,-,-7.166123778501621,-,Infinity,10.745742806811514,-1.3108198178182702,https://nsearchives.nseindia.com/today/FMCGADDEQN.svg,https://nsearchives.nseindia.com/30d/FMCGADD-EQ.svg,,EQ
HDFCNIMEG,Nifty Metal Index TRI,130.21,130.7,129.03,130.69,-2.35,-1.77,12438,1612213.56,132.9978,152.55,126.96,-,-,Infinity,-0.30513387748875254,133.04,0,0,1.49,,11-Aug-2026,-,-0.30513387748875254,-,Infinity,14.32972795804655,-2.937933207309392,https://nsearchives.nseindia.com/today/HDFCNIMEGEQN.svg,https://nsearchives.nseindia.com/30d/HDFCNIMEG-EQ.svg,,EQ
TWCGOLDETF,Commodity,151.8,152.92,147,150.66,-1.39,-0.91,10595,1588084.55,151.1558,187.98,123.31,-,-,Infinity,-0.6134969325153419,152.05,0,0,0.3,,11-Aug-2026,-,-0.6134969325153419,-,Infinity,19.853175869773377,-22.179871867650633,https://nsearchives.nseindia.com/today/TWCGOLDETFEQN.svg,https://nsearchives.nseindia.com/30d/TWCGOLDETF-EQ.svg,,EQ
HDFCNIFIT,HDFC NIFTY IT ETF,30.84,31.15,30.84,31.09,0.24,0.78,50580,1568991.6,30.8906,42.3,27.32,02-FEB-24,FACE VALUE SPLIT (SUB-DIVISION) - FROM RS 299.92/- PER SHARE TO RS 29.992/- PER SHARE,-17.9033535780301,-8.09932013006207,30.85,0,-18.54,-8.81,10-Sep-2025,11-Aug-2026,FACE VALUE SPLIT (SUB-DIVISION) - FROM RS 299.92/- PER SHARE TO RS 29.992/- PER SHARE,-8.09932013006207,02-FEB-24,-17.9033535780301,26.501182033096924,-13.799414348462662,https://nsearchives.nseindia.com/today/HDFCNIFITEQN.svg,https://nsearchives.nseindia.com/30d/HDFCNIFIT-EQ.svg,https://nsearchives.nseindia.com/365d/HDFCNIFIT-EQ.svg,EQ
MOMENTUM30,Nifty 200 Momentum 30 Index,30.55,30.81,30.37,30.55,-0.35,-1.13,51053,1559158.62,30.912,37.38,26.91,-,-,Infinity,-1.800064288010282,30.9,0,0,-0.68,,11-Aug-2026,-,-1.800064288010282,-,Infinity,18.27180310326378,-13.52657004830918,https://nsearchives.nseindia.com/today/MOMENTUM30EQN.svg,https://nsearchives.nseindia.com/30d/MOMENTUM30-EQ.svg,,EQ
QUAL30IETF,ICICI Prudential Nifty 200 Quality 30 ETF,20.56,20.6,20.4,20.6,0.04,0.19,75719,1549967.93,20.6233,23,18,10-MAY-24,FACE VALUE SPLIT (SUB-DIVISION) - FROM RS 10/- PER SHARE TO RE 1/- PER SHARE,-4.893813481071093,-5.243790248390051,20.56,0,-5.08,-5.43,10-Sep-2025,11-Aug-2026,FACE VALUE SPLIT (SUB-DIVISION) - FROM RS 10/- PER SHARE TO RE 1/- PER SHARE,-5.243790248390051,10-MAY-24,-4.893813481071093,10.434782608695645,-14.44444444444445,https://nsearchives.nseindia.com/today/QUAL30IETFEQN.svg,https://nsearchives.nseindia.com/30d/QUAL30IETF-EQ.svg,https://nsearchives.nseindia.com/365d/QUAL30IETF-EQ.svg,EQ
INFRA,Nifty India Infrastructure & Logistics,11.88,11.93,11.8,11.9,-0.06,-0.50,127871,1512713.93,11.9686,13.27,10.14,-,-,Infinity,-2.3789991796554486,11.96,0,0,-1.89,,11-Aug-2026,-,-2.3789991796554486,-,Infinity,10.324039186134131,-17.357001972386584,https://nsearchives.nseindia.com/today/INFRAEQN.svg,https://nsearchives.nseindia.com/30d/INFRA-EQ.svg,,EQ
ENIFTY,Nifty 50 TRI,24.2,24.2,23.34,23.62,0.01,0.04,62822,1488253.18,23.6792,27.99,22.28,-,-,Infinity,-3.9837398373983754,23.61,0,0,-4.02,,11-Aug-2026,-,-3.9837398373983754,-,Infinity,15.612718828152904,-6.014362657091562,https://nsearchives.nseindia.com/today/ENIFTYEQN.svg,https://nsearchives.nseindia.com/30d/ENIFTY-EQ.svg,,EQ
PVTBANKADD,DSP Nifty Private Bank ETF,27.44,28.06,27.41,27.77,0.01,0.04,53839,1488109.96,27.7716,31.88,24.02,-,-,3.5421327367636066,-0.3230437903804733,27.76,0,3.5,-0.36,10-Sep-2025,11-Aug-2026,-,-0.3230437903804733,-,3.5421327367636066,12.892095357590964,-15.611990008326394,https://nsearchives.nseindia.com/today/PVTBANKADDEQN.svg,https://nsearchives.nseindia.com/30d/PVTBANKADD-EQ.svg,https://nsearchives.nseindia.com/365d/PVTBANKADD-EQ.svg,EQ
ABSLNN50ET,Nifty Next 50,78,78.61,75.22,76.67,0.06,0.08,18690,1423617.3,76.4515,80.33,63.02,25-NOV-21, FACE VALUE SPLIT (SUB-DIVISION) - FROM RS 10/- PER SHARE TO RE 1/- PER SHARE,8.27566727863296,-2.2066326530612295,76.61,0,8.19,-2.28,10-Sep-2025,11-Aug-2026, FACE VALUE SPLIT (SUB-DIVISION) - FROM RS 10/- PER SHARE TO RE 1/- PER SHARE,-2.2066326530612295,25-NOV-21,8.27566727863296,4.5562056516867875,-21.659790542684856,https://nsearchives.nseindia.com/today/ABSLNN50ETEQN.svg,https://nsearchives.nseindia.com/30d/ABSLNN50ET-EQ.svg,https://nsearchives.nseindia.com/365d/ABSLNN50ET-EQ.svg,EQ
NV20,Nifty50 Value 20,13.73,13.73,13.26,13.56,-0.01,-0.07,102904,1390233.04,13.5978,16.87,12.62,27-FEB-26,FACE VALUE SPLIT (SUB-DIVISION) - FROM RS 10/- PER SHARE TO RE 1/- PER SHARE,-90.8452605995139,-4.708362614195361,13.57,0,-90.84,-4.64,10-Sep-2025,11-Aug-2026,FACE VALUE SPLIT (SUB-DIVISION) - FROM RS 10/- PER SHARE TO RE 1/- PER SHARE,-4.708362614195361,27-FEB-26,-90.8452605995139,19.62062833432128,-7.448494453248822,https://nsearchives.nseindia.com/today/NV20EQN.svg,https://nsearchives.nseindia.com/30d/NV20-EQ.svg,https://nsearchives.nseindia.com/365d/NV20-EQ.svg,EQ
EQUAL200,BSE 200 Equal Weight,13.52,13.61,13.48,13.6,-0.04,-0.29,99106,1345859.48,11.559,14.6,11.75,-,-,4.374520337682274,-3.340440653873494,13.64,0,4.68,-3.06,10-Sep-2025,11-Aug-2026,-,-3.340440653873494,-,4.374520337682274,6.8493150684931505,-15.744680851063828,https://nsearchives.nseindia.com/today/EQUAL200EQN.svg,https://nsearchives.nseindia.com/30d/EQUAL200-EQ.svg,https://nsearchives.nseindia.com/365d/EQUAL200-EQ.svg,EQ
ABSLPSE,Aditya Birla Sun Life Nifty PSE ETF,10.1,10.14,10,10.13,-0.01,-0.10,127603,1288790.3,10.1759,11.6,9.21,-,-,4.004106776180704,-0.9775171065493611,10.14,0,4.11,-0.88,10-Sep-2025,11-Aug-2026,-,-0.9775171065493611,-,4.004106776180704,12.67241379310344,-9.989142236699239,https://nsearchives.nseindia.com/today/ABSLPSEEQN.svg,https://nsearchives.nseindia.com/30d/ABSLPSE-EQ.svg,https://nsearchives.nseindia.com/365d/ABSLPSE-EQ.svg,EQ
ESG,NIFTY100 ESG SECTOR LEADERS,39.99,40.34,39.95,40.32,0.14,0.35,31838,1278614.08,40.358,45.06,37.52,-,-,-6.145251396648046,-4.522851053753248,40.18,0,-6.47,-4.85,10-Sep-2025,11-Aug-2026,-,-4.522851053753248,-,-6.145251396648046,10.519307589880164,-7.462686567164171,https://nsearchives.nseindia.com/today/ESGEQN.svg,https://nsearchives.nseindia.com/30d/ESG-EQ.svg,https://nsearchives.nseindia.com/365d/ESG-EQ.svg,EQ
CONSUMIETF,Nifty India Consumption Index,119.1,119.29,118.19,118.55,-0.78,-0.65,10411,1234015.83,119.5101,141.27,94.65,-,-,-7.6137780548628395,-5.852922490470143,119.33,0,-7.01,-5.23,10-Sep-2025,11-Aug-2026,-,-5.852922490470143,-,-7.6137780548628395,16.082678558788146,-25.250924458531422,https://nsearchives.nseindia.com/today/CONSUMIETFEQN.svg,https://nsearchives.nseindia.com/30d/CONSUMIETF-EQ.svg,https://nsearchives.nseindia.com/365d/CONSUMIETF-EQ.svg,EQ
MID150,Nifty Midcap 150 Index,23.25,23.59,22.97,23.25,0.11,0.48,52420,1212474.6,,24.95,18.97,-,-,7.093505297098107,-2.638190954773865,23.14,0,6.59,-3.1,10-Sep-2025,11-Aug-2026,-,-2.638190954773865,-,7.093505297098107,6.813627254509016,-22.561939905113345,https://nsearchives.nseindia.com/today/MID150EQN.svg,https://nsearchives.nseindia.com/30d/MID150-EQ.svg,https://nsearchives.nseindia.com/365d/MID150-EQ.svg,EQ
MOMETAL,Nifty Metal Index,13.3,13.3,12.87,13.08,-0.2,-1.51,93214,1204324.88,13.3057,14.49,12.85,-,-,Infinity,-0.8339651250947645,13.28,0,0,0.68,,11-Aug-2026,-,-0.8339651250947645,-,Infinity,9.730848861283643,-1.7898832684824937,https://nsearchives.nseindia.com/today/MOMETALEQN.svg,https://nsearchives.nseindia.com/30d/MOMETAL-EQ.svg,,EQ
HDFCVALUE,HDFC NIFTY50 Value 20 ETF,122.61,122.83,121.45,122.83,0.46,0.38,9138,1114836,122.4244,147.05,120,-,-,-8.349500074615737,-3.95652513879115,122.37,0,-8.69,-4.32,10-Sep-2025,11-Aug-2026,-,-3.95652513879115,-,-8.349500074615737,16.470588235294127,-2.358333333333332,https://nsearchives.nseindia.com/today/HDFCVALUEEQN.svg,https://nsearchives.nseindia.com/30d/HDFCVALUE-EQ.svg,https://nsearchives.nseindia.com/365d/HDFCVALUE-EQ.svg,EQ
GROWWSC250,Nifty Smallcap 250 Index - TRI,10.66,10.68,10.5,10.65,-0.01,-0.09,103950,1099791,10.6454,10.97,8,-,-,Infinity,0.09398496240601303,10.66,0,0,0.19,,11-Aug-2026,-,0.09398496240601303,-,Infinity,2.9170464904284437,-33.12500000000001,https://nsearchives.nseindia.com/today/GROWWSC250EQN.svg,https://nsearchives.nseindia.com/30d/GROWWSC250-EQ.svg,,EQ
GOLD360,Commodity-Gold,149.15,149.15,146.4,147.7,-1.45,-0.97,7364,1085600.88,148.3266,178,87.85,-,-,37.33147373314737,-0.7392473118279722,149.15,0,38.68,0.24,10-Sep-2025,11-Aug-2026,-,-0.7392473118279722,-,37.33147373314737,17.022471910112365,-68.12749003984064,https://nsearchives.nseindia.com/today/GOLD360EQN.svg,https://nsearchives.nseindia.com/30d/GOLD360-EQ.svg,https://nsearchives.nseindia.com/365d/GOLD360-EQ.svg,EQ
BBNPPGOLD,Baroda BNP Paribas Gold ETF,147.6,147.6,145.6,146.25,-1.55,-1.05,7331,1075897.56,147.0844,184.05,105.15,-,-,37.45300751879699,-0.23874488403819533,147.8,0,38.91,0.82,10-Sep-2025,11-Aug-2026,-,-0.23874488403819533,-,37.45300751879699,20.53789731051345,-39.087018544935795,https://nsearchives.nseindia.com/today/BBNPPGOLDEQN.svg,https://nsearchives.nseindia.com/30d/BBNPPGOLD-EQ.svg,https://nsearchives.nseindia.com/365d/BBNPPGOLD-EQ.svg,EQ
SMALLGROWW,Nifty Smallcap 250 Momentum Quality 100 Index TRI,49.05,49.56,48.57,49.56,0.4,0.81,21602,1060010.14,49.5465,50.84,39.41,-,-,Infinity,1.8286418738442582,49.16,0,0,1.01,,11-Aug-2026,-,1.8286418738442582,-,Infinity,2.5177025963808046,-25.754884547069288,https://nsearchives.nseindia.com/today/SMALLGROWWEQN.svg,https://nsearchives.nseindia.com/30d/SMALLGROWW-EQ.svg,,EQ
SBINEQWETF,Nifty50 Equal Weight,32.98,32.98,32.31,32.55,-0.15,-0.46,32422,1054363.44,32.7022,36.4,29.64,-,-,0.8052028491793063,-4.6293583357749934,32.7,0,1.27,-4.19,10-Sep-2025,11-Aug-2026,-,-4.6293583357749934,-,0.8052028491793063,10.57692307692308,-9.817813765182175,https://nsearchives.nseindia.com/today/SBINEQWETFEQN.svg,https://nsearchives.nseindia.com/30d/SBINEQWETF-EQ.svg,https://nsearchives.nseindia.com/365d/SBINEQWETF-EQ.svg,EQ
GROWWNXT50,Index,72.45,72.99,71.57,72.85,-0.21,-0.29,14536,1048045.6,72.8954,76.79,60.01,-,-,7.7822163041869965,-2.8018679119413052,73.06,0,8.09,-2.52,10-Sep-2025,11-Aug-2026,-,-2.8018679119413052,-,7.7822163041869965,5.130876416200041,-21.396433927678714,https://nsearchives.nseindia.com/today/GROWWNXT50EQN.svg,https://nsearchives.nseindia.com/30d/GROWWNXT50-EQ.svg,https://nsearchives.nseindia.com/365d/GROWWNXT50-EQ.svg,EQ
TOP15IETF,Nifty Top 15 Equal Weight Index,9.51,9.62,9.48,9.59,0.03,0.31,103972,990853.16,9.5533,11.36,9.15,-,-,-7.788461538461544,-4.955401387512389,9.56,0,-8.08,-5.25,10-Sep-2025,11-Aug-2026,-,-4.955401387512389,-,-7.788461538461544,15.580985915492953,-4.808743169398902,https://nsearchives.nseindia.com/today/TOP15IETFEQN.svg,https://nsearchives.nseindia.com/30d/TOP15IETF-EQ.svg,https://nsearchives.nseindia.com/365d/TOP15IETF-EQ.svg,EQ
MOTOUR,Nifty India Tourism Total Return Index,76.5,77.32,75.53,76.36,-0.22,-0.29,12352,942334.08,76.7614,95.33,64,-,-,-17.43079584775087,-5.024875621890555,76.58,0,-17.19,-4.75,10-Sep-2025,11-Aug-2026,-,-5.024875621890555,-,-17.43079584775087,19.899297178223016,-19.3125,https://nsearchives.nseindia.com/today/MOTOUREQN.svg,https://nsearchives.nseindia.com/30d/MOTOUR-EQ.svg,https://nsearchives.nseindia.com/365d/MOTOUR-EQ.svg,EQ
TECH,Nifty IT TRI Index,31.7,32.5,31.5,31.93,0.23,0.73,27370,869818.6,31.653,49.41,28,-,-,-16.978679147165888,-8.29982768523837,31.7,0,-17.58,-8.96,10-Sep-2025,11-Aug-2026,-,-8.29982768523837,-,-16.978679147165888,35.377453956688925,-14.035714285714286,https://nsearchives.nseindia.com/today/TECHEQN.svg,https://nsearchives.nseindia.com/30d/TECH-EQ.svg,https://nsearchives.nseindia.com/365d/TECH-EQ.svg,EQ
MOM50,Nifty 50,244.44,246.88,244.01,246.88,1.38,0.56,3523,862254.25,246.0929,279.33,221.55,16-OCT-14,FACE VALUE SPLIT FROM RS.10/- TO RS.7/-,-4.686896764728587,-3.5398921622255224,245.5,0,-5.22,-4.08,10-Sep-2025,11-Aug-2026,FACE VALUE SPLIT FROM RS.10/- TO RS.7/-,-3.5398921622255224,16-OCT-14,-4.686896764728587,11.617083736082767,-11.433085082374173,https://nsearchives.nseindia.com/today/MOM50EQN.svg,https://nsearchives.nseindia.com/30d/MOM50-EQ.svg,https://nsearchives.nseindia.com/365d/MOM50-EQ.svg,EQ
EMETAL,Nifty Metal Total Return Index,13.49,13.49,12.87,13.06,-0.43,-3.19,66044,856590.68,13.2949,15.21,12.41,-,-,Infinity,-0.38138825324179204,13.49,0,0,2.9,,11-Aug-2026,-,-0.38138825324179204,-,Infinity,14.13543721236029,-5.237711522965353,https://nsearchives.nseindia.com/today/EMETALEQN.svg,https://nsearchives.nseindia.com/30d/EMETAL-EQ.svg,,EQ
NIFTYBETF,Bajaj Finserv Nifty 50 ETF,240.47,241.7,239.59,241.36,0,0.00,3514,845433.26,241.8732,279.99,227.01,-,-,-5.25241422626992,-4.035624826050645,241.36,0,-5.25,-4.04,10-Sep-2025,11-Aug-2026,-,-4.035624826050645,-,-5.25241422626992,13.79692131861852,-6.321307431390698,https://nsearchives.nseindia.com/today/NIFTYBETFEQN.svg,https://nsearchives.nseindia.com/30d/NIFTYBETF-EQ.svg,https://nsearchives.nseindia.com/365d/NIFTYBETF-EQ.svg,EQ
GROWWN200,Nifty 200 Index- Total Return Index,11.24,11.26,10.97,11.16,0.02,0.18,75308,833659.56,11.1403,12.14,9.91,-,-,-0.623330365093502,-3.4602076124567502,11.14,0,-0.8,-3.63,10-Sep-2025,11-Aug-2026,-,-3.4602076124567502,-,-0.623330365093502,8.072487644151568,-12.613521695257315,https://nsearchives.nseindia.com/today/GROWWN200EQN.svg,https://nsearchives.nseindia.com/30d/GROWWN200-EQ.svg,https://nsearchives.nseindia.com/365d/GROWWN200-EQ.svg,EQ
ECAPINSURE,BSE Capital Markets & Insurance Total Return Index,23.25,23.39,23.02,23.35,0.07,0.30,35535,822990.6,23.432,25.88,20.5,-,-,1.6986062717770058,-1.310228233305151,23.28,0,1.39,-1.61,10-Sep-2025,11-Aug-2026,-,-1.310228233305151,-,1.6986062717770058,9.775888717156096,-13.90243902439025,https://nsearchives.nseindia.com/today/ECAPINSUREEQN.svg,https://nsearchives.nseindia.com/30d/ECAPINSURE-EQ.svg,https://nsearchives.nseindia.com/365d/ECAPINSURE-EQ.svg,EQ
SMALLIETF,Nifty Smallcap 250 Index,18.3,18.6,18.24,18.28,-0.19,-1.03,44709,820410.15,18.4693,19.49,17.43,-,-,Infinity,-0.7061379684953776,18.47,0,0,0.33,,11-Aug-2026,-,-0.7061379684953776,-,Infinity,6.208311954848627,-4.876649454962716,https://nsearchives.nseindia.com/today/SMALLIETFEQN.svg,https://nsearchives.nseindia.com/30d/SMALLIETF-EQ.svg,,EQ
HDFCNIF100,HDFC NIFTY 100 ETF,25.5,25.5,25.25,25.47,0,0.00,32301,819476.37,25.5082,29,23.31,20-OCT-23,FACE VALUE SPLIT (SUB-DIVISION) - FROM RS 177.27/- PER SHARE TO RS 17.727/- PER SHARE,-3.04529881994671,-4.031650339110778,25.47,0,-3.05,-4.03,10-Sep-2025,11-Aug-2026,FACE VALUE SPLIT (SUB-DIVISION) - FROM RS 177.27/- PER SHARE TO RS 17.727/- PER SHARE,-4.031650339110778,20-OCT-23,-3.04529881994671,12.172413793103452,-9.266409266409267,https://nsearchives.nseindia.com/today/HDFCNIF100EQN.svg,https://nsearchives.nseindia.com/30d/HDFCNIF100-EQ.svg,https://nsearchives.nseindia.com/365d/HDFCNIF100-EQ.svg,EQ
NEXT50ETF,Nifty Next 50 Index,72.95,74.98,71.86,73.08,-0.13,-0.18,11202,811920.96,73.119,78,60.15,-,-,Infinity,-2.8449880350970496,73.21,0,0,-2.67,,11-Aug-2026,-,-2.8449880350970496,-,Infinity,6.30769230769231,-21.49625935162095,https://nsearchives.nseindia.com/today/NEXT50ETFEQN.svg,https://nsearchives.nseindia.com/30d/NEXT50ETF-EQ.svg,,EQ
GSEC10IETF,ICICI Prudential Nifty 10 yr Benchmark G-Sec ETF,264.95,265.26,262.33,262.33,0,0.00,3063,806916.72,263.4216,269.59,252.23,-,-,1.8203695078403967,-1.8446456633989399,262.33,0,1.82,-1.84,10-Sep-2025,11-Aug-2026,-,-1.8446456633989399,-,1.8203695078403967,2.6929782261953306,-4.00428180628791,https://nsearchives.nseindia.com/today/GSEC10IETFEQN.svg,https://nsearchives.nseindia.com/30d/GSEC10IETF-EQ.svg,https://nsearchives.nseindia.com/365d/GSEC10IETF-EQ.svg,EQ
SBIETFPB,Nifty Private Bank Index,278.51,282.15,275.3,282.15,3.63,1.30,2857,791960.4,279.3983,304.58,244.18,-,-,4.291417165668646,0.6959314775160559,278.52,0,2.95,-0.6,10-Sep-2025,11-Aug-2026,-,0.6959314775160559,-,4.291417165668646,7.364239280320445,-15.550004095339492,https://nsearchives.nseindia.com/today/SBIETFPBEQN.svg,https://nsearchives.nseindia.com/30d/SBIETFPB-EQ.svg,https://nsearchives.nseindia.com/365d/SBIETFPB-EQ.svg,EQ
FLEXIADD,Nifty500 Flexicap Quality 30 TRI,9.79,9.83,9.68,9.83,0.04,0.41,77407,753170.11,9.7855,11.9,8.73,-,-,Infinity,-5.11583011583011,9.79,0,0,-5.5,,11-Aug-2026,-,-5.11583011583011,-,Infinity,17.39495798319328,-12.600229095074452,https://nsearchives.nseindia.com/today/FLEXIADDEQN.svg,https://nsearchives.nseindia.com/30d/FLEXIADD-EQ.svg,,EQ
MANUFGBEES,Nifty India Manufacturing TRI,161.5,166.38,159.05,161.46,-0.75,-0.46,4576,733670.08,161.9678,171.58,138.6,-,-,8.508064516129028,-3.230446508840268,162.21,0,9.01,-2.78,10-Sep-2025,11-Aug-2026,-,-3.230446508840268,-,8.508064516129028,5.898123324396785,-16.493506493506505,https://nsearchives.nseindia.com/today/MANUFGBEESEQN.svg,https://nsearchives.nseindia.com/30d/MANUFGBEES-EQ.svg,https://nsearchives.nseindia.com/365d/MANUFGBEES-EQ.svg,EQ
HDFCGROWTH,HDFC NIFTY Growth Sectors 15 ETF,115.06,115.98,115.01,115.98,0.49,0.42,5891,680528.32,115.832,133.3,107.86,-,-,-7.519336576030614,-6.753497346840321,115.49,0,-7.91,-7.15,10-Sep-2025,11-Aug-2026,-,-6.753497346840321,-,-7.519336576030614,12.993248312078023,-7.528277396625259,https://nsearchives.nseindia.com/today/HDFCGROWTHEQN.svg,https://nsearchives.nseindia.com/30d/HDFCGROWTH-EQ.svg,https://nsearchives.nseindia.com/365d/HDFCGROWTH-EQ.svg,EQ
LICNETFN50,Nifty 50,256.84,263.8,256.84,263.8,0.37,0.14,2585,673495.9,263.6616,295,248.17,-,-,-5.206798663264943,-4.246823956442827,263.43,0,-5.34,-4.38,10-Sep-2025,11-Aug-2026,-,-4.246823956442827,-,-5.206798663264943,10.576271186440675,-6.29810210742637,https://nsearchives.nseindia.com/today/LICNETFN50EQN.svg,https://nsearchives.nseindia.com/30d/LICNETFN50-EQ.svg,https://nsearchives.nseindia.com/365d/LICNETFN50-EQ.svg,EQ
VALUE,Nifty 500 Value 50,16.03,16.03,15.82,15.93,-0.11,-0.69,41013,652516.83,16.0487,19.69,14.83,-,-,Infinity,-2.5688073394495516,16.04,0,0,-1.9,,11-Aug-2026,-,-2.5688073394495516,-,Infinity,19.095987811071616,-7.417397167902897,https://nsearchives.nseindia.com/today/VALUEEQN.svg,https://nsearchives.nseindia.com/30d/VALUE-EQ.svg,,EQ
MIDQ50ADD,Nifty Midcap 150 Quality 50 Index,24.88,24.88,24.1,24.33,-0.06,-0.25,26379,639163.17,24.4374,26.01,21,03-JUL-26,FACE VALUE SPLIT (SUB-DIVISION) - FROM RS 10/- PER UNIT TO RE 1/- PER UNIT,-90.31834460803822,-5.2570093457943985,24.39,0,-90.29,-5.02,10-Sep-2025,11-Aug-2026,FACE VALUE SPLIT (SUB-DIVISION) - FROM RS 10/- PER UNIT TO RE 1/- PER UNIT,-5.2570093457943985,03-JUL-26,-90.31834460803822,6.459054209919275,-15.857142857142849,https://nsearchives.nseindia.com/today/MIDQ50ADDEQN.svg,https://nsearchives.nseindia.com/30d/MIDQ50ADD-EQ.svg,https://nsearchives.nseindia.com/365d/MIDQ50ADD-EQ.svg,EQ
CHOICEGOLD,Gold,148.7,151.08,148.7,150.02,-1.82,-1.20,4250,638435,150.8469,175.49,115.79,-,-,Infinity,-0.23939353637450805,151.84,0,0,0.97,,11-Aug-2026,-,-0.23939353637450805,-,Infinity,14.513647501282124,-29.562138353916577,https://nsearchives.nseindia.com/today/CHOICEGOLDEQN.svg,https://nsearchives.nseindia.com/30d/CHOICEGOLD-EQ.svg,,EQ
LICNETFGSC,Nifty 8-13 Yr Gsec,29.12,29.56,29.12,29.27,-0.1,-0.34,21752,636898.56,29.3859,30.53,27.59,-,-,3.4275618374558263,-1.014541765302674,29.37,0,3.78,-0.68,10-Sep-2025,11-Aug-2026,-,-1.014541765302674,-,3.4275618374558263,4.127088110055688,-6.089162740123232,https://nsearchives.nseindia.com/today/LICNETFGSCEQN.svg,https://nsearchives.nseindia.com/30d/LICNETFGSC-EQ.svg,https://nsearchives.nseindia.com/365d/LICNETFGSC-EQ.svg,EQ
BANKPSU,Nifty PSU Bank Total Return Index,84,84.44,83.72,84.33,0.03,0.04,7528,633104.8,84.764,99.52,69.46,-,-,19.786931818181806,-3.158015617822692,84.3,0,19.74,-3.19,10-Sep-2025,11-Aug-2026,-,-3.158015617822692,-,19.786931818181806,15.263263665594854,-21.40800460696805,https://nsearchives.nseindia.com/today/BANKPSUEQN.svg,https://nsearchives.nseindia.com/30d/BANKPSU-EQ.svg,https://nsearchives.nseindia.com/365d/BANKPSU-EQ.svg,EQ
BANK10BETF,Bajaj Finserv BSE Top 10 Banks ETF,20.28,20.46,20.13,20.44,0.16,0.79,31320,631724.4,20.394,24.9,20.13,-,-,Infinity,-2.341137123745812,20.28,0,0,-3.11,,11-Aug-2026,-,-2.341137123745812,-,Infinity,17.91164658634537,-1.5399900645802398,https://nsearchives.nseindia.com/today/BANK10BETFEQN.svg,https://nsearchives.nseindia.com/30d/BANK10BETF-EQ.svg,,EQ
ITAXIS,NIFTY IT Index,317.73,320.98,317.73,320.98,3.29,1.04,1947,621696.57,318.5386,439.67,230.7,-,-,Infinity,-8.160228898426318,317.69,0,0,-9.1,,11-Aug-2026,-,-8.160228898426318,-,Infinity,26.995246434826118,-39.133073255309945,https://nsearchives.nseindia.com/today/ITAXISEQN.svg,https://nsearchives.nseindia.com/30d/ITAXIS-EQ.svg,,EQ
BANK10ADD,BSE Top 10 Banks Index (TRI),16.34,16.73,16.34,16.71,0.27,1.64,36319,600353.07,16.5713,18.99,12.08,-,-,Infinity,-1.7058823529411715,16.44,0,0,-3.29,,11-Aug-2026,-,-1.7058823529411715,-,Infinity,12.006319115323844,-38.32781456953643,https://nsearchives.nseindia.com/today/BANK10ADDEQN.svg,https://nsearchives.nseindia.com/30d/BANK10ADD-EQ.svg,,EQ
IDFNIFTYET,Nifty 50,256.62,258.66,256.62,258.6,-0.55,-0.21,2321,597819.97,259.6905,340.8,244.32,-,-,-5.737406138368431,-4.445183460813647,259.15,0,-5.54,-4.24,10-Sep-2025,11-Aug-2026,-,-4.445183460813647,-,-5.737406138368431,24.11971830985915,-5.844793713163077,https://nsearchives.nseindia.com/today/IDFNIFTYETEQN.svg,https://nsearchives.nseindia.com/30d/IDFNIFTYET-EQ.svg,https://nsearchives.nseindia.com/365d/IDFNIFTYET-EQ.svg,EQ
EMULTIMQ,Nifty500 Multicap Momentum Quality 50 Total Return Index,42.1,42.1,41.32,41.85,-0.25,-0.59,14210,591562.3,42.1107,43.54,36.25,-,-,-0.07163323782235229,-0.23837902264601052,42.1,0,0.53,0.36,10-Sep-2025,11-Aug-2026,-,-0.23837902264601052,-,-0.07163323782235229,3.881488286632976,-15.448275862068968,https://nsearchives.nseindia.com/today/EMULTIMQEQN.svg,https://nsearchives.nseindia.com/30d/EMULTIMQ-EQ.svg,https://nsearchives.nseindia.com/365d/EMULTIMQ-EQ.svg,EQ
TOP20,Nifty Top 20 Equal Weight,8.65,8.67,8.59,8.65,0,0.00,62958,543327.54,8.6724,9.99,8,-,-,Infinity,-5.153508771929813,8.65,0,0,-5.15,,11-Aug-2026,-,-5.153508771929813,-,Infinity,13.413413413413414,-8.125000000000004,https://nsearchives.nseindia.com/today/TOP20EQN.svg,https://nsearchives.nseindia.com/30d/TOP20-EQ.svg,,EQ
QNIFTY,Nifty 50,257,259,255.8,258.4,0.18,0.07,2099,541248.14,258.7107,291.19,243.2,13-FEB-26,FACE VALUE SPLIT (SUB-DIVISION) - FROM RS 10/- PER UNIT TO RE 1/- PER UNIT,-90.5200055764673,-4.189840563589177,258.22,0,-90.53,-4.26,10-Sep-2025,11-Aug-2026,FACE VALUE SPLIT (SUB-DIVISION) - FROM RS 10/- PER UNIT TO RE 1/- PER UNIT,-4.189840563589177,13-FEB-26,-90.5200055764673,11.260688897283567,-6.249999999999996,https://nsearchives.nseindia.com/today/QNIFTYEQN.svg,https://nsearchives.nseindia.com/30d/QNIFTY-EQ.svg,https://nsearchives.nseindia.com/365d/QNIFTY-EQ.svg,EQ
UNIONGOLD,Commodity Gold,149,149,146.8,148.35,-1,-0.67,3579,529548.84,148.7047,177,106.8,-,-,37.74373259052924,-0.2018163471241247,149.35,0,38.67,0.47,10-Sep-2025,11-Aug-2026,-,-0.2018163471241247,-,37.74373259052924,16.186440677966104,-38.90449438202247,https://nsearchives.nseindia.com/today/UNIONGOLDEQN.svg,https://nsearchives.nseindia.com/30d/UNIONGOLD-EQ.svg,https://nsearchives.nseindia.com/365d/UNIONGOLD-EQ.svg,EQ
HEALTHAXIS,Nifty Healthcare Index,168.13,168.85,167.02,168.53,0.4,0.24,3098,520959.68,168.1515,190,135.2,-,-,Infinity,-0.6543268097146813,168.13,0,0,-0.89,,11-Aug-2026,-,-0.6543268097146813,-,Infinity,11.3,-24.65236686390534,https://nsearchives.nseindia.com/today/HEALTHAXISEQN.svg,https://nsearchives.nseindia.com/30d/HEALTHAXIS-EQ.svg,,EQ
SNXT30BEES,BSE Sensex Next 30 Index,41.97,42.28,41.93,42.17,-0.3,-0.71,12162,512749.92,42.4929,44.56,36.83,-,-,8.072783188108659,-3.765403925148331,42.47,0,8.84,-3.08,10-Sep-2025,11-Aug-2026,-,-3.765403925148331,-,8.072783188108659,5.363554757630163,-14.499049687754558,https://nsearchives.nseindia.com/today/SNXT30BEESEQN.svg,https://nsearchives.nseindia.com/30d/SNXT30BEES-EQ.svg,https://nsearchives.nseindia.com/365d/SNXT30BEES-EQ.svg,EQ
SENSEXAXIS,AXIS S&P BSE SENSEX ETF,77.45,77.94,76.93,77.21,-0.01,-0.01,6532,503551.88,77.8077,91.35,73.52,-,-,Infinity,-5.182365221662794,77.22,0,0,-5.17,,11-Aug-2026,-,-5.182365221662794,-,Infinity,15.478927203065135,-5.019042437431988,https://nsearchives.nseindia.com/today/SENSEXAXISEQN.svg,https://nsearchives.nseindia.com/30d/SENSEXAXIS-EQ.svg,,EQ
NEXT50ADD,Nifty Next 50 TRI,72.55,72.91,71.96,72.91,-1.64,-2.20,6726,487298.7,72.9507,81,56.25,-,-,Infinity,-2.7737031604213875,74.55,0,0,-0.59,,11-Aug-2026,-,-2.7737031604213875,-,Infinity,9.987654320987659,-29.61777777777777,https://nsearchives.nseindia.com/today/NEXT50ADDEQN.svg,https://nsearchives.nseindia.com/30d/NEXT50ADD-EQ.svg,,EQ
MONEXT50,Nifty Next 50 Total Return Index,71.56,72.46,71.18,72.46,-0.21,-0.29,6729,483007.62,72.4974,75.89,59.43,-,-,7.443653618030837,-3.154236835070836,72.67,0,7.76,-2.87,10-Sep-2025,11-Aug-2026,-,-3.154236835070836,-,7.443653618030837,4.519699565160109,-21.924953727073856,https://nsearchives.nseindia.com/today/MONEXT50EQN.svg,https://nsearchives.nseindia.com/30d/MONEXT50-EQ.svg,https://nsearchives.nseindia.com/365d/MONEXT50-EQ.svg,EQ
BNKETFAXIS,Nifty Bank,575.86,585.25,575.67,585,3.32,0.57,778,451294.46,583.062,647.82,512.51,-,-,Infinity,-1.3806706114398513,581.68,0,0,-1.94,,11-Aug-2026,-,-1.3806706114398513,-,Infinity,9.697138093914985,-14.14411426118515,https://nsearchives.nseindia.com/today/BNKETFAXISEQN.svg,https://nsearchives.nseindia.com/30d/BNKETFAXIS-EQ.svg,,EQ
MOMGF,Nifty India Manufacturing Total Return Index,158.98,160.28,157.9,160,-1.04,-0.65,2350,373861.5,160.8524,182.16,137.9,-,-,8.108108108108109,-3.9500540280946166,161.04,0,8.81,-3.33,10-Sep-2025,11-Aug-2026,-,-3.9500540280946166,-,8.108108108108109,12.165129556433902,-16.026105873821606,https://nsearchives.nseindia.com/today/MOMGFEQN.svg,https://nsearchives.nseindia.com/30d/MOMGF-EQ.svg,https://nsearchives.nseindia.com/365d/MOMGF-EQ.svg,EQ
GROWWPSUBK,Nifty PSU Bank Index - TRI,84.35,84.38,83.11,84.03,-0.42,-0.50,4371,366333.51,84.2686,91.19,77.57,-,-,Infinity,-2.5739130434782593,84.45,0,0,-2.09,,11-Aug-2026,-,-2.5739130434782593,-,Infinity,7.851738129180828,-8.327961840917892,https://nsearchives.nseindia.com/today/GROWWPSUBKEQN.svg,https://nsearchives.nseindia.com/30d/GROWWPSUBK-EQ.svg,,EQ
GROWWPSE,Nifty PSE Index - TRI,99.41,99.41,96,98.19,-0.19,-0.19,3727,365767.78,98.3113,109.85,93.2,-,-,Infinity,-0.7981410385936616,98.38,0,0,-0.61,,11-Aug-2026,-,-0.7981410385936616,-,Infinity,10.614474283113333,-5.354077253218878,https://nsearchives.nseindia.com/today/GROWWPSEEQN.svg,https://nsearchives.nseindia.com/30d/GROWWPSE-EQ.svg,,EQ
SETF10GILT,Nifty 10 yr Benchmark G-Sec Index,265,265,262.57,263.98,-0.5,-0.19,1367,362077.29,263.8961,272.31,250.95,-,-,2.492623078117726,-0.9270031900919387,264.48,0,2.69,-0.74,10-Sep-2025,11-Aug-2026,-,-0.9270031900919387,-,2.492623078117726,3.0590136241783203,-5.192269376369807,https://nsearchives.nseindia.com/today/SETF10GILTEQN.svg,https://nsearchives.nseindia.com/30d/SETF10GILT-EQ.svg,https://nsearchives.nseindia.com/365d/SETF10GILT-EQ.svg,EQ
MOALPHA50,Nifty Alpha 50 Total Return Index,56.05,56.26,55.55,56.23,-0.2,-0.35,6468,361043.76,56.3763,62,42.1,-,-,10.298156139662613,0.41071428571428015,56.43,0,10.69,0.77,10-Sep-2025,11-Aug-2026,-,0.41071428571428015,-,10.298156139662613,9.306451612903231,-33.56294536817101,https://nsearchives.nseindia.com/today/MOALPHA50EQN.svg,https://nsearchives.nseindia.com/30d/MOALPHA50-EQ.svg,https://nsearchives.nseindia.com/365d/MOALPHA50-EQ.svg,EQ
MIDCAPBETA,UTI Nifty Midcap 150 Exchange Traded Fund (ETF),230.11,230.62,227.98,230.43,-2,-0.86,1517,348257.69,231.6466,240,192.5,-,-,Infinity,-2.780356088093833,232.43,0,0,-1.94,,11-Aug-2026,-,-2.780356088093833,-,Infinity,3.987499999999997,-19.70389610389611,https://nsearchives.nseindia.com/today/MIDCAPBETAEQN.svg,https://nsearchives.nseindia.com/30d/MIDCAPBETA-EQ.svg,,EQ
SBIVALETF,Nifty200 Value 30 Index,14.62,14.62,14.42,14.58,-0.04,-0.27,24030,347954.4,14.6224,17.7,14.42,-,-,Infinity,-3.6351619299405202,14.62,0,0,-3.37,,11-Aug-2026,-,-3.6351619299405202,-,Infinity,17.627118644067796,-1.1095700416088776,https://nsearchives.nseindia.com/today/SBIVALETFEQN.svg,https://nsearchives.nseindia.com/30d/SBIVALETF-EQ.svg,,EQ
CONS,Kotak Nifty India Consumption ETF,11.8,11.9,11.74,11.9,0.02,0.17,28718,338872.4,11.8702,13.12,10.2,27-FEB-26,FACE VALUE SPLIT (SUB-DIVISION) - FROM RS 10/- PER SHARE TO RE 1/- PER SHARE,-90.63876651982379,-5.179282868525898,11.88,0,-90.65,-5.34,10-Sep-2025,11-Aug-2026,FACE VALUE SPLIT (SUB-DIVISION) - FROM RS 10/- PER SHARE TO RE 1/- PER SHARE,-5.179282868525898,27-FEB-26,-90.63876651982379,9.29878048780487,-16.66666666666668,https://nsearchives.nseindia.com/today/CONSEQN.svg,https://nsearchives.nseindia.com/30d/CONS-EQ.svg,https://nsearchives.nseindia.com/365d/CONS-EQ.svg,EQ
MOQUALITY,Motilal Oswal S&P BSE Quality ETF,193.74,195,193.74,195,-0.85,-0.43,1640,319455.6,195.6288,225.6,176.15,-,-,-0.2608562221881187,-5.865314989138308,195.85,0,0.17,-5.45,10-Sep-2025,11-Aug-2026,-,-5.865314989138308,-,-0.2608562221881187,13.563829787234042,-10.701107011070107,https://nsearchives.nseindia.com/today/MOQUALITYEQN.svg,https://nsearchives.nseindia.com/30d/MOQUALITY-EQ.svg,https://nsearchives.nseindia.com/365d/MOQUALITY-EQ.svg,EQ
PVTBKGROWW,Nifty Private Bank Index - TRI,27.02,27.67,26.77,27.21,-0.12,-0.44,11593,317416.34,27.4297,29.57,25.45,-,-,Infinity,-1.2341197822141556,27.33,0,0,-0.8,,11-Aug-2026,-,-1.2341197822141556,-,Infinity,7.981061887047681,-6.9155206286837005,https://nsearchives.nseindia.com/today/PVTBKGROWWEQN.svg,https://nsearchives.nseindia.com/30d/PVTBKGROWW-EQ.svg,,EQ
SENSEXADD,DSP S&P BSE Sensex ETF,77.42,77.45,76.74,77.35,-0.07,-0.09,4095,315847.35,77.3332,88.2,73.27,-,-,-6.908171861836573,-4.329004329004329,77.42,0,-6.82,-4.24,10-Sep-2025,11-Aug-2026,-,-4.329004329004329,-,-6.908171861836573,12.301587301587311,-5.568445475638049,https://nsearchives.nseindia.com/today/SENSEXADDEQN.svg,https://nsearchives.nseindia.com/30d/SENSEXADD-EQ.svg,https://nsearchives.nseindia.com/365d/SENSEXADD-EQ.svg,EQ
SBINMID150,Nifty Midcap 150 Index,22.9,22.96,22.64,22.94,-0.01,-0.04,13150,299557,22.9675,24.06,19.81,-,-,Infinity,-2.7141645462256023,22.95,0,0,-2.67,,11-Aug-2026,-,-2.7141645462256023,-,Infinity,4.655029093931827,-15.800100959111573,https://nsearchives.nseindia.com/today/SBINMID150EQN.svg,https://nsearchives.nseindia.com/30d/SBINMID150-EQ.svg,,EQ
IVZINNIFTY,Nifty 50,266.53,269.4,266.53,269.4,0.33,0.12,1110,297868.5,269.5523,315,251.1,31-JUL-26,FACE VALUE SPLIT (SUB-DIVISION) - FROM RS 10/- PER SHARE TO RE 1/- PER SHARE,-90.4692834273787,-4.233763463794399,269.07,0,-90.48,-4.35,10-Sep-2025,11-Aug-2026,FACE VALUE SPLIT (SUB-DIVISION) - FROM RS 10/- PER SHARE TO RE 1/- PER SHARE,-4.233763463794399,31-JUL-26,-90.4692834273787,14.476190476190482,-7.2879330943847,https://nsearchives.nseindia.com/today/IVZINNIFTYEQN.svg,https://nsearchives.nseindia.com/30d/IVZINNIFTY-EQ.svg,https://nsearchives.nseindia.com/365d/IVZINNIFTY-EQ.svg,EQ
GROWWLOVOL,Nifty 500 Low Volatility 50 Index   TRI,10.15,10.4,10.02,10.19,-0.01,-0.10,28956,295061.64,10.1932,11.1,9.39,-,-,-2.301054650047941,-4.319248826291088,10.2,0,-2.21,-4.23,10-Sep-2025,11-Aug-2026,-,-4.319248826291088,-,-2.301054650047941,8.1981981981982,-8.519701810436622,https://nsearchives.nseindia.com/today/GROWWLOVOLEQN.svg,https://nsearchives.nseindia.com/30d/GROWWLOVOL-EQ.svg,https://nsearchives.nseindia.com/365d/GROWWLOVOL-EQ.svg,EQ
SBIETFCON,Nifty India Consumption Index,119.47,119.47,117.65,118.66,0.01,0.01,2489,294274.47,119.0445,133.97,100,-,-,-6.867592810611412,-5.570587299060958,118.65,0,-6.88,-5.58,10-Sep-2025,11-Aug-2026,-,-5.570587299060958,-,-6.867592810611412,11.427931626483543,-18.659999999999997,https://nsearchives.nseindia.com/today/SBIETFCONEQN.svg,https://nsearchives.nseindia.com/30d/SBIETFCON-EQ.svg,https://nsearchives.nseindia.com/365d/SBIETFCON-EQ.svg,EQ
AONETMMQ50,Nifty Total Market Momentum Quality 50 TRI,10.58,10.58,10.2,10.39,0.02,0.19,28404,291993.12,10.3687,10.87,8,-,-,Infinity,0.6782945736434136,10.37,0,0,0.48,,11-Aug-2026,-,0.6782945736434136,-,Infinity,4.415823367065305,-29.875000000000007,https://nsearchives.nseindia.com/today/AONETMMQ50EQN.svg,https://nsearchives.nseindia.com/30d/AONETMMQ50-EQ.svg,,EQ
SMALLADD,Nifty Smallcap 250 Index,18.73,18.78,18.3,18.55,0.04,0.22,15741,289634.4,18.544,19.5,14.01,-,-,Infinity,-1.3297872340425532,18.51,0,0,-1.54,,11-Aug-2026,-,-1.3297872340425532,-,Infinity,4.871794871794868,-32.40542469664526,https://nsearchives.nseindia.com/today/SMALLADDEQN.svg,https://nsearchives.nseindia.com/30d/SMALLADD-EQ.svg,,EQ
ENERGYAXIS,Nifty Energy,19.51,19.51,18.97,19.06,-0.12,-0.63,14940,285055.2,19.1575,19.8,18.81,-,-,Infinity,Infinity,19.18,0,0,0,,,-,Infinity,-,Infinity,3.7373737373737472,-1.3290802764486975,https://nsearchives.nseindia.com/today/ENERGYAXISEQN.svg,,,EQ
ITADD,DSP Nifty IT ETF,30.63,30.87,30.59,30.62,0.03,0.10,8717,268309.26,30.6592,41.92,27.17,-,-,Infinity,-8.977407847800237,30.59,0,0,-9.07,,11-Aug-2026,-,-8.977407847800237,-,Infinity,26.956106870229007,-12.697828487302168,https://nsearchives.nseindia.com/today/ITADDEQN.svg,https://nsearchives.nseindia.com/30d/ITADD-EQ.svg,,EQ
LOWVOL,Mirae Asset Nifty 100 Low Volatility 30 ETF,199.57,200.63,199.5,200.1,-0.42,-0.21,1327,265652.13,200.7685,219.1,183.58,-,-,-5.102911884662817,-5.590941259731067,200.52,0,-4.9,-5.39,10-Sep-2025,11-Aug-2026,-,-5.590941259731067,-,-5.102911884662817,8.67183934276586,-8.998801612376065,https://nsearchives.nseindia.com/today/LOWVOLEQN.svg,https://nsearchives.nseindia.com/30d/LOWVOL-EQ.svg,https://nsearchives.nseindia.com/365d/LOWVOL-EQ.svg,EQ
MOIPO,BSE Select IPO Total Return Index,48.09,48.71,47.79,48.71,0.03,0.06,5307,256115.82,48.5093,53,36.5,-,-,Infinity,0.2263374485596696,48.68,0,0,0.16,,11-Aug-2026,-,0.2263374485596696,-,Infinity,8.094339622641508,-33.45205479452055,https://nsearchives.nseindia.com/today/MOIPOEQN.svg,https://nsearchives.nseindia.com/30d/MOIPO-EQ.svg,,EQ
MIDCAPADD,Nifty Midcap 150 Index,22.69,22.98,22.66,22.81,-0.17,-0.74,11142,254371.86,22.9703,25.5,19.27,-,-,Infinity,-3.059923501912462,22.98,0,0,-2.34,,11-Aug-2026,-,-3.059923501912462,-,Infinity,10.549019607843142,-18.370524130773216,https://nsearchives.nseindia.com/today/MIDCAPADDEQN.svg,https://nsearchives.nseindia.com/30d/MIDCAPADD-EQ.svg,,EQ
BANKADD,DSP Nifty Bank ETF,57.57,58.35,57.07,57.9,0.22,0.38,4145,239166.5,57.8947,62.9,51.01,-,-,Infinity,-1.4635806671204892,57.68,0,0,-1.84,,11-Aug-2026,-,-1.4635806671204892,-,Infinity,7.94912559618442,-13.507155459713783,https://nsearchives.nseindia.com/today/BANKADDEQN.svg,https://nsearchives.nseindia.com/30d/BANKADD-EQ.svg,,EQ
ABSL10BANK,BSE Top 10 Banks Index,167,170.8,163.16,170.8,5.8,3.52,1397,230253.54,165.6334,214.42,150,-,-,Infinity,0.7729069561626067,165,0,0,-2.65,,11-Aug-2026,-,0.7729069561626067,-,Infinity,20.343251562354247,-13.866666666666672,https://nsearchives.nseindia.com/today/ABSL10BANKEQN.svg,https://nsearchives.nseindia.com/30d/ABSL10BANK-EQ.svg,,EQ
ITBETA,UTI Nifty IT ETF,302,308,299.48,308,-1.14,-0.37,713,217507.78,304.1196,409.94,270.68,-,-,Infinity,-7.922272047832586,309.14,0,0,-7.58,,11-Aug-2026,-,-7.922272047832586,-,Infinity,24.867053715177832,-13.787498152800351,https://nsearchives.nseindia.com/today/ITBETAEQN.svg,https://nsearchives.nseindia.com/30d/ITBETA-EQ.svg,,EQ
NIFTYQLITY,Aditya Birla Sun Life Nifty 200 Quality 30 ETF,20.9,20.9,20.63,20.83,0.03,0.14,10193,211097.03,20.8302,23.03,18.95,-,-,-4.493351673544248,-5.2320291173794455,20.8,0,-4.63,-5.37,10-Sep-2025,11-Aug-2026,-,-5.2320291173794455,-,-4.493351673544248,9.552757273122026,-9.920844327176775,https://nsearchives.nseindia.com/today/NIFTYQLITYEQN.svg,https://nsearchives.nseindia.com/30d/NIFTYQLITY-EQ.svg,https://nsearchives.nseindia.com/365d/NIFTYQLITY-EQ.svg,EQ
GROWWMC150,Nifty Midcap 150 Index - TRI,225.47,230.14,225.47,228.18,-0.91,-0.40,910,206852.1,229.7802,245,193.6,-,-,Infinity,-3.6361332826555115,229.09,0,0,-3.25,,11-Aug-2026,-,-3.6361332826555115,-,Infinity,6.865306122448977,-17.86157024793389,https://nsearchives.nseindia.com/today/GROWWMC150EQN.svg,https://nsearchives.nseindia.com/30d/GROWWMC150-EQ.svg,,EQ
QUALITY30,Nifty200 Quality 30 Index,20.11,20.18,19.99,20.18,-0.04,-0.20,10110,203109.9,20.219,23.18,18.09,-,-,-4.631379962192819,-5.480093676814996,20.22,0,-4.44,-5.29,10-Sep-2025,11-Aug-2026,-,-5.480093676814996,-,-4.631379962192819,12.942191544434857,-11.553344389165284,https://nsearchives.nseindia.com/today/QUALITY30EQN.svg,https://nsearchives.nseindia.com/30d/QUALITY30-EQ.svg,https://nsearchives.nseindia.com/365d/QUALITY30-EQ.svg,EQ
MOMNC,Nifty MNC ETF Total Return Index,32.61,32.61,31.37,31.8,-0.17,-0.53,6101,193401.7,31.8305,35.8,27.03,-,-,Infinity,-6.194690265486719,31.97,0,0,-5.69,,11-Aug-2026,-,-6.194690265486719,-,Infinity,11.17318435754189,-17.64705882352941,https://nsearchives.nseindia.com/today/MOMNCEQN.svg,https://nsearchives.nseindia.com/30d/MOMNC-EQ.svg,,EQ
MOPSE,Nifty PSE Total Return Index,99.23,99.41,98.53,99.27,-0.41,-0.41,1829,180997.84,99.5115,114.7,93.33,-,-,3.74124777928728,-0.7498500299940012,99.68,0,4.17,-0.34,10-Sep-2025,11-Aug-2026,-,-0.7498500299940012,-,3.74124777928728,13.452484742807329,-6.36451301832208,https://nsearchives.nseindia.com/today/MOPSEEQN.svg,https://nsearchives.nseindia.com/30d/MOPSE-EQ.svg,https://nsearchives.nseindia.com/365d/MOPSE-EQ.svg,EQ
MOLOWVOL,Nifty Midcap 100 TRI,35.58,35.58,35.06,35.29,-0.12,-0.34,4926,173740.02,35.447,43.07,33.52,11-AUG-22,FACE VALUE SPLIT (SUB-DIVISION) - FROM RS 10/- PER UNIT TO RS 2/- PER UNIT,-7.423924449108076,-5.69214323890968,35.41,0,-7.11,-5.37,10-Sep-2025,11-Aug-2026,FACE VALUE SPLIT (SUB-DIVISION) - FROM RS 10/- PER UNIT TO RS 2/- PER UNIT,-5.69214323890968,11-AUG-22,-7.423924449108076,18.063617367076855,-5.280429594272064,https://nsearchives.nseindia.com/today/MOLOWVOLEQN.svg,https://nsearchives.nseindia.com/30d/MOLOWVOL-EQ.svg,https://nsearchives.nseindia.com/365d/MOLOWVOL-EQ.svg,EQ
DIVIDEND,BSE 500 Dividend Leaders,35.17,35.17,34.77,34.91,-0.09,-0.26,4455,155212.2,35.0458,38.03,33.15,-,-,Infinity,-3.643389456251726,35,0,0,-3.39,,11-Aug-2026,-,-3.643389456251726,-,Infinity,8.204049434656861,-5.309200603318245,https://nsearchives.nseindia.com/today/DIVIDENDEQN.svg,https://nsearchives.nseindia.com/30d/DIVIDEND-EQ.svg,,EQ
NEXT30ADD,BSE SENSEX Next 30 Index,42.11,42.5,42.01,42.48,-0.16,-0.38,3594,151810.56,42.612,46.7,36.98,-,-,7.981698017285188,-3.4545454545454617,42.64,0,8.39,-3.09,10-Sep-2025,11-Aug-2026,-,-3.4545454545454617,-,7.981698017285188,9.03640256959316,-14.872904272579774,https://nsearchives.nseindia.com/today/NEXT30ADDEQN.svg,https://nsearchives.nseindia.com/30d/NEXT30ADD-EQ.svg,https://nsearchives.nseindia.com/365d/NEXT30ADD-EQ.svg,EQ
MSCI360,MSCI India Index,9.86,10.09,9.8,9.94,-0.02,-0.20,15049,148383.14,9.9199,12.24,9.6,-,-,Infinity,-3.6821705426356663,9.96,0,0,-3.49,,11-Aug-2026,-,-3.6821705426356663,-,Infinity,18.79084967320262,-3.541666666666665,https://nsearchives.nseindia.com/today/MSCI360EQN.svg,https://nsearchives.nseindia.com/30d/MSCI360-EQ.svg,,EQ
BSLSENETFG,BSE SENSEX Index,75.41,78.08,75.05,78.08,2.55,3.38,1931,146060.84,75.6028,87.82,70.32,25-NOV-21, FACE VALUE SPLIT (SUB-DIVISION) - FROM RS 10/- PER SHARE TO RE 1- PER SHARE,-3.925187646117876,-1.538461538461537,75.53,0,-7.06,-4.75,10-Sep-2025,11-Aug-2026, FACE VALUE SPLIT (SUB-DIVISION) - FROM RS 10/- PER SHARE TO RE 1- PER SHARE,-1.538461538461537,25-NOV-21,-3.925187646117876,11.09086768389888,-11.03526734926053,https://nsearchives.nseindia.com/today/BSLSENETFGEQN.svg,https://nsearchives.nseindia.com/30d/BSLSENETFG-EQ.svg,https://nsearchives.nseindia.com/365d/BSLSENETFG-EQ.svg,EQ
ENEXT50,Nifty Next 50 Total Return Index,71.03,72.73,70.94,72.21,0.11,0.15,1951,138950.22,72.3245,76,68.59,-,-,Infinity,-2.6819407008086373,72.1,0,0,-2.83,,11-Aug-2026,-,-2.6819407008086373,-,Infinity,4.986842105263166,-5.277737279486791,https://nsearchives.nseindia.com/today/ENEXT50EQN.svg,https://nsearchives.nseindia.com/30d/ENEXT50-EQ.svg,,EQ
SBIETFQLTY,Nifty 200 Quality 30 Index,216.53,216.53,214.9,216.1,-0.43,-0.20,640,138150.4,216.8595,247.28,194,-,-,-5.019338959212384,-5.4970044168452326,216.53,0,-4.83,-5.31,10-Sep-2025,11-Aug-2026,-,-5.4970044168452326,-,-5.019338959212384,12.609187965059855,-11.391752577319584,https://nsearchives.nseindia.com/today/SBIETFQLTYEQN.svg,https://nsearchives.nseindia.com/30d/SBIETFQLTY-EQ.svg,https://nsearchives.nseindia.com/365d/SBIETFQLTY-EQ.svg,EQ
EBANKNIFTY,Edelweiss Nifty Bank ETF,57.01,57.25,56.25,56.94,-0.12,-0.21,2370,134402.7,57.0193,69.39,50.05,-,-,3.4144569560479394,-1.8275862068965556,57.06,0,3.63,-1.62,10-Sep-2025,11-Aug-2026,-,-1.8275862068965556,-,3.4144569560479394,17.94206658019888,-13.766233766233768,https://nsearchives.nseindia.com/today/EBANKNIFTYEQN.svg,https://nsearchives.nseindia.com/30d/EBANKNIFTY-EQ.svg,https://nsearchives.nseindia.com/365d/EBANKNIFTY-EQ.svg,EQ
MOOILGAS,Nifty Oil & Gas ETF Total Return Index,11.27,11.4,10.92,11.4,0.36,3.26,11555,129416,11.0465,11.7,10.9,-,-,Infinity,0.08779631255487082,11.04,0,0,-3.07,,11-Aug-2026,-,0.08779631255487082,-,Infinity,2.564102564102555,-4.587155963302752,https://nsearchives.nseindia.com/today/MOOILGASEQN.svg,https://nsearchives.nseindia.com/30d/MOOILGAS-EQ.svg,,EQ
ESENSEX,BSE Sensex TRI,75.19,75.62,74.88,75.25,-0.2,-0.27,1600,120192,75.4697,88.05,71.87,-,-,Infinity,-4.698581560283681,75.45,0,0,-4.45,,11-Aug-2026,-,-4.698581560283681,-,Infinity,14.537194775695625,-4.702935856407396,https://nsearchives.nseindia.com/today/ESENSEXEQN.svg,https://nsearchives.nseindia.com/30d/ESENSEX-EQ.svg,,EQ
MSCIINDIA,MSCI India Index,29.18,29.4,28.94,29.37,0.08,0.27,4111,119794.54,29.321,32.14,26.5,-,-,-1.1111111111111054,-3.13324538258575,29.29,0,-1.38,-3.4,10-Sep-2025,11-Aug-2026,-,-3.13324538258575,-,-1.1111111111111054,8.61854387056627,-10.830188679245287,https://nsearchives.nseindia.com/today/MSCIINDIAEQN.svg,https://nsearchives.nseindia.com/30d/MSCIINDIA-EQ.svg,https://nsearchives.nseindia.com/365d/MSCIINDIA-EQ.svg,EQ
HDFCLOWVOL,HDFC NIFTY100 Low Volatility 30 ETF,19.92,20.05,19.89,20.04,0.06,0.30,5968,119360,20.0577,22.28,18.35,20-OCT-23,FACE VALUE SPLIT (SUB-DIVISION) - FROM RS 126.18/- PER SHARE TO RS 12.618/- PER SHARE,-4.798099762470316,-5.3824362606232325,19.98,0,-5.08,-5.67,10-Sep-2025,11-Aug-2026,FACE VALUE SPLIT (SUB-DIVISION) - FROM RS 126.18/- PER SHARE TO RS 12.618/- PER SHARE,-5.3824362606232325,20-OCT-23,-4.798099762470316,10.053859964093366,-9.209809264305164,https://nsearchives.nseindia.com/today/HDFCLOWVOLEQN.svg,https://nsearchives.nseindia.com/30d/HDFCLOWVOL-EQ.svg,https://nsearchives.nseindia.com/365d/HDFCLOWVOL-EQ.svg,EQ
GSEC5IETF,Nifty 5 yr Benchmark G-Sec Index,66.3,66.77,66.19,66.26,0.07,0.11,1702,113523.4,66.4507,69.14,62,-,-,5.492755930584306,-0.21084337349397675,66.19,0,5.38,-0.32,10-Sep-2025,11-Aug-2026,-,-0.21084337349397675,-,5.492755930584306,4.165461382701758,-6.870967741935492,https://nsearchives.nseindia.com/today/GSEC5IETFEQN.svg,https://nsearchives.nseindia.com/30d/GSEC5IETF-EQ.svg,https://nsearchives.nseindia.com/365d/GSEC5IETF-EQ.svg,EQ
MON50EQUAL,Nifty 50 Equal Weight Total Return Index,32.5,32.57,32.3,32.51,-0.17,-0.52,3476,112761.44,32.6357,36,29.43,-,-,0.6190034045187116,-5.4116962467267955,32.68,0,1.15,-4.92,10-Sep-2025,11-Aug-2026,-,-5.4116962467267955,-,0.6190034045187116,9.69444444444445,-10.46551138294257,https://nsearchives.nseindia.com/today/MON50EQUALEQN.svg,https://nsearchives.nseindia.com/30d/MON50EQUAL-EQ.svg,https://nsearchives.nseindia.com/365d/MON50EQUAL-EQ.svg,EQ
EBANK10,BSE Top 10 Bank Total Return Index,16.41,16.45,16.18,16.45,0.2,1.23,6818,111269.76,16.4496,17.9,16.18,-,-,Infinity,-2.083333333333342,16.25,0,0,-3.27,,11-Aug-2026,-,-2.083333333333342,-,Infinity,8.100558659217874,-1.6687268232385635,https://nsearchives.nseindia.com/today/EBANK10EQN.svg,https://nsearchives.nseindia.com/30d/EBANK10-EQ.svg,,EQ
PVTBANK,Nifty Private Bank,27.12,27.53,27.12,27.53,0.18,0.66,3765,103349.25,27.392,28.33,27.01,-,-,Infinity,0.4011670313639658,27.35,0,0,-0.26,,11-Aug-2026,-,0.4011670313639658,-,Infinity,2.823861630780082,-1.925212884116992,https://nsearchives.nseindia.com/today/PVTBANKEQN.svg,https://nsearchives.nseindia.com/30d/PVTBANK-EQ.svg,,EQ
MOGSEC,Nifty 5 yr Benchmark G-Sec Index,65.69,65.7,65.08,65.09,-0.55,-0.84,1358,89016.9,65.4687,67.33,60.74,-,-,5.119509043927652,-0.5044328951390986,65.64,0,6.01,0.34,10-Sep-2025,11-Aug-2026,-,-0.5044328951390986,-,5.119509043927652,3.3268973711569805,-7.161672703325652,https://nsearchives.nseindia.com/today/MOGSECEQN.svg,https://nsearchives.nseindia.com/30d/MOGSEC-EQ.svg,https://nsearchives.nseindia.com/365d/MOGSEC-EQ.svg,EQ
HDFCQUAL,HDFC NIFTY100 Quality 30 ETF,57.15,57.46,57.1,57.43,0.03,0.05,1548,88700.4,57.5976,61.87,51.91,-,-,-2.8914440311126155,-4.6171732270387,57.4,0,-2.94,-4.67,10-Sep-2025,11-Aug-2026,-,-4.6171732270387,-,-2.8914440311126155,7.176337481816709,-10.63378925062609,https://nsearchives.nseindia.com/today/HDFCQUALEQN.svg,https://nsearchives.nseindia.com/30d/HDFCQUAL-EQ.svg,https://nsearchives.nseindia.com/365d/HDFCQUAL-EQ.svg,EQ
MONIFTY100,Nifty 100 Total Return Index,24.61,24.81,24.6,24.78,0.16,0.65,3430,84686.7,24.8186,27.97,22.38,-,-,Infinity,-3.990701278574187,24.62,0,0,-4.61,,11-Aug-2026,-,-3.990701278574187,-,Infinity,11.405076868072928,-10.723860589812343,https://nsearchives.nseindia.com/today/MONIFTY100EQN.svg,https://nsearchives.nseindia.com/30d/MONIFTY100-EQ.svg,,EQ
NIF500BETA,Nifty 500,36.6,36.78,36.42,36.78,-0.16,-0.43,1712,62419.52,36.9273,38.3,36.33,-,-,Infinity,Infinity,36.94,0,0,0,,,-,Infinity,-,Infinity,3.968668407310695,-1.2386457473162755,https://nsearchives.nseindia.com/today/NIF500BETAEQN.svg,,,EQ
SNXT50BETA,BSE Sensex Next 50,93.3,94.46,92.21,94.37,1.18,1.27,586,54832.02,93.9853,102.25,77.11,17-FEB-21, FACE VALUE SPLIT (SUB-DIVISION) - FROM RS 10/- PER UNIT TO RE 1/- PER UNIT,Infinity,-2.0753346477119434,93.19,0,0,-3.3,,11-Aug-2026, FACE VALUE SPLIT (SUB-DIVISION) - FROM RS 10/- PER UNIT TO RE 1/- PER UNIT,-2.0753346477119434,17-FEB-21,Infinity,7.706601466992661,-22.3836078329659,https://nsearchives.nseindia.com/today/SNXT50BETAEQN.svg,https://nsearchives.nseindia.com/30d/SNXT50BETA-EQ.svg,,EQ
MOINFRA,BSE India Infrastructure Total Return Index,58.66,58.87,58.25,58.87,-0.06,-0.10,917,53653.67,58.9556,66,54.6,-,-,1.939393939393935,-1.637426900584802,58.93,0,2.04,-1.54,10-Sep-2025,11-Aug-2026,-,-1.637426900584802,-,1.939393939393935,10.803030303030306,-7.820512820512813,https://nsearchives.nseindia.com/today/MOINFRAEQN.svg,https://nsearchives.nseindia.com/30d/MOINFRA-EQ.svg,https://nsearchives.nseindia.com/365d/MOINFRA-EQ.svg,EQ
NPBET,Nifty Private Bank Index,280.92,284.79,280.92,284.56,1.63,0.58,189,53617.41,283.3319,307,246.26,-,-,3.7820489441628085,0.3278919719352702,282.93,0,3.19,-0.25,10-Sep-2025,11-Aug-2026,-,0.3278919719352702,-,3.7820489441628085,7.309446254071661,-15.55266791196297,https://nsearchives.nseindia.com/today/NPBETEQN.svg,https://nsearchives.nseindia.com/30d/NPBET-EQ.svg,https://nsearchives.nseindia.com/365d/NPBET-EQ.svg,EQ
LARGEMID50,BSE LargeMid (60:40) Stable Dividend 50 TRI (Total Return Index),36.55,36.55,35.4,35.69,-0.14,-0.39,1478,52557.68,35.8934,38,35.4,-,-,Infinity,Infinity,35.83,0,0,0,,,-,Infinity,-,Infinity,6.078947368421058,-0.8192090395480203,https://nsearchives.nseindia.com/today/LARGEMID50EQN.svg,,,EQ
MOSERVICE,Nifty Services Sector Total Return Index,30.13,30.35,29.81,30.35,0.22,0.73,1731,51808.83,30.1191,35.37,28.3,-,-,Infinity,-3.8948701709942903,30.13,0,0,-4.59,,11-Aug-2026,-,-3.8948701709942903,-,Infinity,14.192818772971435,-7.243816254416963,https://nsearchives.nseindia.com/today/MOSERVICEEQN.svg,https://nsearchives.nseindia.com/30d/MOSERVICE-EQ.svg,,EQ
IVZSENSEX,BSE Sensex TRI,75.95,76.81,74.27,75.01,0.37,0.50,685,51210.6,74.9426,79.2,74.27,-,-,Infinity,Infinity,74.64,0,0,0,,,-,Infinity,-,Infinity,5.290404040404037,-0.9963646155917721,https://nsearchives.nseindia.com/today/IVZSENSEXEQN.svg,,,EQ
MOBANK10,BSE Top 10 Banks Total Return Index,16.65,16.65,16.32,16.65,0.14,0.85,2913,48035.37,16.5763,20,15.75,-,-,Infinity,-1.6538688718251693,16.51,0,0,-2.48,,11-Aug-2026,-,-1.6538688718251693,-,Infinity,16.750000000000007,-5.7142857142857055,https://nsearchives.nseindia.com/today/MOBANK10EQN.svg,https://nsearchives.nseindia.com/30d/MOBANK10-EQ.svg,,EQ
CONSUMAXIS,NIFTY India Consumption Index,120.8,120.8,117.62,117.94,-0.46,-0.39,371,43755.74,118.6936,131.85,105.63,-,-,Infinity,-5.87390263367917,118.4,0,0,-5.51,,11-Aug-2026,-,-5.87390263367917,-,Infinity,10.549867273416758,-11.653886206570105,https://nsearchives.nseindia.com/today/CONSUMAXISEQN.svg,https://nsearchives.nseindia.com/30d/CONSUMAXIS-EQ.svg,,EQ
ELMDIV,Index (BSE LargeMid (60:40) Stable Dividend 50),36.14,36.45,35.6,36.45,0.64,1.79,1154,41209.34,35.8874,38.67,35.4,-,-,Infinity,-1.1927351585795547,35.81,0,0,-2.93,,11-Aug-2026,-,-1.1927351585795547,-,Infinity,5.740884406516677,-2.9661016949152663,https://nsearchives.nseindia.com/today/ELMDIVEQN.svg,https://nsearchives.nseindia.com/30d/ELMDIV-EQ.svg,,EQ
MIDBANKADD,BSE MidSmall Private Banks Index,17.18,17.39,17.18,17.39,-0.01,-0.06,2320,39996.8,17.3633,18.22,17.09,-,-,Infinity,0.23054755043227174,17.4,0,0,0.29,,11-Aug-2026,-,0.23054755043227174,-,Infinity,4.555433589462121,-1.7554125219426606,https://nsearchives.nseindia.com/today/MIDBANKADDEQN.svg,https://nsearchives.nseindia.com/30d/MIDBANKADD-EQ.svg,,EQ
GILT10BETA,UTI Nifty 10 yr Benchmark G-Sec ETF,26.78,26.78,26.27,26.28,-0.43,-1.61,1075,28767,26.5115,27.6,25.1,-,-,Infinity,-2.702702702702704,26.71,0,0,-1.11,,11-Aug-2026,-,-2.702702702702704,-,Infinity,4.782608695652175,-4.7011952191235045,https://nsearchives.nseindia.com/today/GILT10BETAEQN.svg,https://nsearchives.nseindia.com/30d/GILT10BETA-EQ.svg,,EQ
LICNFNHGP,Nifty 100,268.53,269.6,266.87,269.57,-0.78,-0.29,99,26559.72,270.3915,296.41,248.02,-,-,-3.7112444634947805,-3.8417635728044455,270.35,0,-3.43,-3.56,10-Sep-2025,11-Aug-2026,-,-3.8417635728044455,-,-3.7112444634947805,9.055025134104797,-8.688815418111435,https://nsearchives.nseindia.com/today/LICNFNHGPEQN.svg,https://nsearchives.nseindia.com/30d/LICNFNHGP-EQ.svg,https://nsearchives.nseindia.com/365d/LICNFNHGP-EQ.svg,EQ
IVZBANKNF,Nifty Bank TRI,56.2,56.2,55.78,55.85,-0.37,-0.66,357,19970.58,56.4262,58.45,55.78,-,-,Infinity,Infinity,56.22,0,0,0,,,-,Infinity,-,Infinity,4.448246364414031,-0.1254930082466839,https://nsearchives.nseindia.com/today/IVZBANKNFEQN.svg,,,EQ
BBNPNBETF,Baroda BNP Paribas NIFTY Bank ETF,56.67,56.88,56.24,56.66,-0.23,-0.40,328,18512.32,56.9811,62.77,50.03,-,-,3.149462952849075,-2.545579635362924,56.89,0,3.57,-2.15,10-Sep-2025,11-Aug-2026,-,-2.545579635362924,-,3.149462952849075,9.733949338856151,-13.252048770737549,https://nsearchives.nseindia.com/today/BBNPNBETFEQN.svg,https://nsearchives.nseindia.com/30d/BBNPNBETF-EQ.svg,https://nsearchives.nseindia.com/365d/BBNPNBETF-EQ.svg,EQ
MSCIADD,MSCI India Index,28.9,28.95,28.66,28.89,-0.06,-0.21,594,17095.32,29.0212,33.82,26.4,-,-,Infinity,-4.621987454605476,28.95,0,0,-4.42,,11-Aug-2026,-,-4.621987454605476,-,Infinity,14.577173270254287,-9.43181818181819,https://nsearchives.nseindia.com/today/MSCIADDEQN.svg,https://nsearchives.nseindia.com/30d/MSCIADD-EQ.svg,,EQ
GILT5BETA,UTI Nifty 5 yr Benchmark G-Sec ETF,67.17,67.17,66.31,66.41,-0.78,-1.16,213,14249.7,66.5099,69,61.51,-,-,Infinity,-0.9397374701670788,67.19,0,0,0.22,,11-Aug-2026,-,-0.9397374701670788,-,Infinity,3.7536231884058022,-7.966184360266622,https://nsearchives.nseindia.com/today/GILT5BETAEQN.svg,https://nsearchives.nseindia.com/30d/GILT5BETA-EQ.svg,,EQ
LIQUIDBETA,Nifty 1D Rate Index,1007.77,1007.91,1007.77,1007.91,0.5,0.05,7,7054.81,1007.4044,1019,981.86,-,-,Infinity,0.41844755955404767,1007.41,0,0,0.37,,11-Aug-2026,-,0.41844755955404767,-,Infinity,1.0883218842001994,-2.6531277371519315,https://nsearchives.nseindia.com/today/LIQUIDBETAEQN.svg,https://nsearchives.nseindia.com/30d/LIQUIDBETA-EQ.svg,,EQ
LICNETFSEN,SENSEX,841.94,841.94,838.51,841.94,-2.08,-0.25,6,5037.9,846.8542,974.02,803,-,-,-7.380394486430582,-4.767614156929722,844.02,0,-7.15,-4.53,09-Sep-2025,10-Aug-2026,-,-4.767614156929722,-,-7.380394486430582,13.560296503151879,-4.849315068493158,https://nsearchives.nseindia.com/today/LICNETFSENEQN.svg,https://nsearchives.nseindia.com/30d/LICNETFSEN-EQ.svg,https://nsearchives.nseindia.com/365d/LICNETFSEN-EQ.svg,EQ
ABSLMSCIN,MSCI India Index,29.02,29.09,28.75,28.9,-0.03,-0.10,148,4278.68,29.0026,35.34,26.34,-,-,Infinity,-3.9228723404255312,28.93,0,0,-3.82,,11-Aug-2026,-,-3.9228723404255312,-,Infinity,18.222976796830796,-9.71905846621108,https://nsearchives.nseindia.com/today/ABSLMSCINEQN.svg,https://nsearchives.nseindia.com/30d/ABSLMSCIN-EQ.svg,,EQ
GSEC10YEAR,Mirae Asset Nifty 8-13 yr G-Sec ETF,30.55,30.55,30.49,30.49,-0.12,-0.39,33,1006.17,30.3782,31.33,28.39,-,-,4.417808219178079,-0.13101867016050672,30.61,0,4.83,0.26,10-Sep-2025,11-Aug-2026,-,-0.13101867016050672,-,4.417808219178079,2.681136291094797,-7.396970764353638,https://nsearchives.nseindia.com/today/GSEC10YEAREQN.svg,https://nsearchives.nseindia.com/30d/GSEC10YEAR-EQ.svg,https://nsearchives.nseindia.com/365d/GSEC10YEAR-EQ.svg,EQ
ABGSEC,Aditya Birla Sun Life CRISIL Broad Based Gilt ETF,113.96,113.96,113.96,113.96,0,0.00,4,455.84,114.1033,118,109.43,-,-,3.7792550769510895,-0.5324255913415374,113.96,0,3.78,-0.53,10-Sep-2025,11-Aug-2026,-,-0.5324255913415374,-,3.7792550769510895,3.423728813559327,-4.139632641871504,https://nsearchives.nseindia.com/today/ABGSECEQN.svg,https://nsearchives.nseindia.com/30d/ABGSEC-EQ.svg,https://nsearchives.nseindia.com/365d/ABGSEC-EQ.svg,EQ
GSEC10ABSL,CRISIL 10 Year Gilt ETF,113.03,113.03,113.03,113.03,-0.24,-0.21,2,226.06,112.243,115,108.01,-,-,3.1295620437956266,-0.21188311115034422,113.27,0,3.35,0,10-Sep-2025,10-Aug-2026,-,-0.21188311115034422,-,3.1295620437956266,1.7130434782608686,-4.6477178039070415,https://nsearchives.nseindia.com/today/GSEC10ABSLEQN.svg,https://nsearchives.nseindia.com/30d/GSEC10ABSL-EQ.svg,https://nsearchives.nseindia.com/365d/GSEC10ABSL-EQ.svg,EQ
GSEC10ADD,Nifty 10 yr Benchmark G-Sec,26.46,27.85,26.46,27,0.17,0.63,4,108.6,26.6385,27.85,26.46,-,-,Infinity,Infinity,26.83,0,0,0,,,-,Infinity,-,Infinity,3.052064631956917,-2.0408163265306087,https://nsearchives.nseindia.com/today/GSEC10ADDEQN.svg,,,EQ
