symbol,assets,open,high,low,ltP,chn,per,qty,trdVal,nav,wkhi,wklo,xDt,cAct,yPC,mPC,prevClose,stockIndClosePrice,perChange365d,perChange30d,date365dAgo,date30dAgo,CAct,MPC,XDt,YPC,nearWKH,nearWKL,chartTodayPath,chart30dPath,chart365dPath,series
SILVERBEES,Domestic price of Silver- based on LBMA Silver daily spot fixing price,213.5,214.12,209.78,210.97,-7.83,-3.58,29689880,6277925126,219.5836,360,129.05,-,-,59.37901337160987,-8.325728935818884,218.8,0,64.5,-5.04,26-Sep-2025,28-Aug-2026,-,-8.325728935818884,-,59.37901337160987,41.397222222222226,-63.479271600154966,https://nsearchives.nseindia.com/today/SILVERBEESEQN.svg,https://nsearchives.nseindia.com/30d/SILVERBEES-EQ.svg,https://nsearchives.nseindia.com/365d/SILVERBEES-EQ.svg,EQ
GOLDBEES,Gold,122.7,122.7,120.72,121.3,-3.13,-2.52,32918395,3996293153,124.4533,148.14,93.39,19-DEC-19, FACE VALUE SPLIT (SUB-DIVISION) - FROM RS 100/- TO RS 1/-,28.454940167319695,-8.36292211226109,124.43,0,32.06,-4.91,26-Sep-2025,28-Aug-2026, FACE VALUE SPLIT (SUB-DIVISION) - FROM RS 100/- TO RS 1/-,-8.36292211226109,19-DEC-19,28.454940167319695,18.117996489806934,-29.885426705214687,https://nsearchives.nseindia.com/today/GOLDBEESEQN.svg,https://nsearchives.nseindia.com/30d/GOLDBEES-EQ.svg,https://nsearchives.nseindia.com/365d/GOLDBEES-EQ.svg,EQ
LIQUIDBEES,Government Securities,1000,1000.01,999.99,999.99,0,0.00,3571800,3571764282,1000,1029.99,969.99,19-SEP-17, EXIT OPTION PURSUANT TO CHANGE IN FUNDAMENTAL ATTRIBUTES OF ETF  ,-0.0009999999999990906,-0.0009999999999990906,999.99,0,0,0,26-Sep-2025,28-Aug-2026, EXIT OPTION PURSUANT TO CHANGE IN FUNDAMENTAL ATTRIBUTES OF ETF  ,-0.0009999999999990906,19-SEP-17,-0.0009999999999990906,2.9126496373751203,-3.0928153898493798,https://nsearchives.nseindia.com/today/LIQUIDBEESEQN.svg,https://nsearchives.nseindia.com/30d/LIQUIDBEES-EQ.svg,https://nsearchives.nseindia.com/365d/LIQUIDBEES-EQ.svg,EQ
NIFTYBEES,Nifty 50,266.99,266.99,260.1,261,-3.13,-1.19,12772165,3333407343.35,263.9418,302.25,251.7,19-DEC-19, FACE VALUE SPLIT (SUB-DIVISION) - FROM RS 10/- TO RS 1/-,-7.196700327122745,-5.782975958414549,264.13,0,-5.24,-4.17,26-Sep-2025,28-Aug-2026, FACE VALUE SPLIT (SUB-DIVISION) - FROM RS 10/- TO RS 1/-,-5.782975958414549,19-DEC-19,-7.196700327122745,13.647642679900745,-3.6948748510131155,https://nsearchives.nseindia.com/today/NIFTYBEESEQN.svg,https://nsearchives.nseindia.com/30d/NIFTYBEES-EQ.svg,https://nsearchives.nseindia.com/365d/NIFTYBEES-EQ.svg,EQ
LIQUIDCASE,Zerodha Nifty 1D Rate Liquid ETF,116.11,116.13,116.11,116.11,0.01,0.01,27556635,3199600889.85,116.1035,116.13,107.56,-,-,5.000904322662327,0.4151171841217712,116.1,0,4.93,0.35,26-Sep-2025,28-Aug-2026,-,0.4151171841217712,-,5.000904322662327,0.017222078704896254,-7.949051692078838,https://nsearchives.nseindia.com/today/LIQUIDCASEEQN.svg,https://nsearchives.nseindia.com/30d/LIQUIDCASE-EQ.svg,https://nsearchives.nseindia.com/365d/LIQUIDCASE-EQ.svg,EQ
LIQUIDPLUS,Nifty 1D Rate Index,1104.95,1105.11,1104.95,1105.09,0.14,0.01,2134524,2358841127.16,1104.9464,1127.08,1051.91,-,-,5.054566887215743,0.41708314402543556,1104.95,0,5,0.35,26-Sep-2025,28-Aug-2026,-,0.41708314402543556,-,5.054566887215743,1.9510593746672829,-5.055565590212074,https://nsearchives.nseindia.com/today/LIQUIDPLUSEQN.svg,https://nsearchives.nseindia.com/30d/LIQUIDPLUS-EQ.svg,https://nsearchives.nseindia.com/365d/LIQUIDPLUS-EQ.svg,EQ
GOLDIETF,Gold,127.5,127.5,125,125.5,-3.53,-2.74,10822206,1359918405.96,128.9374,158,95.53,-,-,28.599241725586634,-8.514360693978718,129.03,0,32.5,-4.86,26-Sep-2025,28-Aug-2026,-,-8.514360693978718,-,28.599241725586634,20.569620253164558,-31.372343766356117,https://nsearchives.nseindia.com/today/GOLDIETFEQN.svg,https://nsearchives.nseindia.com/30d/GOLDIETF-EQ.svg,https://nsearchives.nseindia.com/365d/GOLDIETF-EQ.svg,EQ
HDFCGOLD,Gold,126.8,126.8,124.9,125.5,-3.13,-2.43,10725925,1347283439.25,128.625,152.3,95.68,17-FEB-21, FACE VALUE SPLIT (SUB-DIVISION) - FROM RS 100/- PER UNIT TO RE 1/- PER UNIT,28.90304026294166,-8.213267022599277,128.63,0,32.24,-4.92,26-Sep-2025,28-Aug-2026, FACE VALUE SPLIT (SUB-DIVISION) - FROM RS 100/- PER UNIT TO RE 1/- PER UNIT,-8.213267022599277,17-FEB-21,28.90304026294166,17.59684832567302,-31.16638795986621,https://nsearchives.nseindia.com/today/HDFCGOLDEQN.svg,https://nsearchives.nseindia.com/30d/HDFCGOLD-EQ.svg,https://nsearchives.nseindia.com/365d/HDFCGOLD-EQ.svg,EQ
HDFCSILVER,HDFC Silver ETF,213.62,213.77,209.35,210.75,-7.91,-3.62,6362422,1342280169.34,219.4637,359,129.35,-,-,58.828849197377345,-8.409387222946544,218.66,0,63.69,-5.07,26-Sep-2025,28-Aug-2026,-,-8.409387222946544,-,58.828849197377345,41.29526462395543,-62.93003478933128,https://nsearchives.nseindia.com/today/HDFCSILVEREQN.svg,https://nsearchives.nseindia.com/30d/HDFCSILVER-EQ.svg,https://nsearchives.nseindia.com/365d/HDFCSILVER-EQ.svg,EQ
TATSILV,Tata Silver Exchange Traded Fund,21.67,21.74,21.28,21.44,-0.77,-3.47,61093291,1311672957.77,22.2964,35.1,13,-,-,60.23916292974589,-8.219178082191775,22.21,0,64.52,-4.96,26-Sep-2025,28-Aug-2026,-,-8.219178082191775,-,60.23916292974589,38.91737891737892,-64.92307692307693,https://nsearchives.nseindia.com/today/TATSILVEQN.svg,https://nsearchives.nseindia.com/30d/TATSILV-EQ.svg,https://nsearchives.nseindia.com/365d/TATSILV-EQ.svg,EQ
LIQUIDIETF,S&P BSE Liquid Rate Index,1000,1000.01,999.99,1000,0.01,0.00,1224512,1224499754.88,1000,1041.19,955,-,-,0.0010000100000990915,0.0010000100000990915,999.99,0,0,0,26-Sep-2025,28-Aug-2026,-,0.0010000100000990915,-,0.0010000100000990915,3.956050288612074,-4.712041884816754,https://nsearchives.nseindia.com/today/LIQUIDIETFEQN.svg,https://nsearchives.nseindia.com/30d/LIQUIDIETF-EQ.svg,https://nsearchives.nseindia.com/365d/LIQUIDIETF-EQ.svg,EQ
SETFGOLD,Gold,126.7,126.7,124.5,125.05,-3.38,-2.63,8184425,1023953411.75,128.3633,153.95,95.19,06-JAN-22,FACE VALUE SPLIT (SUB-DIVISION) - FROM RS 100/- PER SHARE TO RS 1/- PER SHARE,28.572897388443337,-8.361424593287419,128.43,0,32.25,-4.88,26-Sep-2025,28-Aug-2026,FACE VALUE SPLIT (SUB-DIVISION) - FROM RS 100/- PER SHARE TO RS 1/- PER SHARE,-8.361424593287419,06-JAN-22,28.572897388443337,18.772328678142248,-31.368841264838743,https://nsearchives.nseindia.com/today/SETFGOLDEQN.svg,https://nsearchives.nseindia.com/30d/SETFGOLD-EQ.svg,https://nsearchives.nseindia.com/365d/SETFGOLD-EQ.svg,EQ
GOLDAXIS,Gold,123.5,123.5,121.04,121.67,-3.69,-2.94,8253274,1006816895.26,125.4037,150,92.57,23-JUL-20, FACE VALUE SPLIT (SUB-DIVISION) - FROM RS 100/- PER SHARE TO RE 1/- PER SHARE,Infinity,-8.758905136857887,125.36,0,0,-4.87,,28-Aug-2026, FACE VALUE SPLIT (SUB-DIVISION) - FROM RS 100/- PER SHARE TO RE 1/- PER SHARE,-8.758905136857887,23-JUL-20,Infinity,18.886666666666667,-31.43567030355408,https://nsearchives.nseindia.com/today/GOLDAXISEQN.svg,https://nsearchives.nseindia.com/30d/GOLDAXIS-EQ.svg,,EQ
TATAGOLD,Tata Gold Exchange Traded Fund,14.39,14.39,14.21,14.27,-0.35,-2.39,66651151,952444947.79,14.6326,17.7,10.33,-,-,28.906955736224024,-8.2315112540193,14.62,0,31.95,-4.82,26-Sep-2025,28-Aug-2026,-,-8.2315112540193,-,28.906955736224024,19.37853107344633,-38.14133591481122,https://nsearchives.nseindia.com/today/TATAGOLDEQN.svg,https://nsearchives.nseindia.com/30d/TATAGOLD-EQ.svg,https://nsearchives.nseindia.com/365d/TATAGOLD-EQ.svg,EQ
LIQUID1,Kotak Nifty 1D Rate Liquid ETF,1124.41,1124.57,1122.41,1124.54,0.13,0.01,805702,906036070.06,1124.3971,1136.66,1067.98,-,-,5.083447025622802,0.4188060901013578,1124.41,0,5.03,0.35,26-Sep-2025,28-Aug-2026,-,0.4188060901013578,-,5.083447025622802,1.0662819136769235,-5.295979325455527,https://nsearchives.nseindia.com/today/LIQUID1EQN.svg,https://nsearchives.nseindia.com/30d/LIQUID1-EQ.svg,https://nsearchives.nseindia.com/365d/LIQUID1-EQ.svg,EQ
SILVERIETF,Domestic Price of Silver,222.8,223.4,219.1,220.43,-7.92,-3.47,3873197,855899073.06,229.2836,373.5,134.02,-,-,60.13803123864874,-8.306988352745424,228.35,0,64.83,-5.06,26-Sep-2025,28-Aug-2026,-,-8.306988352745424,-,60.13803123864874,40.98259705488621,-64.47545142516041,https://nsearchives.nseindia.com/today/SILVERIETFEQN.svg,https://nsearchives.nseindia.com/30d/SILVERIETF-EQ.svg,https://nsearchives.nseindia.com/365d/SILVERIETF-EQ.svg,EQ
SBISILVER,SBI SILVER ETF,220.97,220.97,214.96,216.46,-7.82,-3.49,2221848,481185621.36,225.0251,362,132.12,-,-,59.29060269335494,-8.229109255098145,224.28,0,64.51,-5.01,26-Sep-2025,28-Aug-2026,-,-8.229109255098145,-,59.29060269335494,40.20441988950276,-63.83590675143808,https://nsearchives.nseindia.com/today/SBISILVEREQN.svg,https://nsearchives.nseindia.com/30d/SBISILVER-EQ.svg,https://nsearchives.nseindia.com/365d/SBISILVER-EQ.svg,EQ
LIQUIDADD,DSP S&P BSE Liquid Rate ETF,1175.19,1175.19,1146.67,1146.67,0.14,0.01,412583,473104800.27,1146.5321,1175.19,1092.01,-,-,4.974687136671166,0.4124487722862479,1146.53,0,4.92,0.35,26-Sep-2025,28-Aug-2026,-,0.4124487722862479,-,4.974687136671166,2.426841617100212,-5.005448668052498,https://nsearchives.nseindia.com/today/LIQUIDADDEQN.svg,https://nsearchives.nseindia.com/30d/LIQUIDADD-EQ.svg,https://nsearchives.nseindia.com/365d/LIQUIDADD-EQ.svg,EQ
BANKBEES,Nifty Bank,573.4,576.52,564.8,565.9,-10.43,-1.81,778449,441481781.37,576.2242,638.99,515.98,19-DEC-19, FACE VALUE SPLIT (SUB-DIVISION) - FROM RS 10/- TO RS 1/-,-0.32760321262505526,-5.615691245392543,576.33,0,2.55,-3.31,26-Sep-2025,28-Aug-2026, FACE VALUE SPLIT (SUB-DIVISION) - FROM RS 10/- TO RS 1/-,-5.615691245392543,19-DEC-19,-0.32760321262505526,11.438363667663037,-9.674793596651025,https://nsearchives.nseindia.com/today/BANKBEESEQN.svg,https://nsearchives.nseindia.com/30d/BANKBEES-EQ.svg,https://nsearchives.nseindia.com/365d/BANKBEES-EQ.svg,EQ
MONQ50,Nasdaq Q-50 Total Return Index,219.97,221.95,184.15,190,-24.61,-11.47,2184398,425193070.7,121.9421,471.99,88.01,-,-,111.18150494609314,29.763693484496663,214.61,0,132.41,46.62,26-Sep-2025,28-Aug-2026,-,29.763693484496663,-,111.18150494609314,59.74490984978495,-115.88455857288943,https://nsearchives.nseindia.com/today/MONQ50EQN.svg,https://nsearchives.nseindia.com/30d/MONQ50-EQ.svg,https://nsearchives.nseindia.com/365d/MONQ50-EQ.svg,EQ
LIQUIDBETF,Bajaj Finserv Nifty 1D Rate Liquid ETF - Growth,1102.25,1102.25,1100.62,1100.63,0.15,0.01,377799,415813135.38,1100.4838,1116.24,1009.94,-,-,4.880837804099449,0.40595522633144604,1100.48,0,4.82,0.34,26-Sep-2025,28-Aug-2026,-,0.40595522633144604,-,4.880837804099449,1.3984447789005858,-8.979741370774507,https://nsearchives.nseindia.com/today/LIQUIDBETFEQN.svg,https://nsearchives.nseindia.com/30d/LIQUIDBETF-EQ.svg,https://nsearchives.nseindia.com/365d/LIQUIDBETF-EQ.svg,EQ
JUNIORBEES,Nippon India ETF Nifty Next 50 Junior BeES,778.42,778.42,757.27,764.21,-12.48,-1.61,532878,407944752.9,777.0953,823.97,632.34,10-MAR-14,DIVIDEND-RS.1 PER UNIT,4.003865049878207,-5.2906184161606085,776.69,0,7.49,-3.07,26-Sep-2025,28-Aug-2026,DIVIDEND-RS.1 PER UNIT,-5.2906184161606085,10-MAR-14,4.003865049878207,7.2526912387586915,-20.854287250529776,https://nsearchives.nseindia.com/today/JUNIORBEESEQN.svg,https://nsearchives.nseindia.com/30d/JUNIORBEES-EQ.svg,https://nsearchives.nseindia.com/365d/JUNIORBEES-EQ.svg,EQ
GOLDCASE,Zerodha Gold ETF,23.3,23.33,22.94,23.1,-0.57,-2.41,17315143,399979803.3,23.7047,27.94,17.43,-,-,29.194630872483234,-8.333333333333325,23.67,0,32.23,-4.94,26-Sep-2025,28-Aug-2026,-,-8.333333333333325,-,29.194630872483234,17.32283464566929,-32.530120481927725,https://nsearchives.nseindia.com/today/GOLDCASEEQN.svg,https://nsearchives.nseindia.com/30d/GOLDCASE-EQ.svg,https://nsearchives.nseindia.com/365d/GOLDCASE-EQ.svg,EQ
GOLD1,Gold,123.7,123.71,121.73,122.4,-3.32,-2.64,3246817,397605209.82,125.6745,158,93.79,22-JUL-21, FACE VALUE SPLIT (SUB-DIVISION) - FROM RS 10/- PER SHARE TO RE 1/- PER SHARE,28.814986318669764,-8.417508417508417,125.72,0,32.77,-4.91,26-Sep-2025,28-Aug-2026, FACE VALUE SPLIT (SUB-DIVISION) - FROM RS 10/- PER SHARE TO RE 1/- PER SHARE,-8.417508417508417,22-JUL-21,28.814986318669764,22.53164556962025,-30.504318157586095,https://nsearchives.nseindia.com/today/GOLD1EQN.svg,https://nsearchives.nseindia.com/30d/GOLD1-EQ.svg,https://nsearchives.nseindia.com/365d/GOLD1-EQ.svg,EQ
SETFNIF50,Nifty 50,247.36,249.9,245.6,246.3,-3.17,-1.27,1361731,335748395.36,249.4356,287.33,237.9,24-MAR-21, DIVIDEND - RS 1.30 PER SHARE,-7.385124464164845,-5.884600687810462,249.47,0,-5.3,-4.23,26-Sep-2025,28-Aug-2026, DIVIDEND - RS 1.30 PER SHARE,-5.884600687810462,24-MAR-21,-7.385124464164845,14.279748024919074,-3.530895334174025,https://nsearchives.nseindia.com/today/SETFNIF50EQN.svg,https://nsearchives.nseindia.com/30d/SETFNIF50-EQ.svg,https://nsearchives.nseindia.com/365d/SETFNIF50-EQ.svg,EQ
NIFTYIETF,Nifty 50,262.33,262.77,258.71,259.27,-3.4,-1.29,1273178,330427886.34,262.5933,304.14,250.4,-,-,-7.353939610505642,-5.925253991291742,262.67,0,-5.26,-4.22,26-Sep-2025,28-Aug-2026,-,-5.925253991291742,-,-7.353939610505642,14.753074242125338,-3.5423322683705973,https://nsearchives.nseindia.com/today/NIFTYIETFEQN.svg,https://nsearchives.nseindia.com/30d/NIFTYIETF-EQ.svg,https://nsearchives.nseindia.com/365d/NIFTYIETF-EQ.svg,EQ
SILVER,Physical price of Silver,222.72,223.42,219.1,220.6,-7.73,-3.39,1465559,323785949.87,229.3471,371.89,134.11,-,-,60.203340595497465,-8.243906496963644,228.33,0,64.6,-5.11,26-Sep-2025,28-Aug-2026,-,-8.243906496963644,-,60.203340595497465,40.68138428029794,-64.491835060771,https://nsearchives.nseindia.com/today/SILVEREQN.svg,https://nsearchives.nseindia.com/30d/SILVER-EQ.svg,https://nsearchives.nseindia.com/365d/SILVER-EQ.svg,EQ
GOLDETF,Mirae Asset Gold ETF,143.96,143.96,142.4,143.09,-3.25,-2.22,2173254,310623194.22,146.3898,173.5,109.98,-,-,28.94475984500316,-7.980707395498389,146.34,0,32.31,-4.83,26-Sep-2025,28-Aug-2026,-,-7.980707395498389,-,28.94475984500316,17.52737752161383,-30.105473722495,https://nsearchives.nseindia.com/today/GOLDETFEQN.svg,https://nsearchives.nseindia.com/30d/GOLDETF-EQ.svg,https://nsearchives.nseindia.com/365d/GOLDETF-EQ.svg,EQ
ITBEES,Nifty IT TRI,31.6,31.6,30.96,31.29,-0.01,-0.03,9381992,292718150.4,31.3037,44.27,28.55,-,-,-17.068645640074205,-7.316350710900471,31.3,0,-15.01,-9.8,26-Sep-2025,28-Aug-2026,-,-7.316350710900471,-,-17.068645640074205,29.32008131917778,-9.597197898423811,https://nsearchives.nseindia.com/today/ITBEESEQN.svg,https://nsearchives.nseindia.com/30d/ITBEES-EQ.svg,https://nsearchives.nseindia.com/365d/ITBEES-EQ.svg,EQ
HDFCSML250,HDFC NIFTY Smallcap 250 ETF,184.09,185.16,180.16,180.74,-2.59,-1.41,1360128,246183168,183.161,189.83,142.7,-,-,5.118064441084106,-3.026075759201624,183.33,0,8.87,-1.7,26-Sep-2025,28-Aug-2026,-,-3.026075759201624,-,5.118064441084106,4.788494969182954,-26.657323055360912,https://nsearchives.nseindia.com/today/HDFCSML250EQN.svg,https://nsearchives.nseindia.com/30d/HDFCSML250-EQ.svg,https://nsearchives.nseindia.com/365d/HDFCSML250-EQ.svg,EQ
SILVERBETA,UTI Silver Exchange Traded Fund (UTI Silver ETF),215,215.83,211.35,212.9,-7.97,-3.61,1142631,243266139.9,221.6809,379.66,130.85,-,-,Infinity,-8.374935444999142,220.87,0,0,-5.1,,28-Aug-2026,-,-8.374935444999142,-,Infinity,43.92351050940316,-62.70538784868171,https://nsearchives.nseindia.com/today/SILVERBETAEQN.svg,https://nsearchives.nseindia.com/30d/SILVERBETA-EQ.svg,,EQ
SILVERCASE,Commodity-Silver,22.9,22.9,22.26,22.41,-0.77,-3.32,9817474,220500466.04,23.2756,38.01,13.41,-,-,60.30042918454935,-8.193363375665712,23.18,0,63.7,-5.35,26-Sep-2025,28-Aug-2026,-,-8.193363375665712,-,60.30042918454935,41.041831097079715,-67.11409395973155,https://nsearchives.nseindia.com/today/SILVERCASEEQN.svg,https://nsearchives.nseindia.com/30d/SILVERCASE-EQ.svg,https://nsearchives.nseindia.com/365d/SILVERCASE-EQ.svg,EQ
SILVER1,Kotak Silver ETF,21.76,21.76,21.28,21.48,-0.71,-3.20,10102196,216591082.24,22.2845,38.8,13.07,27-FEB-26,FACE VALUE SPLIT (SUB-DIVISION) - FROM RS 10/- PER SHARE TO RE 1/- PER SHARE,-83.9904598643512,-8.087291399229784,22.19,0,-83.51,-5.25,26-Sep-2025,28-Aug-2026,FACE VALUE SPLIT (SUB-DIVISION) - FROM RS 10/- PER SHARE TO RE 1/- PER SHARE,-8.087291399229784,27-FEB-26,-83.9904598643512,44.63917525773196,-64.34583014537108,https://nsearchives.nseindia.com/today/SILVER1EQN.svg,https://nsearchives.nseindia.com/30d/SILVER1-EQ.svg,https://nsearchives.nseindia.com/365d/SILVER1-EQ.svg,EQ
MID150BEES,Nifty Midcap 150 TRI,231,232.76,227.73,229.4,-1.72,-0.74,871844,199826644.8,232.1312,247.15,190.43,-,-,4.05987752324791,-5.914198999261745,231.12,0,6.78,-5.13,26-Sep-2025,28-Aug-2026,-,-5.914198999261745,-,4.05987752324791,7.18187335626138,-20.4642125715486,https://nsearchives.nseindia.com/today/MID150BEESEQN.svg,https://nsearchives.nseindia.com/30d/MID150BEES-EQ.svg,https://nsearchives.nseindia.com/365d/MID150BEES-EQ.svg,EQ
MON100,Nasdaq100,329,329,322,323.87,-0.24,-0.07,603575,195956659.5,286.6543,354.9,210.01,17-JUN-21, FACE VALUE SPLIT (SUB-DIVISION) - FROM RS 10/- PER SHARE TO RE 1/- PER SHARE,51.482694106641716,-0.6533742331288329,324.11,0,51.08,-0.91,26-Sep-2025,28-Aug-2026, FACE VALUE SPLIT (SUB-DIVISION) - FROM RS 10/- PER SHARE TO RE 1/- PER SHARE,-0.6533742331288329,17-JUN-21,51.482694106641716,8.743307974077197,-54.21646588257703,https://nsearchives.nseindia.com/today/MON100EQN.svg,https://nsearchives.nseindia.com/30d/MON100-EQ.svg,https://nsearchives.nseindia.com/365d/MON100-EQ.svg,EQ
PSUBNKBEES,Nifty PSU Bank,93.25,93.25,89.71,90.13,-2.22,-2.40,2089504,188995636.8,92.646,110.4,80.25,19-DEC-19, FACE VALUE SPLIT (SUB-DIVISION) - FROM RS 10/- TO RS 1/-,9.314736203759846,-6.996182024558871,92.35,0,14.03,-3.84,26-Sep-2025,28-Aug-2026, FACE VALUE SPLIT (SUB-DIVISION) - FROM RS 10/- TO RS 1/-,-6.996182024558871,19-DEC-19,9.314736203759846,18.36050724637682,-12.311526479750773,https://nsearchives.nseindia.com/today/PSUBNKBEESEQN.svg,https://nsearchives.nseindia.com/30d/PSUBNKBEES-EQ.svg,https://nsearchives.nseindia.com/365d/PSUBNKBEES-EQ.svg,EQ
CASHIETF,BSE Liquid Rate Index,1079.25,1081.42,1079.25,1081.4,0.13,0.01,174201,188380961.4,1081.2614,1099.28,1029.47,-,-,5.042302499295776,0.42066358984837543,1081.27,0,4.98,0.35,26-Sep-2025,28-Aug-2026,-,0.42066358984837543,-,5.042302499295776,1.6265191761880395,-5.044343205727225,https://nsearchives.nseindia.com/today/CASHIETFEQN.svg,https://nsearchives.nseindia.com/30d/CASHIETF-EQ.svg,https://nsearchives.nseindia.com/365d/CASHIETF-EQ.svg,EQ
LIQGRWBEES,Liquid,1057.23,1057.25,1054.75,1057.23,0.13,0.01,168709,178364216.07,1057.1113,1063.44,995.55,-,-,4.762329439043972,0.39122218951487675,1057.1,0,4.71,0.33,26-Sep-2025,28-Aug-2026,-,0.39122218951487675,-,4.762329439043972,0.5839539607312153,-6.1955702877806305,https://nsearchives.nseindia.com/today/LIQGRWBEESEQN.svg,https://nsearchives.nseindia.com/30d/LIQGRWBEES-EQ.svg,https://nsearchives.nseindia.com/365d/LIQGRWBEES-EQ.svg,EQ
HDFCBSE500,HDFC S&P BSE 500 ETF,36.51,36.51,35.68,35.89,-0.49,-1.35,4921109,176421757.65,36.335,40,32.65,-,-,-2.657987523732023,-5.849947534102825,36.38,0,-0.68,-3.93,26-Sep-2025,28-Aug-2026,-,-5.849947534102825,-,-2.657987523732023,10.274999999999999,-9.923430321592656,https://nsearchives.nseindia.com/today/HDFCBSE500EQN.svg,https://nsearchives.nseindia.com/30d/HDFCBSE500-EQ.svg,https://nsearchives.nseindia.com/365d/HDFCBSE500-EQ.svg,EQ
SILVERAXIS,Axis Silver ETF,221.75,222.5,218.13,219.71,-7.59,-3.34,777773,171172281.84,228.2959,390.01,134,-,-,Infinity,-8.147993311036782,227.3,0,0,-4.88,,28-Aug-2026,-,-8.147993311036782,-,Infinity,43.66554703725546,-63.96268656716418,https://nsearchives.nseindia.com/today/SILVERAXISEQN.svg,https://nsearchives.nseindia.com/30d/SILVERAXIS-EQ.svg,,EQ
MAFANG,NYSE FANG+ Total Return Index,239,243.7,232.45,237.65,-0.77,-0.32,659909,157672057.37,181.685,258.47,149.74,-,-,39.810565948935185,15.76306688099762,238.42,0,40.96,15.11,26-Sep-2025,28-Aug-2026,-,15.76306688099762,-,39.810565948935185,8.055093434441142,-58.70842794176573,https://nsearchives.nseindia.com/today/MAFANGEQN.svg,https://nsearchives.nseindia.com/30d/MAFANG-EQ.svg,https://nsearchives.nseindia.com/365d/MAFANG-EQ.svg,EQ
LIQUIDETF,Nifty1D rate index,999.99,1000.01,999.99,1000,0.01,0.00,153338,153336466.62,1000,1025,995,-,-,0.0010000100000990915,0,999.99,0,0,0,26-Sep-2025,28-Aug-2026,-,0,-,0.0010000100000990915,2.4390243902439024,-0.5025125628140703,https://nsearchives.nseindia.com/today/LIQUIDETFEQN.svg,https://nsearchives.nseindia.com/30d/LIQUIDETF-EQ.svg,https://nsearchives.nseindia.com/365d/LIQUIDETF-EQ.svg,EQ
GOLDBETA,Gold,125.6,125.6,123.05,123.5,-3.15,-2.49,1197454,148065187.1,126.7123,149.35,94.3,25-MAR-21, FACE VALUE SPLIT (SUB-DIVISION) - FROM RS 100/- PER UNIT TO RE 1/- PER UNIT,Infinity,-8.416759362254354,126.65,0,0,-4.99,,28-Aug-2026, FACE VALUE SPLIT (SUB-DIVISION) - FROM RS 100/- PER UNIT TO RE 1/- PER UNIT,-8.416759362254354,25-MAR-21,Infinity,17.308336123200533,-30.965005302226942,https://nsearchives.nseindia.com/today/GOLDBETAEQN.svg,https://nsearchives.nseindia.com/30d/GOLDBETA-EQ.svg,,EQ
LIQUID,Mirae Asset Nifty 1D Rate Liquid ETF,999.99,1000,999.99,1000,0.01,0.00,140797,140795592.03,1000,1024.98,974.99,-,-,0.0010000100000990915,0.0010000100000990915,999.99,0,0,0,26-Sep-2025,28-Aug-2026,-,0.0010000100000990915,-,0.0010000100000990915,2.4371207243068174,-2.565154514405275,https://nsearchives.nseindia.com/today/LIQUIDEQN.svg,https://nsearchives.nseindia.com/30d/LIQUID-EQ.svg,https://nsearchives.nseindia.com/365d/LIQUID-EQ.svg,EQ
PHARMABEES,Nifty Pharma TRI,28.11,28.11,27.5,27.52,-0.28,-1.01,4818923,133050464.03,27.7663,28.58,21.46,-,-,22.094055013309674,0.2550091074681249,27.8,0,26.08,0.14,26-Sep-2025,28-Aug-2026,-,0.2550091074681249,-,22.094055013309674,3.7088873337998556,-28.238583410997197,https://nsearchives.nseindia.com/today/PHARMABEESEQN.svg,https://nsearchives.nseindia.com/30d/PHARMABEES-EQ.svg,https://nsearchives.nseindia.com/365d/PHARMABEES-EQ.svg,EQ
ALPHA,NIFTY Alpha 50 Index,52.76,52.77,51.38,51.41,-1.35,-2.56,2321442,120134623.5,52.7074,55.59,42,-,-,6.065607592325145,-6.865942028985518,52.76,0,11.19,-4.75,26-Sep-2025,28-Aug-2026,-,-6.865942028985518,-,6.065607592325145,7.519338010433543,-22.404761904761898,https://nsearchives.nseindia.com/today/ALPHAEQN.svg,https://nsearchives.nseindia.com/30d/ALPHA-EQ.svg,https://nsearchives.nseindia.com/365d/ALPHA-EQ.svg,EQ
MODEFENCE,Nifty India Defence Total Return Index,103.08,104.21,100.5,101.6,-1.48,-1.44,1175987,119597877.9,103.2817,112,77.8,-,-,13.837535014005597,-5.312208760484625,103.08,0,18.05,-3.53,26-Sep-2025,28-Aug-2026,-,-5.312208760484625,-,13.837535014005597,9.28571428571429,-30.591259640102823,https://nsearchives.nseindia.com/today/MODEFENCEEQN.svg,https://nsearchives.nseindia.com/30d/MODEFENCE-EQ.svg,https://nsearchives.nseindia.com/365d/MODEFENCE-EQ.svg,EQ
SILVERADD,DSP Silver ETF,21.48,21.63,21.12,21.29,-0.75,-3.40,5491168,116742231.68,22.1426,39,12.97,28-AUG-26,FACE VALUE SPLIT (SUB-DIVISION) - FROM RS 10/- PER UNIT TO RE 1/- PER UNIT,-84.0105144573789,-90.8323644662619,22.04,0,-83.54,-5.04,26-Sep-2025,28-Aug-2026,FACE VALUE SPLIT (SUB-DIVISION) - FROM RS 10/- PER UNIT TO RE 1/- PER UNIT,-90.8323644662619,28-AUG-26,-84.0105144573789,45.41025641025641,-64.14803392444101,https://nsearchives.nseindia.com/today/SILVERADDEQN.svg,https://nsearchives.nseindia.com/30d/SILVERADD-EQ.svg,https://nsearchives.nseindia.com/365d/SILVERADD-EQ.svg,EQ
BSLGOLDETF,Gold,130.44,130.44,128.85,129.42,-2.98,-2.25,855456,110636124.48,132.4512,155.99,99.45,25-NOV-21, FACE VALUE SPLIT (SUB-DIVISION) - FROM RS 10/- PER SHARE TO RE 0.10/- PER SHARE,29.16167664670657,-8.17369093231163,132.4,0,32.33,-5.17,26-Sep-2025,28-Aug-2026, FACE VALUE SPLIT (SUB-DIVISION) - FROM RS 10/- PER SHARE TO RE 0.10/- PER SHARE,-8.17369093231163,25-NOV-21,29.16167664670657,17.03314315020195,-30.135746606334827,https://nsearchives.nseindia.com/today/BSLGOLDETFEQN.svg,https://nsearchives.nseindia.com/30d/BSLGOLDETF-EQ.svg,https://nsearchives.nseindia.com/365d/BSLGOLDETF-EQ.svg,EQ
HDFCLIQUID,HDFC Nifty 1D Rate Liquid ETF,1079.78,1079.78,1079.76,1079.76,0.13,0.01,102336,110499342.72,,1079.78,1009.91,28-FEB-25,CHANGE IN FUNDAMENTAL ATTRIBUTE OF HDFC NIFTY 1D RATE LIQUID ETF,4.926826424115217,0.416635666989065,1079.63,0,4.87,0.35,26-Sep-2025,28-Aug-2026,CHANGE IN FUNDAMENTAL ATTRIBUTE OF HDFC NIFTY 1D RATE LIQUID ETF,0.416635666989065,28-FEB-25,4.926826424115217,0.0018522291577897174,-6.916457902189306,https://nsearchives.nseindia.com/today/HDFCLIQUIDEQN.svg,https://nsearchives.nseindia.com/30d/HDFCLIQUID-EQ.svg,https://nsearchives.nseindia.com/365d/HDFCLIQUID-EQ.svg,EQ
GOLDADD,DSP Gold ETF,14.4,14.42,14.17,14.27,-0.35,-2.39,7758973,110410185.79,14.6292,18.1,10.94,28-AUG-26,FACE VALUE SPLIT (SUB-DIVISION) - FROM RS 10/- PER UNIT TO RE 1/- PER UNIT,Infinity,-90.82551112254082,14.62,0,0,-4.82,,28-Aug-2026,FACE VALUE SPLIT (SUB-DIVISION) - FROM RS 10/- PER UNIT TO RE 1/- PER UNIT,-90.82551112254082,28-AUG-26,Infinity,21.160220994475146,-30.43875685557587,https://nsearchives.nseindia.com/today/GOLDADDEQN.svg,https://nsearchives.nseindia.com/30d/GOLDADD-EQ.svg,,EQ
SILVERAG,Mirae Asset Silver ETF,217.4,218,213.48,214.5,-8.26,-3.71,484053,104114959.77,223.5542,380,131.3,-,-,59.20730349588066,-8.458518265619663,222.76,0,64.54,-5.14,26-Sep-2025,28-Aug-2026,-,-8.458518265619663,-,59.20730349588066,43.55263157894737,-63.366336633663344,https://nsearchives.nseindia.com/today/SILVERAGEQN.svg,https://nsearchives.nseindia.com/30d/SILVERAG-EQ.svg,https://nsearchives.nseindia.com/365d/SILVERAG-EQ.svg,EQ
BSLNIFTY,Nifty 50,27.15,27.83,26.74,26.89,-0.27,-0.99,3565972,95710688.48,27.1604,33,25.7,25-NOV-21, FACE VALUE SPLIT (SUB-DIVISION) - FROM RS 10/- PER SHARE TO RE 1/- PER SHARE,-7.115716753022449,-5.781359495444985,27.16,0,-5.27,-4.3,26-Sep-2025,28-Aug-2026, FACE VALUE SPLIT (SUB-DIVISION) - FROM RS 10/- PER SHARE TO RE 1/- PER SHARE,-5.781359495444985,25-NOV-21,-7.115716753022449,18.515151515151516,-4.630350194552534,https://nsearchives.nseindia.com/today/BSLNIFTYEQN.svg,https://nsearchives.nseindia.com/30d/BSLNIFTY-EQ.svg,https://nsearchives.nseindia.com/365d/BSLNIFTY-EQ.svg,EQ
HDFCNIFTY,Nifty 50,267.75,267.75,257.25,257.7,-3.52,-1.35,357895,92311857.35,261.076,301.88,247.56,17-FEB-21, FACE VALUE SPLIT (SUB-DIVISION) - FROM RS 761.25/- PER UNIT TO RS 76.125/- PER UNIT,-7.428694590128605,-5.945472462498639,261.22,0,-5.27,-4.12,26-Sep-2025,28-Aug-2026, FACE VALUE SPLIT (SUB-DIVISION) - FROM RS 761.25/- PER UNIT TO RS 76.125/- PER UNIT,-5.945472462498639,17-FEB-21,-7.428694590128605,14.63495428647145,-4.095976732913227,https://nsearchives.nseindia.com/today/HDFCNIFTYEQN.svg,https://nsearchives.nseindia.com/30d/HDFCNIFTY-EQ.svg,https://nsearchives.nseindia.com/365d/HDFCNIFTY-EQ.svg,EQ
NEXT50IETF,Nifty Next 50,76.45,76.45,74.31,74.58,-1.23,-1.62,1175958,87891100.92,75.8312,80.38,62.6,15-NOV-18, FACE VALUE SPLIT (SUB-DIVISION) - FROM RS 10/- PER SHARE TO RS 1/- PER SHARE,3.944250871080137,-5.198932248633537,75.81,0,7.43,-3.12,26-Sep-2025,28-Aug-2026, FACE VALUE SPLIT (SUB-DIVISION) - FROM RS 10/- PER SHARE TO RS 1/- PER SHARE,-5.198932248633537,15-NOV-18,3.944250871080137,7.215725304802187,-19.137380191693286,https://nsearchives.nseindia.com/today/NEXT50IETFEQN.svg,https://nsearchives.nseindia.com/30d/NEXT50IETF-EQ.svg,https://nsearchives.nseindia.com/365d/NEXT50IETF-EQ.svg,EQ
SMALLCAP,Mirae Asset Nifty Smallcap 250 Momentum Quality 100 ETF,48.6,48.6,47.62,47.94,-0.75,-1.54,1800222,86392653.78,48.6698,54.5,37.34,-,-,5.0394390885188365,-2.3426359747402845,48.69,0,9.07,-0.94,26-Sep-2025,28-Aug-2026,-,-2.3426359747402845,-,5.0394390885188365,12.036697247706426,-28.387787895018732,https://nsearchives.nseindia.com/today/SMALLCAPEQN.svg,https://nsearchives.nseindia.com/30d/SMALLCAP-EQ.svg,https://nsearchives.nseindia.com/365d/SMALLCAP-EQ.svg,EQ
METALIETF,Nifty Metal Index,13.18,13.25,12.88,12.9,-0.28,-2.12,6643590,86233798.2,13.1705,14.17,9.85,-,-,27.47035573122531,-5.701754385964908,13.18,0,32.73,-2.8,26-Sep-2025,28-Aug-2026,-,-5.701754385964908,-,27.47035573122531,8.962597035991529,-30.96446700507615,https://nsearchives.nseindia.com/today/METALIETFEQN.svg,https://nsearchives.nseindia.com/30d/METALIETF-EQ.svg,https://nsearchives.nseindia.com/365d/METALIETF-EQ.svg,EQ
EGOLD,Edelweiss Gold ETF,149.05,149.05,145.8,146.75,-3.65,-2.43,578210,84742457.6,150.4422,184.95,112.1,-,-,28.841088674275674,-8.137715179968701,150.4,0,32.05,-4.87,26-Sep-2025,28-Aug-2026,-,-8.137715179968701,-,28.841088674275674,20.65423087320897,-30.909901873327392,https://nsearchives.nseindia.com/today/EGOLDEQN.svg,https://nsearchives.nseindia.com/30d/EGOLD-EQ.svg,https://nsearchives.nseindia.com/365d/EGOLD-EQ.svg,EQ
NEXT50,Nifty Next 50,741.59,742.81,725.62,727.08,-14.5,-1.96,115863,84497727.27,742,785.96,617,-,-,3.7485195702116263,-5.604673807205448,741.58,0,7.62,-2.91,26-Sep-2025,28-Aug-2026,-,-5.604673807205448,-,3.7485195702116263,7.491475393149778,-17.84116693679093,https://nsearchives.nseindia.com/today/NEXT50EQN.svg,https://nsearchives.nseindia.com/30d/NEXT50-EQ.svg,https://nsearchives.nseindia.com/365d/NEXT50-EQ.svg,EQ
MASPTOP50,S&P 500 Top 50 Total Return Index,98.5,101.05,96.02,98.92,0.43,0.44,825617,81719570.66,69.1628,148.9,65,-,-,44.535359438924615,24.302588590098022,98.49,0,44.2,23.45,26-Sep-2025,28-Aug-2026,-,24.302588590098022,-,44.535359438924615,33.56615177971793,-52.184615384615384,https://nsearchives.nseindia.com/today/MASPTOP50EQN.svg,https://nsearchives.nseindia.com/30d/MASPTOP50-EQ.svg,https://nsearchives.nseindia.com/365d/MASPTOP50-EQ.svg,EQ
LTGILTBEES,NIFTY 8-13 yr G-Sec Index,29.69,29.69,29.48,29.53,-0.12,-0.40,2748148,81125328.96,29.6499,30.61,28.13,-,-,2.2152994115610958,-1.533844614871615,29.65,0,2.67,-1,26-Sep-2025,28-Aug-2026,-,-1.533844614871615,-,2.2152994115610958,3.528258738974186,-4.976892996800577,https://nsearchives.nseindia.com/today/LTGILTBEESEQN.svg,https://nsearchives.nseindia.com/30d/LTGILTBEES-EQ.svg,https://nsearchives.nseindia.com/365d/LTGILTBEES-EQ.svg,EQ
MIDCAPETF,Mirae Asset Mutual Fund - Mirae Asset Nifty Midcap 150 ETF,22.8,23.04,22.55,22.62,-0.34,-1.48,3563915,80758313.9,22.9608,24.57,19.6,-,-,3.856749311294765,-6.102117061021166,22.96,0,7.54,-4.61,26-Sep-2025,28-Aug-2026,-,-6.102117061021166,-,3.856749311294765,7.936507936507934,-15.408163265306118,https://nsearchives.nseindia.com/today/MIDCAPETFEQN.svg,https://nsearchives.nseindia.com/30d/MIDCAPETF-EQ.svg,https://nsearchives.nseindia.com/365d/MIDCAPETF-EQ.svg,EQ
GROWWLIQID,Nifty 1D Rate Index,110.92,110.93,110.92,110.92,0.01,0.01,723819,80286003.48,110.9144,112.71,105.52,-,-,4.760105780128454,0.3800904977375581,110.91,0,4.7,0.33,26-Sep-2025,28-Aug-2026,-,0.3800904977375581,-,4.760105780128454,1.5881465708455258,-5.117513267626996,https://nsearchives.nseindia.com/today/GROWWLIQIDEQN.svg,https://nsearchives.nseindia.com/30d/GROWWLIQID-EQ.svg,https://nsearchives.nseindia.com/365d/GROWWLIQID-EQ.svg,EQ
NIFTYETF,Nifty 50,252.15,252.28,248.1,248.43,-3.72,-1.48,321035,79918452.9,252.0072,289.05,239.81,-,-,-7.526521496370732,-5.915546298049613,252.15,0,-5.31,-4.11,26-Sep-2025,28-Aug-2026,-,-5.915546298049613,-,-7.526521496370732,14.05293201868189,-3.5945123222551203,https://nsearchives.nseindia.com/today/NIFTYETFEQN.svg,https://nsearchives.nseindia.com/30d/NIFTYETF-EQ.svg,https://nsearchives.nseindia.com/365d/NIFTYETF-EQ.svg,EQ
CPSEETF,CPSE ETF,92.72,93.94,91.22,91.69,-1.35,-1.45,778130,71424552.7,93.1719,112,86.06,-,-,-1.2599612319620954,-1.6096147655327826,93.04,0,1.39,0.3,26-Sep-2025,28-Aug-2026,-,-1.6096147655327826,-,-1.2599612319620954,18.133928571428573,-6.541947478503364,https://nsearchives.nseindia.com/today/CPSEETFEQN.svg,https://nsearchives.nseindia.com/30d/CPSEETF-EQ.svg,https://nsearchives.nseindia.com/365d/CPSEETF-EQ.svg,EQ
GROWWSLVR,Commodity-Silver,21.9,21.92,21.49,21.65,-0.75,-3.35,3217563,69788941.47,22.5054,36.3,13.28,06-FEB-26,FACE VALUE SPLIT (SUB-DIVISION) - FROM RS 10/- PER UNIT TO RE 1/- PER UNIT,-84.04568901989683,-8.145948239287236,22.4,0,-83.58,-5.04,26-Sep-2025,28-Aug-2026,FACE VALUE SPLIT (SUB-DIVISION) - FROM RS 10/- PER UNIT TO RE 1/- PER UNIT,-8.145948239287236,06-FEB-26,-84.04568901989683,40.358126721763085,-63.02710843373493,https://nsearchives.nseindia.com/today/GROWWSLVREQN.svg,https://nsearchives.nseindia.com/30d/GROWWSLVR-EQ.svg,https://nsearchives.nseindia.com/365d/GROWWSLVR-EQ.svg,EQ
LOWVOLIETF,Nifty 100 Low Volatility 30 Index,21.6,21.6,20.97,21.1,-0.08,-0.38,2851924,59975961.72,21.2747,26.81,19.84,01-MAR-24,FACE VALUE SPLIT (SUB-DIVISION) - FROM RS 10/- PER SHARE TO RE 1/- PER SHARE,-4.954954954954945,-5.508284818629632,21.18,0,-3.64,-4.85,26-Sep-2025,28-Aug-2026,FACE VALUE SPLIT (SUB-DIVISION) - FROM RS 10/- PER SHARE TO RE 1/- PER SHARE,-5.508284818629632,01-MAR-24,-4.954954954954945,21.29802312569936,-6.350806451612911,https://nsearchives.nseindia.com/today/LOWVOLIETFEQN.svg,https://nsearchives.nseindia.com/30d/LOWVOLIETF-EQ.svg,https://nsearchives.nseindia.com/365d/LOWVOLIETF-EQ.svg,EQ
FMCGIETF,Nifty FMCG Index,49.48,49.53,48.63,48.96,-0.52,-1.05,1204508,58828170.72,49.3919,61.19,48.25,10-MAY-24,FACE VALUE SPLIT (SUB-DIVISION) - FROM RS 10/- PER SHARE TO RE 1/- PER SHARE,-16.847826086956523,-3.9999999999999982,49.48,0,-15.42,-1.71,26-Sep-2025,28-Aug-2026,FACE VALUE SPLIT (SUB-DIVISION) - FROM RS 10/- PER SHARE TO RE 1/- PER SHARE,-3.9999999999999982,10-MAY-24,-16.847826086956523,19.98692596829547,-1.4715025906735768,https://nsearchives.nseindia.com/today/FMCGIETFEQN.svg,https://nsearchives.nseindia.com/30d/FMCGIETF-EQ.svg,https://nsearchives.nseindia.com/365d/FMCGIETF-EQ.svg,EQ
NIFTY1,Nifty 50,263.92,263.92,251.05,253.99,-3.5,-1.36,230337,58549362.03,257.1061,295.8,244.8,27-JUL-17, FACE VALUE SPLIT (SUB-DIVISION) - FROM RS 10/- PER SHARE TO RS 1/- PER SHARE,-7.258918464965127,-5.863385345242946,257.49,0,-5.02,-3.98,26-Sep-2025,28-Aug-2026, FACE VALUE SPLIT (SUB-DIVISION) - FROM RS 10/- PER SHARE TO RS 1/- PER SHARE,-5.863385345242946,27-JUL-17,-7.258918464965127,14.134550371872887,-3.7540849673202605,https://nsearchives.nseindia.com/today/NIFTY1EQN.svg,https://nsearchives.nseindia.com/30d/NIFTY1-EQ.svg,https://nsearchives.nseindia.com/365d/NIFTY1-EQ.svg,EQ
HNGSNGBEES,Hang Seng Index,457.75,460.4,453.24,456,-1.74,-0.38,126151,57604331.13,446.0006,579.92,443.42,19-DEC-19, FACE VALUE SPLIT (SUB-DIVISION) - FROM RS 10/- TO RS 1/-,-12.777352716143833,-4.173496406506118,457.74,0,-13.01,-3.27,26-Sep-2025,28-Aug-2026, FACE VALUE SPLIT (SUB-DIVISION) - FROM RS 10/- TO RS 1/-,-4.173496406506118,19-DEC-19,-12.777352716143833,21.36846461580907,-2.8370393757611256,https://nsearchives.nseindia.com/today/HNGSNGBEESEQN.svg,https://nsearchives.nseindia.com/30d/HNGSNGBEES-EQ.svg,https://nsearchives.nseindia.com/365d/HNGSNGBEES-EQ.svg,EQ
MOLOWVOL,Nifty Midcap 100 TRI,34.92,34.92,33.28,34.77,-0.15,-0.43,1560777,53940453.12,35.0292,43.07,33.28,11-AUG-22,FACE VALUE SPLIT (SUB-DIVISION) - FROM RS 10/- PER UNIT TO RS 2/- PER UNIT,-7.600318894499068,-5.899864682002705,34.92,0,-6.2,-4.62,26-Sep-2025,28-Aug-2026,FACE VALUE SPLIT (SUB-DIVISION) - FROM RS 10/- PER UNIT TO RS 2/- PER UNIT,-5.899864682002705,11-AUG-22,-7.600318894499068,19.270954260506148,-4.477163461538467,https://nsearchives.nseindia.com/today/MOLOWVOLEQN.svg,https://nsearchives.nseindia.com/30d/MOLOWVOL-EQ.svg,https://nsearchives.nseindia.com/365d/MOLOWVOL-EQ.svg,EQ
EBBETF0430,Nifty BHARAT Bond,1610,1614.5,1599.31,1606.8,0.92,0.06,31927,51362241.98,1608.8698,1646.18,1510.35,-,-,4.616867093346519,0.022409800552768852,1605.88,0,4.44,0,26-Sep-2025,28-Aug-2026,-,0.022409800552768852,-,4.616867093346519,2.392204983659145,-6.385937034462214,https://nsearchives.nseindia.com/today/EBBETF0430EQN.svg,https://nsearchives.nseindia.com/30d/EBBETF0430-EQ.svg,https://nsearchives.nseindia.com/365d/EBBETF0430-EQ.svg,EQ
SECLEDBETA,BSE India Sector Leaders,14.67,14.85,14,14,-0.92,-6.17,3665193,51312702,14.2082,15.5,14,-,-,Infinity,Infinity,14.92,0,0,0,,,-,Infinity,-,Infinity,9.67741935483871,0,https://nsearchives.nseindia.com/today/SECLEDBETAEQN.svg,,,EQ
SETFNN50,Nifty Next 50,773.61,773.61,755.4,757.59,-13.36,-1.73,66705,50620423.35,770.355,840,636.01,02-NOV-17, DIVIDEND - RS 7/- PER UNIT,4.270810394186315,-5.5374064837905195,770.95,0,7.66,-3.01,26-Sep-2025,28-Aug-2026, DIVIDEND - RS 7/- PER UNIT,-5.5374064837905195,02-NOV-17,4.270810394186315,9.810714285714282,-19.11605163440827,https://nsearchives.nseindia.com/today/SETFNN50EQN.svg,https://nsearchives.nseindia.com/30d/SETFNN50-EQ.svg,https://nsearchives.nseindia.com/365d/SETFNN50-EQ.svg,EQ
BANK10BETF,Bajaj Finserv BSE Top 10 Banks ETF,20.12,20.12,19.83,19.95,-0.3,-1.48,2486757,49486464.3,20.201,24.9,19.73,-,-,Infinity,-5.0000000000000036,20.25,0,0,-2.5,,28-Aug-2026,-,-5.0000000000000036,-,Infinity,19.879518072289155,-1.1150532184490565,https://nsearchives.nseindia.com/today/BANK10BETFEQN.svg,https://nsearchives.nseindia.com/30d/BANK10BETF-EQ.svg,,EQ
MOCAPITAL,Nifty Capital Market Total Return Index,52.97,54.03,51.54,51.93,-1.04,-1.96,882414,45859055.58,52.8508,57.25,41.31,-,-,22.447535958500364,-6.952159111270386,52.97,0,26.33,-4.37,26-Sep-2025,28-Aug-2026,-,-6.952159111270386,-,22.447535958500364,9.292576419213974,-25.708061002178642,https://nsearchives.nseindia.com/today/MOCAPITALEQN.svg,https://nsearchives.nseindia.com/30d/MOCAPITAL-EQ.svg,https://nsearchives.nseindia.com/365d/MOCAPITAL-EQ.svg,EQ
MOM100,Nifty Midcap 100,66.09,66.09,64.69,64.99,-1.37,-2.06,692337,45029598.48,65.7765,70.32,56.15,-,-,5.025856496444718,-6.354466858789641,66.36,0,9.13,-3.99,26-Sep-2025,28-Aug-2026,-,-6.354466858789641,-,5.025856496444718,7.579635949943115,-15.743544078361525,https://nsearchives.nseindia.com/today/MOM100EQN.svg,https://nsearchives.nseindia.com/30d/MOM100-EQ.svg,https://nsearchives.nseindia.com/365d/MOM100-EQ.svg,EQ
PVTBANIETF,Nifty Private Bank Index,27.11,27.17,26.72,26.92,-0.32,-1.17,1654873,44433340.05,27.2011,30.32,24.18,01-MAR-24,FACE VALUE SPLIT (SUB-DIVISION) - FROM RS 10/- PER SHARE TO RE 1/- PER SHARE,-0.3700962250184969,-3.99429386590584,27.24,0,1.95,-2.78,26-Sep-2025,28-Aug-2026,FACE VALUE SPLIT (SUB-DIVISION) - FROM RS 10/- PER SHARE TO RE 1/- PER SHARE,-3.99429386590584,01-MAR-24,-0.3700962250184969,11.213720316622688,-11.331679073614566,https://nsearchives.nseindia.com/today/PVTBANIETFEQN.svg,https://nsearchives.nseindia.com/30d/PVTBANIETF-EQ.svg,https://nsearchives.nseindia.com/365d/PVTBANIETF-EQ.svg,EQ
BANK10ADD,BSE Top 10 Banks Index (TRI),16.44,16.44,16.13,16.22,-0.22,-1.34,2703154,43737031.72,16.4187,18.99,12.08,-,-,Infinity,-4.8680351906158466,16.44,0,0,-3.01,,28-Aug-2026,-,-4.8680351906158466,-,Infinity,14.586624539231172,-34.27152317880794,https://nsearchives.nseindia.com/today/BANK10ADDEQN.svg,https://nsearchives.nseindia.com/30d/BANK10ADD-EQ.svg,,EQ
GROWWGOLD,Commodity,14.47,14.5,14.26,14.35,-0.35,-2.38,3043158,43638885.72,14.7045,18,11.05,06-FEB-26,FACE VALUE SPLIT (SUB-DIVISION) - FROM RS 10/- PER UNIT TO RE 1/- PER UNIT,-87.12195997487213,-8.012820512820513,14.7,0,-86.8,-4.73,26-Sep-2025,28-Aug-2026,FACE VALUE SPLIT (SUB-DIVISION) - FROM RS 10/- PER UNIT TO RE 1/- PER UNIT,-8.012820512820513,06-FEB-26,-87.12195997487213,20.277777777777782,-29.864253393665145,https://nsearchives.nseindia.com/today/GROWWGOLDEQN.svg,https://nsearchives.nseindia.com/30d/GROWWGOLD-EQ.svg,https://nsearchives.nseindia.com/365d/GROWWGOLD-EQ.svg,EQ
AUTOBEES,Nifty Auto TRI,278.99,279.49,273,274,-4.51,-1.62,156585,43103152.95,279.135,310.45,242.5,-,-,-0.22939955576593798,-9.003354255919767,278.51,0,2.49,-6.57,26-Sep-2025,28-Aug-2026,-,-9.003354255919767,-,-0.22939955576593798,11.741021098405538,-12.989690721649485,https://nsearchives.nseindia.com/today/AUTOBEESEQN.svg,https://nsearchives.nseindia.com/30d/AUTOBEES-EQ.svg,https://nsearchives.nseindia.com/365d/AUTOBEES-EQ.svg,EQ
MIDCAPIETF,Nifty Midcap 150,24.01,24.01,22.8,22.9,-0.41,-1.76,1845107,42363656.72,23.2419,24.88,19.89,10-MAY-24,FACE VALUE SPLIT (SUB-DIVISION) - FROM RS 10/- PER SHARE TO RE 1/- PER SHARE,3.996366939146226,-5.993431855500825,23.31,0,7.72,-4.23,26-Sep-2025,28-Aug-2026,FACE VALUE SPLIT (SUB-DIVISION) - FROM RS 10/- PER SHARE TO RE 1/- PER SHARE,-5.993431855500825,10-MAY-24,3.996366939146226,7.958199356913186,-15.133232780291593,https://nsearchives.nseindia.com/today/MIDCAPIETFEQN.svg,https://nsearchives.nseindia.com/30d/MIDCAPIETF-EQ.svg,https://nsearchives.nseindia.com/365d/MIDCAPIETF-EQ.svg,EQ
QGOLDHALF,Gold,123.54,123.54,120.7,121.55,-3.25,-2.60,334264,40599705.44,124.765,149.69,93.31,16-DEC-21, FACE VALUE SPLIT (SUB-DIVISION) - FROM RS 100 PER SHARE TO RS 2 PER SHARE,28.965517241379306,-8.567774936061381,124.8,0,32.64,-4.86,26-Sep-2025,28-Aug-2026, FACE VALUE SPLIT (SUB-DIVISION) - FROM RS 100 PER SHARE TO RS 2 PER SHARE,-8.567774936061381,16-DEC-21,28.965517241379306,18.798850958647872,-30.264709034401452,https://nsearchives.nseindia.com/today/QGOLDHALFEQN.svg,https://nsearchives.nseindia.com/30d/QGOLDHALF-EQ.svg,https://nsearchives.nseindia.com/365d/QGOLDHALF-EQ.svg,EQ
NIF500BETA,Nifty 500,36.19,36.19,35.8,35.86,-0.33,-0.91,1127471,40419835.35,36.3678,38.3,35.8,-,-,Infinity,Infinity,36.19,0,0,-4.39,,28-Aug-2026,-,Infinity,-,Infinity,6.3707571801566525,-0.16759776536313487,https://nsearchives.nseindia.com/today/NIF500BETAEQN.svg,https://nsearchives.nseindia.com/30d/NIF500BETA-EQ.svg,,EQ
MOREALTY,Motilal Oswal Nifty Realty ETF,87.07,87.07,85.07,85.15,-1.92,-2.21,470510,40299181.5,87.3034,99.49,64,-,-,-2.9961266803372015,-6.817684394834745,87.07,0,-0.02,-4.13,26-Sep-2025,28-Aug-2026,-,-6.817684394834745,-,-2.9961266803372015,14.413508895366357,-33.04687500000001,https://nsearchives.nseindia.com/today/MOREALTYEQN.svg,https://nsearchives.nseindia.com/30d/MOREALTY-EQ.svg,https://nsearchives.nseindia.com/365d/MOREALTY-EQ.svg,EQ
EQUAL50ADD,NIFTY 50 Equal Weight Index,334.89,334.89,326.09,327.93,-4.82,-1.45,105874,34687498.62,330.961,361,304.78,-,-,-1.0411008509867792,-5.435722936732213,332.75,0,1.53,-3.81,26-Sep-2025,28-Aug-2026,-,-5.435722936732213,-,-1.0411008509867792,9.160664819944596,-7.5956427587112145,https://nsearchives.nseindia.com/today/EQUAL50ADDEQN.svg,https://nsearchives.nseindia.com/30d/EQUAL50ADD-EQ.svg,https://nsearchives.nseindia.com/365d/EQUAL50ADD-EQ.svg,EQ
NIFTYBETA,Nifty 50,258.36,258.36,253.19,256,-0.69,-0.27,134581,34191648.86,256.8583,297.48,244.9,25-SEP-23,FACE VALUE SPLIT (SUB-DIVISION) - FROM RS 10/- PER SHARE TO RE 1/- PER SHARE,Infinity,-5.1570835803201005,256.69,0,0,-4.31,,28-Aug-2026,FACE VALUE SPLIT (SUB-DIVISION) - FROM RS 10/- PER SHARE TO RE 1/- PER SHARE,-5.1570835803201005,25-SEP-23,Infinity,13.94379454080947,-4.532462229481419,https://nsearchives.nseindia.com/today/NIFTYBETAEQN.svg,https://nsearchives.nseindia.com/30d/NIFTYBETA-EQ.svg,,EQ
BBETF0432,Nifty BHARAT Bond Index - April 2032,1336,1340.94,1330.99,1332.53,-3.47,-0.26,24975,33295171.5,1339.8576,1378,1285.86,-,-,3.5232057676470974,-1.2406708812913656,1336,0,3.69,-0.48,26-Sep-2025,28-Aug-2026,-,-1.2406708812913656,-,3.5232057676470974,3.299709724238028,-3.6294775481001103,https://nsearchives.nseindia.com/today/BBETF0432EQN.svg,https://nsearchives.nseindia.com/30d/BBETF0432-EQ.svg,https://nsearchives.nseindia.com/365d/BBETF0432-EQ.svg,EQ
MOMENTUM50,Nifty 500 Momentum 50 Total Return Index,53,54,52,52.5,-0.96,-1.80,613763,32290071.43,53.4093,55.97,44.96,-,-,2.4790162014444723,-4.475982532751093,53.46,0,6.22,-3.61,26-Sep-2025,28-Aug-2026,-,-4.475982532751093,-,2.4790162014444723,6.199749865999641,-16.770462633451956,https://nsearchives.nseindia.com/today/MOMENTUM50EQN.svg,https://nsearchives.nseindia.com/30d/MOMENTUM50-EQ.svg,https://nsearchives.nseindia.com/365d/MOMENTUM50-EQ.svg,EQ
ABSLLIQUID,Aditya Birla Sun Life CRISIL Overnight Fund AI ETF,999.99,1000.01,999.99,1000,0,0.00,32152,32151678.48,1000,1044.99,975,-,-,-0.0009999900000990894,0,1000,0,0,0,26-Sep-2025,28-Aug-2026,-,0,-,-0.0009999900000990894,4.3053043569794935,-2.5641025641025643,https://nsearchives.nseindia.com/today/ABSLLIQUIDEQN.svg,https://nsearchives.nseindia.com/30d/ABSLLIQUID-EQ.svg,https://nsearchives.nseindia.com/365d/ABSLLIQUID-EQ.svg,EQ
ICICIB22,S&P BSE BHARAT 22 index,110.6,112.86,110.35,110.39,-2.01,-1.79,276073,30663428.11,112.6857,131,108.8,-,-,0.11790313803736209,-4.366282595512437,112.4,0,2.34,-1.76,26-Sep-2025,28-Aug-2026,-,-4.366282595512437,-,0.11790313803736209,15.732824427480915,-1.4613970588235325,https://nsearchives.nseindia.com/today/ICICIB22EQN.svg,https://nsearchives.nseindia.com/30d/ICICIB22-EQ.svg,https://nsearchives.nseindia.com/365d/ICICIB22-EQ.svg,EQ
TOP10ADD,Nifty Top 10 Equal Weight Index,83.8,83.8,82.52,82.53,-1.35,-1.61,356354,29498984.12,83.6862,103.04,82.52,-,-,-12.768206320684914,-6.2585188550658835,83.88,0,-10.89,-4.77,26-Sep-2025,28-Aug-2026,-,-6.2585188550658835,-,-12.768206320684914,19.904891304347828,-0.012118274357737659,https://nsearchives.nseindia.com/today/TOP10ADDEQN.svg,https://nsearchives.nseindia.com/30d/TOP10ADD-EQ.svg,https://nsearchives.nseindia.com/365d/TOP10ADD-EQ.svg,EQ
CHEMICAL,Nifty Chemicals Index (TRI),29.14,29.14,28.47,28.8,-0.34,-1.17,981124,28266182.44,29.252,31.8,24.5,-,-,Infinity,-5.604719764011802,29.14,0,0,-4.11,,28-Aug-2026,-,-5.604719764011802,-,Infinity,9.433962264150944,-17.551020408163268,https://nsearchives.nseindia.com/today/CHEMICALEQN.svg,https://nsearchives.nseindia.com/30d/CHEMICAL-EQ.svg,,EQ
METAL,Nifty Metal Total Return Index,13.22,13.6,12.1,13,-0.22,-1.66,2171048,28223624,13.2178,14.18,8.7,-,-,28.331688055281333,-5.109489051094886,13.22,0,33,-2.79,26-Sep-2025,28-Aug-2026,-,-5.109489051094886,-,28.331688055281333,8.321579689703807,-49.42528735632185,https://nsearchives.nseindia.com/today/METALEQN.svg,https://nsearchives.nseindia.com/30d/METAL-EQ.svg,https://nsearchives.nseindia.com/365d/METAL-EQ.svg,EQ
OILIETF,Nifty Oil & Gas Index,11.01,11.04,10.84,10.88,-0.13,-1.18,2570987,27972338.56,11.0398,14,9.8,-,-,-4.2253521126760445,-3.886925795052999,11.01,0,-2.39,-1.96,26-Sep-2025,28-Aug-2026,-,-3.886925795052999,-,-4.2253521126760445,22.28571428571428,-11.020408163265305,https://nsearchives.nseindia.com/today/OILIETFEQN.svg,https://nsearchives.nseindia.com/30d/OILIETF-EQ.svg,https://nsearchives.nseindia.com/365d/OILIETF-EQ.svg,EQ
SETFNIFBK,Nifty Bank,557.01,570,557.01,560.3,-11,-1.93,49596,27901221.72,571.6611,646.11,465.64,02-NOV-17, DIVIDEND - RS 3.50 PER UNIT,-0.5078485687903995,-5.768583921964357,571.3,0,2.47,-3.43,26-Sep-2025,28-Aug-2026, DIVIDEND - RS 3.50 PER UNIT,-5.768583921964357,02-NOV-17,-0.5078485687903995,13.281020259708107,-20.329009535263285,https://nsearchives.nseindia.com/today/SETFNIFBKEQN.svg,https://nsearchives.nseindia.com/30d/SETFNIFBK-EQ.svg,https://nsearchives.nseindia.com/365d/SETFNIFBK-EQ.svg,EQ
BANKETF,Mirae Asset Nifty Bank ETF,565.27,565.27,555.5,556.56,-10.55,-1.86,48114,26823073.86,567.0955,628.27,507.01,-,-,-0.3170168180108709,-5.605400179779866,567.11,0,2.69,-3.22,26-Sep-2025,28-Aug-2026,-,-5.605400179779866,-,-0.3170168180108709,11.413882566412536,-9.772982781404696,https://nsearchives.nseindia.com/today/BANKETFEQN.svg,https://nsearchives.nseindia.com/30d/BANKETF-EQ.svg,https://nsearchives.nseindia.com/365d/BANKETF-EQ.svg,EQ
MONIFTY500,Motilal Oswal Nifty 500 ETF,23.76,23.76,22.77,23.18,-0.01,-0.04,1143360,26182944,23.1402,28.28,20.75,-,-,-1.4874628134296701,-4.0165631469979255,23.19,0,-0.04,-3.82,26-Sep-2025,28-Aug-2026,-,-4.0165631469979255,-,-1.4874628134296701,18.033946251768036,-11.710843373493974,https://nsearchives.nseindia.com/today/MONIFTY500EQN.svg,https://nsearchives.nseindia.com/30d/MONIFTY500-EQ.svg,https://nsearchives.nseindia.com/365d/MONIFTY500-EQ.svg,EQ
SML100CASE,Nifty Smallcap 100 Index,11.48,11.48,10.88,11.04,-0.15,-1.34,2345252,25868129.56,11.2159,11.77,8.5,-,-,8.8757396449704,-3.412073490813653,11.19,0,12.69,-2.01,26-Sep-2025,28-Aug-2026,-,-3.412073490813653,-,8.8757396449704,6.202209005947328,-29.88235294117646,https://nsearchives.nseindia.com/today/SML100CASEEQN.svg,https://nsearchives.nseindia.com/30d/SML100CASE-EQ.svg,https://nsearchives.nseindia.com/365d/SML100CASE-EQ.svg,EQ
MOSMALL250,Motilal Oswal Nifty Smallcap 250 ETF,18.78,18.78,17.96,18.06,-0.27,-1.47,1351537,24395242.85,18.2607,19.38,14.22,-,-,5.73770491803279,-2.7463651050080857,18.33,0,9.17,-1.19,26-Sep-2025,28-Aug-2026,-,-2.7463651050080857,-,5.73770491803279,6.811145510835915,-27.004219409282687,https://nsearchives.nseindia.com/today/MOSMALL250EQN.svg,https://nsearchives.nseindia.com/30d/MOSMALL250-EQ.svg,https://nsearchives.nseindia.com/365d/MOSMALL250-EQ.svg,EQ
TOP100CASE,Zerodha Nifty 100 ETF,10.47,10.47,10.05,10.08,-0.14,-1.37,2403828,24230586.24,10.2236,11.57,9.48,-,-,-5.440900562851783,-5.882352941176477,10.22,0,-3.04,-4.22,26-Sep-2025,28-Aug-2026,-,-5.882352941176477,-,-5.440900562851783,12.878133102852207,-6.3291139240506284,https://nsearchives.nseindia.com/today/TOP100CASEEQN.svg,https://nsearchives.nseindia.com/30d/TOP100CASE-EQ.svg,https://nsearchives.nseindia.com/365d/TOP100CASE-EQ.svg,EQ
BANKIETF,Nifty Bank,57.11,57.16,56.05,56.05,-1.06,-1.86,420502,23682672.64,57.1515,63.9,51.17,-,-,-0.30238349341871523,-5.671491080444302,57.11,0,2.49,-3.42,26-Sep-2025,28-Aug-2026,-,-5.671491080444302,-,-0.30238349341871523,12.284820031298906,-9.536837991010348,https://nsearchives.nseindia.com/today/BANKIETFEQN.svg,https://nsearchives.nseindia.com/30d/BANKIETF-EQ.svg,https://nsearchives.nseindia.com/365d/BANKIETF-EQ.svg,EQ
HEALTHIETF,Nifty Healthcare Index,175.45,175.45,169.12,170.3,-1.71,-0.99,137494,23402853.74,171.2252,175.45,138.65,-,-,14.92003509008706,-0.5082666355085448,172.01,0,18.48,-0.1,26-Sep-2025,28-Aug-2026,-,-0.5082666355085448,-,14.92003509008706,2.9353092049016687,-22.82726289217454,https://nsearchives.nseindia.com/today/HEALTHIETFEQN.svg,https://nsearchives.nseindia.com/30d/HEALTHIETF-EQ.svg,https://nsearchives.nseindia.com/365d/HEALTHIETF-EQ.svg,EQ
NIFTYCASE,Nifty Index 50 Index,9.27,9.39,9.15,9.19,-0.11,-1.18,2422794,22265476.86,9.3012,11.61,8.84,-,-,Infinity,-5.936540429887412,9.3,0,0,-4.02,,28-Aug-2026,-,-5.936540429887412,-,Infinity,20.844099913867357,-3.9592760180995437,https://nsearchives.nseindia.com/today/NIFTYCASEEQN.svg,https://nsearchives.nseindia.com/30d/NIFTYCASE-EQ.svg,,EQ
NIF100BEES,Nifty 100 TRI,258.25,258.25,254,255,-3.25,-1.26,83774,21362370,258.0884,290,240,-,-,-5.656887047245558,-5.83108682004506,258.25,0,-3.53,-3.6,26-Sep-2025,28-Aug-2026,-,-5.83108682004506,-,-5.656887047245558,12.068965517241379,-6.25,https://nsearchives.nseindia.com/today/NIF100BEESEQN.svg,https://nsearchives.nseindia.com/30d/NIF100BEES-EQ.svg,https://nsearchives.nseindia.com/365d/NIF100BEES-EQ.svg,EQ
GILT5YBEES,Nifty 5 yr Benchmark G-Sec Index,67.29,67.29,65.56,65.7,-0.27,-0.41,315900,20760948,65.79,69,61.45,-,-,4.385128693994289,-0.979653353428774,65.97,0,4.91,-0.38,26-Sep-2025,28-Aug-2026,-,-0.979653353428774,-,4.385128693994289,4.782608695652169,-6.916192026037429,https://nsearchives.nseindia.com/today/GILT5YBEESEQN.svg,https://nsearchives.nseindia.com/30d/GILT5YBEES-EQ.svg,https://nsearchives.nseindia.com/365d/GILT5YBEES-EQ.svg,EQ
SENSEXIETF,SENSEX,842.3,858.4,838.01,838.8,-12.96,-1.52,24379,20497863.2,850.5686,999.84,731,-,-,-9.457913257485806,-6.214360786242988,851.76,0,-7.24,-3.89,26-Sep-2025,28-Aug-2026,-,-6.214360786242988,-,-9.457913257485806,16.10657705232838,-14.746922024623798,https://nsearchives.nseindia.com/today/SENSEXIETFEQN.svg,https://nsearchives.nseindia.com/30d/SENSEXIETF-EQ.svg,https://nsearchives.nseindia.com/365d/SENSEXIETF-EQ.svg,EQ
HDFCMID150,HDFC NIFTY Midcap 150 ETF,23,23,22.35,22.45,-0.25,-1.10,901111,20238953.06,22.7341,25.2,19.42,20-OCT-23,FACE VALUE SPLIT (SUB-DIVISION) - FROM RS 115.95/- PER SHARE TO RS 11.59/- PER SHARE,3.791030975496996,-5.988274706867671,22.7,0,6.92,-4.58,26-Sep-2025,28-Aug-2026,FACE VALUE SPLIT (SUB-DIVISION) - FROM RS 115.95/- PER SHARE TO RS 11.59/- PER SHARE,-5.988274706867671,20-OCT-23,3.791030975496996,10.912698412698413,-15.602471678681757,https://nsearchives.nseindia.com/today/HDFCMID150EQN.svg,https://nsearchives.nseindia.com/30d/HDFCMID150-EQ.svg,https://nsearchives.nseindia.com/365d/HDFCMID150-EQ.svg,EQ
GROWWPOWER,BSE Power Index - TRI,11.05,11.09,10.82,10.85,-0.23,-2.08,1830374,19932772.86,11.0682,13.2,7.75,-,-,6.581532416502947,-4.405286343612335,11.08,0,10.25,-2.21,26-Sep-2025,28-Aug-2026,-,-4.405286343612335,-,6.581532416502947,17.8030303030303,-39.99999999999999,https://nsearchives.nseindia.com/today/GROWWPOWEREQN.svg,https://nsearchives.nseindia.com/30d/GROWWPOWER-EQ.svg,https://nsearchives.nseindia.com/365d/GROWWPOWER-EQ.svg,EQ
MANUFGBEES,Nifty India Manufacturing TRI,159.12,162.03,156.8,157.7,-1.42,-0.89,123024,19435331.52,159.6142,171.58,138.6,-,-,5.049293898214751,-5.6818181818181825,159.12,0,7.43,-4.36,26-Sep-2025,28-Aug-2026,-,-5.6818181818181825,-,5.049293898214751,8.089520923184534,-13.780663780663778,https://nsearchives.nseindia.com/today/MANUFGBEESEQN.svg,https://nsearchives.nseindia.com/30d/MANUFGBEES-EQ.svg,https://nsearchives.nseindia.com/365d/MANUFGBEES-EQ.svg,EQ
ESILVER,Edelweiss Silver ETF,225.51,225.51,219.12,221.25,-8.04,-3.51,87768,19394972.64,229.3128,375,134.22,-,-,60.58208738568733,-7.800975121890236,229.29,0,64.96,-4.54,26-Sep-2025,28-Aug-2026,-,-7.800975121890236,-,60.58208738568733,41,-64.8413053196245,https://nsearchives.nseindia.com/today/ESILVEREQN.svg,https://nsearchives.nseindia.com/30d/ESILVER-EQ.svg,https://nsearchives.nseindia.com/365d/ESILVER-EQ.svg,EQ
MULTICAP,Nifty500 Multicap 50:25:25 Index,16.35,16.35,16.03,16.07,-0.22,-1.35,1186068,19083834.12,16.3177,17.5,14.2,-,-,-0.4953560371516923,-5.359246171967021,16.29,0,2.45,-3.55,26-Sep-2025,28-Aug-2026,-,-5.359246171967021,-,-0.4953560371516923,8.171428571428569,-13.169014084507051,https://nsearchives.nseindia.com/today/MULTICAPEQN.svg,https://nsearchives.nseindia.com/30d/MULTICAP-EQ.svg,https://nsearchives.nseindia.com/365d/MULTICAP-EQ.svg,EQ
NV20IETF,Nifty50 Value 20,13.11,13.11,12.7,12.94,-0.17,-1.30,1477538,19075015.58,13.0785,16,12.5,01-MAR-24,FACE VALUE SPLIT (SUB-DIVISION) - FROM RS 10/- PER SHARE TO RE 1/- PER SHARE,-10.013908205841453,-5.062362435803384,13.11,0,-7.94,-3.74,26-Sep-2025,28-Aug-2026,FACE VALUE SPLIT (SUB-DIVISION) - FROM RS 10/- PER SHARE TO RE 1/- PER SHARE,-5.062362435803384,01-MAR-24,-10.013908205841453,19.125000000000004,-3.519999999999996,https://nsearchives.nseindia.com/today/NV20IETFEQN.svg,https://nsearchives.nseindia.com/30d/NV20IETF-EQ.svg,https://nsearchives.nseindia.com/365d/NV20IETF-EQ.svg,EQ
DEFENCE,BSE India Defence,80.44,80.44,76.74,77.07,-1.41,-1.80,229181,17662979.67,78.4517,85.6,58.91,-,-,Infinity,-6.886553098948897,78.48,0,0,-4.69,,28-Aug-2026,-,-6.886553098948897,-,Infinity,9.964953271028039,-30.82668477338312,https://nsearchives.nseindia.com/today/DEFENCEEQN.svg,https://nsearchives.nseindia.com/30d/DEFENCE-EQ.svg,,EQ
GROWWDEFNC,Nifty India Defence Index- Total Return Index,93.88,93.88,92.1,92.69,-1.18,-1.26,176851,16385245.15,93.8787,102.07,71.78,-,-,14.305093106424954,-4.835728952772082,93.87,0,17.72,-3.66,26-Sep-2025,28-Aug-2026,-,-4.835728952772082,-,14.305093106424954,9.189771725286564,-29.13067706882139,https://nsearchives.nseindia.com/today/GROWWDEFNCEQN.svg,https://nsearchives.nseindia.com/30d/GROWWDEFNC-EQ.svg,https://nsearchives.nseindia.com/365d/GROWWDEFNC-EQ.svg,EQ
MID150CASE,Zerodha Nifty Midcap 150 ETF,11.61,11.61,11.11,11.18,-0.15,-1.32,1435511,16049012.98,11.3076,13,9.63,-,-,4.779756326148076,-5.892255892255902,11.33,0,8.21,-4.55,26-Sep-2025,28-Aug-2026,-,-5.892255892255902,-,4.779756326148076,14.000000000000002,-16.095534787123558,https://nsearchives.nseindia.com/today/MID150CASEEQN.svg,https://nsearchives.nseindia.com/30d/MID150CASE-EQ.svg,https://nsearchives.nseindia.com/365d/MID150CASE-EQ.svg,EQ
MOSILVER,Domestic Price of Physical Silver,221,221,217.11,218.61,-7.39,-3.27,71919,15758891.28,226.9683,385,133.51,-,-,59.41807044410415,-7.984678845020624,226,0,63.24,-4.92,26-Sep-2025,28-Aug-2026,-,-7.984678845020624,-,59.41807044410415,43.21818181818182,-63.74054377949219,https://nsearchives.nseindia.com/today/MOSILVEREQN.svg,https://nsearchives.nseindia.com/30d/MOSILVER-EQ.svg,https://nsearchives.nseindia.com/365d/MOSILVER-EQ.svg,EQ
LICMFGOLD,Gold,134.3,134.3,131.85,132.4,-3.3,-2.43,118734,15748877.76,,162,101.82,06-MAR-26,FACE VALUE SPLIT (SUB-DIVISION) - FROM RS 100/- PER SHARE TO RE 1/- PER SHARE,-98.70944473957394,-7.8956521739130405,135.7,0,-98.67,-4.44,26-Sep-2025,28-Aug-2026,FACE VALUE SPLIT (SUB-DIVISION) - FROM RS 100/- PER SHARE TO RE 1/- PER SHARE,-7.8956521739130405,06-MAR-26,-98.70944473957394,18.2716049382716,-30.0333922608525,https://nsearchives.nseindia.com/today/LICMFGOLDEQN.svg,https://nsearchives.nseindia.com/30d/LICMFGOLD-EQ.svg,https://nsearchives.nseindia.com/365d/LICMFGOLD-EQ.svg,EQ
MIDSMALL,Mirae Asset Nifty MidSmallcap400 Momentum Quality 100 ETF,50.99,50.99,50.08,50.29,-0.7,-1.37,305507,15382277.45,51.0597,53.07,42.41,-,-,4.206382096974723,-4.355268162799542,50.99,0,8.08,-3.34,26-Sep-2025,28-Aug-2026,-,-4.355268162799542,-,4.206382096974723,5.238364424345207,-18.58052346144778,https://nsearchives.nseindia.com/today/MIDSMALLEQN.svg,https://nsearchives.nseindia.com/30d/MIDSMALL-EQ.svg,https://nsearchives.nseindia.com/365d/MIDSMALL-EQ.svg,EQ
MOM30IETF,ICICI Prudential Nifty 200 Momentum 30 ETF,29.89,30.85,29.89,30.29,-0.37,-1.21,499940,15143182.6,30.7858,32.9,26,12-AUG-22,ADDITONAL ISSUANCE 9:1,-1.84705119896306,-5.314160675211002,30.66,0,0.76,-4.07,26-Sep-2025,28-Aug-2026,ADDITONAL ISSUANCE 9:1,-5.314160675211002,12-AUG-22,-1.84705119896306,7.933130699088145,-16.499999999999996,https://nsearchives.nseindia.com/today/MOM30IETFEQN.svg,https://nsearchives.nseindia.com/30d/MOM30IETF-EQ.svg,https://nsearchives.nseindia.com/365d/MOM30IETF-EQ.svg,EQ
ALPHAETF,Mirae Asset Nifty 200 Alpha 30 ETF,25.97,25.97,25.33,25.43,-0.53,-2.04,585590,14932545,25.9809,27.61,21.8,-,-,2.7890056588520666,-7.257476294675426,25.96,0,7.23,-4.94,26-Sep-2025,28-Aug-2026,-,-7.257476294675426,-,2.7890056588520666,7.895689967403114,-16.651376146788984,https://nsearchives.nseindia.com/today/ALPHAETFEQN.svg,https://nsearchives.nseindia.com/30d/ALPHAETF-EQ.svg,https://nsearchives.nseindia.com/365d/ALPHAETF-EQ.svg,EQ
LTGILTCASE,Nifty 8-13 Yr G-Sec Index,30.82,30.82,30.08,30.08,-0.14,-0.46,494408,14901457.12,30.1961,31.31,28.71,-,-,2.0006781959986433,-1.8276762402088846,30.22,0,2.65,-1.05,26-Sep-2025,28-Aug-2026,-,-1.8276762402088846,-,2.0006781959986433,3.9284573618652203,-4.771856495994418,https://nsearchives.nseindia.com/today/LTGILTCASEEQN.svg,https://nsearchives.nseindia.com/30d/LTGILTCASE-EQ.svg,https://nsearchives.nseindia.com/365d/LTGILTCASE-EQ.svg,EQ
HDFCNEXT50,HDFC NIFTY NEXT 50 ETF,73.21,73.35,71.77,72.19,-1.02,-1.39,203853,14763034.26,73.4492,78.07,59.99,20-OCT-23,FACE VALUE SPLIT (SUB-DIVISION) - FROM RS 418.18/- PER SHARE TO RS 41.81/- PER SHARE,4.035163568237494,-5.237595169335795,73.21,0,6.77,-3.33,26-Sep-2025,28-Aug-2026,FACE VALUE SPLIT (SUB-DIVISION) - FROM RS 418.18/- PER SHARE TO RS 41.81/- PER SHARE,-5.237595169335795,20-OCT-23,4.035163568237494,7.531702318432171,-20.33672278713118,https://nsearchives.nseindia.com/today/HDFCNEXT50EQN.svg,https://nsearchives.nseindia.com/30d/HDFCNEXT50-EQ.svg,https://nsearchives.nseindia.com/365d/HDFCNEXT50-EQ.svg,EQ
GROWWRAIL,Nifty India Railways PSU Index,27.29,27.29,26.3,26.35,-0.4,-1.50,552490,14591260.9,26.7488,36.75,26.3,-,-,-25.142045454545457,-8.315935977731375,26.75,0,-22.87,-6.21,26-Sep-2025,28-Aug-2026,-,-8.315935977731375,-,-25.142045454545457,28.29931972789115,-0.19011406844106735,https://nsearchives.nseindia.com/today/GROWWRAILEQN.svg,https://nsearchives.nseindia.com/30d/GROWWRAIL-EQ.svg,https://nsearchives.nseindia.com/365d/GROWWRAIL-EQ.svg,EQ
GROWWHOSPI,BSE Hospitals Index,51.65,52.17,50.7,51.66,0.02,0.04,283805,14468378.9,51.4354,62,43.35,-,-,Infinity,-1.3557380179492093,51.64,0,0,-1.9,,28-Aug-2026,-,-1.3557380179492093,-,Infinity,16.677419354838715,-19.169550173010368,https://nsearchives.nseindia.com/today/GROWWHOSPIEQN.svg,https://nsearchives.nseindia.com/30d/GROWWHOSPI-EQ.svg,,EQ
INFRABEES,Nifty Infra,934.1,934.1,910.87,913.71,-15.74,-1.69,15670,14323163.5,927.0078,1018.3,871.35,-,-,-2.4439461883408056,-5.323855806194241,929.45,0,-0.25,-2.76,26-Sep-2025,28-Aug-2026,-,-5.323855806194241,-,-2.4439461883408056,10.271039968575069,-4.861421931485627,https://nsearchives.nseindia.com/today/INFRABEESEQN.svg,https://nsearchives.nseindia.com/30d/INFRABEES-EQ.svg,https://nsearchives.nseindia.com/365d/INFRABEES-EQ.svg,EQ
AONELIQUID,Nifty 1D Rate Index,1078.73,1078.74,1078.71,1078.74,0.16,0.01,13091,14121654.43,1078.585,1094.59,997.56,-,-,5.044111632617286,0.4235749727701761,1078.58,0,4.98,0.36,26-Sep-2025,28-Aug-2026,-,0.4235749727701761,-,5.044111632617286,1.4480307695118637,-8.137856369541689,https://nsearchives.nseindia.com/today/AONELIQUIDEQN.svg,https://nsearchives.nseindia.com/30d/AONELIQUID-EQ.svg,https://nsearchives.nseindia.com/365d/AONELIQUID-EQ.svg,EQ
BANKNIFTY1,Nifty Bank,57.68,57.68,56.51,56.88,-0.81,-1.40,246469,14004368.58,57.7653,65.29,51.71,27-FEB-26,FACE VALUE SPLIT (SUB-DIVISION) - FROM RS 10/- PER SHARE TO RE 1/- PER SHARE,-89.98185885129543,-5.263157894736836,57.69,0,-89.73,-3.85,26-Sep-2025,28-Aug-2026,FACE VALUE SPLIT (SUB-DIVISION) - FROM RS 10/- PER SHARE TO RE 1/- PER SHARE,-5.263157894736836,27-FEB-26,-89.98185885129543,12.880992495022213,-9.998066138077746,https://nsearchives.nseindia.com/today/BANKNIFTY1EQN.svg,https://nsearchives.nseindia.com/30d/BANKNIFTY1-EQ.svg,https://nsearchives.nseindia.com/365d/BANKNIFTY1-EQ.svg,EQ
AONESILVER,Domestic price of Silver,8.64,8.7,8.41,8.45,-0.31,-3.54,1600278,13586360.22,8.7755,12,7.43,-,-,Infinity,-7.952069716775604,8.76,0,0,-4.78,,28-Aug-2026,-,-7.952069716775604,-,Infinity,29.58333333333334,-13.728129205921933,https://nsearchives.nseindia.com/today/AONESILVEREQN.svg,https://nsearchives.nseindia.com/30d/AONESILVER-EQ.svg,,EQ
MOMMIDCAP,BSE Midcap 150 Momentum 30 TRI,12.66,12.75,12.48,12.52,-0.24,-1.88,1074769,13477603.26,12.7509,14.99,10.8,-,-,Infinity,-5.935386927122471,12.76,0,0,-3.84,,28-Aug-2026,-,-5.935386927122471,-,Infinity,16.477651767845234,-15.925925925925915,https://nsearchives.nseindia.com/today/MOMMIDCAPEQN.svg,https://nsearchives.nseindia.com/30d/MOMMIDCAP-EQ.svg,,EQ
INSUREIETF,BSE Insurance Index,14.92,14.92,14.69,14.75,-0.17,-1.14,906202,13411789.6,14.9015,16.46,14.36,-,-,Infinity,-5.083655083655079,14.92,0,0,-2.8,,28-Aug-2026,-,-5.083655083655079,-,Infinity,10.38882138517619,-2.715877437325909,https://nsearchives.nseindia.com/today/INSUREIETFEQN.svg,https://nsearchives.nseindia.com/30d/INSUREIETF-EQ.svg,,EQ
COMMOIETF,ICICI Prudential Nifty Commodities ETF,97.47,97.47,95.05,96.01,-0.95,-0.98,137500,13153250,97.369,110.56,90,-,-,5.216438356164389,-4.562624254473151,96.96,0,7.46,-2.87,26-Sep-2025,28-Aug-2026,-,-4.562624254473151,-,5.216438356164389,13.160274963820548,-6.6777777777777825,https://nsearchives.nseindia.com/today/COMMOIETFEQN.svg,https://nsearchives.nseindia.com/30d/COMMOIETF-EQ.svg,https://nsearchives.nseindia.com/365d/COMMOIETF-EQ.svg,EQ
MAHKTECH,Hang Seng TECH Total Return Index,21.93,22.09,21.26,21.98,0.2,0.92,595039,13013502.93,17.7339,35.59,21,-,-,-22.30470130788264,-3.0864197530864166,21.78,0,-24.87,-4.26,26-Sep-2025,28-Aug-2026,-,-3.0864197530864166,-,-22.30470130788264,38.24107895476258,-4.666666666666669,https://nsearchives.nseindia.com/today/MAHKTECHEQN.svg,https://nsearchives.nseindia.com/30d/MAHKTECH-EQ.svg,https://nsearchives.nseindia.com/365d/MAHKTECH-EQ.svg,EQ
MIDCAP,Nifty Midcap 50 Index,18.38,18.38,17.58,17.66,-0.22,-1.23,736602,13008391.32,17.8599,19.27,15.01,27-FEB-26,FACE VALUE SPLIT (SUB-DIVISION) - FROM RS 10/- PER SHARE TO RE 1/- PER SHARE,-89.30798571169099,-6.511381683430389,17.88,0,-88.98,-5.05,26-Sep-2025,28-Aug-2026,FACE VALUE SPLIT (SUB-DIVISION) - FROM RS 10/- PER SHARE TO RE 1/- PER SHARE,-6.511381683430389,27-FEB-26,-89.30798571169099,8.35495588998443,-17.654896735509663,https://nsearchives.nseindia.com/today/MIDCAPEQN.svg,https://nsearchives.nseindia.com/30d/MIDCAP-EQ.svg,https://nsearchives.nseindia.com/365d/MIDCAP-EQ.svg,EQ
PSUBNKIETF,ICICI Prudential Nifty PSU Bank ETF,83.85,83.85,81.52,81.86,-1.99,-2.37,157760,12978915.2,84.1431,104,73,-,-,9.776049349604408,-6.91380486695474,83.85,0,14.24,-3.81,26-Sep-2025,28-Aug-2026,-,-6.91380486695474,-,9.776049349604408,21.28846153846154,-12.136986301369863,https://nsearchives.nseindia.com/today/PSUBNKIETFEQN.svg,https://nsearchives.nseindia.com/30d/PSUBNKIETF-EQ.svg,https://nsearchives.nseindia.com/365d/PSUBNKIETF-EQ.svg,EQ
FINIETF,ICICI Prudential Nifty Financial Services Ex-Bank ETF,31.1,31.1,30.51,30.65,-0.45,-1.45,403605,12362421.15,31.0597,34.56,27.4,-,-,1.4564713670969802,-9.077425096410566,31.1,0,4.61,-6.49,26-Sep-2025,28-Aug-2026,-,-9.077425096410566,-,1.4564713670969802,11.313657407407417,-11.86131386861314,https://nsearchives.nseindia.com/today/FINIETFEQN.svg,https://nsearchives.nseindia.com/30d/FINIETF-EQ.svg,https://nsearchives.nseindia.com/365d/FINIETF-EQ.svg,EQ
INFRAIETF,ICICI Prudential Nifty Infrastructure ETF,92.47,92.47,90.34,90.66,-1.77,-1.91,133108,12088868.56,92.2723,101,86.8,-,-,-2.6522065929346064,-5.631310502758402,92.43,0,-0.24,-2.49,26-Sep-2025,28-Aug-2026,-,-5.631310502758402,-,-2.6522065929346064,10.237623762376241,-4.447004608294931,https://nsearchives.nseindia.com/today/INFRAIETFEQN.svg,https://nsearchives.nseindia.com/30d/INFRAIETF-EQ.svg,https://nsearchives.nseindia.com/365d/INFRAIETF-EQ.svg,EQ
SILVERBND,Commodity - Silver,226,227.54,220.22,220.97,-8.81,-3.83,54210,12021609.6,230.2091,389,180,-,-,Infinity,-8.093831884540203,229.78,0,0,-4.8,,28-Aug-2026,-,-8.093831884540203,-,Infinity,43.195372750642676,-22.761111111111113,https://nsearchives.nseindia.com/today/SILVERBNDEQN.svg,https://nsearchives.nseindia.com/30d/SILVERBND-EQ.svg,,EQ
IT,NIFTY IT Index,32.12,32.12,30.99,31.39,0.05,0.16,369336,11523283.2,31.3015,44.49,28.54,-,-,-16.471527408195843,-7.1026931044687736,31.34,0,-14.58,-9.5,26-Sep-2025,28-Aug-2026,-,-7.1026931044687736,-,-16.471527408195843,29.44481906046303,-9.98598458304135,https://nsearchives.nseindia.com/today/ITEQN.svg,https://nsearchives.nseindia.com/30d/IT-EQ.svg,https://nsearchives.nseindia.com/365d/IT-EQ.svg,EQ
LOWVOL1,Kotak Nifty 100 Low Vol 30 ETF,20.17,20.44,20.04,20.35,0.18,0.89,555484,11198557.44,20.2821,22.9,18.77,-,-,-3.2334759866856855,-4.099905749293108,20.17,0,-3.63,-5.26,26-Sep-2025,28-Aug-2026,-,-4.099905749293108,-,-3.2334759866856855,11.13537117903929,-8.41768779968035,https://nsearchives.nseindia.com/today/LOWVOL1EQN.svg,https://nsearchives.nseindia.com/30d/LOWVOL1-EQ.svg,https://nsearchives.nseindia.com/365d/LOWVOL1-EQ.svg,EQ
NEXT50BETA,Nifty Next 50,77.64,77.64,75.7,76,-1.65,-2.12,145416,11099603.28,77.6102,82.51,64.34,25-MAR-21, FACE VALUE SPLIT (SUB-DIVISION) - FROM RS 10/- PER UNIT TO Re 1/- PER UNIT,Infinity,-5.62523283248479,77.65,0,0,-2.71,,28-Aug-2026, FACE VALUE SPLIT (SUB-DIVISION) - FROM RS 10/- PER UNIT TO Re 1/- PER UNIT,-5.62523283248479,25-MAR-21,Infinity,7.889952733002065,-18.122474354989112,https://nsearchives.nseindia.com/today/NEXT50BETAEQN.svg,https://nsearchives.nseindia.com/30d/NEXT50BETA-EQ.svg,,EQ
ITIETF,Nifty IT Index,31.49,31.52,30.96,31.44,0.09,0.29,355322,11089599.62,31.3268,44.3,28.54,01-SEP-22,FACE VALUE SPLIT (SUB-DIVISION) - FROM RS 10/- PER UNIT TO RE 1/- PER UNIT,-16.60477453580902,-7.009760425909497,31.35,0,-14.72,-9.52,26-Sep-2025,28-Aug-2026,FACE VALUE SPLIT (SUB-DIVISION) - FROM RS 10/- PER UNIT TO RE 1/- PER UNIT,-7.009760425909497,01-SEP-22,-16.60477453580902,29.029345372460487,-10.161177295024535,https://nsearchives.nseindia.com/today/ITIETFEQN.svg,https://nsearchives.nseindia.com/30d/ITIETF-EQ.svg,https://nsearchives.nseindia.com/365d/ITIETF-EQ.svg,EQ
NIFTYAXIS,Nifty 50,265.46,265.46,252.75,253.3,-5.69,-2.20,42592,10793664.64,256.4226,296.38,244,23-JUL-20, FACE VALUE SPLIT (SUB-DIVISION) - FROM RS 100/- PER SHARE TO RS 10/- PER SHARE,Infinity,-5.916874048211568,258.99,0,0,-3.32,,28-Aug-2026, FACE VALUE SPLIT (SUB-DIVISION) - FROM RS 100/- PER SHARE TO RS 10/- PER SHARE,-5.916874048211568,23-JUL-20,Infinity,14.535393751265262,-3.81147540983607,https://nsearchives.nseindia.com/today/NIFTYAXISEQN.svg,https://nsearchives.nseindia.com/30d/NIFTYAXIS-EQ.svg,,EQ
AUTOIETF,Nifty Auto Index,28.62,28.62,27.41,27.61,-0.32,-1.15,387061,10690624.82,27.9613,31.46,24.2,01-MAR-24,FACE VALUE SPLIT (SUB-DIVISION) - FROM RS 10/- PER SHARE TO RE 1/- PER SHARE,0.47307132459970525,-8.606421714664021,27.93,0,2.76,-6.65,26-Sep-2025,28-Aug-2026,FACE VALUE SPLIT (SUB-DIVISION) - FROM RS 10/- PER SHARE TO RE 1/- PER SHARE,-8.606421714664021,01-MAR-24,0.47307132459970525,12.237762237762242,-14.090909090909092,https://nsearchives.nseindia.com/today/AUTOIETFEQN.svg,https://nsearchives.nseindia.com/30d/AUTOIETF-EQ.svg,https://nsearchives.nseindia.com/365d/AUTOIETF-EQ.svg,EQ
SBILIQETF,Nifty 1D Rate Index,1057.73,1057.75,1057.73,1057.75,0.13,0.01,9850,10418739,1057.6032,1087.09,999,-,-,5.035549729901497,0.4186682362769934,1057.62,0,4.97,0.35,26-Sep-2025,28-Aug-2026,-,0.4186682362769934,-,5.035549729901497,2.6989485691157054,-5.880880880880881,https://nsearchives.nseindia.com/today/SBILIQETFEQN.svg,https://nsearchives.nseindia.com/30d/SBILIQETF-EQ.svg,https://nsearchives.nseindia.com/365d/SBILIQETF-EQ.svg,EQ
HDFCMOMENT,HDFC NIFTY200 Momentum 30 ETF,30.5,30.58,29.79,30.02,-0.49,-1.61,343120,10307324.8,30.5135,33.23,27.13,20-OCT-23,FACE VALUE SPLIT (SUB-DIVISION) - FROM RS 190.61/- PER SHARE TO RS 19.061/- PER SHARE,-1.8954248366013131,-5.329549038158313,30.51,0,1.06,-3.78,26-Sep-2025,28-Aug-2026,FACE VALUE SPLIT (SUB-DIVISION) - FROM RS 190.61/- PER SHARE TO RS 19.061/- PER SHARE,-5.329549038158313,20-OCT-23,-1.8954248366013131,9.659945832079439,-10.652414301511245,https://nsearchives.nseindia.com/today/HDFCMOMENTEQN.svg,https://nsearchives.nseindia.com/30d/HDFCMOMENT-EQ.svg,https://nsearchives.nseindia.com/365d/HDFCMOMENT-EQ.svg,EQ
HDFCSENSEX,SENSEX,86.13,86.13,82.7,83.1,-0.93,-1.11,120189,9972081.33,83.9154,98.48,78.44,02-FEB-24,FACE VALUE SPLIT (SUB-DIVISION) - FROM RS 250.361/- PER SHARE TO RS 25.0361/- PER SHARE,-9.15054116103641,-5.600363512438949,84.03,0,-7.24,-4.01,26-Sep-2025,28-Aug-2026,FACE VALUE SPLIT (SUB-DIVISION) - FROM RS 250.361/- PER SHARE TO RS 25.0361/- PER SHARE,-5.600363512438949,02-FEB-24,-9.15054116103641,15.617384240454923,-5.940846506884238,https://nsearchives.nseindia.com/today/HDFCSENSEXEQN.svg,https://nsearchives.nseindia.com/30d/HDFCSENSEX-EQ.svg,https://nsearchives.nseindia.com/365d/HDFCSENSEX-EQ.svg,EQ
GROWWNIFTY,Nifty 50 Index - TRI,9.12,9.49,9.12,9.26,-0.1,-1.07,1064908,9861048.08,9.3606,11.88,8.93,-,-,-7.400000000000003,-5.510204081632662,9.36,0,-5.55,-3.9,26-Sep-2025,28-Aug-2026,-,-5.510204081632662,-,-7.400000000000003,22.053872053872063,-3.6954087346024647,https://nsearchives.nseindia.com/today/GROWWNIFTYEQN.svg,https://nsearchives.nseindia.com/30d/GROWWNIFTY-EQ.svg,https://nsearchives.nseindia.com/365d/GROWWNIFTY-EQ.svg,EQ
GROWWEV,Nifty EV and New Age Automotive Index,31.43,31.5,30.82,31.05,-0.38,-1.21,307216,9523696,31.3722,34.64,26.2,-,-,-0.22493573264781583,-6.504065040650406,31.43,0,2.11,-5.84,26-Sep-2025,28-Aug-2026,-,-6.504065040650406,-,-0.22493573264781583,10.363741339491916,-18.511450381679396,https://nsearchives.nseindia.com/today/GROWWEVEQN.svg,https://nsearchives.nseindia.com/30d/GROWWEV-EQ.svg,https://nsearchives.nseindia.com/365d/GROWWEV-EQ.svg,EQ
IVZINGOLD,Gold,127.35,130.4,126.35,128,-3.4,-2.59,73020,9318812.4,130.9269,156,97.55,30-APR-26,FACE VALUE SPLIT (SUB-DIVISION) - FROM RS 100/- PER SHARE TO RE 1/- PER SHARE,-98.70696621949249,-8.342284282133908,131.4,0,-98.67,-4.85,26-Sep-2025,28-Aug-2026,FACE VALUE SPLIT (SUB-DIVISION) - FROM RS 100/- PER SHARE TO RE 1/- PER SHARE,-8.342284282133908,30-APR-26,-98.70696621949249,17.94871794871795,-31.214761660686833,https://nsearchives.nseindia.com/today/IVZINGOLDEQN.svg,https://nsearchives.nseindia.com/30d/IVZINGOLD-EQ.svg,https://nsearchives.nseindia.com/365d/IVZINGOLD-EQ.svg,EQ
SBINMID150,Nifty Midcap 150 Index,22.83,22.83,22.1,22.23,-0.38,-1.68,419586,9302221.62,22.4996,24.06,19.81,-,-,Infinity,-6.16293794850148,22.61,0,0,-4.03,,28-Aug-2026,-,-6.16293794850148,-,Infinity,7.6059850374064775,-12.216052498738021,https://nsearchives.nseindia.com/today/SBINMID150EQN.svg,https://nsearchives.nseindia.com/30d/SBINMID150-EQ.svg,,EQ
PSUBANK,Nifty PSU Bank,85.02,85.02,80.37,80.7,-2.25,-2.71,113037,9154866.63,83.0321,101,72.41,10-JUL-26,FACE VALUE SPLIT (SUB-DIVISION) - FROM RS 10/- PER UNIT TO RE 1/- PER UNIT,-89.09444722225976,-7.4435141644683975,82.95,0,-88.6,-3.71,26-Sep-2025,28-Aug-2026,FACE VALUE SPLIT (SUB-DIVISION) - FROM RS 10/- PER UNIT TO RE 1/- PER UNIT,-7.4435141644683975,10-JUL-26,-89.09444722225976,20.099009900990097,-11.448694931639286,https://nsearchives.nseindia.com/today/PSUBANKEQN.svg,https://nsearchives.nseindia.com/30d/PSUBANK-EQ.svg,https://nsearchives.nseindia.com/365d/PSUBANK-EQ.svg,EQ
EBBETF0431,Nifty BHARAT Bond,1438.26,1438.26,1421.4,1424,-6.19,-0.43,6335,9033773.35,1431.1317,1469,1372.24,-,-,3.672964216810458,-0.6336003572724431,1430.19,0,4.11,-0.14,26-Sep-2025,28-Aug-2026,-,-0.6336003572724431,-,3.672964216810458,3.0633083730428865,-3.771934938494723,https://nsearchives.nseindia.com/today/EBBETF0431EQN.svg,https://nsearchives.nseindia.com/30d/EBBETF0431-EQ.svg,https://nsearchives.nseindia.com/365d/EBBETF0431-EQ.svg,EQ
SMALL250,Nifty Smallcap 250,18.66,18.66,17.9,17.97,-0.24,-1.32,490744,8823577.12,18.2266,19.95,14.16,-,-,Infinity,-2.917341977309577,18.21,0,0,-1.89,,28-Aug-2026,-,-2.917341977309577,-,Infinity,9.924812030075191,-26.90677966101694,https://nsearchives.nseindia.com/today/SMALL250EQN.svg,https://nsearchives.nseindia.com/30d/SMALL250-EQ.svg,,EQ
MOVALUE,Motilal Oswal S&P BSE Enhanced Value ETF,110,110.69,107.92,108.79,-1.9,-1.72,78699,8574256.05,110.6433,128.77,100.6,-,-,4.465143076627622,-4.762321631795498,110.69,0,7.28,-2.11,26-Sep-2025,28-Aug-2026,-,-4.762321631795498,-,4.465143076627622,15.516036343868915,-8.141153081510947,https://nsearchives.nseindia.com/today/MOVALUEEQN.svg,https://nsearchives.nseindia.com/30d/MOVALUE-EQ.svg,https://nsearchives.nseindia.com/365d/MOVALUE-EQ.svg,EQ
TNIDETF,Nifty India Digital Index,85.71,86.79,84.13,84.54,-1.16,-1.35,98502,8316523.86,85.8605,103.26,74.5,-,-,-8.713961775186258,-6.750496360026463,85.7,0,-5.2,-6.62,26-Sep-2025,28-Aug-2026,-,-6.750496360026463,-,-8.713961775186258,18.128994770482276,-13.476510067114104,https://nsearchives.nseindia.com/today/TNIDETFEQN.svg,https://nsearchives.nseindia.com/30d/TNIDETF-EQ.svg,https://nsearchives.nseindia.com/365d/TNIDETF-EQ.svg,EQ
AONEGOLD,Domestic price of Gold,13.75,13.95,13.65,13.73,-0.29,-2.07,602750,8275757.5,14.0662,17.73,10.22,-,-,29.65061378659113,-7.85234899328859,14.02,0,31.89,-4.82,26-Sep-2025,28-Aug-2026,-,-7.85234899328859,-,29.65061378659113,22.560631697687533,-34.34442270058708,https://nsearchives.nseindia.com/today/AONEGOLDEQN.svg,https://nsearchives.nseindia.com/30d/AONEGOLD-EQ.svg,https://nsearchives.nseindia.com/365d/AONEGOLD-EQ.svg,EQ
GROWWCAPM,Nifty Capital Markets Index,11.15,11.2,10.85,10.91,-0.21,-1.89,743214,8115896.88,11.0933,12.66,8.02,-,-,Infinity,-6.351931330472105,11.12,0,0,-3.97,,28-Aug-2026,-,-6.351931330472105,-,Infinity,13.823064770932069,-36.034912718204495,https://nsearchives.nseindia.com/today/GROWWCAPMEQN.svg,https://nsearchives.nseindia.com/30d/GROWWCAPM-EQ.svg,,EQ
HDFCPVTBAN,HDFC NIFTY Private Bank ETF,28.13,28.13,26.98,27.16,-0.29,-1.06,296235,8016119.1,27.4374,30.17,24.31,02-FEB-24,FACE VALUE SPLIT (SUB-DIVISION) - FROM RS 216.75/- PER SHARE TO RS 21.675/- PER SHARE,-0.18375597206909486,-3.6195883605393884,27.45,0,1.7,-3.07,26-Sep-2025,28-Aug-2026,FACE VALUE SPLIT (SUB-DIVISION) - FROM RS 216.75/- PER SHARE TO RS 21.675/- PER SHARE,-3.6195883605393884,02-FEB-24,-0.18375597206909486,9.976798143851513,-11.723570547099964,https://nsearchives.nseindia.com/today/HDFCPVTBANEQN.svg,https://nsearchives.nseindia.com/30d/HDFCPVTBAN-EQ.svg,https://nsearchives.nseindia.com/365d/HDFCPVTBAN-EQ.svg,EQ
BFSI,Nifty Financial Services Index,26.11,27.07,25.63,25.7,-0.41,-1.57,300223,7736746.71,26.1162,29.94,24.03,-,-,-5.2359882005899765,-6.4774381368267875,26.11,0,-2.83,-4.39,26-Sep-2025,28-Aug-2026,-,-6.4774381368267875,-,-5.2359882005899765,14.161656646626593,-6.9496462754889645,https://nsearchives.nseindia.com/today/BFSIEQN.svg,https://nsearchives.nseindia.com/30d/BFSI-EQ.svg,https://nsearchives.nseindia.com/365d/BFSI-EQ.svg,EQ
MOQUALITY,Motilal Oswal S&P BSE Quality ETF,198.3,198.7,190.5,191.58,-16.01,-7.71,40019,7652433.18,192.756,225.6,176.15,-,-,-1.104687177369392,-5.069124423963128,207.59,0,8.82,2.99,26-Sep-2025,28-Aug-2026,-,-5.069124423963128,-,-1.104687177369392,15.079787234042545,-8.759579903491346,https://nsearchives.nseindia.com/today/MOQUALITYEQN.svg,https://nsearchives.nseindia.com/30d/MOQUALITY-EQ.svg,https://nsearchives.nseindia.com/365d/MOQUALITY-EQ.svg,EQ
MOGOLD,Domestic Price of Physical Gold,147.9,147.9,144.6,145.3,-3.4,-2.29,52520,7639034,148.8859,175,110.1,-,-,28.754984492689427,-7.979734008866368,148.7,0,31.83,-5.2,26-Sep-2025,28-Aug-2026,-,-7.979734008866368,-,28.754984492689427,16.971428571428568,-31.970935513169863,https://nsearchives.nseindia.com/today/MOGOLDEQN.svg,https://nsearchives.nseindia.com/30d/MOGOLD-EQ.svg,https://nsearchives.nseindia.com/365d/MOGOLD-EQ.svg,EQ
ITETF,Mirae Asset Nifty IT ETF,30,30.08,29.52,29.84,-0.03,-0.10,250032,7438452,29.8728,42.02,27.22,-,-,-16.949624269412748,-7.5015499070055744,29.87,0,-14.73,-9.7,26-Sep-2025,28-Aug-2026,-,-7.5015499070055744,-,-16.949624269412748,28.986197049024277,-9.625275532696552,https://nsearchives.nseindia.com/today/ITETFEQN.svg,https://nsearchives.nseindia.com/30d/ITETF-EQ.svg,https://nsearchives.nseindia.com/365d/ITETF-EQ.svg,EQ
NV20BEES,Nifty50 Value20 TRI,137.45,137.45,132,132.71,-1.73,-1.29,55017,7290852.84,134.217,160,132,19-DEC-19, FACE VALUE SPLIT (SUB-DIVISION) - FROM RS 10/- TO RS 1/-,-10.112435654294215,-5.213913291907709,134.44,0,-8.06,-3.65,26-Sep-2025,28-Aug-2026, FACE VALUE SPLIT (SUB-DIVISION) - FROM RS 10/- TO RS 1/-,-5.213913291907709,19-DEC-19,-10.112435654294215,17.056249999999995,-0.537878787878794,https://nsearchives.nseindia.com/today/NV20BEESEQN.svg,https://nsearchives.nseindia.com/30d/NV20BEES-EQ.svg,https://nsearchives.nseindia.com/365d/NV20BEES-EQ.svg,EQ
LICNETFGSC,Nifty 8-13 Yr Gsec,29.08,29.47,28.91,28.97,-0.1,-0.34,245351,7110271.98,29.1777,30.53,27.59,-,-,1.9711369236184397,-2.359285473542308,29.07,0,2.4,-1.76,26-Sep-2025,28-Aug-2026,-,-2.359285473542308,-,1.9711369236184397,5.109728136259424,-5.001812250815509,https://nsearchives.nseindia.com/today/LICNETFGSCEQN.svg,https://nsearchives.nseindia.com/30d/LICNETFGSC-EQ.svg,https://nsearchives.nseindia.com/365d/LICNETFGSC-EQ.svg,EQ
NIF100IETF,Nifty 100,27.83,27.83,26.72,26.84,-0.32,-1.18,264263,7084891.03,27.1476,30.88,23,10-MAY-24,FACE VALUE SPLIT (SUB-DIVISION) - FROM RS 10/- PER SHARE TO RE 1/- PER SHARE,-5.4929577464788695,-5.426356589147284,27.16,0,-3.52,-3.76,26-Sep-2025,28-Aug-2026,FACE VALUE SPLIT (SUB-DIVISION) - FROM RS 10/- PER SHARE TO RE 1/- PER SHARE,-5.426356589147284,10-MAY-24,-5.4929577464788695,13.082901554404142,-16.695652173913043,https://nsearchives.nseindia.com/today/NIF100IETFEQN.svg,https://nsearchives.nseindia.com/30d/NIF100IETF-EQ.svg,https://nsearchives.nseindia.com/365d/NIF100IETF-EQ.svg,EQ
CONSUMBEES,Nifty India Consumption TRI,127.51,127.7,125.7,126.37,-1.14,-0.89,55836,7038127.8,127.3357,144.38,114,-,-,-6.998822490432729,-5.531883082903495,127.51,0,-5.2,-3.82,26-Sep-2025,28-Aug-2026,-,-5.531883082903495,-,-6.998822490432729,12.474026873528183,-10.85087719298246,https://nsearchives.nseindia.com/today/CONSUMBEESEQN.svg,https://nsearchives.nseindia.com/30d/CONSUMBEES-EQ.svg,https://nsearchives.nseindia.com/365d/CONSUMBEES-EQ.svg,EQ
EBBETF0433,BHARAT Bond ETF-April 2033,1304,1306.87,1297.01,1297.07,-7.8,-0.60,5341,6957026.37,1301.1212,1350.32,1243.25,-,-,3.6702233944770684,-1.1289142299600703,1304.87,0,4.2,-0.51,26-Sep-2025,28-Aug-2026,-,-1.1289142299600703,-,3.6702233944770684,3.9435096865928077,-4.328976472953946,https://nsearchives.nseindia.com/today/EBBETF0433EQN.svg,https://nsearchives.nseindia.com/30d/EBBETF0433-EQ.svg,https://nsearchives.nseindia.com/365d/EBBETF0433-EQ.svg,EQ
MAKEINDIA,Nifty India Manufacturing Total Return Index,161.55,161.55,158.78,159.24,-2.31,-1.43,41640,6638248.8,161.665,173.11,140.12,-,-,4.825225462444877,-5.736103711596518,161.55,0,8.06,-4.07,26-Sep-2025,28-Aug-2026,-,-5.736103711596518,-,4.825225462444877,8.012246548437412,-13.645446759920072,https://nsearchives.nseindia.com/today/MAKEINDIAEQN.svg,https://nsearchives.nseindia.com/30d/MAKEINDIA-EQ.svg,https://nsearchives.nseindia.com/365d/MAKEINDIA-EQ.svg,EQ
ELIQUID,Nifty 1D Rate Index (Debt Index),1049.57,1049.57,1049.55,1049.55,0.16,0.02,6182,6488318.1,1049.4224,1051.22,996,-,-,Infinity,0.41907058181921425,1049.39,0,0,0.35,,28-Aug-2026,-,0.41907058181921425,-,Infinity,0.15886303533038496,-5.376506024096381,https://nsearchives.nseindia.com/today/ELIQUIDEQN.svg,https://nsearchives.nseindia.com/30d/ELIQUID-EQ.svg,,EQ
DIVOPPBEES,Nifty Dividend Opportunities 50 TRI,74.22,74.5,72.98,74.44,0.22,0.30,88101,6457803.3,74.1508,87.09,72.13,-,-,-4.072164948453604,-4.453857014503914,74.22,0,-3.09,-4.16,26-Sep-2025,28-Aug-2026,-,-4.453857014503914,-,-4.072164948453604,14.525203812148357,-3.202550949674203,https://nsearchives.nseindia.com/today/DIVOPPBEESEQN.svg,https://nsearchives.nseindia.com/30d/DIVOPPBEES-EQ.svg,https://nsearchives.nseindia.com/365d/DIVOPPBEES-EQ.svg,EQ
ALPL30IETF,Nifty Alpha Low-Volatility 30 Index,26.85,26.85,26.52,26.69,-0.16,-0.60,242347,6451277.14,26.9255,29.17,24.35,10-MAY-24,FACE VALUE SPLIT (SUB-DIVISION) - FROM RS 10/- PER SHARE TO RE 1/- PER SHARE,-1.9110621095185578,-5.085348506401137,26.85,0,-0.15,-3.97,26-Sep-2025,28-Aug-2026,FACE VALUE SPLIT (SUB-DIVISION) - FROM RS 10/- PER SHARE TO RE 1/- PER SHARE,-5.085348506401137,10-MAY-24,-1.9110621095185578,8.501885498800139,-9.609856262833675,https://nsearchives.nseindia.com/today/ALPL30IETFEQN.svg,https://nsearchives.nseindia.com/30d/ALPL30IETF-EQ.svg,https://nsearchives.nseindia.com/365d/ALPL30IETF-EQ.svg,EQ
HDFCNIFIT,HDFC NIFTY IT ETF,30.48,30.48,29.78,30.23,0.16,0.53,207125,6205465,30.1093,42.3,27.32,02-FEB-24,FACE VALUE SPLIT (SUB-DIVISION) - FROM RS 299.92/- PER SHARE TO RS 29.992/- PER SHARE,-16.144244105409147,-7.0132266994770776,30.07,0,-14.89,-9.56,26-Sep-2025,28-Aug-2026,FACE VALUE SPLIT (SUB-DIVISION) - FROM RS 299.92/- PER SHARE TO RS 29.992/- PER SHARE,-7.0132266994770776,02-FEB-24,-16.144244105409147,28.53427895981087,-10.651537335285505,https://nsearchives.nseindia.com/today/HDFCNIFITEQN.svg,https://nsearchives.nseindia.com/30d/HDFCNIFIT-EQ.svg,https://nsearchives.nseindia.com/365d/HDFCNIFIT-EQ.svg,EQ
MIDSELIETF,S&P BSE Midcap Select Index,19.03,19.44,18.72,19.14,0.11,0.58,325940,6140709.6,19.0435,20.39,14.55,10-MAY-24,FACE VALUE SPLIT (SUB-DIVISION) - FROM RS 10/- PER SHARE TO RE 1/- PER SHARE,9.810671256454395,-5.0595238095238075,19.03,0,11.35,-5.46,26-Sep-2025,28-Aug-2026,FACE VALUE SPLIT (SUB-DIVISION) - FROM RS 10/- PER SHARE TO RE 1/- PER SHARE,-5.0595238095238075,10-MAY-24,9.810671256454395,6.1304561059342815,-31.546391752577318,https://nsearchives.nseindia.com/today/MIDSELIETFEQN.svg,https://nsearchives.nseindia.com/30d/MIDSELIETF-EQ.svg,https://nsearchives.nseindia.com/365d/MIDSELIETF-EQ.svg,EQ
ENERGY,Nifty Energy,38.42,38.42,36.98,37.05,-0.62,-1.65,164501,6121082.21,37.751,42.82,29,-,-,Infinity,-3.515625000000004,37.67,0,0,-1.46,,28-Aug-2026,-,-3.515625000000004,-,Infinity,13.475011676786556,-27.758620689655164,https://nsearchives.nseindia.com/today/ENERGYEQN.svg,https://nsearchives.nseindia.com/30d/ENERGY-EQ.svg,,EQ
BANKBETA,Nifty Bank,57.41,57.41,56.45,56.55,-1.05,-1.82,106633,6042892.11,57.5676,73.7,51.3,17-FEB-21, FACE VALUE SPLIT (SUB-DIVISION) - FROM RS 10/- PER UNIT TO RE 1/- PER UNIT,Infinity,-5.545348254551529,57.6,0,0,-3.16,,28-Aug-2026, FACE VALUE SPLIT (SUB-DIVISION) - FROM RS 10/- PER UNIT TO RE 1/- PER UNIT,-5.545348254551529,17-FEB-21,Infinity,23.270013568521037,-10.233918128654972,https://nsearchives.nseindia.com/today/BANKBETAEQN.svg,https://nsearchives.nseindia.com/30d/BANKBETA-EQ.svg,,EQ
VAL30IETF,Nifty200 Value 30 Index,14.8,15,14.54,14.61,-0.24,-1.62,411539,6020815.57,14.8372,17.7,13.1,-,-,9.684684684684678,-4.63446475195823,14.85,0,13.01,-2.04,26-Sep-2025,28-Aug-2026,-,-4.63446475195823,-,9.684684684684678,17.45762711864407,-11.526717557251906,https://nsearchives.nseindia.com/today/VAL30IETFEQN.svg,https://nsearchives.nseindia.com/30d/VAL30IETF-EQ.svg,https://nsearchives.nseindia.com/365d/VAL30IETF-EQ.svg,EQ
EVINDIA,Nifty EV and New Age Automotive Total Return Index,32.13,32.13,30.9,31.04,-0.46,-1.46,192032,5972195.2,31.4994,35.04,26.2,-,-,-0.44900577293136806,-7.4537865235539655,31.5,0,2.14,-6.19,26-Sep-2025,28-Aug-2026,-,-7.4537865235539655,-,-0.44900577293136806,11.415525114155251,-18.473282442748094,https://nsearchives.nseindia.com/today/EVINDIAEQN.svg,https://nsearchives.nseindia.com/30d/EVINDIA-EQ.svg,https://nsearchives.nseindia.com/365d/EVINDIA-EQ.svg,EQ
MID150,Nifty Midcap 150 Index,23.39,23.39,22.23,22.55,-0.84,-3.59,263545,5942939.75,,24.95,18.97,-,-,4.301572617946344,-5.845511482254691,23.39,0,9.92,-2.42,26-Sep-2025,28-Aug-2026,-,-5.845511482254691,-,4.301572617946344,9.619238476953903,-18.871903004744343,https://nsearchives.nseindia.com/today/MID150EQN.svg,https://nsearchives.nseindia.com/30d/MID150-EQ.svg,https://nsearchives.nseindia.com/365d/MID150-EQ.svg,EQ
MIDCAPADD,Nifty Midcap 150 Index,23.1,23.1,22.14,22.23,-1.17,-5.00,266994,5935276.62,22.4999,25.5,19.27,-,-,Infinity,-5.121638924455823,23.4,0,0,-0.85,,28-Aug-2026,-,-5.121638924455823,-,Infinity,12.823529411764703,-15.360664244940327,https://nsearchives.nseindia.com/today/MIDCAPADDEQN.svg,https://nsearchives.nseindia.com/30d/MIDCAPADD-EQ.svg,,EQ
EVIETF,Nifty EV & New Age Automotive ETF,31.52,31.52,30.89,31.04,-0.48,-1.52,188709,5861301.54,31.4527,36,26.28,-,-,-0.7989773090444232,-7.536490914507004,31.52,0,2.77,-6.39,26-Sep-2025,28-Aug-2026,-,-7.536490914507004,-,-0.7989773090444232,13.77777777777778,-18.112633181126323,https://nsearchives.nseindia.com/today/EVIETFEQN.svg,https://nsearchives.nseindia.com/30d/EVIETF-EQ.svg,https://nsearchives.nseindia.com/365d/EVIETF-EQ.svg,EQ
SBIETFQLTY,Nifty 200 Quality 30 Index,206.88,211.37,206.88,211.22,-0.97,-0.46,27789,5860700.1,212.6434,247.28,194,-,-,-5.545121187729185,-6.28688051821287,212.19,0,-3.48,-5.36,26-Sep-2025,28-Aug-2026,-,-6.28688051821287,-,-5.545121187729185,14.582659333549014,-8.876288659793815,https://nsearchives.nseindia.com/today/SBIETFQLTYEQN.svg,https://nsearchives.nseindia.com/30d/SBIETFQLTY-EQ.svg,https://nsearchives.nseindia.com/365d/SBIETFQLTY-EQ.svg,EQ
SENSEXETF,Mirae Asset S&P BSE Sensex ETF,76.5,76.5,75.12,75.27,-1.07,-1.40,77039,5809510.99,76.3336,88.7,73.33,-,-,-9.324177809902432,-6.029962546816478,76.34,0,-7.32,-4.36,26-Sep-2025,28-Aug-2026,-,-6.029962546816478,-,-9.324177809902432,15.140924464487043,-2.6455747988544904,https://nsearchives.nseindia.com/today/SENSEXETFEQN.svg,https://nsearchives.nseindia.com/30d/SENSEXETF-EQ.svg,https://nsearchives.nseindia.com/365d/SENSEXETF-EQ.svg,EQ
PVTBANK,Nifty Private Bank,27.31,27.8,26.52,26.61,-0.7,-2.56,216218,5751398.8,26.967,29.65,26.52,-,-,Infinity,-4.3149946062567395,27.31,0,0,-1.66,,28-Aug-2026,-,-4.3149946062567395,-,Infinity,10.252951096121413,-0.33936651583710353,https://nsearchives.nseindia.com/today/PVTBANKEQN.svg,https://nsearchives.nseindia.com/30d/PVTBANK-EQ.svg,,EQ
HEALTHY,Nifty Healthcare TRI,17.17,17.28,17.01,17.08,-0.09,-0.52,329803,5642929.33,17.1657,17.79,13.58,-,-,14.939434724091514,-0.29188558085231003,17.17,0,17.93,-0.41,26-Sep-2025,28-Aug-2026,-,-0.29188558085231003,-,14.939434724091514,3.9910061832490213,-25.773195876288646,https://nsearchives.nseindia.com/today/HEALTHYEQN.svg,https://nsearchives.nseindia.com/30d/HEALTHY-EQ.svg,https://nsearchives.nseindia.com/365d/HEALTHY-EQ.svg,EQ
MOMENTUM30,Nifty 200 Momentum 30 Index,31.7,31.7,29.62,29.75,-0.94,-3.06,188285,5620307.25,30.23,37.38,26.91,-,-,Infinity,-5.585528403681376,30.69,0,0,-2.51,,28-Aug-2026,-,-5.585528403681376,-,Infinity,20.411985018726597,-10.55369751021925,https://nsearchives.nseindia.com/today/MOMENTUM30EQN.svg,https://nsearchives.nseindia.com/30d/MOMENTUM30-EQ.svg,,EQ
MOMOMENTUM,Nifty 200 Momentum 30 Total Return Index,62.22,62.5,59.47,60.2,-0.8,-1.31,90090,5419814.4,61.1972,66.28,54.32,11-AUG-22,FACE VALUE SPLIT (SUB-DIVISION) - FROM RS 10/- PER UNIT TO RS 2/- PER UNIT,-2.3836549375709404,-5.271439811172296,61,0,0.68,-3.94,26-Sep-2025,28-Aug-2026,FACE VALUE SPLIT (SUB-DIVISION) - FROM RS 10/- PER UNIT TO RS 2/- PER UNIT,-5.271439811172296,11-AUG-22,-2.3836549375709404,9.17320458660229,-10.824742268041241,https://nsearchives.nseindia.com/today/MOMOMENTUMEQN.svg,https://nsearchives.nseindia.com/30d/MOMOMENTUM-EQ.svg,https://nsearchives.nseindia.com/365d/MOMOMENTUM-EQ.svg,EQ
GROWWSC250,Nifty Smallcap 250 Index - TRI,10.47,10.52,10.28,10.33,-0.14,-1.34,477888,4936583.04,10.4887,10.97,8,-,-,Infinity,-3.1865042174320513,10.47,0,0,-1.87,,28-Aug-2026,-,-3.1865042174320513,-,Infinity,5.834092980856887,-29.125,https://nsearchives.nseindia.com/today/GROWWSC250EQN.svg,https://nsearchives.nseindia.com/30d/GROWWSC250-EQ.svg,,EQ
SILVER360,Commodity-Silver,219.56,221,216.54,217.76,-7.43,-3.30,22425,4893359.25,225.934,358,133.14,-,-,60.21188934667452,-7.908314302630473,225.19,0,65.61,-4.71,26-Sep-2025,28-Aug-2026,-,-7.908314302630473,-,60.21188934667452,39.1731843575419,-63.55715787892445,https://nsearchives.nseindia.com/today/SILVER360EQN.svg,https://nsearchives.nseindia.com/30d/SILVER360-EQ.svg,https://nsearchives.nseindia.com/365d/SILVER360-EQ.svg,EQ
MOMIDMTM,Nifty Midcap 150 Momentum 50 Total Return Index,63.84,63.84,62,62.32,-1.21,-1.90,78155,4876090.45,63.2034,70,54.78,-,-,1.9299967288191031,-5.04342526283711,63.53,0,5.71,-2.99,26-Sep-2025,28-Aug-2026,-,-5.04342526283711,-,1.9299967288191031,10.971428571428572,-13.764147499087256,https://nsearchives.nseindia.com/today/MOMIDMTMEQN.svg,https://nsearchives.nseindia.com/30d/MOMIDMTM-EQ.svg,https://nsearchives.nseindia.com/365d/MOMIDMTM-EQ.svg,EQ
LIQUIDSHRI,SHRIRAM NIFTY 1D RATE LIQUID ETF,1123.29,1123.29,1123.27,1123.29,0.16,0.01,4169,4682954.32,1123.134,1123.29,1071.99,-,-,4.784514925373131,0.39593872334340885,1123.13,0,4.73,0.33,26-Sep-2025,28-Aug-2026,-,0.39593872334340885,-,4.784514925373131,0,-4.785492401981357,https://nsearchives.nseindia.com/today/LIQUIDSHRIEQN.svg,https://nsearchives.nseindia.com/30d/LIQUIDSHRI-EQ.svg,https://nsearchives.nseindia.com/365d/LIQUIDSHRI-EQ.svg,EQ
GOLDBND,Commodity - Gold,149.78,149.78,145.4,146.38,-4.24,-2.82,31775,4655673,150.385,180.16,115.17,-,-,Infinity,-8.052763819095473,150.62,0,0,-4.62,,28-Aug-2026,-,-8.052763819095473,-,Infinity,18.75,-27.09907093861248,https://nsearchives.nseindia.com/today/GOLDBNDEQN.svg,https://nsearchives.nseindia.com/30d/GOLDBND-EQ.svg,,EQ
MIDBANKADD,BSE MidSmall Private Banks Index,17,17,16.47,16.53,-0.31,-1.84,278111,4605518.16,16.8162,18.22,16.47,-,-,Infinity,-5.758266818700103,16.84,0,0,-2.21,,28-Aug-2026,-,-5.758266818700103,-,Infinity,9.275521405049384,-0.3642987249544765,https://nsearchives.nseindia.com/today/MIDBANKADDEQN.svg,https://nsearchives.nseindia.com/30d/MIDBANKADD-EQ.svg,,EQ
GROWWMETAL,Nifty Metal Index,12.21,12.66,12.21,12.25,-0.28,-2.23,361418,4449055.58,12.4746,13.45,10.03,-,-,Infinity,-4.891304347826093,12.53,0,0,-2.64,,28-Aug-2026,-,-4.891304347826093,-,Infinity,8.921933085501854,-22.13359920239283,https://nsearchives.nseindia.com/today/GROWWMETALEQN.svg,https://nsearchives.nseindia.com/30d/GROWWMETAL-EQ.svg,,EQ
MOENERGY,Nifty Energy Index,38.02,38.19,36.86,37.07,-0.57,-1.51,118979,4427208.59,37.6722,43,33,-,-,Infinity,-3.2367528060558652,37.64,0,0,-1.36,,28-Aug-2026,-,-3.2367528060558652,-,Infinity,13.790697674418604,-12.333333333333334,https://nsearchives.nseindia.com/today/MOENERGYEQN.svg,https://nsearchives.nseindia.com/30d/MOENERGY-EQ.svg,,EQ
BSE500IETF,S&P BSE 500 index,39.27,39.27,37.57,37.76,-0.56,-1.46,112050,4234369.5,38.2493,42.05,34.5,28-OCT-21, FACE VALUE SPLIT (SUB-DIVISION) - FROM RS 10/- PER SHARE TO RE 1/- PER SHARE,-3.303457106274006,-5.458187280921382,38.32,0,-0.42,-3.84,26-Sep-2025,28-Aug-2026, FACE VALUE SPLIT (SUB-DIVISION) - FROM RS 10/- PER SHARE TO RE 1/- PER SHARE,-5.458187280921382,28-OCT-21,-3.303457106274006,10.202140309155764,-9.449275362318835,https://nsearchives.nseindia.com/today/BSE500IETFEQN.svg,https://nsearchives.nseindia.com/30d/BSE500IETF-EQ.svg,https://nsearchives.nseindia.com/365d/BSE500IETF-EQ.svg,EQ
NIFTY100EW,Nifty 100 Equal Weight Index,34.26,34.26,33.57,33.7,-0.39,-1.14,124810,4204848.9,34.155,41.41,29.84,-,-,0.928421683138671,-6.232609905397871,34.09,0,3.62,-4.08,26-Sep-2025,28-Aug-2026,-,-6.232609905397871,-,0.928421683138671,18.618691137406408,-12.935656836461135,https://nsearchives.nseindia.com/today/NIFTY100EWEQN.svg,https://nsearchives.nseindia.com/30d/NIFTY100EW-EQ.svg,https://nsearchives.nseindia.com/365d/NIFTY100EW-EQ.svg,EQ
NEXT50ETF,Nifty Next 50 Index,73.01,73.01,70.26,71,-2.76,-3.74,57553,4101226.78,72.369,78,60.15,-,-,Infinity,-5.773059057730584,73.76,0,0,-1.31,,28-Aug-2026,-,-5.773059057730584,-,Infinity,8.974358974358974,-18.038237738985874,https://nsearchives.nseindia.com/today/NEXT50ETFEQN.svg,https://nsearchives.nseindia.com/30d/NEXT50ETF-EQ.svg,,EQ
GROWWNET,Index,10.25,10.42,10.1,10.1,-0.15,-1.46,385437,3927603.03,10.3249,11.57,7.93,-,-,-4.985888993414874,-7.846715328467163,10.25,0,-0.97,-5.79,26-Sep-2025,28-Aug-2026,-,-7.846715328467163,-,-4.985888993414874,12.705272255834059,-27.364438839848678,https://nsearchives.nseindia.com/today/GROWWNETEQN.svg,https://nsearchives.nseindia.com/30d/GROWWNET-EQ.svg,https://nsearchives.nseindia.com/365d/GROWWNET-EQ.svg,EQ
SHARIABEES,Shariah,434.14,441.25,427.4,430,-2.52,-0.58,8921,3835405.53,432.1481,534.61,427.4,10-MAR-14,DIVIDEND-RS.2 PER UNIT,-12.291437196589563,-6.295626402841637,432.52,0,-10.55,-5.81,26-Sep-2025,28-Aug-2026,DIVIDEND-RS.2 PER UNIT,-6.295626402841637,10-MAR-14,-12.291437196589563,19.56753521258488,-0.6083294337856863,https://nsearchives.nseindia.com/today/SHARIABEESEQN.svg,https://nsearchives.nseindia.com/30d/SHARIABEES-EQ.svg,https://nsearchives.nseindia.com/365d/SHARIABEES-EQ.svg,EQ
ECAPINSURE,BSE Capital Markets & Insurance Total Return Index,23.64,23.64,22.89,22.9,-0.47,-2.01,166345,3812627.4,23.3102,25.88,20.5,-,-,0.17497812773402951,-6.530612244897965,23.37,0,3.54,-3.59,26-Sep-2025,28-Aug-2026,-,-6.530612244897965,-,0.17497812773402951,11.514683153013912,-11.707317073170724,https://nsearchives.nseindia.com/today/ECAPINSUREEQN.svg,https://nsearchives.nseindia.com/30d/ECAPINSURE-EQ.svg,https://nsearchives.nseindia.com/365d/ECAPINSURE-EQ.svg,EQ
INTERNET,Equity Index,13.93,14.79,13.65,13.71,-0.22,-1.58,276406,3811638.74,13.9476,15.8,10.72,-,-,-4.192872117400417,-7.552258934592038,13.93,0,0.07,-4.98,26-Sep-2025,28-Aug-2026,-,-7.552258934592038,-,-4.192872117400417,13.227848101265822,-27.891791044776117,https://nsearchives.nseindia.com/today/INTERNETEQN.svg,https://nsearchives.nseindia.com/30d/INTERNET-EQ.svg,https://nsearchives.nseindia.com/365d/INTERNET-EQ.svg,EQ
SELECTIPO,BSE Select IPO Index,47.2,47.26,46.3,46.3,-0.9,-1.91,77504,3610136.32,47.2393,50.72,37.8,-,-,-5.258850010231226,-6.256327191739225,47.2,0,-1.46,-3.95,26-Sep-2025,28-Aug-2026,-,-6.256327191739225,-,-5.258850010231226,8.714511041009468,-22.486772486772487,https://nsearchives.nseindia.com/today/SELECTIPOEQN.svg,https://nsearchives.nseindia.com/30d/SELECTIPO-EQ.svg,https://nsearchives.nseindia.com/365d/SELECTIPO-EQ.svg,EQ
SBIBPB,BSE PSU Bank Index TRI,48.09,48.42,46.61,46.86,-1.23,-2.56,75400,3552094,48.2137,58.27,40.7,-,-,9.15443745632425,-6.931479642502487,48.09,0,13.98,-3.43,26-Sep-2025,28-Aug-2026,-,-6.931479642502487,-,9.15443745632425,19.581259653337916,-15.135135135135126,https://nsearchives.nseindia.com/today/SBIBPBEQN.svg,https://nsearchives.nseindia.com/30d/SBIBPB-EQ.svg,https://nsearchives.nseindia.com/365d/SBIBPB-EQ.svg,EQ
QUAL30IETF,ICICI Prudential Nifty 200 Quality 30 ETF,20.2,20.5,19.95,20.1,-0.1,-0.50,176332,3531929.96,20.2241,23,18,10-MAY-24,FACE VALUE SPLIT (SUB-DIVISION) - FROM RS 10/- PER SHARE TO RE 1/- PER SHARE,-5.456255879586077,-5.898876404494373,20.2,0,-3.44,-5.34,26-Sep-2025,28-Aug-2026,FACE VALUE SPLIT (SUB-DIVISION) - FROM RS 10/- PER SHARE TO RE 1/- PER SHARE,-5.898876404494373,10-MAY-24,-5.456255879586077,12.608695652173909,-11.666666666666675,https://nsearchives.nseindia.com/today/QUAL30IETFEQN.svg,https://nsearchives.nseindia.com/30d/QUAL30IETF-EQ.svg,https://nsearchives.nseindia.com/365d/QUAL30IETF-EQ.svg,EQ
PSUBANKADD,DSP Nifty PSU Bank ETF,83.89,83.89,81.31,81.47,-2.42,-2.88,43119,3527565.39,83.8956,99.88,72.8,-,-,9.26770386266094,-7.388882573604638,83.89,0,14.82,-3.44,26-Sep-2025,28-Aug-2026,-,-7.388882573604638,-,9.26770386266094,18.4321185422507,-11.909340659340662,https://nsearchives.nseindia.com/today/PSUBANKADDEQN.svg,https://nsearchives.nseindia.com/30d/PSUBANKADD-EQ.svg,https://nsearchives.nseindia.com/365d/PSUBANKADD-EQ.svg,EQ
HDFCPSUBK,HDFC NIFTY PSU BANK ETF,85,85,80.83,81.65,-1.96,-2.34,40690,3328035.1,83.9291,101.25,73,-,-,9.55320005366967,-6.621683440073184,83.61,0,14.3,-3.56,26-Sep-2025,28-Aug-2026,-,-6.621683440073184,-,9.55320005366967,19.358024691358022,-11.849315068493159,https://nsearchives.nseindia.com/today/HDFCPSUBKEQN.svg,https://nsearchives.nseindia.com/30d/HDFCPSUBK-EQ.svg,https://nsearchives.nseindia.com/365d/HDFCPSUBK-EQ.svg,EQ
HSBCGOLD,Commodity,129.51,130.5,126.1,127.13,-3.51,-2.69,25611,3267707.49,130.9925,146.4,119.1,-,-,Infinity,-8.945709783698616,130.64,0,0,-4.71,,28-Aug-2026,-,-8.945709783698616,-,Infinity,13.162568306010934,-6.742233417296391,https://nsearchives.nseindia.com/today/HSBCGOLDEQN.svg,https://nsearchives.nseindia.com/30d/HSBCGOLD-EQ.svg,,EQ
MNC,Kotak Nifty MNC ETF,33,33,31.81,31.99,-0.21,-0.65,97066,3105141.34,32.3353,35.65,27.83,-,-,3.762568926370419,-6.653049314269053,32.2,0,5.82,-5.21,26-Sep-2025,28-Aug-2026,-,-6.653049314269053,-,3.762568926370419,10.26647966339411,-14.947897951850521,https://nsearchives.nseindia.com/today/MNCEQN.svg,https://nsearchives.nseindia.com/30d/MNC-EQ.svg,https://nsearchives.nseindia.com/365d/MNC-EQ.svg,EQ
PVTBANKADD,DSP Nifty Private Bank ETF,27.2,27.21,26.83,26.9,-0.43,-1.57,114955,3098037.25,27.3402,31.88,24.02,-,-,-0.7013658176448921,-4.745042492917848,27.33,0,1.64,-2.91,26-Sep-2025,28-Aug-2026,-,-4.745042492917848,-,-0.7013658176448921,15.621079046424093,-11.990008326394667,https://nsearchives.nseindia.com/today/PVTBANKADDEQN.svg,https://nsearchives.nseindia.com/30d/PVTBANKADD-EQ.svg,https://nsearchives.nseindia.com/365d/PVTBANKADD-EQ.svg,EQ
HDFCNIFBAN,Nifty Bank,57.33,57.33,56.01,56.27,-1.02,-1.78,54715,3085378.85,57.2924,65.54,51.2,02-FEB-24,FACE VALUE SPLIT (SUB-DIVISION) - FROM RS 223.31/- PER SHARE TO RS 22.331/- PER SHARE,-0.14196983141082217,-5.507976490344239,57.29,0,2.6,-3.36,26-Sep-2025,28-Aug-2026,FACE VALUE SPLIT (SUB-DIVISION) - FROM RS 223.31/- PER SHARE TO RS 22.331/- PER SHARE,-5.507976490344239,02-FEB-24,-0.14196983141082217,14.144034177601469,-9.90234375,https://nsearchives.nseindia.com/today/HDFCNIFBANEQN.svg,https://nsearchives.nseindia.com/30d/HDFCNIFBAN-EQ.svg,https://nsearchives.nseindia.com/365d/HDFCNIFBAN-EQ.svg,EQ
NETF,Tata Nifty 50 Exchange Traded Fund,247.27,253.62,247.27,253.6,-0.02,-0.01,11946,2979571.32,252.1394,292.9,240.66,-,-,-5.552865815053441,-4.186187093849181,253.62,0,-4.52,-3.27,26-Sep-2025,28-Aug-2026,-,-4.186187093849181,-,-5.552865815053441,13.41754865141686,-5.3768802459901925,https://nsearchives.nseindia.com/today/NETFEQN.svg,https://nsearchives.nseindia.com/30d/NETF-EQ.svg,https://nsearchives.nseindia.com/365d/NETF-EQ.svg,EQ
GOLD360,Commodity-Gold,145.7,145.7,142.55,143.35,-3.15,-2.15,20604,2957086.08,146.9855,178,110.35,-,-,28.334825425246187,-8.226632522407169,146.5,0,31.57,-5.3,26-Sep-2025,28-Aug-2026,-,-8.226632522407169,-,28.334825425246187,19.466292134831463,-29.904848210240146,https://nsearchives.nseindia.com/today/GOLD360EQN.svg,https://nsearchives.nseindia.com/30d/GOLD360-EQ.svg,https://nsearchives.nseindia.com/365d/GOLD360-EQ.svg,EQ
MOHEALTH,Motilal Oswal S&P BSE Healthcare ETF,52.99,52.99,51.87,52.13,-0.27,-0.52,54572,2845929.8,52.3735,53.89,40.79,-,-,16.935845670704364,-0.01917913310317992,52.4,0,19.88,-0.1,26-Sep-2025,28-Aug-2026,-,-0.01917913310317992,-,16.935845670704364,3.265912043050655,-27.80093160088258,https://nsearchives.nseindia.com/today/MOHEALTHEQN.svg,https://nsearchives.nseindia.com/30d/MOHEALTH-EQ.svg,https://nsearchives.nseindia.com/365d/MOHEALTH-EQ.svg,EQ
NIFTYADD,Nifty 50 Index,243.12,244.44,240.24,240.78,-3.43,-1.40,11558,2788714.24,244.0672,300,232.64,-,-,Infinity,-6.048072420789751,244.21,0,0,-4.16,,28-Aug-2026,-,-6.048072420789751,-,Infinity,19.74,-3.4989683631361825,https://nsearchives.nseindia.com/today/NIFTYADDEQN.svg,https://nsearchives.nseindia.com/30d/NIFTYADD-EQ.svg,,EQ
AONETOTAL,Nifty Total Market Index,11.59,11.82,11.38,11.45,-0.14,-1.21,241554,2763377.76,11.5862,12.51,9.6,-,-,-1.9691780821917846,-4.979253112033207,11.59,0,0.43,-3.26,26-Sep-2025,28-Aug-2026,-,-4.979253112033207,-,-1.9691780821917846,8.473221422861716,-19.270833333333332,https://nsearchives.nseindia.com/today/AONETOTALEQN.svg,https://nsearchives.nseindia.com/30d/AONETOTAL-EQ.svg,https://nsearchives.nseindia.com/365d/AONETOTAL-EQ.svg,EQ
HDFCVALUE,HDFC NIFTY50 Value 20 ETF,121.26,121.26,118.87,119.38,-1.89,-1.56,23115,2757619.5,120.7395,147.05,118.87,-,-,-9.996984318455965,-5.4041204437401005,121.27,0,-7.74,-3.38,26-Sep-2025,28-Aug-2026,-,-5.4041204437401005,-,-9.996984318455965,18.816729003740235,-0.42904012787077556,https://nsearchives.nseindia.com/today/HDFCVALUEEQN.svg,https://nsearchives.nseindia.com/30d/HDFCVALUE-EQ.svg,https://nsearchives.nseindia.com/365d/HDFCVALUE-EQ.svg,EQ
TOP15IETF,Nifty Top 15 Equal Weight Index,9.35,9.36,9.22,9.24,-0.11,-1.18,289748,2677271.52,9.341,11.36,9.15,-,-,-11.832061068702293,-7.41482965931864,9.35,0,-10.18,-5.94,26-Sep-2025,28-Aug-2026,-,-7.41482965931864,-,-11.832061068702293,18.66197183098591,-0.9836065573770476,https://nsearchives.nseindia.com/today/TOP15IETFEQN.svg,https://nsearchives.nseindia.com/30d/TOP15IETF-EQ.svg,https://nsearchives.nseindia.com/365d/TOP15IETF-EQ.svg,EQ
SETF10GILT,Nifty 10 yr Benchmark G-Sec Index,262.51,262.51,260.37,260.37,-2.14,-0.82,10233,2673882.9,262.1833,272.31,250.95,-,-,0.77408367844564,-1.5204811074548894,262.51,0,1.45,-0.67,26-Sep-2025,28-Aug-2026,-,-1.5204811074548894,-,0.77408367844564,4.384708604164371,-3.7537358039450153,https://nsearchives.nseindia.com/today/SETF10GILTEQN.svg,https://nsearchives.nseindia.com/30d/SETF10GILT-EQ.svg,https://nsearchives.nseindia.com/365d/SETF10GILT-EQ.svg,EQ
AONENIFTY,Nifty 50 Index,9.51,9.79,9.37,9.47,-0.13,-1.35,275003,2598778.35,9.5668,12,9,-,-,-6.882989183874133,-5.583250249252231,9.6,0,-4.95,-3.61,26-Sep-2025,28-Aug-2026,-,-5.583250249252231,-,-6.882989183874133,21.08333333333333,-5.222222222222229,https://nsearchives.nseindia.com/today/AONENIFTYEQN.svg,https://nsearchives.nseindia.com/30d/AONENIFTY-EQ.svg,https://nsearchives.nseindia.com/365d/AONENIFTY-EQ.svg,EQ
NV20,Nifty50 Value 20,13.38,13.38,13.19,13.26,-0.12,-0.90,192242,2545284.08,13.411,16.87,12.62,27-FEB-26,FACE VALUE SPLIT (SUB-DIVISION) - FROM RS 10/- PER SHARE TO RE 1/- PER SHARE,-90.97345132743364,-5.2180128663330985,13.38,0,-90.8,-4.15,26-Sep-2025,28-Aug-2026,FACE VALUE SPLIT (SUB-DIVISION) - FROM RS 10/- PER SHARE TO RE 1/- PER SHARE,-5.2180128663330985,27-FEB-26,-90.97345132743364,21.398933017190284,-5.071315372424728,https://nsearchives.nseindia.com/today/NV20EQN.svg,https://nsearchives.nseindia.com/30d/NV20-EQ.svg,https://nsearchives.nseindia.com/365d/NV20-EQ.svg,EQ
VALUEAXIS,Nifty500 Value 50 TRI,32.93,32.93,31.5,31.68,-0.45,-1.40,77911,2472895.14,32.1053,39,26.76,-,-,Infinity,-4.635761589403971,32.13,0,0,-2.1,,28-Aug-2026,-,-4.635761589403971,-,Infinity,18.76923076923077,-18.38565022421524,https://nsearchives.nseindia.com/today/VALUEAXISEQN.svg,https://nsearchives.nseindia.com/30d/VALUEAXIS-EQ.svg,,EQ
NIFTYJBLK,INDEX,12.21,12.21,11.68,11.79,-0.13,-1.09,202231,2370147.32,11.8663,13.05,9.94,-,-,Infinity,-5.377207062600334,11.92,0,0,-3.79,,28-Aug-2026,-,-5.377207062600334,-,Infinity,9.655172413793116,-18.611670020120723,https://nsearchives.nseindia.com/today/NIFTYJBLKEQN.svg,https://nsearchives.nseindia.com/30d/NIFTYJBLK-EQ.svg,,EQ
QNIFTY,Nifty 50,257.5,257.5,251.2,251.5,-3.18,-1.25,9001,2268252,254.9866,291.19,243.2,13-FEB-26,FACE VALUE SPLIT (SUB-DIVISION) - FROM RS 10/- PER UNIT TO RE 1/- PER UNIT,-90.74649820264986,-5.974278450725294,254.68,0,-90.54,-4.37,26-Sep-2025,28-Aug-2026,FACE VALUE SPLIT (SUB-DIVISION) - FROM RS 10/- PER UNIT TO RE 1/- PER UNIT,-5.974278450725294,13-FEB-26,-90.74649820264986,13.630275764964455,-3.4128289473684257,https://nsearchives.nseindia.com/today/QNIFTYEQN.svg,https://nsearchives.nseindia.com/30d/QNIFTY-EQ.svg,https://nsearchives.nseindia.com/365d/QNIFTY-EQ.svg,EQ
SENSEXBETA,SENSEX,816,816.85,808,816,-1.29,-0.16,2662,2157950.3,819.6111,952.91,785,26-FEB-21, INTERIM DIVIDEND - RS 13.56 PER UNIT,Infinity,-5.1846343333875575,817.29,0,0,-5.34,,28-Aug-2026, INTERIM DIVIDEND - RS 13.56 PER UNIT,-5.1846343333875575,26-FEB-21,Infinity,14.367568815522974,-3.949044585987261,https://nsearchives.nseindia.com/today/SENSEXBETAEQN.svg,https://nsearchives.nseindia.com/30d/SENSEXBETA-EQ.svg,,EQ
SBINEQWETF,Nifty50 Equal Weight,32,32.48,31.7,31.9,-0.25,-0.78,66228,2109361.8,32.1952,36.4,29.64,-,-,-1.2383900928792526,-5.593370819769165,32.15,0,1.04,-4.37,26-Sep-2025,28-Aug-2026,-,-5.593370819769165,-,-1.2383900928792526,12.362637362637363,-7.624831309041829,https://nsearchives.nseindia.com/today/SBINEQWETFEQN.svg,https://nsearchives.nseindia.com/30d/SBINEQWETF-EQ.svg,https://nsearchives.nseindia.com/365d/SBINEQWETF-EQ.svg,EQ
SBIETFIT,Nifty IT Index,314.99,314.99,309.02,313.41,1.27,0.41,6707,2090035.34,312.4259,439.27,285,-,-,-16.81662552751014,-7.25319602272727,312.14,0,-15.05,-9.64,26-Sep-2025,28-Aug-2026,-,-7.25319602272727,-,-16.81662552751014,28.65208186309103,-9.968421052631589,https://nsearchives.nseindia.com/today/SBIETFITEQN.svg,https://nsearchives.nseindia.com/30d/SBIETFIT-EQ.svg,https://nsearchives.nseindia.com/365d/SBIETFIT-EQ.svg,EQ
EQUAL50,Nifty50 Equal Weight,318.22,318.23,315.71,316.37,-4.26,-1.33,6512,2061243.36,320.4115,342.88,295.16,-,-,-1.552775703261143,-5.485017775520572,320.63,0,0.92,-4.09,26-Sep-2025,28-Aug-2026,-,-5.485017775520572,-,-1.552775703261143,7.731567895473632,-7.185933053259243,https://nsearchives.nseindia.com/today/EQUAL50EQN.svg,https://nsearchives.nseindia.com/30d/EQUAL50-EQ.svg,https://nsearchives.nseindia.com/365d/EQUAL50-EQ.svg,EQ
BANKPSU,Nifty PSU Bank Total Return Index,83.45,83.45,81.01,81.11,-2.34,-2.80,24273,1985531.4,83.6743,99.52,72.66,-,-,9.194938072159394,-7.3134498914409845,83.45,0,14.3,-3.67,26-Sep-2025,28-Aug-2026,-,-7.3134498914409845,-,9.194938072159394,18.498794212218645,-11.629507294247182,https://nsearchives.nseindia.com/today/BANKPSUEQN.svg,https://nsearchives.nseindia.com/30d/BANKPSU-EQ.svg,https://nsearchives.nseindia.com/365d/BANKPSU-EQ.svg,EQ
GROWWRLTY,Index,9.51,9.9,9.5,9.58,-0.13,-1.34,202622,1939092.54,9.751,11.3,7.17,-,-,Infinity,-6.353861192570872,9.71,0,0,-4.24,,28-Aug-2026,-,-6.353861192570872,-,Infinity,15.221238938053101,-33.61227336122734,https://nsearchives.nseindia.com/today/GROWWRLTYEQN.svg,https://nsearchives.nseindia.com/30d/GROWWRLTY-EQ.svg,,EQ
GROWWMOM50,Nifty 500 Momentum 50 Index- Total Return Index,11,11,10.61,10.65,-0.17,-1.57,178241,1898266.65,10.8089,11.55,9.12,-,-,3.197674418604652,-4.484304932735426,10.82,0,6.29,-4.67,26-Sep-2025,28-Aug-2026,-,-4.484304932735426,-,3.197674418604652,7.792207792207794,-16.7763157894737,https://nsearchives.nseindia.com/today/GROWWMOM50EQN.svg,https://nsearchives.nseindia.com/30d/GROWWMOM50-EQ.svg,https://nsearchives.nseindia.com/365d/GROWWMOM50-EQ.svg,EQ
LIQUIDSBI,SBI NIFTY 1D Rate ETF,1000.01,1000.01,999.99,999.99,-0.01,-0.00,1860,1860000,1000,1010.02,970.23,-,-,0,-0.0009999999999990906,1000,0,0,0,26-Sep-2025,28-Aug-2026,-,-0.0009999999999990906,-,0,0.9930496425813323,-3.067313935870875,https://nsearchives.nseindia.com/today/LIQUIDSBIEQN.svg,https://nsearchives.nseindia.com/30d/LIQUIDSBI-EQ.svg,https://nsearchives.nseindia.com/365d/LIQUIDSBI-EQ.svg,EQ
FLEXIADD,Nifty500 Flexicap Quality 30 TRI,9.6,9.9,9.5,9.62,-0.09,-0.93,192532,1844456.56,9.6796,11.9,8.73,-,-,Infinity,-5.962854349951136,9.71,0,0,-5.18,,28-Aug-2026,-,-5.962854349951136,-,Infinity,19.15966386554623,-10.194730813287501,https://nsearchives.nseindia.com/today/FLEXIADDEQN.svg,https://nsearchives.nseindia.com/30d/FLEXIADD-EQ.svg,,EQ
ABSLPSE,Aditya Birla Sun Life Nifty PSE ETF,10.01,10.17,9.79,9.87,-0.1,-1.00,186970,1841654.5,9.9911,11.6,9.21,-,-,-1.3986013986014043,-2.7586206896551837,9.97,0,0.71,-1.48,26-Sep-2025,28-Aug-2026,-,-2.7586206896551837,-,-1.3986013986014043,14.913793103448281,-7.16612377850161,https://nsearchives.nseindia.com/today/ABSLPSEEQN.svg,https://nsearchives.nseindia.com/30d/ABSLPSE-EQ.svg,https://nsearchives.nseindia.com/365d/ABSLPSE-EQ.svg,EQ
CEMNTGROWW,Nifty Cements Index TRI,14.13,14.28,13.89,13.99,-0.14,-0.99,128068,1786548.6,14.1152,16.27,13.67,-,-,Infinity,-7.717678100263853,14.13,0,0,-4.98,,28-Aug-2026,-,-7.717678100263853,-,Infinity,14.01352181929932,-2.3408924652523795,https://nsearchives.nseindia.com/today/CEMNTGROWWEQN.svg,https://nsearchives.nseindia.com/30d/CEMNTGROWW-EQ.svg,,EQ
SBIETFPB,Nifty Private Bank Index,273.23,273.23,269.9,271.56,-2.73,-1.00,6541,1771237.39,275.0651,304.58,244.18,-,-,-0.6257547480513703,-4.3466009158154195,274.29,0,1.45,-3.3,26-Sep-2025,28-Aug-2026,-,-4.3466009158154195,-,-0.6257547480513703,10.841158316370079,-11.213039560979603,https://nsearchives.nseindia.com/today/SBIETFPBEQN.svg,https://nsearchives.nseindia.com/30d/SBIETFPB-EQ.svg,https://nsearchives.nseindia.com/365d/SBIETFPB-EQ.svg,EQ
IVZBANKNF,Nifty Bank TRI,55.17,55.17,54.35,54.37,-1.13,-2.04,32366,1766212.62,55.5274,58.45,54.35,-,-,Infinity,-5.803880803880806,55.5,0,0,-3.23,,28-Aug-2026,-,-5.803880803880806,-,Infinity,6.980325064157409,-0.03679852805887032,https://nsearchives.nseindia.com/today/IVZBANKNFEQN.svg,https://nsearchives.nseindia.com/30d/IVZBANKNF-EQ.svg,,EQ
EQUAL200,BSE 200 Equal Weight,13.4,13.4,13.22,13.23,-0.18,-1.34,131686,1743522.64,11.364,14.6,11.75,-,-,1.0695187165775444,-5.903271692745377,13.41,0,4.11,-4.15,26-Sep-2025,28-Aug-2026,-,-5.903271692745377,-,1.0695187165775444,9.38356164383561,-12.595744680851068,https://nsearchives.nseindia.com/today/EQUAL200EQN.svg,https://nsearchives.nseindia.com/30d/EQUAL200-EQ.svg,https://nsearchives.nseindia.com/365d/EQUAL200-EQ.svg,EQ
NIFTYBETF,Bajaj Finserv Nifty 50 ETF,245.07,245.07,235,235.69,-3.41,-1.43,7354,1733779.04,238.3952,279.99,227.01,-,-,-7.30354754975222,-5.818181818181819,239.1,0,-5.06,-3.84,26-Sep-2025,28-Aug-2026,-,-5.818181818181819,-,-7.30354754975222,15.821993642630098,-3.8236201048411997,https://nsearchives.nseindia.com/today/NIFTYBETFEQN.svg,https://nsearchives.nseindia.com/30d/NIFTYBETF-EQ.svg,https://nsearchives.nseindia.com/365d/NIFTYBETF-EQ.svg,EQ
SBIMIDMOM,Nifty Midcap 150 Momentum 50 Index,62.97,62.97,61.12,61.53,-0.88,-1.41,27914,1711407.34,62.4098,67.74,53.86,-,-,Infinity,-5.309325946445064,62.41,0,0,-3.98,,28-Aug-2026,-,-5.309325946445064,-,Infinity,9.16740478299379,-14.240623839584112,https://nsearchives.nseindia.com/today/SBIMIDMOMEQN.svg,https://nsearchives.nseindia.com/30d/SBIMIDMOM-EQ.svg,,EQ
MOMENTUM,Aditya Birla Sun Life Nifty 200 Momentum 30 ETF,30.85,30.85,29.87,30.08,-0.55,-1.80,55399,1669171.87,30.6147,33,27.05,-,-,-2.1151968760169284,-5.408805031446548,30.63,0,1.12,-3.62,26-Sep-2025,28-Aug-2026,-,-5.408805031446548,-,-2.1151968760169284,8.848484848484853,-11.201478743068384,https://nsearchives.nseindia.com/today/MOMENTUMEQN.svg,https://nsearchives.nseindia.com/30d/MOMENTUM-EQ.svg,https://nsearchives.nseindia.com/365d/MOMENTUM-EQ.svg,EQ
ELM250,Nifty LargeMidcap 250 TRI,16.23,16.29,15.81,15.83,-0.4,-2.46,101872,1623839.68,16.089,18.5,14.43,-,-,-2.6445264452644617,-6.497341996455994,16.23,0,1.76,-3.85,26-Sep-2025,28-Aug-2026,-,-6.497341996455994,-,-2.6445264452644617,14.432432432432432,-9.702009702009704,https://nsearchives.nseindia.com/today/ELM250EQN.svg,https://nsearchives.nseindia.com/30d/ELM250-EQ.svg,https://nsearchives.nseindia.com/365d/ELM250-EQ.svg,EQ
HDFCGROWTH,HDFC NIFTY Growth Sectors 15 ETF,114.99,114.99,112.16,112.6,-0.81,-0.71,13887,1569508.74,113.4614,133.3,107.86,-,-,-8.440396812489842,-7.256403920599623,113.41,0,-6.05,-6.56,26-Sep-2025,28-Aug-2026,-,-7.256403920599623,-,-8.440396812489842,15.52888222055515,-4.394585573892078,https://nsearchives.nseindia.com/today/HDFCGROWTHEQN.svg,https://nsearchives.nseindia.com/30d/HDFCGROWTH-EQ.svg,https://nsearchives.nseindia.com/365d/HDFCGROWTH-EQ.svg,EQ
BANKBETF,Bajaj Finserv Nifty Bank ETF,56.61,56.61,55.45,55.7,-0.91,-1.61,27789,1545346.29,56.5754,63.9,50.71,-,-,0.07186489399929259,-5.320414754377011,56.61,0,2.78,-3.21,26-Sep-2025,28-Aug-2026,-,-5.320414754377011,-,0.07186489399929259,12.832550860719868,-9.840268191678174,https://nsearchives.nseindia.com/today/BANKBETFEQN.svg,https://nsearchives.nseindia.com/30d/BANKBETF-EQ.svg,https://nsearchives.nseindia.com/365d/BANKBETF-EQ.svg,EQ
MON50EQUAL,Nifty 50 Equal Weight Total Return Index,32.13,32.13,31.71,31.84,-0.29,-0.90,48141,1532809.44,32.1305,36,29.43,-,-,-1.1793916821849753,-5.350772889417362,32.13,0,0.06,-4.69,26-Sep-2025,28-Aug-2026,-,-5.350772889417362,-,-1.1793916821849753,11.555555555555555,-8.188922867821951,https://nsearchives.nseindia.com/today/MON50EQUALEQN.svg,https://nsearchives.nseindia.com/30d/MON50EQUAL-EQ.svg,https://nsearchives.nseindia.com/365d/MON50EQUAL-EQ.svg,EQ
HEALTHCARE,Nifty 500 Healthcare Index,22.28,22.28,21.6,21.67,-0.17,-0.78,65437,1419328.53,21.8535,23.8,17.18,-,-,Infinity,-0.32198712051516437,21.84,0,0,-0.23,,28-Aug-2026,-,-0.32198712051516437,-,Infinity,8.949579831932768,-26.1350407450524,https://nsearchives.nseindia.com/today/HEALTHCAREEQN.svg,https://nsearchives.nseindia.com/30d/HEALTHCARE-EQ.svg,,EQ
HDFCNIF100,HDFC NIFTY 100 ETF,25,25.28,24.77,24.87,-0.31,-1.23,55969,1390269.96,25.1585,28.57,23.31,20-OCT-23,FACE VALUE SPLIT (SUB-DIVISION) - FROM RS 177.27/- PER SHARE TO RS 17.727/- PER SHARE,-5.47320410490307,-5.437262357414448,25.18,0,-3.27,-4.29,26-Sep-2025,28-Aug-2026,FACE VALUE SPLIT (SUB-DIVISION) - FROM RS 177.27/- PER SHARE TO RS 17.727/- PER SHARE,-5.437262357414448,20-OCT-23,-5.47320410490307,12.950647532376617,-6.692406692406703,https://nsearchives.nseindia.com/today/HDFCNIF100EQN.svg,https://nsearchives.nseindia.com/30d/HDFCNIF100-EQ.svg,https://nsearchives.nseindia.com/365d/HDFCNIF100-EQ.svg,EQ
ABSLBANETF,Nifty Bank,56.72,56.72,55.85,56.4,-0.65,-1.14,24234,1361466.12,57.059,64.94,50.97,25-NOV-21, FACE VALUE SPLIT (SUB-DIVISION) - FROM RS 10/- PER SHARE TO RE 1/- PER SHARE,0.4631278945493374,-4.906423874557416,57.05,0,2.59,-3.42,26-Sep-2025,28-Aug-2026, FACE VALUE SPLIT (SUB-DIVISION) - FROM RS 10/- PER SHARE TO RE 1/- PER SHARE,-4.906423874557416,25-NOV-21,0.4631278945493374,13.150600554357867,-10.653325485579753,https://nsearchives.nseindia.com/today/ABSLBANETFEQN.svg,https://nsearchives.nseindia.com/30d/ABSLBANETF-EQ.svg,https://nsearchives.nseindia.com/365d/ABSLBANETF-EQ.svg,EQ
EMULTIMQ,Nifty500 Multicap Momentum Quality 50 Total Return Index,40.25,41.29,40.25,40.61,-0.68,-1.65,32695,1335590.75,41.2275,43.54,36.25,-,-,-2.33285233285233,-4.199103562160889,41.29,0,1.03,-2.16,26-Sep-2025,28-Aug-2026,-,-4.199103562160889,-,-2.33285233285233,6.7294441892512635,-12.027586206896551,https://nsearchives.nseindia.com/today/EMULTIMQEQN.svg,https://nsearchives.nseindia.com/30d/EMULTIMQ-EQ.svg,https://nsearchives.nseindia.com/365d/EMULTIMQ-EQ.svg,EQ
SILVER001,Commodity - Silver,22.7,22.9,22.2,22.37,-0.83,-3.58,58289,1302759.15,23.1935,28,22,-,-,Infinity,-8.581937065794842,23.2,0,0,-4.92,,28-Aug-2026,-,-8.581937065794842,-,Infinity,20.107142857142854,-1.6818181818181863,https://nsearchives.nseindia.com/today/SILVER001EQN.svg,https://nsearchives.nseindia.com/30d/SILVER001-EQ.svg,,EQ
MOMETAL,Nifty Metal Index,13.41,13.41,12.63,12.88,-0.27,-2.05,100550,1289051,13.0869,14.55,12.54,-,-,Infinity,-5.3637031594415765,13.15,0,0,-3.45,,28-Aug-2026,-,-5.3637031594415765,-,Infinity,11.47766323024055,-2.711323763955356,https://nsearchives.nseindia.com/today/MOMETALEQN.svg,https://nsearchives.nseindia.com/30d/MOMETAL-EQ.svg,,EQ
GROWWCHEM,Nifty Chemicals Index - TRI,29.59,29.73,28.65,29.09,-0.35,-1.19,44440,1282982.8,29.189,31.74,24.64,-,-,Infinity,-5.05874673629243,29.44,0,0,-3,,28-Aug-2026,-,-5.05874673629243,-,Infinity,8.349086326402013,-18.060064935064933,https://nsearchives.nseindia.com/today/GROWWCHEMEQN.svg,https://nsearchives.nseindia.com/30d/GROWWCHEM-EQ.svg,,EQ
MOTOUR,Nifty India Tourism Total Return Index,75.17,77.78,75.17,76,-0.7,-0.91,16392,1251857.04,77.394,93.41,64,-,-,-15.789473684210526,-4.904904904904907,76.7,0,-13.14,-2.54,26-Sep-2025,28-Aug-2026,-,-4.904904904904907,-,-15.789473684210526,18.638261428112617,-18.75,https://nsearchives.nseindia.com/today/MOTOUREQN.svg,https://nsearchives.nseindia.com/30d/MOTOUR-EQ.svg,https://nsearchives.nseindia.com/365d/MOTOUR-EQ.svg,EQ
SENSEXAXIS,AXIS S&P BSE SENSEX ETF,74.88,76.88,74.88,76,-0.8,-1.04,16484,1250146.56,76.7576,91.35,73.52,-,-,Infinity,-5.590062111801243,76.8,0,0,-3.95,,28-Aug-2026,-,-5.590062111801243,-,Infinity,16.80350301039956,-3.373231773667035,https://nsearchives.nseindia.com/today/SENSEXAXISEQN.svg,https://nsearchives.nseindia.com/30d/SENSEXAXIS-EQ.svg,,EQ
CONSUMIETF,Nifty India Consumption Index,118.14,118.14,116.95,117.57,-0.73,-0.62,10608,1242621.12,118.4721,141.27,94.65,-,-,-6.963678088153843,-5.5510925449871555,118.3,0,-5.02,-3.98,26-Sep-2025,28-Aug-2026,-,-5.5510925449871555,-,-6.963678088153843,16.776385644510523,-24.215530903328034,https://nsearchives.nseindia.com/today/CONSUMIETFEQN.svg,https://nsearchives.nseindia.com/30d/CONSUMIETF-EQ.svg,https://nsearchives.nseindia.com/365d/CONSUMIETF-EQ.svg,EQ
ENERGYAXIS,Nifty Energy,19.17,19.17,18.14,18.14,-1.16,-6.01,66729,1238490.24,18.7636,19.99,18.14,-,-,Infinity,Infinity,19.3,0,0,0,,,-,Infinity,-,Infinity,9.254627313656817,0,https://nsearchives.nseindia.com/today/ENERGYAXISEQN.svg,,,EQ
MOMGF,Nifty India Manufacturing Total Return Index,160.76,160.76,156.06,156.49,-3.48,-2.18,7700,1208746,158.5083,171.26,137.9,-,-,4.81580709979906,-5.728915662650597,159.97,0,8.29,-3.12,26-Sep-2025,28-Aug-2026,-,-5.728915662650597,-,4.81580709979906,8.624313908676855,-13.48078317621465,https://nsearchives.nseindia.com/today/MOMGFEQN.svg,https://nsearchives.nseindia.com/30d/MOMGF-EQ.svg,https://nsearchives.nseindia.com/365d/MOMGF-EQ.svg,EQ
MIDCAPBETA,UTI Nifty Midcap 150 Exchange Traded Fund (ETF),226.02,230.5,222.54,230.5,3.18,1.40,5034,1137835.02,226.9313,240,192.5,-,-,Infinity,-3.512076688015399,227.32,0,0,-4.54,,28-Aug-2026,-,-3.512076688015399,-,Infinity,3.9583333333333335,-19.74025974025974,https://nsearchives.nseindia.com/today/MIDCAPBETAEQN.svg,https://nsearchives.nseindia.com/30d/MIDCAPBETA-EQ.svg,,EQ
ITAXIS,NIFTY IT Index,310.96,311.41,306.6,310,-1.36,-0.44,3660,1131818.4,310.4594,439.67,230.7,-,-,Infinity,-7.592333144543484,311.36,0,0,-9.45,,28-Aug-2026,-,-7.592333144543484,-,Infinity,29.4925739759365,-34.373645426961424,https://nsearchives.nseindia.com/today/ITAXISEQN.svg,https://nsearchives.nseindia.com/30d/ITAXIS-EQ.svg,,EQ
CONSUMER,Nifty India New AgeConsumption,11.6,11.6,11.42,11.46,-0.15,-1.29,96835,1109729.1,11.621,12.74,9.69,-,-,-5.3674649050371475,-7.281553398058241,11.61,0,-2.44,-5.07,26-Sep-2025,28-Aug-2026,-,-7.281553398058241,-,-5.3674649050371475,10.04709576138147,-18.266253869969056,https://nsearchives.nseindia.com/today/CONSUMEREQN.svg,https://nsearchives.nseindia.com/30d/CONSUMER-EQ.svg,https://nsearchives.nseindia.com/365d/CONSUMER-EQ.svg,EQ
MOALPHA50,Nifty Alpha 50 Total Return Index,54.86,59.7,53.2,59.05,4.46,8.17,20236,1090720.4,54.7021,62,42.1,-,-,16.81503461918892,3.1441048034934447,54.59,0,9.93,-5.03,26-Sep-2025,28-Aug-2026,-,3.1441048034934447,-,16.81503461918892,4.7580645161290365,-40.261282660332526,https://nsearchives.nseindia.com/today/MOALPHA50EQN.svg,https://nsearchives.nseindia.com/30d/MOALPHA50-EQ.svg,https://nsearchives.nseindia.com/365d/MOALPHA50-EQ.svg,EQ
AONETMMQ50,Nifty Total Market Momentum Quality 50 TRI,10.4,10.4,9.88,9.95,-0.25,-2.45,102036,1016278.56,10.1158,10.87,8,-,-,Infinity,-4.418828049951977,10.2,0,0,-2.3,,28-Aug-2026,-,-4.418828049951977,-,Infinity,8.463661453541858,-24.374999999999993,https://nsearchives.nseindia.com/today/AONETMMQ50EQN.svg,https://nsearchives.nseindia.com/30d/AONETMMQ50-EQ.svg,,EQ
SMALLIETF,Nifty Smallcap 250 Index,18.02,18.48,17.87,18,-0.26,-1.42,55499,997872.02,18.1985,19.49,17.4,-,-,Infinity,-2.7027027027027026,18.26,0,0,-1.72,,28-Aug-2026,-,-2.7027027027027026,-,Infinity,7.644946126218565,-3.448275862068974,https://nsearchives.nseindia.com/today/SMALLIETFEQN.svg,https://nsearchives.nseindia.com/30d/SMALLIETF-EQ.svg,,EQ
BANKADD,DSP Nifty Bank ETF,56.7,56.7,55.72,55.94,-1.08,-1.89,17441,976870.41,56.9779,62.9,51.01,-,-,Infinity,-5.634278002699061,57.02,0,0,-3.09,,28-Aug-2026,-,-5.634278002699061,-,Infinity,11.065182829888714,-9.664771613409135,https://nsearchives.nseindia.com/today/BANKADDEQN.svg,https://nsearchives.nseindia.com/30d/BANKADD-EQ.svg,,EQ
MIDQ50ADD,Nifty Midcap 150 Quality 50 Index,23.97,25.24,23.93,24.06,-0.17,-0.70,39502,948838.04,24.2273,26.01,21,03-JUL-26,FACE VALUE SPLIT (SUB-DIVISION) - FROM RS 10/- PER UNIT TO RE 1/- PER UNIT,-90.29329890668495,-5.424528301886802,24.23,0,-90.04,-5.35,26-Sep-2025,28-Aug-2026,FACE VALUE SPLIT (SUB-DIVISION) - FROM RS 10/- PER UNIT TO RE 1/- PER UNIT,-5.424528301886802,03-JUL-26,-90.29329890668495,7.497116493656296,-14.571428571428566,https://nsearchives.nseindia.com/today/MIDQ50ADDEQN.svg,https://nsearchives.nseindia.com/30d/MIDQ50ADD-EQ.svg,https://nsearchives.nseindia.com/365d/MIDQ50ADD-EQ.svg,EQ
MOM50,Nifty 50,244.73,244.73,238.35,239.2,-3.11,-1.28,3937,944210.71,242.554,279.33,221.55,16-OCT-14,FACE VALUE SPLIT FROM RS.10/- TO RS.7/-,-7.509086690897848,-5.626134301270424,242.31,0,-5.8,-4.45,26-Sep-2025,28-Aug-2026,FACE VALUE SPLIT FROM RS.10/- TO RS.7/-,-5.626134301270424,16-OCT-14,-7.509086690897848,14.366519886872158,-7.9665989618596145,https://nsearchives.nseindia.com/today/MOM50EQN.svg,https://nsearchives.nseindia.com/30d/MOM50-EQ.svg,https://nsearchives.nseindia.com/365d/MOM50-EQ.svg,EQ
IDFNIFTYET,Nifty 50,250.17,255,250.17,253,-3.59,-1.40,3704,938297.28,255.9525,340.8,244.32,-,-,-7.845851242077663,-5.979412092608412,256.59,0,-5.11,-2.94,26-Sep-2025,28-Aug-2026,-,-5.979412092608412,-,-7.845851242077663,25.76291079812207,-3.552717747216768,https://nsearchives.nseindia.com/today/IDFNIFTYETEQN.svg,https://nsearchives.nseindia.com/30d/IDFNIFTYET-EQ.svg,https://nsearchives.nseindia.com/365d/IDFNIFTYET-EQ.svg,EQ
ABSLNN50ET,Nifty Next 50,76.18,76.18,74.06,74.06,-1.45,-1.92,12033,901151.37,75.6653,80.33,63.02,25-NOV-21, FACE VALUE SPLIT (SUB-DIVISION) - FROM RS 10/- PER SHARE TO RE 1/- PER SHARE,3.6094012311135955,-5.69209219406596,75.51,0,7.46,-3.06,26-Sep-2025,28-Aug-2026, FACE VALUE SPLIT (SUB-DIVISION) - FROM RS 10/- PER SHARE TO RE 1/- PER SHARE,-5.69209219406596,25-NOV-21,3.6094012311135955,7.805303124610974,-17.51824817518248,https://nsearchives.nseindia.com/today/ABSLNN50ETEQN.svg,https://nsearchives.nseindia.com/30d/ABSLNN50ET-EQ.svg,https://nsearchives.nseindia.com/365d/ABSLNN50ET-EQ.svg,EQ
SBIETFCON,Nifty India Consumption Index,118.97,118.98,116.29,118.97,1.32,1.12,7622,888801.42,118.0069,133.97,100,-,-,-5.429252782193957,-4.349573886476923,117.65,0,-5.09,-4.63,26-Sep-2025,28-Aug-2026,-,-4.349573886476923,-,-5.429252782193957,11.196536538030902,-18.97,https://nsearchives.nseindia.com/today/SBIETFCONEQN.svg,https://nsearchives.nseindia.com/30d/SBIETFCON-EQ.svg,https://nsearchives.nseindia.com/365d/SBIETFCON-EQ.svg,EQ
BNKETFAXIS,Nifty Bank,565.99,566.01,562.9,563.2,-9.98,-1.74,1537,866745.04,573.8106,647.82,512.51,-,-,Infinity,-5.819397993311029,573.18,0,0,-3.47,,28-Aug-2026,-,-5.819397993311029,-,Infinity,13.06227038374857,-9.890538721195695,https://nsearchives.nseindia.com/today/BNKETFAXISEQN.svg,https://nsearchives.nseindia.com/30d/BNKETFAXIS-EQ.svg,,EQ
GSEC5IETF,Nifty 5 yr Benchmark G-Sec Index,66.15,66.97,65.8,66.97,1.12,1.70,13075,862819.25,65.923,69.14,62.7,-,-,5.680921571721637,0.4951980792316901,65.85,0,4.28,-0.53,26-Sep-2025,28-Aug-2026,-,0.4951980792316901,-,5.680921571721637,3.1385594446051512,-6.81020733652312,https://nsearchives.nseindia.com/today/GSEC5IETFEQN.svg,https://nsearchives.nseindia.com/30d/GSEC5IETF-EQ.svg,https://nsearchives.nseindia.com/365d/GSEC5IETF-EQ.svg,EQ
CONSUMAXIS,NIFTY India Consumption Index,118,118,116,116,-1.27,-1.08,6973,815562.08,117.6509,131.85,105.63,-,-,Infinity,-6.413876563130296,117.27,0,0,-4.5,,28-Aug-2026,-,-6.413876563130296,-,Infinity,12.021236253318161,-9.817286755656541,https://nsearchives.nseindia.com/today/CONSUMAXISEQN.svg,https://nsearchives.nseindia.com/30d/CONSUMAXIS-EQ.svg,,EQ
NIFTYQLITY,Aditya Birla Sun Life Nifty 200 Quality 30 ETF,20.37,20.5,20.16,20.26,-0.11,-0.54,39601,801920.25,20.4252,23.03,18.95,-,-,-5.327102803738304,-6.203703703703703,20.37,0,-4.01,-5.48,26-Sep-2025,28-Aug-2026,-,-6.203703703703703,-,-5.327102803738304,12.027789839339988,-6.912928759894472,https://nsearchives.nseindia.com/today/NIFTYQLITYEQN.svg,https://nsearchives.nseindia.com/30d/NIFTYQLITY-EQ.svg,https://nsearchives.nseindia.com/365d/NIFTYQLITY-EQ.svg,EQ
MOINFRA,BSE India Infrastructure Total Return Index,57.62,57.79,56.61,56.88,-1.04,-1.80,13980,796999.8,57.8369,66,54.6,-,-,-6.107626279300091,-3.8214406493067266,57.92,0,-3.16,-2.43,26-Sep-2025,28-Aug-2026,-,-3.8214406493067266,-,-6.107626279300091,13.818181818181815,-4.175824175824178,https://nsearchives.nseindia.com/today/MOINFRAEQN.svg,https://nsearchives.nseindia.com/30d/MOINFRA-EQ.svg,https://nsearchives.nseindia.com/365d/MOINFRA-EQ.svg,EQ
SBISMLETF,Nifty Smallcap 250 Index,18.61,18.61,17.83,17.99,-0.17,-0.94,43919,789224.43,18.1866,18.97,16.53,-,-,Infinity,-2.7041644131963225,18.16,0,0,-1.94,,28-Aug-2026,-,-2.7041644131963225,-,Infinity,5.166051660516608,-8.832425892316982,https://nsearchives.nseindia.com/today/SBISMLETFEQN.svg,https://nsearchives.nseindia.com/30d/SBISMLETF-EQ.svg,,EQ
GROWWPSUBK,Nifty PSU Bank Index - TRI,82.08,84.5,80.61,82.55,-1.2,-1.43,9409,764575.34,83.178,91.19,77.57,-,-,Infinity,-5.570807595515905,83.75,0,0,-2.42,,28-Aug-2026,-,-5.570807595515905,-,Infinity,9.474723105603685,-6.420007734949084,https://nsearchives.nseindia.com/today/GROWWPSUBKEQN.svg,https://nsearchives.nseindia.com/30d/GROWWPSUBK-EQ.svg,,EQ
MSCIINDIA,MSCI India Index,28.7,28.7,28.23,28.23,-0.63,-2.18,26896,764384.32,28.831,32.14,26.5,-,-,-4.692775151924377,-6.923837784371902,28.86,0,-1.3,-4.25,26-Sep-2025,28-Aug-2026,-,-6.923837784371902,-,-4.692775151924377,12.165525824517735,-6.528301886792455,https://nsearchives.nseindia.com/today/MSCIINDIAEQN.svg,https://nsearchives.nseindia.com/30d/MSCIINDIA-EQ.svg,https://nsearchives.nseindia.com/365d/MSCIINDIA-EQ.svg,EQ
CHOICEGOLD,Gold,145.4,148.23,144.81,145.1,-4.03,-2.70,5202,759908.16,149.4772,175.49,115.79,-,-,Infinity,-8.661714717361209,149.13,0,0,-4.79,,28-Aug-2026,-,-8.661714717361209,-,Infinity,17.317226052766546,-25.313066758787446,https://nsearchives.nseindia.com/today/CHOICEGOLDEQN.svg,https://nsearchives.nseindia.com/30d/CHOICEGOLD-EQ.svg,,EQ
GROWWN200,Nifty 200 Index- Total Return Index,10.99,11.1,10.75,10.89,-0.02,-0.18,67125,727635,10.9658,12.14,9.91,-,-,-3.37178349600709,-4.973821989528798,10.91,0,-1.98,-4.21,26-Sep-2025,28-Aug-2026,-,-4.973821989528798,-,-3.37178349600709,10.29654036243822,-9.88900100908174,https://nsearchives.nseindia.com/today/GROWWN200EQN.svg,https://nsearchives.nseindia.com/30d/GROWWN200-EQ.svg,https://nsearchives.nseindia.com/365d/GROWWN200-EQ.svg,EQ
HEALTHAXIS,Nifty Healthcare Index,169.01,169.85,167.9,169.83,-0.02,-0.01,4249,716593.85,169.7527,190,135.2,-,-,Infinity,-0.017661603673614232,169.85,0,0,-0.55,,28-Aug-2026,-,-0.017661603673614232,-,Infinity,10.615789473684204,-25.613905325443806,https://nsearchives.nseindia.com/today/HEALTHAXISEQN.svg,https://nsearchives.nseindia.com/30d/HEALTHAXIS-EQ.svg,,EQ
ESG,NIFTY100 ESG SECTOR LEADERS,39.5,39.5,39.04,39.15,-0.61,-1.53,18072,708241.68,39.7334,45.06,37.52,-,-,-7.8606730995528435,-6.249999999999999,39.76,0,-5.4,-4.19,26-Sep-2025,28-Aug-2026,-,-6.249999999999999,-,-7.8606730995528435,13.115845539280965,-4.344349680170563,https://nsearchives.nseindia.com/today/ESGEQN.svg,https://nsearchives.nseindia.com/30d/ESG-EQ.svg,https://nsearchives.nseindia.com/365d/ESG-EQ.svg,EQ
TECH,Nifty IT TRI Index,31.69,31.9,30.51,31.59,0.67,2.17,23006,707894.62,30.8516,49.41,28,-,-,-14.297341291372762,-5.390835579514826,30.92,0,-14.02,-9.19,26-Sep-2025,28-Aug-2026,-,-5.390835579514826,-,-14.297341291372762,36.0655737704918,-12.821428571428571,https://nsearchives.nseindia.com/today/TECHEQN.svg,https://nsearchives.nseindia.com/30d/TECH-EQ.svg,https://nsearchives.nseindia.com/365d/TECH-EQ.svg,EQ
LICNMID100,LIC MF Nifty Midcap 100 ETF,61.97,63.47,60.22,62.47,0.8,1.30,10485,635600.7,61.3468,66.4,52.3,-,-,7.651214888850591,-3.68485969781067,61.67,0,8.38,-3.96,26-Sep-2025,28-Aug-2026,-,-3.68485969781067,-,7.651214888850591,5.918674698795191,-19.445506692160617,https://nsearchives.nseindia.com/today/LICNMID100EQN.svg,https://nsearchives.nseindia.com/30d/LICNMID100-EQ.svg,https://nsearchives.nseindia.com/365d/LICNMID100-EQ.svg,EQ
SMALLADD,Nifty Smallcap 250 Index,18.46,18.46,17.95,17.96,-0.32,-1.75,35148,633015.48,18.2749,19.5,14.01,-,-,Infinity,-3.336921420882656,18.28,0,0,-1.88,,28-Aug-2026,-,-3.336921420882656,-,Infinity,7.897435897435893,-28.19414703783013,https://nsearchives.nseindia.com/today/SMALLADDEQN.svg,https://nsearchives.nseindia.com/30d/SMALLADD-EQ.svg,,EQ
EBANKNIFTY,Edelweiss Nifty Bank ETF,55.71,55.71,55.04,55.17,-1.05,-1.87,10483,580024.39,56.1142,69.39,50.05,-,-,-0.5408328826392593,-5.740645822655048,56.22,0,2.42,-3.29,26-Sep-2025,28-Aug-2026,-,-5.740645822655048,-,-0.5408328826392593,20.492866407263293,-10.229770229770239,https://nsearchives.nseindia.com/today/EBANKNIFTYEQN.svg,https://nsearchives.nseindia.com/30d/EBANKNIFTY-EQ.svg,https://nsearchives.nseindia.com/365d/EBANKNIFTY-EQ.svg,EQ
GROWWMC150,Nifty Midcap 150 Index - TRI,222.63,226.09,221,222.81,-3.28,-1.45,2557,567296.02,225.0837,245,193.6,-,-,Infinity,-5.840341461353165,226.09,0,0,-4.66,,28-Aug-2026,-,-5.840341461353165,-,Infinity,9.057142857142857,-15.087809917355377,https://nsearchives.nseindia.com/today/GROWWMC150EQN.svg,https://nsearchives.nseindia.com/30d/GROWWMC150-EQ.svg,,EQ
VALUE,Nifty 500 Value 50,15.76,15.76,15.48,15.48,-0.28,-1.78,36347,564468.91,15.7699,19.69,14.83,-,-,Infinity,-5.030674846625768,15.76,0,0,-2.54,,28-Aug-2026,-,-5.030674846625768,-,Infinity,21.381411884205185,-4.383007417397169,https://nsearchives.nseindia.com/today/VALUEEQN.svg,https://nsearchives.nseindia.com/30d/VALUE-EQ.svg,,EQ
UNIONGOLD,Commodity Gold,146.1,147,142.75,143.65,-3.9,-2.64,3872,556522.56,147.3661,177,110.1,-,-,28.949730700179533,-8.29875518672199,147.55,0,32.21,-4.99,26-Sep-2025,28-Aug-2026,-,-8.29875518672199,-,28.949730700179533,18.841807909604515,-30.47229791099002,https://nsearchives.nseindia.com/today/UNIONGOLDEQN.svg,https://nsearchives.nseindia.com/30d/UNIONGOLD-EQ.svg,https://nsearchives.nseindia.com/365d/UNIONGOLD-EQ.svg,EQ
GROWWNXT50,Index,71.7,71.7,70.8,71.47,-0.3,-0.42,7683,546338.13,72.1398,76.79,60.01,-,-,4.335766423357662,-4.85889243876465,71.77,0,6.82,-3.68,26-Sep-2025,28-Aug-2026,-,-4.85889243876465,-,4.335766423357662,6.927985414767556,-19.096817197133813,https://nsearchives.nseindia.com/today/GROWWNXT50EQN.svg,https://nsearchives.nseindia.com/30d/GROWWNXT50-EQ.svg,https://nsearchives.nseindia.com/365d/GROWWNXT50-EQ.svg,EQ
HDFCQUAL,HDFC NIFTY100 Quality 30 ETF,56.08,57.5,56,56.34,-0.19,-0.34,9202,517244.42,56.682,61.87,51.91,-,-,-3.0959752321981373,-5.135544704495701,56.53,0,-1.84,-4.61,26-Sep-2025,28-Aug-2026,-,-5.135544704495701,-,-3.0959752321981373,8.938096007758194,-8.53400115584667,https://nsearchives.nseindia.com/today/HDFCQUALEQN.svg,https://nsearchives.nseindia.com/30d/HDFCQUAL-EQ.svg,https://nsearchives.nseindia.com/365d/HDFCQUAL-EQ.svg,EQ
IVZINNIFTY,Nifty 50,273.22,273.22,260,263.1,-3.46,-1.30,1796,472006.76,265.6741,315,251.1,31-JUL-26,FACE VALUE SPLIT (SUB-DIVISION) - FROM RS 10/- PER SHARE TO RE 1/- PER SHARE,-90.71459830314666,-5.427749820273172,266.56,0,-90.49,-3.72,26-Sep-2025,28-Aug-2026,FACE VALUE SPLIT (SUB-DIVISION) - FROM RS 10/- PER SHARE TO RE 1/- PER SHARE,-5.427749820273172,31-JUL-26,-90.71459830314666,16.47619047619047,-4.778972520908016,https://nsearchives.nseindia.com/today/IVZINNIFTYEQN.svg,https://nsearchives.nseindia.com/30d/IVZINNIFTY-EQ.svg,https://nsearchives.nseindia.com/365d/IVZINNIFTY-EQ.svg,EQ
INFRA,Nifty India Infrastructure & Logistics,11.74,11.74,11.5,11.5,-0.24,-2.04,40149,462917.97,11.7346,13.27,10.14,-,-,Infinity,-5.8149058149058215,11.74,0,0,-3.22,,28-Aug-2026,-,-5.8149058149058215,-,Infinity,13.338357196684246,-13.412228796844175,https://nsearchives.nseindia.com/today/INFRAEQN.svg,https://nsearchives.nseindia.com/30d/INFRA-EQ.svg,,EQ
NEXT30ADD,BSE SENSEX Next 30 Index,42.12,42.12,41.15,41.39,-0.53,-1.26,10412,430536.2,41.8291,46.7,36.98,-,-,5.829711071337257,-5.1558203483043075,41.92,0,8.85,-3.08,26-Sep-2025,28-Aug-2026,-,-5.1558203483043075,-,5.829711071337257,11.370449678800862,-11.925365062195791,https://nsearchives.nseindia.com/today/NEXT30ADDEQN.svg,https://nsearchives.nseindia.com/30d/NEXT30ADD-EQ.svg,https://nsearchives.nseindia.com/365d/NEXT30ADD-EQ.svg,EQ
FMCGADD,Nifty FMCG Index (TRI),45.99,46.78,45.5,45.74,-0.37,-0.80,9363,427046.43,46.1442,51.09,45.01,-,-,Infinity,-4.06879194630872,46.11,0,0,-2.58,,28-Aug-2026,-,-4.06879194630872,-,Infinity,10.47171657858681,-1.6218618084870118,https://nsearchives.nseindia.com/today/FMCGADDEQN.svg,https://nsearchives.nseindia.com/30d/FMCGADD-EQ.svg,,EQ
NEXT50ADD,Nifty Next 50 TRI,71.38,71.7,70.76,71.01,-1.21,-1.68,5967,424552.05,72.2004,81,56.25,-,-,Infinity,-5.584363781412032,72.22,0,0,-3.02,,28-Aug-2026,-,-5.584363781412032,-,Infinity,12.333333333333329,-26.24000000000001,https://nsearchives.nseindia.com/today/NEXT50ADDEQN.svg,https://nsearchives.nseindia.com/30d/NEXT50ADD-EQ.svg,,EQ
GROWWLOVOL,Nifty 500 Low Volatility 50 Index   TRI,10.07,10.23,9.88,10.01,-0.05,-0.50,42179,422633.58,10.0921,11.1,9.39,-,-,-3.5645472061657126,-4.302103250478021,10.06,0,-2.14,-3.92,26-Sep-2025,28-Aug-2026,-,-4.302103250478021,-,-3.5645472061657126,9.819819819819818,-6.602768903088383,https://nsearchives.nseindia.com/today/GROWWLOVOLEQN.svg,https://nsearchives.nseindia.com/30d/GROWWLOVOL-EQ.svg,https://nsearchives.nseindia.com/365d/GROWWLOVOL-EQ.svg,EQ
HEALTHADD,DSP Nifty Healthcare ETF,17.15,17.15,16.65,16.79,-0.2,-1.18,24096,403848.96,16.8434,18.2,13.54,03-JUL-26,FACE VALUE SPLIT (SUB-DIVISION) - FROM RS 10/- PER UNIT TO RE 1/- PER UNIT,-88.48343507785171,-0.296912114014256,16.99,0,-88.07,0.47,26-Sep-2025,28-Aug-2026,FACE VALUE SPLIT (SUB-DIVISION) - FROM RS 10/- PER UNIT TO RE 1/- PER UNIT,-0.296912114014256,03-JUL-26,-88.48343507785171,7.747252747252747,-24.002954209748893,https://nsearchives.nseindia.com/today/HEALTHADDEQN.svg,https://nsearchives.nseindia.com/30d/HEALTHADD-EQ.svg,https://nsearchives.nseindia.com/365d/HEALTHADD-EQ.svg,EQ
TWCGOLDETF,Commodity,147,147,144.89,145.97,-4.02,-2.68,2661,388665.66,149.8101,187.98,123.31,-,-,Infinity,-8.275732059821532,149.99,0,0,-4.83,,28-Aug-2026,-,-8.275732059821532,-,Infinity,22.348122140653256,-18.376449598572698,https://nsearchives.nseindia.com/today/TWCGOLDETFEQN.svg,https://nsearchives.nseindia.com/30d/TWCGOLDETF-EQ.svg,,EQ
GROWWPSE,Nifty PSE Index - TRI,95.97,98,94.5,94.9,-1.72,-1.78,3944,376297.04,96.5164,109.85,93.2,-,-,Infinity,-3.1533829982651183,96.62,0,0,-0.53,,28-Aug-2026,-,-3.1533829982651183,-,Infinity,13.609467455621292,-1.8240343347639514,https://nsearchives.nseindia.com/today/GROWWPSEEQN.svg,https://nsearchives.nseindia.com/30d/GROWWPSE-EQ.svg,,EQ
IVZSENSEX,BSE Sensex TRI,73.37,73.38,72.65,72.65,-1.15,-1.56,5114,373935.68,73.9414,79.2,72.65,-,-,Infinity,-6.318504190844606,73.8,0,0,-6.82,,28-Aug-2026,-,-6.318504190844606,-,Infinity,8.270202020202017,0,https://nsearchives.nseindia.com/today/IVZSENSEXEQN.svg,https://nsearchives.nseindia.com/30d/IVZSENSEX-EQ.svg,,EQ
ITADD,DSP Nifty IT ETF,29.94,30.4,29.6,30.01,0.11,0.37,12507,372333.39,29.8832,41.92,27.17,-,-,Infinity,-6.772289530910209,29.9,0,0,-9.42,,28-Aug-2026,-,-6.772289530910209,-,Infinity,28.41125954198473,-10.452705189547293,https://nsearchives.nseindia.com/today/ITADDEQN.svg,https://nsearchives.nseindia.com/30d/ITADD-EQ.svg,,EQ
BBNPPGOLD,Baroda BNP Paribas Gold ETF,144,145.15,141.5,142.05,-3.2,-2.20,2587,368000.75,145.7448,184.05,109.45,-,-,28.55203619909503,-8.295674628792765,145.25,0,31.99,-4.97,26-Sep-2025,28-Aug-2026,-,-8.295674628792765,-,28.55203619909503,22.819885900570497,-29.785290086797634,https://nsearchives.nseindia.com/today/BBNPPGOLDEQN.svg,https://nsearchives.nseindia.com/30d/BBNPPGOLD-EQ.svg,https://nsearchives.nseindia.com/365d/BBNPPGOLD-EQ.svg,EQ
LICNETFN50,Nifty 50,253.6,260.3,253.6,256.17,-3.94,-1.51,1390,357674.8,259.8685,295,248.17,-,-,-7.7728974654377785,-6.161397853401221,260.11,0,-5.44,-4.21,26-Sep-2025,28-Aug-2026,-,-6.161397853401221,-,-7.7728974654377785,13.162711864406774,-3.2235967280493325,https://nsearchives.nseindia.com/today/LICNETFN50EQN.svg,https://nsearchives.nseindia.com/30d/LICNETFN50-EQ.svg,https://nsearchives.nseindia.com/365d/LICNETFN50-EQ.svg,EQ
MONIFTY100,Nifty 100 Total Return Index,24.5,24.5,24.1,24.2,-0.3,-1.22,13769,332934.42,24.4752,27.97,22.38,-,-,Infinity,-6.019417475728157,24.5,0,0,-3.92,,28-Aug-2026,-,-6.019417475728157,-,Infinity,13.478727207722558,-8.132260947274354,https://nsearchives.nseindia.com/today/MONIFTY100EQN.svg,https://nsearchives.nseindia.com/30d/MONIFTY100-EQ.svg,,EQ
BSLSENETFG,BSE SENSEX Index,74.08,75.5,73.48,73.75,-0.96,-1.28,4460,329415.6,74.5895,87.82,70.32,25-NOV-21, FACE VALUE SPLIT (SUB-DIVISION) - FROM RS 10/- PER SHARE TO RE 1- PER SHARE,-9.10771506038945,-5.400205233453045,74.71,0,-7.01,-4.23,26-Sep-2025,28-Aug-2026, FACE VALUE SPLIT (SUB-DIVISION) - FROM RS 10/- PER SHARE TO RE 1- PER SHARE,-5.400205233453045,25-NOV-21,-9.10771506038945,16.021407424276923,-4.8777019340159375,https://nsearchives.nseindia.com/today/BSLSENETFGEQN.svg,https://nsearchives.nseindia.com/30d/BSLSENETFG-EQ.svg,https://nsearchives.nseindia.com/365d/BSLSENETFG-EQ.svg,EQ
NPBET,Nifty Private Bank Index,271.89,283.05,271.89,275.23,-3.64,-1.31,1179,325132.83,278.9332,307,246.26,-,-,-0.6533352584464345,-3.933682373472943,278.87,0,1.8,-3.14,26-Sep-2025,28-Aug-2026,-,-3.933682373472943,-,-0.6533352584464345,10.348534201954392,-11.763989279623175,https://nsearchives.nseindia.com/today/NPBETEQN.svg,https://nsearchives.nseindia.com/30d/NPBET-EQ.svg,https://nsearchives.nseindia.com/365d/NPBET-EQ.svg,EQ
TOP20,Nifty Top 20 Equal Weight,8.75,8.75,8.43,8.45,-0.1,-1.17,36603,309295.35,8.5484,9.99,8,-,-,Infinity,-6.111111111111119,8.55,0,0,-4.79,,28-Aug-2026,-,-6.111111111111119,-,Infinity,15.415415415415424,-5.624999999999991,https://nsearchives.nseindia.com/today/TOP20EQN.svg,https://nsearchives.nseindia.com/30d/TOP20-EQ.svg,,EQ
ITBETA,UTI Nifty IT ETF,296,296.47,293.72,294.9,-1.65,-0.56,1030,304519.5,296.4812,409.94,270.68,-,-,Infinity,-8.239467297280484,296.55,0,0,-9.59,,28-Aug-2026,-,-8.239467297280484,-,Infinity,28.062643313655663,-8.947835082015654,https://nsearchives.nseindia.com/today/ITBETAEQN.svg,https://nsearchives.nseindia.com/30d/ITBETA-EQ.svg,,EQ
MOGSEC,Nifty 5 yr Benchmark G-Sec Index,65.49,65.49,64.5,64.99,-0.33,-0.51,4458,290483.28,64.9208,67.33,60.74,-,-,4.485530546623782,-0.10759299108516353,65.32,0,4.98,0.32,26-Sep-2025,28-Aug-2026,-,-0.10759299108516353,-,4.485530546623782,3.4754195752265016,-6.997036549226198,https://nsearchives.nseindia.com/today/MOGSECEQN.svg,https://nsearchives.nseindia.com/30d/MOGSEC-EQ.svg,https://nsearchives.nseindia.com/365d/MOGSEC-EQ.svg,EQ
PVTBKGROWW,Nifty Private Bank Index - TRI,27.14,27.14,26.5,26.62,-0.44,-1.63,10531,279913.98,27.0022,29.57,25.45,-,-,Infinity,-4.141159524666902,27.06,0,0,-2.87,,28-Aug-2026,-,-4.141159524666902,-,Infinity,9.976327358809602,-4.597249508840871,https://nsearchives.nseindia.com/today/PVTBKGROWWEQN.svg,https://nsearchives.nseindia.com/30d/PVTBKGROWW-EQ.svg,,EQ
MONEXT50,Nifty Next 50 Total Return Index,71.52,72.59,70.12,70.39,-1.13,-1.58,3947,279447.6,71.7491,75.89,59.43,-,-,3.529930872187095,-5.491407089151454,71.52,0,6.18,-3.38,26-Sep-2025,28-Aug-2026,-,-5.491407089151454,-,3.529930872187095,7.24733166425089,-18.44186437826014,https://nsearchives.nseindia.com/today/MONEXT50EQN.svg,https://nsearchives.nseindia.com/30d/MONEXT50-EQ.svg,https://nsearchives.nseindia.com/365d/MONEXT50-EQ.svg,EQ
HDFCNIMEG,Nifty Metal Index TRI,130.07,130.13,128.3,128.91,-1.8,-1.38,2053,264672.76,130.8122,152.55,125.73,-,-,Infinity,-4.64531400251498,130.71,0,0,-2.67,,28-Aug-2026,-,-4.64531400251498,-,Infinity,15.496558505408071,-2.529229300882838,https://nsearchives.nseindia.com/today/HDFCNIMEGEQN.svg,https://nsearchives.nseindia.com/30d/HDFCNIMEG-EQ.svg,,EQ
SENSEXADD,DSP S&P BSE Sensex ETF,75.51,76.98,75.03,75.55,-0.73,-0.96,3346,252756.84,76.2976,88.2,73.27,-,-,-8.689871887841429,-5.774507358443514,76.28,0,-7.62,-3.99,26-Sep-2025,28-Aug-2026,-,-5.774507358443514,-,-8.689871887841429,14.342403628117918,-3.11177835403303,https://nsearchives.nseindia.com/today/SENSEXADDEQN.svg,https://nsearchives.nseindia.com/30d/SENSEXADD-EQ.svg,https://nsearchives.nseindia.com/365d/SENSEXADD-EQ.svg,EQ
MSCI360,MSCI India Index,9.99,9.99,9.61,9.89,0.15,1.54,25842,249633.72,9.7549,12.24,9.6,-,-,Infinity,-3.7000973709834373,9.74,0,0,-4.7,,28-Aug-2026,-,-3.7000973709834373,-,Infinity,19.199346405228756,-3.0208333333333433,https://nsearchives.nseindia.com/today/MSCI360EQN.svg,https://nsearchives.nseindia.com/30d/MSCI360-EQ.svg,,EQ
SBIVALETF,Nifty200 Value 30 Index,14.61,14.61,14.11,14.17,-0.2,-1.39,17531,249115.51,14.403,17.7,14.11,-,-,Infinity,-4.579124579124577,14.37,0,0,-2.91,,28-Aug-2026,-,-4.579124579124577,-,Infinity,19.943502824858754,-0.4252303330970978,https://nsearchives.nseindia.com/today/SBIVALETFEQN.svg,https://nsearchives.nseindia.com/30d/SBIVALETF-EQ.svg,,EQ
SMALLGROWW,Nifty Smallcap 250 Momentum Quality 100 Index TRI,48.1,49.24,47.86,49.19,0.6,1.23,5079,244655.43,48.7264,50.84,39.41,-,-,Infinity,0.5519215044971301,48.59,0,0,-1.7,,28-Aug-2026,-,0.5519215044971301,-,Infinity,3.245476003147139,-24.81603653894951,https://nsearchives.nseindia.com/today/SMALLGROWWEQN.svg,https://nsearchives.nseindia.com/30d/SMALLGROWW-EQ.svg,,EQ
HYBRIDETF,Nifty200 Momentum 30 Plus 8-13 yr G-Sec 50:50 Total Return Index,9.93,9.93,9.79,9.83,-0.1,-1.01,24276,238633.08,9.9279,11.99,9.79,-,-,Infinity,-3.7218413320274313,9.93,0,0,-2.55,,28-Aug-2026,-,-3.7218413320274313,-,Infinity,18.015012510425354,-0.4085801838610922,https://nsearchives.nseindia.com/today/HYBRIDETFEQN.svg,https://nsearchives.nseindia.com/30d/HYBRIDETF-EQ.svg,,EQ
SNXT50BETA,BSE Sensex Next 50,91.5,91.74,89.5,90,-1.87,-2.04,2408,218622.32,91.791,99,77.11,17-FEB-21, FACE VALUE SPLIT (SUB-DIVISION) - FROM RS 10/- PER UNIT TO RE 1/- PER UNIT,Infinity,-6.60024906600249,91.87,0,0,-4.54,,28-Aug-2026, FACE VALUE SPLIT (SUB-DIVISION) - FROM RS 10/- PER UNIT TO RE 1/- PER UNIT,-6.60024906600249,17-FEB-21,Infinity,9.090909090909092,-16.71637919854753,https://nsearchives.nseindia.com/today/SNXT50BETAEQN.svg,https://nsearchives.nseindia.com/30d/SNXT50BETA-EQ.svg,,EQ
GILT5BETA,UTI Nifty 5 yr Benchmark G-Sec ETF,66.35,66.62,65.61,65.61,-0.05,-0.08,3291,218259.12,65.9558,69,62.53,-,-,Infinity,0.13736263736264256,65.66,0,0,-1.26,,28-Aug-2026,-,0.13736263736264256,-,Infinity,4.91304347826087,-4.925635694866461,https://nsearchives.nseindia.com/today/GILT5BETAEQN.svg,https://nsearchives.nseindia.com/30d/GILT5BETA-EQ.svg,,EQ
EMETAL,Nifty Metal Total Return Index,13.22,13.22,12.77,12.93,-0.03,-0.23,16328,209651.52,13.0765,15.21,12.41,-,-,Infinity,-4.293116210214657,12.96,0,0,-4.21,,28-Aug-2026,-,-4.293116210214657,-,Infinity,14.990138067061151,-4.190169218372277,https://nsearchives.nseindia.com/today/EMETALEQN.svg,https://nsearchives.nseindia.com/30d/EMETAL-EQ.svg,,EQ
LOWVOL,Mirae Asset Nifty 100 Low Volatility 30 ETF,196.9,196.9,195.72,195.72,-2.73,-1.38,1051,206237.73,198.2025,219.1,183.58,-,-,-5.39443155452436,-5.9535822401614595,198.45,0,-3.12,-4.65,26-Sep-2025,28-Aug-2026,-,-5.9535822401614595,-,-5.39443155452436,10.670926517571884,-6.6129207974724835,https://nsearchives.nseindia.com/today/LOWVOLEQN.svg,https://nsearchives.nseindia.com/30d/LOWVOL-EQ.svg,https://nsearchives.nseindia.com/365d/LOWVOL-EQ.svg,EQ
MOPSE,Nifty PSE Total Return Index,98.98,98.98,96.1,96.15,-1.42,-1.46,2091,201216.93,97.6968,114.7,93.33,-,-,-2.849348287359799,-3.444466760393646,97.57,0,-0.24,-1.01,26-Sep-2025,28-Aug-2026,-,-3.444466760393646,-,-2.849348287359799,16.172624237140365,-3.0215364834458454,https://nsearchives.nseindia.com/today/MOPSEEQN.svg,https://nsearchives.nseindia.com/30d/MOPSE-EQ.svg,https://nsearchives.nseindia.com/365d/MOPSE-EQ.svg,EQ
CONS,Kotak Nifty India Consumption ETF,11.75,11.99,11.6,11.68,-0.07,-0.60,14760,171658.8,11.7675,13.12,10.2,27-FEB-26,FACE VALUE SPLIT (SUB-DIVISION) - FROM RS 10/- PER SHARE TO RE 1/- PER SHARE,-90.70063694267515,-5.80645161290323,11.75,0,-90.53,-4.32,26-Sep-2025,28-Aug-2026,FACE VALUE SPLIT (SUB-DIVISION) - FROM RS 10/- PER SHARE TO RE 1/- PER SHARE,-5.80645161290323,27-FEB-26,-90.70063694267515,10.975609756097557,-14.509803921568635,https://nsearchives.nseindia.com/today/CONSEQN.svg,https://nsearchives.nseindia.com/30d/CONS-EQ.svg,https://nsearchives.nseindia.com/365d/CONS-EQ.svg,EQ
DIVIDEND,BSE 500 Dividend Leaders,34.55,34.56,34.32,34.35,-0.43,-1.24,4875,167992.5,34.7652,38.03,33.15,-,-,Infinity,-4.1573660714285765,34.78,0,0,-2.9,,28-Aug-2026,-,-4.1573660714285765,-,Infinity,9.676571128056796,-3.6199095022624523,https://nsearchives.nseindia.com/today/DIVIDENDEQN.svg,https://nsearchives.nseindia.com/30d/DIVIDEND-EQ.svg,,EQ
SNXT30BEES,BSE Sensex Next 30 Index,41.84,41.84,41,41.27,-0.34,-0.82,3546,146378.88,41.7111,44.56,36.83,-,-,5.847653244421649,-5.213596692696362,41.61,0,7.97,-3.52,26-Sep-2025,28-Aug-2026,-,-5.213596692696362,-,5.847653244421649,7.383303411131056,-12.055389628020649,https://nsearchives.nseindia.com/today/SNXT30BEESEQN.svg,https://nsearchives.nseindia.com/30d/SNXT30BEES-EQ.svg,https://nsearchives.nseindia.com/365d/SNXT30BEES-EQ.svg,EQ
MOIPO,BSE Select IPO Total Return Index,46.47,47.01,46.35,46.51,-0.91,-1.92,3121,145532.23,47.2828,53,36.5,-,-,Infinity,-5.754812563323209,47.42,0,0,-3.74,,28-Aug-2026,-,-5.754812563323209,-,Infinity,12.245283018867928,-27.42465753424657,https://nsearchives.nseindia.com/today/MOIPOEQN.svg,https://nsearchives.nseindia.com/30d/MOIPO-EQ.svg,,EQ
MOBANK10,BSE Top 10 Banks Total Return Index,16.65,16.65,16.12,16.23,-0.43,-2.58,8771,141914.78,16.4235,20,15.75,-,-,Infinity,-4.585537918871259,16.66,0,0,-1.13,,28-Aug-2026,-,-4.585537918871259,-,Infinity,18.849999999999998,-3.04761904761905,https://nsearchives.nseindia.com/today/MOBANK10EQN.svg,https://nsearchives.nseindia.com/30d/MOBANK10-EQ.svg,,EQ
MOOILGAS,Nifty Oil & Gas ETF Total Return Index,11.11,11.3,10.68,10.68,-0.21,-1.93,12888,138803.76,10.8771,12.15,10.68,-,-,Infinity,-4.47227191413238,10.89,0,0,-1.98,,28-Aug-2026,-,-4.47227191413238,-,Infinity,12.09876543209877,0,https://nsearchives.nseindia.com/today/MOOILGASEQN.svg,https://nsearchives.nseindia.com/30d/MOOILGAS-EQ.svg,,EQ
MOSERVICE,Nifty Services Sector Total Return Index,29.96,30.8,29,29.4,-0.42,-1.41,4035,118951.8,29.7882,35.37,28.3,-,-,Infinity,-5.708787684413089,29.82,0,0,-4.48,,28-Aug-2026,-,-5.708787684413089,-,Infinity,16.87871077184054,-3.886925795052996,https://nsearchives.nseindia.com/today/MOSERVICEEQN.svg,https://nsearchives.nseindia.com/30d/MOSERVICE-EQ.svg,,EQ
ABSL10BANK,BSE Top 10 Banks Index,167.68,167.68,160.3,161.91,-2.28,-1.39,702,113513.4,164.106,214.42,150,-,-,Infinity,-5.844382414515009,164.19,0,0,-2.82,,28-Aug-2026,-,-5.844382414515009,-,Infinity,24.489320026116964,-7.939999999999997,https://nsearchives.nseindia.com/today/ABSL10BANKEQN.svg,https://nsearchives.nseindia.com/30d/ABSL10BANK-EQ.svg,,EQ
ENEXT50,Nifty Next 50 Total Return Index,71.76,71.8,69.85,70.4,-1.36,-1.90,1558,110649.16,71.581,76,68.59,-,-,Infinity,-5.338173994890411,71.76,0,0,-3.03,,28-Aug-2026,-,-5.338173994890411,-,Infinity,7.368421052631572,-2.638868639743406,https://nsearchives.nseindia.com/today/ENEXT50EQN.svg,https://nsearchives.nseindia.com/30d/ENEXT50-EQ.svg,,EQ
HDFCLOWVOL,HDFC NIFTY100 Low Volatility 30 ETF,19.7,19.7,19.56,19.67,-0.14,-0.71,5462,107219.06,19.8019,22.28,18.35,20-OCT-23,FACE VALUE SPLIT (SUB-DIVISION) - FROM RS 126.18/- PER SHARE TO RS 12.618/- PER SHARE,-4.791868344627291,-5.568891022563594,19.81,0,-3.18,-4.48,26-Sep-2025,28-Aug-2026,FACE VALUE SPLIT (SUB-DIVISION) - FROM RS 126.18/- PER SHARE TO RS 12.618/- PER SHARE,-5.568891022563594,20-OCT-23,-4.791868344627291,11.714542190305202,-7.193460490463217,https://nsearchives.nseindia.com/today/HDFCLOWVOLEQN.svg,https://nsearchives.nseindia.com/30d/HDFCLOWVOL-EQ.svg,https://nsearchives.nseindia.com/365d/HDFCLOWVOL-EQ.svg,EQ
QUALITY30,Nifty200 Quality 30 Index,20.17,20.17,19.54,19.69,-0.51,-2.52,5391,105987.06,19.827,23.18,18.09,-,-,-5.427473583093175,-6.327307326355844,20.2,0,-1.37,-3.63,26-Sep-2025,28-Aug-2026,-,-6.327307326355844,-,-5.427473583093175,15.056082830025877,-8.84466556108348,https://nsearchives.nseindia.com/today/QUALITY30EQN.svg,https://nsearchives.nseindia.com/30d/QUALITY30-EQ.svg,https://nsearchives.nseindia.com/365d/QUALITY30-EQ.svg,EQ
GSEC10ABSL,CRISIL 10 Year Gilt ETF,119.99,119.99,111.07,111.87,0.24,0.21,888,101454,111.53,119.99,108.01,-,-,1.903807615230464,-0.36515853224082345,111.63,0,1.7,-0.37,26-Sep-2025,28-Aug-2026,-,-0.36515853224082345,-,1.903807615230464,6.767230602550205,-3.5737431719285246,https://nsearchives.nseindia.com/today/GSEC10ABSLEQN.svg,https://nsearchives.nseindia.com/30d/GSEC10ABSL-EQ.svg,https://nsearchives.nseindia.com/365d/GSEC10ABSL-EQ.svg,EQ
BBNPNBETF,Baroda BNP Paribas NIFTY Bank ETF,57.15,57.15,53.53,54,-2.03,-3.62,1801,99325.15,56.0953,62.77,50.03,-,-,-2.1916319507335644,-7.834101382488485,56.03,0,2.54,-3.35,26-Sep-2025,28-Aug-2026,-,-7.834101382488485,-,-2.1916319507335644,13.971642504381078,-7.935238856685986,https://nsearchives.nseindia.com/today/BBNPNBETFEQN.svg,https://nsearchives.nseindia.com/30d/BBNPNBETF-EQ.svg,https://nsearchives.nseindia.com/365d/BBNPNBETF-EQ.svg,EQ
MOMNC,Nifty MNC ETF Total Return Index,30.56,32,30.56,30.8,-0.55,-1.75,2181,67807.29,31.3107,35.8,27.03,-,-,Infinity,-7.424105801021947,31.35,0,0,-5.14,,28-Aug-2026,-,-7.424105801021947,-,Infinity,13.966480446927365,-13.947465778764332,https://nsearchives.nseindia.com/today/MOMNCEQN.svg,https://nsearchives.nseindia.com/30d/MOMNC-EQ.svg,,EQ
ENIFTY,Nifty 50 TRI,22.77,23.52,22.77,23.09,-0.27,-1.16,2890,66961.3,23.3384,27.99,22.28,-,-,Infinity,-5.755102040816326,23.36,0,0,-4.07,,28-Aug-2026,-,-5.755102040816326,-,Infinity,17.506252232940334,-3.63554757630161,https://nsearchives.nseindia.com/today/ENIFTYEQN.svg,https://nsearchives.nseindia.com/30d/ENIFTY-EQ.svg,,EQ
LARGEMID50,BSE LargeMid (60:40) Stable Dividend 50 TRI (Total Return Index),35.49,35.49,34.69,34.69,-0.33,-0.94,1829,63521.17,35.0959,38,34.69,-,-,Infinity,-5.989159891598918,35.02,0,0,-5.02,,28-Aug-2026,-,-5.989159891598918,-,Infinity,8.71052631578948,0,https://nsearchives.nseindia.com/today/LARGEMID50EQN.svg,https://nsearchives.nseindia.com/30d/LARGEMID50-EQ.svg,,EQ
ESENSEX,BSE Sensex TRI,74.08,74.5,73.5,73.54,-1.11,-1.49,569,41895.47,74.4559,88.05,71.87,-,-,Infinity,-6.234859110034426,74.65,0,0,-4.25,,28-Aug-2026,-,-6.234859110034426,-,Infinity,16.479273140261206,-2.3236399053847245,https://nsearchives.nseindia.com/today/ESENSEXEQN.svg,https://nsearchives.nseindia.com/30d/ESENSEX-EQ.svg,,EQ
EBANK10,BSE Top 10 Bank Total Return Index,16.2,16.2,15.95,15.98,-0.39,-2.38,2162,34592,16.2981,17.9,15.95,-,-,Infinity,-6.055261610817173,16.37,0,0,-2.27,,28-Aug-2026,-,-6.055261610817173,-,Infinity,10.726256983240214,-0.188087774294678,https://nsearchives.nseindia.com/today/EBANK10EQN.svg,https://nsearchives.nseindia.com/30d/EBANK10-EQ.svg,,EQ
ABGSEC,Aditya Birla Sun Life CRISIL Broad Based Gilt ETF,113.27,113.85,113.27,113.85,0.59,0.52,249,28336.2,113.5667,118,109.5,-,-,2.901301518438172,-0.7843137254902011,113.26,0,2.09,-1.75,26-Sep-2025,28-Aug-2026,-,-0.7843137254902011,-,2.901301518438172,3.5169491525423777,-3.9726027397260224,https://nsearchives.nseindia.com/today/ABGSECEQN.svg,https://nsearchives.nseindia.com/30d/ABGSEC-EQ.svg,https://nsearchives.nseindia.com/365d/ABGSEC-EQ.svg,EQ
LICNETFSEN,SENSEX,837.68,837.68,822.25,824.3,-5.09,-0.61,26,21498.1,835.4866,974.02,803,-,-,-9.746857618359401,-6.576904332845998,829.39,0,-8.05,-5.04,26-Sep-2025,28-Aug-2026,-,-6.576904332845998,-,-9.746857618359401,15.371347610932018,-2.6525529265255234,https://nsearchives.nseindia.com/today/LICNETFSENEQN.svg,https://nsearchives.nseindia.com/30d/LICNETFSEN-EQ.svg,https://nsearchives.nseindia.com/365d/LICNETFSEN-EQ.svg,EQ
LICNFNHGP,Nifty 100,274.55,274.55,263.2,263.2,-4.66,-1.74,63,16911.72,266.6833,296.41,248.02,-,-,-6.170902998110585,-5.939532556643559,267.86,0,-3.53,-3.56,26-Sep-2025,28-Aug-2026,-,-5.939532556643559,-,-6.170902998110585,11.204075436051427,-6.120474155310046,https://nsearchives.nseindia.com/today/LICNFNHGPEQN.svg,https://nsearchives.nseindia.com/30d/LICNFNHGP-EQ.svg,https://nsearchives.nseindia.com/365d/LICNFNHGP-EQ.svg,EQ
ELMDIV,Index (BSE LargeMid (60:40) Stable Dividend 50),34.92,35.26,34.55,34.76,-0.38,-1.08,445,15548.3,35.0868,38.67,34.55,-,-,Infinity,-6.307277628032354,35.14,0,0,-4.12,,28-Aug-2026,-,-6.307277628032354,-,Infinity,10.111197310576683,-0.607814761215632,https://nsearchives.nseindia.com/today/ELMDIVEQN.svg,https://nsearchives.nseindia.com/30d/ELMDIV-EQ.svg,,EQ
GSEC10YEAR,Mirae Asset Nifty 8-13 yr G-Sec ETF,30.1,30.1,29.94,30.1,0.11,0.37,461,13825.39,30.1674,31.33,28.39,-,-,3.0821917808219252,-2.0182291666666585,29.99,0,2.15,-2.09,26-Sep-2025,28-Aug-2026,-,-2.0182291666666585,-,3.0821917808219252,3.925949569103086,-6.023247622402257,https://nsearchives.nseindia.com/today/GSEC10YEAREQN.svg,https://nsearchives.nseindia.com/30d/GSEC10YEAR-EQ.svg,https://nsearchives.nseindia.com/365d/GSEC10YEAR-EQ.svg,EQ
GSEC10IETF,ICICI Prudential Nifty 10 yr Benchmark G-Sec ETF,262.05,262.05,262.05,262.05,0,0.00,39,10219.95,261.7462,269.59,252.23,-,-,1.3889963630736022,-1.3922859830667877,262.05,0,1.95,-0.56,26-Sep-2025,27-Aug-2026,-,-1.3922859830667877,-,1.3889963630736022,2.796839645387427,-3.8932720136383545,https://nsearchives.nseindia.com/today/GSEC10IETFEQN.svg,https://nsearchives.nseindia.com/30d/GSEC10IETF-EQ.svg,https://nsearchives.nseindia.com/365d/GSEC10IETF-EQ.svg,EQ
MSCIADD,MSCI India Index,28.17,28.45,28.1,28.45,-0.13,-0.45,262,7377.92,28.5357,33.82,26.4,-,-,Infinity,-5.135045015004999,28.58,0,0,-4.03,,28-Aug-2026,-,-5.135045015004999,-,Infinity,15.87817859254879,-7.765151515151517,https://nsearchives.nseindia.com/today/MSCIADDEQN.svg,https://nsearchives.nseindia.com/30d/MSCIADD-EQ.svg,,EQ
GILT10BETA,UTI Nifty 10 yr Benchmark G-Sec ETF,26.53,26.53,26.52,26.52,0.06,0.23,178,4720.56,26.338,27.6,25.1,-,-,Infinity,-1.7413856984068132,26.46,0,0,-1.53,,28-Aug-2026,-,-1.7413856984068132,-,Infinity,3.913043478260876,-5.65737051792828,https://nsearchives.nseindia.com/today/GILT10BETAEQN.svg,https://nsearchives.nseindia.com/30d/GILT10BETA-EQ.svg,,EQ
ABSLMSCIN,MSCI India Index,28.36,28.36,28.1,28.15,-0.32,-1.12,52,1467.44,28.5189,35.34,26.34,-,-,Infinity,-6.104069379586397,28.47,0,0,-4.3,,28-Aug-2026,-,-6.104069379586397,-,Infinity,20.345217883418233,-6.871678056188302,https://nsearchives.nseindia.com/today/ABSLMSCINEQN.svg,https://nsearchives.nseindia.com/30d/ABSLMSCIN-EQ.svg,,EQ
GSEC10ADD,Nifty 10 yr Benchmark G-Sec,0,0,0,26.77,0,0.00,0,0,26.467,27.85,24.32,-,-,Infinity,-0.48327137546468035,26.77,0,0,-0.45,,28-Aug-2026,-,-0.48327137546468035,-,Infinity,3.87791741472173,-10.074013157894735,https://nsearchives.nseindia.com/today/GSEC10ADDEQN.svg,https://nsearchives.nseindia.com/30d/GSEC10ADD-EQ.svg,,EQ
LIQUIDBETA,Nifty 1D Rate Index,0,0,0,1009.64,0,0.00,0,0,1009.6293,1019,981.86,-,-,Infinity,0.3907687106621143,1009.64,0,0,0.38,,27-Aug-2026,-,0.3907687106621143,-,Infinity,0.9185475956820426,-2.8293239362027145,https://nsearchives.nseindia.com/today/LIQUIDBETAEQN.svg,https://nsearchives.nseindia.com/30d/LIQUIDBETA-EQ.svg,,EQ
