symbol,assets,open,high,low,ltP,chn,per,qty,trdVal,nav,wkhi,wklo,xDt,cAct,yPC,mPC,prevClose,stockIndClosePrice,perChange365d,perChange30d,date365dAgo,date30dAgo,CAct,MPC,XDt,YPC,nearWKH,nearWKL,chartTodayPath,chart30dPath,chart365dPath,series
SILVERBEES,Domestic price of Silver- based on LBMA Silver daily spot fixing price,222.62,223.63,219.86,220.29,0.02,0.01,16219218,3598720089.84,220.9664,360,126.75,-,-,71.80627047262517,-4.965487489214848,220.27,0,71.79,-5.43,22-Sep-2025,21-Aug-2026,-,-4.965487489214848,-,71.80627047262517,38.80833333333333,-73.79881656804734,https://nsearchives.nseindia.com/today/SILVERBEESEQN.svg,https://nsearchives.nseindia.com/30d/SILVERBEES-EQ.svg,https://nsearchives.nseindia.com/365d/SILVERBEES-EQ.svg,EQ
LIQUIDBEES,Government Securities,1000,1000.01,999.99,1000,0,0.00,3252975,3252942470.25,1000,1029.99,969.99,19-SEP-17, EXIT OPTION PURSUANT TO CHANGE IN FUNDAMENTAL ATTRIBUTES OF ETF  ,0.0010000100000990915,0.0010000100000990915,1000,0,0,0,22-Sep-2025,21-Aug-2026, EXIT OPTION PURSUANT TO CHANGE IN FUNDAMENTAL ATTRIBUTES OF ETF  ,0.0010000100000990915,19-SEP-17,0.0010000100000990915,2.9116787541626628,-3.093846328312662,https://nsearchives.nseindia.com/today/LIQUIDBEESEQN.svg,https://nsearchives.nseindia.com/30d/LIQUIDBEES-EQ.svg,https://nsearchives.nseindia.com/365d/LIQUIDBEES-EQ.svg,EQ
LIQUIDCASE,Zerodha Nifty 1D Rate Liquid ETF,116.03,116.05,116.03,116.04,0.01,0.01,16887025,1959570381,116.0265,116.05,107.56,-,-,4.985071926173894,0.38062283737025254,116.03,0,4.98,0.38,22-Sep-2025,21-Aug-2026,-,0.38062283737025254,-,4.985071926173894,0.008616975441612154,-7.8839717367050985,https://nsearchives.nseindia.com/today/LIQUIDCASEEQN.svg,https://nsearchives.nseindia.com/30d/LIQUIDCASE-EQ.svg,https://nsearchives.nseindia.com/365d/LIQUIDCASE-EQ.svg,EQ
GOLDBEES,Gold,125.29,125.51,124.59,124.75,-0.25,-0.20,14210476,1776735814.28,124.8677,148.14,91.43,19-DEC-19, FACE VALUE SPLIT (SUB-DIVISION) - FROM RS 100/- TO RS 1/-,33.93815761219669,-6.217110208991136,125,0,34.21,-4.81,22-Sep-2025,21-Aug-2026, FACE VALUE SPLIT (SUB-DIVISION) - FROM RS 100/- TO RS 1/-,-6.217110208991136,19-DEC-19,33.93815761219669,15.789118401512075,-36.4431805753035,https://nsearchives.nseindia.com/today/GOLDBEESEQN.svg,https://nsearchives.nseindia.com/30d/GOLDBEES-EQ.svg,https://nsearchives.nseindia.com/365d/GOLDBEES-EQ.svg,EQ
NIFTYBEES,Nifty 50,266.64,267.9,265.88,267.68,1.04,0.39,3169237,847707512.76,266.0918,302.25,251.7,19-DEC-19, FACE VALUE SPLIT (SUB-DIVISION) - FROM RS 10/- TO RS 1/-,-5.908819290660481,-2.968789647297639,266.64,0,-6.27,-3.66,22-Sep-2025,21-Aug-2026, FACE VALUE SPLIT (SUB-DIVISION) - FROM RS 10/- TO RS 1/-,-2.968789647297639,19-DEC-19,-5.908819290660481,11.437551695616209,-6.348827969805331,https://nsearchives.nseindia.com/today/NIFTYBEESEQN.svg,https://nsearchives.nseindia.com/30d/NIFTYBEES-EQ.svg,https://nsearchives.nseindia.com/365d/NIFTYBEES-EQ.svg,EQ
TATSILV,Tata Silver Exchange Traded Fund,22.6,22.7,22.32,22.36,0,0.00,33492729,754256257.08,22.4355,35.1,12.22,-,-,72,-4.851063829787236,22.36,0,72,-5.33,22-Sep-2025,21-Aug-2026,-,-4.851063829787236,-,72,36.296296296296305,-82.9787234042553,https://nsearchives.nseindia.com/today/TATSILVEQN.svg,https://nsearchives.nseindia.com/30d/TATSILV-EQ.svg,https://nsearchives.nseindia.com/365d/TATSILV-EQ.svg,EQ
LIQUIDIETF,S&P BSE Liquid Rate Index,1000,1000.01,997.11,1000,0.01,0.00,683340,683326333.2,1000,1041.19,955,-,-,0.0010000100000990915,0.0010000100000990915,999.99,0,0,0,22-Sep-2025,21-Aug-2026,-,0.0010000100000990915,-,0.0010000100000990915,3.956050288612074,-4.712041884816754,https://nsearchives.nseindia.com/today/LIQUIDIETFEQN.svg,https://nsearchives.nseindia.com/30d/LIQUIDIETF-EQ.svg,https://nsearchives.nseindia.com/365d/LIQUIDIETF-EQ.svg,EQ
MONQ50,Nasdaq Q-50 Total Return Index,228.28,228.28,202.92,202.92,-50.72,-20.00,2862484,602066259.72,120.2333,471.99,88.01,-,-,125.19143269337475,38.549774682507156,253.64,0,181.48,70.49,22-Sep-2025,21-Aug-2026,-,38.549774682507156,-,125.19143269337475,57.007563719570335,-130.5647085558459,https://nsearchives.nseindia.com/today/MONQ50EQN.svg,https://nsearchives.nseindia.com/30d/MONQ50-EQ.svg,https://nsearchives.nseindia.com/365d/MONQ50-EQ.svg,EQ
TATAGOLD,Tata Gold Exchange Traded Fund,14.71,14.75,14.65,14.67,-0.02,-0.14,35154842,516776177.4,14.6805,17.7,10.33,-,-,34.46379468377635,-6.021780909673283,14.69,0,34.65,-4.67,22-Sep-2025,21-Aug-2026,-,-6.021780909673283,-,34.46379468377635,17.11864406779661,-42.0135527589545,https://nsearchives.nseindia.com/today/TATAGOLDEQN.svg,https://nsearchives.nseindia.com/30d/TATAGOLD-EQ.svg,https://nsearchives.nseindia.com/365d/TATAGOLD-EQ.svg,EQ
LIQUIDADD,DSP S&P BSE Liquid Rate ETF,1145.92,1145.94,1145.92,1145.94,0.16,0.01,441516,505946429.88,1145.7794,1151.22,1089.65,-,-,4.95205473179043,0.37401350652990634,1145.78,0,4.94,0.37,22-Sep-2025,21-Aug-2026,-,0.37401350652990634,-,4.95205473179043,0.45864387345598345,-5.165878951957047,https://nsearchives.nseindia.com/today/LIQUIDADDEQN.svg,https://nsearchives.nseindia.com/30d/LIQUIDADD-EQ.svg,https://nsearchives.nseindia.com/365d/LIQUIDADD-EQ.svg,EQ
SILVERIETF,Domestic Price of Silver,232.06,233.42,229.6,230.04,-0.14,-0.06,2047735,474214471.3,230.729,373.5,131.72,-,-,72.56019803465605,-4.965710980748579,230.18,0,72.67,-5.23,22-Sep-2025,21-Aug-2026,-,-4.965710980748579,-,72.56019803465605,38.40963855421687,-74.64318250835105,https://nsearchives.nseindia.com/today/SILVERIETFEQN.svg,https://nsearchives.nseindia.com/30d/SILVERIETF-EQ.svg,https://nsearchives.nseindia.com/365d/SILVERIETF-EQ.svg,EQ
SETFGOLD,Gold,129.21,129.41,128.3,128.67,-0.24,-0.19,3518011,453190177.02,128.7893,153.95,93.64,06-JAN-22,FACE VALUE SPLIT (SUB-DIVISION) - FROM RS 100/- PER SHARE TO RS 1/- PER SHARE,33.96147839666839,-6.299155257792023,128.91,0,34.21,-4.96,22-Sep-2025,21-Aug-2026,FACE VALUE SPLIT (SUB-DIVISION) - FROM RS 100/- PER SHARE TO RS 1/- PER SHARE,-6.299155257792023,06-JAN-22,33.96147839666839,16.4209158817798,-37.40922682614266,https://nsearchives.nseindia.com/today/SETFGOLDEQN.svg,https://nsearchives.nseindia.com/30d/SETFGOLD-EQ.svg,https://nsearchives.nseindia.com/365d/SETFGOLD-EQ.svg,EQ
LIQUID1,Kotak Nifty 1D Rate Liquid ETF,1123.66,1123.82,1122.62,1123.8,0.14,0.01,402177,451966512.6,1123.6601,1136.66,1067.98,-,-,5.058474885247118,0.37961681032557726,1123.66,0,5.05,0.38,22-Sep-2025,21-Aug-2026,-,0.37961681032557726,-,5.058474885247118,1.131384934809013,-5.2266896383827355,https://nsearchives.nseindia.com/today/LIQUID1EQN.svg,https://nsearchives.nseindia.com/30d/LIQUID1-EQ.svg,https://nsearchives.nseindia.com/365d/LIQUID1-EQ.svg,EQ
ITBEES,Nifty IT TRI,31.86,31.9,31.43,31.59,-0.18,-0.57,13779436,435292383.24,31.7722,44.27,28.55,-,-,-18.540484785972154,-6.869103773584911,31.77,0,-18.08,-6.2,22-Sep-2025,21-Aug-2026,-,-6.869103773584911,-,-18.540484785972154,28.64242150440479,-10.647985989492115,https://nsearchives.nseindia.com/today/ITBEESEQN.svg,https://nsearchives.nseindia.com/30d/ITBEES-EQ.svg,https://nsearchives.nseindia.com/365d/ITBEES-EQ.svg,EQ
SBIETFPB,Nifty Private Bank Index,276.39,284.19,276.39,278.66,-0.52,-0.19,1540989,433218237.57,279.1876,304.58,244.18,-,-,1.5191810266312127,-1.3278566622994936,279.18,0,1.71,-1.12,22-Sep-2025,21-Aug-2026,-,-1.3278566622994936,-,1.5191810266312127,8.5100794536739,-14.120730608567458,https://nsearchives.nseindia.com/today/SBIETFPBEQN.svg,https://nsearchives.nseindia.com/30d/SBIETFPB-EQ.svg,https://nsearchives.nseindia.com/365d/SBIETFPB-EQ.svg,EQ
LIQUID,Mirae Asset Nifty 1D Rate Liquid ETF,1000,1000,999.99,1000,0.01,0.00,409623,409618903.77,1000,1024.98,974.99,-,-,0.0010000100000990915,0.0010000100000990915,999.99,0,0,0,22-Sep-2025,21-Aug-2026,-,0.0010000100000990915,-,0.0010000100000990915,2.4371207243068174,-2.565154514405275,https://nsearchives.nseindia.com/today/LIQUIDEQN.svg,https://nsearchives.nseindia.com/30d/LIQUID-EQ.svg,https://nsearchives.nseindia.com/365d/LIQUID-EQ.svg,EQ
HDFCSILVER,HDFC Silver ETF,222.35,223.45,219.74,220.14,0.07,0.03,1789966,396960759.82,220.8444,359,127.16,-,-,71.07553621386383,-4.993310603771966,220.07,0,71.02,-5.42,22-Sep-2025,21-Aug-2026,-,-4.993310603771966,-,71.07553621386383,38.67966573816157,-73.12047813777916,https://nsearchives.nseindia.com/today/HDFCSILVEREQN.svg,https://nsearchives.nseindia.com/30d/HDFCSILVER-EQ.svg,https://nsearchives.nseindia.com/365d/HDFCSILVER-EQ.svg,EQ
GOLDIETF,Gold,129.5,129.99,129.07,129.25,-0.17,-0.13,2501126,323970850.78,129.3627,158,94.8,-,-,34.14634146341464,-6.143344709897616,129.42,0,34.32,-4.83,22-Sep-2025,21-Aug-2026,-,-6.143344709897616,-,34.14634146341464,18.196202531645568,-36.33966244725739,https://nsearchives.nseindia.com/today/GOLDIETFEQN.svg,https://nsearchives.nseindia.com/30d/GOLDIETF-EQ.svg,https://nsearchives.nseindia.com/365d/GOLDIETF-EQ.svg,EQ
HDFCGOLD,Gold,129.26,129.65,128.81,128.97,-0.29,-0.22,2356873,304272304.3,129.0517,152.3,94.62,17-FEB-21, FACE VALUE SPLIT (SUB-DIVISION) - FROM RS 100/- PER UNIT TO RE 1/- PER UNIT,34.24586239200583,-6.224096560750383,129.26,0,34.55,-4.69,22-Sep-2025,21-Aug-2026, FACE VALUE SPLIT (SUB-DIVISION) - FROM RS 100/- PER UNIT TO RE 1/- PER UNIT,-6.224096560750383,17-FEB-21,34.24586239200583,15.318450426789239,-36.303107165504116,https://nsearchives.nseindia.com/today/HDFCGOLDEQN.svg,https://nsearchives.nseindia.com/30d/HDFCGOLD-EQ.svg,https://nsearchives.nseindia.com/365d/HDFCGOLD-EQ.svg,EQ
MON100,Nasdaq100,333.07,333.07,320.55,328.4,3.45,1.06,780598,254326634.38,285.4965,354.9,210.01,17-JUN-21, FACE VALUE SPLIT (SUB-DIVISION) - FROM RS 10/- PER SHARE TO RE 1/- PER SHARE,53.02176040259073,0.12805658881637877,324.95,0,51.41,-1.68,22-Sep-2025,21-Aug-2026, FACE VALUE SPLIT (SUB-DIVISION) - FROM RS 10/- PER SHARE TO RE 1/- PER SHARE,0.12805658881637877,17-JUN-21,53.02176040259073,7.466892082276698,-56.37350602352268,https://nsearchives.nseindia.com/today/MON100EQN.svg,https://nsearchives.nseindia.com/30d/MON100-EQ.svg,https://nsearchives.nseindia.com/365d/MON100-EQ.svg,EQ
GOLDCASE,Zerodha Gold ETF,23.87,23.9,23.74,23.79,0,0.00,10005755,238136969,23.8996,27.94,17.05,-,-,34.55882352941177,-6.079747335175678,23.79,0,34.56,-4.88,22-Sep-2025,21-Aug-2026,-,-6.079747335175678,-,34.55882352941177,14.85325697924124,-39.5307917888563,https://nsearchives.nseindia.com/today/GOLDCASEEQN.svg,https://nsearchives.nseindia.com/30d/GOLDCASE-EQ.svg,https://nsearchives.nseindia.com/365d/GOLDCASE-EQ.svg,EQ
HDFCSML250,HDFC NIFTY Smallcap 250 ETF,184.91,186.39,183.98,186.35,2.37,1.29,1260149,233757639.5,184.1765,189.83,142.7,-,-,7.085392483622562,0.6318176908953383,183.98,0,5.72,-0.76,22-Sep-2025,21-Aug-2026,-,0.6318176908953383,-,7.085392483622562,1.833219196122856,-30.5886475122635,https://nsearchives.nseindia.com/today/HDFCSML250EQN.svg,https://nsearchives.nseindia.com/30d/HDFCSML250-EQ.svg,https://nsearchives.nseindia.com/365d/HDFCSML250-EQ.svg,EQ
LIQUIDBETF,Bajaj Finserv Nifty 1D Rate Liquid ETF - Growth,1099.92,1099.92,1099.9,1099.91,0.14,0.01,198382,218202345.62,1099.7663,1116.24,1009.94,-,-,4.855192663349164,0.3649934757416211,1099.77,0,4.84,0.36,22-Sep-2025,21-Aug-2026,-,0.3649934757416211,-,4.855192663349164,1.4629470364796036,-8.908450006931108,https://nsearchives.nseindia.com/today/LIQUIDBETFEQN.svg,https://nsearchives.nseindia.com/30d/LIQUIDBETF-EQ.svg,https://nsearchives.nseindia.com/365d/LIQUIDBETF-EQ.svg,EQ
GOLD1,Gold,126.5,126.66,125.81,125.9,-0.09,-0.07,1728462,218149189.02,126.0904,158,92.4,22-JUL-21, FACE VALUE SPLIT (SUB-DIVISION) - FROM RS 10/- PER SHARE TO RE 1/- PER SHARE,34.20744057136766,-6.380130874479465,125.99,0,34.3,-5.18,22-Sep-2025,21-Aug-2026, FACE VALUE SPLIT (SUB-DIVISION) - FROM RS 10/- PER SHARE TO RE 1/- PER SHARE,-6.380130874479465,22-JUL-21,34.20744057136766,20.316455696202528,-36.25541125541125,https://nsearchives.nseindia.com/today/GOLD1EQN.svg,https://nsearchives.nseindia.com/30d/GOLD1-EQ.svg,https://nsearchives.nseindia.com/365d/GOLD1-EQ.svg,EQ
JUNIORBEES,Nippon India ETF Nifty Next 50 Junior BeES,782.44,785,778.21,784.99,6.44,0.83,258317,202525694.34,777.3771,823.97,632.34,10-MAR-14,DIVIDEND-RS.1 PER UNIT,4.680686500686771,-1.8688901667625128,778.55,0,3.82,-2.71,22-Sep-2025,21-Aug-2026,DIVIDEND-RS.1 PER UNIT,-1.8688901667625128,10-MAR-14,4.680686500686771,4.730754760488855,-24.14049403801752,https://nsearchives.nseindia.com/today/JUNIORBEESEQN.svg,https://nsearchives.nseindia.com/30d/JUNIORBEES-EQ.svg,https://nsearchives.nseindia.com/365d/JUNIORBEES-EQ.svg,EQ
MASPTOP50,S&P 500 Top 50 Total Return Index,102,102.94,93.02,99.79,1.78,1.82,2051032,201985631.36,69.2069,148.9,65,-,-,47.5310467179184,25.364321608040218,98.01,0,44.9,21.86,22-Sep-2025,21-Aug-2026,-,25.364321608040218,-,47.5310467179184,32.98186702484889,-53.52307692307693,https://nsearchives.nseindia.com/today/MASPTOP50EQN.svg,https://nsearchives.nseindia.com/30d/MASPTOP50-EQ.svg,https://nsearchives.nseindia.com/365d/MASPTOP50-EQ.svg,EQ
LIQGRWBEES,Liquid,1056.45,1056.59,1056.45,1056.59,0.14,0.01,181780,192065112.4,1056.4452,1063.44,995.55,-,-,4.740426459946265,0.3552262905447129,1056.45,0,4.73,0.35,22-Sep-2025,21-Aug-2026,-,0.3552262905447129,-,4.740426459946265,0.6441360114346024,-6.131284214755659,https://nsearchives.nseindia.com/today/LIQGRWBEESEQN.svg,https://nsearchives.nseindia.com/30d/LIQGRWBEES-EQ.svg,https://nsearchives.nseindia.com/365d/LIQGRWBEES-EQ.svg,EQ
GOLDETF,Mirae Asset Gold ETF,147.37,147.48,146.59,146.81,-0.15,-0.10,1184368,174185001.76,146.8695,173.5,107.76,-,-,34.45370455169888,-5.957337774646089,146.96,0,34.59,-4.79,22-Sep-2025,21-Aug-2026,-,-5.957337774646089,-,34.45370455169888,15.38328530259366,-36.23793615441722,https://nsearchives.nseindia.com/today/GOLDETFEQN.svg,https://nsearchives.nseindia.com/30d/GOLDETF-EQ.svg,https://nsearchives.nseindia.com/365d/GOLDETF-EQ.svg,EQ
CASHIETF,BSE Liquid Rate Index,1080.68,1080.7,1080.68,1080.68,0.14,0.01,158917,171740012.73,1080.5387,1099.28,1029.03,-,-,5.018269455026053,0.37990321292229595,1080.54,0,5,0.38,22-Sep-2025,21-Aug-2026,-,0.37990321292229595,-,5.018269455026053,1.6920165926788362,-5.019290010981225,https://nsearchives.nseindia.com/today/CASHIETFEQN.svg,https://nsearchives.nseindia.com/30d/CASHIETF-EQ.svg,https://nsearchives.nseindia.com/365d/CASHIETF-EQ.svg,EQ
SBISILVER,SBI SILVER ETF,227.5,229.11,225.29,225.76,0.16,0.07,736321,167446758.61,226.4356,362,129.74,-,-,71.66755379819026,-4.879076430437353,225.6,0,71.55,-5.31,22-Sep-2025,21-Aug-2026,-,-4.879076430437353,-,71.66755379819026,37.6353591160221,-74.00955757669183,https://nsearchives.nseindia.com/today/SBISILVEREQN.svg,https://nsearchives.nseindia.com/30d/SBISILVER-EQ.svg,https://nsearchives.nseindia.com/365d/SBISILVER-EQ.svg,EQ
LIQUIDETF,Nifty1D rate index,1000,1000.01,999.99,1000,0.01,0.00,165175,165173348.25,1000,1025,995,-,-,0.0010000100000990915,0.0010000100000990915,999.99,0,0,0,22-Sep-2025,21-Aug-2026,-,0.0010000100000990915,-,0.0010000100000990915,2.4390243902439024,-0.5025125628140703,https://nsearchives.nseindia.com/today/LIQUIDETFEQN.svg,https://nsearchives.nseindia.com/30d/LIQUIDETF-EQ.svg,https://nsearchives.nseindia.com/365d/LIQUIDETF-EQ.svg,EQ
SILVERADD,DSP Silver ETF,22.46,22.56,22.17,22.22,0.04,0.18,6978831,155558142.99,22.2833,39,12.14,28-AUG-26,FACE VALUE SPLIT (SUB-DIVISION) - FROM RS 10/- PER UNIT TO RE 1/- PER UNIT,-82.75380316671841,-90.4994014024286,22.18,0,-82.78,-90.55,22-Sep-2025,21-Aug-2026,FACE VALUE SPLIT (SUB-DIVISION) - FROM RS 10/- PER UNIT TO RE 1/- PER UNIT,-90.4994014024286,28-AUG-26,-82.75380316671841,43.02564102564103,-83.03130148270179,https://nsearchives.nseindia.com/today/SILVERADDEQN.svg,https://nsearchives.nseindia.com/30d/SILVERADD-EQ.svg,https://nsearchives.nseindia.com/365d/SILVERADD-EQ.svg,EQ
LIQUIDPLUS,Nifty 1D Rate Index,1104.21,1104.37,1104.21,1104.37,0.16,0.01,136057,150255908.52,1104.2068,1127.08,1051.46,-,-,5.032050672398365,0.37810963361538746,1104.21,0,5.02,0.38,22-Sep-2025,21-Aug-2026,-,0.37810963361538746,-,5.032050672398365,2.0149412641516165,-5.032050672398365,https://nsearchives.nseindia.com/today/LIQUIDPLUSEQN.svg,https://nsearchives.nseindia.com/30d/LIQUIDPLUS-EQ.svg,https://nsearchives.nseindia.com/365d/LIQUIDPLUS-EQ.svg,EQ
SBILIQETF,Nifty 1D Rate Index,1057.04,1057.06,1057.04,1057.04,0.14,0.01,140951,148990845.04,1056.9072,1087.09,999,-,-,5.0077982972889705,0.37699298242282353,1056.9,0,4.99,0.38,22-Sep-2025,21-Aug-2026,-,0.37699298242282353,-,5.0077982972889705,2.764260548804603,-5.809809809809806,https://nsearchives.nseindia.com/today/SBILIQETFEQN.svg,https://nsearchives.nseindia.com/30d/SBILIQETF-EQ.svg,https://nsearchives.nseindia.com/365d/SBILIQETF-EQ.svg,EQ
SILVER,Physical price of Silver,231.86,233.5,229.68,230.13,0.12,0.05,635480,147437714.8,230.7873,371.89,131.51,-,-,72.38202247191012,-4.92460235488536,230.01,0,72.29,-5.3,22-Sep-2025,21-Aug-2026,-,-4.92460235488536,-,72.38202247191012,38.11879856946947,-74.99049501939017,https://nsearchives.nseindia.com/today/SILVEREQN.svg,https://nsearchives.nseindia.com/30d/SILVER-EQ.svg,https://nsearchives.nseindia.com/365d/SILVER-EQ.svg,EQ
BANKBEES,Nifty Bank,583.52,586.7,581.01,586,2.48,0.43,251472,147307268.16,582.817,638.99,515.98,19-DEC-19, FACE VALUE SPLIT (SUB-DIVISION) - FROM RS 10/- TO RS 1/-,2.6233757136352525,-1.4629224819236666,583.52,0,2.19,-2.38,22-Sep-2025,21-Aug-2026, FACE VALUE SPLIT (SUB-DIVISION) - FROM RS 10/- TO RS 1/-,-1.4629224819236666,19-DEC-19,2.6233757136352525,8.292774534812752,-13.570293422225664,https://nsearchives.nseindia.com/today/BANKBEESEQN.svg,https://nsearchives.nseindia.com/30d/BANKBEES-EQ.svg,https://nsearchives.nseindia.com/365d/BANKBEES-EQ.svg,EQ
SETFNIF50,Nifty 50,252.53,254.25,250.96,253.03,1.3,0.52,565701,143014869.81,251.4681,287.33,237.9,24-MAR-21, DIVIDEND - RS 1.30 PER SHARE,-5.901822238750457,-2.9978915085298143,251.73,0,-6.39,-3.76,22-Sep-2025,21-Aug-2026, DIVIDEND - RS 1.30 PER SHARE,-2.9978915085298143,24-MAR-21,-5.901822238750457,11.937493474402249,-6.3598150483396365,https://nsearchives.nseindia.com/today/SETFNIF50EQN.svg,https://nsearchives.nseindia.com/30d/SETFNIF50-EQ.svg,https://nsearchives.nseindia.com/365d/SETFNIF50-EQ.svg,EQ
MAFANG,NYSE FANG+ Total Return Index,242.95,242.95,233,235.9,-2.28,-0.96,597087,140590105.02,181.6306,258.47,149.74,-,-,38.854552946023915,14.58687521251275,238.18,0,40.2,15.19,22-Sep-2025,21-Aug-2026,-,14.58687521251275,-,38.854552946023915,8.732154602081488,-57.539735541605445,https://nsearchives.nseindia.com/today/MAFANGEQN.svg,https://nsearchives.nseindia.com/30d/MAFANG-EQ.svg,https://nsearchives.nseindia.com/365d/MAFANG-EQ.svg,EQ
GOLDADD,DSP Gold ETF,14.71,14.75,14.64,14.68,-0.01,-0.07,9154776,134300563.92,14.6773,18.1,10.77,28-AUG-26,FACE VALUE SPLIT (SUB-DIVISION) - FROM RS 10/- PER UNIT TO RE 1/- PER UNIT,Infinity,-90.61200997633817,14.69,0,0,-90.5,,21-Aug-2026,FACE VALUE SPLIT (SUB-DIVISION) - FROM RS 10/- PER UNIT TO RE 1/- PER UNIT,-90.61200997633817,28-AUG-26,Infinity,18.8950276243094,-36.30454967502322,https://nsearchives.nseindia.com/today/GOLDADDEQN.svg,https://nsearchives.nseindia.com/30d/GOLDADD-EQ.svg,,EQ
METALIETF,Nifty Metal Index,13.1,13.38,13.07,13.36,0.31,2.38,9100169,120850244.32,13.0735,14.17,9.85,-,-,33.06772908366534,-0.7429420505200699,13.05,0,29.98,-1.36,22-Sep-2025,21-Aug-2026,-,-0.7429420505200699,-,33.06772908366534,5.71630204657728,-35.63451776649746,https://nsearchives.nseindia.com/today/METALIETFEQN.svg,https://nsearchives.nseindia.com/30d/METALIETF-EQ.svg,https://nsearchives.nseindia.com/365d/METALIETF-EQ.svg,EQ
SILVER1,Kotak Silver ETF,22.63,22.7,22.3,22.34,-0.01,-0.04,5230346,117578178.08,22.4246,38.8,12.83,27-FEB-26,FACE VALUE SPLIT (SUB-DIVISION) - FROM RS 10/- PER SHARE TO RE 1/- PER SHARE,-82.77563608326908,-5.097706032285469,22.35,0,-82.77,-5.54,22-Sep-2025,21-Aug-2026,FACE VALUE SPLIT (SUB-DIVISION) - FROM RS 10/- PER SHARE TO RE 1/- PER SHARE,-5.097706032285469,27-FEB-26,-82.77563608326908,42.42268041237113,-74.12314886983631,https://nsearchives.nseindia.com/today/SILVER1EQN.svg,https://nsearchives.nseindia.com/30d/SILVER1-EQ.svg,https://nsearchives.nseindia.com/365d/SILVER1-EQ.svg,EQ
SILVERBETA,UTI Silver Exchange Traded Fund (UTI Silver ETF),223.66,225.7,222.01,222.1,-0.19,-0.09,522179,116999426.74,223.0737,379.66,128.12,-,-,Infinity,-5.126014523707817,222.29,0,0,-5.33,,21-Aug-2026,-,-5.126014523707817,-,Infinity,41.50028973291894,-73.35310646269122,https://nsearchives.nseindia.com/today/SILVERBETAEQN.svg,https://nsearchives.nseindia.com/30d/SILVERBETA-EQ.svg,,EQ
MODEFENCE,Nifty India Defence Total Return Index,104.4,104.46,103.5,103.7,-0.11,-0.11,1076465,112038477.2,104.0502,112,77.8,-,-,14.6489773355445,-3.1112772119966348,103.81,0,14.77,-3.97,22-Sep-2025,21-Aug-2026,-,-3.1112772119966348,-,14.6489773355445,7.410714285714284,-33.29048843187661,https://nsearchives.nseindia.com/today/MODEFENCEEQN.svg,https://nsearchives.nseindia.com/30d/MODEFENCE-EQ.svg,https://nsearchives.nseindia.com/365d/MODEFENCE-EQ.svg,EQ
LOWVOLIETF,Nifty 100 Low Volatility 30 Index,21.22,21.63,21.22,21.5,0.11,0.51,4847235,103779301.35,21.3883,26.81,19.84,01-MAR-24,FACE VALUE SPLIT (SUB-DIVISION) - FROM RS 10/- PER SHARE TO RE 1/- PER SHARE,-4.82514386896857,-3.3707865168539324,21.39,0,-5.31,-4.08,22-Sep-2025,21-Aug-2026,FACE VALUE SPLIT (SUB-DIVISION) - FROM RS 10/- PER SHARE TO RE 1/- PER SHARE,-3.3707865168539324,01-MAR-24,-4.82514386896857,19.806042521447218,-8.366935483870968,https://nsearchives.nseindia.com/today/LOWVOLIETFEQN.svg,https://nsearchives.nseindia.com/30d/LOWVOLIETF-EQ.svg,https://nsearchives.nseindia.com/365d/LOWVOLIETF-EQ.svg,EQ
PSUBNKBEES,Nifty PSU Bank,92.15,93.4,92.01,93.39,1.24,1.35,1081518,100635249.9,92.3906,110.4,80.25,19-DEC-19, FACE VALUE SPLIT (SUB-DIVISION) - FROM RS 10/- TO RS 1/-,13.58550231087327,-1.8290760012614264,92.15,0,12.08,-3.83,22-Sep-2025,21-Aug-2026, FACE VALUE SPLIT (SUB-DIVISION) - FROM RS 10/- TO RS 1/-,-1.8290760012614264,19-DEC-19,13.58550231087327,15.407608695652177,-16.373831775700936,https://nsearchives.nseindia.com/today/PSUBNKBEESEQN.svg,https://nsearchives.nseindia.com/30d/PSUBNKBEES-EQ.svg,https://nsearchives.nseindia.com/365d/PSUBNKBEES-EQ.svg,EQ
SILVERCASE,Commodity-Silver,23.62,23.7,23.32,23.37,0.01,0.04,3994735,94076009.25,23.6071,38.01,13.23,-,-,72.21812822402359,-4.96136640910939,23.36,0,72.14,-5.39,22-Sep-2025,21-Aug-2026,-,-4.96136640910939,-,72.21812822402359,38.51617995264404,-76.64399092970521,https://nsearchives.nseindia.com/today/SILVERCASEEQN.svg,https://nsearchives.nseindia.com/30d/SILVERCASE-EQ.svg,https://nsearchives.nseindia.com/365d/SILVERCASE-EQ.svg,EQ
PHARMABEES,Nifty Pharma TRI,28.37,28.37,27.61,27.92,0.24,0.87,3305177,91883920.6,27.6707,28.4,21.46,-,-,21.815008726003487,3.1400073882526836,27.68,0,20.77,2.22,22-Sep-2025,21-Aug-2026,-,3.1400073882526836,-,21.815008726003487,1.6901408450704116,-30.102516309412866,https://nsearchives.nseindia.com/today/PHARMABEESEQN.svg,https://nsearchives.nseindia.com/30d/PHARMABEES-EQ.svg,https://nsearchives.nseindia.com/365d/PHARMABEES-EQ.svg,EQ
NIFTYIETF,Nifty 50,265.78,266.65,265,266.65,1.23,0.46,320959,85362255.64,264.7327,304.14,250.4,-,-,-5.810667608618878,-2.934003130574061,265.42,0,-6.25,-3.6,22-Sep-2025,21-Aug-2026,-,-2.934003130574061,-,-5.810667608618878,12.326560136779118,-6.489616613418519,https://nsearchives.nseindia.com/today/NIFTYIETFEQN.svg,https://nsearchives.nseindia.com/30d/NIFTYIETF-EQ.svg,https://nsearchives.nseindia.com/365d/NIFTYIETF-EQ.svg,EQ
GOLDBETA,Gold,126.4,127.75,126.4,126.75,-0.5,-0.39,606078,77105243.16,127.1338,149.35,92.75,25-MAR-21, FACE VALUE SPLIT (SUB-DIVISION) - FROM RS 100/- PER UNIT TO RE 1/- PER UNIT,Infinity,-6.4575645756457565,127.25,0,0,-4.86,,21-Aug-2026, FACE VALUE SPLIT (SUB-DIVISION) - FROM RS 100/- PER UNIT TO RE 1/- PER UNIT,-6.4575645756457565,25-MAR-21,Infinity,15.13223970539002,-36.65768194070081,https://nsearchives.nseindia.com/today/GOLDBETAEQN.svg,https://nsearchives.nseindia.com/30d/GOLDBETA-EQ.svg,,EQ
MID150BEES,Nifty Midcap 150 TRI,237.19,237.68,236.25,237.68,1.47,0.62,309171,73282802.13,235.7693,247.15,190.43,-,-,5.781298678178828,-1.8945804267965507,236.21,0,5.13,-2.51,22-Sep-2025,21-Aug-2026,-,-1.8945804267965507,-,5.781298678178828,3.8316811652842397,-24.812266974741373,https://nsearchives.nseindia.com/today/MID150BEESEQN.svg,https://nsearchives.nseindia.com/30d/MID150BEES-EQ.svg,https://nsearchives.nseindia.com/365d/MID150BEES-EQ.svg,EQ
GOLDAXIS,Gold,125.85,126.35,125.51,125.74,-0.1,-0.08,544295,68559398.2,125.8209,150,91.8,23-JUL-20, FACE VALUE SPLIT (SUB-DIVISION) - FROM RS 100/- PER SHARE TO RE 1/- PER SHARE,Infinity,-6.380760926215476,125.84,0,0,-4.86,,21-Aug-2026, FACE VALUE SPLIT (SUB-DIVISION) - FROM RS 100/- PER SHARE TO RE 1/- PER SHARE,-6.380760926215476,23-JUL-20,Infinity,16.173333333333336,-36.971677559912855,https://nsearchives.nseindia.com/today/GOLDAXISEQN.svg,https://nsearchives.nseindia.com/30d/GOLDAXIS-EQ.svg,,EQ
SILVERAXIS,Axis Silver ETF,231.91,232.42,228.7,228.82,-0.51,-0.22,293036,67503772.96,229.721,390.01,131.41,-,-,Infinity,-4.982974835977078,229.33,0,0,-5.15,,21-Aug-2026,-,-4.982974835977078,-,Infinity,41.32970949462835,-74.1267787839586,https://nsearchives.nseindia.com/today/SILVERAXISEQN.svg,https://nsearchives.nseindia.com/30d/SILVERAXIS-EQ.svg,,EQ
SMALLCAP,Mirae Asset Nifty Smallcap 250 Momentum Quality 100 ETF,48.8,49.27,48.76,49.16,0.42,0.86,1366686,67145283.18,48.7973,54.5,37.34,-,-,5.425691614840218,0.5728314238952414,48.74,0,4.52,-0.16,22-Sep-2025,21-Aug-2026,-,0.5728314238952414,-,5.425691614840218,9.798165137614685,-31.655061596143526,https://nsearchives.nseindia.com/today/SMALLCAPEQN.svg,https://nsearchives.nseindia.com/30d/SMALLCAP-EQ.svg,https://nsearchives.nseindia.com/365d/SMALLCAP-EQ.svg,EQ
NEXT50IETF,Nifty Next 50,77.76,77.76,75.33,76.48,0.61,0.80,850097,65006917.59,75.8583,80.38,62.6,15-NOV-18, FACE VALUE SPLIT (SUB-DIVISION) - FROM RS 10/- PER SHARE TO RS 1/- PER SHARE,4.409556313993179,-2.0115310698270252,75.87,0,3.58,-2.87,22-Sep-2025,21-Aug-2026, FACE VALUE SPLIT (SUB-DIVISION) - FROM RS 10/- PER SHARE TO RS 1/- PER SHARE,-2.0115310698270252,15-NOV-18,4.409556313993179,4.851953222194566,-22.172523961661344,https://nsearchives.nseindia.com/today/NEXT50IETFEQN.svg,https://nsearchives.nseindia.com/30d/NEXT50IETF-EQ.svg,https://nsearchives.nseindia.com/365d/NEXT50IETF-EQ.svg,EQ
NIFTYAXIS,Nifty 50,252.86,260.5,252.86,260.5,1.15,0.44,221852,57621619.96,258.5119,296.38,244,23-JUL-20, FACE VALUE SPLIT (SUB-DIVISION) - FROM RS 100/- PER SHARE TO RS 10/- PER SHARE,Infinity,-2.693212804900818,259.35,0,0,-3.43,,21-Aug-2026, FACE VALUE SPLIT (SUB-DIVISION) - FROM RS 100/- PER SHARE TO RS 10/- PER SHARE,-2.693212804900818,23-JUL-20,Infinity,12.106080032390848,-6.762295081967213,https://nsearchives.nseindia.com/today/NIFTYAXISEQN.svg,https://nsearchives.nseindia.com/30d/NIFTYAXIS-EQ.svg,,EQ
INFRAIETF,ICICI Prudential Nifty Infrastructure ETF,93.11,93.64,92.66,93.11,0.02,0.02,592082,55306379.62,92.9289,101,86.8,-,-,-1.4917477782479862,-2.9598749348619107,93.09,0,-1.51,-3.1,22-Sep-2025,21-Aug-2026,-,-2.9598749348619107,-,-1.4917477782479862,7.811881188118812,-7.269585253456224,https://nsearchives.nseindia.com/today/INFRAIETFEQN.svg,https://nsearchives.nseindia.com/30d/INFRAIETF-EQ.svg,https://nsearchives.nseindia.com/365d/INFRAIETF-EQ.svg,EQ
ALPHA,NIFTY Alpha 50 Index,54.48,54.48,53.05,53.28,0.12,0.23,1014532,54033974.32,53.1315,55.59,42,-,-,7.98540737738143,-1.9687212511499546,53.16,0,7.74,-1.81,22-Sep-2025,21-Aug-2026,-,-1.9687212511499546,-,7.98540737738143,4.15542363734485,-26.857142857142858,https://nsearchives.nseindia.com/today/ALPHAEQN.svg,https://nsearchives.nseindia.com/30d/ALPHA-EQ.svg,https://nsearchives.nseindia.com/365d/ALPHA-EQ.svg,EQ
HDFCBSE500,HDFC S&P BSE 500 ETF,36.96,36.97,36.75,36.8,0.01,0.03,1349938,49691217.78,36.6629,40,32.65,-,-,-1.6831418648143268,-3.0813800368712188,36.79,0,-1.71,-2.9,22-Sep-2025,21-Aug-2026,-,-3.0813800368712188,-,-1.6831418648143268,8.000000000000007,-12.71056661562021,https://nsearchives.nseindia.com/today/HDFCBSE500EQN.svg,https://nsearchives.nseindia.com/30d/HDFCBSE500-EQ.svg,https://nsearchives.nseindia.com/365d/HDFCBSE500-EQ.svg,EQ
MOREALTY,Motilal Oswal Nifty Realty ETF,86.54,87.85,86.41,87.69,1.61,1.87,568354,49611620.66,86.5093,99.49,64,-,-,-4.653691421115583,-4.205811667030815,86.08,0,-6.4,-5.62,22-Sep-2025,21-Aug-2026,-,-4.205811667030815,-,-4.653691421115583,11.860488491305658,-37.015625,https://nsearchives.nseindia.com/today/MOREALTYEQN.svg,https://nsearchives.nseindia.com/30d/MOREALTY-EQ.svg,https://nsearchives.nseindia.com/365d/MOREALTY-EQ.svg,EQ
ITIETF,Nifty IT Index,32.61,32.61,31.45,31.59,-0.23,-0.72,1278622,40404455.2,31.7952,44.3,28.54,01-SEP-22,FACE VALUE SPLIT (SUB-DIVISION) - FROM RS 10/- PER UNIT TO RE 1/- PER UNIT,-18.43532145623547,-6.759149940968131,31.82,0,-17.84,-6.36,22-Sep-2025,21-Aug-2026,FACE VALUE SPLIT (SUB-DIVISION) - FROM RS 10/- PER UNIT TO RE 1/- PER UNIT,-6.759149940968131,01-SEP-22,-18.43532145623547,28.690744920993225,-10.686755430974074,https://nsearchives.nseindia.com/today/ITIETFEQN.svg,https://nsearchives.nseindia.com/30d/ITIETF-EQ.svg,https://nsearchives.nseindia.com/365d/ITIETF-EQ.svg,EQ
SETFNIFBK,Nifty Bank,579.08,581.75,578.63,580.62,2.41,0.42,67220,39045409.2,578.2028,646.11,465.64,02-NOV-17, DIVIDEND - RS 3.50 PER UNIT,2.4346353339684472,-1.6048399396702244,578.21,0,2.01,-2.53,22-Sep-2025,21-Aug-2026, DIVIDEND - RS 3.50 PER UNIT,-1.6048399396702244,02-NOV-17,2.4346353339684472,10.136044945907045,-24.69289579932996,https://nsearchives.nseindia.com/today/SETFNIFBKEQN.svg,https://nsearchives.nseindia.com/30d/SETFNIFBK-EQ.svg,https://nsearchives.nseindia.com/365d/SETFNIFBK-EQ.svg,EQ
CPSEETF,CPSE ETF,92.94,93.61,92.77,93.2,0.26,0.28,413128,38503529.6,93.2753,112,86.06,-,-,0.1827367515855119,-0.9248432018709369,92.94,0,-0.1,-1.41,22-Sep-2025,21-Aug-2026,-,-0.9248432018709369,-,0.1827367515855119,16.785714285714285,-8.296537299558448,https://nsearchives.nseindia.com/today/CPSEETFEQN.svg,https://nsearchives.nseindia.com/30d/CPSEETF-EQ.svg,https://nsearchives.nseindia.com/365d/CPSEETF-EQ.svg,EQ
SILVERAG,Mirae Asset Silver ETF,225,227.63,223.87,224.26,0.19,0.08,165251,37236007.83,224.9516,380,129,-,-,72.09730642314479,-4.970549599559311,224.07,0,71.95,-5.57,22-Sep-2025,21-Aug-2026,-,-4.970549599559311,-,72.09730642314479,40.98421052631579,-73.84496124031008,https://nsearchives.nseindia.com/today/SILVERAGEQN.svg,https://nsearchives.nseindia.com/30d/SILVERAG-EQ.svg,https://nsearchives.nseindia.com/365d/SILVERAG-EQ.svg,EQ
ICICIB22,S&P BSE BHARAT 22 index,113.23,113.62,112.46,113.06,0.6,0.53,326462,36984879.98,112.6704,131,108.8,-,-,2.1965108921630723,-1.8235498436957227,112.46,0,1.65,-2.45,22-Sep-2025,21-Aug-2026,-,-1.8235498436957227,-,2.1965108921630723,13.694656488549617,-3.915441176470593,https://nsearchives.nseindia.com/today/ICICIB22EQN.svg,https://nsearchives.nseindia.com/30d/ICICIB22-EQ.svg,https://nsearchives.nseindia.com/365d/ICICIB22-EQ.svg,EQ
MOM30IETF,ICICI Prudential Nifty 200 Momentum 30 ETF,30.86,31.2,30.86,31.15,0.32,1.04,1189643,36902725.86,30.8519,32.9,26,12-AUG-22,ADDITONAL ISSUANCE 9:1,-0.985378258105538,-1.299112801013942,30.83,0,-2,-1.94,22-Sep-2025,21-Aug-2026,ADDITONAL ISSUANCE 9:1,-1.299112801013942,12-AUG-22,-0.985378258105538,5.319148936170213,-19.807692307692303,https://nsearchives.nseindia.com/today/MOM30IETFEQN.svg,https://nsearchives.nseindia.com/30d/MOM30IETF-EQ.svg,https://nsearchives.nseindia.com/365d/MOM30IETF-EQ.svg,EQ
PVTBANIETF,Nifty Private Bank Index,27.69,27.78,27.6,27.77,0.07,0.25,1302707,36084983.9,27.609,30.32,24.18,01-MAR-24,FACE VALUE SPLIT (SUB-DIVISION) - FROM RS 10/- PER SHARE TO RE 1/- PER SHARE,2.434526005164147,-0.4659498207885269,27.7,0,2.18,-0.82,22-Sep-2025,21-Aug-2026,FACE VALUE SPLIT (SUB-DIVISION) - FROM RS 10/- PER SHARE TO RE 1/- PER SHARE,-0.4659498207885269,01-MAR-24,2.434526005164147,8.41029023746702,-14.846980976013235,https://nsearchives.nseindia.com/today/PVTBANIETFEQN.svg,https://nsearchives.nseindia.com/30d/PVTBANIETF-EQ.svg,https://nsearchives.nseindia.com/365d/PVTBANIETF-EQ.svg,EQ
BANKNIFTY1,Nifty Bank,58.66,58.89,58.5,58.68,0.28,0.48,600339,35269916.25,58.426,65.29,51.71,27-FEB-26,FACE VALUE SPLIT (SUB-DIVISION) - FROM RS 10/- PER SHARE TO RE 1/- PER SHARE,-89.72886874026361,-1.4278515034436443,58.4,0,-89.78,-2.44,22-Sep-2025,21-Aug-2026,FACE VALUE SPLIT (SUB-DIVISION) - FROM RS 10/- PER SHARE TO RE 1/- PER SHARE,-1.4278515034436443,27-FEB-26,-89.72886874026361,10.124061877776086,-13.479017598143491,https://nsearchives.nseindia.com/today/BANKNIFTY1EQN.svg,https://nsearchives.nseindia.com/30d/BANKNIFTY1-EQ.svg,https://nsearchives.nseindia.com/365d/BANKNIFTY1-EQ.svg,EQ
BANKETF,Mirae Asset Nifty Bank ETF,574.91,578.08,574.13,576.11,2.26,0.39,56995,32838239.2,573.5811,628.27,507.01,-,-,2.720870107871978,-1.5364894889762448,573.85,0,2.32,-2.44,22-Sep-2025,21-Aug-2026,-,-1.5364894889762448,-,2.720870107871978,8.302163082751042,-13.628922506459443,https://nsearchives.nseindia.com/today/BANKETFEQN.svg,https://nsearchives.nseindia.com/30d/BANKETF-EQ.svg,https://nsearchives.nseindia.com/365d/BANKETF-EQ.svg,EQ
MOSMALL250,Motilal Oswal Nifty Smallcap 250 ETF,18.35,18.53,18.31,18.48,0.18,0.98,1739141,32087151.45,18.3619,19.38,14.22,-,-,6.390328151986179,0.10834236186348631,18.3,0,5.35,-1.03,22-Sep-2025,21-Aug-2026,-,0.10834236186348631,-,6.390328151986179,4.643962848297207,-29.957805907172993,https://nsearchives.nseindia.com/today/MOSMALL250EQN.svg,https://nsearchives.nseindia.com/30d/MOSMALL250-EQ.svg,https://nsearchives.nseindia.com/365d/MOSMALL250-EQ.svg,EQ
FMCGIETF,Nifty FMCG Index,49.2,49.79,49.16,49.78,0.59,1.20,646494,32079032.28,49.0879,61.19,48.25,10-MAY-24,FACE VALUE SPLIT (SUB-DIVISION) - FROM RS 10/- PER SHARE TO RE 1/- PER SHARE,-16.755852842809357,-2.3921568627450958,49.19,0,-17.74,-3.93,22-Sep-2025,21-Aug-2026,FACE VALUE SPLIT (SUB-DIVISION) - FROM RS 10/- PER SHARE TO RE 1/- PER SHARE,-2.3921568627450958,10-MAY-24,-16.755852842809357,18.646837718581462,-3.1709844559585516,https://nsearchives.nseindia.com/today/FMCGIETFEQN.svg,https://nsearchives.nseindia.com/30d/FMCGIETF-EQ.svg,https://nsearchives.nseindia.com/365d/FMCGIETF-EQ.svg,EQ
MOCAPITAL,Nifty Capital Market Total Return Index,53.18,53.99,52.85,53.85,0.91,1.72,575974,30872206.4,53.0782,57.25,41.31,-,-,23.707787732598206,-1.9125683060109238,52.94,0,21.62,-2.76,22-Sep-2025,21-Aug-2026,-,-1.9125683060109238,-,23.707787732598206,5.938864628820959,-30.35584604212055,https://nsearchives.nseindia.com/today/MOCAPITALEQN.svg,https://nsearchives.nseindia.com/30d/MOCAPITAL-EQ.svg,https://nsearchives.nseindia.com/365d/MOCAPITAL-EQ.svg,EQ
METAL,Nifty Metal Total Return Index,13.43,13.43,12.78,13.43,0.32,2.44,2189340,29183902.2,13.1204,14.18,8.7,-,-,33.23412698412698,-0.29695619896066017,13.11,0,30.06,-1.35,22-Sep-2025,21-Aug-2026,-,-0.29695619896066017,-,33.23412698412698,5.289139633286319,-54.36781609195403,https://nsearchives.nseindia.com/today/METALEQN.svg,https://nsearchives.nseindia.com/30d/METAL-EQ.svg,https://nsearchives.nseindia.com/365d/METAL-EQ.svg,EQ
GROWWSLVR,Commodity-Silver,22.84,22.92,22.53,22.58,0.02,0.09,1279570,29059034.7,22.6465,36.3,12.96,06-FEB-26,FACE VALUE SPLIT (SUB-DIVISION) - FROM RS 10/- PER UNIT TO RE 1/- PER UNIT,-82.87837427964817,-4.9263157894736915,22.56,0,-82.89,-5.29,22-Sep-2025,21-Aug-2026,FACE VALUE SPLIT (SUB-DIVISION) - FROM RS 10/- PER UNIT TO RE 1/- PER UNIT,-4.9263157894736915,06-FEB-26,-82.87837427964817,37.79614325068871,-74.22839506172838,https://nsearchives.nseindia.com/today/GROWWSLVREQN.svg,https://nsearchives.nseindia.com/30d/GROWWSLVR-EQ.svg,https://nsearchives.nseindia.com/365d/GROWWSLVR-EQ.svg,EQ
AONELIQUID,Nifty 1D Rate Index,1078,1078.02,1078,1078.02,0.15,0.01,26834,28927320.34,1077.8704,1094.59,997.56,-,-,5.0189965903555755,0.3836483843933225,1077.87,0,5,0.38,22-Sep-2025,21-Aug-2026,-,0.3836483843933225,-,5.0189965903555755,1.5138088233950555,-8.065680259833998,https://nsearchives.nseindia.com/today/AONELIQUIDEQN.svg,https://nsearchives.nseindia.com/30d/AONELIQUID-EQ.svg,https://nsearchives.nseindia.com/365d/AONELIQUID-EQ.svg,EQ
LTGILTBEES,NIFTY 8-13 yr G-Sec Index,29.78,29.82,29.77,29.79,0.05,0.17,969453,28889699.4,29.8124,30.61,28.13,-,-,3.3298647242455806,-0.5342237061769621,29.74,0,3.16,-0.8,22-Sep-2025,21-Aug-2026,-,-0.5342237061769621,-,3.3298647242455806,2.6788631166285537,-5.901173124777817,https://nsearchives.nseindia.com/today/LTGILTBEESEQN.svg,https://nsearchives.nseindia.com/30d/LTGILTBEES-EQ.svg,https://nsearchives.nseindia.com/365d/LTGILTBEES-EQ.svg,EQ
HDFCNIFTY,Nifty 50,270.56,270.56,263.62,265.05,1.08,0.41,109200,28887768,263.2032,301.88,247.56,17-FEB-21, FACE VALUE SPLIT (SUB-DIVISION) - FROM RS 761.25/- PER UNIT TO RS 76.125/- PER UNIT,-5.863759056684184,-2.9369758669938046,263.97,0,-6.25,-3.58,22-Sep-2025,21-Aug-2026, FACE VALUE SPLIT (SUB-DIVISION) - FROM RS 761.25/- PER UNIT TO RS 76.125/- PER UNIT,-2.9369758669938046,17-FEB-21,-5.863759056684184,12.200212004770101,-7.064953950557444,https://nsearchives.nseindia.com/today/HDFCNIFTYEQN.svg,https://nsearchives.nseindia.com/30d/HDFCNIFTY-EQ.svg,https://nsearchives.nseindia.com/365d/HDFCNIFTY-EQ.svg,EQ
ALPL30IETF,Nifty Alpha Low-Volatility 30 Index,27.57,27.57,27.01,27.07,0.04,0.15,1058368,28713523.84,27.0362,29.17,24.35,10-MAY-24,FACE VALUE SPLIT (SUB-DIVISION) - FROM RS 10/- PER SHARE TO RE 1/- PER SHARE,-2.309635510645978,-3.4593437945791687,27.03,0,-2.45,-3.71,22-Sep-2025,21-Aug-2026,FACE VALUE SPLIT (SUB-DIVISION) - FROM RS 10/- PER SHARE TO RE 1/- PER SHARE,-3.4593437945791687,10-MAY-24,-2.309635510645978,7.199177236887217,-11.170431211498968,https://nsearchives.nseindia.com/today/ALPL30IETFEQN.svg,https://nsearchives.nseindia.com/30d/ALPL30IETF-EQ.svg,https://nsearchives.nseindia.com/365d/ALPL30IETF-EQ.svg,EQ
ELIQUID,Nifty 1D Rate Index (Debt Index),1048.82,1048.84,1048.82,1048.83,0.13,0.01,25715,26970406.3,1048.6906,1051.22,996,-,-,Infinity,0.37515192696020183,1048.7,0,0,0.38,,21-Aug-2026,-,0.37515192696020183,-,Infinity,0.22735488289797567,-5.304216867469872,https://nsearchives.nseindia.com/today/ELIQUIDEQN.svg,https://nsearchives.nseindia.com/30d/ELIQUID-EQ.svg,,EQ
MIDCAPETF,Mirae Asset Mutual Fund - Mirae Asset Nifty Midcap 150 ETF,23.43,23.49,23.28,23.43,0.11,0.47,1114590,26103697.8,23.319,24.57,19.6,-,-,5.63570784490532,-2.212020033388986,23.32,0,5.14,-2.59,22-Sep-2025,21-Aug-2026,-,-2.212020033388986,-,5.63570784490532,4.639804639804642,-19.540816326530603,https://nsearchives.nseindia.com/today/MIDCAPETFEQN.svg,https://nsearchives.nseindia.com/30d/MIDCAPETF-EQ.svg,https://nsearchives.nseindia.com/365d/MIDCAPETF-EQ.svg,EQ
MOLOWVOL,Nifty Midcap 100 TRI,34.55,37,34.55,35.47,0.22,0.62,736337,25801248.48,35.1491,43.07,33.52,11-AUG-22,FACE VALUE SPLIT (SUB-DIVISION) - FROM RS 10/- PER UNIT TO RS 2/- PER UNIT,-7.04926624737945,-3.4567229178007706,35.25,0,-7.63,-4.24,22-Sep-2025,21-Aug-2026,FACE VALUE SPLIT (SUB-DIVISION) - FROM RS 10/- PER UNIT TO RS 2/- PER UNIT,-3.4567229178007706,11-AUG-22,-7.04926624737945,17.645693057812867,-5.817422434367528,https://nsearchives.nseindia.com/today/MOLOWVOLEQN.svg,https://nsearchives.nseindia.com/30d/MOLOWVOL-EQ.svg,https://nsearchives.nseindia.com/365d/MOLOWVOL-EQ.svg,EQ
BSLGOLDETF,Gold,133.7,133.7,132.76,132.91,-0.15,-0.11,188051,25003260.96,132.8879,155.99,97.3,25-NOV-21, FACE VALUE SPLIT (SUB-DIVISION) - FROM RS 10/- PER SHARE TO RE 0.10/- PER SHARE,34.08999192897497,-5.990946385627386,133.06,0,34.24,-4.56,22-Sep-2025,21-Aug-2026, FACE VALUE SPLIT (SUB-DIVISION) - FROM RS 10/- PER SHARE TO RE 0.10/- PER SHARE,-5.990946385627386,25-NOV-21,34.08999192897497,14.795820244887501,-36.598150051387464,https://nsearchives.nseindia.com/today/BSLGOLDETFEQN.svg,https://nsearchives.nseindia.com/30d/BSLGOLDETF-EQ.svg,https://nsearchives.nseindia.com/365d/BSLGOLDETF-EQ.svg,EQ
AUTOBEES,Nifty Auto TRI,280.69,281.26,279.3,280.79,0.67,0.24,88750,24883725,280.3644,310.45,242.5,-,-,0.5514771709937405,-6.362757194784401,280.12,0,0.31,-7.08,22-Sep-2025,21-Aug-2026,-,-6.362757194784401,-,0.5514771709937405,9.553873409566748,-15.789690721649492,https://nsearchives.nseindia.com/today/AUTOBEESEQN.svg,https://nsearchives.nseindia.com/30d/AUTOBEES-EQ.svg,https://nsearchives.nseindia.com/365d/AUTOBEES-EQ.svg,EQ
HNGSNGBEES,Hang Seng Index,462.58,464.2,460.33,461.39,-1.19,-0.26,51605,23841510,455.4238,579.92,443.42,19-DEC-19, FACE VALUE SPLIT (SUB-DIVISION) - FROM RS 10/- TO RS 1/-,-12.388204242067488,-2.750611246943768,462.58,0,-12.16,-4.27,22-Sep-2025,21-Aug-2026, FACE VALUE SPLIT (SUB-DIVISION) - FROM RS 10/- TO RS 1/-,-2.750611246943768,19-DEC-19,-12.388204242067488,20.439026072561727,-4.052591222768474,https://nsearchives.nseindia.com/today/HNGSNGBEESEQN.svg,https://nsearchives.nseindia.com/30d/HNGSNGBEES-EQ.svg,https://nsearchives.nseindia.com/365d/HNGSNGBEES-EQ.svg,EQ
GROWWLIQID,Nifty 1D Rate Index,110.86,110.87,110.86,110.87,0.03,0.03,212148,23518727.28,110.8462,112.71,105.15,-,-,4.752456538170825,0.36208925500136296,110.84,0,4.72,0.35,22-Sep-2025,21-Aug-2026,-,0.36208925500136296,-,4.752456538170825,1.632508206902661,-5.439847836424154,https://nsearchives.nseindia.com/today/GROWWLIQIDEQN.svg,https://nsearchives.nseindia.com/30d/GROWWLIQID-EQ.svg,https://nsearchives.nseindia.com/365d/GROWWLIQID-EQ.svg,EQ
BSLNIFTY,Nifty 50,28.16,28.16,27.25,27.5,0.02,0.07,724016,19946640.8,27.3816,33,25.7,25-NOV-21, FACE VALUE SPLIT (SUB-DIVISION) - FROM RS 10/- PER SHARE TO RE 1/- PER SHARE,-6.015037593984968,-3.2030975008799722,27.48,0,-6.08,-3.58,22-Sep-2025,21-Aug-2026, FACE VALUE SPLIT (SUB-DIVISION) - FROM RS 10/- PER SHARE TO RE 1/- PER SHARE,-3.2030975008799722,25-NOV-21,-6.015037593984968,16.666666666666668,-7.00389105058366,https://nsearchives.nseindia.com/today/BSLNIFTYEQN.svg,https://nsearchives.nseindia.com/30d/BSLNIFTY-EQ.svg,https://nsearchives.nseindia.com/365d/BSLNIFTY-EQ.svg,EQ
BANKIETF,Nifty Bank,59.02,59.02,57.5,58.05,0.19,0.33,322306,18703417.18,57.8053,63.9,51.17,-,-,2.39901217145881,-1.4431239388794592,57.86,0,2.06,-2.31,22-Sep-2025,21-Aug-2026,-,-1.4431239388794592,-,2.39901217145881,9.15492957746479,-13.445378151260496,https://nsearchives.nseindia.com/today/BANKIETFEQN.svg,https://nsearchives.nseindia.com/30d/BANKIETF-EQ.svg,https://nsearchives.nseindia.com/365d/BANKIETF-EQ.svg,EQ
GROWWGOLD,Commodity,14.75,14.85,14.72,14.75,0,0.00,1202515,17761146.55,14.753,18,10.85,06-FEB-26,FACE VALUE SPLIT (SUB-DIVISION) - FROM RS 10/- PER UNIT TO RE 1/- PER UNIT,-86.62859214939715,-6.1704834605598,14.75,0,-86.63,-4.78,22-Sep-2025,21-Aug-2026,FACE VALUE SPLIT (SUB-DIVISION) - FROM RS 10/- PER UNIT TO RE 1/- PER UNIT,-6.1704834605598,06-FEB-26,-86.62859214939715,18.055555555555557,-35.9447004608295,https://nsearchives.nseindia.com/today/GROWWGOLDEQN.svg,https://nsearchives.nseindia.com/30d/GROWWGOLD-EQ.svg,https://nsearchives.nseindia.com/365d/GROWWGOLD-EQ.svg,EQ
NIFTYETF,Nifty 50,254.53,255.8,254.27,255.14,0.61,0.24,69341,17695129.79,254.0606,289.05,239.81,-,-,-6.098413749953993,-3.169000721089993,254.53,0,-6.32,-3.65,22-Sep-2025,21-Aug-2026,-,-3.169000721089993,-,-6.098413749953993,11.731534336619971,-6.392560777282008,https://nsearchives.nseindia.com/today/NIFTYETFEQN.svg,https://nsearchives.nseindia.com/30d/NIFTYETF-EQ.svg,https://nsearchives.nseindia.com/365d/NIFTYETF-EQ.svg,EQ
MAHKTECH,Hang Seng TECH Total Return Index,22.35,22.35,21.45,21.87,-0.14,-0.64,777289,17007083.32,18.2127,35.59,21,-,-,-23.451172558627928,-4.204993429697755,22.01,0,-22.96,-4.72,22-Sep-2025,21-Aug-2026,-,-4.204993429697755,-,-23.451172558627928,38.55015453779152,-4.142857142857148,https://nsearchives.nseindia.com/today/MAHKTECHEQN.svg,https://nsearchives.nseindia.com/30d/MAHKTECH-EQ.svg,https://nsearchives.nseindia.com/365d/MAHKTECH-EQ.svg,EQ
ENERGY,Nifty Energy,39.16,39.16,37.88,38.08,0.06,0.16,432395,16465601.6,38.0411,42.82,29,-,-,Infinity,-1.0137769690668068,38.02,0,0,-1.04,,21-Aug-2026,-,-1.0137769690668068,-,Infinity,11.069593647828123,-31.3103448275862,https://nsearchives.nseindia.com/today/ENERGYEQN.svg,https://nsearchives.nseindia.com/30d/ENERGY-EQ.svg,,EQ
HDFCNIFBAN,Nifty Bank,58.03,58.32,58.02,58.13,0.1,0.17,277775,16169282.75,57.9478,65.54,51.2,02-FEB-24,FACE VALUE SPLIT (SUB-DIVISION) - FROM RS 223.31/- PER SHARE TO RS 22.331/- PER SHARE,2.3775977456851027,-1.5580016934800924,58.03,0,2.2,-2.44,22-Sep-2025,21-Aug-2026,FACE VALUE SPLIT (SUB-DIVISION) - FROM RS 223.31/- PER SHARE TO RS 22.331/- PER SHARE,-1.5580016934800924,02-FEB-24,2.3775977456851027,11.306072627403116,-13.53515625,https://nsearchives.nseindia.com/today/HDFCNIFBANEQN.svg,https://nsearchives.nseindia.com/30d/HDFCNIFBAN-EQ.svg,https://nsearchives.nseindia.com/365d/HDFCNIFBAN-EQ.svg,EQ
NEXT50,Nifty Next 50,745.98,749.15,744.44,746.99,4.6,0.62,21450,16035805.5,742.2656,785.96,617,-,-,4.066592365561446,-2.1393386784048682,742.39,0,3.43,-2.8,22-Sep-2025,21-Aug-2026,-,-2.1393386784048682,-,4.066592365561446,4.958267596315338,-21.06807131280389,https://nsearchives.nseindia.com/today/NEXT50EQN.svg,https://nsearchives.nseindia.com/30d/NEXT50-EQ.svg,https://nsearchives.nseindia.com/365d/NEXT50-EQ.svg,EQ
ABSLBANETF,Nifty Bank,57.93,58.1,57.79,57.9,0.15,0.26,270869,15704984.62,57.7117,64.94,50.97,25-NOV-21, FACE VALUE SPLIT (SUB-DIVISION) - FROM RS 10/- PER SHARE TO RE 1/- PER SHARE,2.86018831053473,-1.2450963670475932,57.75,0,2.59,-2.4,22-Sep-2025,21-Aug-2026, FACE VALUE SPLIT (SUB-DIVISION) - FROM RS 10/- PER SHARE TO RE 1/- PER SHARE,-1.2450963670475932,25-NOV-21,2.86018831053473,10.84077610101632,-13.596233078281342,https://nsearchives.nseindia.com/today/ABSLBANETFEQN.svg,https://nsearchives.nseindia.com/30d/ABSLBANETF-EQ.svg,https://nsearchives.nseindia.com/365d/ABSLBANETF-EQ.svg,EQ
MOMENTUM50,Nifty 500 Momentum 50 Total Return Index,53.89,54.07,53.65,54.01,0.48,0.90,290112,15625432.32,53.6373,55.97,44.96,-,-,3.5864978902953535,-0.64385577630611,53.53,0,2.67,-1.25,22-Sep-2025,21-Aug-2026,-,-0.64385577630611,-,3.5864978902953535,3.5018760050026816,-20.129003558718857,https://nsearchives.nseindia.com/today/MOMENTUM50EQN.svg,https://nsearchives.nseindia.com/30d/MOMENTUM50-EQ.svg,https://nsearchives.nseindia.com/365d/MOMENTUM50-EQ.svg,EQ
DEFENCE,BSE India Defence,79.51,79.57,78.87,79.1,-0.14,-0.18,188347,14896364.23,79.1189,85.6,58.91,-,-,Infinity,-3.6306042884990304,79.24,0,0,-4.11,,21-Aug-2026,-,-3.6306042884990304,-,Infinity,7.593457943925234,-34.272619249702934,https://nsearchives.nseindia.com/today/DEFENCEEQN.svg,https://nsearchives.nseindia.com/30d/DEFENCE-EQ.svg,,EQ
IT,NIFTY IT Index,31.75,31.76,31.27,31.58,-0.2,-0.63,472169,14892210.26,31.7691,44.49,28.54,-,-,-18.271221532091104,-6.650901566656814,31.78,0,-17.75,-5.78,22-Sep-2025,21-Aug-2026,-,-6.650901566656814,-,-18.271221532091104,29.017756799280747,-10.65171688857743,https://nsearchives.nseindia.com/today/ITEQN.svg,https://nsearchives.nseindia.com/30d/IT-EQ.svg,https://nsearchives.nseindia.com/365d/IT-EQ.svg,EQ
LOWVOL1,Kotak Nifty 100 Low Vol 30 ETF,20.55,20.57,20.36,20.36,-0.12,-0.59,699280,14321254.4,20.3899,22.9,18.77,-,-,-5.258259655653788,-4.592314901593254,20.48,0,-4.7,-4.12,22-Sep-2025,21-Aug-2026,-,-4.592314901593254,-,-5.258259655653788,11.091703056768555,-8.470964304741608,https://nsearchives.nseindia.com/today/LOWVOL1EQN.svg,https://nsearchives.nseindia.com/30d/LOWVOL1-EQ.svg,https://nsearchives.nseindia.com/365d/LOWVOL1-EQ.svg,EQ
HDFCLIQUID,HDFC Nifty 1D Rate Liquid ETF,1079.06,1079.06,1079.04,1079.06,0.14,0.01,13088,14122606.4,,1079.4,1009.91,28-FEB-25,CHANGE IN FUNDAMENTAL ATTRIBUTE OF HDFC NIFTY 1D RATE LIQUID ETF,4.902637488698544,0.3767406814820285,1078.92,0,4.89,0.38,22-Sep-2025,21-Aug-2026,CHANGE IN FUNDAMENTAL ATTRIBUTE OF HDFC NIFTY 1D RATE LIQUID ETF,0.3767406814820285,28-FEB-25,4.902637488698544,0.03149898091533681,-6.847144795080748,https://nsearchives.nseindia.com/today/HDFCLIQUIDEQN.svg,https://nsearchives.nseindia.com/30d/HDFCLIQUID-EQ.svg,https://nsearchives.nseindia.com/365d/HDFCLIQUID-EQ.svg,EQ
SML100CASE,Nifty Smallcap 100 Index,11.3,11.43,11.29,11.42,0.13,1.15,1159997,13177565.92,11.2718,11.77,8.5,-,-,10.7662463627546,0.8833922261484067,11.29,0,9.51,-0.79,22-Sep-2025,21-Aug-2026,-,0.8833922261484067,-,10.7662463627546,2.973661852166522,-34.35294117647059,https://nsearchives.nseindia.com/today/SML100CASEEQN.svg,https://nsearchives.nseindia.com/30d/SML100CASE-EQ.svg,https://nsearchives.nseindia.com/365d/SML100CASE-EQ.svg,EQ
LIQUIDSHRI,SHRIRAM NIFTY 1D RATE LIQUID ETF,1122.56,1122.58,1122.56,1122.58,0.15,0.01,11401,12798306.56,1122.4283,1122.58,1071.55,-,-,4.762260277168585,0.3566990586363198,1122.43,0,4.75,0.36,22-Sep-2025,21-Aug-2026,-,0.3566990586363198,-,4.762260277168585,0,-4.762260277168585,https://nsearchives.nseindia.com/today/LIQUIDSHRIEQN.svg,https://nsearchives.nseindia.com/30d/LIQUIDSHRI-EQ.svg,https://nsearchives.nseindia.com/365d/LIQUIDSHRI-EQ.svg,EQ
SILVER001,Commodity - Silver,23.7,23.94,23.06,23.2,-0.14,-0.60,550189,12797396.14,23.3371,28,22,-,-,Infinity,Infinity,23.34,0,0,0,,,-,Infinity,-,Infinity,17.142857142857146,-5.4545454545454515,https://nsearchives.nseindia.com/today/SILVER001EQN.svg,,,EQ
GROWWDEFNC,Nifty India Defence Index- Total Return Index,95.21,95.21,93.77,94.5,0.23,0.24,134196,12697625.52,94.5789,102.07,71.78,-,-,14.448346857212073,-2.6676279740447044,94.27,0,14.17,-4.15,22-Sep-2025,21-Aug-2026,-,-2.6676279740447044,-,14.448346857212073,7.416478887038301,-31.652270827528557,https://nsearchives.nseindia.com/today/GROWWDEFNCEQN.svg,https://nsearchives.nseindia.com/30d/GROWWDEFNC-EQ.svg,https://nsearchives.nseindia.com/365d/GROWWDEFNC-EQ.svg,EQ
TOP10ADD,Nifty Top 10 Equal Weight Index,84.69,85.09,84.44,84.44,-0.09,-0.11,149597,12669369.93,84.5923,103.04,83.05,-,-,-11.867237240371573,-3.8159243649618504,84.53,0,-11.77,-3.86,22-Sep-2025,21-Aug-2026,-,-3.8159243649618504,-,-11.867237240371573,18.05124223602485,-1.673690547862734,https://nsearchives.nseindia.com/today/TOP10ADDEQN.svg,https://nsearchives.nseindia.com/30d/TOP10ADD-EQ.svg,https://nsearchives.nseindia.com/365d/TOP10ADD-EQ.svg,EQ
HEALTHIETF,Nifty Healthcare Index,172,173.33,170.83,173.28,1.51,0.88,72206,12453368.82,171.6531,174.82,138.65,-,-,14.823404678285074,2.7331475662536397,171.77,0,13.82,1.93,22-Sep-2025,21-Aug-2026,-,2.7331475662536397,-,14.823404678285074,0.8809060748198102,-24.976559682654162,https://nsearchives.nseindia.com/today/HEALTHIETFEQN.svg,https://nsearchives.nseindia.com/30d/HEALTHIETF-EQ.svg,https://nsearchives.nseindia.com/365d/HEALTHIETF-EQ.svg,EQ
MOM100,Nifty Midcap 100,68.54,68.54,65.19,67.12,0.25,0.37,183430,12328330.3,66.9182,70.32,56.15,-,-,6.202531645569623,-2.5268661051408583,66.87,0,5.81,-2.82,22-Sep-2025,21-Aug-2026,-,-2.5268661051408583,-,6.202531645569623,4.550625711035251,-19.536954585930555,https://nsearchives.nseindia.com/today/MOM100EQN.svg,https://nsearchives.nseindia.com/30d/MOM100-EQ.svg,https://nsearchives.nseindia.com/365d/MOM100-EQ.svg,EQ
ITETF,Mirae Asset Nifty IT ETF,30.34,30.34,29.97,30.04,-0.29,-0.96,405623,12193027.38,30.3199,42.02,27.22,-,-,-18.61284204822541,-7.198022860673459,30.33,0,-17.83,-6.07,22-Sep-2025,21-Aug-2026,-,-7.198022860673459,-,-18.61284204822541,28.510233222275115,-10.360029390154299,https://nsearchives.nseindia.com/today/ITETFEQN.svg,https://nsearchives.nseindia.com/30d/ITETF-EQ.svg,https://nsearchives.nseindia.com/365d/ITETF-EQ.svg,EQ
SETFNN50,Nifty Next 50,771.51,777.5,771.5,775.75,2.89,0.37,15326,11890830.36,770.6282,840,636.01,02-NOV-17, DIVIDEND - RS 7/- PER UNIT,4.329173166926685,-2.1678815547204144,772.86,0,3.94,-2.66,22-Sep-2025,21-Aug-2026, DIVIDEND - RS 7/- PER UNIT,-2.1678815547204144,02-NOV-17,4.329173166926685,7.648809523809524,-21.971352651687866,https://nsearchives.nseindia.com/today/SETFNN50EQN.svg,https://nsearchives.nseindia.com/30d/SETFNN50-EQ.svg,https://nsearchives.nseindia.com/365d/SETFNN50-EQ.svg,EQ
BANKBETA,Nifty Bank,58.39,58.59,58.23,58.43,0.22,0.38,197155,11525681.3,58.2263,73.7,51.3,17-FEB-21, FACE VALUE SPLIT (SUB-DIVISION) - FROM RS 10/- PER UNIT TO RE 1/- PER UNIT,Infinity,-1.4172431246836568,58.21,0,0,-2.35,,21-Aug-2026, FACE VALUE SPLIT (SUB-DIVISION) - FROM RS 10/- PER UNIT TO RE 1/- PER UNIT,-1.4172431246836568,17-FEB-21,Infinity,20.719131614654007,-13.898635477582852,https://nsearchives.nseindia.com/today/BANKBETAEQN.svg,https://nsearchives.nseindia.com/30d/BANKBETA-EQ.svg,,EQ
HEALTHY,Nifty Healthcare TRI,17.08,17.54,17.08,17.42,0.18,1.04,636884,11037199.72,17.2087,17.67,13.58,-,-,15.36423841059604,3.321470937129314,17.24,0,14.17,2.07,22-Sep-2025,21-Aug-2026,-,3.321470937129314,-,15.36423841059604,1.4148273910582907,-28.276877761413857,https://nsearchives.nseindia.com/today/HEALTHYEQN.svg,https://nsearchives.nseindia.com/30d/HEALTHY-EQ.svg,https://nsearchives.nseindia.com/365d/HEALTHY-EQ.svg,EQ
GROWWPOWER,BSE Power Index - TRI,11.18,11.23,11.11,11.23,0.06,0.54,937400,10461384,11.148,13.2,7.75,-,-,7.773512476007683,-1.3181019332161716,11.17,0,7.2,-1.41,22-Sep-2025,21-Aug-2026,-,-1.3181019332161716,-,7.773512476007683,14.924242424242417,-44.90322580645162,https://nsearchives.nseindia.com/today/GROWWPOWEREQN.svg,https://nsearchives.nseindia.com/30d/GROWWPOWER-EQ.svg,https://nsearchives.nseindia.com/365d/GROWWPOWER-EQ.svg,EQ
MIDCAPIETF,Nifty Midcap 150,22.95,23.8,22.95,23.7,0.16,0.68,437990,10380363,23.6045,24.88,19.89,10-MAY-24,FACE VALUE SPLIT (SUB-DIVISION) - FROM RS 10/- PER SHARE TO RE 1/- PER SHARE,5.427046263345191,-1.9851116625310192,23.54,0,4.72,-2.97,22-Sep-2025,21-Aug-2026,FACE VALUE SPLIT (SUB-DIVISION) - FROM RS 10/- PER SHARE TO RE 1/- PER SHARE,-1.9851116625310192,10-MAY-24,5.427046263345191,4.742765273311896,-19.15535444947209,https://nsearchives.nseindia.com/today/MIDCAPIETFEQN.svg,https://nsearchives.nseindia.com/30d/MIDCAPIETF-EQ.svg,https://nsearchives.nseindia.com/365d/MIDCAPIETF-EQ.svg,EQ
NIFTY1,Nifty 50,259.86,260.93,258.94,259.78,-0.08,-0.03,37795,9834259,259.2009,295.8,244.8,27-JUL-17, FACE VALUE SPLIT (SUB-DIVISION) - FROM RS 10/- PER SHARE TO RS 1/- PER SHARE,-6.291032393045254,-3.398780306410844,259.86,0,-6.26,-3.63,22-Sep-2025,21-Aug-2026, FACE VALUE SPLIT (SUB-DIVISION) - FROM RS 10/- PER SHARE TO RS 1/- PER SHARE,-3.398780306410844,27-JUL-17,-6.291032393045254,12.17714672075728,-6.119281045751618,https://nsearchives.nseindia.com/today/NIFTY1EQN.svg,https://nsearchives.nseindia.com/30d/NIFTY1-EQ.svg,https://nsearchives.nseindia.com/365d/NIFTY1-EQ.svg,EQ
MOMMIDCAP,BSE Midcap 150 Momentum 30 TRI,12.89,13,12.85,13,0.18,1.40,747696,9682663.2,12.8241,14.99,10.8,-,-,Infinity,-0.8390541571319561,12.82,0,0,-1.99,,21-Aug-2026,-,-0.8390541571319561,-,Infinity,13.275517011340895,-20.370370370370363,https://nsearchives.nseindia.com/today/MOMMIDCAPEQN.svg,https://nsearchives.nseindia.com/30d/MOMMIDCAP-EQ.svg,,EQ
EQUAL50ADD,NIFTY 50 Equal Weight Index,333,335.92,333,333.66,-0.68,-0.20,28426,9514466.46,333.7113,361,304.78,-,-,-0.5306463152873756,-3.242083285001726,334.34,0,-0.33,-3.55,22-Sep-2025,21-Aug-2026,-,-3.242083285001726,-,-0.5306463152873756,7.573407202216059,-9.475687381061768,https://nsearchives.nseindia.com/today/EQUAL50ADDEQN.svg,https://nsearchives.nseindia.com/30d/EQUAL50ADD-EQ.svg,https://nsearchives.nseindia.com/365d/EQUAL50ADD-EQ.svg,EQ
INFRABEES,Nifty Infra,933.17,940,933.15,935.4,3.76,0.40,10040,9426756.8,933.5844,1018.3,871.35,-,-,-1.569997474534901,-3.1777248732015364,931.64,0,-1.97,-3.91,22-Sep-2025,21-Aug-2026,-,-3.1777248732015364,-,-1.569997474534901,8.14101934596877,-7.350662764675498,https://nsearchives.nseindia.com/today/INFRABEESEQN.svg,https://nsearchives.nseindia.com/30d/INFRABEES-EQ.svg,https://nsearchives.nseindia.com/365d/INFRABEES-EQ.svg,EQ
MID150CASE,Zerodha Nifty Midcap 150 ETF,11.75,11.75,11.31,11.6,0.13,1.13,796587,9184648.11,11.4833,13,9.63,-,-,6.912442396313364,-1.6115351993214548,11.47,0,5.71,-2.55,22-Sep-2025,21-Aug-2026,-,-1.6115351993214548,-,6.912442396313364,10.769230769230772,-20.456905503634463,https://nsearchives.nseindia.com/today/MID150CASEEQN.svg,https://nsearchives.nseindia.com/30d/MID150CASE-EQ.svg,https://nsearchives.nseindia.com/365d/MID150CASE-EQ.svg,EQ
SBIETFQLTY,Nifty 200 Quality 30 Index,214.45,214.94,213.86,214.1,-0.09,-0.04,41166,8824343.76,213.7063,247.28,194,-,-,-5.64956812973735,-4.721641226469678,214.19,0,-5.61,-4.91,22-Sep-2025,21-Aug-2026,-,-4.721641226469678,-,-5.64956812973735,13.417987706243938,-10.360824742268038,https://nsearchives.nseindia.com/today/SBIETFQLTYEQN.svg,https://nsearchives.nseindia.com/30d/SBIETFQLTY-EQ.svg,https://nsearchives.nseindia.com/365d/SBIETFQLTY-EQ.svg,EQ
TOP100CASE,Zerodha Nifty 100 ETF,10.55,10.55,10.23,10.35,0.05,0.49,794199,8212017.66,10.2913,11.57,9.48,-,-,-4.343807763401115,-2.9080675422138884,10.3,0,-4.81,-3.38,22-Sep-2025,21-Aug-2026,-,-2.9080675422138884,-,-4.343807763401115,10.544511668107178,-9.177215189873408,https://nsearchives.nseindia.com/today/TOP100CASEEQN.svg,https://nsearchives.nseindia.com/30d/TOP100CASE-EQ.svg,https://nsearchives.nseindia.com/365d/TOP100CASE-EQ.svg,EQ
GROWWRAIL,Nifty India Railways PSU Index,27.2,27.27,27,27.09,-0.07,-0.26,297097,8057270.64,27.0931,36.75,26.4,-,-,-24.937655860349135,-5.576856047403281,27.16,0,-24.74,-5.56,22-Sep-2025,21-Aug-2026,-,-5.576856047403281,-,-24.937655860349135,26.285714285714285,-2.6136363636363686,https://nsearchives.nseindia.com/today/GROWWRAILEQN.svg,https://nsearchives.nseindia.com/30d/GROWWRAIL-EQ.svg,https://nsearchives.nseindia.com/365d/GROWWRAIL-EQ.svg,EQ
MONIFTY500,Motilal Oswal Nifty 500 ETF,24.02,24.02,23.38,23.46,0.02,0.09,342348,8048601.48,23.3355,28.28,20.75,-,-,-1.6352201257861658,-2.33139050791007,23.44,0,-1.72,-2.05,22-Sep-2025,21-Aug-2026,-,-2.33139050791007,-,-1.6352201257861658,17.04384724186704,-13.060240963855428,https://nsearchives.nseindia.com/today/MONIFTY500EQN.svg,https://nsearchives.nseindia.com/30d/MONIFTY500-EQ.svg,https://nsearchives.nseindia.com/365d/MONIFTY500-EQ.svg,EQ
AUTOIETF,Nifty Auto Index,28.89,28.89,28.02,28.31,0.12,0.43,284070,8002251.9,28.0845,31.46,24.2,01-MAR-24,FACE VALUE SPLIT (SUB-DIVISION) - FROM RS 10/- PER SHARE TO RE 1/- PER SHARE,1.2880143112701232,-6.009296148738387,28.19,0,0.86,-6.78,22-Sep-2025,21-Aug-2026,FACE VALUE SPLIT (SUB-DIVISION) - FROM RS 10/- PER SHARE TO RE 1/- PER SHARE,-6.009296148738387,01-MAR-24,1.2880143112701232,10.01271455816911,-16.983471074380162,https://nsearchives.nseindia.com/today/AUTOIETFEQN.svg,https://nsearchives.nseindia.com/30d/AUTOIETF-EQ.svg,https://nsearchives.nseindia.com/365d/AUTOIETF-EQ.svg,EQ
QGOLDHALF,Gold,125.39,125.72,124.95,124.98,-0.22,-0.18,61667,7720708.4,125.1794,149.69,90.75,16-DEC-21, FACE VALUE SPLIT (SUB-DIVISION) - FROM RS 100 PER SHARE TO RS 2 PER SHARE,34.27159432746026,-6.332908641235106,125.2,0,34.51,-4.9,22-Sep-2025,21-Aug-2026, FACE VALUE SPLIT (SUB-DIVISION) - FROM RS 100 PER SHARE TO RS 2 PER SHARE,-6.332908641235106,16-DEC-21,34.27159432746026,16.507448727369894,-37.719008264462815,https://nsearchives.nseindia.com/today/QGOLDHALFEQN.svg,https://nsearchives.nseindia.com/30d/QGOLDHALF-EQ.svg,https://nsearchives.nseindia.com/365d/QGOLDHALF-EQ.svg,EQ
CHEMICAL,Nifty Chemicals Index (TRI),29.66,29.79,29.48,29.66,0.21,0.71,260675,7715980,29.538,31.8,24.5,-,-,Infinity,-1.363485201197207,29.45,0,0,-2.61,,21-Aug-2026,-,-1.363485201197207,-,Infinity,6.729559748427675,-21.06122448979592,https://nsearchives.nseindia.com/today/CHEMICALEQN.svg,https://nsearchives.nseindia.com/30d/CHEMICAL-EQ.svg,,EQ
GILT5YBEES,Nifty 5 yr Benchmark G-Sec Index,65.9,66.31,65.9,66.1,0.18,0.27,107350,7092614.5,66.0327,69,61.45,-,-,5.054036872218679,-0.09068923821040248,65.92,0,4.77,-0.36,22-Sep-2025,21-Aug-2026,-,-0.09068923821040248,-,5.054036872218679,4.202898550724646,-7.567127746135055,https://nsearchives.nseindia.com/today/GILT5YBEESEQN.svg,https://nsearchives.nseindia.com/30d/GILT5YBEES-EQ.svg,https://nsearchives.nseindia.com/365d/GILT5YBEES-EQ.svg,EQ
OILIETF,Nifty Oil & Gas Index,11.13,11.2,11.12,11.18,0.06,0.54,621242,6933060.72,11.1385,14,9.8,-,-,-2.951388888888888,-1.3239187996469581,11.12,0,-3.47,-1.77,22-Sep-2025,21-Aug-2026,-,-1.3239187996469581,-,-2.951388888888888,20.142857142857142,-14.081632653061211,https://nsearchives.nseindia.com/today/OILIETFEQN.svg,https://nsearchives.nseindia.com/30d/OILIETF-EQ.svg,https://nsearchives.nseindia.com/365d/OILIETF-EQ.svg,EQ
SELECTIPO,BSE Select IPO Index,48.85,49.11,48.72,49.07,0.23,0.47,141493,6921837.56,48.8107,52.07,37.8,-,-,-2.1730462519936133,0.3271314659578894,48.84,0,-2.63,0,22-Sep-2025,21-Aug-2026,-,0.3271314659578894,-,-2.1730462519936133,5.761474937584022,-29.814814814814824,https://nsearchives.nseindia.com/today/SELECTIPOEQN.svg,https://nsearchives.nseindia.com/30d/SELECTIPO-EQ.svg,https://nsearchives.nseindia.com/365d/SELECTIPO-EQ.svg,EQ
GROWWMETAL,Nifty Metal Index,12.36,12.67,12.36,12.54,0.18,1.46,542690,6821613.3,12.3828,13.45,10.03,-,-,Infinity,-1.4150943396226532,12.36,0,0,-0.8,,21-Aug-2026,-,-1.4150943396226532,-,Infinity,6.765799256505578,-25.024925224327017,https://nsearchives.nseindia.com/today/GROWWMETALEQN.svg,https://nsearchives.nseindia.com/30d/GROWWMETAL-EQ.svg,,EQ
MOMENTUM30,Nifty 200 Momentum 30 Index,30.87,30.87,30.14,30.6,-0.33,-1.07,215721,6581647.71,30.295,37.38,26.91,-,-,Infinity,-1.1947045527930173,30.93,0,0,-0.1,,21-Aug-2026,-,-1.1947045527930173,-,Infinity,18.138041733547354,-13.712374581939804,https://nsearchives.nseindia.com/today/MOMENTUM30EQN.svg,https://nsearchives.nseindia.com/30d/MOMENTUM30-EQ.svg,,EQ
GROWWHOSPI,BSE Hospitals Index,52.85,53.5,52.44,53.35,0.5,0.95,121823,6459055.46,52.6621,62,43.35,-,-,Infinity,3.351414180550182,52.85,0,0,2.05,,21-Aug-2026,-,3.351414180550182,-,Infinity,13.951612903225804,-23.06805074971165,https://nsearchives.nseindia.com/today/GROWWHOSPIEQN.svg,https://nsearchives.nseindia.com/30d/GROWWHOSPI-EQ.svg,,EQ
GROWWEV,Nifty EV and New Age Automotive Index,31.41,31.75,31.3,31.58,0.17,0.54,202614,6390445.56,31.5264,34.64,26.2,-,-,-0.4413619167717546,-5.307346326836591,31.41,0,-0.98,-5.96,22-Sep-2025,21-Aug-2026,-,-5.307346326836591,-,-0.4413619167717546,8.833718244803702,-20.534351145038165,https://nsearchives.nseindia.com/today/GROWWEVEQN.svg,https://nsearchives.nseindia.com/30d/GROWWEV-EQ.svg,https://nsearchives.nseindia.com/365d/GROWWEV-EQ.svg,EQ
NIFTYBETA,Nifty 50,260.23,260.8,259.21,260.6,1.27,0.49,23982,6242274.78,258.9509,297.48,244.9,25-SEP-23,FACE VALUE SPLIT (SUB-DIVISION) - FROM RS 10/- PER SHARE TO RE 1/- PER SHARE,Infinity,-3.003684817806228,259.33,0,0,-3.54,,21-Aug-2026,FACE VALUE SPLIT (SUB-DIVISION) - FROM RS 10/- PER SHARE TO RE 1/- PER SHARE,-3.003684817806228,25-SEP-23,Infinity,12.397472098964634,-6.410779910167423,https://nsearchives.nseindia.com/today/NIFTYBETAEQN.svg,https://nsearchives.nseindia.com/30d/NIFTYBETA-EQ.svg,,EQ
TNIDETF,Nifty India Digital Index,88.58,88.98,88,88,-0.6,-0.68,67844,6014370.6,89.3781,103.26,74.5,-,-,-7.397663895611913,-2.891193996910179,88.6,0,-6.77,-2.42,22-Sep-2025,21-Aug-2026,-,-2.891193996910179,-,-7.397663895611913,14.7782297114081,-18.120805369127517,https://nsearchives.nseindia.com/today/TNIDETFEQN.svg,https://nsearchives.nseindia.com/30d/TNIDETF-EQ.svg,https://nsearchives.nseindia.com/365d/TNIDETF-EQ.svg,EQ
PSUBNKIETF,ICICI Prudential Nifty PSU Bank ETF,83.66,84.85,83.56,84.32,0.66,0.79,70415,5954292.4,83.9105,104,73,-,-,13.318102405590642,-2.4525682554373027,83.66,0,12.43,-3.54,22-Sep-2025,21-Aug-2026,-,-2.4525682554373027,-,13.318102405590642,18.92307692307693,-15.506849315068484,https://nsearchives.nseindia.com/today/PSUBNKIETFEQN.svg,https://nsearchives.nseindia.com/30d/PSUBNKIETF-EQ.svg,https://nsearchives.nseindia.com/365d/PSUBNKIETF-EQ.svg,EQ
HDFCMID150,HDFC NIFTY Midcap 150 ETF,23.2,23.29,23.14,23.29,0.13,0.56,250079,5804333.59,23.0891,25.2,19.42,20-OCT-23,FACE VALUE SPLIT (SUB-DIVISION) - FROM RS 115.95/- PER SHARE TO RS 11.59/- PER SHARE,5.767484105358763,-1.854193004635488,23.16,0,5.18,-2.2,22-Sep-2025,21-Aug-2026,FACE VALUE SPLIT (SUB-DIVISION) - FROM RS 115.95/- PER SHARE TO RS 11.59/- PER SHARE,-1.854193004635488,20-OCT-23,5.767484105358763,7.57936507936508,-19.927909371781656,https://nsearchives.nseindia.com/today/HDFCMID150EQN.svg,https://nsearchives.nseindia.com/30d/HDFCMID150-EQ.svg,https://nsearchives.nseindia.com/365d/HDFCMID150-EQ.svg,EQ
CONSUMBEES,Nifty India Consumption TRI,128.92,128.96,128.18,128.9,0.67,0.52,44163,5682011.58,128.1389,144.38,114,-,-,-7.079008073817757,-3.4746143477609603,128.23,0,-7.56,-4.29,22-Sep-2025,21-Aug-2026,-,-3.4746143477609603,-,-7.079008073817757,10.721706607563368,-13.070175438596495,https://nsearchives.nseindia.com/today/CONSUMBEESEQN.svg,https://nsearchives.nseindia.com/30d/CONSUMBEES-EQ.svg,https://nsearchives.nseindia.com/365d/CONSUMBEES-EQ.svg,EQ
FINIETF,ICICI Prudential Nifty Financial Services Ex-Bank ETF,32.25,32.42,32.16,32.27,0.27,0.84,173757,5612351.1,32.0378,34.56,27.4,-,-,5.182529335071719,-3.2963739886125096,32,0,4.3,-4.53,22-Sep-2025,21-Aug-2026,-,-3.2963739886125096,-,5.182529335071719,6.626157407407405,-17.773722627737243,https://nsearchives.nseindia.com/today/FINIETFEQN.svg,https://nsearchives.nseindia.com/30d/FINIETF-EQ.svg,https://nsearchives.nseindia.com/365d/FINIETF-EQ.svg,EQ
LIQUIDSBI,SBI NIFTY 1D Rate ETF,999.99,1000.01,999.99,1000.01,0,0.00,5571,5570944.29,1000,1010.02,970.23,-,-,0.0009999999999990906,0.002000020000198183,1000.01,0,0,0,22-Sep-2025,21-Aug-2026,-,0.002000020000198183,-,0.0009999999999990906,0.9910694837725976,-3.0693753027632593,https://nsearchives.nseindia.com/today/LIQUIDSBIEQN.svg,https://nsearchives.nseindia.com/30d/LIQUIDSBI-EQ.svg,https://nsearchives.nseindia.com/365d/LIQUIDSBI-EQ.svg,EQ
EGOLD,Edelweiss Gold ETF,151.5,151.75,150.45,150.45,-0.65,-0.43,36665,5538248.25,150.9353,184.95,110.9,-,-,33.67392270102176,-6.4365671641791184,151.1,0,34.25,-4.67,22-Sep-2025,21-Aug-2026,-,-6.4365671641791184,-,33.67392270102176,18.653690186536902,-35.662759242560846,https://nsearchives.nseindia.com/today/EGOLDEQN.svg,https://nsearchives.nseindia.com/30d/EGOLD-EQ.svg,https://nsearchives.nseindia.com/365d/EGOLD-EQ.svg,EQ
EBBETF0433,BHARAT Bond ETF-April 2033,1305,1312,1303,1312,9.2,0.71,4211,5506345.71,1304.6262,1350.32,1243.25,-,-,4.8551448551448555,-0.24785973875887587,1302.8,0,4.12,-1.13,22-Sep-2025,21-Aug-2026,-,-0.24785973875887587,-,4.8551448551448555,2.8378458439480965,-5.529861250754072,https://nsearchives.nseindia.com/today/EBBETF0433EQN.svg,https://nsearchives.nseindia.com/30d/EBBETF0433-EQ.svg,https://nsearchives.nseindia.com/365d/EBBETF0433-EQ.svg,EQ
ESILVER,Edelweiss Silver ETF,230.1,233.55,229.25,229.93,0.33,0.14,23457,5418097.86,230.7423,375,131.3,-,-,71.92313443995812,-5.030771137086451,229.6,0,71.68,-5.79,22-Sep-2025,21-Aug-2026,-,-5.030771137086451,-,71.92313443995812,38.68533333333333,-75.1180502665651,https://nsearchives.nseindia.com/today/ESILVEREQN.svg,https://nsearchives.nseindia.com/30d/ESILVER-EQ.svg,https://nsearchives.nseindia.com/365d/ESILVER-EQ.svg,EQ
LICMFGOLD,Gold,136.55,136.9,135.6,136,0.2,0.15,39754,5418072.66,,162,99.85,06-MAR-26,FACE VALUE SPLIT (SUB-DIVISION) - FROM RS 100/- PER SHARE TO RE 1/- PER SHARE,-98.65635219380144,-5.914908336215849,135.8,0,-98.66,-4.74,22-Sep-2025,21-Aug-2026,FACE VALUE SPLIT (SUB-DIVISION) - FROM RS 100/- PER SHARE TO RE 1/- PER SHARE,-5.914908336215849,06-MAR-26,-98.65635219380144,16.049382716049383,-36.20430645968954,https://nsearchives.nseindia.com/today/LICMFGOLDEQN.svg,https://nsearchives.nseindia.com/30d/LICMFGOLD-EQ.svg,https://nsearchives.nseindia.com/365d/LICMFGOLD-EQ.svg,EQ
PSUBANK,Nifty PSU Bank,82.57,83.82,82.57,83.18,0.52,0.63,63408,5292665.76,82.8032,101,72.41,10-JUL-26,FACE VALUE SPLIT (SUB-DIVISION) - FROM RS 10/- PER UNIT TO RE 1/- PER UNIT,-88.72670597004812,-2.553889409559504,82.66,0,-88.8,-4.01,22-Sep-2025,21-Aug-2026,FACE VALUE SPLIT (SUB-DIVISION) - FROM RS 10/- PER UNIT TO RE 1/- PER UNIT,-2.553889409559504,10-JUL-26,-88.72670597004812,17.643564356435636,-14.873636238088675,https://nsearchives.nseindia.com/today/PSUBANKEQN.svg,https://nsearchives.nseindia.com/30d/PSUBANK-EQ.svg,https://nsearchives.nseindia.com/365d/PSUBANK-EQ.svg,EQ
MOENERGY,Nifty Energy Index,38.1,38.29,37.86,38,0.09,0.24,136700,5186398,37.9622,43,33,-,-,Infinity,-0.9900990099009968,37.91,0,0,-1.17,,21-Aug-2026,-,-0.9900990099009968,-,Infinity,11.627906976744185,-15.151515151515152,https://nsearchives.nseindia.com/today/MOENERGYEQN.svg,https://nsearchives.nseindia.com/30d/MOENERGY-EQ.svg,,EQ
MOVALUE,Motilal Oswal S&P BSE Enhanced Value ETF,110.44,112.23,110.4,111.9,1.46,1.32,45664,5088796.16,110.7975,128.77,100.6,-,-,6.846175880836438,-1.034757230034481,110.44,0,5.45,-2.16,22-Sep-2025,21-Aug-2026,-,-1.034757230034481,-,6.846175880836438,13.100877533587019,-11.232604373757468,https://nsearchives.nseindia.com/today/MOVALUEEQN.svg,https://nsearchives.nseindia.com/30d/MOVALUE-EQ.svg,https://nsearchives.nseindia.com/365d/MOVALUE-EQ.svg,EQ
MOSILVER,Domestic Price of Physical Silver,231.2,231.2,227.32,227.32,-0.39,-0.17,21615,4962587.85,228.3809,385,129.51,-,-,68.79780203460311,-5.081631800910274,227.71,0,69.09,-5.12,22-Sep-2025,21-Aug-2026,-,-5.081631800910274,-,68.79780203460311,40.955844155844154,-75.52312562736469,https://nsearchives.nseindia.com/today/MOSILVEREQN.svg,https://nsearchives.nseindia.com/30d/MOSILVER-EQ.svg,https://nsearchives.nseindia.com/365d/MOSILVER-EQ.svg,EQ
BANKADD,DSP Nifty Bank ETF,57.82,58.08,57.78,58.08,0.4,0.69,85517,4962551.51,57.6292,62.9,51.01,-,-,Infinity,-1.3419398675046699,57.68,0,0,-2.2,,21-Aug-2026,-,-1.3419398675046699,-,Infinity,7.66295707472178,-13.860027445598902,https://nsearchives.nseindia.com/today/BANKADDEQN.svg,https://nsearchives.nseindia.com/30d/BANKADD-EQ.svg,,EQ
GROWWNIFTY,Nifty 50 Index - TRI,9.47,9.58,9.41,9.53,0.06,0.63,521396,4942834.08,9.4369,11.88,8.93,-,-,-5.643564356435647,-2.75510204081634,9.47,0,-6.24,-3.47,22-Sep-2025,21-Aug-2026,-,-2.75510204081634,-,-5.643564356435647,19.781144781144793,-6.7189249720044755,https://nsearchives.nseindia.com/today/GROWWNIFTYEQN.svg,https://nsearchives.nseindia.com/30d/GROWWNIFTY-EQ.svg,https://nsearchives.nseindia.com/365d/GROWWNIFTY-EQ.svg,EQ
MOOILGAS,Nifty Oil & Gas ETF Total Return Index,11.37,11.37,10.95,11.06,-0.45,-3.91,444509,4920714.63,10.9742,12.15,10.79,-,-,Infinity,-1.338090990187336,11.51,0,0,3.51,,21-Aug-2026,-,-1.338090990187336,-,Infinity,8.971193415637858,-2.502316960148298,https://nsearchives.nseindia.com/today/MOOILGASEQN.svg,https://nsearchives.nseindia.com/30d/MOOILGAS-EQ.svg,,EQ
TWCGOLDETF,Commodity,151,151.68,149.82,150.53,-0.04,-0.03,32309,4862827.59,150.2934,187.98,123.31,-,-,Infinity,-6.024472468472971,150.57,0,0,-4.85,,21-Aug-2026,-,-6.024472468472971,-,Infinity,19.92233216299606,-22.074446516908605,https://nsearchives.nseindia.com/today/TWCGOLDETFEQN.svg,https://nsearchives.nseindia.com/30d/TWCGOLDETF-EQ.svg,,EQ
EBBETF0430,Nifty BHARAT Bond,1611.25,1611.25,1607.15,1610.49,2.26,0.14,2994,4818992.7,1611.8093,1646.18,1510.35,-,-,4.946630348368941,0.1355460079213624,1608.23,0,4.8,-0.17,22-Sep-2025,21-Aug-2026,-,0.1355460079213624,-,4.946630348368941,2.168049666500629,-6.630251266262794,https://nsearchives.nseindia.com/today/EBBETF0430EQN.svg,https://nsearchives.nseindia.com/30d/EBBETF0430-EQ.svg,https://nsearchives.nseindia.com/365d/EBBETF0430-EQ.svg,EQ
MOMOMENTUM,Nifty 200 Momentum 30 Total Return Index,60.09,61.97,60.09,61.69,0.37,0.60,74495,4596341.5,61.3286,66.28,54.32,11-AUG-22,FACE VALUE SPLIT (SUB-DIVISION) - FROM RS 10/- PER UNIT TO RS 2/- PER UNIT,-1.7675159235668783,-1.4064248042192784,61.32,0,-2.36,-1.73,22-Sep-2025,21-Aug-2026,FACE VALUE SPLIT (SUB-DIVISION) - FROM RS 10/- PER UNIT TO RS 2/- PER UNIT,-1.4064248042192784,11-AUG-22,-1.7675159235668783,6.9251659625829864,-13.567746686303384,https://nsearchives.nseindia.com/today/MOMOMENTUMEQN.svg,https://nsearchives.nseindia.com/30d/MOMOMENTUM-EQ.svg,https://nsearchives.nseindia.com/365d/MOMOMENTUM-EQ.svg,EQ
GROWWNET,Index,11.21,11.57,11.05,11.19,0.08,0.72,402523,4480080.99,11.0854,11.57,7.93,-,-,2.5664527956003607,3.6111111111110996,11.11,0,1.83,3.25,22-Sep-2025,21-Aug-2026,-,3.6111111111110996,-,2.5664527956003607,3.284356093344864,-41.10970996216898,https://nsearchives.nseindia.com/today/GROWWNETEQN.svg,https://nsearchives.nseindia.com/30d/GROWWNET-EQ.svg,https://nsearchives.nseindia.com/365d/GROWWNET-EQ.svg,EQ
LTGILTCASE,Nifty 8-13 Yr G-Sec Index,30.5,30.5,30.3,30.37,0.02,0.07,146167,4442015.13,30.3656,31.31,28.71,-,-,3.2290958531611125,-0.5566470203012382,30.35,0,3.16,-0.65,22-Sep-2025,21-Aug-2026,-,-0.5566470203012382,-,3.2290958531611125,3.002235707441705,-5.781957506095437,https://nsearchives.nseindia.com/today/LTGILTCASEEQN.svg,https://nsearchives.nseindia.com/30d/LTGILTCASE-EQ.svg,https://nsearchives.nseindia.com/365d/LTGILTCASE-EQ.svg,EQ
HDFCNIFIT,HDFC NIFTY IT ETF,30.97,30.97,30.1,30.15,-0.34,-1.12,145162,4404215.08,30.5598,42.3,27.32,02-FEB-24,FACE VALUE SPLIT (SUB-DIVISION) - FROM RS 299.92/- PER SHARE TO RS 29.992/- PER SHARE,-19.016921837228036,-7.515337423312892,30.49,0,-18.1,-6.64,22-Sep-2025,21-Aug-2026,FACE VALUE SPLIT (SUB-DIVISION) - FROM RS 299.92/- PER SHARE TO RS 29.992/- PER SHARE,-7.515337423312892,02-FEB-24,-19.016921837228036,28.723404255319146,-10.358711566617856,https://nsearchives.nseindia.com/today/HDFCNIFITEQN.svg,https://nsearchives.nseindia.com/30d/HDFCNIFIT-EQ.svg,https://nsearchives.nseindia.com/365d/HDFCNIFIT-EQ.svg,EQ
NEXT50BETA,Nifty Next 50,77.65,78.41,77.3,77.91,0.64,0.83,54728,4270425.84,77.6371,82.51,64.34,25-MAR-21, FACE VALUE SPLIT (SUB-DIVISION) - FROM RS 10/- PER UNIT TO Re 1/- PER UNIT,Infinity,-2.4417731029301315,77.27,0,0,-2.99,,21-Aug-2026, FACE VALUE SPLIT (SUB-DIVISION) - FROM RS 10/- PER UNIT TO Re 1/- PER UNIT,-2.4417731029301315,25-MAR-21,Infinity,5.575081808265675,-21.09107864470002,https://nsearchives.nseindia.com/today/NEXT50BETAEQN.svg,https://nsearchives.nseindia.com/30d/NEXT50BETA-EQ.svg,,EQ
BNKETFAXIS,Nifty Bank,581.68,584.85,581.67,584.85,4.67,0.80,7242,4229690.1,580.3769,647.82,512.51,-,-,Infinity,-1.4541349329379247,580.18,0,0,-2.61,,21-Aug-2026,-,-1.4541349329379247,-,Infinity,9.7202926738909,-14.114846539579723,https://nsearchives.nseindia.com/today/BNKETFAXISEQN.svg,https://nsearchives.nseindia.com/30d/BNKETFAXIS-EQ.svg,,EQ
NPBET,Nifty Private Bank Index,285.11,285.64,284,284,-0.26,-0.09,14232,4041888,283.1114,307,246.26,-,-,2.073823814829451,-0.38233540285522993,284.26,0,2.17,-0.61,22-Sep-2025,21-Aug-2026,-,-0.38233540285522993,-,2.073823814829451,7.49185667752443,-15.32526597904654,https://nsearchives.nseindia.com/today/NPBETEQN.svg,https://nsearchives.nseindia.com/30d/NPBET-EQ.svg,https://nsearchives.nseindia.com/365d/NPBET-EQ.svg,EQ
SENSEXIETF,SENSEX,869.49,869.49,859.11,860.51,0.02,0.00,4511,3885279.19,857.8598,999.84,731,-,-,-8.280750373054792,-3.37102624279923,860.49,0,-8.28,-3.79,22-Sep-2025,21-Aug-2026,-,-3.37102624279923,-,-8.280750373054792,13.935229636741882,-17.716826265389876,https://nsearchives.nseindia.com/today/SENSEXIETFEQN.svg,https://nsearchives.nseindia.com/30d/SENSEXIETF-EQ.svg,https://nsearchives.nseindia.com/365d/SENSEXIETF-EQ.svg,EQ
NIFTYCASE,Nifty Index 50 Index,9.62,9.62,9.3,9.42,0.03,0.32,412050,3877390.5,9.3763,11.61,8.84,-,-,Infinity,-2.9866117404737476,9.39,0,0,-3.49,,21-Aug-2026,-,-2.9866117404737476,-,Infinity,18.86304909560723,-6.561085972850679,https://nsearchives.nseindia.com/today/NIFTYCASEEQN.svg,https://nsearchives.nseindia.com/30d/NIFTYCASE-EQ.svg,,EQ
ALPHAETF,Mirae Asset Nifty 200 Alpha 30 ETF,26.42,26.52,26.22,26.52,0.39,1.49,140875,3724735,26.2082,27.61,21.8,-,-,4.532912889239253,-1.2290502793296159,26.13,0,3,-2.17,22-Sep-2025,21-Aug-2026,-,-1.2290502793296159,-,4.532912889239253,3.947844983701557,-21.651376146788984,https://nsearchives.nseindia.com/today/ALPHAETFEQN.svg,https://nsearchives.nseindia.com/30d/ALPHAETF-EQ.svg,https://nsearchives.nseindia.com/365d/ALPHAETF-EQ.svg,EQ
MIDSELIETF,S&P BSE Midcap Select Index,19.78,19.9,19.61,19.87,0.22,1.12,186250,3672850,19.6241,20.39,14.55,10-MAY-24,FACE VALUE SPLIT (SUB-DIVISION) - FROM RS 10/- PER SHARE TO RE 1/- PER SHARE,11.629213483146069,-0.5505505505505477,19.65,0,10.39,-1.9,22-Sep-2025,21-Aug-2026,FACE VALUE SPLIT (SUB-DIVISION) - FROM RS 10/- PER SHARE TO RE 1/- PER SHARE,-0.5505505505505477,10-MAY-24,11.629213483146069,2.550269740068659,-36.56357388316151,https://nsearchives.nseindia.com/today/MIDSELIETFEQN.svg,https://nsearchives.nseindia.com/30d/MIDSELIETF-EQ.svg,https://nsearchives.nseindia.com/365d/MIDSELIETF-EQ.svg,EQ
MIDSMALL,Mirae Asset Nifty MidSmallcap400 Momentum Quality 100 ETF,51.15,51.6,51.15,51.6,0.46,0.90,69229,3562524.34,51.1991,53.07,42.41,-,-,4.5592705167173255,-1.3006885998469773,51.14,0,3.63,-2.2,22-Sep-2025,21-Aug-2026,-,-1.3006885998469773,-,4.5592705167173255,2.769926512153757,-21.669417590191006,https://nsearchives.nseindia.com/today/MIDSMALLEQN.svg,https://nsearchives.nseindia.com/30d/MIDSMALL-EQ.svg,https://nsearchives.nseindia.com/365d/MIDSMALL-EQ.svg,EQ
AONESILVER,Domestic price of Silver,8.93,8.98,8.78,8.81,0.01,0.11,396315,3519277.2,8.8958,12,7.43,-,-,Infinity,-4.756756756756752,8.8,0,0,-4.97,,21-Aug-2026,-,-4.756756756756752,-,Infinity,26.58333333333333,-18.57335127860028,https://nsearchives.nseindia.com/today/AONESILVEREQN.svg,https://nsearchives.nseindia.com/30d/AONESILVER-EQ.svg,,EQ
GROWWCAPM,Nifty Capital Markets Index,11.19,11.39,11.07,11.29,0.13,1.16,311014,3502017.64,11.141,12.66,8.02,-,-,Infinity,-2.0815264527320054,11.16,0,0,-2.28,,21-Aug-2026,-,-2.0815264527320054,-,Infinity,10.821484992101114,-40.773067331670816,https://nsearchives.nseindia.com/today/GROWWCAPMEQN.svg,https://nsearchives.nseindia.com/30d/GROWWCAPM-EQ.svg,,EQ
EVIETF,Nifty EV & New Age Automotive ETF,31.75,31.97,31.6,31.9,0.21,0.66,109988,3491019.12,31.6069,36,26.28,-,-,0.3775959723096206,-4.804535959415099,31.69,0,-0.28,-5.94,22-Sep-2025,21-Aug-2026,-,-4.804535959415099,-,0.3775959723096206,11.388888888888893,-21.38508371385083,https://nsearchives.nseindia.com/today/EVIETFEQN.svg,https://nsearchives.nseindia.com/30d/EVIETF-EQ.svg,https://nsearchives.nseindia.com/365d/EVIETF-EQ.svg,EQ
NIF100IETF,Nifty 100,26.56,27.48,26.56,27.35,0.1,0.37,126599,3471344.58,27.3297,30.88,23,10-MAY-24,FACE VALUE SPLIT (SUB-DIVISION) - FROM RS 10/- PER SHARE TO RE 1/- PER SHARE,-5.133541449878588,-3.391027905333795,27.25,0,-5.48,-3.78,22-Sep-2025,21-Aug-2026,FACE VALUE SPLIT (SUB-DIVISION) - FROM RS 10/- PER SHARE TO RE 1/- PER SHARE,-3.391027905333795,10-MAY-24,-5.133541449878588,11.431347150259061,-18.913043478260875,https://nsearchives.nseindia.com/today/NIF100IETFEQN.svg,https://nsearchives.nseindia.com/30d/NIF100IETF-EQ.svg,https://nsearchives.nseindia.com/365d/NIF100IETF-EQ.svg,EQ
AONEGOLD,Domestic price of Gold,14.25,14.27,14.06,14.11,0,0.00,234977,3317875.24,14.1795,17.73,10.22,-,-,34.63740458015266,-6.058588548601866,14.11,0,34.64,-4.6,22-Sep-2025,21-Aug-2026,-,-6.058588548601866,-,34.63740458015266,20.417371686407225,-38.062622309197636,https://nsearchives.nseindia.com/today/AONEGOLDEQN.svg,https://nsearchives.nseindia.com/30d/AONEGOLD-EQ.svg,https://nsearchives.nseindia.com/365d/AONEGOLD-EQ.svg,EQ
SILVER360,Commodity-Silver,227.1,229.5,226.25,226.86,0.52,0.23,14263,3254959.23,227.3502,358,129.39,-,-,71.68154987134861,-4.768701200570895,226.34,0,71.29,-5.14,22-Sep-2025,21-Aug-2026,-,-4.768701200570895,-,71.68154987134861,36.63128491620111,-75.33039647577097,https://nsearchives.nseindia.com/today/SILVER360EQN.svg,https://nsearchives.nseindia.com/30d/SILVER360-EQ.svg,https://nsearchives.nseindia.com/365d/SILVER360-EQ.svg,EQ
MAKEINDIA,Nifty India Manufacturing Total Return Index,161.92,163.13,161.75,163,1.35,0.84,19962,3248416.26,161.7576,173.11,140.12,-,-,6.043848806193476,-2.935747037456087,161.65,0,5.17,-3.64,22-Sep-2025,21-Aug-2026,-,-2.935747037456087,-,6.043848806193476,5.840217202934558,-16.328860976306018,https://nsearchives.nseindia.com/today/MAKEINDIAEQN.svg,https://nsearchives.nseindia.com/30d/MAKEINDIA-EQ.svg,https://nsearchives.nseindia.com/365d/MAKEINDIA-EQ.svg,EQ
PSUBANKADD,DSP Nifty PSU Bank ETF,83.84,84.65,83.84,84.32,1.12,1.35,37270,3145215.3,83.6621,99.88,72.8,-,-,13.623500875892738,-2.203665042913484,83.2,0,12.11,-4,22-Sep-2025,21-Aug-2026,-,-2.203665042913484,-,13.623500875892738,15.578694433319987,-15.824175824175818,https://nsearchives.nseindia.com/today/PSUBANKADDEQN.svg,https://nsearchives.nseindia.com/30d/PSUBANKADD-EQ.svg,https://nsearchives.nseindia.com/365d/PSUBANKADD-EQ.svg,EQ
HDFCPVTBAN,HDFC NIFTY Private Bank ETF,28.01,28.05,27.86,28,0.12,0.43,111094,3103966.36,27.8488,30.17,24.31,02-FEB-24,FACE VALUE SPLIT (SUB-DIVISION) - FROM RS 216.75/- PER SHARE TO RS 21.675/- PER SHARE,2.4515184778631602,0.07147962830593128,27.88,0,2.01,-0.82,22-Sep-2025,21-Aug-2026,FACE VALUE SPLIT (SUB-DIVISION) - FROM RS 216.75/- PER SHARE TO RS 21.675/- PER SHARE,0.07147962830593128,02-FEB-24,2.4515184778631602,7.192575406032488,-15.17893870835048,https://nsearchives.nseindia.com/today/HDFCPVTBANEQN.svg,https://nsearchives.nseindia.com/30d/HDFCPVTBAN-EQ.svg,https://nsearchives.nseindia.com/365d/HDFCPVTBAN-EQ.svg,EQ
MIDCAP,Nifty Midcap 50 Index,18.39,18.49,18.26,18.26,0.04,0.22,166823,3052860.9,18.2736,19.27,15.01,27-FEB-26,FACE VALUE SPLIT (SUB-DIVISION) - FROM RS 10/- PER SHARE TO RE 1/- PER SHARE,-89.15483756013542,-2.457264957264943,18.22,0,-89.18,-2.62,22-Sep-2025,21-Aug-2026,FACE VALUE SPLIT (SUB-DIVISION) - FROM RS 10/- PER SHARE TO RE 1/- PER SHARE,-2.457264957264943,27-FEB-26,-89.15483756013542,5.2413077322262485,-21.652231845436386,https://nsearchives.nseindia.com/today/MIDCAPEQN.svg,https://nsearchives.nseindia.com/30d/MIDCAP-EQ.svg,https://nsearchives.nseindia.com/365d/MIDCAP-EQ.svg,EQ
ABSLLIQUID,Aditya Birla Sun Life CRISIL Overnight Fund AI ETF,1000,1000.01,999.99,1000.01,0.01,0.00,3042,3042000,1000,1044.99,975,-,-,0.002000020000198183,0.0009999999999990906,1000,0,0,0,22-Sep-2025,21-Aug-2026,-,0.0009999999999990906,-,0.002000020000198183,4.304347410023064,-2.5651282051282043,https://nsearchives.nseindia.com/today/ABSLLIQUIDEQN.svg,https://nsearchives.nseindia.com/30d/ABSLLIQUID-EQ.svg,https://nsearchives.nseindia.com/365d/ABSLLIQUID-EQ.svg,EQ
SBIMIDMOM,Nifty Midcap 150 Momentum 50 Index,63.64,63.69,63.04,63.61,0.6,0.95,45297,2877265.44,62.9621,67.74,53.86,-,-,Infinity,-0.3290504544030098,63.01,0,0,-1.39,,21-Aug-2026,-,-0.3290504544030098,-,Infinity,6.096840862119864,-18.102487931674712,https://nsearchives.nseindia.com/today/SBIMIDMOMEQN.svg,https://nsearchives.nseindia.com/30d/SBIMIDMOM-EQ.svg,,EQ
MOHEALTH,Motilal Oswal S&P BSE Healthcare ETF,53.17,53.17,52.6,52.68,0.03,0.06,54326,2874388.66,52.4945,53.89,40.79,-,-,15.55165606492651,2.8103044496487075,52.65,0,15.49,2.43,22-Sep-2025,21-Aug-2026,-,2.8103044496487075,-,15.55165606492651,2.2453145295973296,-29.149301299338074,https://nsearchives.nseindia.com/today/MOHEALTHEQN.svg,https://nsearchives.nseindia.com/30d/MOHEALTH-EQ.svg,https://nsearchives.nseindia.com/365d/MOHEALTH-EQ.svg,EQ
HDFCSENSEX,SENSEX,85.18,85.23,84.54,84.54,-0.26,-0.31,31734,2693899.26,84.6349,98.48,78.44,02-FEB-24,FACE VALUE SPLIT (SUB-DIVISION) - FROM RS 250.361/- PER SHARE TO RS 25.0361/- PER SHARE,-8.427209705372602,-3.537197626654489,84.8,0,-8.15,-3.54,22-Sep-2025,21-Aug-2026,FACE VALUE SPLIT (SUB-DIVISION) - FROM RS 250.361/- PER SHARE TO RS 25.0361/- PER SHARE,-3.537197626654489,02-FEB-24,-8.427209705372602,14.155158407798535,-7.776644569097411,https://nsearchives.nseindia.com/today/HDFCSENSEXEQN.svg,https://nsearchives.nseindia.com/30d/HDFCSENSEX-EQ.svg,https://nsearchives.nseindia.com/365d/HDFCSENSEX-EQ.svg,EQ
SMALL250,Nifty Smallcap 250,18.35,18.7,18.34,18.49,0.14,0.76,145765,2690821.9,18.328,19.95,14.16,-,-,Infinity,0.2168021680216756,18.35,0,0,-0.65,,21-Aug-2026,-,0.2168021680216756,-,Infinity,7.318295739348375,-30.579096045197726,https://nsearchives.nseindia.com/today/SMALL250EQN.svg,https://nsearchives.nseindia.com/30d/SMALL250-EQ.svg,,EQ
HDFCPSUBK,HDFC NIFTY PSU BANK ETF,83.03,84.7,83.03,84.12,0.68,0.81,30982,2614261.16,83.6962,101.25,73,-,-,13.262420896728168,-2.4129930394431534,83.44,0,12.35,-3.62,22-Sep-2025,21-Aug-2026,-,-2.4129930394431534,-,13.262420896728168,16.918518518518514,-15.232876712328773,https://nsearchives.nseindia.com/today/HDFCPSUBKEQN.svg,https://nsearchives.nseindia.com/30d/HDFCPSUBK-EQ.svg,https://nsearchives.nseindia.com/365d/HDFCPSUBK-EQ.svg,EQ
BSE500IETF,S&P BSE 500 index,37.73,39.08,37.73,38.71,0.01,0.03,67086,2600253.36,38.5948,42.05,34.5,28-OCT-21, FACE VALUE SPLIT (SUB-DIVISION) - FROM RS 10/- PER SHARE TO RE 1/- PER SHARE,-1.9999999999999978,-2.5182573659027954,38.7,0,-2.03,-3.01,22-Sep-2025,21-Aug-2026, FACE VALUE SPLIT (SUB-DIVISION) - FROM RS 10/- PER SHARE TO RE 1/- PER SHARE,-2.5182573659027954,28-OCT-21,-1.9999999999999978,7.942925089179541,-12.20289855072464,https://nsearchives.nseindia.com/today/BSE500IETFEQN.svg,https://nsearchives.nseindia.com/30d/BSE500IETF-EQ.svg,https://nsearchives.nseindia.com/365d/BSE500IETF-EQ.svg,EQ
SILVERBND,Commodity - Silver,234.54,234.54,230.42,231.21,-0.05,-0.02,11083,2569482.72,231.6251,389,180,-,-,Infinity,-4.769553935499808,231.26,0,0,-5.27,,21-Aug-2026,-,-4.769553935499808,-,Infinity,40.562982005141386,-28.450000000000006,https://nsearchives.nseindia.com/today/SILVERBNDEQN.svg,https://nsearchives.nseindia.com/30d/SILVERBND-EQ.svg,,EQ
NIFTYJBLK,INDEX,12.28,12.28,11.95,12.04,0.05,0.42,210215,2524682.15,11.963,13.05,9.94,-,-,Infinity,-2.9032258064516228,11.99,0,0,-3.77,,21-Aug-2026,-,-2.9032258064516228,-,Infinity,7.739463601532578,-21.12676056338028,https://nsearchives.nseindia.com/today/NIFTYJBLKEQN.svg,https://nsearchives.nseindia.com/30d/NIFTYJBLK-EQ.svg,,EQ
GROWWRLTY,Index,9.76,9.82,9.64,9.67,0.11,1.15,255255,2488736.25,9.6631,11.3,7.17,-,-,Infinity,-5.750487329434697,9.56,0,0,-6.55,,21-Aug-2026,-,-5.750487329434697,-,Infinity,14.424778761061953,-34.86750348675035,https://nsearchives.nseindia.com/today/GROWWRLTYEQN.svg,https://nsearchives.nseindia.com/30d/GROWWRLTY-EQ.svg,,EQ
HDFCNEXT50,HDFC NIFTY NEXT 50 ETF,73.67,74.2,73.66,74.07,0.41,0.56,32428,2399347.72,73.4764,78.07,59.99,20-OCT-23,FACE VALUE SPLIT (SUB-DIVISION) - FROM RS 418.18/- PER SHARE TO RS 41.81/- PER SHARE,4.001684919966293,-1.5942606616181785,73.66,0,3.43,-2.32,22-Sep-2025,21-Aug-2026,FACE VALUE SPLIT (SUB-DIVISION) - FROM RS 418.18/- PER SHARE TO RS 41.81/- PER SHARE,-1.5942606616181785,20-OCT-23,4.001684919966293,5.123607019341617,-23.470578429738275,https://nsearchives.nseindia.com/today/HDFCNEXT50EQN.svg,https://nsearchives.nseindia.com/30d/HDFCNEXT50-EQ.svg,https://nsearchives.nseindia.com/365d/HDFCNEXT50-EQ.svg,EQ
BFSI,Nifty Financial Services Index,26.99,26.99,26.46,26.61,0.15,0.57,89631,2382391.98,26.4527,29.94,24.03,-,-,-2.776762879064675,-2.0250368188512544,26.46,0,-3.32,-3.11,22-Sep-2025,21-Aug-2026,-,-2.0250368188512544,-,-2.776762879064675,11.12224448897796,-10.736579275905111,https://nsearchives.nseindia.com/today/BFSIEQN.svg,https://nsearchives.nseindia.com/30d/BFSI-EQ.svg,https://nsearchives.nseindia.com/365d/BFSI-EQ.svg,EQ
INTERNET,Equity Index,15.34,15.34,14.94,15.05,0.08,0.53,155530,2331394.7,14.9754,15.8,10.72,-,-,2.3113528212100602,2.520435967302459,14.97,0,1.77,2.67,22-Sep-2025,21-Aug-2026,-,2.520435967302459,-,2.3113528212100602,4.746835443037974,-40.39179104477612,https://nsearchives.nseindia.com/today/INTERNETEQN.svg,https://nsearchives.nseindia.com/30d/INTERNET-EQ.svg,https://nsearchives.nseindia.com/365d/INTERNET-EQ.svg,EQ
NV20IETF,Nifty50 Value 20,13.26,13.28,13.18,13.23,0,0.00,175820,2324340.4,13.1799,16,12.5,01-MAR-24,FACE VALUE SPLIT (SUB-DIVISION) - FROM RS 10/- PER SHARE TO RE 1/- PER SHARE,-9.07216494845361,-2.2895125553914233,13.23,0,-9.07,-2.72,22-Sep-2025,21-Aug-2026,FACE VALUE SPLIT (SUB-DIVISION) - FROM RS 10/- PER SHARE TO RE 1/- PER SHARE,-2.2895125553914233,01-MAR-24,-9.07216494845361,17.312499999999996,-5.840000000000003,https://nsearchives.nseindia.com/today/NV20IETFEQN.svg,https://nsearchives.nseindia.com/30d/NV20IETF-EQ.svg,https://nsearchives.nseindia.com/365d/NV20IETF-EQ.svg,EQ
EVINDIA,Nifty EV and New Age Automotive Total Return Index,31.69,31.83,31.65,31.75,0.11,0.35,68944,2188972,31.6538,35.04,26.2,-,-,0.031505986137371024,-5.195580770379223,31.64,0,-0.32,-6.03,22-Sep-2025,21-Aug-2026,-,-5.195580770379223,-,0.031505986137371024,9.38926940639269,-21.183206106870234,https://nsearchives.nseindia.com/today/EVINDIAEQN.svg,https://nsearchives.nseindia.com/30d/EVINDIA-EQ.svg,https://nsearchives.nseindia.com/365d/EVINDIA-EQ.svg,EQ
MOALPHA50,Nifty Alpha 50 Total Return Index,56.5,56.83,54.89,55.42,-0.02,-0.04,39162,2182889.88,55.1423,62,42.1,-,-,7.153905645785001,-1.7201631494945893,55.44,0,7.19,-1.4,22-Sep-2025,21-Aug-2026,-,-1.7201631494945893,-,7.153905645785001,10.612903225806448,-31.63895486935867,https://nsearchives.nseindia.com/today/MOALPHA50EQN.svg,https://nsearchives.nseindia.com/30d/MOALPHA50-EQ.svg,https://nsearchives.nseindia.com/365d/MOALPHA50-EQ.svg,EQ
MOM50,Nifty 50,245.63,246.06,244.5,244.5,0.76,0.31,8638,2118815.02,244.5298,279.33,221.55,16-OCT-14,FACE VALUE SPLIT FROM RS.10/- TO RS.7/-,-6.500956022944551,-3.206650831353917,243.74,0,-6.79,-3.79,22-Sep-2025,21-Aug-2026,FACE VALUE SPLIT FROM RS.10/- TO RS.7/-,-3.206650831353917,16-OCT-14,-6.500956022944551,12.469122543228433,-10.358835477318886,https://nsearchives.nseindia.com/today/MOM50EQN.svg,https://nsearchives.nseindia.com/30d/MOM50-EQ.svg,https://nsearchives.nseindia.com/365d/MOM50-EQ.svg,EQ
HEALTHADD,DSP Nifty Healthcare ETF,16.9,17.05,16.88,16.88,-0.02,-0.12,121051,2056656.49,16.8855,17.47,13.54,03-JUL-26,FACE VALUE SPLIT (SUB-DIVISION) - FROM RS 10/- PER UNIT TO RE 1/- PER UNIT,-88.6092178959444,3.1784841075794596,16.9,0,-88.6,1.99,22-Sep-2025,21-Aug-2026,FACE VALUE SPLIT (SUB-DIVISION) - FROM RS 10/- PER UNIT TO RE 1/- PER UNIT,3.1784841075794596,03-JUL-26,-88.6092178959444,3.377218088151116,-24.667651403249632,https://nsearchives.nseindia.com/today/HEALTHADDEQN.svg,https://nsearchives.nseindia.com/30d/HEALTHADD-EQ.svg,https://nsearchives.nseindia.com/365d/HEALTHADD-EQ.svg,EQ
ITAXIS,NIFTY IT Index,318.85,322,311.37,312.37,-3.32,-1.05,6530,2045261.3,315.1087,439.67,230.7,-,-,Infinity,-6.810859188544147,315.69,0,0,-6.34,,21-Aug-2026,-,-6.810859188544147,-,Infinity,28.95353333181705,-35.40095361941917,https://nsearchives.nseindia.com/today/ITAXISEQN.svg,https://nsearchives.nseindia.com/30d/ITAXIS-EQ.svg,,EQ
SHARIABEES,Shariah,435.94,438.46,435.94,438.46,2.7,0.62,4657,2036273.25,436.0361,534.61,433.68,10-MAR-14,DIVIDEND-RS.2 PER UNIT,-12.533663149075393,-4.595500239348972,435.76,0,-13.07,-5.14,22-Sep-2025,21-Aug-2026,DIVIDEND-RS.2 PER UNIT,-4.595500239348972,10-MAR-14,-12.533663149075393,17.98507323095341,-1.102195166943362,https://nsearchives.nseindia.com/today/SHARIABEESEQN.svg,https://nsearchives.nseindia.com/30d/SHARIABEES-EQ.svg,https://nsearchives.nseindia.com/365d/SHARIABEES-EQ.svg,EQ
HDFCMOMENT,HDFC NIFTY200 Momentum 30 ETF,30.68,30.97,30.6,30.97,0.28,0.91,65064,2001368.64,30.5791,33.23,27.13,20-OCT-23,FACE VALUE SPLIT (SUB-DIVISION) - FROM RS 190.61/- PER SHARE TO RS 19.061/- PER SHARE,-0.8007687379884689,-0.959385992964505,30.69,0,-1.7,-1.51,22-Sep-2025,21-Aug-2026,FACE VALUE SPLIT (SUB-DIVISION) - FROM RS 190.61/- PER SHARE TO RS 19.061/- PER SHARE,-0.959385992964505,20-OCT-23,-0.8007687379884689,6.801083358411069,-14.154072981938814,https://nsearchives.nseindia.com/today/HDFCMOMENTEQN.svg,https://nsearchives.nseindia.com/30d/HDFCMOMENT-EQ.svg,https://nsearchives.nseindia.com/365d/HDFCMOMENT-EQ.svg,EQ
AONETMMQ50,Nifty Total Market Momentum Quality 50 TRI,10.3,10.3,10.13,10.2,0.04,0.39,194288,1979794.72,10.1338,10.87,8,-,-,Infinity,-1.8286814244465954,10.16,0,0,-1.45,,21-Aug-2026,-,-1.8286814244465954,-,Infinity,6.163753449862006,-27.499999999999993,https://nsearchives.nseindia.com/today/AONETMMQ50EQN.svg,https://nsearchives.nseindia.com/30d/AONETMMQ50-EQ.svg,,EQ
GROWWNXT50,Index,72.28,73.25,70.52,71.75,0.23,0.32,26606,1923347.74,72.1674,76.79,60.01,-,-,2.193419740777676,-3.6783460867230433,71.52,0,1.87,-4.03,22-Sep-2025,21-Aug-2026,-,-3.6783460867230433,-,2.193419740777676,6.563354603464,-19.563406098983506,https://nsearchives.nseindia.com/today/GROWWNXT50EQN.svg,https://nsearchives.nseindia.com/30d/GROWWNXT50-EQ.svg,https://nsearchives.nseindia.com/365d/GROWWNXT50-EQ.svg,EQ
MOMIDMTM,Nifty Midcap 150 Momentum 50 Total Return Index,63.64,64.4,63.62,64.04,0.4,0.63,29211,1870380.33,63.7638,70,54.78,-,-,2.8755020080321385,-1.4162561576354489,63.64,0,2.23,-1.7,22-Sep-2025,21-Aug-2026,-,-1.4162561576354489,-,2.8755020080321385,8.514285714285705,-16.903979554581973,https://nsearchives.nseindia.com/today/MOMIDMTMEQN.svg,https://nsearchives.nseindia.com/30d/MOMIDMTM-EQ.svg,https://nsearchives.nseindia.com/365d/MOMIDMTM-EQ.svg,EQ
TECH,Nifty IT TRI Index,31.37,31.5,31,31.25,-0.12,-0.38,59892,1861443.36,31.3132,49.41,28,-,-,-17.43725231175694,-5.873493975903623,31.37,0,-17.12,-6.44,22-Sep-2025,21-Aug-2026,-,-5.873493975903623,-,-17.43725231175694,36.75369358429467,-11.607142857142858,https://nsearchives.nseindia.com/today/TECHEQN.svg,https://nsearchives.nseindia.com/30d/TECH-EQ.svg,https://nsearchives.nseindia.com/365d/TECH-EQ.svg,EQ
HDFCNIMEG,Nifty Metal Index TRI,131.28,132.99,131.05,132.58,2.9,2.24,13650,1801117.5,129.8482,152.55,125.73,-,-,Infinity,-0.4131300232854976,129.68,0,0,-1.59,,21-Aug-2026,-,-0.4131300232854976,-,Infinity,13.090789904949196,-5.448182613536951,https://nsearchives.nseindia.com/today/HDFCNIMEGEQN.svg,https://nsearchives.nseindia.com/30d/HDFCNIMEG-EQ.svg,,EQ
HDFCNIF100,HDFC NIFTY 100 ETF,25.42,25.51,25.36,25.51,0.2,0.79,70609,1799117.32,25.327,28.57,23.31,20-OCT-23,FACE VALUE SPLIT (SUB-DIVISION) - FROM RS 177.27/- PER SHARE TO RS 17.727/- PER SHARE,-4.205782951558383,-2.484709480122319,25.31,0,-4.96,-3.43,22-Sep-2025,21-Aug-2026,FACE VALUE SPLIT (SUB-DIVISION) - FROM RS 177.27/- PER SHARE TO RS 17.727/- PER SHARE,-2.484709480122319,20-OCT-23,-4.205782951558383,10.710535526776335,-9.43800943800945,https://nsearchives.nseindia.com/today/HDFCNIF100EQN.svg,https://nsearchives.nseindia.com/30d/HDFCNIF100-EQ.svg,https://nsearchives.nseindia.com/365d/HDFCNIF100-EQ.svg,EQ
SBIETFIT,Nifty IT Index,317.37,319.9,313.75,315.29,-2.08,-0.66,5373,1691420.4,317.1037,439.27,285,-,-,-18.53392589530256,-6.823689343341797,317.37,0,-18,-6.36,22-Sep-2025,21-Aug-2026,-,-6.823689343341797,-,-18.53392589530256,28.224099073462785,-10.628070175438603,https://nsearchives.nseindia.com/today/SBIETFITEQN.svg,https://nsearchives.nseindia.com/30d/SBIETFIT-EQ.svg,https://nsearchives.nseindia.com/365d/SBIETFIT-EQ.svg,EQ
MOGOLD,Domestic Price of Physical Gold,150.7,150.7,148.9,149.55,-0.15,-0.10,10597,1585417.17,149.3743,175,110,-,-,34.790446146913034,-6.002514142049015,149.7,0,34.93,-4.68,22-Sep-2025,21-Aug-2026,-,-6.002514142049015,-,34.790446146913034,14.542857142857137,-35.95454545454546,https://nsearchives.nseindia.com/today/MOGOLDEQN.svg,https://nsearchives.nseindia.com/30d/MOGOLD-EQ.svg,https://nsearchives.nseindia.com/365d/MOGOLD-EQ.svg,EQ
COMMOIETF,ICICI Prudential Nifty Commodities ETF,97.67,98.49,97.6,97.81,0.14,0.14,15576,1528317.12,97.4595,110.56,90,-,-,5.923760017327267,-2.3559948088249967,97.67,0,5.77,-1.9,22-Sep-2025,21-Aug-2026,-,-2.3559948088249967,-,5.923760017327267,11.532199710564399,-8.67777777777778,https://nsearchives.nseindia.com/today/COMMOIETFEQN.svg,https://nsearchives.nseindia.com/30d/COMMOIETF-EQ.svg,https://nsearchives.nseindia.com/365d/COMMOIETF-EQ.svg,EQ
NIF100BEES,Nifty 100 TRI,261.31,261.34,260.03,261,1.02,0.39,5826,1519362.54,259.818,290,240,-,-,-4.552934722984088,-3.0604664982914906,259.98,0,-4.93,-3.68,22-Sep-2025,21-Aug-2026,-,-3.0604664982914906,-,-4.552934722984088,10,-8.75,https://nsearchives.nseindia.com/today/NIF100BEESEQN.svg,https://nsearchives.nseindia.com/30d/NIF100BEES-EQ.svg,https://nsearchives.nseindia.com/365d/NIF100BEES-EQ.svg,EQ
MOMENTUM,Aditya Birla Sun Life Nifty 200 Momentum 30 ETF,29.98,30.98,29.98,30.94,0.19,0.62,48982,1514033.62,30.6803,33,27.05,-,-,-1.0553245922609475,-1.1185682326621855,30.75,0,-1.66,-1.47,22-Sep-2025,21-Aug-2026,-,-1.1185682326621855,-,-1.0553245922609475,6.242424242424239,-14.380776340110907,https://nsearchives.nseindia.com/today/MOMENTUMEQN.svg,https://nsearchives.nseindia.com/30d/MOMENTUM-EQ.svg,https://nsearchives.nseindia.com/365d/MOMENTUM-EQ.svg,EQ
NIFTYADD,Nifty 50 Index,243.92,247.78,243.92,246.61,0.23,0.09,6083,1502440.17,246.0546,300,232.64,-,-,Infinity,-3.2560511553097107,246.38,0,0,-3.59,,21-Aug-2026,-,-3.2560511553097107,-,Infinity,17.79666666666666,-6.004986244841827,https://nsearchives.nseindia.com/today/NIFTYADDEQN.svg,https://nsearchives.nseindia.com/30d/NIFTYADD-EQ.svg,,EQ
AONETOTAL,Nifty Total Market Index,11.73,11.76,11.63,11.69,0.01,0.09,124629,1460651.88,11.679,12.51,9.6,-,-,-1.3502109704641363,-2.502085070892416,11.68,0,-1.43,-2.75,22-Sep-2025,21-Aug-2026,-,-2.502085070892416,-,-1.3502109704641363,6.554756195043967,-21.770833333333336,https://nsearchives.nseindia.com/today/AONETOTALEQN.svg,https://nsearchives.nseindia.com/30d/AONETOTAL-EQ.svg,https://nsearchives.nseindia.com/365d/AONETOTAL-EQ.svg,EQ
CONSUMER,Nifty India New AgeConsumption,12.37,12.37,11.83,11.88,0.04,0.34,116323,1383080.47,11.8431,12.74,9.69,-,-,-4.038772213247173,-3.4146341463414625,11.84,0,-4.36,-3.58,22-Sep-2025,21-Aug-2026,-,-3.4146341463414625,-,-4.038772213247173,6.750392464678175,-22.600619195046452,https://nsearchives.nseindia.com/today/CONSUMEREQN.svg,https://nsearchives.nseindia.com/30d/CONSUMER-EQ.svg,https://nsearchives.nseindia.com/365d/CONSUMER-EQ.svg,EQ
PVTBANKADD,DSP Nifty Private Bank ETF,27.82,27.93,27.76,27.87,-0.04,-0.14,49593,1380669.12,27.75,31.88,24.02,-,-,2.0131771595900463,-0.10752688172042145,27.91,0,2.16,-0.57,22-Sep-2025,21-Aug-2026,-,-0.10752688172042145,-,2.0131771595900463,12.578419071518187,-16.02830974188177,https://nsearchives.nseindia.com/today/PVTBANKADDEQN.svg,https://nsearchives.nseindia.com/30d/PVTBANKADD-EQ.svg,https://nsearchives.nseindia.com/365d/PVTBANKADD-EQ.svg,EQ
SENSEXBETA,SENSEX,828.01,836,824.23,831,2.63,0.32,1606,1329896.48,826.6387,952.91,785,26-FEB-21, INTERIM DIVIDEND - RS 13.56 PER UNIT,Infinity,-3.13104702398993,828.37,0,0,-3.64,,21-Aug-2026, INTERIM DIVIDEND - RS 13.56 PER UNIT,-3.13104702398993,26-FEB-21,Infinity,12.793443242278911,-5.859872611464968,https://nsearchives.nseindia.com/today/SENSEXBETAEQN.svg,https://nsearchives.nseindia.com/30d/SENSEXBETA-EQ.svg,,EQ
VAL30IETF,Nifty200 Value 30 Index,14.81,15.04,14.81,14.97,0.13,0.88,86708,1297151.68,14.862,17.7,13.1,-,-,11.883408071748878,-1.4483212639894594,14.84,0,10.91,-2.56,22-Sep-2025,21-Aug-2026,-,-1.4483212639894594,-,11.883408071748878,15.423728813559316,-14.274809160305352,https://nsearchives.nseindia.com/today/VAL30IETFEQN.svg,https://nsearchives.nseindia.com/30d/VAL30IETF-EQ.svg,https://nsearchives.nseindia.com/365d/VAL30IETF-EQ.svg,EQ
GROWWSC250,Nifty Smallcap 250 Index - TRI,10.54,10.63,10.51,10.63,0.09,0.85,121793,1289787.87,10.5469,10.97,8,-,-,Infinity,0,10.54,0,0,-0.57,,21-Aug-2026,-,0,-,Infinity,3.099361896080217,-32.87500000000001,https://nsearchives.nseindia.com/today/GROWWSC250EQN.svg,https://nsearchives.nseindia.com/30d/GROWWSC250-EQ.svg,,EQ
TOP15IETF,Nifty Top 15 Equal Weight Index,9.48,9.55,9.45,9.52,0.07,0.74,134798,1277885.04,9.4243,11.36,9.15,-,-,-9.677419354838706,-4.032258064516133,9.45,0,-10.34,-5.22,22-Sep-2025,21-Aug-2026,-,-4.032258064516133,-,-9.677419354838706,16.19718309859155,-4.043715846994527,https://nsearchives.nseindia.com/today/TOP15IETFEQN.svg,https://nsearchives.nseindia.com/30d/TOP15IETF-EQ.svg,https://nsearchives.nseindia.com/365d/TOP15IETF-EQ.svg,EQ
DIVOPPBEES,Nifty Dividend Opportunities 50 TRI,74.83,74.98,74.48,74.9,0.32,0.43,16726,1251104.8,74.4357,87.09,72.13,-,-,-4.452098481949221,-3.292446739832146,74.58,0,-4.86,-3.98,22-Sep-2025,21-Aug-2026,-,-3.292446739832146,-,-4.452098481949221,13.997014582615682,-3.8402883682240545,https://nsearchives.nseindia.com/today/DIVOPPBEESEQN.svg,https://nsearchives.nseindia.com/30d/DIVOPPBEES-EQ.svg,https://nsearchives.nseindia.com/365d/DIVOPPBEES-EQ.svg,EQ
GSEC5IETF,Nifty 5 yr Benchmark G-Sec Index,66.15,66.55,65.98,66.1,0.01,0.02,18607,1233085.89,66.1644,69.14,62,-,-,4.505928853754932,-0.2715751357875782,66.09,0,4.49,-1.21,22-Sep-2025,21-Aug-2026,-,-0.2715751357875782,-,4.505928853754932,4.396875903962982,-6.612903225806442,https://nsearchives.nseindia.com/today/GSEC5IETFEQN.svg,https://nsearchives.nseindia.com/30d/GSEC5IETF-EQ.svg,https://nsearchives.nseindia.com/365d/GSEC5IETF-EQ.svg,EQ
CHOICEGOLD,Gold,151,151,149.43,150.14,0.58,0.39,8181,1229767.92,149.969,175.49,115.79,-,-,Infinity,-6.139034758689686,149.56,0,0,-4.97,,21-Aug-2026,-,-6.139034758689686,-,Infinity,14.445267536611786,-29.66577424648068,https://nsearchives.nseindia.com/today/CHOICEGOLDEQN.svg,https://nsearchives.nseindia.com/30d/CHOICEGOLD-EQ.svg,,EQ
GOLDBND,Commodity - Gold,151.05,152.37,150.67,151.05,-0.16,-0.11,7955,1201841.4,150.8745,180.16,115.17,-,-,Infinity,-5.999128757234418,151.21,0,0,-4.64,,21-Aug-2026,-,-5.999128757234418,-,Infinity,16.157859680284183,-31.153946340192768,https://nsearchives.nseindia.com/today/GOLDBNDEQN.svg,https://nsearchives.nseindia.com/30d/GOLDBND-EQ.svg,,EQ
SBIBPB,BSE PSU Bank Index TRI,48.24,48.66,48.14,48.53,0.67,1.40,23829,1154753.34,48.0178,58.27,40.7,-,-,12.939259948801496,-1.8406148867313847,47.86,0,11.38,-3.9,22-Sep-2025,21-Aug-2026,-,-1.8406148867313847,-,12.939259948801496,16.715290887249015,-19.238329238329232,https://nsearchives.nseindia.com/today/SBIBPBEQN.svg,https://nsearchives.nseindia.com/30d/SBIBPB-EQ.svg,https://nsearchives.nseindia.com/365d/SBIBPB-EQ.svg,EQ
INSUREIETF,BSE Insurance Index,15.18,15.28,15.08,15.28,0.11,0.73,75994,1151309.1,15.0998,16.46,14.36,-,-,Infinity,-1.4829142488716984,15.17,0,0,-2.94,,21-Aug-2026,-,-1.4829142488716984,-,Infinity,7.168894289185913,-6.406685236768802,https://nsearchives.nseindia.com/today/INSUREIETFEQN.svg,https://nsearchives.nseindia.com/30d/INSUREIETF-EQ.svg,,EQ
IVZINGOLD,Gold,132.4,132.4,131.05,131.35,-0.2,-0.15,8520,1121232,131.3591,156,96.07,30-APR-26,FACE VALUE SPLIT (SUB-DIVISION) - FROM RS 100/- PER SHARE TO RE 1/- PER SHARE,-98.6594271309087,-6.278986799857304,131.55,0,-98.66,-5.02,22-Sep-2025,21-Aug-2026,FACE VALUE SPLIT (SUB-DIVISION) - FROM RS 100/- PER SHARE TO RE 1/- PER SHARE,-6.278986799857304,30-APR-26,-98.6594271309087,15.801282051282055,-36.72322265015094,https://nsearchives.nseindia.com/today/IVZINGOLDEQN.svg,https://nsearchives.nseindia.com/30d/IVZINGOLD-EQ.svg,https://nsearchives.nseindia.com/365d/IVZINGOLD-EQ.svg,EQ
MANUFGBEES,Nifty India Manufacturing TRI,158.84,161.22,158.84,161,0.56,0.35,6899,1107082.53,159.701,171.58,138.6,-,-,5.907117484541501,-3.1462431570715212,160.44,0,5.54,-3.31,22-Sep-2025,21-Aug-2026,-,-3.1462431570715212,-,5.907117484541501,6.166219839142099,-16.161616161616166,https://nsearchives.nseindia.com/today/MANUFGBEESEQN.svg,https://nsearchives.nseindia.com/30d/MANUFGBEES-EQ.svg,https://nsearchives.nseindia.com/365d/MANUFGBEES-EQ.svg,EQ
VALUEAXIS,Nifty500 Value 50 TRI,32.36,32.64,32.2,32.64,0.6,1.87,34078,1104467.98,32.1471,39,26.76,-,-,Infinity,-0.48780487804877015,32.04,0,0,-2.17,,21-Aug-2026,-,-0.48780487804877015,-,Infinity,16.307692307692307,-21.97309417040358,https://nsearchives.nseindia.com/today/VALUEAXISEQN.svg,https://nsearchives.nseindia.com/30d/VALUEAXIS-EQ.svg,,EQ
NV20BEES,Nifty50 Value20 TRI,135.99,136.04,135.08,135.37,-0.33,-0.24,7939,1075337.55,135.2558,160,134.01,19-DEC-19, FACE VALUE SPLIT (SUB-DIVISION) - FROM RS 10/- TO RS 1/-,-9.25118991754373,-2.723483759701058,135.7,0,-9.03,-2.9,22-Sep-2025,21-Aug-2026, FACE VALUE SPLIT (SUB-DIVISION) - FROM RS 10/- TO RS 1/-,-2.723483759701058,19-DEC-19,-9.25118991754373,15.393749999999997,-1.0148496380867202,https://nsearchives.nseindia.com/today/NV20BEESEQN.svg,https://nsearchives.nseindia.com/30d/NV20BEES-EQ.svg,https://nsearchives.nseindia.com/365d/NV20BEES-EQ.svg,EQ
MOTOUR,Nifty India Tourism Total Return Index,78.45,79.98,78.15,78.15,-0.37,-0.47,13409,1051667.87,78.3469,94.8,64,-,-,-15.39460863916856,-1.487457456195629,78.52,0,-14.99,-0.98,22-Sep-2025,21-Aug-2026,-,-1.487457456195629,-,-15.39460863916856,17.563291139240498,-22.109375000000007,https://nsearchives.nseindia.com/today/MOTOUREQN.svg,https://nsearchives.nseindia.com/30d/MOTOUR-EQ.svg,https://nsearchives.nseindia.com/365d/MOTOUR-EQ.svg,EQ
GROWWPSE,Nifty PSE Index - TRI,96.99,98,95.97,97,0.01,0.01,10511,1019777.22,96.9608,109.85,93.2,-,-,Infinity,-1.232053762345987,96.99,0,0,-1.49,,21-Aug-2026,-,-1.232053762345987,-,Infinity,11.697769685935363,-4.077253218884117,https://nsearchives.nseindia.com/today/GROWWPSEEQN.svg,https://nsearchives.nseindia.com/30d/GROWWPSE-EQ.svg,,EQ
SBISMLETF,Nifty Smallcap 250 Index,18.19,18.48,18.19,18.47,0.19,1.04,54877,1010834.34,18.2873,18.97,16.53,-,-,Infinity,0.05417118093173353,18.28,0,0,-0.6,,21-Aug-2026,-,0.05417118093173353,-,Infinity,2.635740643120717,-11.736237144585587,https://nsearchives.nseindia.com/today/SBISMLETFEQN.svg,https://nsearchives.nseindia.com/30d/SBISMLETF-EQ.svg,,EQ
FLEXIADD,Nifty500 Flexicap Quality 30 TRI,9.89,9.94,9.71,9.79,0.03,0.31,103672,1010802,9.715,11.9,8.73,-,-,Infinity,-4.019607843137257,9.76,0,0,-4.22,,21-Aug-2026,-,-4.019607843137257,-,Infinity,17.731092436974798,-12.142038946162643,https://nsearchives.nseindia.com/today/FLEXIADDEQN.svg,https://nsearchives.nseindia.com/30d/FLEXIADD-EQ.svg,,EQ
NV20,Nifty50 Value 20,13.67,13.67,13.5,13.62,0.04,0.29,72893,987700.15,13.5148,16.87,12.62,27-FEB-26,FACE VALUE SPLIT (SUB-DIVISION) - FROM RS 10/- PER SHARE TO RE 1/- PER SHARE,-90.86764114255062,-2.225412778176601,13.58,0,-90.89,-2.86,22-Sep-2025,21-Aug-2026,FACE VALUE SPLIT (SUB-DIVISION) - FROM RS 10/- PER SHARE TO RE 1/- PER SHARE,-2.225412778176601,27-FEB-26,-90.86764114255062,19.26496739774749,-7.9239302694136295,https://nsearchives.nseindia.com/today/NV20EQN.svg,https://nsearchives.nseindia.com/30d/NV20-EQ.svg,https://nsearchives.nseindia.com/365d/NV20-EQ.svg,EQ
LICNMID100,LIC MF Nifty Midcap 100 ETF,62.49,63.32,62.03,63,1.11,1.79,14881,933633.94,62.4108,66.4,52.3,-,-,7.1975497702909585,-1.5778784564911812,61.89,0,5.31,-3.21,22-Sep-2025,21-Aug-2026,-,-1.5778784564911812,-,7.1975497702909585,5.120481927710851,-20.458891013384328,https://nsearchives.nseindia.com/today/LICNMID100EQN.svg,https://nsearchives.nseindia.com/30d/LICNMID100-EQ.svg,https://nsearchives.nseindia.com/365d/LICNMID100-EQ.svg,EQ
NIFTYBETF,Bajaj Finserv Nifty 50 ETF,241.57,242,240.37,240.81,0.21,0.09,3850,929313,240.3363,279.99,227.01,-,-,-6.40522367756229,-3.359017577654709,240.6,0,-6.49,-3.79,22-Sep-2025,21-Aug-2026,-,-3.359017577654709,-,-6.40522367756229,13.993356905603774,-6.079027355623105,https://nsearchives.nseindia.com/today/NIFTYBETFEQN.svg,https://nsearchives.nseindia.com/30d/NIFTYBETF-EQ.svg,https://nsearchives.nseindia.com/365d/NIFTYBETF-EQ.svg,EQ
BANKPSU,Nifty PSU Bank Total Return Index,83.59,84.45,83.59,84.14,0.59,0.71,10850,913895.5,83.4417,99.52,72.66,-,-,13.57991360691145,-2.014673343426114,83.55,0,12.78,-3.51,22-Sep-2025,21-Aug-2026,-,-2.014673343426114,-,13.57991360691145,15.454180064308678,-15.799614643545286,https://nsearchives.nseindia.com/today/BANKPSUEQN.svg,https://nsearchives.nseindia.com/30d/BANKPSU-EQ.svg,https://nsearchives.nseindia.com/365d/BANKPSU-EQ.svg,EQ
NIF500BETA,Nifty 500,37.63,37.67,36.78,36.78,0.06,0.16,24328,896243.52,36.6738,38.3,35.83,-,-,Infinity,Infinity,36.72,0,0,0,,,-,Infinity,-,Infinity,3.968668407310695,-2.6514094334356764,https://nsearchives.nseindia.com/today/NIF500BETAEQN.svg,,,EQ
GROWWCHEM,Nifty Chemicals Index - TRI,28.53,29.9,28.53,29.61,0.34,1.16,29661,876482.55,29.4747,31.74,24.64,-,-,Infinity,-1.0691613765452732,29.27,0,0,-2.04,,21-Aug-2026,-,-1.0691613765452732,-,Infinity,6.710775047258976,-20.17045454545454,https://nsearchives.nseindia.com/today/GROWWCHEMEQN.svg,https://nsearchives.nseindia.com/30d/GROWWCHEM-EQ.svg,,EQ
NIFTY100EW,Nifty 100 Equal Weight Index,34.53,34.55,34.4,34.47,-0.06,-0.17,25323,873137.04,34.283,41.41,29.84,-,-,1.0257913247362294,-2.4893917963224967,34.53,0,1.2,-2.81,22-Sep-2025,21-Aug-2026,-,-2.4893917963224967,-,1.0257913247362294,16.759236899299683,-15.516085790884715,https://nsearchives.nseindia.com/today/NIFTY100EWEQN.svg,https://nsearchives.nseindia.com/30d/NIFTY100EW-EQ.svg,https://nsearchives.nseindia.com/365d/NIFTY100EW-EQ.svg,EQ
ABSLPSE,Aditya Birla Sun Life Nifty PSE ETF,9.95,10.09,9.95,9.97,-0.03,-0.30,86429,868611.45,10.037,11.6,9.21,-,-,-1.1892963330029656,-1.8700787401574754,10,0,-0.89,-1.77,22-Sep-2025,21-Aug-2026,-,-1.8700787401574754,-,-1.1892963330029656,14.051724137931025,-8.25190010857763,https://nsearchives.nseindia.com/today/ABSLPSEEQN.svg,https://nsearchives.nseindia.com/30d/ABSLPSE-EQ.svg,https://nsearchives.nseindia.com/365d/ABSLPSE-EQ.svg,EQ
MNC,Kotak Nifty MNC ETF,32.44,32.64,32.36,32.55,0.27,0.84,26562,863530.62,32.3483,35.65,27.83,-,-,4.864690721649478,-4.85238234434377,32.28,0,3.99,-5.31,22-Sep-2025,21-Aug-2026,-,-4.85238234434377,-,4.864690721649478,8.695652173913047,-16.960114983830398,https://nsearchives.nseindia.com/today/MNCEQN.svg,https://nsearchives.nseindia.com/30d/MNC-EQ.svg,https://nsearchives.nseindia.com/365d/MNC-EQ.svg,EQ
GROWWMC150,Nifty Midcap 150 Index - TRI,227,230.65,227,230.65,3.09,1.36,3762,859955.58,228.6,245,193.6,-,-,Infinity,-1.410557811498176,227.56,0,0,-3.62,,21-Aug-2026,-,-1.410557811498176,-,Infinity,5.857142857142855,-19.137396694214882,https://nsearchives.nseindia.com/today/GROWWMC150EQN.svg,https://nsearchives.nseindia.com/30d/GROWWMC150-EQ.svg,,EQ
EBBETF0431,Nifty BHARAT Bond,1431,1435.23,1430.01,1430.95,-1.95,-0.14,586,839339.52,1434.1743,1469,1371,-,-,4.362063684233553,-0.848121176005932,1432.9,0,4.5,-0.49,22-Sep-2025,21-Aug-2026,-,-0.848121176005932,-,4.362063684233553,2.5901974132062597,-4.372720641867254,https://nsearchives.nseindia.com/today/EBBETF0431EQN.svg,https://nsearchives.nseindia.com/30d/EBBETF0431-EQ.svg,https://nsearchives.nseindia.com/365d/EBBETF0431-EQ.svg,EQ
AONENIFTY,Nifty 50 Index,9.71,9.73,9.63,9.7,0.03,0.31,86750,838872.5,9.6447,12,9,-,-,-5.825242718446615,-2.902902902902912,9.67,0,-6.12,-3.3,22-Sep-2025,21-Aug-2026,-,-2.902902902902912,-,-5.825242718446615,19.16666666666667,-7.77777777777777,https://nsearchives.nseindia.com/today/AONENIFTYEQN.svg,https://nsearchives.nseindia.com/30d/AONENIFTY-EQ.svg,https://nsearchives.nseindia.com/365d/AONENIFTY-EQ.svg,EQ
HDFCVALUE,HDFC NIFTY50 Value 20 ETF,121.26,122.39,121.26,122.1,0.84,0.69,6856,837734.64,121.6747,147.05,120,-,-,-8.90099231515333,-2.848504137492053,121.26,0,-9.53,-3.49,22-Sep-2025,21-Aug-2026,-,-2.848504137492053,-,-8.90099231515333,16.967018021081277,-1.7499999999999953,https://nsearchives.nseindia.com/today/HDFCVALUEEQN.svg,https://nsearchives.nseindia.com/30d/HDFCVALUE-EQ.svg,https://nsearchives.nseindia.com/365d/HDFCVALUE-EQ.svg,EQ
MULTICAP,Nifty500 Multicap 50:25:25 Index,16.52,16.57,16.47,16.53,0.08,0.49,50466,834202.98,16.4583,17.5,14.2,-,-,0.6699147381242352,-2.073459715639798,16.45,0,0.18,-2.66,22-Sep-2025,21-Aug-2026,-,-2.073459715639798,-,0.6699147381242352,5.5428571428571365,-16.408450704225366,https://nsearchives.nseindia.com/today/MULTICAPEQN.svg,https://nsearchives.nseindia.com/30d/MULTICAP-EQ.svg,https://nsearchives.nseindia.com/365d/MULTICAP-EQ.svg,EQ
QNIFTY,Nifty 50,257.8,259,257.4,258.99,1.39,0.54,3050,786534,257.0644,291.19,243.2,13-FEB-26,FACE VALUE SPLIT (SUB-DIVISION) - FROM RS 10/- PER UNIT TO RE 1/- PER UNIT,-90.58581056029311,-2.850819610638046,257.6,0,-90.64,-3.62,22-Sep-2025,21-Aug-2026,FACE VALUE SPLIT (SUB-DIVISION) - FROM RS 10/- PER UNIT TO RE 1/- PER UNIT,-2.850819610638046,13-FEB-26,-90.58581056029311,11.05807204917751,-6.492598684210535,https://nsearchives.nseindia.com/today/QNIFTYEQN.svg,https://nsearchives.nseindia.com/30d/QNIFTY-EQ.svg,https://nsearchives.nseindia.com/365d/QNIFTY-EQ.svg,EQ
CONSUMIETF,Nifty India Consumption Index,118.86,119.89,118.86,119.88,0.84,0.71,6558,784992.6,119.2185,141.27,94.65,-,-,-7.120167351049816,-3.4549408069582075,119.04,0,-7.77,-4.43,22-Sep-2025,21-Aug-2026,-,-3.4549408069582075,-,-7.120167351049816,15.141218942450635,-26.656101426307437,https://nsearchives.nseindia.com/today/CONSUMIETFEQN.svg,https://nsearchives.nseindia.com/30d/CONSUMIETF-EQ.svg,https://nsearchives.nseindia.com/365d/CONSUMIETF-EQ.svg,EQ
HDFCGROWTH,HDFC NIFTY Growth Sectors 15 ETF,114.04,114.75,113.67,114.54,0.2,0.17,6815,776773.7,113.989,133.3,107.86,-,-,-8.338668373879631,-4.748440748440743,114.34,0,-8.5,-5.29,22-Sep-2025,21-Aug-2026,-,-4.748440748440743,-,-8.338668373879631,14.073518379594901,-6.1932134248099455,https://nsearchives.nseindia.com/today/HDFCGROWTHEQN.svg,https://nsearchives.nseindia.com/30d/HDFCGROWTH-EQ.svg,https://nsearchives.nseindia.com/365d/HDFCGROWTH-EQ.svg,EQ
SENSEXETF,Mirae Asset S&P BSE Sensex ETF,77.4,77.45,77.04,77.4,0.28,0.36,9610,742660.8,76.9878,88.7,73.33,-,-,-7.977648317679222,-3.0682529743268487,77.12,0,-8.31,-3.82,22-Sep-2025,21-Aug-2026,-,-3.0682529743268487,-,-7.977648317679222,12.739571589627957,-5.550252284194746,https://nsearchives.nseindia.com/today/SENSEXETFEQN.svg,https://nsearchives.nseindia.com/30d/SENSEXETF-EQ.svg,https://nsearchives.nseindia.com/365d/SENSEXETF-EQ.svg,EQ
ITBETA,UTI Nifty IT ETF,300,304.9,297.83,304.89,-4.11,-1.33,2466,736643.52,300.8942,409.94,270.68,-,-,Infinity,-4.941697324936092,309,0,0,-3.18,,21-Aug-2026,-,-4.941697324936092,-,Infinity,25.62570132214471,-12.638539973400318,https://nsearchives.nseindia.com/today/ITBETAEQN.svg,https://nsearchives.nseindia.com/30d/ITBETA-EQ.svg,,EQ
MIDQ50ADD,Nifty Midcap 150 Quality 50 Index,24.44,24.47,24.28,24.4,0.05,0.21,29716,724178.92,24.3117,26.01,21,03-JUL-26,FACE VALUE SPLIT (SUB-DIVISION) - FROM RS 10/- PER UNIT TO RE 1/- PER UNIT,-90.35306211204681,-4.012588512981916,24.35,0,-90.37,-4.58,22-Sep-2025,21-Aug-2026,FACE VALUE SPLIT (SUB-DIVISION) - FROM RS 10/- PER UNIT TO RE 1/- PER UNIT,-4.012588512981916,03-JUL-26,-90.35306211204681,6.1899269511726365,-16.190476190476186,https://nsearchives.nseindia.com/today/MIDQ50ADDEQN.svg,https://nsearchives.nseindia.com/30d/MIDQ50ADD-EQ.svg,https://nsearchives.nseindia.com/365d/MIDQ50ADD-EQ.svg,EQ
BBETF0432,Nifty BHARAT Bond Index - April 2032,1341.1,1346,1332,1332,-11.32,-0.84,537,720143.85,1343.1063,1378,1285.86,-,-,3.342333116097192,-1.2865358392126565,1343.32,0,4.22,-0.5,22-Sep-2025,21-Aug-2026,-,-1.2865358392126565,-,3.342333116097192,3.3381712626995648,-3.5882599972003253,https://nsearchives.nseindia.com/today/BBETF0432EQN.svg,https://nsearchives.nseindia.com/30d/BBETF0432-EQ.svg,https://nsearchives.nseindia.com/365d/BBETF0432-EQ.svg,EQ
ELM250,Nifty LargeMidcap 250 TRI,16.36,16.4,16.14,16.14,-0.12,-0.74,43871,714219.88,16.2704,18.5,14.43,-,-,-1.9441069258809252,-4.099821746880557,16.26,0,-1.22,-3.21,22-Sep-2025,21-Aug-2026,-,-4.099821746880557,-,-1.9441069258809252,12.756756756756754,-11.850311850311856,https://nsearchives.nseindia.com/today/ELM250EQN.svg,https://nsearchives.nseindia.com/30d/ELM250-EQ.svg,https://nsearchives.nseindia.com/365d/ELM250-EQ.svg,EQ
HEALTHCARE,Nifty 500 Healthcare Index,21.35,23.8,21.35,22.09,0.19,0.87,31580,694444.2,21.8958,23.8,17.18,-,-,Infinity,3.2725572697522174,21.9,0,0,2.19,,21-Aug-2026,-,3.2725572697522174,-,Infinity,7.184873949579836,-28.57974388824214,https://nsearchives.nseindia.com/today/HEALTHCAREEQN.svg,https://nsearchives.nseindia.com/30d/HEALTHCARE-EQ.svg,,EQ
IDFNIFTYET,Nifty 50,258.98,259.94,258.07,259.52,0.39,0.15,2669,690843.96,258.0381,340.8,244.32,-,-,-6.354418503951219,-3.221957040572808,259.13,0,-6.5,-3.18,22-Sep-2025,21-Aug-2026,-,-3.221957040572808,-,-6.354418503951219,23.84976525821597,-6.221349050425667,https://nsearchives.nseindia.com/today/IDFNIFTYETEQN.svg,https://nsearchives.nseindia.com/30d/IDFNIFTYET-EQ.svg,https://nsearchives.nseindia.com/365d/IDFNIFTYET-EQ.svg,EQ
QUAL30IETF,ICICI Prudential Nifty 200 Quality 30 ETF,20.37,20.49,20.27,20.43,0.06,0.29,32933,670515.88,20.3247,23,18,10-MAY-24,FACE VALUE SPLIT (SUB-DIVISION) - FROM RS 10/- PER SHARE TO RE 1/- PER SHARE,-5.372857804539139,-4.1744840525328355,20.37,0,-5.65,-4.5,22-Sep-2025,21-Aug-2026,FACE VALUE SPLIT (SUB-DIVISION) - FROM RS 10/- PER SHARE TO RE 1/- PER SHARE,-4.1744840525328355,10-MAY-24,-5.372857804539139,11.173913043478262,-13.499999999999998,https://nsearchives.nseindia.com/today/QUAL30IETFEQN.svg,https://nsearchives.nseindia.com/30d/QUAL30IETF-EQ.svg,https://nsearchives.nseindia.com/365d/QUAL30IETF-EQ.svg,EQ
CEMNTGROWW,Nifty Cements Index TRI,14.3,14.38,14.08,14.23,-0.07,-0.49,44323,629829.83,14.1143,16.27,13.67,-,-,Infinity,-4.30396772024209,14.3,0,0,-3.9,,21-Aug-2026,-,-4.30396772024209,-,Infinity,12.538414259373074,-4.096561814191665,https://nsearchives.nseindia.com/today/CEMNTGROWWEQN.svg,https://nsearchives.nseindia.com/30d/CEMNTGROWW-EQ.svg,,EQ
NEXT50ETF,Nifty Next 50 Index,72.87,73.33,72.52,73.05,0.44,0.61,8198,596568.46,72.394,78,60.15,-,-,Infinity,-2.051488334674177,72.61,0,0,-2.68,,21-Aug-2026,-,-2.051488334674177,-,Infinity,6.346153846153849,-21.446384039900245,https://nsearchives.nseindia.com/today/NEXT50ETFEQN.svg,https://nsearchives.nseindia.com/30d/NEXT50ETF-EQ.svg,,EQ
SMALLADD,Nifty Smallcap 250 Index,18.45,18.62,18.43,18.62,0.19,1.03,31383,581213.16,18.3762,19.5,14.01,-,-,Infinity,0.8121277747699087,18.43,0,0,-0.54,,21-Aug-2026,-,0.8121277747699087,-,Infinity,4.5128205128205074,-32.905067808708075,https://nsearchives.nseindia.com/today/SMALLADDEQN.svg,https://nsearchives.nseindia.com/30d/SMALLADD-EQ.svg,,EQ
GOLD360,Commodity-Gold,147.45,148.05,147.05,147.2,-0.25,-0.17,3856,569184.16,147.4668,178,106.25,-,-,34.18413855970828,-6.271887933779065,147.45,0,34.41,-4.75,22-Sep-2025,21-Aug-2026,-,-6.271887933779065,-,34.18413855970828,17.303370786516858,-38.541176470588226,https://nsearchives.nseindia.com/today/GOLD360EQN.svg,https://nsearchives.nseindia.com/30d/GOLD360-EQ.svg,https://nsearchives.nseindia.com/365d/GOLD360-EQ.svg,EQ
MID150,Nifty Midcap 150 Index,23.48,23.48,23.17,23.37,0.2,0.86,24216,563748.48,,24.95,18.97,-,-,6.082614616432138,-1.88916876574307,23.17,0,5.17,-2.52,22-Sep-2025,21-Aug-2026,-,-1.88916876574307,-,6.082614616432138,6.332665330661316,-23.19451765946232,https://nsearchives.nseindia.com/today/MID150EQN.svg,https://nsearchives.nseindia.com/30d/MID150-EQ.svg,https://nsearchives.nseindia.com/365d/MID150-EQ.svg,EQ
ECAPINSURE,BSE Capital Markets & Insurance Total Return Index,23.77,23.84,23.52,23.8,0.23,0.98,22469,531616.54,23.491,25.88,20.5,-,-,2.807775377969772,-2.0172910662824144,23.57,0,1.81,-3.08,22-Sep-2025,21-Aug-2026,-,-2.0172910662824144,-,2.807775377969772,8.037094281298293,-16.09756097560976,https://nsearchives.nseindia.com/today/ECAPINSUREEQN.svg,https://nsearchives.nseindia.com/30d/ECAPINSURE-EQ.svg,https://nsearchives.nseindia.com/365d/ECAPINSURE-EQ.svg,EQ
SBINEQWETF,Nifty50 Equal Weight,32.04,32.84,32.04,32.75,0.32,0.99,15611,509699.15,32.463,36.4,29.64,-,-,0.06110601894287543,-2.5007442691277264,32.43,0,-0.92,-3.65,22-Sep-2025,21-Aug-2026,-,-2.5007442691277264,-,0.06110601894287543,10.027472527472526,-10.492577597840754,https://nsearchives.nseindia.com/today/SBINEQWETFEQN.svg,https://nsearchives.nseindia.com/30d/SBINEQWETF-EQ.svg,https://nsearchives.nseindia.com/365d/SBINEQWETF-EQ.svg,EQ
HYBRIDETF,Nifty200 Momentum 30 Plus 8-13 yr G-Sec 50:50 Total Return Index,9.98,10.08,9.97,10.02,0.04,0.40,50404,504040,9.9656,11.99,9.8,-,-,Infinity,-1.085883514313931,9.98,0,0,-0.89,,21-Aug-2026,-,-1.085883514313931,-,Infinity,16.4303586321935,-2.2448979591836618,https://nsearchives.nseindia.com/today/HYBRIDETFEQN.svg,https://nsearchives.nseindia.com/30d/HYBRIDETF-EQ.svg,,EQ
GROWWMOM50,Nifty 500 Momentum 50 Index- Total Return Index,10.88,10.94,10.83,10.93,0.05,0.46,41322,450823.02,10.855,11.55,9.12,-,-,3.6018957345971465,-0.9963768115941978,10.88,0,3.13,-0.82,22-Sep-2025,21-Aug-2026,-,-0.9963768115941978,-,3.6018957345971465,5.367965367965376,-19.84649122807018,https://nsearchives.nseindia.com/today/GROWWMOM50EQN.svg,https://nsearchives.nseindia.com/30d/GROWWMOM50-EQ.svg,https://nsearchives.nseindia.com/365d/GROWWMOM50-EQ.svg,EQ
ITADD,DSP Nifty IT ETF,30.37,30.49,30.01,30.16,-0.29,-0.95,14942,450053.04,30.3303,41.92,27.17,-,-,Infinity,-6.654286598576299,30.45,0,0,-5.58,,21-Aug-2026,-,-6.654286598576299,-,Infinity,28.05343511450382,-11.004784688995208,https://nsearchives.nseindia.com/today/ITADDEQN.svg,https://nsearchives.nseindia.com/30d/ITADD-EQ.svg,,EQ
GROWWPSUBK,Nifty PSU Bank Index - TRI,80.57,84.5,80.57,83.5,0.86,1.04,5332,446288.4,82.9482,91.19,77.57,-,-,Infinity,-2.5670945157526286,82.64,0,0,-4.31,,21-Aug-2026,-,-2.5670945157526286,-,Infinity,8.432942208575499,-7.644708005672306,https://nsearchives.nseindia.com/today/GROWWPSUBKEQN.svg,https://nsearchives.nseindia.com/30d/GROWWPSUBK-EQ.svg,,EQ
HSBCGOLD,Commodity,132,132.68,131,131.56,0.42,0.32,3303,434311.47,131.4206,146.4,119.1,-,-,Infinity,-5.8672009158557445,131.14,0,0,-5.1,,21-Aug-2026,-,-5.8672009158557445,-,Infinity,10.136612021857927,-10.46179680940387,https://nsearchives.nseindia.com/today/HSBCGOLDEQN.svg,https://nsearchives.nseindia.com/30d/HSBCGOLD-EQ.svg,,EQ
EMULTIMQ,Nifty500 Multicap Momentum Quality 50 Total Return Index,41.38,41.76,41.11,41.11,-0.41,-0.99,9962,413423,41.2943,43.54,36.25,-,-,-3.1338360037700244,-2.6982248520710073,41.52,0,-2.17,-1.26,22-Sep-2025,21-Aug-2026,-,-2.6982248520710073,-,-3.1338360037700244,5.581074873679375,-13.406896551724136,https://nsearchives.nseindia.com/today/EMULTIMQEQN.svg,https://nsearchives.nseindia.com/30d/EMULTIMQ-EQ.svg,https://nsearchives.nseindia.com/365d/EMULTIMQ-EQ.svg,EQ
ABSLNN50ET,Nifty Next 50,76,76.39,75.88,76.13,0.16,0.21,5408,411548.8,75.6928,80.33,63.02,25-NOV-21, FACE VALUE SPLIT (SUB-DIVISION) - FROM RS 10/- PER SHARE TO RE 1/- PER SHARE,4.187765156699059,-2.2470467385721626,75.97,0,3.97,-2.28,22-Sep-2025,21-Aug-2026, FACE VALUE SPLIT (SUB-DIVISION) - FROM RS 10/- PER SHARE TO RE 1/- PER SHARE,-2.2470467385721626,25-NOV-21,4.187765156699059,5.22843271505042,-20.802919708029187,https://nsearchives.nseindia.com/today/ABSLNN50ETEQN.svg,https://nsearchives.nseindia.com/30d/ABSLNN50ET-EQ.svg,https://nsearchives.nseindia.com/365d/ABSLNN50ET-EQ.svg,EQ
SETF10GILT,Nifty 10 yr Benchmark G-Sec Index,263.1,263.89,263.01,263.59,1.06,0.40,1501,395513.5,263.8133,272.31,250.95,-,-,2.0282562415327856,-0.35158022077725953,262.53,0,1.62,-0.82,22-Sep-2025,21-Aug-2026,-,-0.35158022077725953,-,2.0282562415327856,3.2022327494399865,-5.036859932257417,https://nsearchives.nseindia.com/today/SETF10GILTEQN.svg,https://nsearchives.nseindia.com/30d/SETF10GILT-EQ.svg,https://nsearchives.nseindia.com/365d/SETF10GILT-EQ.svg,EQ
NETF,Tata Nifty 50 Exchange Traded Fund,255.9,256,254.01,254.62,-0.37,-0.15,1481,376899.69,254.1942,292.9,240.66,-,-,-6.130875576036865,-3.0536095035028867,254.99,0,-5.99,-3.54,22-Sep-2025,21-Aug-2026,-,-3.0536095035028867,-,-6.130875576036865,13.069306930693061,-5.800714701238265,https://nsearchives.nseindia.com/today/NETFEQN.svg,https://nsearchives.nseindia.com/30d/NETF-EQ.svg,https://nsearchives.nseindia.com/365d/NETF-EQ.svg,EQ
ENERGYAXIS,Nifty Energy,19.37,19.37,18.88,18.92,0.03,0.16,19447,367937.24,18.9076,19.99,18.48,-,-,Infinity,Infinity,18.89,0,0,0,,,-,Infinity,-,Infinity,5.3526763381690685,-2.380952380952388,https://nsearchives.nseindia.com/today/ENERGYAXISEQN.svg,,,EQ
LOWVOL,Mirae Asset Nifty 100 Low Volatility 30 ETF,199.91,200.17,199.67,200.09,0.32,0.16,1760,351876.8,199.2607,219.1,183.58,-,-,-4.841394397679178,-3.964482841372686,199.77,0,-4.99,-3.92,22-Sep-2025,21-Aug-2026,-,-3.964482841372686,-,-4.841394397679178,8.676403468735733,-8.993354395903687,https://nsearchives.nseindia.com/today/LOWVOLEQN.svg,https://nsearchives.nseindia.com/30d/LOWVOL-EQ.svg,https://nsearchives.nseindia.com/365d/LOWVOL-EQ.svg,EQ
BANKBETF,Bajaj Finserv Nifty Bank ETF,57.27,57.71,57.23,57.65,0.45,0.79,5950,342660.5,57.2223,63.9,50.71,-,-,2.8179061886927026,-1.1488340192043924,57.2,0,2.02,-2.37,22-Sep-2025,21-Aug-2026,-,-1.1488340192043924,-,2.8179061886927026,9.780907668231611,-13.685663577203703,https://nsearchives.nseindia.com/today/BANKBETFEQN.svg,https://nsearchives.nseindia.com/30d/BANKBETF-EQ.svg,https://nsearchives.nseindia.com/365d/BANKBETF-EQ.svg,EQ
SBINMID150,Nifty Midcap 150 Index,23.39,23.39,22.51,23,0.07,0.31,14740,337693.4,22.851,24.06,19.81,-,-,Infinity,-2.210884353741495,22.93,0,0,-2.18,,21-Aug-2026,-,-2.210884353741495,-,Infinity,4.405652535328341,-16.102978293791022,https://nsearchives.nseindia.com/today/SBINMID150EQN.svg,https://nsearchives.nseindia.com/30d/SBINMID150-EQ.svg,,EQ
HEALTHAXIS,Nifty Healthcare Index,170.32,175,170.32,175,3.78,2.21,1915,328633.15,170.1799,190,135.2,-,-,Infinity,5.060935342498653,171.22,0,0,2.32,,21-Aug-2026,-,5.060935342498653,-,Infinity,7.894736842105263,-29.437869822485215,https://nsearchives.nseindia.com/today/HEALTHAXISEQN.svg,https://nsearchives.nseindia.com/30d/HEALTHAXIS-EQ.svg,,EQ
GROWWN200,Nifty 200 Index- Total Return Index,11.27,11.27,11.04,11.18,0.13,1.18,29199,324984.87,11.063,12.14,9.91,-,-,-2.272727272727271,-2.5283347863993106,11.05,0,-3.41,-3.75,22-Sep-2025,21-Aug-2026,-,-2.5283347863993106,-,-2.272727272727271,7.9077429983525604,-12.815338042381429,https://nsearchives.nseindia.com/today/GROWWN200EQN.svg,https://nsearchives.nseindia.com/30d/GROWWN200-EQ.svg,https://nsearchives.nseindia.com/365d/GROWWN200-EQ.svg,EQ
PVTBKGROWW,Nifty Private Bank Index - TRI,27.14,28.32,27.14,27.39,0,0.00,11550,320512.5,27.407,29.57,25.45,-,-,Infinity,-0.29122679286493736,27.39,0,0,-1.33,,21-Aug-2026,-,-0.29122679286493736,-,Infinity,7.3723368278660795,-7.622789783889985,https://nsearchives.nseindia.com/today/PVTBKGROWWEQN.svg,https://nsearchives.nseindia.com/30d/PVTBKGROWW-EQ.svg,,EQ
BANK10ADD,BSE Top 10 Banks Index (TRI),16.63,16.72,16.57,16.57,0.01,0.06,18817,313303.05,16.6002,18.99,12.08,-,-,Infinity,-2.241887905604714,16.56,0,0,-2.01,,21-Aug-2026,-,-2.241887905604714,-,Infinity,12.743549236440224,-37.16887417218543,https://nsearchives.nseindia.com/today/BANK10ADDEQN.svg,https://nsearchives.nseindia.com/30d/BANK10ADD-EQ.svg,,EQ
MONEXT50,Nifty Next 50 Total Return Index,71,72.7,70.54,72.7,1.16,1.62,4257,307525.68,71.7757,75.89,59.43,-,-,3.8423082416797567,-1.9687162891046304,71.54,0,2.19,-3.3,22-Sep-2025,21-Aug-2026,-,-1.9687162891046304,-,3.8423082416797567,4.2034523652655125,-22.328790173313145,https://nsearchives.nseindia.com/today/MONEXT50EQN.svg,https://nsearchives.nseindia.com/30d/MONEXT50-EQ.svg,https://nsearchives.nseindia.com/365d/MONEXT50-EQ.svg,EQ
SECLEDBETA,BSE India Sector Leaders,14.92,14.92,14.3,14.36,0.05,0.35,21005,301631.8,14.2855,15.5,14.21,-,-,Infinity,Infinity,14.31,0,0,0,,,-,Infinity,-,Infinity,7.354838709677423,-1.0555946516537549,https://nsearchives.nseindia.com/today/SECLEDBETAEQN.svg,,,EQ
NIFTYQLITY,Aditya Birla Sun Life Nifty 200 Quality 30 ETF,20.39,20.63,20.39,20.61,0.22,1.08,14102,289514.06,20.5274,23.03,18.95,-,-,-5.415328132170719,-4.6274872744099955,20.39,0,-6.42,-5.6,22-Sep-2025,21-Aug-2026,-,-4.6274872744099955,-,-5.415328132170719,10.508033000434223,-8.759894459102902,https://nsearchives.nseindia.com/today/NIFTYQLITYEQN.svg,https://nsearchives.nseindia.com/30d/NIFTYQLITY-EQ.svg,https://nsearchives.nseindia.com/365d/NIFTYQLITY-EQ.svg,EQ
FMCGADD,Nifty FMCG Index (TRI),45.84,46.65,45.43,46.65,0.81,1.77,5975,275806,45.8607,51.09,45.01,-,-,Infinity,-2.0986358866736623,45.84,0,0,-4.32,,21-Aug-2026,-,-2.0986358866736623,-,Infinity,8.690546095126257,-3.6436347478338162,https://nsearchives.nseindia.com/today/FMCGADDEQN.svg,https://nsearchives.nseindia.com/30d/FMCGADD-EQ.svg,,EQ
SMALLIETF,Nifty Smallcap 250 Index,18.28,18.55,18.22,18.55,0.21,1.15,14497,267324.68,18.2993,19.49,17.4,-,-,Infinity,0.5420054200542083,18.34,0,0,-0.76,,21-Aug-2026,-,0.5420054200542083,-,Infinity,4.822986146741908,-6.609195402298863,https://nsearchives.nseindia.com/today/SMALLIETFEQN.svg,https://nsearchives.nseindia.com/30d/SMALLIETF-EQ.svg,,EQ
SMALLGROWW,Nifty Smallcap 250 Momentum Quality 100 Index TRI,48.84,49.5,48.84,49.49,0.65,1.33,5404,265066.2,48.8541,50.84,39.41,-,-,Infinity,0.7532573289902373,48.84,0,0,-0.49,,21-Aug-2026,-,0.7532573289902373,-,Infinity,2.65538945712038,-25.577264653641226,https://nsearchives.nseindia.com/today/SMALLGROWWEQN.svg,https://nsearchives.nseindia.com/30d/SMALLGROWW-EQ.svg,,EQ
TOP20,Nifty Top 20 Equal Weight,8.64,8.67,8.62,8.65,0.01,0.12,29905,258379.2,8.6246,9.99,8,-,-,Infinity,-3.5674470457079184,8.64,0,0,-4,,21-Aug-2026,-,-3.5674470457079184,-,Infinity,13.413413413413414,-8.125000000000004,https://nsearchives.nseindia.com/today/TOP20EQN.svg,https://nsearchives.nseindia.com/30d/TOP20-EQ.svg,,EQ
HDFCQUAL,HDFC NIFTY100 Quality 30 ETF,57.09,57.19,56.9,56.9,0.08,0.14,4383,249787.17,56.8965,61.87,51.91,-,-,-3.820148749154831,-3.722504230118448,56.82,0,-3.96,-4.1,22-Sep-2025,21-Aug-2026,-,-3.722504230118448,-,-3.820148749154831,8.03297236140294,-9.612791369678295,https://nsearchives.nseindia.com/today/HDFCQUALEQN.svg,https://nsearchives.nseindia.com/30d/HDFCQUAL-EQ.svg,https://nsearchives.nseindia.com/365d/HDFCQUAL-EQ.svg,EQ
BANK10BETF,Bajaj Finserv BSE Top 10 Banks ETF,20.52,20.55,20.45,20.46,-0.04,-0.20,12037,246517.76,20.4243,24.9,19.73,-,-,Infinity,-2.4785510009532867,20.5,0,0,-3.48,,21-Aug-2026,-,-2.4785510009532867,-,Infinity,17.83132530120481,-3.6999493157628,https://nsearchives.nseindia.com/today/BANK10BETFEQN.svg,https://nsearchives.nseindia.com/30d/BANK10BETF-EQ.svg,,EQ
SENSEXAXIS,AXIS S&P BSE SENSEX ETF,75.74,77.92,75.74,77.89,0.2,0.26,3174,246270.66,77.4155,91.35,73.52,-,-,Infinity,-2.7833250124812827,77.69,0,0,-3.71,,21-Aug-2026,-,-2.7833250124812827,-,Infinity,14.734537493158177,-5.943960826985861,https://nsearchives.nseindia.com/today/SENSEXAXISEQN.svg,https://nsearchives.nseindia.com/30d/SENSEXAXIS-EQ.svg,,EQ
EQUAL50,Nifty50 Equal Weight,323.66,325.17,323.63,325.17,1.68,0.52,757,245896.31,323.0736,342.88,295.16,-,-,0.05846513631608029,-2.7950496233408963,323.49,0,-0.46,-3.42,22-Sep-2025,21-Aug-2026,-,-2.7950496233408963,-,0.05846513631608029,5.165072328511426,-10.167366851876944,https://nsearchives.nseindia.com/today/EQUAL50EQN.svg,https://nsearchives.nseindia.com/30d/EQUAL50-EQ.svg,https://nsearchives.nseindia.com/365d/EQUAL50-EQ.svg,EQ
MON50EQUAL,Nifty 50 Equal Weight Total Return Index,32.95,34,32.4,32.73,0.1,0.31,6530,213335.1,32.3976,36,29.43,-,-,0.6148170919151421,-3.508254716981146,32.63,0,0.31,-3,22-Sep-2025,21-Aug-2026,-,-3.508254716981146,-,0.6148170919151421,9.083333333333343,-11.213047910295607,https://nsearchives.nseindia.com/today/MON50EQUALEQN.svg,https://nsearchives.nseindia.com/30d/MON50EQUAL-EQ.svg,https://nsearchives.nseindia.com/365d/MON50EQUAL-EQ.svg,EQ
UNIONGOLD,Commodity Gold,147.9,150,147.4,147.4,-0.5,-0.34,1434,212447.1,147.8472,177,108.95,-,-,34.61187214611873,-6.561014263074482,147.9,0,35.07,-4.7,22-Sep-2025,21-Aug-2026,-,-6.561014263074482,-,34.61187214611873,16.723163841807906,-35.29141808168885,https://nsearchives.nseindia.com/today/UNIONGOLDEQN.svg,https://nsearchives.nseindia.com/30d/UNIONGOLD-EQ.svg,https://nsearchives.nseindia.com/365d/UNIONGOLD-EQ.svg,EQ
QUALITY30,Nifty200 Quality 30 Index,20.05,20.05,19.9,19.95,-0.01,-0.05,10142,201927.22,19.926,23.18,18.09,-,-,-5.629139072847688,-4.178674351585019,19.96,0,-5.58,-5.09,22-Sep-2025,21-Aug-2026,-,-4.178674351585019,-,-5.629139072847688,13.9344262295082,-10.281923714759532,https://nsearchives.nseindia.com/today/QUALITY30EQN.svg,https://nsearchives.nseindia.com/30d/QUALITY30-EQ.svg,https://nsearchives.nseindia.com/365d/QUALITY30-EQ.svg,EQ
MOMETAL,Nifty Metal Index,13.28,13.36,12.82,13.36,0.34,2.61,15114,198144.54,12.9905,14.49,12.54,-,-,Infinity,0,13.02,0,0,-1.29,,21-Aug-2026,-,0,-,Infinity,7.798481711525196,-6.539074960127595,https://nsearchives.nseindia.com/today/MOMETALEQN.svg,https://nsearchives.nseindia.com/30d/MOMETAL-EQ.svg,,EQ
IVZINNIFTY,Nifty 50,274.7,274.7,267.97,269.47,1.47,0.55,711,191059.92,267.8375,315,251.1,31-JUL-26,FACE VALUE SPLIT (SUB-DIVISION) - FROM RS 10/- PER SHARE TO RE 1/- PER SHARE,-90.59480929245545,-2.963629816348564,268,0,-90.65,-3.6,22-Sep-2025,21-Aug-2026,FACE VALUE SPLIT (SUB-DIVISION) - FROM RS 10/- PER SHARE TO RE 1/- PER SHARE,-2.963629816348564,31-JUL-26,-90.59480929245545,14.453968253968245,-7.315810434090017,https://nsearchives.nseindia.com/today/IVZINNIFTYEQN.svg,https://nsearchives.nseindia.com/30d/IVZINNIFTY-EQ.svg,https://nsearchives.nseindia.com/365d/IVZINNIFTY-EQ.svg,EQ
EMETAL,Nifty Metal Total Return Index,12.99,13.31,12.99,13.23,0.31,2.40,12959,170540.44,12.9802,15.21,12.41,-,-,Infinity,-0.9730538922155615,12.92,0,0,-1.37,,21-Aug-2026,-,-0.9730538922155615,-,Infinity,13.017751479289943,-6.607574536663983,https://nsearchives.nseindia.com/today/EMETALEQN.svg,https://nsearchives.nseindia.com/30d/EMETAL-EQ.svg,,EQ
PVTBANK,Nifty Private Bank,27.47,27.58,27.39,27.39,0.09,0.33,6185,169407.15,27.371,28.33,27.01,-,-,Infinity,-1.1191335740072157,27.3,0,0,-1.52,,21-Aug-2026,-,-1.1191335740072157,-,Infinity,3.3180374161666,-1.406886338393184,https://nsearchives.nseindia.com/today/PVTBANKEQN.svg,https://nsearchives.nseindia.com/30d/PVTBANK-EQ.svg,,EQ
SBIETFCON,Nifty India Consumption Index,120.47,120.47,118.81,119,0.07,0.06,1411,168360.52,118.7512,133.97,100,-,-,-7.342521217784012,-3.6046982584042144,118.93,0,-7.4,-4.14,22-Sep-2025,21-Aug-2026,-,-3.6046982584042144,-,-7.342521217784012,11.17414346495484,-19,https://nsearchives.nseindia.com/today/SBIETFCONEQN.svg,https://nsearchives.nseindia.com/30d/SBIETFCON-EQ.svg,https://nsearchives.nseindia.com/365d/SBIETFCON-EQ.svg,EQ
BBNPNBETF,Baroda BNP Paribas NIFTY Bank ETF,57.08,57.26,56.9,57.19,0.67,1.19,2734,155591.94,56.7289,62.77,50.03,-,-,2.93376529877609,-2.422794744924077,56.52,0,1.73,-2.9,22-Sep-2025,21-Aug-2026,-,-2.422794744924077,-,2.93376529877609,8.889596941213965,-14.311413152108727,https://nsearchives.nseindia.com/today/BBNPNBETFEQN.svg,https://nsearchives.nseindia.com/30d/BBNPNBETF-EQ.svg,https://nsearchives.nseindia.com/365d/BBNPNBETF-EQ.svg,EQ
MONIFTY100,Nifty 100 Total Return Index,24.74,24.9,24.66,24.66,-0.06,-0.24,5815,143746.8,24.6395,27.97,22.38,-,-,Infinity,-3.4455755677368796,24.72,0,0,-3.1,,21-Aug-2026,-,-3.4455755677368796,-,Infinity,11.834107972828026,-10.18766756032172,https://nsearchives.nseindia.com/today/MONIFTY100EQN.svg,https://nsearchives.nseindia.com/30d/MONIFTY100-EQ.svg,,EQ
ESG,NIFTY100 ESG SECTOR LEADERS,40.22,40.36,40.11,40.29,0.2,0.50,3312,133341.12,40.1016,45.06,37.52,-,-,-6.908502772643258,-3.125751382543891,40.09,0,-7.37,-3.88,22-Sep-2025,21-Aug-2026,-,-3.125751382543891,-,-6.908502772643258,10.585885486018649,-7.382729211087409,https://nsearchives.nseindia.com/today/ESGEQN.svg,https://nsearchives.nseindia.com/30d/ESG-EQ.svg,https://nsearchives.nseindia.com/365d/ESG-EQ.svg,EQ
MOGSEC,Nifty 5 yr Benchmark G-Sec Index,65.25,65.49,64.95,65.44,0.41,0.63,1851,121036.89,65.1702,67.33,60.74,-,-,5.24284335799292,0.12239902080783092,65.03,0,4.58,-0.47,22-Sep-2025,21-Aug-2026,-,0.12239902080783092,-,5.24284335799292,2.8070696569137095,-7.7378992426736835,https://nsearchives.nseindia.com/today/MOGSECEQN.svg,https://nsearchives.nseindia.com/30d/MOGSEC-EQ.svg,https://nsearchives.nseindia.com/365d/MOGSEC-EQ.svg,EQ
MOINFRA,BSE India Infrastructure Total Return Index,58.14,59,58.14,58.72,1.16,2.02,2057,119984.81,58.0397,66,54.6,-,-,-5.305595871633606,-1.2113055181695809,57.56,0,-7.18,-3.42,22-Sep-2025,21-Aug-2026,-,-1.2113055181695809,-,-5.305595871633606,11.030303030303031,-7.545787545787541,https://nsearchives.nseindia.com/today/MOINFRAEQN.svg,https://nsearchives.nseindia.com/30d/MOINFRA-EQ.svg,https://nsearchives.nseindia.com/365d/MOINFRA-EQ.svg,EQ
CONS,Kotak Nifty India Consumption ETF,11.85,11.93,11.85,11.85,0,0.00,9806,116299.16,11.8416,13.12,10.2,27-FEB-26,FACE VALUE SPLIT (SUB-DIVISION) - FROM RS 10/- PER SHARE TO RE 1/- PER SHARE,-90.73567352044407,-4.126213592233008,11.85,0,-90.74,-4.28,22-Sep-2025,21-Aug-2026,FACE VALUE SPLIT (SUB-DIVISION) - FROM RS 10/- PER SHARE TO RE 1/- PER SHARE,-4.126213592233008,27-FEB-26,-90.73567352044407,9.679878048780486,-16.176470588235297,https://nsearchives.nseindia.com/today/CONSEQN.svg,https://nsearchives.nseindia.com/30d/CONS-EQ.svg,https://nsearchives.nseindia.com/365d/CONS-EQ.svg,EQ
SENSEXADD,DSP S&P BSE Sensex ETF,77.22,77.53,77,77,-0.06,-0.08,1463,112885.08,76.9514,88.2,73.27,-,-,-8.42055185537583,-3.6657074940573082,77.06,0,-8.35,-3.25,22-Sep-2025,21-Aug-2026,-,-3.6657074940573082,-,-8.42055185537583,12.698412698412701,-5.0907602019926355,https://nsearchives.nseindia.com/today/SENSEXADDEQN.svg,https://nsearchives.nseindia.com/30d/SENSEXADD-EQ.svg,https://nsearchives.nseindia.com/365d/SENSEXADD-EQ.svg,EQ
MIDCAPBETA,UTI Nifty Midcap 150 Exchange Traded Fund (ETF),232,232,230.67,230.8,-1.2,-0.52,480,111249.6,230.4703,240,192.5,-,-,Infinity,-2.3275497249259414,232,0,0,-1.69,,21-Aug-2026,-,-2.3275497249259414,-,Infinity,3.8333333333333286,-19.896103896103902,https://nsearchives.nseindia.com/today/MIDCAPBETAEQN.svg,https://nsearchives.nseindia.com/30d/MIDCAPBETA-EQ.svg,,EQ
LICNETFGSC,Nifty 8-13 Yr Gsec,29.18,29.4,29.18,29.26,0.05,0.17,3719,109003.89,29.3411,30.53,27.59,-,-,3.137116672541419,-1.0148849797022907,29.21,0,2.96,-1.15,22-Sep-2025,21-Aug-2026,-,-1.0148849797022907,-,3.137116672541419,4.159842777595806,-6.052917723812982,https://nsearchives.nseindia.com/today/LICNETFGSCEQN.svg,https://nsearchives.nseindia.com/30d/LICNETFGSC-EQ.svg,https://nsearchives.nseindia.com/365d/LICNETFGSC-EQ.svg,EQ
MOMGF,Nifty India Manufacturing Total Return Index,159.4,160.04,158.49,159.97,0.55,0.35,673,107020.46,158.6005,182.16,137.9,-,-,-12.181598594642074,-2.564258740406875,159.42,0,-12.48,-3.49,22-Sep-2025,21-Aug-2026,-,-2.564258740406875,-,-12.181598594642074,12.181598594642074,-16.004350978970262,https://nsearchives.nseindia.com/today/MOMGFEQN.svg,https://nsearchives.nseindia.com/30d/MOMGF-EQ.svg,https://nsearchives.nseindia.com/365d/MOMGF-EQ.svg,EQ
MIDCAPADD,Nifty Midcap 150 Index,22.89,22.96,22.86,22.86,-0.03,-0.13,4503,103163.73,22.852,25.5,19.27,-,-,Infinity,-2.681992337164747,22.89,0,0,-2.26,,21-Aug-2026,-,-2.681992337164747,-,Infinity,10.35294117647059,-18.629994810586403,https://nsearchives.nseindia.com/today/MIDCAPADDEQN.svg,https://nsearchives.nseindia.com/30d/MIDCAPADD-EQ.svg,,EQ
INFRA,Nifty India Infrastructure & Logistics,11.82,11.89,11.81,11.88,0.1,0.85,8414,99790.04,11.7945,13.27,10.14,-,-,Infinity,-2.2222222222222188,11.78,0,0,-3.28,,21-Aug-2026,-,-2.2222222222222188,-,Infinity,10.474755086661634,-17.15976331360947,https://nsearchives.nseindia.com/today/INFRAEQN.svg,https://nsearchives.nseindia.com/30d/INFRA-EQ.svg,,EQ
BBNPPGOLD,Baroda BNP Paribas Gold ETF,147.3,149.3,146,146.4,-0.2,-0.14,670,98228.7,146.225,184.05,106.55,-,-,34.004576659038904,-6.183915411727014,146.6,0,34.19,-4.5,22-Sep-2025,21-Aug-2026,-,-6.183915411727014,-,34.004576659038904,20.45639771801141,-37.400281557954024,https://nsearchives.nseindia.com/today/BBNPPGOLDEQN.svg,https://nsearchives.nseindia.com/30d/BBNPPGOLD-EQ.svg,https://nsearchives.nseindia.com/365d/BBNPPGOLD-EQ.svg,EQ
MIDBANKADD,BSE MidSmall Private Banks Index,17.19,17.31,17.19,17.31,0.25,1.47,5644,97302.56,17.0486,18.22,16.94,-,-,Infinity,-0.9158557527189476,17.06,0,0,-3.34,,21-Aug-2026,-,-0.9158557527189476,-,Infinity,4.99451152579583,-2.1841794569067146,https://nsearchives.nseindia.com/today/MIDBANKADDEQN.svg,https://nsearchives.nseindia.com/30d/MIDBANKADD-EQ.svg,,EQ
VALUE,Nifty 500 Value 50,15.83,15.95,15.82,15.94,0.15,0.95,5761,91484.68,15.7904,19.69,14.83,-,-,Infinity,-1.2391573729863758,15.79,0,0,-2.11,,21-Aug-2026,-,-1.2391573729863758,-,Infinity,19.045200609446425,-7.484828051247468,https://nsearchives.nseindia.com/today/VALUEEQN.svg,https://nsearchives.nseindia.com/30d/VALUE-EQ.svg,,EQ
ABSL10BANK,BSE Top 10 Banks Index,166.48,166.8,166.09,166.8,2.51,1.53,546,90898.08,165.9205,214.42,150,-,-,Infinity,-1.3076149340275602,164.29,0,0,-2.88,,21-Aug-2026,-,-1.3076149340275602,-,Infinity,22.20874918384478,-11.200000000000008,https://nsearchives.nseindia.com/today/ABSL10BANKEQN.svg,https://nsearchives.nseindia.com/30d/ABSL10BANK-EQ.svg,,EQ
EQUAL200,BSE 200 Equal Weight,13.58,13.65,13.58,13.65,0.08,0.59,6344,86532.16,11.499,14.6,11.75,-,-,2.7861445783132606,-2.4303073624017144,13.57,0,2.18,-2.86,22-Sep-2025,21-Aug-2026,-,-2.4303073624017144,-,2.7861445783132606,6.5068493150684885,-16.170212765957448,https://nsearchives.nseindia.com/today/EQUAL200EQN.svg,https://nsearchives.nseindia.com/30d/EQUAL200-EQ.svg,https://nsearchives.nseindia.com/365d/EQUAL200-EQ.svg,EQ
SNXT30BEES,BSE Sensex Next 30 Index,41,42.28,41,42.28,0.22,0.52,1972,83060.64,41.9573,44.56,36.83,-,-,6.124497991967865,-2.1296296296296333,42.06,0,5.57,-2.82,22-Sep-2025,21-Aug-2026,-,-2.1296296296296333,-,6.124497991967865,5.116696588868943,-14.797719250610921,https://nsearchives.nseindia.com/today/SNXT30BEESEQN.svg,https://nsearchives.nseindia.com/30d/SNXT30BEES-EQ.svg,https://nsearchives.nseindia.com/365d/SNXT30BEES-EQ.svg,EQ
MOIPO,BSE Select IPO Total Return Index,49.23,49.84,48.7,48.97,-0.01,-0.02,1650,81031.5,48.8565,53,36.5,-,-,Infinity,0.26617526617525683,48.98,0,0,-0.2,,21-Aug-2026,-,0.26617526617525683,-,Infinity,7.603773584905663,-34.16438356164384,https://nsearchives.nseindia.com/today/MOIPOEQN.svg,https://nsearchives.nseindia.com/30d/MOIPO-EQ.svg,,EQ
NEXT50ADD,Nifty Next 50 TRI,72.7,72.88,72.61,72.88,0.31,0.43,1066,77487.54,72.2274,81,56.25,-,-,Infinity,-1.9771351714862124,72.57,0,0,-2.37,,21-Aug-2026,-,-1.9771351714862124,-,Infinity,10.024691358024697,-29.564444444444437,https://nsearchives.nseindia.com/today/NEXT50ADDEQN.svg,https://nsearchives.nseindia.com/30d/NEXT50ADD-EQ.svg,,EQ
MOQUALITY,Motilal Oswal S&P BSE Quality ETF,193.46,195.28,193.46,195.28,1.31,0.68,396,77018.04,193.1945,225.6,176.15,-,-,-0.5297473512632397,-3.4605497330433064,193.97,0,-1.2,-4.71,22-Sep-2025,21-Aug-2026,-,-3.4605497330433064,-,-0.5297473512632397,13.439716312056733,-10.860062446778311,https://nsearchives.nseindia.com/today/MOQUALITYEQN.svg,https://nsearchives.nseindia.com/30d/MOQUALITY-EQ.svg,https://nsearchives.nseindia.com/365d/MOQUALITY-EQ.svg,EQ
LICNFNHGP,Nifty 100,270.71,275,269.66,274.19,1.64,0.60,276,75011.28,268.4682,296.41,248.02,-,-,-3.379378391711881,-1.6358744394618843,272.55,0,-3.96,-2.56,22-Sep-2025,21-Aug-2026,-,-1.6358744394618843,-,-3.379378391711881,7.49637326675889,-10.551568421901454,https://nsearchives.nseindia.com/today/LICNFNHGPEQN.svg,https://nsearchives.nseindia.com/30d/LICNFNHGP-EQ.svg,https://nsearchives.nseindia.com/365d/LICNFNHGP-EQ.svg,EQ
GROWWLOVOL,Nifty 500 Low Volatility 50 Index   TRI,10.32,10.32,10.1,10.19,0.01,0.10,7317,74121.21,10.1156,11.1,9.39,-,-,-3.044719314938157,-2.674307545367728,10.18,0,-3.14,-1.83,22-Sep-2025,21-Aug-2026,-,-2.674307545367728,-,-3.044719314938157,8.1981981981982,-8.519701810436622,https://nsearchives.nseindia.com/today/GROWWLOVOLEQN.svg,https://nsearchives.nseindia.com/30d/GROWWLOVOL-EQ.svg,https://nsearchives.nseindia.com/365d/GROWWLOVOL-EQ.svg,EQ
BSLSENETFG,BSE SENSEX Index,75.66,75.83,75.17,75.5,0.34,0.45,931,70253.26,75.229,87.82,70.32,25-NOV-21, FACE VALUE SPLIT (SUB-DIVISION) - FROM RS 10/- PER SHARE TO RE 1- PER SHARE,-8.06137359961033,-2.9438231135107418,75.16,0,-8.48,-3.78,22-Sep-2025,21-Aug-2026, FACE VALUE SPLIT (SUB-DIVISION) - FROM RS 10/- PER SHARE TO RE 1- PER SHARE,-2.9438231135107418,25-NOV-21,-8.06137359961033,14.028695058073325,-7.366325369738349,https://nsearchives.nseindia.com/today/BSLSENETFGEQN.svg,https://nsearchives.nseindia.com/30d/BSLSENETFG-EQ.svg,https://nsearchives.nseindia.com/365d/BSLSENETFG-EQ.svg,EQ
SNXT50BETA,BSE Sensex Next 50,92.66,94.35,92.52,93.01,0.35,0.38,731,68531.25,93.4845,99,77.11,17-FEB-21, FACE VALUE SPLIT (SUB-DIVISION) - FROM RS 10/- PER UNIT TO RE 1/- PER UNIT,Infinity,-2.6990270948844004,92.66,0,0,-3.6,,21-Aug-2026, FACE VALUE SPLIT (SUB-DIVISION) - FROM RS 10/- PER UNIT TO RE 1/- PER UNIT,-2.6990270948844004,17-FEB-21,Infinity,6.050505050505046,-20.61989365841007,https://nsearchives.nseindia.com/today/SNXT50BETAEQN.svg,https://nsearchives.nseindia.com/30d/SNXT50BETA-EQ.svg,,EQ
ESENSEX,BSE Sensex TRI,75.58,75.68,75.28,75.53,0.13,0.17,872,65644.16,75.0941,88.05,71.87,-,-,Infinity,-3.0423620025674,75.4,0,0,-3.77,,21-Aug-2026,-,-3.0423620025674,-,Infinity,14.21919363997728,-5.092528175873099,https://nsearchives.nseindia.com/today/ESENSEXEQN.svg,https://nsearchives.nseindia.com/30d/ESENSEX-EQ.svg,,EQ
LIQUIDBETA,Nifty 1D Rate Index,1004,1009.1,1003.79,1009.1,0.27,0.03,61,61543.51,1008.955,1019,981.86,-,-,Infinity,0.366016192238076,1008.83,0,0,0.35,,21-Aug-2026,-,0.366016192238076,-,Infinity,0.9715407262021567,-2.774326278695538,https://nsearchives.nseindia.com/today/LIQUIDBETAEQN.svg,https://nsearchives.nseindia.com/30d/LIQUIDBETA-EQ.svg,,EQ
DIVIDEND,BSE 500 Dividend Leaders,35,35.07,34.92,35.02,0.16,0.46,1526,53348.96,34.8296,38.03,33.15,-,-,Infinity,-2.3152022315202183,34.86,0,0,-2.16,,21-Aug-2026,-,-2.3152022315202183,-,Infinity,7.9148041020247115,-5.641025641025655,https://nsearchives.nseindia.com/today/DIVIDENDEQN.svg,https://nsearchives.nseindia.com/30d/DIVIDEND-EQ.svg,,EQ
ABGSEC,Aditya Birla Sun Life CRISIL Broad Based Gilt ETF,114.15,114.4,114.02,114.39,0.24,0.21,464,53067.68,114.217,118,109.5,-,-,3.4548249977389958,-0.6168549087749728,114.15,0,3.24,-0.8,22-Sep-2025,21-Aug-2026,-,-0.6168549087749728,-,3.4548249977389958,3.0593220338983045,-4.465753424657534,https://nsearchives.nseindia.com/today/ABGSECEQN.svg,https://nsearchives.nseindia.com/30d/ABGSEC-EQ.svg,https://nsearchives.nseindia.com/365d/ABGSEC-EQ.svg,EQ
ELMDIV,Index (BSE LargeMid (60:40) Stable Dividend 50),35.7,36.7,35.46,35.76,0.24,0.68,1472,52727.04,35.3675,38.67,35.1,-,-,Infinity,-3.089430894308945,35.52,0,0,-3.43,,21-Aug-2026,-,-3.089430894308945,-,Infinity,7.525213343677278,-1.8803418803418706,https://nsearchives.nseindia.com/today/ELMDIVEQN.svg,https://nsearchives.nseindia.com/30d/ELMDIV-EQ.svg,,EQ
MOBANK10,BSE Top 10 Banks Total Return Index,16.93,16.93,16.59,16.71,-0.06,-0.36,2791,46470.15,16.6051,20,15.75,-,-,Infinity,-1.3577331759149964,16.77,0,0,-1.29,,21-Aug-2026,-,-1.3577331759149964,-,Infinity,16.449999999999996,-6.0952380952381,https://nsearchives.nseindia.com/today/MOBANK10EQN.svg,https://nsearchives.nseindia.com/30d/MOBANK10-EQ.svg,,EQ
IVZSENSEX,BSE Sensex TRI,74.6,75.11,73.8,75.11,0.51,0.68,620,46425.6,74.5735,79.2,73.73,-,-,Infinity,-3.0213040671400946,74.6,0,0,-4.08,,21-Aug-2026,-,-3.0213040671400946,-,Infinity,5.164141414141418,-1.871694018716934,https://nsearchives.nseindia.com/today/IVZSENSEXEQN.svg,https://nsearchives.nseindia.com/30d/IVZSENSEX-EQ.svg,,EQ
MOSERVICE,Nifty Services Sector Total Return Index,30.32,30.38,30.15,30.38,0.18,0.60,1424,43004.8,30.1481,35.37,28.3,-,-,Infinity,-2.3151125401929336,30.2,0,0,-3.14,,21-Aug-2026,-,-2.3151125401929336,-,Infinity,14.10800113090189,-7.349823321554764,https://nsearchives.nseindia.com/today/MOSERVICEEQN.svg,https://nsearchives.nseindia.com/30d/MOSERVICE-EQ.svg,,EQ
MSCIINDIA,MSCI India Index,29.23,29.31,29.13,29.3,0.11,0.38,1386,40471.2,29.103,32.14,26.5,-,-,-2.8192371475953495,-2.202937249666222,29.19,0,-3.18,-3.22,22-Sep-2025,21-Aug-2026,-,-2.202937249666222,-,-2.8192371475953495,8.836341008089608,-10.56603773584906,https://nsearchives.nseindia.com/today/MSCIINDIAEQN.svg,https://nsearchives.nseindia.com/30d/MSCIINDIA-EQ.svg,https://nsearchives.nseindia.com/365d/MSCIINDIA-EQ.svg,EQ
GILT5BETA,UTI Nifty 5 yr Benchmark G-Sec ETF,65.55,66.59,65.55,66.25,-0.34,-0.51,603,39713.58,66.2082,69,61.51,-,-,Infinity,-0.37593984962406013,66.59,0,0,0.3,,21-Aug-2026,-,-0.37593984962406013,-,Infinity,3.9855072463768115,-7.706064054625268,https://nsearchives.nseindia.com/today/GILT5BETAEQN.svg,https://nsearchives.nseindia.com/30d/GILT5BETA-EQ.svg,,EQ
NEXT30ADD,BSE SENSEX Next 30 Index,42.1,42.33,42.05,42.25,0.15,0.36,910,38438.4,42.0763,46.7,36.98,-,-,6.718868401111383,-2.649769585253453,42.1,0,6.34,-5.94,22-Sep-2025,21-Aug-2026,-,-2.649769585253453,-,6.718868401111383,9.528907922912211,-14.250946457544629,https://nsearchives.nseindia.com/today/NEXT30ADDEQN.svg,https://nsearchives.nseindia.com/30d/NEXT30ADD-EQ.svg,https://nsearchives.nseindia.com/365d/NEXT30ADD-EQ.svg,EQ
SBIVALETF,Nifty200 Value 30 Index,14.46,14.58,14.46,14.58,0.12,0.83,2471,35903.63,14.4269,17.7,14.21,-,-,Infinity,-1.6194331983805683,14.46,0,0,-2.17,,21-Aug-2026,-,-1.6194331983805683,-,Infinity,17.627118644067796,-2.603800140745948,https://nsearchives.nseindia.com/today/SBIVALETFEQN.svg,https://nsearchives.nseindia.com/30d/SBIVALETF-EQ.svg,,EQ
LICNETFN50,Nifty 50,263.72,264.37,262.79,263.9,0.63,0.24,131,34599.72,261.9852,295,248.17,-,-,-6.2089064221487815,-3.0171621770607606,263.27,0,-6.43,-3.16,22-Sep-2025,21-Aug-2026,-,-3.0171621770607606,-,-6.2089064221487815,10.54237288135594,-6.338397066526974,https://nsearchives.nseindia.com/today/LICNETFN50EQN.svg,https://nsearchives.nseindia.com/30d/LICNETFN50-EQ.svg,https://nsearchives.nseindia.com/365d/LICNETFN50-EQ.svg,EQ
ENIFTY,Nifty 50 TRI,23.04,23.73,23.04,23.65,0.01,0.04,1107,26158.41,23.5285,27.99,22.28,-,-,Infinity,-2.834839769926053,23.64,0,0,-3.35,,21-Aug-2026,-,-2.834839769926053,-,Infinity,15.50553769203287,-6.149012567324943,https://nsearchives.nseindia.com/today/ENIFTYEQN.svg,https://nsearchives.nseindia.com/30d/ENIFTY-EQ.svg,,EQ
MSCI360,MSCI India Index,9.91,10.29,9.9,10.29,0.38,3.83,2370,23557.8,9.8441,12.24,9.6,-,-,Infinity,-11.216566005176881,9.91,0,0,-4.62,,21-Aug-2026,-,-11.216566005176881,-,Infinity,15.931372549019617,-7.187499999999995,https://nsearchives.nseindia.com/today/MSCI360EQN.svg,https://nsearchives.nseindia.com/30d/MSCI360-EQ.svg,,EQ
GSEC10YEAR,Mirae Asset Nifty 8-13 yr G-Sec ETF,30.13,30.5,30.13,30.44,0.32,1.06,727,22057.18,30.3277,31.33,28.39,-,-,4.175222450376463,0.23049061573921725,30.12,0,3.08,-0.89,22-Sep-2025,21-Aug-2026,-,0.23049061573921725,-,4.175222450376463,2.840727736993288,-7.220852412821418,https://nsearchives.nseindia.com/today/GSEC10YEAREQN.svg,https://nsearchives.nseindia.com/30d/GSEC10YEAR-EQ.svg,https://nsearchives.nseindia.com/365d/GSEC10YEAR-EQ.svg,EQ
LARGEMID50,BSE LargeMid (60:40) Stable Dividend 50 TRI (Total Return Index),35.48,35.62,35.48,35.61,0.15,0.42,584,20749.52,35.3769,38,34.95,-,-,Infinity,-2.996458730591123,35.46,0,0,-3.72,,21-Aug-2026,-,-2.996458730591123,-,Infinity,6.289473684210527,-1.8884120171673722,https://nsearchives.nseindia.com/today/LARGEMID50EQN.svg,https://nsearchives.nseindia.com/30d/LARGEMID50-EQ.svg,,EQ
CONSUMAXIS,NIFTY India Consumption Index,118.49,119.1,118.35,118.35,-0.12,-0.10,145,17220.2,118.3944,131.85,105.63,-,-,Infinity,-4.030165423289003,118.47,0,0,-4.19,,21-Aug-2026,-,-4.030165423289003,-,Infinity,10.238907849829351,-12.042033513206476,https://nsearchives.nseindia.com/today/CONSUMAXISEQN.svg,https://nsearchives.nseindia.com/30d/CONSUMAXIS-EQ.svg,,EQ
HDFCLOWVOL,HDFC NIFTY100 Low Volatility 30 ETF,20.05,20.05,19.93,20,0.04,0.20,836,16678.2,19.9074,22.28,18.35,20-OCT-23,FACE VALUE SPLIT (SUB-DIVISION) - FROM RS 126.18/- PER SHARE TO RS 12.618/- PER SHARE,-4.489016236867245,-3.8923594425756787,19.96,0,-4.68,-4.36,22-Sep-2025,21-Aug-2026,FACE VALUE SPLIT (SUB-DIVISION) - FROM RS 126.18/- PER SHARE TO RS 12.618/- PER SHARE,-3.8923594425756787,20-OCT-23,-4.489016236867245,10.233393177737886,-8.99182561307901,https://nsearchives.nseindia.com/today/HDFCLOWVOLEQN.svg,https://nsearchives.nseindia.com/30d/HDFCLOWVOL-EQ.svg,https://nsearchives.nseindia.com/365d/HDFCLOWVOL-EQ.svg,EQ
EBANKNIFTY,Edelweiss Nifty Bank ETF,57.2,57.23,56.99,57.21,0.26,0.46,261,14929.2,56.7559,69.39,50.05,-,-,2.563642882753675,-1.0549982704946375,56.95,0,2.1,-2.1,22-Sep-2025,21-Aug-2026,-,-1.0549982704946375,-,2.563642882753675,17.55296152183312,-14.305694305694313,https://nsearchives.nseindia.com/today/EBANKNIFTYEQN.svg,https://nsearchives.nseindia.com/30d/EBANKNIFTY-EQ.svg,https://nsearchives.nseindia.com/365d/EBANKNIFTY-EQ.svg,EQ
EBANK10,BSE Top 10 Bank Total Return Index,16.45,16.64,16.41,16.64,0.24,1.46,763,12566.61,16.4782,17.9,16.09,-,-,Infinity,-1.1876484560570029,16.4,0,0,-3.19,,21-Aug-2026,-,-1.1876484560570029,-,Infinity,7.039106145251386,-3.4182722187694266,https://nsearchives.nseindia.com/today/EBANK10EQN.svg,https://nsearchives.nseindia.com/30d/EBANK10-EQ.svg,,EQ
IVZBANKNF,Nifty Bank TRI,56.46,56.53,56.38,56.53,0.29,0.52,216,12193.2,56.162,58.45,55.54,-,-,Infinity,-1.5328340010451063,56.24,0,0,-2.14,,21-Aug-2026,-,-1.5328340010451063,-,Infinity,3.284858853721132,-1.782499099747933,https://nsearchives.nseindia.com/today/IVZBANKNFEQN.svg,https://nsearchives.nseindia.com/30d/IVZBANKNF-EQ.svg,,EQ
MOMNC,Nifty MNC ETF Total Return Index,31.53,31.63,31.38,31.61,0.2,0.64,247,7790.38,31.3236,35.8,27.03,-,-,Infinity,-4.674306393244866,31.41,0,0,-5.56,,21-Aug-2026,-,-4.674306393244866,-,Infinity,11.703910614525133,-16.94413614502404,https://nsearchives.nseindia.com/today/MOMNCEQN.svg,https://nsearchives.nseindia.com/30d/MOMNC-EQ.svg,,EQ
MSCIADD,MSCI India Index,28.91,28.91,28.88,28.88,-0.03,-0.10,258,7453.62,28.8054,33.82,26.4,-,-,Infinity,-3.604806408544732,28.91,0,0,-3.28,,21-Aug-2026,-,-3.604806408544732,-,Infinity,14.60674157303371,-9.393939393939396,https://nsearchives.nseindia.com/today/MSCIADDEQN.svg,https://nsearchives.nseindia.com/30d/MSCIADD-EQ.svg,,EQ
GILT10BETA,UTI Nifty 10 yr Benchmark G-Sec ETF,26.5,26.75,26.36,26.41,-0.19,-0.71,183,4851.33,26.5019,27.6,25.1,-,-,Infinity,-0.33962264150943344,26.6,0,0,-0.71,,21-Aug-2026,-,-0.33962264150943344,-,Infinity,4.311594202898555,-5.219123505976091,https://nsearchives.nseindia.com/today/GILT10BETAEQN.svg,https://nsearchives.nseindia.com/30d/GILT10BETA-EQ.svg,,EQ
MOPSE,Nifty PSE Total Return Index,98.42,98.42,98.12,98.42,0,0.00,38,3739.2,98.1471,114.7,93.33,-,-,-0.3946968930270221,-3.377184370704887,98.42,0,-0.39,-0.93,22-Sep-2025,21-Aug-2026,-,-3.377184370704887,-,-0.3946968930270221,14.193548387096774,-5.45376620593593,https://nsearchives.nseindia.com/today/MOPSEEQN.svg,https://nsearchives.nseindia.com/30d/MOPSE-EQ.svg,https://nsearchives.nseindia.com/365d/MOPSE-EQ.svg,EQ
GSEC10IETF,ICICI Prudential Nifty 10 yr Benchmark G-Sec ETF,261.77,264.48,261.77,262,-2.6,-0.98,12,3152.52,263.342,269.59,252.23,-,-,2.0010900879856677,-0.6107507302454435,264.6,0,3.01,-0.6,22-Sep-2025,21-Aug-2026,-,-0.6107507302454435,-,2.0010900879856677,2.8153863273860216,-3.873448836379499,https://nsearchives.nseindia.com/today/GSEC10IETFEQN.svg,https://nsearchives.nseindia.com/30d/GSEC10IETF-EQ.svg,https://nsearchives.nseindia.com/365d/GSEC10IETF-EQ.svg,EQ
ABSLMSCIN,MSCI India Index,28.94,29.03,28.83,29.03,0.23,0.80,77,2221.45,28.7883,35.34,26.34,-,-,Infinity,-2.25589225589225,28.8,0,0,-3.36,,21-Aug-2026,-,-2.25589225589225,-,Infinity,17.855121675155637,-10.212604403948372,https://nsearchives.nseindia.com/today/ABSLMSCINEQN.svg,https://nsearchives.nseindia.com/30d/ABSLMSCIN-EQ.svg,,EQ
ENEXT50,Nifty Next 50 Total Return Index,72.25,72.25,71.81,72.16,0.26,0.36,18,1296.36,71.6066,76,68.59,-,-,Infinity,-2.3148774874780127,71.9,0,0,-2.81,,21-Aug-2026,-,-2.3148774874780127,-,Infinity,5.052631578947373,-5.204840355736978,https://nsearchives.nseindia.com/today/ENEXT50EQN.svg,https://nsearchives.nseindia.com/30d/ENEXT50-EQ.svg,,EQ
LICNETFSEN,SENSEX,844.27,844.27,844.27,844.27,0.93,0.11,1,844.27,842.6484,974.02,803,-,-,-8.430585683297181,-3.7133765952351148,843.34,0,-8.53,-4.27,22-Sep-2025,21-Aug-2026,-,-3.7133765952351148,-,-8.430585683297181,13.321081702634443,-5.1394769613947675,https://nsearchives.nseindia.com/today/LICNETFSENEQN.svg,https://nsearchives.nseindia.com/30d/LICNETFSEN-EQ.svg,https://nsearchives.nseindia.com/365d/LICNETFSEN-EQ.svg,EQ
GSEC10ABSL,CRISIL 10 Year Gilt ETF,112,112,112,112,-0.1,-0.09,1,112,112.2127,115,108.01,-,-,1.9201019201019196,-1.234567901234573,112.1,0,2.01,1.63,22-Sep-2025,21-Aug-2026,-,-1.234567901234573,-,1.9201019201019196,2.608695652173913,-3.694102397926113,https://nsearchives.nseindia.com/today/GSEC10ABSLEQN.svg,https://nsearchives.nseindia.com/30d/GSEC10ABSL-EQ.svg,https://nsearchives.nseindia.com/365d/GSEC10ABSL-EQ.svg,EQ
GSEC10ADD,Nifty 10 yr Benchmark G-Sec,0,0,0,26.35,0,0.00,0,0,26.6304,27.85,24.32,-,-,Infinity,-1.8987341772151825,26.35,0,0,-2.04,,21-Aug-2026,-,-1.8987341772151825,-,Infinity,5.385996409335727,-8.347039473684216,https://nsearchives.nseindia.com/today/GSEC10ADDEQN.svg,https://nsearchives.nseindia.com/30d/GSEC10ADD-EQ.svg,,EQ
