symbol,assets,open,high,low,ltP,chn,per,qty,trdVal,nav,wkhi,wklo,xDt,cAct,yPC,mPC,prevClose,stockIndClosePrice,perChange365d,perChange30d,date365dAgo,date30dAgo,CAct,MPC,XDt,YPC,nearWKH,nearWKL,chartTodayPath,chart30dPath,chart365dPath,series
SILVERBEES,Domestic price of Silver- based on LBMA Silver daily spot fixing price,217.78,217.97,215.11,216.56,-5.06,-2.28,21476282,4644460745.32,221.5218,360,106.64,-,-,96.76540069053243,4.17047477031123,221.62,0,101.36,8.15,18-Aug-2025,17-Jul-2026,-,4.17047477031123,-,96.76540069053243,39.84444444444444,-103.07576894223556,https://nsearchives.nseindia.com/today/SILVERBEESEQN.svg,https://nsearchives.nseindia.com/30d/SILVERBEES-EQ.svg,https://nsearchives.nseindia.com/365d/SILVERBEES-EQ.svg,EQ
LIQUIDBEES,Government Securities,1000,1000.01,999.99,999.99,-0.01,-0.00,2458263,2458238417.37,1000,1029.99,969.99,19-SEP-17, EXIT OPTION PURSUANT TO CHANGE IN FUNDAMENTAL ATTRIBUTES OF ETF  ,0,-0.0009999999999990906,1000,0,0,0,18-Aug-2025,17-Jul-2026, EXIT OPTION PURSUANT TO CHANGE IN FUNDAMENTAL ATTRIBUTES OF ETF  ,-0.0009999999999990906,19-SEP-17,0,2.9126496373751203,-3.0928153898493798,https://nsearchives.nseindia.com/today/LIQUIDBEESEQN.svg,https://nsearchives.nseindia.com/30d/LIQUIDBEES-EQ.svg,https://nsearchives.nseindia.com/365d/LIQUIDBEES-EQ.svg,EQ
GOLDBEES,Gold,125.63,125.9,125,125.88,-0.55,-0.44,16219822,2034614471.68,126.3798,148.14,80.02,19-DEC-19, FACE VALUE SPLIT (SUB-DIVISION) - FROM RS 100/- TO RS 1/-,52.120845921450154,7.737076343717898,126.43,0,52.79,9.19,18-Aug-2025,17-Jul-2026, FACE VALUE SPLIT (SUB-DIVISION) - FROM RS 100/- TO RS 1/-,7.737076343717898,19-DEC-19,52.120845921450154,15.026326447954633,-57.310672331917026,https://nsearchives.nseindia.com/today/GOLDBEESEQN.svg,https://nsearchives.nseindia.com/30d/GOLDBEES-EQ.svg,https://nsearchives.nseindia.com/365d/GOLDBEES-EQ.svg,EQ
NIFTYBEES,Nifty 50,276.38,276.38,274.45,274.68,-1.42,-0.51,6107344,1678237057.76,275.4298,302.25,251.7,19-DEC-19, FACE VALUE SPLIT (SUB-DIVISION) - FROM RS 10/- TO RS 1/-,-2.273455011207168,-0.3265839320705339,276.1,0,-1.77,-0.13,18-Aug-2025,17-Jul-2026, FACE VALUE SPLIT (SUB-DIVISION) - FROM RS 10/- TO RS 1/-,-0.3265839320705339,19-DEC-19,-2.273455011207168,9.121588089330022,-9.129916567342082,https://nsearchives.nseindia.com/today/NIFTYBEESEQN.svg,https://nsearchives.nseindia.com/30d/NIFTYBEES-EQ.svg,https://nsearchives.nseindia.com/365d/NIFTYBEES-EQ.svg,EQ
LIQUIDCASE,Zerodha Nifty 1D Rate Liquid ETF,115.54,115.54,115.52,115.54,0.03,0.03,13984358,1615473036.16,115.5198,115.54,102,-,-,5.0268157440232715,0.40844703224125584,115.51,0,5,0.38,18-Aug-2025,17-Jul-2026,-,0.40844703224125584,-,5.0268157440232715,0,-13.274509803921575,https://nsearchives.nseindia.com/today/LIQUIDCASEEQN.svg,https://nsearchives.nseindia.com/30d/LIQUIDCASE-EQ.svg,https://nsearchives.nseindia.com/365d/LIQUIDCASE-EQ.svg,EQ
JUNIORBEES,Nippon India ETF Nifty Next 50 Junior BeES,799.86,806.06,799.1,801,-4.9,-0.61,1560194,1249169326.1,804.1207,823.97,632.34,10-MAR-14,DIVIDEND-RS.1 PER UNIT,10.57274195552243,2.496513071184531,805.9,0,11.25,3.84,18-Aug-2025,17-Jul-2026,DIVIDEND-RS.1 PER UNIT,2.496513071184531,10-MAR-14,10.57274195552243,2.7877228539874057,-26.672359806433242,https://nsearchives.nseindia.com/today/JUNIORBEESEQN.svg,https://nsearchives.nseindia.com/30d/JUNIORBEES-EQ.svg,https://nsearchives.nseindia.com/365d/JUNIORBEES-EQ.svg,EQ
MID150BEES,Nifty Midcap 150 TRI,244.75,244.75,240.9,241.8,-0.55,-0.23,5112200,1233880592,241.6637,245,190.43,-,-,10.15945330296128,1.2011886326539172,242.35,0,10.41,1.93,18-Aug-2025,17-Jul-2026,-,1.2011886326539172,-,10.15945330296128,1.3061224489795873,-26.975791629470145,https://nsearchives.nseindia.com/today/MID150BEESEQN.svg,https://nsearchives.nseindia.com/30d/MID150BEES-EQ.svg,https://nsearchives.nseindia.com/365d/MID150BEES-EQ.svg,EQ
TATSILV,Tata Silver Exchange Traded Fund,22.54,22.54,21.85,22,-0.49,-2.18,53645390,1177516310.5,22.4942,35.1,10.56,-,-,97.48653500897666,4.216011369019425,22.49,0,101.89,8.07,18-Aug-2025,17-Jul-2026,-,4.216011369019425,-,97.48653500897666,37.32193732193733,-108.33333333333333,https://nsearchives.nseindia.com/today/TATSILVEQN.svg,https://nsearchives.nseindia.com/30d/TATSILV-EQ.svg,https://nsearchives.nseindia.com/365d/TATSILV-EQ.svg,EQ
LIQUID1,Kotak Nifty 1D Rate Liquid ETF,1118.81,1118.83,1118.81,1118.83,0.17,0.02,667480,746783298.8,1118.6713,1136.66,1061.5,-,-,5.115654183656195,0.406533249573721,1118.66,0,5.1,0.41,18-Aug-2025,17-Jul-2026,-,0.406533249573721,-,5.115654183656195,1.5686309010610169,-5.400847856806399,https://nsearchives.nseindia.com/today/LIQUID1EQN.svg,https://nsearchives.nseindia.com/30d/LIQUID1-EQ.svg,https://nsearchives.nseindia.com/365d/LIQUID1-EQ.svg,EQ
HDFCSILVER,HDFC Silver ETF,217.94,217.94,215.01,216.55,-5,-2.26,2714611,587061774.86,221.5403,359,106.78,-,-,96.23923878568195,3.9756085850098435,221.55,0,100.77,8.18,18-Aug-2025,17-Jul-2026,-,3.9756085850098435,-,96.23923878568195,39.67966573816155,-102.80014984079418,https://nsearchives.nseindia.com/today/HDFCSILVEREQN.svg,https://nsearchives.nseindia.com/30d/HDFCSILVER-EQ.svg,https://nsearchives.nseindia.com/365d/HDFCSILVER-EQ.svg,EQ
TATAGOLD,Tata Gold Exchange Traded Fund,14.84,14.85,14.51,14.79,-0.06,-0.40,32916616,485190919.84,14.8505,17.7,9.45,-,-,51.848049281314154,7.720320466132547,14.85,0,52.46,9.11,18-Aug-2025,17-Jul-2026,-,7.720320466132547,-,51.848049281314154,16.440677966101696,-56.50793650793651,https://nsearchives.nseindia.com/today/TATAGOLDEQN.svg,https://nsearchives.nseindia.com/30d/TATAGOLD-EQ.svg,https://nsearchives.nseindia.com/365d/TATAGOLD-EQ.svg,EQ
SILVERIETF,Domestic Price of Silver,229.98,229.98,224.68,226.16,-5.33,-2.30,2123216,479613262.24,231.259,373.5,111.17,-,-,97.4506722542343,4.269248501613642,231.49,0,102.1,8.2,18-Aug-2025,17-Jul-2026,-,4.269248501613642,-,97.4506722542343,39.44846050870147,-103.43617882522263,https://nsearchives.nseindia.com/today/SILVERIETFEQN.svg,https://nsearchives.nseindia.com/30d/SILVERIETF-EQ.svg,https://nsearchives.nseindia.com/365d/SILVERIETF-EQ.svg,EQ
GOLDIETF,Gold,133,134.22,129.44,130.33,-0.62,-0.47,2955605,384080869.75,130.8894,158,82.87,-,-,52.27246173618414,7.657359986783422,130.95,0,53,9.23,18-Aug-2025,17-Jul-2026,-,7.657359986783422,-,52.27246173618414,17.512658227848092,-57.27042355496562,https://nsearchives.nseindia.com/today/GOLDIETFEQN.svg,https://nsearchives.nseindia.com/30d/GOLDIETF-EQ.svg,https://nsearchives.nseindia.com/365d/GOLDIETF-EQ.svg,EQ
SETFGOLD,Gold,133.63,133.63,128.88,129.83,-0.55,-0.42,2794216,362046567.12,130.3269,153.95,82.51,06-JAN-22,FACE VALUE SPLIT (SUB-DIVISION) - FROM RS 100/- PER SHARE TO RS 1/- PER SHARE,51.93680514921007,7.662326892777187,130.38,0,52.58,9.19,18-Aug-2025,17-Jul-2026,FACE VALUE SPLIT (SUB-DIVISION) - FROM RS 100/- PER SHARE TO RS 1/- PER SHARE,7.662326892777187,06-JAN-22,51.93680514921007,15.66742448847027,-57.35062416676767,https://nsearchives.nseindia.com/today/SETFGOLDEQN.svg,https://nsearchives.nseindia.com/30d/SETFGOLD-EQ.svg,https://nsearchives.nseindia.com/365d/SETFGOLD-EQ.svg,EQ
MON100,Nasdaq100,336.38,336.38,327.92,336.38,0.05,0.01,966987,325226737.71,275.8292,342.55,198.73,17-JUN-21, FACE VALUE SPLIT (SUB-DIVISION) - FROM RS 10/- PER SHARE TO RE 1/- PER SHARE,63.46583730197298,2.567386266617885,336.33,0,63.44,1.03,18-Aug-2025,17-Jul-2026, FACE VALUE SPLIT (SUB-DIVISION) - FROM RS 10/- PER SHARE TO RE 1/- PER SHARE,2.567386266617885,17-JUN-21,63.46583730197298,1.8011969055612365,-69.26483168117547,https://nsearchives.nseindia.com/today/MON100EQN.svg,https://nsearchives.nseindia.com/30d/MON100-EQ.svg,https://nsearchives.nseindia.com/365d/MON100-EQ.svg,EQ
LIQUIDPLUS,Nifty 1D Rate Index,1099.45,1099.51,1099.45,1099.5,0.14,0.01,264816,291162543.84,1099.3551,1127.08,1046.26,-,-,5.08759689181569,0.39720586221064774,1099.36,0,5.07,0.4,18-Aug-2025,17-Jul-2026,-,0.39720586221064774,-,5.08759689181569,2.447031266635902,-5.088601303691244,https://nsearchives.nseindia.com/today/LIQUIDPLUSEQN.svg,https://nsearchives.nseindia.com/30d/LIQUIDPLUS-EQ.svg,https://nsearchives.nseindia.com/365d/LIQUIDPLUS-EQ.svg,EQ
HDFCGOLD,Gold,133.97,133.97,129.19,130.19,-0.52,-0.40,2160183,280197336.93,130.5892,152.3,83.43,17-FEB-21, FACE VALUE SPLIT (SUB-DIVISION) - FROM RS 100/- PER UNIT TO RE 1/- PER UNIT,52.14444314596238,7.782101167315167,130.71,0,52.75,9.18,18-Aug-2025,17-Jul-2026, FACE VALUE SPLIT (SUB-DIVISION) - FROM RS 100/- PER UNIT TO RE 1/- PER UNIT,7.782101167315167,17-FEB-21,52.14444314596238,14.517399868680243,-56.046985496823666,https://nsearchives.nseindia.com/today/HDFCGOLDEQN.svg,https://nsearchives.nseindia.com/30d/HDFCGOLD-EQ.svg,https://nsearchives.nseindia.com/365d/HDFCGOLD-EQ.svg,EQ
LIQUIDBETF,Bajaj Finserv Nifty 1D Rate Liquid ETF,1095.05,1095.21,1095.05,1095.21,0.16,0.01,231942,254022878.4,1095.0482,1116.24,1009.94,-,-,4.912206757158044,0.38864496732265863,1095.05,0,4.9,0.39,18-Aug-2025,17-Jul-2026,-,0.38864496732265863,-,4.912206757158044,1.8840034401204018,-8.443075826286709,https://nsearchives.nseindia.com/today/LIQUIDBETFEQN.svg,https://nsearchives.nseindia.com/30d/LIQUIDBETF-EQ.svg,https://nsearchives.nseindia.com/365d/LIQUIDBETF-EQ.svg,EQ
LIQUIDADD,DSP S&P BSE Liquid Rate ETF,1140.76,1140.94,1140.76,1140.92,0.15,0.01,210569,240242383.48,1140.7846,1151.22,1054.87,-,-,5.001012350678288,0.39421350885220674,1140.77,0,4.99,0.4,18-Aug-2025,17-Jul-2026,-,0.39421350885220674,-,5.001012350678288,0.8947030107190593,-8.157403281921013,https://nsearchives.nseindia.com/today/LIQUIDADDEQN.svg,https://nsearchives.nseindia.com/30d/LIQUIDADD-EQ.svg,https://nsearchives.nseindia.com/365d/LIQUIDADD-EQ.svg,EQ
ITBEES,Nifty IT TRI,33.96,34.06,33.51,33.7,0.12,0.36,6963773,234888063.29,33.5899,44.27,28.55,-,-,-10.917261432725338,4.076590487955529,33.58,0,-11.23,3.51,18-Aug-2025,17-Jul-2026,-,4.076590487955529,-,-10.917261432725338,23.876214140501467,-18.038528896672513,https://nsearchives.nseindia.com/today/ITBEESEQN.svg,https://nsearchives.nseindia.com/30d/ITBEES-EQ.svg,https://nsearchives.nseindia.com/365d/ITBEES-EQ.svg,EQ
NIFTYETF,Nifty 50,263.73,263.73,261.82,262.51,-1.14,-0.43,820285,215160755.5,262.9741,289.05,239.81,-,-,-2.179907586823678,-0.7185809916417812,263.65,0,-1.76,-0.4,18-Aug-2025,17-Jul-2026,-,-0.7185809916417812,-,-2.179907586823678,9.181802456322442,-9.465827113131224,https://nsearchives.nseindia.com/today/NIFTYETFEQN.svg,https://nsearchives.nseindia.com/30d/NIFTYETF-EQ.svg,https://nsearchives.nseindia.com/365d/NIFTYETF-EQ.svg,EQ
BANKBEES,Nifty Bank,594.65,597.99,591.72,592.7,-2.16,-0.36,360616,213812832.56,593.7765,638.99,515.98,19-DEC-19, FACE VALUE SPLIT (SUB-DIVISION) - FROM RS 10/- TO RS 1/-,2.9797584918773508,-1.251228736608852,594.86,0,3.36,-1.66,18-Aug-2025,17-Jul-2026, FACE VALUE SPLIT (SUB-DIVISION) - FROM RS 10/- TO RS 1/-,-1.251228736608852,19-DEC-19,2.9797584918773508,7.244244823862653,-14.868793364083883,https://nsearchives.nseindia.com/today/BANKBEESEQN.svg,https://nsearchives.nseindia.com/30d/BANKBEES-EQ.svg,https://nsearchives.nseindia.com/365d/BANKBEES-EQ.svg,EQ
LIQUIDIETF,S&P BSE Liquid Rate Index,1000,1000.01,999.96,999.99,0,0.00,204388,204385956.12,1000,1041.19,955,-,-,0,0,999.99,0,0,0,18-Aug-2025,17-Jul-2026,-,0,-,0,3.957010728109187,-4.710994764397907,https://nsearchives.nseindia.com/today/LIQUIDIETFEQN.svg,https://nsearchives.nseindia.com/30d/LIQUIDIETF-EQ.svg,https://nsearchives.nseindia.com/365d/LIQUIDIETF-EQ.svg,EQ
SBISILVER,SBI SILVER ETF,221.49,223.41,220.42,222,-5.17,-2.28,874785,193957330.2,226.9519,362,109.32,-,-,96.79106462193067,4.15200562983814,227.17,0,101.37,8.22,18-Aug-2025,17-Jul-2026,-,4.15200562983814,-,96.79106462193067,38.67403314917127,-103.07354555433591,https://nsearchives.nseindia.com/today/SBISILVEREQN.svg,https://nsearchives.nseindia.com/30d/SBISILVER-EQ.svg,https://nsearchives.nseindia.com/365d/SBISILVER-EQ.svg,EQ
GOLDAXIS,Gold,127.73,127.73,125.8,126.7,-0.68,-0.53,1438313,181457568.08,127.3493,150,80.84,23-JUL-20, FACE VALUE SPLIT (SUB-DIVISION) - FROM RS 100/- PER SHARE TO RE 1/- PER SHARE,Infinity,7.527794279894768,127.38,0,0,9.27,,17-Jul-2026, FACE VALUE SPLIT (SUB-DIVISION) - FROM RS 100/- PER SHARE TO RE 1/- PER SHARE,7.527794279894768,23-JUL-20,Infinity,15.53333333333333,-56.72934190994557,https://nsearchives.nseindia.com/today/GOLDAXISEQN.svg,https://nsearchives.nseindia.com/30d/GOLDAXIS-EQ.svg,,EQ
SETFNIF50,Nifty 50,267.46,267.46,259.3,259.56,-1.38,-0.53,664464,172601168.64,260.2969,287.33,237.9,24-MAR-21, DIVIDEND - RS 1.30 PER SHARE,-2.2998456732036034,-0.32258064516128077,260.94,0,-1.78,-0.19,18-Aug-2025,17-Jul-2026, DIVIDEND - RS 1.30 PER SHARE,-0.32258064516128077,24-MAR-21,-2.2998456732036034,9.664845299829459,-9.1046658259773,https://nsearchives.nseindia.com/today/SETFNIF50EQN.svg,https://nsearchives.nseindia.com/30d/SETFNIF50-EQ.svg,https://nsearchives.nseindia.com/365d/SETFNIF50-EQ.svg,EQ
SILVER,Physical price of Silver,227.72,227.84,224.71,226.3,-5.18,-2.24,747948,168901617.36,231.3004,371.89,111.2,-,-,97.38334060183166,4.276103584923049,231.48,0,101.9,8.22,18-Aug-2025,17-Jul-2026,-,4.276103584923049,-,97.38334060183166,39.14867299470273,-103.50719424460432,https://nsearchives.nseindia.com/today/SILVEREQN.svg,https://nsearchives.nseindia.com/30d/SILVER-EQ.svg,https://nsearchives.nseindia.com/365d/SILVER-EQ.svg,EQ
GOLD1,Gold,127.2,127.2,126.18,127,-0.67,-0.52,1328114,168378292.92,127.5841,158,80.77,22-JUL-21, FACE VALUE SPLIT (SUB-DIVISION) - FROM RS 10/- PER SHARE TO RE 1/- PER SHARE,52.15047322391278,7.590647238224324,127.67,0,52.95,9.17,18-Aug-2025,17-Jul-2026, FACE VALUE SPLIT (SUB-DIVISION) - FROM RS 10/- PER SHARE TO RE 1/- PER SHARE,7.590647238224324,22-JUL-21,52.15047322391278,19.620253164556964,-57.236597746688126,https://nsearchives.nseindia.com/today/GOLD1EQN.svg,https://nsearchives.nseindia.com/30d/GOLD1-EQ.svg,https://nsearchives.nseindia.com/365d/GOLD1-EQ.svg,EQ
HDFCSML250,HDFC NIFTY Smallcap 250 ETF,186,186,183.67,183.97,-0.81,-0.44,894851,164777863.14,184.998,189.83,142.7,-,-,8.033354865229906,1.411168072322365,184.78,0,8.51,1.92,18-Aug-2025,17-Jul-2026,-,1.411168072322365,-,8.033354865229906,3.0869725543907776,-28.920812894183612,https://nsearchives.nseindia.com/today/HDFCSML250EQN.svg,https://nsearchives.nseindia.com/30d/HDFCSML250-EQ.svg,https://nsearchives.nseindia.com/365d/HDFCSML250-EQ.svg,EQ
SILVERBETA,UTI Silver Exchange Traded Fund (UTI Silver ETF),229.49,229.49,217.16,218.7,-5.2,-2.32,712454,155507334.58,223.6326,379.66,107.8,-,-,Infinity,4.152776454900466,223.9,0,0,8.11,,17-Jul-2026,-,4.152776454900466,-,Infinity,42.39582784596745,-102.8756957328386,https://nsearchives.nseindia.com/today/SILVERBETAEQN.svg,https://nsearchives.nseindia.com/30d/SILVERBETA-EQ.svg,,EQ
MODEFENCE,Nifty India Defence Total Return Index,110.8,110.8,107.7,108,-1.7,-1.55,1437913,155452774.43,109.5003,110.8,77.8,-,-,25.742228431714985,5.242642759695961,109.7,0,27.72,7.12,18-Aug-2025,17-Jul-2026,-,5.242642759695961,-,25.742228431714985,2.527075812274366,-38.817480719794354,https://nsearchives.nseindia.com/today/MODEFENCEEQN.svg,https://nsearchives.nseindia.com/30d/MODEFENCE-EQ.svg,https://nsearchives.nseindia.com/365d/MODEFENCE-EQ.svg,EQ
GOLDCASE,Zerodha Gold ETF,24.5,24.5,23.8,23.98,-0.09,-0.37,6387539,152470555.93,24.0647,27.94,15.25,-,-,52.25396825396825,7.920792079207929,24.07,0,52.83,9.31,18-Aug-2025,17-Jul-2026,-,7.920792079207929,-,52.25396825396825,14.173228346456696,-57.24590163934426,https://nsearchives.nseindia.com/today/GOLDCASEEQN.svg,https://nsearchives.nseindia.com/30d/GOLDCASE-EQ.svg,https://nsearchives.nseindia.com/365d/GOLDCASE-EQ.svg,EQ
CASHIETF,BSE Liquid Rate Index,1075.87,1075.89,1075.87,1075.87,0.13,0.01,129751,139596505.88,1075.7333,1099.28,1023.86,-,-,5.065429687499989,0.4003434181302342,1075.74,0,5.05,0.4,18-Aug-2025,17-Jul-2026,-,0.4003434181302342,-,5.065429687499989,2.1295757222909617,-5.079796065868368,https://nsearchives.nseindia.com/today/CASHIETFEQN.svg,https://nsearchives.nseindia.com/30d/CASHIETF-EQ.svg,https://nsearchives.nseindia.com/365d/CASHIETF-EQ.svg,EQ
NIFTYIETF,Nifty 50,281.46,281.46,272.97,273.41,-1.19,-0.43,474062,129565885.22,274.0228,328.24,250.4,-,-,-2.2767889055686426,-0.26992522341781955,274.6,0,-1.85,-0.17,18-Aug-2025,17-Jul-2026,-,-0.26992522341781955,-,-2.2767889055686426,16.704240799415057,-9.189297124600646,https://nsearchives.nseindia.com/today/NIFTYIETFEQN.svg,https://nsearchives.nseindia.com/30d/NIFTYIETF-EQ.svg,https://nsearchives.nseindia.com/365d/NIFTYIETF-EQ.svg,EQ
LIQUIDETF,Nifty1D rate index,1000,1000.01,999.99,1000,0,0.00,126162,126160738.38,1000,1025,995,-,-,0,0,1000,0,0,0,18-Aug-2025,17-Jul-2026,-,0,-,0,2.4390243902439024,-0.5025125628140703,https://nsearchives.nseindia.com/today/LIQUIDETFEQN.svg,https://nsearchives.nseindia.com/30d/LIQUIDETF-EQ.svg,https://nsearchives.nseindia.com/365d/LIQUIDETF-EQ.svg,EQ
SBILIQETF,Nifty 1D Rate Index,1052.2,1052.4,1052.2,1052.4,0.15,0.01,113804,119766191.56,1052.2552,1087.09,984.99,-,-,5.062444468847651,0.39972906192461954,1052.25,0,5.05,0.4,18-Aug-2025,17-Jul-2026,-,0.39972906192461954,-,5.062444468847651,3.191088134377083,-6.843724301769569,https://nsearchives.nseindia.com/today/SBILIQETFEQN.svg,https://nsearchives.nseindia.com/30d/SBILIQETF-EQ.svg,https://nsearchives.nseindia.com/365d/SBILIQETF-EQ.svg,EQ
CPSEETF,CPSE ETF,94.5,94.5,93.01,93.1,-0.89,-0.95,1093832,102076402.24,94.0476,112,85.67,-,-,2.782071097372484,-3.7924976748992476,93.99,0,3.76,-1.78,18-Aug-2025,17-Jul-2026,-,-3.7924976748992476,-,2.782071097372484,16.875000000000004,-8.672814287381806,https://nsearchives.nseindia.com/today/CPSEETFEQN.svg,https://nsearchives.nseindia.com/30d/CPSEETF-EQ.svg,https://nsearchives.nseindia.com/365d/CPSEETF-EQ.svg,EQ
MAFANG,NYSE FANG+ Total Return Index,208.03,208.03,206.25,207.1,-2.33,-1.11,480833,99921905.73,171.1675,211.42,149.74,-,-,29.826980942828474,4.243217395681285,209.43,0,31.29,4.61,18-Aug-2025,17-Jul-2026,-,4.243217395681285,-,29.826980942828474,2.0433260807870557,-38.30639775611058,https://nsearchives.nseindia.com/today/MAFANGEQN.svg,https://nsearchives.nseindia.com/30d/MAFANG-EQ.svg,https://nsearchives.nseindia.com/365d/MAFANG-EQ.svg,EQ
SILVER1,Kotak Silver ETF,22.12,22.14,21.82,22.02,-0.45,-2.00,4494226,98738145.22,22.4753,38.8,10.8,27-FEB-26,FACE VALUE SPLIT (SUB-DIVISION) - FROM RS 10/- PER SHARE TO RE 1/- PER SHARE,-80.22096469954191,4.310753197536713,22.47,0,-79.82,8.08,18-Aug-2025,17-Jul-2026,FACE VALUE SPLIT (SUB-DIVISION) - FROM RS 10/- PER SHARE TO RE 1/- PER SHARE,4.310753197536713,27-FEB-26,-80.22096469954191,43.24742268041237,-103.88888888888889,https://nsearchives.nseindia.com/today/SILVER1EQN.svg,https://nsearchives.nseindia.com/30d/SILVER1-EQ.svg,https://nsearchives.nseindia.com/365d/SILVER1-EQ.svg,EQ
PHARMABEES,Nifty Pharma TRI,27.85,27.85,26.76,27,-0.18,-0.66,3526949,95474509.43,27.1122,28.01,21.46,-,-,18.83802816901409,0.8591707134852463,27.18,0,19.63,2.99,18-Aug-2025,17-Jul-2026,-,0.8591707134852463,-,18.83802816901409,3.6058550517672314,-25.815470643056845,https://nsearchives.nseindia.com/today/PHARMABEESEQN.svg,https://nsearchives.nseindia.com/30d/PHARMABEES-EQ.svg,https://nsearchives.nseindia.com/365d/PHARMABEES-EQ.svg,EQ
SILVERCASE,Commodity-Silver,23.12,23.15,22.83,22.99,-0.52,-2.21,4026555,92409437.25,24.0647,38.01,11.34,-,-,97.00085689802911,4.405086285195272,23.51,0,101.46,8.29,18-Aug-2025,17-Jul-2026,-,4.405086285195272,-,97.00085689802911,39.515916863983165,-102.73368606701938,https://nsearchives.nseindia.com/today/SILVERCASEEQN.svg,https://nsearchives.nseindia.com/30d/SILVERCASE-EQ.svg,https://nsearchives.nseindia.com/365d/SILVERCASE-EQ.svg,EQ
LIQUID,Mirae Asset Nifty 1D Rate Liquid ETF,1000,1000,999.99,1000,0.01,0.00,88912,88911110.88,1000,1024.98,974.99,-,-,0.0010000100000990915,0.0010000100000990915,999.99,0,0,0,18-Aug-2025,17-Jul-2026,-,0.0010000100000990915,-,0.0010000100000990915,2.4371207243068174,-2.565154514405275,https://nsearchives.nseindia.com/today/LIQUIDEQN.svg,https://nsearchives.nseindia.com/30d/LIQUID-EQ.svg,https://nsearchives.nseindia.com/365d/LIQUID-EQ.svg,EQ
PSUBNKBEES,Nifty PSU Bank,96.52,96.88,95.52,96,-0.52,-0.54,875252,84190489.88,96.3115,110.4,74.31,19-DEC-19, FACE VALUE SPLIT (SUB-DIVISION) - FROM RS 10/- TO RS 1/-,21.842873461099114,-0.16638935108152725,96.52,0,22.5,3.14,18-Aug-2025,17-Jul-2026, FACE VALUE SPLIT (SUB-DIVISION) - FROM RS 10/- TO RS 1/-,-0.16638935108152725,19-DEC-19,21.842873461099114,13.043478260869568,-29.188534517561564,https://nsearchives.nseindia.com/today/PSUBNKBEESEQN.svg,https://nsearchives.nseindia.com/30d/PSUBNKBEES-EQ.svg,https://nsearchives.nseindia.com/365d/PSUBNKBEES-EQ.svg,EQ
GOLDETF,Mirae Asset Gold ETF,147.59,148.2,147.04,148,-0.68,-0.46,554944,81948580.48,148.5778,173.5,96.03,-,-,51.919523711763496,7.675518370316488,148.68,0,52.62,9.11,18-Aug-2025,17-Jul-2026,-,7.675518370316488,-,51.919523711763496,14.697406340057636,-54.11850463396855,https://nsearchives.nseindia.com/today/GOLDETFEQN.svg,https://nsearchives.nseindia.com/30d/GOLDETF-EQ.svg,https://nsearchives.nseindia.com/365d/GOLDETF-EQ.svg,EQ
ESILVER,Edelweiss Silver ETF,227.01,228.69,224.74,226.99,-4.05,-1.75,305307,69121504.8,231.2809,375,111.7,-,-,97.434113246934,4.2912933609005295,231.04,0,100.96,7.76,18-Aug-2025,17-Jul-2026,-,4.2912933609005295,-,97.434113246934,39.46933333333333,-103.21396598030438,https://nsearchives.nseindia.com/today/ESILVEREQN.svg,https://nsearchives.nseindia.com/30d/ESILVER-EQ.svg,https://nsearchives.nseindia.com/365d/ESILVER-EQ.svg,EQ
ICICIB22,S&P BSE BHARAT 22 index,115.91,115.91,114.05,114.6,-0.89,-0.77,572227,65434157.45,115.5507,131,103.6,-,-,6.406685236768793,-1.6055636644629558,115.49,0,7.23,-0.42,18-Aug-2025,17-Jul-2026,-,-1.6055636644629558,-,6.406685236768793,12.519083969465653,-10.617760617760618,https://nsearchives.nseindia.com/today/ICICIB22EQN.svg,https://nsearchives.nseindia.com/30d/ICICIB22-EQ.svg,https://nsearchives.nseindia.com/365d/ICICIB22-EQ.svg,EQ
MIDCAPETF,Mirae Asset Mutual Fund - Mirae Asset Nifty Midcap 150 ETF,23.98,23.99,23.77,23.87,-0.06,-0.25,2522855,60144863.2,23.8984,24.57,19.6,-,-,10.152284263959388,1.2298558100084933,23.93,0,10.43,2.22,18-Aug-2025,17-Jul-2026,-,1.2298558100084933,-,10.152284263959388,2.8490028490028463,-21.78571428571428,https://nsearchives.nseindia.com/today/MIDCAPETFEQN.svg,https://nsearchives.nseindia.com/30d/MIDCAPETF-EQ.svg,https://nsearchives.nseindia.com/365d/MIDCAPETF-EQ.svg,EQ
METALIETF,Nifty Metal Index,13.08,13.12,12.93,13.06,-0.02,-0.15,4588969,59840155.76,13.1061,14.17,8.98,-,-,38.78852284803401,3.486529318542007,13.08,0,39,4.64,18-Aug-2025,17-Jul-2026,-,3.486529318542007,-,38.78852284803401,7.833450952717004,-45.43429844097995,https://nsearchives.nseindia.com/today/METALIETFEQN.svg,https://nsearchives.nseindia.com/30d/METALIETF-EQ.svg,https://nsearchives.nseindia.com/365d/METALIETF-EQ.svg,EQ
NEXT50IETF,Nifty Next 50,78.98,78.98,78,78.1,-0.59,-0.75,739148,57771807.68,78.4711,80.38,62.6,15-NOV-18, FACE VALUE SPLIT (SUB-DIVISION) - FROM RS 10/- PER SHARE TO RS 1/- PER SHARE,10.404297427198191,2.4665442141170235,78.69,0,11.24,4.11,18-Aug-2025,17-Jul-2026, FACE VALUE SPLIT (SUB-DIVISION) - FROM RS 10/- PER SHARE TO RS 1/- PER SHARE,2.4665442141170235,15-NOV-18,10.404297427198191,2.836526499129138,-24.76038338658146,https://nsearchives.nseindia.com/today/NEXT50IETFEQN.svg,https://nsearchives.nseindia.com/30d/NEXT50IETF-EQ.svg,https://nsearchives.nseindia.com/365d/NEXT50IETF-EQ.svg,EQ
LIQGRWBEES,Liquid,1052.22,1052.22,1052.2,1052.2,0.13,0.01,53590,56387398,1052.0781,1056.29,995.55,-,-,4.792446816986694,0.3758609505275461,1052.07,0,4.78,0.38,18-Aug-2025,17-Jul-2026,-,0.3758609505275461,-,4.792446816986694,0.3872042715542056,-5.69032193260008,https://nsearchives.nseindia.com/today/LIQGRWBEESEQN.svg,https://nsearchives.nseindia.com/30d/LIQGRWBEES-EQ.svg,https://nsearchives.nseindia.com/365d/LIQGRWBEES-EQ.svg,EQ
SILVERADD,DSP Silver ETF,219.94,220.44,216.85,218.4,-5.1,-2.28,245146,53476148.44,223.3496,390,107.15,28-AUG-26,FACE VALUE SPLIT (SUB-DIVISION) - FROM RS 10/- PER UNIT TO RE 1/- PER UNIT,97.39696312364426,4.253186309609049,223.5,0,102.01,8.35,18-Aug-2025,17-Jul-2026,FACE VALUE SPLIT (SUB-DIVISION) - FROM RS 10/- PER UNIT TO RE 1/- PER UNIT,4.253186309609049,28-AUG-26,97.39696312364426,44,-103.82641157256182,https://nsearchives.nseindia.com/today/SILVERADDEQN.svg,https://nsearchives.nseindia.com/30d/SILVERADD-EQ.svg,https://nsearchives.nseindia.com/365d/SILVERADD-EQ.svg,EQ
FMCGIETF,Nifty FMCG Index,51.48,51.54,50.94,51.17,-0.18,-0.35,1017354,52017310.02,51.3245,62.3,48.55,10-MAY-24,FACE VALUE SPLIT (SUB-DIVISION) - FROM RS 10/- PER SHARE TO RE 1/- PER SHARE,-13.447225981055473,-2.7556062333713336,51.35,0,-13.14,-1.84,18-Aug-2025,17-Jul-2026,FACE VALUE SPLIT (SUB-DIVISION) - FROM RS 10/- PER SHARE TO RE 1/- PER SHARE,-2.7556062333713336,10-MAY-24,-13.447225981055473,17.865168539325836,-5.396498455200834,https://nsearchives.nseindia.com/today/FMCGIETFEQN.svg,https://nsearchives.nseindia.com/30d/FMCGIETF-EQ.svg,https://nsearchives.nseindia.com/365d/FMCGIETF-EQ.svg,EQ
SILVERAG,Mirae Asset Silver ETF,221.87,222.54,218.92,221,-4.68,-2.07,227864,50171095.52,225.4631,380,108.5,-,-,Infinity,4.378217541208148,225.68,0,0,8.41,,17-Jul-2026,-,4.378217541208148,-,Infinity,41.8421052631579,-103.68663594470046,https://nsearchives.nseindia.com/today/SILVERAGEQN.svg,https://nsearchives.nseindia.com/30d/SILVERAG-EQ.svg,,EQ
AUTOBEES,Nifty Auto TRI,304.41,304.42,300.73,302.5,-1.27,-0.42,160307,48428744.7,302.9427,310.45,242.5,-,-,17.448361546824042,8.422939068100359,303.77,0,17.94,8.7,18-Aug-2025,17-Jul-2026,-,8.422939068100359,-,17.448361546824042,2.5607988403929745,-24.742268041237114,https://nsearchives.nseindia.com/today/AUTOBEESEQN.svg,https://nsearchives.nseindia.com/30d/AUTOBEES-EQ.svg,https://nsearchives.nseindia.com/365d/AUTOBEES-EQ.svg,EQ
GROWWGOLD,Commodity,14.95,14.95,14.76,14.87,-0.07,-0.47,3128829,46369245.78,14.929,18,9.67,06-FEB-26,FACE VALUE SPLIT (SUB-DIVISION) - FROM RS 10/- PER UNIT TO RE 1/- PER UNIT,-84.84045264552961,7.675597393193328,14.94,0,-84.77,9.13,18-Aug-2025,17-Jul-2026,FACE VALUE SPLIT (SUB-DIVISION) - FROM RS 10/- PER UNIT TO RE 1/- PER UNIT,7.675597393193328,06-FEB-26,-84.84045264552961,17.388888888888893,-53.774560496380545,https://nsearchives.nseindia.com/today/GROWWGOLDEQN.svg,https://nsearchives.nseindia.com/30d/GROWWGOLD-EQ.svg,https://nsearchives.nseindia.com/365d/GROWWGOLD-EQ.svg,EQ
ALPHA,NIFTY Alpha 50 Index,53.99,54.06,53.35,53.51,-0.55,-1.02,824010,44125735.5,54.0642,54.64,42,-,-,9.092762487257904,3.601161665053242,54.06,0,10.21,5.09,18-Aug-2025,17-Jul-2026,-,3.601161665053242,-,9.092762487257904,2.0680819912152315,-27.404761904761898,https://nsearchives.nseindia.com/today/ALPHAEQN.svg,https://nsearchives.nseindia.com/30d/ALPHA-EQ.svg,https://nsearchives.nseindia.com/365d/ALPHA-EQ.svg,EQ
SMALLCAP,Mirae Asset Nifty Smallcap 250 Momentum Quality 100 ETF,49,49.98,48.41,48.5,-0.27,-0.55,904311,43913342.16,48.8448,54.5,37.34,-,-,7.825700311249452,2.472005070779636,48.77,0,8.43,3.55,18-Aug-2025,17-Jul-2026,-,2.472005070779636,-,7.825700311249452,11.009174311926605,-29.887520085698966,https://nsearchives.nseindia.com/today/SMALLCAPEQN.svg,https://nsearchives.nseindia.com/30d/SMALLCAP-EQ.svg,https://nsearchives.nseindia.com/365d/SMALLCAP-EQ.svg,EQ
SILVERAXIS,Axis Silver ETF,236,236,223.7,225.13,-5.12,-2.22,189873,42715728.81,230.2425,390.01,110.75,-,-,Infinity,4.231677392471867,230.25,0,0,8.03,,17-Jul-2026,-,4.231677392471867,-,Infinity,42.275839081049206,-103.27765237020316,https://nsearchives.nseindia.com/today/SILVERAXISEQN.svg,https://nsearchives.nseindia.com/30d/SILVERAXIS-EQ.svg,,EQ
MOREALTY,Motilal Oswal Nifty Realty ETF,90.54,90.54,89.01,89.65,-0.78,-0.86,471213,42201836.28,89.8653,99.49,64,-,-,-0.49944506104327263,-2.214223385689355,90.43,0,0.37,-1.28,18-Aug-2025,17-Jul-2026,-,-2.214223385689355,-,-0.49944506104327263,9.890441250376911,-40.07812500000001,https://nsearchives.nseindia.com/today/MOREALTYEQN.svg,https://nsearchives.nseindia.com/30d/MOREALTY-EQ.svg,https://nsearchives.nseindia.com/365d/MOREALTY-EQ.svg,EQ
HDFCLIQUID,HDFC Nifty 1D Rate Liquid ETF,1074.5,1075.5,1067.5,1074.29,0.11,0.01,36671,39372552.57,,1079.4,1009.91,28-FEB-25,CHANGE IN FUNDAMENTAL ATTRIBUTE OF HDFC NIFTY 1D RATE LIQUID ETF,4.9213790409219635,0.3953049361718052,1074.18,0,4.91,0.4,18-Aug-2025,17-Jul-2026,CHANGE IN FUNDAMENTAL ATTRIBUTE OF HDFC NIFTY 1D RATE LIQUID ETF,0.3953049361718052,28-FEB-25,4.9213790409219635,0.47341115434501824,-6.374825479498173,https://nsearchives.nseindia.com/today/HDFCLIQUIDEQN.svg,https://nsearchives.nseindia.com/30d/HDFCLIQUID-EQ.svg,https://nsearchives.nseindia.com/365d/HDFCLIQUID-EQ.svg,EQ
NEXT50,Nifty Next 50,768.05,768.05,761.37,764.53,-5.07,-0.66,48780,37241578.8,767.7504,785.96,617,-,-,10.775762142111974,2.478419387700393,769.6,0,11.51,4.17,18-Aug-2025,17-Jul-2026,-,2.478419387700393,-,10.775762142111974,2.726601862690221,-23.910858995137758,https://nsearchives.nseindia.com/today/NEXT50EQN.svg,https://nsearchives.nseindia.com/30d/NEXT50-EQ.svg,https://nsearchives.nseindia.com/365d/NEXT50-EQ.svg,EQ
HNGSNGBEES,Hang Seng Index,493.25,493.25,478.9,479.5,-1.72,-0.36,77201,37081184.32,460.5972,579.92,436.94,19-DEC-19, FACE VALUE SPLIT (SUB-DIVISION) - FROM RS 10/- TO RS 1/-,4.680609527136183,-1.1034340517685928,481.22,0,5.06,0.29,18-Aug-2025,17-Jul-2026, FACE VALUE SPLIT (SUB-DIVISION) - FROM RS 10/- TO RS 1/-,-1.1034340517685928,19-DEC-19,4.680609527136183,17.31618154228169,-9.740467798782442,https://nsearchives.nseindia.com/today/HNGSNGBEESEQN.svg,https://nsearchives.nseindia.com/30d/HNGSNGBEES-EQ.svg,https://nsearchives.nseindia.com/365d/HNGSNGBEES-EQ.svg,EQ
GROWWDEFNC,Nifty India Defence Index- Total Return Index,100.59,102.07,97.07,97.9,-1.69,-1.70,354707,34881886.38,99.5578,102.07,71.78,-,-,25.15980567629763,4.683490162532089,99.59,0,27.32,7.1,18-Aug-2025,17-Jul-2026,-,4.683490162532089,-,25.15980567629763,4.085431566571948,-36.38896628587351,https://nsearchives.nseindia.com/today/GROWWDEFNCEQN.svg,https://nsearchives.nseindia.com/30d/GROWWDEFNC-EQ.svg,https://nsearchives.nseindia.com/365d/GROWWDEFNC-EQ.svg,EQ
BSLGOLDETF,Gold,138.04,138.04,133.02,134.11,-0.57,-0.42,254256,34039793.28,134.4492,155.99,85.74,25-NOV-21, FACE VALUE SPLIT (SUB-DIVISION) - FROM RS 10/- PER SHARE TO RE 0.10/- PER SHARE,52.50170570843759,8.013853092783519,134.68,0,53.15,9.23,18-Aug-2025,17-Jul-2026, FACE VALUE SPLIT (SUB-DIVISION) - FROM RS 10/- PER SHARE TO RE 0.10/- PER SHARE,8.013853092783519,25-NOV-21,52.50170570843759,14.026540162830948,-56.414742243993494,https://nsearchives.nseindia.com/today/BSLGOLDETFEQN.svg,https://nsearchives.nseindia.com/30d/BSLGOLDETF-EQ.svg,https://nsearchives.nseindia.com/365d/BSLGOLDETF-EQ.svg,EQ
PVTBANIETF,Nifty Private Bank Index,27.67,27.68,27.46,27.65,-0.02,-0.07,1210942,33300905,27.575,30.32,24.18,01-MAR-24,FACE VALUE SPLIT (SUB-DIVISION) - FROM RS 10/- PER SHARE TO RE 1/- PER SHARE,2.1048744460856734,-1.706363313188768,27.67,0,2.18,-3.96,18-Aug-2025,17-Jul-2026,FACE VALUE SPLIT (SUB-DIVISION) - FROM RS 10/- PER SHARE TO RE 1/- PER SHARE,-1.706363313188768,01-MAR-24,2.1048744460856734,8.806068601583119,-14.350703060380475,https://nsearchives.nseindia.com/today/PVTBANIETFEQN.svg,https://nsearchives.nseindia.com/30d/PVTBANIETF-EQ.svg,https://nsearchives.nseindia.com/365d/PVTBANIETF-EQ.svg,EQ
LOWVOLIETF,Nifty 100 Low Volatility 30 Index,22.36,22.36,22.16,22.28,-0.08,-0.36,1480900,32920407,22.3261,26.81,19.84,01-MAR-24,FACE VALUE SPLIT (SUB-DIVISION) - FROM RS 10/- PER SHARE TO RE 1/- PER SHARE,0.2249212775528597,0.2700270027002803,22.36,0,0.58,1.13,18-Aug-2025,17-Jul-2026,FACE VALUE SPLIT (SUB-DIVISION) - FROM RS 10/- PER SHARE TO RE 1/- PER SHARE,0.2700270027002803,01-MAR-24,0.2249212775528597,16.89668034315553,-12.2983870967742,https://nsearchives.nseindia.com/today/LOWVOLIETFEQN.svg,https://nsearchives.nseindia.com/30d/LOWVOLIETF-EQ.svg,https://nsearchives.nseindia.com/365d/LOWVOLIETF-EQ.svg,EQ
GROWWSLVR,Commodity-Silver,22.36,22.36,22.05,22.19,-0.52,-2.29,1415670,31413717.3,22.7036,36.3,10.98,06-FEB-26,FACE VALUE SPLIT (SUB-DIVISION) - FROM RS 10/- PER UNIT TO RE 1/- PER UNIT,-80.4338241777621,4.0806754221388415,22.71,0,-79.98,8.09,18-Aug-2025,17-Jul-2026,FACE VALUE SPLIT (SUB-DIVISION) - FROM RS 10/- PER UNIT TO RE 1/- PER UNIT,4.0806754221388415,06-FEB-26,-80.4338241777621,38.87052341597795,-102.09471766848816,https://nsearchives.nseindia.com/today/GROWWSLVREQN.svg,https://nsearchives.nseindia.com/30d/GROWWSLVR-EQ.svg,https://nsearchives.nseindia.com/365d/GROWWSLVR-EQ.svg,EQ
GROWWPOWER,BSE Power Index - TRI,11.48,11.48,11.27,11.3,-0.14,-1.22,2639761,29829299.3,11.4476,13.2,7.75,-,-,14.604462474645043,-5.121746431570104,11.44,0,16.02,-2.14,18-Aug-2025,17-Jul-2026,-,-5.121746431570104,-,14.604462474645043,14.393939393939384,-45.80645161290323,https://nsearchives.nseindia.com/today/GROWWPOWEREQN.svg,https://nsearchives.nseindia.com/30d/GROWWPOWER-EQ.svg,https://nsearchives.nseindia.com/365d/GROWWPOWER-EQ.svg,EQ
MOMENTUM50,Nifty 500 Momentum 50 Total Return Index,54.93,54.93,53.63,53.9,-0.49,-0.90,541800,29175930,54.4472,55.88,44.96,-,-,3.9136302294197054,2.2576361221779506,54.39,0,4.86,3.78,18-Aug-2025,17-Jul-2026,-,2.2576361221779506,-,3.9136302294197054,3.5433070866141803,-19.88434163701067,https://nsearchives.nseindia.com/today/MOMENTUM50EQN.svg,https://nsearchives.nseindia.com/30d/MOMENTUM50-EQ.svg,https://nsearchives.nseindia.com/365d/MOMENTUM50-EQ.svg,EQ
AUTOIETF,Nifty Auto Index,30.4,30.46,30.04,30.2,-0.2,-0.66,917682,27732350.04,30.3452,31.46,24.2,01-MAR-24,FACE VALUE SPLIT (SUB-DIVISION) - FROM RS 10/- PER SHARE TO RE 1/- PER SHARE,17.190531625921615,8.166189111747842,30.4,0,17.97,8.61,18-Aug-2025,17-Jul-2026,FACE VALUE SPLIT (SUB-DIVISION) - FROM RS 10/- PER SHARE TO RE 1/- PER SHARE,8.166189111747842,01-MAR-24,17.190531625921615,4.005085823267646,-24.793388429752067,https://nsearchives.nseindia.com/today/AUTOIETFEQN.svg,https://nsearchives.nseindia.com/30d/AUTOIETF-EQ.svg,https://nsearchives.nseindia.com/365d/AUTOIETF-EQ.svg,EQ
MOM30IETF,ICICI Prudential Nifty 200 Momentum 30 ETF,31.67,31.69,31.19,31.27,-0.39,-1.23,872216,27291638.64,31.6748,32.9,26,12-AUG-22,ADDITONAL ISSUANCE 9:1,0.031989763275745396,0.8059316569954867,31.66,0,1.28,3.09,18-Aug-2025,17-Jul-2026,ADDITONAL ISSUANCE 9:1,0.8059316569954867,12-AUG-22,0.031989763275745396,4.954407294832824,-20.26923076923077,https://nsearchives.nseindia.com/today/MOM30IETFEQN.svg,https://nsearchives.nseindia.com/30d/MOM30IETF-EQ.svg,https://nsearchives.nseindia.com/365d/MOM30IETF-EQ.svg,EQ
ELIQUID,Nifty 1D Rate Index (Debt Index),1044.21,1044.23,1044.21,1044.21,0.13,0.01,25638,26771455.98,1044.0814,1044.23,996,-,-,Infinity,0.3961195665759808,1044.08,0,0,0.4,,17-Jul-2026,-,0.3961195665759808,-,Infinity,0.0019152868620880275,-4.840361445783136,https://nsearchives.nseindia.com/today/ELIQUIDEQN.svg,https://nsearchives.nseindia.com/30d/ELIQUID-EQ.svg,,EQ
MOCAPITAL,Nifty Capital Market Total Return Index,53.49,53.71,53.16,53.44,0.08,0.15,485840,25992440,53.4234,57.25,41.15,-,-,18.650088809946713,-1.9089574155653437,53.36,0,18.47,-1.53,18-Aug-2025,17-Jul-2026,-,-1.9089574155653437,-,18.650088809946713,6.65502183406114,-29.866342648845688,https://nsearchives.nseindia.com/today/MOCAPITALEQN.svg,https://nsearchives.nseindia.com/30d/MOCAPITAL-EQ.svg,https://nsearchives.nseindia.com/365d/MOCAPITAL-EQ.svg,EQ
AONELIQUID,Nifty 1D Rate Index,1073.21,1073.21,1073.19,1073.19,0.14,0.01,23463,25180491.6,1073.059,1094.59,997.56,-,-,5.0591771005668145,0.39852937049198645,1073.05,0,5.05,0.4,18-Aug-2025,17-Jul-2026,-,0.39852937049198645,-,5.0591771005668145,1.9550699348614426,-7.581498857211607,https://nsearchives.nseindia.com/today/AONELIQUIDEQN.svg,https://nsearchives.nseindia.com/30d/AONELIQUID-EQ.svg,https://nsearchives.nseindia.com/365d/AONELIQUID-EQ.svg,EQ
BANKNIFTY1,Nifty Bank,59.64,59.65,59.21,59.34,-0.29,-0.49,422108,25043667.64,59.523,65.29,51.71,27-FEB-26,FACE VALUE SPLIT (SUB-DIVISION) - FROM RS 10/- PER SHARE TO RE 1/- PER SHARE,-89.69290627388314,-1.3958125623130546,59.63,0,-89.64,-1.78,18-Aug-2025,17-Jul-2026,FACE VALUE SPLIT (SUB-DIVISION) - FROM RS 10/- PER SHARE TO RE 1/- PER SHARE,-1.3958125623130546,27-FEB-26,-89.69290627388314,9.113187318119163,-14.755366466834273,https://nsearchives.nseindia.com/today/BANKNIFTY1EQN.svg,https://nsearchives.nseindia.com/30d/BANKNIFTY1-EQ.svg,https://nsearchives.nseindia.com/365d/BANKNIFTY1-EQ.svg,EQ
GROWWHOSPI,BSE Hospitals Index,53.08,53.08,52.11,52.23,-0.32,-0.61,463086,24302753.28,52.5537,62,43.35,-,-,Infinity,-3.385127635960054,52.55,0,0,-2.49,,17-Jul-2026,-,-3.385127635960054,-,Infinity,15.758064516129037,-20.484429065743935,https://nsearchives.nseindia.com/today/GROWWHOSPIEQN.svg,https://nsearchives.nseindia.com/30d/GROWWHOSPI-EQ.svg,,EQ
MIDCAPIETF,Nifty Midcap 150,24.86,24.86,24.1,24.17,-0.09,-0.37,977275,23601191.25,24.1893,24.88,19.89,10-MAY-24,FACE VALUE SPLIT (SUB-DIVISION) - FROM RS 10/- PER SHARE TO RE 1/- PER SHARE,10.214318285453725,1.426772975241307,24.26,0,10.62,2.02,18-Aug-2025,17-Jul-2026,FACE VALUE SPLIT (SUB-DIVISION) - FROM RS 10/- PER SHARE TO RE 1/- PER SHARE,1.426772975241307,10-MAY-24,10.214318285453725,2.853697749196131,-21.51835093011564,https://nsearchives.nseindia.com/today/MIDCAPIETFEQN.svg,https://nsearchives.nseindia.com/30d/MIDCAPIETF-EQ.svg,https://nsearchives.nseindia.com/365d/MIDCAPIETF-EQ.svg,EQ
GROWWLIQID,Nifty 1D Rate Index,110.41,110.41,110.4,110.41,0.03,0.03,210322,23219548.8,110.3875,110.9,102.89,-,-,4.81298651984051,0.39098017821421405,110.38,0,4.78,0.37,18-Aug-2025,17-Jul-2026,-,0.39098017821421405,-,4.81298651984051,0.4418394950405853,-7.308776363106226,https://nsearchives.nseindia.com/today/GROWWLIQIDEQN.svg,https://nsearchives.nseindia.com/30d/GROWWLIQID-EQ.svg,https://nsearchives.nseindia.com/365d/GROWWLIQID-EQ.svg,EQ
GOLDADD,DSP Gold ETF,147.41,148,146.84,148,-0.59,-0.40,150951,22301500.74,148.4857,181,95.95,28-AUG-26,FACE VALUE SPLIT (SUB-DIVISION) - FROM RS 10/- PER UNIT TO RE 1/- PER UNIT,Infinity,7.691188241286468,148.59,0,0,9.16,,17-Jul-2026,FACE VALUE SPLIT (SUB-DIVISION) - FROM RS 10/- PER UNIT TO RE 1/- PER UNIT,7.691188241286468,28-AUG-26,Infinity,18.23204419889503,-54.247003647733194,https://nsearchives.nseindia.com/today/GOLDADDEQN.svg,https://nsearchives.nseindia.com/30d/GOLDADD-EQ.svg,,EQ
MAHKTECH,Hang Seng TECH Total Return Index,23.4,23.4,23.11,23.23,0.13,0.56,937285,21819994.8,19.4444,35.59,21,-,-,-7.6709062003179636,-0.8112724167378363,23.1,0,-8.19,-1.45,18-Aug-2025,17-Jul-2026,-,-0.8112724167378363,-,-7.6709062003179636,34.728856420342794,-10.619047619047622,https://nsearchives.nseindia.com/today/MAHKTECHEQN.svg,https://nsearchives.nseindia.com/30d/MAHKTECH-EQ.svg,https://nsearchives.nseindia.com/365d/MAHKTECH-EQ.svg,EQ
HDFCBSE500,HDFC S&P BSE 500 ETF,37.77,37.77,37.58,37.73,-0.02,-0.05,567561,21391374.09,37.7645,40,32.65,-,-,2.6946107784430997,0.26574541589156075,37.75,0,2.75,0.37,18-Aug-2025,17-Jul-2026,-,0.26574541589156075,-,2.6946107784430997,5.675000000000008,-15.558958652373656,https://nsearchives.nseindia.com/today/HDFCBSE500EQN.svg,https://nsearchives.nseindia.com/30d/HDFCBSE500-EQ.svg,https://nsearchives.nseindia.com/365d/HDFCBSE500-EQ.svg,EQ
DEFENCE,BSE India Defence,85.6,85.6,82.21,82.45,-1.07,-1.28,252572,20829612.84,83.4528,85.6,58.91,-,-,Infinity,5.448267041821212,83.52,0,0,7.21,,17-Jul-2026,-,5.448267041821212,-,Infinity,3.6799065420560653,-39.9592598879647,https://nsearchives.nseindia.com/today/DEFENCEEQN.svg,https://nsearchives.nseindia.com/30d/DEFENCE-EQ.svg,,EQ
METAL,Nifty Metal Total Return Index,12.84,13.17,12.84,13.15,-0.02,-0.15,1570736,20592348.96,13.1528,13.97,8.7,-,-,39.596602972399154,3.952569169960474,13.17,0,39.81,5.02,18-Aug-2025,17-Jul-2026,-,3.952569169960474,-,39.596602972399154,5.8697208303507535,-51.14942528735634,https://nsearchives.nseindia.com/today/METALEQN.svg,https://nsearchives.nseindia.com/30d/METAL-EQ.svg,https://nsearchives.nseindia.com/365d/METAL-EQ.svg,EQ
MONQ50,Nasdaq Q-50 Total Return Index,151.65,151.65,151.2,151.65,0.45,0.30,134519,20394425.59,123.9785,151.65,79.02,-,-,89.30220946198978,7.461734693877551,151.2,0,88.74,5.79,18-Aug-2025,17-Jul-2026,-,7.461734693877551,-,89.30220946198978,0,-91.91343963553533,https://nsearchives.nseindia.com/today/MONQ50EQN.svg,https://nsearchives.nseindia.com/30d/MONQ50-EQ.svg,https://nsearchives.nseindia.com/365d/MONQ50-EQ.svg,EQ
BSLNIFTY,Nifty 50,27.9,28.75,27.72,28.32,-0.12,-0.42,707466,20007138.48,28.3431,33,25.7,25-NOV-21, FACE VALUE SPLIT (SUB-DIVISION) - FROM RS 10/- PER SHARE TO RE 1/- PER SHARE,-2.006920415224908,-0.3167898627243923,28.44,0,-1.59,-0.18,18-Aug-2025,17-Jul-2026, FACE VALUE SPLIT (SUB-DIVISION) - FROM RS 10/- PER SHARE TO RE 1/- PER SHARE,-0.3167898627243923,25-NOV-21,-2.006920415224908,14.181818181818182,-10.194552529182884,https://nsearchives.nseindia.com/today/BSLNIFTYEQN.svg,https://nsearchives.nseindia.com/30d/BSLNIFTY-EQ.svg,https://nsearchives.nseindia.com/365d/BSLNIFTY-EQ.svg,EQ
BANKIETF,Nifty Bank,58.72,58.98,58.65,58.73,-0.25,-0.42,340691,19998561.7,58.8908,63.9,51.17,-,-,2.9087086034694174,-1.3438602385351994,58.98,0,3.35,-1.68,18-Aug-2025,17-Jul-2026,-,-1.3438602385351994,-,2.9087086034694174,8.090766823161193,-14.774281805745545,https://nsearchives.nseindia.com/today/BANKIETFEQN.svg,https://nsearchives.nseindia.com/30d/BANKIETF-EQ.svg,https://nsearchives.nseindia.com/365d/BANKIETF-EQ.svg,EQ
HDFCNIFBAN,Nifty Bank,59.05,59.25,58.79,58.88,-0.35,-0.59,312773,18409818.78,59.0366,65.54,51.2,02-FEB-24,FACE VALUE SPLIT (SUB-DIVISION) - FROM RS 223.31/- PER SHARE TO RS 22.331/- PER SHARE,3.063189217573954,-1.390051917601739,59.23,0,3.68,-1.58,18-Aug-2025,17-Jul-2026,FACE VALUE SPLIT (SUB-DIVISION) - FROM RS 223.31/- PER SHARE TO RS 22.331/- PER SHARE,-1.390051917601739,02-FEB-24,3.063189217573954,10.161733292645717,-15,https://nsearchives.nseindia.com/today/HDFCNIFBANEQN.svg,https://nsearchives.nseindia.com/30d/HDFCNIFBAN-EQ.svg,https://nsearchives.nseindia.com/365d/HDFCNIFBAN-EQ.svg,EQ
MOMMIDCAP,BSE Midcap 150 Momentum 30 TRI,13.17,13.17,12.93,12.95,-0.15,-1.15,1337247,17330721.12,13.0771,14.99,12.21,-,-,Infinity,Infinity,13.1,0,0,0,,,-,Infinity,-,Infinity,13.609072715143434,-6.060606060606047,https://nsearchives.nseindia.com/today/MOMMIDCAPEQN.svg,,,EQ
HSBCGOLD,Commodity,132.66,133.67,130.05,132.2,-1.01,-0.76,127855,16904988.1,132.9529,146.4,119.1,-,-,Infinity,7.768810630145909,133.21,0,0,9.02,,17-Jul-2026,-,7.768810630145909,-,Infinity,9.69945355191258,-10.999160369437444,https://nsearchives.nseindia.com/today/HSBCGOLDEQN.svg,https://nsearchives.nseindia.com/30d/HSBCGOLD-EQ.svg,,EQ
ABSLBANETF,Nifty Bank,60.57,60.57,58.51,58.61,-0.49,-0.83,288523,16895906.88,58.7946,64.94,50.97,25-NOV-21, FACE VALUE SPLIT (SUB-DIVISION) - FROM RS 10/- PER SHARE TO RE 1/- PER SHARE,2.734443470639794,-1.4792402084383973,59.1,0,3.59,-1.34,18-Aug-2025,17-Jul-2026, FACE VALUE SPLIT (SUB-DIVISION) - FROM RS 10/- PER SHARE TO RE 1/- PER SHARE,-1.4792402084383973,25-NOV-21,2.734443470639794,9.74745919310132,-14.989209338826761,https://nsearchives.nseindia.com/today/ABSLBANETFEQN.svg,https://nsearchives.nseindia.com/30d/ABSLBANETF-EQ.svg,https://nsearchives.nseindia.com/365d/ABSLBANETF-EQ.svg,EQ
LTGILTBEES,NIFTY 8-13 yr G-Sec Index,30.09,30.09,29.97,30.04,0.02,0.07,561225,16853586.75,30.0007,30.48,27.93,-,-,4.486956521739128,0.5018400802944081,30.02,0,4.42,0.23,18-Aug-2025,17-Jul-2026,-,0.5018400802944081,-,4.486956521739128,1.4435695538057784,-7.554600787683492,https://nsearchives.nseindia.com/today/LTGILTBEESEQN.svg,https://nsearchives.nseindia.com/30d/LTGILTBEES-EQ.svg,https://nsearchives.nseindia.com/365d/LTGILTBEES-EQ.svg,EQ
GOLDBETA,Gold,128.3,128.35,127.2,128.15,-0.55,-0.43,129711,16565391.81,128.6531,149.35,81.35,25-MAR-21, FACE VALUE SPLIT (SUB-DIVISION) - FROM RS 100/- PER UNIT TO RE 1/- PER UNIT,Infinity,7.824989482541028,128.7,0,0,9.11,,17-Jul-2026, FACE VALUE SPLIT (SUB-DIVISION) - FROM RS 100/- PER UNIT TO RE 1/- PER UNIT,7.824989482541028,25-MAR-21,Infinity,14.194844325410106,-57.529194837123555,https://nsearchives.nseindia.com/today/GOLDBETAEQN.svg,https://nsearchives.nseindia.com/30d/GOLDBETA-EQ.svg,,EQ
HDFCNIFTY,Nifty 50,273.21,273.3,271.25,271.9,-1.31,-0.48,59746,16234183.12,272.4475,301.88,247.56,17-FEB-21, FACE VALUE SPLIT (SUB-DIVISION) - FROM RS 761.25/- PER UNIT TO RS 76.125/- PER UNIT,-2.2434745092399546,-0.340871605028775,273.21,0,-1.77,-0.15,18-Aug-2025,17-Jul-2026, FACE VALUE SPLIT (SUB-DIVISION) - FROM RS 761.25/- PER UNIT TO RS 76.125/- PER UNIT,-0.340871605028775,17-FEB-21,-2.2434745092399546,9.931098449715124,-9.831959928906112,https://nsearchives.nseindia.com/today/HDFCNIFTYEQN.svg,https://nsearchives.nseindia.com/30d/HDFCNIFTY-EQ.svg,https://nsearchives.nseindia.com/365d/HDFCNIFTY-EQ.svg,EQ
QGOLDHALF,Gold,127.12,127.12,125.35,126.05,-0.69,-0.54,128474,16168452.9,126.6686,149.69,80.09,16-DEC-21, FACE VALUE SPLIT (SUB-DIVISION) - FROM RS 100 PER SHARE TO RS 2 PER SHARE,52.32628398791541,7.560372045396365,126.74,0,53.16,8.91,18-Aug-2025,17-Jul-2026, FACE VALUE SPLIT (SUB-DIVISION) - FROM RS 100 PER SHARE TO RS 2 PER SHARE,7.560372045396365,16-DEC-21,52.32628398791541,15.79263811877881,-57.38544137844923,https://nsearchives.nseindia.com/today/QGOLDHALFEQN.svg,https://nsearchives.nseindia.com/30d/QGOLDHALF-EQ.svg,https://nsearchives.nseindia.com/365d/QGOLDHALF-EQ.svg,EQ
MOSMALL250,Motilal Oswal Nifty Smallcap 250 ETF,18.48,18.49,18.23,18.28,-0.11,-0.60,863296,15832848.64,18.4447,19.38,14.22,-,-,7.78301886792453,0.8273579702151249,18.39,0,8.43,2,18-Aug-2025,17-Jul-2026,-,0.8273579702151249,-,7.78301886792453,5.67595459236325,-28.551336146272856,https://nsearchives.nseindia.com/today/MOSMALL250EQN.svg,https://nsearchives.nseindia.com/30d/MOSMALL250-EQ.svg,https://nsearchives.nseindia.com/365d/MOSMALL250-EQ.svg,EQ
NIFTY1,Nifty 50,269.09,269.09,267.16,268.06,-1.03,-0.38,57562,15406469.3,268.2979,320,244.8,27-JUL-17, FACE VALUE SPLIT (SUB-DIVISION) - FROM RS 10/- PER SHARE TO RS 1/- PER SHARE,-2.039175559128777,-0.38277156341743385,269.09,0,-1.66,-0.12,18-Aug-2025,17-Jul-2026, FACE VALUE SPLIT (SUB-DIVISION) - FROM RS 10/- PER SHARE TO RS 1/- PER SHARE,-0.38277156341743385,27-JUL-17,-2.039175559128777,16.23125,-9.5016339869281,https://nsearchives.nseindia.com/today/NIFTY1EQN.svg,https://nsearchives.nseindia.com/30d/NIFTY1-EQ.svg,https://nsearchives.nseindia.com/365d/NIFTY1-EQ.svg,EQ
SETFNN50,Nifty Next 50,796.6,799.99,791.27,792,-6.66,-0.83,19357,15368296.58,797.1503,840,636.01,02-NOV-17, DIVIDEND - RS 7/- PER UNIT,10.5944451426417,2.300468877149013,798.66,0,11.52,3.78,18-Aug-2025,17-Jul-2026, DIVIDEND - RS 7/- PER UNIT,2.300468877149013,02-NOV-17,10.5944451426417,5.714285714285714,-24.52634392540998,https://nsearchives.nseindia.com/today/SETFNN50EQN.svg,https://nsearchives.nseindia.com/30d/SETFNN50-EQ.svg,https://nsearchives.nseindia.com/365d/SETFNN50-EQ.svg,EQ
NIFTYCASE,Nifty Index 50 Index,9.85,9.85,9.66,9.69,-0.05,-0.51,1517401,14688441.68,9.7041,11.4,8.84,-,-,Infinity,-0.10309278350515245,9.74,0,0,0.1,,17-Jul-2026,-,-0.10309278350515245,-,Infinity,15.000000000000007,-9.615384615384613,https://nsearchives.nseindia.com/today/NIFTYCASEEQN.svg,https://nsearchives.nseindia.com/30d/NIFTYCASE-EQ.svg,,EQ
SETFNIFBK,Nifty Bank,575.22,589.84,575.22,588.03,-1.94,-0.33,24583,14436612.58,589.0842,646.11,465.64,02-NOV-17, DIVIDEND - RS 3.50 PER UNIT,3.005938304692832,-1.310754564983898,589.97,0,3.35,-1.69,18-Aug-2025,17-Jul-2026, DIVIDEND - RS 3.50 PER UNIT,-1.310754564983898,02-NOV-17,3.005938304692832,8.989181408738455,-26.284253930074733,https://nsearchives.nseindia.com/today/SETFNIFBKEQN.svg,https://nsearchives.nseindia.com/30d/SETFNIFBK-EQ.svg,https://nsearchives.nseindia.com/365d/SETFNIFBK-EQ.svg,EQ
MIDSMALL,Mirae Asset Nifty MidSmallcap400 Momentum Quality 100 ETF,52.33,52.34,51.79,51.91,-0.42,-0.80,277258,14392462.78,52.2714,52.77,42.41,-,-,7.71944386802241,2.024371069182378,52.33,0,8.59,3.89,18-Aug-2025,17-Jul-2026,-,2.024371069182378,-,7.71944386802241,1.629713852567759,-22.40037726951191,https://nsearchives.nseindia.com/today/MIDSMALLEQN.svg,https://nsearchives.nseindia.com/30d/MIDSMALL-EQ.svg,https://nsearchives.nseindia.com/365d/MIDSMALL-EQ.svg,EQ
MONIFTY500,Motilal Oswal Nifty 500 ETF,24.76,24.76,23.94,24.03,-0.13,-0.54,554753,13308524.47,24.0237,28.28,20.75,-,-,2.7801539777587774,1.0088272383354435,24.16,0,3.34,1.43,18-Aug-2025,17-Jul-2026,-,1.0088272383354435,-,2.7801539777587774,15.028288543140027,-15.807228915662655,https://nsearchives.nseindia.com/today/MONIFTY500EQN.svg,https://nsearchives.nseindia.com/30d/MONIFTY500-EQ.svg,https://nsearchives.nseindia.com/365d/MONIFTY500-EQ.svg,EQ
BANKBETA,Nifty Bank,59.33,59.35,59.03,59.2,-0.13,-0.22,225047,13304778.64,59.321,73.7,51.3,17-FEB-21, FACE VALUE SPLIT (SUB-DIVISION) - FROM RS 10/- PER UNIT TO RE 1/- PER UNIT,Infinity,-1.300433477825932,59.33,0,0,-1.84,,17-Jul-2026, FACE VALUE SPLIT (SUB-DIVISION) - FROM RS 10/- PER UNIT TO RE 1/- PER UNIT,-1.300433477825932,17-FEB-21,Infinity,19.674355495251017,-15.399610136452253,https://nsearchives.nseindia.com/today/BANKBETAEQN.svg,https://nsearchives.nseindia.com/30d/BANKBETA-EQ.svg,,EQ
GROWWRAIL,Nifty India Railways PSU Index,28.88,29.01,28.64,28.8,-0.07,-0.24,455103,13088762.28,28.8297,36.75,27.8,-,-,-16.2547252108171,-0.9628610729023301,28.87,0,-16.05,-0.31,18-Aug-2025,17-Jul-2026,-,-0.9628610729023301,-,-16.2547252108171,21.632653061224488,-3.597122302158273,https://nsearchives.nseindia.com/today/GROWWRAILEQN.svg,https://nsearchives.nseindia.com/30d/GROWWRAIL-EQ.svg,https://nsearchives.nseindia.com/365d/GROWWRAIL-EQ.svg,EQ
MID150,Nifty Midcap 150 Index,23.81,24,23.33,23.76,-0.05,-0.21,517840,12288343.2,,24.95,18.97,-,-,7.85292782569224,1.1494252873563353,23.81,0,8.08,2.19,18-Aug-2025,17-Jul-2026,-,1.1494252873563353,-,7.85292782569224,4.769539078156304,-25.250395361096484,https://nsearchives.nseindia.com/today/MID150EQN.svg,https://nsearchives.nseindia.com/30d/MID150-EQ.svg,https://nsearchives.nseindia.com/365d/MID150-EQ.svg,EQ
MOMIDMTM,Nifty Midcap 150 Momentum 50 Total Return Index,65.19,65.19,64.29,64.5,-0.69,-1.06,189223,12201099.04,64.9387,70,54.78,-,-,3.431686978832586,1.9279393173198465,65.19,0,4.54,3.15,18-Aug-2025,17-Jul-2026,-,1.9279393173198465,-,3.431686978832586,7.857142857142857,-17.743702081051477,https://nsearchives.nseindia.com/today/MOMIDMTMEQN.svg,https://nsearchives.nseindia.com/30d/MOMIDMTM-EQ.svg,https://nsearchives.nseindia.com/365d/MOMIDMTM-EQ.svg,EQ
MONIFTY100,Nifty 100 Total Return Index,25.51,26,25.15,25.52,0.01,0.04,476606,12129622.7,25.5144,27.97,22.38,-,-,Infinity,0.1569858712715822,25.51,0,0,0.39,,17-Jul-2026,-,0.1569858712715822,-,Infinity,8.759385055416516,-14.030384271671139,https://nsearchives.nseindia.com/today/MONIFTY100EQN.svg,https://nsearchives.nseindia.com/30d/MONIFTY100-EQ.svg,,EQ
SILVERBND,Commodity - Silver,230.2,230.2,225.73,227.87,-4.64,-2.00,53273,12095634.65,232.1558,389,180,-,-,Infinity,4.17390509280424,232.51,0,0,8.07,,17-Jul-2026,-,4.17390509280424,-,Infinity,41.42159383033419,-26.594444444444445,https://nsearchives.nseindia.com/today/SILVERBNDEQN.svg,https://nsearchives.nseindia.com/30d/SILVERBND-EQ.svg,,EQ
ITIETF,Nifty IT Index,34,34.12,33.54,33.65,-0.01,-0.03,348747,11780673.66,33.6106,44.3,28.54,01-SEP-22,FACE VALUE SPLIT (SUB-DIVISION) - FROM RS 10/- PER UNIT TO RE 1/- PER UNIT,-10.978835978835976,3.793954349167171,33.66,0,-10.95,3.73,18-Aug-2025,17-Jul-2026,FACE VALUE SPLIT (SUB-DIVISION) - FROM RS 10/- PER UNIT TO RE 1/- PER UNIT,3.793954349167171,01-SEP-22,-10.978835978835976,24.04063205417607,-17.904695164681147,https://nsearchives.nseindia.com/today/ITIETFEQN.svg,https://nsearchives.nseindia.com/30d/ITIETF-EQ.svg,https://nsearchives.nseindia.com/365d/ITIETF-EQ.svg,EQ
MOM100,Nifty Midcap 100,70.32,70.32,68.17,68.51,-0.1,-0.15,171697,11745791.77,68.5904,70.32,56.15,-,-,11.325966850828738,0.9727339719970683,68.61,0,11.49,1.78,18-Aug-2025,17-Jul-2026,-,0.9727339719970683,-,11.325966850828738,2.5739476678043065,-22.01246660730188,https://nsearchives.nseindia.com/today/MOM100EQN.svg,https://nsearchives.nseindia.com/30d/MOM100-EQ.svg,https://nsearchives.nseindia.com/365d/MOM100-EQ.svg,EQ
ENERGY,Nifty Energy,38.96,38.97,38.23,38.38,-0.44,-1.13,274531,10550226.33,38.8104,42.82,29,-,-,Infinity,-3.761283851554664,38.82,0,0,-1.42,,17-Jul-2026,-,-3.761283851554664,-,Infinity,10.3689864549276,-32.344827586206904,https://nsearchives.nseindia.com/today/ENERGYEQN.svg,https://nsearchives.nseindia.com/30d/ENERGY-EQ.svg,,EQ
NIFTYBETA,Nifty 50,268.59,268.59,266.86,267.66,-0.93,-0.35,39383,10530226.54,268.0395,297.48,244.9,25-SEP-23,FACE VALUE SPLIT (SUB-DIVISION) - FROM RS 10/- PER SHARE TO RE 1/- PER SHARE,Infinity,-0.37221767289510904,268.59,0,0,-0.17,,17-Jul-2026,FACE VALUE SPLIT (SUB-DIVISION) - FROM RS 10/- PER SHARE TO RE 1/- PER SHARE,-0.37221767289510904,25-SEP-23,Infinity,10.024203307785394,-9.29358922008984,https://nsearchives.nseindia.com/today/NIFTYBETAEQN.svg,https://nsearchives.nseindia.com/30d/NIFTYBETA-EQ.svg,,EQ
MID150CASE,Zerodha Nifty Midcap 150 ETF,11.4,11.87,11.4,11.69,-0.09,-0.76,896816,10510683.52,11.7612,13,9.63,-,-,10.075329566854993,0.6890611541774339,11.78,0,10.92,2.08,18-Aug-2025,17-Jul-2026,-,0.6890611541774339,-,10.075329566854993,10.076923076923082,-21.391484942886798,https://nsearchives.nseindia.com/today/MID150CASEEQN.svg,https://nsearchives.nseindia.com/30d/MID150CASE-EQ.svg,https://nsearchives.nseindia.com/365d/MID150CASE-EQ.svg,EQ
CHEMICAL,Nifty Chemicals Index (TRI),30.88,30.93,30.36,30.46,-0.39,-1.26,342658,10461348.74,30.825,31.8,24.5,-,-,Infinity,-0.19659239842725662,30.85,0,0,1.68,,17-Jul-2026,-,-0.19659239842725662,-,Infinity,4.213836477987421,-24.326530612244902,https://nsearchives.nseindia.com/today/CHEMICALEQN.svg,https://nsearchives.nseindia.com/30d/CHEMICAL-EQ.svg,,EQ
INFRABEES,Nifty Infra,970,971.72,958,966.41,-7.27,-0.75,10407,10041818.37,970.181,1018.3,871.35,-,-,3.123332693087477,-0.7843539859350123,973.68,0,3.9,0.66,18-Aug-2025,17-Jul-2026,-,-0.7843539859350123,-,3.123332693087477,5.095747814985759,-10.909508234348992,https://nsearchives.nseindia.com/today/INFRABEESEQN.svg,https://nsearchives.nseindia.com/30d/INFRABEES-EQ.svg,https://nsearchives.nseindia.com/365d/INFRABEES-EQ.svg,EQ
MOVALUE,Motilal Oswal S&P BSE Enhanced Value ETF,113.68,113.68,112.89,112.97,-0.71,-0.62,87863,9932033.52,113.6637,128.77,98.1,-,-,11.190944881889768,-2.0463019162403535,113.68,0,11.89,-0.2,18-Aug-2025,17-Jul-2026,-,-2.0463019162403535,-,11.190944881889768,12.269938650306756,-15.158002038735988,https://nsearchives.nseindia.com/today/MOVALUEEQN.svg,https://nsearchives.nseindia.com/30d/MOVALUE-EQ.svg,https://nsearchives.nseindia.com/365d/MOVALUE-EQ.svg,EQ
EVINDIA,Nifty EV and New Age Automotive Total Return Index,34,34.31,33.81,33.91,-0.27,-0.79,292688,9930903.84,34.1608,35.04,26.2,-,-,13.639410187667549,7.072939690558872,34.18,0,14.54,7.96,18-Aug-2025,17-Jul-2026,-,7.072939690558872,-,13.639410187667549,3.224885844748866,-29.427480916030525,https://nsearchives.nseindia.com/today/EVINDIAEQN.svg,https://nsearchives.nseindia.com/30d/EVINDIA-EQ.svg,https://nsearchives.nseindia.com/365d/EVINDIA-EQ.svg,EQ
HDFCNEXT50,HDFC NIFTY NEXT 50 ETF,75.93,76.02,75.14,75.14,-0.69,-0.91,131385,9926136.75,76.0169,78.07,59.99,20-OCT-23,FACE VALUE SPLIT (SUB-DIVISION) - FROM RS 418.18/- PER SHARE TO RS 41.81/- PER SHARE,9.549497011226123,1.7467840216655468,75.83,0,10.56,3.54,18-Aug-2025,17-Jul-2026,FACE VALUE SPLIT (SUB-DIVISION) - FROM RS 418.18/- PER SHARE TO RS 41.81/- PER SHARE,1.7467840216655468,20-OCT-23,9.549497011226123,3.753042141667725,-25.254209034839135,https://nsearchives.nseindia.com/today/HDFCNEXT50EQN.svg,https://nsearchives.nseindia.com/30d/HDFCNEXT50-EQ.svg,https://nsearchives.nseindia.com/365d/HDFCNEXT50-EQ.svg,EQ
GROWWCAPM,Nifty Capital Markets Index,11.28,11.29,11.17,11.21,-0.02,-0.18,866015,9742668.75,11.213,12.66,8.02,-,-,Infinity,-2.09606986899562,11.23,0,0,-1.49,,17-Jul-2026,-,-2.09606986899562,-,Infinity,11.453396524486568,-39.775561097256876,https://nsearchives.nseindia.com/today/GROWWCAPMEQN.svg,https://nsearchives.nseindia.com/30d/GROWWCAPM-EQ.svg,,EQ
HEALTHIETF,Nifty Healthcare Index,169.8,169.99,168,169.24,0.29,0.17,56446,9519617.9,169.0401,174.82,138.65,-,-,12.84171222829712,-0.08265438658636579,168.95,0,12.65,1.25,18-Aug-2025,17-Jul-2026,-,-0.08265438658636579,-,12.84171222829712,3.1918544788925662,-22.062747926433467,https://nsearchives.nseindia.com/today/HEALTHIETFEQN.svg,https://nsearchives.nseindia.com/30d/HEALTHIETF-EQ.svg,https://nsearchives.nseindia.com/365d/HEALTHIETF-EQ.svg,EQ
DIVOPPBEES,Nifty Dividend Opportunities 50 TRI,77.99,77.99,77.04,77.55,-0.22,-0.28,121615,9381381.1,77.5264,87.09,72.13,-,-,1.3725490196078394,0.025796465884168736,77.77,0,1.66,1.26,18-Aug-2025,17-Jul-2026,-,0.025796465884168736,-,1.3725490196078394,10.954185325525327,-7.514210453348125,https://nsearchives.nseindia.com/today/DIVOPPBEESEQN.svg,https://nsearchives.nseindia.com/30d/DIVOPPBEES-EQ.svg,https://nsearchives.nseindia.com/365d/DIVOPPBEES-EQ.svg,EQ
VAL30IETF,Nifty200 Value 30 Index,14.9,15.33,14.9,15.18,-0.11,-0.72,608697,9252194.4,15.249,17.7,12.27,-,-,16.949152542372875,-1.874595992243057,15.29,0,17.8,0,18-Aug-2025,17-Jul-2026,-,-1.874595992243057,-,16.949152542372875,14.237288135593218,-23.71638141809291,https://nsearchives.nseindia.com/today/VAL30IETFEQN.svg,https://nsearchives.nseindia.com/30d/VAL30IETF-EQ.svg,https://nsearchives.nseindia.com/365d/VAL30IETF-EQ.svg,EQ
ALPHAETF,Mirae Asset Nifty 200 Alpha 30 ETF,26.63,26.63,26.36,26.43,-0.36,-1.34,341006,9019608.7,26.7168,27.2,21.8,-,-,5.173099880620774,1.4587332053742763,26.79,0,6.61,3.64,18-Aug-2025,17-Jul-2026,-,1.4587332053742763,-,5.173099880620774,2.830882352941175,-21.238532110091736,https://nsearchives.nseindia.com/today/ALPHAETFEQN.svg,https://nsearchives.nseindia.com/30d/ALPHAETF-EQ.svg,https://nsearchives.nseindia.com/365d/ALPHAETF-EQ.svg,EQ
INFRAIETF,ICICI Prudential Nifty Infrastructure ETF,96.02,96.53,95.26,95.26,-1.27,-1.32,89012,8528239.72,96.5776,101,86.8,-,-,2.4852071005917185,-2.0462724935732597,96.53,0,3.85,0,18-Aug-2025,17-Jul-2026,-,-2.0462724935732597,-,2.4852071005917185,5.6831683168316784,-9.746543778801852,https://nsearchives.nseindia.com/today/INFRAIETFEQN.svg,https://nsearchives.nseindia.com/30d/INFRAIETF-EQ.svg,https://nsearchives.nseindia.com/365d/INFRAIETF-EQ.svg,EQ
GROWWEV,Nifty EV and New Age Automotive Index,33.95,34.16,33.5,33.63,-0.3,-0.88,250710,8473998,34.0302,34.64,26.2,-,-,12.701072386058991,6.728022849888927,33.93,0,13.71,7.82,18-Aug-2025,17-Jul-2026,-,6.728022849888927,-,12.701072386058991,2.9157043879907563,-28.358778625954212,https://nsearchives.nseindia.com/today/GROWWEVEQN.svg,https://nsearchives.nseindia.com/30d/GROWWEV-EQ.svg,https://nsearchives.nseindia.com/365d/GROWWEV-EQ.svg,EQ
SML100CASE,Nifty Smallcap 100 Index,11.4,11.4,11.16,11.22,-0.03,-0.27,751962,8429494.02,11.2618,11.74,8.5,-,-,Infinity,2.2789425706472195,11.25,0,0,2.93,,17-Jul-2026,-,2.2789425706472195,-,Infinity,4.429301533219758,-32.00000000000001,https://nsearchives.nseindia.com/today/SML100CASEEQN.svg,https://nsearchives.nseindia.com/30d/SML100CASE-EQ.svg,,EQ
SBIMIDMOM,Nifty Midcap 150 Momentum 50 Index,64.61,64.61,63.42,63.65,-0.63,-0.98,128697,8192851.02,64.1079,67.74,53.86,-,-,Infinity,1.4019436036323012,64.28,0,0,3.15,,17-Jul-2026,-,1.4019436036323012,-,Infinity,6.037791555949213,-18.1767545488303,https://nsearchives.nseindia.com/today/SBIMIDMOMEQN.svg,https://nsearchives.nseindia.com/30d/SBIMIDMOM-EQ.svg,,EQ
MOLOWVOL,Nifty Midcap 100 TRI,36.66,36.9,36.49,36.75,-0.14,-0.38,221798,8093409.02,36.7776,43.07,33.52,11-AUG-22,FACE VALUE SPLIT (SUB-DIVISION) - FROM RS 10/- PER UNIT TO RS 2/- PER UNIT,-2.623211446740864,-0.7829373650107968,36.89,0,-2.25,-0.3,18-Aug-2025,17-Jul-2026,FACE VALUE SPLIT (SUB-DIVISION) - FROM RS 10/- PER UNIT TO RS 2/- PER UNIT,-0.7829373650107968,11-AUG-22,-2.623211446740864,14.673786858602275,-9.636038186157506,https://nsearchives.nseindia.com/today/MOLOWVOLEQN.svg,https://nsearchives.nseindia.com/30d/MOLOWVOL-EQ.svg,https://nsearchives.nseindia.com/365d/MOLOWVOL-EQ.svg,EQ
EVIETF,Nifty EV & New Age Automotive ETF,34.17,34.31,33.81,33.99,-0.18,-0.53,235455,7988988.15,34.1118,36,26.28,-,-,13.716962194713954,7.359444093493372,34.17,0,14.32,7.69,18-Aug-2025,17-Jul-2026,-,7.359444093493372,-,13.716962194713954,5.583333333333328,-29.337899543379,https://nsearchives.nseindia.com/today/EVIETFEQN.svg,https://nsearchives.nseindia.com/30d/EVIETF-EQ.svg,https://nsearchives.nseindia.com/365d/EVIETF-EQ.svg,EQ
OILIETF,Nifty Oil & Gas Index,11.49,11.49,11.32,11.36,-0.03,-0.26,688050,7823128.5,11.4065,14,9.8,-,-,1.610017889087654,-1.3032145960034784,11.39,0,1.88,-0.44,18-Aug-2025,17-Jul-2026,-,-1.3032145960034784,-,1.610017889087654,18.85714285714286,-15.918367346938762,https://nsearchives.nseindia.com/today/OILIETFEQN.svg,https://nsearchives.nseindia.com/30d/OILIETF-EQ.svg,https://nsearchives.nseindia.com/365d/OILIETF-EQ.svg,EQ
AONEGOLD,Domestic price of Gold,14.28,14.35,14.11,14.24,-0.04,-0.28,540010,7662741.9,14.2749,17.73,10,-,-,Infinity,7.715582450832069,14.28,0,0,9.01,,17-Jul-2026,-,7.715582450832069,-,Infinity,19.684151156232375,-42.4,https://nsearchives.nseindia.com/today/AONEGOLDEQN.svg,https://nsearchives.nseindia.com/30d/AONEGOLD-EQ.svg,,EQ
MASPTOP50,S&P 500 Top 50 Total Return Index,80.83,80.83,80.36,80.83,-0.19,-0.23,94313,7622376.66,66.9033,82.78,62.42,-,-,24.58384710234279,1.4687421541551617,81.02,0,24.88,0.6,18-Aug-2025,17-Jul-2026,-,1.4687421541551617,-,24.58384710234279,2.355641459289687,-29.493752002563273,https://nsearchives.nseindia.com/today/MASPTOP50EQN.svg,https://nsearchives.nseindia.com/30d/MASPTOP50-EQ.svg,https://nsearchives.nseindia.com/365d/MASPTOP50-EQ.svg,EQ
ALPL30IETF,Nifty Alpha Low-Volatility 30 Index,28.25,28.25,27.96,28,-0.27,-0.96,270287,7592361.83,28.1871,29.17,24.35,10-MAY-24,FACE VALUE SPLIT (SUB-DIVISION) - FROM RS 10/- PER SHARE TO RE 1/- PER SHARE,2.227090178897406,0.25062656641604114,28.27,0,3.21,2.5,18-Aug-2025,17-Jul-2026,FACE VALUE SPLIT (SUB-DIVISION) - FROM RS 10/- PER SHARE TO RE 1/- PER SHARE,0.25062656641604114,10-MAY-24,2.227090178897406,4.010970174837167,-14.989733059548248,https://nsearchives.nseindia.com/today/ALPL30IETFEQN.svg,https://nsearchives.nseindia.com/30d/ALPL30IETF-EQ.svg,https://nsearchives.nseindia.com/365d/ALPL30IETF-EQ.svg,EQ
MIDSELIETF,S&P BSE Midcap Select Index,19.9,19.99,19.73,19.9,0.02,0.10,368753,7308684.46,19.8099,20.19,14.55,10-MAY-24,FACE VALUE SPLIT (SUB-DIVISION) - FROM RS 10/- PER SHARE TO RE 1/- PER SHARE,15.095430884904566,2.5244719216898424,19.88,0,14.98,2.58,18-Aug-2025,17-Jul-2026,FACE VALUE SPLIT (SUB-DIVISION) - FROM RS 10/- PER SHARE TO RE 1/- PER SHARE,2.5244719216898424,10-MAY-24,15.095430884904566,1.4363546310054616,-36.769759450171804,https://nsearchives.nseindia.com/today/MIDSELIETFEQN.svg,https://nsearchives.nseindia.com/30d/MIDSELIETF-EQ.svg,https://nsearchives.nseindia.com/365d/MIDSELIETF-EQ.svg,EQ
ITETF,Mirae Asset Nifty IT ETF,32.41,32.54,32,32.26,0.18,0.56,224853,7247012.19,32.0493,42.02,27.22,-,-,-10.41377395168009,4.5366169799092635,32.08,0,-10.91,3.75,18-Aug-2025,17-Jul-2026,-,4.5366169799092635,-,-10.41377395168009,23.22703474535936,-18.51579720793534,https://nsearchives.nseindia.com/today/ITETFEQN.svg,https://nsearchives.nseindia.com/30d/ITETF-EQ.svg,https://nsearchives.nseindia.com/365d/ITETF-EQ.svg,EQ
PSUBANK,Nifty PSU Bank,86.23,86.69,86.01,86.44,-0.21,-0.24,83154,7169537.88,86.3184,101,66.26,10-JUL-26,FACE VALUE SPLIT (SUB-DIVISION) - FROM RS 10/- PER UNIT TO RE 1/- PER UNIT,-87.72560101103332,-0.03469411356539972,86.65,0,-87.7,2.98,18-Aug-2025,17-Jul-2026,FACE VALUE SPLIT (SUB-DIVISION) - FROM RS 10/- PER UNIT TO RE 1/- PER UNIT,-0.03469411356539972,10-JUL-26,-87.72560101103332,14.415841584158418,-30.455780259583445,https://nsearchives.nseindia.com/today/PSUBANKEQN.svg,https://nsearchives.nseindia.com/30d/PSUBANK-EQ.svg,https://nsearchives.nseindia.com/365d/PSUBANK-EQ.svg,EQ
NV20IETF,Nifty50 Value 20,13.65,13.77,13.51,13.55,-0.1,-0.73,517758,7015620.9,13.6091,16,12.5,01-MAR-24,FACE VALUE SPLIT (SUB-DIVISION) - FROM RS 10/- PER SHARE TO RE 1/- PER SHARE,-5.178446466060171,-2.1660649819494506,13.65,0,-4.48,-1.8,18-Aug-2025,17-Jul-2026,FACE VALUE SPLIT (SUB-DIVISION) - FROM RS 10/- PER SHARE TO RE 1/- PER SHARE,-2.1660649819494506,01-MAR-24,-5.178446466060171,15.312499999999996,-8.400000000000006,https://nsearchives.nseindia.com/today/NV20IETFEQN.svg,https://nsearchives.nseindia.com/30d/NV20IETF-EQ.svg,https://nsearchives.nseindia.com/365d/NV20IETF-EQ.svg,EQ
HDFCNIMEG,Nifty Metal Index TRI,129.88,130.8,128.52,130.45,-0.02,-0.02,53424,6948859.68,130.1691,152.55,126.96,-,-,Infinity,Infinity,130.47,0,0,0,,,-,Infinity,-,Infinity,14.487053425106536,-2.7488972904851883,https://nsearchives.nseindia.com/today/HDFCNIMEGEQN.svg,,,EQ
MAKEINDIA,Nifty India Manufacturing Total Return Index,170.63,170.63,167.39,167.97,-0.97,-0.57,40807,6844150.04,168.5411,173.11,140.12,-,-,14.475567368636279,3.125000000000002,168.94,0,15.14,4.44,18-Aug-2025,17-Jul-2026,-,3.125000000000002,-,14.475567368636279,2.969210328692747,-19.875820725092773,https://nsearchives.nseindia.com/today/MAKEINDIAEQN.svg,https://nsearchives.nseindia.com/30d/MAKEINDIA-EQ.svg,https://nsearchives.nseindia.com/365d/MAKEINDIA-EQ.svg,EQ
NEXT50BETA,Nifty Next 50,80.2,80.46,79.65,79.9,-0.3,-0.37,84719,6763964.96,80.308,82.51,64.34,25-MAR-21, FACE VALUE SPLIT (SUB-DIVISION) - FROM RS 10/- PER UNIT TO Re 1/- PER UNIT,Infinity,2.239283429302623,80.2,0,0,3.23,,17-Jul-2026, FACE VALUE SPLIT (SUB-DIVISION) - FROM RS 10/- PER UNIT TO Re 1/- PER UNIT,2.239283429302623,25-MAR-21,Infinity,3.1632529390376916,-24.184022381100405,https://nsearchives.nseindia.com/today/NEXT50BETAEQN.svg,https://nsearchives.nseindia.com/30d/NEXT50BETA-EQ.svg,,EQ
IT,NIFTY IT Index,33.7,34.19,33.51,33.79,0.1,0.30,199896,6742492.08,33.5832,44.49,28.54,-,-,-10.418875927889713,4.1294298921417445,33.69,0,-10.68,3.98,18-Aug-2025,17-Jul-2026,-,4.1294298921417445,-,-10.418875927889713,24.050348392897284,-18.395234758234057,https://nsearchives.nseindia.com/today/ITEQN.svg,https://nsearchives.nseindia.com/30d/IT-EQ.svg,https://nsearchives.nseindia.com/365d/IT-EQ.svg,EQ
MOSILVER,Domestic Price of Physical Silver,226.95,226.95,221.2,224,-5.19,-2.26,29885,6687964.15,228.936,385,112.32,-,-,96.40508548882069,4.317049317747874,229.19,0,100.96,8.27,18-Aug-2025,17-Jul-2026,-,4.317049317747874,-,96.40508548882069,41.81818181818182,-99.43019943019944,https://nsearchives.nseindia.com/today/MOSILVEREQN.svg,https://nsearchives.nseindia.com/30d/MOSILVER-EQ.svg,https://nsearchives.nseindia.com/365d/MOSILVER-EQ.svg,EQ
HDFCMID150,HDFC NIFTY Midcap 150 ETF,23.9,23.9,23.53,23.7,0.05,0.21,282003,6655270.8,23.6683,25.2,19.42,20-OCT-23,FACE VALUE SPLIT (SUB-DIVISION) - FROM RS 115.95/- PER SHARE TO RS 11.59/- PER SHARE,10.18131101813109,1.4989293361884277,23.65,0,9.95,1.85,18-Aug-2025,17-Jul-2026,FACE VALUE SPLIT (SUB-DIVISION) - FROM RS 115.95/- PER SHARE TO RS 11.59/- PER SHARE,1.4989293361884277,20-OCT-23,10.18131101813109,5.9523809523809526,-22.039134912461368,https://nsearchives.nseindia.com/today/HDFCMID150EQN.svg,https://nsearchives.nseindia.com/30d/HDFCMID150-EQ.svg,https://nsearchives.nseindia.com/365d/HDFCMID150-EQ.svg,EQ
HDFCMOMENT,HDFC NIFTY200 Momentum 30 ETF,31.49,31.49,30.95,31.18,-0.24,-0.76,207377,6441129.62,31.3946,33.23,27.13,20-OCT-23,FACE VALUE SPLIT (SUB-DIVISION) - FROM RS 190.61/- PER SHARE TO RS 19.061/- PER SHARE,0.6131010003226889,1.3324666883327922,31.42,0,1.39,2.98,18-Aug-2025,17-Jul-2026,FACE VALUE SPLIT (SUB-DIVISION) - FROM RS 190.61/- PER SHARE TO RS 19.061/- PER SHARE,1.3324666883327922,20-OCT-23,0.6131010003226889,6.169124285284374,-14.928123848138595,https://nsearchives.nseindia.com/today/HDFCMOMENTEQN.svg,https://nsearchives.nseindia.com/30d/HDFCMOMENT-EQ.svg,https://nsearchives.nseindia.com/365d/HDFCMOMENT-EQ.svg,EQ
HDFCPVTBAN,HDFC NIFTY Private Bank ETF,28.53,28.53,27.65,27.92,0.08,0.29,222559,6160433.12,27.8146,30.17,24.31,02-FEB-24,FACE VALUE SPLIT (SUB-DIVISION) - FROM RS 216.75/- PER SHARE TO RS 21.675/- PER SHARE,2.0467836257310026,-1.8284106891701812,27.84,0,1.75,-4.17,18-Aug-2025,17-Jul-2026,FACE VALUE SPLIT (SUB-DIVISION) - FROM RS 216.75/- PER SHARE TO RS 21.675/- PER SHARE,-1.8284106891701812,02-FEB-24,2.0467836257310026,7.457739476300961,-14.849856026326627,https://nsearchives.nseindia.com/today/HDFCPVTBANEQN.svg,https://nsearchives.nseindia.com/30d/HDFCPVTBAN-EQ.svg,https://nsearchives.nseindia.com/365d/HDFCPVTBAN-EQ.svg,EQ
EBBETF0430,Nifty BHARAT Bond,1615.39,1615.4,1611.16,1613,0.13,0.01,3806,6141894.44,1613.5449,1646.18,1232,-,-,5.537962260200484,0.6621359344479122,1612.87,0,5.53,0.56,18-Aug-2025,17-Jul-2026,-,0.6621359344479122,-,5.537962260200484,2.0155754534741073,-30.925324675324674,https://nsearchives.nseindia.com/today/EBBETF0430EQN.svg,https://nsearchives.nseindia.com/30d/EBBETF0430-EQ.svg,https://nsearchives.nseindia.com/365d/EBBETF0430-EQ.svg,EQ
TOP100CASE,Zerodha Nifty 100 ETF,10.95,10.95,10.57,10.62,-0.07,-0.65,575217,6103052.37,10.651,11.57,9.48,-,-,-0.18796992481204275,0.0942507068802996,10.69,0,0.47,0.75,18-Aug-2025,17-Jul-2026,-,0.0942507068802996,-,-0.18796992481204275,8.210890233362154,-12.02531645569619,https://nsearchives.nseindia.com/today/TOP100CASEEQN.svg,https://nsearchives.nseindia.com/30d/TOP100CASE-EQ.svg,https://nsearchives.nseindia.com/365d/TOP100CASE-EQ.svg,EQ
LOWVOL1,Kotak Nifty 100 Low Vol 30 ETF,21.34,21.34,21.18,21.34,0.07,0.33,279914,5939775.08,21.2779,22.9,18.77,-,-,1.570680628272243,0.7554296506137873,21.27,0,1.24,0.47,18-Aug-2025,17-Jul-2026,-,0.7554296506137873,-,1.570680628272243,6.812227074235803,-13.692061800745872,https://nsearchives.nseindia.com/today/LOWVOL1EQN.svg,https://nsearchives.nseindia.com/30d/LOWVOL1-EQ.svg,https://nsearchives.nseindia.com/365d/LOWVOL1-EQ.svg,EQ
GROWWNIFTY,Nifty 50 Index - TRI,9.84,10,9.73,9.76,-0.08,-0.81,605172,5900427,9.7691,11.88,8.93,-,-,-1.8108651911468785,0,9.84,0,-1.01,0.31,18-Aug-2025,17-Jul-2026,-,0,-,-1.8108651911468785,17.845117845117855,-9.29451287793953,https://nsearchives.nseindia.com/today/GROWWNIFTYEQN.svg,https://nsearchives.nseindia.com/30d/GROWWNIFTY-EQ.svg,https://nsearchives.nseindia.com/365d/GROWWNIFTY-EQ.svg,EQ
NIF100BEES,Nifty 100 TRI,270.68,270.68,267.25,267.7,-1.55,-0.58,21818,5842642.22,269.0162,290,240,-,-,-0.7305224904513024,-0.14919806042522718,269.25,0,-0.16,0.47,18-Aug-2025,17-Jul-2026,-,-0.14919806042522718,-,-0.7305224904513024,7.689655172413796,-11.541666666666663,https://nsearchives.nseindia.com/today/NIF100BEESEQN.svg,https://nsearchives.nseindia.com/30d/NIF100BEES-EQ.svg,https://nsearchives.nseindia.com/365d/NIF100BEES-EQ.svg,EQ
SENSEXIETF,SENSEX,889.28,889.39,884.7,884.7,-6.39,-0.72,6303,5585655.57,888.8958,999.84,731,-,-,-4.606327230381048,-0.8517314804437868,891.09,0,-3.92,-0.61,18-Aug-2025,17-Jul-2026,-,-0.8517314804437868,-,-4.606327230381048,11.515842534805566,-21.025991792065668,https://nsearchives.nseindia.com/today/SENSEXIETFEQN.svg,https://nsearchives.nseindia.com/30d/SENSEXIETF-EQ.svg,https://nsearchives.nseindia.com/365d/SENSEXIETF-EQ.svg,EQ
CONSUMBEES,Nifty India Consumption TRI,133.38,134.49,131.2,133,-1.2,-0.89,41453,5542266.1,133.941,144.38,114,-,-,-1.1152416356877324,1.7597551644988612,134.2,0,-0.22,3.11,18-Aug-2025,17-Jul-2026,-,1.7597551644988612,-,-1.1152416356877324,7.8819781133120905,-16.666666666666668,https://nsearchives.nseindia.com/today/CONSUMBEESEQN.svg,https://nsearchives.nseindia.com/30d/CONSUMBEES-EQ.svg,https://nsearchives.nseindia.com/365d/CONSUMBEES-EQ.svg,EQ
SNXT30BEES,BSE Sensex Next 30 Index,43.54,44.56,42.64,43.3,-0.03,-0.07,127449,5517267.21,43.3765,44.56,36.83,-,-,11.168164313222064,2.728351126927636,43.33,0,11.25,3.39,18-Aug-2025,17-Jul-2026,-,2.728351126927636,-,11.168164313222064,2.827648114901268,-17.56720065164268,https://nsearchives.nseindia.com/today/SNXT30BEESEQN.svg,https://nsearchives.nseindia.com/30d/SNXT30BEES-EQ.svg,https://nsearchives.nseindia.com/365d/SNXT30BEES-EQ.svg,EQ
LICMFGOLD,Gold,137.05,137.1,136.3,137.1,-0.25,-0.18,39884,5450547.44,,162,89.07,06-MAR-26,FACE VALUE SPLIT (SUB-DIVISION) - FROM RS 100/- PER SHARE TO RE 1/- PER SHARE,-98.48592774197823,7.487259898079183,137.35,0,-98.48,8.84,18-Aug-2025,17-Jul-2026,FACE VALUE SPLIT (SUB-DIVISION) - FROM RS 100/- PER SHARE TO RE 1/- PER SHARE,7.487259898079183,06-MAR-26,-98.48592774197823,15.370370370370374,-53.923880094307854,https://nsearchives.nseindia.com/today/LICMFGOLDEQN.svg,https://nsearchives.nseindia.com/30d/LICMFGOLD-EQ.svg,https://nsearchives.nseindia.com/365d/LICMFGOLD-EQ.svg,EQ
TOP10ADD,Nifty Top 10 Equal Weight Index,87.77,87.77,85.63,87.34,-0.43,-0.49,58489,5094391.9,87.4569,103.04,83.05,-,-,-7.8886310904872285,-0.6257822277847277,87.77,0,-7.44,-0.85,18-Aug-2025,17-Jul-2026,-,-0.6257822277847277,-,-7.8886310904872285,15.236801242236027,-5.1655629139072925,https://nsearchives.nseindia.com/today/TOP10ADDEQN.svg,https://nsearchives.nseindia.com/30d/TOP10ADD-EQ.svg,https://nsearchives.nseindia.com/365d/TOP10ADD-EQ.svg,EQ
MOMENTUM,Aditya Birla Sun Life Nifty 200 Momentum 30 ETF,31.47,31.47,31.06,31.25,-0.22,-0.70,163712,5091443.2,31.4979,33,27.05,-,-,0.7414571244358492,1.3294422827496761,31.47,0,1.45,3.28,18-Aug-2025,17-Jul-2026,-,1.3294422827496761,-,0.7414571244358492,5.303030303030303,-15.5268022181146,https://nsearchives.nseindia.com/today/MOMENTUMEQN.svg,https://nsearchives.nseindia.com/30d/MOMENTUM-EQ.svg,https://nsearchives.nseindia.com/365d/MOMENTUM-EQ.svg,EQ
MOENERGY,Nifty Energy Index,38.77,38.97,38.25,38.28,-0.5,-1.29,132516,5087289.24,38.7361,43,33,-,-,Infinity,-3.722334004024137,38.78,0,0,-1.3,,17-Jul-2026,-,-3.722334004024137,-,Infinity,10.97674418604651,-16.000000000000004,https://nsearchives.nseindia.com/today/MOENERGYEQN.svg,https://nsearchives.nseindia.com/30d/MOENERGY-EQ.svg,,EQ
EBBETF0433,BHARAT Bond ETF-April 2033,1317,1319.96,1312.9,1318.97,1.62,0.12,3836,5056998.8,1315.1334,1345.89,1242.87,-,-,5.661299367139316,0.5358476759607887,1317.35,0,5.53,0.22,18-Aug-2025,17-Jul-2026,-,0.5358476759607887,-,5.661299367139316,2.000163460609713,-6.122925165141981,https://nsearchives.nseindia.com/today/EBBETF0433EQN.svg,https://nsearchives.nseindia.com/30d/EBBETF0433-EQ.svg,https://nsearchives.nseindia.com/365d/EBBETF0433-EQ.svg,EQ
SMALL250,Nifty Smallcap 250,18.07,18.46,18.04,18.31,-0.1,-0.54,269499,4939916.67,18.4078,19.95,14.16,-,-,Infinity,1.3281682346430461,18.41,0,0,2.05,,17-Jul-2026,-,1.3281682346430461,-,Infinity,8.22055137844612,-29.307909604519764,https://nsearchives.nseindia.com/today/SMALL250EQN.svg,https://nsearchives.nseindia.com/30d/SMALL250-EQ.svg,,EQ
FINIETF,ICICI Prudential Nifty Financial Services Ex-Bank ETF,33.13,33.15,32.92,33,-0.13,-0.39,145228,4795428.56,33.1551,34.56,27.4,-,-,8.409986859395529,1.1029411764705865,33.13,0,8.84,1.84,18-Aug-2025,17-Jul-2026,-,1.1029411764705865,-,8.409986859395529,4.5138888888888955,-20.437956204379567,https://nsearchives.nseindia.com/today/FINIETFEQN.svg,https://nsearchives.nseindia.com/30d/FINIETF-EQ.svg,https://nsearchives.nseindia.com/365d/FINIETF-EQ.svg,EQ
PSUBNKIETF,ICICI Prudential Nifty PSU Bank ETF,87.45,87.93,87.13,87.59,0.14,0.16,54357,4748083.95,87.4658,104,67.86,-,-,23.002387305153785,0.332187857961061,87.45,0,22.81,2.97,18-Aug-2025,17-Jul-2026,-,0.332187857961061,-,23.002387305153785,15.77884615384615,-29.07456528146184,https://nsearchives.nseindia.com/today/PSUBNKIETFEQN.svg,https://nsearchives.nseindia.com/30d/PSUBNKIETF-EQ.svg,https://nsearchives.nseindia.com/365d/PSUBNKIETF-EQ.svg,EQ
VALUEAXIS,Nifty500 Value 50 TRI,33.15,33.26,32.55,32.57,-0.53,-1.60,144398,4718926.64,32.8157,39,22.84,-,-,Infinity,-1.0631834750911342,33.1,0,0,1.47,,17-Jul-2026,-,-1.0631834750911342,-,Infinity,16.487179487179485,-42.600700525394046,https://nsearchives.nseindia.com/today/VALUEAXISEQN.svg,https://nsearchives.nseindia.com/30d/VALUEAXIS-EQ.svg,,EQ
GILT5YBEES,Nifty 5 yr Benchmark G-Sec Index,66.23,66.29,66.2,66.27,0.04,0.06,69863,4626327.86,66.2324,67.84,61.45,-,-,6.065941101152367,0.62253264500455,66.23,0,6,0.5,18-Aug-2025,17-Jul-2026,-,0.62253264500455,-,6.065941101152367,2.314268867924539,-7.8437754271765545,https://nsearchives.nseindia.com/today/GILT5YBEESEQN.svg,https://nsearchives.nseindia.com/30d/GILT5YBEES-EQ.svg,https://nsearchives.nseindia.com/365d/GILT5YBEES-EQ.svg,EQ
TNIDETF,Nifty India Digital Index,91.5,91.5,89.56,89.56,-0.16,-0.18,49553,4454319.17,90.0343,103.26,74.5,-,-,-2.162988857330133,5.0187617260788,89.72,0,-1.99,5.22,18-Aug-2025,17-Jul-2026,-,5.0187617260788,-,-2.162988857330133,13.26748014720124,-20.214765100671144,https://nsearchives.nseindia.com/today/TNIDETFEQN.svg,https://nsearchives.nseindia.com/30d/TNIDETF-EQ.svg,https://nsearchives.nseindia.com/365d/TNIDETF-EQ.svg,EQ
LTGILTCASE,Nifty 8-13 Yr G-Sec Index,30.7,30.7,30.52,30.59,0,0.00,123541,3779119.19,30.5573,31.31,28.71,-,-,Infinity,0.39382999671808666,30.59,0,0,0.3,,17-Jul-2026,-,0.39382999671808666,-,Infinity,2.299584797189393,-6.548241030999647,https://nsearchives.nseindia.com/today/LTGILTCASEEQN.svg,https://nsearchives.nseindia.com/30d/LTGILTCASE-EQ.svg,,EQ
AONESILVER,Domestic price of Silver,8.83,8.83,8.61,8.69,-0.16,-1.81,433341,3752733.06,8.8504,12,7.43,-,-,Infinity,4.321728691476584,8.85,0,0,8.06,,17-Jul-2026,-,4.321728691476584,-,Infinity,27.58333333333334,-16.958277254374156,https://nsearchives.nseindia.com/today/AONESILVEREQN.svg,https://nsearchives.nseindia.com/30d/AONESILVER-EQ.svg,,EQ
NIFTYQLITY,Aditya Birla Sun Life Nifty 200 Quality 30 ETF,21.55,21.65,21.43,21.57,-0.11,-0.51,173979,3731849.55,21.5752,23.03,18.95,-,-,2.2759601706970147,1.9376181474480159,21.68,0,2.8,2.99,18-Aug-2025,17-Jul-2026,-,1.9376181474480159,-,2.2759601706970147,6.339557099435522,-13.825857519788924,https://nsearchives.nseindia.com/today/NIFTYQLITYEQN.svg,https://nsearchives.nseindia.com/30d/NIFTYQLITY-EQ.svg,https://nsearchives.nseindia.com/365d/NIFTYQLITY-EQ.svg,EQ
CONSUMER,Nifty India New AgeConsumption,12.2,12.24,12.15,12.23,0.03,0.25,305144,3725808.24,12.1901,12.87,9.69,-,-,2.00166805671393,3.5563082133784922,12.2,0,1.75,3.65,18-Aug-2025,17-Jul-2026,-,3.5563082133784922,-,2.00166805671393,4.972804972804964,-26.212590299277615,https://nsearchives.nseindia.com/today/CONSUMEREQN.svg,https://nsearchives.nseindia.com/30d/CONSUMER-EQ.svg,https://nsearchives.nseindia.com/365d/CONSUMER-EQ.svg,EQ
ELM250,Nifty LargeMidcap 250 TRI,16.95,17.25,16.71,16.76,-0.15,-0.89,220828,3701077.28,16.7724,19.2,14.43,-,-,Infinity,1.1466505733252943,16.91,0,0,1.56,,17-Jul-2026,-,1.1466505733252943,-,Infinity,12.708333333333321,-16.14691614691616,https://nsearchives.nseindia.com/today/ELM250EQN.svg,https://nsearchives.nseindia.com/30d/ELM250-EQ.svg,,EQ
LIQUIDSBI,SBI NIFTY 1D Rate ETF,1000,1000.01,1000,1000.01,0,0.00,3682,3682000,1000,1010.02,970.23,-,-,0.002000020000198183,0,1000.01,0,0,0,18-Aug-2025,17-Jul-2026,-,0,-,0.002000020000198183,0.9910694837725976,-3.0693753027632593,https://nsearchives.nseindia.com/today/LIQUIDSBIEQN.svg,https://nsearchives.nseindia.com/30d/LIQUIDSBI-EQ.svg,https://nsearchives.nseindia.com/365d/LIQUIDSBI-EQ.svg,EQ
ABSLLIQUID,Aditya Birla Sun Life CRISIL Overnight Fund AI ETF,999.99,1000.01,999.99,1000,0.01,0.00,3509,3508964.91,1000,1044.99,999.56,-,-,0,0,999.99,0,0,0,18-Aug-2025,17-Jul-2026,-,0,-,0,4.3053043569794935,-0.04401936852215521,https://nsearchives.nseindia.com/today/ABSLLIQUIDEQN.svg,https://nsearchives.nseindia.com/30d/ABSLLIQUID-EQ.svg,https://nsearchives.nseindia.com/365d/ABSLLIQUID-EQ.svg,EQ
BSE500IETF,S&P BSE 500 index,39.84,40.79,39.51,39.62,-0.28,-0.70,85980,3410826.6,39.7503,42.05,34.5,28-OCT-21, FACE VALUE SPLIT (SUB-DIVISION) - FROM RS 10/- PER SHARE TO RE 1/- PER SHARE,2.802283341982352,0.5328596802841941,39.9,0,3.53,1.55,18-Aug-2025,17-Jul-2026, FACE VALUE SPLIT (SUB-DIVISION) - FROM RS 10/- PER SHARE TO RE 1/- PER SHARE,0.5328596802841941,28-OCT-21,2.802283341982352,5.778834720570749,-14.84057971014492,https://nsearchives.nseindia.com/today/BSE500IETFEQN.svg,https://nsearchives.nseindia.com/30d/BSE500IETF-EQ.svg,https://nsearchives.nseindia.com/365d/BSE500IETF-EQ.svg,EQ
MOMOMENTUM,Nifty 200 Momentum 30 Total Return Index,64,64,62,62.2,-0.84,-1.33,53710,3343984.6,62.9642,66.28,54.32,11-AUG-22,FACE VALUE SPLIT (SUB-DIVISION) - FROM RS 10/- PER UNIT TO RS 2/- PER UNIT,-0.2405773857257395,0.941252839987026,63.04,0,1.11,2.91,18-Aug-2025,17-Jul-2026,FACE VALUE SPLIT (SUB-DIVISION) - FROM RS 10/- PER UNIT TO RS 2/- PER UNIT,0.941252839987026,11-AUG-22,-0.2405773857257395,6.155703077851536,-14.506627393225335,https://nsearchives.nseindia.com/today/MOMOMENTUMEQN.svg,https://nsearchives.nseindia.com/30d/MOMOMENTUM-EQ.svg,https://nsearchives.nseindia.com/365d/MOMOMENTUM-EQ.svg,EQ
EQUAL50ADD,NIFTY 50 Equal Weight Index,346.12,352.2,343.55,352.2,6.08,1.76,9552,3292192.32,344.6995,361,304.78,-,-,7.587976539589434,2.520812714676593,346.12,0,5.73,1.17,18-Aug-2025,17-Jul-2026,-,2.520812714676593,-,7.587976539589434,2.437673130193909,-15.558763698405414,https://nsearchives.nseindia.com/today/EQUAL50ADDEQN.svg,https://nsearchives.nseindia.com/30d/EQUAL50ADD-EQ.svg,https://nsearchives.nseindia.com/365d/EQUAL50ADD-EQ.svg,EQ
EGOLD,Edelweiss Gold ETF,151.8,152.6,151,151.7,-1.25,-0.82,21687,3290568.51,152.707,184.95,98.8,-,-,51.321695760598494,7.322249734701094,152.95,0,52.57,9.17,18-Aug-2025,17-Jul-2026,-,7.322249734701094,-,51.321695760598494,17.977831846444985,-53.54251012145748,https://nsearchives.nseindia.com/today/EGOLDEQN.svg,https://nsearchives.nseindia.com/30d/EGOLD-EQ.svg,https://nsearchives.nseindia.com/365d/EGOLD-EQ.svg,EQ
MULTICAP,Nifty500 Multicap 50:25:25 Index,17.03,17.03,16.75,16.8,-0.15,-0.88,186853,3139130.4,16.8636,17.5,14.2,-,-,4.6077210460772235,0.6590772917914884,16.95,0,5.54,1.56,18-Aug-2025,17-Jul-2026,-,0.6590772917914884,-,4.6077210460772235,3.999999999999996,-18.309859154929587,https://nsearchives.nseindia.com/today/MULTICAPEQN.svg,https://nsearchives.nseindia.com/30d/MULTICAP-EQ.svg,https://nsearchives.nseindia.com/365d/MULTICAP-EQ.svg,EQ
QUAL30IETF,ICICI Prudential Nifty 200 Quality 30 ETF,21.39,21.39,21.21,21.24,-0.14,-0.65,146975,3126158.25,21.3594,23,18,10-MAY-24,FACE VALUE SPLIT (SUB-DIVISION) - FROM RS 10/- PER SHARE TO RE 1/- PER SHARE,1.239275500476635,1.4326647564469777,21.38,0,1.91,2.44,18-Aug-2025,17-Jul-2026,FACE VALUE SPLIT (SUB-DIVISION) - FROM RS 10/- PER SHARE TO RE 1/- PER SHARE,1.4326647564469777,10-MAY-24,1.239275500476635,7.652173913043486,-17.99999999999999,https://nsearchives.nseindia.com/today/QUAL30IETFEQN.svg,https://nsearchives.nseindia.com/30d/QUAL30IETF-EQ.svg,https://nsearchives.nseindia.com/365d/QUAL30IETF-EQ.svg,EQ
GROWWCHEM,Nifty Chemicals Index - TRI,30.28,30.72,30.28,30.52,-0.04,-0.13,98011,2989335.5,30.7657,31.74,24.64,-,-,Infinity,-0.22883295194508102,30.56,0,0,1.02,,17-Jul-2026,-,-0.22883295194508102,-,Infinity,3.8437303087586607,-23.86363636363636,https://nsearchives.nseindia.com/today/GROWWCHEMEQN.svg,https://nsearchives.nseindia.com/30d/GROWWCHEM-EQ.svg,,EQ
BBETF0432,Nifty BHARAT Bond Index - April 2032,1353.93,1360.14,1350.76,1359.99,6.36,0.47,2184,2961351.12,1353.465,1378,1262.29,-,-,5.918224299065422,0.7459701315633471,1353.63,0,5.42,0.15,18-Aug-2025,17-Jul-2026,-,0.7459701315633471,-,5.918224299065422,1.3069666182873723,-7.739901290511693,https://nsearchives.nseindia.com/today/BBETF0432EQN.svg,https://nsearchives.nseindia.com/30d/BBETF0432-EQ.svg,https://nsearchives.nseindia.com/365d/BBETF0432-EQ.svg,EQ
HDFCPSUBK,HDFC NIFTY PSU BANK ETF,87.17,87.59,85.99,86.5,-0.67,-0.77,33934,2951579.32,87.2307,101.25,67.98,-,-,21.71098916561138,-0.677460098748425,87.17,0,22.65,3.11,18-Aug-2025,17-Jul-2026,-,-0.677460098748425,-,21.71098916561138,14.567901234567902,-27.243306854957332,https://nsearchives.nseindia.com/today/HDFCPSUBKEQN.svg,https://nsearchives.nseindia.com/30d/HDFCPSUBK-EQ.svg,https://nsearchives.nseindia.com/365d/HDFCPSUBK-EQ.svg,EQ
EBBETF0431,Nifty BHARAT Bond,1438.01,1446.36,1437.63,1442,0.85,0.06,1979,2857082.3,1440.9834,1469,1363,-,-,5.466407267088923,0.45420347200936145,1441.15,0,5.4,0.33,18-Aug-2025,17-Jul-2026,-,0.45420347200936145,-,5.466407267088923,1.8379850238257318,-5.796038151137197,https://nsearchives.nseindia.com/today/EBBETF0431EQN.svg,https://nsearchives.nseindia.com/30d/EBBETF0431-EQ.svg,https://nsearchives.nseindia.com/365d/EBBETF0431-EQ.svg,EQ
SBIETFQLTY,Nifty 200 Quality 30 Index,225.24,225.24,223.6,224.78,-0.62,-0.28,12411,2785028.4,224.6171,247.28,194,-,-,2.1216664395075133,2.0243282498184496,225.4,0,2.4,3.08,18-Aug-2025,17-Jul-2026,-,2.0243282498184496,-,2.1216664395075133,9.098997088320932,-15.8659793814433,https://nsearchives.nseindia.com/today/SBIETFQLTYEQN.svg,https://nsearchives.nseindia.com/30d/SBIETFQLTY-EQ.svg,https://nsearchives.nseindia.com/365d/SBIETFQLTY-EQ.svg,EQ
SHARIABEES,Shariah,462.4,464.89,453,464.89,4.79,1.04,6032,2765249.76,458.266,534.61,433.68,10-MAR-14,DIVIDEND-RS.2 PER UNIT,-6.173811253733759,1.2391114982578393,460.1,0,-7.14,0.48,18-Aug-2025,17-Jul-2026,DIVIDEND-RS.2 PER UNIT,1.2391114982578393,10-MAR-14,-6.173811253733759,13.041282430182754,-7.196550451946131,https://nsearchives.nseindia.com/today/SHARIABEESEQN.svg,https://nsearchives.nseindia.com/30d/SHARIABEES-EQ.svg,https://nsearchives.nseindia.com/365d/SHARIABEES-EQ.svg,EQ
MIDCAP,Nifty Midcap 50 Index,18.73,18.78,18.52,18.56,-0.08,-0.43,145195,2702078.95,18.6189,19.27,15.01,27-FEB-26,FACE VALUE SPLIT (SUB-DIVISION) - FROM RS 10/- PER SHARE TO RE 1/- PER SHARE,-88.76037061708956,0.48727666486193755,18.64,0,-88.71,2.03,18-Aug-2025,17-Jul-2026,FACE VALUE SPLIT (SUB-DIVISION) - FROM RS 10/- PER SHARE TO RE 1/- PER SHARE,0.48727666486193755,27-FEB-26,-88.76037061708956,3.684483653347176,-23.650899400399727,https://nsearchives.nseindia.com/today/MIDCAPEQN.svg,https://nsearchives.nseindia.com/30d/MIDCAP-EQ.svg,https://nsearchives.nseindia.com/365d/MIDCAP-EQ.svg,EQ
SILVER360,Commodity-Silver,225,225,221.57,223.61,-4.47,-1.96,11536,2572412.64,227.8952,358,110.1,-,-,97.01321585903085,4.617759895199777,228.08,0,100.95,8.21,18-Aug-2025,17-Jul-2026,-,4.617759895199777,-,97.01321585903085,37.53910614525139,-103.09718437783835,https://nsearchives.nseindia.com/today/SILVER360EQN.svg,https://nsearchives.nseindia.com/30d/SILVER360-EQ.svg,https://nsearchives.nseindia.com/365d/SILVER360-EQ.svg,EQ
COMMOIETF,ICICI Prudential Nifty Commodities ETF,99.84,100,99,99.25,-0.58,-0.58,25771,2556225.49,100.0189,110.56,86.79,-,-,11.304250308399682,-1.761852914975751,99.83,0,11.95,-0.17,18-Aug-2025,17-Jul-2026,-,-1.761852914975751,-,11.304250308399682,10.229739507959481,-14.356492683488872,https://nsearchives.nseindia.com/today/COMMOIETFEQN.svg,https://nsearchives.nseindia.com/30d/COMMOIETF-EQ.svg,https://nsearchives.nseindia.com/365d/COMMOIETF-EQ.svg,EQ
EQUAL50,Nifty50 Equal Weight,333.88,333.94,332.5,332.99,-1.6,-0.48,7596,2529771.84,333.641,342.88,295.16,-,-,4.8589242977705025,0.11424791798201961,334.59,0,5.36,1.16,18-Aug-2025,17-Jul-2026,-,0.11424791798201961,-,4.8589242977705025,2.8843910405972895,-12.816777341103123,https://nsearchives.nseindia.com/today/EQUAL50EQN.svg,https://nsearchives.nseindia.com/30d/EQUAL50-EQ.svg,https://nsearchives.nseindia.com/365d/EQUAL50-EQ.svg,EQ
BFSI,Nifty Financial Services Index,27.9,27.9,27.01,27.11,-0.11,-0.40,93175,2521315.5,27.1666,29.94,24.03,-,-,-1.4898255813953494,-1.9529837251356208,27.22,0,-1.09,-2.68,18-Aug-2025,17-Jul-2026,-,-1.9529837251356208,-,-1.4898255813953494,9.45223780895124,-12.81731169371618,https://nsearchives.nseindia.com/today/BFSIEQN.svg,https://nsearchives.nseindia.com/30d/BFSI-EQ.svg,https://nsearchives.nseindia.com/365d/BFSI-EQ.svg,EQ
GROWWMETAL,Nifty Metal Index,12.66,12.66,12.22,12.38,0.02,0.16,200330,2474075.5,12.4148,13.45,10.03,-,-,Infinity,3.859060402684571,12.36,0,0,4.39,,17-Jul-2026,-,3.859060402684571,-,Infinity,7.95539033457248,-23.429710867397823,https://nsearchives.nseindia.com/today/GROWWMETALEQN.svg,https://nsearchives.nseindia.com/30d/GROWWMETAL-EQ.svg,,EQ
NIFTYAXIS,Nifty 50,266.25,268.01,266.25,267.37,-0.84,-0.31,9223,2461249.78,267.591,296.38,244,23-JUL-20, FACE VALUE SPLIT (SUB-DIVISION) - FROM RS 100/- PER SHARE TO RS 10/- PER SHARE,Infinity,-0.13073360227103792,268.21,0,0,-0.16,,17-Jul-2026, FACE VALUE SPLIT (SUB-DIVISION) - FROM RS 100/- PER SHARE TO RS 10/- PER SHARE,-0.13073360227103792,23-JUL-20,Infinity,9.78810985896484,-9.577868852459018,https://nsearchives.nseindia.com/today/NIFTYAXISEQN.svg,https://nsearchives.nseindia.com/30d/NIFTYAXIS-EQ.svg,,EQ
HEALTHY,Nifty Healthcare TRI,17.37,17.37,16.8,16.95,0,0.00,144930,2446418.4,16.9474,17.67,13.58,-,-,12.849533954727029,-0.05896226415095261,16.95,0,12.85,1.38,18-Aug-2025,17-Jul-2026,-,-0.05896226415095261,-,12.849533954727029,4.074702886247891,-24.815905743740792,https://nsearchives.nseindia.com/today/HEALTHYEQN.svg,https://nsearchives.nseindia.com/30d/HEALTHY-EQ.svg,https://nsearchives.nseindia.com/365d/HEALTHY-EQ.svg,EQ
NV20BEES,Nifty50 Value20 TRI,139.9,141.66,138.53,139.57,-0.33,-0.24,16718,2321461.48,139.6622,160,122.02,19-DEC-19, FACE VALUE SPLIT (SUB-DIVISION) - FROM RS 10/- TO RS 1/-,-4.899155083128917,-1.3709278496219333,139.9,0,-4.67,-1.84,18-Aug-2025,17-Jul-2026, FACE VALUE SPLIT (SUB-DIVISION) - FROM RS 10/- TO RS 1/-,-1.3709278496219333,19-DEC-19,-4.899155083128917,12.768750000000004,-14.382888051139156,https://nsearchives.nseindia.com/today/NV20BEESEQN.svg,https://nsearchives.nseindia.com/30d/NV20BEES-EQ.svg,https://nsearchives.nseindia.com/365d/NV20BEES-EQ.svg,EQ
SBIBPB,BSE PSU Bank Index TRI,50.77,50.77,49.7,49.94,-0.32,-0.64,46320,2313684,50.0231,58.27,38.53,-,-,21.50851581508515,0.40209087253718484,50.26,0,22.29,3.84,18-Aug-2025,17-Jul-2026,-,0.40209087253718484,-,21.50851581508515,14.295520851209893,-29.613288346742785,https://nsearchives.nseindia.com/today/SBIBPBEQN.svg,https://nsearchives.nseindia.com/30d/SBIBPB-EQ.svg,https://nsearchives.nseindia.com/365d/SBIBPB-EQ.svg,EQ
IVZINGOLD,Gold,132.15,132.5,131.15,132.25,-0.55,-0.41,17486,2310425.18,132.9103,156,85.9,30-APR-26,FACE VALUE SPLIT (SUB-DIVISION) - FROM RS 100/- PER SHARE TO RE 1/- PER SHARE,-98.47708429295255,7.345779220779219,132.8,0,-98.47,9.08,18-Aug-2025,17-Jul-2026,FACE VALUE SPLIT (SUB-DIVISION) - FROM RS 100/- PER SHARE TO RE 1/- PER SHARE,7.345779220779219,30-APR-26,-98.47708429295255,15.224358974358974,-53.95809080325959,https://nsearchives.nseindia.com/today/IVZINGOLDEQN.svg,https://nsearchives.nseindia.com/30d/IVZINGOLD-EQ.svg,https://nsearchives.nseindia.com/365d/IVZINGOLD-EQ.svg,EQ
HYBRIDETF,Nifty200 Momentum 30 Plus 8-13 yr G-Sec 50:50 Total Return Index,10.13,11.99,9.93,10.05,-0.08,-0.79,224209,2309352.7,10.1248,11.99,9.93,-,-,Infinity,Infinity,10.13,0,0,0,,,-,Infinity,-,Infinity,16.180150125104248,-1.2084592145015207,https://nsearchives.nseindia.com/today/HYBRIDETFEQN.svg,,,EQ
BANKETF,Mirae Asset Nifty Bank ETF,583.39,584.97,582.02,583.18,-1.51,-0.26,3884,2265459.52,584.3249,628.27,507.01,-,-,2.944395410414819,-1.3615682560086715,584.69,0,3.21,-1.83,18-Aug-2025,17-Jul-2026,-,-1.3615682560086715,-,2.944395410414819,7.176850717048409,-15.023372320072575,https://nsearchives.nseindia.com/today/BANKETFEQN.svg,https://nsearchives.nseindia.com/30d/BANKETF-EQ.svg,https://nsearchives.nseindia.com/365d/BANKETF-EQ.svg,EQ
SBIETFIT,Nifty IT Index,332.98,339.9,332.98,338.6,2.26,0.67,6690,2255132.1,335.2689,439.27,285,-,-,-10.387719994706893,4.696824464302278,336.34,0,-10.99,3.7,18-Aug-2025,17-Jul-2026,-,4.696824464302278,-,-10.387719994706893,22.917567782912553,-18.807017543859654,https://nsearchives.nseindia.com/today/SBIETFITEQN.svg,https://nsearchives.nseindia.com/30d/SBIETFIT-EQ.svg,https://nsearchives.nseindia.com/365d/SBIETFIT-EQ.svg,EQ
NIFTYADD,Nifty 50 Index,255.79,255.79,253.56,254.47,-0.95,-0.37,8875,2254782.5,254.6978,300,232.64,-,-,Infinity,-0.2000156875048988,255.42,0,0,-0.11,,17-Jul-2026,-,-0.2000156875048988,-,Infinity,15.176666666666666,-9.383596973865206,https://nsearchives.nseindia.com/today/NIFTYADDEQN.svg,https://nsearchives.nseindia.com/30d/NIFTYADD-EQ.svg,,EQ
NEXT50ETF,Nifty Next 50 Index,74.83,74.98,74.45,74.7,-0.42,-0.56,29029,2166143.98,74.885,78,60.15,-,-,Infinity,2.5535420098846777,75.12,0,0,3.9,,17-Jul-2026,-,2.5535420098846777,-,Infinity,4.230769230769227,-24.18952618453866,https://nsearchives.nseindia.com/today/NEXT50ETFEQN.svg,https://nsearchives.nseindia.com/30d/NEXT50ETF-EQ.svg,,EQ
HDFCSENSEX,SENSEX,89.96,89.96,87.1,87.72,-0.05,-0.06,24563,2146806.2,87.6988,98.48,80.9,02-FEB-24,FACE VALUE SPLIT (SUB-DIVISION) - FROM RS 250.361/- PER SHARE TO RS 25.0361/- PER SHARE,-3.9421813403416497,-0.23882633913341061,87.77,0,-3.89,-0.68,18-Aug-2025,17-Jul-2026,FACE VALUE SPLIT (SUB-DIVISION) - FROM RS 250.361/- PER SHARE TO RS 25.0361/- PER SHARE,-0.23882633913341061,02-FEB-24,-3.9421813403416497,10.926076360682377,-8.4301606922126,https://nsearchives.nseindia.com/today/HDFCSENSEXEQN.svg,https://nsearchives.nseindia.com/30d/HDFCSENSEX-EQ.svg,https://nsearchives.nseindia.com/365d/HDFCSENSEX-EQ.svg,EQ
GROWWNET,Index,10.61,10.66,10.45,10.49,-0.07,-0.66,197282,2087243.56,10.4977,11.4,7.93,-,-,-1.409774436090229,5.852674066599395,10.56,0,-0.75,5.92,18-Aug-2025,17-Jul-2026,-,5.852674066599395,-,-1.409774436090229,7.9824561403508785,-32.28247162673393,https://nsearchives.nseindia.com/today/GROWWNETEQN.svg,https://nsearchives.nseindia.com/30d/GROWWNET-EQ.svg,https://nsearchives.nseindia.com/365d/GROWWNET-EQ.svg,EQ
SBISMLETF,Nifty Smallcap 250 Index,18.7,18.7,18.21,18.25,-0.12,-0.65,112951,2061355.75,18.3687,18.97,16.53,-,-,Infinity,0.9402654867256732,18.37,0,0,1.72,,17-Jul-2026,-,0.9402654867256732,-,Infinity,3.7954665260938265,-10.405323653962485,https://nsearchives.nseindia.com/today/SBISMLETFEQN.svg,https://nsearchives.nseindia.com/30d/SBISMLETF-EQ.svg,,EQ
LICNETFGSC,GSEC10 NSE Index,29.57,29.9,29.51,29.9,0.39,1.32,68488,2025875.04,29.5287,30.5,27.42,-,-,5.504587155963299,1.7006802721088436,29.51,0,4.13,0.24,18-Aug-2025,17-Jul-2026,-,1.7006802721088436,-,5.504587155963299,1.967213114754103,-9.044493070751264,https://nsearchives.nseindia.com/today/LICNETFGSCEQN.svg,https://nsearchives.nseindia.com/30d/LICNETFGSC-EQ.svg,https://nsearchives.nseindia.com/365d/LICNETFGSC-EQ.svg,EQ
AONETOTAL,Nifty Total Market Index,12.08,12.08,11.9,11.93,-0.07,-0.58,166717,1990600.98,12.0051,12.51,9.6,-,-,3.022452504317786,0.42087542087541185,12,0,3.63,1.1,18-Aug-2025,17-Jul-2026,-,0.42087542087541185,-,3.022452504317786,4.63629096722622,-24.270833333333336,https://nsearchives.nseindia.com/today/AONETOTALEQN.svg,https://nsearchives.nseindia.com/30d/AONETOTAL-EQ.svg,https://nsearchives.nseindia.com/365d/AONETOTAL-EQ.svg,EQ
HDFCNIFIT,HDFC NIFTY IT ETF,32.33,32.8,32.29,32.33,-0.01,-0.03,59959,1946868.73,32.3073,42.3,27.32,02-FEB-24,FACE VALUE SPLIT (SUB-DIVISION) - FROM RS 299.92/- PER SHARE TO RS 29.992/- PER SHARE,-11.010184420589045,3.5885933995514177,32.34,0,-10.98,3.75,18-Aug-2025,17-Jul-2026,FACE VALUE SPLIT (SUB-DIVISION) - FROM RS 299.92/- PER SHARE TO RS 29.992/- PER SHARE,3.5885933995514177,02-FEB-24,-11.010184420589045,23.569739952718674,-18.33821376281112,https://nsearchives.nseindia.com/today/HDFCNIFITEQN.svg,https://nsearchives.nseindia.com/30d/HDFCNIFIT-EQ.svg,https://nsearchives.nseindia.com/365d/HDFCNIFIT-EQ.svg,EQ
CONSUMIETF,Nifty India Consumption Index,124.4,124.74,124.08,124.51,0.07,0.06,15531,1929416.13,124.6037,141.27,94.65,-,-,-0.17638098292311302,2.409935844711307,124.44,0,-0.23,2.51,18-Aug-2025,17-Jul-2026,-,2.409935844711307,-,-0.17638098292311302,11.863806894598998,-31.54780771262546,https://nsearchives.nseindia.com/today/CONSUMIETFEQN.svg,https://nsearchives.nseindia.com/30d/CONSUMIETF-EQ.svg,https://nsearchives.nseindia.com/365d/CONSUMIETF-EQ.svg,EQ
GROWWMOM50,Nifty 500 Momentum 50 Index- Total Return Index,11.24,11.24,10.89,10.98,-0.06,-0.54,175978,1921679.76,11.0197,11.5,9.12,-,-,4.871060171919768,3.1954887218045096,11.04,0,5.44,4.55,18-Aug-2025,17-Jul-2026,-,3.1954887218045096,-,4.871060171919768,4.521739130434779,-20.394736842105278,https://nsearchives.nseindia.com/today/GROWWMOM50EQN.svg,https://nsearchives.nseindia.com/30d/GROWWMOM50-EQ.svg,https://nsearchives.nseindia.com/365d/GROWWMOM50-EQ.svg,EQ
MOGOLD,Domestic Price of Physical Gold,150.85,150.85,149.45,150.6,-0.4,-0.26,12497,1875299.82,151.14,175,96.3,-,-,50.97744360902255,7.648320228734802,151,0,51.38,8.75,18-Aug-2025,17-Jul-2026,-,7.648320228734802,-,50.97744360902255,13.942857142857145,-56.386292834890966,https://nsearchives.nseindia.com/today/MOGOLDEQN.svg,https://nsearchives.nseindia.com/30d/MOGOLD-EQ.svg,https://nsearchives.nseindia.com/365d/MOGOLD-EQ.svg,EQ
HDFCGROWTH,HDFC NIFTY Growth Sectors 15 ETF,120.63,120.85,120.28,120.45,-0.53,-0.44,15331,1847998.74,120.5925,133.3,107.86,-,-,0.008302889405517367,3.6039910545329414,120.98,0,0.45,3.85,18-Aug-2025,17-Jul-2026,-,3.6039910545329414,-,0.008302889405517367,9.63990997749438,-11.67253847580197,https://nsearchives.nseindia.com/today/HDFCGROWTHEQN.svg,https://nsearchives.nseindia.com/30d/HDFCGROWTH-EQ.svg,https://nsearchives.nseindia.com/365d/HDFCGROWTH-EQ.svg,EQ
NIF100IETF,Nifty 100,28.22,28.32,28.15,28.25,-0.13,-0.46,65425,1844985,28.2976,30.88,23,10-MAY-24,FACE VALUE SPLIT (SUB-DIVISION) - FROM RS 10/- PER SHARE TO RE 1/- PER SHARE,-0.21193924408335826,0.0708466170740332,28.38,0,0.25,0.28,18-Aug-2025,17-Jul-2026,FACE VALUE SPLIT (SUB-DIVISION) - FROM RS 10/- PER SHARE TO RE 1/- PER SHARE,0.0708466170740332,10-MAY-24,-0.21193924408335826,8.51683937823834,-22.82608695652174,https://nsearchives.nseindia.com/today/NIF100IETFEQN.svg,https://nsearchives.nseindia.com/30d/NIF100IETF-EQ.svg,https://nsearchives.nseindia.com/365d/NIF100IETF-EQ.svg,EQ
MIDCAPBETA,UTI Nifty Midcap 150 Exchange Traded Fund (ETF),238.36,238.36,233.4,236,0,0.00,7631,1798245.15,236.2019,239.9,192.5,-,-,Infinity,1.4137768037471496,236,0,0,1.79,,17-Jul-2026,-,1.4137768037471496,-,Infinity,1.6256773655689893,-22.5974025974026,https://nsearchives.nseindia.com/today/MIDCAPBETAEQN.svg,https://nsearchives.nseindia.com/30d/MIDCAPBETA-EQ.svg,,EQ
INSUREIETF,BSE Insurance Index,15.42,15.74,15.32,15.47,-0.04,-0.26,116173,1787902.47,15.4441,16.46,15.32,-,-,Infinity,Infinity,15.51,0,0,0,,,-,Infinity,-,Infinity,6.014580801944108,-0.9791122715404723,https://nsearchives.nseindia.com/today/INSUREIETFEQN.svg,,,EQ
SENSEXBETA,SENSEX,858,869.88,851,851,-7.23,-0.84,1999,1716241.45,856.5083,952.91,785,26-FEB-21, INTERIM DIVIDEND - RS 13.56 PER UNIT,Infinity,-0.904782421370097,858.23,0,0,-0.66,,17-Jul-2026, INTERIM DIVIDEND - RS 13.56 PER UNIT,-0.904782421370097,26-FEB-21,Infinity,10.69460914462016,-8.40764331210191,https://nsearchives.nseindia.com/today/SENSEXBETAEQN.svg,https://nsearchives.nseindia.com/30d/SENSEXBETA-EQ.svg,,EQ
PVTBKGROWW,Nifty Private Bank Index - TRI,27.31,27.69,27.2,27.5,0.19,0.70,61699,1679446.78,27.3776,29.57,25.45,-,-,Infinity,-1.9258202567760312,27.31,0,0,-3.97,,17-Jul-2026,-,-1.9258202567760312,-,Infinity,7.000338180588435,-8.055009823182713,https://nsearchives.nseindia.com/today/PVTBKGROWWEQN.svg,https://nsearchives.nseindia.com/30d/PVTBKGROWW-EQ.svg,,EQ
INTERNET,Equity Index,14.24,14.4,14.24,14.34,0.12,0.84,115578,1653921.18,14.1791,15.2,10.72,-,-,-0.0696864111498243,6.7758749069247965,14.22,0,-0.91,5.8,18-Aug-2025,17-Jul-2026,-,6.7758749069247965,-,-0.0696864111498243,5.657894736842102,-33.7686567164179,https://nsearchives.nseindia.com/today/INTERNETEQN.svg,https://nsearchives.nseindia.com/30d/INTERNET-EQ.svg,https://nsearchives.nseindia.com/365d/INTERNET-EQ.svg,EQ
ABSLPSE,Aditya Birla Sun Life Nifty PSE ETF,10.46,10.46,10.11,10.22,0.01,0.10,162788,1652298.2,10.2343,11.6,9.21,-,-,4.605936540429899,-1.5414258188824674,10.21,0,4.5,-0.97,18-Aug-2025,17-Jul-2026,-,-1.5414258188824674,-,4.605936540429899,11.896551724137922,-10.96634093376764,https://nsearchives.nseindia.com/today/ABSLPSEEQN.svg,https://nsearchives.nseindia.com/30d/ABSLPSE-EQ.svg,https://nsearchives.nseindia.com/365d/ABSLPSE-EQ.svg,EQ
CHOICEGOLD,Gold,151.59,152.34,149.04,151.45,-0.14,-0.09,10638,1601125.38,151.7303,175.49,115.79,-,-,Infinity,7.824291613270669,151.59,0,0,8.81,,17-Jul-2026,-,7.824291613270669,-,Infinity,13.69878625562711,-30.79713274030571,https://nsearchives.nseindia.com/today/CHOICEGOLDEQN.svg,https://nsearchives.nseindia.com/30d/CHOICEGOLD-EQ.svg,,EQ
GROWWRLTY,Index,10.15,10.15,9.97,9.99,-0.09,-0.89,153601,1537546.01,10.0497,11.3,7.17,-,-,Infinity,-2.8210116731517427,10.08,0,0,-2.14,,17-Jul-2026,-,-2.8210116731517427,-,Infinity,11.592920353982306,-39.33054393305439,https://nsearchives.nseindia.com/today/GROWWRLTYEQN.svg,https://nsearchives.nseindia.com/30d/GROWWRLTY-EQ.svg,,EQ
MNC,Kotak Nifty MNC ETF,34.5,34.5,34,34.19,-0.31,-0.90,42555,1454104.35,34.3978,35.65,27.83,-,-,15.273095077545507,2.1817095038852266,34.5,0,16.32,3.32,18-Aug-2025,17-Jul-2026,-,2.1817095038852266,-,15.273095077545507,4.09537166900421,-22.85303629177147,https://nsearchives.nseindia.com/today/MNCEQN.svg,https://nsearchives.nseindia.com/30d/MNC-EQ.svg,https://nsearchives.nseindia.com/365d/MNC-EQ.svg,EQ
SBIETFPB,Nifty Private Bank Index,278.01,280.98,276.94,277.03,-0.98,-0.35,5221,1449767.28,278.8033,304.58,244.18,-,-,1.0431484115694485,-2.7008991289688304,278.01,0,1.4,-4.54,18-Aug-2025,17-Jul-2026,-,-2.7008991289688304,-,1.0431484115694485,9.045242629194304,-13.453190269473325,https://nsearchives.nseindia.com/today/SBIETFPBEQN.svg,https://nsearchives.nseindia.com/30d/SBIETFPB-EQ.svg,https://nsearchives.nseindia.com/365d/SBIETFPB-EQ.svg,EQ
MOHEALTH,Motilal Oswal S&P BSE Healthcare ETF,51.71,51.89,51.1,51.4,-0.06,-0.12,27562,1420269.86,51.5823,53,40.79,-,-,14.095449500554942,0.2731174404994159,51.46,0,14.23,2.12,18-Aug-2025,17-Jul-2026,-,0.2731174404994159,-,14.095449500554942,3.0188679245283048,-26.01127727384163,https://nsearchives.nseindia.com/today/MOHEALTHEQN.svg,https://nsearchives.nseindia.com/30d/MOHEALTH-EQ.svg,https://nsearchives.nseindia.com/365d/MOHEALTH-EQ.svg,EQ
SENSEXETF,Mirae Asset S&P BSE Sensex ETF,79.76,79.78,79.34,79.63,-0.42,-0.52,17254,1372728.24,79.771,88.7,73.33,-,-,-4.566155321188881,-0.6239860227130912,80.05,0,-4.06,-0.45,18-Aug-2025,17-Jul-2026,-,-0.6239860227130912,-,-4.566155321188881,10.225479143179264,-8.591299604527476,https://nsearchives.nseindia.com/today/SENSEXETFEQN.svg,https://nsearchives.nseindia.com/30d/SENSEXETF-EQ.svg,https://nsearchives.nseindia.com/365d/SENSEXETF-EQ.svg,EQ
CEMNTGROWW,Nifty Cements Index TRI,15.1,15.1,14.76,14.92,-0.04,-0.27,92141,1368293.85,14.9595,16.27,14.5,-,-,Infinity,Infinity,14.96,0,0,0,,,-,Infinity,-,Infinity,8.297480024585125,-2.8965517241379306,https://nsearchives.nseindia.com/today/CEMNTGROWWEQN.svg,,,EQ
MOMENTUM30,Nifty 200 Momentum 30 Index,30.91,30.91,30.62,30.77,-0.42,-1.35,42455,1306340.35,31.103,37.38,26.91,-,-,Infinity,1.0840998685939496,31.19,0,0,3.55,,17-Jul-2026,-,1.0840998685939496,-,Infinity,17.683253076511512,-14.344109996283906,https://nsearchives.nseindia.com/today/MOMENTUM30EQN.svg,https://nsearchives.nseindia.com/30d/MOMENTUM30-EQ.svg,,EQ
ECAPINSURE,BSE Capital Markets & Insurance Total Return Index,23.85,23.85,23.66,23.84,-0.01,-0.04,53916,1279426.68,23.8542,25.88,20.5,-,-,0.9314140558848385,-1.2427506213753137,23.85,0,0.97,-0.38,18-Aug-2025,17-Jul-2026,-,-1.2427506213753137,-,0.9314140558848385,7.882534775888714,-16.29268292682927,https://nsearchives.nseindia.com/today/ECAPINSUREEQN.svg,https://nsearchives.nseindia.com/30d/ECAPINSURE-EQ.svg,https://nsearchives.nseindia.com/365d/ECAPINSURE-EQ.svg,EQ
PSUBANKADD,DSP Nifty PSU Bank ETF,85.62,88.12,85.62,87.28,-0.09,-0.10,14661,1274773.95,87.1826,99.88,67.8,-,-,22.773948515965674,0.2872572676088705,87.37,0,22.9,3.27,18-Aug-2025,17-Jul-2026,-,0.2872572676088705,-,22.773948515965674,12.615138165798955,-28.731563421828916,https://nsearchives.nseindia.com/today/PSUBANKADDEQN.svg,https://nsearchives.nseindia.com/30d/PSUBANKADD-EQ.svg,https://nsearchives.nseindia.com/365d/PSUBANKADD-EQ.svg,EQ
LIQUIDSHRI,SHRIRAM NIFTY 1D RATE LIQUID ETF,1117.91,1117.91,1117.89,1117.89,0.13,0.01,1125,1257626.25,1117.7649,1117.91,1066.47,-,-,4.820531092941272,0.3762233994792183,1117.76,0,4.81,0.38,18-Aug-2025,17-Jul-2026,-,0.3762233994792183,-,4.820531092941272,0.0017890527860008236,-4.821513966637606,https://nsearchives.nseindia.com/today/LIQUIDSHRIEQN.svg,https://nsearchives.nseindia.com/30d/LIQUIDSHRI-EQ.svg,https://nsearchives.nseindia.com/365d/LIQUIDSHRI-EQ.svg,EQ
AONENIFTY,Nifty 50 Index,9.75,10.18,9.75,9.97,-0.04,-0.40,125923,1254193.08,9.9835,12,9,-,-,-1.8700787401574754,-0.20020020020019594,10.01,0,-1.48,-0.1,18-Aug-2025,17-Jul-2026,-,-0.20020020020019594,-,-1.8700787401574754,16.91666666666666,-10.777777777777784,https://nsearchives.nseindia.com/today/AONENIFTYEQN.svg,https://nsearchives.nseindia.com/30d/AONENIFTY-EQ.svg,https://nsearchives.nseindia.com/365d/AONENIFTY-EQ.svg,EQ
PVTBANKADD,DSP Nifty Private Bank ETF,27.76,27.83,27.58,27.82,0,0.00,44088,1220355.84,27.7163,31.88,24.02,-,-,2.166727873668747,-1.3824884792626748,27.82,0,2.17,-3.97,18-Aug-2025,17-Jul-2026,-,-1.3824884792626748,-,2.166727873668747,12.735257214554576,-15.820149875104082,https://nsearchives.nseindia.com/today/PVTBANKADDEQN.svg,https://nsearchives.nseindia.com/30d/PVTBANKADD-EQ.svg,https://nsearchives.nseindia.com/365d/PVTBANKADD-EQ.svg,EQ
EMULTIMQ,Nifty500 Multicap Momentum Quality 50 Total Return Index,42.15,42.15,41.61,41.82,-0.33,-0.78,28659,1199379.15,42.2535,43.54,36.25,-,-,1.7765879776101163,1.4802232467847596,42.15,0,2.58,2.93,18-Aug-2025,17-Jul-2026,-,1.4802232467847596,-,1.7765879776101163,3.950390445567292,-15.36551724137931,https://nsearchives.nseindia.com/today/EMULTIMQEQN.svg,https://nsearchives.nseindia.com/30d/EMULTIMQ-EQ.svg,https://nsearchives.nseindia.com/365d/EMULTIMQ-EQ.svg,EQ
NV20,Nifty50 Value 20,14.01,14.12,13.84,13.9,-0.11,-0.79,84750,1178025,13.9535,16.87,12.62,27-FEB-26,FACE VALUE SPLIT (SUB-DIVISION) - FROM RS 10/- PER SHARE TO RE 1/- PER SHARE,-90.51194539249147,-1.9054340155257556,14.01,0,-90.44,-1.89,18-Aug-2025,17-Jul-2026,FACE VALUE SPLIT (SUB-DIVISION) - FROM RS 10/- PER SHARE TO RE 1/- PER SHARE,-1.9054340155257556,27-FEB-26,-90.51194539249147,17.605216360403084,-10.142630744849455,https://nsearchives.nseindia.com/today/NV20EQN.svg,https://nsearchives.nseindia.com/30d/NV20-EQ.svg,https://nsearchives.nseindia.com/365d/NV20-EQ.svg,EQ
HDFCNIF100,HDFC NIFTY 100 ETF,26,26.48,25.82,26.22,0,0.00,44052,1149316.68,26.2196,29,22,20-OCT-23,FACE VALUE SPLIT (SUB-DIVISION) - FROM RS 177.27/- PER SHARE TO RS 17.727/- PER SHARE,0.0763358778625938,0.38284839203674526,26.22,0,0.08,0.42,18-Aug-2025,17-Jul-2026,FACE VALUE SPLIT (SUB-DIVISION) - FROM RS 177.27/- PER SHARE TO RS 17.727/- PER SHARE,0.38284839203674526,20-OCT-23,0.0763358778625938,9.586206896551728,-19.181818181818176,https://nsearchives.nseindia.com/today/HDFCNIF100EQN.svg,https://nsearchives.nseindia.com/30d/HDFCNIF100-EQ.svg,https://nsearchives.nseindia.com/365d/HDFCNIF100-EQ.svg,EQ
SMALLADD,Nifty Smallcap 250 Index,18.53,18.53,18.3,18.3,-0.16,-0.87,62255,1146114.55,18.4546,19.5,14.01,-,-,Infinity,0.8820286659316435,18.46,0,0,2.1,,17-Jul-2026,-,0.8820286659316435,-,Infinity,6.153846153846151,-30.620985010706647,https://nsearchives.nseindia.com/today/SMALLADDEQN.svg,https://nsearchives.nseindia.com/30d/SMALLADD-EQ.svg,,EQ
MANUFGBEES,Nifty India Manufacturing TRI,167.68,167.68,164.68,166.15,-0.7,-0.42,6883,1140994.91,166.3599,171.58,138.6,-,-,Infinity,3.077113964886164,166.85,0,0,4.59,,17-Jul-2026,-,3.077113964886164,-,Infinity,3.1647045110152736,-19.877344877344886,https://nsearchives.nseindia.com/today/MANUFGBEESEQN.svg,https://nsearchives.nseindia.com/30d/MANUFGBEES-EQ.svg,,EQ
ENEXT50,Nifty Next 50 Total Return Index,74.05,75,73.4,75,0.5,0.67,14447,1067922.24,74.0735,75.14,68.59,-,-,Infinity,3.576854025687065,74.5,0,0,4.58,,17-Jul-2026,-,3.576854025687065,-,Infinity,0.18631887143997947,-9.345385624726632,https://nsearchives.nseindia.com/today/ENEXT50EQN.svg,https://nsearchives.nseindia.com/30d/ENEXT50-EQ.svg,,EQ
FMCGADD,Nifty FMCG Index (TRI),48,48.11,47.66,47.85,-0.29,-0.60,21566,1029560.84,47.9463,51.09,47.66,-,-,Infinity,-4.338264694122354,48.14,0,0,-1.82,,17-Jul-2026,-,-4.338264694122354,-,Infinity,6.3417498532002385,-0.3986571548468419,https://nsearchives.nseindia.com/today/FMCGADDEQN.svg,https://nsearchives.nseindia.com/30d/FMCGADD-EQ.svg,,EQ
MOTOUR,Nifty India Tourism Total Return Index,79.81,79.81,79.13,79.13,-0.68,-0.85,12910,1025699.5,79.5763,95.9,64,-,-,-14.555663535255377,0.05057529396888613,79.81,0,-13.82,0.61,18-Aug-2025,17-Jul-2026,-,0.05057529396888613,-,-14.555663535255377,17.48696558915538,-23.640624999999993,https://nsearchives.nseindia.com/today/MOTOUREQN.svg,https://nsearchives.nseindia.com/30d/MOTOUR-EQ.svg,https://nsearchives.nseindia.com/365d/MOTOUR-EQ.svg,EQ
ABSLNN50ET,Nifty Next 50,78.32,78.32,77.6,78.3,-0.02,-0.03,12986,1009921.22,78.2971,80.33,63.02,25-NOV-21, FACE VALUE SPLIT (SUB-DIVISION) - FROM RS 10/- PER SHARE TO RE 1/- PER SHARE,11.379800853485065,2.945043386799888,78.32,0,11.41,3.53,18-Aug-2025,17-Jul-2026, FACE VALUE SPLIT (SUB-DIVISION) - FROM RS 10/- PER SHARE TO RE 1/- PER SHARE,2.945043386799888,25-NOV-21,11.379800853485065,2.5270758122743695,-24.246271025071394,https://nsearchives.nseindia.com/today/ABSLNN50ETEQN.svg,https://nsearchives.nseindia.com/30d/ABSLNN50ET-EQ.svg,https://nsearchives.nseindia.com/365d/ABSLNN50ET-EQ.svg,EQ
GROWWSC250,Nifty Smallcap 250 Index - TRI,10.63,10.63,10.52,10.6,0.03,0.28,93231,984519.36,10.5947,10.97,8,-,-,Infinity,1.7274472168905923,10.57,0,0,2.32,,17-Jul-2026,-,1.7274472168905923,-,Infinity,3.372835004557894,-32.49999999999999,https://nsearchives.nseindia.com/today/GROWWSC250EQN.svg,https://nsearchives.nseindia.com/30d/GROWWSC250-EQ.svg,,EQ
MOALPHA50,Nifty Alpha 50 Total Return Index,55.99,56.62,55.34,55.66,-0.33,-0.59,17578,978567.26,56.1215,62,42.1,-,-,9.073094258279434,3.882045539380363,55.99,0,9.72,4.58,18-Aug-2025,17-Jul-2026,-,3.882045539380363,-,9.073094258279434,10.22580645161291,-32.20902612826602,https://nsearchives.nseindia.com/today/MOALPHA50EQN.svg,https://nsearchives.nseindia.com/30d/MOALPHA50-EQ.svg,https://nsearchives.nseindia.com/365d/MOALPHA50-EQ.svg,EQ
TOP15IETF,Nifty Top 15 Equal Weight Index,9.97,9.97,9.88,9.92,-0.05,-0.50,98434,973512.26,9.9237,11.36,9.15,-,-,-3.407984420642645,0.3033367037411462,9.97,0,-2.92,0.3,18-Aug-2025,17-Jul-2026,-,0.3033367037411462,-,-3.407984420642645,12.676056338028165,-8.415300546448082,https://nsearchives.nseindia.com/today/TOP15IETFEQN.svg,https://nsearchives.nseindia.com/30d/TOP15IETF-EQ.svg,https://nsearchives.nseindia.com/365d/TOP15IETF-EQ.svg,EQ
GOLD360,Commodity-Gold,148.95,148.95,147.55,148.2,-0.8,-0.54,6410,949449.2,149.1923,178,87.85,-,-,51.22448979591836,7.197106690777568,149,0,52.04,9.2,18-Aug-2025,17-Jul-2026,-,7.197106690777568,-,51.22448979591836,16.74157303370787,-68.69664200341491,https://nsearchives.nseindia.com/today/GOLD360EQN.svg,https://nsearchives.nseindia.com/30d/GOLD360-EQ.svg,https://nsearchives.nseindia.com/365d/GOLD360-EQ.svg,EQ
TECH,Nifty IT TRI Index,33.32,34.3,33.07,34.3,1.06,3.19,28052,949279.68,33.1051,49.41,28,-,-,-7.222071950229921,7.288082577416323,33.24,0,-10.09,4.17,18-Aug-2025,17-Jul-2026,-,7.288082577416323,-,-7.222071950229921,30.58085407812184,-22.499999999999993,https://nsearchives.nseindia.com/today/TECHEQN.svg,https://nsearchives.nseindia.com/30d/TECH-EQ.svg,https://nsearchives.nseindia.com/365d/TECH-EQ.svg,EQ
HDFCQUAL,HDFC NIFTY100 Quality 30 ETF,59.55,59.55,59,59.1,-0.1,-0.17,15846,937766.28,59.2989,61.87,51.91,-,-,2.889972144846803,2.6219829831567942,59.2,0,3.06,2.83,18-Aug-2025,17-Jul-2026,-,2.6219829831567942,-,2.889972144846803,4.477129465007267,-13.850895781159709,https://nsearchives.nseindia.com/today/HDFCQUALEQN.svg,https://nsearchives.nseindia.com/30d/HDFCQUAL-EQ.svg,https://nsearchives.nseindia.com/365d/HDFCQUAL-EQ.svg,EQ
MIDCAPADD,Nifty Midcap 150 Index,23.37,23.45,23.35,23.38,-0.12,-0.51,39089,913900.82,23.4222,25.5,19.27,-,-,Infinity,1.08084738434933,23.5,0,0,2.04,,17-Jul-2026,-,1.08084738434933,-,Infinity,8.313725490196083,-21.328489880643485,https://nsearchives.nseindia.com/today/MIDCAPADDEQN.svg,https://nsearchives.nseindia.com/30d/MIDCAPADD-EQ.svg,,EQ
BANK10ADD,BSE Top 10 Banks Index (TRI),16.9,16.9,16.71,16.87,-0.03,-0.18,52263,875927.88,16.8365,18.99,12.08,-,-,Infinity,-2.598152424942259,16.9,0,0,-4.03,,17-Jul-2026,-,-2.598152424942259,-,Infinity,11.163770405476553,-39.65231788079471,https://nsearchives.nseindia.com/today/BANK10ADDEQN.svg,https://nsearchives.nseindia.com/30d/BANK10ADD-EQ.svg,,EQ
HEALTHCARE,Nifty 500 Healthcare Index,21.58,22.29,21.41,21.49,-0.09,-0.42,39334,846074.34,21.5742,22.29,17.18,-,-,Infinity,0.6557377049180187,21.58,0,0,2.13,,17-Jul-2026,-,0.6557377049180187,-,Infinity,3.5890533871691375,-25.087310826542485,https://nsearchives.nseindia.com/today/HEALTHCAREEQN.svg,https://nsearchives.nseindia.com/30d/HEALTHCARE-EQ.svg,,EQ
ABSL10BANK,BSE Top 10 Banks Index,168.06,172,167.5,172,2.77,1.64,5025,843898.5,168.2851,214.42,150,-,-,Infinity,-0.5550416281221138,169.23,0,0,-4.54,,17-Jul-2026,-,-0.5550416281221138,-,Infinity,19.783602275907096,-14.666666666666666,https://nsearchives.nseindia.com/today/ABSL10BANKEQN.svg,https://nsearchives.nseindia.com/30d/ABSL10BANK-EQ.svg,,EQ
SBINEQWETF,Nifty50 Equal Weight,34.13,34.13,33.4,33.47,-0.22,-0.65,24602,823182.92,33.5315,36.4,29.64,-,-,4.987452948557089,0.14961101137042834,33.69,0,5.68,-0.62,18-Aug-2025,17-Jul-2026,-,0.14961101137042834,-,4.987452948557089,8.04945054945055,-12.9217273954116,https://nsearchives.nseindia.com/today/SBINEQWETFEQN.svg,https://nsearchives.nseindia.com/30d/SBINEQWETF-EQ.svg,https://nsearchives.nseindia.com/365d/SBINEQWETF-EQ.svg,EQ
ITADD,DSP Nifty IT ETF,32.57,32.57,31.99,32.12,-0.11,-0.34,25442,818469.14,32.0657,41.92,27.17,-,-,Infinity,3.7802907915993478,32.23,0,0,4.03,,17-Jul-2026,-,3.7802907915993478,-,Infinity,23.377862595419856,-18.218623481781357,https://nsearchives.nseindia.com/today/ITADDEQN.svg,https://nsearchives.nseindia.com/30d/ITADD-EQ.svg,,EQ
NIFTY100EW,Nifty 100 Equal Weight Index,35.82,35.82,35.3,35.43,-0.21,-0.59,20493,725862.06,35.501,41.41,29.84,-,-,6.364455118583,1.402404121350893,35.64,0,6.99,2.53,18-Aug-2025,17-Jul-2026,-,1.402404121350893,-,6.364455118583,14.44095629075102,-18.733243967828418,https://nsearchives.nseindia.com/today/NIFTY100EWEQN.svg,https://nsearchives.nseindia.com/30d/NIFTY100EW-EQ.svg,https://nsearchives.nseindia.com/365d/NIFTY100EW-EQ.svg,EQ
NEXT50ADD,Nifty Next 50 TRI,74.35,74.64,74.14,74.43,-0.53,-0.71,9342,694857.96,74.7229,81,56.25,-,-,Infinity,2.168840082361033,74.96,0,0,3.74,,17-Jul-2026,-,2.168840082361033,-,Infinity,8.111111111111102,-32.320000000000014,https://nsearchives.nseindia.com/today/NEXT50ADDEQN.svg,https://nsearchives.nseindia.com/30d/NEXT50ADD-EQ.svg,,EQ
DIVIDEND,BSE 500 Dividend Leaders,35.62,35.67,35.48,35.54,-0.08,-0.22,19516,693988.96,35.6307,38.03,33.15,-,-,Infinity,0.25387870239773286,35.62,0,0,1.34,,17-Jul-2026,-,0.25387870239773286,-,Infinity,6.547462529581914,-7.209653092006035,https://nsearchives.nseindia.com/today/DIVIDENDEQN.svg,https://nsearchives.nseindia.com/30d/DIVIDEND-EQ.svg,,EQ
ITAXIS,NIFTY IT Index,335.74,337.99,332.41,332.99,-0.92,-0.28,2048,685056,333.1701,439.67,230.7,-,-,Infinity,3.400198733076633,333.91,0,0,4.12,,17-Jul-2026,-,3.400198733076633,-,Infinity,24.263652284668044,-44.338968357173826,https://nsearchives.nseindia.com/today/ITAXISEQN.svg,https://nsearchives.nseindia.com/30d/ITAXIS-EQ.svg,,EQ
SENSEXAXIS,AXIS S&P BSE SENSEX ETF,80.19,80.19,79.6,79.6,-0.12,-0.15,8431,673131.04,80.2178,91.35,73.52,-,-,Infinity,-1.1916583912611816,79.72,0,0,-1.5,,17-Jul-2026,-,-1.1916583912611816,-,Infinity,12.862616310892173,-8.26985854189336,https://nsearchives.nseindia.com/today/SENSEXAXISEQN.svg,https://nsearchives.nseindia.com/30d/SENSEXAXIS-EQ.svg,,EQ
MOM50,Nifty 50,254.18,254.18,252,252.06,-2.12,-0.83,2584,652175.76,253.1201,279.33,231.11,16-OCT-14,FACE VALUE SPLIT FROM RS.10/- TO RS.7/-,-2.5666795516041696,-0.5837343220004693,254.18,0,-1.75,0.05,18-Aug-2025,17-Jul-2026,FACE VALUE SPLIT FROM RS.10/- TO RS.7/-,-0.5837343220004693,16-OCT-14,-2.5666795516041696,9.762646332295128,-9.064947427631859,https://nsearchives.nseindia.com/today/MOM50EQN.svg,https://nsearchives.nseindia.com/30d/MOM50-EQ.svg,https://nsearchives.nseindia.com/365d/MOM50-EQ.svg,EQ
SELECTIPO,BSE Select IPO Index,48.38,48.49,48.21,48.25,-0.13,-0.27,13364,646149.4,48.2759,52.07,37.8,-,-,-1.5908627370997372,3.674258702191665,48.38,0,-1.33,3.91,18-Aug-2025,17-Jul-2026,-,3.674258702191665,-,-1.5908627370997372,7.336278087190321,-27.645502645502653,https://nsearchives.nseindia.com/today/SELECTIPOEQN.svg,https://nsearchives.nseindia.com/30d/SELECTIPO-EQ.svg,https://nsearchives.nseindia.com/365d/SELECTIPO-EQ.svg,EQ
SMALLIETF,Nifty Smallcap 250 Index,18.59,18.59,18.24,18.36,-0.05,-0.27,35056,642225.92,18.3798,19.49,17.43,-,-,Infinity,1.943364797334802,18.41,0,0,2.05,,17-Jul-2026,-,1.943364797334802,-,Infinity,5.79784504874294,-5.335628227194491,https://nsearchives.nseindia.com/today/SMALLIETFEQN.svg,https://nsearchives.nseindia.com/30d/SMALLIETF-EQ.svg,,EQ
MIDQ50ADD,Nifty Midcap 150 Quality 50 Index,25.48,25.55,25.45,25.5,-0.06,-0.23,22583,574963.18,25.487,25.97,21,03-JUL-26,FACE VALUE SPLIT (SUB-DIVISION) - FROM RS 10/- PER UNIT TO RE 1/- PER UNIT,-89.67694923487976,2.2044088176352736,25.56,0,-89.65,3.4,18-Aug-2025,17-Jul-2026,FACE VALUE SPLIT (SUB-DIVISION) - FROM RS 10/- PER UNIT TO RE 1/- PER UNIT,2.2044088176352736,03-JUL-26,-89.67694923487976,1.8097805159799727,-21.428571428571427,https://nsearchives.nseindia.com/today/MIDQ50ADDEQN.svg,https://nsearchives.nseindia.com/30d/MIDQ50ADD-EQ.svg,https://nsearchives.nseindia.com/365d/MIDQ50ADD-EQ.svg,EQ
HDFCVALUE,HDFC NIFTY50 Value 20 ETF,125.4,125.52,124.8,125.2,-0.8,-0.63,4291,536546.64,125.6338,147.05,120,-,-,-4.769148855252145,-2.049757471444211,126,0,-4.16,-1.74,18-Aug-2025,17-Jul-2026,-,-2.049757471444211,-,-4.769148855252145,14.858891533492015,-4.333333333333335,https://nsearchives.nseindia.com/today/HDFCVALUEEQN.svg,https://nsearchives.nseindia.com/30d/HDFCVALUE-EQ.svg,https://nsearchives.nseindia.com/365d/HDFCVALUE-EQ.svg,EQ
EQUAL200,BSE 200 Equal Weight,13.97,13.97,13.89,13.94,-0.03,-0.21,37880,526532,11.839,14.6,11.75,-,-,8.062015503875962,0.8683068017366079,13.97,0,8.29,1.75,18-Aug-2025,17-Jul-2026,-,0.8683068017366079,-,8.062015503875962,4.520547945205481,-18.63829787234042,https://nsearchives.nseindia.com/today/EQUAL200EQN.svg,https://nsearchives.nseindia.com/30d/EQUAL200-EQ.svg,https://nsearchives.nseindia.com/365d/EQUAL200-EQ.svg,EQ
GROWWN200,Nifty 200 Index- Total Return Index,11.65,11.65,11.34,11.44,0.05,0.44,41719,474345.03,11.4305,12.14,9.91,-,-,2.0517395182872313,0.4389815627743541,11.39,0,1.61,0.53,18-Aug-2025,17-Jul-2026,-,0.4389815627743541,-,2.0517395182872313,5.7660626029654125,-15.438950554994948,https://nsearchives.nseindia.com/today/GROWWN200EQN.svg,https://nsearchives.nseindia.com/30d/GROWWN200-EQ.svg,https://nsearchives.nseindia.com/365d/GROWWN200-EQ.svg,EQ
MOPSE,Nifty PSE Total Return Index,99.5,100.53,99.15,99.51,-1.02,-1.01,4706,467729.34,100.1026,114.7,92.55,-,-,3.6562500000000053,-2.4124742571344453,100.53,0,4.72,0.1,18-Aug-2025,17-Jul-2026,-,-2.4124742571344453,-,3.6562500000000053,13.24324324324324,-7.520259319286881,https://nsearchives.nseindia.com/today/MOPSEEQN.svg,https://nsearchives.nseindia.com/30d/MOPSE-EQ.svg,https://nsearchives.nseindia.com/365d/MOPSE-EQ.svg,EQ
NETF,Tata Nifty 50 Exchange Traded Fund,261.16,263.9,261.16,262.15,-1.06,-0.40,1677,439508.16,263.1279,292.9,240.66,-,-,-2.6803281731447552,-0.45188729399255634,263.21,0,-2.29,-0.23,18-Aug-2025,17-Jul-2026,-,-0.45188729399255634,-,-2.6803281731447552,10.498463639467396,-8.929610238510755,https://nsearchives.nseindia.com/today/NETFEQN.svg,https://nsearchives.nseindia.com/30d/NETF-EQ.svg,https://nsearchives.nseindia.com/365d/NETF-EQ.svg,EQ
AONETMMQ50,Nifty Total Market Momentum Quality 50 TRI,10.48,10.55,10.3,10.32,-0.11,-1.05,42365,437630.45,10.44,10.87,8,-,-,Infinity,2.279484638255703,10.43,0,0,4.4,,17-Jul-2026,-,2.279484638255703,-,Infinity,5.059797608095667,-29.000000000000004,https://nsearchives.nseindia.com/today/AONETMMQ50EQN.svg,https://nsearchives.nseindia.com/30d/AONETMMQ50-EQ.svg,,EQ
MOMGF,Nifty India Manufacturing Total Return Index,165,166.2,163.98,165.05,-1.04,-0.63,2530,415324.8,165.2734,182.16,137.9,-,-,14.929322470580042,3.104697651174412,166.09,0,15.65,4.28,18-Aug-2025,17-Jul-2026,-,3.104697651174412,-,14.929322470580042,9.392841458058841,-19.688179840464105,https://nsearchives.nseindia.com/today/MOMGFEQN.svg,https://nsearchives.nseindia.com/30d/MOMGF-EQ.svg,https://nsearchives.nseindia.com/365d/MOMGF-EQ.svg,EQ
BSLSENETFG,BSE SENSEX Index,78.21,79.62,77.45,78.38,0.32,0.41,4894,384227.94,77.9445,87.82,70.32,25-NOV-21, FACE VALUE SPLIT (SUB-DIVISION) - FROM RS 10/- PER SHARE TO RE 1- PER SHARE,-3.603492805313008,-0.08922880815807188,78.06,0,-4,-0.69,18-Aug-2025,17-Jul-2026, FACE VALUE SPLIT (SUB-DIVISION) - FROM RS 10/- PER SHARE TO RE 1- PER SHARE,-0.08922880815807188,25-NOV-21,-3.603492805313008,10.749259849692551,-11.461888509670084,https://nsearchives.nseindia.com/today/BSLSENETFGEQN.svg,https://nsearchives.nseindia.com/30d/BSLSENETFG-EQ.svg,https://nsearchives.nseindia.com/365d/BSLSENETFG-EQ.svg,EQ
TWCGOLDETF,Commodity,152.23,152.23,150.82,151.6,-0.63,-0.41,2501,378526.35,152.0455,187.98,123.31,-,-,Infinity,7.319835763839732,152.23,0,0,8.81,,17-Jul-2026,-,7.319835763839732,-,Infinity,19.353122672624746,-22.942178249939168,https://nsearchives.nseindia.com/today/TWCGOLDETFEQN.svg,https://nsearchives.nseindia.com/30d/TWCGOLDETF-EQ.svg,,EQ
HEALTHAXIS,Nifty Healthcare Index,167.77,170,166.58,166.78,-0.56,-0.33,2255,376900.7,167.6275,173.72,135.2,-,-,Infinity,-0.417960353475035,167.34,0,0,1.13,,17-Jul-2026,-,-0.417960353475035,-,Infinity,3.994934377158645,-23.357988165680485,https://nsearchives.nseindia.com/today/HEALTHAXISEQN.svg,https://nsearchives.nseindia.com/30d/HEALTHAXIS-EQ.svg,,EQ
FLEXIADD,Nifty500 Flexicap Quality 30 TRI,10.26,10.26,10.16,10.25,0.01,0.10,35370,360420.3,10.2259,11.9,8.73,-,-,Infinity,2.8084252758274757,10.24,0,0,3.12,,17-Jul-2026,-,2.8084252758274757,-,Infinity,13.865546218487397,-17.41122565864833,https://nsearchives.nseindia.com/today/FLEXIADDEQN.svg,https://nsearchives.nseindia.com/30d/FLEXIADD-EQ.svg,,EQ
GOLDBND,Commodity - Gold,154.33,154.33,150.82,151.65,-1.15,-0.75,2264,342860.16,152.621,180.16,115.17,-,-,Infinity,7.188295165394414,152.8,0,0,9.03,,17-Jul-2026,-,7.188295165394414,-,Infinity,15.824822380106568,-31.674915342537123,https://nsearchives.nseindia.com/today/GOLDBNDEQN.svg,https://nsearchives.nseindia.com/30d/GOLDBND-EQ.svg,,EQ
MOGSEC,Nifty 5 yr Benchmark G-Sec Index,65.69,65.8,65.1,65.6,-0.14,-0.21,5062,329991.78,65.385,67.33,60.18,-,-,5.9260455352817605,1.0318804866779414,65.74,0,6.15,0.97,18-Aug-2025,17-Jul-2026,-,1.0318804866779414,-,5.9260455352817605,2.569434130402501,-9.006314390162835,https://nsearchives.nseindia.com/today/MOGSECEQN.svg,https://nsearchives.nseindia.com/30d/MOGSEC-EQ.svg,https://nsearchives.nseindia.com/365d/MOGSEC-EQ.svg,EQ
GROWWMC150,Nifty Midcap 150 Index - TRI,235,238.36,231.87,232.8,-3.2,-1.36,1356,316856.52,234.3087,245,193.6,-,-,Infinity,0.7792207792207841,236,0,0,2.16,,17-Jul-2026,-,0.7792207792207841,-,Infinity,4.97959183673469,-20.24793388429753,https://nsearchives.nseindia.com/today/GROWWMC150EQN.svg,https://nsearchives.nseindia.com/30d/GROWWMC150-EQ.svg,,EQ
SBINMID150,Nifty Midcap 150 Index,24.03,24.03,23.27,23.38,-0.17,-0.72,13152,307625.28,23.4217,24.06,19.81,-,-,Infinity,0.819318671841301,23.55,0,0,2.08,,17-Jul-2026,-,0.819318671841301,-,Infinity,2.8262676641729,-18.021201413427562,https://nsearchives.nseindia.com/today/SBINMID150EQN.svg,https://nsearchives.nseindia.com/30d/SBINMID150-EQ.svg,,EQ
BANKBETF,Bajaj Finserv Nifty Bank ETF,57.2,58.38,57.2,58.15,-0.24,-0.41,4375,254275,58.2947,63.9,50.71,-,-,3.029766123316798,-1.4406779661016973,58.39,0,3.45,-1.7,18-Aug-2025,17-Jul-2026,-,-1.4406779661016973,-,3.029766123316798,8.998435054773083,-14.671662394005123,https://nsearchives.nseindia.com/today/BANKBETFEQN.svg,https://nsearchives.nseindia.com/30d/BANKBETF-EQ.svg,https://nsearchives.nseindia.com/365d/BANKBETF-EQ.svg,EQ
BNKETFAXIS,Nifty Bank,589.9,591.94,588.43,591.94,-0.85,-0.14,412,243459.04,591.306,647.82,512.51,-,-,Infinity,-1.109291991045472,592.79,0,0,-1.56,,17-Jul-2026,-,-1.109291991045472,-,Infinity,8.625852860362446,-15.498234180796485,https://nsearchives.nseindia.com/today/BNKETFAXISEQN.svg,https://nsearchives.nseindia.com/30d/BNKETFAXIS-EQ.svg,,EQ
SBIETFCON,Nifty India Consumption Index,124.77,124.77,123.17,124.12,-0.66,-0.53,1819,225537.81,124.1258,133.97,100,-,-,-0.48107761385503073,2.4092409240924106,124.78,0,0.05,3.58,18-Aug-2025,17-Jul-2026,-,2.4092409240924106,-,-0.48107761385503073,7.352392326640288,-24.120000000000005,https://nsearchives.nseindia.com/today/SBIETFCONEQN.svg,https://nsearchives.nseindia.com/30d/SBIETFCON-EQ.svg,https://nsearchives.nseindia.com/365d/SBIETFCON-EQ.svg,EQ
SBIVALETF,Nifty200 Value 30 Index,14.88,15.14,14.7,14.79,-0.02,-0.14,15049,222123.24,14.8009,17.7,14.43,-,-,Infinity,-1.727574750830575,14.81,0,0,0,,17-Jul-2026,-,-1.727574750830575,-,Infinity,16.440677966101696,-2.494802494802491,https://nsearchives.nseindia.com/today/SBIVALETFEQN.svg,https://nsearchives.nseindia.com/30d/SBIVALETF-EQ.svg,,EQ
ESG,NIFTY100 ESG SECTOR LEADERS,41.69,41.69,41.44,41.53,-0.29,-0.69,5099,211710.48,41.7067,45.06,37.52,-,-,-2.5803424818203173,-0.43155118676576293,41.82,0,-1.9,-0.26,18-Aug-2025,17-Jul-2026,-,-0.43155118676576293,-,-2.5803424818203173,7.833999112294721,-10.687633262260121,https://nsearchives.nseindia.com/today/ESGEQN.svg,https://nsearchives.nseindia.com/30d/ESG-EQ.svg,https://nsearchives.nseindia.com/365d/ESG-EQ.svg,EQ
INFRA,Nifty India Infrastructure & Logistics,12.24,12.24,12.09,12.14,-0.1,-0.82,17335,210100.2,12.222,13.27,10.14,-,-,Infinity,-1.9386106623586445,12.24,0,0,0.25,,17-Jul-2026,-,-1.9386106623586445,-,Infinity,8.515448379804061,-19.72386587771203,https://nsearchives.nseindia.com/today/INFRAEQN.svg,https://nsearchives.nseindia.com/30d/INFRA-EQ.svg,,EQ
NIFTYBETF,Bajaj Finserv Nifty 50 ETF,249.2,249.2,247.6,248.54,-1.04,-0.42,815,202062.95,248.7731,279.99,227.01,-,-,-1.9720754121637611,-0.4047285113203844,249.58,0,-1.56,-0.03,18-Aug-2025,17-Jul-2026,-,-0.4047285113203844,-,-1.9720754121637611,11.232544019429271,-9.484163693229373,https://nsearchives.nseindia.com/today/NIFTYBETFEQN.svg,https://nsearchives.nseindia.com/30d/NIFTYBETF-EQ.svg,https://nsearchives.nseindia.com/365d/NIFTYBETF-EQ.svg,EQ
UNIONGOLD,Commodity Gold,149.35,149.8,147.9,149.25,-0.1,-0.07,1356,201352.44,149.5662,177,95.55,-,-,52.2182559918409,7.76173285198556,149.35,0,52.32,8.62,18-Aug-2025,17-Jul-2026,-,7.76173285198556,-,52.2182559918409,15.677966101694915,-56.20094191522763,https://nsearchives.nseindia.com/today/UNIONGOLDEQN.svg,https://nsearchives.nseindia.com/30d/UNIONGOLD-EQ.svg,https://nsearchives.nseindia.com/365d/UNIONGOLD-EQ.svg,EQ
BBNPPGOLD,Baroda BNP Paribas Gold ETF,147.65,149.45,146.15,147.7,0.05,0.03,1329,195296.55,147.9546,184.05,94.5,-,-,51.56490507952794,8.046817849305048,147.65,0,51.51,8.65,18-Aug-2025,17-Jul-2026,-,8.046817849305048,-,51.56490507952794,19.750067916327097,-56.29629629629628,https://nsearchives.nseindia.com/today/BBNPPGOLDEQN.svg,https://nsearchives.nseindia.com/30d/BBNPPGOLD-EQ.svg,https://nsearchives.nseindia.com/365d/BBNPPGOLD-EQ.svg,EQ
GROWWNXT50,Index,74.86,75.58,74.2,74.5,-0.34,-0.45,2581,192103.83,74.672,76.79,60.01,-,-,Infinity,2.391423859263324,74.84,0,0,3.79,,17-Jul-2026,-,2.391423859263324,-,Infinity,2.982159135304084,-24.14597567072155,https://nsearchives.nseindia.com/today/GROWWNXT50EQN.svg,https://nsearchives.nseindia.com/30d/GROWWNXT50-EQ.svg,,EQ
MOMNC,Nifty MNC ETF Total Return Index,33.65,33.65,33,33.15,-0.34,-1.02,5811,191937.33,33.313,35.8,27.03,-,-,Infinity,1.4692378328741869,33.49,0,0,3.46,,17-Jul-2026,-,1.4692378328741869,-,Infinity,7.402234636871506,-22.641509433962256,https://nsearchives.nseindia.com/today/MOMNCEQN.svg,https://nsearchives.nseindia.com/30d/MOMNC-EQ.svg,,EQ
QNIFTY,Nifty 50,266.8,266.8,265,265.2,-1.54,-0.58,721,191418.29,266.1066,291.19,243.2,13-FEB-26,FACE VALUE SPLIT (SUB-DIVISION) - FROM RS 10/- PER UNIT TO RE 1/- PER UNIT,-90.23391468300731,-0.562429696287964,266.74,0,-90.18,-0.37,18-Aug-2025,17-Jul-2026,FACE VALUE SPLIT (SUB-DIVISION) - FROM RS 10/- PER UNIT TO RE 1/- PER UNIT,-0.562429696287964,13-FEB-26,-90.23391468300731,8.92544386826471,-9.046052631578949,https://nsearchives.nseindia.com/today/QNIFTYEQN.svg,https://nsearchives.nseindia.com/30d/QNIFTY-EQ.svg,https://nsearchives.nseindia.com/365d/QNIFTY-EQ.svg,EQ
BANKADD,DSP Nifty Bank ETF,58.67,58.76,58.49,58.56,-0.13,-0.22,3215,188495.45,58.7102,62.9,51.01,-,-,Infinity,-1.4804845222072602,58.69,0,0,-1.89,,17-Jul-2026,-,-1.4804845222072602,-,Infinity,6.899841017488071,-14.801019407959233,https://nsearchives.nseindia.com/today/BANKADDEQN.svg,https://nsearchives.nseindia.com/30d/BANKADD-EQ.svg,,EQ
BANKPSU,Nifty PSU Bank Total Return Index,87.1,87.28,86.68,86.83,-0.37,-0.42,2136,185511.6,86.9609,99.52,67.59,-,-,22.832083745932948,-0.023028209556702386,87.2,0,23.36,3.01,18-Aug-2025,17-Jul-2026,-,-0.023028209556702386,-,22.832083745932948,12.751205787781348,-28.46574937120875,https://nsearchives.nseindia.com/today/BANKPSUEQN.svg,https://nsearchives.nseindia.com/30d/BANKPSU-EQ.svg,https://nsearchives.nseindia.com/365d/BANKPSU-EQ.svg,EQ
HDFCLOWVOL,HDFC NIFTY100 Low Volatility 30 ETF,20.85,20.85,20.74,20.77,-0.08,-0.38,8907,184998.39,20.7786,22.28,18.35,20-OCT-23,FACE VALUE SPLIT (SUB-DIVISION) - FROM RS 126.18/- PER SHARE TO RS 12.618/- PER SHARE,0.5324298160696972,0.48379293662311496,20.85,0,0.92,1.21,18-Aug-2025,17-Jul-2026,FACE VALUE SPLIT (SUB-DIVISION) - FROM RS 126.18/- PER SHARE TO RS 12.618/- PER SHARE,0.48379293662311496,20-OCT-23,0.5324298160696972,6.777378815080797,-13.18801089918255,https://nsearchives.nseindia.com/today/HDFCLOWVOLEQN.svg,https://nsearchives.nseindia.com/30d/HDFCLOWVOL-EQ.svg,https://nsearchives.nseindia.com/365d/HDFCLOWVOL-EQ.svg,EQ
NEXT30ADD,BSE SENSEX Next 30 Index,43.66,43.66,43.25,43.31,-0.27,-0.62,4080,176745.6,43.4994,45.9,36.98,-,-,11.051282051282056,2.2185508614585907,43.58,0,11.74,3.37,18-Aug-2025,17-Jul-2026,-,2.2185508614585907,-,11.051282051282056,5.642701525054459,-17.11736073553274,https://nsearchives.nseindia.com/today/NEXT30ADDEQN.svg,https://nsearchives.nseindia.com/30d/NEXT30ADD-EQ.svg,https://nsearchives.nseindia.com/365d/NEXT30ADD-EQ.svg,EQ
MOSERVICE,Nifty Services Sector Total Return Index,31,31.01,30.82,30.91,-0.15,-0.48,5541,171050.67,30.9489,35.37,28.3,-,-,Infinity,-1.5291494106403327,31.06,0,0,-1.46,,17-Jul-2026,-,-1.5291494106403327,-,Infinity,12.609556121006495,-9.222614840989397,https://nsearchives.nseindia.com/today/MOSERVICEEQN.svg,https://nsearchives.nseindia.com/30d/MOSERVICE-EQ.svg,,EQ
SENSEXADD,DSP S&P BSE Sensex ETF,79.69,79.69,79.21,79.55,-0.22,-0.28,2116,168031.56,79.7256,88.2,73.27,-,-,-4.006274888379398,-0.4629629629629686,79.77,0,-3.74,-0.89,18-Aug-2025,17-Jul-2026,-,-0.4629629629629686,-,-4.006274888379398,9.807256235827671,-8.571038624266414,https://nsearchives.nseindia.com/today/SENSEXADDEQN.svg,https://nsearchives.nseindia.com/30d/SENSEXADD-EQ.svg,https://nsearchives.nseindia.com/365d/SENSEXADD-EQ.svg,EQ
GSEC10IETF,ICICI Prudential Nifty 10 yr Benchmark G-Sec ETF,264.99,266.89,264.99,266.89,1.4,0.53,575,153065,265.0306,269.59,252.23,-,-,3.848249027237349,1.4790874524714777,265.49,0,3.3,0.91,18-Aug-2025,16-Jul-2026,-,1.4790874524714777,-,3.848249027237349,1.0015208279238803,-5.812155572295126,https://nsearchives.nseindia.com/today/GSEC10IETFEQN.svg,https://nsearchives.nseindia.com/30d/GSEC10IETF-EQ.svg,https://nsearchives.nseindia.com/365d/GSEC10IETF-EQ.svg,EQ
CONS,Kotak Nifty India Consumption ETF,12.43,12.43,12.32,12.37,0,0.00,12279,151522.86,12.3756,13.2,10.2,27-FEB-26,FACE VALUE SPLIT (SUB-DIVISION) - FROM RS 10/- PER SHARE TO RE 1/- PER SHARE,-89.98056050542685,2.4855012427506127,12.37,0,-89.98,2.66,18-Aug-2025,17-Jul-2026,FACE VALUE SPLIT (SUB-DIVISION) - FROM RS 10/- PER SHARE TO RE 1/- PER SHARE,2.4855012427506127,27-FEB-26,-89.98056050542685,6.287878787878788,-21.27450980392157,https://nsearchives.nseindia.com/today/CONSEQN.svg,https://nsearchives.nseindia.com/30d/CONS-EQ.svg,https://nsearchives.nseindia.com/365d/CONS-EQ.svg,EQ
MOINFRA,BSE India Infrastructure Total Return Index,59.5,59.62,59,59.33,-0.42,-0.70,2537,150165.03,59.5106,66,54.6,-,-,1.5055603079555098,-3.8099870298313903,59.75,0,2.22,-2.13,18-Aug-2025,17-Jul-2026,-,-3.8099870298313903,-,1.5055603079555098,10.106060606060609,-8.663003663003657,https://nsearchives.nseindia.com/today/MOINFRAEQN.svg,https://nsearchives.nseindia.com/30d/MOINFRA-EQ.svg,https://nsearchives.nseindia.com/365d/MOINFRA-EQ.svg,EQ
MONEXT50,Nifty Next 50 Total Return Index,73.83,75.5,73.62,74.11,-0.49,-0.66,1892,139989.08,74.2565,75.89,59.43,-,-,10.992960910588593,2.361878453038665,74.6,0,11.73,4.22,18-Aug-2025,17-Jul-2026,-,2.361878453038665,-,10.992960910588593,2.345500065884835,-24.701329294968872,https://nsearchives.nseindia.com/today/MONEXT50EQN.svg,https://nsearchives.nseindia.com/30d/MONEXT50-EQ.svg,https://nsearchives.nseindia.com/365d/MONEXT50-EQ.svg,EQ
GROWWPSE,Nifty PSE Index - TRI,96.79,99.95,96.79,99.77,1,1.01,1406,138322.28,98.8971,109.85,93.2,-,-,Infinity,-0.3694827241861439,98.77,0,0,-0.48,,17-Jul-2026,-,-0.3694827241861439,-,Infinity,9.176149294492488,-7.049356223175958,https://nsearchives.nseindia.com/today/GROWWPSEEQN.svg,https://nsearchives.nseindia.com/30d/GROWWPSE-EQ.svg,,EQ
IDFNIFTYET,Nifty 50,267.14,270,265.49,268.65,1.51,0.57,473,125926.79,267.1104,340.8,244.32,-,-,-1.5465239857807846,0.24253731343282733,267.14,0,-2.1,-0.34,18-Aug-2025,17-Jul-2026,-,0.24253731343282733,-,-1.5465239857807846,21.170774647887335,-9.9582514734774,https://nsearchives.nseindia.com/today/IDFNIFTYETEQN.svg,https://nsearchives.nseindia.com/30d/IDFNIFTYET-EQ.svg,https://nsearchives.nseindia.com/365d/IDFNIFTYET-EQ.svg,EQ
SNXT50BETA,BSE Sensex Next 50,96.79,96.79,95.66,96.19,-0.6,-0.62,1264,121508.32,96.2314,102.25,77.11,17-FEB-21, FACE VALUE SPLIT (SUB-DIVISION) - FROM RS 10/- PER UNIT TO RE 1/- PER UNIT,Infinity,2.0367030868781177,96.79,0,0,3.66,,17-Jul-2026, FACE VALUE SPLIT (SUB-DIVISION) - FROM RS 10/- PER UNIT TO RE 1/- PER UNIT,2.0367030868781177,17-FEB-21,Infinity,5.926650366748168,-24.743872390092072,https://nsearchives.nseindia.com/today/SNXT50BETAEQN.svg,https://nsearchives.nseindia.com/30d/SNXT50BETA-EQ.svg,,EQ
TOP20,Nifty Top 20 Equal Weight,8.96,8.96,8.92,8.95,-0.01,-0.11,12929,115455.97,8.9454,9.99,8,-,-,Infinity,1.4739229024943197,8.96,0,0,1.13,,17-Jul-2026,-,1.4739229024943197,-,Infinity,10.41041041041042,-11.874999999999991,https://nsearchives.nseindia.com/today/TOP20EQN.svg,https://nsearchives.nseindia.com/30d/TOP20-EQ.svg,,EQ
LICNMID100,LIC MF Nifty Midcap 100 ETF,63.9,64.11,63.64,63.64,-0.26,-0.41,1779,113517.99,63.9748,67.5,52.3,-,-,9.932630851615132,0.7918910357934749,63.9,0,10.38,1.06,18-Aug-2025,17-Jul-2026,-,0.7918910357934749,-,9.932630851615132,5.7185185185185174,-21.682600382409188,https://nsearchives.nseindia.com/today/LICNMID100EQN.svg,https://nsearchives.nseindia.com/30d/LICNMID100-EQ.svg,https://nsearchives.nseindia.com/365d/LICNMID100-EQ.svg,EQ
MON50EQUAL,Nifty 50 Equal Weight Total Return Index,34,34.08,33.4,33.52,-0.11,-0.33,3363,113265.84,33.4622,36,29.43,-,-,5.27638190954775,1.422087745839655,33.63,0,5.62,0.78,18-Aug-2025,17-Jul-2026,-,1.422087745839655,-,5.27638190954775,6.88888888888888,-13.897383622154276,https://nsearchives.nseindia.com/today/MON50EQUALEQN.svg,https://nsearchives.nseindia.com/30d/MON50EQUAL-EQ.svg,https://nsearchives.nseindia.com/365d/MON50EQUAL-EQ.svg,EQ
VALUE,Nifty 500 Value 50,16.16,16.16,16.02,16.05,-0.07,-0.43,7033,112809.32,16.1176,19.69,14.83,-,-,Infinity,-0.9259259259259172,16.12,0,0,0.69,,17-Jul-2026,-,-0.9259259259259172,-,Infinity,18.486541391569325,-8.226567768037764,https://nsearchives.nseindia.com/today/VALUEEQN.svg,https://nsearchives.nseindia.com/30d/VALUE-EQ.svg,,EQ
LICNFNHGP,Nifty 100,278.14,278.14,275.64,278,0.14,0.05,355,98200.1,277.9265,296.41,248.02,-,-,2.0370710222059136,0.10082097076190864,277.86,0,1.99,0.5,18-Aug-2025,17-Jul-2026,-,0.10082097076190864,-,2.0370710222059136,6.210991531999603,-12.087734860091924,https://nsearchives.nseindia.com/today/LICNFNHGPEQN.svg,https://nsearchives.nseindia.com/30d/LICNFNHGP-EQ.svg,https://nsearchives.nseindia.com/365d/LICNFNHGP-EQ.svg,EQ
MOIPO,BSE Select IPO Total Return Index,48.5,48.5,48.16,48.46,-0.04,-0.08,1993,96281.83,48.2952,53,36.5,-,-,Infinity,4.013736853402012,48.5,0,0,3.9,,17-Jul-2026,-,4.013736853402012,-,Infinity,8.566037735849054,-32.76712328767123,https://nsearchives.nseindia.com/today/MOIPOEQN.svg,https://nsearchives.nseindia.com/30d/MOIPO-EQ.svg,,EQ
MSCIINDIA,MSCI India Index,30.06,30.06,29.9,30,-0.16,-0.53,3112,93391.12,30.1,32.14,26.5,-,-,1.3856032443393043,0.30090270812437264,30.16,0,1.93,0.8,18-Aug-2025,17-Jul-2026,-,0.30090270812437264,-,1.3856032443393043,6.658369632856256,-13.20754716981132,https://nsearchives.nseindia.com/today/MSCIINDIAEQN.svg,https://nsearchives.nseindia.com/30d/MSCIINDIA-EQ.svg,https://nsearchives.nseindia.com/365d/MSCIINDIA-EQ.svg,EQ
ELMDIV,Index (BSE LargeMid (60:40) Stable Dividend 50),36.7,37.17,36.45,36.45,-0.27,-0.74,2545,93197.9,36.6944,38.67,36.13,-,-,Infinity,Infinity,36.72,0,0,0,,,-,Infinity,-,Infinity,5.740884406516677,-0.8856905618599509,https://nsearchives.nseindia.com/today/ELMDIVEQN.svg,,,EQ
GROWWPSUBK,Nifty PSU Bank Index - TRI,86,87,85.87,87,0.01,0.01,1076,92923.36,86.4636,91.19,77.57,-,-,Infinity,0.6129293396553731,86.99,0,0,3.77,,17-Jul-2026,-,0.6129293396553731,-,Infinity,4.594802061629562,-12.156761634652582,https://nsearchives.nseindia.com/today/GROWWPSUBKEQN.svg,https://nsearchives.nseindia.com/30d/GROWWPSUBK-EQ.svg,,EQ
NPBET,Nifty Private Bank Index,282.18,282.81,281.41,282.81,-2.23,-0.78,298,84053.88,282.7748,307,246.26,-,-,1.4164813885103595,-2.15879605604567,285.04,0,2.22,-3.27,18-Aug-2025,17-Jul-2026,-,-2.15879605604567,-,1.4164813885103595,7.879478827361564,-14.842036871599127,https://nsearchives.nseindia.com/today/NPBETEQN.svg,https://nsearchives.nseindia.com/30d/NPBET-EQ.svg,https://nsearchives.nseindia.com/365d/NPBET-EQ.svg,EQ
MSCI360,MSCI India Index,10.22,10.4,10.1,10.4,0.05,0.48,7857,79748.55,10.1825,11.6,9.6,-,-,Infinity,2.6653504442250697,10.35,0,0,2.07,,17-Jul-2026,-,2.6653504442250697,-,Infinity,10.344827586206891,-8.333333333333341,https://nsearchives.nseindia.com/today/MSCI360EQN.svg,https://nsearchives.nseindia.com/30d/MSCI360-EQ.svg,,EQ
LOWVOL,Mirae Asset Nifty 100 Low Volatility 30 ETF,208,208.03,207.35,207.71,-0.79,-0.38,381,79114.65,207.9956,219.1,183.58,-,-,0.3817900637927801,0.2945436986962886,208.5,0,0.76,1.15,18-Aug-2025,17-Jul-2026,-,0.2945436986962886,-,0.3817900637927801,5.198539479689633,-13.14413334785924,https://nsearchives.nseindia.com/today/LOWVOLEQN.svg,https://nsearchives.nseindia.com/30d/LOWVOL-EQ.svg,https://nsearchives.nseindia.com/365d/LOWVOL-EQ.svg,EQ
SETF10GILT,Nifty 10 yr Benchmark G-Sec Index,267,267,264.52,265.4,0.01,0.00,284,75458.8,265.5232,272.31,250.37,-,-,3.1520851956935583,0.633223372388412,265.39,0,3.15,0.02,18-Aug-2025,17-Jul-2026,-,0.633223372388412,-,3.1520851956935583,2.5375491168154034,-6.003115389223938,https://nsearchives.nseindia.com/today/SETF10GILTEQN.svg,https://nsearchives.nseindia.com/30d/SETF10GILT-EQ.svg,https://nsearchives.nseindia.com/365d/SETF10GILT-EQ.svg,EQ
LICNETFSEN,SENSEX,872.14,873.98,872,873.98,-5.22,-0.59,82,71508.1,873.1397,974.02,803,-,-,-3.6405733186328537,-0.7190648748736158,879.2,0,-3.07,-0.09,18-Aug-2025,17-Jul-2026,-,-0.7190648748736158,-,-3.6405733186328537,10.27083632779614,-8.839352428393527,https://nsearchives.nseindia.com/today/LICNETFSENEQN.svg,https://nsearchives.nseindia.com/30d/LICNETFSEN-EQ.svg,https://nsearchives.nseindia.com/365d/LICNETFSEN-EQ.svg,EQ
SMALLGROWW,Nifty Smallcap 250 Momentum Quality 100 Index TRI,49.35,49.35,48.5,48.79,-0.07,-0.14,1457,70883.05,48.9044,49.8,45,-,-,Infinity,2.4784709094727995,48.86,0,0,3.94,,17-Jul-2026,-,2.4784709094727995,-,Infinity,2.0281124497991927,-8.422222222222219,https://nsearchives.nseindia.com/today/SMALLGROWWEQN.svg,https://nsearchives.nseindia.com/30d/SMALLGROWW-EQ.svg,,EQ
MIDBANKADD,BSE MidSmall Private Banks Index,17.35,17.47,17.35,17.47,0.12,0.69,3919,68190.6,17.3709,17.83,17.23,-,-,Infinity,Infinity,17.35,0,0,0,,,-,Infinity,-,Infinity,2.01906898485698,-1.3929193267556497,https://nsearchives.nseindia.com/today/MIDBANKADDEQN.svg,,,EQ
LICNETFN50,Nifty 50,271.06,271.47,269.65,271,-0.06,-0.02,251,68098.81,271.1883,295,248.17,-,-,-2.02458423716559,-0.5322077445402784,271.06,0,-2,-0.71,18-Aug-2025,17-Jul-2026,-,-0.5322077445402784,-,-2.02458423716559,8.135593220338983,-9.199339162670755,https://nsearchives.nseindia.com/today/LICNETFN50EQN.svg,https://nsearchives.nseindia.com/30d/LICNETFN50-EQ.svg,https://nsearchives.nseindia.com/365d/LICNETFN50-EQ.svg,EQ
IVZINNIFTY,Nifty 50,277.38,277.38,276.07,276.07,-1.52,-0.55,244,67409.88,277.2524,315,251.1,31-JUL-26,FACE VALUE SPLIT (SUB-DIVISION) - FROM RS 10/- PER SHARE TO RE 1/- PER SHARE,-90.22124144575581,-90.05994923218175,277.59,0,-90.17,-90.02,18-Aug-2025,17-Jul-2026,FACE VALUE SPLIT (SUB-DIVISION) - FROM RS 10/- PER SHARE TO RE 1/- PER SHARE,-90.05994923218175,31-JUL-26,-90.22124144575581,12.358730158730161,-9.944245320589406,https://nsearchives.nseindia.com/today/IVZINNIFTYEQN.svg,https://nsearchives.nseindia.com/30d/IVZINNIFTY-EQ.svg,https://nsearchives.nseindia.com/365d/IVZINNIFTY-EQ.svg,EQ
GSEC10YEAR,Mirae Asset Nifty 8-13 yr G-Sec ETF,30.79,30.79,30.37,30.64,0.15,0.49,2188,66887.16,30.5109,31.33,28.39,-,-,4.967454607742376,0.955518945634264,30.49,0,4.45,0.26,18-Aug-2025,17-Jul-2026,-,0.955518945634264,-,4.967454607742376,2.202361953399291,-7.925325818950334,https://nsearchives.nseindia.com/today/GSEC10YEAREQN.svg,https://nsearchives.nseindia.com/30d/GSEC10YEAR-EQ.svg,https://nsearchives.nseindia.com/365d/GSEC10YEAR-EQ.svg,EQ
ESENSEX,BSE Sensex TRI,78.09,78.09,77.5,77.68,-1.72,-2.17,856,66476.96,77.8109,88.05,71.87,-,-,Infinity,-0.3463758819756203,79.4,0,0,1.31,,17-Jul-2026,-,-0.3463758819756203,-,Infinity,11.77739920499715,-8.084040628913318,https://nsearchives.nseindia.com/today/ESENSEXEQN.svg,https://nsearchives.nseindia.com/30d/ESENSEX-EQ.svg,,EQ
ITBETA,UTI Nifty IT ETF,320,325,318,325,4.01,1.25,206,65963.26,317.9837,409.94,270.68,-,-,Infinity,4.879308119271978,320.99,0,0,4.46,,17-Jul-2026,-,4.879308119271978,-,Infinity,20.72010538127531,-20.067976946948423,https://nsearchives.nseindia.com/today/ITBETAEQN.svg,https://nsearchives.nseindia.com/30d/ITBETA-EQ.svg,,EQ
HEALTHADD,DSP Nifty Healthcare ETF,16.62,16.67,16.53,16.62,0.02,0.12,3784,62738.72,16.6294,17.47,13.54,03-JUL-26,FACE VALUE SPLIT (SUB-DIVISION) - FROM RS 10/- PER UNIT TO RE 1/- PER UNIT,-88.75507442489851,0,16.6,0,-88.77,1.03,18-Aug-2025,17-Jul-2026,FACE VALUE SPLIT (SUB-DIVISION) - FROM RS 10/- PER UNIT TO RE 1/- PER UNIT,0,03-JUL-26,-88.75507442489851,4.865483686319393,-22.747415066469735,https://nsearchives.nseindia.com/today/HEALTHADDEQN.svg,https://nsearchives.nseindia.com/30d/HEALTHADD-EQ.svg,https://nsearchives.nseindia.com/365d/HEALTHADD-EQ.svg,EQ
MOOILGAS,Nifty Oil & Gas ETF Total Return Index,11.3,11.3,11.1,11.1,-0.18,-1.60,5515,61933.45,11.2392,11.7,11.1,-,-,Infinity,Infinity,11.28,0,0,0,,,-,Infinity,-,Infinity,5.128205128205125,0,https://nsearchives.nseindia.com/today/MOOILGASEQN.svg,,,EQ
GSEC5IETF,Nifty 5 yr Benchmark G-Sec Index,67.02,67.02,66.16,66.82,0.67,1.01,901,60024.62,66.3594,69.14,62,-,-,6.673052362707523,0.4963152353737379,66.15,0,5.6,-0.56,18-Aug-2025,17-Jul-2026,-,0.4963152353737379,-,6.673052362707523,3.355510558287543,-7.774193548387085,https://nsearchives.nseindia.com/today/GSEC5IETFEQN.svg,https://nsearchives.nseindia.com/30d/GSEC5IETF-EQ.svg,https://nsearchives.nseindia.com/365d/GSEC5IETF-EQ.svg,EQ
EBANKNIFTY,Edelweiss Nifty Bank ETF,57.79,57.94,57.57,57.93,-0.13,-0.22,1002,57775.32,57.8257,69.39,50.05,-,-,3.464904447222714,-0.8047945205479433,58.06,0,3.7,-1.34,18-Aug-2025,17-Jul-2026,-,-0.8047945205479433,-,3.464904447222714,16.51534803285776,-15.74425574425575,https://nsearchives.nseindia.com/today/EBANKNIFTYEQN.svg,https://nsearchives.nseindia.com/30d/EBANKNIFTY-EQ.svg,https://nsearchives.nseindia.com/365d/EBANKNIFTY-EQ.svg,EQ
MOBANK10,BSE Top 10 Banks Total Return Index,16.77,16.88,16.75,16.88,-0.02,-0.12,3333,55961.07,16.8412,20,15.75,-,-,Infinity,-2.596653202538946,16.9,0,0,-4.36,,17-Jul-2026,-,-2.596653202538946,-,Infinity,15.600000000000005,-7.174603174603169,https://nsearchives.nseindia.com/today/MOBANK10EQN.svg,https://nsearchives.nseindia.com/30d/MOBANK10-EQ.svg,,EQ
EBANK10,Index (BSE Top 10 Bank),16.74,17.5,16.6,17,0.02,0.12,3046,50929.12,16.7116,17.75,16.6,-,-,Infinity,Infinity,16.98,0,0,0,,,-,Infinity,-,Infinity,4.225352112676056,-2.409638554216859,https://nsearchives.nseindia.com/today/EBANK10EQN.svg,,,EQ
EMETAL,Nifty Metal Total Return Index,13.24,13.24,12.95,12.98,-0.08,-0.61,3783,49065.51,13.0125,15.21,12.41,-,-,Infinity,Infinity,13.06,0,0,0,,,-,Infinity,-,Infinity,14.66140696909928,-4.593070104754233,https://nsearchives.nseindia.com/today/EMETALEQN.svg,,,EQ
PVTBANK,Index,27.49,27.49,27.23,27.28,-0.22,-0.80,1735,47330.8,27.337,28.33,27.01,-,-,Infinity,Infinity,27.5,0,0,0,,,-,Infinity,-,Infinity,3.706318390398861,-0.9996297667530528,https://nsearchives.nseindia.com/today/PVTBANKEQN.svg,,,EQ
QUALITY30,Nifty200 Quality 30 Index,21,21,20.84,20.84,-0.17,-0.81,1710,35721.9,20.941,23.18,18.09,-,-,2.4078624078624,1.5594541910331399,21.01,0,3.24,2.69,18-Aug-2025,17-Jul-2026,-,1.5594541910331399,-,2.4078624078624,10.09490940465919,-15.201768933112216,https://nsearchives.nseindia.com/today/QUALITY30EQN.svg,https://nsearchives.nseindia.com/30d/QUALITY30-EQ.svg,https://nsearchives.nseindia.com/365d/QUALITY30-EQ.svg,EQ
GROWWLOVOL,Nifty 500 Low Volatility 50 Index   TRI,10.57,10.57,10.36,10.45,-0.03,-0.29,3119,32562.36,10.4687,11.1,9.39,-,-,2.955665024630531,0.09578544061302478,10.48,0,3.25,1.45,18-Aug-2025,17-Jul-2026,-,0.09578544061302478,-,2.955665024630531,5.855855855855858,-11.288604898828527,https://nsearchives.nseindia.com/today/GROWWLOVOLEQN.svg,https://nsearchives.nseindia.com/30d/GROWWLOVOL-EQ.svg,https://nsearchives.nseindia.com/365d/GROWWLOVOL-EQ.svg,EQ
CONSUMAXIS,NIFTY India Consumption Index,123.78,125.91,123.73,125.91,2.11,1.70,252,31212.72,123.773,131.85,105.63,-,-,Infinity,4.290565725171866,123.8,0,0,2.5,,17-Jul-2026,-,4.290565725171866,-,Infinity,4.505119453924913,-19.199091167282024,https://nsearchives.nseindia.com/today/CONSUMAXISEQN.svg,https://nsearchives.nseindia.com/30d/CONSUMAXIS-EQ.svg,,EQ
MOQUALITY,Motilal Oswal S&P BSE Quality ETF,201.58,205,201.49,203.08,0.59,0.29,145,29359.6,202.8933,225.6,176.15,-,-,6.598078841005734,0.6841844323252474,202.49,0,6.29,0.93,18-Aug-2025,17-Jul-2026,-,0.6841844323252474,-,6.598078841005734,9.98226950354609,-15.288106727221123,https://nsearchives.nseindia.com/today/MOQUALITYEQN.svg,https://nsearchives.nseindia.com/30d/MOQUALITY-EQ.svg,https://nsearchives.nseindia.com/365d/MOQUALITY-EQ.svg,EQ
BANK10BETF,Index,20.79,20.79,20.62,20.63,-0.16,-0.77,1282,26460.48,20.7206,24.9,20.17,-,-,Infinity,Infinity,20.79,0,0,0,,,-,Infinity,-,Infinity,17.14859437751004,-2.280614774417438,https://nsearchives.nseindia.com/today/BANK10BETFEQN.svg,,,EQ
ABSLMSCIN,MSCI India Index,29.72,29.72,29.57,29.62,-0.14,-0.47,845,25003.55,29.7676,35.34,26.34,-,-,Infinity,0.03377237419791139,29.76,0,0,0.95,,17-Jul-2026,-,0.03377237419791139,-,Infinity,16.185625353706854,-12.452543659832958,https://nsearchives.nseindia.com/today/ABSLMSCINEQN.svg,https://nsearchives.nseindia.com/30d/ABSLMSCIN-EQ.svg,,EQ
MSCIADD,MSCI India Index,29.68,29.72,29.62,29.7,-0.12,-0.40,628,18639.04,29.7958,33.82,26.4,-,-,Infinity,0.06738544474393388,29.82,0,0,0.85,,17-Jul-2026,-,0.06738544474393388,-,Infinity,12.182140745121233,-12.500000000000004,https://nsearchives.nseindia.com/today/MSCIADDEQN.svg,https://nsearchives.nseindia.com/30d/MSCIADD-EQ.svg,,EQ
ENIFTY,Nifty 50 TRI,24.38,24.38,24.19,24.25,-0.19,-0.78,700,16982,24.3555,27.99,22.28,-,-,Infinity,-0.49240869922035696,24.44,0,0,-0.04,,17-Jul-2026,-,-0.49240869922035696,-,Infinity,13.361914969632005,-8.842010771992813,https://nsearchives.nseindia.com/today/ENIFTYEQN.svg,https://nsearchives.nseindia.com/30d/ENIFTY-EQ.svg,,EQ
BBNPNBETF,Baroda BNP Paribas NIFTY Bank ETF,57.8,57.8,57.4,57.4,-0.38,-0.66,278,16021.14,57.7877,62.77,50.03,-,-,2.573266619013577,-1.7291559664440987,57.78,0,3.25,-2.07,18-Aug-2025,17-Jul-2026,-,-1.7291559664440987,-,2.573266619013577,8.555042217619889,-14.731161303218064,https://nsearchives.nseindia.com/today/BBNPNBETFEQN.svg,https://nsearchives.nseindia.com/30d/BBNPNBETF-EQ.svg,https://nsearchives.nseindia.com/365d/BBNPNBETF-EQ.svg,EQ
LIQUIDBETA,Nifty 1D Rate Index,1004.76,1004.76,1004.76,1004.76,0.13,0.01,14,14066.64,1004.6337,1004.76,997.13,-,-,Infinity,Infinity,1004.63,0,0,0,,,-,Infinity,-,Infinity,0,-0.7651961128438615,https://nsearchives.nseindia.com/today/LIQUIDBETAEQN.svg,,,EQ
MOMETAL,Nifty Metal Index,12.98,13.03,12.92,13.01,-0.05,-0.38,897,11643.06,13.023,13.41,12.85,-,-,Infinity,Infinity,13.06,0,0,0,,,-,Infinity,-,Infinity,2.9828486204325158,-1.2451361867704291,https://nsearchives.nseindia.com/today/MOMETALEQN.svg,,,EQ
GILT5BETA,UTI Nifty 5 yr Benchmark G-Sec ETF,67.06,67.06,65.77,65.85,-0.55,-0.83,42,2788.38,66.4201,67.62,61.51,-,-,Infinity,-1.1409698243507058,66.4,0,0,2.15,,17-Jul-2026,-,-1.1409698243507058,-,Infinity,2.6175687666371044,-7.0557632905218615,https://nsearchives.nseindia.com/today/GILT5BETAEQN.svg,https://nsearchives.nseindia.com/30d/GILT5BETA-EQ.svg,,EQ
ABGSEC,Aditya Birla Sun Life CRISIL Broad Based Gilt ETF,115.22,115.22,114.55,114.55,-0.75,-0.65,11,1262.03,114.8819,116.23,108.18,-,-,4.383087297248043,-0.19168772327263123,115.3,0,5.07,0.45,18-Aug-2025,17-Jul-2026,-,-0.19168772327263123,-,4.383087297248043,1.4454099630043937,-5.888334257718609,https://nsearchives.nseindia.com/today/ABGSECEQN.svg,https://nsearchives.nseindia.com/30d/ABGSEC-EQ.svg,https://nsearchives.nseindia.com/365d/ABGSEC-EQ.svg,EQ
GILT10BETA,UTI Nifty 10 yr Benchmark G-Sec ETF,26.94,26.94,26.61,26.8,-0.04,-0.15,27,724.41,26.6772,27.14,25.1,-,-,Infinity,-0.0372995151062962,26.84,0,0,1.51,,17-Jul-2026,-,-0.0372995151062962,-,Infinity,1.252763448784082,-6.772908366533862,https://nsearchives.nseindia.com/today/GILT10BETAEQN.svg,https://nsearchives.nseindia.com/30d/GILT10BETA-EQ.svg,,EQ
GSEC10ABSL,CRISIL 10 Year Gilt ETF,0,0,0,113.27,0,0.00,0,0,112.9172,115,107.65,-,-,3.44292237442922,1.1339285714285678,113.27,0,3.44,-0.1,18-Aug-2025,17-Jul-2026,-,1.1339285714285678,-,3.44292237442922,1.50434782608696,-5.220622387366457,https://nsearchives.nseindia.com/today/GSEC10ABSLEQN.svg,https://nsearchives.nseindia.com/30d/GSEC10ABSL-EQ.svg,https://nsearchives.nseindia.com/365d/GSEC10ABSL-EQ.svg,EQ
