symbol,assets,open,high,low,ltP,chn,per,qty,trdVal,nav,wkhi,wklo,xDt,cAct,yPC,mPC,prevClose,stockIndClosePrice,perChange365d,perChange30d,date365dAgo,date30dAgo,CAct,MPC,XDt,YPC,nearWKH,nearWKL,chartTodayPath,chart30dPath,chart365dPath,series
LIQUIDBEES,Government Securities,999.99,1000.01,999.99,1000,0.01,0.00,6636668,6636668000,1000,1029.99,969.99,19-SEP-17, EXIT OPTION PURSUANT TO CHANGE IN FUNDAMENTAL ATTRIBUTES OF ETF  ,0,0.0010000100000990915,999.99,0,0,0,19-Sep-2025,21-Aug-2026, EXIT OPTION PURSUANT TO CHANGE IN FUNDAMENTAL ATTRIBUTES OF ETF  ,0.0010000100000990915,19-SEP-17,0,2.9116787541626628,-3.093846328312662,https://nsearchives.nseindia.com/today/LIQUIDBEESEQN.svg,https://nsearchives.nseindia.com/30d/LIQUIDBEES-EQ.svg,https://nsearchives.nseindia.com/365d/LIQUIDBEES-EQ.svg,EQ
SILVERBEES,Domestic price of Silver- based on LBMA Silver daily spot fixing price,223.99,223.99,221.26,222.25,-1.82,-0.81,14139354,3142612820.04,224.5292,360,121.01,-,-,80.63231469440832,2.689091161114445,224.07,0,81.21,-3.8,19-Sep-2025,21-Aug-2026,-,2.689091161114445,-,80.63231469440832,38.263888888888886,-83.66250723080736,https://nsearchives.nseindia.com/today/SILVERBEESEQN.svg,https://nsearchives.nseindia.com/30d/SILVERBEES-EQ.svg,https://nsearchives.nseindia.com/365d/SILVERBEES-EQ.svg,EQ
GOLDBEES,Gold,126.64,126.64,125.41,125.65,-0.83,-0.66,19462259,2446989824.07,125.9279,148.14,90.45,19-DEC-19, FACE VALUE SPLIT (SUB-DIVISION) - FROM RS 100/- TO RS 1/-,37.17248908296944,-0.06362841008510164,126.48,0,38.55,-3.69,19-Sep-2025,21-Aug-2026, FACE VALUE SPLIT (SUB-DIVISION) - FROM RS 100/- TO RS 1/-,-0.06362841008510164,19-DEC-19,37.17248908296944,15.181584987174285,-38.916528468767275,https://nsearchives.nseindia.com/today/GOLDBEESEQN.svg,https://nsearchives.nseindia.com/30d/GOLDBEES-EQ.svg,https://nsearchives.nseindia.com/365d/GOLDBEES-EQ.svg,EQ
LIQUIDCASE,Zerodha Nifty 1D Rate Liquid ETF,116.02,116.02,116,116.02,0.02,0.02,17997111,2087844847.11,115.9955,116.02,107.56,-,-,5.023988413143838,0.42413226001903825,116,0,4.95,0.35,19-Sep-2025,21-Aug-2026,-,0.42413226001903825,-,5.023988413143838,0,-7.8653774637411615,https://nsearchives.nseindia.com/today/LIQUIDCASEEQN.svg,https://nsearchives.nseindia.com/30d/LIQUIDCASE-EQ.svg,https://nsearchives.nseindia.com/365d/LIQUIDCASE-EQ.svg,EQ
MONQ50,Nasdaq Q-50 Total Return Index,386.39,471.99,317.04,317.04,-79.26,-20.00,4302943,1589937438.5,118.1381,471.99,88.01,-,-,255.62535053280985,109.06033630069238,396.3,0,342.89,166.38,19-Sep-2025,21-Aug-2026,-,109.06033630069238,-,255.62535053280985,32.829085361978,-260.2317918418362,https://nsearchives.nseindia.com/today/MONQ50EQN.svg,https://nsearchives.nseindia.com/30d/MONQ50-EQ.svg,https://nsearchives.nseindia.com/365d/MONQ50-EQ.svg,EQ
NIFTYBEES,Nifty 50,267.8,267.98,265.62,267.85,1.32,0.50,4153608,1110176346.24,266.2906,302.25,251.7,19-DEC-19, FACE VALUE SPLIT (SUB-DIVISION) - FROM RS 10/- TO RS 1/-,-6.574816881757924,-2.4652246740951065,266.53,0,-6.78,-3.7,19-Sep-2025,21-Aug-2026, FACE VALUE SPLIT (SUB-DIVISION) - FROM RS 10/- TO RS 1/-,-2.4652246740951065,19-DEC-19,-6.574816881757924,11.381306865177825,-6.416368692888373,https://nsearchives.nseindia.com/today/NIFTYBEESEQN.svg,https://nsearchives.nseindia.com/30d/NIFTYBEES-EQ.svg,https://nsearchives.nseindia.com/365d/NIFTYBEES-EQ.svg,EQ
MASPTOP50,S&P 500 Top 50 Total Return Index,129.8,148.9,106,114.4,-10.08,-8.10,8891022,1073679816.72,67.8643,148.9,65,-,-,69.28085232317255,41.53160955090933,124.48,0,85.24,54.77,19-Sep-2025,21-Aug-2026,-,41.53160955090933,-,69.28085232317255,23.169912693082605,-76.00000000000001,https://nsearchives.nseindia.com/today/MASPTOP50EQN.svg,https://nsearchives.nseindia.com/30d/MASPTOP50-EQ.svg,https://nsearchives.nseindia.com/365d/MASPTOP50-EQ.svg,EQ
LIQUID1,Kotak Nifty 1D Rate Liquid ETF,1123.38,1123.53,1123.3,1123.52,0.14,0.01,944633,1061314068.16,1123.371,1136.66,1067.35,-,-,5.093211857034624,0.42098300873249583,1123.38,0,5.03,0.35,19-Sep-2025,21-Aug-2026,-,0.42098300873249583,-,5.093211857034624,1.1560185103725036,-5.262566168548281,https://nsearchives.nseindia.com/today/LIQUID1EQN.svg,https://nsearchives.nseindia.com/30d/LIQUID1-EQ.svg,https://nsearchives.nseindia.com/365d/LIQUID1-EQ.svg,EQ
GOLDIETF,Gold,131.16,131.2,129.91,130.18,-0.98,-0.75,6363757,829133899.53,130.4544,158,93.7,-,-,37.75661375661377,0,131.16,0,39.1,-3.55,19-Sep-2025,21-Aug-2026,-,0,-,37.75661375661377,17.607594936708853,-38.932764140875136,https://nsearchives.nseindia.com/today/GOLDIETFEQN.svg,https://nsearchives.nseindia.com/30d/GOLDIETF-EQ.svg,https://nsearchives.nseindia.com/365d/GOLDIETF-EQ.svg,EQ
TATSILV,Tata Silver Exchange Traded Fund,22.74,22.74,22.47,22.55,-0.19,-0.84,33649809,758803192.95,22.7924,35.1,12.22,-,-,81.12449799196789,2.686703096539161,22.74,0,81.34,-3.73,19-Sep-2025,21-Aug-2026,-,2.686703096539161,-,81.12449799196789,35.75498575498575,-84.53355155482815,https://nsearchives.nseindia.com/today/TATSILVEQN.svg,https://nsearchives.nseindia.com/30d/TATSILV-EQ.svg,https://nsearchives.nseindia.com/365d/TATSILV-EQ.svg,EQ
SETFGOLD,Gold,130.52,130.52,129.35,129.58,-0.94,-0.72,5447109,706163210.76,129.8797,153.95,93.48,06-JAN-22,FACE VALUE SPLIT (SUB-DIVISION) - FROM RS 100/- PER SHARE TO RS 1/- PER SHARE,37.237873331921215,-0.12332357021735516,130.52,0,38.73,-3.77,19-Sep-2025,21-Aug-2026,FACE VALUE SPLIT (SUB-DIVISION) - FROM RS 100/- PER SHARE TO RS 1/- PER SHARE,-0.12332357021735516,06-JAN-22,37.237873331921215,15.82981487495939,-38.617886178861795,https://nsearchives.nseindia.com/today/SETFGOLDEQN.svg,https://nsearchives.nseindia.com/30d/SETFGOLD-EQ.svg,https://nsearchives.nseindia.com/365d/SETFGOLD-EQ.svg,EQ
HDFCSILVER,HDFC Silver ETF,223.95,223.95,221.19,222.1,-1.85,-0.83,2869389,637492154.13,224.3872,359,121.25,-,-,79.88175265246619,2.6292685180906603,223.95,0,80.33,-3.75,19-Sep-2025,21-Aug-2026,-,2.6292685180906603,-,79.88175265246619,38.13370473537604,-83.17525773195877,https://nsearchives.nseindia.com/today/HDFCSILVEREQN.svg,https://nsearchives.nseindia.com/30d/HDFCSILVER-EQ.svg,https://nsearchives.nseindia.com/365d/HDFCSILVER-EQ.svg,EQ
SILVERIETF,Domestic Price of Silver,233.64,233.64,231.28,232.25,-1.64,-0.70,2637498,612110535.84,234.4616,373.5,125.61,-,-,81.45948902257989,2.6746242263483695,233.89,0,81.75,-3.7,19-Sep-2025,21-Aug-2026,-,2.6746242263483695,-,81.45948902257989,37.81793842034806,-84.89769922776848,https://nsearchives.nseindia.com/today/SILVERIETFEQN.svg,https://nsearchives.nseindia.com/30d/SILVERIETF-EQ.svg,https://nsearchives.nseindia.com/365d/SILVERIETF-EQ.svg,EQ
MON100,Nasdaq100,338.58,340.79,327.51,330.95,0.62,0.19,1631814,545466465.78,277.8183,354.9,210.01,17-JUN-21, FACE VALUE SPLIT (SUB-DIVISION) - FROM RS 10/- PER SHARE TO RE 1/- PER SHARE,55.06254978212996,-1.6142457934478884,330.33,0,54.42,-0.05,19-Sep-2025,21-Aug-2026, FACE VALUE SPLIT (SUB-DIVISION) - FROM RS 10/- PER SHARE TO RE 1/- PER SHARE,-1.6142457934478884,17-JUN-21,55.06254978212996,6.7483798253029,-57.58773391743251,https://nsearchives.nseindia.com/today/MON100EQN.svg,https://nsearchives.nseindia.com/30d/MON100-EQ.svg,https://nsearchives.nseindia.com/365d/MON100-EQ.svg,EQ
LIQUIDADD,DSP S&P BSE Liquid Rate ETF,1145.61,1145.64,1145.61,1145.63,0.16,0.01,463275,530741738.25,1145.4748,1151.22,1089.65,-,-,4.983276059564729,0.4128247379307959,1145.47,0,4.92,0.35,19-Sep-2025,21-Aug-2026,-,0.4128247379307959,-,4.983276059564729,0.4855718281475233,-5.137429449823339,https://nsearchives.nseindia.com/today/LIQUIDADDEQN.svg,https://nsearchives.nseindia.com/30d/LIQUIDADD-EQ.svg,https://nsearchives.nseindia.com/365d/LIQUIDADD-EQ.svg,EQ
LIQUIDIETF,S&P BSE Liquid Rate Index,1000.01,1000.01,999.99,1000,0.01,0.00,523089,523083769.11,1000,1041.19,955,-,-,0.0010000100000990915,0.0010000100000990915,999.99,0,0,0,19-Sep-2025,21-Aug-2026,-,0.0010000100000990915,-,0.0010000100000990915,3.956050288612074,-4.712041884816754,https://nsearchives.nseindia.com/today/LIQUIDIETFEQN.svg,https://nsearchives.nseindia.com/30d/LIQUIDIETF-EQ.svg,https://nsearchives.nseindia.com/365d/LIQUIDIETF-EQ.svg,EQ
TATAGOLD,Tata Gold Exchange Traded Fund,14.85,14.86,14.75,14.77,-0.08,-0.54,34757654,513718126.12,14.8034,17.7,10.33,-,-,37.3953488372093,0,14.85,0,38.66,-3.63,19-Sep-2025,21-Aug-2026,-,0,-,37.3953488372093,16.55367231638418,-42.98160696999032,https://nsearchives.nseindia.com/today/TATAGOLDEQN.svg,https://nsearchives.nseindia.com/30d/TATAGOLD-EQ.svg,https://nsearchives.nseindia.com/365d/TATAGOLD-EQ.svg,EQ
LIQGRWBEES,Liquid,1056.3,1056.32,1056.3,1056.32,0.14,0.01,425677,449646871.87,1056.178,1063.44,995.55,-,-,4.768705863683243,0.39156053982131633,1056.18,0,4.71,0.33,19-Sep-2025,21-Aug-2026,-,0.39156053982131633,-,4.768705863683243,0.6695253140750882,-6.1041635276982555,https://nsearchives.nseindia.com/today/LIQGRWBEESEQN.svg,https://nsearchives.nseindia.com/30d/LIQGRWBEES-EQ.svg,https://nsearchives.nseindia.com/365d/LIQGRWBEES-EQ.svg,EQ
HDFCGOLD,Gold,130.6,130.63,129.65,130,-0.64,-0.49,3260630,423555837,130.1465,152.3,93.55,17-FEB-21, FACE VALUE SPLIT (SUB-DIVISION) - FROM RS 100/- PER UNIT TO RE 1/- PER UNIT,37.43524685484723,-0.05381717536710478,130.64,0,38.7,-3.67,19-Sep-2025,21-Aug-2026, FACE VALUE SPLIT (SUB-DIVISION) - FROM RS 100/- PER UNIT TO RE 1/- PER UNIT,-0.05381717536710478,17-FEB-21,37.43524685484723,14.642153644123445,-38.96312132549439,https://nsearchives.nseindia.com/today/HDFCGOLDEQN.svg,https://nsearchives.nseindia.com/30d/HDFCGOLD-EQ.svg,https://nsearchives.nseindia.com/365d/HDFCGOLD-EQ.svg,EQ
MAFANG,NYSE FANG+ Total Return Index,253.8,254.95,231.9,242.78,-5.29,-2.13,1641244,402301729.28,176.5371,258.47,149.74,-,-,44.031798766018035,17.013688066319652,248.07,0,48.49,19.97,19-Sep-2025,21-Aug-2026,-,17.013688066319652,-,44.031798766018035,6.070336983015447,-62.134366234807,https://nsearchives.nseindia.com/today/MAFANGEQN.svg,https://nsearchives.nseindia.com/30d/MAFANG-EQ.svg,https://nsearchives.nseindia.com/365d/MAFANG-EQ.svg,EQ
SETFNIF50,Nifty 50,245.65,253.09,245.65,252.83,0.88,0.35,1556822,393331078.3,251.6566,287.33,237.9,24-MAR-21, DIVIDEND - RS 1.30 PER SHARE,-6.687580734452843,-2.5740819236252857,251.95,0,-6.83,-3.67,19-Sep-2025,21-Aug-2026, DIVIDEND - RS 1.30 PER SHARE,-2.5740819236252857,24-MAR-21,-6.687580734452843,12.007099850346282,-6.275746111811689,https://nsearchives.nseindia.com/today/SETFNIF50EQN.svg,https://nsearchives.nseindia.com/30d/SETFNIF50-EQ.svg,https://nsearchives.nseindia.com/365d/SETFNIF50-EQ.svg,EQ
SBILIQETF,Nifty 1D Rate Index,1056.78,1056.78,1056.76,1056.78,0.16,0.02,354886,375029329.36,1056.625,1087.09,999,-,-,5.042492917847028,0.4161915621436603,1056.62,0,4.98,0.35,19-Sep-2025,21-Aug-2026,-,0.4161915621436603,-,5.042492917847028,2.7881776117892674,-5.783783783783781,https://nsearchives.nseindia.com/today/SBILIQETFEQN.svg,https://nsearchives.nseindia.com/30d/SBILIQETF-EQ.svg,https://nsearchives.nseindia.com/365d/SBILIQETF-EQ.svg,EQ
HDFCBSE500,HDFC S&P BSE 500 ETF,37.65,37.65,36.56,36.97,0.06,0.16,8114475,298937259,36.6156,40,32.65,-,-,-1.3870365430781624,-1.9623442057809652,36.91,0,-1.23,-2.59,19-Sep-2025,21-Aug-2026,-,-1.9623442057809652,-,-1.3870365430781624,7.575000000000003,-13.2312404287902,https://nsearchives.nseindia.com/today/HDFCBSE500EQN.svg,https://nsearchives.nseindia.com/30d/HDFCBSE500-EQ.svg,https://nsearchives.nseindia.com/365d/HDFCBSE500-EQ.svg,EQ
PHARMABEES,Nifty Pharma TRI,26.81,28.18,26.81,27.7,0.2,0.73,9884121,274679722.59,27.4664,28.4,21.46,-,-,19.75789018590575,2.4408284023668645,27.5,0,18.48,1.55,19-Sep-2025,21-Aug-2026,-,2.4408284023668645,-,19.75789018590575,2.464788732394364,-29.077353215284244,https://nsearchives.nseindia.com/today/PHARMABEESEQN.svg,https://nsearchives.nseindia.com/30d/PHARMABEES-EQ.svg,https://nsearchives.nseindia.com/365d/PHARMABEES-EQ.svg,EQ
ITBEES,Nifty IT TRI,31.76,32.17,31.47,32.15,0.21,0.66,7886356,252047937.76,32.0755,44.27,28.55,-,-,-19.865403788634097,-4.5427553444180555,31.94,0,-19.97,-5.7,19-Sep-2025,21-Aug-2026,-,-4.5427553444180555,-,-19.865403788634097,27.37745651682856,-12.609457092819607,https://nsearchives.nseindia.com/today/ITBEESEQN.svg,https://nsearchives.nseindia.com/30d/ITBEES-EQ.svg,https://nsearchives.nseindia.com/365d/ITBEES-EQ.svg,EQ
LIQUIDBETF,Bajaj Finserv Nifty 1D Rate Liquid ETF - Growth,1099.63,1099.65,1099.63,1099.64,0.15,0.01,224892,247297989.96,1099.4943,1116.24,1009.94,-,-,4.890448982706507,0.40540540540541037,1099.49,0,4.83,0.34,19-Sep-2025,21-Aug-2026,-,0.40540540540541037,-,4.890448982706507,1.4871353830717327,-8.881715745489835,https://nsearchives.nseindia.com/today/LIQUIDBETFEQN.svg,https://nsearchives.nseindia.com/30d/LIQUIDBETF-EQ.svg,https://nsearchives.nseindia.com/365d/LIQUIDBETF-EQ.svg,EQ
GOLDCASE,Zerodha Gold ETF,24.07,24.12,23.9,23.93,-0.14,-0.58,9562302,229017132.9,23.9879,27.94,17.05,-,-,37.52873563218392,0,24.07,0,38.89,-3.76,19-Sep-2025,21-Aug-2026,-,0,-,37.52873563218392,14.352183249821051,-40.351906158357764,https://nsearchives.nseindia.com/today/GOLDCASEEQN.svg,https://nsearchives.nseindia.com/30d/GOLDCASE-EQ.svg,https://nsearchives.nseindia.com/365d/GOLDCASE-EQ.svg,EQ
HDFCSML250,HDFC NIFTY Smallcap 250 ETF,185.61,185.68,182.75,184.16,-0.39,-0.21,1161673,214328668.5,184.4419,189.83,142.7,-,-,4.761362989931171,0.005430355688292645,184.55,0,4.84,-0.45,19-Sep-2025,21-Aug-2026,-,0.005430355688292645,-,4.761362989931171,2.986883000579474,-29.05395935529083,https://nsearchives.nseindia.com/today/HDFCSML250EQN.svg,https://nsearchives.nseindia.com/30d/HDFCSML250-EQ.svg,https://nsearchives.nseindia.com/365d/HDFCSML250-EQ.svg,EQ
BANKBEES,Nifty Bank,575.3,586.5,575.3,585,1.42,0.24,362471,212031036.16,584.3131,638.99,515.98,19-DEC-19, FACE VALUE SPLIT (SUB-DIVISION) - FROM RS 10/- TO RS 1/-,1.6224854949101957,-1.3923069143377256,583.58,0,1.76,-2.37,19-Sep-2025,21-Aug-2026, FACE VALUE SPLIT (SUB-DIVISION) - FROM RS 10/- TO RS 1/-,-1.3923069143377256,19-DEC-19,1.6224854949101957,8.449271506596348,-13.376487460754289,https://nsearchives.nseindia.com/today/BANKBEESEQN.svg,https://nsearchives.nseindia.com/30d/BANKBEES-EQ.svg,https://nsearchives.nseindia.com/365d/BANKBEES-EQ.svg,EQ
SBISILVER,SBI SILVER ETF,229.3,229.3,226.85,227.8,-1.64,-0.71,901122,205266580.38,230.065,362,124,-,-,80.82235275440546,2.7190332326283992,229.44,0,81.06,-3.69,19-Sep-2025,21-Aug-2026,-,2.7190332326283992,-,80.82235275440546,37.071823204419886,-83.70967741935485,https://nsearchives.nseindia.com/today/SBISILVEREQN.svg,https://nsearchives.nseindia.com/30d/SBISILVER-EQ.svg,https://nsearchives.nseindia.com/365d/SBISILVER-EQ.svg,EQ
SILVER1,Kotak Silver ETF,22.79,22.79,22.46,22.57,-0.22,-0.97,8541439,192609449.45,22.7862,38.8,12.24,27-FEB-26,FACE VALUE SPLIT (SUB-DIVISION) - FROM RS 10/- PER SHARE TO RE 1/- PER SHARE,-81.81012250161186,2.6375625284220185,22.79,0,-81.79,-3.68,19-Sep-2025,21-Aug-2026,FACE VALUE SPLIT (SUB-DIVISION) - FROM RS 10/- PER SHARE TO RE 1/- PER SHARE,2.6375625284220185,27-FEB-26,-81.81012250161186,41.829896907216494,-84.39542483660131,https://nsearchives.nseindia.com/today/SILVER1EQN.svg,https://nsearchives.nseindia.com/30d/SILVER1-EQ.svg,https://nsearchives.nseindia.com/365d/SILVER1-EQ.svg,EQ
JUNIORBEES,Nippon India ETF Nifty Next 50 Junior BeES,787.3,787.3,777,782.37,1.26,0.16,240546,188133432.06,779.6918,823.97,632.34,10-MAR-14,DIVIDEND-RS.1 PER UNIT,5.025975595022358,-2.185409764330814,781.11,0,4.32,-2.39,19-Sep-2025,21-Aug-2026,DIVIDEND-RS.1 PER UNIT,-2.185409764330814,10-MAR-14,5.025975595022358,5.048727502214889,-23.726159977227432,https://nsearchives.nseindia.com/today/JUNIORBEESEQN.svg,https://nsearchives.nseindia.com/30d/JUNIORBEES-EQ.svg,https://nsearchives.nseindia.com/365d/JUNIORBEES-EQ.svg,EQ
NIFTYIETF,Nifty 50,269,269,264.81,266.32,1.19,0.45,614840,163442917.2,264.9305,304.14,250.4,-,-,-6.6297374049013165,-2.543272221612321,265.13,0,-6.83,-3.71,19-Sep-2025,21-Aug-2026,-,-2.543272221612321,-,-6.6297374049013165,12.435062800026301,-6.357827476038333,https://nsearchives.nseindia.com/today/NIFTYIETFEQN.svg,https://nsearchives.nseindia.com/30d/NIFTYIETF-EQ.svg,https://nsearchives.nseindia.com/365d/NIFTYIETF-EQ.svg,EQ
GOLDETF,Mirae Asset Gold ETF,148.94,148.94,147.55,147.87,-0.7,-0.47,1078228,159405227.52,148.1022,173.5,106.34,-,-,37.591886107751,-0.128326354180736,148.57,0,38.6,-3.74,19-Sep-2025,21-Aug-2026,-,-0.128326354180736,-,37.591886107751,14.772334293948123,-39.05397780703404,https://nsearchives.nseindia.com/today/GOLDETFEQN.svg,https://nsearchives.nseindia.com/30d/GOLDETF-EQ.svg,https://nsearchives.nseindia.com/365d/GOLDETF-EQ.svg,EQ
PSUBNKBEES,Nifty PSU Bank,93.18,93.18,91.77,92.42,-0.23,-0.25,1668788,154679959.72,92.9121,110.4,80.25,19-DEC-19, FACE VALUE SPLIT (SUB-DIVISION) - FROM RS 10/- TO RS 1/-,13.538083538083532,-3.859357120565894,92.65,0,12.47,-3.31,19-Sep-2025,21-Aug-2026, FACE VALUE SPLIT (SUB-DIVISION) - FROM RS 10/- TO RS 1/-,-3.859357120565894,19-DEC-19,13.538083538083532,16.286231884057976,-15.165109034267916,https://nsearchives.nseindia.com/today/PSUBNKBEESEQN.svg,https://nsearchives.nseindia.com/30d/PSUBNKBEES-EQ.svg,https://nsearchives.nseindia.com/365d/PSUBNKBEES-EQ.svg,EQ
SILVER,Physical price of Silver,233.7,233.7,231.3,232.04,-1.84,-0.79,653421,151704753.57,234.5083,371.89,126.55,-,-,80.89966476962655,2.631695342562691,233.88,0,81.23,-3.7,19-Sep-2025,21-Aug-2026,-,2.631695342562691,-,80.89966476962655,37.60520584043669,-83.35835638087713,https://nsearchives.nseindia.com/today/SILVEREQN.svg,https://nsearchives.nseindia.com/30d/SILVER-EQ.svg,https://nsearchives.nseindia.com/365d/SILVER-EQ.svg,EQ
GOLD1,Gold,127.68,127.86,126.45,126.83,-0.85,-0.67,1133879,143787195.99,127.1599,158,90.2,22-JUL-21, FACE VALUE SPLIT (SUB-DIVISION) - FROM RS 10/- PER SHARE TO RE 1/- PER SHARE,37.55965292841648,-0.17316017316017226,127.68,0,38.93,-3.91,19-Sep-2025,21-Aug-2026, FACE VALUE SPLIT (SUB-DIVISION) - FROM RS 10/- PER SHARE TO RE 1/- PER SHARE,-0.17316017316017226,22-JUL-21,37.55965292841648,19.727848101265824,-40.60975609756097,https://nsearchives.nseindia.com/today/GOLD1EQN.svg,https://nsearchives.nseindia.com/30d/GOLD1-EQ.svg,https://nsearchives.nseindia.com/365d/GOLD1-EQ.svg,EQ
CASHIETF,BSE Liquid Rate Index,1080.39,1080.41,1080.39,1080.41,0.15,0.01,121101,130837520.4,1080.248,1099.28,1028.43,-,-,5.053284586363816,0.4219840687072036,1080.26,0,4.99,0.35,19-Sep-2025,21-Aug-2026,-,0.4219840687072036,-,5.053284586363816,1.716578123862882,-5.0543060781968645,https://nsearchives.nseindia.com/today/CASHIETFEQN.svg,https://nsearchives.nseindia.com/30d/CASHIETF-EQ.svg,https://nsearchives.nseindia.com/365d/CASHIETF-EQ.svg,EQ
LIQUID,Mirae Asset Nifty 1D Rate Liquid ETF,999.99,1000,999.99,999.99,0,0.00,127521,127519724.79,1000,1024.98,974.99,-,-,0,0,999.99,0,0,0,19-Sep-2025,21-Aug-2026,-,0,-,0,2.4380963530995734,-2.564128862860132,https://nsearchives.nseindia.com/today/LIQUIDEQN.svg,https://nsearchives.nseindia.com/30d/LIQUID-EQ.svg,https://nsearchives.nseindia.com/365d/LIQUID-EQ.svg,EQ
GOLDAXIS,Gold,127.66,127.66,126.29,126.46,-1.21,-0.95,993544,125782670.4,126.8828,150,91.25,23-JUL-20, FACE VALUE SPLIT (SUB-DIVISION) - FROM RS 100/- PER SHARE TO RE 1/- PER SHARE,Infinity,-0.1342493879807326,127.67,0,0,-3.48,,21-Aug-2026, FACE VALUE SPLIT (SUB-DIVISION) - FROM RS 100/- PER SHARE TO RE 1/- PER SHARE,-0.1342493879807326,23-JUL-20,Infinity,15.693333333333337,-38.58630136986301,https://nsearchives.nseindia.com/today/GOLDAXISEQN.svg,https://nsearchives.nseindia.com/30d/GOLDAXIS-EQ.svg,,EQ
LIQUIDPLUS,Nifty 1D Rate Index,1104,1106.8,1102.81,1104.06,0.15,0.01,113378,125177248.46,1103.9112,1127.08,1046.56,-,-,5.062520221532845,0.41564725463623464,1103.91,0,5,0.35,19-Sep-2025,21-Aug-2026,-,0.41564725463623464,-,5.062520221532845,2.042445966568476,-5.4941904907506505,https://nsearchives.nseindia.com/today/LIQUIDPLUSEQN.svg,https://nsearchives.nseindia.com/30d/LIQUIDPLUS-EQ.svg,https://nsearchives.nseindia.com/365d/LIQUIDPLUS-EQ.svg,EQ
SILVERBETA,UTI Silver Exchange Traded Fund (UTI Silver ETF),225.98,225.98,223.5,224.1,-2.05,-0.91,550300,123492823,226.6643,379.66,122.79,-,-,Infinity,2.487880728070977,226.15,0,0,-3.69,,21-Aug-2026,-,2.487880728070977,-,Infinity,40.97350260759628,-82.50671878817491,https://nsearchives.nseindia.com/today/SILVERBETAEQN.svg,https://nsearchives.nseindia.com/30d/SILVERBETA-EQ.svg,,EQ
SILVERCASE,Commodity-Silver,23.68,23.69,23.48,23.57,-0.16,-0.67,4882618,115034480.08,23.8098,38.01,12.62,-,-,80.75153374233129,2.612102742707886,23.73,0,81.01,-3.89,19-Sep-2025,21-Aug-2026,-,2.612102742707886,-,80.75153374233129,37.99000263088661,-86.76703645007925,https://nsearchives.nseindia.com/today/SILVERCASEEQN.svg,https://nsearchives.nseindia.com/30d/SILVERCASE-EQ.svg,https://nsearchives.nseindia.com/365d/SILVERCASE-EQ.svg,EQ
CPSEETF,CPSE ETF,92.38,93.04,91.3,92.44,-0.14,-0.15,1087863,100877535.99,92.4712,112,86.06,-,-,-0.49515608180840465,-0.751556796220746,92.58,0,-0.47,-1.79,19-Sep-2025,21-Aug-2026,-,-0.751556796220746,-,-0.49515608180840465,17.464285714285715,-7.413432488961185,https://nsearchives.nseindia.com/today/CPSEETFEQN.svg,https://nsearchives.nseindia.com/30d/CPSEETF-EQ.svg,https://nsearchives.nseindia.com/365d/CPSEETF-EQ.svg,EQ
MODEFENCE,Nifty India Defence Total Return Index,104.46,104.5,102.25,103.49,0.21,0.20,940365,97205530.05,102.7249,112,77.8,-,-,13.837861621383784,-4.131542380731828,103.28,0,12.97,-4.46,19-Sep-2025,21-Aug-2026,-,-4.131542380731828,-,13.837861621383784,7.59821428571429,-33.02056555269923,https://nsearchives.nseindia.com/today/MODEFENCEEQN.svg,https://nsearchives.nseindia.com/30d/MODEFENCE-EQ.svg,https://nsearchives.nseindia.com/365d/MODEFENCE-EQ.svg,EQ
GOLDBETA,Gold,128.6,128.65,127.7,127.95,-0.65,-0.51,670062,85774636.62,128.2152,149.35,91.8,25-MAR-21, FACE VALUE SPLIT (SUB-DIVISION) - FROM RS 100/- PER UNIT TO RE 1/- PER UNIT,Infinity,-0.03906249999999778,128.6,0,0,-3.85,,21-Aug-2026, FACE VALUE SPLIT (SUB-DIVISION) - FROM RS 100/- PER UNIT TO RE 1/- PER UNIT,-0.03906249999999778,25-MAR-21,Infinity,14.32875795112152,-39.37908496732027,https://nsearchives.nseindia.com/today/GOLDBETAEQN.svg,https://nsearchives.nseindia.com/30d/GOLDBETA-EQ.svg,,EQ
SILVERAXIS,Axis Silver ETF,233.33,233.33,230.16,231.15,-1.67,-0.72,367629,84922299,233.4012,390.01,125.7,-,-,Infinity,2.7242022931294976,232.82,0,0,-3.71,,21-Aug-2026,-,2.7242022931294976,-,Infinity,40.732288915668825,-83.89021479713604,https://nsearchives.nseindia.com/today/SILVERAXISEQN.svg,https://nsearchives.nseindia.com/30d/SILVERAXIS-EQ.svg,,EQ
MID150BEES,Nifty Midcap 150 TRI,239.85,239.85,235.02,236.55,0.03,0.01,357778,84621652.56,236.9611,247.15,190.43,-,-,4.998002574459593,-1.9766285430134187,236.52,0,4.67,-2.39,19-Sep-2025,21-Aug-2026,-,-1.9766285430134187,-,4.998002574459593,4.2888933845842585,-24.218873076721103,https://nsearchives.nseindia.com/today/MID150BEESEQN.svg,https://nsearchives.nseindia.com/30d/MID150BEES-EQ.svg,https://nsearchives.nseindia.com/365d/MID150BEES-EQ.svg,EQ
MIDCAPIETF,Nifty Midcap 150,24.29,24.29,23.61,23.65,-0.05,-0.21,3170629,74921963.27,23.7226,24.88,19.89,10-MAY-24,FACE VALUE SPLIT (SUB-DIVISION) - FROM RS 10/- PER SHARE TO RE 1/- PER SHARE,4.692341744134567,-2.070393374741201,23.7,0,4.91,-2.31,19-Sep-2025,21-Aug-2026,FACE VALUE SPLIT (SUB-DIVISION) - FROM RS 10/- PER SHARE TO RE 1/- PER SHARE,-2.070393374741201,10-MAY-24,4.692341744134567,4.94372990353698,-18.903971845148305,https://nsearchives.nseindia.com/today/MIDCAPIETFEQN.svg,https://nsearchives.nseindia.com/30d/MIDCAPIETF-EQ.svg,https://nsearchives.nseindia.com/365d/MIDCAPIETF-EQ.svg,EQ
METALIETF,Nifty Metal Index,12.75,13.22,12.75,13.07,-0.01,-0.08,5144235,67286593.8,13.1367,14.17,9.85,-,-,30.569430569430576,0.15325670498083963,13.08,0,30.67,-1.13,19-Sep-2025,21-Aug-2026,-,0.15325670498083963,-,30.569430569430576,7.762879322512348,-32.69035532994925,https://nsearchives.nseindia.com/today/METALIETFEQN.svg,https://nsearchives.nseindia.com/30d/METALIETF-EQ.svg,https://nsearchives.nseindia.com/365d/METALIETF-EQ.svg,EQ
LOWVOLIETF,Nifty 100 Low Volatility 30 Index,21.24,21.65,21.24,21.58,0.17,0.79,2902659,62291062.14,21.3891,26.81,19.84,01-MAR-24,FACE VALUE SPLIT (SUB-DIVISION) - FROM RS 10/- PER SHARE TO RE 1/- PER SHARE,-5.350877192982467,-2.880288028802883,21.41,0,-5.81,-3.99,19-Sep-2025,21-Aug-2026,FACE VALUE SPLIT (SUB-DIVISION) - FROM RS 10/- PER SHARE TO RE 1/- PER SHARE,-2.880288028802883,01-MAR-24,-5.350877192982467,19.507646400596794,-8.770161290322573,https://nsearchives.nseindia.com/today/LOWVOLIETFEQN.svg,https://nsearchives.nseindia.com/30d/LOWVOLIETF-EQ.svg,https://nsearchives.nseindia.com/365d/LOWVOLIETF-EQ.svg,EQ
FMCGIETF,Nifty FMCG Index,49.99,49.99,49,49.65,0.37,0.75,1172062,57981907.14,48.8836,61.19,48.25,10-MAY-24,FACE VALUE SPLIT (SUB-DIVISION) - FROM RS 10/- PER SHARE TO RE 1/- PER SHARE,-17.83882177726295,-2.7424094025465204,49.28,0,-18.03,-3.75,19-Sep-2025,21-Aug-2026,FACE VALUE SPLIT (SUB-DIVISION) - FROM RS 10/- PER SHARE TO RE 1/- PER SHARE,-2.7424094025465204,10-MAY-24,-17.83882177726295,18.85929073378003,-2.9015544041450747,https://nsearchives.nseindia.com/today/FMCGIETFEQN.svg,https://nsearchives.nseindia.com/30d/FMCGIETF-EQ.svg,https://nsearchives.nseindia.com/365d/FMCGIETF-EQ.svg,EQ
TOP10ADD,Nifty Top 10 Equal Weight Index,84.8,85.55,84.4,85.51,0.71,0.84,648918,55287813.6,84.9743,103.04,83.05,-,-,-11.699710863279634,-1.4407561088059013,84.8,0,-12.1,-3.55,19-Sep-2025,21-Aug-2026,-,-1.4407561088059013,-,-11.699710863279634,17.01281055900621,-2.96207104154125,https://nsearchives.nseindia.com/today/TOP10ADDEQN.svg,https://nsearchives.nseindia.com/30d/TOP10ADD-EQ.svg,https://nsearchives.nseindia.com/365d/TOP10ADD-EQ.svg,EQ
EGOLD,Edelweiss Gold ETF,153.15,153.15,151.1,151.1,-1.7,-1.11,343079,52075961.41,152.2019,184.95,109.6,-,-,36.7420814479638,-0.5593945376768636,152.8,0,38.53,-3.6,19-Sep-2025,21-Aug-2026,-,-0.5593945376768636,-,36.7420814479638,18.302243849689106,-37.86496350364963,https://nsearchives.nseindia.com/today/EGOLDEQN.svg,https://nsearchives.nseindia.com/30d/EGOLD-EQ.svg,https://nsearchives.nseindia.com/365d/EGOLD-EQ.svg,EQ
SILVERADD,DSP Silver ETF,22.68,22.68,22.32,22.36,-0.24,-1.06,2309558,51757194.78,22.6465,39,12.14,28-AUG-26,FACE VALUE SPLIT (SUB-DIVISION) - FROM RS 10/- PER UNIT TO RE 1/- PER UNIT,-81.95173137460651,-89.74923210929262,22.6,0,-81.85,-90.37,19-Sep-2025,21-Aug-2026,FACE VALUE SPLIT (SUB-DIVISION) - FROM RS 10/- PER UNIT TO RE 1/- PER UNIT,-89.74923210929262,28-AUG-26,-81.95173137460651,42.666666666666664,-84.18451400329488,https://nsearchives.nseindia.com/today/SILVERADDEQN.svg,https://nsearchives.nseindia.com/30d/SILVERADD-EQ.svg,https://nsearchives.nseindia.com/365d/SILVERADD-EQ.svg,EQ
LIQUIDETF,Nifty1D rate index,1000,1000.01,999.99,1000,0,0.00,51555,51554484.45,1000,1025,995,-,-,0,0.0010000100000990915,1000,0,0,0,19-Sep-2025,21-Aug-2026,-,0.0010000100000990915,-,0,2.4390243902439024,-0.5025125628140703,https://nsearchives.nseindia.com/today/LIQUIDETFEQN.svg,https://nsearchives.nseindia.com/30d/LIQUIDETF-EQ.svg,https://nsearchives.nseindia.com/365d/LIQUIDETF-EQ.svg,EQ
ALPL30IETF,Nifty Alpha Low-Volatility 30 Index,27.19,27.34,27.04,27.34,0.3,1.11,1861040,50638898.4,27.0506,29.17,24.35,10-MAY-24,FACE VALUE SPLIT (SUB-DIVISION) - FROM RS 10/- PER SHARE TO RE 1/- PER SHARE,-1.7606899029823877,-2.5659301496792546,27.04,0,-2.8,-3.67,19-Sep-2025,21-Aug-2026,FACE VALUE SPLIT (SUB-DIVISION) - FROM RS 10/- PER SHARE TO RE 1/- PER SHARE,-2.5659301496792546,10-MAY-24,-1.7606899029823877,6.27356873500172,-12.279260780287467,https://nsearchives.nseindia.com/today/ALPL30IETFEQN.svg,https://nsearchives.nseindia.com/30d/ALPL30IETF-EQ.svg,https://nsearchives.nseindia.com/365d/ALPL30IETF-EQ.svg,EQ
SMALLCAP,Mirae Asset Nifty Smallcap 250 Momentum Quality 100 ETF,49.08,49.38,48.89,48.99,-0.1,-0.20,1013260,49670005.2,49.0034,54.5,37.34,-,-,4.67948717948719,0.9270704573547648,49.09,0,4.56,0.55,19-Sep-2025,21-Aug-2026,-,0.9270704573547648,-,4.67948717948719,10.110091743119263,-31.19978575254418,https://nsearchives.nseindia.com/today/SMALLCAPEQN.svg,https://nsearchives.nseindia.com/30d/SMALLCAP-EQ.svg,https://nsearchives.nseindia.com/365d/SMALLCAP-EQ.svg,EQ
HDFCNIFTY,Nifty 50,270.14,270.14,263.16,264.96,1.4,0.53,185018,48940961.36,263.4008,301.88,247.56,17-FEB-21, FACE VALUE SPLIT (SUB-DIVISION) - FROM RS 761.25/- PER UNIT TO RS 76.125/- PER UNIT,-6.542979083630211,-2.462727774710104,263.56,0,-6.88,-3.73,19-Sep-2025,21-Aug-2026, FACE VALUE SPLIT (SUB-DIVISION) - FROM RS 761.25/- PER UNIT TO RS 76.125/- PER UNIT,-2.462727774710104,17-FEB-21,-6.542979083630211,12.230025175566457,-7.028599127484237,https://nsearchives.nseindia.com/today/HDFCNIFTYEQN.svg,https://nsearchives.nseindia.com/30d/HDFCNIFTY-EQ.svg,https://nsearchives.nseindia.com/365d/HDFCNIFTY-EQ.svg,EQ
BSLNIFTY,Nifty 50,28.14,28.14,26.77,27.56,0.1,0.36,1747702,48166667.12,27.4022,33,25.7,25-NOV-21, FACE VALUE SPLIT (SUB-DIVISION) - FROM RS 10/- PER SHARE TO RE 1/- PER SHARE,-6.512890094979653,-2.5459688826025544,27.46,0,-6.69,-3.65,19-Sep-2025,21-Aug-2026, FACE VALUE SPLIT (SUB-DIVISION) - FROM RS 10/- PER SHARE TO RE 1/- PER SHARE,-2.5459688826025544,25-NOV-21,-6.512890094979653,16.484848484848488,-7.237354085603111,https://nsearchives.nseindia.com/today/BSLNIFTYEQN.svg,https://nsearchives.nseindia.com/30d/BSLNIFTY-EQ.svg,https://nsearchives.nseindia.com/365d/BSLNIFTY-EQ.svg,EQ
ITADD,DSP Nifty IT ETF,30.01,30.78,30.01,30.78,0.28,0.92,1516443,46448649.09,30.6196,41.92,27.17,-,-,Infinity,-4.231487243310514,30.5,0,0,-5.43,,21-Aug-2026,-,-4.231487243310514,-,Infinity,26.57442748091603,-13.286713286713283,https://nsearchives.nseindia.com/today/ITADDEQN.svg,https://nsearchives.nseindia.com/30d/ITADD-EQ.svg,,EQ
METAL,Nifty Metal Total Return Index,12.82,13.47,12.82,13.12,-0.03,-0.23,3423679,45021378.85,13.1838,14.18,8.7,-,-,31.594784353059165,-0.07616146230008806,13.15,0,31.11,-1.05,19-Sep-2025,21-Aug-2026,-,-0.07616146230008806,-,31.594784353059165,7.4753173483780015,-50.80459770114943,https://nsearchives.nseindia.com/today/METALEQN.svg,https://nsearchives.nseindia.com/30d/METAL-EQ.svg,https://nsearchives.nseindia.com/365d/METAL-EQ.svg,EQ
BANK10ADD,BSE Top 10 Banks Index (TRI),16.71,16.78,16.6,16.78,0.16,0.96,2665845,44652903.75,16.5538,18.99,12.08,-,-,Infinity,-0.17846519928612484,16.62,0,0,-1.66,,21-Aug-2026,-,-0.17846519928612484,-,Infinity,11.637704054765653,-38.90728476821193,https://nsearchives.nseindia.com/today/BANK10ADDEQN.svg,https://nsearchives.nseindia.com/30d/BANK10ADD-EQ.svg,,EQ
ALPHA,NIFTY Alpha 50 Index,53.72,53.94,53.4,53.62,-0.1,-0.19,802826,43015417.08,53.8285,55.59,42,-,-,7.562688064192569,0.26178010471204294,53.72,0,8,-0.78,19-Sep-2025,21-Aug-2026,-,0.26178010471204294,-,7.562688064192569,3.543802842237823,-27.66666666666666,https://nsearchives.nseindia.com/today/ALPHAEQN.svg,https://nsearchives.nseindia.com/30d/ALPHA-EQ.svg,https://nsearchives.nseindia.com/365d/ALPHA-EQ.svg,EQ
MOCAPITAL,Nifty Capital Market Total Return Index,53.59,54.01,52.45,52.94,-0.64,-1.19,738794,39074814.66,53.53,57.25,41.31,-,-,20.23620258914376,-0.9170877784016508,53.58,0,21.83,-1.58,19-Sep-2025,21-Aug-2026,-,-0.9170877784016508,-,20.23620258914376,7.528384279475986,-28.152989590898073,https://nsearchives.nseindia.com/today/MOCAPITALEQN.svg,https://nsearchives.nseindia.com/30d/MOCAPITAL-EQ.svg,https://nsearchives.nseindia.com/365d/MOCAPITAL-EQ.svg,EQ
BSLGOLDETF,Gold,134.53,134.53,133.4,133.87,-0.66,-0.49,281479,37709741.63,134.0105,155.99,95.63,25-NOV-21, FACE VALUE SPLIT (SUB-DIVISION) - FROM RS 10/- PER SHARE TO RE 0.10/- PER SHARE,37.528251489624,-0.07464357692020178,134.53,0,38.83,-3.51,19-Sep-2025,21-Aug-2026, FACE VALUE SPLIT (SUB-DIVISION) - FROM RS 10/- PER SHARE TO RE 0.10/- PER SHARE,-0.07464357692020178,25-NOV-21,37.528251489624,14.180396179242262,-39.98745163651575,https://nsearchives.nseindia.com/today/BSLGOLDETFEQN.svg,https://nsearchives.nseindia.com/30d/BSLGOLDETF-EQ.svg,https://nsearchives.nseindia.com/365d/BSLGOLDETF-EQ.svg,EQ
SILVERAG,Mirae Asset Silver ETF,228,228,225.35,226.27,-1.91,-0.84,156380,35377847.4,228.5523,380,123.3,-,-,80.51057040287198,2.588864708015963,228.18,0,81.11,-3.84,19-Sep-2025,21-Aug-2026,-,2.588864708015963,-,80.51057040287198,40.455263157894734,-83.51175993511761,https://nsearchives.nseindia.com/today/SILVERAGEQN.svg,https://nsearchives.nseindia.com/30d/SILVERAG-EQ.svg,https://nsearchives.nseindia.com/365d/SILVERAG-EQ.svg,EQ
ICICIB22,S&P BSE BHARAT 22 index,114,114,111.98,112.28,-0.18,-0.16,314225,35369166,112.1058,131,108.8,-,-,1.3174517235156182,-1.8445668327651012,112.46,0,1.39,-2.45,19-Sep-2025,21-Aug-2026,-,-1.8445668327651012,-,1.3174517235156182,14.290076335877863,-3.1985294117647096,https://nsearchives.nseindia.com/today/ICICIB22EQN.svg,https://nsearchives.nseindia.com/30d/ICICIB22-EQ.svg,https://nsearchives.nseindia.com/365d/ICICIB22-EQ.svg,EQ
ENERGY,Nifty Energy,38.14,38.9,37.38,38.18,0.04,0.10,911858,34823857.02,38.0893,42.82,29,-,-,Infinity,-0.36534446764092005,38.14,0,0,-0.73,,21-Aug-2026,-,-0.36534446764092005,-,Infinity,10.83605791686128,-31.655172413793103,https://nsearchives.nseindia.com/today/ENERGYEQN.svg,https://nsearchives.nseindia.com/30d/ENERGY-EQ.svg,,EQ
BANKETF,Mirae Asset Nifty Bank ETF,571.38,577.45,571.38,575.38,0.39,0.07,60317,34766718.8,575.0487,628.27,507.01,-,-,1.6716143624540636,-1.4625291135771963,574.99,0,2.22,-2.25,19-Sep-2025,21-Aug-2026,-,-1.4625291135771963,-,1.6716143624540636,8.418355165772674,-13.484941125421589,https://nsearchives.nseindia.com/today/BANKETFEQN.svg,https://nsearchives.nseindia.com/30d/BANKETF-EQ.svg,https://nsearchives.nseindia.com/365d/BANKETF-EQ.svg,EQ
EBBETF0431,Nifty BHARAT Bond,1431,1439.9,1425,1432,0.56,0.04,23740,33970753,1434.3716,1469,1371,-,-,4.15378684840241,-0.7739905901591685,1431.44,0,3.95,-0.6,19-Sep-2025,21-Aug-2026,-,-0.7739905901591685,-,4.15378684840241,2.518720217835262,-4.449307075127644,https://nsearchives.nseindia.com/today/EBBETF0431EQN.svg,https://nsearchives.nseindia.com/30d/EBBETF0431-EQ.svg,https://nsearchives.nseindia.com/365d/EBBETF0431-EQ.svg,EQ
NV20BEES,Nifty50 Value20 TRI,135.38,136.5,135.11,136.5,1.18,0.87,248722,33724215.98,135.0485,160,134.01,19-DEC-19, FACE VALUE SPLIT (SUB-DIVISION) - FROM RS 10/- TO RS 1/-,-9.584685699145526,-2.3255813953488373,135.32,0,-10.06,-3.18,19-Sep-2025,21-Aug-2026, FACE VALUE SPLIT (SUB-DIVISION) - FROM RS 10/- TO RS 1/-,-2.3255813953488373,19-DEC-19,-9.584685699145526,14.6875,-1.8580702932617037,https://nsearchives.nseindia.com/today/NV20BEESEQN.svg,https://nsearchives.nseindia.com/30d/NV20BEES-EQ.svg,https://nsearchives.nseindia.com/365d/NV20BEES-EQ.svg,EQ
AUTOBEES,Nifty Auto TRI,289.77,289.77,275.64,281.4,-1.31,-0.46,119583,33687726.93,280.8132,310.45,242.5,-,-,0.07824169571092199,-6.79958930878019,282.71,0,0.84,-6.22,19-Sep-2025,21-Aug-2026,-,-6.79958930878019,-,0.07824169571092199,9.357384441939123,-16.04123711340205,https://nsearchives.nseindia.com/today/AUTOBEESEQN.svg,https://nsearchives.nseindia.com/30d/AUTOBEES-EQ.svg,https://nsearchives.nseindia.com/365d/AUTOBEES-EQ.svg,EQ
HNGSNGBEES,Hang Seng Index,474.88,474.88,461.7,463.5,0.2,0.04,72356,33599955.72,450.5241,579.92,443.42,19-DEC-19, FACE VALUE SPLIT (SUB-DIVISION) - FROM RS 10/- TO RS 1/-,-10.382830626450124,-3.2722567719854765,463.3,0,-11.93,-4.12,19-Sep-2025,21-Aug-2026, FACE VALUE SPLIT (SUB-DIVISION) - FROM RS 10/- TO RS 1/-,-3.2722567719854765,19-DEC-19,-10.382830626450124,20.075182783832247,-4.528438049704565,https://nsearchives.nseindia.com/today/HNGSNGBEESEQN.svg,https://nsearchives.nseindia.com/30d/HNGSNGBEES-EQ.svg,https://nsearchives.nseindia.com/365d/HNGSNGBEES-EQ.svg,EQ
GOLDADD,DSP Gold ETF,14.94,14.94,14.73,14.76,-0.1,-0.67,2125583,31394860.91,14.8008,18.1,10.64,28-AUG-26,FACE VALUE SPLIT (SUB-DIVISION) - FROM RS 10/- PER UNIT TO RE 1/- PER UNIT,Infinity,-90.01960916897696,14.86,0,0,-90.39,,21-Aug-2026,FACE VALUE SPLIT (SUB-DIVISION) - FROM RS 10/- PER UNIT TO RE 1/- PER UNIT,-90.01960916897696,28-AUG-26,Infinity,18.453038674033156,-38.72180451127819,https://nsearchives.nseindia.com/today/GOLDADDEQN.svg,https://nsearchives.nseindia.com/30d/GOLDADD-EQ.svg,,EQ
NEXT50IETF,Nifty Next 50,74.86,76.51,74.86,76.51,0.12,0.16,408516,31161600.48,76.084,80.38,62.6,15-NOV-18, FACE VALUE SPLIT (SUB-DIVISION) - FROM RS 10/- PER SHARE TO RS 1/- PER SHARE,5.197305101058712,-2.010758196721303,76.39,0,4.56,-2.2,19-Sep-2025,21-Aug-2026, FACE VALUE SPLIT (SUB-DIVISION) - FROM RS 10/- PER SHARE TO RS 1/- PER SHARE,-2.010758196721303,15-NOV-18,5.197305101058712,4.81463050510076,-22.220447284345056,https://nsearchives.nseindia.com/today/NEXT50IETFEQN.svg,https://nsearchives.nseindia.com/30d/NEXT50IETF-EQ.svg,https://nsearchives.nseindia.com/365d/NEXT50IETF-EQ.svg,EQ
MOREALTY,Motilal Oswal Nifty Realty ETF,85.27,85.9,84.54,85.56,0.29,0.34,343110,29373647.1,84.7698,99.49,64,-,-,-6.898803046789992,-4.327406910432745,85.27,0,-7.7,-6.51,19-Sep-2025,21-Aug-2026,-,-4.327406910432745,-,-6.898803046789992,14.001407176600658,-33.6875,https://nsearchives.nseindia.com/today/MOREALTYEQN.svg,https://nsearchives.nseindia.com/30d/MOREALTY-EQ.svg,https://nsearchives.nseindia.com/365d/MOREALTY-EQ.svg,EQ
HDFCLIQUID,HDFC Nifty 1D Rate Liquid ETF,1078.63,1078.78,1078.6,1078.78,0.15,0.01,26611,28707148.47,,1079.4,1009.91,28-FEB-25,CHANGE IN FUNDAMENTAL ATTRIBUTE OF HDFC NIFTY 1D RATE LIQUID ETF,4.933564188860576,0.4170157311737893,1078.63,0,4.88,0.35,19-Sep-2025,21-Aug-2026,CHANGE IN FUNDAMENTAL ATTRIBUTE OF HDFC NIFTY 1D RATE LIQUID ETF,0.4170157311737893,28-FEB-25,4.933564188860576,0.05743931813971819,-6.819419552237329,https://nsearchives.nseindia.com/today/HDFCLIQUIDEQN.svg,https://nsearchives.nseindia.com/30d/HDFCLIQUID-EQ.svg,https://nsearchives.nseindia.com/365d/HDFCLIQUID-EQ.svg,EQ
INFRAIETF,ICICI Prudential Nifty Infrastructure ETF,92.97,94.57,92.84,92.84,-0.12,-0.13,304453,28365886.01,93.4542,101,86.8,-,-,-2.119135477069047,-2.8463792381749675,92.96,0,-2.03,-3.24,19-Sep-2025,21-Aug-2026,-,-2.8463792381749675,-,-2.119135477069047,8.079207920792076,-6.958525345622128,https://nsearchives.nseindia.com/today/INFRAIETFEQN.svg,https://nsearchives.nseindia.com/30d/INFRAIETF-EQ.svg,https://nsearchives.nseindia.com/365d/INFRAIETF-EQ.svg,EQ
LTGILTBEES,NIFTY 8-13 yr G-Sec Index,29.03,30.27,29.03,29.74,-0.04,-0.13,948555,28219511.25,29.7165,30.61,28.13,-,-,3.1922276197085293,-0.8997000999666881,29.78,0,3.26,-0.67,19-Sep-2025,21-Aug-2026,-,-0.8997000999666881,-,3.1922276197085293,2.8422084286181017,-5.723426946320652,https://nsearchives.nseindia.com/today/LTGILTBEESEQN.svg,https://nsearchives.nseindia.com/30d/LTGILTBEES-EQ.svg,https://nsearchives.nseindia.com/365d/LTGILTBEES-EQ.svg,EQ
MIDCAPETF,Mirae Asset Mutual Fund - Mirae Asset Nifty Midcap 150 ETF,23.95,24.37,23.21,23.38,0.01,0.04,1201911,28076640.96,23.4357,24.57,19.6,-,-,4.890085240017945,-1.8059638807223846,23.37,0,4.8,-2.38,19-Sep-2025,21-Aug-2026,-,-1.8059638807223846,-,4.890085240017945,4.843304843304849,-19.285714285714274,https://nsearchives.nseindia.com/today/MIDCAPETFEQN.svg,https://nsearchives.nseindia.com/30d/MIDCAPETF-EQ.svg,https://nsearchives.nseindia.com/365d/MIDCAPETF-EQ.svg,EQ
HEALTHIETF,Nifty Healthcare Index,171,173.55,170.91,173.25,2.34,1.37,162357,28014700.35,170.5666,174.82,138.65,-,-,14.318706697459577,2.599786805637798,170.91,0,12.54,1.42,19-Sep-2025,21-Aug-2026,-,2.599786805637798,-,14.318706697459577,0.8980665827708462,-24.95492246664262,https://nsearchives.nseindia.com/today/HEALTHIETFEQN.svg,https://nsearchives.nseindia.com/30d/HEALTHIETF-EQ.svg,https://nsearchives.nseindia.com/365d/HEALTHIETF-EQ.svg,EQ
NIFTYETF,Nifty 50,248.14,255.73,248.14,255.09,0.58,0.23,107334,27383050.08,254.2505,289.05,239.81,-,-,-6.78238625982093,-2.7079598764254906,254.51,0,-6.67,-3.66,19-Sep-2025,21-Aug-2026,-,-2.7079598764254906,-,-6.78238625982093,11.748832381940844,-6.371710937825779,https://nsearchives.nseindia.com/today/NIFTYETFEQN.svg,https://nsearchives.nseindia.com/30d/NIFTYETF-EQ.svg,https://nsearchives.nseindia.com/365d/NIFTYETF-EQ.svg,EQ
GROWWDEFNC,Nifty India Defence Index- Total Return Index,94.94,94.94,93.52,94.2,0.34,0.36,285993,26866182.42,93.3754,102.07,71.78,-,-,14.154144449830353,-3.985322597084901,93.86,0,12.74,-4.57,19-Sep-2025,21-Aug-2026,-,-3.985322597084901,-,14.154144449830353,7.710394827079447,-31.23432711061577,https://nsearchives.nseindia.com/today/GROWWDEFNCEQN.svg,https://nsearchives.nseindia.com/30d/GROWWDEFNC-EQ.svg,https://nsearchives.nseindia.com/365d/GROWWDEFNC-EQ.svg,EQ
GROWWSLVR,Commodity-Silver,22.96,22.96,22.69,22.79,-0.13,-0.57,1133065,25799890.05,23.0094,36.3,12.47,06-FEB-26,FACE VALUE SPLIT (SUB-DIVISION) - FROM RS 10/- PER UNIT TO RE 1/- PER UNIT,-81.98276543600284,2.7502254283137937,22.92,0,-81.98,-3.78,19-Sep-2025,21-Aug-2026,FACE VALUE SPLIT (SUB-DIVISION) - FROM RS 10/- PER UNIT TO RE 1/- PER UNIT,2.7502254283137937,06-FEB-26,-81.98276543600284,37.217630853994486,-82.75862068965515,https://nsearchives.nseindia.com/today/GROWWSLVREQN.svg,https://nsearchives.nseindia.com/30d/GROWWSLVR-EQ.svg,https://nsearchives.nseindia.com/365d/GROWWSLVR-EQ.svg,EQ
NIFTY1,Nifty 50,266.16,266.16,259.29,260.01,0.34,0.13,97523,25375484.6,259.395,295.8,244.8,27-JUL-17, FACE VALUE SPLIT (SUB-DIVISION) - FROM RS 10/- PER SHARE TO RS 1/- PER SHARE,-6.752976617415,-2.8000000000000034,259.67,0,-6.65,-3.7,19-Sep-2025,21-Aug-2026, FACE VALUE SPLIT (SUB-DIVISION) - FROM RS 10/- PER SHARE TO RS 1/- PER SHARE,-2.8000000000000034,27-JUL-17,-6.752976617415,12.09939148073023,-6.213235294117639,https://nsearchives.nseindia.com/today/NIFTY1EQN.svg,https://nsearchives.nseindia.com/30d/NIFTY1-EQ.svg,https://nsearchives.nseindia.com/365d/NIFTY1-EQ.svg,EQ
MAHKTECH,Hang Seng TECH Total Return Index,22.34,22.45,21.2,21.88,0.08,0.37,1119768,24578907.6,18.1259,35.59,21,-,-,-20.83936324167873,-5.648986632169048,21.8,0,-24.15,-5.63,19-Sep-2025,21-Aug-2026,-,-5.648986632169048,-,-20.83936324167873,38.52205675751617,-4.190476190476185,https://nsearchives.nseindia.com/today/MAHKTECHEQN.svg,https://nsearchives.nseindia.com/30d/MAHKTECH-EQ.svg,https://nsearchives.nseindia.com/365d/MAHKTECH-EQ.svg,EQ
ESILVER,Edelweiss Silver ETF,234.95,234.95,231.3,231.5,-2.8,-1.20,104277,24148467.66,234.4337,375,126,-,-,80.30999299010828,2.234587528705177,234.3,0,81.22,-3.86,19-Sep-2025,21-Aug-2026,-,2.234587528705177,-,80.30999299010828,38.266666666666666,-83.73015873015873,https://nsearchives.nseindia.com/today/ESILVEREQN.svg,https://nsearchives.nseindia.com/30d/ESILVER-EQ.svg,https://nsearchives.nseindia.com/365d/ESILVER-EQ.svg,EQ
DEFENCE,BSE India Defence,76.75,80.29,76.75,78.97,0.25,0.32,289451,22837683.9,78.318,85.6,58.91,-,-,Infinity,-4.127716401602532,78.72,0,0,-4.74,,21-Aug-2026,-,-4.127716401602532,-,Infinity,7.745327102803733,-34.051943642845025,https://nsearchives.nseindia.com/today/DEFENCEEQN.svg,https://nsearchives.nseindia.com/30d/DEFENCE-EQ.svg,,EQ
EBBETF0430,Nifty BHARAT Bond,1603,1614.87,1603,1608.23,-2.67,-0.17,13749,22127365.62,1611.2651,1646.18,1501.89,-,-,4.8813731755989975,-0.32723689348067087,1610.9,0,4.99,0,19-Sep-2025,21-Aug-2026,-,-0.32723689348067087,-,4.8813731755989975,2.3053372049229153,-7.080412014195442,https://nsearchives.nseindia.com/today/EBBETF0430EQN.svg,https://nsearchives.nseindia.com/30d/EBBETF0430-EQ.svg,https://nsearchives.nseindia.com/365d/EBBETF0430-EQ.svg,EQ
GROWWLIQID,Nifty 1D Rate Index,110.84,110.84,110.83,110.83,0.02,0.02,198488,21998425.04,110.8178,112.71,105.15,-,-,4.774059368500659,0.3894927536231817,110.81,0,4.71,0.33,19-Sep-2025,21-Aug-2026,-,0.3894927536231817,-,4.774059368500659,1.6679975157483768,-5.401806942463141,https://nsearchives.nseindia.com/today/GROWWLIQIDEQN.svg,https://nsearchives.nseindia.com/30d/GROWWLIQID-EQ.svg,https://nsearchives.nseindia.com/365d/GROWWLIQID-EQ.svg,EQ
MOMENTUM50,Nifty 500 Momentum 50 Total Return Index,53.97,54.23,53.75,53.89,-0.08,-0.15,357763,19269115.18,54.0252,55.97,44.96,-,-,3.0204549799273526,0.14867125069689333,53.97,0,3.37,-0.44,19-Sep-2025,21-Aug-2026,-,0.14867125069689333,-,3.0204549799273526,3.716276576737535,-19.862099644128115,https://nsearchives.nseindia.com/today/MOMENTUM50EQN.svg,https://nsearchives.nseindia.com/30d/MOMENTUM50-EQ.svg,https://nsearchives.nseindia.com/365d/MOMENTUM50-EQ.svg,EQ
MOHEALTH,Motilal Oswal S&P BSE Healthcare ETF,53.13,53.89,51.9,53.1,1.01,1.94,351554,18540957.96,52.2172,53.89,40.79,-,-,15.837696335078528,3.6097560975609784,52.09,0,13.39,1.34,19-Sep-2025,21-Aug-2026,-,3.6097560975609784,-,15.837696335078528,1.46594915568751,-30.1789654327041,https://nsearchives.nseindia.com/today/MOHEALTHEQN.svg,https://nsearchives.nseindia.com/30d/MOHEALTH-EQ.svg,https://nsearchives.nseindia.com/365d/MOHEALTH-EQ.svg,EQ
GROWWGOLD,Commodity,14.94,14.94,14.81,14.85,-0.09,-0.60,1248087,18534091.95,14.8773,18,10.73,06-FEB-26,FACE VALUE SPLIT (SUB-DIVISION) - FROM RS 10/- PER UNIT TO RE 1/- PER UNIT,-86.28935463022805,0.06738544474393388,14.94,0,-86.17,-3.55,19-Sep-2025,21-Aug-2026,FACE VALUE SPLIT (SUB-DIVISION) - FROM RS 10/- PER UNIT TO RE 1/- PER UNIT,0.06738544474393388,06-FEB-26,-86.28935463022805,17.500000000000004,-38.39701770736253,https://nsearchives.nseindia.com/today/GROWWGOLDEQN.svg,https://nsearchives.nseindia.com/30d/GROWWGOLD-EQ.svg,https://nsearchives.nseindia.com/365d/GROWWGOLD-EQ.svg,EQ
SETFNN50,Nifty Next 50,770.75,778,770.75,777.9,3.28,0.42,23064,17882211.12,772.9174,840,636.01,02-NOV-17, DIVIDEND - RS 7/- PER UNIT,5.293791199122892,-1.9276591989309089,774.62,0,4.54,-2.44,19-Sep-2025,21-Aug-2026, DIVIDEND - RS 7/- PER UNIT,-1.9276591989309089,02-NOV-17,5.293791199122892,7.392857142857145,-22.309397650980326,https://nsearchives.nseindia.com/today/SETFNN50EQN.svg,https://nsearchives.nseindia.com/30d/SETFNN50-EQ.svg,https://nsearchives.nseindia.com/365d/SETFNN50-EQ.svg,EQ
QGOLDHALF,Gold,127.67,127.67,125.73,125.88,-0.79,-0.62,135062,17007007.04,126.2432,149.69,90.62,16-DEC-21, FACE VALUE SPLIT (SUB-DIVISION) - FROM RS 100 PER SHARE TO RS 2 PER SHARE,37.52867912159947,-0.11901928112354652,126.67,0,38.8,-3.78,19-Sep-2025,21-Aug-2026, FACE VALUE SPLIT (SUB-DIVISION) - FROM RS 100 PER SHARE TO RS 2 PER SHARE,-0.11901928112354652,16-DEC-21,37.52867912159947,15.906206159396085,-38.90973295078348,https://nsearchives.nseindia.com/today/QGOLDHALFEQN.svg,https://nsearchives.nseindia.com/30d/QGOLDHALF-EQ.svg,https://nsearchives.nseindia.com/365d/QGOLDHALF-EQ.svg,EQ
GROWWRAIL,Nifty India Railways PSU Index,27.65,27.7,27.26,27.32,-0.12,-0.44,612833,16816137.52,27.7179,36.75,26.4,-,-,-24.676040805073068,-4.907761921336582,27.44,0,-24.62,-4.59,19-Sep-2025,21-Aug-2026,-,-4.907761921336582,-,-24.676040805073068,25.65986394557823,-3.4848484848484915,https://nsearchives.nseindia.com/today/GROWWRAILEQN.svg,https://nsearchives.nseindia.com/30d/GROWWRAIL-EQ.svg,https://nsearchives.nseindia.com/365d/GROWWRAIL-EQ.svg,EQ
GILT5YBEES,Nifty 5 yr Benchmark G-Sec Index,64.48,69,64.48,65.87,0.07,0.11,231749,15260671.65,65.8286,69,61.45,-,-,4.9219496654985715,-0.543560320096632,65.8,0,4.84,-0.54,19-Sep-2025,21-Aug-2026,-,-0.543560320096632,-,4.9219496654985715,4.5362318840579645,-7.192839707078928,https://nsearchives.nseindia.com/today/GILT5YBEESEQN.svg,https://nsearchives.nseindia.com/30d/GILT5YBEES-EQ.svg,https://nsearchives.nseindia.com/365d/GILT5YBEES-EQ.svg,EQ
SML100CASE,Nifty Smallcap 100 Index,11.55,11.55,11.26,11.27,-0.05,-0.44,1335443,15077151.47,11.3053,11.77,8.5,-,-,8.261287223823242,0.7149240393208228,11.32,0,8.43,-0.53,19-Sep-2025,21-Aug-2026,-,0.7149240393208228,-,8.261287223823242,4.248088360237893,-32.58823529411764,https://nsearchives.nseindia.com/today/SML100CASEEQN.svg,https://nsearchives.nseindia.com/30d/SML100CASE-EQ.svg,https://nsearchives.nseindia.com/365d/SML100CASE-EQ.svg,EQ
LOWVOL1,Kotak Nifty 100 Low Vol 30 ETF,19.86,20.57,19.86,20.41,0.04,0.20,732784,15022072,20.3902,22.9,18.77,-,-,-5.596669750231271,-4.178403755868547,20.37,0,-5.69,-4.63,19-Sep-2025,21-Aug-2026,-,-4.178403755868547,-,-5.596669750231271,10.873362445414841,-8.737346830047953,https://nsearchives.nseindia.com/today/LOWVOL1EQN.svg,https://nsearchives.nseindia.com/30d/LOWVOL1-EQ.svg,https://nsearchives.nseindia.com/365d/LOWVOL1-EQ.svg,EQ
PVTBANIETF,Nifty Private Bank Index,27,27.81,27,27.74,0.04,0.14,496635,13761755.85,27.6135,30.32,24.18,01-MAR-24,FACE VALUE SPLIT (SUB-DIVISION) - FROM RS 10/- PER SHARE TO RE 1/- PER SHARE,1.4259597806215611,0.6896551724137848,27.7,0,2.06,-0.82,19-Sep-2025,21-Aug-2026,FACE VALUE SPLIT (SUB-DIVISION) - FROM RS 10/- PER SHARE TO RE 1/- PER SHARE,0.6896551724137848,01-MAR-24,1.4259597806215611,8.509234828496048,-14.722911497105041,https://nsearchives.nseindia.com/today/PVTBANIETFEQN.svg,https://nsearchives.nseindia.com/30d/PVTBANIETF-EQ.svg,https://nsearchives.nseindia.com/365d/PVTBANIETF-EQ.svg,EQ
LIQUIDSHRI,SHRIRAM NIFTY 1D RATE LIQUID ETF,1122.28,1122.3,1122.28,1122.28,0.15,0.01,11584,13000491.52,1122.1444,1122.3,1070.97,-,-,4.790983874431585,0.39270411221138685,1122.13,0,4.73,0.33,19-Sep-2025,21-Aug-2026,-,0.39270411221138685,-,4.790983874431585,0.001782054709077948,-4.790983874431585,https://nsearchives.nseindia.com/today/LIQUIDSHRIEQN.svg,https://nsearchives.nseindia.com/30d/LIQUIDSHRI-EQ.svg,https://nsearchives.nseindia.com/365d/LIQUIDSHRI-EQ.svg,EQ
NEXT50,Nifty Next 50,748.15,748.3,745,746.09,0.49,0.07,17073,12735092.16,744.4737,785.96,617,-,-,4.966305097145439,-2.12003935716628,745.6,0,4.39,-2.38,19-Sep-2025,21-Aug-2026,-,-2.12003935716628,-,4.966305097145439,5.07277724057204,-20.922204213938418,https://nsearchives.nseindia.com/today/NEXT50EQN.svg,https://nsearchives.nseindia.com/30d/NEXT50-EQ.svg,https://nsearchives.nseindia.com/365d/NEXT50-EQ.svg,EQ
SETFNIFBK,Nifty Bank,576.57,581.99,576.57,581.5,2.03,0.35,21859,12681936.03,579.688,646.11,465.64,02-NOV-17, DIVIDEND - RS 3.50 PER UNIT,1.9120559420950187,-1.2347775871732565,579.47,0,1.83,-2.32,19-Sep-2025,21-Aug-2026, DIVIDEND - RS 3.50 PER UNIT,-1.2347775871732565,02-NOV-17,1.9120559420950187,9.999845227592827,-24.881882999742295,https://nsearchives.nseindia.com/today/SETFNIFBKEQN.svg,https://nsearchives.nseindia.com/30d/SETFNIFBK-EQ.svg,https://nsearchives.nseindia.com/365d/SETFNIFBK-EQ.svg,EQ
MIDSMALL,Mirae Asset Nifty MidSmallcap400 Momentum Quality 100 ETF,50.11,51.7,50.11,51.38,-0.02,-0.04,243055,12476013.15,51.5107,53.07,42.41,-,-,3.131272581292658,-0.906460945033749,51.4,0,3.32,-1.7,19-Sep-2025,21-Aug-2026,-,-0.906460945033749,-,3.131272581292658,3.1844733371019367,-21.1506720113181,https://nsearchives.nseindia.com/today/MIDSMALLEQN.svg,https://nsearchives.nseindia.com/30d/MIDSMALL-EQ.svg,https://nsearchives.nseindia.com/365d/MIDSMALL-EQ.svg,EQ
AONELIQUID,Nifty 1D Rate Index,1077.72,1077.74,1077.7,1077.74,0.16,0.01,11402,12288277.46,1077.5829,1094.59,997.56,-,-,5.051076107298808,0.4230339172567987,1077.58,0,4.99,0.35,19-Sep-2025,21-Aug-2026,-,0.4230339172567987,-,5.051076107298808,1.5393891776829598,-8.037611772725457,https://nsearchives.nseindia.com/today/AONELIQUIDEQN.svg,https://nsearchives.nseindia.com/30d/AONELIQUID-EQ.svg,https://nsearchives.nseindia.com/365d/AONELIQUID-EQ.svg,EQ
MOSMALL250,Motilal Oswal Nifty Smallcap 250 ETF,18.87,18.87,18.11,18.39,-0.02,-0.11,660816,12159014.4,18.3885,19.38,14.22,-,-,5.025699600228434,0.7671232876712359,18.41,0,5.08,-0.43,19-Sep-2025,21-Aug-2026,-,0.7671232876712359,-,5.025699600228434,5.108359133126927,-29.32489451476793,https://nsearchives.nseindia.com/today/MOSMALL250EQN.svg,https://nsearchives.nseindia.com/30d/MOSMALL250-EQ.svg,https://nsearchives.nseindia.com/365d/MOSMALL250-EQ.svg,EQ
MOMMIDCAP,BSE Midcap 150 Momentum 30 TRI,13.16,13.18,12.68,12.85,-0.05,-0.39,916953,11792015.58,12.8905,14.99,10.8,-,-,Infinity,-0.7722007722007695,12.9,0,0,-1.38,,21-Aug-2026,-,-0.7722007722007695,-,Infinity,14.276184122748502,-18.98148148148147,https://nsearchives.nseindia.com/today/MOMMIDCAPEQN.svg,https://nsearchives.nseindia.com/30d/MOMMIDCAP-EQ.svg,,EQ
MID150CASE,Zerodha Nifty Midcap 150 ETF,11.55,11.56,11.37,11.51,0,0.00,990181,11396983.31,11.5399,13,9.63,-,-,5.4029304029304015,-1.6239316239316197,11.51,0,5.31,-2.21,19-Sep-2025,21-Aug-2026,-,-1.6239316239316197,-,5.4029304029304015,11.461538461538463,-19.522326064382124,https://nsearchives.nseindia.com/today/MID150CASEEQN.svg,https://nsearchives.nseindia.com/30d/MID150CASE-EQ.svg,https://nsearchives.nseindia.com/365d/MID150CASE-EQ.svg,EQ
SMALL250,Nifty Smallcap 250,18.75,18.75,18.31,18.36,-0.02,-0.11,611921,11234869.56,18.3542,19.95,14.16,-,-,Infinity,0.2730748225013693,18.38,0,0,-0.49,,21-Aug-2026,-,0.2730748225013693,-,Infinity,7.969924812030076,-29.66101694915254,https://nsearchives.nseindia.com/today/SMALL250EQN.svg,https://nsearchives.nseindia.com/30d/SMALL250-EQ.svg,,EQ
MOM30IETF,ICICI Prudential Nifty 200 Momentum 30 ETF,31.18,31.18,30.85,31.03,-0.05,-0.16,355487,11005877.52,30.988,32.9,26,12-AUG-22,ADDITONAL ISSUANCE 9:1,-1.8659076533839336,-0.7675087943715971,31.08,0,-1.52,-1.15,19-Sep-2025,21-Aug-2026,ADDITONAL ISSUANCE 9:1,-0.7675087943715971,12-AUG-22,-1.8659076533839336,5.683890577507591,-19.34615384615385,https://nsearchives.nseindia.com/today/MOM30IETFEQN.svg,https://nsearchives.nseindia.com/30d/MOM30IETF-EQ.svg,https://nsearchives.nseindia.com/365d/MOM30IETF-EQ.svg,EQ
HEALTHY,Nifty Healthcare TRI,17.56,17.56,17.1,17.38,0.24,1.40,629404,10882395.16,17.0998,17.67,13.58,-,-,14.266929651545023,3.0842230130486334,17.14,0,12.47,1.48,19-Sep-2025,21-Aug-2026,-,3.0842230130486334,-,14.266929651545023,1.6411997736276325,-27.98232695139911,https://nsearchives.nseindia.com/today/HEALTHYEQN.svg,https://nsearchives.nseindia.com/30d/HEALTHY-EQ.svg,https://nsearchives.nseindia.com/365d/HEALTHY-EQ.svg,EQ
MOM100,Nifty Midcap 100,66.75,67.34,65.61,67.34,0.39,0.58,160047,10734352.29,67.1626,70.32,56.15,-,-,6.013853904282116,-1.5353121801432916,66.95,0,5.32,-2.7,19-Sep-2025,21-Aug-2026,-,-1.5353121801432916,-,6.013853904282116,4.237770193401579,-19.928762243989322,https://nsearchives.nseindia.com/today/MOM100EQN.svg,https://nsearchives.nseindia.com/30d/MOM100-EQ.svg,https://nsearchives.nseindia.com/365d/MOM100-EQ.svg,EQ
INFRABEES,Nifty Infra,935.62,941.87,934,935,-0.62,-0.07,11294,10572087.52,938.8484,1018.3,871.35,-,-,-1.847575057736723,-3.0072926067697807,935.62,0,-1.81,-3.5,19-Sep-2025,21-Aug-2026,-,-3.0072926067697807,-,-1.847575057736723,8.180300500834722,-7.304756986285646,https://nsearchives.nseindia.com/today/INFRABEESEQN.svg,https://nsearchives.nseindia.com/30d/INFRABEES-EQ.svg,https://nsearchives.nseindia.com/365d/INFRABEES-EQ.svg,EQ
ELM250,Nifty LargeMidcap 250 TRI,16.15,16.44,16.11,16.44,0.29,1.80,641186,10489802.96,16.323,18.5,14.43,-,-,-0.544464609800362,-1.8507462686567089,16.15,0,-2.3,-3.87,19-Sep-2025,21-Aug-2026,-,-1.8507462686567089,-,-0.544464609800362,11.13513513513513,-13.929313929313942,https://nsearchives.nseindia.com/today/ELM250EQN.svg,https://nsearchives.nseindia.com/30d/ELM250-EQ.svg,https://nsearchives.nseindia.com/365d/ELM250-EQ.svg,EQ
GROWWPOWER,BSE Power Index - TRI,11.3,11.3,11.2,11.23,0.02,0.18,926836,10408368.28,11.2332,13.2,7.75,-,-,10.749506903353055,-0.5314437555358612,11.21,0,8.94,-1.06,19-Sep-2025,21-Aug-2026,-,-0.5314437555358612,-,10.749506903353055,14.924242424242417,-44.90322580645162,https://nsearchives.nseindia.com/today/GROWWPOWEREQN.svg,https://nsearchives.nseindia.com/30d/GROWWPOWER-EQ.svg,https://nsearchives.nseindia.com/365d/GROWWPOWER-EQ.svg,EQ
ITIETF,Nifty IT Index,32.8,32.8,31.75,31.94,-0.06,-0.19,319188,10214016,32.0983,44.3,28.54,01-SEP-22,FACE VALUE SPLIT (SUB-DIVISION) - FROM RS 10/- PER UNIT TO RE 1/- PER UNIT,-20.169957510622336,-5.250667457727675,32,0,-19.76,-5.83,19-Sep-2025,21-Aug-2026,FACE VALUE SPLIT (SUB-DIVISION) - FROM RS 10/- PER UNIT TO RE 1/- PER UNIT,-5.250667457727675,01-SEP-22,-20.169957510622336,27.900677200902926,-11.91310441485635,https://nsearchives.nseindia.com/today/ITIETFEQN.svg,https://nsearchives.nseindia.com/30d/ITIETF-EQ.svg,https://nsearchives.nseindia.com/365d/ITIETF-EQ.svg,EQ
MONIFTY500,Motilal Oswal Nifty 500 ETF,24.03,24.03,22.98,23.5,0.05,0.21,427282,10019762.9,23.3828,28.28,20.75,-,-,-2.00166805671393,-2.1241149521032967,23.45,0,-2.25,-2.01,19-Sep-2025,21-Aug-2026,-,-2.1241149521032967,-,-2.00166805671393,16.902404526166904,-13.25301204819277,https://nsearchives.nseindia.com/today/MONIFTY500EQN.svg,https://nsearchives.nseindia.com/30d/MONIFTY500-EQ.svg,https://nsearchives.nseindia.com/365d/MONIFTY500-EQ.svg,EQ
LTGILTCASE,Nifty 8-13 Yr G-Sec Index,30.9,30.9,30.27,30.31,0.02,0.07,314405,9526471.5,30.2632,31.31,28.71,-,-,3.0601836110166563,-0.8829300196206658,30.29,0,3.1,-0.85,19-Sep-2025,21-Aug-2026,-,-0.8829300196206658,-,3.0601836110166563,3.1938677738741617,-5.572971090212461,https://nsearchives.nseindia.com/today/LTGILTCASEEQN.svg,https://nsearchives.nseindia.com/30d/LTGILTCASE-EQ.svg,https://nsearchives.nseindia.com/365d/LTGILTCASE-EQ.svg,EQ
OILIETF,Nifty Oil & Gas Index,11.14,11.22,11.02,11.2,0.06,0.54,834684,9306726.6,11.1286,14,9.8,-,-,-2.2687609075043764,-1.1473962930273678,11.14,0,-2.79,-1.59,19-Sep-2025,21-Aug-2026,-,-1.1473962930273678,-,-2.2687609075043764,20.000000000000004,-14.28571428571427,https://nsearchives.nseindia.com/today/OILIETFEQN.svg,https://nsearchives.nseindia.com/30d/OILIETF-EQ.svg,https://nsearchives.nseindia.com/365d/OILIETF-EQ.svg,EQ
BANKNIFTY1,Nifty Bank,60,60,58.46,58.5,-0.04,-0.07,153870,9021398.1,58.5758,65.29,51.71,27-FEB-26,FACE VALUE SPLIT (SUB-DIVISION) - FROM RS 10/- PER SHARE TO RE 1/- PER SHARE,-89.84286830454033,-1.581426648721396,58.54,0,-89.78,-2.21,19-Sep-2025,21-Aug-2026,FACE VALUE SPLIT (SUB-DIVISION) - FROM RS 10/- PER SHARE TO RE 1/- PER SHARE,-1.581426648721396,27-FEB-26,-89.84286830454033,10.3997549395007,-13.130922452136915,https://nsearchives.nseindia.com/today/BANKNIFTY1EQN.svg,https://nsearchives.nseindia.com/30d/BANKNIFTY1-EQ.svg,https://nsearchives.nseindia.com/365d/BANKNIFTY1-EQ.svg,EQ
GROWWHOSPI,BSE Hospitals Index,53.01,53.24,52.62,53.1,0.09,0.17,160395,8505746.85,52.5904,62,43.35,-,-,Infinity,1.7436290477102965,53.01,0,0,2.36,,21-Aug-2026,-,1.7436290477102965,-,Infinity,14.354838709677418,-22.491349480968857,https://nsearchives.nseindia.com/today/GROWWHOSPIEQN.svg,https://nsearchives.nseindia.com/30d/GROWWHOSPI-EQ.svg,,EQ
BANKIETF,Nifty Bank,57.73,58.21,57.73,58,0.1,0.17,144828,8404368.84,57.9534,63.9,51.17,-,-,1.611772950245273,-1.3940836450187015,57.9,0,1.78,-2.25,19-Sep-2025,21-Aug-2026,-,-1.3940836450187015,-,1.611772950245273,9.23317683881064,-13.347664647254245,https://nsearchives.nseindia.com/today/BANKIETFEQN.svg,https://nsearchives.nseindia.com/30d/BANKIETF-EQ.svg,https://nsearchives.nseindia.com/365d/BANKIETF-EQ.svg,EQ
NV20IETF,Nifty50 Value 20,13.33,13.33,13.11,13.31,0.11,0.83,626876,8287300.72,13.1597,16,12.5,01-MAR-24,FACE VALUE SPLIT (SUB-DIVISION) - FROM RS 10/- PER SHARE TO RE 1/- PER SHARE,-9.517335146159077,-1.6986706056129885,13.2,0,-10.2,-2.94,19-Sep-2025,21-Aug-2026,FACE VALUE SPLIT (SUB-DIVISION) - FROM RS 10/- PER SHARE TO RE 1/- PER SHARE,-1.6986706056129885,01-MAR-24,-9.517335146159077,16.812499999999996,-6.480000000000005,https://nsearchives.nseindia.com/today/NV20IETFEQN.svg,https://nsearchives.nseindia.com/30d/NV20IETF-EQ.svg,https://nsearchives.nseindia.com/365d/NV20IETF-EQ.svg,EQ
NEXT50BETA,Nifty Next 50,77.8,78.25,77.12,78.2,0.32,0.41,106078,8269840.88,77.8673,82.51,64.34,25-MAR-21, FACE VALUE SPLIT (SUB-DIVISION) - FROM RS 10/- PER UNIT TO Re 1/- PER UNIT,Infinity,-2.0541082164328666,77.88,0,0,-2.22,,21-Aug-2026, FACE VALUE SPLIT (SUB-DIVISION) - FROM RS 10/- PER UNIT TO Re 1/- PER UNIT,-2.0541082164328666,25-MAR-21,Infinity,5.223609259483702,-21.54180913894933,https://nsearchives.nseindia.com/today/NEXT50BETAEQN.svg,https://nsearchives.nseindia.com/30d/NEXT50BETA-EQ.svg,,EQ
PSUBANK,Nifty PSU Bank,83.21,83.31,82.8,82.8,-0.2,-0.24,89624,7447754.4,83.2706,101,71.38,10-JUL-26,FACE VALUE SPLIT (SUB-DIVISION) - FROM RS 10/- PER UNIT TO RE 1/- PER UNIT,-88.64384463462805,-3.977733967296772,83,0,-88.79,-3.61,19-Sep-2025,21-Aug-2026,FACE VALUE SPLIT (SUB-DIVISION) - FROM RS 10/- PER UNIT TO RE 1/- PER UNIT,-3.977733967296772,10-JUL-26,-88.64384463462805,18.01980198019802,-15.998879237881765,https://nsearchives.nseindia.com/today/PSUBANKEQN.svg,https://nsearchives.nseindia.com/30d/PSUBANK-EQ.svg,https://nsearchives.nseindia.com/365d/PSUBANK-EQ.svg,EQ
GROWWNET,Index,11.14,11.14,10,11.02,0.1,0.92,674180,7314853,10.8719,11.4,7.93,-,-,1.379944802207915,4.3560606060605975,10.92,0,0.74,1.49,19-Sep-2025,21-Aug-2026,-,4.3560606060605975,-,1.379944802207915,3.33333333333334,-38.96595208070618,https://nsearchives.nseindia.com/today/GROWWNETEQN.svg,https://nsearchives.nseindia.com/30d/GROWWNET-EQ.svg,https://nsearchives.nseindia.com/365d/GROWWNET-EQ.svg,EQ
NIFTYCASE,Nifty Index 50 Index,9.6,9.6,9.37,9.42,0.05,0.53,761751,7168076.91,9.3825,11.61,8.84,-,-,Infinity,-2.5853154084798344,9.37,0,0,-3.7,,21-Aug-2026,-,-2.5853154084798344,-,Infinity,18.86304909560723,-6.561085972850679,https://nsearchives.nseindia.com/today/NIFTYCASEEQN.svg,https://nsearchives.nseindia.com/30d/NIFTYCASE-EQ.svg,,EQ
AUTOIETF,Nifty Auto Index,28.35,28.37,28.15,28.31,-0.04,-0.14,245414,6932945.5,28.1294,31.46,24.2,01-MAR-24,FACE VALUE SPLIT (SUB-DIVISION) - FROM RS 10/- PER SHARE TO RE 1/- PER SHARE,0.6041222459132841,-6.040491204779291,28.35,0,1.18,-6.25,19-Sep-2025,21-Aug-2026,FACE VALUE SPLIT (SUB-DIVISION) - FROM RS 10/- PER SHARE TO RE 1/- PER SHARE,-6.040491204779291,01-MAR-24,0.6041222459132841,10.01271455816911,-16.983471074380162,https://nsearchives.nseindia.com/today/AUTOIETFEQN.svg,https://nsearchives.nseindia.com/30d/AUTOIETF-EQ.svg,https://nsearchives.nseindia.com/365d/AUTOIETF-EQ.svg,EQ
CONSUMBEES,Nifty India Consumption TRI,127.55,128.74,127.04,128,-0.32,-0.25,52804,6781617.72,127.8462,144.38,114,-,-,-7.834101382488476,-4.062359466346866,128.32,0,-7.44,-4.22,19-Sep-2025,21-Aug-2026,-,-4.062359466346866,-,-7.834101382488476,11.345061642886824,-12.280701754385966,https://nsearchives.nseindia.com/today/CONSUMBEESEQN.svg,https://nsearchives.nseindia.com/30d/CONSUMBEES-EQ.svg,https://nsearchives.nseindia.com/365d/CONSUMBEES-EQ.svg,EQ
HDFCNEXT50,HDFC NIFTY NEXT 50 ETF,73.88,74.03,73.68,73.79,-0.09,-0.12,91037,6720351.34,73.6962,78.07,59.99,20-OCT-23,FACE VALUE SPLIT (SUB-DIVISION) - FROM RS 418.18/- PER SHARE TO RS 41.81/- PER SHARE,4.548030603570428,-2.17420124618852,73.88,0,4.35,-2.03,19-Sep-2025,21-Aug-2026,FACE VALUE SPLIT (SUB-DIVISION) - FROM RS 418.18/- PER SHARE TO RS 41.81/- PER SHARE,-2.17420124618852,20-OCT-23,4.548030603570428,5.482259510695513,-23.003833972328728,https://nsearchives.nseindia.com/today/HDFCNEXT50EQN.svg,https://nsearchives.nseindia.com/30d/HDFCNEXT50-EQ.svg,https://nsearchives.nseindia.com/365d/HDFCNEXT50-EQ.svg,EQ
GROWWEV,Nifty EV and New Age Automotive Index,31.14,31.94,31.14,31.85,-0.09,-0.28,207906,6601015.5,31.7621,34.64,26.2,-,-,-0.31298904538340494,-5.461561294152557,31.94,0,0.09,-4.37,19-Sep-2025,21-Aug-2026,-,-5.461561294152557,-,-0.31298904538340494,8.054272517321012,-21.564885496183216,https://nsearchives.nseindia.com/today/GROWWEVEQN.svg,https://nsearchives.nseindia.com/30d/GROWWEV-EQ.svg,https://nsearchives.nseindia.com/365d/GROWWEV-EQ.svg,EQ
HDFCMID150,HDFC NIFTY Midcap 150 ETF,24,24,23.08,23.16,0.04,0.17,281669,6517820.66,23.2051,25.2,19.42,20-OCT-23,FACE VALUE SPLIT (SUB-DIVISION) - FROM RS 115.95/- PER SHARE TO RS 11.59/- PER SHARE,4.654315408947136,-1.9889970376639818,23.12,0,4.52,-2.36,19-Sep-2025,21-Aug-2026,FACE VALUE SPLIT (SUB-DIVISION) - FROM RS 115.95/- PER SHARE TO RS 11.59/- PER SHARE,-1.9889970376639818,20-OCT-23,4.654315408947136,8.095238095238091,-19.25849639546858,https://nsearchives.nseindia.com/today/HDFCMID150EQN.svg,https://nsearchives.nseindia.com/30d/HDFCMID150-EQ.svg,https://nsearchives.nseindia.com/365d/HDFCMID150-EQ.svg,EQ
SENSEXIETF,SENSEX,859.96,864.9,857,863.55,4.85,0.56,7331,6312724.1,855.167,999.84,731,-,-,-8.578415803849339,-2.577842960288811,858.7,0,-8.89,-3.99,19-Sep-2025,21-Aug-2026,-,-2.577842960288811,-,-8.578415803849339,13.63118098895824,-18.132694938440487,https://nsearchives.nseindia.com/today/SENSEXIETFEQN.svg,https://nsearchives.nseindia.com/30d/SENSEXIETF-EQ.svg,https://nsearchives.nseindia.com/365d/SENSEXIETF-EQ.svg,EQ
NIFTYBETA,Nifty 50,253.27,262.37,253.27,260.73,0.96,0.37,24189,6292526.46,259.1447,297.48,244.9,25-SEP-23,FACE VALUE SPLIT (SUB-DIVISION) - FROM RS 10/- PER SHARE TO RE 1/- PER SHARE,Infinity,-2.516264114260062,259.77,0,0,-3.38,,21-Aug-2026,FACE VALUE SPLIT (SUB-DIVISION) - FROM RS 10/- PER SHARE TO RE 1/- PER SHARE,-2.516264114260062,25-SEP-23,Infinity,12.35377168212989,-6.463862801143329,https://nsearchives.nseindia.com/today/NIFTYBETAEQN.svg,https://nsearchives.nseindia.com/30d/NIFTYBETA-EQ.svg,,EQ
IT,NIFTY IT Index,31.14,32.94,31.14,32.15,0.21,0.66,196482,6277599.9,32.0632,44.49,28.54,-,-,-19.564673505128848,-4.514404514404523,31.94,0,-19.81,-5.31,19-Sep-2025,21-Aug-2026,-,-4.514404514404523,-,-19.564673505128848,27.736570015733882,-12.648913805185703,https://nsearchives.nseindia.com/today/ITEQN.svg,https://nsearchives.nseindia.com/30d/IT-EQ.svg,https://nsearchives.nseindia.com/365d/IT-EQ.svg,EQ
CHEMICAL,Nifty Chemicals Index (TRI),29.44,29.79,29.28,29.39,-0.04,-0.14,198730,5846636.6,29.414,31.8,24.5,-,-,Infinity,-3.576115485564304,29.43,0,0,-2.68,,21-Aug-2026,-,-3.576115485564304,-,Infinity,7.578616352201258,-19.95918367346939,https://nsearchives.nseindia.com/today/CHEMICALEQN.svg,https://nsearchives.nseindia.com/30d/CHEMICAL-EQ.svg,,EQ
HDFCMOMENT,HDFC NIFTY200 Momentum 30 ETF,30.86,30.86,30.54,30.7,-0.02,-0.07,190756,5844763.84,30.7139,33.23,27.13,20-OCT-23,FACE VALUE SPLIT (SUB-DIVISION) - FROM RS 190.61/- PER SHARE TO RS 19.061/- PER SHARE,-2.0733652312599746,-1.1590470057952333,30.72,0,-1.41,-1.41,19-Sep-2025,21-Aug-2026,FACE VALUE SPLIT (SUB-DIVISION) - FROM RS 190.61/- PER SHARE TO RS 19.061/- PER SHARE,-1.1590470057952333,20-OCT-23,-2.0733652312599746,7.613602166716816,-13.15886472539624,https://nsearchives.nseindia.com/today/HDFCMOMENTEQN.svg,https://nsearchives.nseindia.com/30d/HDFCMOMENT-EQ.svg,https://nsearchives.nseindia.com/365d/HDFCMOMENT-EQ.svg,EQ
ABSLLIQUID,Aditya Birla Sun Life CRISIL Overnight Fund AI ETF,1000.01,1000.01,999.99,999.99,-0.01,-0.00,5774,5773942.26,1000,1044.99,975,-,-,-0.0009999999999990906,0,1000,0,0,0,19-Sep-2025,21-Aug-2026,-,0,-,-0.0009999999999990906,4.306261303935923,-2.563076923076924,https://nsearchives.nseindia.com/today/ABSLLIQUIDEQN.svg,https://nsearchives.nseindia.com/30d/ABSLLIQUID-EQ.svg,https://nsearchives.nseindia.com/365d/ABSLLIQUID-EQ.svg,EQ
ALPHAETF,Mirae Asset Nifty 200 Alpha 30 ETF,26.5,26.5,26.2,26.29,-0.04,-0.15,218555,5750182.05,26.4214,27.61,21.8,-,-,2.896281800391383,-0.6049149338374297,26.33,0,3.34,-1.42,19-Sep-2025,21-Aug-2026,-,-0.6049149338374297,-,2.896281800391383,4.7808764940239055,-20.59633027522935,https://nsearchives.nseindia.com/today/ALPHAETFEQN.svg,https://nsearchives.nseindia.com/30d/ALPHAETF-EQ.svg,https://nsearchives.nseindia.com/365d/ALPHAETF-EQ.svg,EQ
MOSILVER,Domestic Price of Physical Silver,231.98,231.98,228.91,230,-1.3,-0.56,24559,5641202.3,232.0252,385,126,-,-,80.51958245035712,2.729018714547329,231.3,0,80.51,-3.63,19-Sep-2025,21-Aug-2026,-,2.729018714547329,-,80.51958245035712,40.25974025974026,-82.53968253968254,https://nsearchives.nseindia.com/today/MOSILVEREQN.svg,https://nsearchives.nseindia.com/30d/MOSILVER-EQ.svg,https://nsearchives.nseindia.com/365d/MOSILVER-EQ.svg,EQ
GROWWNIFTY,Nifty 50 Index - TRI,9.48,9.71,9.44,9.54,0.06,0.63,583664,5533134.72,9.4441,11.88,8.93,-,-,-6.1946902654867335,-2.053388090349087,9.48,0,-6.78,-3.36,19-Sep-2025,21-Aug-2026,-,-2.053388090349087,-,-6.1946902654867335,19.69696969696971,-6.830907054871214,https://nsearchives.nseindia.com/today/GROWWNIFTYEQN.svg,https://nsearchives.nseindia.com/30d/GROWWNIFTY-EQ.svg,https://nsearchives.nseindia.com/365d/GROWWNIFTY-EQ.svg,EQ
ITETF,Mirae Asset Nifty IT ETF,30.37,30.66,30.24,30.62,0.15,0.49,176129,5373695.79,30.6092,42.02,27.22,-,-,-19.80094290204295,-4.847731510254813,30.47,0,-19.9,-5.64,19-Sep-2025,21-Aug-2026,-,-4.847731510254813,-,-19.80094290204295,27.129938124702527,-12.490815576781786,https://nsearchives.nseindia.com/today/ITETFEQN.svg,https://nsearchives.nseindia.com/30d/ITETF-EQ.svg,https://nsearchives.nseindia.com/365d/ITETF-EQ.svg,EQ
TOP100CASE,Zerodha Nifty 100 ETF,10.51,10.51,10.3,10.36,0.06,0.58,512640,5300697.6,10.3027,11.57,9.48,-,-,-4.779411764705895,-2.1718602455146403,10.3,0,-5.07,-3.38,19-Sep-2025,21-Aug-2026,-,-2.1718602455146403,-,-4.779411764705895,10.458081244598105,-9.282700421940918,https://nsearchives.nseindia.com/today/TOP100CASEEQN.svg,https://nsearchives.nseindia.com/30d/TOP100CASE-EQ.svg,https://nsearchives.nseindia.com/365d/TOP100CASE-EQ.svg,EQ
HSBCGOLD,Commodity,132.91,134.32,131.54,131.6,-1.31,-0.99,38800,5178248,132.5187,146.4,119.1,-,-,Infinity,-0.724200362100187,132.91,0,0,-3.82,,21-Aug-2026,-,-0.724200362100187,-,Infinity,10.109289617486347,-10.495382031905962,https://nsearchives.nseindia.com/today/HSBCGOLDEQN.svg,https://nsearchives.nseindia.com/30d/HSBCGOLD-EQ.svg,,EQ
PSUBNKIETF,ICICI Prudential Nifty PSU Bank ETF,86.44,86.44,84,84.29,-0.05,-0.06,61409,5171865.98,84.3834,104,72,-,-,14.214092140921423,-3.525237495707907,84.34,0,12.92,-2.76,19-Sep-2025,21-Aug-2026,-,-3.525237495707907,-,14.214092140921423,18.95192307692307,-17.069444444444454,https://nsearchives.nseindia.com/today/PSUBNKIETFEQN.svg,https://nsearchives.nseindia.com/30d/PSUBNKIETF-EQ.svg,https://nsearchives.nseindia.com/365d/PSUBNKIETF-EQ.svg,EQ
NIFTYADD,Nifty 50 Index,244.13,247.75,244.13,246.66,-0.13,-0.05,20913,5169902.73,246.2398,300,232.64,-,-,Infinity,-2.916519069547761,246.79,0,0,-3.43,,21-Aug-2026,-,-2.916519069547761,-,Infinity,17.78,-6.026478679504819,https://nsearchives.nseindia.com/today/NIFTYADDEQN.svg,https://nsearchives.nseindia.com/30d/NIFTYADD-EQ.svg,,EQ
MAKEINDIA,Nifty India Manufacturing Total Return Index,163,163.18,162.17,162.53,-0.09,-0.06,31148,5066845.16,162.1612,173.11,140.12,-,-,5.088581404370881,-3.088664957366887,162.62,0,5.02,-3.06,19-Sep-2025,21-Aug-2026,-,-3.088664957366887,-,5.088581404370881,6.111720871122415,-15.993434199257775,https://nsearchives.nseindia.com/today/MAKEINDIAEQN.svg,https://nsearchives.nseindia.com/30d/MAKEINDIA-EQ.svg,https://nsearchives.nseindia.com/365d/MAKEINDIA-EQ.svg,EQ
EVINDIA,Nifty EV and New Age Automotive Total Return Index,32.8,32.8,31.2,31.85,-0.15,-0.47,157500,5017950,31.8897,35.04,26.2,-,-,-0.6859993763641997,-6.01947477131897,32,0,-0.16,-4.96,19-Sep-2025,21-Aug-2026,-,-6.01947477131897,-,-0.6859993763641997,9.103881278538806,-21.564885496183216,https://nsearchives.nseindia.com/today/EVINDIAEQN.svg,https://nsearchives.nseindia.com/30d/EVINDIA-EQ.svg,https://nsearchives.nseindia.com/365d/EVINDIA-EQ.svg,EQ
HDFCSENSEX,SENSEX,82.66,86.48,82.66,85.2,0.42,0.50,57336,4862666.16,84.3693,98.48,78.44,02-FEB-24,FACE VALUE SPLIT (SUB-DIVISION) - FROM RS 250.361/- PER SHARE TO RS 25.0361/- PER SHARE,-8.701243034719237,-2.327181015705607,84.78,0,-8.74,-3.56,19-Sep-2025,21-Aug-2026,FACE VALUE SPLIT (SUB-DIVISION) - FROM RS 250.361/- PER SHARE TO RS 25.0361/- PER SHARE,-2.327181015705607,02-FEB-24,-8.701243034719237,13.484971567831032,-8.618052014278435,https://nsearchives.nseindia.com/today/HDFCSENSEXEQN.svg,https://nsearchives.nseindia.com/30d/HDFCSENSEX-EQ.svg,https://nsearchives.nseindia.com/365d/HDFCSENSEX-EQ.svg,EQ
GROWWCAPM,Nifty Capital Markets Index,11.29,11.29,11.01,11.19,-0.05,-0.44,432426,4808577.12,11.2359,12.66,8.02,-,-,Infinity,-0.6216696269982264,11.24,0,0,-1.58,,21-Aug-2026,-,-0.6216696269982264,-,Infinity,11.611374407582943,-39.52618453865337,https://nsearchives.nseindia.com/today/GROWWCAPMEQN.svg,https://nsearchives.nseindia.com/30d/GROWWCAPM-EQ.svg,,EQ
MIDCAP,Nifty Midcap 50 Index,17.83,18.32,17.83,18.25,-0.04,-0.22,259071,4733227.17,18.2782,19.27,15.01,27-FEB-26,FACE VALUE SPLIT (SUB-DIVISION) - FROM RS 10/- PER SHARE TO RE 1/- PER SHARE,-89.19223024991118,-1.7761033369214119,18.29,0,-89.18,-2.24,19-Sep-2025,21-Aug-2026,FACE VALUE SPLIT (SUB-DIVISION) - FROM RS 10/- PER SHARE TO RE 1/- PER SHARE,-1.7761033369214119,27-FEB-26,-89.19223024991118,5.293201868188892,-21.585609593604264,https://nsearchives.nseindia.com/today/MIDCAPEQN.svg,https://nsearchives.nseindia.com/30d/MIDCAP-EQ.svg,https://nsearchives.nseindia.com/365d/MIDCAP-EQ.svg,EQ
COMMOIETF,ICICI Prudential Nifty Commodities ETF,97,98.32,97,97.41,-0.09,-0.09,46028,4487269.72,97.6379,110.56,90,-,-,6.762384918895224,-1.7549167927382845,97.5,0,6.14,-2.07,19-Sep-2025,21-Aug-2026,-,-1.7549167927382845,-,6.762384918895224,11.893994211287993,-8.233333333333329,https://nsearchives.nseindia.com/today/COMMOIETFEQN.svg,https://nsearchives.nseindia.com/30d/COMMOIETF-EQ.svg,https://nsearchives.nseindia.com/365d/COMMOIETF-EQ.svg,EQ
LICMFGOLD,Gold,137.65,138,136.35,136.85,-0.8,-0.58,32725,4480052.5,,162,98.27,06-MAR-26,FACE VALUE SPLIT (SUB-DIVISION) - FROM RS 100/- PER SHARE TO RE 1/- PER SHARE,-98.62650046168051,0.03654970760232671,137.65,0,-98.62,-3.44,19-Sep-2025,21-Aug-2026,FACE VALUE SPLIT (SUB-DIVISION) - FROM RS 100/- PER SHARE TO RE 1/- PER SHARE,0.03654970760232671,06-MAR-26,-98.62650046168051,15.524691358024695,-39.25918388114379,https://nsearchives.nseindia.com/today/LICMFGOLDEQN.svg,https://nsearchives.nseindia.com/30d/LICMFGOLD-EQ.svg,https://nsearchives.nseindia.com/365d/LICMFGOLD-EQ.svg,EQ
CONS,Kotak Nifty India Consumption ETF,11.93,11.93,11.82,11.91,0.03,0.25,363516,4307664.6,11.8143,13.12,10.2,27-FEB-26,FACE VALUE SPLIT (SUB-DIVISION) - FROM RS 10/- PER SHARE TO RE 1/- PER SHARE,-90.68002191094766,-3.718674211802741,11.88,0,-90.68,-4.04,19-Sep-2025,21-Aug-2026,FACE VALUE SPLIT (SUB-DIVISION) - FROM RS 10/- PER SHARE TO RE 1/- PER SHARE,-3.718674211802741,27-FEB-26,-90.68002191094766,9.22256097560975,-16.76470588235295,https://nsearchives.nseindia.com/today/CONSEQN.svg,https://nsearchives.nseindia.com/30d/CONS-EQ.svg,https://nsearchives.nseindia.com/365d/CONS-EQ.svg,EQ
EQUAL50ADD,NIFTY 50 Equal Weight Index,334.35,336.48,333.6,336.48,2.13,0.64,12609,4225906.35,333.6638,361,304.78,-,-,-0.198724603292291,-2.5937934228809576,334.35,0,-0.57,-3.55,19-Sep-2025,21-Aug-2026,-,-2.5937934228809576,-,-0.198724603292291,6.792243767313014,-10.400944943893972,https://nsearchives.nseindia.com/today/EQUAL50ADDEQN.svg,https://nsearchives.nseindia.com/30d/EQUAL50ADD-EQ.svg,https://nsearchives.nseindia.com/365d/EQUAL50ADD-EQ.svg,EQ
GOLDBND,Commodity - Gold,153.5,154.7,151.07,151.42,-1.79,-1.17,27619,4197811.81,152.134,180.16,115.17,-,-,Infinity,-0.2371853999209472,153.21,0,0,-3.38,,21-Aug-2026,-,-0.2371853999209472,-,Infinity,15.952486678507999,-31.4752105583051,https://nsearchives.nseindia.com/today/GOLDBNDEQN.svg,https://nsearchives.nseindia.com/30d/GOLDBND-EQ.svg,,EQ
FINIETF,ICICI Prudential Nifty Financial Services Ex-Bank ETF,33.08,33.08,32.04,32.3,0.02,0.06,130385,4195789.3,32.3039,34.56,27.4,-,-,5.348988910632737,-2.12121212121213,32.28,0,5.28,-3.7,19-Sep-2025,21-Aug-2026,-,-2.12121212121213,-,5.348988910632737,6.539351851851866,-17.883211678832115,https://nsearchives.nseindia.com/today/FINIETFEQN.svg,https://nsearchives.nseindia.com/30d/FINIETF-EQ.svg,https://nsearchives.nseindia.com/365d/FINIETF-EQ.svg,EQ
GOLD360,Commodity-Gold,149.05,149.5,147.75,147.75,-1.35,-0.91,27960,4143951.6,148.7036,178,106.25,-,-,35.86206896551724,-0.37086985839515263,149.1,0,37.99,-3.68,19-Sep-2025,21-Aug-2026,-,-0.37086985839515263,-,35.86206896551724,16.99438202247191,-39.05882352941177,https://nsearchives.nseindia.com/today/GOLD360EQN.svg,https://nsearchives.nseindia.com/30d/GOLD360-EQ.svg,https://nsearchives.nseindia.com/365d/GOLD360-EQ.svg,EQ
MULTICAP,Nifty500 Multicap 50:25:25 Index,16.75,16.75,16.46,16.51,0.03,0.18,246684,4070286,16.4946,17.5,14.2,-,-,0,-1.4916467780429592,16.48,0,-0.12,-2.49,19-Sep-2025,21-Aug-2026,-,-1.4916467780429592,-,0,5.657142857142849,-16.267605633802834,https://nsearchives.nseindia.com/today/MULTICAPEQN.svg,https://nsearchives.nseindia.com/30d/MULTICAP-EQ.svg,https://nsearchives.nseindia.com/365d/MULTICAP-EQ.svg,EQ
BFSI,Nifty Financial Services Index,26.73,26.73,26.49,26.6,0.02,0.08,151394,4028594.34,26.5489,29.94,24.03,-,-,-3.5532994923857757,-1.7725258493352913,26.58,0,-3.1,-2.67,19-Sep-2025,21-Aug-2026,-,-1.7725258493352913,-,-3.5532994923857757,11.15564462257849,-10.694964627548897,https://nsearchives.nseindia.com/today/BFSIEQN.svg,https://nsearchives.nseindia.com/30d/BFSI-EQ.svg,https://nsearchives.nseindia.com/365d/BFSI-EQ.svg,EQ
SILVER360,Commodity-Silver,229.98,229.98,227.66,228.25,-1.73,-0.75,16663,3806662.35,231.0077,358,123.75,-,-,79.88021120655687,2.1801414629778875,229.98,0,80.49,-3.62,19-Sep-2025,21-Aug-2026,-,2.1801414629778875,-,79.88021120655687,36.24301675977654,-84.44444444444444,https://nsearchives.nseindia.com/today/SILVER360EQN.svg,https://nsearchives.nseindia.com/30d/SILVER360-EQ.svg,https://nsearchives.nseindia.com/365d/SILVER360-EQ.svg,EQ
IVZINGOLD,Gold,134.25,135.65,131.95,132.1,-1.65,-1.23,28217,3745524.58,132.4691,156,94.63,30-APR-26,FACE VALUE SPLIT (SUB-DIVISION) - FROM RS 100/- PER SHARE TO RE 1/- PER SHARE,-98.62951166626897,-0.2265861027190418,133.75,0,-98.6,-3.43,19-Sep-2025,21-Aug-2026,FACE VALUE SPLIT (SUB-DIVISION) - FROM RS 100/- PER SHARE TO RE 1/- PER SHARE,-0.2265861027190418,30-APR-26,-98.62951166626897,15.320512820512823,-39.59632251928564,https://nsearchives.nseindia.com/today/IVZINGOLDEQN.svg,https://nsearchives.nseindia.com/30d/IVZINGOLD-EQ.svg,https://nsearchives.nseindia.com/365d/IVZINGOLD-EQ.svg,EQ
SBIETFPB,Nifty Private Bank Index,279.97,284.44,277.49,278.9,-1.07,-0.38,13302,3730678.92,279.2261,304.58,244.18,-,-,0.9738966728214032,0.028692346316614332,279.97,0,1.61,-0.84,19-Sep-2025,21-Aug-2026,-,0.028692346316614332,-,0.9738966728214032,8.431282421695453,-14.219018756654915,https://nsearchives.nseindia.com/today/SBIETFPBEQN.svg,https://nsearchives.nseindia.com/30d/SBIETFPB-EQ.svg,https://nsearchives.nseindia.com/365d/SBIETFPB-EQ.svg,EQ
SELECTIPO,BSE Select IPO Index,48.44,48.94,48.26,48.38,-0.06,-0.12,73362,3555856.14,48.4018,52.07,37.8,-,-,-4.368452263293142,0.12417218543046828,48.44,0,-4.31,-0.82,19-Sep-2025,21-Aug-2026,-,0.12417218543046828,-,-4.368452263293142,7.086614173228342,-27.989417989418005,https://nsearchives.nseindia.com/today/SELECTIPOEQN.svg,https://nsearchives.nseindia.com/30d/SELECTIPO-EQ.svg,https://nsearchives.nseindia.com/365d/SELECTIPO-EQ.svg,EQ
EVIETF,Nifty EV & New Age Automotive ETF,32.04,32.04,31.71,31.96,-0.08,-0.25,109071,3476092.77,31.8426,36,26.28,-,-,-2.6500152299725785,-5.667060212514762,32.04,0,-0.09,-4.9,19-Sep-2025,21-Aug-2026,-,-5.667060212514762,-,-2.6500152299725785,11.22222222222222,-21.61339421613394,https://nsearchives.nseindia.com/today/EVIETFEQN.svg,https://nsearchives.nseindia.com/30d/EVIETF-EQ.svg,https://nsearchives.nseindia.com/365d/EVIETF-EQ.svg,EQ
NIF100BEES,Nifty 100 TRI,259,261.53,254.2,260.21,-0.51,-0.20,13331,3473658.67,260.1341,290,240,-,-,-5.402261242592799,-2.7506820645064893,260.72,0,-5.01,-3.4,19-Sep-2025,21-Aug-2026,-,-2.7506820645064893,-,-5.402261242592799,10.272413793103455,-8.420833333333325,https://nsearchives.nseindia.com/today/NIF100BEESEQN.svg,https://nsearchives.nseindia.com/30d/NIF100BEES-EQ.svg,https://nsearchives.nseindia.com/365d/NIF100BEES-EQ.svg,EQ
AONEGOLD,Domestic price of Gold,14.16,14.38,14.16,14.21,-0.09,-0.63,244203,3470124.63,14.2303,17.73,10.22,-,-,37.162162162162176,-0.07032348804500553,14.3,0,38.7,-3.31,19-Sep-2025,21-Aug-2026,-,-0.07032348804500553,-,37.162162162162176,19.853355893965027,-39.04109589041096,https://nsearchives.nseindia.com/today/AONEGOLDEQN.svg,https://nsearchives.nseindia.com/30d/AONEGOLD-EQ.svg,https://nsearchives.nseindia.com/365d/AONEGOLD-EQ.svg,EQ
MOGOLD,Domestic Price of Physical Gold,151.9,151.9,150,150.6,-0.75,-0.50,22834,3435375.3,150.6273,175,108,-,-,37.65996343692869,0.19960079840318226,151.35,0,38.22,-3.63,19-Sep-2025,21-Aug-2026,-,0.19960079840318226,-,37.65996343692869,13.942857142857145,-39.444444444444436,https://nsearchives.nseindia.com/today/MOGOLDEQN.svg,https://nsearchives.nseindia.com/30d/MOGOLD-EQ.svg,https://nsearchives.nseindia.com/365d/MOGOLD-EQ.svg,EQ
MOMOMENTUM,Nifty 200 Momentum 30 Total Return Index,61.81,61.81,61.28,61.28,-0.27,-0.44,53672,3294924.08,61.5989,66.28,54.32,11-AUG-22,FACE VALUE SPLIT (SUB-DIVISION) - FROM RS 10/- PER UNIT TO RS 2/- PER UNIT,-2.9304609535878368,-1.6056518946692357,61.55,0,-2.15,-1.36,19-Sep-2025,21-Aug-2026,FACE VALUE SPLIT (SUB-DIVISION) - FROM RS 10/- PER UNIT TO RS 2/- PER UNIT,-1.6056518946692357,11-AUG-22,-2.9304609535878368,7.543753771876886,-12.81296023564065,https://nsearchives.nseindia.com/today/MOMOMENTUMEQN.svg,https://nsearchives.nseindia.com/30d/MOMOMENTUM-EQ.svg,https://nsearchives.nseindia.com/365d/MOMOMENTUM-EQ.svg,EQ
HDFCNIFIT,HDFC NIFTY IT ETF,30.76,31.02,30.5,31.02,0.33,1.08,104650,3227406,30.8513,42.3,27.32,02-FEB-24,FACE VALUE SPLIT (SUB-DIVISION) - FROM RS 299.92/- PER SHARE TO RS 29.992/- PER SHARE,-19.32379713914175,-4.170528266913802,30.69,0,-19.87,-6.03,19-Sep-2025,21-Aug-2026,FACE VALUE SPLIT (SUB-DIVISION) - FROM RS 299.92/- PER SHARE TO RS 29.992/- PER SHARE,-4.170528266913802,02-FEB-24,-19.32379713914175,26.666666666666664,-13.543191800878475,https://nsearchives.nseindia.com/today/HDFCNIFITEQN.svg,https://nsearchives.nseindia.com/30d/HDFCNIFIT-EQ.svg,https://nsearchives.nseindia.com/365d/HDFCNIFIT-EQ.svg,EQ
MIDSELIETF,S&P BSE Midcap Select Index,20.12,20.12,19.53,19.7,0.07,0.36,162353,3191859.98,19.6087,20.39,14.55,10-MAY-24,FACE VALUE SPLIT (SUB-DIVISION) - FROM RS 10/- PER SHARE TO RE 1/- PER SHARE,9.627156371730665,-0.8555611474584887,19.63,0,9.3,-2,19-Sep-2025,21-Aug-2026,FACE VALUE SPLIT (SUB-DIVISION) - FROM RS 10/- PER SHARE TO RE 1/- PER SHARE,-0.8555611474584887,10-MAY-24,9.627156371730665,3.3840117704757295,-35.395189003436414,https://nsearchives.nseindia.com/today/MIDSELIETFEQN.svg,https://nsearchives.nseindia.com/30d/MIDSELIETF-EQ.svg,https://nsearchives.nseindia.com/365d/MIDSELIETF-EQ.svg,EQ
AONESILVER,Domestic price of Silver,8.9,9.04,8.84,8.9,-0.06,-0.67,344504,3062640.56,8.9698,12,7.43,-,-,Infinity,2.6528258362168446,8.96,0,0,-3.24,,21-Aug-2026,-,2.6528258362168446,-,Infinity,25.83333333333333,-19.78465679676986,https://nsearchives.nseindia.com/today/AONESILVEREQN.svg,https://nsearchives.nseindia.com/30d/AONESILVER-EQ.svg,,EQ
MOM50,Nifty 50,250,250,244.36,246.5,-0.92,-0.37,12352,3029080.96,244.7137,279.33,221.55,16-OCT-14,FACE VALUE SPLIT FROM RS.10/- TO RS.7/-,-6.330749354005177,-2.2794846382556986,247.42,0,-5.86,-2.33,19-Sep-2025,21-Aug-2026,FACE VALUE SPLIT FROM RS.10/- TO RS.7/-,-2.2794846382556986,16-OCT-14,-6.330749354005177,11.75312354562703,-11.26156623786955,https://nsearchives.nseindia.com/today/MOM50EQN.svg,https://nsearchives.nseindia.com/30d/MOM50-EQ.svg,https://nsearchives.nseindia.com/365d/MOM50-EQ.svg,EQ
FLEXIADD,Nifty500 Flexicap Quality 30 TRI,9.79,9.79,9.59,9.65,-0.14,-1.43,301133,2917978.77,9.7758,11.9,8.73,-,-,Infinity,-5.206286836935161,9.79,0,0,-3.93,,21-Aug-2026,-,-5.206286836935161,-,Infinity,18.907563025210084,-10.538373424971363,https://nsearchives.nseindia.com/today/FLEXIADDEQN.svg,https://nsearchives.nseindia.com/30d/FLEXIADD-EQ.svg,,EQ
BSE500IETF,S&P BSE 500 index,38.76,39.39,38.63,38.81,0.05,0.13,73756,2860995.24,38.5442,42.05,34.5,28-OCT-21, FACE VALUE SPLIT (SUB-DIVISION) - FROM RS 10/- PER SHARE TO RE 1/- PER SHARE,-2.019691996970455,-2.09384460141271,38.76,0,-2.61,-2.86,19-Sep-2025,21-Aug-2026, FACE VALUE SPLIT (SUB-DIVISION) - FROM RS 10/- PER SHARE TO RE 1/- PER SHARE,-2.09384460141271,28-OCT-21,-2.019691996970455,7.705112960760987,-12.492753623188412,https://nsearchives.nseindia.com/today/BSE500IETFEQN.svg,https://nsearchives.nseindia.com/30d/BSE500IETF-EQ.svg,https://nsearchives.nseindia.com/365d/BSE500IETF-EQ.svg,EQ
CONSUMER,Nifty India New AgeConsumption,11.8,12.04,11.79,11.85,0.05,0.42,241218,2848784.58,11.8001,12.74,9.69,-,-,-4.742765273311896,-2.948402948402958,11.8,0,-5.07,-3.91,19-Sep-2025,21-Aug-2026,-,-2.948402948402958,-,-4.742765273311896,6.9858712715855615,-22.291021671826627,https://nsearchives.nseindia.com/today/CONSUMEREQN.svg,https://nsearchives.nseindia.com/30d/CONSUMER-EQ.svg,https://nsearchives.nseindia.com/365d/CONSUMER-EQ.svg,EQ
SBINEQWETF,Nifty50 Equal Weight,32.21,32.99,32.2,32.74,0.54,1.68,86419,2815531.02,32.4583,36.4,29.64,-,-,0,-2.1225710014947707,32.2,0,-1.47,-4.34,19-Sep-2025,21-Aug-2026,-,-2.1225710014947707,-,0,10.054945054945046,-10.458839406207831,https://nsearchives.nseindia.com/today/SBINEQWETFEQN.svg,https://nsearchives.nseindia.com/30d/SBINEQWETF-EQ.svg,https://nsearchives.nseindia.com/365d/SBINEQWETF-EQ.svg,EQ
SBIMIDMOM,Nifty Midcap 150 Momentum 50 Index,64.57,65.27,62.74,64.5,1.17,1.85,44003,2782309.69,63.3587,67.74,53.86,-,-,Infinity,1.3195098963242278,63.33,0,0,-0.89,,21-Aug-2026,-,1.3195098963242278,-,Infinity,4.782993799822845,-19.754920163386558,https://nsearchives.nseindia.com/today/SBIMIDMOMEQN.svg,https://nsearchives.nseindia.com/30d/SBIMIDMOM-EQ.svg,,EQ
BANKBETA,Nifty Bank,58.37,58.59,58.24,58.37,0,0.00,45066,2630502.42,58.3757,73.7,51.3,17-FEB-21, FACE VALUE SPLIT (SUB-DIVISION) - FROM RS 10/- PER UNIT TO RE 1/- PER UNIT,Infinity,-1.4519669086611506,58.37,0,0,-2.08,,21-Aug-2026, FACE VALUE SPLIT (SUB-DIVISION) - FROM RS 10/- PER UNIT TO RE 1/- PER UNIT,-1.4519669086611506,17-FEB-21,Infinity,20.800542740841255,-13.781676413255362,https://nsearchives.nseindia.com/today/BANKBETAEQN.svg,https://nsearchives.nseindia.com/30d/BANKBETA-EQ.svg,,EQ
MOENERGY,Nifty Energy Index,38,38.19,37.9,38.08,0.08,0.21,68265,2592704.7,38.0111,43,33,-,-,Infinity,-0.6781429316640717,38,0,0,-0.94,,21-Aug-2026,-,-0.6781429316640717,-,Infinity,11.441860465116283,-15.39393939393939,https://nsearchives.nseindia.com/today/MOENERGYEQN.svg,https://nsearchives.nseindia.com/30d/MOENERGY-EQ.svg,,EQ
MOTOUR,Nifty India Tourism Total Return Index,79.29,79.29,77.71,78,0.05,0.06,32523,2553380.73,78.2352,94.8,64,-,-,-16.26409017713366,-1.812688821752263,77.95,0,-16.13,-1.7,19-Sep-2025,21-Aug-2026,-,-1.812688821752263,-,-16.26409017713366,17.72151898734177,-21.875,https://nsearchives.nseindia.com/today/MOTOUREQN.svg,https://nsearchives.nseindia.com/30d/MOTOUR-EQ.svg,https://nsearchives.nseindia.com/365d/MOTOUR-EQ.svg,EQ
GROWWMETAL,Nifty Metal Index,12.37,12.5,12.37,12.39,0.02,0.16,202193,2509215.13,12.4428,13.45,10.03,-,-,Infinity,0.5681818181818205,12.37,0,0,-0.72,,21-Aug-2026,-,0.5681818181818205,-,Infinity,7.881040892193299,-23.529411764705895,https://nsearchives.nseindia.com/today/GROWWMETALEQN.svg,https://nsearchives.nseindia.com/30d/GROWWMETAL-EQ.svg,,EQ
MOVALUE,Motilal Oswal S&P BSE Enhanced Value ETF,111.46,111.83,110.48,110.5,-0.41,-0.37,22034,2441807.88,110.7634,128.77,100.6,-,-,5.509405137018996,-2.2469922151450867,110.91,0,5.39,-1.75,19-Sep-2025,21-Aug-2026,-,-2.2469922151450867,-,5.509405137018996,14.18808728741167,-9.840954274353884,https://nsearchives.nseindia.com/today/MOVALUEEQN.svg,https://nsearchives.nseindia.com/30d/MOVALUE-EQ.svg,https://nsearchives.nseindia.com/365d/MOVALUE-EQ.svg,EQ
MOGSEC,Nifty 5 yr Benchmark G-Sec Index,63.49,65.5,63.49,65.3,0.18,0.28,37124,2414544.96,64.9619,67.33,60.74,-,-,5.305595871633606,0.16873753643196723,65.12,0,4.86,-0.34,19-Sep-2025,21-Aug-2026,-,0.16873753643196723,-,5.305595871633606,3.015000742611022,-7.507408626934467,https://nsearchives.nseindia.com/today/MOGSECEQN.svg,https://nsearchives.nseindia.com/30d/MOGSEC-EQ.svg,https://nsearchives.nseindia.com/365d/MOGSEC-EQ.svg,EQ
INTERNET,Equity Index,15.08,15.08,14.62,14.79,0.07,0.48,152314,2240538.94,14.6868,15.8,10.72,-,-,0.7493188010899144,3.282122905027925,14.72,0,0.34,0.96,19-Sep-2025,21-Aug-2026,-,3.282122905027925,-,0.7493188010899144,6.392405063291148,-37.966417910447745,https://nsearchives.nseindia.com/today/INTERNETEQN.svg,https://nsearchives.nseindia.com/30d/INTERNET-EQ.svg,https://nsearchives.nseindia.com/365d/INTERNET-EQ.svg,EQ
EQUAL50,Nifty50 Equal Weight,330.25,330.25,323.25,324.6,0.83,0.26,6572,2133402.64,323.0219,342.88,295.16,-,-,-0.40806308102966404,-2.4375582338973754,323.77,0,-0.83,-3.33,19-Sep-2025,21-Aug-2026,-,-2.4375582338973754,-,-0.40806308102966404,5.331311245916931,-9.974251253557393,https://nsearchives.nseindia.com/today/EQUAL50EQN.svg,https://nsearchives.nseindia.com/30d/EQUAL50-EQ.svg,https://nsearchives.nseindia.com/365d/EQUAL50-EQ.svg,EQ
SHARIABEES,Shariah,438.88,443.95,436.59,440.2,1.32,0.30,4779,2101851.99,437.3514,534.61,433.68,10-MAR-14,DIVIDEND-RS.2 PER UNIT,-13.385671841489094,-3.806651807176263,438.88,0,-13.51,-4.46,19-Sep-2025,21-Aug-2026,DIVIDEND-RS.2 PER UNIT,-3.806651807176263,10-MAR-14,-13.385671841489094,17.659602326929914,-1.503412654491787,https://nsearchives.nseindia.com/today/SHARIABEESEQN.svg,https://nsearchives.nseindia.com/30d/SHARIABEES-EQ.svg,https://nsearchives.nseindia.com/365d/SHARIABEES-EQ.svg,EQ
GROWWCHEM,Nifty Chemicals Index - TRI,29.3,29.78,29.11,29.16,-0.14,-0.48,70882,2081804.34,29.3519,31.74,24.64,-,-,Infinity,-4.20499342969777,29.3,0,0,-1.94,,21-Aug-2026,-,-4.20499342969777,-,Infinity,8.128544423440449,-18.344155844155843,https://nsearchives.nseindia.com/today/GROWWCHEMEQN.svg,https://nsearchives.nseindia.com/30d/GROWWCHEM-EQ.svg,,EQ
SENSEXETF,Mirae Asset S&P BSE Sensex ETF,77,77.48,76.99,77.24,0.08,0.10,26799,2069686.77,76.7462,88.7,73.33,-,-,-8.947306377460809,-2.8549867941139606,77.16,0,-8.84,-3.77,19-Sep-2025,21-Aug-2026,-,-2.8549867941139606,-,-8.947306377460809,12.919954904171375,-5.332060548206732,https://nsearchives.nseindia.com/today/SENSEXETFEQN.svg,https://nsearchives.nseindia.com/30d/SENSEXETF-EQ.svg,https://nsearchives.nseindia.com/365d/SENSEXETF-EQ.svg,EQ
NIF500BETA,Nifty 500,37.57,37.57,36.71,36.76,0.1,0.27,54731,2011911.56,36.7478,38.3,35.83,-,-,Infinity,Infinity,36.66,0,0,0,,,-,Infinity,-,Infinity,4.020887728459528,-2.595590287468601,https://nsearchives.nseindia.com/today/NIF500BETAEQN.svg,,,EQ
TOP15IETF,Nifty Top 15 Equal Weight Index,9.52,9.6,9.48,9.55,0.06,0.63,210301,1999962.51,9.4765,11.36,9.15,-,-,-10.075329566854977,-3.437815975733062,9.49,0,-10.47,-4.81,19-Sep-2025,21-Aug-2026,-,-3.437815975733062,-,-10.075329566854977,15.933098591549287,-4.371584699453556,https://nsearchives.nseindia.com/today/TOP15IETFEQN.svg,https://nsearchives.nseindia.com/30d/TOP15IETF-EQ.svg,https://nsearchives.nseindia.com/365d/TOP15IETF-EQ.svg,EQ
HDFCNIFBAN,Nifty Bank,57.85,58.31,57.85,58.26,0.27,0.47,34156,1987537.64,58.0964,65.54,51.2,02-FEB-24,FACE VALUE SPLIT (SUB-DIVISION) - FROM RS 223.31/- PER SHARE TO RS 22.331/- PER SHARE,1.7997553730560916,-1.2542372881355965,57.99,0,1.68,-2.51,19-Sep-2025,21-Aug-2026,FACE VALUE SPLIT (SUB-DIVISION) - FROM RS 223.31/- PER SHARE TO RS 22.331/- PER SHARE,-1.2542372881355965,02-FEB-24,1.7997553730560916,11.107720476045174,-13.789062499999991,https://nsearchives.nseindia.com/today/HDFCNIFBANEQN.svg,https://nsearchives.nseindia.com/30d/HDFCNIFBAN-EQ.svg,https://nsearchives.nseindia.com/365d/HDFCNIFBAN-EQ.svg,EQ
NIFTYAXIS,Nifty 50,252.74,262,252.74,259.03,-0.2,-0.08,7644,1986675.6,258.7057,296.38,244,23-JUL-20, FACE VALUE SPLIT (SUB-DIVISION) - FROM RS 100/- PER SHARE TO RS 10/- PER SHARE,Infinity,-2.864964187947667,259.23,0,0,-3.47,,21-Aug-2026, FACE VALUE SPLIT (SUB-DIVISION) - FROM RS 100/- PER SHARE TO RS 10/- PER SHARE,-2.864964187947667,23-JUL-20,Infinity,12.602064916661051,-6.159836065573759,https://nsearchives.nseindia.com/today/NIFTYAXISEQN.svg,https://nsearchives.nseindia.com/30d/NIFTYAXIS-EQ.svg,,EQ
TNIDETF,Nifty India Digital Index,88.35,89,87.93,88.06,-0.28,-0.32,22420,1981031.2,89.0995,103.26,74.5,-,-,-8.43298325881252,-2.2207417277370642,88.34,0,-8.02,-2.71,19-Sep-2025,21-Aug-2026,-,-2.2207417277370642,-,-8.43298325881252,14.720123958938602,-18.2013422818792,https://nsearchives.nseindia.com/today/TNIDETFEQN.svg,https://nsearchives.nseindia.com/30d/TNIDETF-EQ.svg,https://nsearchives.nseindia.com/365d/TNIDETF-EQ.svg,EQ
ELIQUID,Nifty 1D Rate Index (Debt Index),1048.56,1048.56,1048.54,1048.54,0.14,0.01,1883,1974400.82,1048.4107,1051.22,996,-,-,Infinity,0.41466754771549086,1048.4,0,0,0.35,,21-Aug-2026,-,0.41466754771549086,-,Infinity,0.25494187705713967,-5.275100401606422,https://nsearchives.nseindia.com/today/ELIQUIDEQN.svg,https://nsearchives.nseindia.com/30d/ELIQUID-EQ.svg,,EQ
MOMIDMTM,Nifty Midcap 150 Momentum 50 Total Return Index,64.19,64.48,63.79,64.15,0.25,0.39,29095,1860334.3,64.1669,70,54.78,-,-,2.0684168655529103,-0.5426356589147199,63.9,0,2.08,-1.3,19-Sep-2025,21-Aug-2026,-,-0.5426356589147199,-,2.0684168655529103,8.357142857142849,-17.104782767433377,https://nsearchives.nseindia.com/today/MOMIDMTMEQN.svg,https://nsearchives.nseindia.com/30d/MOMIDMTM-EQ.svg,https://nsearchives.nseindia.com/365d/MOMIDMTM-EQ.svg,EQ
SBIETFIT,Nifty IT Index,319.24,321.88,316.7,321.88,2.63,0.82,5816,1856699.84,320.133,439.27,285,-,-,-19.45146517854909,-4.412900160361113,319.25,0,-19.96,-5.81,19-Sep-2025,21-Aug-2026,-,-4.412900160361113,-,-19.45146517854909,26.723882805563772,-12.94035087719298,https://nsearchives.nseindia.com/today/SBIETFITEQN.svg,https://nsearchives.nseindia.com/30d/SBIETFIT-EQ.svg,https://nsearchives.nseindia.com/365d/SBIETFIT-EQ.svg,EQ
LIQUIDSBI,SBI NIFTY 1D Rate ETF,999.99,1000.01,999.99,999.99,0,0.00,1854,1854000,1000,1010.02,970.23,-,-,0,-0.0009999999999990906,999.99,0,0,0,19-Sep-2025,21-Aug-2026,-,-0.0009999999999990906,-,0,0.9930496425813323,-3.067313935870875,https://nsearchives.nseindia.com/today/LIQUIDSBIEQN.svg,https://nsearchives.nseindia.com/30d/LIQUIDSBI-EQ.svg,https://nsearchives.nseindia.com/365d/LIQUIDSBI-EQ.svg,EQ
AONETOTAL,Nifty Total Market Index,11.73,11.78,11.62,11.69,0.01,0.09,154502,1809218.42,11.7001,12.51,9.6,-,-,-1.7647058823529482,-1.9295302013422855,11.68,0,-2.01,-2.75,19-Sep-2025,21-Aug-2026,-,-1.9295302013422855,-,-1.7647058823529482,6.554756195043967,-21.770833333333336,https://nsearchives.nseindia.com/today/AONETOTALEQN.svg,https://nsearchives.nseindia.com/30d/AONETOTAL-EQ.svg,https://nsearchives.nseindia.com/365d/AONETOTAL-EQ.svg,EQ
EBBETF0433,BHARAT Bond ETF-April 2033,1307.1,1307.1,1302,1302,-1.19,-0.09,1353,1763649.03,1306.2229,1350.32,1243.25,-,-,3.8691663342640608,-1.095395086674471,1303.19,0,4.14,-1.1,19-Sep-2025,21-Aug-2026,-,-1.095395086674471,-,3.8691663342640608,3.578411043308248,-4.725517796098934,https://nsearchives.nseindia.com/today/EBBETF0433EQN.svg,https://nsearchives.nseindia.com/30d/EBBETF0433-EQ.svg,https://nsearchives.nseindia.com/365d/EBBETF0433-EQ.svg,EQ
NIFTY100EW,Nifty 100 Equal Weight Index,33.45,35.37,33.45,34.25,-0.06,-0.17,49706,1714857,34.348,41.41,29.84,-,-,1.1219368172424051,-3.248587570621465,34.31,0,1.27,-3.43,19-Sep-2025,21-Aug-2026,-,-3.248587570621465,-,1.1219368172424051,17.290509538758748,-14.77882037533512,https://nsearchives.nseindia.com/today/NIFTY100EWEQN.svg,https://nsearchives.nseindia.com/30d/NIFTY100EW-EQ.svg,https://nsearchives.nseindia.com/365d/NIFTY100EW-EQ.svg,EQ
ITAXIS,NIFTY IT Index,315.5,326.88,315,315,-1.58,-0.50,5158,1643390.38,318.1209,439.67,230.7,-,-,Infinity,-5.984181465452921,316.58,0,0,-6.08,,21-Aug-2026,-,-5.984181465452921,-,Infinity,28.355357427161284,-36.540962288686615,https://nsearchives.nseindia.com/today/ITAXISEQN.svg,https://nsearchives.nseindia.com/30d/ITAXIS-EQ.svg,,EQ
DIVOPPBEES,Nifty Dividend Opportunities 50 TRI,75.45,75.45,73.88,75,0.29,0.39,21581,1611237.46,74.6153,87.09,72.13,-,-,-5.051272312951,-3.0882542964207267,74.71,0,-5.47,-3.81,19-Sep-2025,21-Aug-2026,-,-3.0882542964207267,-,-5.051272312951,13.88219083706511,-3.9789269374740117,https://nsearchives.nseindia.com/today/DIVOPPBEESEQN.svg,https://nsearchives.nseindia.com/30d/DIVOPPBEES-EQ.svg,https://nsearchives.nseindia.com/365d/DIVOPPBEES-EQ.svg,EQ
NIFTYJBLK,INDEX,12.27,12.27,11.96,11.97,-0.01,-0.08,128099,1537188,11.972,13.05,9.94,-,-,Infinity,Infinity,11.98,0,0,-3.85,,21-Aug-2026,-,Infinity,-,Infinity,8.275862068965516,-20.42253521126762,https://nsearchives.nseindia.com/today/NIFTYJBLKEQN.svg,https://nsearchives.nseindia.com/30d/NIFTYJBLK-EQ.svg,,EQ
QNIFTY,Nifty 50,259.99,259.99,256.4,258.5,0.88,0.34,5809,1500406.61,257.2585,291.19,243.2,13-FEB-26,FACE VALUE SPLIT (SUB-DIVISION) - FROM RS 10/- PER UNIT TO RE 1/- PER UNIT,-90.66787003610108,-2.526395173453993,257.62,0,-90.68,-3.61,19-Sep-2025,21-Aug-2026,FACE VALUE SPLIT (SUB-DIVISION) - FROM RS 10/- PER UNIT TO RE 1/- PER UNIT,-2.526395173453993,13-FEB-26,-90.66787003610108,11.226347058621519,-6.291118421052636,https://nsearchives.nseindia.com/today/QNIFTYEQN.svg,https://nsearchives.nseindia.com/30d/QNIFTY-EQ.svg,https://nsearchives.nseindia.com/365d/QNIFTY-EQ.svg,EQ
GROWWSC250,Nifty Smallcap 250 Index - TRI,10.65,10.65,10.45,10.54,0,0.00,140528,1485380.96,10.5622,10.97,8,-,-,Infinity,-0.28382213812678464,10.54,0,0,-0.57,,21-Aug-2026,-,-0.28382213812678464,-,Infinity,3.9197812215132313,-31.74999999999999,https://nsearchives.nseindia.com/today/GROWWSC250EQN.svg,https://nsearchives.nseindia.com/30d/GROWWSC250-EQ.svg,,EQ
HDFCPSUBK,HDFC NIFTY PSU BANK ETF,82.55,84.25,82.55,83.91,-0.22,-0.26,17132,1439259.32,84.1666,101.25,71.68,-,-,14.132208922742112,-3.0278516121576384,84.13,0,12.94,-2.82,19-Sep-2025,21-Aug-2026,-,-3.0278516121576384,-,14.132208922742112,17.12592592592593,-17.0619419642857,https://nsearchives.nseindia.com/today/HDFCPSUBKEQN.svg,https://nsearchives.nseindia.com/30d/HDFCPSUBK-EQ.svg,https://nsearchives.nseindia.com/365d/HDFCPSUBK-EQ.svg,EQ
HDFCPVTBAN,HDFC NIFTY Private Bank ETF,28.52,28.52,27.83,28,0.17,0.61,49216,1375587.2,27.8534,30.17,24.31,02-FEB-24,FACE VALUE SPLIT (SUB-DIVISION) - FROM RS 216.75/- PER SHARE TO RS 21.675/- PER SHARE,1.5965166908563182,0.828231904933383,27.83,0,1.31,-1,19-Sep-2025,21-Aug-2026,FACE VALUE SPLIT (SUB-DIVISION) - FROM RS 216.75/- PER SHARE TO RS 21.675/- PER SHARE,0.828231904933383,02-FEB-24,1.5965166908563182,7.192575406032488,-15.17893870835048,https://nsearchives.nseindia.com/today/HDFCPVTBANEQN.svg,https://nsearchives.nseindia.com/30d/HDFCPVTBAN-EQ.svg,https://nsearchives.nseindia.com/365d/HDFCPVTBAN-EQ.svg,EQ
QUAL30IETF,ICICI Prudential Nifty 200 Quality 30 ETF,20.44,20.55,20.32,20.42,0.07,0.34,66447,1354854.33,20.3354,23,18,10-MAY-24,FACE VALUE SPLIT (SUB-DIVISION) - FROM RS 10/- PER SHARE TO RE 1/- PER SHARE,-6.330275229357793,-3.996238834038542,20.35,0,-6.48,-4.59,19-Sep-2025,21-Aug-2026,FACE VALUE SPLIT (SUB-DIVISION) - FROM RS 10/- PER SHARE TO RE 1/- PER SHARE,-3.996238834038542,10-MAY-24,-6.330275229357793,11.217391304347819,-13.444444444444454,https://nsearchives.nseindia.com/today/QUAL30IETFEQN.svg,https://nsearchives.nseindia.com/30d/QUAL30IETF-EQ.svg,https://nsearchives.nseindia.com/365d/QUAL30IETF-EQ.svg,EQ
BBETF0432,Nifty BHARAT Bond Index - April 2032,1340.56,1344.5,1340.55,1341.99,4.19,0.31,1005,1348418.55,1344.3221,1378,1284,-,-,4.3546217311176605,-1.1367152392037883,1337.8,0,3.9,-0.91,19-Sep-2025,21-Aug-2026,-,-1.1367152392037883,-,4.3546217311176605,2.613207547169811,-4.516355140186916,https://nsearchives.nseindia.com/today/BBETF0432EQN.svg,https://nsearchives.nseindia.com/30d/BBETF0432-EQ.svg,https://nsearchives.nseindia.com/365d/BBETF0432-EQ.svg,EQ
SBIBPB,BSE PSU Bank Index TRI,48.21,48.64,48.04,48.04,-0.17,-0.35,26697,1286795.4,48.2097,58.27,40.7,-,-,13.382109983478882,-3.630892678034107,48.21,0,12.06,-3.19,19-Sep-2025,21-Aug-2026,-,-3.630892678034107,-,13.382109983478882,17.55620387849666,-18.034398034398023,https://nsearchives.nseindia.com/today/SBIBPBEQN.svg,https://nsearchives.nseindia.com/30d/SBIBPB-EQ.svg,https://nsearchives.nseindia.com/365d/SBIBPB-EQ.svg,EQ
NIF100IETF,Nifty 100,27.26,27.6,27.26,27.32,-0.08,-0.29,46412,1273081.16,27.363,30.88,23,10-MAY-24,FACE VALUE SPLIT (SUB-DIVISION) - FROM RS 10/- PER SHARE TO RE 1/- PER SHARE,-5.695547117707969,-3.189227498228202,27.4,0,-5.19,-3.25,19-Sep-2025,21-Aug-2026,FACE VALUE SPLIT (SUB-DIVISION) - FROM RS 10/- PER SHARE TO RE 1/- PER SHARE,-3.189227498228202,10-MAY-24,-5.695547117707969,11.528497409326421,-18.782608695652176,https://nsearchives.nseindia.com/today/NIF100IETFEQN.svg,https://nsearchives.nseindia.com/30d/NIF100IETF-EQ.svg,https://nsearchives.nseindia.com/365d/NIF100IETF-EQ.svg,EQ
VALUEAXIS,Nifty500 Value 50 TRI,32.13,32.47,32.01,32.2,0.07,0.22,38978,1255091.6,32.2382,39,26.76,-,-,Infinity,-1.2269938650306704,32.13,0,0,-1.89,,21-Aug-2026,-,-1.2269938650306704,-,Infinity,17.43589743589743,-20.3288490284006,https://nsearchives.nseindia.com/today/VALUEAXISEQN.svg,https://nsearchives.nseindia.com/30d/VALUEAXIS-EQ.svg,,EQ
VAL30IETF,Nifty200 Value 30 Index,14.82,14.93,14.8,14.81,-0.07,-0.47,83251,1237109.86,14.8893,17.7,13.1,-,-,11.102775693923485,-2.5016458196181635,14.88,0,11.04,-2.3,19-Sep-2025,21-Aug-2026,-,-2.5016458196181635,-,11.102775693923485,16.327683615819204,-13.053435114503824,https://nsearchives.nseindia.com/today/VAL30IETFEQN.svg,https://nsearchives.nseindia.com/30d/VAL30IETF-EQ.svg,https://nsearchives.nseindia.com/365d/VAL30IETF-EQ.svg,EQ
GROWWRLTY,Index,9.75,9.75,9.49,9.51,-0.03,-0.31,127032,1213155.6,9.47,11.3,7.17,-,-,Infinity,-4.9950049950049955,9.54,0,0,-6.74,,21-Aug-2026,-,-4.9950049950049955,-,Infinity,15.840707964601776,-32.63598326359833,https://nsearchives.nseindia.com/today/GROWWRLTYEQN.svg,https://nsearchives.nseindia.com/30d/GROWWRLTY-EQ.svg,,EQ
TECH,Nifty IT TRI Index,32.18,32.55,31.15,31.77,0.22,0.70,37388,1179965.28,31.612,49.41,28,-,-,-18.809097878865327,-6.996487119437932,31.55,0,-18.98,-5.91,19-Sep-2025,21-Aug-2026,-,-6.996487119437932,-,-18.809097878865327,35.701275045537336,-13.464285714285712,https://nsearchives.nseindia.com/today/TECHEQN.svg,https://nsearchives.nseindia.com/30d/TECH-EQ.svg,https://nsearchives.nseindia.com/365d/TECH-EQ.svg,EQ
AONENIFTY,Nifty 50 Index,9.89,9.89,9.4,9.66,0.01,0.10,120347,1163755.49,9.652,12,9,-,-,-7.025986525505298,-2.9145728643216,9.65,0,-6.85,-3.5,19-Sep-2025,21-Aug-2026,-,-2.9145728643216,-,-7.025986525505298,19.5,-7.333333333333335,https://nsearchives.nseindia.com/today/AONENIFTYEQN.svg,https://nsearchives.nseindia.com/30d/AONENIFTY-EQ.svg,https://nsearchives.nseindia.com/365d/AONENIFTY-EQ.svg,EQ
NV20,Nifty50 Value 20,13.24,13.78,13.24,13.6,0.02,0.15,85835,1161347.55,13.4939,16.87,12.62,27-FEB-26,FACE VALUE SPLIT (SUB-DIVISION) - FROM RS 10/- PER SHARE TO RE 1/- PER SHARE,-90.96285467472923,-2.1582733812949693,13.58,0,-90.96,-2.86,19-Sep-2025,21-Aug-2026,FACE VALUE SPLIT (SUB-DIVISION) - FROM RS 10/- PER SHARE TO RE 1/- PER SHARE,-2.1582733812949693,27-FEB-26,-90.96285467472923,19.383521043272086,-7.765451664025361,https://nsearchives.nseindia.com/today/NV20EQN.svg,https://nsearchives.nseindia.com/30d/NV20-EQ.svg,https://nsearchives.nseindia.com/365d/NV20-EQ.svg,EQ
MOMGF,Nifty India Manufacturing Total Return Index,160.03,163,157.23,160.07,0.44,0.28,6953,1103649.69,159.0075,182.16,137.9,-,-,5.733535900653945,-2.9643549951503485,159.63,0,4.93,-3.37,19-Sep-2025,21-Aug-2026,-,-2.9643549951503485,-,5.733535900653945,12.126701800614846,-16.076867295141398,https://nsearchives.nseindia.com/today/MOMGFEQN.svg,https://nsearchives.nseindia.com/30d/MOMGF-EQ.svg,https://nsearchives.nseindia.com/365d/MOMGF-EQ.svg,EQ
SNXT50BETA,BSE Sensex Next 50,90.53,95.38,90.53,94.47,1.61,1.73,11653,1100509.32,93.5807,99,77.11,17-FEB-21, FACE VALUE SPLIT (SUB-DIVISION) - FROM RS 10/- PER UNIT TO RE 1/- PER UNIT,Infinity,-1.8799335272123,92.86,0,0,-3.39,,21-Aug-2026, FACE VALUE SPLIT (SUB-DIVISION) - FROM RS 10/- PER UNIT TO RE 1/- PER UNIT,-1.8799335272123,17-FEB-21,Infinity,4.575757575757577,-22.513292698742056,https://nsearchives.nseindia.com/today/SNXT50BETAEQN.svg,https://nsearchives.nseindia.com/30d/SNXT50BETA-EQ.svg,,EQ
SILVERBND,Commodity - Silver,235.98,235.98,232.3,232.3,-3.18,-1.35,4663,1087598.12,235.2811,389,180,-,-,Infinity,2.1592858085228133,235.48,0,0,-3.54,,21-Aug-2026,-,2.1592858085228133,-,Infinity,40.282776349614394,-29.05555555555556,https://nsearchives.nseindia.com/today/SILVERBNDEQN.svg,https://nsearchives.nseindia.com/30d/SILVERBND-EQ.svg,,EQ
MANUFGBEES,Nifty India Manufacturing TRI,161.76,161.76,160.04,160.75,0.59,0.37,6537,1048273.32,160.097,171.58,138.6,-,-,5.361473422035791,-3.1743163474280265,160.16,0,4.93,-3.48,19-Sep-2025,21-Aug-2026,-,-3.1743163474280265,-,5.361473422035791,6.311924466721071,-15.981240981240985,https://nsearchives.nseindia.com/today/MANUFGBEESEQN.svg,https://nsearchives.nseindia.com/30d/MANUFGBEES-EQ.svg,https://nsearchives.nseindia.com/365d/MANUFGBEES-EQ.svg,EQ
GSEC5IETF,Nifty 5 yr Benchmark G-Sec Index,66.07,66.24,65.7,65.77,-0.63,-0.95,15621,1031454.63,65.9596,69.14,62,-,-,4.39682539682539,-1.4238609112709875,66.4,0,5.43,-0.75,19-Sep-2025,21-Aug-2026,-,-1.4238609112709875,-,4.39682539682539,4.874168354064224,-6.080645161290316,https://nsearchives.nseindia.com/today/GSEC5IETFEQN.svg,https://nsearchives.nseindia.com/30d/GSEC5IETF-EQ.svg,https://nsearchives.nseindia.com/365d/GSEC5IETF-EQ.svg,EQ
NIFTYQLITY,Aditya Birla Sun Life Nifty 200 Quality 30 ETF,20.61,20.88,20.51,20.6,-0.01,-0.05,48220,994296.4,20.5387,23.03,18.95,-,-,-6.278434940855318,-4.275092936802966,20.61,0,-6.1,-4.58,19-Sep-2025,21-Aug-2026,-,-4.275092936802966,-,-6.278434940855318,10.55145462440295,-8.707124010554102,https://nsearchives.nseindia.com/today/NIFTYQLITYEQN.svg,https://nsearchives.nseindia.com/30d/NIFTYQLITY-EQ.svg,https://nsearchives.nseindia.com/365d/NIFTYQLITY-EQ.svg,EQ
LICNETFGSC,Nifty 8-13 Yr Gsec,29.48,29.48,29.04,29.28,0,0.00,33660,982872,29.2447,30.53,27.59,-,-,3.280423280423279,-1.7119838872104667,29.28,0,3.32,-0.91,19-Sep-2025,21-Aug-2026,-,-1.7119838872104667,-,3.280423280423279,4.094333442515558,-6.1254077564334946,https://nsearchives.nseindia.com/today/LICNETFGSCEQN.svg,https://nsearchives.nseindia.com/30d/LICNETFGSC-EQ.svg,https://nsearchives.nseindia.com/365d/LICNETFGSC-EQ.svg,EQ
MIDQ50ADD,Nifty Midcap 150 Quality 50 Index,23.84,24.5,23.84,24.4,-0.06,-0.25,39203,956945.23,24.5953,26.01,21,03-JUL-26,FACE VALUE SPLIT (SUB-DIVISION) - FROM RS 10/- PER UNIT TO RE 1/- PER UNIT,-90.48547475141353,-4.1633935585231825,24.46,0,-90.41,-4.15,19-Sep-2025,21-Aug-2026,FACE VALUE SPLIT (SUB-DIVISION) - FROM RS 10/- PER UNIT TO RE 1/- PER UNIT,-4.1633935585231825,03-JUL-26,-90.48547475141353,6.1899269511726365,-16.190476190476186,https://nsearchives.nseindia.com/today/MIDQ50ADDEQN.svg,https://nsearchives.nseindia.com/30d/MIDQ50ADD-EQ.svg,https://nsearchives.nseindia.com/365d/MIDQ50ADD-EQ.svg,EQ
HEALTHCARE,Nifty 500 Healthcare Index,22.28,22.28,21.9,22.06,0.22,1.01,43070,949693.5,21.8322,22.43,17.18,-,-,Infinity,2.748020493712156,21.84,0,0,1.91,,21-Aug-2026,-,2.748020493712156,-,Infinity,1.6495764600980873,-28.405122235157155,https://nsearchives.nseindia.com/today/HEALTHCAREEQN.svg,https://nsearchives.nseindia.com/30d/HEALTHCARE-EQ.svg,,EQ
PSUBANKADD,DSP Nifty PSU Bank ETF,84.01,84.51,83.71,84.51,0.23,0.27,11188,939008.84,84.1311,99.88,72.8,-,-,15.261865793780704,-2.7502876869965482,84.28,0,13.45,-2.76,19-Sep-2025,21-Aug-2026,-,-2.7502876869965482,-,15.261865793780704,15.38846615939126,-16.08516483516485,https://nsearchives.nseindia.com/today/PSUBANKADDEQN.svg,https://nsearchives.nseindia.com/30d/PSUBANKADD-EQ.svg,https://nsearchives.nseindia.com/365d/PSUBANKADD-EQ.svg,EQ
GROWWMOM50,Nifty 500 Momentum 50 Index- Total Return Index,10.99,11.04,10.71,10.94,0.06,0.55,82654,901755.14,10.9335,11.55,9.12,-,-,3.795066413662243,0,10.88,0,3.52,-0.82,19-Sep-2025,21-Aug-2026,-,0,-,3.795066413662243,5.281385281385291,-19.9561403508772,https://nsearchives.nseindia.com/today/GROWWMOM50EQN.svg,https://nsearchives.nseindia.com/30d/GROWWMOM50-EQ.svg,https://nsearchives.nseindia.com/365d/GROWWMOM50-EQ.svg,EQ
ABSLBANETF,Nifty Bank,58.32,58.32,57.79,57.86,0.14,0.24,15503,898243.82,57.8595,64.94,50.97,25-NOV-21, FACE VALUE SPLIT (SUB-DIVISION) - FROM RS 10/- PER SHARE TO RE 1/- PER SHARE,1.5087719298245603,-1.3806033748082533,57.72,0,1.64,-2.45,19-Sep-2025,21-Aug-2026, FACE VALUE SPLIT (SUB-DIVISION) - FROM RS 10/- PER SHARE TO RE 1/- PER SHARE,-1.3806033748082533,25-NOV-21,1.5087719298245603,10.902371419772095,-13.517755542475966,https://nsearchives.nseindia.com/today/ABSLBANETFEQN.svg,https://nsearchives.nseindia.com/30d/ABSLBANETF-EQ.svg,https://nsearchives.nseindia.com/365d/ABSLBANETF-EQ.svg,EQ
SENSEXBETA,SENSEX,837.03,837.03,826.76,832.24,-0.63,-0.08,1062,879728.94,824.0456,952.91,785,26-FEB-21, INTERIM DIVIDEND - RS 13.56 PER UNIT,Infinity,-3.6112204952398543,832.87,0,0,-3.11,,21-Aug-2026, INTERIM DIVIDEND - RS 13.56 PER UNIT,-3.6112204952398543,26-FEB-21,Infinity,12.663315528224068,-6.01783439490446,https://nsearchives.nseindia.com/today/SENSEXBETAEQN.svg,https://nsearchives.nseindia.com/30d/SENSEXBETA-EQ.svg,,EQ
HDFCVALUE,HDFC NIFTY50 Value 20 ETF,121.77,122.54,121.72,122.02,0.06,0.05,7089,866772.03,121.4875,147.05,120,-,-,-10.173733804475859,-2.3605665359686347,121.96,0,-10.01,-2.93,19-Sep-2025,21-Aug-2026,-,-2.3605665359686347,-,-10.173733804475859,17.021421285277125,-1.68333333333333,https://nsearchives.nseindia.com/today/HDFCVALUEEQN.svg,https://nsearchives.nseindia.com/30d/HDFCVALUE-EQ.svg,https://nsearchives.nseindia.com/365d/HDFCVALUE-EQ.svg,EQ
INSUREIETF,BSE Insurance Index,15.05,15.26,14.98,15.2,0.09,0.60,54726,830193.42,15.2123,16.46,14.36,-,-,Infinity,-1.745313510019401,15.11,0,0,-3.33,,21-Aug-2026,-,-1.745313510019401,-,Infinity,7.654921020656145,-5.8495821727019495,https://nsearchives.nseindia.com/today/INSUREIETFEQN.svg,https://nsearchives.nseindia.com/30d/INSUREIETF-EQ.svg,,EQ
HDFCGROWTH,HDFC NIFTY Growth Sectors 15 ETF,114.77,115.37,114.2,115,0.23,0.20,6937,795118.94,114.2057,133.3,107.86,-,-,-8.98298377522754,-4.516771836599134,114.77,0,-8.97,-4.94,19-Sep-2025,21-Aug-2026,-,-4.516771836599134,-,-8.98298377522754,13.728432108027015,-6.619692193584276,https://nsearchives.nseindia.com/today/HDFCGROWTHEQN.svg,https://nsearchives.nseindia.com/30d/HDFCGROWTH-EQ.svg,https://nsearchives.nseindia.com/365d/HDFCGROWTH-EQ.svg,EQ
PVTBANKADD,DSP Nifty Private Bank ETF,27.94,28.01,27.72,28.01,0.15,0.54,28385,791373.8,27.7545,31.88,24.02,-,-,2.040072859744999,0.9005763688760806,27.86,0,1.9,-0.75,19-Sep-2025,21-Aug-2026,-,0.9005763688760806,-,2.040072859744999,12.139272271016305,-16.611157368859292,https://nsearchives.nseindia.com/today/PVTBANKADDEQN.svg,https://nsearchives.nseindia.com/30d/PVTBANKADD-EQ.svg,https://nsearchives.nseindia.com/365d/PVTBANKADD-EQ.svg,EQ
GROWWN200,Nifty 200 Index- Total Return Index,11.23,11.23,10.98,11.19,0.07,0.63,70815,787462.8,11.0819,12.14,9.91,-,-,-2.5261324041811926,-1.4096916299559483,11.12,0,-2.46,-3.14,19-Sep-2025,21-Aug-2026,-,-1.4096916299559483,-,-2.5261324041811926,7.8253706754530565,-12.916246215943486,https://nsearchives.nseindia.com/today/GROWWN200EQN.svg,https://nsearchives.nseindia.com/30d/GROWWN200-EQ.svg,https://nsearchives.nseindia.com/365d/GROWWN200-EQ.svg,EQ
MID150,Nifty Midcap 150 Index,23.18,23.31,23.14,23.17,-0.01,-0.04,32686,758642.06,,24.95,18.97,-,-,4.746835443037978,-2.2362869198312136,23.18,0,4.79,-2.48,19-Sep-2025,21-Aug-2026,-,-2.2362869198312136,-,4.746835443037978,7.134268537074139,-22.14022140221404,https://nsearchives.nseindia.com/today/MID150EQN.svg,https://nsearchives.nseindia.com/30d/MID150-EQ.svg,https://nsearchives.nseindia.com/365d/MID150-EQ.svg,EQ
MNC,Kotak Nifty MNC ETF,32.5,32.79,32.28,32.62,-0.07,-0.21,23255,758113,32.6879,35.65,27.83,-,-,4.551282051282046,-4.312114989733077,32.69,0,4.88,-4.11,19-Sep-2025,21-Aug-2026,-,-4.312114989733077,-,4.551282051282046,8.499298737727914,-17.21164211282788,https://nsearchives.nseindia.com/today/MNCEQN.svg,https://nsearchives.nseindia.com/30d/MNC-EQ.svg,https://nsearchives.nseindia.com/365d/MNC-EQ.svg,EQ
BANKADD,DSP Nifty Bank ETF,57.8,58.07,57.72,57.78,0.15,0.26,12873,743415.75,57.7769,62.9,51.01,-,-,Infinity,-1.5672913117546876,57.63,0,0,-2.29,,21-Aug-2026,-,-1.5672913117546876,-,Infinity,8.139904610492842,-13.271907469123708,https://nsearchives.nseindia.com/today/BANKADDEQN.svg,https://nsearchives.nseindia.com/30d/BANKADD-EQ.svg,,EQ
MOALPHA50,Nifty Alpha 50 Total Return Index,56.01,56.01,55.42,55.69,-0.05,-0.09,13071,726747.6,55.8668,62,42.1,-,-,6.767638036809819,0.03592599245553443,55.74,0,7.11,-0.87,19-Sep-2025,21-Aug-2026,-,0.03592599245553443,-,6.767638036809819,10.177419354838714,-32.28028503562944,https://nsearchives.nseindia.com/today/MOALPHA50EQN.svg,https://nsearchives.nseindia.com/30d/MOALPHA50-EQ.svg,https://nsearchives.nseindia.com/365d/MOALPHA50-EQ.svg,EQ
ABSLPSE,Aditya Birla Sun Life Nifty PSE ETF,10.1,10.1,9.92,10.06,0.01,0.10,64109,644295.45,10.0163,11.6,9.21,-,-,-0.19841269841269418,-0.691016781836133,10.05,0,-0.69,-1.28,19-Sep-2025,21-Aug-2026,-,-0.691016781836133,-,-0.19841269841269418,13.27586206896551,-9.229098805646032,https://nsearchives.nseindia.com/today/ABSLPSEEQN.svg,https://nsearchives.nseindia.com/30d/ABSLPSE-EQ.svg,https://nsearchives.nseindia.com/365d/ABSLPSE-EQ.svg,EQ
SMALLIETF,Nifty Smallcap 250 Index,18.35,18.42,18.3,18.42,0.07,0.38,33769,619661.15,18.3255,19.49,17.4,-,-,Infinity,0.5458515283842872,18.35,0,0,-0.7,,21-Aug-2026,-,0.5458515283842872,-,Infinity,5.489994869163658,-5.86206896551726,https://nsearchives.nseindia.com/today/SMALLIETFEQN.svg,https://nsearchives.nseindia.com/30d/SMALLIETF-EQ.svg,,EQ
HEALTHADD,DSP Nifty Healthcare ETF,16.8,17.01,16.8,16.99,0.19,1.13,36459,617980.05,16.7788,17.47,13.54,03-JUL-26,FACE VALUE SPLIT (SUB-DIVISION) - FROM RS 10/- PER UNIT TO RE 1/- PER UNIT,-88.63088865096358,2.5347012673506226,16.8,0,-88.8,1.39,19-Sep-2025,21-Aug-2026,FACE VALUE SPLIT (SUB-DIVISION) - FROM RS 10/- PER UNIT TO RE 1/- PER UNIT,2.5347012673506226,03-JUL-26,-88.63088865096358,2.747567258156843,-25.480059084194977,https://nsearchives.nseindia.com/today/HEALTHADDEQN.svg,https://nsearchives.nseindia.com/30d/HEALTHADD-EQ.svg,https://nsearchives.nseindia.com/365d/HEALTHADD-EQ.svg,EQ
MIDCAPADD,Nifty Midcap 150 Index,23.7,23.7,22.86,23.01,-0.74,-3.12,26602,610249.88,22.9663,25.5,19.27,-,-,Infinity,-1.5404364569961464,23.75,0,0,1.41,,21-Aug-2026,-,-1.5404364569961464,-,Infinity,9.764705882352935,-19.40840685002596,https://nsearchives.nseindia.com/today/MIDCAPADDEQN.svg,https://nsearchives.nseindia.com/30d/MIDCAPADD-EQ.svg,,EQ
SMALLGROWW,Nifty Smallcap 250 Momentum Quality 100 Index TRI,48.65,49.24,48.54,49,0.49,1.01,12173,596233.54,49.0607,50.84,39.41,-,-,Infinity,0.4922067268252707,48.51,0,0,-1.16,,21-Aug-2026,-,0.4922067268252707,-,Infinity,3.6191974822974102,-24.33392539964477,https://nsearchives.nseindia.com/today/SMALLGROWWEQN.svg,https://nsearchives.nseindia.com/30d/SMALLGROWW-EQ.svg,,EQ
CEMNTGROWW,Nifty Cements Index TRI,14.36,14.38,14.11,14.23,0.01,0.07,41440,590520,14.2277,16.27,13.67,-,-,Infinity,-4.432505036937543,14.22,0,0,-4.44,,21-Aug-2026,-,-4.432505036937543,-,Infinity,12.538414259373074,-4.096561814191665,https://nsearchives.nseindia.com/today/CEMNTGROWWEQN.svg,https://nsearchives.nseindia.com/30d/CEMNTGROWW-EQ.svg,,EQ
CONSUMIETF,Nifty India Consumption Index,119.09,120.97,118.99,118.99,-0.1,-0.08,4929,588424.02,118.9447,141.27,94.65,-,-,-7.716767488754462,-4.109920219195752,119.09,0,-7.42,-4.39,19-Sep-2025,21-Aug-2026,-,-4.109920219195752,-,-7.716767488754462,15.771218234586263,-25.71579503433702,https://nsearchives.nseindia.com/today/CONSUMIETFEQN.svg,https://nsearchives.nseindia.com/30d/CONSUMIETF-EQ.svg,https://nsearchives.nseindia.com/365d/CONSUMIETF-EQ.svg,EQ
IDFNIFTYET,Nifty 50,258,260,256.41,259,0,0.00,2258,585228.44,258.2327,340.8,244.32,-,-,-7.161803713527857,-3.627906976744186,259,0,-6.82,-3.23,19-Sep-2025,21-Aug-2026,-,-3.627906976744186,-,-7.161803713527857,24.002347417840376,-6.008513425016375,https://nsearchives.nseindia.com/today/IDFNIFTYETEQN.svg,https://nsearchives.nseindia.com/30d/IDFNIFTYET-EQ.svg,https://nsearchives.nseindia.com/365d/IDFNIFTYET-EQ.svg,EQ
ECAPINSURE,BSE Capital Markets & Insurance Total Return Index,23.68,23.69,23.44,23.64,0.03,0.13,24770,583333.5,23.6601,25.88,20.5,-,-,1.459227467811158,-0.6722689075630258,23.61,0,1.42,-2.92,19-Sep-2025,21-Aug-2026,-,-0.6722689075630258,-,1.459227467811158,8.655332302936625,-15.31707317073171,https://nsearchives.nseindia.com/today/ECAPINSUREEQN.svg,https://nsearchives.nseindia.com/30d/ECAPINSURE-EQ.svg,https://nsearchives.nseindia.com/365d/ECAPINSURE-EQ.svg,EQ
SILVER001,Commodity - Silver,23.78,23.99,23.1,23.55,-0.23,-0.97,24447,575971.32,23.7074,28,22,-,-,Infinity,Infinity,23.78,0,0,0,,,-,Infinity,-,Infinity,15.89285714285714,-7.045454545454548,https://nsearchives.nseindia.com/today/SILVER001EQN.svg,,,EQ
HDFCNIMEG,Nifty Metal Index TRI,129.9,130.73,129.9,130,0.1,0.08,4318,562030.88,130.4758,152.55,125.73,-,-,Infinity,-0.05381717536710478,129.9,0,0,-1.43,,21-Aug-2026,-,-0.05381717536710478,-,Infinity,14.78203867584399,-3.3961663882923694,https://nsearchives.nseindia.com/today/HDFCNIMEGEQN.svg,https://nsearchives.nseindia.com/30d/HDFCNIMEG-EQ.svg,,EQ
MIDCAPBETA,UTI Nifty Midcap 150 Exchange Traded Fund (ETF),229.75,231.64,229.75,230.76,-0.14,-0.06,2371,546515.5,231.6288,240,192.5,-,-,Infinity,-2.2203389830508513,230.9,0,0,-2.16,,21-Aug-2026,-,-2.2203389830508513,-,Infinity,3.8500000000000036,-19.87532467532467,https://nsearchives.nseindia.com/today/MIDCAPBETAEQN.svg,https://nsearchives.nseindia.com/30d/MIDCAPBETA-EQ.svg,,EQ
NETF,Tata Nifty 50 Exchange Traded Fund,255.42,255.9,252.55,254.72,0.57,0.22,2142,545031.9,254.3861,292.9,240.66,-,-,-6.84951545072225,-2.8453734075825796,254.15,0,-6.79,-3.86,19-Sep-2025,21-Aug-2026,-,-2.8453734075825796,-,-6.84951545072225,13.035165585524062,-5.842267098811602,https://nsearchives.nseindia.com/today/NETFEQN.svg,https://nsearchives.nseindia.com/30d/NETF-EQ.svg,https://nsearchives.nseindia.com/365d/NETF-EQ.svg,EQ
MON50EQUAL,Nifty 50 Equal Weight Total Return Index,32.48,33.29,32.39,32.68,0.31,0.96,15791,513839.14,32.3927,36,29.43,-,-,-0.30506406345332954,-2.4768725753506367,32.37,0,-1.13,-3.78,19-Sep-2025,21-Aug-2026,-,-2.4768725753506367,-,-0.30506406345332954,9.222222222222221,-11.043153244988108,https://nsearchives.nseindia.com/today/MON50EQUALEQN.svg,https://nsearchives.nseindia.com/30d/MON50EQUAL-EQ.svg,https://nsearchives.nseindia.com/365d/MON50EQUAL-EQ.svg,EQ
LIQUIDBETA,Nifty 1D Rate Index,1008.81,1008.83,1008.81,1008.83,0.54,0.05,503,507431.43,1008.6822,1019,981.86,-,-,Infinity,0.4050718579561338,1008.29,0,0,0.3,,21-Aug-2026,-,0.4050718579561338,-,Infinity,0.9980372914622139,-2.7468274499419496,https://nsearchives.nseindia.com/today/LIQUIDBETAEQN.svg,https://nsearchives.nseindia.com/30d/LIQUIDBETA-EQ.svg,,EQ
HDFCNIF100,HDFC NIFTY 100 ETF,25.3,25.6,25.23,25.32,-0.03,-0.12,18894,479340.78,25.3572,29,23.31,20-OCT-23,FACE VALUE SPLIT (SUB-DIVISION) - FROM RS 177.27/- PER SHARE TO RS 17.727/- PER SHARE,-5.345794392523364,-2.8023032629558555,25.35,0,-5.16,-3.28,19-Sep-2025,21-Aug-2026,FACE VALUE SPLIT (SUB-DIVISION) - FROM RS 177.27/- PER SHARE TO RS 17.727/- PER SHARE,-2.8023032629558555,20-OCT-23,-5.345794392523364,12.689655172413794,-8.62290862290863,https://nsearchives.nseindia.com/today/HDFCNIF100EQN.svg,https://nsearchives.nseindia.com/30d/HDFCNIF100-EQ.svg,https://nsearchives.nseindia.com/365d/HDFCNIF100-EQ.svg,EQ
BANKBETF,Bajaj Finserv Nifty Bank ETF,57.58,57.98,57.11,57.35,0.05,0.09,8337,478960.65,57.3688,63.9,50.71,-,-,1.7385133936491113,-1.4096613374591718,57.3,0,1.79,-2.2,19-Sep-2025,21-Aug-2026,-,-1.4096613374591718,-,1.7385133936491113,10.250391236306726,-13.094064287122855,https://nsearchives.nseindia.com/today/BANKBETFEQN.svg,https://nsearchives.nseindia.com/30d/BANKBETF-EQ.svg,https://nsearchives.nseindia.com/365d/BANKBETF-EQ.svg,EQ
BANKPSU,Nifty PSU Bank Total Return Index,82.21,84.08,82.21,83.98,0.09,0.11,5563,466012.51,83.9102,99.52,72.66,-,-,14.758130636786003,-3.2042415859843256,83.89,0,12.88,-3.12,19-Sep-2025,21-Aug-2026,-,-3.2042415859843256,-,14.758130636786003,15.614951768488737,-15.57941095513351,https://nsearchives.nseindia.com/today/BANKPSUEQN.svg,https://nsearchives.nseindia.com/30d/BANKPSU-EQ.svg,https://nsearchives.nseindia.com/365d/BANKPSU-EQ.svg,EQ
MOMENTUM,Aditya Birla Sun Life Nifty 200 Momentum 30 ETF,30.02,31,30.02,30.62,-0.17,-0.55,15131,465580.87,30.8157,33,27.05,-,-,-2.639109697933222,-1.7645171639396877,30.79,0,-1.97,-1.35,19-Sep-2025,21-Aug-2026,-,-1.7645171639396877,-,-2.639109697933222,7.212121212121208,-13.197781885397411,https://nsearchives.nseindia.com/today/MOMENTUMEQN.svg,https://nsearchives.nseindia.com/30d/MOMENTUM-EQ.svg,https://nsearchives.nseindia.com/365d/MOMENTUM-EQ.svg,EQ
SETF10GILT,Nifty 10 yr Benchmark G-Sec Index,263.57,263.65,262.01,262.79,0.53,0.20,1646,432058.54,262.6994,272.31,250.95,-,-,1.8329070758738348,-0.9834212509419582,262.26,0,1.66,-0.92,19-Sep-2025,21-Aug-2026,-,-0.9834212509419582,-,1.8329070758738348,3.496015570489509,-4.718071328950003,https://nsearchives.nseindia.com/today/SETF10GILTEQN.svg,https://nsearchives.nseindia.com/30d/SETF10GILT-EQ.svg,https://nsearchives.nseindia.com/365d/SETF10GILT-EQ.svg,EQ
SBISMLETF,Nifty Smallcap 250 Index,18.54,18.54,18.25,18.33,-0.05,-0.27,23593,431515.97,18.3136,18.97,16.53,-,-,Infinity,0.38335158817084736,18.38,0,0,-0.05,,21-Aug-2026,-,0.38335158817084736,-,Infinity,3.373748023194521,-10.889292196007242,https://nsearchives.nseindia.com/today/SBISMLETFEQN.svg,https://nsearchives.nseindia.com/30d/SBISMLETF-EQ.svg,,EQ
ABSLNN50ET,Nifty Next 50,73.97,76.4,73.97,75.89,0.02,0.03,5550,422854.5,75.9183,80.33,63.02,25-NOV-21, FACE VALUE SPLIT (SUB-DIVISION) - FROM RS 10/- PER SHARE TO RE 1/- PER SHARE,4.921885801188998,-2.392282958199356,75.87,0,4.19,-2.41,19-Sep-2025,21-Aug-2026, FACE VALUE SPLIT (SUB-DIVISION) - FROM RS 10/- PER SHARE TO RE 1/- PER SHARE,-2.392282958199356,25-NOV-21,4.921885801188998,5.527200298767581,-20.422088225960007,https://nsearchives.nseindia.com/today/ABSLNN50ETEQN.svg,https://nsearchives.nseindia.com/30d/ABSLNN50ET-EQ.svg,https://nsearchives.nseindia.com/365d/ABSLNN50ET-EQ.svg,EQ
SNXT30BEES,BSE Sensex Next 30 Index,42.18,42.2,42.05,42.07,-0.07,-0.17,10033,422690.29,41.927,44.56,36.83,-,-,6.803757298806803,-2.8182028182028156,42.14,0,6.04,-2.63,19-Sep-2025,21-Aug-2026,-,-2.8182028182028156,-,6.803757298806803,5.587971274685821,-14.227531903339676,https://nsearchives.nseindia.com/today/SNXT30BEESEQN.svg,https://nsearchives.nseindia.com/30d/SNXT30BEES-EQ.svg,https://nsearchives.nseindia.com/365d/SNXT30BEES-EQ.svg,EQ
EMULTIMQ,Nifty500 Multicap Momentum Quality 50 Total Return Index,41.47,41.67,40.79,41.25,-0.1,-0.24,10085,416712.2,41.3807,43.54,36.25,-,-,-3.9580908032596107,-1.3629842180774756,41.35,0,-3.39,-1.66,19-Sep-2025,21-Aug-2026,-,-1.3629842180774756,-,-3.9580908032596107,5.259531465319244,-13.793103448275861,https://nsearchives.nseindia.com/today/EMULTIMQEQN.svg,https://nsearchives.nseindia.com/30d/EMULTIMQ-EQ.svg,https://nsearchives.nseindia.com/365d/EMULTIMQ-EQ.svg,EQ
SMALLADD,Nifty Smallcap 250 Index,18.69,18.69,18.31,18.31,-0.01,-0.05,22501,414468.42,18.4017,19.5,14.01,-,-,Infinity,0.054644808743158524,18.32,0,0,-1.13,,21-Aug-2026,-,0.054644808743158524,-,Infinity,6.102564102564109,-30.692362598144175,https://nsearchives.nseindia.com/today/SMALLADDEQN.svg,https://nsearchives.nseindia.com/30d/SMALLADD-EQ.svg,,EQ
TWCGOLDETF,Commodity,151.1,154.8,150.16,151.54,-1,-0.66,2676,406270.32,151.5431,187.98,123.31,-,-,Infinity,-0.032983706049219186,152.54,0,0,-3.6,,21-Aug-2026,-,-0.032983706049219186,-,Infinity,19.38504096180445,-22.89352039575054,https://nsearchives.nseindia.com/today/TWCGOLDETFEQN.svg,https://nsearchives.nseindia.com/30d/TWCGOLDETF-EQ.svg,,EQ
GROWWNXT50,Index,72.64,73.3,71.73,72.1,-0.54,-0.74,5500,398420,72.3858,76.79,60.01,-,-,4.13056036972848,-3.1434712520150505,72.64,0,3.91,-2.52,19-Sep-2025,21-Aug-2026,-,-3.1434712520150505,-,4.13056036972848,6.107566089334564,-20.14664222629561,https://nsearchives.nseindia.com/today/GROWWNXT50EQN.svg,https://nsearchives.nseindia.com/30d/GROWWNXT50-EQ.svg,https://nsearchives.nseindia.com/365d/GROWWNXT50-EQ.svg,EQ
MOMENTUM30,Nifty 200 Momentum 30 Index,29.89,30.95,29.89,30.48,-0.02,-0.07,13079,397209.23,30.429,37.38,26.91,-,-,Infinity,-1.0068203962325388,30.5,0,0,-1.49,,21-Aug-2026,-,-1.0068203962325388,-,Infinity,18.459069020866778,-13.26644370122631,https://nsearchives.nseindia.com/today/MOMENTUM30EQN.svg,https://nsearchives.nseindia.com/30d/MOMENTUM30-EQ.svg,,EQ
SBINMID150,Nifty Midcap 150 Index,23.29,23.29,22.8,23,0.06,0.26,16749,383719.59,22.9658,24.06,19.81,-,-,Infinity,-1.6253207869974295,22.94,0,0,-2.13,,21-Aug-2026,-,-1.6253207869974295,-,Infinity,4.405652535328341,-16.102978293791022,https://nsearchives.nseindia.com/today/SBINMID150EQN.svg,https://nsearchives.nseindia.com/30d/SBINMID150-EQ.svg,,EQ
EQUAL200,BSE 200 Equal Weight,13.66,13.66,13.57,13.6,0,0.00,27634,374993.38,11.525,14.6,11.75,-,-,2.564102564102563,-2.228612508986344,13.6,0,2.1,-2.65,19-Sep-2025,21-Aug-2026,-,-2.228612508986344,-,2.564102564102563,6.8493150684931505,-15.744680851063828,https://nsearchives.nseindia.com/today/EQUAL200EQN.svg,https://nsearchives.nseindia.com/30d/EQUAL200-EQ.svg,https://nsearchives.nseindia.com/365d/EQUAL200-EQ.svg,EQ
BNKETFAXIS,Nifty Bank,582.48,583.82,581.29,581.83,-0.04,-0.01,629,366153.48,581.8676,647.82,512.51,-,-,Infinity,-1.7079433726391209,581.87,0,0,-2.32,,21-Aug-2026,-,-1.7079433726391209,-,Infinity,10.186471550739403,-13.525589744590361,https://nsearchives.nseindia.com/today/BNKETFAXISEQN.svg,https://nsearchives.nseindia.com/30d/BNKETFAXIS-EQ.svg,,EQ
GROWWPSE,Nifty PSE Index - TRI,99.98,100.97,96.37,97.89,-0.47,-0.48,3638,354705,96.7641,109.85,93.2,-,-,Infinity,-0.34612643795174936,98.36,0,0,-0.1,,21-Aug-2026,-,-0.34612643795174936,-,Infinity,10.887573964497037,-5.032188841201714,https://nsearchives.nseindia.com/today/GROWWPSEEQN.svg,https://nsearchives.nseindia.com/30d/GROWWPSE-EQ.svg,,EQ
HEALTHAXIS,Nifty Healthcare Index,169.67,172,165.3,171.5,1.83,1.08,2060,352383.6,169.1071,190,135.2,-,-,Infinity,2.731520306697018,169.67,0,0,1.4,,21-Aug-2026,-,2.731520306697018,-,Infinity,9.736842105263158,-26.84911242603551,https://nsearchives.nseindia.com/today/HEALTHAXISEQN.svg,https://nsearchives.nseindia.com/30d/HEALTHAXIS-EQ.svg,,EQ
BSLSENETFG,BSE SENSEX Index,75,75.9,75,75.9,0.75,1.00,4629,349674.66,74.9932,87.82,70.32,25-NOV-21, FACE VALUE SPLIT (SUB-DIVISION) - FROM RS 10/- PER SHARE TO RE 1- PER SHARE,-8.410763846989258,-4.492261230653068,75.15,0,-9.04,-3.79,19-Sep-2025,21-Aug-2026, FACE VALUE SPLIT (SUB-DIVISION) - FROM RS 10/- PER SHARE TO RE 1- PER SHARE,-4.492261230653068,25-NOV-21,-8.410763846989258,13.57321794579821,-7.935153583617766,https://nsearchives.nseindia.com/today/BSLSENETFGEQN.svg,https://nsearchives.nseindia.com/30d/BSLSENETFG-EQ.svg,https://nsearchives.nseindia.com/365d/BSLSENETFG-EQ.svg,EQ
LICNETFN50,Nifty 50,266.02,266.02,262.3,264.18,0.79,0.30,1273,334557.13,262.1824,295,248.17,-,-,-6.279267773520643,-2.516605166051658,263.39,0,-6.85,-3.11,19-Sep-2025,21-Aug-2026,-,-2.516605166051658,-,-6.279267773520643,10.447457627118641,-6.451222952008711,https://nsearchives.nseindia.com/today/LICNETFN50EQN.svg,https://nsearchives.nseindia.com/30d/LICNETFN50-EQ.svg,https://nsearchives.nseindia.com/365d/LICNETFN50-EQ.svg,EQ
NEXT50ETF,Nifty Next 50 Index,72.49,73,72.49,72.8,-0.05,-0.07,4590,334473.3,72.599,78,60.15,-,-,Infinity,-2.412868632707771,72.85,0,0,-2.36,,21-Aug-2026,-,-2.412868632707771,-,Infinity,6.66666666666667,-21.030756442227762,https://nsearchives.nseindia.com/today/NEXT50ETFEQN.svg,https://nsearchives.nseindia.com/30d/NEXT50ETF-EQ.svg,,EQ
SBIETFCON,Nifty India Consumption Index,118.45,119.97,117.99,118.53,0.08,0.07,2803,333388.82,118.4789,133.97,100,-,-,-7.8949413318828165,-3.915369649805446,118.45,0,-7.74,-4.52,19-Sep-2025,21-Aug-2026,-,-3.915369649805446,-,-7.8949413318828165,11.524968276479807,-18.53,https://nsearchives.nseindia.com/today/SBIETFCONEQN.svg,https://nsearchives.nseindia.com/30d/SBIETFCON-EQ.svg,https://nsearchives.nseindia.com/365d/SBIETFCON-EQ.svg,EQ
NIFTYBETF,Bajaj Finserv Nifty 50 ETF,246.8,246.8,240.26,240.79,0,0.00,1380,332856,240.5176,279.99,227.01,-,-,-6.984200563989653,-3.016755276300954,240.79,0,-6.78,-3.72,19-Sep-2025,21-Aug-2026,-,-3.016755276300954,-,-6.984200563989653,14.000500017857787,-6.070217171049734,https://nsearchives.nseindia.com/today/NIFTYBETFEQN.svg,https://nsearchives.nseindia.com/30d/NIFTYBETF-EQ.svg,https://nsearchives.nseindia.com/365d/NIFTYBETF-EQ.svg,EQ
LOWVOL,Mirae Asset Nifty 100 Low Volatility 30 ETF,203.63,203.63,200.04,200.33,0.69,0.35,1649,330360.66,199.2677,219.1,183.58,-,-,-5.442273199282544,-3.5530306677579295,199.64,0,-5.6,-3.98,19-Sep-2025,21-Aug-2026,-,-3.5530306677579295,-,-5.442273199282544,8.566864445458686,-9.124087591240876,https://nsearchives.nseindia.com/today/LOWVOLEQN.svg,https://nsearchives.nseindia.com/30d/LOWVOL-EQ.svg,https://nsearchives.nseindia.com/365d/LOWVOL-EQ.svg,EQ
BBNPPGOLD,Baroda BNP Paribas Gold ETF,147.95,149,146.1,147.45,-0.5,-0.34,2230,328389.8,147.4574,184.05,106,-,-,37.35444806707033,0.3402517863218782,147.95,0,38.27,-3.62,19-Sep-2025,21-Aug-2026,-,0.3402517863218782,-,37.35444806707033,19.88590057049716,-39.10377358490565,https://nsearchives.nseindia.com/today/BBNPPGOLDEQN.svg,https://nsearchives.nseindia.com/30d/BBNPPGOLD-EQ.svg,https://nsearchives.nseindia.com/365d/BBNPPGOLD-EQ.svg,EQ
FMCGADD,Nifty FMCG Index (TRI),45.94,46.33,45.94,46.21,0.19,0.41,7063,325957.45,45.6687,51.09,45.01,-,-,Infinity,-3.184579928765967,46.02,0,0,-3.94,,21-Aug-2026,-,-3.184579928765967,-,Infinity,9.551771383832456,-2.666074205732066,https://nsearchives.nseindia.com/today/FMCGADDEQN.svg,https://nsearchives.nseindia.com/30d/FMCGADD-EQ.svg,,EQ
GROWWPSUBK,Nifty PSU Bank Index - TRI,84.29,84.29,82.22,83.99,0.38,0.45,3551,296224.42,83.4161,91.19,77.57,-,-,Infinity,-2.9129580395330135,83.61,0,0,-3.18,,21-Aug-2026,-,-2.9129580395330135,-,Infinity,7.895602588003073,-8.276395513729538,https://nsearchives.nseindia.com/today/GROWWPSUBKEQN.svg,https://nsearchives.nseindia.com/30d/GROWWPSUBK-EQ.svg,,EQ
UNIONGOLD,Commodity Gold,148.1,150.75,147.1,149,-0.65,-0.43,1870,278256,149.0829,177,107.35,-,-,37.39050253573075,0.06715916722632258,149.65,0,38.76,-3.58,19-Sep-2025,21-Aug-2026,-,0.06715916722632258,-,37.39050253573075,15.819209039548022,-38.79832324173266,https://nsearchives.nseindia.com/today/UNIONGOLDEQN.svg,https://nsearchives.nseindia.com/30d/UNIONGOLD-EQ.svg,https://nsearchives.nseindia.com/365d/UNIONGOLD-EQ.svg,EQ
AONETMMQ50,Nifty Total Market Momentum Quality 50 TRI,10,10.33,9.99,10.18,-0.01,-0.10,26691,270646.74,10.1568,10.87,8,-,-,Infinity,-1.3565891472868272,10.19,0,0,-1.16,,21-Aug-2026,-,-1.3565891472868272,-,Infinity,6.347746090156389,-27.249999999999996,https://nsearchives.nseindia.com/today/AONETMMQ50EQN.svg,https://nsearchives.nseindia.com/30d/AONETMMQ50-EQ.svg,,EQ
NEXT50ADD,Nifty Next 50 TRI,72.8,72.8,72.4,72.68,0.23,0.32,3586,259949.14,72.4451,81,56.25,-,-,Infinity,-2.3512024721214564,72.45,0,0,-2.53,,21-Aug-2026,-,-2.3512024721214564,-,Infinity,10.271604938271597,-29.2088888888889,https://nsearchives.nseindia.com/today/NEXT50ADDEQN.svg,https://nsearchives.nseindia.com/30d/NEXT50ADD-EQ.svg,,EQ
NEXT30ADD,BSE SENSEX Next 30 Index,42.36,42.4,42.21,42.21,-0.15,-0.35,6028,255044.68,42.0456,46.7,36.98,-,-,6.188679245283021,-2.5398291387670318,42.36,0,6.43,-5.36,19-Sep-2025,21-Aug-2026,-,-2.5398291387670318,-,6.188679245283021,9.614561027837263,-14.142779881016779,https://nsearchives.nseindia.com/today/NEXT30ADDEQN.svg,https://nsearchives.nseindia.com/30d/NEXT30ADD-EQ.svg,https://nsearchives.nseindia.com/365d/NEXT30ADD-EQ.svg,EQ
CHOICEGOLD,Gold,151.99,151.99,150.03,151.23,-0.76,-0.50,1577,238190.08,151.2318,175.49,115.79,-,-,Infinity,0.3317189676905726,151.99,0,0,-3.43,,21-Aug-2026,-,0.3317189676905726,-,Infinity,13.824149524189423,-30.607133603938145,https://nsearchives.nseindia.com/today/CHOICEGOLDEQN.svg,https://nsearchives.nseindia.com/30d/CHOICEGOLD-EQ.svg,,EQ
SBIETFQLTY,Nifty 200 Quality 30 Index,214.68,215.57,214.17,215.5,0.23,0.11,1104,236995.68,213.8234,247.28,194,-,-,-6.096126192862438,-4.064461559008145,215.27,0,-5.93,-4.43,19-Sep-2025,21-Aug-2026,-,-4.064461559008145,-,-6.096126192862438,12.851827887415077,-11.082474226804123,https://nsearchives.nseindia.com/today/SBIETFQLTYEQN.svg,https://nsearchives.nseindia.com/30d/SBIETFQLTY-EQ.svg,https://nsearchives.nseindia.com/365d/SBIETFQLTY-EQ.svg,EQ
HDFCQUAL,HDFC NIFTY100 Quality 30 ETF,55.59,57.85,55.59,57.07,0.35,0.62,4127,235816.78,56.6981,61.87,51.91,-,-,-4.277088225427704,-3.434856175972929,56.72,0,-4.8,-4.27,19-Sep-2025,21-Aug-2026,-,-3.434856175972929,-,-4.277088225427704,7.7582026830450905,-9.940281256020041,https://nsearchives.nseindia.com/today/HDFCQUALEQN.svg,https://nsearchives.nseindia.com/30d/HDFCQUAL-EQ.svg,https://nsearchives.nseindia.com/365d/HDFCQUAL-EQ.svg,EQ
ESENSEX,BSE Sensex TRI,75.69,75.69,75.2,75.69,0.18,0.24,3036,229066.2,74.8594,88.05,71.87,-,-,Infinity,-2.5617919670442957,75.51,0,0,-3.62,,21-Aug-2026,-,-2.5617919670442957,-,Infinity,14.03747870528109,-5.315152358424924,https://nsearchives.nseindia.com/today/ESENSEXEQN.svg,https://nsearchives.nseindia.com/30d/ESENSEX-EQ.svg,,EQ
VALUE,Nifty 500 Value 50,15.98,15.98,15.79,15.8,0,0.00,14398,227920.34,15.835,19.69,14.83,-,-,Infinity,-1.557632398753894,15.8,0,0,-2.05,,21-Aug-2026,-,-1.557632398753894,-,Infinity,19.756221432199087,-6.54079568442347,https://nsearchives.nseindia.com/today/VALUEEQN.svg,https://nsearchives.nseindia.com/30d/VALUE-EQ.svg,,EQ
MSCIINDIA,MSCI India Index,28.53,29.31,28.53,29.21,-0.06,-0.20,7564,220263.68,29.147,32.14,26.5,-,-,-3.5655331792670792,-2.5683789192795183,29.27,0,-3.02,-2.95,19-Sep-2025,21-Aug-2026,-,-2.5683789192795183,-,-3.5655331792670792,9.11636589919104,-10.226415094339627,https://nsearchives.nseindia.com/today/MSCIINDIAEQN.svg,https://nsearchives.nseindia.com/30d/MSCIINDIA-EQ.svg,https://nsearchives.nseindia.com/365d/MSCIINDIA-EQ.svg,EQ
LICNMID100,LIC MF Nifty Midcap 100 ETF,62.07,63.59,61.8,62.75,-0.59,-0.93,3405,213118.95,62.6404,66.4,52.3,-,-,6.663267040625534,-1.3984915147705854,63.34,0,7.32,-0.94,19-Sep-2025,21-Aug-2026,-,-1.3984915147705854,-,6.663267040625534,5.496987951807237,-19.98087954110899,https://nsearchives.nseindia.com/today/LICNMID100EQN.svg,https://nsearchives.nseindia.com/30d/LICNMID100-EQ.svg,https://nsearchives.nseindia.com/365d/LICNMID100-EQ.svg,EQ
INFRA,Nifty India Infrastructure & Logistics,11.9,11.9,11.83,11.85,0,0.00,17816,211297.76,11.8707,13.27,10.14,-,-,Infinity,-2.146985962014862,11.85,0,0,-2.71,,21-Aug-2026,-,-2.146985962014862,-,Infinity,10.700828937452902,-16.863905325443778,https://nsearchives.nseindia.com/today/INFRAEQN.svg,https://nsearchives.nseindia.com/30d/INFRA-EQ.svg,,EQ
SECLEDBETA,BSE India Sector Leaders,14.45,14.7,14.35,14.38,0.13,0.91,13378,193044.54,14.2367,15.5,14.21,-,-,Infinity,Infinity,14.25,0,0,0,,,-,Infinity,-,Infinity,7.225806451612898,-1.1963406052075998,https://nsearchives.nseindia.com/today/SECLEDBETAEQN.svg,,,EQ
MONIFTY100,Nifty 100 Total Return Index,24.83,25.6,24.63,24.88,0.05,0.20,7639,189141.64,24.6696,27.97,22.38,-,-,Infinity,-2.201257861635229,24.83,0,0,-2.67,,21-Aug-2026,-,-2.201257861635229,-,Infinity,11.04755094744369,-11.170688114387847,https://nsearchives.nseindia.com/today/MONIFTY100EQN.svg,https://nsearchives.nseindia.com/30d/MONIFTY100-EQ.svg,,EQ
QUALITY30,Nifty200 Quality 30 Index,19.92,20.15,19.92,20.15,0.23,1.15,9283,185845.66,19.932,23.18,18.09,-,-,-5.620608899297437,-3.310940499040313,19.92,0,-6.43,-5.28,19-Sep-2025,21-Aug-2026,-,-3.310940499040313,-,-5.620608899297437,13.071613459879211,-11.387506909894963,https://nsearchives.nseindia.com/today/QUALITY30EQN.svg,https://nsearchives.nseindia.com/30d/QUALITY30-EQ.svg,https://nsearchives.nseindia.com/365d/QUALITY30-EQ.svg,EQ
ENERGYAXIS,Nifty Energy,19.01,19.4,18.85,19.4,0.44,2.32,9280,175856,18.9315,19.99,18.58,-,-,Infinity,Infinity,18.96,0,0,0,,,-,Infinity,-,Infinity,2.951475737868934,-4.413347685683533,https://nsearchives.nseindia.com/today/ENERGYAXISEQN.svg,,,EQ
MOMNC,Nifty MNC ETF Total Return Index,31.73,31.73,31.52,31.64,0.1,0.32,5469,172765.71,31.6531,35.8,27.03,-,-,Infinity,-4.179285281647494,31.54,0,0,-5.17,,21-Aug-2026,-,-4.179285281647494,-,Infinity,11.620111731843567,-17.055123936366996,https://nsearchives.nseindia.com/today/MOMNCEQN.svg,https://nsearchives.nseindia.com/30d/MOMNC-EQ.svg,,EQ
GROWWLOVOL,Nifty 500 Low Volatility 50 Index   TRI,10.12,10.26,9.92,10.15,0.03,0.30,15923,161140.76,10.1254,11.1,9.39,-,-,-3.8825757575757587,-2.7777777777777697,10.12,0,-3.98,-2.41,19-Sep-2025,21-Aug-2026,-,-2.7777777777777697,-,-3.8825757575757587,8.558558558558552,-8.0937167199148,https://nsearchives.nseindia.com/today/GROWWLOVOLEQN.svg,https://nsearchives.nseindia.com/30d/GROWWLOVOL-EQ.svg,https://nsearchives.nseindia.com/365d/GROWWLOVOL-EQ.svg,EQ
PVTBANK,Nifty Private Bank,27.41,27.61,27.4,27.61,0.29,1.06,5671,155725.66,27.376,28.33,27.01,-,-,Infinity,1.2096774193548323,27.32,0,0,-1.44,,21-Aug-2026,-,1.2096774193548323,-,Infinity,2.5414754677020786,-2.2213994816734464,https://nsearchives.nseindia.com/today/PVTBANKEQN.svg,https://nsearchives.nseindia.com/30d/PVTBANK-EQ.svg,,EQ
MOQUALITY,Motilal Oswal S&P BSE Quality ETF,194.5,199.98,193.18,193.18,-1.32,-0.68,754,146208.14,193.4043,225.6,176.15,-,-,-2.572120234012505,-4.799921151192579,194.5,0,-2.12,-4.45,19-Sep-2025,21-Aug-2026,-,-4.799921151192579,-,-2.572120234012505,14.37056737588652,-9.66789667896679,https://nsearchives.nseindia.com/today/MOQUALITYEQN.svg,https://nsearchives.nseindia.com/30d/MOQUALITY-EQ.svg,https://nsearchives.nseindia.com/365d/MOQUALITY-EQ.svg,EQ
MONEXT50,Nifty Next 50 Total Return Index,72.71,72.71,71.87,72.25,-0.1,-0.14,1952,140797.76,71.991,75.89,59.43,-,-,5.182704906099873,-2.5755124056094885,72.35,0,4.37,-2.2,19-Sep-2025,21-Aug-2026,-,-2.5755124056094885,-,5.182704906099873,4.796415865067862,-21.571596836614503,https://nsearchives.nseindia.com/today/MONEXT50EQN.svg,https://nsearchives.nseindia.com/30d/MONEXT50-EQ.svg,https://nsearchives.nseindia.com/365d/MONEXT50-EQ.svg,EQ
TOP20,Nifty Top 20 Equal Weight,8.62,8.97,8.62,8.67,0.05,0.58,15557,134412.48,8.6047,9.99,8,-,-,Infinity,-3.020134228187915,8.62,0,0,-4.22,,21-Aug-2026,-,-3.020134228187915,-,Infinity,13.213213213213216,-8.375,https://nsearchives.nseindia.com/today/TOP20EQN.svg,https://nsearchives.nseindia.com/30d/TOP20-EQ.svg,,EQ
PVTBKGROWW,Nifty Private Bank Index - TRI,27.7,27.7,27.16,27.64,-0.06,-0.22,4612,126968.36,27.4119,29.57,25.45,-,-,Infinity,0.6188569348380113,27.7,0,0,-0.22,,21-Aug-2026,-,0.6188569348380113,-,Infinity,6.52688535678052,-8.605108055009827,https://nsearchives.nseindia.com/today/PVTBKGROWWEQN.svg,https://nsearchives.nseindia.com/30d/PVTBKGROWW-EQ.svg,,EQ
MOPSE,Nifty PSE Total Return Index,98.73,101.3,97.78,101.3,2.57,2.60,1207,118334.28,97.9483,114.7,93.33,-,-,2.0654911838790904,1.9319782652445179,98.73,0,-0.53,-0.61,19-Sep-2025,21-Aug-2026,-,1.9319782652445179,-,2.0654911838790904,11.682650392327815,-8.539590699667844,https://nsearchives.nseindia.com/today/MOPSEEQN.svg,https://nsearchives.nseindia.com/30d/MOPSE-EQ.svg,https://nsearchives.nseindia.com/365d/MOPSE-EQ.svg,EQ
ESG,NIFTY100 ESG SECTOR LEADERS,39.44,40.32,39.44,40.32,0.08,0.20,2906,117024.62,40.2176,45.06,37.52,-,-,-7.395498392282955,-2.913556465205877,40.24,0,-7.39,-3.52,19-Sep-2025,21-Aug-2026,-,-2.913556465205877,-,-7.395498392282955,10.519307589880164,-7.462686567164171,https://nsearchives.nseindia.com/today/ESGEQN.svg,https://nsearchives.nseindia.com/30d/ESG-EQ.svg,https://nsearchives.nseindia.com/365d/ESG-EQ.svg,EQ
SENSEXAXIS,AXIS S&P BSE SENSEX ETF,76.3,77.98,76.3,77.8,0.57,0.74,1436,111462.32,77.1725,91.35,73.52,-,-,Infinity,-2.3716902999121605,77.23,0,0,-4.28,,21-Aug-2026,-,-2.3716902999121605,-,Infinity,14.833059660645866,-5.821545157780197,https://nsearchives.nseindia.com/today/SENSEXAXISEQN.svg,https://nsearchives.nseindia.com/30d/SENSEXAXIS-EQ.svg,,EQ
HDFCLOWVOL,HDFC NIFTY100 Low Volatility 30 ETF,19.9,20.06,19.9,20,0.1,0.50,4701,94114.02,19.908,22.28,18.35,20-OCT-23,FACE VALUE SPLIT (SUB-DIVISION) - FROM RS 126.18/- PER SHARE TO RS 12.618/- PER SHARE,-5.704856199905708,-3.7072701011073645,19.9,0,-7.31,-4.65,19-Sep-2025,21-Aug-2026,FACE VALUE SPLIT (SUB-DIVISION) - FROM RS 126.18/- PER SHARE TO RS 12.618/- PER SHARE,-3.7072701011073645,20-OCT-23,-5.704856199905708,10.233393177737886,-8.99182561307901,https://nsearchives.nseindia.com/today/HDFCLOWVOLEQN.svg,https://nsearchives.nseindia.com/30d/HDFCLOWVOL-EQ.svg,https://nsearchives.nseindia.com/365d/HDFCLOWVOL-EQ.svg,EQ
ITBETA,UTI Nifty IT ETF,302.94,304.51,300.22,304.29,1.74,0.58,299,90378.73,303.7455,409.94,270.68,-,-,Infinity,-5.777984208081737,302.55,0,0,-5.2,,21-Aug-2026,-,-5.777984208081737,-,Infinity,25.77206420451773,-12.41687601595981,https://nsearchives.nseindia.com/today/ITBETAEQN.svg,https://nsearchives.nseindia.com/30d/ITBETA-EQ.svg,,EQ
GSEC10IETF,ICICI Prudential Nifty 10 yr Benchmark G-Sec ETF,263.97,264.86,262.04,262.04,-1.93,-0.73,333,88018.56,262.2362,269.59,252.23,-,-,1.933325553351238,-1.8172280714901143,263.97,0,2.43,-0.83,19-Sep-2025,21-Aug-2026,-,-1.8172280714901143,-,1.933325553351238,2.800548981787142,-3.889307378186588,https://nsearchives.nseindia.com/today/GSEC10IETFEQN.svg,https://nsearchives.nseindia.com/30d/GSEC10IETF-EQ.svg,https://nsearchives.nseindia.com/365d/GSEC10IETF-EQ.svg,EQ
LICNFNHGP,Nifty 100,268,276.65,268,270.2,2.2,0.82,313,84772.92,268.7904,296.41,248.02,-,-,-4.936143264257829,-2.4090728500740477,268,0,-5.76,-4.19,19-Sep-2025,21-Aug-2026,-,-2.4090728500740477,-,-4.936143264257829,8.84248169764854,-8.942827191355526,https://nsearchives.nseindia.com/today/LICNFNHGPEQN.svg,https://nsearchives.nseindia.com/30d/LICNFNHGP-EQ.svg,https://nsearchives.nseindia.com/365d/LICNFNHGP-EQ.svg,EQ
SBIVALETF,Nifty200 Value 30 Index,14.52,14.52,14.4,14.5,0.09,0.62,5653,81516.26,14.4533,17.7,14.21,-,-,Infinity,-3.5262807717897497,14.41,0,0,-2.5,,21-Aug-2026,-,-3.5262807717897497,-,Infinity,18.079096045197737,-2.040816326530606,https://nsearchives.nseindia.com/today/SBIVALETFEQN.svg,https://nsearchives.nseindia.com/30d/SBIVALETF-EQ.svg,,EQ
EMETAL,Nifty Metal Total Return Index,13.31,13.31,12.98,13.05,0,0.00,5581,72720.43,13.043,15.21,12.41,-,-,Infinity,0.616808018504241,13.05,0,0,-0.38,,21-Aug-2026,-,0.616808018504241,-,Infinity,14.201183431952662,-5.157131345688965,https://nsearchives.nseindia.com/today/EMETALEQN.svg,https://nsearchives.nseindia.com/30d/EMETAL-EQ.svg,,EQ
GROWWMC150,Nifty Midcap 150 Index - TRI,230.79,231.9,227.7,230.34,1.84,0.81,311,71321.63,229.7454,245,193.6,-,-,Infinity,-0.9545923632610934,228.5,0,0,-3.22,,21-Aug-2026,-,-0.9545923632610934,-,Infinity,5.983673469387753,-18.977272727272734,https://nsearchives.nseindia.com/today/GROWWMC150EQN.svg,https://nsearchives.nseindia.com/30d/GROWWMC150-EQ.svg,,EQ
HYBRIDETF,Nifty200 Momentum 30 Plus 8-13 yr G-Sec 50:50 Total Return Index,10.09,10.09,9.95,9.99,-0.01,-0.10,6761,67542.39,9.9716,11.99,9.8,-,-,Infinity,-0.695825049701792,10,0,0,-0.7,,21-Aug-2026,-,-0.695825049701792,-,Infinity,16.680567139282736,-1.9387755102040765,https://nsearchives.nseindia.com/today/HYBRIDETFEQN.svg,https://nsearchives.nseindia.com/30d/HYBRIDETF-EQ.svg,,EQ
MOBANK10,BSE Top 10 Banks Total Return Index,16.66,16.74,16.63,16.73,0.07,0.42,3418,57046.42,16.5586,20,15.75,-,-,Infinity,-0.8298755186722024,16.66,0,0,-1.94,,21-Aug-2026,-,-0.8298755186722024,-,Infinity,16.349999999999998,-6.222222222222225,https://nsearchives.nseindia.com/today/MOBANK10EQN.svg,https://nsearchives.nseindia.com/30d/MOBANK10-EQ.svg,,EQ
MOIPO,BSE Select IPO Total Return Index,49.48,49.56,48.3,48.31,-0.68,-1.39,1127,54693.31,48.4492,53,36.5,-,-,Infinity,-0.30953363598844114,48.99,0,0,-0.18,,21-Aug-2026,-,-0.30953363598844114,-,Infinity,8.849056603773581,-32.35616438356165,https://nsearchives.nseindia.com/today/MOIPOEQN.svg,https://nsearchives.nseindia.com/30d/MOIPO-EQ.svg,,EQ
IVZINNIFTY,Nifty 50,274.45,274.45,268.24,268.95,1.19,0.44,164,44202.92,268.0398,315,251.1,31-JUL-26,FACE VALUE SPLIT (SUB-DIVISION) - FROM RS 10/- PER SHARE TO RE 1/- PER SHARE,-90.69377162629759,-2.5790560365124806,267.76,0,-90.73,-3.68,18-Sep-2025,21-Aug-2026,FACE VALUE SPLIT (SUB-DIVISION) - FROM RS 10/- PER SHARE TO RE 1/- PER SHARE,-2.5790560365124806,31-JUL-26,-90.69377162629759,14.619047619047622,-7.108721624850656,https://nsearchives.nseindia.com/today/IVZINNIFTYEQN.svg,https://nsearchives.nseindia.com/30d/IVZINNIFTY-EQ.svg,https://nsearchives.nseindia.com/365d/IVZINNIFTY-EQ.svg,EQ
MOSERVICE,Nifty Services Sector Total Return Index,30.29,30.43,30.2,30.43,0.08,0.26,1352,40938.56,30.2527,35.37,28.3,-,-,Infinity,-1.584734799482542,30.35,0,0,-2.66,,21-Aug-2026,-,-1.584734799482542,-,Infinity,13.966638394119304,-7.526501766784448,https://nsearchives.nseindia.com/today/MOSERVICEEQN.svg,https://nsearchives.nseindia.com/30d/MOSERVICE-EQ.svg,,EQ
ABSL10BANK,BSE Top 10 Banks Index,166.04,169.8,165.64,169.8,3.76,2.26,224,37347.52,165.4569,214.42,150,-,-,Infinity,0.8732846194974151,166.04,0,0,-1.85,,21-Aug-2026,-,0.8732846194974151,-,Infinity,20.80962596772688,-13.200000000000008,https://nsearchives.nseindia.com/today/ABSL10BANKEQN.svg,https://nsearchives.nseindia.com/30d/ABSL10BANK-EQ.svg,,EQ
MOLOWVOL,Nifty Midcap 100 TRI,35.4,36,35.27,35.49,-0.09,-0.25,1049,37113.62,35.2548,43.07,33.52,11-AUG-22,FACE VALUE SPLIT (SUB-DIVISION) - FROM RS 10/- PER UNIT TO RS 2/- PER UNIT,-7.937743190661467,-3.2178892827924725,35.58,0,-7.27,-3.34,19-Sep-2025,21-Aug-2026,FACE VALUE SPLIT (SUB-DIVISION) - FROM RS 10/- PER UNIT TO RS 2/- PER UNIT,-3.2178892827924725,11-AUG-22,-7.937743190661467,17.599257023450193,-5.877088305489256,https://nsearchives.nseindia.com/today/MOLOWVOLEQN.svg,https://nsearchives.nseindia.com/30d/MOLOWVOL-EQ.svg,https://nsearchives.nseindia.com/365d/MOLOWVOL-EQ.svg,EQ
DIVIDEND,BSE 500 Dividend Leaders,35.02,35.02,34.73,34.85,0,0.00,1031,35889.11,34.7263,38.03,33.15,-,-,Infinity,-1.9138755980861235,34.85,0,0,-2.19,,21-Aug-2026,-,-1.9138755980861235,-,Infinity,8.361819616092559,-5.128205128205137,https://nsearchives.nseindia.com/today/DIVIDENDEQN.svg,https://nsearchives.nseindia.com/30d/DIVIDEND-EQ.svg,,EQ
MIDBANKADD,BSE MidSmall Private Banks Index,17.25,17.25,17.06,17.12,-0.12,-0.70,1877,32153.01,17.1343,18.22,16.94,-,-,Infinity,-2.003434459072684,17.24,0,0,-2.32,,21-Aug-2026,-,-2.003434459072684,-,Infinity,6.037321624588353,-1.0625737898465153,https://nsearchives.nseindia.com/today/MIDBANKADDEQN.svg,https://nsearchives.nseindia.com/30d/MIDBANKADD-EQ.svg,,EQ
CONSUMAXIS,NIFTY India Consumption Index,118.5,119,118.5,119,0.43,0.36,256,30428.16,118.1254,131.85,105.63,-,-,Infinity,-5.488047017711061,118.57,0,0,-4.11,,21-Aug-2026,-,-5.488047017711061,-,Infinity,9.745923397800528,-12.657388999337314,https://nsearchives.nseindia.com/today/CONSUMAXISEQN.svg,https://nsearchives.nseindia.com/30d/CONSUMAXIS-EQ.svg,,EQ
MOINFRA,BSE India Infrastructure Total Return Index,58.26,58.6,58.15,58.41,0.15,0.26,504,29453.76,58.2644,66,54.6,-,-,-1.8319327731092494,-1.5174506828528167,58.26,0,-2.85,-2.25,19-Sep-2025,21-Aug-2026,-,-1.5174506828528167,-,-1.8319327731092494,11.500000000000005,-6.978021978021969,https://nsearchives.nseindia.com/today/MOINFRAEQN.svg,https://nsearchives.nseindia.com/30d/MOINFRA-EQ.svg,https://nsearchives.nseindia.com/365d/MOINFRA-EQ.svg,EQ
MSCIADD,MSCI India Index,28.88,29.03,28.88,29.03,0.23,0.80,936,27106.56,28.8492,33.82,26.4,-,-,Infinity,-2.25589225589225,28.8,0,0,-3.65,,21-Aug-2026,-,-2.25589225589225,-,Infinity,14.163217031342397,-9.962121212121222,https://nsearchives.nseindia.com/today/MSCIADDEQN.svg,https://nsearchives.nseindia.com/30d/MSCIADD-EQ.svg,,EQ
IVZBANKNF,Nifty Bank TRI,56.34,56.44,56.06,56.39,0.33,0.59,477,26840.79,56.3067,58.45,55.54,-,-,Infinity,Infinity,56.06,0,0,-2.45,,21-Aug-2026,-,Infinity,-,Infinity,3.524379811804965,-1.5304285199855985,https://nsearchives.nseindia.com/today/IVZBANKNFEQN.svg,https://nsearchives.nseindia.com/30d/IVZBANKNF-EQ.svg,,EQ
IVZSENSEX,BSE Sensex TRI,73.8,75.69,73.8,75.13,0.57,0.76,357,26671.47,74.3404,79.2,73.73,-,-,Infinity,Infinity,74.56,0,0,-4.13,,21-Aug-2026,-,Infinity,-,Infinity,5.138888888888898,-1.8988200189881885,https://nsearchives.nseindia.com/today/IVZSENSEXEQN.svg,https://nsearchives.nseindia.com/30d/IVZSENSEX-EQ.svg,,EQ
BBNPNBETF,Baroda BNP Paribas NIFTY Bank ETF,57.03,57.89,55.63,56.87,0.12,0.21,445,25400.6,56.875,62.77,50.03,-,-,1.553571428571424,-0.9233449477351936,56.75,0,0.73,-2.51,19-Sep-2025,21-Aug-2026,-,-0.9233449477351936,-,1.553571428571424,9.399394615262077,-13.671796921846886,https://nsearchives.nseindia.com/today/BBNPNBETFEQN.svg,https://nsearchives.nseindia.com/30d/BBNPNBETF-EQ.svg,https://nsearchives.nseindia.com/365d/BBNPNBETF-EQ.svg,EQ
MOOILGAS,Nifty Oil & Gas ETF Total Return Index,11.17,11.37,10.97,11.05,0.07,0.64,2234,24596.34,10.9646,11.7,10.79,-,-,Infinity,-0.6294964028776845,10.98,0,0,-1.26,,21-Aug-2026,-,-0.6294964028776845,-,Infinity,5.555555555555544,-2.4096385542168823,https://nsearchives.nseindia.com/today/MOOILGASEQN.svg,https://nsearchives.nseindia.com/30d/MOOILGAS-EQ.svg,,EQ
LARGEMID50,BSE LargeMid (60:40) Stable Dividend 50 TRI (Total Return Index),35.63,35.66,35.52,35.63,0.08,0.23,638,22731.94,35.3759,38,34.95,-,-,Infinity,Infinity,35.55,0,0,-3.48,,21-Aug-2026,-,Infinity,-,Infinity,6.236842105263151,-1.9456366237482108,https://nsearchives.nseindia.com/today/LARGEMID50EQN.svg,https://nsearchives.nseindia.com/30d/LARGEMID50-EQ.svg,,EQ
SENSEXADD,DSP S&P BSE Sensex ETF,77.51,77.51,77,77,-0.29,-0.38,256,19786.24,76.7109,88.2,73.27,-,-,-9.42242089165981,-3.2055311125078534,77.29,0,-8.64,-2.96,19-Sep-2025,21-Aug-2026,-,-3.2055311125078534,-,-9.42242089165981,12.698412698412701,-5.0907602019926355,https://nsearchives.nseindia.com/today/SENSEXADDEQN.svg,https://nsearchives.nseindia.com/30d/SENSEXADD-EQ.svg,https://nsearchives.nseindia.com/365d/SENSEXADD-EQ.svg,EQ
BANK10BETF,Bajaj Finserv BSE Top 10 Banks ETF,20.37,20.99,20.37,20.5,0.03,0.15,931,19122.74,20.3744,24.9,19.73,-,-,Infinity,-0.5819592628516052,20.47,0,0,-3.63,,21-Aug-2026,-,-0.5819592628516052,-,Infinity,17.67068273092369,-3.9026862645717157,https://nsearchives.nseindia.com/today/BANK10BETFEQN.svg,https://nsearchives.nseindia.com/30d/BANK10BETF-EQ.svg,,EQ
MOMETAL,Nifty Metal Index,13.17,13.17,12.9,13.04,0,0.00,1390,18097.8,13.0533,14.49,12.54,-,-,Infinity,0.1536098310291826,13.04,0,0,-1.14,,21-Aug-2026,-,0.1536098310291826,-,Infinity,10.006901311249145,-3.9872408293460926,https://nsearchives.nseindia.com/today/MOMETALEQN.svg,https://nsearchives.nseindia.com/30d/MOMETAL-EQ.svg,,EQ
ENIFTY,Nifty 50 TRI,24.19,24.19,23.01,23.68,0.08,0.34,764,18053.32,23.5463,27.99,22.28,-,-,Infinity,-2.4711696869851787,23.6,0,0,-3.52,,21-Aug-2026,-,-2.4711696869851787,-,Infinity,15.398356555912823,-6.283662477558342,https://nsearchives.nseindia.com/today/ENIFTYEQN.svg,https://nsearchives.nseindia.com/30d/ENIFTY-EQ.svg,,EQ
EBANKNIFTY,Edelweiss Nifty Bank ETF,58.38,58.38,56.73,57.13,0.17,0.30,311,17723.89,56.9018,69.39,50.05,-,-,2.420222301900325,-1.3809770412566842,56.96,0,1.79,-2.08,19-Sep-2025,21-Aug-2026,-,-1.3809770412566842,-,2.420222301900325,17.66825190949704,-14.145854145854159,https://nsearchives.nseindia.com/today/EBANKNIFTYEQN.svg,https://nsearchives.nseindia.com/30d/EBANKNIFTY-EQ.svg,https://nsearchives.nseindia.com/365d/EBANKNIFTY-EQ.svg,EQ
ENEXT50,Nifty Next 50 Total Return Index,72.3,72.32,71.67,72.32,0.72,1.01,204,14685.96,71.8193,76,68.59,-,-,Infinity,-3.5733333333333426,71.6,0,0,-3.22,,21-Aug-2026,-,-3.5733333333333426,-,Infinity,4.842105263157904,-5.438110511736389,https://nsearchives.nseindia.com/today/ENEXT50EQN.svg,https://nsearchives.nseindia.com/30d/ENEXT50-EQ.svg,,EQ
GSEC10YEAR,Mirae Asset Nifty 8-13 yr G-Sec ETF,30.92,30.92,30,30.11,-0.2,-0.66,455,13709.15,30.2354,31.33,28.39,-,-,3.081136597055798,-1.7297650130548339,30.31,0,3.59,-0.26,19-Sep-2025,21-Aug-2026,-,-1.7297650130548339,-,3.081136597055798,3.8940312799233925,-6.058471292708696,https://nsearchives.nseindia.com/today/GSEC10YEAREQN.svg,https://nsearchives.nseindia.com/30d/GSEC10YEAR-EQ.svg,https://nsearchives.nseindia.com/365d/GSEC10YEAR-EQ.svg,EQ
NPBET,Nifty Private Bank Index,284.56,284.86,283.81,283.81,0.81,0.29,48,13656,283.1576,307,246.26,-,-,1.6475054618387677,0.6596914346515388,283,0,1.08,-1.05,19-Sep-2025,21-Aug-2026,-,0.6596914346515388,-,1.6475054618387677,7.5537459283387625,-15.248111751807038,https://nsearchives.nseindia.com/today/NPBETEQN.svg,https://nsearchives.nseindia.com/30d/NPBET-EQ.svg,https://nsearchives.nseindia.com/365d/NPBET-EQ.svg,EQ
MSCI360,MSCI India Index,10,10,9.84,9.99,0.03,0.30,1161,11517.12,9.8605,12.24,9.6,-,-,Infinity,-3.9423076923076934,9.96,0,0,-4.14,,21-Aug-2026,-,-3.9423076923076934,-,Infinity,18.38235294117647,-4.062500000000006,https://nsearchives.nseindia.com/today/MSCI360EQN.svg,https://nsearchives.nseindia.com/30d/MSCI360-EQ.svg,,EQ
GILT5BETA,UTI Nifty 5 yr Benchmark G-Sec ETF,66.6,66.6,65.61,66.46,-0.13,-0.20,166,10907.86,65.997,69,61.51,-,-,Infinity,0.9263477600607434,66.59,0,0,0.3,,21-Aug-2026,-,0.9263477600607434,-,Infinity,3.6811594202898643,-8.04747195577954,https://nsearchives.nseindia.com/today/GILT5BETAEQN.svg,https://nsearchives.nseindia.com/30d/GILT5BETA-EQ.svg,,EQ
GSEC10ADD,Nifty 10 yr Benchmark G-Sec,26.35,26.35,26.35,26.35,0.05,0.19,371,9775.85,26.5186,27.85,24.32,-,-,Infinity,Infinity,26.3,0,0,-2.23,,21-Aug-2026,-,Infinity,-,Infinity,5.385996409335727,-8.347039473684216,https://nsearchives.nseindia.com/today/GSEC10ADDEQN.svg,https://nsearchives.nseindia.com/30d/GSEC10ADD-EQ.svg,,EQ
LICNETFSEN,SENSEX,838,849.11,838,843.34,4.5,0.54,8,6743.36,839.9994,974.02,803,-,-,-9.044434857635894,-3.5058010480789017,838.84,0,-9.75,-4.78,19-Sep-2025,21-Aug-2026,-,-3.5058010480789017,-,-9.044434857635894,13.416562288248697,-5.023661270236617,https://nsearchives.nseindia.com/today/LICNETFSENEQN.svg,https://nsearchives.nseindia.com/30d/LICNETFSEN-EQ.svg,https://nsearchives.nseindia.com/365d/LICNETFSEN-EQ.svg,EQ
GILT10BETA,UTI Nifty 10 yr Benchmark G-Sec ETF,26.66,26.66,26.14,26.64,-0.02,-0.08,185,4895.1,26.3906,27.6,25.1,-,-,Infinity,-0.5970149253731348,26.66,0,0,-0.49,,21-Aug-2026,-,-0.5970149253731348,-,Infinity,3.4782608695652204,-6.135458167330674,https://nsearchives.nseindia.com/today/GILT10BETAEQN.svg,https://nsearchives.nseindia.com/30d/GILT10BETA-EQ.svg,,EQ
ELMDIV,Index (BSE LargeMid (60:40) Stable Dividend 50),35.71,35.77,35.49,35.75,0.25,0.70,116,4144.68,35.3669,38.67,35.1,-,-,Infinity,-2.027952863798306,35.5,0,0,-3.48,,21-Aug-2026,-,-2.027952863798306,-,Infinity,7.551073183346268,-1.8518518518518476,https://nsearchives.nseindia.com/today/ELMDIVEQN.svg,https://nsearchives.nseindia.com/30d/ELMDIV-EQ.svg,,EQ
ABSLMSCIN,MSCI India Index,28.8,28.94,28.8,28.8,0.11,0.38,106,3061.28,28.8311,35.34,26.34,-,-,Infinity,-2.7683997299122223,28.69,0,0,-3.72,,21-Aug-2026,-,-2.7683997299122223,-,Infinity,18.50594227504245,-9.339407744874718,https://nsearchives.nseindia.com/today/ABSLMSCINEQN.svg,https://nsearchives.nseindia.com/30d/ABSLMSCIN-EQ.svg,,EQ
ABGSEC,Aditya Birla Sun Life CRISIL Broad Based Gilt ETF,114.31,114.31,113.6,114.01,-0.19,-0.17,15,1710.9,113.755,118,109.5,-,-,3.3260830161319572,-0.47140986468790225,114.2,0,3.41,-0.76,19-Sep-2025,21-Aug-2026,-,-0.47140986468790225,-,3.3260830161319572,3.3813559322033857,-4.118721461187219,https://nsearchives.nseindia.com/today/ABGSECEQN.svg,https://nsearchives.nseindia.com/30d/ABGSEC-EQ.svg,https://nsearchives.nseindia.com/365d/ABGSEC-EQ.svg,EQ
EBANK10,BSE Top 10 Bank Total Return Index,16.55,16.64,16.45,16.64,0.07,0.42,51,848.13,16.4325,17.9,16.09,-,-,Infinity,-2.576112412177973,16.57,0,0,-2.18,,21-Aug-2026,-,-2.576112412177973,-,Infinity,7.039106145251386,-3.4182722187694266,https://nsearchives.nseindia.com/today/EBANK10EQN.svg,https://nsearchives.nseindia.com/30d/EBANK10-EQ.svg,,EQ
GSEC10ABSL,CRISIL 10 Year Gilt ETF,0,0,0,112.34,0,0.00,0,0,111.7439,115,108.01,-,-,3.0642201834862415,-0.8210470557075948,112.34,0,3.39,1.85,19-Sep-2025,21-Aug-2026,-,-0.8210470557075948,-,3.0642201834862415,2.3130434782608664,-4.0088880659198205,https://nsearchives.nseindia.com/today/GSEC10ABSLEQN.svg,https://nsearchives.nseindia.com/30d/GSEC10ABSL-EQ.svg,https://nsearchives.nseindia.com/365d/GSEC10ABSL-EQ.svg,EQ
