symbol,assets,open,high,low,ltP,chn,per,qty,trdVal,nav,wkhi,wklo,xDt,cAct,yPC,mPC,prevClose,stockIndClosePrice,perChange365d,perChange30d,date365dAgo,date30dAgo,CAct,MPC,XDt,YPC,nearWKH,nearWKL,chartTodayPath,chart30dPath,chart365dPath,series
SILVERBEES,Domestic price of Silver- based on LBMA Silver daily spot fixing price,225.13,226.56,224.2,225.37,8.94,4.13,36624820,8269151859.6,216.9942,360,106.64,-,-,105.98665569874784,8.408292847178807,216.43,0,97.82,4.11,19-Aug-2025,20-Jul-2026,-,8.408292847178807,-,105.98665569874784,37.397222222222226,-111.33720930232558,https://nsearchives.nseindia.com/today/SILVERBEESEQN.svg,https://nsearchives.nseindia.com/30d/SILVERBEES-EQ.svg,https://nsearchives.nseindia.com/365d/SILVERBEES-EQ.svg,EQ
GOLDBEES,Gold,127.83,129.37,127.83,128.83,3.1,2.47,36486441,4701277922.85,125.9033,148.14,80.02,19-DEC-19, FACE VALUE SPLIT (SUB-DIVISION) - FROM RS 100/- TO RS 1/-,56.518041550236916,10.261896610749751,125.73,0,52.75,7.61,19-Aug-2025,20-Jul-2026, FACE VALUE SPLIT (SUB-DIVISION) - FROM RS 100/- TO RS 1/-,10.261896610749751,19-DEC-19,56.518041550236916,13.034966923180757,-60.9972506873282,https://nsearchives.nseindia.com/today/GOLDBEESEQN.svg,https://nsearchives.nseindia.com/30d/GOLDBEES-EQ.svg,https://nsearchives.nseindia.com/365d/GOLDBEES-EQ.svg,EQ
LIQUIDBEES,Government Securities,1000,1000.88,999.99,1000.01,0.02,0.00,2354078,2354054459.22,1000,1029.99,969.99,19-SEP-17, EXIT OPTION PURSUANT TO CHANGE IN FUNDAMENTAL ATTRIBUTES OF ETF  ,0.002000020000198183,0.0009999999999990906,999.99,0,0,0,19-Aug-2025,20-Jul-2026, EXIT OPTION PURSUANT TO CHANGE IN FUNDAMENTAL ATTRIBUTES OF ETF  ,0.0009999999999990906,19-SEP-17,0.002000020000198183,2.9107078709502052,-3.0948772667759443,https://nsearchives.nseindia.com/today/LIQUIDBEESEQN.svg,https://nsearchives.nseindia.com/30d/LIQUIDBEES-EQ.svg,https://nsearchives.nseindia.com/365d/LIQUIDBEES-EQ.svg,EQ
TATSILV,Tata Silver Exchange Traded Fund,22.65,23.06,22.65,22.89,0.93,4.23,81115670,1860793469.8,22.0403,35.1,10.56,-,-,106.77506775067751,8.43202273803885,21.96,0,98.37,4.03,19-Aug-2025,20-Jul-2026,-,8.43202273803885,-,106.77506775067751,34.78632478632478,-116.76136363636363,https://nsearchives.nseindia.com/today/TATSILVEQN.svg,https://nsearchives.nseindia.com/30d/TATSILV-EQ.svg,https://nsearchives.nseindia.com/365d/TATSILV-EQ.svg,EQ
LIQUIDETF,Nifty1D rate index,1000,1000.01,999.99,1000,0.01,0.00,1717983,1717965820.17,1000,1025,995,-,-,0,0,999.99,0,0,0,19-Aug-2025,20-Jul-2026,-,0,-,0,2.4390243902439024,-0.5025125628140703,https://nsearchives.nseindia.com/today/LIQUIDETFEQN.svg,https://nsearchives.nseindia.com/30d/LIQUIDETF-EQ.svg,https://nsearchives.nseindia.com/365d/LIQUIDETF-EQ.svg,EQ
HDFCSILVER,HDFC Silver ETF,224.55,227.1,224.55,225.31,8.9,4.11,6685957,1511226860.71,217.03,359,106.78,-,-,105.4623381360569,8.181687232918803,216.41,0,97.35,3.91,19-Aug-2025,20-Jul-2026,-,8.181687232918803,-,105.4623381360569,37.239554317548745,-111.0039333208466,https://nsearchives.nseindia.com/today/HDFCSILVEREQN.svg,https://nsearchives.nseindia.com/30d/HDFCSILVER-EQ.svg,https://nsearchives.nseindia.com/365d/HDFCSILVER-EQ.svg,EQ
SILVERIETF,Domestic Price of Silver,230.12,236.6,230.12,235,8.8,3.89,6110834,1439406948.7,226.5116,373.5,111.17,-,-,106.21270621270622,8.344859382203778,226.2,0,98.49,4.29,19-Aug-2025,20-Jul-2026,-,8.344859382203778,-,106.21270621270622,37.08165997322624,-111.38796437887919,https://nsearchives.nseindia.com/today/SILVERIETFEQN.svg,https://nsearchives.nseindia.com/30d/SILVERIETF-EQ.svg,https://nsearchives.nseindia.com/365d/SILVERIETF-EQ.svg,EQ
LIQUIDCASE,Zerodha Nifty 1D Rate Liquid ETF,115.54,115.56,115.54,115.56,0.03,0.03,11632648,1344036149.92,115.5345,115.56,102,-,-,5.044995909462774,0.42582775701747555,115.53,0,5.02,0.4,19-Aug-2025,20-Jul-2026,-,0.42582775701747555,-,5.044995909462774,0,-13.294117647058826,https://nsearchives.nseindia.com/today/LIQUIDCASEEQN.svg,https://nsearchives.nseindia.com/30d/LIQUIDCASE-EQ.svg,https://nsearchives.nseindia.com/365d/LIQUIDCASE-EQ.svg,EQ
LIQUIDPLUS,Nifty 1D Rate Index,1099.63,1099.82,1099.63,1099.63,0.14,0.01,1035486,1138661825.04,1099.4971,1127.08,1046.41,-,-,5.085960569948684,0.40907638223074627,1099.49,0,5.07,0.4,19-Aug-2025,20-Jul-2026,-,0.40907638223074627,-,5.085960569948684,2.4354970365901107,-5.085960569948684,https://nsearchives.nseindia.com/today/LIQUIDPLUSEQN.svg,https://nsearchives.nseindia.com/30d/LIQUIDPLUS-EQ.svg,https://nsearchives.nseindia.com/365d/LIQUIDPLUS-EQ.svg,EQ
TATAGOLD,Tata Gold Exchange Traded Fund,14.9,15.2,14.77,15.12,0.35,2.37,74592702,1127841654.24,14.7952,17.7,9.45,-,-,56.35987590486038,10.12381646030589,14.77,0,52.74,7.57,19-Aug-2025,20-Jul-2026,-,10.12381646030589,-,56.35987590486038,14.576271186440678,-60.00000000000001,https://nsearchives.nseindia.com/today/TATAGOLDEQN.svg,https://nsearchives.nseindia.com/30d/TATAGOLD-EQ.svg,https://nsearchives.nseindia.com/365d/TATAGOLD-EQ.svg,EQ
NIFTYBEES,Nifty 50,278,278,275.52,276.55,1.93,0.70,3634535,1005021618.2,274.5574,302.25,251.7,19-DEC-19, FACE VALUE SPLIT (SUB-DIVISION) - FROM RS 10/- TO RS 1/-,-1.9187118740246731,0.35198490456492754,274.62,0,-2.6,-0.35,19-Aug-2025,20-Jul-2026, FACE VALUE SPLIT (SUB-DIVISION) - FROM RS 10/- TO RS 1/-,0.35198490456492754,19-DEC-19,-1.9187118740246731,8.502894954507855,-9.872864521255472,https://nsearchives.nseindia.com/today/NIFTYBEESEQN.svg,https://nsearchives.nseindia.com/30d/NIFTYBEES-EQ.svg,https://nsearchives.nseindia.com/365d/NIFTYBEES-EQ.svg,EQ
GOLDIETF,Gold,135,135,132.39,133.67,3.49,2.68,6459583,862677309.65,130.3983,158,82.87,-,-,57.25882352941176,10.416322484718311,130.18,0,53.15,7.53,19-Aug-2025,20-Jul-2026,-,10.416322484718311,-,57.25882352941176,15.398734177215198,-61.300832629419546,https://nsearchives.nseindia.com/today/GOLDIETFEQN.svg,https://nsearchives.nseindia.com/30d/GOLDIETF-EQ.svg,https://nsearchives.nseindia.com/365d/GOLDIETF-EQ.svg,EQ
LIQUID1,Kotak Nifty 1D Rate Liquid ETF,1120.55,1121.99,1118.82,1118.97,0.16,0.01,670389,750145179.33,1118.8191,1136.66,1061.5,-,-,5.113006556822671,0.4190971910616596,1118.81,0,5.1,0.4,19-Aug-2025,20-Jul-2026,-,0.4190971910616596,-,5.113006556822671,1.5563141132792615,-5.414036740461613,https://nsearchives.nseindia.com/today/LIQUID1EQN.svg,https://nsearchives.nseindia.com/30d/LIQUID1-EQ.svg,https://nsearchives.nseindia.com/365d/LIQUID1-EQ.svg,EQ
SETFGOLD,Gold,132.98,133.49,132.07,132.7,2.96,2.28,4964766,659867049.06,129.8367,153.95,82.51,06-JAN-22,FACE VALUE SPLIT (SUB-DIVISION) - FROM RS 100/- PER SHARE TO RS 1/- PER SHARE,56.39363582793164,10.042292064018564,129.74,0,52.91,7.59,19-Aug-2025,20-Jul-2026,FACE VALUE SPLIT (SUB-DIVISION) - FROM RS 100/- PER SHARE TO RS 1/- PER SHARE,10.042292064018564,06-JAN-22,56.39363582793164,13.803182851575189,-60.82899042540296,https://nsearchives.nseindia.com/today/SETFGOLDEQN.svg,https://nsearchives.nseindia.com/30d/SETFGOLD-EQ.svg,https://nsearchives.nseindia.com/365d/SETFGOLD-EQ.svg,EQ
LIQUIDIETF,S&P BSE Liquid Rate Index,1000,1000.01,999.99,1000,0.01,0.00,637840,637833621.6,1000,1041.19,955,-,-,0.0010000100000990915,0.0010000100000990915,999.99,0,0,0,19-Aug-2025,20-Jul-2026,-,0.0010000100000990915,-,0.0010000100000990915,3.956050288612074,-4.712041884816754,https://nsearchives.nseindia.com/today/LIQUIDIETFEQN.svg,https://nsearchives.nseindia.com/30d/LIQUIDIETF-EQ.svg,https://nsearchives.nseindia.com/365d/LIQUIDIETF-EQ.svg,EQ
GOLDAXIS,Gold,129.79,130.4,128.91,129.77,3.14,2.48,4551401,590544279.75,126.8701,150,80.84,23-JUL-20, FACE VALUE SPLIT (SUB-DIVISION) - FROM RS 100/- PER SHARE TO RE 1/- PER SHARE,Infinity,10.13324280743445,126.63,0,0,7.47,,20-Jul-2026, FACE VALUE SPLIT (SUB-DIVISION) - FROM RS 100/- PER SHARE TO RE 1/- PER SHARE,10.13324280743445,23-JUL-20,Infinity,13.486666666666661,-60.526966848095014,https://nsearchives.nseindia.com/today/GOLDAXISEQN.svg,https://nsearchives.nseindia.com/30d/GOLDAXIS-EQ.svg,,EQ
SETFNIF50,Nifty 50,261.84,261.84,260.27,261.48,1.97,0.76,2237839,584971114.6,259.4723,287.33,237.9,24-MAR-21, DIVIDEND - RS 1.30 PER SHARE,-1.8763134193935753,0.4147465437788176,259.51,0,-2.62,-0.34,19-Aug-2025,20-Jul-2026, DIVIDEND - RS 1.30 PER SHARE,0.4147465437788176,24-MAR-21,-1.8763134193935753,8.996624090766701,-9.911727616645654,https://nsearchives.nseindia.com/today/SETFNIF50EQN.svg,https://nsearchives.nseindia.com/30d/SETFNIF50-EQ.svg,https://nsearchives.nseindia.com/365d/SETFNIF50-EQ.svg,EQ
NIFTYIETF,Nifty 50,273.41,275.81,273.41,275.5,2.23,0.82,2064160,568304531.2,273.1551,328.24,250.4,-,-,-1.7790295554208737,0.492431150829846,273.27,0,-2.57,-0.32,19-Aug-2025,20-Jul-2026,-,0.492431150829846,-,-1.7790295554208737,16.067511576894958,-10.02396166134185,https://nsearchives.nseindia.com/today/NIFTYIETFEQN.svg,https://nsearchives.nseindia.com/30d/NIFTYIETF-EQ.svg,https://nsearchives.nseindia.com/365d/NIFTYIETF-EQ.svg,EQ
SBISILVER,SBI SILVER ETF,229.82,232.63,229.82,230.76,8.99,4.05,2365422,546838257.96,222.338,362,109.32,-,-,105.79684295014715,8.261787473610127,221.77,0,97.78,4.04,19-Aug-2025,20-Jul-2026,-,8.261787473610127,-,105.79684295014715,36.25414364640884,-111.08671789242591,https://nsearchives.nseindia.com/today/SBISILVEREQN.svg,https://nsearchives.nseindia.com/30d/SBISILVER-EQ.svg,https://nsearchives.nseindia.com/365d/SBISILVER-EQ.svg,EQ
SILVER,Physical price of Silver,229.84,236.86,229.84,235.06,8.97,3.97,2294375,540600637.5,226.5685,371.89,111.2,-,-,105.86792783324574,8.312597917242647,226.09,0,98.01,4.18,19-Aug-2025,20-Jul-2026,-,8.312597917242647,-,105.86792783324574,36.793137755787996,-111.38489208633094,https://nsearchives.nseindia.com/today/SILVEREQN.svg,https://nsearchives.nseindia.com/30d/SILVER-EQ.svg,https://nsearchives.nseindia.com/365d/SILVER-EQ.svg,EQ
HDFCGOLD,Gold,131.1,133.9,130.07,133.08,3.01,2.31,3550590,472477011.3,130.0969,152.3,83.43,17-FEB-21, FACE VALUE SPLIT (SUB-DIVISION) - FROM RS 100/- PER UNIT TO RE 1/- PER UNIT,56.6015533066604,10.174683334713144,130.07,0,53.06,7.68,19-Aug-2025,20-Jul-2026, FACE VALUE SPLIT (SUB-DIVISION) - FROM RS 100/- PER UNIT TO RE 1/- PER UNIT,10.174683334713144,17-FEB-21,56.6015533066604,12.619829284307288,-59.510967277957576,https://nsearchives.nseindia.com/today/HDFCGOLDEQN.svg,https://nsearchives.nseindia.com/30d/HDFCGOLD-EQ.svg,https://nsearchives.nseindia.com/365d/HDFCGOLD-EQ.svg,EQ
LIQUIDBETF,Bajaj Finserv Nifty 1D Rate Liquid ETF,1095.34,1095.35,1095.33,1095.35,0.15,0.01,402825,441226307.25,1095.1909,1116.24,1009.94,-,-,4.910543253390544,0.40147758416820645,1095.2,0,4.9,0.39,19-Aug-2025,20-Jul-2026,-,0.40147758416820645,-,4.910543253390544,1.871461334480049,-8.456938035922912,https://nsearchives.nseindia.com/today/LIQUIDBETFEQN.svg,https://nsearchives.nseindia.com/30d/LIQUIDBETF-EQ.svg,https://nsearchives.nseindia.com/365d/LIQUIDBETF-EQ.svg,EQ
HDFCSML250,HDFC NIFTY Smallcap 250 ETF,184.15,185.82,183.5,185.27,1.12,0.61,2012314,373425108.98,183.8414,189.83,142.7,-,-,8.073266056116202,2.1277768590485717,184.15,0,7.42,1.51,19-Aug-2025,20-Jul-2026,-,2.1277768590485717,-,8.073266056116202,2.4021492914713174,-29.83181499649616,https://nsearchives.nseindia.com/today/HDFCSML250EQN.svg,https://nsearchives.nseindia.com/30d/HDFCSML250-EQ.svg,https://nsearchives.nseindia.com/365d/HDFCSML250-EQ.svg,EQ
GOLD1,Gold,128.91,131.99,128.7,130.27,3.22,2.53,2805228,365352894.72,127.1031,158,80.77,22-JUL-21, FACE VALUE SPLIT (SUB-DIVISION) - FROM RS 10/- PER SHARE TO RE 1/- PER SHARE,57.235968617984334,10.360894611995937,127.05,0,53.35,7.63,19-Aug-2025,20-Jul-2026, FACE VALUE SPLIT (SUB-DIVISION) - FROM RS 10/- PER SHARE TO RE 1/- PER SHARE,10.360894611995937,22-JUL-21,57.235968617984334,17.5506329113924,-61.28513061780367,https://nsearchives.nseindia.com/today/GOLD1EQN.svg,https://nsearchives.nseindia.com/30d/GOLD1-EQ.svg,https://nsearchives.nseindia.com/365d/GOLD1-EQ.svg,EQ
GOLDETF,Mirae Asset Gold ETF,148.01,152,148.01,151.2,3.14,2.12,2355890,356611069.3,148.0223,173.5,96.03,-,-,56.554151998343336,10.00363768643143,148.06,0,53.3,7.72,19-Aug-2025,20-Jul-2026,-,10.00363768643143,-,56.554151998343336,12.85302593659943,-57.45079662605435,https://nsearchives.nseindia.com/today/GOLDETFEQN.svg,https://nsearchives.nseindia.com/30d/GOLDETF-EQ.svg,https://nsearchives.nseindia.com/365d/GOLDETF-EQ.svg,EQ
LIQUIDADD,DSP S&P BSE Liquid Rate ETF,1141.07,1141.09,1141.07,1141.08,0.16,0.01,299844,342145991.52,1140.9312,1151.22,1054.87,-,-,5.002208480565361,0.40829256273977266,1140.92,0,4.99,0.39,19-Aug-2025,20-Jul-2026,-,0.40829256273977266,-,5.002208480565361,0.880804711523436,-8.17257102770958,https://nsearchives.nseindia.com/today/LIQUIDADDEQN.svg,https://nsearchives.nseindia.com/30d/LIQUIDADD-EQ.svg,https://nsearchives.nseindia.com/365d/LIQUIDADD-EQ.svg,EQ
SILVERCASE,Commodity-Silver,23.8,24.08,23.8,23.88,0.91,3.96,12583213,301242119.22,23.9852,38.01,11.34,-,-,105.68475452196382,8.446866485013622,22.97,0,97.85,4.31,19-Aug-2025,20-Jul-2026,-,8.446866485013622,-,105.68475452196382,37.17442778216259,-110.58201058201058,https://nsearchives.nseindia.com/today/SILVERCASEEQN.svg,https://nsearchives.nseindia.com/30d/SILVERCASE-EQ.svg,https://nsearchives.nseindia.com/365d/SILVERCASE-EQ.svg,EQ
BANKBEES,Nifty Bank,594,598.27,593.65,596,2.74,0.46,482011,287890709.97,593.539,638.99,515.98,19-DEC-19, FACE VALUE SPLIT (SUB-DIVISION) - FROM RS 10/- TO RS 1/-,3.339459721885077,-0.7014211692574326,593.26,0,2.86,-1.16,19-Aug-2025,20-Jul-2026, FACE VALUE SPLIT (SUB-DIVISION) - FROM RS 10/- TO RS 1/-,-0.7014211692574326,19-DEC-19,3.339459721885077,6.727804816976793,-15.508353036939413,https://nsearchives.nseindia.com/today/BANKBEESEQN.svg,https://nsearchives.nseindia.com/30d/BANKBEES-EQ.svg,https://nsearchives.nseindia.com/365d/BANKBEES-EQ.svg,EQ
GOLDCASE,Zerodha Gold ETF,24.41,24.61,24.34,24.55,0.62,2.59,10970966,269337215.3,23.9852,27.94,15.25,-,-,56.86900958466453,10.486048604860494,23.93,0,52.91,7.7,19-Aug-2025,20-Jul-2026,-,10.486048604860494,-,56.86900958466453,12.13314244810308,-60.98360655737706,https://nsearchives.nseindia.com/today/GOLDCASEEQN.svg,https://nsearchives.nseindia.com/30d/GOLDCASE-EQ.svg,https://nsearchives.nseindia.com/365d/GOLDCASE-EQ.svg,EQ
JUNIORBEES,Nippon India ETF Nifty Next 50 Junior BeES,808.22,808.22,802.2,804.32,4.47,0.56,319972,257343880.44,799.7118,823.97,632.34,10-MAR-14,DIVIDEND-RS.1 PER UNIT,10.319855159927581,2.9213425635644783,799.85,0,9.71,2.35,19-Aug-2025,20-Jul-2026,DIVIDEND-RS.1 PER UNIT,2.9213425635644783,10-MAR-14,10.319855159927581,2.38479556294525,-27.197393807129075,https://nsearchives.nseindia.com/today/JUNIORBEESEQN.svg,https://nsearchives.nseindia.com/30d/JUNIORBEES-EQ.svg,https://nsearchives.nseindia.com/365d/JUNIORBEES-EQ.svg,EQ
SILVER1,Kotak Silver ETF,22.6,23.4,22.6,22.85,0.86,3.91,10844593,248341179.7,22.0139,38.8,10.8,27-FEB-26,FACE VALUE SPLIT (SUB-DIVISION) - FROM RS 10/- PER SHARE TO RE 1/- PER SHARE,-79.36421927210331,8.242539081004272,21.99,0,-80.14,4.17,19-Aug-2025,20-Jul-2026,FACE VALUE SPLIT (SUB-DIVISION) - FROM RS 10/- PER SHARE TO RE 1/- PER SHARE,8.242539081004272,27-FEB-26,-79.36421927210331,41.10824742268041,-111.57407407407406,https://nsearchives.nseindia.com/today/SILVER1EQN.svg,https://nsearchives.nseindia.com/30d/SILVER1-EQ.svg,https://nsearchives.nseindia.com/365d/SILVER1-EQ.svg,EQ
ITBEES,Nifty IT TRI,34.52,34.52,34,34.15,0.47,1.40,7079695,241842381.2,33.8338,44.27,28.55,-,-,-10.013175230566546,5.466337245213082,33.68,0,-11.25,4.01,19-Aug-2025,20-Jul-2026,-,5.466337245213082,-,-10.013175230566546,22.859724418342,-19.614711033274947,https://nsearchives.nseindia.com/today/ITBEESEQN.svg,https://nsearchives.nseindia.com/30d/ITBEES-EQ.svg,https://nsearchives.nseindia.com/365d/ITBEES-EQ.svg,EQ
SILVERBETA,UTI Silver Exchange Traded Fund (UTI Silver ETF),224.9,229.11,224.9,227,8.34,3.81,1032971,235589695.97,219.072,379.66,107.8,-,-,Infinity,8.10553386036766,218.66,0,0,4.13,,20-Jul-2026,-,8.10553386036766,-,Infinity,40.20966127587842,-110.57513914656772,https://nsearchives.nseindia.com/today/SILVERBETAEQN.svg,https://nsearchives.nseindia.com/30d/SILVERBETA-EQ.svg,,EQ
MID150BEES,Nifty Midcap 150 TRI,245.95,245.95,240.12,242.45,1.13,0.47,887678,215395066.7,241.0088,245.95,190.43,-,-,9.482953262587491,1.4732348386556655,241.32,0,8.97,1,19-Aug-2025,20-Jul-2026,-,1.4732348386556655,-,9.482953262587491,1.423053466151657,-27.317124402667638,https://nsearchives.nseindia.com/today/MID150BEESEQN.svg,https://nsearchives.nseindia.com/30d/MID150BEES-EQ.svg,https://nsearchives.nseindia.com/365d/MID150BEES-EQ.svg,EQ
CASHIETF,BSE Liquid Rate Index,1076.96,1076.96,1075.01,1076.02,0.15,0.01,148294,159567309.88,1075.8735,1099.28,1024.14,-,-,5.064687789874519,0.4143414397431881,1075.87,0,5.05,0.4,19-Aug-2025,20-Jul-2026,-,0.4143414397431881,-,5.064687789874519,2.1159304271887045,-5.0657136719589,https://nsearchives.nseindia.com/today/CASHIETFEQN.svg,https://nsearchives.nseindia.com/30d/CASHIETF-EQ.svg,https://nsearchives.nseindia.com/365d/CASHIETF-EQ.svg,EQ
MODEFENCE,Nifty India Defence Total Return Index,109.03,109.03,107.25,107.25,-0.7,-0.65,1364950,147168909,107.8657,110.8,77.8,-,-,26.325088339222606,4.511791073864739,107.95,0,27.15,5.19,19-Aug-2025,20-Jul-2026,-,4.511791073864739,-,26.325088339222606,3.2039711191335716,-37.853470437018004,https://nsearchives.nseindia.com/today/MODEFENCEEQN.svg,https://nsearchives.nseindia.com/30d/MODEFENCE-EQ.svg,https://nsearchives.nseindia.com/365d/MODEFENCE-EQ.svg,EQ
HDFCNIFTY,Nifty 50,273.27,273.95,272.9,273.1,1.45,0.53,512210,140130411.8,271.5841,301.88,247.56,17-FEB-21, FACE VALUE SPLIT (SUB-DIVISION) - FROM RS 761.25/- PER UNIT TO RS 76.125/- PER UNIT,-2.1848137535816496,0.09896272404062555,271.65,0,-2.7,-0.43,19-Aug-2025,20-Jul-2026, FACE VALUE SPLIT (SUB-DIVISION) - FROM RS 761.25/- PER UNIT TO RS 76.125/- PER UNIT,0.09896272404062555,17-FEB-21,-2.1848137535816496,9.53358950576387,-10.31669090321539,https://nsearchives.nseindia.com/today/HDFCNIFTYEQN.svg,https://nsearchives.nseindia.com/30d/HDFCNIFTY-EQ.svg,https://nsearchives.nseindia.com/365d/HDFCNIFTY-EQ.svg,EQ
ITIETF,Nifty IT Index,34.55,34.55,33.94,33.94,0.23,0.68,3591697,122405033.76,33.8548,44.3,28.54,01-SEP-22,FACE VALUE SPLIT (SUB-DIVISION) - FROM RS 10/- PER UNIT TO RE 1/- PER UNIT,-10.424914225389292,4.688463911165934,33.71,0,-11.03,3.98,19-Aug-2025,20-Jul-2026,FACE VALUE SPLIT (SUB-DIVISION) - FROM RS 10/- PER UNIT TO RE 1/- PER UNIT,4.688463911165934,01-SEP-22,-10.424914225389292,23.38600451467269,-18.920812894183598,https://nsearchives.nseindia.com/today/ITIETFEQN.svg,https://nsearchives.nseindia.com/30d/ITIETF-EQ.svg,https://nsearchives.nseindia.com/365d/ITIETF-EQ.svg,EQ
SILVERADD,DSP Silver ETF,224.95,228.77,222.1,227.55,9.42,4.32,529833,120653570.76,218.7315,390,107.15,28-AUG-26,FACE VALUE SPLIT (SUB-DIVISION) - FROM RS 10/- PER UNIT TO RE 1/- PER UNIT,106.97653265417502,8.620936560217672,218.13,0,98.41,4.12,19-Aug-2025,20-Jul-2026,FACE VALUE SPLIT (SUB-DIVISION) - FROM RS 10/- PER UNIT TO RE 1/- PER UNIT,8.620936560217672,28-AUG-26,106.97653265417502,41.653846153846146,-112.36584227718151,https://nsearchives.nseindia.com/today/SILVERADDEQN.svg,https://nsearchives.nseindia.com/30d/SILVERADD-EQ.svg,https://nsearchives.nseindia.com/365d/SILVERADD-EQ.svg,EQ
NIFTY1,Nifty 50,269,270.2,268.26,269.7,2.2,0.82,427473,115169775.66,267.4485,320,244.8,27-JUL-17, FACE VALUE SPLIT (SUB-DIVISION) - FROM RS 10/- PER SHARE TO RS 1/- PER SHARE,-1.7164097518312147,0.22668995503363695,267.5,0,-2.52,-0.59,19-Aug-2025,20-Jul-2026, FACE VALUE SPLIT (SUB-DIVISION) - FROM RS 10/- PER SHARE TO RS 1/- PER SHARE,0.22668995503363695,27-JUL-17,-1.7164097518312147,15.718750000000004,-10.17156862745097,https://nsearchives.nseindia.com/today/NIFTY1EQN.svg,https://nsearchives.nseindia.com/30d/NIFTY1-EQ.svg,https://nsearchives.nseindia.com/365d/NIFTY1-EQ.svg,EQ
SILVERAG,Mirae Asset Silver ETF,226.9,230.5,226.9,229.21,8.65,3.92,501135,115135766.25,220.884,380,108.5,-,-,Infinity,8.255797477920002,220.56,0,0,4.17,,20-Jul-2026,-,8.255797477920002,-,Infinity,39.68157894736842,-111.25345622119816,https://nsearchives.nseindia.com/today/SILVERAGEQN.svg,https://nsearchives.nseindia.com/30d/SILVERAG-EQ.svg,,EQ
MON100,Nasdaq100,330.99,330.99,330.99,330.99,-5.39,-1.60,335996,111211316.04,275.4286,342.55,200.21,17-JUN-21, FACE VALUE SPLIT (SUB-DIVISION) - FROM RS 10/- PER SHARE TO RE 1/- PER SHARE,61.081370449678815,0.9238931577021678,336.38,0,63.7,2.57,19-Aug-2025,20-Jul-2026, FACE VALUE SPLIT (SUB-DIVISION) - FROM RS 10/- PER SHARE TO RE 1/- PER SHARE,0.9238931577021678,17-JUN-21,61.081370449678815,3.3746898263027303,-65.3214125168573,https://nsearchives.nseindia.com/today/MON100EQN.svg,https://nsearchives.nseindia.com/30d/MON100-EQ.svg,https://nsearchives.nseindia.com/365d/MON100-EQ.svg,EQ
NIFTYAXIS,Nifty 50,269.65,269.65,267.55,268.14,1.47,0.55,385926,103706034.72,266.7431,296.38,244,23-JUL-20, FACE VALUE SPLIT (SUB-DIVISION) - FROM RS 100/- PER SHARE TO RS 10/- PER SHARE,Infinity,0.15688032272522,266.67,0,0,-0.39,,20-Jul-2026, FACE VALUE SPLIT (SUB-DIVISION) - FROM RS 100/- PER SHARE TO RS 10/- PER SHARE,0.15688032272522,23-JUL-20,Infinity,9.528308252918555,-9.893442622950815,https://nsearchives.nseindia.com/today/NIFTYAXISEQN.svg,https://nsearchives.nseindia.com/30d/NIFTYAXIS-EQ.svg,,EQ
BSLGOLDETF,Gold,137.44,137.44,136.51,136.51,2.54,1.90,723325,99052125.5,133.9437,155.99,85.74,25-NOV-21, FACE VALUE SPLIT (SUB-DIVISION) - FROM RS 10/- PER SHARE TO RE 0.10/- PER SHARE,56.20780409657854,9.94684278350515,133.97,0,53.3,7.9,19-Aug-2025,20-Jul-2026, FACE VALUE SPLIT (SUB-DIVISION) - FROM RS 10/- PER SHARE TO RE 0.10/- PER SHARE,9.94684278350515,25-NOV-21,56.20780409657854,12.487979998717877,-59.21390249591789,https://nsearchives.nseindia.com/today/BSLGOLDETFEQN.svg,https://nsearchives.nseindia.com/30d/BSLGOLDETF-EQ.svg,https://nsearchives.nseindia.com/365d/BSLGOLDETF-EQ.svg,EQ
NIFTYETF,Nifty 50,263.19,264.39,263.19,263.96,1.77,0.68,355259,93749297.51,262.1413,289.05,239.81,-,-,-1.9756387403446203,-0.17019023486254128,262.19,0,-2.63,-0.84,19-Aug-2025,20-Jul-2026,-,-0.17019023486254128,-,-1.9756387403446203,8.680159142016963,-10.070472457362069,https://nsearchives.nseindia.com/today/NIFTYETFEQN.svg,https://nsearchives.nseindia.com/30d/NIFTYETF-EQ.svg,https://nsearchives.nseindia.com/365d/NIFTYETF-EQ.svg,EQ
GOLDBETA,Gold,131.25,131.6,130.75,131.15,3.15,2.46,647736,84995917.92,128.1667,149.35,81.35,25-MAR-21, FACE VALUE SPLIT (SUB-DIVISION) - FROM RS 100/- PER UNIT TO RE 1/- PER UNIT,Infinity,10.349179638199422,128,0,0,7.7,,20-Jul-2026, FACE VALUE SPLIT (SUB-DIVISION) - FROM RS 100/- PER UNIT TO RE 1/- PER UNIT,10.349179638199422,25-MAR-21,Infinity,12.186139939738862,-61.21696373693917,https://nsearchives.nseindia.com/today/GOLDBETAEQN.svg,https://nsearchives.nseindia.com/30d/GOLDBETA-EQ.svg,,EQ
PHARMABEES,Nifty Pharma TRI,27.6,27.6,27.07,27.22,0.18,0.67,2906416,78909194.4,27.0626,28.01,21.46,-,-,20.28281042863456,1.6809861785580849,27.04,0,19.49,1.01,19-Aug-2025,20-Jul-2026,-,1.6809861785580849,-,20.28281042863456,2.8204212781149685,-26.84063373718545,https://nsearchives.nseindia.com/today/PHARMABEESEQN.svg,https://nsearchives.nseindia.com/30d/PHARMABEES-EQ.svg,https://nsearchives.nseindia.com/365d/PHARMABEES-EQ.svg,EQ
PSUBNKBEES,Nifty PSU Bank,97,97.09,96,96.4,0.27,0.28,761096,73537095.52,96.3006,110.4,74.31,19-DEC-19, FACE VALUE SPLIT (SUB-DIVISION) - FROM RS 10/- TO RS 1/-,21.334172435494022,0.24958402662230564,96.13,0,20.99,-0.03,19-Aug-2025,20-Jul-2026, FACE VALUE SPLIT (SUB-DIVISION) - FROM RS 10/- TO RS 1/-,0.24958402662230564,19-DEC-19,21.334172435494022,12.681159420289854,-29.72682007805141,https://nsearchives.nseindia.com/today/PSUBNKBEESEQN.svg,https://nsearchives.nseindia.com/30d/PSUBNKBEES-EQ.svg,https://nsearchives.nseindia.com/365d/PSUBNKBEES-EQ.svg,EQ
SILVERAXIS,Axis Silver ETF,230.66,235.61,230.66,233.85,8.83,3.92,306425,71859726.75,225.5663,390.01,110.75,-,-,Infinity,8.268901338024902,225.02,0,0,4.18,,20-Jul-2026,-,8.268901338024902,-,Infinity,40.03999897438527,-111.15124153498871,https://nsearchives.nseindia.com/today/SILVERAXISEQN.svg,https://nsearchives.nseindia.com/30d/SILVERAXIS-EQ.svg,,EQ
GROWWSLVR,Commodity-Silver,23.02,23.25,23.02,23.07,0.89,4.01,3082223,71260995.76,22.2427,36.3,10.98,06-FEB-26,FACE VALUE SPLIT (SUB-DIVISION) - FROM RS 10/- PER UNIT TO RE 1/- PER UNIT,-79.54243149773875,8.208255159474671,22.18,0,-80.33,4.03,19-Aug-2025,20-Jul-2026,FACE VALUE SPLIT (SUB-DIVISION) - FROM RS 10/- PER UNIT TO RE 1/- PER UNIT,8.208255159474671,06-FEB-26,-79.54243149773875,36.446280991735534,-110.10928961748634,https://nsearchives.nseindia.com/today/GROWWSLVREQN.svg,https://nsearchives.nseindia.com/30d/GROWWSLVR-EQ.svg,https://nsearchives.nseindia.com/365d/GROWWSLVR-EQ.svg,EQ
MOCAPITAL,Nifty Capital Market Total Return Index,53.43,54.57,53.43,54,0.57,1.07,1202713,65223125.99,53.5393,57.25,41.15,-,-,19.231618458820936,-0.8810572687224613,53.43,0,17.97,-1.93,19-Aug-2025,20-Jul-2026,-,-0.8810572687224613,-,19.231618458820936,5.676855895196507,-31.22721749696234,https://nsearchives.nseindia.com/today/MOCAPITALEQN.svg,https://nsearchives.nseindia.com/30d/MOCAPITAL-EQ.svg,https://nsearchives.nseindia.com/365d/MOCAPITAL-EQ.svg,EQ
MOREALTY,Motilal Oswal Nifty Realty ETF,90,91.4,89.43,91.14,1.71,1.91,664563,60348966.03,89.825,99.49,64,-,-,0.5960264900662321,-0.589005235602101,89.43,0,-1.29,-2.45,19-Aug-2025,20-Jul-2026,-,-0.589005235602101,-,0.5960264900662321,8.392803296813744,-42.40625,https://nsearchives.nseindia.com/today/MOREALTYEQN.svg,https://nsearchives.nseindia.com/30d/MOREALTY-EQ.svg,https://nsearchives.nseindia.com/365d/MOREALTY-EQ.svg,EQ
NIFTYBETA,Nifty 50,274.14,274.14,267.63,269.75,2.29,0.86,221393,59616707.04,267.1902,297.48,244.9,25-SEP-23,FACE VALUE SPLIT (SUB-DIVISION) - FROM RS 10/- PER SHARE TO RE 1/- PER SHARE,Infinity,0.4057172634556595,267.46,0,0,-0.45,,20-Jul-2026,FACE VALUE SPLIT (SUB-DIVISION) - FROM RS 10/- PER SHARE TO RE 1/- PER SHARE,0.4057172634556595,25-SEP-23,Infinity,9.32163506790373,-10.146998775010205,https://nsearchives.nseindia.com/today/NIFTYBETAEQN.svg,https://nsearchives.nseindia.com/30d/NIFTYBETA-EQ.svg,,EQ
METALIETF,Nifty Metal Index,13.3,13.3,12.95,13.11,0.06,0.46,4506792,59264314.8,13.1039,14.17,8.98,-,-,38.29113924050632,3.8827258320126803,13.05,0,37.66,3.41,19-Aug-2025,20-Jul-2026,-,3.8827258320126803,-,38.29113924050632,7.4805928016937235,-45.991091314031166,https://nsearchives.nseindia.com/today/METALIETFEQN.svg,https://nsearchives.nseindia.com/30d/METALIETF-EQ.svg,https://nsearchives.nseindia.com/365d/METALIETF-EQ.svg,EQ
LICMFGOLD,Gold,140.25,140.75,138.05,139.6,2.8,2.05,420995,58930880.1,,162,89.07,06-MAR-26,FACE VALUE SPLIT (SUB-DIVISION) - FROM RS 100/- PER SHARE TO RE 1/- PER SHARE,-98.45149553806647,9.447275578204625,136.8,0,-98.48,7.25,19-Aug-2025,20-Jul-2026,FACE VALUE SPLIT (SUB-DIVISION) - FROM RS 100/- PER SHARE TO RE 1/- PER SHARE,9.447275578204625,06-MAR-26,-98.45149553806647,13.827160493827163,-56.730661277646796,https://nsearchives.nseindia.com/today/LICMFGOLDEQN.svg,https://nsearchives.nseindia.com/30d/LICMFGOLD-EQ.svg,https://nsearchives.nseindia.com/365d/LICMFGOLD-EQ.svg,EQ
SMALLCAP,Mirae Asset Nifty Smallcap 250 Momentum Quality 100 ETF,48.54,48.9,48.49,48.49,-0.05,-0.10,1198591,58443297.16,48.551,54.5,37.34,-,-,7.0183182520414915,2.450876822311438,48.54,0,7.13,2.56,19-Aug-2025,20-Jul-2026,-,2.450876822311438,-,7.0183182520414915,11.027522935779812,-29.86073915372254,https://nsearchives.nseindia.com/today/SMALLCAPEQN.svg,https://nsearchives.nseindia.com/30d/SMALLCAP-EQ.svg,https://nsearchives.nseindia.com/365d/SMALLCAP-EQ.svg,EQ
GOLDADD,DSP Gold ETF,150.5,152.05,150.5,151.5,3.61,2.44,368055,55756651.95,147.9295,181,95.95,28-AUG-26,FACE VALUE SPLIT (SUB-DIVISION) - FROM RS 10/- PER UNIT TO RE 1/- PER UNIT,Infinity,10.237939314560133,147.89,0,0,7.61,,20-Jul-2026,FACE VALUE SPLIT (SUB-DIVISION) - FROM RS 10/- PER UNIT TO RE 1/- PER UNIT,10.237939314560133,28-AUG-26,Infinity,16.298342541436465,-57.89473684210526,https://nsearchives.nseindia.com/today/GOLDADDEQN.svg,https://nsearchives.nseindia.com/30d/GOLDADD-EQ.svg,,EQ
CPSEETF,CPSE ETF,93.14,94.01,92.79,93.57,0.43,0.46,594814,55508042.48,93.1632,112,85.67,-,-,3.6097885062562183,-3.306809961765013,93.14,0,3.13,-3.75,19-Aug-2025,20-Jul-2026,-,-3.306809961765013,-,3.6097885062562183,16.45535714285715,-9.221431072720895,https://nsearchives.nseindia.com/today/CPSEETFEQN.svg,https://nsearchives.nseindia.com/30d/CPSEETF-EQ.svg,https://nsearchives.nseindia.com/365d/CPSEETF-EQ.svg,EQ
GROWWGOLD,Commodity,15.22,15.28,15.15,15.22,0.38,2.56,3645390,55482835.8,14.8731,18,9.67,06-FEB-26,FACE VALUE SPLIT (SUB-DIVISION) - FROM RS 10/- PER UNIT TO RE 1/- PER UNIT,-84.38814237357678,10.209992758870383,14.84,0,-84.78,7.46,19-Aug-2025,20-Jul-2026,FACE VALUE SPLIT (SUB-DIVISION) - FROM RS 10/- PER UNIT TO RE 1/- PER UNIT,10.209992758870383,06-FEB-26,-84.38814237357678,15.444444444444441,-57.39400206825234,https://nsearchives.nseindia.com/today/GROWWGOLDEQN.svg,https://nsearchives.nseindia.com/30d/GROWWGOLD-EQ.svg,https://nsearchives.nseindia.com/365d/GROWWGOLD-EQ.svg,EQ
ALPL30IETF,Nifty Alpha Low-Volatility 30 Index,28.14,28.39,28.05,28.05,-0.01,-0.04,1891779,53367085.59,28.1254,29.17,24.35,10-MAY-24,FACE VALUE SPLIT (SUB-DIVISION) - FROM RS 10/- PER SHARE TO RE 1/- PER SHARE,2.2602989427634013,0.42964554242750086,28.06,0,2.3,0.47,19-Aug-2025,20-Jul-2026,FACE VALUE SPLIT (SUB-DIVISION) - FROM RS 10/- PER SHARE TO RE 1/- PER SHARE,0.42964554242750086,10-MAY-24,2.2602989427634013,3.8395611930065168,-15.19507186858316,https://nsearchives.nseindia.com/today/ALPL30IETFEQN.svg,https://nsearchives.nseindia.com/30d/ALPL30IETF-EQ.svg,https://nsearchives.nseindia.com/365d/ALPL30IETF-EQ.svg,EQ
FMCGIETF,Nifty FMCG Index,52.32,52.32,51.13,51.59,0.54,1.06,1034772,53187280.8,51.0438,62.3,48.55,10-MAY-24,FACE VALUE SPLIT (SUB-DIVISION) - FROM RS 10/- PER SHARE TO RE 1/- PER SHARE,-13.584589614740368,-1.9574306347396315,51.05,0,-14.49,-2.98,19-Aug-2025,20-Jul-2026,FACE VALUE SPLIT (SUB-DIVISION) - FROM RS 10/- PER SHARE TO RE 1/- PER SHARE,-1.9574306347396315,10-MAY-24,-13.584589614740368,17.191011235955045,-6.261585993820817,https://nsearchives.nseindia.com/today/FMCGIETFEQN.svg,https://nsearchives.nseindia.com/30d/FMCGIETF-EQ.svg,https://nsearchives.nseindia.com/365d/FMCGIETF-EQ.svg,EQ
SENSEXIETF,SENSEX,889.4,893.8,887.05,888,1.6,0.18,59341,52914963.11,885.1513,999.84,731,-,-,-4.5151023129280965,-0.48190070604056423,886.4,0,-4.69,-0.66,19-Aug-2025,20-Jul-2026,-,-0.48190070604056423,-,-4.5151023129280965,11.185789726356221,-21.477428180574556,https://nsearchives.nseindia.com/today/SENSEXIETFEQN.svg,https://nsearchives.nseindia.com/30d/SENSEXIETF-EQ.svg,https://nsearchives.nseindia.com/365d/SENSEXIETF-EQ.svg,EQ
AONELIQUID,Nifty 1D Rate Index,1073.35,1073.35,1073.33,1073.35,0.15,0.01,46734,50161471.56,1073.1994,1094.59,997.56,-,-,5.060441442764149,0.4134976097592775,1073.2,0,5.05,0.4,19-Aug-2025,20-Jul-2026,-,0.4134976097592775,-,5.060441442764149,1.9404525895540805,-7.59753799270219,https://nsearchives.nseindia.com/today/AONELIQUIDEQN.svg,https://nsearchives.nseindia.com/30d/AONELIQUID-EQ.svg,https://nsearchives.nseindia.com/365d/AONELIQUID-EQ.svg,EQ
PVTBANIETF,Nifty Private Bank Index,28.23,28.23,27.61,27.67,0.12,0.44,1772011,49226465.58,27.5342,30.32,24.18,01-MAR-24,FACE VALUE SPLIT (SUB-DIVISION) - FROM RS 10/- PER SHARE TO RE 1/- PER SHARE,1.6905549430356517,-1.6352648418058917,27.55,0,1.25,-2.06,19-Aug-2025,20-Jul-2026,FACE VALUE SPLIT (SUB-DIVISION) - FROM RS 10/- PER SHARE TO RE 1/- PER SHARE,-1.6352648418058917,01-MAR-24,1.6905549430356517,8.740105540897094,-14.433416046319282,https://nsearchives.nseindia.com/today/PVTBANIETFEQN.svg,https://nsearchives.nseindia.com/30d/PVTBANIETF-EQ.svg,https://nsearchives.nseindia.com/365d/PVTBANIETF-EQ.svg,EQ
MIDCAPETF,Mirae Asset Mutual Fund - Mirae Asset Nifty Midcap 150 ETF,23.86,24.15,23.86,23.96,0.15,0.63,1934001,46396683.99,23.8386,24.57,19.6,-,-,9.706959706959712,1.61153519932147,23.81,0,9.02,0.98,19-Aug-2025,20-Jul-2026,-,1.61153519932147,-,9.706959706959712,2.4827024827024804,-22.244897959183668,https://nsearchives.nseindia.com/today/MIDCAPETFEQN.svg,https://nsearchives.nseindia.com/30d/MIDCAPETF-EQ.svg,https://nsearchives.nseindia.com/365d/MIDCAPETF-EQ.svg,EQ
OILIETF,Nifty Oil & Gas Index,11.38,11.42,11.28,11.37,0.04,0.35,4009560,45548601.6,11.3515,14,9.8,-,-,0.17621145374448965,-1.2163336229365818,11.33,0,-0.18,-1.56,19-Aug-2025,20-Jul-2026,-,-1.2163336229365818,-,0.17621145374448965,18.78571428571429,-16.02040816326529,https://nsearchives.nseindia.com/today/OILIETFEQN.svg,https://nsearchives.nseindia.com/30d/OILIETF-EQ.svg,https://nsearchives.nseindia.com/365d/OILIETF-EQ.svg,EQ
LOWVOLIETF,Nifty 100 Low Volatility 30 Index,22.46,22.46,22.29,22.39,0.17,0.77,1904644,42568793.4,22.2966,26.81,19.84,01-MAR-24,FACE VALUE SPLIT (SUB-DIVISION) - FROM RS 10/- PER SHARE TO RE 1/- PER SHARE,0.3136200716845891,0.7650765076507728,22.22,0,-0.45,0,19-Aug-2025,20-Jul-2026,FACE VALUE SPLIT (SUB-DIVISION) - FROM RS 10/- PER SHARE TO RE 1/- PER SHARE,0.7650765076507728,01-MAR-24,0.3136200716845891,16.486385676986192,-12.852822580645164,https://nsearchives.nseindia.com/today/LOWVOLIETFEQN.svg,https://nsearchives.nseindia.com/30d/LOWVOLIETF-EQ.svg,https://nsearchives.nseindia.com/365d/LOWVOLIETF-EQ.svg,EQ
ALPHA,NIFTY Alpha 50 Index,53.6,54.07,53.6,53.73,0.25,0.47,780031,42035870.59,53.4155,54.64,42,-,-,8.677184466019416,4.027105517909,53.48,0,8.17,3.54,19-Aug-2025,20-Jul-2026,-,4.027105517909,-,8.677184466019416,1.665446559297225,-27.928571428571423,https://nsearchives.nseindia.com/today/ALPHAEQN.svg,https://nsearchives.nseindia.com/30d/ALPHA-EQ.svg,https://nsearchives.nseindia.com/365d/ALPHA-EQ.svg,EQ
AUTOBEES,Nifty Auto TRI,303.44,304.22,302.13,304,2.07,0.69,135854,41238481.7,302.1237,310.45,242.5,-,-,16.533139111434814,8.960573476702509,301.93,0,15.74,8.22,19-Aug-2025,20-Jul-2026,-,8.960573476702509,-,16.533139111434814,2.0776292478659975,-25.36082474226804,https://nsearchives.nseindia.com/today/AUTOBEESEQN.svg,https://nsearchives.nseindia.com/30d/AUTOBEES-EQ.svg,https://nsearchives.nseindia.com/365d/AUTOBEES-EQ.svg,EQ
ICICIB22,S&P BSE BHARAT 22 index,114.62,115.47,114.52,115.15,0.76,0.66,351667,40406538.3,114.3699,131,103.6,-,-,6.758761357315044,-1.1333390572679602,114.39,0,6.05,-1.79,19-Aug-2025,20-Jul-2026,-,-1.1333390572679602,-,6.758761357315044,12.09923664122137,-11.14864864864866,https://nsearchives.nseindia.com/today/ICICIB22EQN.svg,https://nsearchives.nseindia.com/30d/ICICIB22-EQ.svg,https://nsearchives.nseindia.com/365d/ICICIB22-EQ.svg,EQ
GROWWPOWER,BSE Power Index - TRI,11.37,11.5,11.28,11.39,0.1,0.89,3353017,37956152.44,11.2546,13.2,7.75,-,-,15.050505050505054,-4.366078925272876,11.29,0,14.04,-5.21,19-Aug-2025,20-Jul-2026,-,-4.366078925272876,-,15.050505050505054,13.712121212121204,-46.96774193548388,https://nsearchives.nseindia.com/today/GROWWPOWEREQN.svg,https://nsearchives.nseindia.com/30d/GROWWPOWER-EQ.svg,https://nsearchives.nseindia.com/365d/GROWWPOWER-EQ.svg,EQ
MIDCAPIETF,Nifty Midcap 150,24.27,24.36,24.2,24.28,0.13,0.54,1460625,35507793.75,24.1287,24.88,19.89,10-MAY-24,FACE VALUE SPLIT (SUB-DIVISION) - FROM RS 10/- PER SHARE TO RE 1/- PER SHARE,9.665763324299911,1.8883759966428992,24.15,0,9.08,1.34,19-Aug-2025,20-Jul-2026,FACE VALUE SPLIT (SUB-DIVISION) - FROM RS 10/- PER SHARE TO RE 1/- PER SHARE,1.8883759966428992,10-MAY-24,9.665763324299911,2.411575562700956,-22.071392659627957,https://nsearchives.nseindia.com/today/MIDCAPIETFEQN.svg,https://nsearchives.nseindia.com/30d/MIDCAPIETF-EQ.svg,https://nsearchives.nseindia.com/365d/MIDCAPIETF-EQ.svg,EQ
LTGILTBEES,NIFTY 8-13 yr G-Sec Index,30.06,30.06,29.93,29.99,-0.02,-0.07,1164823,34933041.77,30.0301,30.48,27.93,-,-,4.567642956764292,0.33456005352960144,30.01,0,4.64,0.4,19-Aug-2025,20-Jul-2026,-,0.33456005352960144,-,4.567642956764292,1.6076115485564368,-7.375581811672033,https://nsearchives.nseindia.com/today/LTGILTBEESEQN.svg,https://nsearchives.nseindia.com/30d/LTGILTBEES-EQ.svg,https://nsearchives.nseindia.com/365d/LTGILTBEES-EQ.svg,EQ
LIQGRWBEES,Liquid,1052.2,1054.8,1051.15,1052.33,0.13,0.01,32379,34074364.44,1052.2065,1056.29,995.55,-,-,4.791826410810477,0.3882624539713369,1052.2,0,4.78,0.38,19-Aug-2025,20-Jul-2026,-,0.3882624539713369,-,4.791826410810477,0.3748970453189973,-5.703380041183263,https://nsearchives.nseindia.com/today/LIQGRWBEESEQN.svg,https://nsearchives.nseindia.com/30d/LIQGRWBEES-EQ.svg,https://nsearchives.nseindia.com/365d/LIQGRWBEES-EQ.svg,EQ
MAHKTECH,Hang Seng TECH Total Return Index,23.32,23.32,23.11,23.2,0.01,0.04,1412491,32826290.84,19.2494,35.59,21,-,-,-6.714917571371137,-0.9393680614859198,23.19,0,-6.76,-0.98,19-Aug-2025,20-Jul-2026,-,-0.9393680614859198,-,-6.714917571371137,34.81314976116888,-10.476190476190473,https://nsearchives.nseindia.com/today/MAHKTECHEQN.svg,https://nsearchives.nseindia.com/30d/MAHKTECH-EQ.svg,https://nsearchives.nseindia.com/365d/MAHKTECH-EQ.svg,EQ
LOWVOL1,Kotak Nifty 100 Low Vol 30 ETF,21.4,21.43,21.25,21.25,-0.05,-0.23,1458491,31153367.76,21.25,22.9,18.77,-,-,0.6155303030302983,0.33050047214353295,21.3,0,0.85,0.57,19-Aug-2025,20-Jul-2026,-,0.33050047214353295,-,0.6155303030302983,7.2052401746724835,-13.212573255194462,https://nsearchives.nseindia.com/today/LOWVOL1EQN.svg,https://nsearchives.nseindia.com/30d/LOWVOL1-EQ.svg,https://nsearchives.nseindia.com/365d/LOWVOL1-EQ.svg,EQ
HNGSNGBEES,Hang Seng Index,483.87,485,480.55,481.1,1.92,0.40,60640,29209075.2,461.4846,579.92,436.94,19-DEC-19, FACE VALUE SPLIT (SUB-DIVISION) - FROM RS 10/- TO RS 1/-,8.51226993865031,-0.7734350830153656,479.18,0,8.08,-1.17,19-Aug-2025,20-Jul-2026, FACE VALUE SPLIT (SUB-DIVISION) - FROM RS 10/- TO RS 1/-,-0.7734350830153656,19-DEC-19,8.51226993865031,17.040281418126625,-10.106650798736675,https://nsearchives.nseindia.com/today/HNGSNGBEESEQN.svg,https://nsearchives.nseindia.com/30d/HNGSNGBEES-EQ.svg,https://nsearchives.nseindia.com/365d/HNGSNGBEES-EQ.svg,EQ
NEXT50IETF,Nifty Next 50,78.73,78.73,78.17,78.38,0.3,0.38,348668,27349517.92,78.0405,80.38,62.6,15-NOV-18, FACE VALUE SPLIT (SUB-DIVISION) - FROM RS 10/- PER SHARE TO RS 1/- PER SHARE,10.130673036391729,2.833901863028072,78.08,0,9.71,2.44,19-Aug-2025,20-Jul-2026, FACE VALUE SPLIT (SUB-DIVISION) - FROM RS 10/- PER SHARE TO RS 1/- PER SHARE,2.833901863028072,15-NOV-18,10.130673036391729,2.488181139586962,-25.207667731629382,https://nsearchives.nseindia.com/today/NEXT50IETFEQN.svg,https://nsearchives.nseindia.com/30d/NEXT50IETF-EQ.svg,https://nsearchives.nseindia.com/365d/NEXT50IETF-EQ.svg,EQ
GROWWRAIL,Nifty India Railways PSU Index,28.88,29.11,28.73,28.8,0.07,0.24,934035,27096355.35,28.6381,36.75,27.8,-,-,-17.737789203084827,-0.9628610729023301,28.73,0,-17.94,-1.2,19-Aug-2025,20-Jul-2026,-,-0.9628610729023301,-,-17.737789203084827,21.632653061224488,-3.597122302158273,https://nsearchives.nseindia.com/today/GROWWRAILEQN.svg,https://nsearchives.nseindia.com/30d/GROWWRAIL-EQ.svg,https://nsearchives.nseindia.com/365d/GROWWRAIL-EQ.svg,EQ
DEFENCE,BSE India Defence,84.02,84.02,82.1,82.2,-0.17,-0.21,326101,26854417.35,82.3049,85.6,58.91,-,-,Infinity,5.128533060493676,82.37,0,0,5.35,,20-Jul-2026,-,5.128533060493676,-,Infinity,3.9719626168224202,-39.534883720930246,https://nsearchives.nseindia.com/today/DEFENCEEQN.svg,https://nsearchives.nseindia.com/30d/DEFENCE-EQ.svg,,EQ
GROWWHOSPI,BSE Hospitals Index,52.84,52.84,51.81,52,-0.19,-0.36,515141,26766726.36,52.0882,62,43.35,-,-,Infinity,-3.810580836108032,52.19,0,0,-3.46,,20-Jul-2026,-,-3.810580836108032,-,Infinity,16.129032258064516,-19.953863898500572,https://nsearchives.nseindia.com/today/GROWWHOSPIEQN.svg,https://nsearchives.nseindia.com/30d/GROWWHOSPI-EQ.svg,,EQ
GILT5YBEES,Nifty 5 yr Benchmark G-Sec Index,66.34,66.34,65.9,66.12,-0.11,-0.17,401640,26532338.4,66.2608,67.84,61.45,-,-,5.97852219907037,0.3947767992711891,66.23,0,6.15,0.56,19-Aug-2025,20-Jul-2026,-,0.3947767992711891,-,5.97852219907037,2.5353773584905643,-7.599674532139954,https://nsearchives.nseindia.com/today/GILT5YBEESEQN.svg,https://nsearchives.nseindia.com/30d/GILT5YBEES-EQ.svg,https://nsearchives.nseindia.com/365d/GILT5YBEES-EQ.svg,EQ
MIDSMALL,Mirae Asset Nifty MidSmallcap400 Momentum Quality 100 ETF,52.25,52.46,52.06,52.21,0.36,0.69,492894,25793143.02,51.9599,52.77,42.41,-,-,7.916494419181476,2.6139937106918203,51.85,0,7.17,1.91,19-Aug-2025,20-Jul-2026,-,2.6139937106918203,-,7.916494419181476,1.0612090202766766,-23.107757604338612,https://nsearchives.nseindia.com/today/MIDSMALLEQN.svg,https://nsearchives.nseindia.com/30d/MIDSMALL-EQ.svg,https://nsearchives.nseindia.com/365d/MIDSMALL-EQ.svg,EQ
LIQUID,Mirae Asset Nifty 1D Rate Liquid ETF,999.99,1000,999.99,1000,0.01,0.00,23902,23901760.98,1000,1024.98,974.99,-,-,0.0010000100000990915,0.0010000100000990915,999.99,0,0,0,19-Aug-2025,20-Jul-2026,-,0.0010000100000990915,-,0.0010000100000990915,2.4371207243068174,-2.565154514405275,https://nsearchives.nseindia.com/today/LIQUIDEQN.svg,https://nsearchives.nseindia.com/30d/LIQUID-EQ.svg,https://nsearchives.nseindia.com/365d/LIQUID-EQ.svg,EQ
ESILVER,Edelweiss Silver ETF,232,236.6,232,234.92,8.48,3.74,95809,22559187.14,226.587,375,111.7,-,-,105.76333537706927,7.934757638410283,226.44,0,98.34,4.04,19-Aug-2025,20-Jul-2026,-,7.934757638410283,-,105.76333537706927,37.354666666666674,-110.31333930170096,https://nsearchives.nseindia.com/today/ESILVEREQN.svg,https://nsearchives.nseindia.com/30d/ESILVER-EQ.svg,https://nsearchives.nseindia.com/365d/ESILVER-EQ.svg,EQ
BSLNIFTY,Nifty 50,28,28.98,28,28.51,0.23,0.81,787875,22438680,28.2533,33,25.7,25-NOV-21, FACE VALUE SPLIT (SUB-DIVISION) - FROM RS 10/- PER SHARE TO RE 1/- PER SHARE,-1.5878494994822137,0.3519887363604415,28.28,0,-2.38,-0.46,19-Aug-2025,20-Jul-2026, FACE VALUE SPLIT (SUB-DIVISION) - FROM RS 10/- PER SHARE TO RE 1/- PER SHARE,0.3519887363604415,25-NOV-21,-1.5878494994822137,13.6060606060606,-10.93385214007783,https://nsearchives.nseindia.com/today/BSLNIFTYEQN.svg,https://nsearchives.nseindia.com/30d/BSLNIFTY-EQ.svg,https://nsearchives.nseindia.com/365d/BSLNIFTY-EQ.svg,EQ
QGOLDHALF,Gold,128.29,133,128.28,129.4,3.37,2.67,166013,21528565.84,126.1901,149.69,80.09,16-DEC-21, FACE VALUE SPLIT (SUB-DIVISION) - FROM RS 100 PER SHARE TO RS 2 PER SHARE,57.51673767498478,10.418977728475134,126.03,0,53.41,7.54,19-Aug-2025,20-Jul-2026, FACE VALUE SPLIT (SUB-DIVISION) - FROM RS 100 PER SHARE TO RS 2 PER SHARE,10.418977728475134,16-DEC-21,57.51673767498478,13.554679671320724,-61.56823573479835,https://nsearchives.nseindia.com/today/QGOLDHALFEQN.svg,https://nsearchives.nseindia.com/30d/QGOLDHALF-EQ.svg,https://nsearchives.nseindia.com/365d/QGOLDHALF-EQ.svg,EQ
ALPHAETF,Mirae Asset Nifty 200 Alpha 30 ETF,25.78,26.74,25.78,26.57,0.12,0.45,773262,20599699.68,26.4353,27.2,21.8,-,-,5.352894528152266,1.9961612284069081,26.45,0,4.88,1.54,19-Aug-2025,20-Jul-2026,-,1.9961612284069081,-,5.352894528152266,2.3161764705882315,-21.880733944954127,https://nsearchives.nseindia.com/today/ALPHAETFEQN.svg,https://nsearchives.nseindia.com/30d/ALPHAETF-EQ.svg,https://nsearchives.nseindia.com/365d/ALPHAETF-EQ.svg,EQ
METAL,Nifty Metal Total Return Index,13.36,13.36,13.12,13.16,0.03,0.23,1532845,20218225.55,13.1506,13.97,8.7,-,-,38.38065194532072,4.031620553359682,13.13,0,38.07,3.79,19-Aug-2025,20-Jul-2026,-,4.031620553359682,-,38.38065194532072,5.798138869005014,-51.26436781609197,https://nsearchives.nseindia.com/today/METALEQN.svg,https://nsearchives.nseindia.com/30d/METAL-EQ.svg,https://nsearchives.nseindia.com/365d/METAL-EQ.svg,EQ
HSBCGOLD,Commodity,135,136,134.43,135.97,3.41,2.57,133681,18129817.22,132.4587,146.4,119.1,-,-,Infinity,10.842096682155374,132.56,0,0,8.06,,20-Jul-2026,-,10.842096682155374,-,Infinity,7.124316939890715,-14.16456759026029,https://nsearchives.nseindia.com/today/HSBCGOLDEQN.svg,https://nsearchives.nseindia.com/30d/HSBCGOLD-EQ.svg,,EQ
ENERGY,Nifty Energy,38.42,38.56,38.18,38.44,0.12,0.31,463853,17839786.38,38.3537,42.82,29,-,-,Infinity,-3.6108324974924892,38.32,0,0,-3.91,,20-Jul-2026,-,-3.6108324974924892,-,Infinity,10.228865016347507,-32.551724137931025,https://nsearchives.nseindia.com/today/ENERGYEQN.svg,https://nsearchives.nseindia.com/30d/ENERGY-EQ.svg,,EQ
MOSMALL250,Motilal Oswal Nifty Smallcap 250 ETF,18.7,18.7,18.32,18.43,0.18,0.99,953050,17593303,18.3293,19.38,14.22,-,-,7.903981264637012,1.65471594043023,18.25,0,6.85,0.66,19-Aug-2025,20-Jul-2026,-,1.65471594043023,-,7.903981264637012,4.901960784313722,-29.606188466947952,https://nsearchives.nseindia.com/today/MOSMALL250EQN.svg,https://nsearchives.nseindia.com/30d/MOSMALL250-EQ.svg,https://nsearchives.nseindia.com/365d/MOSMALL250-EQ.svg,EQ
GROWWDEFNC,Nifty India Defence Index- Total Return Index,99.09,99.09,97.51,97.82,-0.29,-0.30,178862,17551728.06,98.0703,102.07,71.78,-,-,26.74267945063486,4.597946963216422,98.11,0,27.12,4.91,19-Aug-2025,20-Jul-2026,-,4.597946963216422,-,26.74267945063486,4.163809150582933,-36.277514628030076,https://nsearchives.nseindia.com/today/GROWWDEFNCEQN.svg,https://nsearchives.nseindia.com/30d/GROWWDEFNC-EQ.svg,https://nsearchives.nseindia.com/365d/GROWWDEFNC-EQ.svg,EQ
MOSILVER,Domestic Price of Physical Silver,232.2,234.07,232,232,8.11,3.62,72359,16861817.77,224.3067,385,112.32,-,-,104.0457343887423,8.042658221953156,223.89,0,96.91,4.27,19-Aug-2025,20-Jul-2026,-,8.042658221953156,-,104.0457343887423,39.74025974025974,-106.55270655270655,https://nsearchives.nseindia.com/today/MOSILVEREQN.svg,https://nsearchives.nseindia.com/30d/MOSILVER-EQ.svg,https://nsearchives.nseindia.com/365d/MOSILVER-EQ.svg,EQ
GROWWLIQID,Nifty 1D Rate Index,110.41,110.42,110.41,110.41,0.01,0.01,143693,15865144.13,110.4007,110.9,102.89,-,-,4.8030374940673966,0.39098017821421405,110.4,0,4.79,0.38,19-Aug-2025,20-Jul-2026,-,0.39098017821421405,-,4.8030374940673966,0.4418394950405853,-7.308776363106226,https://nsearchives.nseindia.com/today/GROWWLIQIDEQN.svg,https://nsearchives.nseindia.com/30d/GROWWLIQID-EQ.svg,https://nsearchives.nseindia.com/365d/GROWWLIQID-EQ.svg,EQ
BANKIETF,Nifty Bank,58.87,59.35,58.87,59.1,0.28,0.48,264964,15688518.44,58.8673,63.9,51.17,-,-,3.4301715085754303,-0.7223248782126654,58.82,0,2.94,-1.19,19-Aug-2025,20-Jul-2026,-,-0.7223248782126654,-,3.4301715085754303,7.5117370892018736,-15.49736173539183,https://nsearchives.nseindia.com/today/BANKIETFEQN.svg,https://nsearchives.nseindia.com/30d/BANKIETF-EQ.svg,https://nsearchives.nseindia.com/365d/BANKIETF-EQ.svg,EQ
HDFCLIQUID,HDFC Nifty 1D Rate Liquid ETF,1074.45,1074.45,1074.43,1074.43,0.13,0.01,14504,15583677.76,,1079.4,1009.91,28-FEB-25,CHANGE IN FUNDAMENTAL ATTRIBUTE OF HDFC NIFTY 1D RATE LIQUID ETF,4.925829353802288,0.4083883146739546,1074.3,0,4.91,0.4,19-Aug-2025,20-Jul-2026,CHANGE IN FUNDAMENTAL ATTRIBUTE OF HDFC NIFTY 1D RATE LIQUID ETF,0.4083883146739546,28-FEB-25,4.925829353802288,0.460440985732817,-6.388688100919893,https://nsearchives.nseindia.com/today/HDFCLIQUIDEQN.svg,https://nsearchives.nseindia.com/30d/HDFCLIQUID-EQ.svg,https://nsearchives.nseindia.com/365d/HDFCLIQUID-EQ.svg,EQ
ABSL10BANK,BSE Top 10 Banks Index,168.72,169.58,168.33,168.33,0,0.00,92223,15543264.42,167.8412,214.42,150,-,-,Infinity,-2.6769195189639197,168.33,0,0,-2.68,,20-Jul-2026,-,-2.6769195189639197,-,Infinity,21.49519634362465,-12.22000000000001,https://nsearchives.nseindia.com/today/ABSL10BANKEQN.svg,https://nsearchives.nseindia.com/30d/ABSL10BANK-EQ.svg,,EQ
MOM30IETF,ICICI Prudential Nifty 200 Momentum 30 ETF,31.4,31.67,31.35,31.45,0.18,0.58,481239,15149403.72,31.3307,32.9,26,12-AUG-22,ADDITONAL ISSUANCE 9:1,0.47923322683705616,1.3862024500322363,31.27,0,-0.1,0.81,19-Aug-2025,20-Jul-2026,ADDITONAL ISSUANCE 9:1,1.3862024500322363,12-AUG-22,0.47923322683705616,4.4072948328267465,-20.961538461538456,https://nsearchives.nseindia.com/today/MOM30IETFEQN.svg,https://nsearchives.nseindia.com/30d/MOM30IETF-EQ.svg,https://nsearchives.nseindia.com/365d/MOM30IETF-EQ.svg,EQ
GOLDBND,Commodity - Gold,153.51,156.45,152.05,155,3.22,2.12,94606,14705556.64,152.0548,180.16,115.17,-,-,Infinity,9.556121006502693,151.78,0,0,7.28,,20-Jul-2026,-,9.556121006502693,-,Infinity,13.965364120781524,-34.5836589389598,https://nsearchives.nseindia.com/today/GOLDBNDEQN.svg,https://nsearchives.nseindia.com/30d/GOLDBND-EQ.svg,,EQ
GOLD360,Commodity-Gold,151.6,155,150.6,151.85,3.55,2.39,95578,14507784.62,148.6356,178,87.85,-,-,54.16243654822334,9.837251356238694,148.3,0,50.56,7.27,19-Aug-2025,20-Jul-2026,-,9.837251356238694,-,54.16243654822334,14.69101123595506,-72.85145133750711,https://nsearchives.nseindia.com/today/GOLD360EQN.svg,https://nsearchives.nseindia.com/30d/GOLD360-EQ.svg,https://nsearchives.nseindia.com/365d/GOLD360-EQ.svg,EQ
AUTOIETF,Nifty Auto Index,30.54,30.71,30.22,30.42,0.29,0.96,455757,13845897.66,30.2632,31.46,24.2,01-MAR-24,FACE VALUE SPLIT (SUB-DIVISION) - FROM RS 10/- PER SHARE TO RE 1/- PER SHARE,16.4624808575804,8.954154727793696,30.13,0,15.35,7.92,19-Aug-2025,20-Jul-2026,FACE VALUE SPLIT (SUB-DIVISION) - FROM RS 10/- PER SHARE TO RE 1/- PER SHARE,8.954154727793696,01-MAR-24,16.4624808575804,3.305785123966939,-25.702479338842984,https://nsearchives.nseindia.com/today/AUTOIETFEQN.svg,https://nsearchives.nseindia.com/30d/AUTOIETF-EQ.svg,https://nsearchives.nseindia.com/365d/AUTOIETF-EQ.svg,EQ
SETFNN50,Nifty Next 50,801.2,801.2,794.86,795.24,2.05,0.26,16350,13024573.5,792.7752,840,636.01,02-NOV-17, DIVIDEND - RS 7/- PER UNIT,9.848882504074917,2.7189707952828055,793.19,0,9.57,2.45,19-Aug-2025,20-Jul-2026, DIVIDEND - RS 7/- PER UNIT,2.7189707952828055,02-NOV-17,9.848882504074917,5.328571428571427,-25.035769877832113,https://nsearchives.nseindia.com/today/SETFNN50EQN.svg,https://nsearchives.nseindia.com/30d/SETFNN50-EQ.svg,https://nsearchives.nseindia.com/365d/SETFNN50-EQ.svg,EQ
ELIQUID,Nifty 1D Rate Index (Debt Index),1044.36,1044.36,1044.34,1044.36,0.15,0.01,12428,12979181.8,1044.217,1044.36,996,-,-,Infinity,0.41054139545616075,1044.21,0,0,0.4,,20-Jul-2026,-,0.41054139545616075,-,Infinity,0,-4.855421686746978,https://nsearchives.nseindia.com/today/ELIQUIDEQN.svg,https://nsearchives.nseindia.com/30d/ELIQUID-EQ.svg,,EQ
MOMMIDCAP,BSE Midcap 150 Momentum 30 TRI,13.06,13.09,13.02,13.03,0.08,0.62,992507,12952216.35,12.9438,14.99,12.21,-,-,Infinity,Infinity,12.95,0,0,0,,,-,Infinity,-,Infinity,13.075383589059378,-6.715806715806703,https://nsearchives.nseindia.com/today/MOMMIDCAPEQN.svg,,,EQ
HDFCBSE500,HDFC S&P BSE 500 ETF,37.5,38,37.5,38,0.29,0.77,341237,12949944.15,37.5876,40,32.65,-,-,2.786042737354615,0.9832580387988239,37.71,0,2,0.21,19-Aug-2025,20-Jul-2026,-,0.9832580387988239,-,2.786042737354615,5,-16.385911179173053,https://nsearchives.nseindia.com/today/HDFCBSE500EQN.svg,https://nsearchives.nseindia.com/30d/HDFCBSE500-EQ.svg,https://nsearchives.nseindia.com/365d/HDFCBSE500-EQ.svg,EQ
LIQUIDSHRI,SHRIRAM NIFTY 1D RATE LIQUID ETF,1118.05,1118.05,1118.03,1118.05,0.16,0.01,11363,12704288.52,1117.9,1118.05,1066.61,-,-,4.820790714680802,0.39058992547363824,1117.89,0,4.81,0.38,19-Aug-2025,20-Jul-2026,-,0.39058992547363824,-,4.820790714680802,0,-4.822756208923605,https://nsearchives.nseindia.com/today/LIQUIDSHRIEQN.svg,https://nsearchives.nseindia.com/30d/LIQUIDSHRI-EQ.svg,https://nsearchives.nseindia.com/365d/LIQUIDSHRI-EQ.svg,EQ
UNIONGOLD,Commodity Gold,149.4,153.3,149.4,152.8,3.9,2.62,82730,12651071.6,149.011,177,95.55,-,-,56.077630234933615,10.324909747292427,148.9,0,52.09,7.51,19-Aug-2025,20-Jul-2026,-,10.324909747292427,-,56.077630234933615,13.672316384180785,-59.91627420198851,https://nsearchives.nseindia.com/today/UNIONGOLDEQN.svg,https://nsearchives.nseindia.com/30d/UNIONGOLD-EQ.svg,https://nsearchives.nseindia.com/365d/UNIONGOLD-EQ.svg,EQ
BANKNIFTY1,Nifty Bank,60,60,59.63,59.63,0.19,0.32,208605,12482923.2,59.4993,65.29,51.71,27-FEB-26,FACE VALUE SPLIT (SUB-DIVISION) - FROM RS 10/- PER SHARE TO RE 1/- PER SHARE,-89.65852135759005,-0.9139248919906898,59.44,0,-89.69,-1.23,19-Aug-2025,20-Jul-2026,FACE VALUE SPLIT (SUB-DIVISION) - FROM RS 10/- PER SHARE TO RE 1/- PER SHARE,-0.9139248919906898,27-FEB-26,-89.65852135759005,8.669015163118399,-15.31618642428931,https://nsearchives.nseindia.com/today/BANKNIFTY1EQN.svg,https://nsearchives.nseindia.com/30d/BANKNIFTY1-EQ.svg,https://nsearchives.nseindia.com/365d/BANKNIFTY1-EQ.svg,EQ
EBBETF0430,Nifty BHARAT Bond,1617.87,1617.88,1610.4,1610.5,-3.01,-0.19,7628,12302362.12,1614.3924,1646.18,1232,-,-,5.186501120117047,0.5061189847664987,1613.51,0,5.38,0.69,19-Aug-2025,20-Jul-2026,-,0.5061189847664987,-,5.186501120117047,2.16744219951646,-30.7224025974026,https://nsearchives.nseindia.com/today/EBBETF0430EQN.svg,https://nsearchives.nseindia.com/30d/EBBETF0430-EQ.svg,https://nsearchives.nseindia.com/365d/EBBETF0430-EQ.svg,EQ
MOM100,Nifty Midcap 100,68.5,69.13,68.5,68.95,0.56,0.82,176107,12137294.44,68.4521,70.32,56.15,-,-,11.1558923101725,1.6212232866617666,68.39,0,10.25,0.8,19-Aug-2025,20-Jul-2026,-,1.6212232866617666,-,11.1558923101725,1.9482366325369602,-22.796081923419422,https://nsearchives.nseindia.com/today/MOM100EQN.svg,https://nsearchives.nseindia.com/30d/MOM100-EQ.svg,https://nsearchives.nseindia.com/365d/MOM100-EQ.svg,EQ
SILVERBND,Commodity - Silver,235.12,238,235.12,235.42,8.03,3.53,50646,11977272.54,227.5176,389,180,-,-,Infinity,7.625491451037751,227.39,0,0,3.95,,20-Jul-2026,-,7.625491451037751,-,Infinity,39.48071979434448,-30.788888888888884,https://nsearchives.nseindia.com/today/SILVERBNDEQN.svg,https://nsearchives.nseindia.com/30d/SILVERBND-EQ.svg,,EQ
MOMENTUM30,Nifty 200 Momentum 30 Index,30.94,31,30.7,30.9,0.11,0.36,365736,11315871.84,30.765,37.38,26.91,-,-,Infinity,1.5111695137976258,30.79,0,0,1.15,,20-Jul-2026,-,1.5111695137976258,-,Infinity,17.335473515248808,-14.827201783723517,https://nsearchives.nseindia.com/today/MOMENTUM30EQN.svg,https://nsearchives.nseindia.com/30d/MOMENTUM30-EQ.svg,,EQ
NEXT50,Nifty Next 50,767.39,768.7,764.76,764.76,2.51,0.33,14645,11240183.95,763.5426,785.96,617,-,-,9.855634561516917,2.509248833842693,762.25,0,9.5,2.17,19-Aug-2025,20-Jul-2026,-,2.509248833842693,-,9.855634561516917,2.6973382869357274,-23.948136142625607,https://nsearchives.nseindia.com/today/NEXT50EQN.svg,https://nsearchives.nseindia.com/30d/NEXT50-EQ.svg,https://nsearchives.nseindia.com/365d/NEXT50-EQ.svg,EQ
AONEGOLD,Domestic price of Gold,14.35,14.65,14.35,14.51,0.29,2.04,758636,11022981.08,14.2225,17.73,10,-,-,Infinity,9.757942511346437,14.22,0,0,7.56,,20-Jul-2026,-,9.757942511346437,-,Infinity,18.161308516638467,-45.1,https://nsearchives.nseindia.com/today/AONEGOLDEQN.svg,https://nsearchives.nseindia.com/30d/AONEGOLD-EQ.svg,,EQ
SBILIQETF,Nifty 1D Rate Index,1052.53,1052.53,1052.51,1052.53,0.13,0.01,10403,10949365.56,1052.3912,1087.09,984.99,-,-,5.059690170087034,0.41213115692465596,1052.4,0,5.05,0.4,19-Aug-2025,20-Jul-2026,-,0.41213115692465596,-,5.059690170087034,3.179129602884761,-6.856922405303603,https://nsearchives.nseindia.com/today/SBILIQETFEQN.svg,https://nsearchives.nseindia.com/30d/SBILIQETF-EQ.svg,https://nsearchives.nseindia.com/365d/SBILIQETF-EQ.svg,EQ
IT,NIFTY IT Index,34.24,34.39,33.91,34.26,0.59,1.75,318543,10884614.31,33.8271,44.49,28.54,-,-,-9.460887949260057,5.577812018489969,33.67,0,-11.02,3.76,19-Aug-2025,20-Jul-2026,-,5.577812018489969,-,-9.460887949260057,22.993931220498997,-20.04204625087596,https://nsearchives.nseindia.com/today/ITEQN.svg,https://nsearchives.nseindia.com/30d/IT-EQ.svg,https://nsearchives.nseindia.com/365d/IT-EQ.svg,EQ
BFSI,Nifty Financial Services Index,27.07,27.35,27.07,27.26,0.18,0.66,397612,10846855.36,27.0679,29.94,24.03,-,-,-0.728332119446465,-1.410488245931273,27.08,0,-1.38,-2.06,19-Aug-2025,20-Jul-2026,-,-1.410488245931273,-,-0.728332119446465,8.95123580494322,-13.44153141905951,https://nsearchives.nseindia.com/today/BFSIEQN.svg,https://nsearchives.nseindia.com/30d/BFSI-EQ.svg,https://nsearchives.nseindia.com/365d/BFSI-EQ.svg,EQ
MAFANG,NYSE FANG+ Total Return Index,205.4,205.4,205.4,205.4,-2.08,-1.00,51808,10641363.2,172.3202,211.42,149.74,-,-,28.527626556535886,3.3875270549151955,207.48,0,29.83,4.43,19-Aug-2025,20-Jul-2026,-,3.3875270549151955,-,28.527626556535886,2.8474127329486247,-37.171096567383465,https://nsearchives.nseindia.com/today/MAFANGEQN.svg,https://nsearchives.nseindia.com/30d/MAFANG-EQ.svg,https://nsearchives.nseindia.com/365d/MAFANG-EQ.svg,EQ
FINIETF,ICICI Prudential Nifty Financial Services Ex-Bank ETF,33.24,33.65,32.98,33.49,0.49,1.48,315962,10556290.42,33.0931,34.56,27.4,-,-,10.01971090670171,2.604166666666671,33,0,8.41,1.1,19-Aug-2025,20-Jul-2026,-,2.604166666666671,-,10.01971090670171,3.0960648148148153,-22.226277372262786,https://nsearchives.nseindia.com/today/FINIETFEQN.svg,https://nsearchives.nseindia.com/30d/FINIETF-EQ.svg,https://nsearchives.nseindia.com/365d/FINIETF-EQ.svg,EQ
SML100CASE,Nifty Smallcap 100 Index,11.41,11.41,11.23,11.28,0.09,0.80,914092,10329239.6,11.204,11.74,8.5,-,-,Infinity,2.8258887876025405,11.19,0,0,2.01,,20-Jul-2026,-,2.8258887876025405,-,Infinity,3.918228279386719,-32.70588235294117,https://nsearchives.nseindia.com/today/SML100CASEEQN.svg,https://nsearchives.nseindia.com/30d/SML100CASE-EQ.svg,,EQ
GROWWCAPM,Nifty Capital Markets Index,11.26,11.47,11.26,11.44,0.18,1.60,882472,10069005.52,11.2374,12.66,8.02,-,-,Infinity,-0.08733624454148287,11.26,0,0,-1.66,,20-Jul-2026,-,-0.08733624454148287,-,Infinity,9.63665086887836,-42.64339152119701,https://nsearchives.nseindia.com/today/GROWWCAPMEQN.svg,https://nsearchives.nseindia.com/30d/GROWWCAPM-EQ.svg,,EQ
HDFCMID150,HDFC NIFTY Midcap 150 ETF,23.92,23.92,23.62,23.62,-0.01,-0.04,419346,9951080.58,23.6089,25.2,19.42,20-OCT-23,FACE VALUE SPLIT (SUB-DIVISION) - FROM RS 115.95/- PER SHARE TO RS 11.59/- PER SHARE,8.797789037309995,1.1563169164882208,23.63,0,8.84,1.2,19-Aug-2025,20-Jul-2026,FACE VALUE SPLIT (SUB-DIVISION) - FROM RS 115.95/- PER SHARE TO RS 11.59/- PER SHARE,1.1563169164882208,20-OCT-23,8.797789037309995,6.2698412698412636,-21.62718846549948,https://nsearchives.nseindia.com/today/HDFCMID150EQN.svg,https://nsearchives.nseindia.com/30d/HDFCMID150-EQ.svg,https://nsearchives.nseindia.com/365d/HDFCMID150-EQ.svg,EQ
MOGOLD,Domestic Price of Physical Gold,154.05,154.6,153.4,154.25,3.95,2.63,64362,9905955.42,150.5765,175,96.3,-,-,55.965621840242655,10.257326661901354,150.3,0,51.97,7.43,19-Aug-2025,20-Jul-2026,-,10.257326661901354,-,55.965621840242655,11.857142857142858,-60.176531671858775,https://nsearchives.nseindia.com/today/MOGOLDEQN.svg,https://nsearchives.nseindia.com/30d/MOGOLD-EQ.svg,https://nsearchives.nseindia.com/365d/MOGOLD-EQ.svg,EQ
GROWWMETAL,Nifty Metal Index,12.32,12.55,12.2,12.34,0.02,0.16,787343,9786673.49,12.4126,13.45,10.03,-,-,Infinity,3.5234899328859055,12.32,0,0,3.36,,20-Jul-2026,-,3.5234899328859055,-,Infinity,8.252788104089216,-23.03090727816551,https://nsearchives.nseindia.com/today/GROWWMETALEQN.svg,https://nsearchives.nseindia.com/30d/GROWWMETAL-EQ.svg,,EQ
AONESILVER,Domestic price of Silver,8.89,9.09,8.85,8.99,0.32,3.69,1051301,9440682.98,8.6754,12,7.43,-,-,Infinity,7.923169267707085,8.67,0,0,4.08,,20-Jul-2026,-,7.923169267707085,-,Infinity,25.083333333333332,-20.995962314939444,https://nsearchives.nseindia.com/today/AONESILVEREQN.svg,https://nsearchives.nseindia.com/30d/AONESILVER-EQ.svg,,EQ
NIF100BEES,Nifty 100 TRI,268.8,270.1,268.76,270,2.43,0.91,33459,9015862.14,268.0446,290,240,-,-,-0.3763559884879278,0.7086907870197602,267.57,0,-1.27,-0.2,19-Aug-2025,20-Jul-2026,-,0.7086907870197602,-,-0.3763559884879278,6.896551724137931,-12.5,https://nsearchives.nseindia.com/today/NIF100BEESEQN.svg,https://nsearchives.nseindia.com/30d/NIF100BEES-EQ.svg,https://nsearchives.nseindia.com/365d/NIF100BEES-EQ.svg,EQ
HEALTHIETF,Nifty Healthcare Index,169.65,169.89,168.6,169.88,1.02,0.60,53048,8970416.8,168.5168,174.82,138.65,-,-,13.170341749383772,0.295194237808478,168.86,0,12.49,-0.31,19-Aug-2025,20-Jul-2026,-,0.295194237808478,-,13.170341749383772,2.8257636426038197,-22.524341868012975,https://nsearchives.nseindia.com/today/HEALTHIETFEQN.svg,https://nsearchives.nseindia.com/30d/HEALTHIETF-EQ.svg,https://nsearchives.nseindia.com/365d/HEALTHIETF-EQ.svg,EQ
SBIMIDMOM,Nifty Midcap 150 Momentum 50 Index,64.19,64.21,63.64,63.95,0.29,0.46,139703,8931212.79,63.6264,67.74,53.86,-,-,Infinity,1.879878923052413,63.66,0,0,1.42,,20-Jul-2026,-,1.879878923052413,-,Infinity,5.594921759669313,-18.73375417749722,https://nsearchives.nseindia.com/today/SBIMIDMOMEQN.svg,https://nsearchives.nseindia.com/30d/SBIMIDMOM-EQ.svg,,EQ
INFRAIETF,ICICI Prudential Nifty Infrastructure ETF,96.12,96.84,95.8,96.75,1.19,1.25,88556,8534141.72,95.8462,101,86.8,-,-,3.112011083875095,-0.5141388174807198,95.56,0,1.84,-1.74,19-Aug-2025,20-Jul-2026,-,-0.5141388174807198,-,3.112011083875095,4.207920792079208,-11.463133640552998,https://nsearchives.nseindia.com/today/INFRAIETFEQN.svg,https://nsearchives.nseindia.com/30d/INFRAIETF-EQ.svg,https://nsearchives.nseindia.com/365d/INFRAIETF-EQ.svg,EQ
BANKETF,Mirae Asset Nifty Bank ETF,586.72,589,585.75,587,3.08,0.53,14357,8438326.75,584.0926,628.27,507.01,-,-,3.615053307914993,-0.7154576053312616,583.92,0,3.07,-1.24,19-Aug-2025,20-Jul-2026,-,-0.7154576053312616,-,3.615053307914993,6.568831871647538,-15.776809135914482,https://nsearchives.nseindia.com/today/BANKETFEQN.svg,https://nsearchives.nseindia.com/30d/BANKETF-EQ.svg,https://nsearchives.nseindia.com/365d/BANKETF-EQ.svg,EQ
MID150CASE,Zerodha Nifty Midcap 150 ETF,11.93,11.93,11.72,11.76,0.06,0.51,711010,8382807.9,11.732,13,9.63,-,-,10.21555763823805,1.2919896640826904,11.7,0,9.65,0.78,19-Aug-2025,20-Jul-2026,-,1.2919896640826904,-,10.21555763823805,9.53846153846154,-22.11838006230528,https://nsearchives.nseindia.com/today/MID150CASEEQN.svg,https://nsearchives.nseindia.com/30d/MID150CASE-EQ.svg,https://nsearchives.nseindia.com/365d/MID150CASE-EQ.svg,EQ
MONIFTY500,Motilal Oswal Nifty 500 ETF,24.61,24.61,23.76,24.13,0.12,0.50,344622,8308836.42,23.9357,28.28,20.75,-,-,2.5063721325403563,1.4291719209751992,24.01,0,2,0.92,19-Aug-2025,20-Jul-2026,-,1.4291719209751992,-,2.5063721325403563,14.674681753889683,-16.289156626506017,https://nsearchives.nseindia.com/today/MONIFTY500EQN.svg,https://nsearchives.nseindia.com/30d/MONIFTY500-EQ.svg,https://nsearchives.nseindia.com/365d/MONIFTY500-EQ.svg,EQ
MOMENTUM50,Nifty 500 Momentum 50 Total Return Index,54.36,54.36,53.96,54.28,0.47,0.87,153429,8303577.48,53.8054,55.88,44.96,-,-,4.706790123456785,2.9785619427053693,53.81,0,3.8,2.09,19-Aug-2025,20-Jul-2026,-,2.9785619427053693,-,4.706790123456785,2.863278453829637,-20.729537366548044,https://nsearchives.nseindia.com/today/MOMENTUM50EQN.svg,https://nsearchives.nseindia.com/30d/MOMENTUM50-EQ.svg,https://nsearchives.nseindia.com/365d/MOMENTUM50-EQ.svg,EQ
SILVER360,Commodity-Silver,230,238.59,230,231.1,7.72,3.46,35475,8238359.25,223.2496,358,110.1,-,-,104.60380699424523,8.122017404323003,223.38,0,97.77,4.51,19-Aug-2025,20-Jul-2026,-,8.122017404323003,-,104.60380699424523,35.44692737430167,-109.90009082652135,https://nsearchives.nseindia.com/today/SILVER360EQN.svg,https://nsearchives.nseindia.com/30d/SILVER360-EQ.svg,https://nsearchives.nseindia.com/365d/SILVER360-EQ.svg,EQ
HDFCNIMEG,Nifty Metal Index TRI,130.72,131.53,130,130.42,0.35,0.27,62596,8165022.24,130.1473,152.55,126.96,-,-,Infinity,Infinity,130.07,0,0,0,,,-,Infinity,-,Infinity,14.506719108489033,-2.725267800882163,https://nsearchives.nseindia.com/today/HDFCNIMEGEQN.svg,,,EQ
EBBETF0431,Nifty BHARAT Bond,1448.88,1448.88,1440.1,1441,-2.17,-0.15,5630,8116208,1441.7555,1469,1363,-,-,5.398664413870782,0.38454036280547144,1443.17,0,5.56,0.54,19-Aug-2025,20-Jul-2026,-,0.38454036280547144,-,5.398664413870782,1.9060585432266848,-5.7226705796038155,https://nsearchives.nseindia.com/today/EBBETF0431EQN.svg,https://nsearchives.nseindia.com/30d/EBBETF0431-EQ.svg,https://nsearchives.nseindia.com/365d/EBBETF0431-EQ.svg,EQ
TOP10ADD,Nifty Top 10 Equal Weight Index,87.86,88.11,87.63,88.1,1.34,1.54,86222,7581500.46,87.1717,103.04,83.05,-,-,-7.613255033557052,0.23893503242689015,86.76,0,-9.02,-1.29,19-Aug-2025,20-Jul-2026,-,0.23893503242689015,-,-7.613255033557052,14.499223602484482,-6.08067429259482,https://nsearchives.nseindia.com/today/TOP10ADDEQN.svg,https://nsearchives.nseindia.com/30d/TOP10ADD-EQ.svg,https://nsearchives.nseindia.com/365d/TOP10ADD-EQ.svg,EQ
GROWWEV,Nifty EV and New Age Automotive Index,33.7,34.08,33.6,33.87,0.18,0.53,215205,7291145.4,33.7788,34.64,26.2,-,-,11.966942148760323,7.48968581402728,33.69,0,11.37,6.92,19-Aug-2025,20-Jul-2026,-,7.48968581402728,-,11.966942148760323,2.2228637413395007,-29.274809160305335,https://nsearchives.nseindia.com/today/GROWWEVEQN.svg,https://nsearchives.nseindia.com/30d/GROWWEV-EQ.svg,https://nsearchives.nseindia.com/365d/GROWWEV-EQ.svg,EQ
HDFCSENSEX,SENSEX,87.58,88.35,87.5,87.52,0.29,0.33,82308,7227465.48,87.3292,98.48,80.9,02-FEB-24,FACE VALUE SPLIT (SUB-DIVISION) - FROM RS 250.361/- PER SHARE TO RS 25.0361/- PER SHARE,-4.7556861464794915,-0.4662799954509391,87.23,0,-5.07,-0.8,19-Aug-2025,20-Jul-2026,FACE VALUE SPLIT (SUB-DIVISION) - FROM RS 250.361/- PER SHARE TO RS 25.0361/- PER SHARE,-0.4662799954509391,02-FEB-24,-4.7556861464794915,11.129163281884656,-8.182941903584661,https://nsearchives.nseindia.com/today/HDFCSENSEXEQN.svg,https://nsearchives.nseindia.com/30d/HDFCSENSEX-EQ.svg,https://nsearchives.nseindia.com/365d/HDFCSENSEX-EQ.svg,EQ
SENSEXBETA,SENSEX,863.42,863.42,856.1,861.74,-1.68,-0.19,8199,7041137.22,852.8975,952.91,785,26-FEB-21, INTERIM DIVIDEND - RS 13.56 PER UNIT,Infinity,0.3458434738055623,863.42,0,0,0.54,,20-Jul-2026, INTERIM DIVIDEND - RS 13.56 PER UNIT,0.3458434738055623,26-FEB-21,Infinity,9.567535234177411,-9.77579617834395,https://nsearchives.nseindia.com/today/SENSEXBETAEQN.svg,https://nsearchives.nseindia.com/30d/SENSEXBETA-EQ.svg,,EQ
MOVALUE,Motilal Oswal S&P BSE Enhanced Value ETF,113.6,113.6,112.8,113.03,-0.01,-0.01,59791,6761764.19,113.1517,128.77,98.1,-,-,10.026282488075536,-1.9942772912511897,113.04,0,10.04,-1.99,19-Aug-2025,20-Jul-2026,-,-1.9942772912511897,-,10.026282488075536,12.223343946571413,-15.219164118246695,https://nsearchives.nseindia.com/today/MOVALUEEQN.svg,https://nsearchives.nseindia.com/30d/MOVALUE-EQ.svg,https://nsearchives.nseindia.com/365d/MOVALUE-EQ.svg,EQ
HDFCPSUBK,HDFC NIFTY PSU BANK ETF,87,87.73,86.79,86.79,0.26,0.30,74435,6510829.45,87.2214,101.25,67.98,-,-,21.062909750313864,-0.3444712366517363,86.53,0,20.7,-0.64,19-Aug-2025,20-Jul-2026,-,-0.3444712366517363,-,21.062909750313864,14.281481481481475,-27.66990291262136,https://nsearchives.nseindia.com/today/HDFCPSUBKEQN.svg,https://nsearchives.nseindia.com/30d/HDFCPSUBK-EQ.svg,https://nsearchives.nseindia.com/365d/HDFCPSUBK-EQ.svg,EQ
NEXT50BETA,Nifty Next 50,80.27,80.54,79.45,80.1,0.26,0.33,81117,6496660.53,79.8674,82.51,64.34,25-MAR-21, FACE VALUE SPLIT (SUB-DIVISION) - FROM RS 10/- PER UNIT TO Re 1/- PER UNIT,Infinity,2.4952015355086226,79.84,0,0,2.16,,20-Jul-2026, FACE VALUE SPLIT (SUB-DIVISION) - FROM RS 10/- PER UNIT TO Re 1/- PER UNIT,2.4952015355086226,25-MAR-21,Infinity,2.9208580778087634,-24.494870997824044,https://nsearchives.nseindia.com/today/NEXT50BETAEQN.svg,https://nsearchives.nseindia.com/30d/NEXT50BETA-EQ.svg,,EQ
SETFNIFBK,Nifty Bank,590.93,593.95,590.93,592.75,3.98,0.68,10474,6207206.62,588.8484,646.11,465.64,02-NOV-17, DIVIDEND - RS 3.50 PER UNIT,3.562443217555382,-0.5185955961331954,588.77,0,2.87,-1.19,19-Aug-2025,20-Jul-2026, DIVIDEND - RS 3.50 PER UNIT,-0.5185955961331954,02-NOV-17,3.562443217555382,8.25865564687128,-27.297912550468176,https://nsearchives.nseindia.com/today/SETFNIFBKEQN.svg,https://nsearchives.nseindia.com/30d/SETFNIFBK-EQ.svg,https://nsearchives.nseindia.com/365d/SETFNIFBK-EQ.svg,EQ
CONSUMBEES,Nifty India Consumption TRI,133.83,134.81,133.08,134.79,1.37,1.03,46099,6196627.58,133.7409,144.38,114,-,-,-0.6193320061933226,3.1293037490436144,133.42,0,-1.63,2.08,19-Aug-2025,20-Jul-2026,-,3.1293037490436144,-,-0.6193320061933226,6.642194209724341,-18.23684210526315,https://nsearchives.nseindia.com/today/CONSUMBEESEQN.svg,https://nsearchives.nseindia.com/30d/CONSUMBEES-EQ.svg,https://nsearchives.nseindia.com/365d/CONSUMBEES-EQ.svg,EQ
ITETF,Mirae Asset Nifty IT ETF,32.69,32.8,32.48,32.57,0.39,1.21,185760,6061348.8,32.2825,42.02,27.22,-,-,-9.603108520677216,5.541153596889179,32.18,0,-10.69,4.28,19-Aug-2025,20-Jul-2026,-,5.541153596889179,-,-9.603108520677216,22.489290813898148,-19.65466568699486,https://nsearchives.nseindia.com/today/ITETFEQN.svg,https://nsearchives.nseindia.com/30d/ITETF-EQ.svg,https://nsearchives.nseindia.com/365d/ITETF-EQ.svg,EQ
NIFTYCASE,Nifty Index 50 Index,9.77,9.77,9.7,9.76,0.09,0.93,606633,5902539.09,9.6734,11.4,8.84,-,-,Infinity,0.618556701030933,9.67,0,0,-0.31,,20-Jul-2026,-,0.618556701030933,-,Infinity,14.385964912280706,-10.407239819004525,https://nsearchives.nseindia.com/today/NIFTYCASEEQN.svg,https://nsearchives.nseindia.com/30d/NIFTYCASE-EQ.svg,,EQ
HDFCNEXT50,HDFC NIFTY NEXT 50 ETF,75.71,76.1,75.44,75.45,0.02,0.03,77712,5895232.32,75.5996,78.07,59.99,20-OCT-23,FACE VALUE SPLIT (SUB-DIVISION) - FROM RS 418.18/- PER SHARE TO RS 41.81/- PER SHARE,9.252823631624674,2.1665538253216097,75.43,0,9.22,2.14,19-Aug-2025,20-Jul-2026,FACE VALUE SPLIT (SUB-DIVISION) - FROM RS 418.18/- PER SHARE TO RS 41.81/- PER SHARE,2.1665538253216097,20-OCT-23,9.252823631624674,3.355962597668747,-25.77096182697116,https://nsearchives.nseindia.com/today/HDFCNEXT50EQN.svg,https://nsearchives.nseindia.com/30d/HDFCNEXT50-EQ.svg,https://nsearchives.nseindia.com/365d/HDFCNEXT50-EQ.svg,EQ
MIDCAP,Nifty Midcap 50 Index,18.93,18.94,18.68,18.72,0.14,0.75,293476,5502675,18.6228,19.27,15.01,27-FEB-26,FACE VALUE SPLIT (SUB-DIVISION) - FROM RS 10/- PER SHARE TO RE 1/- PER SHARE,-88.77966914409015,1.353546291283162,18.58,0,-88.86,0.6,19-Aug-2025,20-Jul-2026,FACE VALUE SPLIT (SUB-DIVISION) - FROM RS 10/- PER SHARE TO RE 1/- PER SHARE,1.353546291283162,27-FEB-26,-88.77966914409015,2.854177477944996,-24.71685542971352,https://nsearchives.nseindia.com/today/MIDCAPEQN.svg,https://nsearchives.nseindia.com/30d/MIDCAP-EQ.svg,https://nsearchives.nseindia.com/365d/MIDCAP-EQ.svg,EQ
CHEMICAL,Nifty Chemicals Index (TRI),30.64,30.77,30.26,30.48,0,0.00,176680,5390506.8,30.508,31.8,24.5,-,-,Infinity,-0.1310615989515044,30.48,0,0,-0.13,,20-Jul-2026,-,-0.1310615989515044,-,Infinity,4.150943396226416,-24.408163265306122,https://nsearchives.nseindia.com/today/CHEMICALEQN.svg,https://nsearchives.nseindia.com/30d/CHEMICAL-EQ.svg,,EQ
TOP100CASE,Zerodha Nifty 100 ETF,10.8,10.8,10.48,10.69,0.1,0.94,500622,5336630.52,10.6126,11.57,9.48,-,-,0.3755868544600859,0.7540056550424136,10.59,0,-0.56,-0.19,19-Aug-2025,20-Jul-2026,-,0.7540056550424136,-,0.3755868544600859,7.605877268798625,-12.763713080168767,https://nsearchives.nseindia.com/today/TOP100CASEEQN.svg,https://nsearchives.nseindia.com/30d/TOP100CASE-EQ.svg,https://nsearchives.nseindia.com/365d/TOP100CASE-EQ.svg,EQ
LOWVOL,Mirae Asset Nifty 100 Low Volatility 30 ETF,208.53,208.9,207.43,208.53,0.82,0.39,25008,5206915.68,207.7211,219.1,183.58,-,-,0.3609587063239965,0.6904876871076807,207.71,0,-0.03,0.29,19-Aug-2025,20-Jul-2026,-,0.6904876871076807,-,0.3609587063239965,4.824281150159742,-13.590805098594613,https://nsearchives.nseindia.com/today/LOWVOLEQN.svg,https://nsearchives.nseindia.com/30d/LOWVOL-EQ.svg,https://nsearchives.nseindia.com/365d/LOWVOL-EQ.svg,EQ
ELM250,Nifty LargeMidcap 250 TRI,16.8,17.11,16.75,16.88,0.13,0.78,307563,5188587.81,16.7208,19.2,14.43,-,-,Infinity,1.8708509354254599,16.75,0,0,1.09,,20-Jul-2026,-,1.8708509354254599,-,Infinity,12.083333333333336,-16.978516978516975,https://nsearchives.nseindia.com/today/ELM250EQN.svg,https://nsearchives.nseindia.com/30d/ELM250-EQ.svg,,EQ
EGOLD,Edelweiss Gold ETF,154.2,156.1,154.2,155.05,3.1,2.04,33084,5153163.84,152.1369,184.95,98.8,-,-,55.907491201608856,9.692253272019823,151.95,0,52.79,7.5,19-Aug-2025,20-Jul-2026,-,9.692253272019823,-,55.907491201608856,16.166531494998637,-56.93319838056682,https://nsearchives.nseindia.com/today/EGOLDEQN.svg,https://nsearchives.nseindia.com/30d/EGOLD-EQ.svg,https://nsearchives.nseindia.com/365d/EGOLD-EQ.svg,EQ
MAKEINDIA,Nifty India Manufacturing Total Return Index,168.76,168.76,167.78,167.78,0.07,0.04,29781,5010355.44,167.7407,173.11,140.12,-,-,13.62589733170798,3.0083497053045223,167.71,0,13.58,2.97,19-Aug-2025,20-Jul-2026,-,3.0083497053045223,-,13.62589733170798,3.078967130726135,-19.740222666286037,https://nsearchives.nseindia.com/today/MAKEINDIAEQN.svg,https://nsearchives.nseindia.com/30d/MAKEINDIA-EQ.svg,https://nsearchives.nseindia.com/365d/MAKEINDIA-EQ.svg,EQ
MIDSELIETF,S&P BSE Midcap Select Index,19.87,20.03,19.87,20.03,0.16,0.81,245127,4897637.46,19.8071,20.19,14.55,10-MAY-24,FACE VALUE SPLIT (SUB-DIVISION) - FROM RS 10/- PER SHARE TO RE 1/- PER SHARE,14.85091743119266,3.194229778464714,19.87,0,13.93,2.37,19-Aug-2025,20-Jul-2026,FACE VALUE SPLIT (SUB-DIVISION) - FROM RS 10/- PER SHARE TO RE 1/- PER SHARE,3.194229778464714,10-MAY-24,14.85091743119266,0.7924715205547307,-37.66323024054983,https://nsearchives.nseindia.com/today/MIDSELIETFEQN.svg,https://nsearchives.nseindia.com/30d/MIDSELIETF-EQ.svg,https://nsearchives.nseindia.com/365d/MIDSELIETF-EQ.svg,EQ
MASPTOP50,S&P 500 Top 50 Total Return Index,80.28,80.28,80.28,80.28,-0.55,-0.68,60390,4848109.2,67.0253,82.78,62.42,-,-,23.6027713625866,0.7783078081847911,80.83,0,24.45,1.47,19-Aug-2025,20-Jul-2026,-,0.7783078081847911,-,23.6027713625866,3.0200531529354917,-28.61262415892342,https://nsearchives.nseindia.com/today/MASPTOP50EQN.svg,https://nsearchives.nseindia.com/30d/MASPTOP50-EQ.svg,https://nsearchives.nseindia.com/365d/MASPTOP50-EQ.svg,EQ
IVZINGOLD,Gold,134.15,135.85,133.3,135.4,3,2.27,35595,4818495.15,132.4106,156,85.9,30-APR-26,FACE VALUE SPLIT (SUB-DIVISION) - FROM RS 100/- PER SHARE TO RE 1/- PER SHARE,-98.43116353440087,9.902597402597404,132.4,0,-98.47,7.47,19-Aug-2025,20-Jul-2026,FACE VALUE SPLIT (SUB-DIVISION) - FROM RS 100/- PER SHARE TO RE 1/- PER SHARE,9.902597402597404,30-APR-26,-98.43116353440087,13.205128205128203,-57.625145518044235,https://nsearchives.nseindia.com/today/IVZINGOLDEQN.svg,https://nsearchives.nseindia.com/30d/IVZINGOLD-EQ.svg,https://nsearchives.nseindia.com/365d/IVZINGOLD-EQ.svg,EQ
COMMOIETF,ICICI Prudential Nifty Commodities ETF,99.98,99.98,99.05,99.2,0.05,0.05,47136,4687675.2,99.4108,110.56,86.79,-,-,10.627857700457232,-1.8113431653964152,99.15,0,10.57,-1.86,19-Aug-2025,20-Jul-2026,-,-1.8113431653964152,-,10.627857700457232,10.274963820549928,-14.298882359718855,https://nsearchives.nseindia.com/today/COMMOIETFEQN.svg,https://nsearchives.nseindia.com/30d/COMMOIETF-EQ.svg,https://nsearchives.nseindia.com/365d/COMMOIETF-EQ.svg,EQ
EVIETF,Nifty EV & New Age Automotive ETF,34.25,34.25,33.76,33.85,-0.03,-0.09,135967,4622878,33.86,36,26.28,-,-,11.31206839855311,6.917245735944413,33.88,0,11.41,7.01,19-Aug-2025,20-Jul-2026,-,6.917245735944413,-,11.31206839855311,5.972222222222218,-28.80517503805175,https://nsearchives.nseindia.com/today/EVIETFEQN.svg,https://nsearchives.nseindia.com/30d/EVIETF-EQ.svg,https://nsearchives.nseindia.com/365d/EVIETF-EQ.svg,EQ
DIVOPPBEES,Nifty Dividend Opportunities 50 TRI,78.24,78.24,77.53,78.05,0.66,0.85,57328,4459545.12,77.3077,87.09,72.13,-,-,1.4294996751137028,0.6707081129885154,77.39,0,0.57,-0.18,19-Aug-2025,20-Jul-2026,-,0.6707081129885154,-,1.4294996751137028,10.380066597772426,-8.207403299597951,https://nsearchives.nseindia.com/today/DIVOPPBEESEQN.svg,https://nsearchives.nseindia.com/30d/DIVOPPBEES-EQ.svg,https://nsearchives.nseindia.com/365d/DIVOPPBEES-EQ.svg,EQ
EVINDIA,Nifty EV and New Age Automotive Total Return Index,34.23,34.23,33.88,33.97,0.08,0.24,128752,4378855.52,33.9088,35.04,26.2,-,-,12.149224166391548,7.262393432270278,33.89,0,11.89,7.01,19-Aug-2025,20-Jul-2026,-,7.262393432270278,-,12.149224166391548,3.0536529680365305,-29.65648854961832,https://nsearchives.nseindia.com/today/EVINDIAEQN.svg,https://nsearchives.nseindia.com/30d/EVINDIA-EQ.svg,https://nsearchives.nseindia.com/365d/EVINDIA-EQ.svg,EQ
SMALL250,Nifty Smallcap 250,18.44,18.47,18.37,18.42,0.11,0.60,233322,4300124.46,18.2928,19.95,14.16,-,-,Infinity,1.9369120088544627,18.31,0,0,1.33,,20-Jul-2026,-,1.9369120088544627,-,Infinity,7.669172932330816,-30.084745762711876,https://nsearchives.nseindia.com/today/SMALL250EQN.svg,https://nsearchives.nseindia.com/30d/SMALL250-EQ.svg,,EQ
PSUBANK,Nifty PSU Bank,86.66,86.99,85.88,86.24,0.01,0.01,49609,4288698.05,86.3087,101,66.26,10-JUL-26,FACE VALUE SPLIT (SUB-DIVISION) - FROM RS 10/- PER UNIT TO RE 1/- PER UNIT,-87.84821541799941,-0.2659882040013924,86.23,0,-87.85,-0.28,19-Aug-2025,20-Jul-2026,FACE VALUE SPLIT (SUB-DIVISION) - FROM RS 10/- PER UNIT TO RE 1/- PER UNIT,-0.2659882040013924,10-JUL-26,-87.84821541799941,14.613861386138618,-30.153939028071218,https://nsearchives.nseindia.com/today/PSUBANKEQN.svg,https://nsearchives.nseindia.com/30d/PSUBANK-EQ.svg,https://nsearchives.nseindia.com/365d/PSUBANK-EQ.svg,EQ
CONSUMER,Nifty India New AgeConsumption,12.29,12.35,12.26,12.3,0.09,0.74,347721,4280445.51,12.2114,12.87,9.69,-,-,1.401483924154987,4.149026248941577,12.21,0,0.66,3.39,19-Aug-2025,20-Jul-2026,-,4.149026248941577,-,1.401483924154987,4.428904428904418,-26.93498452012385,https://nsearchives.nseindia.com/today/CONSUMEREQN.svg,https://nsearchives.nseindia.com/30d/CONSUMER-EQ.svg,https://nsearchives.nseindia.com/365d/CONSUMER-EQ.svg,EQ
NV20BEES,Nifty50 Value20 TRI,139.75,140.42,138.46,139.7,-0.05,-0.04,30350,4232004,139.0819,160,122.02,19-DEC-19, FACE VALUE SPLIT (SUB-DIVISION) - FROM RS 10/- TO RS 1/-,-4.85595586732958,-1.2790615504204668,139.75,0,-4.82,-1.24,19-Aug-2025,20-Jul-2026, FACE VALUE SPLIT (SUB-DIVISION) - FROM RS 10/- TO RS 1/-,-1.2790615504204668,19-DEC-19,-4.85595586732958,12.687500000000007,-14.489427962629073,https://nsearchives.nseindia.com/today/NV20BEESEQN.svg,https://nsearchives.nseindia.com/30d/NV20BEES-EQ.svg,https://nsearchives.nseindia.com/365d/NV20BEES-EQ.svg,EQ
VAL30IETF,Nifty200 Value 30 Index,15.33,15.33,15.14,15.14,-0.05,-0.33,270498,4103454.66,15.181,17.7,12.27,-,-,15.926493108728943,-2.133160956690369,15.19,0,16.31,-1.81,19-Aug-2025,20-Jul-2026,-,-2.133160956690369,-,15.926493108728943,14.463276836158187,-23.390383048084768,https://nsearchives.nseindia.com/today/VAL30IETFEQN.svg,https://nsearchives.nseindia.com/30d/VAL30IETF-EQ.svg,https://nsearchives.nseindia.com/365d/VAL30IETF-EQ.svg,EQ
GROWWNIFTY,Nifty 50 Index - TRI,9.74,9.89,9.74,9.79,0.05,0.51,397812,3894579.48,9.7381,11.88,8.93,-,-,-2.295409181636731,0.3073770491803213,9.74,0,-2.79,-0.2,19-Aug-2025,20-Jul-2026,-,0.3073770491803213,-,-2.295409181636731,17.592592592592606,-9.630459126539748,https://nsearchives.nseindia.com/today/GROWWNIFTYEQN.svg,https://nsearchives.nseindia.com/30d/GROWWNIFTY-EQ.svg,https://nsearchives.nseindia.com/365d/GROWWNIFTY-EQ.svg,EQ
GROWWMOM50,Nifty 500 Momentum 50 Index- Total Return Index,11.19,11.19,10.92,10.98,0.04,0.37,354470,3877901.8,10.8899,11.5,9.12,-,-,5.071770334928241,3.1954887218045096,10.94,0,4.69,2.82,19-Aug-2025,20-Jul-2026,-,3.1954887218045096,-,5.071770334928241,4.521739130434779,-20.394736842105278,https://nsearchives.nseindia.com/today/GROWWMOM50EQN.svg,https://nsearchives.nseindia.com/30d/GROWWMOM50-EQ.svg,https://nsearchives.nseindia.com/365d/GROWWMOM50-EQ.svg,EQ
TNIDETF,Nifty India Digital Index,88.2,91.26,88.2,90.77,0.71,0.79,41944,3817323.44,90.624,103.26,74.5,-,-,-2.0502859609366633,6.437617260787987,90.06,0,-2.82,5.61,19-Aug-2025,20-Jul-2026,-,6.437617260787987,-,-2.0502859609366633,12.095680805733108,-21.83892617449664,https://nsearchives.nseindia.com/today/TNIDETFEQN.svg,https://nsearchives.nseindia.com/30d/TNIDETF-EQ.svg,https://nsearchives.nseindia.com/365d/TNIDETF-EQ.svg,EQ
NIFTYJBLK,INDEX,12.35,12.96,12.35,12.5,0,0.00,306540,3810292.2,,0,0,-,-,Infinity,Infinity,12.5,0,0,0,,,-,Infinity,-,Infinity,,,https://nsearchives.nseindia.com/today/NIFTYJBLKEQN.svg,,,EQ
INFRABEES,Nifty Infra,964.82,969.65,963.99,969.5,5.51,0.57,3920,3788601.6,962.8455,1018.3,871.35,-,-,2.522074763390263,-0.4671218109953241,963.99,0,1.94,-1.03,19-Aug-2025,20-Jul-2026,-,-0.4671218109953241,-,2.522074763390263,4.792300893646269,-11.264130372410625,https://nsearchives.nseindia.com/today/INFRABEESEQN.svg,https://nsearchives.nseindia.com/30d/INFRABEES-EQ.svg,https://nsearchives.nseindia.com/365d/INFRABEES-EQ.svg,EQ
MOMENTUM,Aditya Birla Sun Life Nifty 200 Momentum 30 ETF,31.18,31.43,31.17,31.42,0.25,0.80,117179,3672389.86,31.1557,33,27.05,-,-,0.9315772566656045,1.88067444876784,31.17,0,0.13,1.07,19-Aug-2025,20-Jul-2026,-,1.88067444876784,-,0.9315772566656045,4.787878787878783,-16.15526802218115,https://nsearchives.nseindia.com/today/MOMENTUMEQN.svg,https://nsearchives.nseindia.com/30d/MOMENTUM-EQ.svg,https://nsearchives.nseindia.com/365d/MOMENTUM-EQ.svg,EQ
MOENERGY,Nifty Energy Index,39.11,39.11,38.05,38.45,0.11,0.29,93874,3594435.46,38.2807,43,33,-,-,Infinity,-3.2947686116700083,38.34,0,0,-3.57,,20-Jul-2026,-,-3.2947686116700083,-,Infinity,10.581395348837203,-16.515151515151523,https://nsearchives.nseindia.com/today/MOENERGYEQN.svg,https://nsearchives.nseindia.com/30d/MOENERGY-EQ.svg,,EQ
HDFCPVTBAN,HDFC NIFTY Private Bank ETF,28.04,28.1,27.9,27.9,0.13,0.47,128096,3593092.8,27.7735,30.17,24.31,02-FEB-24,FACE VALUE SPLIT (SUB-DIVISION) - FROM RS 216.75/- PER SHARE TO RS 21.675/- PER SHARE,1.4545454545454495,-1.8987341772151993,27.77,0,0.98,-2.36,19-Aug-2025,20-Jul-2026,FACE VALUE SPLIT (SUB-DIVISION) - FROM RS 216.75/- PER SHARE TO RS 21.675/- PER SHARE,-1.8987341772151993,02-FEB-24,1.4545454545454495,7.524030493868091,-14.767585355820652,https://nsearchives.nseindia.com/today/HDFCPVTBANEQN.svg,https://nsearchives.nseindia.com/30d/HDFCPVTBAN-EQ.svg,https://nsearchives.nseindia.com/365d/HDFCPVTBAN-EQ.svg,EQ
PSUBNKIETF,ICICI Prudential Nifty PSU Bank ETF,87.59,88,87.03,87.16,-0.21,-0.24,40717,3568437.88,87.4562,104,67.86,-,-,21.156519321656937,-0.1603665521191301,87.37,0,21.45,0.08,19-Aug-2025,20-Jul-2026,-,-0.1603665521191301,-,21.156519321656937,16.192307692307697,-28.440907751252574,https://nsearchives.nseindia.com/today/PSUBNKIETFEQN.svg,https://nsearchives.nseindia.com/30d/PSUBNKIETF-EQ.svg,https://nsearchives.nseindia.com/365d/PSUBNKIETF-EQ.svg,EQ
HDFCNIFIT,HDFC NIFTY IT ETF,32.55,33.9,32.55,32.62,0.25,0.77,106070,3486520.9,32.5419,42.3,27.32,02-FEB-24,FACE VALUE SPLIT (SUB-DIVISION) - FROM RS 299.92/- PER SHARE TO RS 29.992/- PER SHARE,-10.581140350877192,4.517782761935266,32.37,0,-11.27,3.72,19-Aug-2025,20-Jul-2026,FACE VALUE SPLIT (SUB-DIVISION) - FROM RS 299.92/- PER SHARE TO RS 29.992/- PER SHARE,4.517782761935266,02-FEB-24,-10.581140350877192,22.884160756501185,-19.399707174231324,https://nsearchives.nseindia.com/today/HDFCNIFITEQN.svg,https://nsearchives.nseindia.com/30d/HDFCNIFIT-EQ.svg,https://nsearchives.nseindia.com/365d/HDFCNIFIT-EQ.svg,EQ
MOMOMENTUM,Nifty 200 Momentum 30 Total Return Index,62.98,62.98,62.03,62.16,-0.12,-0.19,55757,3483139.79,62.2801,66.28,54.32,11-AUG-22,FACE VALUE SPLIT (SUB-DIVISION) - FROM RS 10/- PER UNIT TO RS 2/- PER UNIT,0.032185387833916994,0.876338851022394,62.28,0,0.23,1.07,19-Aug-2025,20-Jul-2026,FACE VALUE SPLIT (SUB-DIVISION) - FROM RS 10/- PER UNIT TO RS 2/- PER UNIT,0.876338851022394,11-AUG-22,0.032185387833916994,6.216053108026561,-14.432989690721643,https://nsearchives.nseindia.com/today/MOMOMENTUMEQN.svg,https://nsearchives.nseindia.com/30d/MOMOMENTUM-EQ.svg,https://nsearchives.nseindia.com/365d/MOMOMENTUM-EQ.svg,EQ
HDFCMOMENT,HDFC NIFTY200 Momentum 30 ETF,31.83,31.83,31.12,31.25,0.19,0.61,111577,3480086.63,31.0535,33.23,27.13,20-OCT-23,FACE VALUE SPLIT (SUB-DIVISION) - FROM RS 190.61/- PER SHARE TO RS 19.061/- PER SHARE,1.1654257041113611,1.5599610009749771,31.06,0,0.55,0.94,19-Aug-2025,20-Jul-2026,FACE VALUE SPLIT (SUB-DIVISION) - FROM RS 190.61/- PER SHARE TO RS 19.061/- PER SHARE,1.5599610009749771,20-OCT-23,1.1654257041113611,5.958471260908809,-15.186140803538523,https://nsearchives.nseindia.com/today/HDFCMOMENTEQN.svg,https://nsearchives.nseindia.com/30d/HDFCMOMENT-EQ.svg,https://nsearchives.nseindia.com/365d/HDFCMOMENT-EQ.svg,EQ
GROWWNET,Index,10.67,10.8,10.51,10.75,0.19,1.80,318459,3417065.07,10.6039,11.4,7.93,-,-,-1.1039558417663222,8.476286579212914,10.56,0,-2.85,6.56,19-Aug-2025,20-Jul-2026,-,8.476286579212914,-,-1.1039558417663222,5.7017543859649145,-35.56116015132409,https://nsearchives.nseindia.com/today/GROWWNETEQN.svg,https://nsearchives.nseindia.com/30d/GROWWNET-EQ.svg,https://nsearchives.nseindia.com/365d/GROWWNET-EQ.svg,EQ
NV20IETF,Nifty50 Value 20,13.58,13.7,13.58,13.63,0.09,0.66,248845,3386780.45,13.5526,16,12.5,01-MAR-24,FACE VALUE SPLIT (SUB-DIVISION) - FROM RS 10/- PER SHARE TO RE 1/- PER SHARE,-4.751921733053806,-1.5884476534295948,13.54,0,-5.38,-2.24,19-Aug-2025,20-Jul-2026,FACE VALUE SPLIT (SUB-DIVISION) - FROM RS 10/- PER SHARE TO RE 1/- PER SHARE,-1.5884476534295948,01-MAR-24,-4.751921733053806,14.812499999999995,-9.040000000000006,https://nsearchives.nseindia.com/today/NV20IETFEQN.svg,https://nsearchives.nseindia.com/30d/NV20IETF-EQ.svg,https://nsearchives.nseindia.com/365d/NV20IETF-EQ.svg,EQ
GROWWCHEM,Nifty Chemicals Index - TRI,30.45,30.73,30.15,30.21,-0.23,-0.76,108832,3306316.16,30.4492,31.74,24.64,-,-,Infinity,-1.2422360248447173,30.44,0,0,-0.49,,20-Jul-2026,-,-1.2422360248447173,-,Infinity,4.820415879017006,-22.60551948051948,https://nsearchives.nseindia.com/today/GROWWCHEMEQN.svg,https://nsearchives.nseindia.com/30d/GROWWCHEM-EQ.svg,,EQ
GROWWRLTY,Index,9.75,10.24,9.75,10.18,0.17,1.70,281099,2858776.83,10.0447,11.3,7.17,-,-,Infinity,-0.9727626459143935,10.01,0,0,-2.63,,20-Jul-2026,-,-0.9727626459143935,-,Infinity,9.91150442477877,-41.98047419804742,https://nsearchives.nseindia.com/today/GROWWRLTYEQN.svg,https://nsearchives.nseindia.com/30d/GROWWRLTY-EQ.svg,,EQ
BBETF0432,Nifty BHARAT Bond Index - April 2032,1356.86,1356.87,1349,1349,-8.42,-0.62,1899,2568435.48,1354.183,1378,1262.29,-,-,5.068033303996319,-0.06815218679625998,1357.42,0,5.72,0.56,19-Aug-2025,20-Jul-2026,-,-0.06815218679625998,-,5.068033303996319,2.1044992743105952,-6.869261421701831,https://nsearchives.nseindia.com/today/BBETF0432EQN.svg,https://nsearchives.nseindia.com/30d/BBETF0432-EQ.svg,https://nsearchives.nseindia.com/365d/BBETF0432-EQ.svg,EQ
FMCGADD,Nifty FMCG Index (TRI),48,48.31,47.81,48.31,0.58,1.22,53421,2565276.42,47.6844,51.09,47.66,-,-,Infinity,-3.418632546981209,47.73,0,0,-4.58,,20-Jul-2026,-,-3.418632546981209,-,Infinity,5.4413779604619315,-1.3638271086865417,https://nsearchives.nseindia.com/today/FMCGADDEQN.svg,https://nsearchives.nseindia.com/30d/FMCGADD-EQ.svg,,EQ
ITADD,DSP Nifty IT ETF,32.64,32.76,32.5,32.5,0.36,1.12,74643,2436347.52,32.2985,41.92,27.17,-,-,Infinity,5.008077544426496,32.14,0,0,3.84,,20-Jul-2026,-,5.008077544426496,-,Infinity,22.471374045801532,-19.617224880382764,https://nsearchives.nseindia.com/today/ITADDEQN.svg,https://nsearchives.nseindia.com/30d/ITADD-EQ.svg,,EQ
CHOICEGOLD,Gold,155,155,152.72,154.59,3.86,2.56,15587,2405229.97,151.1624,175.49,115.79,-,-,Infinity,10.059803502776587,150.73,0,0,7.31,,20-Jul-2026,-,10.059803502776587,-,Infinity,11.909510513419571,-33.50893859573365,https://nsearchives.nseindia.com/today/CHOICEGOLDEQN.svg,https://nsearchives.nseindia.com/30d/CHOICEGOLD-EQ.svg,,EQ
NIFTY100EW,Nifty 100 Equal Weight Index,35.58,35.58,35.44,35.57,0.17,0.48,66588,2361210.48,35.366,41.41,29.84,-,-,7.138554216867462,1.8030910131654339,35.4,0,6.63,1.32,19-Aug-2025,20-Jul-2026,-,1.8030910131654339,-,7.138554216867462,14.10287370200434,-19.20241286863271,https://nsearchives.nseindia.com/today/NIFTY100EWEQN.svg,https://nsearchives.nseindia.com/30d/NIFTY100EW-EQ.svg,https://nsearchives.nseindia.com/365d/NIFTY100EW-EQ.svg,EQ
EBBETF0433,BHARAT Bond ETF-April 2033,1321.36,1322.29,1315.01,1317.96,1.54,0.12,1766,2328471,1315.7111,1345.89,1242.87,-,-,5.62692847124825,0.45886244797780246,1316.42,0,5.5,0.34,19-Aug-2025,20-Jul-2026,-,0.45886244797780246,-,5.62692847124825,2.0752067405211467,-6.041661637983068,https://nsearchives.nseindia.com/today/EBBETF0433EQN.svg,https://nsearchives.nseindia.com/30d/EBBETF0433-EQ.svg,https://nsearchives.nseindia.com/365d/EBBETF0433-EQ.svg,EQ
MOALPHA50,Nifty Alpha 50 Total Return Index,56.78,56.78,55.05,55.21,-0.46,-0.83,41589,2309853.06,55.4495,62,42.1,-,-,7.895251123705294,3.042179917879811,55.67,0,8.79,3.9,19-Aug-2025,20-Jul-2026,-,3.042179917879811,-,7.895251123705294,10.951612903225804,-31.140142517814727,https://nsearchives.nseindia.com/today/MOALPHA50EQN.svg,https://nsearchives.nseindia.com/30d/MOALPHA50-EQ.svg,https://nsearchives.nseindia.com/365d/MOALPHA50-EQ.svg,EQ
HDFCNIFBAN,Nifty Bank,59.08,59.5,59.08,59.35,0.35,0.59,38674,2294141.68,59.0131,65.54,51.2,02-FEB-24,FACE VALUE SPLIT (SUB-DIVISION) - FROM RS 223.31/- PER SHARE TO RS 22.331/- PER SHARE,3.3792022295767374,-0.6029140847429232,59,0,2.77,-1.19,19-Aug-2025,20-Jul-2026,FACE VALUE SPLIT (SUB-DIVISION) - FROM RS 223.31/- PER SHARE TO RS 22.331/- PER SHARE,-0.6029140847429232,02-FEB-24,3.3792022295767374,9.444613976197747,-15.917968749999996,https://nsearchives.nseindia.com/today/HDFCNIFBANEQN.svg,https://nsearchives.nseindia.com/30d/HDFCNIFBAN-EQ.svg,https://nsearchives.nseindia.com/365d/HDFCNIFBAN-EQ.svg,EQ
HEALTHY,Nifty Healthcare TRI,16.85,17.06,16.84,16.86,0,0.00,132274,2240721.56,16.8948,17.67,13.58,-,-,12.250332889480692,-0.5896226415094423,16.86,0,12.25,-0.59,19-Aug-2025,20-Jul-2026,-,-0.5896226415094423,-,12.250332889480692,4.584040747028875,-24.153166421207654,https://nsearchives.nseindia.com/today/HEALTHYEQN.svg,https://nsearchives.nseindia.com/30d/HEALTHY-EQ.svg,https://nsearchives.nseindia.com/365d/HEALTHY-EQ.svg,EQ
SHARIABEES,Shariah,462.23,463.8,457.62,461.4,3.78,0.83,4715,2174746.6,458.9505,534.61,433.68,10-MAR-14,DIVIDEND-RS.2 PER UNIT,-7.301000522361078,0.4790940766550498,457.62,0,-8.06,-0.34,19-Aug-2025,20-Jul-2026,DIVIDEND-RS.2 PER UNIT,0.4790940766550498,10-MAR-14,-7.301000522361078,13.69409476066666,-6.391809629219694,https://nsearchives.nseindia.com/today/SHARIABEESEQN.svg,https://nsearchives.nseindia.com/30d/SHARIABEES-EQ.svg,https://nsearchives.nseindia.com/365d/SHARIABEES-EQ.svg,EQ
MONQ50,Nasdaq Q-50 Total Return Index,148.77,148.77,148.77,148.77,-2.88,-1.90,14093,2096615.61,123.9821,151.65,79.02,-,-,85.52188552188554,5.4209183673469425,151.65,0,89.11,7.46,19-Aug-2025,20-Jul-2026,-,5.4209183673469425,-,85.52188552188554,1.8991097922848634,-88.26879271070618,https://nsearchives.nseindia.com/today/MONQ50EQN.svg,https://nsearchives.nseindia.com/30d/MONQ50-EQ.svg,https://nsearchives.nseindia.com/365d/MONQ50-EQ.svg,EQ
MOMIDMTM,Nifty Midcap 150 Momentum 50 Total Return Index,64.5,65.15,64.18,64.5,0,0.00,32217,2083795.56,64.4508,70,54.78,-,-,2.854409185137935,1.9279393173198465,64.5,0,2.85,1.93,19-Aug-2025,20-Jul-2026,-,1.9279393173198465,-,2.854409185137935,7.857142857142857,-17.743702081051477,https://nsearchives.nseindia.com/today/MOMIDMTMEQN.svg,https://nsearchives.nseindia.com/30d/MOMIDMTM-EQ.svg,https://nsearchives.nseindia.com/365d/MOMIDMTM-EQ.svg,EQ
HDFCVALUE,HDFC NIFTY50 Value 20 ETF,125.47,125.96,125.47,125.49,0.52,0.42,16160,2034220.8,125.1114,147.05,120,-,-,-5.176061659362255,-1.82287591926146,124.97,0,-5.57,-2.23,19-Aug-2025,20-Jul-2026,-,-1.82287591926146,-,-5.176061659362255,14.661679700782058,-4.574999999999997,https://nsearchives.nseindia.com/today/HDFCVALUEEQN.svg,https://nsearchives.nseindia.com/30d/HDFCVALUE-EQ.svg,https://nsearchives.nseindia.com/365d/HDFCVALUE-EQ.svg,EQ
SBIETFPB,Nifty Private Bank Index,280.95,281.16,279.01,279.01,0.19,0.07,7243,2033834.4,278.3916,304.58,244.18,-,-,1.193239518351938,-2.0054790671537073,278.82,0,1.12,-2.07,19-Aug-2025,20-Jul-2026,-,-2.0054790671537073,-,1.193239518351938,8.395167115371985,-14.264067491195012,https://nsearchives.nseindia.com/today/SBIETFPBEQN.svg,https://nsearchives.nseindia.com/30d/SBIETFPB-EQ.svg,https://nsearchives.nseindia.com/365d/SBIETFPB-EQ.svg,EQ
MOTOUR,Nifty India Tourism Total Return Index,80.1,80.48,79.24,79.57,0.13,0.16,25088,2005032.96,79.6428,95.9,64,-,-,-14.154709245873347,0.6069035276267414,79.44,0,-14.29,0.44,19-Aug-2025,20-Jul-2026,-,0.6069035276267414,-,-14.154709245873347,17.028154327424414,-24.32812499999999,https://nsearchives.nseindia.com/today/MOTOUREQN.svg,https://nsearchives.nseindia.com/30d/MOTOUR-EQ.svg,https://nsearchives.nseindia.com/365d/MOTOUR-EQ.svg,EQ
MULTICAP,Nifty500 Multicap 50:25:25 Index,16.87,16.93,16.86,16.89,0.13,0.78,118559,2003647.1,16.7962,17.5,14.2,-,-,4.582043343653264,1.198322348711799,16.76,0,3.78,0.42,19-Aug-2025,20-Jul-2026,-,1.198322348711799,-,4.582043343653264,3.4857142857142827,-18.943661971830995,https://nsearchives.nseindia.com/today/MULTICAPEQN.svg,https://nsearchives.nseindia.com/30d/MULTICAP-EQ.svg,https://nsearchives.nseindia.com/365d/MULTICAP-EQ.svg,EQ
MNC,Kotak Nifty MNC ETF,34.39,34.39,34.19,34.38,0.29,0.85,53788,1846542.04,34.1233,35.65,27.83,-,-,14.714714714714727,2.749551703526604,34.09,0,13.75,1.88,19-Aug-2025,20-Jul-2026,-,2.749551703526604,-,14.714714714714727,3.562412342215978,-23.53575278476466,https://nsearchives.nseindia.com/today/MNCEQN.svg,https://nsearchives.nseindia.com/30d/MNC-EQ.svg,https://nsearchives.nseindia.com/365d/MNC-EQ.svg,EQ
HDFCGROWTH,HDFC NIFTY Growth Sectors 15 ETF,121.55,121.55,120.78,120.78,0.34,0.28,15223,1845484.29,120.7389,133.3,107.86,-,-,0.14925373134328926,3.8878376053672765,120.44,0,-0.13,3.6,19-Aug-2025,20-Jul-2026,-,3.8878376053672765,-,0.14925373134328926,9.39234808702176,-11.978490636009644,https://nsearchives.nseindia.com/today/HDFCGROWTHEQN.svg,https://nsearchives.nseindia.com/30d/HDFCGROWTH-EQ.svg,https://nsearchives.nseindia.com/365d/HDFCGROWTH-EQ.svg,EQ
VALUEAXIS,Nifty500 Value 50 TRI,33.41,33.41,32.5,32.5,-0.1,-0.31,56022,1831359.18,32.6799,39,22.84,-,-,Infinity,-1.2758201701093612,32.6,0,0,-0.97,,20-Jul-2026,-,-1.2758201701093612,-,Infinity,16.666666666666668,-42.294220665499125,https://nsearchives.nseindia.com/today/VALUEAXISEQN.svg,https://nsearchives.nseindia.com/30d/VALUEAXIS-EQ.svg,,EQ
AONENIFTY,Nifty 50 Index,10.19,10.19,9.95,10.03,0.08,0.80,182095,1822770.95,9.9519,12,9,-,-,-1.570166830225713,0.4004004004003919,9.95,0,-2.36,-0.4,19-Aug-2025,20-Jul-2026,-,0.4004004004003919,-,-1.570166830225713,16.41666666666667,-11.444444444444438,https://nsearchives.nseindia.com/today/AONENIFTYEQN.svg,https://nsearchives.nseindia.com/30d/AONENIFTY-EQ.svg,https://nsearchives.nseindia.com/365d/AONENIFTY-EQ.svg,EQ
EQUAL50ADD,NIFTY 50 Equal Weight Index,346.52,351,345.5,345.6,0.16,0.05,5223,1809873.96,344.0419,361,304.78,-,-,5.266364107093912,0.5996390522209938,345.44,0,5.22,0.55,19-Aug-2025,20-Jul-2026,-,0.5996390522209938,-,5.266364107093912,4.265927977839329,-13.39326727475558,https://nsearchives.nseindia.com/today/EQUAL50ADDEQN.svg,https://nsearchives.nseindia.com/30d/EQUAL50ADD-EQ.svg,https://nsearchives.nseindia.com/365d/EQUAL50ADD-EQ.svg,EQ
BSE500IETF,S&P BSE 500 index,39.64,39.95,39.64,39.88,0.24,0.61,44778,1785746.64,39.5644,42.05,34.5,28-OCT-21, FACE VALUE SPLIT (SUB-DIVISION) - FROM RS 10/- PER SHARE TO RE 1/- PER SHARE,2.6248069994853402,1.192590713017016,39.64,0,2.01,0.58,19-Aug-2025,20-Jul-2026, FACE VALUE SPLIT (SUB-DIVISION) - FROM RS 10/- PER SHARE TO RE 1/- PER SHARE,1.192590713017016,28-OCT-21,2.6248069994853402,5.160523186682508,-15.594202898550732,https://nsearchives.nseindia.com/today/BSE500IETFEQN.svg,https://nsearchives.nseindia.com/30d/BSE500IETF-EQ.svg,https://nsearchives.nseindia.com/365d/BSE500IETF-EQ.svg,EQ
GROWWSC250,Nifty Smallcap 250 Index - TRI,10.81,10.81,10.54,10.64,0.07,0.66,163951,1742799.13,10.5286,10.97,8,-,-,Infinity,2.1113243761996223,10.57,0,0,1.44,,20-Jul-2026,-,2.1113243761996223,-,Infinity,3.0082041932543304,-33.00000000000001,https://nsearchives.nseindia.com/today/GROWWSC250EQN.svg,https://nsearchives.nseindia.com/30d/GROWWSC250-EQ.svg,,EQ
EMULTIMQ,Nifty500 Multicap Momentum Quality 50 Total Return Index,41.82,42.31,41.55,41.56,-0.26,-0.62,40709,1713441.81,41.8237,43.54,36.25,-,-,0.8982762806506545,0.8493084202863417,41.82,0,1.53,1.48,19-Aug-2025,20-Jul-2026,-,0.8493084202863417,-,0.8982762806506545,4.547542489664669,-14.648275862068973,https://nsearchives.nseindia.com/today/EMULTIMQEQN.svg,https://nsearchives.nseindia.com/30d/EMULTIMQ-EQ.svg,https://nsearchives.nseindia.com/365d/EMULTIMQ-EQ.svg,EQ
TOP20,Nifty Top 20 Equal Weight,9.01,9.04,9,9.02,0.08,0.89,186126,1678856.52,8.944,9.99,8,-,-,Infinity,2.2675736961451167,8.94,0,0,1.36,,20-Jul-2026,-,2.2675736961451167,-,Infinity,9.709709709709715,-12.749999999999995,https://nsearchives.nseindia.com/today/TOP20EQN.svg,https://nsearchives.nseindia.com/30d/TOP20-EQ.svg,,EQ
ECAPINSURE,BSE Capital Markets & Insurance Total Return Index,23.88,24.2,23.87,24.08,0.28,1.18,69682,1676548.92,23.8174,25.88,20.5,-,-,1.6891891891891833,-0.24855012427507156,23.8,0,0.51,-1.41,19-Aug-2025,20-Jul-2026,-,-0.24855012427507156,-,1.6891891891891833,6.955177743431223,-17.463414634146332,https://nsearchives.nseindia.com/today/ECAPINSUREEQN.svg,https://nsearchives.nseindia.com/30d/ECAPINSURE-EQ.svg,https://nsearchives.nseindia.com/365d/ECAPINSURE-EQ.svg,EQ
INTERNET,Equity Index,14.15,14.55,14.15,14.48,0.16,1.12,114609,1658392.23,14.3228,15.2,10.72,-,-,-1.0252904989747118,7.818317200297846,14.32,0,-2.12,6.63,19-Aug-2025,20-Jul-2026,-,7.818317200297846,-,-1.0252904989747118,4.73684210526315,-35.07462686567164,https://nsearchives.nseindia.com/today/INTERNETEQN.svg,https://nsearchives.nseindia.com/30d/INTERNET-EQ.svg,https://nsearchives.nseindia.com/365d/INTERNET-EQ.svg,EQ
LTGILTCASE,Nifty 8-13 Yr G-Sec Index,30.7,30.7,30.48,30.49,-0.09,-0.29,51519,1573905.45,30.5843,31.31,28.71,-,-,Infinity,0.06563833278634583,30.58,0,0,0.36,,20-Jul-2026,-,0.06563833278634583,-,Infinity,2.6189715745768134,-6.199930337861364,https://nsearchives.nseindia.com/today/LTGILTCASEEQN.svg,https://nsearchives.nseindia.com/30d/LTGILTCASE-EQ.svg,,EQ
MOIPO,BSE Select IPO Total Return Index,48.82,51.01,48.64,48.98,0.52,1.07,31790,1567882.8,48.329,53,36.5,-,-,Infinity,5.129856192315933,48.46,0,0,4.01,,20-Jul-2026,-,5.129856192315933,-,Infinity,7.584905660377365,-34.1917808219178,https://nsearchives.nseindia.com/today/MOIPOEQN.svg,https://nsearchives.nseindia.com/30d/MOIPO-EQ.svg,,EQ
SBIETFIT,Nifty IT Index,338.01,343.46,338.01,340.2,3.46,1.03,4393,1499594.48,337.7032,439.27,285,-,-,-10.209037162162165,5.191552518474989,336.74,0,-11.12,4.12,19-Aug-2025,20-Jul-2026,-,5.191552518474989,-,-10.209037162162165,22.55332711088852,-19.368421052631575,https://nsearchives.nseindia.com/today/SBIETFITEQN.svg,https://nsearchives.nseindia.com/30d/SBIETFIT-EQ.svg,https://nsearchives.nseindia.com/365d/SBIETFIT-EQ.svg,EQ
ABSLLIQUID,Aditya Birla Sun Life CRISIL Overnight Fund AI ETF,1000,1000.01,999.99,999.99,0,0.00,1484,1483985.16,1000,1044.99,999.56,-,-,-0.001999980000198179,-0.0009999999999990906,999.99,0,0,0,19-Aug-2025,20-Jul-2026,-,-0.0009999999999990906,-,-0.001999980000198179,4.306261303935923,-0.043018928328470894,https://nsearchives.nseindia.com/today/ABSLLIQUIDEQN.svg,https://nsearchives.nseindia.com/30d/ABSLLIQUID-EQ.svg,https://nsearchives.nseindia.com/365d/ABSLLIQUID-EQ.svg,EQ
LIQUIDSBI,SBI NIFTY 1D Rate ETF,1000,1000.01,999.99,1000.01,0.01,0.00,1479,1479000,1000,1010.02,970.23,-,-,0.002000020000198183,0,1000,0,0,0,19-Aug-2025,20-Jul-2026,-,0,-,0.002000020000198183,0.9910694837725976,-3.0693753027632593,https://nsearchives.nseindia.com/today/LIQUIDSBIEQN.svg,https://nsearchives.nseindia.com/30d/LIQUIDSBI-EQ.svg,https://nsearchives.nseindia.com/365d/LIQUIDSBI-EQ.svg,EQ
IVZINNIFTY,Nifty 50,278.18,278.86,277.92,278.49,2.42,0.88,4991,1390193.14,276.3744,315,251.1,31-JUL-26,FACE VALUE SPLIT (SUB-DIVISION) - FROM RS 10/- PER SHARE TO RE 1/- PER SHARE,-90.23294474138294,-89.9728158136353,276.07,0,-90.32,-90.06,19-Aug-2025,20-Jul-2026,FACE VALUE SPLIT (SUB-DIVISION) - FROM RS 10/- PER SHARE TO RE 1/- PER SHARE,-89.9728158136353,31-JUL-26,-90.23294474138294,11.590476190476188,-10.908004778972527,https://nsearchives.nseindia.com/today/IVZINNIFTYEQN.svg,https://nsearchives.nseindia.com/30d/IVZINNIFTY-EQ.svg,https://nsearchives.nseindia.com/365d/IVZINNIFTY-EQ.svg,EQ
NIF100IETF,Nifty 100,28.92,28.92,28.25,28.39,0.17,0.60,47778,1353550.74,28.1954,30.88,23,10-MAY-24,FACE VALUE SPLIT (SUB-DIVISION) - FROM RS 10/- PER SHARE TO RE 1/- PER SHARE,-0.0703977472720858,0.5667729365922782,28.22,0,-0.67,-0.04,19-Aug-2025,20-Jul-2026,FACE VALUE SPLIT (SUB-DIVISION) - FROM RS 10/- PER SHARE TO RE 1/- PER SHARE,0.5667729365922782,10-MAY-24,-0.0703977472720858,8.063471502590668,-23.434782608695652,https://nsearchives.nseindia.com/today/NIF100IETFEQN.svg,https://nsearchives.nseindia.com/30d/NIF100IETF-EQ.svg,https://nsearchives.nseindia.com/365d/NIF100IETF-EQ.svg,EQ
ABSLPSE,Aditya Birla Sun Life Nifty PSE ETF,10.1,10.29,10.1,10.18,0.05,0.49,126249,1280164.86,10.1435,11.6,9.21,-,-,4.196519959058343,-1.926782273603093,10.13,0,3.68,-2.41,19-Aug-2025,20-Jul-2026,-,-1.926782273603093,-,4.196519959058343,12.241379310344827,-10.532030401737229,https://nsearchives.nseindia.com/today/ABSLPSEEQN.svg,https://nsearchives.nseindia.com/30d/ABSLPSE-EQ.svg,https://nsearchives.nseindia.com/365d/ABSLPSE-EQ.svg,EQ
BANKPSU,Nifty PSU Bank Total Return Index,87.19,87.51,86.86,86.86,0.1,0.12,14336,1247948.8,86.9518,99.52,67.59,-,-,21.465529296601865,0.011514104778359374,86.76,0,21.33,-0.1,19-Aug-2025,20-Jul-2026,-,0.011514104778359374,-,21.465529296601865,12.721061093247584,-28.51013463530107,https://nsearchives.nseindia.com/today/BANKPSUEQN.svg,https://nsearchives.nseindia.com/30d/BANKPSU-EQ.svg,https://nsearchives.nseindia.com/365d/BANKPSU-EQ.svg,EQ
BANKBETA,Nifty Bank,59.6,59.75,59.47,59.48,0.25,0.42,20815,1240782.15,59.2973,73.7,51.3,17-FEB-21, FACE VALUE SPLIT (SUB-DIVISION) - FROM RS 10/- PER UNIT TO RE 1/- PER UNIT,Infinity,-0.8336112037345782,59.23,0,0,-1.25,,20-Jul-2026, FACE VALUE SPLIT (SUB-DIVISION) - FROM RS 10/- PER UNIT TO RE 1/- PER UNIT,-0.8336112037345782,17-FEB-21,Infinity,19.294436906377214,-15.94541910331384,https://nsearchives.nseindia.com/today/BANKBETAEQN.svg,https://nsearchives.nseindia.com/30d/BANKBETA-EQ.svg,,EQ
AONETOTAL,Nifty Total Market Index,11.68,12.15,11.68,11.97,0.05,0.42,102165,1227001.65,11.9598,12.51,9.6,-,-,2.658662092624361,0.7575757575757563,11.92,0,2.23,0.34,19-Aug-2025,20-Jul-2026,-,0.7575757575757563,-,2.658662092624361,4.316546762589922,-24.687500000000014,https://nsearchives.nseindia.com/today/AONETOTALEQN.svg,https://nsearchives.nseindia.com/30d/AONETOTAL-EQ.svg,https://nsearchives.nseindia.com/365d/AONETOTAL-EQ.svg,EQ
QNIFTY,Nifty 50,267.4,267.8,265.8,267.1,1.9,0.72,4258,1135778.92,265.2632,291.19,243.2,13-FEB-26,FACE VALUE SPLIT (SUB-DIVISION) - FROM RS 10/- PER UNIT TO RE 1/- PER UNIT,-90.21712058836457,0.14998125234346987,265.2,0,-90.29,-0.56,19-Aug-2025,20-Jul-2026,FACE VALUE SPLIT (SUB-DIVISION) - FROM RS 10/- PER UNIT TO RE 1/- PER UNIT,0.14998125234346987,13-FEB-26,-90.21712058836457,8.2729489336859,-9.827302631578963,https://nsearchives.nseindia.com/today/QNIFTYEQN.svg,https://nsearchives.nseindia.com/30d/QNIFTY-EQ.svg,https://nsearchives.nseindia.com/365d/QNIFTY-EQ.svg,EQ
PSUBANKADD,DSP Nifty PSU Bank ETF,88.64,88.64,86.74,86.75,-0.15,-0.17,12393,1082280.69,87.1736,99.88,67.8,-,-,20.855391473948174,-0.32172813972193626,86.9,0,21.06,-0.15,19-Aug-2025,20-Jul-2026,-,-0.32172813972193626,-,20.855391473948174,13.145774929915895,-27.949852507374636,https://nsearchives.nseindia.com/today/PSUBANKADDEQN.svg,https://nsearchives.nseindia.com/30d/PSUBANKADD-EQ.svg,https://nsearchives.nseindia.com/365d/PSUBANKADD-EQ.svg,EQ
ESG,NIFTY100 ESG SECTOR LEADERS,41.78,41.84,41.69,41.81,0.28,0.67,25425,1061239.5,41.523,45.06,37.52,-,-,-2.290254732414108,0.23975065931431652,41.53,0,-2.94,-0.43,19-Aug-2025,20-Jul-2026,-,0.23975065931431652,-,-2.290254732414108,7.212605415002219,-11.433901918976542,https://nsearchives.nseindia.com/today/ESGEQN.svg,https://nsearchives.nseindia.com/30d/ESG-EQ.svg,https://nsearchives.nseindia.com/365d/ESG-EQ.svg,EQ
BBNPPGOLD,Baroda BNP Paribas Gold ETF,151,151.95,149.05,150.3,3.35,2.28,6988,1054209.68,147.4004,184.05,94.5,-,-,55.75129533678757,9.948792977322622,146.95,0,52.28,7.5,19-Aug-2025,20-Jul-2026,-,9.948792977322622,-,55.75129533678757,18.337408312958434,-59.04761904761906,https://nsearchives.nseindia.com/today/BBNPPGOLDEQN.svg,https://nsearchives.nseindia.com/30d/BBNPPGOLD-EQ.svg,https://nsearchives.nseindia.com/365d/BBNPPGOLD-EQ.svg,EQ
MOM50,Nifty 50,251.75,254.99,251.75,254.95,2.7,1.07,3924,997166.88,252.3183,279.33,231.11,16-OCT-14,FACE VALUE SPLIT FROM RS.10/- TO RS.7/-,-1.4838285868851313,0.5561252662301793,252.25,0,-2.53,-0.51,19-Aug-2025,20-Jul-2026,FACE VALUE SPLIT FROM RS.10/- TO RS.7/-,0.5561252662301793,16-OCT-14,-1.4838285868851313,8.728027780761106,-10.3154342088183,https://nsearchives.nseindia.com/today/MOM50EQN.svg,https://nsearchives.nseindia.com/30d/MOM50-EQ.svg,https://nsearchives.nseindia.com/365d/MOM50-EQ.svg,EQ
LICNETFGSC,GSEC10 NSE Index,30.53,30.53,29.41,29.53,-0.26,-0.87,31178,921621.68,29.556,30.53,27.42,-,-,4.7534586732884,0.442176870748308,29.79,0,5.68,1.33,19-Aug-2025,20-Jul-2026,-,0.442176870748308,-,4.7534586732884,3.2754667540124465,-7.695113056163382,https://nsearchives.nseindia.com/today/LICNETFGSCEQN.svg,https://nsearchives.nseindia.com/30d/LICNETFGSC-EQ.svg,https://nsearchives.nseindia.com/365d/LICNETFGSC-EQ.svg,EQ
SBIBPB,BSE PSU Bank Index TRI,49.85,50.33,49.76,50.21,0.36,0.72,18245,914986.75,49.8411,58.27,38.53,-,-,21.33881101981633,0.9449135504624022,49.85,0,20.47,0.22,19-Aug-2025,20-Jul-2026,-,0.9449135504624022,-,21.33881101981633,13.832160631542822,-30.314041007007525,https://nsearchives.nseindia.com/today/SBIBPBEQN.svg,https://nsearchives.nseindia.com/30d/SBIBPB-EQ.svg,https://nsearchives.nseindia.com/365d/SBIBPB-EQ.svg,EQ
CEMNTGROWW,Nifty Cements Index TRI,14.93,15.19,14.83,14.95,0.06,0.40,61089,909615.21,14.8446,16.27,14.5,-,-,Infinity,Infinity,14.89,0,0,0,,,-,Infinity,-,Infinity,8.113091579594347,-3.103448275862064,https://nsearchives.nseindia.com/today/CEMNTGROWWEQN.svg,,,EQ
SENSEXETF,Mirae Asset S&P BSE Sensex ETF,79,80.2,77.92,79.89,0.38,0.48,11340,907086.6,79.4348,88.7,73.33,-,-,-4.392053614169461,-0.2995132909022774,79.51,0,-4.85,-0.77,19-Aug-2025,20-Jul-2026,-,-0.2995132909022774,-,-4.392053614169461,9.932356257046225,-8.94586117550798,https://nsearchives.nseindia.com/today/SENSEXETFEQN.svg,https://nsearchives.nseindia.com/30d/SENSEXETF-EQ.svg,https://nsearchives.nseindia.com/365d/SENSEXETF-EQ.svg,EQ
MOHEALTH,Motilal Oswal S&P BSE Healthcare ETF,52.25,52.25,51.25,51.63,0.38,0.74,17510,902815.6,51.3569,53,40.79,-,-,14.352159468438549,0.7218103784627479,51.25,0,13.51,-0.02,19-Aug-2025,20-Jul-2026,-,0.7218103784627479,-,14.352159468438549,2.5849056603773537,-26.575140965923033,https://nsearchives.nseindia.com/today/MOHEALTHEQN.svg,https://nsearchives.nseindia.com/30d/MOHEALTH-EQ.svg,https://nsearchives.nseindia.com/365d/MOHEALTH-EQ.svg,EQ
ITAXIS,NIFTY IT Index,339.33,341.55,335,335.01,-0.04,-0.01,2617,885409.61,335.5892,439.67,230.7,-,-,Infinity,4.027450006210399,335.05,0,0,4.04,,20-Jul-2026,-,4.027450006210399,-,Infinity,23.804216798962862,-45.21456436931079,https://nsearchives.nseindia.com/today/ITAXISEQN.svg,https://nsearchives.nseindia.com/30d/ITAXIS-EQ.svg,,EQ
MIDCAPBETA,UTI Nifty Midcap 150 Exchange Traded Fund (ETF),236.29,237.73,236.02,236.02,0.02,0.01,3740,885108.4,235.6114,239.9,192.5,-,-,Infinity,1.4223711916118784,236,0,0,1.41,,20-Jul-2026,-,1.4223711916118784,-,Infinity,1.6173405585660672,-22.60779220779221,https://nsearchives.nseindia.com/today/MIDCAPBETAEQN.svg,https://nsearchives.nseindia.com/30d/MIDCAPBETA-EQ.svg,,EQ
NIFTYQLITY,Aditya Birla Sun Life Nifty 200 Quality 30 ETF,21.57,21.84,21.52,21.59,0.07,0.33,39517,855147.88,21.5171,23.03,18.95,-,-,1.456766917293227,2.032136105860112,21.52,0,1.13,1.7,19-Aug-2025,20-Jul-2026,-,2.032136105860112,-,1.456766917293227,6.252713851498051,-13.931398416886546,https://nsearchives.nseindia.com/today/NIFTYQLITYEQN.svg,https://nsearchives.nseindia.com/30d/NIFTYQLITY-EQ.svg,https://nsearchives.nseindia.com/365d/NIFTYQLITY-EQ.svg,EQ
SBINMID150,Nifty Midcap 150 Index,23.53,23.6,23.42,23.57,0.19,0.81,35609,837523.68,23.3631,24.06,19.81,-,-,Infinity,1.6386373436826174,23.38,0,0,0.82,,20-Jul-2026,-,1.6386373436826174,-,Infinity,2.036575228595172,-18.980312973245844,https://nsearchives.nseindia.com/today/SBINMID150EQN.svg,https://nsearchives.nseindia.com/30d/SBINMID150-EQ.svg,,EQ
HDFCNIF100,HDFC NIFTY 100 ETF,25.39,26.32,25.39,26.3,0.25,0.96,29305,768963.2,26.1249,29,22,20-OCT-23,FACE VALUE SPLIT (SUB-DIVISION) - FROM RS 177.27/- PER SHARE TO RS 17.727/- PER SHARE,0.07610350076103338,0.6891271056661551,26.05,0,-0.88,-0.27,19-Aug-2025,20-Jul-2026,FACE VALUE SPLIT (SUB-DIVISION) - FROM RS 177.27/- PER SHARE TO RS 17.727/- PER SHARE,0.6891271056661551,20-OCT-23,0.07610350076103338,9.310344827586205,-19.545454545454547,https://nsearchives.nseindia.com/today/HDFCNIF100EQN.svg,https://nsearchives.nseindia.com/30d/HDFCNIF100-EQ.svg,https://nsearchives.nseindia.com/365d/HDFCNIF100-EQ.svg,EQ
CONSUMIETF,Nifty India Consumption Index,124.84,125.32,124.66,124.66,0.57,0.46,6130,766372.6,124.4178,141.27,94.65,-,-,-0.7484076433121001,2.533311399901298,124.09,0,-1.2,2.06,19-Aug-2025,20-Jul-2026,-,2.533311399901298,-,-0.7484076433121001,11.757627238621088,-31.706286318013724,https://nsearchives.nseindia.com/today/CONSUMIETFEQN.svg,https://nsearchives.nseindia.com/30d/CONSUMIETF-EQ.svg,https://nsearchives.nseindia.com/365d/CONSUMIETF-EQ.svg,EQ
PVTBANKADD,DSP Nifty Private Bank ETF,27.76,27.99,27.76,27.95,0.19,0.68,26859,750171.87,27.6754,31.88,24.02,-,-,2.306002928257683,-0.9216589861751208,27.76,0,1.61,-1.6,19-Aug-2025,20-Jul-2026,-,-0.9216589861751208,-,2.306002928257683,12.327478042659976,-16.36136552872606,https://nsearchives.nseindia.com/today/PVTBANKADDEQN.svg,https://nsearchives.nseindia.com/30d/PVTBANKADD-EQ.svg,https://nsearchives.nseindia.com/365d/PVTBANKADD-EQ.svg,EQ
QUAL30IETF,ICICI Prudential Nifty 200 Quality 30 ETF,21.53,21.65,21.32,21.32,0.05,0.24,34877,746716.57,21.3018,23,18,10-MAY-24,FACE VALUE SPLIT (SUB-DIVISION) - FROM RS 10/- PER SHARE TO RE 1/- PER SHARE,1.0426540284360135,1.8147086914995176,21.27,0,0.81,1.58,19-Aug-2025,20-Jul-2026,FACE VALUE SPLIT (SUB-DIVISION) - FROM RS 10/- PER SHARE TO RE 1/- PER SHARE,1.8147086914995176,10-MAY-24,1.0426540284360135,7.304347826086955,-18.444444444444443,https://nsearchives.nseindia.com/today/QUAL30IETFEQN.svg,https://nsearchives.nseindia.com/30d/QUAL30IETF-EQ.svg,https://nsearchives.nseindia.com/365d/QUAL30IETF-EQ.svg,EQ
SELECTIPO,BSE Select IPO Index,48.4,49.01,48.4,48.8,0.48,0.99,14787,721901.34,48.31,52.07,37.8,-,-,-1.7713365539452548,4.856037816931668,48.32,0,-2.74,3.82,19-Aug-2025,20-Jul-2026,-,4.856037816931668,-,-1.7713365539452548,6.28000768196659,-29.1005291005291,https://nsearchives.nseindia.com/today/SELECTIPOEQN.svg,https://nsearchives.nseindia.com/30d/SELECTIPO-EQ.svg,https://nsearchives.nseindia.com/365d/SELECTIPO-EQ.svg,EQ
NIFTYADD,Nifty 50 Index,255.5,256.08,254.94,255.23,1.16,0.46,2616,668388,253.8914,300,232.64,-,-,Infinity,0.09804690563965801,254.07,0,0,-0.36,,20-Jul-2026,-,0.09804690563965801,-,Infinity,14.923333333333336,-9.710281980742781,https://nsearchives.nseindia.com/today/NIFTYADDEQN.svg,https://nsearchives.nseindia.com/30d/NIFTYADD-EQ.svg,,EQ
TECH,Nifty IT TRI Index,34.29,34.29,33.41,33.85,-0.31,-0.91,19738,665170.6,33.3454,49.41,28,-,-,-8.784694152519531,5.880512980919621,34.16,0,-7.95,6.85,19-Aug-2025,20-Jul-2026,-,5.880512980919621,-,-8.784694152519531,31.491600890507986,-20.892857142857146,https://nsearchives.nseindia.com/today/TECHEQN.svg,https://nsearchives.nseindia.com/30d/TECH-EQ.svg,https://nsearchives.nseindia.com/365d/TECH-EQ.svg,EQ
VALUE,Nifty 500 Value 50,16.06,16.15,16.05,16.08,0.03,0.19,39031,628399.1,16.051,19.69,14.83,-,-,Infinity,-0.7407407407407469,16.05,0,0,-0.93,,20-Jul-2026,-,-0.7407407407407469,-,Infinity,18.334179786693767,-8.428860418071466,https://nsearchives.nseindia.com/today/VALUEEQN.svg,https://nsearchives.nseindia.com/30d/VALUE-EQ.svg,,EQ
MID150,Nifty Midcap 150 Index,23.9,23.9,23.66,23.81,0.11,0.46,25358,604027.56,,24.95,18.97,-,-,7.445848375451257,1.3622818220519384,23.7,0,6.95,0.89,19-Aug-2025,20-Jul-2026,-,1.3622818220519384,-,7.445848375451257,4.569138276553109,-25.51396942540854,https://nsearchives.nseindia.com/today/MID150EQN.svg,https://nsearchives.nseindia.com/30d/MID150-EQ.svg,https://nsearchives.nseindia.com/365d/MID150-EQ.svg,EQ
NEXT50ETF,Nifty Next 50 Index,74.75,75.07,74.32,75,0.4,0.54,7788,583554.84,74.474,78,60.15,-,-,Infinity,2.9654036243822026,74.6,0,0,2.42,,20-Jul-2026,-,2.9654036243822026,-,Infinity,3.8461538461538463,-24.68827930174564,https://nsearchives.nseindia.com/today/NEXT50ETFEQN.svg,https://nsearchives.nseindia.com/30d/NEXT50ETF-EQ.svg,,EQ
FLEXIADD,Nifty500 Flexicap Quality 30 TRI,10.29,10.33,10.21,10.21,0.03,0.29,56593,581776.04,10.218,11.9,8.73,-,-,Infinity,2.407221664994987,10.18,0,0,2.11,,20-Jul-2026,-,2.407221664994987,-,Infinity,14.201680672268902,-16.953035509736548,https://nsearchives.nseindia.com/today/FLEXIADDEQN.svg,https://nsearchives.nseindia.com/30d/FLEXIADD-EQ.svg,,EQ
HDFCLOWVOL,HDFC NIFTY100 Low Volatility 30 ETF,20.87,20.88,20.79,20.86,0.09,0.43,27790,578032,20.7512,22.28,18.35,20-OCT-23,FACE VALUE SPLIT (SUB-DIVISION) - FROM RS 126.18/- PER SHARE TO RS 12.618/- PER SHARE,0.09596928982725324,0.919206579583927,20.77,0,-0.34,0.48,19-Aug-2025,20-Jul-2026,FACE VALUE SPLIT (SUB-DIVISION) - FROM RS 126.18/- PER SHARE TO RS 12.618/- PER SHARE,0.919206579583927,20-OCT-23,0.09596928982725324,6.373429084380618,-13.678474114441405,https://nsearchives.nseindia.com/today/HDFCLOWVOLEQN.svg,https://nsearchives.nseindia.com/30d/HDFCLOWVOL-EQ.svg,https://nsearchives.nseindia.com/365d/HDFCLOWVOL-EQ.svg,EQ
IDFNIFTYET,Nifty 50,271.89,271.89,267.04,270,1.25,0.47,2056,550576.24,266.2638,340.8,244.32,-,-,-1.0626603151337404,0.746268656716418,268.75,0,-1.52,0.28,19-Aug-2025,20-Jul-2026,-,0.746268656716418,-,-1.0626603151337404,20.774647887323944,-10.510805500982322,https://nsearchives.nseindia.com/today/IDFNIFTYETEQN.svg,https://nsearchives.nseindia.com/30d/IDFNIFTYET-EQ.svg,https://nsearchives.nseindia.com/365d/IDFNIFTYET-EQ.svg,EQ
SETF10GILT,Nifty 10 yr Benchmark G-Sec Index,258.76,266.36,258.76,265.2,-0.2,-0.08,1967,521373.02,265.5622,272.31,250.37,-,-,3.553299492385773,0.5573882379706405,265.4,0,3.63,0.63,19-Aug-2025,20-Jul-2026,-,0.5573882379706405,-,3.553299492385773,2.610994822077784,-5.923233614250902,https://nsearchives.nseindia.com/today/SETF10GILTEQN.svg,https://nsearchives.nseindia.com/30d/SETF10GILT-EQ.svg,https://nsearchives.nseindia.com/365d/SETF10GILT-EQ.svg,EQ
SBINEQWETF,Nifty50 Equal Weight,33.99,34.12,33.52,33.69,0.24,0.72,15445,519260.9,33.4675,36.4,29.64,-,-,5.479023168440816,0.8078994614003471,33.45,0,4.73,0.09,19-Aug-2025,20-Jul-2026,-,0.8078994614003471,-,5.479023168440816,7.445054945054949,-13.663967611336023,https://nsearchives.nseindia.com/today/SBINEQWETFEQN.svg,https://nsearchives.nseindia.com/30d/SBINEQWETF-EQ.svg,https://nsearchives.nseindia.com/365d/SBINEQWETF-EQ.svg,EQ
NETF,Tata Nifty 50 Exchange Traded Fund,264.28,265,261.01,265,2.82,1.08,1880,496000.4,262.2941,292.9,240.66,-,-,-1.3549731983323356,0.6303637882585347,262.18,0,-2.4,-0.44,19-Aug-2025,20-Jul-2026,-,0.6303637882585347,-,-1.3549731983323356,9.525435302150898,-10.113853569350953,https://nsearchives.nseindia.com/today/NETFEQN.svg,https://nsearchives.nseindia.com/30d/NETF-EQ.svg,https://nsearchives.nseindia.com/365d/NETF-EQ.svg,EQ
SMALLGROWW,Nifty Smallcap 250 Momentum Quality 100 Index TRI,49,49.13,48.51,48.8,0.04,0.08,9490,462922.2,48.6106,49.8,45,-,-,Infinity,2.4994749002310392,48.76,0,0,2.42,,20-Jul-2026,-,2.4994749002310392,-,Infinity,2.0080321285140563,-8.444444444444438,https://nsearchives.nseindia.com/today/SMALLGROWWEQN.svg,https://nsearchives.nseindia.com/30d/SMALLGROWW-EQ.svg,,EQ
SBIVALETF,Nifty200 Value 30 Index,15.03,15.03,14.72,15,-0.03,-0.20,31246,461190.96,14.735,17.7,14.43,-,-,Infinity,-0.3322259136212672,15.03,0,0,-0.13,,20-Jul-2026,-,-0.3322259136212672,-,Infinity,15.25423728813559,-3.9501039501039523,https://nsearchives.nseindia.com/today/SBIVALETFEQN.svg,https://nsearchives.nseindia.com/30d/SBIVALETF-EQ.svg,,EQ
TOP15IETF,Nifty Top 15 Equal Weight Index,9.98,9.99,9.91,9.91,0.02,0.20,45536,453538.56,9.8845,11.36,9.15,-,-,-3.505355404089576,0.20222446916076414,9.89,0,-3.7,0,19-Aug-2025,20-Jul-2026,-,0.20222446916076414,-,-3.505355404089576,12.764084507042249,-8.306010928961745,https://nsearchives.nseindia.com/today/TOP15IETFEQN.svg,https://nsearchives.nseindia.com/30d/TOP15IETF-EQ.svg,https://nsearchives.nseindia.com/365d/TOP15IETF-EQ.svg,EQ
MSCIINDIA,MSCI India Index,30.24,30.24,30.08,30.14,0.16,0.53,15012,453062.16,29.994,32.14,26.5,-,-,1.2088650100738731,0.7689735874289549,29.98,0,0.67,0.23,19-Aug-2025,20-Jul-2026,-,0.7689735874289549,-,1.2088650100738731,6.222775357809583,-13.735849056603776,https://nsearchives.nseindia.com/today/MSCIINDIAEQN.svg,https://nsearchives.nseindia.com/30d/MSCIINDIA-EQ.svg,https://nsearchives.nseindia.com/365d/MSCIINDIA-EQ.svg,EQ
MOLOWVOL,Nifty Midcap 100 TRI,37.21,37.46,36.35,36.96,0.29,0.79,11842,435785.6,36.5893,43.07,33.52,11-AUG-22,FACE VALUE SPLIT (SUB-DIVISION) - FROM RS 10/- PER UNIT TO RS 2/- PER UNIT,-2.2997620935765197,-0.21598272138228483,36.67,0,-3.07,-1,19-Aug-2025,20-Jul-2026,FACE VALUE SPLIT (SUB-DIVISION) - FROM RS 10/- PER UNIT TO RS 2/- PER UNIT,-0.21598272138228483,11-AUG-22,-2.2997620935765197,14.186208497794288,-10.262529832935552,https://nsearchives.nseindia.com/today/MOLOWVOLEQN.svg,https://nsearchives.nseindia.com/30d/MOLOWVOL-EQ.svg,https://nsearchives.nseindia.com/365d/MOLOWVOL-EQ.svg,EQ
ITBETA,UTI Nifty IT ETF,319.72,325.37,319.72,323.34,0.39,0.12,1344,435361.92,320.288,409.94,270.68,-,-,Infinity,4.343616883955073,322.95,0,0,4.22,,20-Jul-2026,-,4.343616883955073,-,Infinity,21.12504268917403,-19.454706664696307,https://nsearchives.nseindia.com/today/ITBETAEQN.svg,https://nsearchives.nseindia.com/30d/ITBETA-EQ.svg,,EQ
MANUFGBEES,Nifty India Manufacturing TRI,166.2,166.67,165.49,166.67,0.65,0.39,2537,421471.81,165.5716,171.58,138.6,-,-,Infinity,3.3997146224951855,166.02,0,0,3,,20-Jul-2026,-,3.3997146224951855,-,Infinity,2.8616388856510224,-20.252525252525245,https://nsearchives.nseindia.com/today/MANUFGBEESEQN.svg,https://nsearchives.nseindia.com/30d/MANUFGBEES-EQ.svg,,EQ
GROWWNXT50,Index,75.3,75.3,74.25,74.64,0.2,0.27,5538,413356.32,74.2623,76.79,60.01,-,-,Infinity,2.5838372732270414,74.44,0,0,2.31,,20-Jul-2026,-,2.5838372732270414,-,Infinity,2.7998437296523058,-24.379270121646396,https://nsearchives.nseindia.com/today/GROWWNXT50EQN.svg,https://nsearchives.nseindia.com/30d/GROWWNXT50-EQ.svg,,EQ
HEALTHAXIS,Nifty Healthcare Index,167.77,178,167.04,168,1.06,0.63,2461,413324.95,167.1071,178,135.2,-,-,Infinity,0.3104848340100372,166.94,0,0,-0.32,,20-Jul-2026,-,0.3104848340100372,-,Infinity,5.617977528089888,-24.260355029585806,https://nsearchives.nseindia.com/today/HEALTHAXISEQN.svg,https://nsearchives.nseindia.com/30d/HEALTHAXIS-EQ.svg,,EQ
SMALLIETF,Nifty Smallcap 250 Index,18.62,18.62,18.33,18.47,0.15,0.82,22386,411902.4,18.265,19.49,17.43,-,-,Infinity,2.5541365907828832,18.32,0,0,1.72,,20-Jul-2026,-,2.5541365907828832,-,Infinity,5.233453052847612,-5.966724039013191,https://nsearchives.nseindia.com/today/SMALLIETFEQN.svg,https://nsearchives.nseindia.com/30d/SMALLIETF-EQ.svg,,EQ
GILT5BETA,UTI Nifty 5 yr Benchmark G-Sec ETF,65.9,66.89,65.9,66.34,0.49,0.74,6122,406072.26,66.4483,67.62,61.51,-,-,Infinity,-0.40534454286142624,65.85,0,0,1.31,,17-Jul-2026,-,-0.40534454286142624,-,Infinity,1.8929310854776709,-7.852381726548538,https://nsearchives.nseindia.com/today/GILT5BETAEQN.svg,https://nsearchives.nseindia.com/30d/GILT5BETA-EQ.svg,,EQ
SNXT50BETA,BSE Sensex Next 50,96.76,97.3,95.35,96.68,0.4,0.42,4091,394208.76,96.0383,102.25,77.11,17-FEB-21, FACE VALUE SPLIT (SUB-DIVISION) - FROM RS 10/- PER UNIT TO RE 1/- PER UNIT,Infinity,2.5564866871751466,96.28,0,0,2.13,,20-Jul-2026, FACE VALUE SPLIT (SUB-DIVISION) - FROM RS 10/- PER UNIT TO RE 1/- PER UNIT,2.5564866871751466,17-FEB-21,Infinity,5.447432762836179,-25.379328232395288,https://nsearchives.nseindia.com/today/SNXT50BETAEQN.svg,https://nsearchives.nseindia.com/30d/SNXT50BETA-EQ.svg,,EQ
ABSLBANETF,Nifty Bank,59.11,59.29,58.89,59.08,0.41,0.70,6270,370682.4,58.7711,64.94,50.97,25-NOV-21, FACE VALUE SPLIT (SUB-DIVISION) - FROM RS 10/- PER SHARE TO RE 1/- PER SHARE,3.3409130662935045,-0.689191460749712,58.67,0,2.62,-1.38,19-Aug-2025,20-Jul-2026, FACE VALUE SPLIT (SUB-DIVISION) - FROM RS 10/- PER SHARE TO RE 1/- PER SHARE,-0.689191460749712,25-NOV-21,3.3409130662935045,9.023714197720974,-15.911320384539925,https://nsearchives.nseindia.com/today/ABSLBANETFEQN.svg,https://nsearchives.nseindia.com/30d/ABSLBANETF-EQ.svg,https://nsearchives.nseindia.com/365d/ABSLBANETF-EQ.svg,EQ
BANKBETF,Bajaj Finserv Nifty Bank ETF,58.98,58.98,58.43,58.45,0.28,0.48,6227,364777.66,58.2715,63.9,50.71,-,-,3.1046039865937645,-0.9322033898305037,58.17,0,2.61,-1.41,19-Aug-2025,20-Jul-2026,-,-0.9322033898305037,-,3.1046039865937645,8.52895148669796,-15.263261684085982,https://nsearchives.nseindia.com/today/BANKBETFEQN.svg,https://nsearchives.nseindia.com/30d/BANKBETF-EQ.svg,https://nsearchives.nseindia.com/365d/BANKBETF-EQ.svg,EQ
SBISMLETF,Nifty Smallcap 250 Index,18.44,18.46,18.33,18.44,0.18,0.99,19210,353848.2,18.2541,18.97,16.53,-,-,Infinity,1.9911504424778927,18.26,0,0,1,,20-Jul-2026,-,1.9911504424778927,-,Infinity,2.7938850817079475,-11.554748941318813,https://nsearchives.nseindia.com/today/SBISMLETFEQN.svg,https://nsearchives.nseindia.com/30d/SBISMLETF-EQ.svg,,EQ
INSUREIETF,BSE Insurance Index,15.47,15.64,15.43,15.56,0.09,0.58,21523,334036.96,15.4165,16.46,15.32,-,-,Infinity,Infinity,15.47,0,0,0,,,-,Infinity,-,Infinity,5.467800729040099,-1.5665796344647533,https://nsearchives.nseindia.com/today/INSUREIETFEQN.svg,,,EQ
HEALTHCARE,Nifty 500 Healthcare Index,21.58,21.58,21.49,21.54,0.07,0.33,15262,328590.86,21.4635,22.29,17.18,-,-,Infinity,0.8899297423887481,21.47,0,0,0.56,,20-Jul-2026,-,0.8899297423887481,-,Infinity,3.3647375504710633,-25.37834691501746,https://nsearchives.nseindia.com/today/HEALTHCAREEQN.svg,https://nsearchives.nseindia.com/30d/HEALTHCARE-EQ.svg,,EQ
MOSERVICE,Nifty Services Sector Total Return Index,31.19,31.22,31.07,31.07,0.15,0.49,10218,318597.24,30.8712,35.37,28.3,-,-,Infinity,-1.0194329404268885,30.92,0,0,-1.5,,20-Jul-2026,-,-1.0194329404268885,-,Infinity,12.157195363302227,-9.78798586572438,https://nsearchives.nseindia.com/today/MOSERVICEEQN.svg,https://nsearchives.nseindia.com/30d/MOSERVICE-EQ.svg,,EQ
EMETAL,Nifty Metal Total Return Index,13,13.15,12.96,13.07,0.1,0.77,23729,309663.45,13.0103,15.21,12.41,-,-,Infinity,Infinity,12.97,0,0,0,,,-,Infinity,-,Infinity,14.069690992767919,-5.318291700241741,https://nsearchives.nseindia.com/today/EMETALEQN.svg,,,EQ
AONETMMQ50,Nifty Total Market Momentum Quality 50 TRI,10.37,10.4,10.33,10.35,0.03,0.29,29615,307107.55,10.3275,10.87,8,-,-,Infinity,2.57680872150644,10.32,0,0,2.28,,20-Jul-2026,-,2.57680872150644,-,Infinity,4.78380864765409,-29.374999999999996,https://nsearchives.nseindia.com/today/AONETMMQ50EQN.svg,https://nsearchives.nseindia.com/30d/AONETMMQ50-EQ.svg,,EQ
PVTBKGROWW,Nifty Private Bank Index - TRI,27.55,27.83,27.21,27.57,0.1,0.36,11046,304317.3,27.3371,29.57,25.45,-,-,Infinity,-1.6761768901569147,27.47,0,0,-2.03,,20-Jul-2026,-,-1.6761768901569147,-,Infinity,6.763611768684478,-8.330058939096272,https://nsearchives.nseindia.com/today/PVTBKGROWWEQN.svg,https://nsearchives.nseindia.com/30d/PVTBKGROWW-EQ.svg,,EQ
HEALTHADD,DSP Nifty Healthcare ETF,16.62,16.67,16.51,16.64,0.07,0.42,18148,301075.32,16.5779,17.47,13.54,03-JUL-26,FACE VALUE SPLIT (SUB-DIVISION) - FROM RS 10/- PER UNIT TO RE 1/- PER UNIT,-88.70332654446707,0.12033694344163401,16.57,0,-88.75,-0.3,19-Aug-2025,20-Jul-2026,FACE VALUE SPLIT (SUB-DIVISION) - FROM RS 10/- PER UNIT TO RE 1/- PER UNIT,0.12033694344163401,03-JUL-26,-88.70332654446707,4.751001717229527,-22.895125553914337,https://nsearchives.nseindia.com/today/HEALTHADDEQN.svg,https://nsearchives.nseindia.com/30d/HEALTHADD-EQ.svg,https://nsearchives.nseindia.com/365d/HEALTHADD-EQ.svg,EQ
NV20,Nifty50 Value 20,14.02,14.02,13.87,13.87,-0.03,-0.22,21358,298157.68,13.8955,16.87,12.62,27-FEB-26,FACE VALUE SPLIT (SUB-DIVISION) - FROM RS 10/- PER SHARE TO RE 1/- PER SHARE,-90.54339674098316,-2.117148906139737,13.9,0,-90.52,-1.91,19-Aug-2025,20-Jul-2026,FACE VALUE SPLIT (SUB-DIVISION) - FROM RS 10/- PER SHARE TO RE 1/- PER SHARE,-2.117148906139737,27-FEB-26,-90.54339674098316,17.78304682868999,-9.904912836767037,https://nsearchives.nseindia.com/today/NV20EQN.svg,https://nsearchives.nseindia.com/30d/NV20-EQ.svg,https://nsearchives.nseindia.com/365d/NV20-EQ.svg,EQ
INFRA,Nifty India Infrastructure & Logistics,12.2,12.2,12.13,12.17,0.06,0.50,24065,292630.4,12.1203,13.27,10.14,-,-,Infinity,-1.6962843295638195,12.11,0,0,-2.18,,20-Jul-2026,-,-1.6962843295638195,-,Infinity,8.28937452901281,-20.019723865877705,https://nsearchives.nseindia.com/today/INFRAEQN.svg,https://nsearchives.nseindia.com/30d/INFRA-EQ.svg,,EQ
SMALLADD,Nifty Smallcap 250 Index,18.44,18.54,18.41,18.5,0.2,1.09,15626,288924.74,18.3394,19.5,14.01,-,-,Infinity,1.984564498346193,18.3,0,0,0.88,,20-Jul-2026,-,1.984564498346193,-,Infinity,5.128205128205129,-32.048536759457534,https://nsearchives.nseindia.com/today/SMALLADDEQN.svg,https://nsearchives.nseindia.com/30d/SMALLADD-EQ.svg,,EQ
GROWWMC150,Nifty Midcap 150 Index - TRI,233.76,236.38,233.76,236.25,3.69,1.59,1214,285022.92,233.7285,245,193.6,-,-,Infinity,2.272727272727273,232.56,0,0,0.68,,20-Jul-2026,-,2.272727272727273,-,Infinity,3.5714285714285716,-22.029958677685954,https://nsearchives.nseindia.com/today/GROWWMC150EQN.svg,https://nsearchives.nseindia.com/30d/GROWWMC150-EQ.svg,,EQ
SBIETFCON,Nifty India Consumption Index,120.27,125.36,120.27,124.63,1.27,1.03,2225,277235,123.9405,133.97,100,-,-,-0.383662377108148,2.830033003300324,123.36,0,-1.4,1.78,19-Aug-2025,20-Jul-2026,-,2.830033003300324,-,-0.383662377108148,6.971710084347245,-24.629999999999995,https://nsearchives.nseindia.com/today/SBIETFCONEQN.svg,https://nsearchives.nseindia.com/30d/SBIETFCON-EQ.svg,https://nsearchives.nseindia.com/365d/SBIETFCON-EQ.svg,EQ
NEXT30ADD,BSE SENSEX Next 30 Index,43.4,43.64,43.34,43.49,0.18,0.42,6171,268623.63,43.2815,45.9,36.98,-,-,11.742034943473792,2.6433797498229987,43.31,0,11.28,2.22,19-Aug-2025,20-Jul-2026,-,2.6433797498229987,-,11.742034943473792,5.250544662309361,-17.60411032990807,https://nsearchives.nseindia.com/today/NEXT30ADDEQN.svg,https://nsearchives.nseindia.com/30d/NEXT30ADD-EQ.svg,https://nsearchives.nseindia.com/365d/NEXT30ADD-EQ.svg,EQ
TWCGOLDETF,Commodity,152.8,155.99,152.8,155.24,3.65,2.41,1726,268065.06,151.4873,187.98,123.31,-,-,Infinity,9.896644485346183,151.59,0,0,7.31,,20-Jul-2026,-,9.896644485346183,-,Infinity,17.416746462389607,-25.894088070716087,https://nsearchives.nseindia.com/today/TWCGOLDETFEQN.svg,https://nsearchives.nseindia.com/30d/TWCGOLDETF-EQ.svg,,EQ
MOMETAL,Nifty Metal Index,13.09,13.16,12.98,13.08,0.06,0.46,20157,264056.7,13.0208,13.41,12.85,-,-,Infinity,Infinity,13.02,0,0,0,,,-,Infinity,-,Infinity,2.4608501118568236,-1.7898832684824937,https://nsearchives.nseindia.com/today/MOMETALEQN.svg,,,EQ
GROWWPSE,Nifty PSE Index - TRI,98,98.69,96.25,97.63,-0.6,-0.61,2700,263763,98.0189,109.85,93.2,-,-,Infinity,-2.506490912722194,98.23,0,0,-1.91,,20-Jul-2026,-,-2.506490912722194,-,Infinity,11.124260355029586,-4.753218884120163,https://nsearchives.nseindia.com/today/GROWWPSEEQN.svg,https://nsearchives.nseindia.com/30d/GROWWPSE-EQ.svg,,EQ
BANKADD,DSP Nifty Bank ETF,59.03,59.21,58.84,59.04,0.34,0.58,4268,252110.76,58.6868,62.9,51.01,-,-,Infinity,-0.6729475100942103,58.7,0,0,-1.24,,20-Jul-2026,-,-0.6729475100942103,-,Infinity,6.136724960254371,-15.742011370319547,https://nsearchives.nseindia.com/today/BANKADDEQN.svg,https://nsearchives.nseindia.com/30d/BANKADD-EQ.svg,,EQ
MON50EQUAL,Nifty 50 Equal Weight Total Return Index,34.21,34.21,33.47,33.65,0.14,0.42,7379,248450.93,33.3984,36,29.43,-,-,5.850896508335953,1.8154311649016686,33.51,0,5.41,1.39,19-Aug-2025,20-Jul-2026,-,1.8154311649016686,-,5.850896508335953,6.527777777777782,-14.339109751953785,https://nsearchives.nseindia.com/today/MON50EQUALEQN.svg,https://nsearchives.nseindia.com/30d/MON50EQUAL-EQ.svg,https://nsearchives.nseindia.com/365d/MON50EQUAL-EQ.svg,EQ
GROWWPSUBK,Nifty PSU Bank Index - TRI,86.94,87.05,86,86.5,-0.01,-0.01,2784,241010.88,86.454,91.19,77.57,-,-,Infinity,0.03469411356539972,86.51,0,0,0.05,,20-Jul-2026,-,0.03469411356539972,-,Infinity,5.143107796907553,-11.512182544798257,https://nsearchives.nseindia.com/today/GROWWPSUBKEQN.svg,https://nsearchives.nseindia.com/30d/GROWWPSUBK-EQ.svg,,EQ
ABSLNN50ET,Nifty Next 50,78.01,78.35,77.94,78.31,0.56,0.72,3067,239624.71,77.868,80.33,63.02,25-NOV-21, FACE VALUE SPLIT (SUB-DIVISION) - FROM RS 10/- PER SHARE TO RE 1/- PER SHARE,10.435763644055854,2.958190901919537,77.75,0,9.65,2.22,19-Aug-2025,20-Jul-2026, FACE VALUE SPLIT (SUB-DIVISION) - FROM RS 10/- PER SHARE TO RE 1/- PER SHARE,2.958190901919537,25-NOV-21,10.435763644055854,2.5146271629528147,-24.262139003490955,https://nsearchives.nseindia.com/today/ABSLNN50ETEQN.svg,https://nsearchives.nseindia.com/30d/ABSLNN50ET-EQ.svg,https://nsearchives.nseindia.com/365d/ABSLNN50ET-EQ.svg,EQ
EQUAL200,BSE 200 Equal Weight,13.71,14.04,13.71,14.02,0.11,0.79,17015,237869.7,11.789,14.6,11.75,-,-,8.095605242868148,1.4471780028943508,13.91,0,7.25,0.65,19-Aug-2025,20-Jul-2026,-,1.4471780028943508,-,8.095605242868148,3.972602739726028,-19.31914893617021,https://nsearchives.nseindia.com/today/EQUAL200EQN.svg,https://nsearchives.nseindia.com/30d/EQUAL200-EQ.svg,https://nsearchives.nseindia.com/365d/EQUAL200-EQ.svg,EQ
LICNMID100,LIC MF Nifty Midcap 100 ETF,64.03,64.46,63.95,63.99,0.35,0.55,3614,232524.76,63.8455,67.5,52.3,-,-,10.613656006914434,1.3462147608489095,63.64,0,10.01,0.79,19-Aug-2025,20-Jul-2026,-,1.3462147608489095,-,10.613656006914434,5.199999999999997,-22.351816443594657,https://nsearchives.nseindia.com/today/LICNMID100EQN.svg,https://nsearchives.nseindia.com/30d/LICNMID100-EQ.svg,https://nsearchives.nseindia.com/365d/LICNMID100-EQ.svg,EQ
MOINFRA,BSE India Infrastructure Total Return Index,59.41,59.99,58.98,59.99,0.68,1.15,3859,228800.11,59.0319,66,54.6,-,-,1.6435106743476768,-2.7399481193255477,59.31,0,0.49,-3.84,19-Aug-2025,20-Jul-2026,-,-2.7399481193255477,-,1.6435106743476768,9.106060606060602,-9.871794871794872,https://nsearchives.nseindia.com/today/MOINFRAEQN.svg,https://nsearchives.nseindia.com/30d/MOINFRA-EQ.svg,https://nsearchives.nseindia.com/365d/MOINFRA-EQ.svg,EQ
EQUAL50,Nifty50 Equal Weight,333.86,335.25,333.84,333.96,1.25,0.38,670,224014.5,333.0073,342.88,295.16,-,-,5.353481182371675,0.40588076125190636,332.71,0,4.96,0.03,19-Aug-2025,20-Jul-2026,-,0.40588076125190636,-,5.353481182371675,2.601493233784419,-13.145412657541655,https://nsearchives.nseindia.com/today/EQUAL50EQN.svg,https://nsearchives.nseindia.com/30d/EQUAL50-EQ.svg,https://nsearchives.nseindia.com/365d/EQUAL50-EQ.svg,EQ
NIFTYBETF,Bajaj Finserv Nifty 50 ETF,248.85,250.58,248.82,249.21,0.93,0.37,897,223711.8,247.9854,279.99,227.01,-,-,-2.0939734422880427,-0.1362452414345836,248.28,0,-2.46,-0.51,19-Aug-2025,20-Jul-2026,-,-0.1362452414345836,-,-2.0939734422880427,10.99324975891996,-9.77930487643717,https://nsearchives.nseindia.com/today/NIFTYBETFEQN.svg,https://nsearchives.nseindia.com/30d/NIFTYBETF-EQ.svg,https://nsearchives.nseindia.com/365d/NIFTYBETF-EQ.svg,EQ
LICNETFN50,Nifty 50,272.6,272.64,271.26,271.79,0.79,0.29,747,202832.91,270.3302,295,248.17,-,-,-1.8489762016539684,-0.24224628372177215,271,0,-2.13,-0.53,19-Aug-2025,20-Jul-2026,-,-0.24224628372177215,-,-1.8489762016539684,7.867796610169485,-9.517669339565634,https://nsearchives.nseindia.com/today/LICNETFN50EQN.svg,https://nsearchives.nseindia.com/30d/LICNETFN50-EQ.svg,https://nsearchives.nseindia.com/365d/LICNETFN50-EQ.svg,EQ
MOGSEC,Nifty 5 yr Benchmark G-Sec Index,65.7,65.7,65.19,65.21,0.02,0.03,3008,196482.56,65.4134,67.33,60.18,-,-,5.432497978981393,0.4312336362236053,65.19,0,5.4,0.4,19-Aug-2025,20-Jul-2026,-,0.4312336362236053,-,5.432497978981393,3.148670726273585,-8.358258557660342,https://nsearchives.nseindia.com/today/MOGSECEQN.svg,https://nsearchives.nseindia.com/30d/MOGSEC-EQ.svg,https://nsearchives.nseindia.com/365d/MOGSEC-EQ.svg,EQ
MONEXT50,Nifty Next 50 Total Return Index,74.16,74.45,73.78,74.45,0.29,0.39,2531,187901.44,73.8486,75.89,59.43,-,-,10.13313609467457,2.8314917127071784,74.16,0,9.7,2.43,19-Aug-2025,20-Jul-2026,-,2.8314917127071784,-,10.13313609467457,1.8974831993675025,-25.273430927141177,https://nsearchives.nseindia.com/today/MONEXT50EQN.svg,https://nsearchives.nseindia.com/30d/MONEXT50-EQ.svg,https://nsearchives.nseindia.com/365d/MONEXT50-EQ.svg,EQ
BSLSENETFG,BSE SENSEX Index,79,79,77.99,78.21,-1.26,-1.59,2351,183965.75,77.6161,87.82,70.32,25-NOV-21, FACE VALUE SPLIT (SUB-DIVISION) - FROM RS 10/- PER SHARE TO RE 1- PER SHARE,-4.130914439813686,-0.30592734225622575,79.47,0,-2.59,1.3,19-Aug-2025,20-Jul-2026, FACE VALUE SPLIT (SUB-DIVISION) - FROM RS 10/- PER SHARE TO RE 1- PER SHARE,-0.30592734225622575,25-NOV-21,-4.130914439813686,10.942837622409474,-11.220136518771332,https://nsearchives.nseindia.com/today/BSLSENETFGEQN.svg,https://nsearchives.nseindia.com/30d/BSLSENETFG-EQ.svg,https://nsearchives.nseindia.com/365d/BSLSENETFG-EQ.svg,EQ
GROWWLOVOL,Nifty 500 Low Volatility 50 Index   TRI,10.56,10.56,10.43,10.48,0.04,0.38,16754,174911.76,10.438,11.1,9.39,-,-,3.048180924287124,0.3831417624521161,10.44,0,2.65,0,19-Aug-2025,20-Jul-2026,-,0.3831417624521161,-,3.048180924287124,5.585585585585579,-11.608093716719912,https://nsearchives.nseindia.com/today/GROWWLOVOLEQN.svg,https://nsearchives.nseindia.com/30d/GROWWLOVOL-EQ.svg,https://nsearchives.nseindia.com/365d/GROWWLOVOL-EQ.svg,EQ
HDFCQUAL,HDFC NIFTY100 Quality 30 ETF,59.5,59.7,59.28,59.7,0.6,1.02,2762,163924.7,59.0947,61.87,51.91,-,-,3.6998436685773886,3.663830526133008,59.1,0,2.66,2.62,19-Aug-2025,20-Jul-2026,-,3.663830526133008,-,3.6998436685773886,3.507354129626628,-15.006742438836461,https://nsearchives.nseindia.com/today/HDFCQUALEQN.svg,https://nsearchives.nseindia.com/30d/HDFCQUAL-EQ.svg,https://nsearchives.nseindia.com/365d/HDFCQUAL-EQ.svg,EQ
NEXT50ADD,Nifty Next 50 TRI,74.72,74.85,74.52,74.72,0.29,0.39,2030,151783.1,74.3123,81,56.25,-,-,Infinity,2.566918325326019,74.43,0,0,2.17,,20-Jul-2026,-,2.566918325326019,-,Infinity,7.753086419753088,-32.83555555555556,https://nsearchives.nseindia.com/today/NEXT50ADDEQN.svg,https://nsearchives.nseindia.com/30d/NEXT50ADD-EQ.svg,,EQ
CONS,Kotak Nifty India Consumption ETF,12.43,12.48,12.38,12.48,0.11,0.89,9986,124026.12,12.3571,13.2,10.2,27-FEB-26,FACE VALUE SPLIT (SUB-DIVISION) - FROM RS 10/- PER SHARE TO RE 1/- PER SHARE,-89.99358563181526,3.3968516984258503,12.37,0,-90.08,2.49,19-Aug-2025,20-Jul-2026,FACE VALUE SPLIT (SUB-DIVISION) - FROM RS 10/- PER SHARE TO RE 1/- PER SHARE,3.3968516984258503,27-FEB-26,-89.99358563181526,5.454545454545446,-22.3529411764706,https://nsearchives.nseindia.com/today/CONSEQN.svg,https://nsearchives.nseindia.com/30d/CONS-EQ.svg,https://nsearchives.nseindia.com/365d/CONS-EQ.svg,EQ
SENSEXAXIS,AXIS S&P BSE SENSEX ETF,81,83,80.25,80.29,0.6,0.75,1451,116921.58,79.8798,91.35,73.52,-,-,Infinity,-0.3351539225421996,79.69,0,0,-1.08,,20-Jul-2026,-,-0.3351539225421996,-,Infinity,12.107279693486579,-9.20837867247009,https://nsearchives.nseindia.com/today/SENSEXAXISEQN.svg,https://nsearchives.nseindia.com/30d/SENSEXAXIS-EQ.svg,,EQ
PVTBANK,Index,27.5,27.63,27.49,27.63,0.35,1.28,4244,116794.88,27.297,28.33,27.01,-,-,Infinity,Infinity,27.28,0,0,0,,,-,Infinity,-,Infinity,2.470878926932578,-2.29544613106256,https://nsearchives.nseindia.com/today/PVTBANKEQN.svg,,,EQ
GROWWN200,Nifty 200 Index- Total Return Index,11.4,11.5,11.4,11.47,0.12,1.06,9834,112697.64,11.3929,12.14,9.91,-,-,2.228163992869875,0.7023705004389822,11.35,0,1.16,-0.35,19-Aug-2025,20-Jul-2026,-,0.7023705004389822,-,2.228163992869875,5.518945634266886,-15.741675075681135,https://nsearchives.nseindia.com/today/GROWWN200EQN.svg,https://nsearchives.nseindia.com/30d/GROWWN200-EQ.svg,https://nsearchives.nseindia.com/365d/GROWWN200-EQ.svg,EQ
SENSEXADD,DSP S&P BSE Sensex ETF,79.68,80.23,79.68,80.15,0.6,0.75,1380,110303.4,79.3901,88.2,73.27,-,-,-3.723723723723717,0.28778778778779274,79.55,0,-4.44,-0.46,19-Aug-2025,20-Jul-2026,-,0.28778778778779274,-,-3.723723723723717,9.126984126984125,-9.389927664801432,https://nsearchives.nseindia.com/today/SENSEXADDEQN.svg,https://nsearchives.nseindia.com/30d/SENSEXADD-EQ.svg,https://nsearchives.nseindia.com/365d/SENSEXADD-EQ.svg,EQ
MIDCAPADD,Nifty Midcap 150 Index,23.52,23.54,23.39,23.39,0.02,0.09,4331,101561.95,23.3641,25.5,19.27,-,-,Infinity,1.12408127972331,23.37,0,0,1.04,,20-Jul-2026,-,1.12408127972331,-,Infinity,8.274509803921566,-21.38038401660613,https://nsearchives.nseindia.com/today/MIDCAPADDEQN.svg,https://nsearchives.nseindia.com/30d/MIDCAPADD-EQ.svg,,EQ
SNXT30BEES,BSE Sensex Next 30 Index,43.4,43.53,43.13,43.53,0.24,0.55,2318,100578.02,43.1597,44.56,36.83,-,-,12.132921174652244,3.2740213523131736,43.29,0,11.51,2.7,19-Aug-2025,20-Jul-2026,-,3.2740213523131736,-,12.132921174652244,2.311490125673252,-18.19169155579691,https://nsearchives.nseindia.com/today/SNXT30BEESEQN.svg,https://nsearchives.nseindia.com/30d/SNXT30BEES-EQ.svg,https://nsearchives.nseindia.com/365d/SNXT30BEES-EQ.svg,EQ
MOMGF,Nifty India Manufacturing Total Return Index,165.78,165.78,164.43,165,0.04,0.02,602,99281.84,164.4973,182.16,137.9,-,-,13.785256189228337,3.073463268365809,164.96,0,13.76,3.05,19-Aug-2025,20-Jul-2026,-,3.073463268365809,-,13.785256189228337,9.420289855072461,-19.651921682378532,https://nsearchives.nseindia.com/today/MOMGFEQN.svg,https://nsearchives.nseindia.com/30d/MOMGF-EQ.svg,https://nsearchives.nseindia.com/365d/MOMGF-EQ.svg,EQ
ABSLMSCIN,MSCI India Index,29.62,29.89,29.62,29.73,0.11,0.37,3328,99207.68,29.6628,35.34,26.34,-,-,Infinity,0.4052684903748767,29.62,0,0,0.03,,20-Jul-2026,-,0.4052684903748767,-,Infinity,15.874363327674033,-12.870159453302964,https://nsearchives.nseindia.com/today/ABSLMSCINEQN.svg,https://nsearchives.nseindia.com/30d/ABSLMSCIN-EQ.svg,,EQ
CONSUMAXIS,NIFTY India Consumption Index,124.16,124.79,124.16,124.28,-1.63,-1.29,775,96402.25,123.5875,131.85,105.63,-,-,Infinity,2.9404456224633457,125.91,0,0,4.29,,20-Jul-2026,-,2.9404456224633457,-,Infinity,5.741372772089491,-17.655968948215474,https://nsearchives.nseindia.com/today/CONSUMAXISEQN.svg,https://nsearchives.nseindia.com/30d/CONSUMAXIS-EQ.svg,,EQ
MIDQ50ADD,Nifty Midcap 150 Quality 50 Index,25.68,25.69,25.54,25.6,0.14,0.55,3705,94848,25.4606,25.97,21,03-JUL-26,FACE VALUE SPLIT (SUB-DIVISION) - FROM RS 10/- PER UNIT TO RE 1/- PER UNIT,-89.72300281011643,2.605210420841692,25.46,0,-89.78,2.04,19-Aug-2025,20-Jul-2026,FACE VALUE SPLIT (SUB-DIVISION) - FROM RS 10/- PER UNIT TO RE 1/- PER UNIT,2.605210420841692,03-JUL-26,-89.72300281011643,1.4247208317289082,-21.90476190476191,https://nsearchives.nseindia.com/today/MIDQ50ADDEQN.svg,https://nsearchives.nseindia.com/30d/MIDQ50ADD-EQ.svg,https://nsearchives.nseindia.com/365d/MIDQ50ADD-EQ.svg,EQ
LICNFNHGP,Nifty 100,277.38,280.05,277.38,280.05,3.18,1.15,320,89075.2,276.9252,296.41,248.02,-,-,1.4673913043478302,0.8389745066973873,276.87,0,0.32,-0.31,19-Aug-2025,20-Jul-2026,-,0.8389745066973873,-,1.4673913043478302,5.519381937181611,-12.91428110636239,https://nsearchives.nseindia.com/today/LICNFNHGPEQN.svg,https://nsearchives.nseindia.com/30d/LICNFNHGP-EQ.svg,https://nsearchives.nseindia.com/365d/LICNFNHGP-EQ.svg,EQ
SBIETFQLTY,Nifty 200 Quality 30 Index,224.87,226.02,224.63,226.02,1.39,0.62,367,82512.61,224.0126,247.28,194,-,-,2.1513151947934643,2.5871459694989185,224.63,0,1.52,1.96,19-Aug-2025,20-Jul-2026,-,2.5871459694989185,-,2.1513151947934643,8.597541248786797,-16.505154639175263,https://nsearchives.nseindia.com/today/SBIETFQLTYEQN.svg,https://nsearchives.nseindia.com/30d/SBIETFQLTY-EQ.svg,https://nsearchives.nseindia.com/365d/SBIETFQLTY-EQ.svg,EQ
DIVIDEND,BSE 500 Dividend Leaders,35.69,35.75,35.61,35.7,0.17,0.48,2004,71502.72,35.5239,38.03,33.15,-,-,Infinity,0.7052186177715091,35.53,0,0,0.23,,20-Jul-2026,-,0.7052186177715091,-,Infinity,6.126742045753348,-7.692307692307706,https://nsearchives.nseindia.com/today/DIVIDENDEQN.svg,https://nsearchives.nseindia.com/30d/DIVIDEND-EQ.svg,,EQ
MIDBANKADD,BSE MidSmall Private Banks Index,17.56,17.83,17.5,17.57,0.1,0.57,4010,70295.3,17.3767,17.83,17.23,-,-,Infinity,Infinity,17.47,0,0,0,,,-,Infinity,-,Infinity,1.4582164890633653,-1.9733023795705156,https://nsearchives.nseindia.com/today/MIDBANKADDEQN.svg,,,EQ
MOMNC,Nifty MNC ETF Total Return Index,33.33,33.33,33.11,33.27,0.25,0.76,1952,64806.4,33.0468,35.8,27.03,-,-,Infinity,1.8365472910927498,33.02,0,0,1.07,,20-Jul-2026,-,1.8365472910927498,-,Infinity,7.067039106145235,-23.08546059933408,https://nsearchives.nseindia.com/today/MOMNCEQN.svg,https://nsearchives.nseindia.com/30d/MOMNC-EQ.svg,,EQ
BANK10ADD,BSE Top 10 Banks Index (TRI),16.9,16.97,16.88,16.92,0.11,0.65,3781,64012.33,16.7921,18.99,12.08,-,-,Infinity,-2.3094688221708926,16.81,0,0,-2.94,,20-Jul-2026,-,-2.3094688221708926,-,Infinity,10.900473933649272,-40.066225165562926,https://nsearchives.nseindia.com/today/BANK10ADDEQN.svg,https://nsearchives.nseindia.com/30d/BANK10ADD-EQ.svg,,EQ
GSEC5IETF,Nifty 5 yr Benchmark G-Sec Index,66.71,67,66.07,66.85,0.13,0.19,898,59734.96,66.3874,69.14,62,-,-,6.550844756136423,0.5414348022258978,66.72,0,6.34,0.35,19-Aug-2025,20-Jul-2026,-,0.5414348022258978,-,6.550844756136423,3.312120335551065,-7.822580645161281,https://nsearchives.nseindia.com/today/GSEC5IETFEQN.svg,https://nsearchives.nseindia.com/30d/GSEC5IETF-EQ.svg,https://nsearchives.nseindia.com/365d/GSEC5IETF-EQ.svg,EQ
QUALITY30,Nifty200 Quality 30 Index,21.04,21.13,20.94,21.13,0.29,1.39,2844,59638.68,20.885,23.18,18.09,-,-,3.8329238329238207,2.9727095516569175,20.84,0,2.41,1.56,19-Aug-2025,20-Jul-2026,-,2.9727095516569175,-,3.8329238329238207,8.843830888697156,-16.80486456605859,https://nsearchives.nseindia.com/today/QUALITY30EQN.svg,https://nsearchives.nseindia.com/30d/QUALITY30-EQ.svg,https://nsearchives.nseindia.com/365d/QUALITY30-EQ.svg,EQ
MONIFTY100,Nifty 100 Total Return Index,25.5,25.66,25.5,25.61,0.17,0.67,2286,58407.3,25.4225,27.97,22.38,-,-,Infinity,0.5102040816326492,25.44,0,0,-0.16,,20-Jul-2026,-,0.5102040816326492,-,Infinity,8.437611726850195,-14.432529043789101,https://nsearchives.nseindia.com/today/MONIFTY100EQN.svg,https://nsearchives.nseindia.com/30d/MONIFTY100-EQ.svg,,EQ
ELMDIV,Index (BSE LargeMid (60:40) Stable Dividend 50),36.85,37.53,36.75,36.75,0.26,0.71,1535,56779.65,36.514,38.67,36.13,-,-,Infinity,Infinity,36.49,0,0,0,,,-,Infinity,-,Infinity,4.965089216446862,-1.7160254636036463,https://nsearchives.nseindia.com/today/ELMDIVEQN.svg,,,EQ
HYBRIDETF,Nifty200 Momentum 30 Plus 8-13 yr G-Sec 50:50 Total Return Index,10.13,10.13,10.07,10.11,0.05,0.50,5253,53055.3,10.0748,11.99,9.93,-,-,Infinity,Infinity,10.06,0,0,0,,,-,Infinity,-,Infinity,15.679733110925778,-1.812688821752263,https://nsearchives.nseindia.com/today/HYBRIDETFEQN.svg,,,EQ
ENEXT50,Nifty Next 50 Total Return Index,75,75,73.83,74.16,-0.84,-1.12,680,50422,73.6676,75.14,68.59,-,-,Infinity,2.416793260599365,75,0,0,3.58,,20-Jul-2026,-,2.416793260599365,-,Infinity,1.3042321000798562,-8.120717305729688,https://nsearchives.nseindia.com/today/ENEXT50EQN.svg,https://nsearchives.nseindia.com/30d/ENEXT50-EQ.svg,,EQ
LARGEMID50,BSE LargeMid (60:40) Stable Dividend 50 TRI (Total Return Index),36.88,38,36.82,36.88,0.18,0.49,1363,50281.07,36.5229,0,0,-,-,Infinity,Infinity,36.7,0,0,0,,,-,Infinity,-,Infinity,,,https://nsearchives.nseindia.com/today/LARGEMID50EQN.svg,,,EQ
MOPSE,Nifty PSE Total Return Index,99.1,99.59,98.68,99.51,0.13,0.13,504,50011.92,99.2136,114.7,92.55,-,-,3.473016533222422,-2.4124742571344453,99.38,0,3.34,-2.54,19-Aug-2025,20-Jul-2026,-,-2.4124742571344453,-,3.473016533222422,13.24324324324324,-7.520259319286881,https://nsearchives.nseindia.com/today/MOPSEEQN.svg,https://nsearchives.nseindia.com/30d/MOPSE-EQ.svg,https://nsearchives.nseindia.com/365d/MOPSE-EQ.svg,EQ
BNKETFAXIS,Nifty Bank,591.94,596.56,591.94,593.46,1.52,0.26,74,43957.48,591.0691,647.82,512.51,-,-,Infinity,-0.8553576798422942,591.94,0,0,-1.11,,20-Jul-2026,-,-0.8553576798422942,-,Infinity,8.391219783273133,-15.794813759731527,https://nsearchives.nseindia.com/today/BNKETFAXISEQN.svg,https://nsearchives.nseindia.com/30d/BNKETFAXIS-EQ.svg,,EQ
GSEC10YEAR,Mirae Asset Nifty 8-13 yr G-Sec ETF,30.64,30.69,30.4,30.45,-0.19,-0.62,1266,38790.24,30.5452,31.33,28.39,-,-,5.036219385995174,0.32948929159801604,30.64,0,5.69,0.96,19-Aug-2025,20-Jul-2026,-,0.32948929159801604,-,5.036219385995174,2.8088094478135943,-7.256076083127858,https://nsearchives.nseindia.com/today/GSEC10YEAREQN.svg,https://nsearchives.nseindia.com/30d/GSEC10YEAR-EQ.svg,https://nsearchives.nseindia.com/365d/GSEC10YEAR-EQ.svg,EQ
EBANKNIFTY,Edelweiss Nifty Bank ETF,58.07,58.4,58.07,58.13,0.2,0.35,607,35309.19,57.8025,69.39,50.05,-,-,3.710972346119546,-0.46232876712328086,57.93,0,3.35,-0.8,19-Aug-2025,20-Jul-2026,-,-0.46232876712328086,-,3.710972346119546,16.227122063697937,-16.143856143856155,https://nsearchives.nseindia.com/today/EBANKNIFTYEQN.svg,https://nsearchives.nseindia.com/30d/EBANKNIFTY-EQ.svg,https://nsearchives.nseindia.com/365d/EBANKNIFTY-EQ.svg,EQ
BBNPNBETF,Baroda BNP Paribas NIFTY Bank ETF,57.98,58.34,57.81,57.81,0.41,0.71,546,31657.08,57.7653,62.77,50.03,-,-,3.232142857142861,-1.0272213662044074,57.4,0,2.5,-1.73,19-Aug-2025,20-Jul-2026,-,-1.0272213662044074,-,3.232142857142861,7.90186394774574,-15.550669598241058,https://nsearchives.nseindia.com/today/BBNPNBETFEQN.svg,https://nsearchives.nseindia.com/30d/BBNPNBETF-EQ.svg,https://nsearchives.nseindia.com/365d/BBNPNBETF-EQ.svg,EQ
NPBET,Nifty Private Bank Index,285.55,285.55,284.17,284.17,2.22,0.79,105,29838.9,282.3576,307,246.26,-,-,1.5654598091425695,-1.6882892233177635,281.95,0,0.77,-2.46,19-Aug-2025,20-Jul-2026,-,-1.6882892233177635,-,1.5654598091425695,7.436482084690548,-15.394298708681893,https://nsearchives.nseindia.com/today/NPBETEQN.svg,https://nsearchives.nseindia.com/30d/NPBET-EQ.svg,https://nsearchives.nseindia.com/365d/NPBET-EQ.svg,EQ
MOOILGAS,Nifty Oil & Gas ETF Total Return Index,11.34,11.34,11.11,11.25,0.13,1.17,2525,28229.5,11.185,11.7,11.1,-,-,Infinity,Infinity,11.12,0,0,0,,,-,Infinity,-,Infinity,3.8461538461538405,-1.3513513513513546,https://nsearchives.nseindia.com/today/MOOILGASEQN.svg,,,EQ
ENIFTY,Nifty 50 TRI,24.33,24.5,24.33,24.47,0.19,0.78,1100,26851,24.2784,27.99,22.28,-,-,Infinity,0.41034058268361867,24.28,0,0,-0.37,,20-Jul-2026,-,0.41034058268361867,-,Infinity,12.575919971418362,-9.829443447037692,https://nsearchives.nseindia.com/today/ENIFTYEQN.svg,https://nsearchives.nseindia.com/30d/ENIFTY-EQ.svg,,EQ
BANK10BETF,Index,20.76,20.88,20.76,20.86,0.24,1.16,1249,25954.22,20.666,24.9,20.17,-,-,Infinity,Infinity,20.62,0,0,0,,,-,Infinity,-,Infinity,16.22489959839357,-3.420922161626166,https://nsearchives.nseindia.com/today/BANK10BETFEQN.svg,,,EQ
EBANK10,Index (BSE Top 10 Bank),17.25,17.9,16.75,17.2,0.12,0.70,1157,19599.58,16.6676,17.9,16.6,-,-,Infinity,Infinity,17.08,0,0,0,,,-,Infinity,-,Infinity,3.9106145251396613,-3.614457831325288,https://nsearchives.nseindia.com/today/EBANK10EQN.svg,,,EQ
MOQUALITY,Motilal Oswal S&P BSE Quality ETF,203.42,203.91,203.31,203.71,0.79,0.39,94,19132.76,201.9475,225.6,176.15,-,-,6.264997391757965,0.9965294992563309,202.92,0,5.85,0.6,19-Aug-2025,20-Jul-2026,-,0.9965294992563309,-,6.264997391757965,9.703014184397157,-15.645756457564575,https://nsearchives.nseindia.com/today/MOQUALITYEQN.svg,https://nsearchives.nseindia.com/30d/MOQUALITY-EQ.svg,https://nsearchives.nseindia.com/365d/MOQUALITY-EQ.svg,EQ
MSCIADD,MSCI India Index,29.8,29.9,29.78,29.9,0.2,0.67,634,18905.88,29.6895,33.82,26.4,-,-,Infinity,0.7412398921832846,29.7,0,0,0.07,,20-Jul-2026,-,0.7412398921832846,-,Infinity,11.590774689532825,-13.257575757575758,https://nsearchives.nseindia.com/today/MSCIADDEQN.svg,https://nsearchives.nseindia.com/30d/MSCIADD-EQ.svg,,EQ
GILT10BETA,UTI Nifty 10 yr Benchmark G-Sec ETF,26.93,26.94,26.41,26.87,0.07,0.26,588,15711.36,26.681,27.14,25.1,-,-,Infinity,0.2237970906378302,26.8,0,0,-0.04,,20-Jul-2026,-,0.2237970906378302,-,Infinity,0.994841562269711,-7.051792828685256,https://nsearchives.nseindia.com/today/GILT10BETAEQN.svg,https://nsearchives.nseindia.com/30d/GILT10BETA-EQ.svg,,EQ
MSCI360,MSCI India Index,10.45,10.45,10.15,10.24,-0.16,-1.54,1458,14886.18,10.1476,11.6,9.6,-,-,Infinity,1.0858835143139134,10.4,0,0,2.67,,20-Jul-2026,-,1.0858835143139134,-,Infinity,11.724137931034479,-6.666666666666673,https://nsearchives.nseindia.com/today/MSCI360EQN.svg,https://nsearchives.nseindia.com/30d/MSCI360-EQ.svg,,EQ
ESENSEX,BSE Sensex TRI,77.91,77.91,77.91,77.91,0.23,0.30,150,11686.5,77.4829,88.05,71.87,-,-,Infinity,-0.05131494547787845,77.68,0,0,-0.35,,20-Jul-2026,-,-0.05131494547787845,-,Infinity,11.51618398637138,-8.40406289133156,https://nsearchives.nseindia.com/today/ESENSEXEQN.svg,https://nsearchives.nseindia.com/30d/ESENSEX-EQ.svg,,EQ
MOBANK10,BSE Top 10 Banks Total Return Index,16.75,16.97,16.75,16.97,0.1,0.59,625,10568.75,16.7968,20,15.75,-,-,Infinity,-2.077322562031157,16.87,0,0,-2.65,,20-Jul-2026,-,-2.077322562031157,-,Infinity,15.150000000000006,-7.746031746031739,https://nsearchives.nseindia.com/today/MOBANK10EQN.svg,https://nsearchives.nseindia.com/30d/MOBANK10-EQ.svg,,EQ
GSEC10IETF,ICICI Prudential Nifty 10 yr Benchmark G-Sec ETF,266.81,266.81,266.38,266.38,-0.51,-0.19,27,7192.53,265.0695,269.59,252.23,-,-,3.528954527788567,1.2851711026615953,266.89,0,3.73,1.48,19-Aug-2025,20-Jul-2026,-,1.2851711026615953,-,3.528954527788567,1.1906969843094994,-5.609959164254849,https://nsearchives.nseindia.com/today/GSEC10IETFEQN.svg,https://nsearchives.nseindia.com/30d/GSEC10IETF-EQ.svg,https://nsearchives.nseindia.com/365d/GSEC10IETF-EQ.svg,EQ
LIQUIDBETA,Nifty 1D Rate Index,1009.78,1009.78,1004.91,1004.91,0.15,0.01,3,3019.68,1004.7643,1009.78,997.13,-,-,Infinity,Infinity,1004.76,0,0,0,,,-,Infinity,-,Infinity,0.4822832696230867,-0.7802392867529784,https://nsearchives.nseindia.com/today/LIQUIDBETAEQN.svg,,,EQ
GSEC10ADD,Nifty 10 yr Benchmark G-Sec,27.5,27.5,27.13,27.2,0.41,1.53,73,1984.14,26.8033,0,0,-,-,Infinity,Infinity,26.79,0,0,0,,,-,Infinity,-,Infinity,,,https://nsearchives.nseindia.com/today/GSEC10ADDEQN.svg,,,EQ
ABGSEC,Aditya Birla Sun Life CRISIL Broad Based Gilt ETF,114.32,114.32,114.32,114.32,-0.23,-0.20,13,1486.16,114.8801,116.23,108.18,-,-,4.525921184968445,-0.3920885248758411,114.55,0,4.74,-0.19,19-Aug-2025,20-Jul-2026,-,-0.3920885248758411,-,4.525921184968445,1.6432934698442836,-5.675725642447759,https://nsearchives.nseindia.com/today/ABGSECEQN.svg,https://nsearchives.nseindia.com/30d/ABGSEC-EQ.svg,https://nsearchives.nseindia.com/365d/ABGSEC-EQ.svg,EQ
GSEC10ABSL,CRISIL 10 Year Gilt ETF,0,0,0,113.27,0,0.00,0,0,112.9339,115,107.65,-,-,4.396313364055296,1.1339285714285678,113.27,0,4.4,-0.1,19-Aug-2025,17-Jul-2026,-,1.1339285714285678,-,4.396313364055296,1.50434782608696,-5.220622387366457,https://nsearchives.nseindia.com/today/GSEC10ABSLEQN.svg,https://nsearchives.nseindia.com/30d/GSEC10ABSL-EQ.svg,https://nsearchives.nseindia.com/365d/GSEC10ABSL-EQ.svg,EQ
LICNETFSEN,SENSEX,0,0,0,873.98,0,0.00,0,0,869.4577,974.02,803,-,-,-4.307362151272285,-0.7190648748736158,873.98,0,-4.31,-0.72,19-Aug-2025,20-Jul-2026,-,-0.7190648748736158,-,-4.307362151272285,10.27083632779614,-8.839352428393527,https://nsearchives.nseindia.com/today/LICNETFSENEQN.svg,https://nsearchives.nseindia.com/30d/LICNETFSEN-EQ.svg,https://nsearchives.nseindia.com/365d/LICNETFSEN-EQ.svg,EQ
