symbol,assets,open,high,low,ltP,chn,per,qty,trdVal,nav,wkhi,wklo,xDt,cAct,yPC,mPC,prevClose,stockIndClosePrice,perChange365d,perChange30d,date365dAgo,date30dAgo,CAct,MPC,XDt,YPC,nearWKH,nearWKL,chartTodayPath,chart30dPath,chart365dPath,series
SILVERBEES,Domestic price of Silver- based on LBMA Silver daily spot fixing price,222.25,222.49,218.42,220.8,-1.41,-0.63,17443388,3845569318.48,222.6441,360,126.75,-,-,72.20402433317737,-4.745470232959447,222.21,0,79.71,-4.6,19-Sep-2025,21-Aug-2026,-,-4.745470232959447,-,72.20402433317737,38.666666666666664,-74.20118343195267,https://nsearchives.nseindia.com/today/SILVERBEESEQN.svg,https://nsearchives.nseindia.com/30d/SILVERBEES-EQ.svg,https://nsearchives.nseindia.com/365d/SILVERBEES-EQ.svg,EQ
GOLDBEES,Gold,125.56,125.57,124.28,125.25,-0.32,-0.25,21852347,2730669281.12,125.4698,148.14,91.43,19-DEC-19, FACE VALUE SPLIT (SUB-DIVISION) - FROM RS 100/- TO RS 1/-,34.47498389521151,-5.8412268831754695,125.57,0,37.55,-4.38,19-Sep-2025,21-Aug-2026, FACE VALUE SPLIT (SUB-DIVISION) - FROM RS 100/- TO RS 1/-,-5.8412268831754695,19-DEC-19,34.47498389521151,15.451599837991083,-36.990047030515136,https://nsearchives.nseindia.com/today/GOLDBEESEQN.svg,https://nsearchives.nseindia.com/30d/GOLDBEES-EQ.svg,https://nsearchives.nseindia.com/365d/GOLDBEES-EQ.svg,EQ
LIQUIDBEES,Government Securities,1000,1000.01,999.22,1000.01,0.01,0.00,2523773,2523773000,1000,1029.99,969.99,19-SEP-17, EXIT OPTION PURSUANT TO CHANGE IN FUNDAMENTAL ATTRIBUTES OF ETF  ,0.002000020000198183,0.002000020000198183,1000,0,0,0,19-Sep-2025,21-Aug-2026, EXIT OPTION PURSUANT TO CHANGE IN FUNDAMENTAL ATTRIBUTES OF ETF  ,0.002000020000198183,19-SEP-17,0.002000020000198183,2.9107078709502052,-3.0948772667759443,https://nsearchives.nseindia.com/today/LIQUIDBEESEQN.svg,https://nsearchives.nseindia.com/30d/LIQUIDBEES-EQ.svg,https://nsearchives.nseindia.com/365d/LIQUIDBEES-EQ.svg,EQ
GOLD1,Gold,126.57,126.76,125.4,126.37,-0.28,-0.22,15280316,1928070272.88,126.6994,158,92.4,22-JUL-21, FACE VALUE SPLIT (SUB-DIVISION) - FROM RS 10/- PER SHARE TO RE 1/- PER SHARE,34.70845325658245,-6.030636525877443,126.65,0,37.81,-4.68,19-Sep-2025,21-Aug-2026, FACE VALUE SPLIT (SUB-DIVISION) - FROM RS 10/- PER SHARE TO RE 1/- PER SHARE,-6.030636525877443,22-JUL-21,34.70845325658245,20.01898734177215,-36.76406926406926,https://nsearchives.nseindia.com/today/GOLD1EQN.svg,https://nsearchives.nseindia.com/30d/GOLD1-EQ.svg,https://nsearchives.nseindia.com/365d/GOLD1-EQ.svg,EQ
LIQUIDCASE,Zerodha Nifty 1D Rate Liquid ETF,116.02,116.04,116.02,116.04,0.03,0.03,14665202,1701603388.06,116.011,116.04,107.56,-,-,4.985071926173894,0.38062283737025254,116.01,0,4.96,0.36,19-Sep-2025,21-Aug-2026,-,0.38062283737025254,-,4.985071926173894,0,-7.8839717367050985,https://nsearchives.nseindia.com/today/LIQUIDCASEEQN.svg,https://nsearchives.nseindia.com/30d/LIQUIDCASE-EQ.svg,https://nsearchives.nseindia.com/365d/LIQUIDCASE-EQ.svg,EQ
NIFTYBEES,Nifty 50,267.85,268.89,266.01,266.68,-1.08,-0.40,5397108,1440973864.92,267.065,302.25,251.7,19-DEC-19, FACE VALUE SPLIT (SUB-DIVISION) - FROM RS 10/- TO RS 1/-,-6.260325494744983,-3.3312792257222594,267.76,0,-6.34,-3.25,19-Sep-2025,21-Aug-2026, FACE VALUE SPLIT (SUB-DIVISION) - FROM RS 10/- TO RS 1/-,-3.3312792257222594,19-DEC-19,-6.260325494744983,11.768403639371378,-5.951529598728652,https://nsearchives.nseindia.com/today/NIFTYBEESEQN.svg,https://nsearchives.nseindia.com/30d/NIFTYBEES-EQ.svg,https://nsearchives.nseindia.com/365d/NIFTYBEES-EQ.svg,EQ
LIQUIDADD,DSP S&P BSE Liquid Rate ETF,1145.77,1145.79,1145.77,1145.79,0.16,0.01,786773,901468767.94,1145.6264,1151.22,1089.65,-,-,4.938316832589967,0.3608748587595269,1145.63,0,4.94,0.36,19-Sep-2025,21-Aug-2026,-,0.3608748587595269,-,4.938316832589967,0.4716735289519,-5.152113063827822,https://nsearchives.nseindia.com/today/LIQUIDADDEQN.svg,https://nsearchives.nseindia.com/30d/LIQUIDADD-EQ.svg,https://nsearchives.nseindia.com/365d/LIQUIDADD-EQ.svg,EQ
GOLDIETF,Gold,130,130.11,128.7,129.7,-0.31,-0.24,6958233,900117020.88,129.9842,158,94.8,-,-,34.613388687078356,-5.816571055115837,130.01,0,37.88,-4.4,19-Sep-2025,21-Aug-2026,-,-5.816571055115837,-,34.613388687078356,17.911392405063296,-36.814345991561176,https://nsearchives.nseindia.com/today/GOLDIETFEQN.svg,https://nsearchives.nseindia.com/30d/GOLDIETF-EQ.svg,https://nsearchives.nseindia.com/365d/GOLDIETF-EQ.svg,EQ
SILVERIETF,Domestic Price of Silver,232.25,232.29,228.11,230.78,-1.22,-0.53,3508319,807755366.56,232.4875,373.5,131.72,-,-,73.11529517665592,-4.660001652482856,232,0,80.28,-4.48,19-Sep-2025,21-Aug-2026,-,-4.660001652482856,-,73.11529517665592,38.21151271753681,-75.20498026116003,https://nsearchives.nseindia.com/today/SILVERIETFEQN.svg,https://nsearchives.nseindia.com/30d/SILVERIETF-EQ.svg,https://nsearchives.nseindia.com/365d/SILVERIETF-EQ.svg,EQ
SETFGOLD,Gold,129.5,129.58,128.12,129.23,-0.3,-0.23,5500775,708884874.25,129.4092,153.95,93.64,06-JAN-22,FACE VALUE SPLIT (SUB-DIVISION) - FROM RS 100/- PER SHARE TO RS 1/- PER SHARE,34.5445080687142,-5.891348674628608,129.53,0,37.68,-4.5,19-Sep-2025,21-Aug-2026,FACE VALUE SPLIT (SUB-DIVISION) - FROM RS 100/- PER SHARE TO RS 1/- PER SHARE,-5.891348674628608,06-JAN-22,34.5445080687142,16.05716141604417,-38.007261853908574,https://nsearchives.nseindia.com/today/SETFGOLDEQN.svg,https://nsearchives.nseindia.com/30d/SETFGOLD-EQ.svg,https://nsearchives.nseindia.com/365d/SETFGOLD-EQ.svg,EQ
LIQUID1,Kotak Nifty 1D Rate Liquid ETF,1124.7,1124.7,1123.66,1123.68,0.17,0.02,630809,708814840.94,1123.514,1136.66,1067.98,-,-,5.047256681842404,0.36889821803404127,1123.51,0,5.05,0.37,19-Sep-2025,21-Aug-2026,-,0.36889821803404127,-,5.047256681842404,1.1419421814790718,-5.215453472911482,https://nsearchives.nseindia.com/today/LIQUID1EQN.svg,https://nsearchives.nseindia.com/30d/LIQUID1-EQ.svg,https://nsearchives.nseindia.com/365d/LIQUID1-EQ.svg,EQ
HDFCSILVER,HDFC Silver ETF,222.05,222.22,218.18,220.8,-1.24,-0.56,3187602,701878084.38,222.5177,359,127.16,-,-,71.58843643145788,-4.708471796642352,222.04,0,78.79,-4.57,19-Sep-2025,21-Aug-2026,-,-4.708471796642352,-,71.58843643145788,38.4958217270195,-73.6395092796477,https://nsearchives.nseindia.com/today/HDFCSILVEREQN.svg,https://nsearchives.nseindia.com/30d/HDFCSILVER-EQ.svg,https://nsearchives.nseindia.com/365d/HDFCSILVER-EQ.svg,EQ
TATSILV,Tata Silver Exchange Traded Fund,22.52,22.59,22.17,22.4,-0.15,-0.67,31043387,694751001.06,22.6035,35.1,12.22,-,-,72.30769230769229,-4.6808510638297935,22.55,0,79.82,-4.53,19-Sep-2025,21-Aug-2026,-,-4.6808510638297935,-,72.30769230769229,36.182336182336186,-83.30605564648116,https://nsearchives.nseindia.com/today/TATSILVEQN.svg,https://nsearchives.nseindia.com/30d/TATSILV-EQ.svg,https://nsearchives.nseindia.com/365d/TATSILV-EQ.svg,EQ
LIQUIDIETF,S&P BSE Liquid Rate Index,1000,1000.01,999.99,1000,0.01,0.00,663727,663720362.73,1000,1041.19,955,-,-,0.0010000100000990915,0.0010000100000990915,999.99,0,0,0,19-Sep-2025,21-Aug-2026,-,0.0010000100000990915,-,0.0010000100000990915,3.956050288612074,-4.712041884816754,https://nsearchives.nseindia.com/today/LIQUIDIETFEQN.svg,https://nsearchives.nseindia.com/30d/LIQUIDIETF-EQ.svg,https://nsearchives.nseindia.com/365d/LIQUIDIETF-EQ.svg,EQ
TATAGOLD,Tata Gold Exchange Traded Fund,14.78,14.78,14.61,14.73,-0.03,-0.20,45022739,661834263.3,14.7505,17.7,10.33,-,-,35.01374885426215,-5.637411915438815,14.76,0,37.82,-4.22,19-Sep-2025,21-Aug-2026,-,-5.637411915438815,-,35.01374885426215,16.779661016949145,-42.594385285575996,https://nsearchives.nseindia.com/today/TATAGOLDEQN.svg,https://nsearchives.nseindia.com/30d/TATAGOLD-EQ.svg,https://nsearchives.nseindia.com/365d/TATAGOLD-EQ.svg,EQ
SBILIQETF,Nifty 1D Rate Index,1056.9,1056.92,1056.9,1056.9,0.14,0.01,621027,656363436.3,1056.7655,1087.09,999,-,-,4.99389050594559,0.3636985195666152,1056.76,0,4.99,0.36,19-Sep-2025,21-Aug-2026,-,0.3636985195666152,-,4.99389050594559,2.7771389673347957,-5.795795795795805,https://nsearchives.nseindia.com/today/SBILIQETFEQN.svg,https://nsearchives.nseindia.com/30d/SBILIQETF-EQ.svg,https://nsearchives.nseindia.com/365d/SBILIQETF-EQ.svg,EQ
LIQUIDPLUS,Nifty 1D Rate Index,1104.06,1104.22,1104.06,1104.2,0.14,0.01,563717,622461948.57,1104.0604,1127.08,1051.46,-,-,5.015882677419969,0.362658038010926,1104.06,0,5.02,0.36,19-Sep-2025,21-Aug-2026,-,0.362658038010926,-,5.015882677419969,2.0300244880576255,-5.015882677419969,https://nsearchives.nseindia.com/today/LIQUIDPLUSEQN.svg,https://nsearchives.nseindia.com/30d/LIQUIDPLUS-EQ.svg,https://nsearchives.nseindia.com/365d/LIQUIDPLUS-EQ.svg,EQ
MASPTOP50,S&P 500 Top 50 Total Return Index,116.08,118.83,96.27,97.45,-15.8,-13.95,4467769,468803001.17,69.2069,148.9,65,-,-,44.071555292726195,22.4246231155779,113.25,0,68.53,40.81,19-Sep-2025,21-Aug-2026,-,22.4246231155779,-,44.071555292726195,34.553391537944925,-49.92307692307693,https://nsearchives.nseindia.com/today/MASPTOP50EQN.svg,https://nsearchives.nseindia.com/30d/MASPTOP50-EQ.svg,https://nsearchives.nseindia.com/365d/MASPTOP50-EQ.svg,EQ
HDFCGOLD,Gold,129.53,129.92,128.47,129.58,-0.25,-0.19,3410806,440573811.02,129.6745,152.3,94.62,17-FEB-21, FACE VALUE SPLIT (SUB-DIVISION) - FROM RS 100/- PER UNIT TO RE 1/- PER UNIT,34.88081607161447,-5.780556969388488,129.83,0,37.84,-4.27,19-Sep-2025,21-Aug-2026, FACE VALUE SPLIT (SUB-DIVISION) - FROM RS 100/- PER UNIT TO RE 1/- PER UNIT,-5.780556969388488,17-FEB-21,34.88081607161447,14.917925147734733,-36.94779116465864,https://nsearchives.nseindia.com/today/HDFCGOLDEQN.svg,https://nsearchives.nseindia.com/30d/HDFCGOLD-EQ.svg,https://nsearchives.nseindia.com/365d/HDFCGOLD-EQ.svg,EQ
ITBEES,Nifty IT TRI,32.34,32.34,31.55,31.79,-0.33,-1.03,11585503,367839720.25,32.0488,44.27,28.55,-,-,-18.024755028365142,-6.279481132075479,32.12,0,-19.52,-5.17,19-Sep-2025,21-Aug-2026,-,-6.279481132075479,-,-18.024755028365142,28.19064829455614,-11.348511383537646,https://nsearchives.nseindia.com/today/ITBEESEQN.svg,https://nsearchives.nseindia.com/30d/ITBEES-EQ.svg,https://nsearchives.nseindia.com/365d/ITBEES-EQ.svg,EQ
GOLDCASE,Zerodha Gold ETF,23.86,23.97,23.65,23.85,-0.06,-0.25,14811313,352361136.27,23.8996,27.94,17.05,-,-,34.89819004524888,-5.842874062376617,23.91,0,37.97,-4.4,19-Sep-2025,21-Aug-2026,-,-5.842874062376617,-,34.89819004524888,14.638511095204008,-39.88269794721408,https://nsearchives.nseindia.com/today/GOLDCASEEQN.svg,https://nsearchives.nseindia.com/30d/GOLDCASE-EQ.svg,https://nsearchives.nseindia.com/365d/GOLDCASE-EQ.svg,EQ
MON100,Nasdaq100,338.49,339.7,320.42,326.5,-3.74,-1.13,1056991,348838739.73,285.4965,354.9,210.01,17-JUN-21, FACE VALUE SPLIT (SUB-DIVISION) - FROM RS 10/- PER SHARE TO RE 1/- PER SHARE,52.13643353059036,-0.45124702725776517,330.24,0,54.38,-0.08,19-Sep-2025,21-Aug-2026, FACE VALUE SPLIT (SUB-DIVISION) - FROM RS 10/- PER SHARE TO RE 1/- PER SHARE,-0.45124702725776517,17-JUN-21,52.13643353059036,8.002254156100305,-55.4687872006095,https://nsearchives.nseindia.com/today/MON100EQN.svg,https://nsearchives.nseindia.com/30d/MON100-EQ.svg,https://nsearchives.nseindia.com/365d/MON100-EQ.svg,EQ
SBISILVER,SBI SILVER ETF,227.11,227.92,223.81,226.47,-1.28,-0.56,1305691,294968653.81,228.1452,362,129.74,-,-,72.20743669682915,-4.57992753012556,227.75,0,79.73,-4.4,19-Sep-2025,21-Aug-2026,-,-4.57992753012556,-,72.20743669682915,37.43922651933702,-74.55680591953136,https://nsearchives.nseindia.com/today/SBISILVEREQN.svg,https://nsearchives.nseindia.com/30d/SBISILVER-EQ.svg,https://nsearchives.nseindia.com/365d/SBISILVER-EQ.svg,EQ
GOLDAXIS,Gold,126.5,126.77,125.08,126.12,-0.32,-0.25,2262010,284312036.9,126.4255,150,91.8,23-JUL-20, FACE VALUE SPLIT (SUB-DIVISION) - FROM RS 100/- PER SHARE TO RE 1/- PER SHARE,Infinity,-6.097833370560641,126.44,0,0,-4.41,,21-Aug-2026, FACE VALUE SPLIT (SUB-DIVISION) - FROM RS 100/- PER SHARE TO RE 1/- PER SHARE,-6.097833370560641,23-JUL-20,Infinity,15.919999999999996,-37.38562091503269,https://nsearchives.nseindia.com/today/GOLDAXISEQN.svg,https://nsearchives.nseindia.com/30d/GOLDAXIS-EQ.svg,,EQ
BANKBEES,Nifty Bank,587.91,587.91,582.01,584.17,-1.12,-0.19,477077,279047108.07,585.4644,638.99,515.98,19-DEC-19, FACE VALUE SPLIT (SUB-DIVISION) - FROM RS 10/- TO RS 1/-,2.302896571048296,-1.7706406591558914,585.29,0,2.06,-2.09,19-Sep-2025,21-Aug-2026, FACE VALUE SPLIT (SUB-DIVISION) - FROM RS 10/- TO RS 1/-,-1.7706406591558914,19-DEC-19,2.302896571048296,8.57916399317674,-13.21562851273304,https://nsearchives.nseindia.com/today/BANKBEESEQN.svg,https://nsearchives.nseindia.com/30d/BANKBEES-EQ.svg,https://nsearchives.nseindia.com/365d/BANKBEES-EQ.svg,EQ
MONQ50,Nasdaq Q-50 Total Return Index,317.04,317.04,253.64,253.64,-63.4,-20.00,942885,250109675.1,120.2333,471.99,88.01,-,-,181.47819331927641,73.1803905503209,317.04,0,254.31,113.11,19-Sep-2025,21-Aug-2026,-,73.1803905503209,-,181.47819331927641,46.261573338418195,-188.19452334961935,https://nsearchives.nseindia.com/today/MONQ50EQN.svg,https://nsearchives.nseindia.com/30d/MONQ50-EQ.svg,https://nsearchives.nseindia.com/365d/MONQ50-EQ.svg,EQ
SILVER1,Kotak Silver ETF,22.53,22.62,22.15,22.42,-0.12,-0.53,10450572,233779295.64,22.595,38.8,12.83,27-FEB-26,FACE VALUE SPLIT (SUB-DIVISION) - FROM RS 10/- PER SHARE TO RE 1/- PER SHARE,-82.71395528141865,-4.757858963466429,22.54,0,-81.99,-4.73,19-Sep-2025,21-Aug-2026,FACE VALUE SPLIT (SUB-DIVISION) - FROM RS 10/- PER SHARE TO RE 1/- PER SHARE,-4.757858963466429,27-FEB-26,-82.71395528141865,42.21649484536081,-74.74668745128605,https://nsearchives.nseindia.com/today/SILVER1EQN.svg,https://nsearchives.nseindia.com/30d/SILVER1-EQ.svg,https://nsearchives.nseindia.com/365d/SILVER1-EQ.svg,EQ
SILVERAXIS,Axis Silver ETF,230.95,231.22,227.2,230.79,-0.16,-0.07,886110,203495161.5,231.4545,390.01,131.41,-,-,Infinity,-4.1649364670708415,230.95,0,0,-4.48,,21-Aug-2026,-,-4.1649364670708415,-,Infinity,40.8245942411733,-75.62590366029983,https://nsearchives.nseindia.com/today/SILVERAXISEQN.svg,https://nsearchives.nseindia.com/30d/SILVERAXIS-EQ.svg,,EQ
JUNIORBEES,Nippon India ETF Nifty Next 50 Junior BeES,786.06,786.07,777,780,-2.31,-0.30,232951,181988309.73,780.4079,823.97,632.34,10-MAR-14,DIVIDEND-RS.1 PER UNIT,4.015255570817055,-2.4926869515213705,782.31,0,4.48,-2.24,19-Sep-2025,21-Aug-2026,DIVIDEND-RS.1 PER UNIT,-2.4926869515213705,10-MAR-14,4.015255570817055,5.336359333470882,-23.351361609260834,https://nsearchives.nseindia.com/today/JUNIORBEESEQN.svg,https://nsearchives.nseindia.com/30d/JUNIORBEES-EQ.svg,https://nsearchives.nseindia.com/365d/JUNIORBEES-EQ.svg,EQ
HDFCSML250,HDFC NIFTY Smallcap 250 ETF,183,186.43,182.2,184.45,0.22,0.12,981864,181036084.32,184.3586,189.83,142.7,-,-,5.993563958165715,-0.39421103790907125,184.23,0,4.66,-0.63,19-Sep-2025,21-Aug-2026,-,-0.39421103790907125,-,5.993563958165715,2.8341147342359077,-29.257182901191314,https://nsearchives.nseindia.com/today/HDFCSML250EQN.svg,https://nsearchives.nseindia.com/30d/HDFCSML250-EQ.svg,https://nsearchives.nseindia.com/365d/HDFCSML250-EQ.svg,EQ
MAFANG,NYSE FANG+ Total Return Index,245.79,248.96,237,238,-5.36,-2.20,736357,176703589.29,181.6306,258.47,149.74,-,-,40.090646889163594,15.606936416184968,243.36,0,45.67,17.69,19-Sep-2025,21-Aug-2026,-,15.606936416184968,-,40.090646889163594,7.919681200913075,-58.94216642179778,https://nsearchives.nseindia.com/today/MAFANGEQN.svg,https://nsearchives.nseindia.com/30d/MAFANG-EQ.svg,https://nsearchives.nseindia.com/365d/MAFANG-EQ.svg,EQ
LIQUID,Mirae Asset Nifty 1D Rate Liquid ETF,999.99,1000,999.99,1000,0.01,0.00,175256,175254247.44,1000,1024.98,974.99,-,-,0.0010000100000990915,0.0010000100000990915,999.99,0,0,0,19-Sep-2025,21-Aug-2026,-,0.0010000100000990915,-,0.0010000100000990915,2.4371207243068174,-2.565154514405275,https://nsearchives.nseindia.com/today/LIQUIDEQN.svg,https://nsearchives.nseindia.com/30d/LIQUID-EQ.svg,https://nsearchives.nseindia.com/365d/LIQUID-EQ.svg,EQ
GOLDETF,Mirae Asset Gold ETF,148,148,146.2,147.42,-0.28,-0.19,1145706,168292754.34,147.572,173.5,107.76,-,-,35.01236376957596,-5.566587662545657,147.7,0,37.79,-4.31,19-Sep-2025,21-Aug-2026,-,-5.566587662545657,-,35.01236376957596,15.031700288184446,-36.80400890868595,https://nsearchives.nseindia.com/today/GOLDETFEQN.svg,https://nsearchives.nseindia.com/30d/GOLDETF-EQ.svg,https://nsearchives.nseindia.com/365d/GOLDETF-EQ.svg,EQ
LIQUIDBETF,Bajaj Finserv Nifty 1D Rate Liquid ETF - Growth,1099.77,1099.78,1099.76,1099.78,0.14,0.01,132373,145579854.21,1099.627,1116.24,1009.94,-,-,4.84279967206238,0.35313118778000846,1099.64,0,4.84,0.35,19-Sep-2025,21-Aug-2026,-,0.35313118778000846,-,4.84279967206238,1.47459327743138,-8.89557795512604,https://nsearchives.nseindia.com/today/LIQUIDBETFEQN.svg,https://nsearchives.nseindia.com/30d/LIQUIDBETF-EQ.svg,https://nsearchives.nseindia.com/365d/LIQUIDBETF-EQ.svg,EQ
CASHIETF,BSE Liquid Rate Index,1080.54,1080.56,1080.54,1080.56,0.17,0.02,130946,141493700.3,1080.3929,1099.28,1029.03,-,-,5.006608100754099,0.36875690838666786,1080.39,0,5,0.37,19-Sep-2025,21-Aug-2026,-,0.36875690838666786,-,5.006608100754099,1.7029328287606458,-5.007628543385516,https://nsearchives.nseindia.com/today/CASHIETFEQN.svg,https://nsearchives.nseindia.com/30d/CASHIETF-EQ.svg,https://nsearchives.nseindia.com/365d/CASHIETF-EQ.svg,EQ
SILVERADD,DSP Silver ETF,22.54,22.54,22,22.29,-0.1,-0.45,6357708,141204694.68,22.4544,39,12.14,28-AUG-26,FACE VALUE SPLIT (SUB-DIVISION) - FROM RS 10/- PER UNIT TO RE 1/- PER UNIT,-82.69947221359827,-90.46947152385839,22.39,0,-82.02,-90.46,19-Sep-2025,21-Aug-2026,FACE VALUE SPLIT (SUB-DIVISION) - FROM RS 10/- PER UNIT TO RE 1/- PER UNIT,-90.46947152385839,28-AUG-26,-82.69947221359827,42.84615384615385,-83.60790774299834,https://nsearchives.nseindia.com/today/SILVERADDEQN.svg,https://nsearchives.nseindia.com/30d/SILVERADD-EQ.svg,https://nsearchives.nseindia.com/365d/SILVERADD-EQ.svg,EQ
SETFNIF50,Nifty 50,259.09,259.09,251.03,251.83,-0.95,-0.38,534174,134408861.88,252.388,287.33,237.9,24-MAR-21, DIVIDEND - RS 1.30 PER SHARE,-6.348084789884703,-3.4579260111175043,252.78,0,-6.52,-3.36,19-Sep-2025,21-Aug-2026, DIVIDEND - RS 1.30 PER SHARE,-3.4579260111175043,24-MAR-21,-6.348084789884703,12.355131730066466,-5.855401429171923,https://nsearchives.nseindia.com/today/SETFNIF50EQN.svg,https://nsearchives.nseindia.com/30d/SETFNIF50-EQ.svg,https://nsearchives.nseindia.com/365d/SETFNIF50-EQ.svg,EQ
SILVERBETA,UTI Silver Exchange Traded Fund (UTI Silver ETF),223,224.53,220.46,222.95,-1.37,-0.61,593224,131933017.6,224.7626,379.66,128.12,-,-,Infinity,-4.7629218282785155,224.32,0,0,-4.47,,21-Aug-2026,-,-4.7629218282785155,-,Infinity,41.276405204656804,-74.01654698719949,https://nsearchives.nseindia.com/today/SILVERBETAEQN.svg,https://nsearchives.nseindia.com/30d/SILVERBETA-EQ.svg,,EQ
SILVERCASE,Commodity-Silver,23.52,23.58,23.17,23.43,-0.13,-0.55,4537007,106302074.01,23.6071,38.01,13.23,-,-,72.66028002947678,-4.717364782431884,23.56,0,79.71,-4.58,19-Sep-2025,21-Aug-2026,-,-4.717364782431884,-,72.66028002947678,38.35832675611681,-77.09750566893423,https://nsearchives.nseindia.com/today/SILVERCASEEQN.svg,https://nsearchives.nseindia.com/30d/SILVERCASE-EQ.svg,https://nsearchives.nseindia.com/365d/SILVERCASE-EQ.svg,EQ
MODEFENCE,Nifty India Defence Total Return Index,103.99,104.48,102.3,103.58,0.31,0.30,915413,95175489.61,103.4385,112,77.8,-,-,14.516307352128242,-3.2233953097262478,103.27,0,12.96,-4.47,19-Sep-2025,21-Aug-2026,-,-3.2233953097262478,-,14.516307352128242,7.517857142857145,-33.13624678663239,https://nsearchives.nseindia.com/today/MODEFENCEEQN.svg,https://nsearchives.nseindia.com/30d/MODEFENCE-EQ.svg,https://nsearchives.nseindia.com/365d/MODEFENCE-EQ.svg,EQ
LTGILTBEES,NIFTY 8-13 yr G-Sec Index,29.83,29.84,29.7,29.74,-0.01,-0.03,3072917,91296364.07,29.7389,30.61,28.13,-,-,3.1564342698577876,-0.701168614357265,29.75,0,3.16,-0.77,19-Sep-2025,21-Aug-2026,-,-0.701168614357265,-,3.1564342698577876,2.8422084286181017,-5.723426946320652,https://nsearchives.nseindia.com/today/LTGILTBEESEQN.svg,https://nsearchives.nseindia.com/30d/LTGILTBEES-EQ.svg,https://nsearchives.nseindia.com/365d/LTGILTBEES-EQ.svg,EQ
SILVER,Physical price of Silver,232.04,232.3,228.2,230.78,-1.23,-0.53,391777,90226243.1,232.5405,371.89,131.51,-,-,72.8689138576779,-4.656062796942784,232.01,0,79.78,-4.47,19-Sep-2025,21-Aug-2026,-,-4.656062796942784,-,72.8689138576779,37.944015703568255,-75.48475401110184,https://nsearchives.nseindia.com/today/SILVEREQN.svg,https://nsearchives.nseindia.com/30d/SILVER-EQ.svg,https://nsearchives.nseindia.com/365d/SILVER-EQ.svg,EQ
SILVERAG,Mirae Asset Silver ETF,225,226.66,222.32,224.99,-1.14,-0.50,387711,86839509.78,226.6474,380,129,-,-,72.65750901695955,-4.661214458239756,226.13,0,79.48,-4.7,19-Sep-2025,21-Aug-2026,-,-4.661214458239756,-,72.65750901695955,40.79210526315789,-74.4108527131783,https://nsearchives.nseindia.com/today/SILVERAGEQN.svg,https://nsearchives.nseindia.com/30d/SILVERAG-EQ.svg,https://nsearchives.nseindia.com/365d/SILVERAG-EQ.svg,EQ
NIFTYIETF,Nifty 50,266.6,266.6,262.5,265.4,-0.69,-0.26,315625,83848937.5,265.701,304.14,250.4,-,-,-6.252207700459217,-3.389028429980708,266.09,0,-6.5,-3.36,19-Sep-2025,21-Aug-2026,-,-3.389028429980708,-,-6.252207700459217,12.7375550733215,-5.990415335463248,https://nsearchives.nseindia.com/today/NIFTYIETFEQN.svg,https://nsearchives.nseindia.com/30d/NIFTYIETF-EQ.svg,https://nsearchives.nseindia.com/365d/NIFTYIETF-EQ.svg,EQ
SMALLCAP,Mirae Asset Nifty Smallcap 250 Momentum Quality 100 ETF,50.2,50.2,48.66,48.75,-0.23,-0.47,1707236,83449695.68,48.9686,54.5,37.34,-,-,4.546429337336473,-0.26595744680851585,48.98,0,4.32,0.33,19-Sep-2025,21-Aug-2026,-,-0.26595744680851585,-,4.546429337336473,10.55045871559633,-30.557043385109786,https://nsearchives.nseindia.com/today/SMALLCAPEQN.svg,https://nsearchives.nseindia.com/30d/SMALLCAP-EQ.svg,https://nsearchives.nseindia.com/365d/SMALLCAP-EQ.svg,EQ
PHARMABEES,Nifty Pharma TRI,28.4,28.4,27.15,27.68,-0.08,-0.29,2961932,82104755.04,27.7856,28.4,21.46,-,-,20.76788830715531,2.2534170668636846,27.76,0,19.6,2.51,19-Sep-2025,21-Aug-2026,-,2.2534170668636846,-,20.76788830715531,2.53521126760563,-28.98415657036346,https://nsearchives.nseindia.com/today/PHARMABEESEQN.svg,https://nsearchives.nseindia.com/30d/PHARMABEES-EQ.svg,https://nsearchives.nseindia.com/365d/PHARMABEES-EQ.svg,EQ
METAL,Nifty Metal Total Return Index,13.34,13.34,13.06,13.12,0,0.00,5819561,76352640.32,13.1027,14.18,8.7,-,-,30.158730158730148,-2.598366740905727,13.12,0,30.81,-1.28,19-Sep-2025,21-Aug-2026,-,-2.598366740905727,-,30.158730158730148,7.4753173483780015,-50.80459770114943,https://nsearchives.nseindia.com/today/METALEQN.svg,https://nsearchives.nseindia.com/30d/METAL-EQ.svg,https://nsearchives.nseindia.com/365d/METAL-EQ.svg,EQ
GOLDADD,DSP Gold ETF,14.81,14.81,14.59,14.73,-0.02,-0.14,5061615,74355124.35,14.7476,18.1,10.77,28-AUG-26,FACE VALUE SPLIT (SUB-DIVISION) - FROM RS 10/- PER UNIT TO RE 1/- PER UNIT,Infinity,-90.5800345334783,14.75,0,0,-90.46,,21-Aug-2026,FACE VALUE SPLIT (SUB-DIVISION) - FROM RS 10/- PER UNIT TO RE 1/- PER UNIT,-90.5800345334783,28-AUG-26,Infinity,18.618784530386744,-36.76880222841227,https://nsearchives.nseindia.com/today/GOLDADDEQN.svg,https://nsearchives.nseindia.com/30d/GOLDADD-EQ.svg,,EQ
MID150BEES,Nifty Midcap 150 TRI,237.59,237.59,235.5,236.75,0.24,0.10,312262,73843717.76,236.0889,247.15,190.43,-,-,5.367395077662558,-2.278449663598469,236.51,0,4.66,-2.39,19-Sep-2025,21-Aug-2026,-,-2.278449663598469,-,5.367395077662558,4.2079708678939935,-24.323898545397252,https://nsearchives.nseindia.com/today/MID150BEESEQN.svg,https://nsearchives.nseindia.com/30d/MID150BEES-EQ.svg,https://nsearchives.nseindia.com/365d/MID150BEES-EQ.svg,EQ
NEXT50BETA,Nifty Next 50,78.02,78.39,77.03,77.52,-0.5,-0.64,936981,72756574.65,77.9396,82.51,64.34,25-MAR-21, FACE VALUE SPLIT (SUB-DIVISION) - FROM RS 10/- PER UNIT TO Re 1/- PER UNIT,Infinity,-2.9301277235161574,78.02,0,0,-2.05,,21-Aug-2026, FACE VALUE SPLIT (SUB-DIVISION) - FROM RS 10/- PER UNIT TO Re 1/- PER UNIT,-2.9301277235161574,25-MAR-21,Infinity,6.047751787662112,-20.48492384208889,https://nsearchives.nseindia.com/today/NEXT50BETAEQN.svg,https://nsearchives.nseindia.com/30d/NEXT50BETA-EQ.svg,,EQ
LIQUIDETF,Nifty1D rate index,1000,1000.01,999.99,1000,0,0.00,66236,66236000,1000,1025,995,-,-,0.0010000100000990915,0.0010000100000990915,1000,0,0,0,19-Sep-2025,21-Aug-2026,-,0.0010000100000990915,-,0.0010000100000990915,2.4390243902439024,-0.5025125628140703,https://nsearchives.nseindia.com/today/LIQUIDETFEQN.svg,https://nsearchives.nseindia.com/30d/LIQUIDETF-EQ.svg,https://nsearchives.nseindia.com/365d/LIQUIDETF-EQ.svg,EQ
PSUBNKBEES,Nifty PSU Bank,93.9,93.9,92,92.17,-0.59,-0.64,686677,63448954.8,92.8507,110.4,80.25,19-DEC-19, FACE VALUE SPLIT (SUB-DIVISION) - FROM RS 10/- TO RS 1/-,12.101678423741186,-3.111531588352774,92.76,0,12.6,-3.19,19-Sep-2025,21-Aug-2026, FACE VALUE SPLIT (SUB-DIVISION) - FROM RS 10/- TO RS 1/-,-3.111531588352774,19-DEC-19,12.101678423741186,16.512681159420293,-14.853582554517137,https://nsearchives.nseindia.com/today/PSUBNKBEESEQN.svg,https://nsearchives.nseindia.com/30d/PSUBNKBEES-EQ.svg,https://nsearchives.nseindia.com/365d/PSUBNKBEES-EQ.svg,EQ
CPSEETF,CPSE ETF,90.4,93.52,90.4,92.99,0.27,0.29,663335,61703421.7,92.8554,112,86.06,-,-,-0.042996882726009086,-1.1480812161156568,92.72,0,-0.32,-1.64,19-Sep-2025,21-Aug-2026,-,-1.1480812161156568,-,-0.042996882726009086,16.97321428571429,-8.05252149663025,https://nsearchives.nseindia.com/today/CPSEETFEQN.svg,https://nsearchives.nseindia.com/30d/CPSEETF-EQ.svg,https://nsearchives.nseindia.com/365d/CPSEETF-EQ.svg,EQ
UNIONGOLD,Commodity Gold,149,150.5,147.25,150.5,2.2,1.48,400811,59283955.01,148.5512,177,108.95,-,-,37.44292237442922,-4.595879556259905,148.3,0,37.51,-4.45,19-Sep-2025,21-Aug-2026,-,-4.595879556259905,-,37.44292237442922,14.971751412429379,-38.13675998164295,https://nsearchives.nseindia.com/today/UNIONGOLDEQN.svg,https://nsearchives.nseindia.com/30d/UNIONGOLD-EQ.svg,https://nsearchives.nseindia.com/365d/UNIONGOLD-EQ.svg,EQ
GOLDBETA,Gold,127.9,127.9,126.6,127.8,-0.1,-0.08,460617,58590482.4,127.749,149.35,92.75,25-MAR-21, FACE VALUE SPLIT (SUB-DIVISION) - FROM RS 100/- PER UNIT TO RE 1/- PER UNIT,Infinity,-5.682656826568268,127.9,0,0,-4.37,,21-Aug-2026, FACE VALUE SPLIT (SUB-DIVISION) - FROM RS 100/- PER UNIT TO RE 1/- PER UNIT,-5.682656826568268,25-MAR-21,Infinity,14.429193170405087,-37.78975741239892,https://nsearchives.nseindia.com/today/GOLDBETAEQN.svg,https://nsearchives.nseindia.com/30d/GOLDBETA-EQ.svg,,EQ
LIQGRWBEES,Liquid,1056.44,1056.46,1056.44,1056.46,0.15,0.01,54659,57743953.96,1056.3114,1063.44,995.55,-,-,4.727539478771182,0.3428788526380897,1056.31,0,4.73,0.34,19-Sep-2025,21-Aug-2026,-,0.3428788526380897,-,4.727539478771182,0.6563604904837149,-6.118226106172476,https://nsearchives.nseindia.com/today/LIQGRWBEESEQN.svg,https://nsearchives.nseindia.com/30d/LIQGRWBEES-EQ.svg,https://nsearchives.nseindia.com/365d/LIQGRWBEES-EQ.svg,EQ
ALPHAETF,Mirae Asset Nifty 200 Alpha 30 ETF,26.34,26.45,26.1,26.17,-0.06,-0.23,2181529,57046983.35,26.2506,27.61,21.8,-,-,3.153330705557748,-2.5325884543761625,26.23,0,2.94,-1.8,19-Sep-2025,21-Aug-2026,-,-2.5325884543761625,-,3.153330705557748,5.215501629844251,-20.04587155963303,https://nsearchives.nseindia.com/today/ALPHAETFEQN.svg,https://nsearchives.nseindia.com/30d/ALPHAETF-EQ.svg,https://nsearchives.nseindia.com/365d/ALPHAETF-EQ.svg,EQ
BSLGOLDETF,Gold,133.08,133.71,132.24,133.44,-0.28,-0.21,426280,56631298,133.5272,155.99,97.3,25-NOV-21, FACE VALUE SPLIT (SUB-DIVISION) - FROM RS 10/- PER SHARE TO RE 0.10/- PER SHARE,34.62469733656173,-5.6160701655113865,133.72,0,38,-4.09,19-Sep-2025,21-Aug-2026, FACE VALUE SPLIT (SUB-DIVISION) - FROM RS 10/- PER SHARE TO RE 0.10/- PER SHARE,-5.6160701655113865,25-NOV-21,34.62469733656173,14.456054875312525,-37.142857142857146,https://nsearchives.nseindia.com/today/BSLGOLDETFEQN.svg,https://nsearchives.nseindia.com/30d/BSLGOLDETF-EQ.svg,https://nsearchives.nseindia.com/365d/BSLGOLDETF-EQ.svg,EQ
BSE500IETF,S&P BSE 500 index,38.78,38.88,38.6,38.71,-0.07,-0.18,1326306,51328042.2,38.7198,42.05,34.5,28-OCT-21, FACE VALUE SPLIT (SUB-DIVISION) - FROM RS 10/- PER SHARE TO RE 1/- PER SHARE,-1.9999999999999978,-2.5182573659027954,38.78,0,-2.56,-2.81,19-Sep-2025,21-Aug-2026, FACE VALUE SPLIT (SUB-DIVISION) - FROM RS 10/- PER SHARE TO RE 1/- PER SHARE,-2.5182573659027954,28-OCT-21,-1.9999999999999978,7.942925089179541,-12.20289855072464,https://nsearchives.nseindia.com/today/BSE500IETFEQN.svg,https://nsearchives.nseindia.com/30d/BSE500IETF-EQ.svg,https://nsearchives.nseindia.com/365d/BSE500IETF-EQ.svg,EQ
TOP10ADD,Nifty Top 10 Equal Weight Index,85.39,85.39,84.49,84.6,-0.79,-0.93,590727,50117278.68,85.1336,103.04,83.05,-,-,-11.700240058449022,-3.6336712609636765,85.39,0,-11.49,-2.88,19-Sep-2025,21-Aug-2026,-,-3.6336712609636765,-,-11.700240058449022,17.895962732919266,-1.8663455749548432,https://nsearchives.nseindia.com/today/TOP10ADDEQN.svg,https://nsearchives.nseindia.com/30d/TOP10ADD-EQ.svg,https://nsearchives.nseindia.com/365d/TOP10ADD-EQ.svg,EQ
AUTOBEES,Nifty Auto TRI,280.61,283.48,279.65,280,-1.25,-0.44,175061,49092356.23,281.0366,310.45,242.5,-,-,0.26857654431512984,-6.626204688698437,281.25,0,0.32,-6.7,19-Sep-2025,21-Aug-2026,-,-6.626204688698437,-,0.26857654431512984,9.80834272829763,-15.463917525773196,https://nsearchives.nseindia.com/today/AUTOBEESEQN.svg,https://nsearchives.nseindia.com/30d/AUTOBEES-EQ.svg,https://nsearchives.nseindia.com/365d/AUTOBEES-EQ.svg,EQ
METALIETF,Nifty Metal Index,13.18,13.18,13.01,13.04,-0.01,-0.08,3502799,45746554.94,13.0559,14.17,9.85,-,-,29.880478087649404,-3.120356612184262,13.05,0,30.37,-1.36,19-Sep-2025,21-Aug-2026,-,-3.120356612184262,-,29.880478087649404,7.97459421312633,-32.38578680203045,https://nsearchives.nseindia.com/today/METALIETFEQN.svg,https://nsearchives.nseindia.com/30d/METALIETF-EQ.svg,https://nsearchives.nseindia.com/365d/METALIETF-EQ.svg,EQ
HDFCBSE500,HDFC S&P BSE 500 ETF,37.08,37.09,36.63,36.8,-0.13,-0.35,1159363,42629777.51,36.7818,40,32.65,-,-,-1.6831418648143268,-3.0813800368712188,36.93,0,-1.18,-2.53,19-Sep-2025,21-Aug-2026,-,-3.0813800368712188,-,-1.6831418648143268,8.000000000000007,-12.71056661562021,https://nsearchives.nseindia.com/today/HDFCBSE500EQN.svg,https://nsearchives.nseindia.com/30d/HDFCBSE500-EQ.svg,https://nsearchives.nseindia.com/365d/HDFCBSE500-EQ.svg,EQ
MOVALUE,Motilal Oswal S&P BSE Enhanced Value ETF,110.66,111.48,110.13,110.13,-0.53,-0.48,384762,42446943.84,110.8528,128.77,100.6,-,-,5.156115726152956,-2.6001591934200032,110.66,0,5.15,-1.97,19-Sep-2025,21-Aug-2026,-,-2.6001591934200032,-,5.156115726152956,14.475421293779617,-9.473161033797219,https://nsearchives.nseindia.com/today/MOVALUEEQN.svg,https://nsearchives.nseindia.com/30d/MOVALUE-EQ.svg,https://nsearchives.nseindia.com/365d/MOVALUE-EQ.svg,EQ
ALPHA,NIFTY Alpha 50 Index,53.61,53.95,53.04,53.37,-0.23,-0.43,770430,41140962,53.4601,55.59,42,-,-,8.167815160113486,-1.803127874885012,53.6,0,7.76,-1,19-Sep-2025,21-Aug-2026,-,-1.803127874885012,-,8.167815160113486,3.993524015110642,-27.071428571428566,https://nsearchives.nseindia.com/today/ALPHAEQN.svg,https://nsearchives.nseindia.com/30d/ALPHA-EQ.svg,https://nsearchives.nseindia.com/365d/ALPHA-EQ.svg,EQ
MOGOLD,Domestic Price of Physical Gold,150.4,150.4,148.8,150.1,0.05,0.03,257739,38547444.84,150.0871,175,110,-,-,35.28616493916178,-5.656819610307982,150.05,0,37.03,-4.46,19-Sep-2025,21-Aug-2026,-,-5.656819610307982,-,35.28616493916178,14.228571428571431,-36.45454545454545,https://nsearchives.nseindia.com/today/MOGOLDEQN.svg,https://nsearchives.nseindia.com/30d/MOGOLD-EQ.svg,https://nsearchives.nseindia.com/365d/MOGOLD-EQ.svg,EQ
ELIQUID,Nifty 1D Rate Index (Debt Index),1048.68,1048.7,1048.68,1048.7,0.16,0.02,35927,37676285.63,1048.5511,1051.22,996,-,-,Infinity,0.3627106640763284,1048.54,0,0,0.36,,21-Aug-2026,-,0.3627106640763284,-,Infinity,0.23972146648655673,-5.291164658634543,https://nsearchives.nseindia.com/today/ELIQUIDEQN.svg,https://nsearchives.nseindia.com/30d/ELIQUID-EQ.svg,,EQ
FMCGIETF,Nifty FMCG Index,50.84,50.85,49.1,49.31,-0.29,-0.58,737924,36372273.96,49.3495,61.19,48.25,10-MAY-24,FACE VALUE SPLIT (SUB-DIVISION) - FROM RS 10/- PER SHARE TO RE 1/- PER SHARE,-17.541806020066883,-3.3137254901960738,49.6,0,-17.5,-3.13,19-Sep-2025,21-Aug-2026,FACE VALUE SPLIT (SUB-DIVISION) - FROM RS 10/- PER SHARE TO RE 1/- PER SHARE,-3.3137254901960738,10-MAY-24,-17.541806020066883,19.414937081222416,-2.1968911917098493,https://nsearchives.nseindia.com/today/FMCGIETFEQN.svg,https://nsearchives.nseindia.com/30d/FMCGIETF-EQ.svg,https://nsearchives.nseindia.com/365d/FMCGIETF-EQ.svg,EQ
HDFCNIFIT,HDFC NIFTY IT ETF,31.55,31.55,30.35,30.58,-0.35,-1.13,1173850,35814163.5,30.8259,42.3,27.32,02-FEB-24,FACE VALUE SPLIT (SUB-DIVISION) - FROM RS 299.92/- PER SHARE TO RS 29.992/- PER SHARE,-17.86193929626645,-6.1963190184049175,30.93,0,-19.24,-5.3,19-Sep-2025,21-Aug-2026,FACE VALUE SPLIT (SUB-DIVISION) - FROM RS 299.92/- PER SHARE TO RS 29.992/- PER SHARE,-6.1963190184049175,02-FEB-24,-17.86193929626645,27.706855791962177,-11.932650073206434,https://nsearchives.nseindia.com/today/HDFCNIFITEQN.svg,https://nsearchives.nseindia.com/30d/HDFCNIFIT-EQ.svg,https://nsearchives.nseindia.com/365d/HDFCNIFIT-EQ.svg,EQ
GROWWLIQID,Nifty 1D Rate Index,110.84,110.85,110.84,110.85,0.02,0.02,320946,35573654.64,110.8321,112.71,105.15,-,-,4.733560090702939,0.3439847922512858,110.83,0,4.72,0.34,19-Sep-2025,21-Aug-2026,-,0.3439847922512858,-,4.733560090702939,1.6502528613255252,-5.420827389443641,https://nsearchives.nseindia.com/today/GROWWLIQIDEQN.svg,https://nsearchives.nseindia.com/30d/GROWWLIQID-EQ.svg,https://nsearchives.nseindia.com/365d/GROWWLIQID-EQ.svg,EQ
HDFCNIFTY,Nifty 50,271.4,271.4,263.1,263.3,-1.49,-0.56,131748,34774884.6,264.1663,301.88,247.56,17-FEB-21, FACE VALUE SPLIT (SUB-DIVISION) - FROM RS 761.25/- PER UNIT TO RS 76.125/- PER UNIT,-6.48529620684756,-3.5778371846046735,264.79,0,-6.44,-3.28,19-Sep-2025,21-Aug-2026, FACE VALUE SPLIT (SUB-DIVISION) - FROM RS 761.25/- PER UNIT TO RS 76.125/- PER UNIT,-3.5778371846046735,17-FEB-21,-6.48529620684756,12.779912548032325,-6.358054613023109,https://nsearchives.nseindia.com/today/HDFCNIFTYEQN.svg,https://nsearchives.nseindia.com/30d/HDFCNIFTY-EQ.svg,https://nsearchives.nseindia.com/365d/HDFCNIFTY-EQ.svg,EQ
BANKBETA,Nifty Bank,59.88,59.88,58.1,58.16,-0.26,-0.45,584220,33949024.2,58.4908,73.7,51.3,17-FEB-21, FACE VALUE SPLIT (SUB-DIVISION) - FROM RS 10/- PER UNIT TO RE 1/- PER UNIT,Infinity,-1.8727855576176928,58.42,0,0,-2,,21-Aug-2026, FACE VALUE SPLIT (SUB-DIVISION) - FROM RS 10/- PER UNIT TO RE 1/- PER UNIT,-1.8727855576176928,17-FEB-21,Infinity,21.085481682496617,-13.372319688109162,https://nsearchives.nseindia.com/today/BANKBETAEQN.svg,https://nsearchives.nseindia.com/30d/BANKBETA-EQ.svg,,EQ
MIDCAPETF,Mirae Asset Mutual Fund - Mirae Asset Nifty Midcap 150 ETF,23.34,23.47,23.27,23.34,0,0.00,1440561,33665910.57,23.3492,24.57,19.6,-,-,5.229936880072138,-2.5876460767946616,23.34,0,4.66,-2.51,19-Sep-2025,21-Aug-2026,-,-2.5876460767946616,-,5.229936880072138,5.006105006105008,-19.081632653061213,https://nsearchives.nseindia.com/today/MIDCAPETFEQN.svg,https://nsearchives.nseindia.com/30d/MIDCAPETF-EQ.svg,https://nsearchives.nseindia.com/365d/MIDCAPETF-EQ.svg,EQ
GROWWGOLD,Commodity,14.8,14.86,14.68,14.79,-0.04,-0.27,2180086,32178069.36,14.8236,18,10.85,06-FEB-26,FACE VALUE SPLIT (SUB-DIVISION) - FROM RS 10/- PER UNIT TO RE 1/- PER UNIT,-86.59233070437858,-5.916030534351154,14.83,0,-86.27,-4.26,19-Sep-2025,21-Aug-2026,FACE VALUE SPLIT (SUB-DIVISION) - FROM RS 10/- PER UNIT TO RE 1/- PER UNIT,-5.916030534351154,06-FEB-26,-86.59233070437858,17.83333333333334,-36.31336405529954,https://nsearchives.nseindia.com/today/GROWWGOLDEQN.svg,https://nsearchives.nseindia.com/30d/GROWWGOLD-EQ.svg,https://nsearchives.nseindia.com/365d/GROWWGOLD-EQ.svg,EQ
MOMMIDCAP,BSE Midcap 150 Momentum 30 TRI,12.9,12.92,12.81,12.85,0,0.00,2474779,31776162.36,12.836,14.99,10.8,-,-,Infinity,-1.9832189168573593,12.85,0,0,-1.76,,21-Aug-2026,-,-1.9832189168573593,-,Infinity,14.276184122748502,-18.98148148148147,https://nsearchives.nseindia.com/today/MOMMIDCAPEQN.svg,https://nsearchives.nseindia.com/30d/MOMMIDCAP-EQ.svg,,EQ
GROWWSLVR,Commodity-Silver,22.65,22.8,22.39,22.65,-0.11,-0.48,1392509,31498553.58,22.8173,36.3,12.96,06-FEB-26,FACE VALUE SPLIT (SUB-DIVISION) - FROM RS 10/- PER UNIT TO RE 1/- PER UNIT,-82.82529572338488,-4.6315789473684275,22.76,0,-82.11,-4.45,19-Sep-2025,21-Aug-2026,FACE VALUE SPLIT (SUB-DIVISION) - FROM RS 10/- PER UNIT TO RE 1/- PER UNIT,-4.6315789473684275,06-FEB-26,-82.82529572338488,37.603305785123965,-74.76851851851849,https://nsearchives.nseindia.com/today/GROWWSLVREQN.svg,https://nsearchives.nseindia.com/30d/GROWWSLVR-EQ.svg,https://nsearchives.nseindia.com/365d/GROWWSLVR-EQ.svg,EQ
ICICIB22,S&P BSE BHARAT 22 index,109.84,113.61,109.84,112.7,0.04,0.04,267853,30154890.74,112.888,131,108.8,-,-,1.8711018711018779,-2.136158388329276,112.66,0,1.57,-2.27,19-Sep-2025,21-Aug-2026,-,-2.136158388329276,-,1.8711018711018779,13.96946564885496,-3.584558823529417,https://nsearchives.nseindia.com/today/ICICIB22EQN.svg,https://nsearchives.nseindia.com/30d/ICICIB22-EQ.svg,https://nsearchives.nseindia.com/365d/ICICIB22-EQ.svg,EQ
HDFCLIQUID,HDFC Nifty 1D Rate Liquid ETF,1078.9,1078.92,1078.9,1078.92,0.15,0.01,27281,29433743.71,,1079.4,1009.91,28-FEB-25,CHANGE IN FUNDAMENTAL ATTRIBUTE OF HDFC NIFTY 1D RATE LIQUID ETF,4.889027152620471,0.36371754681352564,1078.77,0,4.89,0.36,19-Sep-2025,21-Aug-2026,CHANGE IN FUNDAMENTAL ATTRIBUTE OF HDFC NIFTY 1D RATE LIQUID ETF,0.36371754681352564,28-FEB-25,4.889027152620471,0.04446914952751697,-6.83328217365905,https://nsearchives.nseindia.com/today/HDFCLIQUIDEQN.svg,https://nsearchives.nseindia.com/30d/HDFCLIQUID-EQ.svg,https://nsearchives.nseindia.com/365d/HDFCLIQUID-EQ.svg,EQ
MOREALTY,Motilal Oswal Nifty Realty ETF,87.79,87.79,85.15,86.25,0.6,0.70,335647,28936127.87,85.7399,99.49,64,-,-,-6.219419375883439,-5.7788944723618165,85.65,0,-7.29,-6.1,19-Sep-2025,21-Aug-2026,-,-5.7788944723618165,-,-6.219419375883439,13.307870137702277,-34.765625,https://nsearchives.nseindia.com/today/MOREALTYEQN.svg,https://nsearchives.nseindia.com/30d/MOREALTY-EQ.svg,https://nsearchives.nseindia.com/365d/MOREALTY-EQ.svg,EQ
LOWVOLIETF,Nifty 100 Low Volatility 30 Index,21.63,21.63,21.28,21.46,-0.04,-0.19,1337740,28600881.2,21.5004,26.81,19.84,01-MAR-24,FACE VALUE SPLIT (SUB-DIVISION) - FROM RS 10/- PER SHARE TO RE 1/- PER SHARE,-5.0022133687472286,-3.5505617977528052,21.5,0,-5.41,-3.59,19-Sep-2025,21-Aug-2026,FACE VALUE SPLIT (SUB-DIVISION) - FROM RS 10/- PER SHARE TO RE 1/- PER SHARE,-3.5505617977528052,01-MAR-24,-5.0022133687472286,19.955240581872427,-8.165322580645167,https://nsearchives.nseindia.com/today/LOWVOLIETFEQN.svg,https://nsearchives.nseindia.com/30d/LOWVOLIETF-EQ.svg,https://nsearchives.nseindia.com/365d/LOWVOLIETF-EQ.svg,EQ
NIFTYETF,Nifty 50,255.39,255.85,253.75,254.42,-0.97,-0.38,112153,28556396.86,254.9898,289.05,239.81,-,-,-6.363402156711197,-3.442255873088171,255.39,0,-6.35,-3.33,19-Sep-2025,21-Aug-2026,-,-3.442255873088171,-,-6.363402156711197,11.980626189240624,-6.092323089112208,https://nsearchives.nseindia.com/today/NIFTYETFEQN.svg,https://nsearchives.nseindia.com/30d/NIFTYETF-EQ.svg,https://nsearchives.nseindia.com/365d/NIFTYETF-EQ.svg,EQ
NEXT50IETF,Nifty Next 50,76.35,76.6,75.71,76.1,-0.25,-0.33,364547,27767544.99,76.1541,80.38,62.6,15-NOV-18, FACE VALUE SPLIT (SUB-DIVISION) - FROM RS 10/- PER SHARE TO RS 1/- PER SHARE,3.8907849829351457,-2.498398462524027,76.35,0,4.5,-2.25,19-Sep-2025,21-Aug-2026, FACE VALUE SPLIT (SUB-DIVISION) - FROM RS 10/- PER SHARE TO RS 1/- PER SHARE,-2.498398462524027,15-NOV-18,3.8907849829351457,5.3247076387161005,-21.56549520766772,https://nsearchives.nseindia.com/today/NEXT50IETFEQN.svg,https://nsearchives.nseindia.com/30d/NEXT50IETF-EQ.svg,https://nsearchives.nseindia.com/365d/NEXT50IETF-EQ.svg,EQ
MOMENTUM50,Nifty 500 Momentum 50 Total Return Index,54.07,54.37,53.36,53.65,-0.16,-0.30,435747,23486763.3,53.8722,55.97,44.96,-,-,2.89604909858074,-1.3061074319352481,53.81,0,3.06,-0.74,19-Sep-2025,21-Aug-2026,-,-1.3061074319352481,-,2.89604909858074,4.145077720207254,-19.328291814946613,https://nsearchives.nseindia.com/today/MOMENTUM50EQN.svg,https://nsearchives.nseindia.com/30d/MOMENTUM50-EQ.svg,https://nsearchives.nseindia.com/365d/MOMENTUM50-EQ.svg,EQ
ABSLBANETF,Nifty Bank,58.15,58.15,57.57,57.8,-0.07,-0.12,393885,22687776,57.9738,64.94,50.97,25-NOV-21, FACE VALUE SPLIT (SUB-DIVISION) - FROM RS 10/- PER SHARE TO RE 1/- PER SHARE,2.6825368626754273,-1.415657513218498,57.87,0,1.9,-2.2,19-Sep-2025,21-Aug-2026, FACE VALUE SPLIT (SUB-DIVISION) - FROM RS 10/- PER SHARE TO RE 1/- PER SHARE,-1.415657513218498,25-NOV-21,2.6825368626754273,10.99476439790576,-13.4000392387679,https://nsearchives.nseindia.com/today/ABSLBANETFEQN.svg,https://nsearchives.nseindia.com/30d/ABSLBANETF-EQ.svg,https://nsearchives.nseindia.com/365d/ABSLBANETF-EQ.svg,EQ
HNGSNGBEES,Hang Seng Index,465.4,466.98,462.16,462.99,-0.14,-0.03,46908,21761090.28,455.5193,579.92,443.42,19-DEC-19, FACE VALUE SPLIT (SUB-DIVISION) - FROM RS 10/- TO RS 1/-,-12.084385621783792,-2.4133715538318836,463.13,0,-11.96,-4.16,19-Sep-2025,21-Aug-2026, FACE VALUE SPLIT (SUB-DIVISION) - FROM RS 10/- TO RS 1/-,-2.4133715538318836,19-DEC-19,-12.084385621783792,20.16312594840667,-4.413422939876414,https://nsearchives.nseindia.com/today/HNGSNGBEESEQN.svg,https://nsearchives.nseindia.com/30d/HNGSNGBEES-EQ.svg,https://nsearchives.nseindia.com/365d/HNGSNGBEES-EQ.svg,EQ
HEALTHIETF,Nifty Healthcare Index,173.01,173.8,171,171,-1.96,-1.13,125259,21565842.03,172.4435,174.82,138.65,-,-,13.312570406202376,1.3813956245924068,172.96,0,13.89,2.64,19-Sep-2025,21-Aug-2026,-,1.3813956245924068,-,13.312570406202376,2.1851046790984974,-23.332131265777132,https://nsearchives.nseindia.com/today/HEALTHIETFEQN.svg,https://nsearchives.nseindia.com/30d/HEALTHIETF-EQ.svg,https://nsearchives.nseindia.com/365d/HEALTHIETF-EQ.svg,EQ
PVTBANIETF,Nifty Private Bank Index,28.37,28.37,27.58,27.77,0.09,0.33,755688,20932557.6,27.6942,30.32,24.18,01-MAR-24,FACE VALUE SPLIT (SUB-DIVISION) - FROM RS 10/- PER SHARE TO RE 1/- PER SHARE,2.434526005164147,-0.4659498207885269,27.68,0,1.99,-0.9,19-Sep-2025,21-Aug-2026,FACE VALUE SPLIT (SUB-DIVISION) - FROM RS 10/- PER SHARE TO RE 1/- PER SHARE,-0.4659498207885269,01-MAR-24,2.434526005164147,8.41029023746702,-14.846980976013235,https://nsearchives.nseindia.com/today/PVTBANIETFEQN.svg,https://nsearchives.nseindia.com/30d/PVTBANIETF-EQ.svg,https://nsearchives.nseindia.com/365d/PVTBANIETF-EQ.svg,EQ
SETFNIFBK,Nifty Bank,581.09,582.32,576.61,577.9,-2.5,-0.43,34953,20194095.75,580.8297,646.11,465.64,02-NOV-17, DIVIDEND - RS 3.50 PER UNIT,1.9547651811862543,-2.065786574929257,580.4,0,1.99,-2.16,19-Sep-2025,21-Aug-2026, DIVIDEND - RS 3.50 PER UNIT,-2.065786574929257,02-NOV-17,1.9547651811862543,10.557025893423726,-24.10875354351001,https://nsearchives.nseindia.com/today/SETFNIFBKEQN.svg,https://nsearchives.nseindia.com/30d/SETFNIFBK-EQ.svg,https://nsearchives.nseindia.com/365d/SETFNIFBK-EQ.svg,EQ
BSLNIFTY,Nifty 50,27.56,28.24,27.2,27.46,-0.1,-0.36,729462,20045615.76,27.4818,33,25.7,25-NOV-21, FACE VALUE SPLIT (SUB-DIVISION) - FROM RS 10/- PER SHARE TO RE 1/- PER SHARE,-6.151742993848258,-3.343892995424144,27.56,0,-6.35,-3.3,19-Sep-2025,21-Aug-2026, FACE VALUE SPLIT (SUB-DIVISION) - FROM RS 10/- PER SHARE TO RE 1/- PER SHARE,-3.343892995424144,25-NOV-21,-6.151742993848258,16.787878787878785,-6.848249027237361,https://nsearchives.nseindia.com/today/BSLNIFTYEQN.svg,https://nsearchives.nseindia.com/30d/BSLNIFTY-EQ.svg,https://nsearchives.nseindia.com/365d/BSLNIFTY-EQ.svg,EQ
EBBETF0430,Nifty BHARAT Bond,1604.41,1613.87,1604.41,1608,-1.4,-0.09,12362,19885760.44,1611.3091,1646.18,1510.35,-,-,4.784370967952149,-0.019274891034685195,1609.4,0,4.89,-0.09,19-Sep-2025,21-Aug-2026,-,-0.019274891034685195,-,4.784370967952149,2.3193089455588125,-6.465388817161592,https://nsearchives.nseindia.com/today/EBBETF0430EQN.svg,https://nsearchives.nseindia.com/30d/EBBETF0430-EQ.svg,https://nsearchives.nseindia.com/365d/EBBETF0430-EQ.svg,EQ
IT,NIFTY IT Index,32.1,32.11,31.55,31.85,-0.29,-0.90,588058,18670841.5,32.0455,44.49,28.54,-,-,-17.572463768115938,-5.852793378657987,32.14,0,-19.31,-4.71,19-Sep-2025,21-Aug-2026,-,-5.852793378657987,-,-17.572463768115938,28.41087884917959,-11.597757533286623,https://nsearchives.nseindia.com/today/ITEQN.svg,https://nsearchives.nseindia.com/30d/IT-EQ.svg,https://nsearchives.nseindia.com/365d/IT-EQ.svg,EQ
ITIETF,Nifty IT Index,32.13,32.19,31.58,31.8,-0.33,-1.03,583650,18525051,32.072,44.3,28.54,01-SEP-22,FACE VALUE SPLIT (SUB-DIVISION) - FROM RS 10/- PER UNIT TO RE 1/- PER UNIT,-17.893106119287367,-6.139315230224326,32.13,0,-19.43,-5.44,19-Sep-2025,21-Aug-2026,FACE VALUE SPLIT (SUB-DIVISION) - FROM RS 10/- PER UNIT TO RE 1/- PER UNIT,-6.139315230224326,01-SEP-22,-17.893106119287367,28.216704288939045,-11.42256482130344,https://nsearchives.nseindia.com/today/ITIETFEQN.svg,https://nsearchives.nseindia.com/30d/ITIETF-EQ.svg,https://nsearchives.nseindia.com/365d/ITIETF-EQ.svg,EQ
MOCAPITAL,Nifty Capital Market Total Return Index,53.01,53.69,52.91,53.18,0.25,0.47,338511,17971548.99,52.8195,57.25,41.31,-,-,22.16861934298185,-3.1329690346083767,52.93,0,20.35,-2.77,19-Sep-2025,21-Aug-2026,-,-3.1329690346083767,-,22.16861934298185,7.109170305676856,-28.73396272089082,https://nsearchives.nseindia.com/today/MOCAPITALEQN.svg,https://nsearchives.nseindia.com/30d/MOCAPITAL-EQ.svg,https://nsearchives.nseindia.com/365d/MOCAPITAL-EQ.svg,EQ
QGOLDHALF,Gold,125.82,125.9,124.6,125.4,-0.42,-0.33,142236,17819326.08,125.7847,149.69,90.75,16-DEC-21, FACE VALUE SPLIT (SUB-DIVISION) - FROM RS 100 PER SHARE TO RS 2 PER SHARE,34.72281908036099,-6.018136850783183,125.82,0,37.87,-4.43,19-Sep-2025,21-Aug-2026, FACE VALUE SPLIT (SUB-DIVISION) - FROM RS 100 PER SHARE TO RS 2 PER SHARE,-6.018136850783183,16-DEC-21,34.72281908036099,16.226868862315445,-38.18181818181819,https://nsearchives.nseindia.com/today/QGOLDHALFEQN.svg,https://nsearchives.nseindia.com/30d/QGOLDHALF-EQ.svg,https://nsearchives.nseindia.com/365d/QGOLDHALF-EQ.svg,EQ
MIDCAPIETF,Nifty Midcap 150,23.66,23.85,23.48,23.6,-0.03,-0.13,714577,16914037.59,23.635,24.88,19.89,10-MAY-24,FACE VALUE SPLIT (SUB-DIVISION) - FROM RS 10/- PER SHARE TO RE 1/- PER SHARE,4.982206405693955,-2.398676592224972,23.63,0,4.6,-2.6,19-Sep-2025,21-Aug-2026,FACE VALUE SPLIT (SUB-DIVISION) - FROM RS 10/- PER SHARE TO RE 1/- PER SHARE,-2.398676592224972,10-MAY-24,4.982206405693955,5.144694533762048,-18.65258924082454,https://nsearchives.nseindia.com/today/MIDCAPIETFEQN.svg,https://nsearchives.nseindia.com/30d/MIDCAPIETF-EQ.svg,https://nsearchives.nseindia.com/365d/MIDCAPIETF-EQ.svg,EQ
NEXT50,Nifty Next 50,746.51,748.72,741.06,741.23,-4.28,-0.57,22526,16778716.36,745.1593,785.96,617,-,-,3.264140429088892,-2.8939370120002135,745.51,0,4.37,-2.39,19-Sep-2025,21-Aug-2026,-,-2.8939370120002135,-,3.264140429088892,5.691129319558249,-20.13452188006483,https://nsearchives.nseindia.com/today/NEXT50EQN.svg,https://nsearchives.nseindia.com/30d/NEXT50-EQ.svg,https://nsearchives.nseindia.com/365d/NEXT50-EQ.svg,EQ
CHEMICAL,Nifty Chemicals Index (TRI),29.6,29.68,29.36,29.55,0.16,0.54,550652,16266260.08,29.412,31.8,24.5,-,-,Infinity,-1.7292983039574312,29.39,0,0,-2.81,,21-Aug-2026,-,-1.7292983039574312,-,Infinity,7.0754716981132075,-20.612244897959187,https://nsearchives.nseindia.com/today/CHEMICALEQN.svg,https://nsearchives.nseindia.com/30d/CHEMICAL-EQ.svg,,EQ
BANKETF,Mirae Asset Nifty Bank ETF,561.51,577.98,561.51,573.4,-2.51,-0.44,28055,16135552.7,576.1857,628.27,507.01,-,-,2.2376749576535535,-1.9996581780892233,575.91,0,2.38,-2.09,19-Sep-2025,21-Aug-2026,-,-1.9996581780892233,-,2.2376749576535535,8.733506295064224,-13.094416283702488,https://nsearchives.nseindia.com/today/BANKETFEQN.svg,https://nsearchives.nseindia.com/30d/BANKETF-EQ.svg,https://nsearchives.nseindia.com/365d/BANKETF-EQ.svg,EQ
ITETF,Mirae Asset Nifty IT ETF,30.6,30.6,30.09,30.37,-0.22,-0.72,531253,16086340.84,30.5839,42.02,27.22,-,-,-17.71877539962069,-6.178560395427855,30.59,0,-19.58,-5.26,19-Sep-2025,21-Aug-2026,-,-6.178560395427855,-,-17.71877539962069,27.724892908138983,-11.572373254959597,https://nsearchives.nseindia.com/today/ITETFEQN.svg,https://nsearchives.nseindia.com/30d/ITETF-EQ.svg,https://nsearchives.nseindia.com/365d/ITETF-EQ.svg,EQ
MID150CASE,Zerodha Nifty Midcap 150 ETF,11.31,11.8,11.31,11.46,-0.06,-0.52,1366142,15710633,11.498,13,9.63,-,-,5.622119815668214,-2.798982188295151,11.52,0,5.4,-2.12,19-Sep-2025,21-Aug-2026,-,-2.798982188295151,-,5.622119815668214,11.84615384615384,-19.003115264797508,https://nsearchives.nseindia.com/today/MID150CASEEQN.svg,https://nsearchives.nseindia.com/30d/MID150CASE-EQ.svg,https://nsearchives.nseindia.com/365d/MID150CASE-EQ.svg,EQ
DEFENCE,BSE India Defence,79.02,79.8,78.8,78.98,-0.04,-0.05,190693,15116234.11,78.8371,85.6,58.91,-,-,Infinity,-3.7768031189083753,79.02,0,0,-4.38,,21-Aug-2026,-,-3.7768031189083753,-,Infinity,7.733644859813074,-34.06891868952641,https://nsearchives.nseindia.com/today/DEFENCEEQN.svg,https://nsearchives.nseindia.com/30d/DEFENCE-EQ.svg,,EQ
SML100CASE,Nifty Smallcap 100 Index,11.56,11.56,11.25,11.32,0.04,0.35,1248407,14106999.1,11.2974,11.77,8.5,-,-,9.796314258001937,0,11.28,0,8.05,-0.88,19-Sep-2025,21-Aug-2026,-,0,-,9.796314258001937,3.823279524214098,-33.1764705882353,https://nsearchives.nseindia.com/today/SML100CASEEQN.svg,https://nsearchives.nseindia.com/30d/SML100CASE-EQ.svg,https://nsearchives.nseindia.com/365d/SML100CASE-EQ.svg,EQ
MOM30IETF,ICICI Prudential Nifty 200 Momentum 30 ETF,31.09,31.14,30.77,30.95,0.04,0.13,448767,13902801.66,30.8878,32.9,26,12-AUG-22,ADDITONAL ISSUANCE 9:1,-1.621106166560717,-1.9328263624841555,30.91,0,-2.06,-1.69,19-Sep-2025,21-Aug-2026,ADDITONAL ISSUANCE 9:1,-1.9328263624841555,12-AUG-22,-1.621106166560717,5.927051671732522,-19.038461538461537,https://nsearchives.nseindia.com/today/MOM30IETFEQN.svg,https://nsearchives.nseindia.com/30d/MOM30IETF-EQ.svg,https://nsearchives.nseindia.com/365d/MOM30IETF-EQ.svg,EQ
LIQUIDSHRI,SHRIRAM NIFTY 1D RATE LIQUID ETF,1122.42,1122.44,1122.42,1122.44,0.16,0.01,11842,13291816.06,1122.2863,1122.44,1071.55,-,-,4.7491950912230045,0.34418330219295157,1122.28,0,4.75,0.34,19-Sep-2025,21-Aug-2026,-,0.34418330219295157,-,4.7491950912230045,0,-4.7491950912230045,https://nsearchives.nseindia.com/today/LIQUIDSHRIEQN.svg,https://nsearchives.nseindia.com/30d/LIQUIDSHRI-EQ.svg,https://nsearchives.nseindia.com/365d/LIQUIDSHRI-EQ.svg,EQ
GROWWPOWER,BSE Power Index - TRI,11.44,11.44,11.12,11.17,-0.05,-0.45,1157658,13012075.92,11.2071,13.2,7.75,-,-,7.197696737044146,-1.8453427065026435,11.22,0,9.04,-0.97,19-Sep-2025,21-Aug-2026,-,-1.8453427065026435,-,7.197696737044146,15.378787878787875,-44.12903225806452,https://nsearchives.nseindia.com/today/GROWWPOWEREQN.svg,https://nsearchives.nseindia.com/30d/GROWWPOWER-EQ.svg,https://nsearchives.nseindia.com/365d/GROWWPOWER-EQ.svg,EQ
MAHKTECH,Hang Seng TECH Total Return Index,22.31,22.31,21.8,22.08,0.31,1.42,556489,12259452.67,18.1859,35.59,21,-,-,-22.716135806790348,-3.28515111695138,21.77,0,-24.25,-5.76,19-Sep-2025,21-Aug-2026,-,-3.28515111695138,-,-22.716135806790348,37.960101152009,-5.142857142857134,https://nsearchives.nseindia.com/today/MAHKTECHEQN.svg,https://nsearchives.nseindia.com/30d/MAHKTECH-EQ.svg,https://nsearchives.nseindia.com/365d/MAHKTECH-EQ.svg,EQ
NIFTY1,Nifty 50,261.87,263.01,258.93,259.51,-0.9,-0.35,45764,11894978.88,260.1488,295.8,244.8,27-JUL-17, FACE VALUE SPLIT (SUB-DIVISION) - FROM RS 10/- PER SHARE TO RS 1/- PER SHARE,-6.38842796335042,-3.4991819128365402,260.41,0,-6.39,-3.43,19-Sep-2025,21-Aug-2026, FACE VALUE SPLIT (SUB-DIVISION) - FROM RS 10/- PER SHARE TO RS 1/- PER SHARE,-3.4991819128365402,27-JUL-17,-6.38842796335042,12.268424611223805,-6.008986928104567,https://nsearchives.nseindia.com/today/NIFTY1EQN.svg,https://nsearchives.nseindia.com/30d/NIFTY1-EQ.svg,https://nsearchives.nseindia.com/365d/NIFTY1-EQ.svg,EQ
HDFCMID150,HDFC NIFTY Midcap 150 ETF,23.25,23.25,23.05,23.19,0.08,0.35,498977,11551317.55,23.1191,25.2,19.42,20-OCT-23,FACE VALUE SPLIT (SUB-DIVISION) - FROM RS 115.95/- PER SHARE TO RS 11.59/- PER SHARE,5.31335149863761,-2.2756005056889976,23.11,0,4.48,-2.41,19-Sep-2025,21-Aug-2026,FACE VALUE SPLIT (SUB-DIVISION) - FROM RS 115.95/- PER SHARE TO RS 11.59/- PER SHARE,-2.2756005056889976,20-OCT-23,5.31335149863761,7.976190476190468,-19.412976313079294,https://nsearchives.nseindia.com/today/HDFCMID150EQN.svg,https://nsearchives.nseindia.com/30d/HDFCMID150-EQ.svg,https://nsearchives.nseindia.com/365d/HDFCMID150-EQ.svg,EQ
SETFNN50,Nifty Next 50,776.75,777.9,770.24,776.99,0.61,0.08,14862,11507052.12,773.6319,840,636.01,02-NOV-17, DIVIDEND - RS 7/- PER UNIT,4.495938458227993,-2.011501500744072,776.38,0,4.77,-2.22,19-Sep-2025,21-Aug-2026, DIVIDEND - RS 7/- PER UNIT,-2.011501500744072,02-NOV-17,4.495938458227993,7.501190476190475,-22.166318139651896,https://nsearchives.nseindia.com/today/SETFNN50EQN.svg,https://nsearchives.nseindia.com/30d/SETFNN50-EQ.svg,https://nsearchives.nseindia.com/365d/SETFNN50-EQ.svg,EQ
GROWWDEFNC,Nifty India Defence Index- Total Return Index,94.02,95.32,93.74,94.5,0.48,0.51,116798,11038578.98,94.0231,102.07,71.78,-,-,14.448346857212073,-2.6676279740447044,94.02,0,12.94,-4.4,19-Sep-2025,21-Aug-2026,-,-2.6676279740447044,-,14.448346857212073,7.416478887038301,-31.652270827528557,https://nsearchives.nseindia.com/today/GROWWDEFNCEQN.svg,https://nsearchives.nseindia.com/30d/GROWWDEFNC-EQ.svg,https://nsearchives.nseindia.com/365d/GROWWDEFNC-EQ.svg,EQ
SMALL250,Nifty Smallcap 250,18.73,18.73,18.29,18.35,-0.01,-0.05,597786,10963395.24,18.3461,19.95,14.16,-,-,Infinity,-0.5420054200541891,18.36,0,0,-0.6,,21-Aug-2026,-,-0.5420054200541891,-,Infinity,8.020050125313272,-29.590395480225997,https://nsearchives.nseindia.com/today/SMALL250EQN.svg,https://nsearchives.nseindia.com/30d/SMALL250-EQ.svg,,EQ
COMMOIETF,ICICI Prudential Nifty Commodities ETF,97.96,98.98,97.11,97.92,0.43,0.44,103277,10083966.28,97.4021,110.56,90,-,-,6.042884990253409,-2.2461814914645104,97.49,0,6.13,-2.08,19-Sep-2025,21-Aug-2026,-,-2.2461814914645104,-,6.042884990253409,11.432706222865413,-8.800000000000002,https://nsearchives.nseindia.com/today/COMMOIETFEQN.svg,https://nsearchives.nseindia.com/30d/COMMOIETF-EQ.svg,https://nsearchives.nseindia.com/365d/COMMOIETF-EQ.svg,EQ
OILIETF,Nifty Oil & Gas Index,11.19,11.23,11,11.14,-0.05,-0.45,880678,9801946.14,11.1867,14,9.8,-,-,-3.2986111111111027,-1.6769638128861386,11.19,0,-2.36,-1.15,19-Sep-2025,21-Aug-2026,-,-1.6769638128861386,-,-3.2986111111111027,20.428571428571423,-13.673469387755102,https://nsearchives.nseindia.com/today/OILIETFEQN.svg,https://nsearchives.nseindia.com/30d/OILIETF-EQ.svg,https://nsearchives.nseindia.com/365d/OILIETF-EQ.svg,EQ
GILT5YBEES,Nifty 5 yr Benchmark G-Sec Index,65.95,66.02,65.78,65.92,0.08,0.12,145399,9586156.07,65.9337,69,61.45,-,-,4.767959313413859,-0.36275695284158843,65.84,0,4.91,-0.48,19-Sep-2025,21-Aug-2026,-,-0.36275695284158843,-,4.767959313413859,4.463768115942027,-7.274206672091129,https://nsearchives.nseindia.com/today/GILT5YBEESEQN.svg,https://nsearchives.nseindia.com/30d/GILT5YBEES-EQ.svg,https://nsearchives.nseindia.com/365d/GILT5YBEES-EQ.svg,EQ
TOP100CASE,Zerodha Nifty 100 ETF,10.43,10.45,10.26,10.32,-0.03,-0.29,903235,9312352.85,10.3292,11.57,9.48,-,-,-4.621072088724584,-3.189493433395871,10.35,0,-4.61,-2.91,19-Sep-2025,21-Aug-2026,-,-3.189493433395871,-,-4.621072088724584,10.8038029386344,-8.860759493670884,https://nsearchives.nseindia.com/today/TOP100CASEEQN.svg,https://nsearchives.nseindia.com/30d/TOP100CASE-EQ.svg,https://nsearchives.nseindia.com/365d/TOP100CASE-EQ.svg,EQ
ABSLLIQUID,Aditya Birla Sun Life CRISIL Overnight Fund AI ETF,1000,1000.01,999.99,1000,0.01,0.00,9206,9205907.94,1000,1044.99,975,-,-,0.0010000100000990915,0,999.99,0,0,0,19-Sep-2025,21-Aug-2026,-,0,-,0.0010000100000990915,4.3053043569794935,-2.5641025641025643,https://nsearchives.nseindia.com/today/ABSLLIQUIDEQN.svg,https://nsearchives.nseindia.com/30d/ABSLLIQUID-EQ.svg,https://nsearchives.nseindia.com/365d/ABSLLIQUID-EQ.svg,EQ
MOM100,Nifty Midcap 100,67.25,67.4,66.66,66.66,-0.44,-0.66,137012,9189394.84,66.9718,70.32,56.15,-,-,5.474683544303788,-3.194888178913742,67.1,0,5.55,-2.49,19-Sep-2025,21-Aug-2026,-,-3.194888178913742,-,5.474683544303788,5.204778156996583,-18.717720391807653,https://nsearchives.nseindia.com/today/MOM100EQN.svg,https://nsearchives.nseindia.com/30d/MOM100-EQ.svg,https://nsearchives.nseindia.com/365d/MOM100-EQ.svg,EQ
GROWWNET,Index,11.05,11.2,10.89,11.08,0.08,0.73,793359,8766616.95,10.9641,11.4,7.93,-,-,1.558203483043079,2.5925925925925863,11,0,1.48,2.23,19-Sep-2025,21-Aug-2026,-,2.5925925925925863,-,1.558203483043079,2.8070175438596516,-39.72257250945776,https://nsearchives.nseindia.com/today/GROWWNETEQN.svg,https://nsearchives.nseindia.com/30d/GROWWNET-EQ.svg,https://nsearchives.nseindia.com/365d/GROWWNET-EQ.svg,EQ
BANKNIFTY1,Nifty Bank,58.43,58.85,58.3,58.36,-0.25,-0.43,147348,8625751.92,58.6914,65.29,51.71,27-FEB-26,FACE VALUE SPLIT (SUB-DIVISION) - FROM RS 10/- PER SHARE TO RE 1/- PER SHARE,-89.78488036267525,-1.9653955988577216,58.61,0,-89.76,-2.09,19-Sep-2025,21-Aug-2026,FACE VALUE SPLIT (SUB-DIVISION) - FROM RS 10/- PER SHARE TO RE 1/- PER SHARE,-1.9653955988577216,27-FEB-26,-89.78488036267525,10.61418287639762,-12.860181783020689,https://nsearchives.nseindia.com/today/BANKNIFTY1EQN.svg,https://nsearchives.nseindia.com/30d/BANKNIFTY1-EQ.svg,https://nsearchives.nseindia.com/365d/BANKNIFTY1-EQ.svg,EQ
GROWWHOSPI,BSE Hospitals Index,53.16,53.29,52.57,53.05,-0.02,-0.04,162188,8576501.44,52.8919,62,43.35,-,-,Infinity,2.770244091437427,53.07,0,0,2.47,,21-Aug-2026,-,2.770244091437427,-,Infinity,14.435483870967746,-22.37600922722029,https://nsearchives.nseindia.com/today/GROWWHOSPIEQN.svg,https://nsearchives.nseindia.com/30d/GROWWHOSPI-EQ.svg,,EQ
MIDSELIETF,S&P BSE Midcap Select Index,19.78,19.78,19.6,19.71,0.01,0.05,430796,8473757.32,19.6774,20.39,14.55,10-MAY-24,FACE VALUE SPLIT (SUB-DIVISION) - FROM RS 10/- PER SHARE TO RE 1/- PER SHARE,10.730337078651685,-1.351351351351349,19.7,0,9.69,-1.65,19-Sep-2025,21-Aug-2026,FACE VALUE SPLIT (SUB-DIVISION) - FROM RS 10/- PER SHARE TO RE 1/- PER SHARE,-1.351351351351349,10-MAY-24,10.730337078651685,3.334968121628248,-35.46391752577319,https://nsearchives.nseindia.com/today/MIDSELIETFEQN.svg,https://nsearchives.nseindia.com/30d/MIDSELIETF-EQ.svg,https://nsearchives.nseindia.com/365d/MIDSELIETF-EQ.svg,EQ
EBBETF0433,BHARAT Bond ETF-April 2033,1306.65,1306.65,1302.01,1302.01,-0.05,-0.00,6496,8462534.08,1305.28,1350.32,1243.25,-,-,4.056743256743256,-1.0074053799248819,1302.06,0,4.05,-1.19,19-Sep-2025,21-Aug-2026,-,-1.0074053799248819,-,4.056743256743256,3.577670478108889,-4.726322139553589,https://nsearchives.nseindia.com/today/EBBETF0433EQN.svg,https://nsearchives.nseindia.com/30d/EBBETF0433-EQ.svg,https://nsearchives.nseindia.com/365d/EBBETF0433-EQ.svg,EQ
AUTOIETF,Nifty Auto Index,28.24,28.37,28.08,28.15,-0.09,-0.32,289352,8156832.88,28.1518,31.46,24.2,01-MAR-24,FACE VALUE SPLIT (SUB-DIVISION) - FROM RS 10/- PER SHARE TO RE 1/- PER SHARE,0.7155635062611782,-6.540504648074377,28.24,0,0.79,-6.61,19-Sep-2025,21-Aug-2026,FACE VALUE SPLIT (SUB-DIVISION) - FROM RS 10/- PER SHARE TO RE 1/- PER SHARE,-6.540504648074377,01-MAR-24,0.7155635062611782,10.521296884933255,-16.322314049586776,https://nsearchives.nseindia.com/today/AUTOIETFEQN.svg,https://nsearchives.nseindia.com/30d/AUTOIETF-EQ.svg,https://nsearchives.nseindia.com/365d/AUTOIETF-EQ.svg,EQ
TWCGOLDETF,Commodity,151.2,151.2,149.46,150.98,-0.48,-0.32,51682,7758501.84,151.0056,187.98,123.31,-,-,Infinity,-5.7435385191659485,151.46,0,0,-4.28,,21-Aug-2026,-,-5.7435385191659485,-,Infinity,19.682944994148315,-22.43938042332332,https://nsearchives.nseindia.com/today/TWCGOLDETFEQN.svg,https://nsearchives.nseindia.com/30d/TWCGOLDETF-EQ.svg,,EQ
GROWWEV,Nifty EV and New Age Automotive Index,31.8,31.92,31.29,31.3,-0.49,-1.54,243425,7675190.25,31.6911,34.64,26.2,-,-,-1.3240857503152528,-6.146926536731636,31.79,0,-0.38,-4.82,19-Sep-2025,21-Aug-2026,-,-6.146926536731636,-,-1.3240857503152528,9.64203233256351,-19.465648854961838,https://nsearchives.nseindia.com/today/GROWWEVEQN.svg,https://nsearchives.nseindia.com/30d/GROWWEV-EQ.svg,https://nsearchives.nseindia.com/365d/GROWWEV-EQ.svg,EQ
GOLDBND,Commodity - Gold,151,152.47,150.15,151.46,-0.61,-0.40,50308,7598520.32,151.5919,180.16,115.17,-,-,Infinity,-5.74397909017362,152.07,0,0,-4.1,,21-Aug-2026,-,-5.74397909017362,-,Infinity,15.93028419182948,-31.509941825128074,https://nsearchives.nseindia.com/today/GOLDBNDEQN.svg,https://nsearchives.nseindia.com/30d/GOLDBND-EQ.svg,,EQ
GROWWRAIL,Nifty India Railways PSU Index,27.46,27.46,27.05,27.24,-0.08,-0.29,278757,7590553.11,27.2983,36.75,26.4,-,-,-24.522028262676653,-5.054025792959229,27.32,0,-24.95,-5.01,19-Sep-2025,21-Aug-2026,-,-5.054025792959229,-,-24.522028262676653,25.877551020408166,-3.1818181818181817,https://nsearchives.nseindia.com/today/GROWWRAILEQN.svg,https://nsearchives.nseindia.com/30d/GROWWRAIL-EQ.svg,https://nsearchives.nseindia.com/365d/GROWWRAIL-EQ.svg,EQ
SHARIABEES,Shariah,451.75,451.75,434,439.9,-0.84,-0.19,17144,7484041.76,439.3435,534.61,433.68,10-MAR-14,DIVIDEND-RS.2 PER UNIT,-12.246404276965437,-4.282170677575179,440.74,0,-13.14,-4.05,19-Sep-2025,21-Aug-2026,DIVIDEND-RS.2 PER UNIT,-4.282170677575179,10-MAR-14,-12.246404276965437,17.715718000037416,-1.4342372256041251,https://nsearchives.nseindia.com/today/SHARIABEESEQN.svg,https://nsearchives.nseindia.com/30d/SHARIABEES-EQ.svg,https://nsearchives.nseindia.com/365d/SHARIABEES-EQ.svg,EQ
INFRABEES,Nifty Infra,940.97,944.47,929.88,929.88,-6.41,-0.68,7995,7474205.7,937.4594,1018.3,871.35,-,-,-2.1508544490277015,-3.7490942966566636,936.29,0,-1.74,-3.43,19-Sep-2025,21-Aug-2026,-,-3.7490942966566636,-,-2.1508544490277015,8.68309928311892,-6.7171630228955035,https://nsearchives.nseindia.com/today/INFRABEESEQN.svg,https://nsearchives.nseindia.com/30d/INFRABEES-EQ.svg,https://nsearchives.nseindia.com/365d/INFRABEES-EQ.svg,EQ
HDFCNEXT50,HDFC NIFTY NEXT 50 ETF,73.99,74.07,73.54,73.85,0.01,0.01,99490,7343356.9,73.7632,78.07,59.99,20-OCT-23,FACE VALUE SPLIT (SUB-DIVISION) - FROM RS 418.18/- PER SHARE TO RS 41.81/- PER SHARE,3.6927829261443352,-1.8865417829148423,73.84,0,4.29,-2.08,19-Sep-2025,21-Aug-2026,FACE VALUE SPLIT (SUB-DIVISION) - FROM RS 418.18/- PER SHARE TO RS 41.81/- PER SHARE,-1.8865417829148423,20-OCT-23,3.6927829261443352,5.405405405405404,-23.103850641773615,https://nsearchives.nseindia.com/today/HDFCNEXT50EQN.svg,https://nsearchives.nseindia.com/30d/HDFCNEXT50-EQ.svg,https://nsearchives.nseindia.com/365d/HDFCNEXT50-EQ.svg,EQ
BANKIETF,Nifty Bank,57.3,58.25,57.3,57.78,-0.24,-0.41,126483,7325895.36,58.0679,63.9,51.17,-,-,1.9227376962427296,-1.9015280135823387,58.02,0,1.99,-2.04,19-Sep-2025,21-Aug-2026,-,-1.9015280135823387,-,1.9227376962427296,9.57746478873239,-12.917725229626734,https://nsearchives.nseindia.com/today/BANKIETFEQN.svg,https://nsearchives.nseindia.com/30d/BANKIETF-EQ.svg,https://nsearchives.nseindia.com/365d/BANKIETF-EQ.svg,EQ
MOSMALL250,Motilal Oswal Nifty Smallcap 250 ETF,18.37,18.48,18.2,18.27,-0.09,-0.49,395721,7269394.77,18.3801,19.38,14.22,-,-,5.181347150259059,-1.029252437703149,18.36,0,4.79,-0.7,19-Sep-2025,21-Aug-2026,-,-1.029252437703149,-,5.181347150259059,5.727554179566561,-28.48101265822784,https://nsearchives.nseindia.com/today/MOSMALL250EQN.svg,https://nsearchives.nseindia.com/30d/MOSMALL250-EQ.svg,https://nsearchives.nseindia.com/365d/MOSMALL250-EQ.svg,EQ
HEALTHY,Nifty Healthcare TRI,17.33,17.45,17.2,17.28,-0.05,-0.29,412294,7116194.44,17.2879,17.67,13.58,-,-,14.43708609271524,2.4911032028469853,17.33,0,13.71,2.61,19-Sep-2025,21-Aug-2026,-,2.4911032028469853,-,14.43708609271524,2.207130730050937,-27.245949926362307,https://nsearchives.nseindia.com/today/HEALTHYEQN.svg,https://nsearchives.nseindia.com/30d/HEALTHY-EQ.svg,https://nsearchives.nseindia.com/365d/HEALTHY-EQ.svg,EQ
SBIETFPB,Nifty Private Bank Index,279.37,284.9,278.96,281.66,2.29,0.82,24239,6764135.34,280.0492,304.58,244.18,-,-,2.612117017013376,-0.2655713324598987,279.37,0,1.39,-1.05,19-Sep-2025,21-Aug-2026,-,-0.2655713324598987,-,2.612117017013376,7.525116553943122,-15.349332459660912,https://nsearchives.nseindia.com/today/SBIETFPBEQN.svg,https://nsearchives.nseindia.com/30d/SBIETFPB-EQ.svg,https://nsearchives.nseindia.com/365d/SBIETFPB-EQ.svg,EQ
ALPL30IETF,Nifty Alpha Low-Volatility 30 Index,27.25,27.33,26.99,27.1,-0.15,-0.55,243771,6603756.39,27.167,29.17,24.35,10-MAY-24,FACE VALUE SPLIT (SUB-DIVISION) - FROM RS 10/- PER SHARE TO RE 1/- PER SHARE,-2.2013713460844437,-3.3523537803138295,27.25,0,-2.05,-2.92,19-Sep-2025,21-Aug-2026,FACE VALUE SPLIT (SUB-DIVISION) - FROM RS 10/- PER SHARE TO RE 1/- PER SHARE,-3.3523537803138295,10-MAY-24,-2.2013713460844437,7.096331847788825,-11.293634496919918,https://nsearchives.nseindia.com/today/ALPL30IETFEQN.svg,https://nsearchives.nseindia.com/30d/ALPL30IETF-EQ.svg,https://nsearchives.nseindia.com/365d/ALPL30IETF-EQ.svg,EQ
LICMFGOLD,Gold,136.85,136.9,135.2,135.9,-0.55,-0.40,48124,6540532.84,,162,99.85,06-MAR-26,FACE VALUE SPLIT (SUB-DIVISION) - FROM RS 100/- PER SHARE TO RE 1/- PER SHARE,-98.65734017012953,-5.98408855067451,136.45,0,-98.63,-4.28,19-Sep-2025,21-Aug-2026,FACE VALUE SPLIT (SUB-DIVISION) - FROM RS 100/- PER SHARE TO RE 1/- PER SHARE,-5.98408855067451,06-MAR-26,-98.65734017012953,16.111111111111107,-36.104156234351535,https://nsearchives.nseindia.com/today/LICMFGOLDEQN.svg,https://nsearchives.nseindia.com/30d/LICMFGOLD-EQ.svg,https://nsearchives.nseindia.com/365d/LICMFGOLD-EQ.svg,EQ
NIFTYCASE,Nifty Index 50 Index,9.64,9.64,9.25,9.41,0,0.00,694769,6523880.91,9.4104,11.61,8.84,-,-,Infinity,-3.089598352214219,9.41,0,0,-3.29,,21-Aug-2026,-,-3.089598352214219,-,Infinity,18.94918173987941,-6.447963800904981,https://nsearchives.nseindia.com/today/NIFTYCASEEQN.svg,https://nsearchives.nseindia.com/30d/NIFTYCASE-EQ.svg,,EQ
INSUREIETF,BSE Insurance Index,15.44,16,15.09,15.2,-0.02,-0.13,427861,6520601.64,15.1689,16.46,14.36,-,-,Infinity,-1.9987105093488104,15.22,0,0,-2.62,,21-Aug-2026,-,-1.9987105093488104,-,Infinity,7.654921020656145,-5.8495821727019495,https://nsearchives.nseindia.com/today/INSUREIETFEQN.svg,https://nsearchives.nseindia.com/30d/INSUREIETF-EQ.svg,,EQ
INFRAIETF,ICICI Prudential Nifty Infrastructure ETF,93.4,93.78,92.65,93.48,0.32,0.34,67131,6249224.79,93.3156,101,86.8,-,-,-1.1002962336013458,-2.574257425742573,93.16,0,-1.82,-3.03,19-Sep-2025,21-Aug-2026,-,-2.574257425742573,-,-1.1002962336013458,7.445544554455441,-7.69585253456222,https://nsearchives.nseindia.com/today/INFRAIETFEQN.svg,https://nsearchives.nseindia.com/30d/INFRAIETF-EQ.svg,https://nsearchives.nseindia.com/365d/INFRAIETF-EQ.svg,EQ
IVZINGOLD,Gold,132,132.1,130.65,131.7,-0.35,-0.27,47281,6214141.83,131.9909,156,96.07,30-APR-26,FACE VALUE SPLIT (SUB-DIVISION) - FROM RS 100/- PER SHARE TO RE 1/- PER SHARE,-98.65585499155443,-6.0292543703175285,132.05,0,-98.62,-4.66,19-Sep-2025,21-Aug-2026,FACE VALUE SPLIT (SUB-DIVISION) - FROM RS 100/- PER SHARE TO RE 1/- PER SHARE,-6.0292543703175285,30-APR-26,-98.65585499155443,15.576923076923082,-37.08754033517227,https://nsearchives.nseindia.com/today/IVZINGOLDEQN.svg,https://nsearchives.nseindia.com/30d/IVZINGOLD-EQ.svg,https://nsearchives.nseindia.com/365d/IVZINGOLD-EQ.svg,EQ
HDFCMOMENT,HDFC NIFTY200 Momentum 30 ETF,30.79,30.83,30.5,30.74,0.1,0.33,198472,6091105.68,30.6147,33.23,27.13,20-OCT-23,FACE VALUE SPLIT (SUB-DIVISION) - FROM RS 190.61/- PER SHARE TO RS 19.061/- PER SHARE,-1.5374759769378619,-1.6949152542372918,30.64,0,-1.67,-1.67,19-Sep-2025,21-Aug-2026,FACE VALUE SPLIT (SUB-DIVISION) - FROM RS 190.61/- PER SHARE TO RS 19.061/- PER SHARE,-1.6949152542372918,20-OCT-23,-1.5374759769378619,7.493229009930781,-13.306302985624768,https://nsearchives.nseindia.com/today/HDFCMOMENTEQN.svg,https://nsearchives.nseindia.com/30d/HDFCMOMENT-EQ.svg,https://nsearchives.nseindia.com/365d/HDFCMOMENT-EQ.svg,EQ
MIDSMALL,Mirae Asset Nifty MidSmallcap400 Momentum Quality 100 ETF,51.63,51.63,51.09,51.25,-0.12,-0.23,116835,5993635.5,51.3382,53.07,42.41,-,-,3.850050658561294,-1.9701606732976302,51.37,0,3.26,-1.76,19-Sep-2025,21-Aug-2026,-,-1.9701606732976302,-,3.850050658561294,3.4294328245713213,-20.844140532893196,https://nsearchives.nseindia.com/today/MIDSMALLEQN.svg,https://nsearchives.nseindia.com/30d/MIDSMALL-EQ.svg,https://nsearchives.nseindia.com/365d/MIDSMALL-EQ.svg,EQ
GROWWNIFTY,Nifty 50 Index - TRI,9.73,9.73,9.43,9.45,-0.05,-0.53,583316,5524002.52,9.4714,11.88,8.93,-,-,-6.435643564356439,-3.571428571428586,9.5,0,-6.59,-3.16,19-Sep-2025,21-Aug-2026,-,-3.571428571428586,-,-6.435643564356439,20.454545454545464,-5.823068309070544,https://nsearchives.nseindia.com/today/GROWWNIFTYEQN.svg,https://nsearchives.nseindia.com/30d/GROWWNIFTY-EQ.svg,https://nsearchives.nseindia.com/365d/GROWWNIFTY-EQ.svg,EQ
ESILVER,Edelweiss Silver ETF,231.51,232.63,228.26,229.53,-1.99,-0.86,23570,5430763.7,232.4808,375,131.3,-,-,71.62404665769402,-5.195985295939868,231.52,0,79.07,-5,19-Sep-2025,21-Aug-2026,-,-5.195985295939868,-,71.62404665769402,38.792,-74.8134044173648,https://nsearchives.nseindia.com/today/ESILVEREQN.svg,https://nsearchives.nseindia.com/30d/ESILVER-EQ.svg,https://nsearchives.nseindia.com/365d/ESILVER-EQ.svg,EQ
MIDBANKADD,BSE MidSmall Private Banks Index,17.14,17.15,17,17.07,-0.05,-0.29,308564,5264101.84,17.0723,18.22,16.94,-,-,Infinity,-2.289639381797359,17.12,0,0,-3,,21-Aug-2026,-,-2.289639381797359,-,Infinity,6.311745334796919,-0.7674144037780342,https://nsearchives.nseindia.com/today/MIDBANKADDEQN.svg,https://nsearchives.nseindia.com/30d/MIDBANKADD-EQ.svg,,EQ
MOSILVER,Domestic Price of Physical Silver,230.2,230.2,226,228.59,-1,-0.44,22873,5225565.58,230.0967,385,129.51,-,-,69.74084799881193,-4.5513382604701675,229.59,0,79.17,-4.34,19-Sep-2025,21-Aug-2026,-,-4.5513382604701675,-,69.74084799881193,40.625974025974024,-76.50374488456492,https://nsearchives.nseindia.com/today/MOSILVEREQN.svg,https://nsearchives.nseindia.com/30d/MOSILVER-EQ.svg,https://nsearchives.nseindia.com/365d/MOSILVER-EQ.svg,EQ
AONEGOLD,Domestic price of Gold,14.36,14.36,14.05,14.17,-0.03,-0.21,361549,5108687.37,14.1795,17.73,10.22,-,-,35.20992366412213,-5.659121171770971,14.2,0,37.73,-3.99,19-Sep-2025,21-Aug-2026,-,-5.659121171770971,-,35.20992366412213,20.07896221094191,-38.649706457925625,https://nsearchives.nseindia.com/today/AONEGOLDEQN.svg,https://nsearchives.nseindia.com/30d/AONEGOLD-EQ.svg,https://nsearchives.nseindia.com/365d/AONEGOLD-EQ.svg,EQ
MONIFTY500,Motilal Oswal Nifty 500 ETF,23.47,23.59,23.34,23.46,-0.01,-0.04,213318,4998040.74,23.4029,28.28,20.75,-,-,-1.6352201257861658,-2.33139050791007,23.47,0,-2.17,-1.92,19-Sep-2025,21-Aug-2026,-,-2.33139050791007,-,-1.6352201257861658,17.04384724186704,-13.060240963855428,https://nsearchives.nseindia.com/today/MONIFTY500EQN.svg,https://nsearchives.nseindia.com/30d/MONIFTY500-EQ.svg,https://nsearchives.nseindia.com/365d/MONIFTY500-EQ.svg,EQ
MOMIDMTM,Nifty Midcap 150 Momentum 50 Total Return Index,62.42,64.68,62.42,63.41,-0.62,-0.97,77472,4954334.4,63.851,70,54.78,-,-,1.8634538152610387,-2.3860837438423603,64.03,0,2.28,-1.1,19-Sep-2025,21-Aug-2026,-,-2.3860837438423603,-,1.8634538152610387,9.41428571428572,-15.75392479006936,https://nsearchives.nseindia.com/today/MOMIDMTMEQN.svg,https://nsearchives.nseindia.com/30d/MOMIDMTM-EQ.svg,https://nsearchives.nseindia.com/365d/MOMIDMTM-EQ.svg,EQ
BFSI,Nifty Financial Services Index,25.96,26.73,25.96,26.49,-0.14,-0.53,181085,4805995.9,26.5639,29.94,24.03,-,-,-3.215199123127521,-2.4668630338733495,26.63,0,-2.92,-2.49,19-Sep-2025,21-Aug-2026,-,-2.4668630338733495,-,-3.215199123127521,11.523046092184378,-10.23720349563045,https://nsearchives.nseindia.com/today/BFSIEQN.svg,https://nsearchives.nseindia.com/30d/BFSI-EQ.svg,https://nsearchives.nseindia.com/365d/BFSI-EQ.svg,EQ
INTERNET,Equity Index,14.86,15,14.8,14.99,0.19,1.28,321002,4798979.9,14.8115,15.8,10.72,-,-,1.9034670292318105,2.1117166212534095,14.8,0,0.89,1.51,19-Sep-2025,21-Aug-2026,-,2.1117166212534095,-,1.9034670292318105,5.126582278481016,-39.8320895522388,https://nsearchives.nseindia.com/today/INTERNETEQN.svg,https://nsearchives.nseindia.com/30d/INTERNET-EQ.svg,https://nsearchives.nseindia.com/365d/INTERNET-EQ.svg,EQ
MIDCAP,Nifty Midcap 50 Index,18.26,18.48,18.06,18.34,0.08,0.44,260998,4763213.5,18.2748,19.27,15.01,27-FEB-26,FACE VALUE SPLIT (SUB-DIVISION) - FROM RS 10/- PER SHARE TO RE 1/- PER SHARE,-89.10732315733206,-2.029914529914525,18.26,0,-89.2,-2.41,19-Sep-2025,21-Aug-2026,FACE VALUE SPLIT (SUB-DIVISION) - FROM RS 10/- PER SHARE TO RE 1/- PER SHARE,-2.029914529914525,27-FEB-26,-89.10732315733206,4.826154644525167,-22.18520986009327,https://nsearchives.nseindia.com/today/MIDCAPEQN.svg,https://nsearchives.nseindia.com/30d/MIDCAP-EQ.svg,https://nsearchives.nseindia.com/365d/MIDCAP-EQ.svg,EQ
LTGILTCASE,Nifty 8-13 Yr G-Sec Index,30.37,30.39,30.27,30.39,0.09,0.30,154472,4683591.04,30.287,31.31,28.71,-,-,3.2970768184908184,-0.49115913555991675,30.3,0,3.13,-0.82,19-Sep-2025,21-Aug-2026,-,-0.49115913555991675,-,3.2970768184908184,2.9383583519642227,-5.851619644723092,https://nsearchives.nseindia.com/today/LTGILTCASEEQN.svg,https://nsearchives.nseindia.com/30d/LTGILTCASE-EQ.svg,https://nsearchives.nseindia.com/365d/LTGILTCASE-EQ.svg,EQ
SBIETFIT,Nifty IT Index,321.44,324.55,314.3,318.5,-2.94,-0.91,14353,4541002.14,319.8659,439.27,285,-,-,-17.704511394759958,-5.87505171700455,321.44,0,-19.41,-5.16,19-Sep-2025,21-Aug-2026,-,-5.87505171700455,-,-17.704511394759958,27.493341225214557,-11.75438596491228,https://nsearchives.nseindia.com/today/SBIETFITEQN.svg,https://nsearchives.nseindia.com/30d/SBIETFIT-EQ.svg,https://nsearchives.nseindia.com/365d/SBIETFIT-EQ.svg,EQ
AONELIQUID,Nifty 1D Rate Index,1077.85,1077.88,1077.85,1077.88,0.15,0.01,4180,4505496.6,1077.7251,1094.59,997.56,-,-,5.005358012664404,0.3706117888071532,1077.73,0,5.01,0.37,19-Sep-2025,21-Aug-2026,-,0.3706117888071532,-,5.005358012664404,1.5265990005389973,-8.05164601627974,https://nsearchives.nseindia.com/today/AONELIQUIDEQN.svg,https://nsearchives.nseindia.com/30d/AONELIQUID-EQ.svg,https://nsearchives.nseindia.com/365d/AONELIQUID-EQ.svg,EQ
FINIETF,ICICI Prudential Nifty Financial Services Ex-Bank ETF,32.28,32.33,31.9,32.19,0,0.00,139491,4486030.56,32.123,34.56,27.4,-,-,4.9217731421121185,-3.5361102786934366,32.19,0,4.99,-3.97,19-Sep-2025,21-Aug-2026,-,-3.5361102786934366,-,4.9217731421121185,6.857638888888902,-17.481751824817515,https://nsearchives.nseindia.com/today/FINIETFEQN.svg,https://nsearchives.nseindia.com/30d/FINIETF-EQ.svg,https://nsearchives.nseindia.com/365d/FINIETF-EQ.svg,EQ
NV20IETF,Nifty50 Value 20,13.32,13.34,13.13,13.23,-0.04,-0.30,330687,4365068.4,13.2279,16,12.5,01-MAR-24,FACE VALUE SPLIT (SUB-DIVISION) - FROM RS 10/- PER SHARE TO RE 1/- PER SHARE,-9.07216494845361,-2.2895125553914233,13.27,0,-9.73,-2.43,19-Sep-2025,21-Aug-2026,FACE VALUE SPLIT (SUB-DIVISION) - FROM RS 10/- PER SHARE TO RE 1/- PER SHARE,-2.2895125553914233,01-MAR-24,-9.07216494845361,17.312499999999996,-5.840000000000003,https://nsearchives.nseindia.com/today/NV20IETFEQN.svg,https://nsearchives.nseindia.com/30d/NV20IETF-EQ.svg,https://nsearchives.nseindia.com/365d/NV20IETF-EQ.svg,EQ
EVIETF,Nifty EV & New Age Automotive ETF,31.9,31.97,31.6,31.78,-0.09,-0.28,137555,4360493.5,31.7718,36,26.28,-,-,0,-5.162638018501931,31.87,0,-0.62,-5.4,19-Sep-2025,21-Aug-2026,-,-5.162638018501931,-,0,11.72222222222222,-20.928462709284627,https://nsearchives.nseindia.com/today/EVIETFEQN.svg,https://nsearchives.nseindia.com/30d/EVIETF-EQ.svg,https://nsearchives.nseindia.com/365d/EVIETF-EQ.svg,EQ
LOWVOL1,Kotak Nifty 100 Low Vol 30 ETF,20.48,20.6,20.29,20.29,-0.19,-0.93,209096,4276013.2,20.4966,22.9,18.77,-,-,-5.583992554676591,-4.920337394564202,20.48,0,-5.19,-4.12,19-Sep-2025,21-Aug-2026,-,-4.920337394564202,-,-5.583992554676591,11.397379912663753,-8.09802876931273,https://nsearchives.nseindia.com/today/LOWVOL1EQN.svg,https://nsearchives.nseindia.com/30d/LOWVOL1-EQ.svg,https://nsearchives.nseindia.com/365d/LOWVOL1-EQ.svg,EQ
NIFTYBETA,Nifty 50,267.07,267.07,258.3,260.13,-0.43,-0.17,16304,4233659.68,259.8981,297.48,244.9,25-SEP-23,FACE VALUE SPLIT (SUB-DIVISION) - FROM RS 10/- PER SHARE TO RE 1/- PER SHARE,Infinity,-3.178620612647493,260.56,0,0,-3.08,,21-Aug-2026,FACE VALUE SPLIT (SUB-DIVISION) - FROM RS 10/- PER SHARE TO RE 1/- PER SHARE,-3.178620612647493,25-SEP-23,Infinity,12.555465913674876,-6.218864842792973,https://nsearchives.nseindia.com/today/NIFTYBETAEQN.svg,https://nsearchives.nseindia.com/30d/NIFTYBETA-EQ.svg,,EQ
SENSEXIETF,SENSEX,875,875,856.51,860.1,-3.2,-0.37,4680,4028965.2,861.6569,999.84,731,-,-,-8.324451076529526,-3.4170662414517143,863.3,0,-8.4,-3.48,19-Sep-2025,21-Aug-2026,-,-3.4170662414517143,-,-8.324451076529526,13.976236197791646,-17.66073871409029,https://nsearchives.nseindia.com/today/SENSEXIETFEQN.svg,https://nsearchives.nseindia.com/30d/SENSEXIETF-EQ.svg,https://nsearchives.nseindia.com/365d/SENSEXIETF-EQ.svg,EQ
LIQUIDSBI,SBI NIFTY 1D Rate ETF,1000,1000.01,999.99,1000.01,0.02,0.00,3916,3915960.84,1000,1010.02,970.23,-,-,0.0009999999999990906,0.002000020000198183,999.99,0,0,0,19-Sep-2025,21-Aug-2026,-,0.002000020000198183,-,0.0009999999999990906,0.9910694837725976,-3.0693753027632593,https://nsearchives.nseindia.com/today/LIQUIDSBIEQN.svg,https://nsearchives.nseindia.com/30d/LIQUIDSBI-EQ.svg,https://nsearchives.nseindia.com/365d/LIQUIDSBI-EQ.svg,EQ
SBIMIDMOM,Nifty Midcap 150 Momentum 50 Index,63.86,65.04,62.57,65.04,1.78,2.81,61859,3903921.49,63.0479,67.74,53.86,-,-,Infinity,1.9116264493889157,63.26,0,0,-1,,21-Aug-2026,-,1.9116264493889157,-,Infinity,3.9858281665190267,-20.757519494987015,https://nsearchives.nseindia.com/today/SBIMIDMOMEQN.svg,https://nsearchives.nseindia.com/30d/SBIMIDMOM-EQ.svg,,EQ
AONESILVER,Domestic price of Silver,8.96,9.06,8.73,8.82,-0.07,-0.79,440688,3882461.28,8.8958,12,7.43,-,-,Infinity,-4.648648648648646,8.89,0,0,-4,,21-Aug-2026,-,-4.648648648648646,-,Infinity,26.5,-18.70794078061912,https://nsearchives.nseindia.com/today/AONESILVEREQN.svg,https://nsearchives.nseindia.com/30d/AONESILVER-EQ.svg,,EQ
EGOLD,Edelweiss Gold ETF,151.45,152.1,150.4,151.55,-0.25,-0.16,24890,3764114.7,151.6563,184.95,110.9,-,-,34.65126610395381,-5.752487562189054,151.8,0,37.62,-4.23,19-Sep-2025,21-Aug-2026,-,-5.752487562189054,-,34.65126610395381,18.058934847256005,-36.6546438232642,https://nsearchives.nseindia.com/today/EGOLDEQN.svg,https://nsearchives.nseindia.com/30d/EGOLD-EQ.svg,https://nsearchives.nseindia.com/365d/EGOLD-EQ.svg,EQ
VALUEAXIS,Nifty500 Value 50 TRI,32.43,32.43,32,32.18,0.02,0.06,116290,3730583.2,32.1327,39,26.76,-,-,Infinity,-1.8902439024390167,32.16,0,0,-1.8,,21-Aug-2026,-,-1.8902439024390167,-,Infinity,17.487179487179485,-20.254110612854998,https://nsearchives.nseindia.com/today/VALUEAXISEQN.svg,https://nsearchives.nseindia.com/30d/VALUEAXIS-EQ.svg,,EQ
CONSUMBEES,Nifty India Consumption TRI,129.5,129.5,127.51,127.51,-0.99,-0.77,28104,3609677.76,128.3862,144.38,114,-,-,-8.081026528258358,-4.515500973491079,128.5,0,-7.31,-4.09,19-Sep-2025,21-Aug-2026,-,-4.515500973491079,-,-8.081026528258358,11.684443828785144,-11.85087719298246,https://nsearchives.nseindia.com/today/CONSUMBEESEQN.svg,https://nsearchives.nseindia.com/30d/CONSUMBEES-EQ.svg,https://nsearchives.nseindia.com/365d/CONSUMBEES-EQ.svg,EQ
NIFTYQLITY,Aditya Birla Sun Life Nifty 200 Quality 30 ETF,20.54,20.88,20.28,20.49,-0.15,-0.73,173635,3559517.5,20.6312,23.03,18.95,-,-,-5.966039467645712,-5.182785747339199,20.64,0,-5.97,-4.44,19-Sep-2025,21-Aug-2026,-,-5.182785747339199,-,-5.966039467645712,11.029092488059066,-8.126649076517147,https://nsearchives.nseindia.com/today/NIFTYQLITYEQN.svg,https://nsearchives.nseindia.com/30d/NIFTYQLITY-EQ.svg,https://nsearchives.nseindia.com/365d/NIFTYQLITY-EQ.svg,EQ
ENERGY,Nifty Energy,38.94,38.94,37.97,38.08,-0.1,-0.26,91298,3486670.62,38.1336,42.82,29,-,-,Infinity,-1.0137769690668068,38.18,0,0,-0.62,,21-Aug-2026,-,-1.0137769690668068,-,Infinity,11.069593647828123,-31.3103448275862,https://nsearchives.nseindia.com/today/ENERGYEQN.svg,https://nsearchives.nseindia.com/30d/ENERGY-EQ.svg,,EQ
SELECTIPO,BSE Select IPO Index,48.72,48.93,48.57,48.85,0.37,0.76,70034,3420460.56,48.4215,52.07,37.8,-,-,-2.6116427432216813,-0.12267429973419582,48.48,0,-4.23,-0.74,19-Sep-2025,21-Aug-2026,-,-0.12267429973419582,-,-2.6116427432216813,6.183983099673514,-29.23280423280425,https://nsearchives.nseindia.com/today/SELECTIPOEQN.svg,https://nsearchives.nseindia.com/30d/SELECTIPO-EQ.svg,https://nsearchives.nseindia.com/365d/SELECTIPO-EQ.svg,EQ
NIF100BEES,Nifty 100 TRI,261.32,261.61,258.7,258.7,-2.16,-0.83,12858,3347323.14,260.7822,290,240,-,-,-5.394039129639788,-3.9147229237854777,260.86,0,-4.96,-3.35,19-Sep-2025,21-Aug-2026,-,-3.9147229237854777,-,-5.394039129639788,10.793103448275865,-7.791666666666662,https://nsearchives.nseindia.com/today/NIF100BEESEQN.svg,https://nsearchives.nseindia.com/30d/NIF100BEES-EQ.svg,https://nsearchives.nseindia.com/365d/NIF100BEES-EQ.svg,EQ
MOMOMENTUM,Nifty 200 Momentum 30 Total Return Index,62.27,62.27,60.83,61.45,0.13,0.21,51028,3136180.88,61.3998,66.28,54.32,11-AUG-22,FACE VALUE SPLIT (SUB-DIVISION) - FROM RS 10/- PER UNIT TO RS 2/- PER UNIT,-2.1496815286624114,-1.7899952053699815,61.32,0,-2.51,-1.73,19-Sep-2025,21-Aug-2026,FACE VALUE SPLIT (SUB-DIVISION) - FROM RS 10/- PER UNIT TO RS 2/- PER UNIT,-1.7899952053699815,11-AUG-22,-2.1496815286624114,7.287266143633069,-13.125920471281301,https://nsearchives.nseindia.com/today/MOMOMENTUMEQN.svg,https://nsearchives.nseindia.com/30d/MOMOMENTUM-EQ.svg,https://nsearchives.nseindia.com/365d/MOMOMENTUM-EQ.svg,EQ
LICNETFGSC,Nifty 8-13 Yr Gsec,29.36,29.72,29.21,29.21,-0.06,-0.20,103950,3036379.5,29.2669,30.53,27.59,-,-,2.960874162848078,-1.1840324763193433,29.27,0,3.28,-0.95,19-Sep-2025,21-Aug-2026,-,-1.1840324763193433,-,2.960874162848078,4.3236161152964305,-5.871692642261693,https://nsearchives.nseindia.com/today/LICNETFGSCEQN.svg,https://nsearchives.nseindia.com/30d/LICNETFGSC-EQ.svg,https://nsearchives.nseindia.com/365d/LICNETFGSC-EQ.svg,EQ
MOLOWVOL,Nifty Midcap 100 TRI,36.1,36.1,35.09,35.34,-0.06,-0.17,84026,2952673.64,35.2988,43.07,33.52,11-AUG-22,FACE VALUE SPLIT (SUB-DIVISION) - FROM RS 10/- PER UNIT TO RS 2/- PER UNIT,-7.389937106918222,-3.8105606967882375,35.4,0,-7.74,-3.83,19-Sep-2025,21-Aug-2026,FACE VALUE SPLIT (SUB-DIVISION) - FROM RS 10/- PER UNIT TO RS 2/- PER UNIT,-3.8105606967882375,11-AUG-22,-7.389937106918222,17.94752728117018,-5.429594272076373,https://nsearchives.nseindia.com/today/MOLOWVOLEQN.svg,https://nsearchives.nseindia.com/30d/MOLOWVOL-EQ.svg,https://nsearchives.nseindia.com/365d/MOLOWVOL-EQ.svg,EQ
MOHEALTH,Motilal Oswal S&P BSE Healthcare ETF,53.85,53.85,52.58,52.65,-0.41,-0.77,55690,2943773.4,52.7993,53.89,40.79,-,-,15.485852160561516,2.7517564402810235,53.06,0,15.5,3.23,19-Sep-2025,21-Aug-2026,-,2.7517564402810235,-,15.485852160561516,2.300983484876604,-29.0757538612405,https://nsearchives.nseindia.com/today/MOHEALTHEQN.svg,https://nsearchives.nseindia.com/30d/MOHEALTH-EQ.svg,https://nsearchives.nseindia.com/365d/MOHEALTH-EQ.svg,EQ
MAKEINDIA,Nifty India Manufacturing Total Return Index,162.76,163.26,161.43,161.98,-0.7,-0.43,17768,2882502.64,162.316,173.11,140.12,-,-,5.380261531455326,-3.54314297624011,162.68,0,5.06,-3.03,19-Sep-2025,21-Aug-2026,-,-3.54314297624011,-,5.380261531455326,6.429437929640126,-15.60091350271195,https://nsearchives.nseindia.com/today/MAKEINDIAEQN.svg,https://nsearchives.nseindia.com/30d/MAKEINDIA-EQ.svg,https://nsearchives.nseindia.com/365d/MAKEINDIA-EQ.svg,EQ
HDFCSENSEX,SENSEX,87.17,87.17,84.51,84.51,-0.54,-0.63,33409,2836424.1,85.0096,98.48,78.44,02-FEB-24,FACE VALUE SPLIT (SUB-DIVISION) - FROM RS 250.361/- PER SHARE TO RS 25.0361/- PER SHARE,-8.459705372616973,-3.5714285714285663,85.05,0,-8.45,-3.25,19-Sep-2025,21-Aug-2026,FACE VALUE SPLIT (SUB-DIVISION) - FROM RS 250.361/- PER SHARE TO RS 25.0361/- PER SHARE,-3.5714285714285663,02-FEB-24,-8.459705372616973,14.185621445978878,-7.738398776134634,https://nsearchives.nseindia.com/today/HDFCSENSEXEQN.svg,https://nsearchives.nseindia.com/30d/HDFCSENSEX-EQ.svg,https://nsearchives.nseindia.com/365d/HDFCSENSEX-EQ.svg,EQ
GROWWCAPM,Nifty Capital Markets Index,11.14,11.19,11.11,11.13,-0.01,-0.09,252556,2818524.96,11.0866,12.66,8.02,-,-,Infinity,-3.469210754553327,11.14,0,0,-2.45,,21-Aug-2026,-,-3.469210754553327,-,Infinity,12.085308056872034,-38.77805486284291,https://nsearchives.nseindia.com/today/GROWWCAPMEQN.svg,https://nsearchives.nseindia.com/30d/GROWWCAPM-EQ.svg,,EQ
MOMENTUM,Aditya Birla Sun Life Nifty 200 Momentum 30 ETF,29.99,31,29.99,30.83,0.07,0.23,91264,2802717.44,30.716,33,27.05,-,-,-1.4070994563479415,-1.4701182486417412,30.76,0,-2.07,-1.44,19-Sep-2025,21-Aug-2026,-,-1.4701182486417412,-,-1.4070994563479415,6.575757575757581,-13.974121996303133,https://nsearchives.nseindia.com/today/MOMENTUMEQN.svg,https://nsearchives.nseindia.com/30d/MOMENTUM-EQ.svg,https://nsearchives.nseindia.com/365d/MOMENTUM-EQ.svg,EQ
EQUAL50ADD,NIFTY 50 Equal Weight Index,335.27,335.64,333.08,333.08,-2.19,-0.65,8378,2801770.76,334.5375,361,304.78,-,-,-0.7035535416169848,-3.410277230019717,335.27,0,-0.3,-3.29,19-Sep-2025,21-Aug-2026,-,-3.410277230019717,-,-0.7035535416169848,7.73407202216067,-9.285386180195555,https://nsearchives.nseindia.com/today/EQUAL50ADDEQN.svg,https://nsearchives.nseindia.com/30d/EQUAL50ADD-EQ.svg,https://nsearchives.nseindia.com/365d/EQUAL50ADD-EQ.svg,EQ
EBBETF0431,Nifty BHARAT Bond,1436.92,1437.56,1430.01,1436,4,0.28,1924,2756399.36,1434.2348,1469,1371,-,-,4.730370348760878,-0.4982018999577363,1432,0,3.99,-0.56,19-Sep-2025,21-Aug-2026,-,-0.4982018999577363,-,4.730370348760878,2.24642614023145,-4.741064916119621,https://nsearchives.nseindia.com/today/EBBETF0431EQN.svg,https://nsearchives.nseindia.com/30d/EBBETF0431-EQ.svg,https://nsearchives.nseindia.com/365d/EBBETF0431-EQ.svg,EQ
TOP15IETF,Nifty Top 15 Equal Weight Index,9.55,9.57,9.43,9.48,-0.04,-0.42,284359,2687192.55,9.4831,11.36,9.15,-,-,-10.056925996204923,-4.435483870967737,9.52,0,-10.19,-4.51,19-Sep-2025,21-Aug-2026,-,-4.435483870967737,-,-10.056925996204923,16.549295774647877,-3.606557377049181,https://nsearchives.nseindia.com/today/TOP15IETFEQN.svg,https://nsearchives.nseindia.com/30d/TOP15IETF-EQ.svg,https://nsearchives.nseindia.com/365d/TOP15IETF-EQ.svg,EQ
HDFCNIFBAN,Nifty Bank,58.4,58.4,57.84,58.09,-0.08,-0.14,45977,2670803.93,58.211,65.54,51.2,02-FEB-24,FACE VALUE SPLIT (SUB-DIVISION) - FROM RS 223.31/- PER SHARE TO RS 22.331/- PER SHARE,2.3071504050722127,-1.6257408975444434,58.17,0,2,-2.2,19-Sep-2025,21-Aug-2026,FACE VALUE SPLIT (SUB-DIVISION) - FROM RS 223.31/- PER SHARE TO RS 22.331/- PER SHARE,-1.6257408975444434,02-FEB-24,2.3071504050722127,11.367104058590176,-13.45703125,https://nsearchives.nseindia.com/today/HDFCNIFBANEQN.svg,https://nsearchives.nseindia.com/30d/HDFCNIFBAN-EQ.svg,https://nsearchives.nseindia.com/365d/HDFCNIFBAN-EQ.svg,EQ
SILVER360,Commodity-Silver,228.58,228.66,224.89,226.76,-1.49,-0.65,11650,2640938.5,229.0732,358,129.39,-,-,71.60587255940669,-4.810679204097057,228.25,0,79.13,-4.34,19-Sep-2025,21-Aug-2026,-,-4.810679204097057,-,71.60587255940669,36.659217877094974,-75.2531107504444,https://nsearchives.nseindia.com/today/SILVER360EQN.svg,https://nsearchives.nseindia.com/30d/SILVER360-EQ.svg,https://nsearchives.nseindia.com/365d/SILVER360-EQ.svg,EQ
FLEXIADD,Nifty500 Flexicap Quality 30 TRI,9.76,9.95,9.7,9.77,0.1,1.03,261971,2551597.54,9.7631,11.9,8.73,-,-,Infinity,-4.215686274509801,9.67,0,0,-5.1,,21-Aug-2026,-,-4.215686274509801,-,Infinity,17.899159663865554,-11.912943871706748,https://nsearchives.nseindia.com/today/FLEXIADDEQN.svg,https://nsearchives.nseindia.com/30d/FLEXIADD-EQ.svg,,EQ
PSUBNKIETF,ICICI Prudential Nifty PSU Bank ETF,84.5,84.69,83.55,84.19,-0.01,-0.01,30018,2518510.2,84.3283,104,73,-,-,13.143394705012769,-2.6029615918556224,84.2,0,12.73,-2.92,19-Sep-2025,21-Aug-2026,-,-2.6029615918556224,-,13.143394705012769,19.048076923076927,-15.328767123287669,https://nsearchives.nseindia.com/today/PSUBNKIETFEQN.svg,https://nsearchives.nseindia.com/30d/PSUBNKIETF-EQ.svg,https://nsearchives.nseindia.com/365d/PSUBNKIETF-EQ.svg,EQ
MULTICAP,Nifty500 Multicap 50:25:25 Index,16.53,16.57,16.43,16.43,-0.06,-0.36,151841,2503858.09,16.4977,17.5,14.2,-,-,0.06090133982946413,-2.6658767772511807,16.49,0,-0.06,-2.43,19-Sep-2025,21-Aug-2026,-,-2.6658767772511807,-,0.06090133982946413,6.114285714285716,-15.704225352112681,https://nsearchives.nseindia.com/today/MULTICAPEQN.svg,https://nsearchives.nseindia.com/30d/MULTICAP-EQ.svg,https://nsearchives.nseindia.com/365d/MULTICAP-EQ.svg,EQ
PSUBANK,Nifty PSU Bank,83.09,83.69,82.51,82.51,-0.56,-0.67,29570,2454014.3,83.2156,101,72.41,10-JUL-26,FACE VALUE SPLIT (SUB-DIVISION) - FROM RS 10/- PER UNIT TO RE 1/- PER UNIT,-88.81751033407873,-3.3388003748828425,83.07,0,-88.78,-3.53,19-Sep-2025,21-Aug-2026,FACE VALUE SPLIT (SUB-DIVISION) - FROM RS 10/- PER UNIT TO RE 1/- PER UNIT,-3.3388003748828425,10-JUL-26,-88.81751033407873,18.3069306930693,-13.948349675459204,https://nsearchives.nseindia.com/today/PSUBANKEQN.svg,https://nsearchives.nseindia.com/30d/PSUBANK-EQ.svg,https://nsearchives.nseindia.com/365d/PSUBANK-EQ.svg,EQ
VAL30IETF,Nifty200 Value 30 Index,14.96,14.96,14.8,14.87,0.03,0.20,161495,2398200.75,14.8629,17.7,13.1,-,-,11.136023916292961,-2.106649111257408,14.84,0,10.75,-2.56,19-Sep-2025,21-Aug-2026,-,-2.106649111257408,-,11.136023916292961,15.988700564971753,-13.511450381679385,https://nsearchives.nseindia.com/today/VAL30IETFEQN.svg,https://nsearchives.nseindia.com/30d/VAL30IETF-EQ.svg,https://nsearchives.nseindia.com/365d/VAL30IETF-EQ.svg,EQ
SILVERBND,Commodity - Silver,232.52,233.24,229.19,232.12,-1.46,-0.63,10288,2376219.36,233.3472,389,180,-,-,Infinity,-4.394744429342224,233.58,0,0,-4.32,,21-Aug-2026,-,-4.394744429342224,-,Infinity,40.329048843187664,-28.955555555555556,https://nsearchives.nseindia.com/today/SILVERBNDEQN.svg,https://nsearchives.nseindia.com/30d/SILVERBND-EQ.svg,,EQ
EVINDIA,Nifty EV and New Age Automotive Total Return Index,32.06,32.06,31.6,31.68,-0.13,-0.41,73252,2326483.52,31.8189,35.04,26.2,-,-,-0.18903591682419257,-5.404598387578388,31.81,0,-0.75,-5.52,19-Sep-2025,21-Aug-2026,-,-5.404598387578388,-,-0.18903591682419257,9.58904109589041,-20.916030534351144,https://nsearchives.nseindia.com/today/EVINDIAEQN.svg,https://nsearchives.nseindia.com/30d/EVINDIA-EQ.svg,https://nsearchives.nseindia.com/365d/EVINDIA-EQ.svg,EQ
NIF100IETF,Nifty 100,27.39,27.59,26.95,27.21,-0.29,-1.05,81203,2220902.05,27.4312,30.88,23,10-MAY-24,FACE VALUE SPLIT (SUB-DIVISION) - FROM RS 10/- PER SHARE TO RE 1/- PER SHARE,-5.619146722164404,-3.885552808194977,27.5,0,-4.84,-2.9,19-Sep-2025,21-Aug-2026,FACE VALUE SPLIT (SUB-DIVISION) - FROM RS 10/- PER SHARE TO RE 1/- PER SHARE,-3.885552808194977,10-MAY-24,-5.619146722164404,11.884715025906731,-18.30434782608696,https://nsearchives.nseindia.com/today/NIF100IETFEQN.svg,https://nsearchives.nseindia.com/30d/NIF100IETF-EQ.svg,https://nsearchives.nseindia.com/365d/NIF100IETF-EQ.svg,EQ
MOENERGY,Nifty Energy Index,38,38.37,37.77,37.99,0,0.00,57907,2207414.84,38.0546,43,33,-,-,Infinity,-1.016154247003649,37.99,0,0,-0.96,,21-Aug-2026,-,-1.016154247003649,-,Infinity,11.651162790697668,-15.121212121212128,https://nsearchives.nseindia.com/today/MOENERGYEQN.svg,https://nsearchives.nseindia.com/30d/MOENERGY-EQ.svg,,EQ
GROWWRLTY,Index,9.69,9.7,9.36,9.57,0.02,0.21,215291,2068946.51,9.5775,11.3,7.17,-,-,Infinity,-6.725146198830404,9.55,0,0,-6.65,,21-Aug-2026,-,-6.725146198830404,-,Infinity,15.309734513274341,-33.47280334728034,https://nsearchives.nseindia.com/today/GROWWRLTYEQN.svg,https://nsearchives.nseindia.com/30d/GROWWRLTY-EQ.svg,,EQ
TNIDETF,Nifty India Digital Index,88.06,88.99,88.06,88.07,-0.7,-0.79,20531,1815966.95,89.2612,103.26,74.5,-,-,-7.324002946437975,-2.813948355771365,88.77,0,-7.57,-2.24,19-Sep-2025,21-Aug-2026,-,-2.813948355771365,-,-7.324002946437975,14.710439666860363,-18.214765100671134,https://nsearchives.nseindia.com/today/TNIDETFEQN.svg,https://nsearchives.nseindia.com/30d/TNIDETF-EQ.svg,https://nsearchives.nseindia.com/365d/TNIDETF-EQ.svg,EQ
NIFTY100EW,Nifty 100 Equal Weight Index,34.54,34.84,34.3,34.46,0.1,0.29,50714,1746083.02,34.391,41.41,29.84,-,-,0.996483001172343,-2.5176803394625193,34.36,0,1.42,-3.29,19-Sep-2025,21-Aug-2026,-,-2.5176803394625193,-,0.996483001172343,16.783385655638725,-15.48257372654156,https://nsearchives.nseindia.com/today/NIFTY100EWEQN.svg,https://nsearchives.nseindia.com/30d/NIFTY100EW-EQ.svg,https://nsearchives.nseindia.com/365d/NIFTY100EW-EQ.svg,EQ
SILVER001,Commodity - Silver,23.93,24.15,23.11,23.57,0.02,0.08,74232,1743709.68,23.5114,28,22,-,-,Infinity,Infinity,23.55,0,0,0,,,-,Infinity,-,Infinity,15.821428571428571,-7.136363636363638,https://nsearchives.nseindia.com/today/SILVER001EQN.svg,,,EQ
HDFCNIF100,HDFC NIFTY 100 ETF,25.53,25.53,25.21,25.48,0.07,0.28,66513,1684774.29,25.4209,28.57,23.31,20-OCT-23,FACE VALUE SPLIT (SUB-DIVISION) - FROM RS 177.27/- PER SHARE TO RS 17.727/- PER SHARE,-4.318437852046559,-2.5993883792048917,25.41,0,-4.94,-3.05,19-Sep-2025,21-Aug-2026,FACE VALUE SPLIT (SUB-DIVISION) - FROM RS 177.27/- PER SHARE TO RS 17.727/- PER SHARE,-2.5993883792048917,20-OCT-23,-4.318437852046559,10.815540777038851,-9.309309309309317,https://nsearchives.nseindia.com/today/HDFCNIF100EQN.svg,https://nsearchives.nseindia.com/30d/HDFCNIF100-EQ.svg,https://nsearchives.nseindia.com/365d/HDFCNIF100-EQ.svg,EQ
HDFCGROWTH,HDFC NIFTY Growth Sectors 15 ETF,114.81,114.82,114.01,114.53,-0.2,-0.17,14004,1600657.2,114.6468,133.3,107.86,-,-,-8.346670934699098,-4.756756756756756,114.73,0,-9,-4.97,19-Sep-2025,21-Aug-2026,-,-4.756756756756756,-,-8.346670934699098,14.081020255063772,-6.18394214722789,https://nsearchives.nseindia.com/today/HDFCGROWTHEQN.svg,https://nsearchives.nseindia.com/30d/HDFCGROWTH-EQ.svg,https://nsearchives.nseindia.com/365d/HDFCGROWTH-EQ.svg,EQ
GROWWMETAL,Nifty Metal Index,12.6,12.6,12.27,12.33,-0.07,-0.56,127942,1585201.38,12.3662,13.45,10.03,-,-,Infinity,-3.066037735849061,12.4,0,0,-0.48,,21-Aug-2026,-,-3.066037735849061,-,Infinity,8.327137546468396,-22.931206380857436,https://nsearchives.nseindia.com/today/GROWWMETALEQN.svg,https://nsearchives.nseindia.com/30d/GROWWMETAL-EQ.svg,,EQ
DIVOPPBEES,Nifty Dividend Opportunities 50 TRI,75.2,75.2,74.3,75,0.07,0.09,20835,1552832.55,74.6775,87.09,72.13,-,-,-4.3245311902028325,-3.1633311814073632,74.93,0,-5.19,-3.53,19-Sep-2025,21-Aug-2026,-,-3.1633311814073632,-,-4.3245311902028325,13.88219083706511,-3.9789269374740117,https://nsearchives.nseindia.com/today/DIVOPPBEESEQN.svg,https://nsearchives.nseindia.com/30d/DIVOPPBEES-EQ.svg,https://nsearchives.nseindia.com/365d/DIVOPPBEES-EQ.svg,EQ
PVTBANKADD,DSP Nifty Private Bank ETF,27.9,27.98,27.74,27.95,0.05,0.18,54566,1520208.76,27.8355,31.88,24.02,-,-,2.306002928257683,0.17921146953405273,27.9,0,2.05,-0.61,19-Sep-2025,21-Aug-2026,-,0.17921146953405273,-,2.306002928257683,12.327478042659976,-16.36136552872606,https://nsearchives.nseindia.com/today/PVTBANKADDEQN.svg,https://nsearchives.nseindia.com/30d/PVTBANKADD-EQ.svg,https://nsearchives.nseindia.com/365d/PVTBANKADD-EQ.svg,EQ
NIFTYAXIS,Nifty 50,267.02,267.02,258.53,259.69,-0.82,-0.31,5836,1513333.16,259.4575,296.38,244,23-JUL-20, FACE VALUE SPLIT (SUB-DIVISION) - FROM RS 100/- PER SHARE TO RS 10/- PER SHARE,Infinity,-2.99577901460535,260.51,0,0,-3,,21-Aug-2026, FACE VALUE SPLIT (SUB-DIVISION) - FROM RS 100/- PER SHARE TO RS 10/- PER SHARE,-2.99577901460535,23-JUL-20,Infinity,12.379377825764221,-6.430327868852458,https://nsearchives.nseindia.com/today/NIFTYAXISEQN.svg,https://nsearchives.nseindia.com/30d/NIFTYAXIS-EQ.svg,,EQ
QNIFTY,Nifty 50,257.62,261.9,257,258,-0.5,-0.19,5541,1428192.75,258.0049,291.19,243.2,13-FEB-26,FACE VALUE SPLIT (SUB-DIVISION) - FROM RS 10/- PER UNIT TO RE 1/- PER UNIT,-90.62179668927614,-3.222176375708007,258.5,0,-90.65,-3.28,19-Sep-2025,21-Aug-2026,FACE VALUE SPLIT (SUB-DIVISION) - FROM RS 10/- PER UNIT TO RE 1/- PER UNIT,-3.222176375708007,13-FEB-26,-90.62179668927614,11.39805625193173,-6.085526315789479,https://nsearchives.nseindia.com/today/QNIFTYEQN.svg,https://nsearchives.nseindia.com/30d/QNIFTY-EQ.svg,https://nsearchives.nseindia.com/365d/QNIFTY-EQ.svg,EQ
GSEC5IETF,Nifty 5 yr Benchmark G-Sec Index,66.15,66.32,65.67,65.71,-0.06,-0.09,21662,1427742.42,66.0646,69.14,62,-,-,3.8893280632410967,-0.8599879299939761,65.77,0,4.43,-1.69,19-Sep-2025,21-Aug-2026,-,-0.8599879299939761,-,3.8893280632410967,4.960948799537181,-5.983870967741925,https://nsearchives.nseindia.com/today/GSEC5IETFEQN.svg,https://nsearchives.nseindia.com/30d/GSEC5IETF-EQ.svg,https://nsearchives.nseindia.com/365d/GSEC5IETF-EQ.svg,EQ
SENSEXBETA,SENSEX,829.45,833.68,826,826.39,-3.03,-0.37,1707,1414300.71,830.2979,952.91,785,26-FEB-21, INTERIM DIVIDEND - RS 13.56 PER UNIT,Infinity,-3.6684307462756194,829.42,0,0,-3.51,,21-Aug-2026, INTERIM DIVIDEND - RS 13.56 PER UNIT,-3.6684307462756194,26-FEB-21,Infinity,13.277224501789254,-5.272611464968151,https://nsearchives.nseindia.com/today/SENSEXBETAEQN.svg,https://nsearchives.nseindia.com/30d/SENSEXBETA-EQ.svg,,EQ
NV20BEES,Nifty50 Value20 TRI,136.18,138.89,135.01,136.03,-0.15,-0.11,10399,1410832.33,135.7484,160,134.01,19-DEC-19, FACE VALUE SPLIT (SUB-DIVISION) - FROM RS 10/- TO RS 1/-,-8.80874170409599,-2.2492095429721153,136.18,0,-9.49,-2.56,19-Sep-2025,21-Aug-2026, FACE VALUE SPLIT (SUB-DIVISION) - FROM RS 10/- TO RS 1/-,-2.2492095429721153,19-DEC-19,-8.80874170409599,14.98125,-1.5073501977464445,https://nsearchives.nseindia.com/today/NV20BEESEQN.svg,https://nsearchives.nseindia.com/30d/NV20BEES-EQ.svg,https://nsearchives.nseindia.com/365d/NV20BEES-EQ.svg,EQ
HDFCPSUBK,HDFC NIFTY PSU BANK ETF,84.28,84.29,83.19,83.8,-0.22,-0.26,15620,1306300.6,84.1125,101.25,73,-,-,12.831560522418206,-2.784222737819032,84.02,0,12.79,-2.95,19-Sep-2025,21-Aug-2026,-,-2.784222737819032,-,12.831560522418206,17.23456790123457,-14.794520547945202,https://nsearchives.nseindia.com/today/HDFCPSUBKEQN.svg,https://nsearchives.nseindia.com/30d/HDFCPSUBK-EQ.svg,https://nsearchives.nseindia.com/365d/HDFCPSUBK-EQ.svg,EQ
MNC,Kotak Nifty MNC ETF,32.5,32.78,32.18,32.35,-0.23,-0.71,40231,1304691.33,32.5588,35.65,27.83,-,-,4.220360824742276,-5.437006723180355,32.58,0,4.52,-4.43,19-Sep-2025,21-Aug-2026,-,-5.437006723180355,-,4.220360824742276,9.256661991584846,-16.241466043837598,https://nsearchives.nseindia.com/today/MNCEQN.svg,https://nsearchives.nseindia.com/30d/MNC-EQ.svg,https://nsearchives.nseindia.com/365d/MNC-EQ.svg,EQ
HDFCPVTBAN,HDFC NIFTY Private Bank ETF,27.87,28.06,27.82,28.04,0.17,0.61,46295,1292093.45,27.9348,30.17,24.31,02-FEB-24,FACE VALUE SPLIT (SUB-DIVISION) - FROM RS 216.75/- PER SHARE TO RS 21.675/- PER SHARE,2.5978777899743903,0.21443888491779386,27.87,0,1.46,-0.85,19-Sep-2025,21-Aug-2026,FACE VALUE SPLIT (SUB-DIVISION) - FROM RS 216.75/- PER SHARE TO RS 21.675/- PER SHARE,0.21443888491779386,02-FEB-24,2.5978777899743903,7.059993370898251,-15.343480049362405,https://nsearchives.nseindia.com/today/HDFCPVTBANEQN.svg,https://nsearchives.nseindia.com/30d/HDFCPVTBAN-EQ.svg,https://nsearchives.nseindia.com/365d/HDFCPVTBAN-EQ.svg,EQ
EMULTIMQ,Nifty500 Multicap Momentum Quality 50 Total Return Index,41.68,41.84,41.32,41.6,0.22,0.53,30702,1273211.94,41.3635,43.54,36.25,-,-,-1.979264844486325,-1.538461538461535,41.38,0,-3.32,-1.59,19-Sep-2025,21-Aug-2026,-,-1.538461538461535,-,-1.979264844486325,4.45567294441892,-14.758620689655176,https://nsearchives.nseindia.com/today/EMULTIMQEQN.svg,https://nsearchives.nseindia.com/30d/EMULTIMQ-EQ.svg,https://nsearchives.nseindia.com/365d/EMULTIMQ-EQ.svg,EQ
PSUBANKADD,DSP Nifty PSU Bank ETF,84.46,84.46,83.16,83.64,-0.33,-0.39,14924,1245706.28,84.0779,99.88,72.8,-,-,12.707182320442,-2.992345163535141,83.97,0,13.03,-3.12,19-Sep-2025,21-Aug-2026,-,-2.992345163535141,-,12.707182320442,16.259511413696433,-14.890109890109898,https://nsearchives.nseindia.com/today/PSUBANKADDEQN.svg,https://nsearchives.nseindia.com/30d/PSUBANKADD-EQ.svg,https://nsearchives.nseindia.com/365d/PSUBANKADD-EQ.svg,EQ
ABSL10BANK,BSE Top 10 Banks Index,170.9,172,163.03,166.45,-2.3,-1.36,7252,1204919.8,166.6347,214.42,150,-,-,Infinity,-1.5147032719957414,168.75,0,0,-0.25,,21-Aug-2026,-,-1.5147032719957414,-,Infinity,22.371980225725213,-10.96666666666666,https://nsearchives.nseindia.com/today/ABSL10BANKEQN.svg,https://nsearchives.nseindia.com/30d/ABSL10BANK-EQ.svg,,EQ
NEXT50ETF,Nifty Next 50 Index,72.82,74.5,72.01,72.74,-0.15,-0.21,16434,1195244.82,72.676,78,60.15,-,-,Infinity,-2.4671493698042415,72.89,0,0,-2.31,,21-Aug-2026,-,-2.4671493698042415,-,Infinity,6.74358974358975,-20.93100581878636,https://nsearchives.nseindia.com/today/NEXT50ETFEQN.svg,https://nsearchives.nseindia.com/30d/NEXT50ETF-EQ.svg,,EQ
NEXT50ADD,Nifty Next 50 TRI,72.87,72.87,72.35,72.58,-0.1,-0.14,16335,1186247.7,72.5103,81,56.25,-,-,Infinity,-2.380632145258905,72.68,0,0,-2.22,,21-Aug-2026,-,-2.380632145258905,-,Infinity,10.395061728395065,-29.031111111111105,https://nsearchives.nseindia.com/today/NEXT50ADDEQN.svg,https://nsearchives.nseindia.com/30d/NEXT50ADD-EQ.svg,,EQ
AONENIFTY,Nifty 50 Index,9.43,9.79,9.25,9.67,-0.01,-0.10,118375,1143502.5,9.68,12,9,-,-,-6.116504854368939,-3.203203203203206,9.68,0,-6.56,-3.2,19-Sep-2025,21-Aug-2026,-,-3.203203203203206,-,-6.116504854368939,19.416666666666668,-7.444444444444445,https://nsearchives.nseindia.com/today/AONENIFTYEQN.svg,https://nsearchives.nseindia.com/30d/AONENIFTY-EQ.svg,https://nsearchives.nseindia.com/365d/AONENIFTY-EQ.svg,EQ
SENSEXETF,Mirae Asset S&P BSE Sensex ETF,77.5,77.61,76.88,76.99,-0.28,-0.36,14793,1141871.67,77.3287,88.7,73.33,-,-,-8.46510521935561,-3.5817157169693172,77.27,0,-8.71,-3.63,19-Sep-2025,21-Aug-2026,-,-3.5817157169693172,-,-8.46510521935561,13.201803833145444,-4.991135960725483,https://nsearchives.nseindia.com/today/SENSEXETFEQN.svg,https://nsearchives.nseindia.com/30d/SENSEXETF-EQ.svg,https://nsearchives.nseindia.com/365d/SENSEXETF-EQ.svg,EQ
EQUAL50,Nifty50 Equal Weight,324.62,324.62,322.58,323.49,-1.18,-0.36,3425,1108535.5,323.8726,342.88,295.16,-,-,-0.45848975321558527,-3.2972617481764837,324.67,0,-0.55,-3.07,19-Sep-2025,21-Aug-2026,-,-3.2972617481764837,-,-0.45848975321558527,5.655039664022395,-9.598184035777198,https://nsearchives.nseindia.com/today/EQUAL50EQN.svg,https://nsearchives.nseindia.com/30d/EQUAL50-EQ.svg,https://nsearchives.nseindia.com/365d/EQUAL50-EQ.svg,EQ
SBIBPB,BSE PSU Bank Index TRI,48.55,48.55,47.78,48.1,-0.04,-0.08,22749,1095819.33,48.2596,58.27,40.7,-,-,11.938561787293466,-2.7103559870550087,48.14,0,11.9,-3.33,19-Sep-2025,21-Aug-2026,-,-2.7103559870550087,-,11.938561787293466,17.453234940792864,-18.181818181818176,https://nsearchives.nseindia.com/today/SBIBPBEQN.svg,https://nsearchives.nseindia.com/30d/SBIBPB-EQ.svg,https://nsearchives.nseindia.com/365d/SBIBPB-EQ.svg,EQ
HDFCVALUE,HDFC NIFTY50 Value 20 ETF,122.4,122.5,121.14,122.37,0.04,0.03,8667,1056680.64,122.1179,147.05,120,-,-,-8.699544878012382,-2.6336728198599633,122.33,0,-9.74,-2.63,19-Sep-2025,21-Aug-2026,-,-2.6336728198599633,-,-8.699544878012382,16.78340700442027,-1.9750000000000039,https://nsearchives.nseindia.com/today/HDFCVALUEEQN.svg,https://nsearchives.nseindia.com/30d/HDFCVALUE-EQ.svg,https://nsearchives.nseindia.com/365d/HDFCVALUE-EQ.svg,EQ
TECH,Nifty IT TRI Index,31.55,32.23,31.1,31.5,-0.21,-0.66,33252,1041120.12,31.5857,49.41,28,-,-,-16.776750330250994,-5.120481927710851,31.71,0,-18.57,-5.43,19-Sep-2025,21-Aug-2026,-,-5.120481927710851,-,-16.776750330250994,36.24772313296903,-12.5,https://nsearchives.nseindia.com/today/TECHEQN.svg,https://nsearchives.nseindia.com/30d/TECH-EQ.svg,https://nsearchives.nseindia.com/365d/TECH-EQ.svg,EQ
ESG,NIFTY100 ESG SECTOR LEADERS,40.3,40.39,40.09,40.21,-0.11,-0.27,25154,1008423.86,40.2427,45.06,37.52,-,-,-7.093345656192237,-3.318105313777356,40.32,0,-7.2,-3.33,19-Sep-2025,21-Aug-2026,-,-3.318105313777356,-,-7.093345656192237,10.76342654238793,-7.169509594882722,https://nsearchives.nseindia.com/today/ESGEQN.svg,https://nsearchives.nseindia.com/30d/ESG-EQ.svg,https://nsearchives.nseindia.com/365d/ESG-EQ.svg,EQ
MOALPHA50,Nifty Alpha 50 Total Return Index,55.69,56.98,55,55.39,-0.3,-0.54,18003,1001146.83,55.4836,62,42.1,-,-,7.0959010054137694,-1.7733640716439085,55.69,0,7.01,-0.96,19-Sep-2025,21-Aug-2026,-,-1.7733640716439085,-,7.0959010054137694,10.661290322580646,-31.56769596199525,https://nsearchives.nseindia.com/today/MOALPHA50EQN.svg,https://nsearchives.nseindia.com/30d/MOALPHA50-EQ.svg,https://nsearchives.nseindia.com/365d/MOALPHA50-EQ.svg,EQ
GOLD360,Commodity-Gold,147.85,148.3,146.8,147.9,0.05,0.03,6641,980012.37,148.171,178,106.25,-,-,34.82224247948952,-5.8261700095511015,147.85,0,36.83,-4.49,19-Sep-2025,21-Aug-2026,-,-5.8261700095511015,-,34.82224247948952,16.91011235955056,-39.20000000000001,https://nsearchives.nseindia.com/today/GOLD360EQN.svg,https://nsearchives.nseindia.com/30d/GOLD360-EQ.svg,https://nsearchives.nseindia.com/365d/GOLD360-EQ.svg,EQ
CONSUMIETF,Nifty India Consumption Index,119.56,119.97,119,119.83,0.27,0.23,8207,978766.82,119.4483,141.27,94.65,-,-,-7.15890601998915,-3.4952081823306784,119.56,0,-7.06,-4.01,19-Sep-2025,21-Aug-2026,-,-3.4952081823306784,-,-7.15890601998915,15.17661216110994,-26.603275224511346,https://nsearchives.nseindia.com/today/CONSUMIETFEQN.svg,https://nsearchives.nseindia.com/30d/CONSUMIETF-EQ.svg,https://nsearchives.nseindia.com/365d/CONSUMIETF-EQ.svg,EQ
GROWWMC150,Nifty Midcap 150 Index - TRI,230.67,230.73,226.42,226.42,-3.92,-1.70,4199,966231.89,228.8963,245,193.6,-,-,Infinity,-3.218636460782219,230.34,0,0,-2.44,,21-Aug-2026,-,-3.218636460782219,-,Infinity,7.583673469387761,-16.95247933884297,https://nsearchives.nseindia.com/today/GROWWMC150EQN.svg,https://nsearchives.nseindia.com/30d/GROWWMC150-EQ.svg,,EQ
SBINMID150,Nifty Midcap 150 Index,23.39,23.7,22.83,22.83,-0.13,-0.57,41838,961437.24,22.8806,24.06,19.81,-,-,Infinity,-2.9336734693877604,22.96,0,0,-2.05,,21-Aug-2026,-,-2.9336734693877604,-,Infinity,5.1122194513715735,-15.244825845532558,https://nsearchives.nseindia.com/today/SBINMID150EQN.svg,https://nsearchives.nseindia.com/30d/SBINMID150-EQ.svg,,EQ
SBINEQWETF,Nifty50 Equal Weight,33.14,33.38,32.28,32.63,-0.1,-0.31,29413,957393.15,32.5434,36.4,29.64,-,-,-0.30553009471431203,-2.857993450431678,32.73,0,0.15,-2.76,19-Sep-2025,21-Aug-2026,-,-2.857993450431678,-,-0.30553009471431203,10.357142857142847,-10.087719298245622,https://nsearchives.nseindia.com/today/SBINEQWETFEQN.svg,https://nsearchives.nseindia.com/30d/SBINEQWETF-EQ.svg,https://nsearchives.nseindia.com/365d/SBINEQWETF-EQ.svg,EQ
AONETOTAL,Nifty Total Market Index,11.83,11.83,11.62,11.64,-0.05,-0.43,79655,931963.5,11.7089,12.51,9.6,-,-,-1.7721518987341696,-2.919099249374476,11.69,0,-1.93,-2.66,19-Sep-2025,21-Aug-2026,-,-2.919099249374476,-,-1.7721518987341696,6.954436450839322,-21.25000000000001,https://nsearchives.nseindia.com/today/AONETOTALEQN.svg,https://nsearchives.nseindia.com/30d/AONETOTAL-EQ.svg,https://nsearchives.nseindia.com/365d/AONETOTAL-EQ.svg,EQ
MOM50,Nifty 50,243.55,246.51,243.52,245.97,1,0.41,3737,915340.78,245.4242,279.33,221.55,16-OCT-14,FACE VALUE SPLIT FROM RS.10/- TO RS.7/-,-5.938814531548757,-2.624703087885984,244.97,0,-6.79,-3.3,19-Sep-2025,21-Aug-2026,FACE VALUE SPLIT FROM RS.10/- TO RS.7/-,-2.624703087885984,16-OCT-14,-5.938814531548757,11.942863279991403,-11.022342586323623,https://nsearchives.nseindia.com/today/MOM50EQN.svg,https://nsearchives.nseindia.com/30d/MOM50-EQ.svg,https://nsearchives.nseindia.com/365d/MOM50-EQ.svg,EQ
HDFCQUAL,HDFC NIFTY100 Quality 30 ETF,55.82,57.1,55.82,56.99,-0.27,-0.47,15973,907585.86,57.0564,61.87,51.91,-,-,-3.6680189317106064,-3.5702199661590512,57.26,0,-3.89,-3.36,19-Sep-2025,21-Aug-2026,-,-3.5702199661590512,-,-3.6680189317106064,7.887506061095839,-9.786168368329813,https://nsearchives.nseindia.com/today/HDFCQUALEQN.svg,https://nsearchives.nseindia.com/30d/HDFCQUAL-EQ.svg,https://nsearchives.nseindia.com/365d/HDFCQUAL-EQ.svg,EQ
BBETF0432,Nifty BHARAT Bond Index - April 2032,1343.97,1343.99,1340.56,1340.56,-1.51,-0.11,676,906928.36,1343.669,1378,1285.86,-,-,4.006455016603037,-0.6521610244856788,1342.07,0,4.24,-0.59,19-Sep-2025,21-Aug-2026,-,-0.6521610244856788,-,4.006455016603037,2.7169811320754755,-4.253962328713861,https://nsearchives.nseindia.com/today/BBETF0432EQN.svg,https://nsearchives.nseindia.com/30d/BBETF0432-EQ.svg,https://nsearchives.nseindia.com/365d/BBETF0432-EQ.svg,EQ
ELM250,Nifty LargeMidcap 250 TRI,16.48,16.48,16.23,16.4,0.03,0.18,53297,869807.04,16.3112,18.5,14.43,-,-,-0.36452004860268694,-2.554961378490789,16.37,0,-0.97,-2.56,19-Sep-2025,21-Aug-2026,-,-2.554961378490789,-,-0.36452004860268694,11.35135135135136,-13.652113652113645,https://nsearchives.nseindia.com/today/ELM250EQN.svg,https://nsearchives.nseindia.com/30d/ELM250-EQ.svg,https://nsearchives.nseindia.com/365d/ELM250-EQ.svg,EQ
MANUFGBEES,Nifty India Manufacturing TRI,162.03,162.03,159.71,160.45,0.02,0.01,5380,861499.4,160.2516,171.58,138.6,-,-,5.545322983817904,-3.477110028274079,160.43,0,5.1,-3.31,19-Sep-2025,21-Aug-2026,-,-3.477110028274079,-,5.545322983817904,6.486770019815842,-15.764790764790762,https://nsearchives.nseindia.com/today/MANUFGBEESEQN.svg,https://nsearchives.nseindia.com/30d/MANUFGBEES-EQ.svg,https://nsearchives.nseindia.com/365d/MANUFGBEES-EQ.svg,EQ
CHOICEGOLD,Gold,150.9,150.99,149,150.2,-0.79,-0.52,5647,846090.01,150.6878,175.49,115.79,-,-,Infinity,-6.101525381345348,150.99,0,0,-4.07,,21-Aug-2026,-,-6.101525381345348,-,Infinity,14.411077554276607,-29.717592192762744,https://nsearchives.nseindia.com/today/CHOICEGOLDEQN.svg,https://nsearchives.nseindia.com/30d/CHOICEGOLD-EQ.svg,,EQ
QUAL30IETF,ICICI Prudential Nifty 200 Quality 30 ETF,20.42,20.43,20.28,20.42,-0.09,-0.44,41414,842360.76,20.4272,23,18,10-MAY-24,FACE VALUE SPLIT (SUB-DIVISION) - FROM RS 10/- PER SHARE TO RE 1/- PER SHARE,-5.419175544233433,-4.2213883677298245,20.51,0,-5.74,-3.84,19-Sep-2025,21-Aug-2026,FACE VALUE SPLIT (SUB-DIVISION) - FROM RS 10/- PER SHARE TO RE 1/- PER SHARE,-4.2213883677298245,10-MAY-24,-5.419175544233433,11.217391304347819,-13.444444444444454,https://nsearchives.nseindia.com/today/QUAL30IETFEQN.svg,https://nsearchives.nseindia.com/30d/QUAL30IETF-EQ.svg,https://nsearchives.nseindia.com/365d/QUAL30IETF-EQ.svg,EQ
HEALTHCARE,Nifty 500 Healthcare Index,22.5,22.5,21.83,21.87,-0.19,-0.86,38218,839649.46,22.0143,22.5,17.18,-,-,Infinity,2.2440392706872387,22.06,0,0,2.94,,21-Aug-2026,-,2.2440392706872387,-,Infinity,2.7999999999999954,-27.29918509895228,https://nsearchives.nseindia.com/today/HEALTHCAREEQN.svg,https://nsearchives.nseindia.com/30d/HEALTHCARE-EQ.svg,,EQ
SMALLIETF,Nifty Smallcap 250 Index,18.47,18.47,18.25,18.31,-0.07,-0.38,43651,801432.36,18.3173,19.49,17.4,-,-,Infinity,-0.7588075880758839,18.38,0,0,-0.54,,21-Aug-2026,-,-0.7588075880758839,-,Infinity,6.054386865059004,-5.229885057471265,https://nsearchives.nseindia.com/today/SMALLIETFEQN.svg,https://nsearchives.nseindia.com/30d/SMALLIETF-EQ.svg,,EQ
NIFTYADD,Nifty 50 Index,247.72,247.77,245.88,246.75,-0.52,-0.21,2959,729571.04,246.9542,300,232.64,-,-,Infinity,-3.2011298105213593,247.27,0,0,-3.24,,21-Aug-2026,-,-3.2011298105213593,-,Infinity,17.75,-6.0651650618982185,https://nsearchives.nseindia.com/today/NIFTYADDEQN.svg,https://nsearchives.nseindia.com/30d/NIFTYADD-EQ.svg,,EQ
MOTOUR,Nifty India Tourism Total Return Index,78.01,78.71,78.01,78.45,0.44,0.56,9292,727749.44,78.1375,94.8,64,-,-,-15.069827866190323,-1.1092903063153856,78.01,0,-16.06,-1.63,19-Sep-2025,21-Aug-2026,-,-1.1092903063153856,-,-15.069827866190323,17.24683544303797,-22.578125000000004,https://nsearchives.nseindia.com/today/MOTOUREQN.svg,https://nsearchives.nseindia.com/30d/MOTOUR-EQ.svg,https://nsearchives.nseindia.com/365d/MOTOUR-EQ.svg,EQ
GROWWSC250,Nifty Smallcap 250 Index - TRI,10.63,10.63,10.51,10.56,0,0.00,68472,723749.04,10.5573,10.97,8,-,-,Infinity,-0.6585136406397016,10.56,0,0,-0.38,,21-Aug-2026,-,-0.6585136406397016,-,Infinity,3.7374658158614413,-32.00000000000001,https://nsearchives.nseindia.com/today/GROWWSC250EQN.svg,https://nsearchives.nseindia.com/30d/GROWWSC250-EQ.svg,,EQ
ABSLNN50ET,Nifty Next 50,76.07,76.41,75.68,76.16,-0.05,-0.07,9456,719034.24,75.9879,80.33,63.02,25-NOV-21, FACE VALUE SPLIT (SUB-DIVISION) - FROM RS 10/- PER SHARE TO RE 1/- PER SHARE,4.228821677843169,-2.208525937339495,76.21,0,4.66,-1.97,19-Sep-2025,21-Aug-2026, FACE VALUE SPLIT (SUB-DIVISION) - FROM RS 10/- PER SHARE TO RE 1/- PER SHARE,-2.208525937339495,25-NOV-21,4.228821677843169,5.191086767085773,-20.850523643287833,https://nsearchives.nseindia.com/today/ABSLNN50ETEQN.svg,https://nsearchives.nseindia.com/30d/ABSLNN50ET-EQ.svg,https://nsearchives.nseindia.com/365d/ABSLNN50ET-EQ.svg,EQ
ABSLPSE,Aditya Birla Sun Life Nifty PSE ETF,9.79,10.08,9.79,10.04,-0.01,-0.10,71073,712151.46,10.0237,11.6,9.21,-,-,-0.4955401387512459,-1.181102362204734,10.05,0,-0.69,-1.28,19-Sep-2025,21-Aug-2026,-,-1.181102362204734,-,-0.4955401387512459,13.448275862068972,-9.011943539630817,https://nsearchives.nseindia.com/today/ABSLPSEEQN.svg,https://nsearchives.nseindia.com/30d/ABSLPSE-EQ.svg,https://nsearchives.nseindia.com/365d/ABSLPSE-EQ.svg,EQ
NV20,Nifty50 Value 20,13.57,13.61,13.43,13.6,0.03,0.22,50769,687919.95,13.564,16.87,12.62,27-FEB-26,FACE VALUE SPLIT (SUB-DIVISION) - FROM RS 10/- PER SHARE TO RE 1/- PER SHARE,-90.8810513611372,-2.368987796123475,13.57,0,-90.97,-2.93,19-Sep-2025,21-Aug-2026,FACE VALUE SPLIT (SUB-DIVISION) - FROM RS 10/- PER SHARE TO RE 1/- PER SHARE,-2.368987796123475,27-FEB-26,-90.8810513611372,19.383521043272086,-7.765451664025361,https://nsearchives.nseindia.com/today/NV20EQN.svg,https://nsearchives.nseindia.com/30d/NV20-EQ.svg,https://nsearchives.nseindia.com/365d/NV20-EQ.svg,EQ
ITAXIS,NIFTY IT Index,325.48,325.48,313,318,-3.5,-1.09,2172,683637,317.854,439.67,230.7,-,-,Infinity,-5.131264916467777,321.5,0,0,-4.62,,21-Aug-2026,-,-5.131264916467777,-,Infinity,27.673027497896154,-37.84135240572173,https://nsearchives.nseindia.com/today/ITAXISEQN.svg,https://nsearchives.nseindia.com/30d/ITAXIS-EQ.svg,,EQ
ITADD,DSP Nifty IT ETF,30.55,30.55,30.12,30.47,-0.16,-0.52,22170,672859.5,30.5942,41.92,27.17,-,-,Infinity,-5.694831321572279,30.63,0,0,-5.02,,21-Aug-2026,-,-5.694831321572279,-,Infinity,27.313931297709928,-12.14574898785424,https://nsearchives.nseindia.com/today/ITADDEQN.svg,https://nsearchives.nseindia.com/30d/ITADD-EQ.svg,,EQ
ENERGYAXIS,Nifty Energy,18.48,19.47,18.48,19.39,0.43,2.27,34831,664923.79,18.9535,19.99,18.48,-,-,Infinity,Infinity,18.96,0,0,0,,,-,Infinity,-,Infinity,3.001500750375177,-4.924242424242425,https://nsearchives.nseindia.com/today/ENERGYAXISEQN.svg,,,EQ
GROWWCHEM,Nifty Chemicals Index - TRI,29,29.7,29,29.08,-0.25,-0.85,22198,653953.08,29.3497,31.74,24.64,-,-,Infinity,-2.8399599064483843,29.33,0,0,-1.84,,21-Aug-2026,-,-2.8399599064483843,-,Infinity,8.380592312539383,-18.01948051948051,https://nsearchives.nseindia.com/today/GROWWCHEMEQN.svg,https://nsearchives.nseindia.com/30d/GROWWCHEM-EQ.svg,,EQ
MOMENTUM30,Nifty 200 Momentum 30 Index,30.48,31.8,30.3,30.46,0.16,0.53,21103,648917.25,30.331,37.38,26.91,-,-,Infinity,-1.6467549241201098,30.3,0,0,-2.13,,21-Aug-2026,-,-1.6467549241201098,-,Infinity,18.51257356875335,-13.192121887774064,https://nsearchives.nseindia.com/today/MOMENTUM30EQN.svg,https://nsearchives.nseindia.com/30d/MOMENTUM30-EQ.svg,,EQ
LICNMID100,LIC MF Nifty Midcap 100 ETF,63.18,63.18,61.58,61.87,-0.63,-1.01,10260,639300.6,62.4614,66.4,52.3,-,-,5.274800068061927,-3.3432276206842797,62.5,0,5.9,-2.25,19-Sep-2025,21-Aug-2026,-,-3.3432276206842797,-,5.274800068061927,6.822289156626518,-18.29827915869981,https://nsearchives.nseindia.com/today/LICNMID100EQN.svg,https://nsearchives.nseindia.com/30d/LICNMID100-EQ.svg,https://nsearchives.nseindia.com/365d/LICNMID100-EQ.svg,EQ
HSBCGOLD,Commodity,131.74,133,130.51,131.98,0.35,0.27,4741,623678.55,132.0451,146.4,119.1,-,-,Infinity,-5.56668574699485,131.63,0,0,-4.75,,21-Aug-2026,-,-5.56668574699485,-,Infinity,9.849726775956295,-10.814441645675899,https://nsearchives.nseindia.com/today/HSBCGOLDEQN.svg,https://nsearchives.nseindia.com/30d/HSBCGOLD-EQ.svg,,EQ
MOGSEC,Nifty 5 yr Benchmark G-Sec Index,63.66,65.49,63.66,65.03,-0.27,-0.41,9575,619406.75,65.0682,67.33,60.74,-,-,4.583467352846577,-0.5048959608323107,65.3,0,5.15,-0.06,19-Sep-2025,21-Aug-2026,-,-0.5048959608323107,-,4.583467352846577,3.4160106935986887,-7.062891010865984,https://nsearchives.nseindia.com/today/MOGSECEQN.svg,https://nsearchives.nseindia.com/30d/MOGSEC-EQ.svg,https://nsearchives.nseindia.com/365d/MOGSEC-EQ.svg,EQ
LICNETFN50,Nifty 50,262.55,264.42,261.47,263.27,-0.91,-0.34,2332,610261.08,262.9432,295,248.17,-,-,-6.432810889576011,-3.248686193083691,264.18,0,-6.57,-2.82,19-Sep-2025,21-Aug-2026,-,-3.248686193083691,-,-6.432810889576011,10.755932203389836,-6.084538824193092,https://nsearchives.nseindia.com/today/LICNETFN50EQN.svg,https://nsearchives.nseindia.com/30d/LICNETFN50-EQ.svg,https://nsearchives.nseindia.com/365d/LICNETFN50-EQ.svg,EQ
SBISMLETF,Nifty Smallcap 250 Index,18.32,18.43,18.24,18.27,-0.05,-0.27,33143,607179.76,18.3053,18.97,16.53,-,-,Infinity,-1.029252437703149,18.32,0,0,-0.38,,21-Aug-2026,-,-1.029252437703149,-,Infinity,3.6900369003690003,-10.526315789473673,https://nsearchives.nseindia.com/today/SBISMLETFEQN.svg,https://nsearchives.nseindia.com/30d/SBISMLETF-EQ.svg,,EQ
NIFTYJBLK,INDEX,12.28,12.28,11.95,11.97,-0.02,-0.17,50272,603264,12.0067,13.05,9.94,-,-,Infinity,-3.4677419354838688,11.99,0,0,-3.77,,21-Aug-2026,-,-3.4677419354838688,-,Infinity,8.275862068965516,-20.42253521126762,https://nsearchives.nseindia.com/today/NIFTYJBLKEQN.svg,https://nsearchives.nseindia.com/30d/NIFTYJBLK-EQ.svg,,EQ
MIDCAPBETA,UTI Nifty Midcap 150 Exchange Traded Fund (ETF),231.91,232.1,230.05,232,1.24,0.54,2505,577352.4,230.7702,240,192.5,-,-,Infinity,-1.8197206940330135,230.76,0,0,-2.22,,21-Aug-2026,-,-1.8197206940330135,-,Infinity,3.3333333333333335,-20.51948051948052,https://nsearchives.nseindia.com/today/MIDCAPBETAEQN.svg,https://nsearchives.nseindia.com/30d/MIDCAPBETA-EQ.svg,,EQ
GROWWNXT50,Index,73.04,73.04,71.23,71.23,-1.09,-1.51,7901,570689.23,72.4499,76.79,60.01,-,-,1.452784503631976,-4.37642636595515,72.32,0,3.45,-2.95,19-Sep-2025,21-Aug-2026,-,-4.37642636595515,-,1.452784503631976,7.240526110170597,-18.69688385269123,https://nsearchives.nseindia.com/today/GROWWNXT50EQN.svg,https://nsearchives.nseindia.com/30d/GROWWNXT50-EQ.svg,https://nsearchives.nseindia.com/365d/GROWWNXT50-EQ.svg,EQ
MID150,Nifty Midcap 150 Index,23.25,23.35,23,23.18,-0.02,-0.09,24126,560688.24,,24.95,18.97,-,-,5.220154334997724,-2.6868178001679284,23.2,0,4.88,-2.4,19-Sep-2025,21-Aug-2026,-,-2.6868178001679284,-,5.220154334997724,7.094188376753505,-22.192936215076443,https://nsearchives.nseindia.com/today/MID150EQN.svg,https://nsearchives.nseindia.com/30d/MID150-EQ.svg,https://nsearchives.nseindia.com/365d/MID150-EQ.svg,EQ
MOSERVICE,Nifty Services Sector Total Return Index,30.37,30.37,30.1,30.2,-0.23,-0.76,17172,517392.36,30.2398,35.37,28.3,-,-,Infinity,-2.893890675241164,30.43,0,0,-2.41,,21-Aug-2026,-,-2.893890675241164,-,Infinity,14.616906983319192,-6.71378091872791,https://nsearchives.nseindia.com/today/MOSERVICEEQN.svg,https://nsearchives.nseindia.com/30d/MOSERVICE-EQ.svg,,EQ
GROWWN200,Nifty 200 Index- Total Return Index,11.2,11.2,11.01,11.13,-0.02,-0.18,44483,491981.98,11.0975,12.14,9.91,-,-,-2.709790209790199,-2.9642545771578015,11.15,0,-2.19,-2.87,19-Sep-2025,21-Aug-2026,-,-2.9642545771578015,-,-2.709790209790199,8.31960461285008,-12.310797174571146,https://nsearchives.nseindia.com/today/GROWWN200EQN.svg,https://nsearchives.nseindia.com/30d/GROWWN200-EQ.svg,https://nsearchives.nseindia.com/365d/GROWWN200-EQ.svg,EQ
GROWWPSUBK,Nifty PSU Bank Index - TRI,83.64,84.58,82.5,82.5,-1.14,-1.36,5789,480429.11,83.3611,91.19,77.57,-,-,Infinity,-3.7339556592765493,83.64,0,0,-3.15,,21-Aug-2026,-,-3.7339556592765493,-,Infinity,9.529553679131482,-6.355549825963655,https://nsearchives.nseindia.com/today/GROWWPSUBKEQN.svg,https://nsearchives.nseindia.com/30d/GROWWPSUBK-EQ.svg,,EQ
CONSUMER,Nifty India New AgeConsumption,11.85,11.88,11.8,11.86,0.02,0.17,40564,480277.76,11.8291,12.74,9.69,-,-,-4.20032310177707,-3.5772357723577337,11.84,0,-4.75,-3.58,19-Sep-2025,21-Aug-2026,-,-3.5772357723577337,-,-4.20032310177707,6.907378335949771,-22.39422084623323,https://nsearchives.nseindia.com/today/CONSUMEREQN.svg,https://nsearchives.nseindia.com/30d/CONSUMER-EQ.svg,https://nsearchives.nseindia.com/365d/CONSUMER-EQ.svg,EQ
MOPSE,Nifty PSE Total Return Index,99.26,100.3,98.03,98.46,-2.84,-2.80,4721,466482.01,98.0178,114.7,93.33,-,-,-0.35421516040887413,-3.337914784999024,101.3,0,2.06,1.97,19-Sep-2025,21-Aug-2026,-,-3.337914784999024,-,-0.35421516040887413,14.158674803836101,-5.496624879459976,https://nsearchives.nseindia.com/today/MOPSEEQN.svg,https://nsearchives.nseindia.com/30d/MOPSE-EQ.svg,https://nsearchives.nseindia.com/365d/MOPSE-EQ.svg,EQ
BNKETFAXIS,Nifty Bank,583.46,584.78,579.49,580.18,-2.36,-0.41,794,462155.64,583.0137,647.82,512.51,-,-,Infinity,-2.241019073936791,582.54,0,0,-2.21,,21-Aug-2026,-,-2.241019073936791,-,Infinity,10.441171930474528,-13.203644806930589,https://nsearchives.nseindia.com/today/BNKETFAXISEQN.svg,https://nsearchives.nseindia.com/30d/BNKETFAXIS-EQ.svg,,EQ
SMALLADD,Nifty Smallcap 250 Index,18.49,18.52,18.35,18.45,0.1,0.54,23859,439244.19,18.394,19.5,14.01,-,-,Infinity,-0.10828370330265065,18.35,0,0,-0.97,,21-Aug-2026,-,-0.10828370330265065,-,Infinity,5.384615384615389,-31.691648822269805,https://nsearchives.nseindia.com/today/SMALLADDEQN.svg,https://nsearchives.nseindia.com/30d/SMALLADD-EQ.svg,,EQ
CEMNTGROWW,Nifty Cements Index TRI,13.89,14.35,13.89,14.27,0.02,0.14,30136,428232.56,14.2353,16.27,13.67,-,-,Infinity,-4.034969737726965,14.25,0,0,-4.23,,21-Aug-2026,-,-4.034969737726965,-,Infinity,12.292562999385373,-4.389173372348205,https://nsearchives.nseindia.com/today/CEMNTGROWWEQN.svg,https://nsearchives.nseindia.com/30d/CEMNTGROWW-EQ.svg,,EQ
GROWWMOM50,Nifty 500 Momentum 50 Index- Total Return Index,10.99,11.01,10.83,10.83,-0.11,-1.01,38960,425053.6,10.9025,11.55,9.12,-,-,2.654028436018951,-1.90217391304347,10.94,0,4.09,-0.27,19-Sep-2025,21-Aug-2026,-,-1.90217391304347,-,2.654028436018951,6.2337662337662385,-18.75000000000001,https://nsearchives.nseindia.com/today/GROWWMOM50EQN.svg,https://nsearchives.nseindia.com/30d/GROWWMOM50-EQ.svg,https://nsearchives.nseindia.com/365d/GROWWMOM50-EQ.svg,EQ
AONETMMQ50,Nifty Total Market Momentum Quality 50 TRI,10.2,10.29,10.13,10.18,0.03,0.30,41593,423000.81,10.1391,10.87,8,-,-,Infinity,-2.0211742059672844,10.15,0,0,-1.55,,21-Aug-2026,-,-2.0211742059672844,-,Infinity,6.347746090156389,-27.249999999999996,https://nsearchives.nseindia.com/today/AONETMMQ50EQN.svg,https://nsearchives.nseindia.com/30d/AONETMMQ50-EQ.svg,,EQ
SMALLGROWW,Nifty Smallcap 250 Momentum Quality 100 Index TRI,49.1,49.38,48.62,48.62,-0.29,-0.59,8360,408636.8,49.0257,50.84,39.41,-,-,Infinity,-1.017915309446254,48.91,0,0,-0.35,,21-Aug-2026,-,-1.017915309446254,-,Infinity,4.3666404405979655,-23.369703121035275,https://nsearchives.nseindia.com/today/SMALLGROWWEQN.svg,https://nsearchives.nseindia.com/30d/SMALLGROWW-EQ.svg,,EQ
SETF10GILT,Nifty 10 yr Benchmark G-Sec Index,262.85,263.89,261.78,262.53,0.45,0.17,1544,405392.64,262.9772,272.31,250.95,-,-,1.617960131604393,-0.7523060638137038,262.08,0,1.59,-0.99,19-Sep-2025,21-Aug-2026,-,-0.7523060638137038,-,1.617960131604393,3.5914949873306266,-4.614465032875069,https://nsearchives.nseindia.com/today/SETF10GILTEQN.svg,https://nsearchives.nseindia.com/30d/SETF10GILT-EQ.svg,https://nsearchives.nseindia.com/365d/SETF10GILT-EQ.svg,EQ
PVTBKGROWW,Nifty Private Bank Index - TRI,27.95,27.95,27.3,27.63,0.03,0.11,14442,398021.52,27.4916,29.57,25.45,-,-,Infinity,0.5824535857298877,27.6,0,0,-0.58,,21-Aug-2026,-,0.5824535857298877,-,Infinity,6.560703415623947,-8.565815324165028,https://nsearchives.nseindia.com/today/PVTBKGROWWEQN.svg,https://nsearchives.nseindia.com/30d/PVTBKGROWW-EQ.svg,,EQ
TOP20,Nifty Top 20 Equal Weight,8.69,8.69,8.62,8.64,-0.03,-0.35,44627,386023.55,8.6553,9.99,8,-,-,Infinity,-3.6789297658862883,8.67,0,0,-3.67,,21-Aug-2026,-,-3.6789297658862883,-,Infinity,13.51351351351351,-8.000000000000007,https://nsearchives.nseindia.com/today/TOP20EQN.svg,https://nsearchives.nseindia.com/30d/TOP20-EQ.svg,,EQ
SNXT50BETA,BSE Sensex Next 50,95.2,95.44,92.05,92.05,-2.29,-2.43,4011,375188.94,93.9843,99,77.11,17-FEB-21, FACE VALUE SPLIT (SUB-DIVISION) - FROM RS 10/- PER UNIT TO RE 1/- PER UNIT,Infinity,-3.7033162464693024,94.34,0,0,-1.85,,21-Aug-2026, FACE VALUE SPLIT (SUB-DIVISION) - FROM RS 10/- PER UNIT TO RE 1/- PER UNIT,-3.7033162464693024,17-FEB-21,Infinity,7.0202020202020226,-19.374918946958886,https://nsearchives.nseindia.com/today/SNXT50BETAEQN.svg,https://nsearchives.nseindia.com/30d/SNXT50BETA-EQ.svg,,EQ
MIDCAPADD,Nifty Midcap 150 Index,22.96,23,22.86,22.89,-0.07,-0.30,16028,367842.6,22.8816,25.5,19.27,-,-,Infinity,-2.554278416347373,22.96,0,0,-1.96,,21-Aug-2026,-,-2.554278416347373,-,Infinity,10.235294117647056,-18.78567721847432,https://nsearchives.nseindia.com/today/MIDCAPADDEQN.svg,https://nsearchives.nseindia.com/30d/MIDCAPADD-EQ.svg,,EQ
BANKPSU,Nifty PSU Bank Total Return Index,84.07,84.07,83.14,83.56,-0.45,-0.54,4250,354620,83.8567,99.52,72.66,-,-,12.796976241900655,-2.6901129614533623,84.01,0,13.04,-2.98,19-Sep-2025,21-Aug-2026,-,-2.6901129614533623,-,12.796976241900655,16.03697749196141,-15.00137627305258,https://nsearchives.nseindia.com/today/BANKPSUEQN.svg,https://nsearchives.nseindia.com/30d/BANKPSU-EQ.svg,https://nsearchives.nseindia.com/365d/BANKPSU-EQ.svg,EQ
BANKBETF,Bajaj Finserv Nifty Bank ETF,57.37,57.71,57.1,57.2,-0.17,-0.30,6026,345952.66,57.4821,63.9,50.71,-,-,2.0153379703941545,-1.9204389574759901,57.37,0,1.92,-2.08,19-Sep-2025,21-Aug-2026,-,-1.9204389574759901,-,2.0153379703941545,10.48513302034428,-12.798264642082433,https://nsearchives.nseindia.com/today/BANKBETFEQN.svg,https://nsearchives.nseindia.com/30d/BANKBETF-EQ.svg,https://nsearchives.nseindia.com/365d/BANKBETF-EQ.svg,EQ
MONEXT50,Nifty Next 50 Total Return Index,72.2,72.99,71.26,71.42,-0.83,-1.15,4634,334574.8,72.0561,75.89,59.43,-,-,2.0139980002856683,-3.694714131607329,72.25,0,4.23,-2.34,19-Sep-2025,21-Aug-2026,-,-3.694714131607329,-,2.0139980002856683,5.89010409803663,-20.174995793370357,https://nsearchives.nseindia.com/today/MONEXT50EQN.svg,https://nsearchives.nseindia.com/30d/MONEXT50-EQ.svg,https://nsearchives.nseindia.com/365d/MONEXT50-EQ.svg,EQ
FMCGADD,Nifty FMCG Index (TRI),46.14,46.22,45.62,45.95,-0.26,-0.56,7261,333570.34,46.1043,51.09,45.01,-,-,Infinity,-3.5676810073452168,46.21,0,0,-3.55,,21-Aug-2026,-,-3.5676810073452168,-,Infinity,10.060677236249754,-2.088424794490124,https://nsearchives.nseindia.com/today/FMCGADDEQN.svg,https://nsearchives.nseindia.com/30d/FMCGADD-EQ.svg,,EQ
MOIPO,BSE Select IPO Total Return Index,48.87,49.64,48.73,48.95,0.53,1.09,6695,328322.8,48.4673,53,36.5,-,-,Infinity,0.22522522522522403,48.42,0,0,-1.34,,21-Aug-2026,-,0.22522522522522403,-,Infinity,7.641509433962259,-34.109589041095894,https://nsearchives.nseindia.com/today/MOIPOEQN.svg,https://nsearchives.nseindia.com/30d/MOIPO-EQ.svg,,EQ
SBIETFCON,Nifty India Consumption Index,118.85,120.28,118.33,118.61,-0.24,-0.20,2601,309779.1,118.9803,133.97,100,-,-,-7.646188585221527,-3.920615633859865,118.85,0,-7.43,-4.2,19-Sep-2025,21-Aug-2026,-,-3.920615633859865,-,-7.646188585221527,11.465253414943644,-18.61,https://nsearchives.nseindia.com/today/SBIETFCONEQN.svg,https://nsearchives.nseindia.com/30d/SBIETFCON-EQ.svg,https://nsearchives.nseindia.com/365d/SBIETFCON-EQ.svg,EQ
HDFCNIMEG,Nifty Metal Index TRI,130.17,130.46,129.12,129.12,-0.79,-0.61,2207,286314.11,129.6734,152.55,125.73,-,-,Infinity,-3.0120934424998054,129.91,0,0,-1.42,,21-Aug-2026,-,-3.0120934424998054,-,Infinity,15.358898721730585,-2.69625387735624,https://nsearchives.nseindia.com/today/HDFCNIMEGEQN.svg,https://nsearchives.nseindia.com/30d/HDFCNIMEG-EQ.svg,,EQ
ECAPINSURE,BSE Capital Markets & Insurance Total Return Index,23.7,23.74,23.5,23.63,0.03,0.13,11385,268458.3,23.5472,25.88,20.5,-,-,2.0734341252699804,-2.7171675586661186,23.6,0,1.37,-2.96,19-Sep-2025,21-Aug-2026,-,-2.7171675586661186,-,2.0734341252699804,8.693972179289027,-15.268292682926823,https://nsearchives.nseindia.com/today/ECAPINSUREEQN.svg,https://nsearchives.nseindia.com/30d/ECAPINSURE-EQ.svg,https://nsearchives.nseindia.com/365d/ECAPINSURE-EQ.svg,EQ
SBIETFQLTY,Nifty 200 Quality 30 Index,215.17,215.17,213.46,214.11,-1.41,-0.65,1235,264327.05,214.7861,247.28,194,-,-,-5.6451612903225685,-4.71719104623737,215.52,0,-5.82,-4.32,19-Sep-2025,21-Aug-2026,-,-4.71719104623737,-,-5.6451612903225685,13.413943707538008,-10.365979381443307,https://nsearchives.nseindia.com/today/SBIETFQLTYEQN.svg,https://nsearchives.nseindia.com/30d/SBIETFQLTY-EQ.svg,https://nsearchives.nseindia.com/365d/SBIETFQLTY-EQ.svg,EQ
VALUE,Nifty 500 Value 50,15.84,15.85,15.75,15.8,0,0.00,16648,262871.92,15.7833,19.69,14.83,-,-,Infinity,-2.106567534076827,15.8,0,0,-2.05,,21-Aug-2026,-,-2.106567534076827,-,Infinity,19.756221432199087,-6.54079568442347,https://nsearchives.nseindia.com/today/VALUEEQN.svg,https://nsearchives.nseindia.com/30d/VALUE-EQ.svg,,EQ
MIDQ50ADD,Nifty Midcap 150 Quality 50 Index,24.99,24.99,24.3,24.42,0.03,0.12,10218,249319.2,24.3887,26.01,21,03-JUL-26,FACE VALUE SPLIT (SUB-DIVISION) - FROM RS 10/- PER UNIT TO RE 1/- PER UNIT,-90.34515478590914,-3.9339103068450036,24.39,0,-90.44,-4.43,19-Sep-2025,21-Aug-2026,FACE VALUE SPLIT (SUB-DIVISION) - FROM RS 10/- PER UNIT TO RE 1/- PER UNIT,-3.9339103068450036,03-JUL-26,-90.34515478590914,6.113033448673587,-16.285714285714295,https://nsearchives.nseindia.com/today/MIDQ50ADDEQN.svg,https://nsearchives.nseindia.com/30d/MIDQ50ADD-EQ.svg,https://nsearchives.nseindia.com/365d/MIDQ50ADD-EQ.svg,EQ
SNXT30BEES,BSE Sensex Next 30 Index,42.14,42.33,41.93,42.07,-0.07,-0.17,5894,247548,42.2084,44.56,36.83,-,-,5.597389558232924,-2.6157407407407467,42.14,0,6.04,-2.63,19-Sep-2025,21-Aug-2026,-,-2.6157407407407467,-,5.597389558232924,5.587971274685821,-14.227531903339676,https://nsearchives.nseindia.com/today/SNXT30BEESEQN.svg,https://nsearchives.nseindia.com/30d/SNXT30BEES-EQ.svg,https://nsearchives.nseindia.com/365d/SNXT30BEES-EQ.svg,EQ
BSLSENETFG,BSE SENSEX Index,76.59,76.59,74.75,75.99,0.49,0.65,3184,239723.36,75.562,87.82,70.32,25-NOV-21, FACE VALUE SPLIT (SUB-DIVISION) - FROM RS 10/- PER SHARE TO RE 1- PER SHARE,-7.464685825621053,-2.3139220979560498,75.5,0,-8.62,-3.34,19-Sep-2025,21-Aug-2026, FACE VALUE SPLIT (SUB-DIVISION) - FROM RS 10/- PER SHARE TO RE 1- PER SHARE,-2.3139220979560498,25-NOV-21,-7.464685825621053,13.470735595536322,-8.063139931740618,https://nsearchives.nseindia.com/today/BSLSENETFGEQN.svg,https://nsearchives.nseindia.com/30d/BSLSENETFG-EQ.svg,https://nsearchives.nseindia.com/365d/BSLSENETFG-EQ.svg,EQ
MOMGF,Nifty India Manufacturing Total Return Index,162.8,162.81,159.05,159.38,-2.8,-1.73,1497,239699.64,159.1514,182.16,137.9,-,-,-12.505489679402723,-2.923620416615916,162.18,0,6.61,-1.82,19-Sep-2025,21-Aug-2026,-,-2.923620416615916,-,-12.505489679402723,12.505489679402723,-15.576504713560544,https://nsearchives.nseindia.com/today/MOMGFEQN.svg,https://nsearchives.nseindia.com/30d/MOMGF-EQ.svg,https://nsearchives.nseindia.com/365d/MOMGF-EQ.svg,EQ
BANK10ADD,BSE Top 10 Banks Index (TRI),16.74,16.77,16.54,16.54,-0.21,-1.25,14040,233906.4,16.6717,18.99,12.08,-,-,Infinity,-2.4188790560471984,16.75,0,0,-0.89,,21-Aug-2026,-,-2.4188790560471984,-,Infinity,12.901527119536595,-36.92052980132449,https://nsearchives.nseindia.com/today/BANK10ADDEQN.svg,https://nsearchives.nseindia.com/30d/BANK10ADD-EQ.svg,,EQ
BBNPPGOLD,Baroda BNP Paribas Gold ETF,147,148,145,146.9,0.3,0.20,1565,228458.7,146.9261,184.05,106.55,-,-,34.46224256292906,-5.863505286767065,146.6,0,37.01,-4.5,19-Sep-2025,21-Aug-2026,-,-5.863505286767065,-,34.46224256292906,20.184732409671287,-37.869544814641024,https://nsearchives.nseindia.com/today/BBNPPGOLDEQN.svg,https://nsearchives.nseindia.com/30d/BBNPPGOLD-EQ.svg,https://nsearchives.nseindia.com/365d/BBNPPGOLD-EQ.svg,EQ
NIFTYBETF,Bajaj Finserv Nifty 50 ETF,242.24,242.35,240.01,240.6,-0.77,-0.32,931,224613.06,241.215,279.99,227.01,-,-,-6.486843639472978,-3.4432940043342213,241.37,0,-6.55,-3.49,19-Sep-2025,21-Aug-2026,-,-3.4432940043342213,-,-6.486843639472978,14.06835958427087,-5.986520417602751,https://nsearchives.nseindia.com/today/NIFTYBETFEQN.svg,https://nsearchives.nseindia.com/30d/NIFTYBETF-EQ.svg,https://nsearchives.nseindia.com/365d/NIFTYBETF-EQ.svg,EQ
NIF500BETA,Nifty 500,37.7,37.7,36.23,36.72,-0.04,-0.11,6061,221832.6,36.7798,38.3,35.83,-,-,Infinity,Infinity,36.76,0,0,0,,,-,Infinity,-,Infinity,4.125326370757176,-2.48395199553447,https://nsearchives.nseindia.com/today/NIF500BETAEQN.svg,,,EQ
MON50EQUAL,Nifty 50 Equal Weight Total Return Index,33,33.49,32.34,32.56,-0.1,-0.31,6702,217144.8,32.4778,36,29.43,-,-,0.09222256378727678,-4.009433962264149,32.66,0,-0.24,-2.91,19-Sep-2025,21-Aug-2026,-,-4.009433962264149,-,0.09222256378727678,9.55555555555555,-10.635406048250093,https://nsearchives.nseindia.com/today/MON50EQUALEQN.svg,https://nsearchives.nseindia.com/30d/MON50EQUAL-EQ.svg,https://nsearchives.nseindia.com/365d/MON50EQUAL-EQ.svg,EQ
IDFNIFTYET,Nifty 50,259.85,259.97,257.59,259.13,-0.47,-0.18,791,205224.95,258.9821,340.8,244.32,-,-,-6.49514668206257,-3.3673926014319915,259.6,0,-6.61,-3.01,19-Sep-2025,21-Aug-2026,-,-3.3673926014319915,-,-6.49514668206257,23.964201877934276,-6.061722331368698,https://nsearchives.nseindia.com/today/IDFNIFTYETEQN.svg,https://nsearchives.nseindia.com/30d/IDFNIFTYET-EQ.svg,https://nsearchives.nseindia.com/365d/IDFNIFTYET-EQ.svg,EQ
SENSEXAXIS,AXIS S&P BSE SENSEX ETF,77.8,78.09,77.28,77.73,0.05,0.06,2580,200517.6,77.7582,91.35,73.52,-,-,Infinity,-2.98302546180729,77.68,0,0,-3.72,,21-Aug-2026,-,-2.98302546180729,-,Infinity,14.90968801313628,-5.72633297062025,https://nsearchives.nseindia.com/today/SENSEXAXISEQN.svg,https://nsearchives.nseindia.com/30d/SENSEXAXIS-EQ.svg,,EQ
IVZSENSEX,BSE Sensex TRI,77,77,74.6,74.6,-0.53,-0.71,2559,191925,74.9034,79.2,73.73,-,-,Infinity,-3.679793415106531,75.13,0,0,-3.39,,21-Aug-2026,-,-3.679793415106531,-,Infinity,5.808080808080819,-1.1799810117997969,https://nsearchives.nseindia.com/today/IVZSENSEXEQN.svg,https://nsearchives.nseindia.com/30d/IVZSENSEX-EQ.svg,,EQ
GROWWPSE,Nifty PSE Index - TRI,98,98,96.37,97.3,-0.01,-0.01,1892,183486.16,96.8332,109.85,93.2,-,-,Infinity,-0.9265858873841734,97.31,0,0,-1.17,,21-Aug-2026,-,-0.9265858873841734,-,Infinity,11.42467000455166,-4.399141630901282,https://nsearchives.nseindia.com/today/GROWWPSEEQN.svg,https://nsearchives.nseindia.com/30d/GROWWPSE-EQ.svg,,EQ
MSCIINDIA,MSCI India Index,29.2,29.32,29.09,29.26,0.04,0.14,6221,181653.2,29.188,32.14,26.5,-,-,-2.9519071310115987,-2.3364485981308385,29.22,0,-3.18,-3.12,19-Sep-2025,21-Aug-2026,-,-2.3364485981308385,-,-2.9519071310115987,8.960796515245796,-10.415094339622648,https://nsearchives.nseindia.com/today/MSCIINDIAEQN.svg,https://nsearchives.nseindia.com/30d/MSCIINDIA-EQ.svg,https://nsearchives.nseindia.com/365d/MSCIINDIA-EQ.svg,EQ
MOINFRA,BSE India Infrastructure Total Return Index,58.57,58.57,57.06,58.35,-0.06,-0.10,2967,171967.32,58.2252,66,54.6,-,-,-5.902273826802124,-1.8337819650067233,58.41,0,-2.6,-2,19-Sep-2025,21-Aug-2026,-,-1.8337819650067233,-,-5.902273826802124,11.59090909090909,-6.868131868131868,https://nsearchives.nseindia.com/today/MOINFRAEQN.svg,https://nsearchives.nseindia.com/30d/MOINFRA-EQ.svg,https://nsearchives.nseindia.com/365d/MOINFRA-EQ.svg,EQ
ITBETA,UTI Nifty IT ETF,301.33,309,299.3,309,4.71,1.55,540,162243,303.5021,409.94,270.68,-,-,Infinity,-3.6602855895741127,304.29,0,0,-4.66,,21-Aug-2026,-,-3.6602855895741127,-,Infinity,24.623115577889447,-14.156938081867885,https://nsearchives.nseindia.com/today/ITBETAEQN.svg,https://nsearchives.nseindia.com/30d/ITBETA-EQ.svg,,EQ
SECLEDBETA,BSE India Sector Leaders,14.96,14.96,14.29,14.31,-0.07,-0.49,11225,160966.5,14.3219,15.5,14.21,-,-,Infinity,Infinity,14.38,0,0,0,,,-,Infinity,-,Infinity,7.677419354838706,-0.7037297677691741,https://nsearchives.nseindia.com/today/SECLEDBETAEQN.svg,,,EQ
HEALTHADD,DSP Nifty Healthcare ETF,17.07,17.32,16.88,16.88,-0.11,-0.65,9214,156269.44,16.9632,17.47,13.54,03-JUL-26,FACE VALUE SPLIT (SUB-DIVISION) - FROM RS 10/- PER UNIT TO RE 1/- PER UNIT,-88.6092178959444,3.1784841075794596,16.99,0,-88.67,2.53,19-Sep-2025,21-Aug-2026,FACE VALUE SPLIT (SUB-DIVISION) - FROM RS 10/- PER UNIT TO RE 1/- PER UNIT,3.1784841075794596,03-JUL-26,-88.6092178959444,3.377218088151116,-24.667651403249632,https://nsearchives.nseindia.com/today/HEALTHADDEQN.svg,https://nsearchives.nseindia.com/30d/HEALTHADD-EQ.svg,https://nsearchives.nseindia.com/365d/HEALTHADD-EQ.svg,EQ
MOOILGAS,Nifty Oil & Gas ETF Total Return Index,11.27,12.15,10.9,11.03,-0.02,-0.18,14110,155351.1,11.0217,12.15,10.79,-,-,Infinity,-1.6057091882248125,11.05,0,0,-0.63,,21-Aug-2026,-,-1.6057091882248125,-,Infinity,9.218106995884781,-2.2242817423540338,https://nsearchives.nseindia.com/today/MOOILGASEQN.svg,https://nsearchives.nseindia.com/30d/MOOILGAS-EQ.svg,,EQ
CONSUMAXIS,NIFTY India Consumption Index,118.55,119.27,118.47,118.47,-0.53,-0.45,1278,151979.76,118.6235,131.85,105.63,-,-,Infinity,-3.932857606227696,119,0,0,-3.76,,21-Aug-2026,-,-3.932857606227696,-,Infinity,10.147895335608643,-12.15563760295371,https://nsearchives.nseindia.com/today/CONSUMAXISEQN.svg,https://nsearchives.nseindia.com/30d/CONSUMAXIS-EQ.svg,,EQ
MONIFTY100,Nifty 100 Total Return Index,24.75,24.84,24.57,24.75,-0.07,-0.28,5958,147400.92,24.7311,27.97,22.38,-,-,Infinity,-3.0931871574001533,24.82,0,0,-2.7,,21-Aug-2026,-,-3.0931871574001533,-,Infinity,11.512334644261704,-10.589812332439683,https://nsearchives.nseindia.com/today/MONIFTY100EQN.svg,https://nsearchives.nseindia.com/30d/MONIFTY100-EQ.svg,,EQ
INFRA,Nifty India Infrastructure & Logistics,11.92,11.92,11.78,11.81,-0.04,-0.34,12256,144865.92,11.8319,13.27,10.14,-,-,Infinity,-2.7983539094650194,11.85,0,0,-2.71,,21-Aug-2026,-,-2.7983539094650194,-,Infinity,11.002260738507907,-16.469428007889544,https://nsearchives.nseindia.com/today/INFRAEQN.svg,https://nsearchives.nseindia.com/30d/INFRA-EQ.svg,,EQ
MOQUALITY,Motilal Oswal S&P BSE Quality ETF,194.43,194.9,193.11,194.04,0.3,0.15,704,136442.24,194.2656,225.6,176.15,-,-,-1.1613691931540349,-4.073561400039553,193.74,0,-2.51,-4.82,19-Sep-2025,21-Aug-2026,-,-4.073561400039553,-,-1.1613691931540349,13.98936170212766,-10.156116945784834,https://nsearchives.nseindia.com/today/MOQUALITYEQN.svg,https://nsearchives.nseindia.com/30d/MOQUALITY-EQ.svg,https://nsearchives.nseindia.com/365d/MOQUALITY-EQ.svg,EQ
DIVIDEND,BSE 500 Dividend Leaders,34.85,34.87,34.75,34.86,-0.03,-0.09,3912,136254.96,34.828,38.03,33.15,-,-,Infinity,-2.7615062761506333,34.89,0,0,-2.08,,21-Aug-2026,-,-2.7615062761506333,-,Infinity,8.335524585853278,-5.158371040723985,https://nsearchives.nseindia.com/today/DIVIDENDEQN.svg,https://nsearchives.nseindia.com/30d/DIVIDEND-EQ.svg,,EQ
GROWWLOVOL,Nifty 500 Low Volatility 50 Index   TRI,10.32,10.32,10.04,10.19,0.05,0.49,10850,110236,10.1432,11.1,9.39,-,-,-3.044719314938157,-2.674307545367728,10.14,0,-3.8,-2.22,19-Sep-2025,21-Aug-2026,-,-2.674307545367728,-,-3.044719314938157,8.1981981981982,-8.519701810436622,https://nsearchives.nseindia.com/today/GROWWLOVOLEQN.svg,https://nsearchives.nseindia.com/30d/GROWWLOVOL-EQ.svg,https://nsearchives.nseindia.com/365d/GROWWLOVOL-EQ.svg,EQ
HEALTHAXIS,Nifty Healthcare Index,171.35,171.35,170.1,171.22,-0.57,-0.33,639,109026.18,170.9642,190,135.2,-,-,Infinity,2.791619139100682,171.79,0,0,2.67,,21-Aug-2026,-,2.791619139100682,-,Infinity,9.884210526315789,-26.642011834319536,https://nsearchives.nseindia.com/today/HEALTHAXISEQN.svg,https://nsearchives.nseindia.com/30d/HEALTHAXIS-EQ.svg,,EQ
LOWVOL,Mirae Asset Nifty 100 Low Volatility 30 ETF,200.45,200.45,199,199.77,-0.56,-0.28,545,108847.4,200.3048,219.1,183.58,-,-,-4.993579683264374,-4.118070554355644,200.33,0,-5.28,-3.65,19-Sep-2025,21-Aug-2026,-,-4.118070554355644,-,-4.993579683264374,8.822455499771786,-8.819043468787449,https://nsearchives.nseindia.com/today/LOWVOLEQN.svg,https://nsearchives.nseindia.com/30d/LOWVOL-EQ.svg,https://nsearchives.nseindia.com/365d/LOWVOL-EQ.svg,EQ
NETF,Tata Nifty 50 Exchange Traded Fund,256,256,254.01,254.99,0.27,0.11,421,107451.83,255.1244,292.9,240.66,-,-,-5.994470046082946,-2.9127322570819287,254.72,0,-6.58,-3.64,19-Sep-2025,21-Aug-2026,-,-2.9127322570819287,-,-5.994470046082946,12.942983953567762,-5.954458572259625,https://nsearchives.nseindia.com/today/NETFEQN.svg,https://nsearchives.nseindia.com/30d/NETF-EQ.svg,https://nsearchives.nseindia.com/365d/NETF-EQ.svg,EQ
EQUAL200,BSE 200 Equal Weight,13.65,13.65,13.52,13.58,-0.02,-0.15,7792,105815.36,11.524,14.6,11.75,-,-,2.2590361445783187,-2.9306647605432463,13.6,0,2.1,-2.65,19-Sep-2025,21-Aug-2026,-,-2.9306647605432463,-,2.2590361445783187,6.9863013698630105,-15.574468085106384,https://nsearchives.nseindia.com/today/EQUAL200EQN.svg,https://nsearchives.nseindia.com/30d/EQUAL200-EQ.svg,https://nsearchives.nseindia.com/365d/EQUAL200-EQ.svg,EQ
CONS,Kotak Nifty India Consumption ETF,11.91,11.91,11.84,11.85,-0.06,-0.50,8035,95295.1,11.8644,13.12,10.2,27-FEB-26,FACE VALUE SPLIT (SUB-DIVISION) - FROM RS 10/- PER SHARE TO RE 1/- PER SHARE,-90.73567352044407,-4.126213592233008,11.91,0,-90.66,-3.8,19-Sep-2025,21-Aug-2026,FACE VALUE SPLIT (SUB-DIVISION) - FROM RS 10/- PER SHARE TO RE 1/- PER SHARE,-4.126213592233008,27-FEB-26,-90.73567352044407,9.679878048780486,-16.176470588235297,https://nsearchives.nseindia.com/today/CONSEQN.svg,https://nsearchives.nseindia.com/30d/CONS-EQ.svg,https://nsearchives.nseindia.com/365d/CONS-EQ.svg,EQ
QUALITY30,Nifty200 Quality 30 Index,20.14,20.14,19.96,19.96,-0.18,-0.89,4581,91528.38,20.026,23.18,18.09,-,-,-5.581835383159885,-4.130643611911621,20.14,0,-5.4,-4.23,19-Sep-2025,21-Aug-2026,-,-4.130643611911621,-,-5.581835383159885,13.891285591026742,-10.337202874516313,https://nsearchives.nseindia.com/today/QUALITY30EQN.svg,https://nsearchives.nseindia.com/30d/QUALITY30-EQ.svg,https://nsearchives.nseindia.com/365d/QUALITY30-EQ.svg,EQ
MOMNC,Nifty MNC ETF Total Return Index,31.72,31.73,31.3,31.41,-0.24,-0.76,2870,90089.3,31.5282,35.8,27.03,-,-,Infinity,-5.277442702050654,31.65,0,0,-4.84,,21-Aug-2026,-,-5.277442702050654,-,Infinity,12.262569832402228,-16.204217536071027,https://nsearchives.nseindia.com/today/MOMNCEQN.svg,https://nsearchives.nseindia.com/30d/MOMNC-EQ.svg,,EQ
PVTBANK,Nifty Private Bank,28,28,27.29,27.29,-0.25,-0.91,3207,87743.52,27.456,28.33,27.01,-,-,Infinity,-1.4801444043321306,27.54,0,0,-0.65,,21-Aug-2026,-,-1.4801444043321306,-,Infinity,3.6710201200141164,-1.036653091447603,https://nsearchives.nseindia.com/today/PVTBANKEQN.svg,https://nsearchives.nseindia.com/30d/PVTBANK-EQ.svg,,EQ
NEXT30ADD,BSE SENSEX Next 30 Index,42.24,42.37,41.85,41.85,-0.36,-0.85,1600,67440,42.3283,46.7,36.98,-,-,5.70851225056832,-3.571428571428565,42.21,0,6.06,-5.7,19-Sep-2025,21-Aug-2026,-,-3.571428571428565,-,5.70851225056832,10.385438972162742,-13.169280692266103,https://nsearchives.nseindia.com/today/NEXT30ADDEQN.svg,https://nsearchives.nseindia.com/30d/NEXT30ADD-EQ.svg,https://nsearchives.nseindia.com/365d/NEXT30ADD-EQ.svg,EQ
EMETAL,Nifty Metal Total Return Index,12.7,13.07,12.7,13.04,0.01,0.08,5192,67236.4,12.9628,15.21,12.41,-,-,Infinity,-2.395209580838326,13.03,0,0,-0.53,,21-Aug-2026,-,-2.395209580838326,-,Infinity,14.266929651545047,-5.076551168412562,https://nsearchives.nseindia.com/today/EMETALEQN.svg,https://nsearchives.nseindia.com/30d/EMETAL-EQ.svg,,EQ
LICNFNHGP,Nifty 100,276.95,276.95,268.19,272.61,2.41,0.89,240,65268,269.4634,296.41,248.02,-,-,-3.9361477200648247,-2.202690582959636,270.2,0,-4.99,-3.4,19-Sep-2025,21-Aug-2026,-,-2.202690582959636,-,-3.9361477200648247,8.029418710569821,-9.91452302233691,https://nsearchives.nseindia.com/today/LICNFNHGPEQN.svg,https://nsearchives.nseindia.com/30d/LICNFNHGP-EQ.svg,https://nsearchives.nseindia.com/365d/LICNFNHGP-EQ.svg,EQ
MOBANK10,BSE Top 10 Banks Total Return Index,16.89,16.89,16.65,16.85,0.12,0.72,3877,65094.83,16.6765,20,15.75,-,-,Infinity,-0.5312868949232576,16.73,0,0,-1.53,,21-Aug-2026,-,-0.5312868949232576,-,Infinity,15.749999999999995,-6.984126984126993,https://nsearchives.nseindia.com/today/MOBANK10EQN.svg,https://nsearchives.nseindia.com/30d/MOBANK10-EQ.svg,,EQ
HDFCLOWVOL,HDFC NIFTY100 Low Volatility 30 ETF,20.29,20.29,19.91,20.02,-0.02,-0.10,3253,64864.82,20.0116,22.28,18.35,20-OCT-23,FACE VALUE SPLIT (SUB-DIVISION) - FROM RS 126.18/- PER SHARE TO RS 12.618/- PER SHARE,-4.393505253104115,-3.7962518020182565,20.04,0,-6.66,-3.98,19-Sep-2025,21-Aug-2026,FACE VALUE SPLIT (SUB-DIVISION) - FROM RS 126.18/- PER SHARE TO RS 12.618/- PER SHARE,-3.7962518020182565,20-OCT-23,-4.393505253104115,10.143626570915627,-9.100817438692088,https://nsearchives.nseindia.com/today/HDFCLOWVOLEQN.svg,https://nsearchives.nseindia.com/30d/HDFCLOWVOL-EQ.svg,https://nsearchives.nseindia.com/365d/HDFCLOWVOL-EQ.svg,EQ
SBIVALETF,Nifty200 Value 30 Index,14.51,14.51,14.4,14.48,-0.02,-0.14,4168,60144.24,14.4278,17.7,14.21,-,-,Infinity,-2.2941970310391353,14.5,0,0,-1.89,,21-Aug-2026,-,-2.2941970310391353,-,Infinity,18.19209039548022,-1.9000703729767738,https://nsearchives.nseindia.com/today/SBIVALETFEQN.svg,https://nsearchives.nseindia.com/30d/SBIVALETF-EQ.svg,,EQ
SENSEXADD,DSP S&P BSE Sensex ETF,77.54,77.55,76.83,77.03,-0.05,-0.06,729,56278.8,77.2916,88.2,73.27,-,-,-8.384871550903899,-3.6281746528212255,77.08,0,-8.89,-3.23,19-Sep-2025,21-Aug-2026,-,-3.6281746528212255,-,-8.384871550903899,12.664399092970523,-5.131704654019388,https://nsearchives.nseindia.com/today/SENSEXADDEQN.svg,https://nsearchives.nseindia.com/30d/SENSEXADD-EQ.svg,https://nsearchives.nseindia.com/365d/SENSEXADD-EQ.svg,EQ
BANKADD,DSP Nifty Bank ETF,56.35,58.11,56.35,57.84,0.04,0.07,971,56075.25,57.8908,62.9,51.01,-,-,Infinity,-1.74961780193646,57.8,0,0,-2,,21-Aug-2026,-,-1.74961780193646,-,Infinity,8.044515103338625,-13.389531464418754,https://nsearchives.nseindia.com/today/BANKADDEQN.svg,https://nsearchives.nseindia.com/30d/BANKADD-EQ.svg,,EQ
EBANKNIFTY,Edelweiss Nifty Bank ETF,57.17,57.22,56.72,56.95,-0.18,-0.32,839,47722.32,57.0135,69.39,50.05,-,-,2.0975259949802827,-1.5046696644759554,57.13,0,2.09,-1.79,19-Sep-2025,21-Aug-2026,-,-1.5046696644759554,-,2.0975259949802827,17.927655281740883,-13.786213786213798,https://nsearchives.nseindia.com/today/EBANKNIFTYEQN.svg,https://nsearchives.nseindia.com/30d/EBANKNIFTY-EQ.svg,https://nsearchives.nseindia.com/365d/EBANKNIFTY-EQ.svg,EQ
NPBET,Nifty Private Bank Index,285.3,285.3,283.41,284.26,0.45,0.16,116,32948.64,283.9839,307,246.26,-,-,2.167271681702179,-0.2911361324493964,283.81,0,1.37,-0.77,19-Sep-2025,21-Aug-2026,-,-0.2911361324493964,-,2.167271681702179,7.407166123778505,-15.430845447900593,https://nsearchives.nseindia.com/today/NPBETEQN.svg,https://nsearchives.nseindia.com/30d/NPBET-EQ.svg,https://nsearchives.nseindia.com/365d/NPBET-EQ.svg,EQ
HYBRIDETF,Nifty200 Momentum 30 Plus 8-13 yr G-Sec 50:50 Total Return Index,10.02,10.02,9.92,9.98,0,0.00,3286,32827.14,9.9591,11.99,9.8,-,-,Infinity,-1.4807502467917113,9.98,0,0,-0.89,,21-Aug-2026,-,-1.4807502467917113,-,Infinity,16.763969974979148,-1.836734693877548,https://nsearchives.nseindia.com/today/HYBRIDETFEQN.svg,https://nsearchives.nseindia.com/30d/HYBRIDETF-EQ.svg,,EQ
ESENSEX,BSE Sensex TRI,75.6,75.6,74.95,75.4,-0.29,-0.38,383,28851.39,75.4265,88.05,71.87,-,-,Infinity,-3.2092426187419765,75.69,0,0,-3.4,,21-Aug-2026,-,-3.2092426187419765,-,Infinity,14.366837024417935,-4.911646027549744,https://nsearchives.nseindia.com/today/ESENSEXEQN.svg,https://nsearchives.nseindia.com/30d/ESENSEX-EQ.svg,,EQ
MOMETAL,Nifty Metal Index,13.07,13.07,12.97,13.02,0.07,0.54,2155,28015,12.973,14.49,12.54,-,-,Infinity,-2.5449101796407176,12.95,0,0,-1.82,,21-Aug-2026,-,-2.5449101796407176,-,Infinity,10.144927536231888,-3.8277511961722523,https://nsearchives.nseindia.com/today/MOMETALEQN.svg,https://nsearchives.nseindia.com/30d/MOMETAL-EQ.svg,,EQ
IVZINNIFTY,Nifty 50,269.7,269.7,267.61,268,-0.95,-0.35,102,27407.4,268.8167,315,251.1,31-JUL-26,FACE VALUE SPLIT (SUB-DIVISION) - FROM RS 10/- PER SHARE TO RE 1/- PER SHARE,-90.64611604400514,-3.492978033849474,268.95,0,-90.69,-3.26,18-Sep-2025,21-Aug-2026,FACE VALUE SPLIT (SUB-DIVISION) - FROM RS 10/- PER SHARE TO RE 1/- PER SHARE,-3.492978033849474,31-JUL-26,-90.64611604400514,14.920634920634921,-6.730386300278775,https://nsearchives.nseindia.com/today/IVZINNIFTYEQN.svg,https://nsearchives.nseindia.com/30d/IVZINNIFTY-EQ.svg,https://nsearchives.nseindia.com/365d/IVZINNIFTY-EQ.svg,EQ
BBNPNBETF,Baroda BNP Paribas NIFTY Bank ETF,58.01,58.01,56.5,56.5,-0.37,-0.65,447,25554.99,56.986,62.77,50.03,-,-,1.6918646508279296,-3.600068247739293,56.87,0,0.94,-2.3,19-Sep-2025,21-Aug-2026,-,-3.600068247739293,-,1.6918646508279296,9.988848175880202,-12.932240655606634,https://nsearchives.nseindia.com/today/BBNPNBETFEQN.svg,https://nsearchives.nseindia.com/30d/BBNPNBETF-EQ.svg,https://nsearchives.nseindia.com/365d/BBNPNBETF-EQ.svg,EQ
ENIFTY,Nifty 50 TRI,24.21,24.21,23.52,23.65,0.03,0.13,963,22697.91,23.6146,27.99,22.28,-,-,Infinity,-2.834839769926053,23.62,0,0,-3.43,,21-Aug-2026,-,-2.834839769926053,-,Infinity,15.50553769203287,-6.149012567324943,https://nsearchives.nseindia.com/today/ENIFTYEQN.svg,https://nsearchives.nseindia.com/30d/ENIFTY-EQ.svg,,EQ
GILT5BETA,UTI Nifty 5 yr Benchmark G-Sec ETF,66.46,66.59,65.84,66.59,0.13,0.20,313,20773.81,66.1049,69,61.51,-,-,Infinity,0.13533834586466678,66.46,0,0,0.11,,21-Aug-2026,-,0.13533834586466678,-,Infinity,3.492753623188401,-8.258819704113161,https://nsearchives.nseindia.com/today/GILT5BETAEQN.svg,https://nsearchives.nseindia.com/30d/GILT5BETA-EQ.svg,,EQ
GSEC10IETF,ICICI Prudential Nifty 10 yr Benchmark G-Sec ETF,263.57,264.6,261.46,264.6,0.03,0.01,71,18602,262.5125,269.59,252.23,-,-,3.013314646110725,0.3755547968589997,264.57,0,2.67,-0.61,19-Sep-2025,21-Aug-2026,-,0.3755547968589997,-,3.013314646110725,1.8509588634593095,-4.904254053839762,https://nsearchives.nseindia.com/today/GSEC10IETFEQN.svg,https://nsearchives.nseindia.com/30d/GSEC10IETF-EQ.svg,https://nsearchives.nseindia.com/365d/GSEC10IETF-EQ.svg,EQ
GSEC10YEAR,Mirae Asset Nifty 8-13 yr G-Sec ETF,30.26,30.37,30.11,30.12,0.01,0.03,450,13572,30.2574,31.33,28.39,-,-,3.080082135523621,-0.8231807704972012,30.11,0,2.9,-0.92,19-Sep-2025,21-Aug-2026,-,-0.8231807704972012,-,3.080082135523621,3.8621129907436877,-6.093694963015148,https://nsearchives.nseindia.com/today/GSEC10YEAREQN.svg,https://nsearchives.nseindia.com/30d/GSEC10YEAR-EQ.svg,https://nsearchives.nseindia.com/365d/GSEC10YEAR-EQ.svg,EQ
MSCIADD,MSCI India Index,28.93,28.94,28.8,28.91,-0.05,-0.17,333,9610.38,28.8908,33.82,26.4,-,-,Infinity,-3.5046728971962637,28.96,0,0,-3.11,,21-Aug-2026,-,-3.5046728971962637,-,Infinity,14.518036664695446,-9.507575757575765,https://nsearchives.nseindia.com/today/MSCIADDEQN.svg,https://nsearchives.nseindia.com/30d/MSCIADD-EQ.svg,,EQ
ELMDIV,Index (BSE LargeMid (60:40) Stable Dividend 50),35.75,35.75,35.5,35.52,-0.23,-0.64,263,9370.69,35.5624,38.67,35.1,-,-,Infinity,-3.7398373983739717,35.75,0,0,-2.8,,21-Aug-2026,-,-3.7398373983739717,-,Infinity,8.145849495733124,-1.1965811965812014,https://nsearchives.nseindia.com/today/ELMDIVEQN.svg,https://nsearchives.nseindia.com/30d/ELMDIV-EQ.svg,,EQ
ABGSEC,Aditya Birla Sun Life CRISIL Broad Based Gilt ETF,113,114.44,113,114.15,0.14,0.12,74,8431.56,113.9198,118,109.5,-,-,3.2377679298182263,-0.8253692441355245,114.01,0,3.24,-0.92,19-Sep-2025,21-Aug-2026,-,-0.8253692441355245,-,3.2377679298182263,3.262711864406775,-4.246575342465759,https://nsearchives.nseindia.com/today/ABGSECEQN.svg,https://nsearchives.nseindia.com/30d/ABGSEC-EQ.svg,https://nsearchives.nseindia.com/365d/ABGSEC-EQ.svg,EQ
EBANK10,BSE Top 10 Bank Total Return Index,16.56,16.56,16.4,16.4,-0.24,-1.44,306,5033.7,16.5491,17.9,16.09,-,-,Infinity,-2.6128266033254235,16.64,0,0,-1.77,,21-Aug-2026,-,-2.6128266033254235,-,Infinity,8.379888268156424,-1.9266625233063936,https://nsearchives.nseindia.com/today/EBANK10EQN.svg,https://nsearchives.nseindia.com/30d/EBANK10-EQ.svg,,EQ
ABSLMSCIN,MSCI India Index,29.03,29.03,28.75,28.8,0,0.00,128,3703.04,28.8727,35.34,26.34,-,-,Infinity,-3.0303030303030254,28.8,0,0,-3.36,,21-Aug-2026,-,-3.0303030303030254,-,Infinity,18.50594227504245,-9.339407744874718,https://nsearchives.nseindia.com/today/ABSLMSCINEQN.svg,https://nsearchives.nseindia.com/30d/ABSLMSCIN-EQ.svg,,EQ
BANK10BETF,Bajaj Finserv BSE Top 10 Banks ETF,20.59,20.59,20.38,20.5,-0.09,-0.44,176,3606.24,20.5151,24.9,19.73,-,-,Infinity,-2.287893231649192,20.59,0,0,-3.06,,21-Aug-2026,-,-2.287893231649192,-,Infinity,17.67068273092369,-3.9026862645717157,https://nsearchives.nseindia.com/today/BANK10BETFEQN.svg,https://nsearchives.nseindia.com/30d/BANK10BETF-EQ.svg,,EQ
LICNETFSEN,SENSEX,843.34,843.34,843.34,843.34,0,0.00,4,3373.36,846.3741,974.02,803,-,-,-8.531453362255961,-3.8194404844724756,843.34,0,-9.26,-4.27,19-Sep-2025,21-Aug-2026,-,-3.8194404844724756,-,-8.531453362255961,13.416562288248697,-5.023661270236617,https://nsearchives.nseindia.com/today/LICNETFSENEQN.svg,https://nsearchives.nseindia.com/30d/LICNETFSEN-EQ.svg,https://nsearchives.nseindia.com/365d/LICNETFSEN-EQ.svg,EQ
LARGEMID50,BSE LargeMid (60:40) Stable Dividend 50 TRI (Total Return Index),35.67,35.67,35.39,35.46,-0.17,-0.48,92,3266.92,35.5721,38,34.95,-,-,Infinity,-3.4050667393080905,35.63,0,0,-3.26,,21-Aug-2026,-,-3.4050667393080905,-,Infinity,6.684210526315788,-1.459227467811153,https://nsearchives.nseindia.com/today/LARGEMID50EQN.svg,https://nsearchives.nseindia.com/30d/LARGEMID50-EQ.svg,,EQ
MSCI360,MSCI India Index,9.86,9.94,9.83,9.91,0.05,0.51,316,3122.08,9.8738,12.24,9.6,-,-,Infinity,-14.495254529767038,9.86,0,0,-5.1,,21-Aug-2026,-,-14.495254529767038,-,Infinity,19.0359477124183,-3.229166666666672,https://nsearchives.nseindia.com/today/MSCI360EQN.svg,https://nsearchives.nseindia.com/30d/MSCI360-EQ.svg,,EQ
GILT10BETA,UTI Nifty 10 yr Benchmark G-Sec ETF,26.68,26.68,26.3,26.6,-0.04,-0.15,95,2517.5,26.4181,27.6,25.1,-,-,Infinity,0.3773584905660431,26.64,0,0,-0.56,,21-Aug-2026,-,0.3773584905660431,-,Infinity,3.623188405797101,-5.9760956175298805,https://nsearchives.nseindia.com/today/GILT10BETAEQN.svg,https://nsearchives.nseindia.com/30d/GILT10BETA-EQ.svg,,EQ
IVZBANKNF,Nifty Bank TRI,56.54,56.57,56.15,56.24,-0.15,-0.27,35,1966.65,56.417,58.45,55.54,-,-,Infinity,-2.037972478662245,56.39,0,0,-1.88,,21-Aug-2026,-,-2.037972478662245,-,Infinity,3.781009409751926,-1.2603528988116723,https://nsearchives.nseindia.com/today/IVZBANKNFEQN.svg,https://nsearchives.nseindia.com/30d/IVZBANKNF-EQ.svg,,EQ
GSEC10ABSL,CRISIL 10 Year Gilt ETF,112.1,112.1,112.1,112.1,-0.24,-0.21,10,1121,111.8616,115,108.01,-,-,2.0111020111020053,-1.146384479717823,112.34,0,3.39,1.85,19-Sep-2025,21-Aug-2026,-,-1.146384479717823,-,2.0111020111020053,2.5217391304347876,-3.786686417924256,https://nsearchives.nseindia.com/today/GSEC10ABSLEQN.svg,https://nsearchives.nseindia.com/30d/GSEC10ABSL-EQ.svg,https://nsearchives.nseindia.com/365d/GSEC10ABSL-EQ.svg,EQ
ENEXT50,Nifty Next 50 Total Return Index,71.96,72.31,71.9,71.9,-0.42,-0.58,14,1007.58,71.8852,76,68.59,-,-,Infinity,-2.6668471639366436,72.32,0,0,-2.24,,21-Aug-2026,-,-2.6668471639366436,-,Infinity,5.394736842105256,-4.825776352237939,https://nsearchives.nseindia.com/today/ENEXT50EQN.svg,https://nsearchives.nseindia.com/30d/ENEXT50-EQ.svg,,EQ
GSEC10ADD,Nifty 10 yr Benchmark G-Sec,0,0,0,26.35,0,0.00,0,0,26.5465,27.85,24.32,-,-,Infinity,-1.8987341772151825,26.35,0,0,-2.04,,21-Aug-2026,-,-1.8987341772151825,-,Infinity,5.385996409335727,-8.347039473684216,https://nsearchives.nseindia.com/today/GSEC10ADDEQN.svg,https://nsearchives.nseindia.com/30d/GSEC10ADD-EQ.svg,,EQ
LIQUIDBETA,Nifty 1D Rate Index,0,0,0,1008.83,0,0.00,0,0,1008.8189,1019,981.86,-,-,Infinity,0.33916174335104554,1008.83,0,0,0.35,,21-Aug-2026,-,0.33916174335104554,-,Infinity,0.9980372914622139,-2.7468274499419496,https://nsearchives.nseindia.com/today/LIQUIDBETAEQN.svg,https://nsearchives.nseindia.com/30d/LIQUIDBETA-EQ.svg,,EQ
