symbol,assets,open,high,low,ltP,chn,per,qty,trdVal,nav,wkhi,wklo,xDt,cAct,yPC,mPC,prevClose,stockIndClosePrice,perChange365d,perChange30d,date365dAgo,date30dAgo,CAct,MPC,XDt,YPC,nearWKH,nearWKL,chartTodayPath,chart30dPath,chart365dPath,series
LIQUIDBEES,Government Securities,999.99,1000.01,999.99,1000.01,0.02,0.00,2862680,2862680000,1000,1029.99,969.99,19-SEP-17, EXIT OPTION PURSUANT TO CHANGE IN FUNDAMENTAL ATTRIBUTES OF ETF  ,0.002000020000198183,0.0009999999999990906,999.99,0,0,0,14-Aug-2025,17-Jul-2026, EXIT OPTION PURSUANT TO CHANGE IN FUNDAMENTAL ATTRIBUTES OF ETF  ,0.0009999999999990906,19-SEP-17,0.002000020000198183,2.9107078709502052,-3.0948772667759443,https://nsearchives.nseindia.com/today/LIQUIDBEESEQN.svg,https://nsearchives.nseindia.com/30d/LIQUIDBEES-EQ.svg,https://nsearchives.nseindia.com/365d/LIQUIDBEES-EQ.svg,EQ
SILVERBEES,Domestic price of Silver- based on LBMA Silver daily spot fixing price,221.56,222.58,221.16,221.7,-1.91,-0.85,11785788,2614794925.68,223.5397,360,106.64,-,-,101.43558059240412,6.642936168165859,223.61,0,101.76,9.12,14-Aug-2025,17-Jul-2026,-,6.642936168165859,-,101.43558059240412,38.41666666666667,-107.89572393098273,https://nsearchives.nseindia.com/today/SILVERBEESEQN.svg,https://nsearchives.nseindia.com/30d/SILVERBEES-EQ.svg,https://nsearchives.nseindia.com/365d/SILVERBEES-EQ.svg,EQ
GOLDBEES,Gold,126.85,126.85,126.17,126.45,0.03,0.02,13766507,1740224149.87,126.3681,148.14,80.02,19-DEC-19, FACE VALUE SPLIT (SUB-DIVISION) - FROM RS 100/- TO RS 1/-,52.809667673716014,8.224922971585073,126.42,0,52.06,9.18,14-Aug-2025,17-Jul-2026, FACE VALUE SPLIT (SUB-DIVISION) - FROM RS 100/- TO RS 1/-,8.224922971585073,19-DEC-19,52.809667673716014,14.641555285540694,-58.022994251437154,https://nsearchives.nseindia.com/today/GOLDBEESEQN.svg,https://nsearchives.nseindia.com/30d/GOLDBEES-EQ.svg,https://nsearchives.nseindia.com/365d/GOLDBEES-EQ.svg,EQ
LIQUID1,Kotak Nifty 1D Rate Liquid ETF,1119.65,1119.65,1118.66,1118.66,0.14,0.01,1362113,1523754949.71,1118.5237,1136.66,1061.5,-,-,5.099682444239836,0.3912770349098203,1118.52,0,5.1,0.39,14-Aug-2025,17-Jul-2026,-,0.3912770349098203,-,5.099682444239836,1.5835870005102668,-5.384832783796522,https://nsearchives.nseindia.com/today/LIQUID1EQN.svg,https://nsearchives.nseindia.com/30d/LIQUID1-EQ.svg,https://nsearchives.nseindia.com/365d/LIQUID1-EQ.svg,EQ
LIQUIDCASE,Zerodha Nifty 1D Rate Liquid ETF,115.51,115.53,115.51,115.51,0.02,0.02,13077255,1510553725.05,115.5048,115.53,102,-,-,4.999545495864012,0.3823759450769201,115.49,0,5,0.36,14-Aug-2025,17-Jul-2026,-,0.3823759450769201,-,4.999545495864012,0.01731152081710034,-13.24509803921569,https://nsearchives.nseindia.com/today/LIQUIDCASEEQN.svg,https://nsearchives.nseindia.com/30d/LIQUIDCASE-EQ.svg,https://nsearchives.nseindia.com/365d/LIQUIDCASE-EQ.svg,EQ
NIFTYBEES,Nifty 50,278.99,278.99,275.81,276.1,-1.81,-0.65,4677291,1292195184.57,276.9414,302.25,251.7,19-DEC-19, FACE VALUE SPLIT (SUB-DIVISION) - FROM RS 10/- TO RS 1/-,-1.768242786494457,0.1886929385296606,277.91,0,-0.12,0.52,14-Aug-2025,17-Jul-2026, FACE VALUE SPLIT (SUB-DIVISION) - FROM RS 10/- TO RS 1/-,0.1886929385296606,19-DEC-19,-1.768242786494457,8.651778329197677,-9.694080254270972,https://nsearchives.nseindia.com/today/NIFTYBEESEQN.svg,https://nsearchives.nseindia.com/30d/NIFTYBEES-EQ.svg,https://nsearchives.nseindia.com/365d/NIFTYBEES-EQ.svg,EQ
GOLDIETF,Gold,127.74,133,127.73,131,-0.02,-0.02,5613015,735529485.6,130.8763,158,82.87,-,-,53.0552634653581,8.21080455972245,131.02,0,52.44,9.28,14-Aug-2025,17-Jul-2026,-,8.21080455972245,-,53.0552634653581,17.088607594936708,-58.07891878846386,https://nsearchives.nseindia.com/today/GOLDIETFEQN.svg,https://nsearchives.nseindia.com/30d/GOLDIETF-EQ.svg,https://nsearchives.nseindia.com/365d/GOLDIETF-EQ.svg,EQ
TATSILV,Tata Silver Exchange Traded Fund,22.13,22.9,22.13,22.52,-0.18,-0.79,24258207,546294821.64,22.6963,35.1,10.56,-,-,102.15439856373429,6.679298910468972,22.7,0,102.14,9.08,14-Aug-2025,17-Jul-2026,-,6.679298910468972,-,102.15439856373429,35.840455840455846,-113.25757575757575,https://nsearchives.nseindia.com/today/TATSILVEQN.svg,https://nsearchives.nseindia.com/30d/TATSILV-EQ.svg,https://nsearchives.nseindia.com/365d/TATSILV-EQ.svg,EQ
SILVERIETF,Domestic Price of Silver,227.52,235.9,227.51,231.8,-1.56,-0.67,2327134,539127133.78,233.3751,373.5,111.17,-,-,102.37471625632966,6.86952512678654,233.36,0,102.34,9.08,14-Aug-2025,17-Jul-2026,-,6.86952512678654,-,102.37471625632966,37.9384203480589,-108.50948997031574,https://nsearchives.nseindia.com/today/SILVERIETFEQN.svg,https://nsearchives.nseindia.com/30d/SILVERIETF-EQ.svg,https://nsearchives.nseindia.com/365d/SILVERIETF-EQ.svg,EQ
TATAGOLD,Tata Gold Exchange Traded Fund,14.47,15.22,14.47,14.86,0.01,0.07,31734829,471262210.65,14.849,17.7,9.45,-,-,52.566735112936335,8.230152949745076,14.85,0,52,9.11,14-Aug-2025,17-Jul-2026,-,8.230152949745076,-,52.566735112936335,16.045197740112997,-57.248677248677254,https://nsearchives.nseindia.com/today/TATAGOLDEQN.svg,https://nsearchives.nseindia.com/30d/TATAGOLD-EQ.svg,https://nsearchives.nseindia.com/365d/TATAGOLD-EQ.svg,EQ
LIQUIDADD,DSP S&P BSE Liquid Rate ETF,1140.78,1140.79,1140.77,1140.77,0.13,0.01,365999,417524339.22,1140.6372,1151.22,1054.87,-,-,4.987207568701804,0.3810143958325936,1140.64,0,4.99,0.38,14-Aug-2025,17-Jul-2026,-,0.3810143958325936,-,4.987207568701804,0.9077326662149758,-8.14318352024421,https://nsearchives.nseindia.com/today/LIQUIDADDEQN.svg,https://nsearchives.nseindia.com/30d/LIQUIDADD-EQ.svg,https://nsearchives.nseindia.com/365d/LIQUIDADD-EQ.svg,EQ
LIQUIDIETF,S&P BSE Liquid Rate Index,1000,1000.01,999.99,1000,0.01,0.00,409155,409150908.45,1000,1041.19,955,-,-,0.0010000100000990915,0.0010000100000990915,999.99,0,0,0,14-Aug-2025,17-Jul-2026,-,0.0010000100000990915,-,0.0010000100000990915,3.956050288612074,-4.712041884816754,https://nsearchives.nseindia.com/today/LIQUIDIETFEQN.svg,https://nsearchives.nseindia.com/30d/LIQUIDIETF-EQ.svg,https://nsearchives.nseindia.com/365d/LIQUIDIETF-EQ.svg,EQ
SETFGOLD,Gold,127.2,131.4,127.2,130.39,-0.08,-0.06,2779431,362326625.16,130.3142,153.95,82.51,06-JAN-22,FACE VALUE SPLIT (SUB-DIVISION) - FROM RS 100/- PER SHARE TO RS 1/- PER SHARE,52.592159157401966,8.126710340824266,130.47,0,52.22,9.26,14-Aug-2025,17-Jul-2026,FACE VALUE SPLIT (SUB-DIVISION) - FROM RS 100/- PER SHARE TO RS 1/- PER SHARE,8.126710340824266,06-JAN-22,52.592159157401966,15.303670022734655,-58.02932977820868,https://nsearchives.nseindia.com/today/SETFGOLDEQN.svg,https://nsearchives.nseindia.com/30d/SETFGOLD-EQ.svg,https://nsearchives.nseindia.com/365d/SETFGOLD-EQ.svg,EQ
HDFCSILVER,HDFC Silver ETF,225.88,225.88,220.68,221.74,-1.9,-0.85,1592562,353230251.6,223.5464,359,106.78,-,-,100.94245582238335,6.467566140106592,223.64,0,101.3,9.2,14-Aug-2025,17-Jul-2026,-,6.467566140106592,-,100.94245582238335,38.23398328690808,-107.66061060123619,https://nsearchives.nseindia.com/today/HDFCSILVEREQN.svg,https://nsearchives.nseindia.com/30d/HDFCSILVER-EQ.svg,https://nsearchives.nseindia.com/365d/HDFCSILVER-EQ.svg,EQ
CASHIETF,BSE Liquid Rate Index,1075.75,1075.75,1075.73,1075.73,0.13,0.01,327549,352357561.26,1075.5932,1099.28,1023.86,-,-,5.051757812500002,0.3872785979581638,1075.6,0,5.05,0.39,14-Aug-2025,17-Jul-2026,-,0.3872785979581638,-,5.051757812500002,2.142311331053049,-5.066122321411131,https://nsearchives.nseindia.com/today/CASHIETFEQN.svg,https://nsearchives.nseindia.com/30d/CASHIETF-EQ.svg,https://nsearchives.nseindia.com/365d/CASHIETF-EQ.svg,EQ
ITBEES,Nifty IT TRI,34.24,34.5,33.55,33.64,-0.6,-1.75,9883643,333177605.53,34.2505,44.27,28.55,-,-,-11.075865715040967,3.8912909203211794,34.24,0,-10.18,5.55,14-Aug-2025,17-Jul-2026,-,3.8912909203211794,-,-11.075865715040967,24.01174610345607,-17.828371278458842,https://nsearchives.nseindia.com/today/ITBEESEQN.svg,https://nsearchives.nseindia.com/30d/ITBEES-EQ.svg,https://nsearchives.nseindia.com/365d/ITBEES-EQ.svg,EQ
BSLGOLDETF,Gold,137.85,137.85,134.25,134.44,-0.05,-0.04,2453893,330318536.73,134.4352,155.99,85.74,25-NOV-21, FACE VALUE SPLIT (SUB-DIVISION) - FROM RS 10/- PER SHARE TO RE 0.10/- PER SHARE,52.87696156470321,8.279639175257731,134.49,0,52.41,9.08,14-Aug-2025,17-Jul-2026, FACE VALUE SPLIT (SUB-DIVISION) - FROM RS 10/- PER SHARE TO RE 0.10/- PER SHARE,8.279639175257731,25-NOV-21,52.87696156470321,13.814988140265406,-56.79962677863308,https://nsearchives.nseindia.com/today/BSLGOLDETFEQN.svg,https://nsearchives.nseindia.com/30d/BSLGOLDETF-EQ.svg,https://nsearchives.nseindia.com/365d/BSLGOLDETF-EQ.svg,EQ
BANKBEES,Nifty Bank,597.03,597.48,593.24,594.65,-3.77,-0.63,535231,318119897.16,596.2163,638.99,515.98,19-DEC-19, FACE VALUE SPLIT (SUB-DIVISION) - FROM RS 10/- TO RS 1/-,3.3185648510120798,-0.9263424468102929,598.42,0,4.6,-1.07,14-Aug-2025,17-Jul-2026, FACE VALUE SPLIT (SUB-DIVISION) - FROM RS 10/- TO RS 1/-,-0.9263424468102929,19-DEC-19,3.3185648510120798,6.939075728884652,-15.246714988953052,https://nsearchives.nseindia.com/today/BANKBEESEQN.svg,https://nsearchives.nseindia.com/30d/BANKBEES-EQ.svg,https://nsearchives.nseindia.com/365d/BANKBEES-EQ.svg,EQ
LIQUIDPLUS,Nifty 1D Rate Index,1099.35,1099.37,1099.35,1099.37,0.16,0.01,271338,298298143.68,1099.2121,1127.08,1046.26,-,-,5.075171800777993,0.3853353421905492,1099.21,0,5.07,0.38,14-Aug-2025,17-Jul-2026,-,0.3853353421905492,-,5.075171800777993,2.458565496681694,-5.076176093896345,https://nsearchives.nseindia.com/today/LIQUIDPLUSEQN.svg,https://nsearchives.nseindia.com/30d/LIQUIDPLUS-EQ.svg,https://nsearchives.nseindia.com/365d/LIQUIDPLUS-EQ.svg,EQ
GOLD1,Gold,130.89,130.95,127.19,127.75,0.05,0.04,2096227,267583376.55,127.5712,158,80.77,22-JUL-21, FACE VALUE SPLIT (SUB-DIVISION) - FROM RS 10/- PER SHARE TO RE 1/- PER SHARE,53.048999640589436,8.226025076245334,127.7,0,52.39,9.19,14-Aug-2025,17-Jul-2026, FACE VALUE SPLIT (SUB-DIVISION) - FROM RS 10/- PER SHARE TO RE 1/- PER SHARE,8.226025076245334,22-JUL-21,53.048999640589436,19.145569620253166,-58.16516033180637,https://nsearchives.nseindia.com/today/GOLD1EQN.svg,https://nsearchives.nseindia.com/30d/GOLD1-EQ.svg,https://nsearchives.nseindia.com/365d/GOLD1-EQ.svg,EQ
HDFCGOLD,Gold,133.88,133.88,130.23,130.75,0.13,0.10,1936116,252992277.72,130.5762,152.3,83.43,17-FEB-21, FACE VALUE SPLIT (SUB-DIVISION) - FROM RS 100/- PER UNIT TO RE 1/- PER UNIT,52.79887811148769,8.245715704942455,130.62,0,52.2,9.1,14-Aug-2025,17-Jul-2026, FACE VALUE SPLIT (SUB-DIVISION) - FROM RS 100/- PER UNIT TO RE 1/- PER UNIT,8.245715704942455,17-FEB-21,52.79887811148769,14.14970453053185,-56.71820688001916,https://nsearchives.nseindia.com/today/HDFCGOLDEQN.svg,https://nsearchives.nseindia.com/30d/HDFCGOLD-EQ.svg,https://nsearchives.nseindia.com/365d/HDFCGOLD-EQ.svg,EQ
LIQUIDETF,Nifty1D rate index,1000,1000.01,999.99,1000,0,0.00,249333,249330506.67,1000,1025,995,-,-,0,0,1000,0,0,0,14-Aug-2025,17-Jul-2026,-,0,-,0,2.4390243902439024,-0.5025125628140703,https://nsearchives.nseindia.com/today/LIQUIDETFEQN.svg,https://nsearchives.nseindia.com/30d/LIQUIDETF-EQ.svg,https://nsearchives.nseindia.com/365d/LIQUIDETF-EQ.svg,EQ
MODEFENCE,Nifty India Defence Total Return Index,109.2,110.25,108.01,110.15,1.93,1.78,1999813,218239592.69,108.1094,110.25,77.8,-,-,28.245430201420426,7.337750925745469,108.22,0,26.09,5.67,14-Aug-2025,17-Jul-2026,-,7.337750925745469,-,28.245430201420426,0.09070294784579984,-41.58097686375323,https://nsearchives.nseindia.com/today/MODEFENCEEQN.svg,https://nsearchives.nseindia.com/30d/MODEFENCE-EQ.svg,https://nsearchives.nseindia.com/365d/MODEFENCE-EQ.svg,EQ
JUNIORBEES,Nippon India ETF Nifty Next 50 Junior BeES,815,815,805.01,805.01,-3.26,-0.40,262809,212026416.93,805.9032,823.97,632.34,10-MAR-14,DIVIDEND-RS.1 PER UNIT,11.126295882166179,3.009635439992832,808.27,0,13.01,4.14,14-Aug-2025,17-Jul-2026,DIVIDEND-RS.1 PER UNIT,3.009635439992832,10-MAR-14,11.126295882166179,2.301054650047943,-27.306512319321875,https://nsearchives.nseindia.com/today/JUNIORBEESEQN.svg,https://nsearchives.nseindia.com/30d/JUNIORBEES-EQ.svg,https://nsearchives.nseindia.com/365d/JUNIORBEES-EQ.svg,EQ
HDFCSML250,HDFC NIFTY Smallcap 250 ETF,189.83,189.83,184.5,184.75,-0.45,-0.24,1107563,204721944.92,184.6375,189.83,142.7,-,-,8.491397028598278,1.8411333443580857,185.2,0,10.2,2.15,14-Aug-2025,17-Jul-2026,-,1.8411333443580857,-,8.491397028598278,2.6760785966391047,-29.467414155571138,https://nsearchives.nseindia.com/today/HDFCSML250EQN.svg,https://nsearchives.nseindia.com/30d/HDFCSML250-EQ.svg,https://nsearchives.nseindia.com/365d/HDFCSML250-EQ.svg,EQ
FMCGIETF,Nifty FMCG Index,52.94,52.94,51.26,51.4,-0.58,-1.12,3930217,202052455.97,51.7226,62.3,48.55,10-MAY-24,FACE VALUE SPLIT (SUB-DIVISION) - FROM RS 10/- PER SHARE TO RE 1/- PER SHARE,-13.058186738836264,-2.3185100722158856,51.98,0,-10.92,-0.63,14-Aug-2025,17-Jul-2026,FACE VALUE SPLIT (SUB-DIVISION) - FROM RS 10/- PER SHARE TO RE 1/- PER SHARE,-2.3185100722158856,10-MAY-24,-13.058186738836264,17.495987158908505,-5.870236869207006,https://nsearchives.nseindia.com/today/FMCGIETFEQN.svg,https://nsearchives.nseindia.com/30d/FMCGIETF-EQ.svg,https://nsearchives.nseindia.com/365d/FMCGIETF-EQ.svg,EQ
LIQUIDBETF,Bajaj Finserv Nifty 1D Rate Liquid ETF,1095.04,1095.06,1095.04,1095.06,0.14,0.01,142007,155504765.35,1094.9059,1116.24,1009.94,-,-,4.897837977642167,0.37489573498812234,1094.92,0,4.9,0.38,14-Aug-2025,17-Jul-2026,-,0.37489573498812234,-,4.897837977642167,1.8974414104493713,-8.428223458819325,https://nsearchives.nseindia.com/today/LIQUIDBETFEQN.svg,https://nsearchives.nseindia.com/30d/LIQUIDBETF-EQ.svg,https://nsearchives.nseindia.com/365d/LIQUIDBETF-EQ.svg,EQ
NIFTYETF,Nifty 50,265.37,265.37,263,263.45,-1.92,-0.72,564123,148781800.02,264.4171,289.05,239.81,-,-,-1.8296318378297902,-0.36307250104006517,265.37,0,-0.07,0.25,14-Aug-2025,17-Jul-2026,-,-0.36307250104006517,-,-1.8296318378297902,8.856599204289923,-9.857804094908463,https://nsearchives.nseindia.com/today/NIFTYETFEQN.svg,https://nsearchives.nseindia.com/30d/NIFTYETF-EQ.svg,https://nsearchives.nseindia.com/365d/NIFTYETF-EQ.svg,EQ
MID150BEES,Nifty Midcap 150 TRI,244.99,244.99,241.89,242.2,-0.69,-0.28,611444,148116194.56,242.5622,245,190.43,-,-,10.341685649202729,1.3686016825011433,242.89,0,12.04,2.16,14-Aug-2025,17-Jul-2026,-,1.3686016825011433,-,10.341685649202729,1.1428571428571475,-27.185842566822444,https://nsearchives.nseindia.com/today/MID150BEESEQN.svg,https://nsearchives.nseindia.com/30d/MID150BEES-EQ.svg,https://nsearchives.nseindia.com/365d/MID150BEES-EQ.svg,EQ
PSUBNKBEES,Nifty PSU Bank,97.64,97.97,96.3,96.35,-1.3,-1.33,1507802,145909999.54,97.2927,110.4,74.31,19-DEC-19, FACE VALUE SPLIT (SUB-DIVISION) - FROM RS 10/- TO RS 1/-,22.287092270592698,0.19758735440931544,97.65,0,24.49,4.35,14-Aug-2025,17-Jul-2026, FACE VALUE SPLIT (SUB-DIVISION) - FROM RS 10/- TO RS 1/-,0.19758735440931544,19-DEC-19,22.287092270592698,12.726449275362329,-29.659534382990163,https://nsearchives.nseindia.com/today/PSUBNKBEESEQN.svg,https://nsearchives.nseindia.com/30d/PSUBNKBEES-EQ.svg,https://nsearchives.nseindia.com/365d/PSUBNKBEES-EQ.svg,EQ
GOLDAXIS,Gold,127.41,127.66,127.11,127.3,-0.11,-0.09,1061987,135307763.67,127.3367,150,80.84,23-JUL-20, FACE VALUE SPLIT (SUB-DIVISION) - FROM RS 100/- PER SHARE TO RE 1/- PER SHARE,Infinity,8.037002461172875,127.41,0,0,9.3,,17-Jul-2026, FACE VALUE SPLIT (SUB-DIVISION) - FROM RS 100/- PER SHARE TO RE 1/- PER SHARE,8.037002461172875,23-JUL-20,Infinity,15.133333333333336,-57.47154873824838,https://nsearchives.nseindia.com/today/GOLDAXISEQN.svg,https://nsearchives.nseindia.com/30d/GOLDAXIS-EQ.svg,,EQ
SBISILVER,SBI SILVER ETF,231.49,231.49,226.56,227.3,-1.9,-0.83,595004,135208708.96,229.008,362,109.32,-,-,101.48922967822001,6.638517475955902,229.2,0,101.96,9.19,14-Aug-2025,17-Jul-2026,-,6.638517475955902,-,101.48922967822001,37.20994475138121,-107.92169776802051,https://nsearchives.nseindia.com/today/SBISILVEREQN.svg,https://nsearchives.nseindia.com/30d/SBISILVER-EQ.svg,https://nsearchives.nseindia.com/365d/SBISILVER-EQ.svg,EQ
MON100,Nasdaq100,336.33,336.33,336.33,336.33,-0.48,-0.14,399022,134203069.26,280.3199,342.55,198.73,17-JUN-21, FACE VALUE SPLIT (SUB-DIVISION) - FROM RS 10/- PER SHARE TO RE 1/- PER SHARE,63.44153950821264,2.5521405049396284,336.81,0,64.39,1.17,14-Aug-2025,17-Jul-2026, FACE VALUE SPLIT (SUB-DIVISION) - FROM RS 10/- PER SHARE TO RE 1/- PER SHARE,2.5521405049396284,17-JUN-21,63.44153950821264,1.8157933148445562,-69.23967191667086,https://nsearchives.nseindia.com/today/MON100EQN.svg,https://nsearchives.nseindia.com/30d/MON100-EQ.svg,https://nsearchives.nseindia.com/365d/MON100-EQ.svg,EQ
GOLDCASE,Zerodha Gold ETF,23.96,24.54,23.96,24.09,0.03,0.12,5556353,133741416.71,24.0666,27.94,15.25,-,-,52.95238095238095,8.415841584158422,24.06,0,52.28,9.26,14-Aug-2025,17-Jul-2026,-,8.415841584158422,-,52.95238095238095,13.779527559055122,-57.967213114754095,https://nsearchives.nseindia.com/today/GOLDCASEEQN.svg,https://nsearchives.nseindia.com/30d/GOLDCASE-EQ.svg,https://nsearchives.nseindia.com/365d/GOLDCASE-EQ.svg,EQ
GOLDETF,Mirae Asset Gold ETF,148.84,148.91,148.37,148.73,0.17,0.11,867843,129013540.38,148.5622,173.5,96.03,-,-,52.66885649763908,8.206620589305203,148.56,0,52.04,9.02,14-Aug-2025,17-Jul-2026,-,8.206620589305203,-,52.66885649763908,14.276657060518737,-54.878683744663114,https://nsearchives.nseindia.com/today/GOLDETFEQN.svg,https://nsearchives.nseindia.com/30d/GOLDETF-EQ.svg,https://nsearchives.nseindia.com/365d/GOLDETF-EQ.svg,EQ
SILVER,Physical price of Silver,235,235,231,231.58,-1.81,-0.78,508908,117903805.44,233.4089,371.89,111.2,-,-,101.98866114260794,6.709059072896508,233.39,0,102.09,9.11,14-Aug-2025,17-Jul-2026,-,6.709059072896508,-,101.98866114260794,37.72889833015139,-108.25539568345324,https://nsearchives.nseindia.com/today/SILVEREQN.svg,https://nsearchives.nseindia.com/30d/SILVER-EQ.svg,https://nsearchives.nseindia.com/365d/SILVER-EQ.svg,EQ
METALIETF,Nifty Metal Index,13.3,13.3,13.04,13.1,-0.14,-1.06,8628498,113119608.78,13.186,14.17,8.98,-,-,39.21360255047821,3.803486529318546,13.24,0,42.98,5.92,14-Aug-2025,17-Jul-2026,-,3.803486529318546,-,39.21360255047821,7.551164431898379,-45.87973273942093,https://nsearchives.nseindia.com/today/METALIETFEQN.svg,https://nsearchives.nseindia.com/30d/METALIETF-EQ.svg,https://nsearchives.nseindia.com/365d/METALIETF-EQ.svg,EQ
SETFNIF50,Nifty 50,269.28,269.28,260.6,261,-1.72,-0.65,421677,110116731.78,261.7257,287.33,237.9,24-MAR-21, DIVIDEND - RS 1.30 PER SHARE,-1.7578198516957186,0.23041474654378755,262.72,0,-0.15,0.49,14-Aug-2025,17-Jul-2026, DIVIDEND - RS 1.30 PER SHARE,0.23041474654378755,24-MAR-21,-1.7578198516957186,9.163679393032396,-9.70996216897856,https://nsearchives.nseindia.com/today/SETFNIF50EQN.svg,https://nsearchives.nseindia.com/30d/SETFNIF50-EQ.svg,https://nsearchives.nseindia.com/365d/SETFNIF50-EQ.svg,EQ
BANKBETA,Nifty Bank,59.63,59.72,59.25,59.26,-0.51,-0.85,1801535,106740948.75,59.5647,73.7,51.3,17-FEB-21, FACE VALUE SPLIT (SUB-DIVISION) - FROM RS 10/- PER UNIT TO RE 1/- PER UNIT,Infinity,-1.2004001333777907,59.77,0,0,-1.11,,17-Jul-2026, FACE VALUE SPLIT (SUB-DIVISION) - FROM RS 10/- PER UNIT TO RE 1/- PER UNIT,-1.2004001333777907,17-FEB-21,Infinity,19.592944369063776,-15.51656920077973,https://nsearchives.nseindia.com/today/BANKBETAEQN.svg,https://nsearchives.nseindia.com/30d/BANKBETA-EQ.svg,,EQ
PHARMABEES,Nifty Pharma TRI,27.85,27.85,26.5,27.25,0.07,0.26,3531468,96020614.92,27.0914,28.01,21.46,-,-,19.938380281690147,1.7930519237952949,27.18,0,19.95,2.99,14-Aug-2025,17-Jul-2026,-,1.7930519237952949,-,19.938380281690147,2.7133166726169278,-26.98042870456663,https://nsearchives.nseindia.com/today/PHARMABEESEQN.svg,https://nsearchives.nseindia.com/30d/PHARMABEES-EQ.svg,https://nsearchives.nseindia.com/365d/PHARMABEES-EQ.svg,EQ
SILVER1,Kotak Silver ETF,22.12,22.9,22.12,22.51,-0.18,-0.79,4107007,92366587.43,22.6804,38.8,10.8,27-FEB-26,FACE VALUE SPLIT (SUB-DIVISION) - FROM RS 10/- PER SHARE TO RE 1/- PER SHARE,-79.78083176142998,6.6319279962103375,22.69,0,-79.76,9.14,14-Aug-2025,17-Jul-2026,FACE VALUE SPLIT (SUB-DIVISION) - FROM RS 10/- PER SHARE TO RE 1/- PER SHARE,6.6319279962103375,27-FEB-26,-79.78083176142998,41.98453608247422,-108.42592592592592,https://nsearchives.nseindia.com/today/SILVER1EQN.svg,https://nsearchives.nseindia.com/30d/SILVER1-EQ.svg,https://nsearchives.nseindia.com/365d/SILVER1-EQ.svg,EQ
CPSEETF,CPSE ETF,94,94.3,93.7,94.09,0.33,0.35,969195,91084946.1,93.8953,112,85.67,-,-,3.875027599911686,-2.769453342978188,93.76,0,3.6,-2.02,14-Aug-2025,17-Jul-2026,-,-2.769453342978188,-,3.875027599911686,15.991071428571425,-9.828411345862031,https://nsearchives.nseindia.com/today/CPSEETFEQN.svg,https://nsearchives.nseindia.com/30d/CPSEETF-EQ.svg,https://nsearchives.nseindia.com/365d/CPSEETF-EQ.svg,EQ
NIFTYIETF,Nifty 50,269.58,276.56,269.58,274.85,-1.65,-0.60,317489,87271376.32,275.5264,328.24,250.4,-,-,-1.7620987919079099,0.2553346708006732,276.5,0,-0.12,0.52,14-Aug-2025,17-Jul-2026,-,0.2553346708006732,-,-1.7620987919079099,16.265537411650005,-9.764376996805119,https://nsearchives.nseindia.com/today/NIFTYIETFEQN.svg,https://nsearchives.nseindia.com/30d/NIFTYIETF-EQ.svg,https://nsearchives.nseindia.com/365d/NIFTYIETF-EQ.svg,EQ
SILVERBETA,UTI Silver Exchange Traded Fund (UTI Silver ETF),225.78,225.78,223.27,223.99,-1.94,-0.86,386169,86451654.03,225.6651,379.66,107.8,-,-,Infinity,6.672064006095828,225.93,0,0,9.09,,17-Jul-2026,-,6.672064006095828,-,Infinity,41.00247589948902,-107.78293135435995,https://nsearchives.nseindia.com/today/SILVERBETAEQN.svg,https://nsearchives.nseindia.com/30d/SILVERBETA-EQ.svg,,EQ
SILVERCASE,Commodity-Silver,24.3,24.3,23.45,23.52,-0.19,-0.80,3495428,82247420.84,24.0666,38.01,11.34,-,-,101.54241645244215,6.8119891008174385,23.71,0,101.79,9.21,14-Aug-2025,17-Jul-2026,-,6.8119891008174385,-,101.54241645244215,38.12154696132596,-107.4074074074074,https://nsearchives.nseindia.com/today/SILVERCASEEQN.svg,https://nsearchives.nseindia.com/30d/SILVERCASE-EQ.svg,https://nsearchives.nseindia.com/365d/SILVERCASE-EQ.svg,EQ
SILVERAXIS,Axis Silver ETF,231.94,231.94,229.9,230.45,-1.88,-0.81,345855,79712660.4,232.3266,390.01,110.75,-,-,Infinity,6.694754386777156,232.33,0,0,9,,17-Jul-2026,-,6.694754386777156,-,Infinity,40.91177149303864,-108.08126410835213,https://nsearchives.nseindia.com/today/SILVERAXISEQN.svg,https://nsearchives.nseindia.com/30d/SILVERAXIS-EQ.svg,,EQ
SBILIQETF,Nifty 1D Rate Index,1052.12,1052.26,1052.12,1052.26,0.14,0.01,73786,77641318.5,1052.1187,1087.09,984.99,-,-,5.0484680889297024,0.3863729596168663,1052.12,0,5.05,0.38,14-Aug-2025,17-Jul-2026,-,0.3863729596168663,-,5.0484680889297024,3.2039665529072967,-6.829510959502125,https://nsearchives.nseindia.com/today/SBILIQETFEQN.svg,https://nsearchives.nseindia.com/30d/SBILIQETF-EQ.svg,https://nsearchives.nseindia.com/365d/SBILIQETF-EQ.svg,EQ
MOREALTY,Motilal Oswal Nifty Realty ETF,92.27,92.27,89.65,90.45,-1,-1.09,832436,75252214.4,91.1603,99.49,64,-,-,0.38845726970034244,-1.341623036649219,91.45,0,3.74,-0.16,14-Aug-2025,17-Jul-2026,-,-1.341623036649219,-,0.38845726970034244,9.086340335712125,-41.32812500000001,https://nsearchives.nseindia.com/today/MOREALTYEQN.svg,https://nsearchives.nseindia.com/30d/MOREALTY-EQ.svg,https://nsearchives.nseindia.com/365d/MOREALTY-EQ.svg,EQ
EBBETF0430,Nifty BHARAT Bond,1617.87,1617.88,1610.11,1611.8,0.28,0.02,45396,73136587.68,1615.5869,1646.18,1232,-,-,5.459446727210871,0.5872477986008309,1611.52,0,5.35,0.48,14-Aug-2025,17-Jul-2026,-,0.5872477986008309,-,5.459446727210871,2.0884714915744396,-30.82792207792207,https://nsearchives.nseindia.com/today/EBBETF0430EQN.svg,https://nsearchives.nseindia.com/30d/EBBETF0430-EQ.svg,https://nsearchives.nseindia.com/365d/EBBETF0430-EQ.svg,EQ
LIQGRWBEES,Liquid,1052.07,1052.09,1052.07,1052.09,0.14,0.01,68851,72436071.57,1051.9495,1056.29,995.55,-,-,4.7814915146203365,0.3653673706904706,1051.95,0,4.78,0.36,14-Aug-2025,17-Jul-2026,-,0.3653673706904706,-,4.7814915146203365,0.39761807836863416,-5.679272763798902,https://nsearchives.nseindia.com/today/LIQGRWBEESEQN.svg,https://nsearchives.nseindia.com/30d/LIQGRWBEES-EQ.svg,https://nsearchives.nseindia.com/365d/LIQGRWBEES-EQ.svg,EQ
CHEMICAL,Nifty Chemicals Index (TRI),30.41,31.18,30.41,30.88,0.07,0.23,2215646,68396992.02,30.801,31.8,24.5,-,-,Infinity,1.179554390563563,30.81,0,0,1.55,,17-Jul-2026,-,1.179554390563563,-,Infinity,2.8930817610062944,-26.040816326530607,https://nsearchives.nseindia.com/today/CHEMICALEQN.svg,https://nsearchives.nseindia.com/30d/CHEMICAL-EQ.svg,,EQ
LIQUID,Mirae Asset Nifty 1D Rate Liquid ETF,999.99,1000,999.99,1000,0.01,0.00,67728,67727322.72,1000,1024.98,974.99,-,-,0.0010000100000990915,0.0010000100000990915,999.99,0,0,0,14-Aug-2025,17-Jul-2026,-,0.0010000100000990915,-,0.0010000100000990915,2.4371207243068174,-2.565154514405275,https://nsearchives.nseindia.com/today/LIQUIDEQN.svg,https://nsearchives.nseindia.com/30d/LIQUID-EQ.svg,https://nsearchives.nseindia.com/365d/LIQUID-EQ.svg,EQ
HNGSNGBEES,Hang Seng Index,484.53,485.5,480,480.95,-3.58,-0.74,138674,66907431.52,459.7957,579.92,436.94,19-DEC-19, FACE VALUE SPLIT (SUB-DIVISION) - FROM RS 10/- TO RS 1/-,4.997161943850148,-0.8043724863359872,484.53,0,4.88,0.98,14-Aug-2025,17-Jul-2026, FACE VALUE SPLIT (SUB-DIVISION) - FROM RS 10/- TO RS 1/-,-0.8043724863359872,19-DEC-19,4.997161943850148,17.06614705476617,-10.072321142490958,https://nsearchives.nseindia.com/today/HNGSNGBEESEQN.svg,https://nsearchives.nseindia.com/30d/HNGSNGBEES-EQ.svg,https://nsearchives.nseindia.com/365d/HNGSNGBEES-EQ.svg,EQ
GOLDADD,DSP Gold ETF,148.65,148.92,148.23,148.68,0.03,0.02,413599,61440131.45,148.4704,181,95.95,28-AUG-26,FACE VALUE SPLIT (SUB-DIVISION) - FROM RS 10/- PER UNIT TO RE 1/- PER UNIT,Infinity,8.185985592665357,148.65,0,0,9.21,,17-Jul-2026,FACE VALUE SPLIT (SUB-DIVISION) - FROM RS 10/- PER UNIT TO RE 1/- PER UNIT,8.185985592665357,28-AUG-26,Infinity,17.856353591160214,-54.95570609692548,https://nsearchives.nseindia.com/today/GOLDADDEQN.svg,https://nsearchives.nseindia.com/30d/GOLDADD-EQ.svg,,EQ
GROWWLIQID,Nifty 1D Rate Index,110.37,110.39,110.37,110.38,0.01,0.01,507022,55965088.36,110.3739,110.9,102.89,-,-,4.784507309663938,0.36370249136205807,110.37,0,4.78,0.36,14-Aug-2025,17-Jul-2026,-,0.36370249136205807,-,4.784507309663938,0.4688908926961318,-7.279619010593834,https://nsearchives.nseindia.com/today/GROWWLIQIDEQN.svg,https://nsearchives.nseindia.com/30d/GROWWLIQID-EQ.svg,https://nsearchives.nseindia.com/365d/GROWWLIQID-EQ.svg,EQ
EQUAL50ADD,NIFTY 50 Equal Weight Index,347,347,345.58,346.56,-1.43,-0.41,160489,55543638.01,346.8221,361,304.78,-,-,5.865102639296184,0.8790824940327128,347.99,0,7.86,1.72,14-Aug-2025,17-Jul-2026,-,0.8790824940327128,-,5.865102639296184,3.9999999999999996,-13.708248572741004,https://nsearchives.nseindia.com/today/EQUAL50ADDEQN.svg,https://nsearchives.nseindia.com/30d/EQUAL50ADD-EQ.svg,https://nsearchives.nseindia.com/365d/EQUAL50ADD-EQ.svg,EQ
MOCAPITAL,Nifty Capital Market Total Return Index,53.2,53.83,52.75,53.4,-0.2,-0.37,932185,49545632.75,53.4505,57.25,41.15,-,-,18.561278863232683,-1.9823788546255476,53.6,0,21.18,-1.09,14-Aug-2025,17-Jul-2026,-,-1.9823788546255476,-,18.561278863232683,6.724890829694325,-29.76913730255164,https://nsearchives.nseindia.com/today/MOCAPITALEQN.svg,https://nsearchives.nseindia.com/30d/MOCAPITAL-EQ.svg,https://nsearchives.nseindia.com/365d/MOCAPITAL-EQ.svg,EQ
MOMENTUM50,Nifty 500 Momentum 50 Total Return Index,54.37,54.62,54.16,54.34,-0.04,-0.07,900722,49089349,54.3457,55.88,44.96,-,-,4.761904761904773,3.0923923354202287,54.38,0,6.19,3.76,14-Aug-2025,17-Jul-2026,-,3.0923923354202287,-,4.761904761904773,2.755905511811022,-20.862989323843422,https://nsearchives.nseindia.com/today/MOMENTUM50EQN.svg,https://nsearchives.nseindia.com/30d/MOMENTUM50-EQ.svg,https://nsearchives.nseindia.com/365d/MOMENTUM50-EQ.svg,EQ
BANKNIFTY1,Nifty Bank,61.38,61.38,59.45,59.87,-0.02,-0.03,730567,43461430.83,59.7675,65.29,51.71,27-FEB-26,FACE VALUE SPLIT (SUB-DIVISION) - FROM RS 10/- PER SHARE TO RE 1/- PER SHARE,-89.60084763426666,-0.5151213027583953,59.89,0,-89.51,-1.35,14-Aug-2025,17-Jul-2026,FACE VALUE SPLIT (SUB-DIVISION) - FROM RS 10/- PER SHARE TO RE 1/- PER SHARE,-0.5151213027583953,27-FEB-26,-89.60084763426666,8.301424414152256,-15.780313285631399,https://nsearchives.nseindia.com/today/BANKNIFTY1EQN.svg,https://nsearchives.nseindia.com/30d/BANKNIFTY1-EQ.svg,https://nsearchives.nseindia.com/365d/BANKNIFTY1-EQ.svg,EQ
AUTOBEES,Nifty Auto TRI,306.21,306.56,302.9,304.15,1.03,0.34,141414,42934704.54,302.0516,310.45,242.5,-,-,18.08898897344307,9.014336917562716,303.12,0,22.61,8.47,14-Aug-2025,17-Jul-2026,-,9.014336917562716,-,18.08898897344307,2.029312288613307,-25.422680412371125,https://nsearchives.nseindia.com/today/AUTOBEESEQN.svg,https://nsearchives.nseindia.com/30d/AUTOBEES-EQ.svg,https://nsearchives.nseindia.com/365d/AUTOBEES-EQ.svg,EQ
SMALLCAP,Mirae Asset Nifty Smallcap 250 Momentum Quality 100 ETF,48.5,48.83,48.33,48.8,0.3,0.62,862900,42040488,48.5268,54.5,37.34,-,-,8.492663405958204,3.1058525248256896,48.5,0,9.09,2.97,14-Aug-2025,17-Jul-2026,-,3.1058525248256896,-,8.492663405958204,10.45871559633028,-30.690948044991945,https://nsearchives.nseindia.com/today/SMALLCAPEQN.svg,https://nsearchives.nseindia.com/30d/SMALLCAP-EQ.svg,https://nsearchives.nseindia.com/365d/SMALLCAP-EQ.svg,EQ
GOLDBETA,Gold,128.55,129.1,128.45,128.6,-0.15,-0.12,308476,39713200.24,128.6403,149.35,81.35,25-MAR-21, FACE VALUE SPLIT (SUB-DIVISION) - FROM RS 100/- PER UNIT TO RE 1/- PER UNIT,Infinity,8.203618005889778,128.75,0,0,9.16,,17-Jul-2026, FACE VALUE SPLIT (SUB-DIVISION) - FROM RS 100/- PER UNIT TO RE 1/- PER UNIT,8.203618005889778,25-MAR-21,Infinity,13.893538667559424,-58.08236017209589,https://nsearchives.nseindia.com/today/GOLDBETAEQN.svg,https://nsearchives.nseindia.com/30d/GOLDBETA-EQ.svg,,EQ
SILVERAG,Mirae Asset Silver ETF,226.34,226.54,225.05,225.77,-1.51,-0.66,174759,39446601.48,227.5036,380,108.5,-,-,Infinity,6.631086761441469,227.28,0,0,9.17,,17-Jul-2026,-,6.631086761441469,-,Infinity,40.58684210526315,-108.08294930875577,https://nsearchives.nseindia.com/today/SILVERAGEQN.svg,https://nsearchives.nseindia.com/30d/SILVERAG-EQ.svg,,EQ
ALPHA,NIFTY Alpha 50 Index,54.18,54.29,53.81,53.97,-0.21,-0.39,706087,38128698,53.9948,54.64,42,-,-,10.030581039755356,4.491771539206196,54.18,0,12.34,5.33,14-Aug-2025,17-Jul-2026,-,4.491771539206196,-,10.030581039755356,1.2262079062957572,-28.5,https://nsearchives.nseindia.com/today/ALPHAEQN.svg,https://nsearchives.nseindia.com/30d/ALPHA-EQ.svg,https://nsearchives.nseindia.com/365d/ALPHA-EQ.svg,EQ
PVTBANIETF,Nifty Private Bank Index,27.66,27.71,27.55,27.64,-0.1,-0.36,1325673,36615088.26,27.6388,30.32,24.18,01-MAR-24,FACE VALUE SPLIT (SUB-DIVISION) - FROM RS 10/- PER SHARE TO RE 1/- PER SHARE,2.0679468242245282,-1.7419125488801936,27.74,0,3.35,-3.71,14-Aug-2025,17-Jul-2026,FACE VALUE SPLIT (SUB-DIVISION) - FROM RS 10/- PER SHARE TO RE 1/- PER SHARE,-1.7419125488801936,01-MAR-24,2.0679468242245282,8.839050131926122,-14.309346567411088,https://nsearchives.nseindia.com/today/PVTBANIETFEQN.svg,https://nsearchives.nseindia.com/30d/PVTBANIETF-EQ.svg,https://nsearchives.nseindia.com/365d/PVTBANIETF-EQ.svg,EQ
SETFNN50,Nifty Next 50,821.02,821.02,796.44,799,-2,-0.25,44912,35854147.84,798.9207,840,636.01,02-NOV-17, DIVIDEND - RS 7/- PER UNIT,11.571921299205451,3.2046396879318957,801,0,13.14,4.08,14-Aug-2025,17-Jul-2026, DIVIDEND - RS 7/- PER UNIT,3.2046396879318957,02-NOV-17,11.571921299205451,4.880952380952381,-25.62695555101335,https://nsearchives.nseindia.com/today/SETFNN50EQN.svg,https://nsearchives.nseindia.com/30d/SETFNN50-EQ.svg,https://nsearchives.nseindia.com/365d/SETFNN50-EQ.svg,EQ
MIDCAPETF,Mirae Asset Mutual Fund - Mirae Asset Nifty Midcap 150 ETF,23.98,24.06,23.85,23.93,-0.05,-0.21,1408980,33730981.2,23.99,24.57,19.6,-,-,10.429164743885545,1.4843087362171392,23.98,0,12.16,2.43,14-Aug-2025,17-Jul-2026,-,1.4843087362171392,-,10.429164743885545,2.604802604802607,-22.091836734693867,https://nsearchives.nseindia.com/today/MIDCAPETFEQN.svg,https://nsearchives.nseindia.com/30d/MIDCAPETF-EQ.svg,https://nsearchives.nseindia.com/365d/MIDCAPETF-EQ.svg,EQ
MULTICAP,Nifty500 Multicap 50:25:25 Index,16.9,17.22,16.85,16.86,-0.08,-0.47,1952155,33069505.7,16.9123,17.5,14.2,-,-,4.981320049813205,1.0185739964050218,16.94,0,6.74,1.5,14-Aug-2025,17-Jul-2026,-,1.0185739964050218,-,4.981320049813205,3.6571428571428606,-18.732394366197184,https://nsearchives.nseindia.com/today/MULTICAPEQN.svg,https://nsearchives.nseindia.com/30d/MULTICAP-EQ.svg,https://nsearchives.nseindia.com/365d/MULTICAP-EQ.svg,EQ
ICICIB22,S&P BSE BHARAT 22 index,116.65,116.65,115.41,115.8,0.09,0.08,285944,33037969.76,115.7999,131,103.6,-,-,7.520891364902502,-0.5752554305829842,115.71,0,7.25,-0.23,14-Aug-2025,17-Jul-2026,-,-0.5752554305829842,-,7.520891364902502,11.603053435114505,-11.776061776061779,https://nsearchives.nseindia.com/today/ICICIB22EQN.svg,https://nsearchives.nseindia.com/30d/ICICIB22-EQ.svg,https://nsearchives.nseindia.com/365d/ICICIB22-EQ.svg,EQ
MONIFTY500,Motilal Oswal Nifty 500 ETF,23.66,24.37,23.66,24.16,-0.11,-0.45,1363280,32882313.6,24.1176,28.28,20.75,-,-,3.336184773310527,1.5552753257671332,24.27,0,4.84,1.89,14-Aug-2025,17-Jul-2026,-,1.5552753257671332,-,3.336184773310527,14.568599717114573,-16.433734939759034,https://nsearchives.nseindia.com/today/MONIFTY500EQN.svg,https://nsearchives.nseindia.com/30d/MONIFTY500-EQ.svg,https://nsearchives.nseindia.com/365d/MONIFTY500-EQ.svg,EQ
GROWWEV,Nifty EV and New Age Automotive Index,34.18,34.29,33.86,33.9,-0.28,-0.82,953644,32509723.96,34.0081,34.64,26.2,-,-,13.605898123324392,7.584893684544579,34.18,0,17.94,8.61,14-Aug-2025,17-Jul-2026,-,7.584893684544579,-,13.605898123324392,2.136258660508089,-29.389312977099234,https://nsearchives.nseindia.com/today/GROWWEVEQN.svg,https://nsearchives.nseindia.com/30d/GROWWEV-EQ.svg,https://nsearchives.nseindia.com/365d/GROWWEV-EQ.svg,EQ
NEXT50IETF,Nifty Next 50,78.92,79,78.26,78.6,-0.32,-0.41,390566,30764883.82,78.6454,80.38,62.6,15-NOV-18, FACE VALUE SPLIT (SUB-DIVISION) - FROM RS 10/- PER SHARE TO RS 1/- PER SHARE,11.111111111111112,3.122540015743893,78.92,0,12.98,4.42,14-Aug-2025,17-Jul-2026, FACE VALUE SPLIT (SUB-DIVISION) - FROM RS 10/- PER SHARE TO RS 1/- PER SHARE,3.122540015743893,15-NOV-18,11.111111111111112,2.2144812142323977,-25.55910543130989,https://nsearchives.nseindia.com/today/NEXT50IETFEQN.svg,https://nsearchives.nseindia.com/30d/NEXT50IETF-EQ.svg,https://nsearchives.nseindia.com/365d/NEXT50IETF-EQ.svg,EQ
MOMMIDCAP,BSE Midcap 150 Momentum 30 TRI,13.1,13.17,13.02,13.08,-0.03,-0.23,2303300,30127164,13.0916,14.99,12.21,-,-,Infinity,Infinity,13.11,0,0,0,,,-,Infinity,-,Infinity,12.741827885256837,-7.125307125307118,https://nsearchives.nseindia.com/today/MOMMIDCAPEQN.svg,,,EQ
MAFANG,NYSE FANG+ Total Return Index,209.43,209.43,209.43,209.43,-1.99,-0.94,141506,29635601.58,173.3628,211.42,149.74,-,-,31.287612838515546,5.416016509790114,211.42,0,31.97,5.6,14-Aug-2025,17-Jul-2026,-,5.416016509790114,-,31.287612838515546,0.941254375177363,-39.862428208895416,https://nsearchives.nseindia.com/today/MAFANGEQN.svg,https://nsearchives.nseindia.com/30d/MAFANG-EQ.svg,https://nsearchives.nseindia.com/365d/MAFANG-EQ.svg,EQ
NIF100BEES,Nifty 100 TRI,270.68,273.38,267.68,268.9,-1.78,-0.66,104961,28278592.62,270.3296,290,240,-,-,-0.28553417139468185,0.29839612085041195,270.68,0,1.35,1,14-Aug-2025,17-Jul-2026,-,0.29839612085041195,-,-0.28553417139468185,7.275862068965525,-12.041666666666657,https://nsearchives.nseindia.com/today/NIF100BEESEQN.svg,https://nsearchives.nseindia.com/30d/NIF100BEES-EQ.svg,https://nsearchives.nseindia.com/365d/NIF100BEES-EQ.svg,EQ
HDFCNIFTY,Nifty 50,281.76,281.76,272.9,273.24,-1.65,-0.60,102395,27976361.9,273.9431,301.88,247.56,17-FEB-21, FACE VALUE SPLIT (SUB-DIVISION) - FROM RS 761.25/- PER UNIT TO RS 76.125/- PER UNIT,-1.7617027396275176,0.15027672909871534,274.89,0,-0.14,0.47,14-Aug-2025,17-Jul-2026, FACE VALUE SPLIT (SUB-DIVISION) - FROM RS 761.25/- PER UNIT TO RS 76.125/- PER UNIT,0.15027672909871534,17-FEB-21,-1.7617027396275176,9.487213462302897,-10.373242850218132,https://nsearchives.nseindia.com/today/HDFCNIFTYEQN.svg,https://nsearchives.nseindia.com/30d/HDFCNIFTY-EQ.svg,https://nsearchives.nseindia.com/365d/HDFCNIFTY-EQ.svg,EQ
SILVERADD,DSP Silver ETF,225.65,229.4,223,223.75,-1.9,-0.84,124606,27863147.66,225.4078,390,107.15,28-AUG-26,FACE VALUE SPLIT (SUB-DIVISION) - FROM RS 10/- PER UNIT TO RE 1/- PER UNIT,102.23246565437455,6.807007494391136,225.65,0,102.5,9.39,14-Aug-2025,17-Jul-2026,FACE VALUE SPLIT (SUB-DIVISION) - FROM RS 10/- PER UNIT TO RE 1/- PER UNIT,6.807007494391136,28-AUG-26,102.23246565437455,42.62820512820513,-108.81941203919737,https://nsearchives.nseindia.com/today/SILVERADDEQN.svg,https://nsearchives.nseindia.com/30d/SILVERADD-EQ.svg,https://nsearchives.nseindia.com/365d/SILVERADD-EQ.svg,EQ
ELIQUID,Nifty 1D Rate Index (Debt Index),1044.07,1044.09,1044.07,1044.08,0.13,0.01,25752,26887148.16,1043.9472,1044.09,996,-,-,Infinity,0.3836206482131363,1043.95,0,0,0.38,,17-Jul-2026,-,0.3836206482131363,-,Infinity,0.0009577718395915013,-4.827309236947784,https://nsearchives.nseindia.com/today/ELIQUIDEQN.svg,https://nsearchives.nseindia.com/30d/ELIQUID-EQ.svg,,EQ
GROWWGOLD,Commodity,14.91,14.97,14.9,14.95,0.02,0.13,1752345,26162510.85,14.9275,18,9.67,06-FEB-26,FACE VALUE SPLIT (SUB-DIVISION) - FROM RS 10/- PER UNIT TO RE 1/- PER UNIT,-84.75889489244571,8.25488776249094,14.93,0,-84.83,9.06,14-Aug-2025,17-Jul-2026,FACE VALUE SPLIT (SUB-DIVISION) - FROM RS 10/- PER UNIT TO RE 1/- PER UNIT,8.25488776249094,06-FEB-26,-84.75889489244571,16.944444444444446,-54.60186142709409,https://nsearchives.nseindia.com/today/GROWWGOLDEQN.svg,https://nsearchives.nseindia.com/30d/GROWWGOLD-EQ.svg,https://nsearchives.nseindia.com/365d/GROWWGOLD-EQ.svg,EQ
SETFNIFBK,Nifty Bank,592.55,593.74,588.46,590.7,-2.89,-0.49,43554,25724299.02,591.5053,646.11,465.64,02-NOV-17, DIVIDEND - RS 3.50 PER UNIT,3.4736454884649817,-0.8626476906552071,593.59,0,4.69,-1.09,14-Aug-2025,17-Jul-2026, DIVIDEND - RS 3.50 PER UNIT,-0.8626476906552071,02-NOV-17,3.4736454884649817,8.57593908158053,-26.85765827678036,https://nsearchives.nseindia.com/today/SETFNIFBKEQN.svg,https://nsearchives.nseindia.com/30d/SETFNIFBK-EQ.svg,https://nsearchives.nseindia.com/365d/SETFNIFBK-EQ.svg,EQ
BSLNIFTY,Nifty 50,28.2,28.64,28.2,28.46,-0.16,-0.56,865957,24619157.51,28.4986,33,25.7,25-NOV-21, FACE VALUE SPLIT (SUB-DIVISION) - FROM RS 10/- PER SHARE TO RE 1/- PER SHARE,-1.522491349480961,0.17599436818022074,28.62,0,0.07,0.46,14-Aug-2025,17-Jul-2026, FACE VALUE SPLIT (SUB-DIVISION) - FROM RS 10/- PER SHARE TO RE 1/- PER SHARE,0.17599436818022074,25-NOV-21,-1.522491349480961,13.757575757575754,-10.739299610894948,https://nsearchives.nseindia.com/today/BSLNIFTYEQN.svg,https://nsearchives.nseindia.com/30d/BSLNIFTY-EQ.svg,https://nsearchives.nseindia.com/365d/BSLNIFTY-EQ.svg,EQ
HDFCBSE500,HDFC S&P BSE 500 ETF,38.75,38.75,37.58,37.7,-0.42,-1.10,643658,24401074.78,37.928,40,32.65,-,-,2.6129559063690824,0.18602179112410386,38.12,0,4.93,1.36,14-Aug-2025,17-Jul-2026,-,0.18602179112410386,-,2.6129559063690824,5.749999999999993,-15.467075038284854,https://nsearchives.nseindia.com/today/HDFCBSE500EQN.svg,https://nsearchives.nseindia.com/30d/HDFCBSE500-EQ.svg,https://nsearchives.nseindia.com/365d/HDFCBSE500-EQ.svg,EQ
LIQUIDSHRI,SHRIRAM NIFTY 1D RATE LIQUID ETF,1117.76,1117.78,1117.76,1117.76,0.12,0.01,20480,22891724.8,1117.628,1117.78,1066.47,-,-,4.808341459755455,0.3645505971087317,1117.64,0,4.81,0.37,14-Aug-2025,17-Jul-2026,-,0.3645505971087317,-,4.808341459755455,0.0017892608563386185,-4.809324219152903,https://nsearchives.nseindia.com/today/LIQUIDSHRIEQN.svg,https://nsearchives.nseindia.com/30d/LIQUIDSHRI-EQ.svg,https://nsearchives.nseindia.com/365d/LIQUIDSHRI-EQ.svg,EQ
GROWWDEFNC,Nifty India Defence Index- Total Return Index,98.82,99.99,97.94,99.98,1.16,1.17,228994,22743684.08,98.2936,99.99,71.78,-,-,27.81897212989006,6.907613344739102,98.82,0,26.51,6.27,14-Aug-2025,17-Jul-2026,-,6.907613344739102,-,27.81897212989006,0.010001000100000906,-39.286709389802176,https://nsearchives.nseindia.com/today/GROWWDEFNCEQN.svg,https://nsearchives.nseindia.com/30d/GROWWDEFNC-EQ.svg,https://nsearchives.nseindia.com/365d/GROWWDEFNC-EQ.svg,EQ
GROWWPOWER,BSE Power Index - TRI,11.73,11.73,11.42,11.44,-0.08,-0.69,1978128,22708909.44,11.5231,13.2,7.75,-,-,16.024340770791078,-3.9462636439966468,11.52,0,16.48,-1.45,14-Aug-2025,17-Jul-2026,-,-3.9462636439966468,-,16.024340770791078,13.333333333333332,-47.61290322580644,https://nsearchives.nseindia.com/today/GROWWPOWEREQN.svg,https://nsearchives.nseindia.com/30d/GROWWPOWER-EQ.svg,https://nsearchives.nseindia.com/365d/GROWWPOWER-EQ.svg,EQ
LTGILTBEES,NIFTY 8-13 yr G-Sec Index,30.07,30.08,29.97,30.05,0,0.00,727798,21848495.96,30.0525,30.48,27.93,-,-,4.521739130434785,0.5352960856473742,30.05,0,4.34,0.33,14-Aug-2025,17-Jul-2026,-,0.5352960856473742,-,4.521739130434785,1.410761154855642,-7.59040458288579,https://nsearchives.nseindia.com/today/LTGILTBEESEQN.svg,https://nsearchives.nseindia.com/30d/LTGILTBEES-EQ.svg,https://nsearchives.nseindia.com/365d/LTGILTBEES-EQ.svg,EQ
METAL,Nifty Metal Total Return Index,13.35,13.44,13.15,13.17,-0.09,-0.68,1583334,20884175.46,13.233,13.97,8.7,-,-,39.80891719745223,4.11067193675889,13.26,0,43.35,5.74,14-Aug-2025,17-Jul-2026,-,4.11067193675889,-,39.80891719745223,5.726556907659274,-51.379310344827594,https://nsearchives.nseindia.com/today/METALEQN.svg,https://nsearchives.nseindia.com/30d/METAL-EQ.svg,https://nsearchives.nseindia.com/365d/METAL-EQ.svg,EQ
QGOLDHALF,Gold,126.74,128,126.51,126.75,0.02,0.02,158725,20110457.5,126.6559,149.69,80.09,16-DEC-21, FACE VALUE SPLIT (SUB-DIVISION) - FROM RS 100 PER SHARE TO RS 2 PER SHARE,53.17220543806646,8.157692635890436,126.73,0,52.85,8.9,14-Aug-2025,17-Jul-2026, FACE VALUE SPLIT (SUB-DIVISION) - FROM RS 100 PER SHARE TO RS 2 PER SHARE,8.157692635890436,16-DEC-21,53.17220543806646,15.325005010354733,-58.25945810962667,https://nsearchives.nseindia.com/today/QGOLDHALFEQN.svg,https://nsearchives.nseindia.com/30d/QGOLDHALF-EQ.svg,https://nsearchives.nseindia.com/365d/QGOLDHALF-EQ.svg,EQ
HDFCLIQUID,HDFC Nifty 1D Rate Liquid ETF,1079.4,1079.4,1074.16,1074.18,0.15,0.01,18536,19911000.48,,1079.4,1009.91,28-FEB-25,CHANGE IN FUNDAMENTAL ATTRIBUTE OF HDFC NIFTY 1D RATE LIQUID ETF,4.910635804277771,0.3850251387772759,1074.03,0,4.91,0.38,14-Aug-2025,17-Jul-2026,CHANGE IN FUNDAMENTAL ATTRIBUTE OF HDFC NIFTY 1D RATE LIQUID ETF,0.3850251387772759,28-FEB-25,4.910635804277771,0.48360200111173124,-6.363933419809695,https://nsearchives.nseindia.com/today/HDFCLIQUIDEQN.svg,https://nsearchives.nseindia.com/30d/HDFCLIQUID-EQ.svg,https://nsearchives.nseindia.com/365d/HDFCLIQUID-EQ.svg,EQ
DEFENCE,BSE India Defence,83.49,83.99,82.53,83.52,0.83,1.00,238146,19866139.32,82.4599,84.11,58.91,-,-,Infinity,6.816728481903054,82.69,0,0,6.15,,17-Jul-2026,-,6.816728481903054,-,Infinity,0.7014623707050331,-41.77558988287218,https://nsearchives.nseindia.com/today/DEFENCEEQN.svg,https://nsearchives.nseindia.com/30d/DEFENCE-EQ.svg,,EQ
LOWVOLIETF,Nifty 100 Low Volatility 30 Index,22.76,22.76,22.31,22.45,-0.06,-0.27,874266,19548587.76,22.4762,26.81,19.84,01-MAR-24,FACE VALUE SPLIT (SUB-DIVISION) - FROM RS 10/- PER SHARE TO RE 1/- PER SHARE,0.9896536212325635,1.035103510351037,22.51,0,2.97,1.81,14-Aug-2025,17-Jul-2026,FACE VALUE SPLIT (SUB-DIVISION) - FROM RS 10/- PER SHARE TO RE 1/- PER SHARE,1.035103510351037,01-MAR-24,0.9896536212325635,16.262588586348375,-13.155241935483868,https://nsearchives.nseindia.com/today/LOWVOLIETFEQN.svg,https://nsearchives.nseindia.com/30d/LOWVOLIETF-EQ.svg,https://nsearchives.nseindia.com/365d/LOWVOLIETF-EQ.svg,EQ
ALPL30IETF,Nifty Alpha Low-Volatility 30 Index,28.33,28.33,28.19,28.26,-0.07,-0.25,677321,19134318.25,28.318,29.17,24.35,10-MAY-24,FACE VALUE SPLIT (SUB-DIVISION) - FROM RS 10/- PER SHARE TO RE 1/- PER SHARE,3.1763417305586015,1.1815252416756243,28.33,0,4.89,2.72,14-Aug-2025,17-Jul-2026,FACE VALUE SPLIT (SUB-DIVISION) - FROM RS 10/- PER SHARE TO RE 1/- PER SHARE,1.1815252416756243,10-MAY-24,3.1763417305586015,3.1196434693177926,-16.057494866529773,https://nsearchives.nseindia.com/today/ALPL30IETFEQN.svg,https://nsearchives.nseindia.com/30d/ALPL30IETF-EQ.svg,https://nsearchives.nseindia.com/365d/ALPL30IETF-EQ.svg,EQ
ITIETF,Nifty IT Index,34.37,34.37,33.6,33.75,-0.52,-1.52,556975,18797906.25,34.2718,44.3,28.54,01-SEP-22,FACE VALUE SPLIT (SUB-DIVISION) - FROM RS 10/- PER UNIT TO RE 1/- PER UNIT,-10.714285714285708,4.102405922270198,34.27,0,-9.82,5.61,14-Aug-2025,17-Jul-2026,FACE VALUE SPLIT (SUB-DIVISION) - FROM RS 10/- PER UNIT TO RE 1/- PER UNIT,4.102405922270198,01-SEP-22,-10.714285714285708,23.814898419864555,-18.255080588647516,https://nsearchives.nseindia.com/today/ITIETFEQN.svg,https://nsearchives.nseindia.com/30d/ITIETF-EQ.svg,https://nsearchives.nseindia.com/365d/ITIETF-EQ.svg,EQ
SBIMIDMOM,Nifty Midcap 150 Momentum 50 Index,64.3,64.34,63.89,64.26,-0.12,-0.19,263065,16888773,64.1996,67.74,53.86,-,-,Infinity,2.373745419786525,64.38,0,0,3.31,,17-Jul-2026,-,2.373745419786525,-,Infinity,5.137289636846752,-19.309320460453034,https://nsearchives.nseindia.com/today/SBIMIDMOMEQN.svg,https://nsearchives.nseindia.com/30d/SBIMIDMOM-EQ.svg,,EQ
MOM100,Nifty Midcap 100,69.19,69.19,68.32,68.8,0.02,0.03,245979,16874159.4,68.8888,69.48,56.15,-,-,11.79720506987325,1.4001473839351555,68.78,0,13.11,2.03,14-Aug-2025,17-Jul-2026,-,1.4001473839351555,-,11.79720506987325,0.9786989061600558,-22.52894033837934,https://nsearchives.nseindia.com/today/MOM100EQN.svg,https://nsearchives.nseindia.com/30d/MOM100-EQ.svg,https://nsearchives.nseindia.com/365d/MOM100-EQ.svg,EQ
HDFCNIFBAN,Nifty Bank,59.51,59.51,58.97,59.38,-0.16,-0.27,279639,16554628.8,59.2792,65.54,51.2,02-FEB-24,FACE VALUE SPLIT (SUB-DIVISION) - FROM RS 223.31/- PER SHARE TO RS 22.331/- PER SHARE,3.938386136880798,-0.5526712443476776,59.54,0,4.97,-1.06,14-Aug-2025,17-Jul-2026,FACE VALUE SPLIT (SUB-DIVISION) - FROM RS 223.31/- PER SHARE TO RS 22.331/- PER SHARE,-0.5526712443476776,02-FEB-24,3.938386136880798,9.39884040280745,-15.9765625,https://nsearchives.nseindia.com/today/HDFCNIFBANEQN.svg,https://nsearchives.nseindia.com/30d/HDFCNIFBAN-EQ.svg,https://nsearchives.nseindia.com/365d/HDFCNIFBAN-EQ.svg,EQ
AUTOIETF,Nifty Auto Index,30.4,30.5,30.29,30.49,0.09,0.30,542346,16476471.48,30.2559,31.46,24.2,01-MAR-24,FACE VALUE SPLIT (SUB-DIVISION) - FROM RS 10/- PER SHARE TO RE 1/- PER SHARE,18.31587116802483,9.204871060171907,30.4,0,22.78,8.61,14-Aug-2025,17-Jul-2026,FACE VALUE SPLIT (SUB-DIVISION) - FROM RS 10/- PER SHARE TO RE 1/- PER SHARE,9.204871060171907,01-MAR-24,18.31587116802483,3.0832803560076365,-25.991735537190078,https://nsearchives.nseindia.com/today/AUTOIETFEQN.svg,https://nsearchives.nseindia.com/30d/AUTOIETF-EQ.svg,https://nsearchives.nseindia.com/365d/AUTOIETF-EQ.svg,EQ
NIFTY1,Nifty 50,277.28,277.28,268.01,269.27,-1.25,-0.46,59872,16118739.84,269.7698,320,244.8,27-JUL-17, FACE VALUE SPLIT (SUB-DIVISION) - FROM RS 10/- PER SHARE TO RS 1/- PER SHARE,-1.5969887443356252,0.06689211787877916,270.52,0,-0.34,0.42,14-Aug-2025,17-Jul-2026, FACE VALUE SPLIT (SUB-DIVISION) - FROM RS 10/- PER SHARE TO RS 1/- PER SHARE,0.06689211787877916,27-JUL-17,-1.5969887443356252,15.853125000000006,-9.995915032679727,https://nsearchives.nseindia.com/today/NIFTY1EQN.svg,https://nsearchives.nseindia.com/30d/NIFTY1-EQ.svg,https://nsearchives.nseindia.com/365d/NIFTY1-EQ.svg,EQ
ESILVER,Edelweiss Silver ETF,233.38,233.38,230.64,231.21,-2.33,-1.00,67057,15523695.5,233.3725,375,111.7,-,-,101.10463599199791,6.230186078566507,233.54,0,101.38,8.92,14-Aug-2025,17-Jul-2026,-,6.230186078566507,-,101.10463599199791,38.344,-106.99194270367055,https://nsearchives.nseindia.com/today/ESILVEREQN.svg,https://nsearchives.nseindia.com/30d/ESILVER-EQ.svg,https://nsearchives.nseindia.com/365d/ESILVER-EQ.svg,EQ
GROWWRAIL,Nifty India Railways PSU Index,29.34,29.34,28.8,28.94,-0.11,-0.38,534897,15469221.24,29.1393,36.75,27.8,-,-,-15.847630125036344,-0.48143053645115896,29.05,0,-15.89,0.31,14-Aug-2025,17-Jul-2026,-,-0.48143053645115896,-,-15.847630125036344,21.251700680272105,-4.100719424460434,https://nsearchives.nseindia.com/today/GROWWRAILEQN.svg,https://nsearchives.nseindia.com/30d/GROWWRAIL-EQ.svg,https://nsearchives.nseindia.com/365d/GROWWRAIL-EQ.svg,EQ
MIDCAPIETF,Nifty Midcap 150,24.33,24.37,24.2,24.33,0,0.00,633384,15359562,24.2821,24.88,19.89,10-MAY-24,FACE VALUE SPLIT (SUB-DIVISION) - FROM RS 10/- PER SHARE TO RE 1/- PER SHARE,10.943912448700404,2.0981955518254303,24.33,0,12.17,2.31,14-Aug-2025,17-Jul-2026,FACE VALUE SPLIT (SUB-DIVISION) - FROM RS 10/- PER SHARE TO RE 1/- PER SHARE,2.0981955518254303,10-MAY-24,10.943912448700404,2.210610932475887,-22.322775263951723,https://nsearchives.nseindia.com/today/MIDCAPIETFEQN.svg,https://nsearchives.nseindia.com/30d/MIDCAPIETF-EQ.svg,https://nsearchives.nseindia.com/365d/MIDCAPIETF-EQ.svg,EQ
GROWWHOSPI,BSE Hospitals Index,53.28,53.28,52.3,52.69,0.02,0.04,286510,15044640.1,52.4277,62,43.35,-,-,Infinity,-2.534221235664085,52.67,0,0,-2.26,,17-Jul-2026,-,-2.534221235664085,-,Infinity,15.016129032258068,-21.545559400230673,https://nsearchives.nseindia.com/today/GROWWHOSPIEQN.svg,https://nsearchives.nseindia.com/30d/GROWWHOSPI-EQ.svg,,EQ
MAKEINDIA,Nifty India Manufacturing Total Return Index,169.3,169.58,168.66,168.67,-0.62,-0.37,85436,14436975.28,168.85,173.11,140.12,-,-,14.95263408982485,3.5547642436149265,169.29,0,17.93,4.66,14-Aug-2025,17-Jul-2026,-,3.5547642436149265,-,14.95263408982485,2.564843163306583,-20.375392520696533,https://nsearchives.nseindia.com/today/MAKEINDIAEQN.svg,https://nsearchives.nseindia.com/30d/MAKEINDIA-EQ.svg,https://nsearchives.nseindia.com/365d/MAKEINDIA-EQ.svg,EQ
MIDSMALL,Mirae Asset Nifty MidSmallcap400 Momentum Quality 100 ETF,52.35,52.41,52.06,52.36,-0.05,-0.10,275362,14373896.4,52.3173,52.77,42.41,-,-,8.653247561734803,2.908805031446535,52.41,0,9.74,4.05,14-Aug-2025,17-Jul-2026,-,2.908805031446535,-,8.653247561734803,0.7769566041311421,-23.461447771751953,https://nsearchives.nseindia.com/today/MIDSMALLEQN.svg,https://nsearchives.nseindia.com/30d/MIDSMALL-EQ.svg,https://nsearchives.nseindia.com/365d/MIDSMALL-EQ.svg,EQ
MOM30IETF,ICICI Prudential Nifty 200 Momentum 30 ETF,32.03,32.03,31.61,31.67,-0.05,-0.16,435775,13800994.25,31.7381,32.9,26,12-AUG-22,ADDITONAL ISSUANCE 9:1,1.3115802943058226,2.0954223081882724,31.72,0,3.19,3.29,14-Aug-2025,17-Jul-2026,ADDITONAL ISSUANCE 9:1,2.0954223081882724,12-AUG-22,1.3115802943058226,3.7386018237081973,-21.807692307692317,https://nsearchives.nseindia.com/today/MOM30IETFEQN.svg,https://nsearchives.nseindia.com/30d/MOM30IETF-EQ.svg,https://nsearchives.nseindia.com/365d/MOM30IETF-EQ.svg,EQ
TNIDETF,Nifty India Digital Index,93.12,93.12,89.43,89.98,-0.87,-0.96,152705,13702219.65,91.1584,103.26,74.5,-,-,-1.7041730391085887,5.511257035647283,90.85,0,-0.89,6.54,14-Aug-2025,17-Jul-2026,-,5.511257035647283,-,-1.7041730391085887,12.860739879914778,-20.77852348993289,https://nsearchives.nseindia.com/today/TNIDETFEQN.svg,https://nsearchives.nseindia.com/30d/TNIDETF-EQ.svg,https://nsearchives.nseindia.com/365d/TNIDETF-EQ.svg,EQ
GROWWSLVR,Commodity-Silver,22.63,22.84,22.63,22.74,-0.17,-0.74,600546,13650410.58,22.909,36.3,10.98,06-FEB-26,FACE VALUE SPLIT (SUB-DIVISION) - FROM RS 10/- PER UNIT TO RE 1/- PER UNIT,-79.94885812538577,6.660412757973726,22.91,0,-79.97,9.04,14-Aug-2025,17-Jul-2026,FACE VALUE SPLIT (SUB-DIVISION) - FROM RS 10/- PER UNIT TO RE 1/- PER UNIT,6.660412757973726,06-FEB-26,-79.94885812538577,37.35537190082644,-107.103825136612,https://nsearchives.nseindia.com/today/GROWWSLVREQN.svg,https://nsearchives.nseindia.com/30d/GROWWSLVR-EQ.svg,https://nsearchives.nseindia.com/365d/GROWWSLVR-EQ.svg,EQ
HDFCMID150,HDFC NIFTY Midcap 150 ETF,23.75,23.81,23.57,23.69,-0.02,-0.08,568827,13481199.9,23.7592,25.2,19.42,20-OCT-23,FACE VALUE SPLIT (SUB-DIVISION) - FROM RS 115.95/- PER SHARE TO RS 11.59/- PER SHARE,10.1348210134821,1.4561027837259093,23.71,0,11.63,2.11,14-Aug-2025,17-Jul-2026,FACE VALUE SPLIT (SUB-DIVISION) - FROM RS 115.95/- PER SHARE TO RS 11.59/- PER SHARE,1.4561027837259093,20-OCT-23,10.1348210134821,5.992063492063484,-21.98764160659114,https://nsearchives.nseindia.com/today/HDFCMID150EQN.svg,https://nsearchives.nseindia.com/30d/HDFCMID150-EQ.svg,https://nsearchives.nseindia.com/365d/HDFCMID150-EQ.svg,EQ
NIFTYBETA,Nifty 50,273.26,273.26,267.97,268.8,-1.75,-0.65,49986,13436736.66,269.5112,297.48,244.9,25-SEP-23,FACE VALUE SPLIT (SUB-DIVISION) - FROM RS 10/- PER SHARE TO RE 1/- PER SHARE,Infinity,0.05211047420531018,270.55,0,0,0.56,,17-Jul-2026,FACE VALUE SPLIT (SUB-DIVISION) - FROM RS 10/- PER SHARE TO RE 1/- PER SHARE,0.05211047420531018,25-SEP-23,Infinity,9.640984267849943,-9.759085340955494,https://nsearchives.nseindia.com/today/NIFTYBETAEQN.svg,https://nsearchives.nseindia.com/30d/NIFTYBETA-EQ.svg,,EQ
ALPHAETF,Mirae Asset Nifty 200 Alpha 30 ETF,26.83,26.84,26.61,26.79,-0.03,-0.11,495578,13256711.5,26.7542,27.2,21.8,-,-,6.605650616792678,2.8406909788867503,26.82,0,7.49,3.75,14-Aug-2025,17-Jul-2026,-,2.8406909788867503,-,6.605650616792678,1.5073529411764712,-22.889908256880727,https://nsearchives.nseindia.com/today/ALPHAETFEQN.svg,https://nsearchives.nseindia.com/30d/ALPHAETF-EQ.svg,https://nsearchives.nseindia.com/365d/ALPHAETF-EQ.svg,EQ
TOP10ADD,Nifty Top 10 Equal Weight Index,87.85,87.98,87.55,87.92,-0.45,-0.51,145435,12756103.85,88.1689,103.04,83.05,-,-,-7.276945792026989,0.03413357606098662,88.37,0,-6.63,-0.17,14-Aug-2025,17-Jul-2026,-,0.03413357606098662,-,-7.276945792026989,14.673913043478265,-5.8639373871162,https://nsearchives.nseindia.com/today/TOP10ADDEQN.svg,https://nsearchives.nseindia.com/30d/TOP10ADD-EQ.svg,https://nsearchives.nseindia.com/365d/TOP10ADD-EQ.svg,EQ
NEXT50,Nifty Next 50,771.86,771.86,767.44,768.5,-1.76,-0.23,16185,12448692.75,769.4495,785.96,617,-,-,11.350991074533447,3.010562436330497,770.26,0,12.94,4.26,14-Aug-2025,17-Jul-2026,-,3.010562436330497,-,11.350991074533447,2.2214870985800848,-24.554294975688816,https://nsearchives.nseindia.com/today/NEXT50EQN.svg,https://nsearchives.nseindia.com/30d/NEXT50-EQ.svg,https://nsearchives.nseindia.com/365d/NEXT50-EQ.svg,EQ
MOSMALL250,Motilal Oswal Nifty Smallcap 250 ETF,18.41,18.45,18.35,18.43,0.04,0.22,659947,12143024.8,18.4088,19.38,14.22,-,-,8.667452830188672,1.65471594043023,18.39,0,9.86,2,14-Aug-2025,17-Jul-2026,-,1.65471594043023,-,8.667452830188672,4.901960784313722,-29.606188466947952,https://nsearchives.nseindia.com/today/MOSMALL250EQN.svg,https://nsearchives.nseindia.com/30d/MOSMALL250-EQ.svg,https://nsearchives.nseindia.com/365d/MOSMALL250-EQ.svg,EQ
BANKETF,Mirae Asset Nifty Bank ETF,587.38,587.38,583.73,585.61,-2.05,-0.35,20265,11847932.25,586.7249,628.27,507.01,-,-,3.3733451015004436,-0.9505606954992143,587.66,0,4.49,-1.33,14-Aug-2025,17-Jul-2026,-,-0.9505606954992143,-,3.3733451015004436,6.790074331099681,-15.502652807636935,https://nsearchives.nseindia.com/today/BANKETFEQN.svg,https://nsearchives.nseindia.com/30d/BANKETF-EQ.svg,https://nsearchives.nseindia.com/365d/BANKETF-EQ.svg,EQ
ITETF,Mirae Asset Nifty IT ETF,32.62,32.62,32.03,32.1,-0.56,-1.71,363874,11731297.76,32.6795,42.02,27.22,-,-,-10.85809497361843,4.018146467919643,32.66,0,-9.83,5.63,14-Aug-2025,17-Jul-2026,-,4.018146467919643,-,-10.85809497361843,23.60780580675869,-17.92799412196915,https://nsearchives.nseindia.com/today/ITETFEQN.svg,https://nsearchives.nseindia.com/30d/ITETF-EQ.svg,https://nsearchives.nseindia.com/365d/ITETF-EQ.svg,EQ
AONELIQUID,Nifty 1D Rate Index,1073.07,1073.07,1073.05,1073.05,0.14,0.01,10870,11664162.2,1072.9186,1094.59,997.56,-,-,5.045471899442978,0.3854321611330855,1072.91,0,5.05,0.39,14-Aug-2025,17-Jul-2026,-,0.3854321611330855,-,5.045471899442978,1.9678601120054053,-7.567464613657325,https://nsearchives.nseindia.com/today/AONELIQUIDEQN.svg,https://nsearchives.nseindia.com/30d/AONELIQUID-EQ.svg,https://nsearchives.nseindia.com/365d/AONELIQUID-EQ.svg,EQ
BANKIETF,Nifty Bank,59.19,59.32,58.83,59.05,-0.33,-0.56,191986,11323334.28,59.1328,63.9,51.17,-,-,3.469423514981596,-0.8063161431211221,59.38,0,4.84,-1.02,14-Aug-2025,17-Jul-2026,-,-0.8063161431211221,-,3.469423514981596,7.5899843505477325,-15.399648231385568,https://nsearchives.nseindia.com/today/BANKIETFEQN.svg,https://nsearchives.nseindia.com/30d/BANKIETF-EQ.svg,https://nsearchives.nseindia.com/365d/BANKIETF-EQ.svg,EQ
LOWVOL1,Kotak Nifty 100 Low Vol 30 ETF,21.43,21.51,21.18,21.18,-0.28,-1.30,495408,10567052.64,21.4206,22.9,18.77,-,-,0.8091385054735751,0,21.46,0,2.58,1.37,14-Aug-2025,17-Jul-2026,-,0,-,0.8091385054735751,7.510917030567681,-12.839637719765584,https://nsearchives.nseindia.com/today/LOWVOL1EQN.svg,https://nsearchives.nseindia.com/30d/LOWVOL1-EQ.svg,https://nsearchives.nseindia.com/365d/LOWVOL1-EQ.svg,EQ
MID150CASE,Zerodha Nifty Midcap 150 ETF,11.84,12.13,11.75,11.79,-0.05,-0.42,892340,10511765.2,11.806,13,9.63,-,-,11.016949152542374,1.5503875968992225,11.84,0,12.87,2.6,14-Aug-2025,17-Jul-2026,-,1.5503875968992225,-,11.016949152542374,9.307692307692314,-22.429906542056056,https://nsearchives.nseindia.com/today/MID150CASEEQN.svg,https://nsearchives.nseindia.com/30d/MID150CASE-EQ.svg,https://nsearchives.nseindia.com/365d/MID150CASE-EQ.svg,EQ
OILIETF,Nifty Oil & Gas Index,11.43,11.47,11.38,11.41,-0.01,-0.09,883307,10087365.94,11.3818,14,9.8,-,-,2.0572450805008984,-0.8688097306689804,11.42,0,2.42,-0.17,14-Aug-2025,17-Jul-2026,-,-0.8688097306689804,-,2.0572450805008984,18.5,-16.42857142857142,https://nsearchives.nseindia.com/today/OILIETFEQN.svg,https://nsearchives.nseindia.com/30d/OILIETF-EQ.svg,https://nsearchives.nseindia.com/365d/OILIETF-EQ.svg,EQ
NEXT50BETA,Nifty Next 50,80.03,80.68,80.02,80.4,-0.07,-0.09,117114,9412452.18,80.4863,82.51,64.34,25-MAR-21, FACE VALUE SPLIT (SUB-DIVISION) - FROM RS 10/- PER UNIT TO Re 1/- PER UNIT,Infinity,2.8790786948176583,80.47,0,0,3.58,,17-Jul-2026, FACE VALUE SPLIT (SUB-DIVISION) - FROM RS 10/- PER UNIT TO Re 1/- PER UNIT,2.8790786948176583,25-MAR-21,Infinity,2.5572657859653365,-24.961143922909546,https://nsearchives.nseindia.com/today/NEXT50BETAEQN.svg,https://nsearchives.nseindia.com/30d/NEXT50BETA-EQ.svg,,EQ
HEALTHIETF,Nifty Healthcare Index,168.59,169.79,167.47,169.2,0.61,0.36,54971,9292847.55,168.6884,174.82,138.65,-,-,12.815042005600748,-0.1062699256110561,168.59,0,12.23,1.03,14-Aug-2025,17-Jul-2026,-,-0.1062699256110561,-,12.815042005600748,3.214735156160625,-22.033898305084733,https://nsearchives.nseindia.com/today/HEALTHIETFEQN.svg,https://nsearchives.nseindia.com/30d/HEALTHIETF-EQ.svg,https://nsearchives.nseindia.com/365d/HEALTHIETF-EQ.svg,EQ
SML100CASE,Nifty Smallcap 100 Index,11.3,11.3,11.21,11.27,-0.01,-0.09,806253,9070346.25,11.262,11.74,8.5,-,-,Infinity,2.7347310847766537,11.28,0,0,3.2,,17-Jul-2026,-,2.7347310847766537,-,Infinity,4.003407155025559,-32.58823529411764,https://nsearchives.nseindia.com/today/SML100CASEEQN.svg,https://nsearchives.nseindia.com/30d/SML100CASE-EQ.svg,,EQ
MASPTOP50,S&P 500 Top 50 Total Return Index,81.02,81.02,81,81.02,-0.24,-0.30,111841,9060239.41,67.3594,82.78,62.42,-,-,24.876695437731197,1.7072558373085607,81.26,0,25.3,0.89,14-Aug-2025,17-Jul-2026,-,1.7072558373085607,-,24.876695437731197,2.1261174196665924,-29.798141621275224,https://nsearchives.nseindia.com/today/MASPTOP50EQN.svg,https://nsearchives.nseindia.com/30d/MASPTOP50-EQ.svg,https://nsearchives.nseindia.com/365d/MASPTOP50-EQ.svg,EQ
MIDCAPADD,Nifty Midcap 150 Index,23.51,23.53,23.4,23.5,-0.05,-0.21,382163,8977008.87,23.5117,25.5,19.27,-,-,Infinity,1.5996541288370125,23.55,0,0,2.26,,17-Jul-2026,-,1.5996541288370125,-,Infinity,7.8431372549019605,-21.951219512195124,https://nsearchives.nseindia.com/today/MIDCAPADDEQN.svg,https://nsearchives.nseindia.com/30d/MIDCAPADD-EQ.svg,,EQ
MOSILVER,Domestic Price of Physical Silver,230.74,230.74,228.23,229.46,-1.41,-0.61,39134,8973034.86,231.0016,385,112.32,-,-,101.19245944761072,6.859777394867982,230.87,0,101.93,9.07,14-Aug-2025,17-Jul-2026,-,6.859777394867982,-,101.19245944761072,40.4,-104.29131054131057,https://nsearchives.nseindia.com/today/MOSILVEREQN.svg,https://nsearchives.nseindia.com/30d/MOSILVER-EQ.svg,https://nsearchives.nseindia.com/365d/MOSILVER-EQ.svg,EQ
HDFCGROWTH,HDFC NIFTY Growth Sectors 15 ETF,121.37,123.04,120.6,121.24,-0.13,-0.11,72788,8804436.48,121.3771,133.3,107.86,-,-,0.6642311524410471,4.283502494409074,121.37,0,2.34,4.19,14-Aug-2025,17-Jul-2026,-,4.283502494409074,-,0.6642311524410471,9.047261815453874,-12.404969404783975,https://nsearchives.nseindia.com/today/HDFCGROWTHEQN.svg,https://nsearchives.nseindia.com/30d/HDFCGROWTH-EQ.svg,https://nsearchives.nseindia.com/365d/HDFCGROWTH-EQ.svg,EQ
DIVOPPBEES,Nifty Dividend Opportunities 50 TRI,78.98,78.98,77.65,77.93,-0.57,-0.73,112680,8769884.4,78.2897,87.09,72.13,-,-,1.869281045751643,0.5159293176834847,78.5,0,3.15,2.21,14-Aug-2025,17-Jul-2026,-,0.5159293176834847,-,1.869281045751643,10.517855092433111,-8.041037016498006,https://nsearchives.nseindia.com/today/DIVOPPBEESEQN.svg,https://nsearchives.nseindia.com/30d/DIVOPPBEES-EQ.svg,https://nsearchives.nseindia.com/365d/DIVOPPBEES-EQ.svg,EQ
HDFCNIFIT,HDFC NIFTY IT ETF,32.99,33.26,32.31,32.49,-0.5,-1.52,261717,8503185.33,32.9429,42.3,27.32,02-FEB-24,FACE VALUE SPLIT (SUB-DIVISION) - FROM RS 299.92/- PER SHARE TO RS 29.992/- PER SHARE,-10.569777043765475,4.101249599487347,32.99,0,-9.79,5.84,14-Aug-2025,17-Jul-2026,FACE VALUE SPLIT (SUB-DIVISION) - FROM RS 299.92/- PER SHARE TO RS 29.992/- PER SHARE,4.101249599487347,02-FEB-24,-10.569777043765475,23.191489361702118,-18.92386530014642,https://nsearchives.nseindia.com/today/HDFCNIFITEQN.svg,https://nsearchives.nseindia.com/30d/HDFCNIFIT-EQ.svg,https://nsearchives.nseindia.com/365d/HDFCNIFIT-EQ.svg,EQ
ENERGY,Nifty Energy,38.9,39.1,38.7,38.83,-0.12,-0.31,216978,8442613.98,38.8806,42.82,29,-,-,Infinity,-2.6328986960882754,38.95,0,0,-1.09,,17-Jul-2026,-,-2.6328986960882754,-,Infinity,9.318075665576838,-33.89655172413792,https://nsearchives.nseindia.com/today/ENERGYEQN.svg,https://nsearchives.nseindia.com/30d/ENERGY-EQ.svg,,EQ
IT,NIFTY IT Index,34.95,34.95,33.6,33.75,-0.51,-1.49,247367,8351109.92,34.2437,44.49,28.54,-,-,-10.524920466595967,4.006163328197218,34.26,0,-9.39,5.74,14-Aug-2025,17-Jul-2026,-,4.006163328197218,-,-10.524920466595967,24.140256237356713,-18.255080588647516,https://nsearchives.nseindia.com/today/ITEQN.svg,https://nsearchives.nseindia.com/30d/IT-EQ.svg,https://nsearchives.nseindia.com/365d/IT-EQ.svg,EQ
EVINDIA,Nifty EV and New Age Automotive Total Return Index,34.23,34.29,34.11,34.14,0.02,0.06,242503,8293602.6,34.1385,35.04,26.2,-,-,14.410187667560324,7.799179033785913,34.12,0,17.09,7.77,14-Aug-2025,17-Jul-2026,-,7.799179033785913,-,14.410187667560324,2.5684931506849273,-30.30534351145039,https://nsearchives.nseindia.com/today/EVINDIAEQN.svg,https://nsearchives.nseindia.com/30d/EVINDIA-EQ.svg,https://nsearchives.nseindia.com/365d/EVINDIA-EQ.svg,EQ
CONS,Kotak Nifty India Consumption ETF,12.45,12.47,12.32,12.45,-0.06,-0.48,654805,8106485.9,12.4372,13.2,10.2,27-FEB-26,FACE VALUE SPLIT (SUB-DIVISION) - FROM RS 10/- PER SHARE TO RE 1/- PER SHARE,-89.91576219018306,3.148301574150779,12.51,0,-89.64,3.82,14-Aug-2025,17-Jul-2026,FACE VALUE SPLIT (SUB-DIVISION) - FROM RS 10/- PER SHARE TO RE 1/- PER SHARE,3.148301574150779,27-FEB-26,-89.91576219018306,5.6818181818181825,-22.058823529411764,https://nsearchives.nseindia.com/today/CONSEQN.svg,https://nsearchives.nseindia.com/30d/CONS-EQ.svg,https://nsearchives.nseindia.com/365d/CONS-EQ.svg,EQ
EVIETF,Nifty EV & New Age Automotive ETF,34.85,34.85,34.1,34.1,-0.07,-0.20,231371,7908260.78,34.0895,36,26.28,-,-,14.084978253596525,7.706885660138981,34.17,0,17.26,7.69,14-Aug-2025,17-Jul-2026,-,7.706885660138981,-,14.084978253596525,5.277777777777774,-29.756468797564686,https://nsearchives.nseindia.com/today/EVIETFEQN.svg,https://nsearchives.nseindia.com/30d/EVIETF-EQ.svg,https://nsearchives.nseindia.com/365d/EVIETF-EQ.svg,EQ
HDFCNEXT50,HDFC NIFTY NEXT 50 ETF,76.35,76.4,75.71,76.09,-0.26,-0.34,101344,7712278.4,76.1858,78.07,59.99,20-OCT-23,FACE VALUE SPLIT (SUB-DIVISION) - FROM RS 418.18/- PER SHARE TO RS 41.81/- PER SHARE,10.934538562472664,3.0331753554502496,76.35,0,12.68,4.25,14-Aug-2025,17-Jul-2026,FACE VALUE SPLIT (SUB-DIVISION) - FROM RS 418.18/- PER SHARE TO RS 41.81/- PER SHARE,3.0331753554502496,20-OCT-23,10.934538562472664,2.5361854745740873,-26.83780630105018,https://nsearchives.nseindia.com/today/HDFCNEXT50EQN.svg,https://nsearchives.nseindia.com/30d/HDFCNEXT50-EQ.svg,https://nsearchives.nseindia.com/365d/HDFCNEXT50-EQ.svg,EQ
MAHKTECH,Hang Seng TECH Total Return Index,23.1,23.1,23.1,23.1,-0.16,-0.69,333488,7703572.8,19.59,35.59,21,-,-,-8.187599364069948,-1.3663535439795058,23.26,0,-4.83,-0.77,14-Aug-2025,17-Jul-2026,-,-1.3663535439795058,-,-8.187599364069948,35.094127563922456,-10.000000000000007,https://nsearchives.nseindia.com/today/MAHKTECHEQN.svg,https://nsearchives.nseindia.com/30d/MAHKTECH-EQ.svg,https://nsearchives.nseindia.com/365d/MAHKTECH-EQ.svg,EQ
PSUBANK,Nifty PSU Bank,87.49,87.59,86.1,86.1,-1.28,-1.46,85921,7455365.17,87.1978,101,66.26,10-JUL-26,FACE VALUE SPLIT (SUB-DIVISION) - FROM RS 10/- PER UNIT TO RE 1/- PER UNIT,-87.77388069238742,-0.4278940673065856,87.38,0,-87.54,3.85,14-Aug-2025,17-Jul-2026,FACE VALUE SPLIT (SUB-DIVISION) - FROM RS 10/- PER UNIT TO RE 1/- PER UNIT,-0.4278940673065856,10-JUL-26,-87.77388069238742,14.752475247524757,-29.94265016601266,https://nsearchives.nseindia.com/today/PSUBANKEQN.svg,https://nsearchives.nseindia.com/30d/PSUBANK-EQ.svg,https://nsearchives.nseindia.com/365d/PSUBANK-EQ.svg,EQ
FINIETF,ICICI Prudential Nifty Financial Services Ex-Bank ETF,33.25,33.29,33,33.03,-0.22,-0.66,220406,7299846.72,33.2285,34.56,27.4,-,-,8.508541392904073,1.1948529411764723,33.25,0,11.5,2.21,14-Aug-2025,17-Jul-2026,-,1.1948529411764723,-,8.508541392904073,4.427083333333337,-20.54744525547446,https://nsearchives.nseindia.com/today/FINIETFEQN.svg,https://nsearchives.nseindia.com/30d/FINIETF-EQ.svg,https://nsearchives.nseindia.com/365d/FINIETF-EQ.svg,EQ
BSE500IETF,S&P BSE 500 index,40.01,40.01,39.85,39.87,-0.14,-0.35,179861,7176453.9,39.9211,42.05,34.5,28-OCT-21, FACE VALUE SPLIT (SUB-DIVISION) - FROM RS 10/- PER SHARE TO RE 1/- PER SHARE,3.4509600415153043,1.1672164425272795,40.01,0,4.6,1.83,14-Aug-2025,17-Jul-2026, FACE VALUE SPLIT (SUB-DIVISION) - FROM RS 10/- PER SHARE TO RE 1/- PER SHARE,1.1672164425272795,28-OCT-21,3.4509600415153043,5.184304399524375,-15.56521739130434,https://nsearchives.nseindia.com/today/BSE500IETFEQN.svg,https://nsearchives.nseindia.com/30d/BSE500IETF-EQ.svg,https://nsearchives.nseindia.com/365d/BSE500IETF-EQ.svg,EQ
SBIETFPB,Nifty Private Bank Index,279.84,282,277.57,277.58,-1.44,-0.52,25021,6968348.5,279.449,304.58,244.18,-,-,1.243753875332811,-2.5077268895757383,279.02,0,2.91,-4.19,14-Aug-2025,17-Jul-2026,-,-2.5077268895757383,-,1.243753875332811,8.864666097576992,-13.678433942173797,https://nsearchives.nseindia.com/today/SBIETFPBEQN.svg,https://nsearchives.nseindia.com/30d/SBIETFPB-EQ.svg,https://nsearchives.nseindia.com/365d/SBIETFPB-EQ.svg,EQ
CONSUMBEES,Nifty India Consumption TRI,135.61,135.61,134.02,134.17,-1.06,-0.78,51122,6868240.7,134.6088,144.38,114,-,-,-0.24535315985131043,2.654934965570007,135.23,0,3.01,3.9,14-Aug-2025,17-Jul-2026,-,2.654934965570007,-,-0.24535315985131043,7.071616567391612,-17.69298245614034,https://nsearchives.nseindia.com/today/CONSUMBEESEQN.svg,https://nsearchives.nseindia.com/30d/CONSUMBEES-EQ.svg,https://nsearchives.nseindia.com/365d/CONSUMBEES-EQ.svg,EQ
TOP100CASE,Zerodha Nifty 100 ETF,10.73,10.81,10.6,10.68,-0.05,-0.47,640952,6851776.88,10.7029,11.57,9.48,-,-,0.37593984962405214,0.6597549481621139,10.73,0,2,1.13,14-Aug-2025,17-Jul-2026,-,0.6597549481621139,-,0.37593984962405214,7.692307692307697,-12.658227848101257,https://nsearchives.nseindia.com/today/TOP100CASEEQN.svg,https://nsearchives.nseindia.com/30d/TOP100CASE-EQ.svg,https://nsearchives.nseindia.com/365d/TOP100CASE-EQ.svg,EQ
LICMFGOLD,Gold,139.25,139.25,137.15,137.15,-0.35,-0.25,46672,6424400.8,,162,89.07,06-MAR-26,FACE VALUE SPLIT (SUB-DIVISION) - FROM RS 100/- PER SHARE TO RE 1/- PER SHARE,-98.48537556391186,7.526460211681701,137.5,0,-98.48,8.95,14-Aug-2025,17-Jul-2026,FACE VALUE SPLIT (SUB-DIVISION) - FROM RS 100/- PER SHARE TO RE 1/- PER SHARE,7.526460211681701,06-MAR-26,-98.48537556391186,15.339506172839503,-53.98001571797464,https://nsearchives.nseindia.com/today/LICMFGOLDEQN.svg,https://nsearchives.nseindia.com/30d/LICMFGOLD-EQ.svg,https://nsearchives.nseindia.com/365d/LICMFGOLD-EQ.svg,EQ
SENSEXIETF,SENSEX,892.37,893.6,890,891.05,-5.86,-0.65,7037,6271655.88,894.5581,999.84,731,-,-,-3.921632054516832,-0.14008741454667714,896.91,0,-2.51,0.04,14-Aug-2025,17-Jul-2026,-,-0.14008741454667714,-,-3.921632054516832,10.880740918546975,-21.894664842681255,https://nsearchives.nseindia.com/today/SENSEXIETFEQN.svg,https://nsearchives.nseindia.com/30d/SENSEXIETF-EQ.svg,https://nsearchives.nseindia.com/365d/SENSEXIETF-EQ.svg,EQ
GROWWNIFTY,Nifty 50 Index - TRI,9.94,9.94,9.71,9.9,0.08,0.81,627312,6141384.48,9.8226,11.88,8.93,-,-,-0.4024144869215206,1.4344262295082026,9.82,0,-0.51,0.1,14-Aug-2025,17-Jul-2026,-,1.4344262295082026,-,-0.4024144869215206,16.66666666666667,-10.862262038073915,https://nsearchives.nseindia.com/today/GROWWNIFTYEQN.svg,https://nsearchives.nseindia.com/30d/GROWWNIFTY-EQ.svg,https://nsearchives.nseindia.com/365d/GROWWNIFTY-EQ.svg,EQ
GILT5YBEES,Nifty 5 yr Benchmark G-Sec Index,66.25,66.37,66.11,66.21,-0.05,-0.08,91103,6031929.63,66.2878,67.84,61.45,-,-,5.969910371318817,0.531430306711197,66.26,0,5.97,0.55,14-Aug-2025,17-Jul-2026,-,0.531430306711197,-,5.969910371318817,2.4027122641509577,-7.746135069161905,https://nsearchives.nseindia.com/today/GILT5YBEESEQN.svg,https://nsearchives.nseindia.com/30d/GILT5YBEES-EQ.svg,https://nsearchives.nseindia.com/365d/GILT5YBEES-EQ.svg,EQ
NIFTYCASE,Nifty Index 50 Index,10.02,10.02,9.71,9.75,-0.03,-0.31,616924,6002670.52,9.7572,11.4,8.84,-,-,Infinity,0.5154639175257806,9.78,0,0,0.51,,17-Jul-2026,-,0.5154639175257806,-,Infinity,14.473684210526319,-10.294117647058826,https://nsearchives.nseindia.com/today/NIFTYCASEEQN.svg,https://nsearchives.nseindia.com/30d/NIFTYCASE-EQ.svg,,EQ
HDFCNIMEG,Nifty Metal Index TRI,131.18,131.18,130.14,130.83,-0.96,-0.73,44618,5828003.16,130.9628,152.55,126.96,-,-,Infinity,Infinity,131.79,0,0,0,,,-,Infinity,-,Infinity,14.237954768928219,-3.048204158790185,https://nsearchives.nseindia.com/today/HDFCNIMEGEQN.svg,,,EQ
GOLDBND,Commodity - Gold,152.21,153.9,151.81,152.4,-0.43,-0.28,36440,5565845.6,152.6055,180.16,115.17,-,-,Infinity,7.718405428329104,152.83,0,0,9.05,,17-Jul-2026,-,7.718405428329104,-,Infinity,15.408525754884542,-32.32612659546757,https://nsearchives.nseindia.com/today/GOLDBNDEQN.svg,https://nsearchives.nseindia.com/30d/GOLDBND-EQ.svg,,EQ
PSUBNKIETF,ICICI Prudential Nifty PSU Bank ETF,88.47,88.79,87.21,87.97,-0.61,-0.69,59958,5263712.82,88.357,104,67.86,-,-,23.536020221878957,0.7674684994272643,88.58,0,24.38,4.3,14-Aug-2025,17-Jul-2026,-,0.7674684994272643,-,23.536020221878957,15.413461538461538,-29.63454170350722,https://nsearchives.nseindia.com/today/PSUBNKIETFEQN.svg,https://nsearchives.nseindia.com/30d/PSUBNKIETF-EQ.svg,https://nsearchives.nseindia.com/365d/PSUBNKIETF-EQ.svg,EQ
INFRAIETF,ICICI Prudential Nifty Infrastructure ETF,97.92,97.92,96.01,96.14,-0.81,-0.84,52752,5094260.64,96.9894,101,86.8,-,-,3.431952662721891,-1.1413881748071975,96.95,0,4.73,0.44,14-Aug-2025,17-Jul-2026,-,-1.1413881748071975,-,3.431952662721891,4.811881188118812,-10.760368663594475,https://nsearchives.nseindia.com/today/INFRAIETFEQN.svg,https://nsearchives.nseindia.com/30d/INFRAIETF-EQ.svg,https://nsearchives.nseindia.com/365d/INFRAIETF-EQ.svg,EQ
SHARIABEES,Shariah,470.92,470.92,459.03,462,-4.26,-0.91,10637,4895785.62,463.6633,534.61,433.68,10-MAR-14,DIVIDEND-RS.2 PER UNIT,-6.7570840397190635,0.6097560975609781,466.26,0,-5.1,1.82,14-Aug-2025,17-Jul-2026,DIVIDEND-RS.2 PER UNIT,0.6097560975609781,10-MAR-14,-6.7570840397190635,13.581863414451659,-6.530160486995017,https://nsearchives.nseindia.com/today/SHARIABEESEQN.svg,https://nsearchives.nseindia.com/30d/SHARIABEES-EQ.svg,https://nsearchives.nseindia.com/365d/SHARIABEES-EQ.svg,EQ
EBBETF0433,BHARAT Bond ETF-April 2033,1316.55,1318,1311.27,1313.22,-3.17,-0.24,3703,4871407.59,1317.8582,1345.89,1242.87,-,-,5.20067291516463,0.09756543744378346,1316.39,0,5.41,0.15,14-Aug-2025,17-Jul-2026,-,0.09756543744378346,-,5.20067291516463,2.427390054164907,-5.6602862729006365,https://nsearchives.nseindia.com/today/EBBETF0433EQN.svg,https://nsearchives.nseindia.com/30d/EBBETF0433-EQ.svg,https://nsearchives.nseindia.com/365d/EBBETF0433-EQ.svg,EQ
GROWWRLTY,Index,10.4,10.48,9.77,10.1,-0.1,-0.98,459069,4632006.21,10.1949,11.3,7.17,-,-,Infinity,-1.7509727626459117,10.2,0,0,-0.97,,17-Jul-2026,-,-1.7509727626459117,-,Infinity,10.619469026548682,-40.86471408647141,https://nsearchives.nseindia.com/today/GROWWRLTYEQN.svg,https://nsearchives.nseindia.com/30d/GROWWRLTY-EQ.svg,,EQ
EQUAL50,Nifty50 Equal Weight,335.37,335.42,333.88,334.23,-2.57,-0.76,13628,4561700.44,335.6928,342.88,295.16,-,-,5.249401687870014,0.48705691350230135,336.8,0,7.6,1.83,14-Aug-2025,17-Jul-2026,-,0.48705691350230135,-,5.249401687870014,2.522748483434431,-13.236888467271983,https://nsearchives.nseindia.com/today/EQUAL50EQN.svg,https://nsearchives.nseindia.com/30d/EQUAL50-EQ.svg,https://nsearchives.nseindia.com/365d/EQUAL50-EQ.svg,EQ
MIDCAP,Nifty Midcap 50 Index,18.71,18.88,18.58,18.67,-0.04,-0.21,234519,4371434.16,18.6823,19.27,15.01,27-FEB-26,FACE VALUE SPLIT (SUB-DIVISION) - FROM RS 10/- PER SHARE TO RE 1/- PER SHARE,-88.69375643432446,1.0828370330265449,18.71,0,-88.46,2.41,14-Aug-2025,17-Jul-2026,FACE VALUE SPLIT (SUB-DIVISION) - FROM RS 10/- PER SHARE TO RE 1/- PER SHARE,1.0828370330265449,27-FEB-26,-88.69375643432446,3.1136481577581625,-24.383744170552976,https://nsearchives.nseindia.com/today/MIDCAPEQN.svg,https://nsearchives.nseindia.com/30d/MIDCAP-EQ.svg,https://nsearchives.nseindia.com/365d/MIDCAP-EQ.svg,EQ
MOVALUE,Motilal Oswal S&P BSE Enhanced Value ETF,114.65,114.65,113.5,113.98,-0.5,-0.44,37679,4295406,114.5342,128.77,98.1,-,-,12.18503937007875,-1.1705540622561297,114.48,0,13.01,0.5,14-Aug-2025,17-Jul-2026,-,-1.1705540622561297,-,12.18503937007875,11.485594470761828,-16.1875637104995,https://nsearchives.nseindia.com/today/MOVALUEEQN.svg,https://nsearchives.nseindia.com/30d/MOVALUE-EQ.svg,https://nsearchives.nseindia.com/365d/MOVALUE-EQ.svg,EQ
INFRABEES,Nifty Infra,977.8,977.8,970.36,972.51,-5.28,-0.54,4375,4257618.75,974.3114,1018.3,871.35,-,-,3.774249311735707,-0.15810276679841526,977.79,0,5.4,1.08,14-Aug-2025,17-Jul-2026,-,-0.15810276679841526,-,3.774249311735707,4.496710203279973,-11.60957135479428,https://nsearchives.nseindia.com/today/INFRABEESEQN.svg,https://nsearchives.nseindia.com/30d/INFRABEES-EQ.svg,https://nsearchives.nseindia.com/365d/INFRABEES-EQ.svg,EQ
CONSUMER,Nifty India New AgeConsumption,12.28,12.29,12.2,12.2,-0.08,-0.65,343641,4195856.61,12.2689,12.87,9.69,-,-,1.7514595496246794,3.3022861981371614,12.28,0,5.14,4.33,14-Aug-2025,17-Jul-2026,-,3.3022861981371614,-,1.7514595496246794,5.205905205905206,-25.90299277605779,https://nsearchives.nseindia.com/today/CONSUMEREQN.svg,https://nsearchives.nseindia.com/30d/CONSUMER-EQ.svg,https://nsearchives.nseindia.com/365d/CONSUMER-EQ.svg,EQ
NV20IETF,Nifty50 Value 20,13.85,13.85,13.6,13.6,-0.13,-0.95,305133,4165065.45,13.6819,16,12.5,01-MAR-24,FACE VALUE SPLIT (SUB-DIVISION) - FROM RS 10/- PER SHARE TO RE 1/- PER SHARE,-4.828551434569626,-1.8050541516245489,13.73,0,-3.31,-1.22,14-Aug-2025,17-Jul-2026,FACE VALUE SPLIT (SUB-DIVISION) - FROM RS 10/- PER SHARE TO RE 1/- PER SHARE,-1.8050541516245489,01-MAR-24,-4.828551434569626,15.000000000000002,-8.799999999999997,https://nsearchives.nseindia.com/today/NV20IETFEQN.svg,https://nsearchives.nseindia.com/30d/NV20IETF-EQ.svg,https://nsearchives.nseindia.com/365d/NV20IETF-EQ.svg,EQ
HDFCPSUBK,HDFC NIFTY PSU BANK ETF,87,88.51,86.98,86.98,-0.95,-1.08,46940,4117576.8,88.1191,101.25,67.98,-,-,22.386379625721137,-0.1263061201056372,87.93,0,24.09,4.01,14-Aug-2025,17-Jul-2026,-,-0.1263061201056372,-,22.386379625721137,14.093827160493822,-27.949396881435714,https://nsearchives.nseindia.com/today/HDFCPSUBKEQN.svg,https://nsearchives.nseindia.com/30d/HDFCPSUBK-EQ.svg,https://nsearchives.nseindia.com/365d/HDFCPSUBK-EQ.svg,EQ
HDFCPVTBAN,HDFC NIFTY Private Bank ETF,28.76,28.76,27.78,27.78,-0.28,-1.00,147629,4108515.07,27.879,30.17,24.31,02-FEB-24,FACE VALUE SPLIT (SUB-DIVISION) - FROM RS 216.75/- PER SHARE TO RS 21.675/- PER SHARE,1.535087719298252,-2.3206751054852326,28.06,0,3.39,-3.41,14-Aug-2025,17-Jul-2026,FACE VALUE SPLIT (SUB-DIVISION) - FROM RS 216.75/- PER SHARE TO RS 21.675/- PER SHARE,-2.3206751054852326,02-FEB-24,1.535087719298252,7.9217765992708005,-14.273961332784872,https://nsearchives.nseindia.com/today/HDFCPVTBANEQN.svg,https://nsearchives.nseindia.com/30d/HDFCPVTBAN-EQ.svg,https://nsearchives.nseindia.com/365d/HDFCPVTBAN-EQ.svg,EQ
MOGOLD,Domestic Price of Physical Gold,151.5,151.55,150.85,151,0.15,0.10,26884,4064054.28,151.1252,175,96.3,-,-,51.37844611528822,7.934238741958538,150.85,0,50.55,8.64,14-Aug-2025,17-Jul-2026,-,7.934238741958538,-,51.37844611528822,13.714285714285714,-56.80166147455867,https://nsearchives.nseindia.com/today/MOGOLDEQN.svg,https://nsearchives.nseindia.com/30d/MOGOLD-EQ.svg,https://nsearchives.nseindia.com/365d/MOGOLD-EQ.svg,EQ
MOMIDMTM,Nifty Midcap 150 Momentum 50 Total Return Index,65.28,65.8,64.8,65.29,0.01,0.02,59319,3857514.57,65.0324,70,54.78,-,-,4.698524695317523,3.176359039190906,65.28,0,5.84,3.29,14-Aug-2025,17-Jul-2026,-,3.176359039190906,-,4.698524695317523,6.72857142857142,-19.185834246075217,https://nsearchives.nseindia.com/today/MOMIDMTMEQN.svg,https://nsearchives.nseindia.com/30d/MOMIDMTM-EQ.svg,https://nsearchives.nseindia.com/365d/MOMIDMTM-EQ.svg,EQ
AONESILVER,Domestic price of Silver,9.15,9.15,8.84,8.85,-0.08,-0.90,424906,3764667.16,8.9303,12,7.43,-,-,Infinity,6.242496998799514,8.93,0,0,9.04,,17-Jul-2026,-,6.242496998799514,-,Infinity,26.250000000000004,-19.11170928667564,https://nsearchives.nseindia.com/today/AONESILVEREQN.svg,https://nsearchives.nseindia.com/30d/AONESILVER-EQ.svg,,EQ
MIDSELIETF,S&P BSE Midcap Select Index,19.95,19.98,19.82,19.91,-0.04,-0.20,189458,3764530.46,19.9013,20.19,14.55,10-MAY-24,FACE VALUE SPLIT (SUB-DIVISION) - FROM RS 10/- PER SHARE TO RE 1/- PER SHARE,15.15326778484674,2.575991756826378,19.95,0,16.46,2.94,14-Aug-2025,17-Jul-2026,FACE VALUE SPLIT (SUB-DIVISION) - FROM RS 10/- PER SHARE TO RE 1/- PER SHARE,2.575991756826378,10-MAY-24,15.15326778484674,1.3868251609707831,-36.83848797250859,https://nsearchives.nseindia.com/today/MIDSELIETFEQN.svg,https://nsearchives.nseindia.com/30d/MIDSELIETF-EQ.svg,https://nsearchives.nseindia.com/365d/MIDSELIETF-EQ.svg,EQ
SBIETFIT,Nifty IT Index,339.85,340.15,335.31,337.09,-4.76,-1.39,11036,3716924.8,341.8639,439.27,285,-,-,-10.78734947730582,4.229924863176756,341.85,0,-10,5.4,14-Aug-2025,17-Jul-2026,-,4.229924863176756,-,-10.78734947730582,23.26131991713525,-18.277192982456132,https://nsearchives.nseindia.com/today/SBIETFITEQN.svg,https://nsearchives.nseindia.com/30d/SBIETFIT-EQ.svg,https://nsearchives.nseindia.com/365d/SBIETFIT-EQ.svg,EQ
SBIBPB,BSE PSU Bank Index TRI,51.65,51.65,49.55,50.15,-0.5,-0.99,73923,3710195.37,50.547,58.27,38.53,-,-,22.01946472019464,0.8242862887012395,50.65,0,24.26,4.65,14-Aug-2025,17-Jul-2026,-,0.8242862887012395,-,22.01946472019464,13.935129569246618,-30.158318193615358,https://nsearchives.nseindia.com/today/SBIBPBEQN.svg,https://nsearchives.nseindia.com/30d/SBIBPB-EQ.svg,https://nsearchives.nseindia.com/365d/SBIBPB-EQ.svg,EQ
PSUBANKADD,DSP Nifty PSU Bank ETF,88.09,88.36,87.25,87.29,-1.08,-1.22,41288,3618480.32,88.0699,99.88,67.8,-,-,22.78801519201013,0.2987475583132312,88.37,0,25.19,4.46,14-Aug-2025,17-Jul-2026,-,0.2987475583132312,-,22.78801519201013,12.605126151381647,-28.746312684365797,https://nsearchives.nseindia.com/today/PSUBANKADDEQN.svg,https://nsearchives.nseindia.com/30d/PSUBANKADD-EQ.svg,https://nsearchives.nseindia.com/365d/PSUBANKADD-EQ.svg,EQ
HDFCMOMENT,HDFC NIFTY200 Momentum 30 ETF,31.53,31.56,31.26,31.26,-0.21,-0.67,108742,3417761.06,31.4574,33.23,27.13,20-OCT-23,FACE VALUE SPLIT (SUB-DIVISION) - FROM RS 190.61/- PER SHARE TO RS 19.061/- PER SHARE,0.8712487899322463,1.592460188495294,31.47,0,3.18,3.15,14-Aug-2025,17-Jul-2026,FACE VALUE SPLIT (SUB-DIVISION) - FROM RS 190.61/- PER SHARE TO RS 19.061/- PER SHARE,1.592460188495294,20-OCT-23,0.8712487899322463,5.928377971712295,-15.22300036859566,https://nsearchives.nseindia.com/today/HDFCMOMENTEQN.svg,https://nsearchives.nseindia.com/30d/HDFCMOMENT-EQ.svg,https://nsearchives.nseindia.com/365d/HDFCMOMENT-EQ.svg,EQ
MOENERGY,Nifty Energy Index,39.19,39.19,38.66,38.91,0.03,0.08,85552,3324550.72,38.8065,43,33,-,-,Infinity,-2.1378269617706276,38.88,0,0,-1.04,,17-Jul-2026,-,-2.1378269617706276,-,Infinity,9.511627906976752,-17.9090909090909,https://nsearchives.nseindia.com/today/MOENERGYEQN.svg,https://nsearchives.nseindia.com/30d/MOENERGY-EQ.svg,,EQ
HEALTHY,Nifty Healthcare TRI,17.19,17.19,16.9,16.99,0,0.00,193066,3270538.04,16.9121,17.67,13.58,-,-,13.11584553928095,0.17688679245281594,16.99,0,13.19,1.61,14-Aug-2025,17-Jul-2026,-,0.17688679245281594,-,13.11584553928095,3.8483305036785693,-25.110456553755512,https://nsearchives.nseindia.com/today/HEALTHYEQN.svg,https://nsearchives.nseindia.com/30d/HEALTHY-EQ.svg,https://nsearchives.nseindia.com/365d/HEALTHY-EQ.svg,EQ
COMMOIETF,ICICI Prudential Nifty Commodities ETF,101.24,101.24,99.5,99.5,-0.74,-0.74,32633,3265910.64,100.308,110.56,86.79,-,-,11.584613659302454,-1.5144016628724153,100.24,0,13.92,0.24,14-Aug-2025,17-Jul-2026,-,-1.5144016628724153,-,11.584613659302454,10.003617945007237,-14.64454430233897,https://nsearchives.nseindia.com/today/COMMOIETFEQN.svg,https://nsearchives.nseindia.com/30d/COMMOIETF-EQ.svg,https://nsearchives.nseindia.com/365d/COMMOIETF-EQ.svg,EQ
EGOLD,Edelweiss Gold ETF,152.05,153.15,152,152.45,-0.4,-0.26,19939,3047875.54,152.6916,184.95,98.8,-,-,52.06982543640897,7.852847541563492,152.85,0,52.09,9.1,14-Aug-2025,17-Jul-2026,-,7.852847541563492,-,52.06982543640897,17.572316842389835,-54.301619433198375,https://nsearchives.nseindia.com/today/EGOLDEQN.svg,https://nsearchives.nseindia.com/30d/EGOLD-EQ.svg,https://nsearchives.nseindia.com/365d/EGOLD-EQ.svg,EQ
MONQ50,Nasdaq Q-50 Total Return Index,151.2,151.2,151.2,151.2,-0.2,-0.13,19945,3015684,126.3775,151.4,79.02,-,-,88.74048183747347,7.142857142857132,151.4,0,89.3,5.93,14-Aug-2025,17-Jul-2026,-,7.142857142857132,-,88.74048183747347,0.13210039630120016,-91.34396355353074,https://nsearchives.nseindia.com/today/MONQ50EQN.svg,https://nsearchives.nseindia.com/30d/MONQ50-EQ.svg,https://nsearchives.nseindia.com/365d/MONQ50-EQ.svg,EQ
SILVERBND,Commodity - Silver,237.15,237.15,232,232,-2.8,-1.19,12906,3001935.6,234.2231,389,180,-,-,Infinity,6.061991405321382,234.8,0,0,9.13,,17-Jul-2026,-,6.061991405321382,-,Infinity,40.3598971722365,-28.88888888888889,https://nsearchives.nseindia.com/today/SILVERBNDEQN.svg,https://nsearchives.nseindia.com/30d/SILVERBND-EQ.svg,,EQ
GROWWNET,Index,10.84,10.84,10.5,10.56,-0.09,-0.85,273605,2886532.75,10.5817,11.4,7.93,-,-,-0.7518796992481209,6.559031281533807,10.65,0,0.47,6.82,14-Aug-2025,17-Jul-2026,-,6.559031281533807,-,-0.7518796992481209,7.368421052631578,-33.16519546027744,https://nsearchives.nseindia.com/today/GROWWNETEQN.svg,https://nsearchives.nseindia.com/30d/GROWWNET-EQ.svg,https://nsearchives.nseindia.com/365d/GROWWNET-EQ.svg,EQ
GROWWCAPM,Nifty Capital Markets Index,11.2,11.26,11.08,11.23,-0.02,-0.18,256075,2860357.75,11.2187,12.66,8.02,-,-,Infinity,-1.921397379912654,11.25,0,0,-1.32,,17-Jul-2026,-,-1.921397379912654,-,Infinity,11.295418641390203,-40.02493765586036,https://nsearchives.nseindia.com/today/GROWWCAPMEQN.svg,https://nsearchives.nseindia.com/30d/GROWWCAPM-EQ.svg,,EQ
VALUE,Nifty 500 Value 50,16.24,16.6,15.93,16.14,-0.1,-0.62,168596,2736313.08,16.211,19.69,14.83,-,-,Infinity,-0.37037037037036247,16.24,0,0,1.44,,17-Jul-2026,-,-0.37037037037036247,-,Infinity,18.02945657694261,-8.833445718138911,https://nsearchives.nseindia.com/today/VALUEEQN.svg,https://nsearchives.nseindia.com/30d/VALUE-EQ.svg,,EQ
ELM250,Nifty LargeMidcap 250 TRI,17.58,17.58,16.77,16.95,-0.21,-1.22,154976,2619094.4,16.8459,19.2,14.43,-,-,Infinity,2.2933011466505673,17.16,0,0,3.06,,17-Jul-2026,-,2.2933011466505673,-,Infinity,11.71875,-17.46361746361746,https://nsearchives.nseindia.com/today/ELM250EQN.svg,https://nsearchives.nseindia.com/30d/ELM250-EQ.svg,,EQ
SENSEXETF,Mirae Asset S&P BSE Sensex ETF,80.31,80.31,79.74,79.81,-0.51,-0.63,32090,2568483.6,80.2792,88.7,73.33,-,-,-4.350431447746879,-0.3993510545363699,80.32,0,-2.78,-0.11,14-Aug-2025,17-Jul-2026,-,-0.3993510545363699,-,-4.350431447746879,10.022547914317926,-8.836765307513984,https://nsearchives.nseindia.com/today/SENSEXETFEQN.svg,https://nsearchives.nseindia.com/30d/SENSEXETF-EQ.svg,https://nsearchives.nseindia.com/365d/SENSEXETF-EQ.svg,EQ
MOMOMENTUM,Nifty 200 Momentum 30 Total Return Index,64,64,62.83,63.09,-0.02,-0.03,40332,2538496.08,63.0901,66.28,54.32,11-AUG-22,FACE VALUE SPLIT (SUB-DIVISION) - FROM RS 10/- PER UNIT TO RS 2/- PER UNIT,1.186848436246996,2.385589094449864,63.11,0,2.77,3.02,14-Aug-2025,17-Jul-2026,FACE VALUE SPLIT (SUB-DIVISION) - FROM RS 10/- PER UNIT TO RS 2/- PER UNIT,2.385589094449864,11-AUG-22,1.186848436246996,4.81291490645745,-16.145066273932258,https://nsearchives.nseindia.com/today/MOMOMENTUMEQN.svg,https://nsearchives.nseindia.com/30d/MOMOMENTUM-EQ.svg,https://nsearchives.nseindia.com/365d/MOMOMENTUM-EQ.svg,EQ
MOMENTUM30,Nifty 200 Momentum 30 Index,31.27,31.28,31.07,31.28,0.01,0.03,80449,2510008.8,31.165,37.38,26.91,-,-,Infinity,2.7595269382391585,31.27,0,0,3.82,,17-Jul-2026,-,2.7595269382391585,-,Infinity,16.318887105403963,-16.239316239316242,https://nsearchives.nseindia.com/today/MOMENTUM30EQN.svg,https://nsearchives.nseindia.com/30d/MOMENTUM30-EQ.svg,,EQ
TWCGOLDETF,Commodity,152.18,152.62,151.93,152.29,-0.04,-0.03,16170,2466733.5,152.0296,187.98,123.31,-,-,Infinity,7.808296757751664,152.33,0,0,8.88,,17-Jul-2026,-,7.808296757751664,-,Infinity,18.986062347058198,-23.501743573108417,https://nsearchives.nseindia.com/today/TWCGOLDETFEQN.svg,https://nsearchives.nseindia.com/30d/TWCGOLDETF-EQ.svg,,EQ
ITADD,DSP Nifty IT ETF,32.77,33,32.01,32.24,-0.53,-1.62,76465,2465231.6,32.6963,41.92,27.17,-,-,Infinity,4.168012924071092,32.77,0,0,5.78,,17-Jul-2026,-,4.168012924071092,-,Infinity,23.091603053435115,-18.66028708133971,https://nsearchives.nseindia.com/today/ITADDEQN.svg,https://nsearchives.nseindia.com/30d/ITADD-EQ.svg,,EQ
AONEGOLD,Domestic price of Gold,14.25,14.3,14.22,14.28,0.03,0.21,172094,2455781.38,14.2736,17.73,10,-,-,Infinity,8.018154311649006,14.25,0,0,8.78,,17-Jul-2026,-,8.018154311649006,-,Infinity,19.458544839255506,-42.8,https://nsearchives.nseindia.com/today/AONEGOLDEQN.svg,https://nsearchives.nseindia.com/30d/AONEGOLD-EQ.svg,,EQ
ABSLBANETF,Nifty Bank,59.65,59.65,58.77,59,-0.27,-0.46,41503,2445771.79,59.0361,64.94,50.97,25-NOV-21, FACE VALUE SPLIT (SUB-DIVISION) - FROM RS 10/- PER SHARE TO RE 1/- PER SHARE,3.418054338299742,-0.8236678433350176,59.27,0,4.7,-1.05,14-Aug-2025,17-Jul-2026, FACE VALUE SPLIT (SUB-DIVISION) - FROM RS 10/- PER SHARE TO RE 1/- PER SHARE,-0.8236678433350176,25-NOV-21,3.418054338299742,9.146904835232519,-15.754365312929176,https://nsearchives.nseindia.com/today/ABSLBANETFEQN.svg,https://nsearchives.nseindia.com/30d/ABSLBANETF-EQ.svg,https://nsearchives.nseindia.com/365d/ABSLBANETF-EQ.svg,EQ
BANKBETF,Bajaj Finserv Nifty Bank ETF,58.72,58.72,58.16,58.25,-0.51,-0.87,41255,2411767.3,58.5341,63.9,50.71,-,-,3.206945428773923,-1.271186440677966,58.76,0,4.95,-1.08,14-Aug-2025,17-Jul-2026,-,-1.271186440677966,-,3.206945428773923,8.841940532081376,-14.868862157365408,https://nsearchives.nseindia.com/today/BANKBETFEQN.svg,https://nsearchives.nseindia.com/30d/BANKBETF-EQ.svg,https://nsearchives.nseindia.com/365d/BANKBETF-EQ.svg,EQ
GROWWMETAL,Nifty Metal Index,12.5,12.51,12.3,12.31,-0.11,-0.89,192173,2388710.39,12.4905,13.45,10.03,-,-,Infinity,3.2718120805369177,12.42,0,0,4.9,,17-Jul-2026,-,3.2718120805369177,-,Infinity,8.475836431226758,-22.73180458624129,https://nsearchives.nseindia.com/today/GROWWMETALEQN.svg,https://nsearchives.nseindia.com/30d/GROWWMETAL-EQ.svg,,EQ
MOQUALITY,Motilal Oswal S&P BSE Quality ETF,204.77,204.77,202,203.88,-1.02,-0.50,11534,2343593.46,204.7034,225.6,176.15,-,-,7.018004304236001,1.0808130887456653,204.9,0,9.2,2.13,14-Aug-2025,17-Jul-2026,-,1.0808130887456653,-,7.018004304236001,9.627659574468085,-15.742265114958837,https://nsearchives.nseindia.com/today/MOQUALITYEQN.svg,https://nsearchives.nseindia.com/30d/MOQUALITY-EQ.svg,https://nsearchives.nseindia.com/365d/MOQUALITY-EQ.svg,EQ
MOGSEC,Nifty 5 yr Benchmark G-Sec Index,65.82,65.9,65.28,65.74,0.24,0.37,35586,2324477.52,65.4424,67.33,60.18,-,-,6.152107217826571,1.247497304789755,65.5,0,5.37,0.6,14-Aug-2025,17-Jul-2026,-,1.247497304789755,-,6.152107217826571,2.3615030447051883,-9.238949817215014,https://nsearchives.nseindia.com/today/MOGSECEQN.svg,https://nsearchives.nseindia.com/30d/MOGSEC-EQ.svg,https://nsearchives.nseindia.com/365d/MOGSEC-EQ.svg,EQ
SMALL250,Nifty Smallcap 250,18.48,18.48,18.35,18.43,0.02,0.11,125842,2315492.8,18.3719,19.95,14.16,-,-,Infinity,1.992252351964579,18.41,0,0,2.05,,17-Jul-2026,-,1.992252351964579,-,Infinity,7.619047619047617,-30.155367231638415,https://nsearchives.nseindia.com/today/SMALL250EQN.svg,https://nsearchives.nseindia.com/30d/SMALL250-EQ.svg,,EQ
INTERNET,Equity Index,14.28,14.3,14.2,14.2,-0.15,-1.05,161334,2295782.82,14.2925,15.2,10.72,-,-,-1.0452961672473893,5.733432613551747,14.35,0,0.56,6.77,14-Aug-2025,17-Jul-2026,-,5.733432613551747,-,-1.0452961672473893,6.578947368421053,-32.46268656716417,https://nsearchives.nseindia.com/today/INTERNETEQN.svg,https://nsearchives.nseindia.com/30d/INTERNET-EQ.svg,https://nsearchives.nseindia.com/365d/INTERNET-EQ.svg,EQ
LTGILTCASE,Nifty 8-13 Yr G-Sec Index,31.23,31.23,30.54,30.61,-0.01,-0.03,74756,2286786.04,30.6067,31.31,28.71,-,-,Infinity,0.45946832950443245,30.62,0,0,0.39,,17-Jul-2026,-,0.45946832950443245,-,Infinity,2.235707441711911,-6.6179031696273025,https://nsearchives.nseindia.com/today/LTGILTCASEEQN.svg,https://nsearchives.nseindia.com/30d/LTGILTCASE-EQ.svg,,EQ
MIDQ50ADD,Nifty Midcap 150 Quality 50 Index,25.61,25.61,25.43,25.6,-0.05,-0.19,88954,2265658.38,25.6046,25.97,21,03-JUL-26,FACE VALUE SPLIT (SUB-DIVISION) - FROM RS 10/- PER UNIT TO RE 1/- PER UNIT,-89.63646668285968,2.605210420841692,25.65,0,-89.51,3.76,14-Aug-2025,17-Jul-2026,FACE VALUE SPLIT (SUB-DIVISION) - FROM RS 10/- PER UNIT TO RE 1/- PER UNIT,2.605210420841692,03-JUL-26,-89.63646668285968,1.4247208317289082,-21.90476190476191,https://nsearchives.nseindia.com/today/MIDQ50ADDEQN.svg,https://nsearchives.nseindia.com/30d/MIDQ50ADD-EQ.svg,https://nsearchives.nseindia.com/365d/MIDQ50ADD-EQ.svg,EQ
VAL30IETF,Nifty200 Value 30 Index,15.77,15.77,15.25,15.28,-0.11,-0.71,143803,2200185.9,15.3394,17.7,12.27,-,-,17.719568567026183,-1.2281835811247659,15.39,0,19.03,0.65,14-Aug-2025,17-Jul-2026,-,-1.2281835811247659,-,17.719568567026183,13.67231638418079,-24.531377343113284,https://nsearchives.nseindia.com/today/VAL30IETFEQN.svg,https://nsearchives.nseindia.com/30d/VAL30IETF-EQ.svg,https://nsearchives.nseindia.com/365d/VAL30IETF-EQ.svg,EQ
ECAPINSURE,BSE Capital Markets & Insurance Total Return Index,23.89,23.89,23.65,23.85,-0.04,-0.17,83425,1982178,23.877,25.88,20.5,-,-,0.9737510584250653,-1.2013256006627968,23.89,0,3.15,-0.21,14-Aug-2025,17-Jul-2026,-,-1.2013256006627968,-,0.9737510584250653,7.843894899536313,-16.341463414634152,https://nsearchives.nseindia.com/today/ECAPINSUREEQN.svg,https://nsearchives.nseindia.com/30d/ECAPINSURE-EQ.svg,https://nsearchives.nseindia.com/365d/ECAPINSURE-EQ.svg,EQ
BFSI,Nifty Financial Services Index,27.44,27.45,27.15,27.21,-0.1,-0.37,71924,1957052.04,27.2801,29.94,24.03,-,-,-1.1264534883720885,-1.5913200723327223,27.31,0,0.22,-2.36,14-Aug-2025,17-Jul-2026,-,-1.5913200723327223,-,-1.1264534883720885,9.118236472945894,-13.2334581772784,https://nsearchives.nseindia.com/today/BFSIEQN.svg,https://nsearchives.nseindia.com/30d/BFSI-EQ.svg,https://nsearchives.nseindia.com/365d/BFSI-EQ.svg,EQ
EBBETF0431,Nifty BHARAT Bond,1443.19,1443.96,1441.1,1441.15,-2.04,-0.14,1346,1940582.04,1443.0377,1469,1363,-,-,5.404239135204723,0.3949898291860613,1443.19,0,5.57,0.47,14-Aug-2025,17-Jul-2026,-,0.3949898291860613,-,5.404239135204723,1.8958475153165357,-5.733675715333829,https://nsearchives.nseindia.com/today/EBBETF0431EQN.svg,https://nsearchives.nseindia.com/30d/EBBETF0431-EQ.svg,https://nsearchives.nseindia.com/365d/EBBETF0431-EQ.svg,EQ
MOLOWVOL,Nifty Midcap 100 TRI,36.28,37.1,36.28,36.97,-0.25,-0.67,50377,1854377.37,37.0121,43.07,33.52,11-AUG-22,FACE VALUE SPLIT (SUB-DIVISION) - FROM RS 10/- PER UNIT TO RS 2/- PER UNIT,-2.0402755696873425,-0.18898488120950402,37.22,0,0.13,0.59,14-Aug-2025,17-Jul-2026,FACE VALUE SPLIT (SUB-DIVISION) - FROM RS 10/- PER UNIT TO RS 2/- PER UNIT,-0.18898488120950402,11-AUG-22,-2.0402755696873425,14.162990480612958,-10.292362768496405,https://nsearchives.nseindia.com/today/MOLOWVOLEQN.svg,https://nsearchives.nseindia.com/30d/MOLOWVOL-EQ.svg,https://nsearchives.nseindia.com/365d/MOLOWVOL-EQ.svg,EQ
MNC,Kotak Nifty MNC ETF,34.74,34.74,34.48,34.5,-0.26,-0.75,52636,1819626.52,34.649,35.65,27.83,-,-,16.31827376938638,3.108188882247457,34.76,0,20.07,4.1,14-Aug-2025,17-Jul-2026,-,3.108188882247457,-,16.31827376938638,3.2258064516128995,-23.96694214876034,https://nsearchives.nseindia.com/today/MNCEQN.svg,https://nsearchives.nseindia.com/30d/MNC-EQ.svg,https://nsearchives.nseindia.com/365d/MNC-EQ.svg,EQ
ITAXIS,NIFTY IT Index,340,340,332.48,335,-6.65,-1.95,5403,1805574.54,339.7256,439.67,230.7,-,-,Infinity,4.024344801887958,341.65,0,0,6.53,,17-Jul-2026,-,4.024344801887958,-,Infinity,23.806491232060413,-45.210229735587355,https://nsearchives.nseindia.com/today/ITAXISEQN.svg,https://nsearchives.nseindia.com/30d/ITAXIS-EQ.svg,,EQ
MOHEALTH,Motilal Oswal S&P BSE Healthcare ETF,51.41,51.82,51.2,51.35,-0.06,-0.12,34988,1803281.52,51.4564,53,40.79,-,-,13.984461709211997,0.17557549746391615,51.41,0,14.07,2.02,14-Aug-2025,17-Jul-2026,-,0.17557549746391615,-,13.984461709211997,3.1132075471698086,-25.88869821034568,https://nsearchives.nseindia.com/today/MOHEALTHEQN.svg,https://nsearchives.nseindia.com/30d/MOHEALTH-EQ.svg,https://nsearchives.nseindia.com/365d/MOHEALTH-EQ.svg,EQ
NEXT50ETF,Nifty Next 50 Index,76.34,76.34,74.45,75.13,-0.84,-1.11,23367,1757432.07,75.051,78,60.15,-,-,Infinity,3.143876990664459,75.97,0,0,5.08,,17-Jul-2026,-,3.143876990664459,-,Infinity,3.6794871794871855,-24.904405652535324,https://nsearchives.nseindia.com/today/NEXT50ETFEQN.svg,https://nsearchives.nseindia.com/30d/NEXT50ETF-EQ.svg,,EQ
GOLD360,Commodity-Gold,148.9,149.4,148.9,148.95,0.05,0.03,11623,1732756.84,149.1771,178,87.85,-,-,51.989795918367335,7.739602169981908,148.9,0,50.86,9.12,14-Aug-2025,17-Jul-2026,-,7.739602169981908,-,51.989795918367335,16.32022471910113,-69.55036994877632,https://nsearchives.nseindia.com/today/GOLD360EQN.svg,https://nsearchives.nseindia.com/30d/GOLD360-EQ.svg,https://nsearchives.nseindia.com/365d/GOLD360-EQ.svg,EQ
GILT5BETA,UTI Nifty 5 yr Benchmark G-Sec ETF,66.76,67.13,65.81,66.4,-0.03,-0.05,25765,1699201.75,66.4763,67.62,61.51,-,-,Infinity,-0.31526797778110455,66.43,0,0,2.2,,17-Jul-2026,-,-0.31526797778110455,-,Infinity,1.8041999408459017,-7.949926841164052,https://nsearchives.nseindia.com/today/GILT5BETAEQN.svg,https://nsearchives.nseindia.com/30d/GILT5BETA-EQ.svg,,EQ
SILVER360,Commodity-Silver,229.47,229.47,227.21,228.63,-1.09,-0.47,7406,1689827.02,229.9657,358,110.1,-,-,101.43612334801762,6.966407785159533,229.72,0,101.26,8.99,14-Aug-2025,17-Jul-2026,-,6.966407785159533,-,101.43612334801762,36.13687150837989,-107.65667574931881,https://nsearchives.nseindia.com/today/SILVER360EQN.svg,https://nsearchives.nseindia.com/30d/SILVER360-EQ.svg,https://nsearchives.nseindia.com/365d/SILVER360-EQ.svg,EQ
HEALTHADD,DSP Nifty Healthcare ETF,16.65,16.73,16.56,16.73,0.08,0.48,101615,1687825.15,16.5948,17.47,13.54,03-JUL-26,FACE VALUE SPLIT (SUB-DIVISION) - FROM RS 10/- PER UNIT TO RE 1/- PER UNIT,-88.68064952638701,0.6618531889289977,16.65,0,-88.7,1.34,14-Aug-2025,17-Jul-2026,FACE VALUE SPLIT (SUB-DIVISION) - FROM RS 10/- PER UNIT TO RE 1/- PER UNIT,0.6618531889289977,03-JUL-26,-88.68064952638701,4.23583285632512,-23.559822747415076,https://nsearchives.nseindia.com/today/HEALTHADDEQN.svg,https://nsearchives.nseindia.com/30d/HEALTHADD-EQ.svg,https://nsearchives.nseindia.com/365d/HEALTHADD-EQ.svg,EQ
SELECTIPO,BSE Select IPO Index,48.44,48.47,48.24,48.36,-0.06,-0.12,34245,1656773.1,48.4279,52.07,37.8,-,-,-1.3665102998164425,3.9106145251396653,48.42,0,-0.41,3.99,14-Aug-2025,17-Jul-2026,-,3.9106145251396653,-,-1.3665102998164425,7.125024006145575,-27.936507936507944,https://nsearchives.nseindia.com/today/SELECTIPOEQN.svg,https://nsearchives.nseindia.com/30d/SELECTIPO-EQ.svg,https://nsearchives.nseindia.com/365d/SELECTIPO-EQ.svg,EQ
NIF100IETF,Nifty 100,28.55,28.55,28.28,28.45,-0.1,-0.35,57690,1636088.4,28.4359,30.88,23,10-MAY-24,FACE VALUE SPLIT (SUB-DIVISION) - FROM RS 10/- PER SHARE TO RE 1/- PER SHARE,0.49452490286118184,0.7793127878143778,28.55,0,1.86,0.88,14-Aug-2025,17-Jul-2026,FACE VALUE SPLIT (SUB-DIVISION) - FROM RS 10/- PER SHARE TO RE 1/- PER SHARE,0.7793127878143778,10-MAY-24,0.49452490286118184,7.869170984455958,-23.69565217391304,https://nsearchives.nseindia.com/today/NIF100IETFEQN.svg,https://nsearchives.nseindia.com/30d/NIF100IETF-EQ.svg,https://nsearchives.nseindia.com/365d/NIF100IETF-EQ.svg,EQ
FMCGADD,Nifty FMCG Index (TRI),49.54,49.54,48.04,48.19,-0.38,-0.78,33472,1611676.8,48.3179,51.09,47.87,-,-,Infinity,-3.658536585365864,48.57,0,0,-0.94,,17-Jul-2026,-,-3.658536585365864,-,Infinity,5.676257584654542,-0.6684771255483608,https://nsearchives.nseindia.com/today/FMCGADDEQN.svg,https://nsearchives.nseindia.com/30d/FMCGADD-EQ.svg,,EQ
AONENIFTY,Nifty 50 Index,10.18,10.18,10,10.02,-0.03,-0.30,154170,1543241.7,10.0383,12,9,-,-,-1.3779527559055174,0.30030030030029387,10.05,0,-0.1,0.3,14-Aug-2025,17-Jul-2026,-,0.30030030030029387,-,-1.3779527559055174,16.500000000000004,-11.333333333333329,https://nsearchives.nseindia.com/today/AONENIFTYEQN.svg,https://nsearchives.nseindia.com/30d/AONENIFTY-EQ.svg,https://nsearchives.nseindia.com/365d/AONENIFTY-EQ.svg,EQ
GROWWN200,Nifty 200 Index- Total Return Index,11.55,11.55,11.38,11.48,-0.07,-0.61,132945,1515573,11.4852,12.14,9.91,-,-,2.408563782337195,0.7901668129938529,11.55,0,3.96,1.94,14-Aug-2025,17-Jul-2026,-,0.7901668129938529,-,2.408563782337195,5.436573311367382,-15.84258324924319,https://nsearchives.nseindia.com/today/GROWWN200EQN.svg,https://nsearchives.nseindia.com/30d/GROWWN200-EQ.svg,https://nsearchives.nseindia.com/365d/GROWWN200-EQ.svg,EQ
LIQUIDSBI,SBI NIFTY 1D Rate ETF,1000,1000.01,999.99,1000.01,0.02,0.00,1495,1494985.05,1000,1010.02,970.23,-,-,0.002000020000198183,0,999.99,0,0,0,14-Aug-2025,17-Jul-2026,-,0,-,0.002000020000198183,0.9910694837725976,-3.0693753027632593,https://nsearchives.nseindia.com/today/LIQUIDSBIEQN.svg,https://nsearchives.nseindia.com/30d/LIQUIDSBI-EQ.svg,https://nsearchives.nseindia.com/365d/LIQUIDSBI-EQ.svg,EQ
HDFCQUAL,HDFC NIFTY100 Quality 30 ETF,59.7,59.7,58.97,59.5,-0.22,-0.37,24197,1434640.13,59.6827,61.87,51.91,-,-,3.586350974930366,3.3165480118075994,59.72,0,5.57,3.73,14-Aug-2025,17-Jul-2026,-,3.3165480118075994,-,3.586350974930366,3.8306125747535114,-14.621460219610872,https://nsearchives.nseindia.com/today/HDFCQUALEQN.svg,https://nsearchives.nseindia.com/30d/HDFCQUAL-EQ.svg,https://nsearchives.nseindia.com/365d/HDFCQUAL-EQ.svg,EQ
GROWWSC250,Nifty Smallcap 250 Index - TRI,10.59,10.62,10.54,10.57,-0.02,-0.19,135667,1432643.52,10.5741,10.97,8,-,-,Infinity,1.4395393474088325,10.59,0,0,2.52,,17-Jul-2026,-,1.4395393474088325,-,Infinity,3.6463081130355546,-32.125,https://nsearchives.nseindia.com/today/GROWWSC250EQN.svg,https://nsearchives.nseindia.com/30d/GROWWSC250-EQ.svg,,EQ
QUAL30IETF,ICICI Prudential Nifty 200 Quality 30 ETF,22.19,22.19,21.34,21.4,-0.25,-1.15,63621,1362761.82,21.577,23,18,10-MAY-24,FACE VALUE SPLIT (SUB-DIVISION) - FROM RS 10/- PER SHARE TO RE 1/- PER SHARE,2.001906577693032,2.1967526265520405,21.65,0,4.64,3.74,14-Aug-2025,17-Jul-2026,FACE VALUE SPLIT (SUB-DIVISION) - FROM RS 10/- PER SHARE TO RE 1/- PER SHARE,2.1967526265520405,10-MAY-24,2.001906577693032,6.956521739130441,-18.888888888888882,https://nsearchives.nseindia.com/today/QUAL30IETFEQN.svg,https://nsearchives.nseindia.com/30d/QUAL30IETF-EQ.svg,https://nsearchives.nseindia.com/365d/QUAL30IETF-EQ.svg,EQ
AONETOTAL,Nifty Total Market Index,12.04,12.15,11.8,12.02,-0.02,-0.17,113322,1360997.22,12.0479,12.51,9.6,-,-,3.799654576856645,1.1784511784511682,12.04,0,4.7,1.43,14-Aug-2025,17-Jul-2026,-,1.1784511784511682,-,3.799654576856645,3.916866506794566,-25.208333333333336,https://nsearchives.nseindia.com/today/AONETOTALEQN.svg,https://nsearchives.nseindia.com/30d/AONETOTAL-EQ.svg,https://nsearchives.nseindia.com/365d/AONETOTAL-EQ.svg,EQ
GROWWCHEM,Nifty Chemicals Index - TRI,30.58,30.84,30.4,30.41,-0.33,-1.07,43819,1345243.3,30.7444,31.74,24.64,-,-,Infinity,-0.5884275907159193,30.74,0,0,1.62,,17-Jul-2026,-,-0.5884275907159193,-,Infinity,4.190296156269686,-23.41720779220779,https://nsearchives.nseindia.com/today/GROWWCHEMEQN.svg,https://nsearchives.nseindia.com/30d/GROWWCHEM-EQ.svg,,EQ
ABSLPSE,Aditya Birla Sun Life Nifty PSE ETF,10.41,10.41,10.13,10.28,0,0.00,128769,1321169.94,10.2579,11.6,9.21,-,-,5.220061412487204,-0.9633911368015551,10.28,0,4.9,-0.29,14-Aug-2025,17-Jul-2026,-,-0.9633911368015551,-,5.220061412487204,11.379310344827589,-11.61780673181323,https://nsearchives.nseindia.com/today/ABSLPSEEQN.svg,https://nsearchives.nseindia.com/30d/ABSLPSE-EQ.svg,https://nsearchives.nseindia.com/365d/ABSLPSE-EQ.svg,EQ
MID150,Nifty Midcap 150 Index,23.82,23.84,23.7,23.84,-0.03,-0.13,54661,1300931.8,,24.95,18.97,-,-,8.216068996822509,1.4899957428693122,23.87,0,7.62,2.45,14-Aug-2025,17-Jul-2026,-,1.4899957428693122,-,8.216068996822509,4.44889779559118,-25.67211386399579,https://nsearchives.nseindia.com/today/MID150EQN.svg,https://nsearchives.nseindia.com/30d/MID150-EQ.svg,https://nsearchives.nseindia.com/365d/MID150-EQ.svg,EQ
MOM50,Nifty 50,254.3,254.51,253.17,254.51,0.23,0.09,5002,1269557.62,254.5092,279.33,231.11,16-OCT-14,FACE VALUE SPLIT FROM RS.10/- TO RS.7/-,-1.619636644762272,0.3825826299597692,254.28,0,-0.61,0.09,14-Aug-2025,17-Jul-2026,FACE VALUE SPLIT FROM RS.10/- TO RS.7/-,0.3825826299597692,16-OCT-14,-1.619636644762272,8.885547560233412,-10.125048678118635,https://nsearchives.nseindia.com/today/MOM50EQN.svg,https://nsearchives.nseindia.com/30d/MOM50-EQ.svg,https://nsearchives.nseindia.com/365d/MOM50-EQ.svg,EQ
IVZINGOLD,Gold,133.25,133.45,132.5,133.15,-0.1,-0.08,9093,1208823.42,132.8967,156,85.9,30-APR-26,FACE VALUE SPLIT (SUB-DIVISION) - FROM RS 100/- PER SHARE TO RE 1/- PER SHARE,-98.46672040534315,8.076298701298702,133.25,0,-98.47,9.45,14-Aug-2025,17-Jul-2026,FACE VALUE SPLIT (SUB-DIVISION) - FROM RS 100/- PER SHARE TO RE 1/- PER SHARE,8.076298701298702,30-APR-26,-98.46672040534315,14.647435897435894,-55.005820721769496,https://nsearchives.nseindia.com/today/IVZINGOLDEQN.svg,https://nsearchives.nseindia.com/30d/IVZINGOLD-EQ.svg,https://nsearchives.nseindia.com/365d/IVZINGOLD-EQ.svg,EQ
HDFCSENSEX,SENSEX,87.55,88.24,87.55,87.7,-0.55,-0.62,13547,1189697.54,88.2576,98.48,80.9,02-FEB-24,FACE VALUE SPLIT (SUB-DIVISION) - FROM RS 250.361/- PER SHARE TO RS 25.0361/- PER SHARE,-3.964082347787988,-0.2615717047651586,88.25,0,-2.93,-0.14,14-Aug-2025,17-Jul-2026,FACE VALUE SPLIT (SUB-DIVISION) - FROM RS 250.361/- PER SHARE TO RS 25.0361/- PER SHARE,-0.2615717047651586,02-FEB-24,-3.964082347787988,10.946385052802599,-8.40543881334981,https://nsearchives.nseindia.com/today/HDFCSENSEXEQN.svg,https://nsearchives.nseindia.com/30d/HDFCSENSEX-EQ.svg,https://nsearchives.nseindia.com/365d/HDFCSENSEX-EQ.svg,EQ
NPBET,Nifty Private Bank Index,283.28,285.5,281.54,285.5,2.17,0.77,4184,1182565.76,283.4291,307,246.26,-,-,2.3811231442300747,-1.2281612177823944,283.33,0,2.63,-3.85,14-Aug-2025,17-Jul-2026,-,-1.2281612177823944,-,2.3811231442300747,7.003257328990228,-15.934378299358405,https://nsearchives.nseindia.com/today/NPBETEQN.svg,https://nsearchives.nseindia.com/30d/NPBET-EQ.svg,https://nsearchives.nseindia.com/365d/NPBET-EQ.svg,EQ
EMULTIMQ,Nifty500 Multicap Momentum Quality 50 Total Return Index,42.39,42.39,42.02,42.15,-0.09,-0.21,27539,1161319.63,42.2861,43.54,36.25,-,-,2.5797030907763325,2.280999757340446,42.24,0,3.86,3.15,14-Aug-2025,17-Jul-2026,-,2.280999757340446,-,2.5797030907763325,3.19246669728985,-16.275862068965512,https://nsearchives.nseindia.com/today/EMULTIMQEQN.svg,https://nsearchives.nseindia.com/30d/EMULTIMQ-EQ.svg,https://nsearchives.nseindia.com/365d/EMULTIMQ-EQ.svg,EQ
MANUFGBEES,Nifty India Manufacturing TRI,168.79,168.79,166.51,167.18,-0.1,-0.06,6858,1145354.58,166.665,171.58,138.6,-,-,Infinity,3.7161114213040567,167.28,0,0,4.86,,17-Jul-2026,-,3.7161114213040567,-,Infinity,2.5644014453899087,-20.62049062049063,https://nsearchives.nseindia.com/today/MANUFGBEESEQN.svg,https://nsearchives.nseindia.com/30d/MANUFGBEES-EQ.svg,,EQ
HDFCNIF100,HDFC NIFTY 100 ETF,26.44,26.44,26.2,26.37,0.06,0.23,43431,1139629.44,26.3476,29,22,20-OCT-23,FACE VALUE SPLIT (SUB-DIVISION) - FROM RS 177.27/- PER SHARE TO RS 17.727/- PER SHARE,0.6488549618320676,0.9571209800918836,26.31,0,1.27,0.77,14-Aug-2025,17-Jul-2026,FACE VALUE SPLIT (SUB-DIVISION) - FROM RS 177.27/- PER SHARE TO RS 17.727/- PER SHARE,0.9571209800918836,20-OCT-23,0.6488549618320676,9.068965517241375,-19.86363636363637,https://nsearchives.nseindia.com/today/HDFCNIF100EQN.svg,https://nsearchives.nseindia.com/30d/HDFCNIF100-EQ.svg,https://nsearchives.nseindia.com/365d/HDFCNIF100-EQ.svg,EQ
ITBETA,UTI Nifty IT ETF,325,327.62,312.2,321.25,-6.42,-1.96,3536,1131944.32,324.2145,409.94,270.68,-,-,Infinity,3.669162256357301,327.67,0,0,6.63,,17-Jul-2026,-,3.669162256357301,-,Infinity,21.634873396106748,-18.682577212945173,https://nsearchives.nseindia.com/today/ITBETAEQN.svg,https://nsearchives.nseindia.com/30d/ITBETA-EQ.svg,,EQ
QNIFTY,Nifty 50,275.16,275.16,266.1,267,-1.45,-0.54,4134,1104274.08,267.5669,291.19,243.2,13-FEB-26,FACE VALUE SPLIT (SUB-DIVISION) - FROM RS 10/- PER UNIT TO RE 1/- PER UNIT,-90.1676290360594,0.11248593925759706,268.45,0,-90.01,0.27,14-Aug-2025,17-Jul-2026,FACE VALUE SPLIT (SUB-DIVISION) - FROM RS 10/- PER UNIT TO RE 1/- PER UNIT,0.11248593925759706,13-FEB-26,-90.1676290360594,8.307290772347951,-9.78618421052632,https://nsearchives.nseindia.com/today/QNIFTYEQN.svg,https://nsearchives.nseindia.com/30d/QNIFTY-EQ.svg,https://nsearchives.nseindia.com/365d/QNIFTY-EQ.svg,EQ
PVTBANKADD,DSP Nifty Private Bank ETF,27.81,27.83,27.68,27.79,-0.05,-0.18,38770,1075867.5,27.7805,31.88,24.02,-,-,2.0565552699228746,-1.488833746898269,27.84,0,3.3,-3.9,14-Aug-2025,17-Jul-2026,-,-1.488833746898269,-,2.0565552699228746,12.829360100376412,-15.695253955037467,https://nsearchives.nseindia.com/today/PVTBANKADDEQN.svg,https://nsearchives.nseindia.com/30d/PVTBANKADD-EQ.svg,https://nsearchives.nseindia.com/365d/PVTBANKADD-EQ.svg,EQ
TECH,Nifty IT TRI Index,33.75,33.78,33.1,33.78,0.03,0.09,31996,1063867,33.756,49.41,28,-,-,-8.628617798214762,5.661557710353463,33.75,0,-9.08,5.77,14-Aug-2025,17-Jul-2026,-,5.661557710353463,-,-8.628617798214762,31.633272616879168,-20.642857142857146,https://nsearchives.nseindia.com/today/TECHEQN.svg,https://nsearchives.nseindia.com/30d/TECH-EQ.svg,https://nsearchives.nseindia.com/365d/TECH-EQ.svg,EQ
ABSLLIQUID,Aditya Birla Sun Life CRISIL Overnight Fund AI ETF,1000,1000.01,999.99,1000,0,0.00,1037,1036989.63,1000,1044.99,999.56,-,-,0,0,1000,0,0,0,14-Aug-2025,17-Jul-2026,-,0,-,0,4.3053043569794935,-0.04401936852215521,https://nsearchives.nseindia.com/today/ABSLLIQUIDEQN.svg,https://nsearchives.nseindia.com/30d/ABSLLIQUID-EQ.svg,https://nsearchives.nseindia.com/365d/ABSLLIQUID-EQ.svg,EQ
CEMNTGROWW,Nifty Cements Index TRI,15.28,15.28,14.85,14.95,-0.14,-0.93,66472,997744.72,14.993,16.27,14.5,-,-,Infinity,Infinity,15.09,0,0,0,,,-,Infinity,-,Infinity,8.113091579594347,-3.103448275862064,https://nsearchives.nseindia.com/today/CEMNTGROWWEQN.svg,,,EQ
MONIFTY100,Nifty 100 Total Return Index,25.74,25.74,25.5,25.5,-0.24,-0.93,38504,983777.2,25.639,27.97,22.38,-,-,Infinity,0.0784929356357911,25.74,0,0,1.3,,17-Jul-2026,-,0.0784929356357911,-,Infinity,8.830890239542363,-13.941018766756038,https://nsearchives.nseindia.com/today/MONIFTY100EQN.svg,https://nsearchives.nseindia.com/30d/MONIFTY100-EQ.svg,,EQ
NIFTY100EW,Nifty 100 Equal Weight Index,36.77,36.77,35.51,35.62,-0.12,-0.34,27419,977487.35,35.67,41.41,29.84,-,-,6.93485439807864,1.9461934745277611,35.74,0,10.21,2.82,14-Aug-2025,17-Jul-2026,-,1.9461934745277611,-,6.93485439807864,13.982129920309102,-19.369973190348517,https://nsearchives.nseindia.com/today/NIFTY100EWEQN.svg,https://nsearchives.nseindia.com/30d/NIFTY100EW-EQ.svg,https://nsearchives.nseindia.com/365d/NIFTY100EW-EQ.svg,EQ
BSLSENETFG,BSE SENSEX Index,78.41,78.41,77.6,78.29,-0.09,-0.11,12436,973365.72,78.441,87.82,70.32,25-NOV-21, FACE VALUE SPLIT (SUB-DIVISION) - FROM RS 10/- PER SHARE TO RE 1- PER SHARE,-3.7141802976263634,-0.2039515615041384,78.38,0,-2.49,-0.28,14-Aug-2025,17-Jul-2026, FACE VALUE SPLIT (SUB-DIVISION) - FROM RS 10/- PER SHARE TO RE 1- PER SHARE,-0.2039515615041384,25-NOV-21,-3.7141802976263634,10.851742199954437,-11.333902161547233,https://nsearchives.nseindia.com/today/BSLSENETFGEQN.svg,https://nsearchives.nseindia.com/30d/BSLSENETFG-EQ.svg,https://nsearchives.nseindia.com/365d/BSLSENETFG-EQ.svg,EQ
HDFCVALUE,HDFC NIFTY50 Value 20 ETF,126.26,126.4,125.63,126.29,-0.31,-0.24,7620,960424.8,126.3062,147.05,120,-,-,-3.940062371643716,-1.1969957753090181,126.6,0,-3.18,-1.27,14-Aug-2025,17-Jul-2026,-,-1.1969957753090181,-,-3.940062371643716,14.11764705882353,-5.2416666666666725,https://nsearchives.nseindia.com/today/HDFCVALUEEQN.svg,https://nsearchives.nseindia.com/30d/HDFCVALUE-EQ.svg,https://nsearchives.nseindia.com/365d/HDFCVALUE-EQ.svg,EQ
CONSUMIETF,Nifty India Consumption Index,124.97,125.32,124,124.08,-1.36,-1.08,7620,950366.4,125.2249,141.27,94.65,-,-,-0.5211256313637502,2.0562592531666395,125.44,0,2.63,3.34,14-Aug-2025,17-Jul-2026,-,2.0562592531666395,-,-0.5211256313637502,12.168188575069024,-31.09350237717907,https://nsearchives.nseindia.com/today/CONSUMIETFEQN.svg,https://nsearchives.nseindia.com/30d/CONSUMIETF-EQ.svg,https://nsearchives.nseindia.com/365d/CONSUMIETF-EQ.svg,EQ
SNXT30BEES,BSE Sensex Next 30 Index,43.7,43.7,43.11,43.55,-0.18,-0.41,21687,943384.5,43.5563,44.2,36.83,-,-,11.81001283697046,3.321470937129297,43.73,0,14.03,4.34,14-Aug-2025,17-Jul-2026,-,3.321470937129297,-,11.81001283697046,1.4705882352941304,-18.24599511267988,https://nsearchives.nseindia.com/today/SNXT30BEESEQN.svg,https://nsearchives.nseindia.com/30d/SNXT30BEES-EQ.svg,https://nsearchives.nseindia.com/365d/SNXT30BEES-EQ.svg,EQ
NV20BEES,Nifty50 Value20 TRI,140.58,140.7,139.59,139.9,-1.06,-0.75,6658,931387.62,140.4092,160,122.02,19-DEC-19, FACE VALUE SPLIT (SUB-DIVISION) - FROM RS 10/- TO RS 1/-,-4.674298173889333,-1.1377287824181932,140.96,0,-3.31,-1.09,14-Aug-2025,17-Jul-2026, FACE VALUE SPLIT (SUB-DIVISION) - FROM RS 10/- TO RS 1/-,-1.1377287824181932,19-DEC-19,-4.674298173889333,12.562499999999996,-14.653335518767424,https://nsearchives.nseindia.com/today/NV20BEESEQN.svg,https://nsearchives.nseindia.com/30d/NV20BEES-EQ.svg,https://nsearchives.nseindia.com/365d/NV20BEES-EQ.svg,EQ
NIFTYAXIS,Nifty 50,269.85,269.85,268,268,-1.85,-0.69,3456,927313.92,269.06,296.38,244,23-JUL-20, FACE VALUE SPLIT (SUB-DIVISION) - FROM RS 100/- PER SHARE TO RS 10/- PER SHARE,Infinity,0.10458688181681335,269.85,0,0,0.45,,17-Jul-2026, FACE VALUE SPLIT (SUB-DIVISION) - FROM RS 100/- PER SHARE TO RS 10/- PER SHARE,0.10458688181681335,23-JUL-20,Infinity,9.57554490856333,-9.836065573770492,https://nsearchives.nseindia.com/today/NIFTYAXISEQN.svg,https://nsearchives.nseindia.com/30d/NIFTYAXIS-EQ.svg,,EQ
SBISMLETF,Nifty Smallcap 250 Index,18.67,18.67,18.32,18.47,0.11,0.60,49591,912970.31,18.333,18.97,16.53,-,-,Infinity,2.1570796460177024,18.36,0,0,1.66,,17-Jul-2026,-,2.1570796460177024,-,Infinity,2.635740643120717,-11.736237144585587,https://nsearchives.nseindia.com/today/SBISMLETFEQN.svg,https://nsearchives.nseindia.com/30d/SBISMLETF-EQ.svg,,EQ
VALUEAXIS,Nifty500 Value 50 TRI,33.15,33.24,32.9,33.24,0.25,0.76,26765,882442.05,33.0062,39,22.84,-,-,Infinity,0.9720534629404626,32.99,0,0,1.13,,17-Jul-2026,-,0.9720534629404626,-,Infinity,14.769230769230763,-45.53415061295973,https://nsearchives.nseindia.com/today/VALUEAXISEQN.svg,https://nsearchives.nseindia.com/30d/VALUEAXIS-EQ.svg,,EQ
SBINEQWETF,Nifty50 Equal Weight,34.1,34.25,33.5,33.72,-0.22,-0.65,25251,850958.7,33.7381,36.4,29.64,-,-,5.771643663739021,0.8976660682226126,33.94,0,8.33,0.12,14-Aug-2025,17-Jul-2026,-,0.8976660682226126,-,5.771643663739021,7.362637362637363,-13.765182186234812,https://nsearchives.nseindia.com/today/SBINEQWETFEQN.svg,https://nsearchives.nseindia.com/30d/SBINEQWETF-EQ.svg,https://nsearchives.nseindia.com/365d/SBINEQWETF-EQ.svg,EQ
MONEXT50,Nifty Next 50 Total Return Index,74.93,75,74.3,75,0.01,0.01,11380,846785.8,74.4215,75.89,59.43,-,-,12.325894862962416,3.591160220994467,74.99,0,13.35,4.76,14-Aug-2025,17-Jul-2026,-,3.591160220994467,-,12.325894862962416,1.1727500329424174,-26.198889449772842,https://nsearchives.nseindia.com/today/MONEXT50EQN.svg,https://nsearchives.nseindia.com/30d/MONEXT50-EQ.svg,https://nsearchives.nseindia.com/365d/MONEXT50-EQ.svg,EQ
GROWWMC150,Nifty Midcap 150 Index - TRI,239.8,239.8,233.52,236,-1.43,-0.60,3324,782270.16,235.2071,245,193.6,-,-,Infinity,2.1645021645021645,237.43,0,0,2.78,,17-Jul-2026,-,2.1645021645021645,-,Infinity,3.673469387755102,-21.900826446281,https://nsearchives.nseindia.com/today/GROWWMC150EQN.svg,https://nsearchives.nseindia.com/30d/GROWWMC150-EQ.svg,,EQ
NIFTYADD,Nifty 50 Index,256.58,256.67,255,255.55,-1.28,-0.50,3035,775624.6,256.0951,300,232.64,-,-,Infinity,0.22354694485842874,256.83,0,0,0.44,,17-Jul-2026,-,0.22354694485842874,-,Infinity,14.816666666666663,-9.847833562585983,https://nsearchives.nseindia.com/today/NIFTYADDEQN.svg,https://nsearchives.nseindia.com/30d/NIFTYADD-EQ.svg,,EQ
HEALTHAXIS,Nifty Healthcare Index,167.93,168.46,167.31,167.91,-0.02,-0.01,4609,773067.57,167.2796,173.72,135.2,-,-,Infinity,0.25674707427752974,167.93,0,0,1.49,,17-Jul-2026,-,0.25674707427752974,-,Infinity,3.3444623532120668,-24.19378698224853,https://nsearchives.nseindia.com/today/HEALTHAXISEQN.svg,https://nsearchives.nseindia.com/30d/HEALTHAXIS-EQ.svg,,EQ
MOTOUR,Nifty India Tourism Total Return Index,79.75,80.08,79.43,80.03,-0.26,-0.32,9230,734984.9,80.1137,95.9,64,-,-,-13.583846236907458,1.1885194082690576,80.29,0,-12.63,1.21,14-Aug-2025,17-Jul-2026,-,1.1885194082690576,-,-13.583846236907458,16.548488008342026,-25.046875,https://nsearchives.nseindia.com/today/MOTOUREQN.svg,https://nsearchives.nseindia.com/30d/MOTOUR-EQ.svg,https://nsearchives.nseindia.com/365d/MOTOUR-EQ.svg,EQ
CHOICEGOLD,Gold,152.08,152.95,150.26,151.51,-0.57,-0.37,4745,719484.35,151.715,175.49,115.79,-,-,Infinity,7.867008400968234,152.08,0,0,9.17,,17-Jul-2026,-,7.867008400968234,-,Infinity,13.664596273291934,-30.848950686587774,https://nsearchives.nseindia.com/today/CHOICEGOLDEQN.svg,https://nsearchives.nseindia.com/30d/CHOICEGOLD-EQ.svg,,EQ
BANKPSU,Nifty PSU Bank Total Return Index,88.09,88.09,87.1,87.1,-0.99,-1.12,7756,677874.4,87.8465,99.52,67.59,-,-,23.214033102277543,0.2878526194588371,88.09,0,24.95,4.06,14-Aug-2025,17-Jul-2026,-,0.2878526194588371,-,23.214033102277543,12.479903536977496,-28.865216748039636,https://nsearchives.nseindia.com/today/BANKPSUEQN.svg,https://nsearchives.nseindia.com/30d/BANKPSU-EQ.svg,https://nsearchives.nseindia.com/365d/BANKPSU-EQ.svg,EQ
BANKADD,DSP Nifty Bank ETF,59.05,59.05,58.63,58.63,-0.63,-1.06,10678,627118.94,58.9514,62.9,51.01,-,-,Infinity,-1.3627187079407725,59.26,0,0,-0.94,,17-Jul-2026,-,-1.3627187079407725,-,Infinity,6.788553259141488,-14.938247402470113,https://nsearchives.nseindia.com/today/BANKADDEQN.svg,https://nsearchives.nseindia.com/30d/BANKADD-EQ.svg,,EQ
TOP15IETF,Nifty Top 15 Equal Weight Index,9.97,9.98,9.94,9.98,-0.04,-0.40,61410,611643.6,9.9813,11.36,9.15,-,-,-2.8237585199610433,0.9100101112234565,10.02,0,-0.79,0.8,14-Aug-2025,17-Jul-2026,-,0.9100101112234565,-,-2.8237585199610433,12.147887323943653,-9.07103825136612,https://nsearchives.nseindia.com/today/TOP15IETFEQN.svg,https://nsearchives.nseindia.com/30d/TOP15IETF-EQ.svg,https://nsearchives.nseindia.com/365d/TOP15IETF-EQ.svg,EQ
NV20,Nifty50 Value 20,14.04,14.06,13.94,14.02,-0.05,-0.36,43408,606843.84,14.0281,16.87,12.62,27-FEB-26,FACE VALUE SPLIT (SUB-DIVISION) - FROM RS 10/- PER SHARE TO RE 1/- PER SHARE,-90.43003412969281,-1.0585744530698684,14.07,0,-90.31,-1.47,14-Aug-2025,17-Jul-2026,FACE VALUE SPLIT (SUB-DIVISION) - FROM RS 10/- PER SHARE TO RE 1/- PER SHARE,-1.0585744530698684,27-FEB-26,-90.43003412969281,16.89389448725549,-11.093502377179083,https://nsearchives.nseindia.com/today/NV20EQN.svg,https://nsearchives.nseindia.com/30d/NV20-EQ.svg,https://nsearchives.nseindia.com/365d/NV20-EQ.svg,EQ
MOMENTUM,Aditya Birla Sun Life Nifty 200 Momentum 30 ETF,31.57,31.59,31.42,31.52,-0.05,-0.16,18991,597836.68,31.5608,33,27.05,-,-,1.6118633139909735,2.204928664072632,31.57,0,2.87,3.61,14-Aug-2025,17-Jul-2026,-,2.204928664072632,-,1.6118633139909735,4.484848484848486,-16.52495378927911,https://nsearchives.nseindia.com/today/MOMENTUMEQN.svg,https://nsearchives.nseindia.com/30d/MOMENTUM-EQ.svg,https://nsearchives.nseindia.com/365d/MOMENTUM-EQ.svg,EQ
ABSLNN50ET,Nifty Next 50,78.38,78.67,78.31,78.38,0,0.00,7571,594172.08,78.4709,80.33,63.02,25-NOV-21, FACE VALUE SPLIT (SUB-DIVISION) - FROM RS 10/- PER SHARE TO RE 1/- PER SHARE,11.493598862019912,3.0502235077570248,78.38,0,12.92,3.61,14-Aug-2025,17-Jul-2026, FACE VALUE SPLIT (SUB-DIVISION) - FROM RS 10/- PER SHARE TO RE 1/- PER SHARE,3.0502235077570248,25-NOV-21,11.493598862019912,2.427486617701983,-24.37321485242779,https://nsearchives.nseindia.com/today/ABSLNN50ETEQN.svg,https://nsearchives.nseindia.com/30d/ABSLNN50ET-EQ.svg,https://nsearchives.nseindia.com/365d/ABSLNN50ET-EQ.svg,EQ
SBIETFQLTY,Nifty 200 Quality 30 Index,227.6,227.6,224.75,225.39,-2.22,-0.98,2405,543169.25,226.9053,247.28,194,-,-,2.3988005997001376,2.301198257080607,227.61,0,4.65,4.09,14-Aug-2025,17-Jul-2026,-,2.301198257080607,-,2.3988005997001376,8.852313167259792,-16.180412371134015,https://nsearchives.nseindia.com/today/SBIETFQLTYEQN.svg,https://nsearchives.nseindia.com/30d/SBIETFQLTY-EQ.svg,https://nsearchives.nseindia.com/365d/SBIETFQLTY-EQ.svg,EQ
INSUREIETF,BSE Insurance Index,15.48,15.59,15.4,15.53,0.01,0.06,34980,540790.8,15.472,16.46,15.33,-,-,Infinity,Infinity,15.52,0,0,0,,,-,Infinity,-,Infinity,5.650060753341442,-1.3046314416177383,https://nsearchives.nseindia.com/today/INSUREIETFEQN.svg,,,EQ
SETF10GILT,Nifty 10 yr Benchmark G-Sec Index,265.22,266.72,265.01,265.4,-0.61,-0.23,1990,527827.6,265.7761,272.31,250.37,-,-,3.1520851956935583,0.633223372388412,266.01,0,3.63,0.25,14-Aug-2025,17-Jul-2026,-,0.633223372388412,-,3.1520851956935583,2.5375491168154034,-6.003115389223938,https://nsearchives.nseindia.com/today/SETF10GILTEQN.svg,https://nsearchives.nseindia.com/30d/SETF10GILT-EQ.svg,https://nsearchives.nseindia.com/365d/SETF10GILT-EQ.svg,EQ
MOALPHA50,Nifty Alpha 50 Total Return Index,56.24,56.62,55.79,55.87,-0.37,-0.66,9206,515443.94,56.051,62,42.1,-,-,9.484616892024292,4.273982829413959,56.24,0,11.72,5.04,14-Aug-2025,17-Jul-2026,-,4.273982829413959,-,9.484616892024292,9.887096774193552,-32.707838479809965,https://nsearchives.nseindia.com/today/MOALPHA50EQN.svg,https://nsearchives.nseindia.com/30d/MOALPHA50-EQ.svg,https://nsearchives.nseindia.com/365d/MOALPHA50-EQ.svg,EQ
LICNETFGSC,GSEC10 NSE Index,29.47,29.6,29.4,29.5,-0.01,-0.03,17390,513874.5,29.5769,30.5,27.42,-,-,4.093154551870149,0.3401360544217736,29.51,0,4.35,0.24,14-Aug-2025,17-Jul-2026,-,0.3401360544217736,-,4.093154551870149,3.278688524590164,-7.585703865791387,https://nsearchives.nseindia.com/today/LICNETFGSCEQN.svg,https://nsearchives.nseindia.com/30d/LICNETFGSC-EQ.svg,https://nsearchives.nseindia.com/365d/LICNETFGSC-EQ.svg,EQ
NIFTYQLITY,Aditya Birla Sun Life Nifty 200 Quality 30 ETF,21.86,21.86,21.6,21.71,-0.15,-0.69,22776,492644.88,21.795,23.03,18.95,-,-,2.9397818871503127,2.5992438563327065,21.86,0,4.44,3.85,14-Aug-2025,17-Jul-2026,-,2.5992438563327065,-,2.9397818871503127,5.73165436387321,-14.564643799472305,https://nsearchives.nseindia.com/today/NIFTYQLITYEQN.svg,https://nsearchives.nseindia.com/30d/NIFTYQLITY-EQ.svg,https://nsearchives.nseindia.com/365d/NIFTYQLITY-EQ.svg,EQ
GROWWMOM50,Nifty 500 Momentum 50 Index- Total Return Index,11.47,11.47,10.98,11.02,-0.02,-0.18,44426,490018.78,10.9993,11.5,9.12,-,-,5.253104106972291,3.571428571428562,11.04,0,6.77,4.55,14-Aug-2025,17-Jul-2026,-,3.571428571428562,-,5.253104106972291,4.173913043478264,-20.83333333333334,https://nsearchives.nseindia.com/today/GROWWMOM50EQN.svg,https://nsearchives.nseindia.com/30d/GROWWMOM50-EQ.svg,https://nsearchives.nseindia.com/365d/GROWWMOM50-EQ.svg,EQ
SMALLIETF,Nifty Smallcap 250 Index,18.16,18.58,18.16,18.39,0.01,0.05,26559,488154.42,18.3439,19.49,17.43,-,-,Infinity,2.1099389228206493,18.38,0,0,1.88,,17-Jul-2026,-,2.1099389228206493,-,Infinity,5.643919958953299,-5.507745266781416,https://nsearchives.nseindia.com/today/SMALLIETFEQN.svg,https://nsearchives.nseindia.com/30d/SMALLIETF-EQ.svg,,EQ
UNIONGOLD,Commodity Gold,149.95,151.4,149.15,149.35,0.1,0.07,3203,479168.8,149.551,177,95.55,-,-,52.32024477307496,7.833935018050538,149.25,0,51.6,8.55,14-Aug-2025,17-Jul-2026,-,7.833935018050538,-,52.32024477307496,15.621468926553675,-56.30559916274202,https://nsearchives.nseindia.com/today/UNIONGOLDEQN.svg,https://nsearchives.nseindia.com/30d/UNIONGOLD-EQ.svg,https://nsearchives.nseindia.com/365d/UNIONGOLD-EQ.svg,EQ
SMALLADD,Nifty Smallcap 250 Index,18.47,18.48,18.32,18.47,0.03,0.16,25113,463585.98,18.4186,19.5,14.01,-,-,Infinity,1.8191841234840038,18.44,0,0,1.99,,17-Jul-2026,-,1.8191841234840038,-,Infinity,5.282051282051288,-31.83440399714489,https://nsearchives.nseindia.com/today/SMALLADDEQN.svg,https://nsearchives.nseindia.com/30d/SMALLADD-EQ.svg,,EQ
IDFNIFTYET,Nifty 50,272,273.9,266,266,-5.61,-2.07,1658,444576.12,268.5771,340.8,244.32,-,-,-2.5176824128705992,-0.746268656716418,271.61,0,0.91,1.32,14-Aug-2025,17-Jul-2026,-,-0.746268656716418,-,-2.5176824128705992,21.94835680751174,-8.87360838244925,https://nsearchives.nseindia.com/today/IDFNIFTYETEQN.svg,https://nsearchives.nseindia.com/30d/IDFNIFTYET-EQ.svg,https://nsearchives.nseindia.com/365d/IDFNIFTYET-EQ.svg,EQ
DIVIDEND,BSE 500 Dividend Leaders,35.9,35.9,35.59,35.66,-0.25,-0.70,12300,440094,35.8705,38.03,33.15,-,-,Infinity,0.59238363892805,35.91,0,0,2.16,,17-Jul-2026,-,0.59238363892805,-,Infinity,6.231922166710503,-7.571644042232272,https://nsearchives.nseindia.com/today/DIVIDENDEQN.svg,https://nsearchives.nseindia.com/30d/DIVIDEND-EQ.svg,,EQ
EQUAL200,BSE 200 Equal Weight,14.02,14.03,13.97,13.99,-0.06,-0.43,30389,425446,11.906,14.6,11.75,-,-,8.449612403100774,1.230101302460202,14.05,0,10.54,2.33,14-Aug-2025,17-Jul-2026,-,1.230101302460202,-,8.449612403100774,4.178082191780818,-19.063829787234045,https://nsearchives.nseindia.com/today/EQUAL200EQN.svg,https://nsearchives.nseindia.com/30d/EQUAL200-EQ.svg,https://nsearchives.nseindia.com/365d/EQUAL200-EQ.svg,EQ
BBETF0432,Nifty BHARAT Bond Index - April 2032,1359.36,1359.36,1352.51,1352.65,-5.81,-0.43,314,425334.98,1356.0638,1378,1262.29,-,-,5.346573208722749,0.20223420647149595,1358.46,0,5.92,0.5,14-Aug-2025,17-Jul-2026,-,0.20223420647149595,-,5.346573208722749,1.8396226415094274,-7.158418429996287,https://nsearchives.nseindia.com/today/BBETF0432EQN.svg,https://nsearchives.nseindia.com/30d/BBETF0432-EQ.svg,https://nsearchives.nseindia.com/365d/BBETF0432-EQ.svg,EQ
AONETMMQ50,Nifty Total Market Momentum Quality 50 TRI,10.49,10.49,10.38,10.42,-0.02,-0.19,39185,408307.7,10.4169,10.87,8,-,-,Infinity,3.270564915758177,10.44,0,0,4.5,,17-Jul-2026,-,3.270564915758177,-,Infinity,4.139834406623729,-30.25,https://nsearchives.nseindia.com/today/AONETMMQ50EQN.svg,https://nsearchives.nseindia.com/30d/AONETMMQ50-EQ.svg,,EQ
TOP20,Nifty Top 20 Equal Weight,9.03,9.03,8.96,8.96,-0.07,-0.78,44196,396880.08,9.001,9.99,8,-,-,Infinity,1.5873015873015937,9.03,0,0,1.92,,17-Jul-2026,-,1.5873015873015937,-,Infinity,10.310310310310305,-12.00000000000001,https://nsearchives.nseindia.com/today/TOP20EQN.svg,https://nsearchives.nseindia.com/30d/TOP20-EQ.svg,,EQ
SENSEXBETA,SENSEX,858,862,856,857,-0.51,-0.06,462,396774.84,861.9681,952.91,785,26-FEB-21, INTERIM DIVIDEND - RS 13.56 PER UNIT,Infinity,-0.206108736914422,857.51,0,0,-0.75,,17-Jul-2026, INTERIM DIVIDEND - RS 13.56 PER UNIT,-0.206108736914422,26-FEB-21,Infinity,10.064958915322535,-9.171974522292993,https://nsearchives.nseindia.com/today/SENSEXBETAEQN.svg,https://nsearchives.nseindia.com/30d/SENSEXBETA-EQ.svg,,EQ
QUALITY30,Nifty200 Quality 30 Index,21.23,21.35,20.99,21.04,-0.19,-0.89,18032,379573.6,21.154,23.18,18.09,-,-,3.3906633906633794,2.5341130604288478,21.23,0,4.53,3.76,14-Aug-2025,17-Jul-2026,-,2.5341130604288478,-,3.3906633906633794,9.232096635030201,-16.307352128247647,https://nsearchives.nseindia.com/today/QUALITY30EQN.svg,https://nsearchives.nseindia.com/30d/QUALITY30-EQ.svg,https://nsearchives.nseindia.com/365d/QUALITY30-EQ.svg,EQ
FLEXIADD,Nifty500 Flexicap Quality 30 TRI,10.3,10.3,10.2,10.27,-0.03,-0.29,36130,369609.9,10.2796,11.9,8.73,-,-,Infinity,3.0090270812437203,10.3,0,0,3.73,,17-Jul-2026,-,3.0090270812437203,-,Infinity,13.697478991596645,-17.64032073310423,https://nsearchives.nseindia.com/today/FLEXIADDEQN.svg,https://nsearchives.nseindia.com/30d/FLEXIADD-EQ.svg,,EQ
SMALLGROWW,Nifty Smallcap 250 Momentum Quality 100 Index TRI,47.94,49.14,47.89,49,0.36,0.74,7056,344897.28,48.5861,49.8,45,-,-,Infinity,2.9195547153959263,48.64,0,0,3.47,,17-Jul-2026,-,2.9195547153959263,-,Infinity,1.6064257028112394,-8.88888888888889,https://nsearchives.nseindia.com/today/SMALLGROWWEQN.svg,https://nsearchives.nseindia.com/30d/SMALLGROWW-EQ.svg,,EQ
MOIPO,BSE Select IPO Total Return Index,48.61,48.61,48.29,48.5,0.07,0.14,6834,331312.32,48.4475,53,36.5,-,-,Infinity,4.09959218716462,48.43,0,0,3.75,,17-Jul-2026,-,4.09959218716462,-,Infinity,8.49056603773585,-32.87671232876713,https://nsearchives.nseindia.com/today/MOIPOEQN.svg,https://nsearchives.nseindia.com/30d/MOIPO-EQ.svg,,EQ
INFRA,Nifty India Infrastructure & Logistics,12.26,12.27,12.22,12.24,-0.04,-0.33,25904,316805.92,12.269,13.27,10.14,-,-,Infinity,-1.130856219709213,12.28,0,0,0.57,,17-Jul-2026,-,-1.130856219709213,-,Infinity,7.761868877166537,-20.710059171597628,https://nsearchives.nseindia.com/today/INFRAEQN.svg,https://nsearchives.nseindia.com/30d/INFRA-EQ.svg,,EQ
HEALTHCARE,Nifty 500 Healthcare Index,21.55,21.67,21.53,21.57,0.02,0.09,14059,303533.81,21.509,22.29,17.18,-,-,Infinity,1.030444964871189,21.55,0,0,1.99,,17-Jul-2026,-,1.030444964871189,-,Infinity,3.230148048452216,-25.552968568102447,https://nsearchives.nseindia.com/today/HEALTHCAREEQN.svg,https://nsearchives.nseindia.com/30d/HEALTHCARE-EQ.svg,,EQ
BANK10ADD,BSE Top 10 Banks Index (TRI),16.89,16.94,16.81,16.94,-0.05,-0.29,17562,296446.56,16.9234,18.99,12.08,-,-,Infinity,-2.19399538106235,16.99,0,0,-3.52,,17-Jul-2026,-,-2.19399538106235,-,Infinity,10.795155344918363,-40.231788079470206,https://nsearchives.nseindia.com/today/BANK10ADDEQN.svg,https://nsearchives.nseindia.com/30d/BANK10ADD-EQ.svg,,EQ
HSBCGOLD,Commodity,133.16,133.3,132.66,133.21,0.05,0.04,2175,289079.25,132.9401,146.4,119.1,-,-,Infinity,8.592157821798326,133.16,0,0,8.98,,17-Jul-2026,-,8.592157821798326,-,Infinity,9.009562841530053,-11.847187237615461,https://nsearchives.nseindia.com/today/HSBCGOLDEQN.svg,https://nsearchives.nseindia.com/30d/HSBCGOLD-EQ.svg,,EQ
GSEC10IETF,ICICI Prudential Nifty 10 yr Benchmark G-Sec ETF,266.6,267.14,264.49,264.49,-2.51,-0.94,1076,284741.88,265.2812,269.59,252.23,-,-,2.9143968871595365,0.5665399239543761,267,0,4.19,1.48,14-Aug-2025,16-Jul-2026,-,0.5665399239543761,-,2.9143968871595365,1.8917615638562137,-4.860643063870285,https://nsearchives.nseindia.com/today/GSEC10IETFEQN.svg,https://nsearchives.nseindia.com/30d/GSEC10IETF-EQ.svg,https://nsearchives.nseindia.com/365d/GSEC10IETF-EQ.svg,EQ
SENSEXAXIS,AXIS S&P BSE SENSEX ETF,79.07,81.5,78.83,79.69,-1.41,-1.74,3511,282495.06,80.7288,91.35,73.52,-,-,Infinity,-1.0799404170804425,81.1,0,0,0.21,,17-Jul-2026,-,-1.0799404170804425,-,Infinity,12.764094143404485,-8.392274211099025,https://nsearchives.nseindia.com/today/SENSEXAXISEQN.svg,https://nsearchives.nseindia.com/30d/SENSEXAXIS-EQ.svg,,EQ
GROWWPSE,Nifty PSE Index - TRI,99,99.56,98.59,99.56,0.24,0.24,2644,261147.88,99.1264,109.85,93.2,-,-,Infinity,-0.5791891352107033,99.32,0,0,0.07,,17-Jul-2026,-,-0.5791891352107033,-,Infinity,9.367319071461075,-6.824034334763948,https://nsearchives.nseindia.com/today/GROWWPSEEQN.svg,https://nsearchives.nseindia.com/30d/GROWWPSE-EQ.svg,,EQ
ABSL10BANK,BSE Top 10 Banks Index,168.73,169.75,168.48,169.75,0.06,0.04,1546,260918.42,169.1542,214.42,150,-,-,Infinity,-1.855920444033307,169.69,0,0,-4.28,,17-Jul-2026,-,-1.855920444033307,-,Infinity,20.83294468799552,-13.166666666666666,https://nsearchives.nseindia.com/today/ABSL10BANKEQN.svg,https://nsearchives.nseindia.com/30d/ABSL10BANK-EQ.svg,,EQ
BNKETFAXIS,Nifty Bank,593.4,593.48,590.21,592.79,-3.88,-0.65,439,260129.45,593.7369,647.82,512.51,-,-,Infinity,-0.9672892512279189,596.67,0,0,-0.92,,17-Jul-2026,-,-0.9672892512279189,-,Infinity,8.494643573832251,-15.664084603227248,https://nsearchives.nseindia.com/today/BNKETFAXISEQN.svg,https://nsearchives.nseindia.com/30d/BNKETFAXIS-EQ.svg,,EQ
NETF,Tata Nifty 50 Exchange Traded Fund,264.66,264.66,263,263,-2.2,-0.83,860,226713.2,264.5722,292.9,240.66,-,-,-2.36477707242826,-0.1291106554264354,265.2,0,-0.15,0.52,14-Aug-2025,17-Jul-2026,-,-0.1291106554264354,-,-2.36477707242826,10.208262205530891,-9.282805617884154,https://nsearchives.nseindia.com/today/NETFEQN.svg,https://nsearchives.nseindia.com/30d/NETF-EQ.svg,https://nsearchives.nseindia.com/365d/NETF-EQ.svg,EQ
IVZINNIFTY,Nifty 50,278.92,278.92,277.41,277.59,-1.63,-0.58,726,201769.92,278.7732,315,251.1,31-JUL-26,FACE VALUE SPLIT (SUB-DIVISION) - FROM RS 10/- PER SHARE TO RE 1/- PER SHARE,-90.16740106830643,-90.00522080400381,279.22,0,-89.98,-89.96,14-Aug-2025,17-Jul-2026,FACE VALUE SPLIT (SUB-DIVISION) - FROM RS 10/- PER SHARE TO RE 1/- PER SHARE,-90.00522080400381,31-JUL-26,-90.16740106830643,11.876190476190486,-10.549581839904414,https://nsearchives.nseindia.com/today/IVZINNIFTYEQN.svg,https://nsearchives.nseindia.com/30d/IVZINNIFTY-EQ.svg,https://nsearchives.nseindia.com/365d/IVZINNIFTY-EQ.svg,EQ
GROWWNXT50,Index,75.27,75.27,74.65,74.65,-0.62,-0.82,2649,198436.59,74.8398,76.79,60.01,-,-,Infinity,2.597581088510171,75.27,0,0,4.38,,17-Jul-2026,-,2.597581088510171,-,Infinity,2.786821200677172,-24.39593401099818,https://nsearchives.nseindia.com/today/GROWWNXT50EQN.svg,https://nsearchives.nseindia.com/30d/GROWWNXT50-EQ.svg,,EQ
BBNPPGOLD,Baroda BNP Paribas Gold ETF,147.8,148.35,147.55,147.7,-0.1,-0.07,1334,197552.06,147.9399,184.05,94.5,-,-,51.56490507952794,8.046817849305048,147.8,0,51.59,8.76,14-Aug-2025,17-Jul-2026,-,8.046817849305048,-,51.56490507952794,19.750067916327097,-56.29629629629628,https://nsearchives.nseindia.com/today/BBNPPGOLDEQN.svg,https://nsearchives.nseindia.com/30d/BBNPPGOLD-EQ.svg,https://nsearchives.nseindia.com/365d/BBNPPGOLD-EQ.svg,EQ
NIFTYBETF,Bajaj Finserv Nifty 50 ETF,250.75,250.75,249,249,-1.75,-0.70,778,194212.14,250.1374,279.99,227.01,-,-,-1.790644474244692,-0.2203967140853582,250.75,0,-0.24,0.44,14-Aug-2025,17-Jul-2026,-,-0.2203967140853582,-,-1.790644474244692,11.06825243758706,-9.686797938416815,https://nsearchives.nseindia.com/today/NIFTYBETFEQN.svg,https://nsearchives.nseindia.com/30d/NIFTYBETF-EQ.svg,https://nsearchives.nseindia.com/365d/NIFTYBETF-EQ.svg,EQ
ESG,NIFTY100 ESG SECTOR LEADERS,42.79,42.79,41.75,41.79,-0.16,-0.38,4455,186486.3,41.89,45.06,37.52,-,-,-1.9704433497537024,0.1918005274514464,41.95,0,-0.29,0.05,14-Aug-2025,17-Jul-2026,-,0.1918005274514464,-,-1.9704433497537024,7.256990679094548,-11.380597014925362,https://nsearchives.nseindia.com/today/ESGEQN.svg,https://nsearchives.nseindia.com/30d/ESG-EQ.svg,https://nsearchives.nseindia.com/365d/ESG-EQ.svg,EQ
NEXT50ADD,Nifty Next 50 TRI,75.17,75.17,74.8,74.94,-0.23,-0.31,2341,175551.59,74.8889,81,56.25,-,-,Infinity,2.8689087165408425,75.17,0,0,4.03,,17-Jul-2026,-,2.8689087165408425,-,Infinity,7.4814814814814845,-33.22666666666666,https://nsearchives.nseindia.com/today/NEXT50ADDEQN.svg,https://nsearchives.nseindia.com/30d/NEXT50ADD-EQ.svg,,EQ
SBIETFCON,Nifty India Consumption Index,123.46,125.01,123.46,124.86,-0.59,-0.47,1382,172266.3,124.7446,133.97,100,-,-,0.11225144323284202,3.0198019801980167,125.45,0,2.87,4.13,14-Aug-2025,17-Jul-2026,-,3.0198019801980167,-,0.11225144323284202,6.8000298574307685,-24.86,https://nsearchives.nseindia.com/today/SBIETFCONEQN.svg,https://nsearchives.nseindia.com/30d/SBIETFCON-EQ.svg,https://nsearchives.nseindia.com/365d/SBIETFCON-EQ.svg,EQ
MIDCAPBETA,UTI Nifty Midcap 150 Exchange Traded Fund (ETF),237.84,238.07,235.8,236,-1.8,-0.76,717,169599.18,237.1069,239.9,192.5,-,-,Infinity,1.4137768037471496,237.8,0,0,2.57,,17-Jul-2026,-,1.4137768037471496,-,Infinity,1.6256773655689893,-22.5974025974026,https://nsearchives.nseindia.com/today/MIDCAPBETAEQN.svg,https://nsearchives.nseindia.com/30d/MIDCAPBETA-EQ.svg,,EQ
SBINMID150,Nifty Midcap 150 Index,23.47,23.56,23.39,23.56,0.09,0.38,7216,169143.04,23.5116,24.06,19.81,-,-,Infinity,1.5955153083225417,23.47,0,0,1.73,,17-Jul-2026,-,1.5955153083225417,-,Infinity,2.0781379883624274,-18.92983341746593,https://nsearchives.nseindia.com/today/SBINMID150EQN.svg,https://nsearchives.nseindia.com/30d/SBINMID150-EQ.svg,,EQ
NEXT30ADD,BSE SENSEX Next 30 Index,43.71,43.75,43.55,43.66,-0.09,-0.21,3677,160317.2,43.68,45.9,36.98,-,-,11.94871794871794,3.044607033278261,43.75,0,14.02,3.77,14-Aug-2025,17-Jul-2026,-,3.044607033278261,-,11.94871794871794,4.880174291939002,-18.063818280151434,https://nsearchives.nseindia.com/today/NEXT30ADDEQN.svg,https://nsearchives.nseindia.com/30d/NEXT30ADD-EQ.svg,https://nsearchives.nseindia.com/365d/NEXT30ADD-EQ.svg,EQ
HYBRIDETF,Nifty200 Momentum 30 Plus 8-13 yr G-Sec 50:50 Total Return Index,10.22,10.22,10.13,10.14,-0.03,-0.29,15329,155436.06,10.1438,10.29,10.02,-,-,Infinity,Infinity,10.17,0,0,0,,,-,Infinity,-,Infinity,1.4577259475218522,-1.1976047904191716,https://nsearchives.nseindia.com/today/HYBRIDETFEQN.svg,,,EQ
GROWWPSUBK,Nifty PSU Bank Index - TRI,86.4,87.73,86.4,87,-0.63,-0.72,1670,145056.2,87.3432,91.19,77.57,-,-,Infinity,0.6129293396553731,87.63,0,0,4.53,,17-Jul-2026,-,0.6129293396553731,-,Infinity,4.594802061629562,-12.156761634652582,https://nsearchives.nseindia.com/today/GROWWPSUBKEQN.svg,https://nsearchives.nseindia.com/30d/GROWWPSUBK-EQ.svg,,EQ
LICNMID100,LIC MF Nifty Midcap 100 ETF,63.81,64.48,63.53,63.82,-0.35,-0.55,2032,130048,64.2533,67.5,52.3,-,-,10.243565382622215,1.0769718086791253,64.17,0,12.24,1.49,14-Aug-2025,17-Jul-2026,-,1.0769718086791253,-,10.243565382622215,5.451851851851852,-22.026768642447426,https://nsearchives.nseindia.com/today/LICNMID100EQN.svg,https://nsearchives.nseindia.com/30d/LICNMID100-EQ.svg,https://nsearchives.nseindia.com/365d/LICNMID100-EQ.svg,EQ
MOPSE,Nifty PSE Total Return Index,100.61,100.79,100.02,100.54,-0.07,-0.07,1279,128079.06,100.3345,114.7,92.55,-,-,4.729166666666673,-1.402373247033434,100.61,0,4.43,0.18,14-Aug-2025,17-Jul-2026,-,-1.402373247033434,-,4.729166666666673,12.345248474280728,-8.633171258779049,https://nsearchives.nseindia.com/today/MOPSEEQN.svg,https://nsearchives.nseindia.com/30d/MOPSE-EQ.svg,https://nsearchives.nseindia.com/365d/MOPSE-EQ.svg,EQ
ENIFTY,Nifty 50 TRI,25.19,25.19,24.34,24.44,-0.14,-0.57,5189,126819.16,24.4891,27.99,22.28,-,-,Infinity,0.2872384078785403,24.58,0,0,0.53,,17-Jul-2026,-,0.2872384078785403,-,Infinity,12.683101107538397,-9.694793536804308,https://nsearchives.nseindia.com/today/ENIFTYEQN.svg,https://nsearchives.nseindia.com/30d/ENIFTY-EQ.svg,,EQ
ENEXT50,Nifty Next 50 Total Return Index,74.5,74.55,74.13,74.5,0.13,0.17,1687,125124.79,74.2383,75.14,68.59,-,-,Infinity,2.8863416655158174,74.37,0,0,4.39,,17-Jul-2026,-,2.8863416655158174,-,Infinity,0.8517434122970463,-8.616416387228453,https://nsearchives.nseindia.com/today/ENEXT50EQN.svg,https://nsearchives.nseindia.com/30d/ENEXT50-EQ.svg,,EQ
MSCIINDIA,MSCI India Index,30.27,30.27,30.1,30.12,-0.15,-0.50,4053,122197.95,30.236,32.14,26.5,-,-,1.7911456573166649,0.7021063189568735,30.27,0,3.66,1.17,14-Aug-2025,17-Jul-2026,-,0.7021063189568735,-,1.7911456573166649,6.285003111387677,-13.660377358490571,https://nsearchives.nseindia.com/today/MSCIINDIAEQN.svg,https://nsearchives.nseindia.com/30d/MSCIINDIA-EQ.svg,https://nsearchives.nseindia.com/365d/MSCIINDIA-EQ.svg,EQ
LIQUIDBETA,Nifty 1D Rate Index,1004.65,1004.65,1004.63,1004.63,0.14,0.01,118,118547.52,1004.5027,1004.65,997.13,-,-,Infinity,Infinity,1004.49,0,0,0,,,-,Infinity,-,Infinity,0.0019907430448396764,-0.7521586954559586,https://nsearchives.nseindia.com/today/LIQUIDBETAEQN.svg,,,EQ
MOMETAL,Nifty Metal Index,13.41,13.41,13.04,13.09,-0.06,-0.46,8882,115998.92,13.1025,13.41,12.85,-,-,Infinity,Infinity,13.15,0,0,0,,,-,Infinity,-,Infinity,2.3862788963460124,-1.8677042801556438,https://nsearchives.nseindia.com/today/MOMETALEQN.svg,,,EQ
EBANKNIFTY,Edelweiss Nifty Bank ETF,58.31,58.31,57.76,58.06,-0.05,-0.09,1941,112150.98,58.0635,69.39,50.05,-,-,3.697088765851045,-0.5821917808219115,58.11,0,4.35,-1.26,14-Aug-2025,17-Jul-2026,-,-0.5821917808219115,-,3.697088765851045,16.328001152903873,-16.003996003996015,https://nsearchives.nseindia.com/today/EBANKNIFTYEQN.svg,https://nsearchives.nseindia.com/30d/EBANKNIFTY-EQ.svg,https://nsearchives.nseindia.com/365d/EBANKNIFTY-EQ.svg,EQ
MOSERVICE,Nifty Services Sector Total Return Index,31.08,31.1,31,31.06,-0.24,-0.77,3522,109358.1,31.1622,35.37,28.3,-,-,Infinity,-1.0512902198152336,31.3,0,0,-0.7,,17-Jul-2026,-,-1.0512902198152336,-,Infinity,12.185467910658748,-9.752650176678436,https://nsearchives.nseindia.com/today/MOSERVICEEQN.svg,https://nsearchives.nseindia.com/30d/MOSERVICE-EQ.svg,,EQ
CONSUMAXIS,NIFTY India Consumption Index,124.49,124.49,123.54,123.8,-0.93,-0.75,879,109101.48,124.3906,131.85,105.63,-,-,Infinity,2.542864242524636,124.73,0,0,3.27,,17-Jul-2026,-,2.542864242524636,-,Infinity,6.105422828972316,-17.201552589226548,https://nsearchives.nseindia.com/today/CONSUMAXISEQN.svg,https://nsearchives.nseindia.com/30d/CONSUMAXIS-EQ.svg,,EQ
EMETAL,Nifty Metal Total Return Index,13.14,13.14,13.05,13.06,-0.09,-0.68,6848,89571.84,13.0918,15.21,12.41,-,-,Infinity,Infinity,13.15,0,0,0,,,-,Infinity,-,Infinity,14.13543721236029,-5.237711522965353,https://nsearchives.nseindia.com/today/EMETALEQN.svg,,,EQ
PVTBKGROWW,Nifty Private Bank Index - TRI,27.83,27.83,27.3,27.39,-0.11,-0.40,3200,87520,27.4411,29.57,25.45,-,-,Infinity,-2.318116975748925,27.5,0,0,-3.31,,17-Jul-2026,-,-2.318116975748925,-,Infinity,7.3723368278660795,-7.622789783889985,https://nsearchives.nseindia.com/today/PVTBKGROWWEQN.svg,https://nsearchives.nseindia.com/30d/PVTBKGROWW-EQ.svg,,EQ
SBIVALETF,Nifty200 Value 30 Index,14.98,14.98,14.8,14.88,-0.03,-0.20,5779,85702.57,14.8884,17.7,14.43,-,-,Infinity,-1.1295681063122918,14.91,0,0,0.68,,17-Jul-2026,-,-1.1295681063122918,-,Infinity,15.9322033898305,-3.118503118503126,https://nsearchives.nseindia.com/today/SBIVALETFEQN.svg,https://nsearchives.nseindia.com/30d/SBIVALETF-EQ.svg,,EQ
ELMDIV,Index (BSE LargeMid (60:40) Stable Dividend 50),36.88,36.9,36.6,36.85,-0.03,-0.08,2132,78414.96,36.8192,38.67,36.13,-,-,Infinity,Infinity,36.88,0,0,0,,,-,Infinity,-,Infinity,4.706490819756918,-1.9928037641848846,https://nsearchives.nseindia.com/today/ELMDIVEQN.svg,,,EQ
SENSEXADD,DSP S&P BSE Sensex ETF,80.9,80.9,79.72,79.77,-0.55,-0.68,911,72761.57,80.2327,88.2,73.27,-,-,-3.7407988415590787,-0.1876876876876948,80.32,0,-2.64,-0.21,14-Aug-2025,17-Jul-2026,-,-0.1876876876876948,-,-3.7407988415590787,9.557823129251709,-8.87129793912925,https://nsearchives.nseindia.com/today/SENSEXADDEQN.svg,https://nsearchives.nseindia.com/30d/SENSEXADD-EQ.svg,https://nsearchives.nseindia.com/365d/SENSEXADD-EQ.svg,EQ
MSCI360,MSCI India Index,10.24,10.39,10.16,10.39,0.09,0.87,6139,62863.36,10.2279,11.6,9.6,-,-,Infinity,2.5666337611056247,10.3,0,0,1.58,,17-Jul-2026,-,2.5666337611056247,-,Infinity,10.431034482758614,-8.229166666666677,https://nsearchives.nseindia.com/today/MSCI360EQN.svg,https://nsearchives.nseindia.com/30d/MSCI360-EQ.svg,,EQ
GROWWLOVOL,Nifty 500 Low Volatility 50 Index   TRI,10.59,10.59,10.35,10.47,-0.08,-0.76,5709,59830.32,10.5245,11.1,9.39,-,-,3.152709359605914,0.2873563218390914,10.55,0,6.35,2.13,14-Aug-2025,17-Jul-2026,-,0.2873563218390914,-,3.152709359605914,5.6756756756756666,-11.501597444089457,https://nsearchives.nseindia.com/today/GROWWLOVOLEQN.svg,https://nsearchives.nseindia.com/30d/GROWWLOVOL-EQ.svg,https://nsearchives.nseindia.com/365d/GROWWLOVOL-EQ.svg,EQ
GSEC10YEAR,Mirae Asset Nifty 8-13 yr G-Sec ETF,30.71,30.71,30.49,30.49,-0.12,-0.39,1875,57187.5,30.5679,31.33,28.39,-,-,4.453579993148328,0.46128500823722246,30.61,0,3.76,0.66,14-Aug-2025,17-Jul-2026,-,0.46128500823722246,-,4.453579993148328,2.681136291094797,-7.396970764353638,https://nsearchives.nseindia.com/today/GSEC10YEAREQN.svg,https://nsearchives.nseindia.com/30d/GSEC10YEAR-EQ.svg,https://nsearchives.nseindia.com/365d/GSEC10YEAR-EQ.svg,EQ
MOMNC,Nifty MNC ETF Total Return Index,33.5,33.66,33.4,33.49,-0.19,-0.56,1697,56798.59,33.5569,35.8,27.03,-,-,Infinity,2.5099479644934197,33.68,0,0,4.05,,17-Jul-2026,-,2.5099479644934197,-,Infinity,6.452513966480434,-23.899371069182394,https://nsearchives.nseindia.com/today/MOMNCEQN.svg,https://nsearchives.nseindia.com/30d/MOMNC-EQ.svg,,EQ
HDFCLOWVOL,HDFC NIFTY100 Low Volatility 30 ETF,20.9,21,20.84,21,0,0.00,2537,52947.19,20.9182,22.28,18.35,20-OCT-23,FACE VALUE SPLIT (SUB-DIVISION) - FROM RS 126.18/- PER SHARE TO RS 12.618/- PER SHARE,1.64569215876089,1.596516690856305,21,0,3.14,1.94,14-Aug-2025,17-Jul-2026,FACE VALUE SPLIT (SUB-DIVISION) - FROM RS 126.18/- PER SHARE TO RS 12.618/- PER SHARE,1.596516690856305,20-OCT-23,1.64569215876089,5.74506283662478,-14.441416893732963,https://nsearchives.nseindia.com/today/HDFCLOWVOLEQN.svg,https://nsearchives.nseindia.com/30d/HDFCLOWVOL-EQ.svg,https://nsearchives.nseindia.com/365d/HDFCLOWVOL-EQ.svg,EQ
GSEC5IETF,Nifty 5 yr Benchmark G-Sec Index,66.66,66.86,66.15,66.15,-0.18,-0.27,793,52877.24,66.4149,69.14,62,-,-,5.603448275862077,-0.5113550909911103,66.33,0,5.37,-0.29,14-Aug-2025,17-Jul-2026,-,-0.5113550909911103,-,5.603448275862077,4.3245588660688385,-6.693548387096784,https://nsearchives.nseindia.com/today/GSEC5IETFEQN.svg,https://nsearchives.nseindia.com/30d/GSEC5IETF-EQ.svg,https://nsearchives.nseindia.com/365d/GSEC5IETF-EQ.svg,EQ
LICNETFN50,Nifty 50,272.38,272.74,271.06,271.06,-2.68,-0.98,176,47923.04,272.6762,295,248.17,-,-,-2.002892263195958,-0.5101853551110246,273.74,0,0.25,0.27,14-Aug-2025,17-Jul-2026,-,-0.5101853551110246,-,-2.002892263195958,8.115254237288136,-9.223516138131126,https://nsearchives.nseindia.com/today/LICNETFN50EQN.svg,https://nsearchives.nseindia.com/30d/LICNETFN50-EQ.svg,https://nsearchives.nseindia.com/365d/LICNETFN50-EQ.svg,EQ
PVTBANK,Index,27.41,27.5,27.33,27.5,0,0.00,1747,47867.8,27.4,28.33,27.01,-,-,Infinity,Infinity,27.5,0,0,0,,,-,Infinity,-,Infinity,2.9297564419343396,-1.814142910033315,https://nsearchives.nseindia.com/today/PVTBANKEQN.svg,,,EQ
MOBANK10,BSE Top 10 Banks Total Return Index,16.94,16.94,16.85,16.91,-0.13,-0.76,2780,46870.8,16.9281,20,15.75,-,-,Infinity,-2.423542989036343,17.04,0,0,-3.57,,17-Jul-2026,-,-2.423542989036343,-,Infinity,15.45,-7.365079365079366,https://nsearchives.nseindia.com/today/MOBANK10EQN.svg,https://nsearchives.nseindia.com/30d/MOBANK10-EQ.svg,,EQ
SNXT50BETA,BSE Sensex Next 50,96.62,97.29,96.14,96.99,0.37,0.38,484,46773.76,96.6507,102.25,77.11,17-FEB-21, FACE VALUE SPLIT (SUB-DIVISION) - FROM RS 10/- PER UNIT TO RE 1/- PER UNIT,Infinity,2.88532937307733,96.62,0,0,3.48,,17-Jul-2026, FACE VALUE SPLIT (SUB-DIVISION) - FROM RS 10/- PER UNIT TO RE 1/- PER UNIT,2.88532937307733,17-FEB-21,Infinity,5.144254278728611,-25.781351316301382,https://nsearchives.nseindia.com/today/SNXT50BETAEQN.svg,https://nsearchives.nseindia.com/30d/SNXT50BETA-EQ.svg,,EQ
MOOILGAS,Nifty Oil & Gas ETF Total Return Index,11.38,11.38,11.22,11.29,0.02,0.18,4144,46661.44,11.215,11.7,11.17,-,-,Infinity,Infinity,11.27,0,0,0,,,-,Infinity,-,Infinity,3.5042735042735056,-1.0743061772605123,https://nsearchives.nseindia.com/today/MOOILGASEQN.svg,,,EQ
MOINFRA,BSE India Infrastructure Total Return Index,60,60,59.59,59.79,0,0.00,758,45260.18,59.684,66,54.6,-,-,2.2925577416595315,-3.0642023346303513,59.79,0,2.38,-2.06,14-Aug-2025,17-Jul-2026,-,-3.0642023346303513,-,2.2925577416595315,9.40909090909091,-9.505494505494502,https://nsearchives.nseindia.com/today/MOINFRAEQN.svg,https://nsearchives.nseindia.com/30d/MOINFRA-EQ.svg,https://nsearchives.nseindia.com/365d/MOINFRA-EQ.svg,EQ
MON50EQUAL,Nifty 50 Equal Weight Total Return Index,33.82,33.82,33.6,33.63,-0.19,-0.56,1321,44425.23,33.6683,36,29.43,-,-,5.621859296482421,1.7549167927382918,33.82,0,7.78,1.35,14-Aug-2025,17-Jul-2026,-,1.7549167927382918,-,5.621859296482421,6.583333333333326,-14.271151885830795,https://nsearchives.nseindia.com/today/MON50EQUALEQN.svg,https://nsearchives.nseindia.com/30d/MON50EQUAL-EQ.svg,https://nsearchives.nseindia.com/365d/MON50EQUAL-EQ.svg,EQ
ESENSEX,BSE Sensex TRI,77.9,80.65,77.9,79.41,0.75,0.95,544,42948.8,78.3067,88.05,71.87,-,-,Infinity,1.8729955099422626,78.66,0,0,0.37,,17-Jul-2026,-,1.8729955099422626,-,Infinity,9.812606473594549,-10.491164602754962,https://nsearchives.nseindia.com/today/ESENSEXEQN.svg,https://nsearchives.nseindia.com/30d/ESENSEX-EQ.svg,,EQ
MOMGF,Nifty India Manufacturing Total Return Index,166.52,166.53,165.15,166.09,-0.12,-0.07,258,42853.8,165.5769,182.16,137.9,-,-,15.653506023257426,3.7543728135931973,166.21,0,17.79,4.35,13-Aug-2025,17-Jul-2026,-,3.7543728135931973,-,15.653506023257426,8.821914800175666,-20.442349528643945,https://nsearchives.nseindia.com/today/MOMGFEQN.svg,https://nsearchives.nseindia.com/30d/MOMGF-EQ.svg,https://nsearchives.nseindia.com/365d/MOMGF-EQ.svg,EQ
LOWVOL,Mirae Asset Nifty 100 Low Volatility 30 ETF,209.18,209.18,208.5,208.5,-1.1,-0.52,160,33401.6,209.3939,219.1,183.58,-,-,0.7635801275855464,0.6760019314340926,209.6,0,2.7,1.69,14-Aug-2025,17-Jul-2026,-,0.6760019314340926,-,0.7635801275855464,4.837973528069373,-13.574463449177461,https://nsearchives.nseindia.com/today/LOWVOLEQN.svg,https://nsearchives.nseindia.com/30d/LOWVOL-EQ.svg,https://nsearchives.nseindia.com/365d/LOWVOL-EQ.svg,EQ
BBNPNBETF,Baroda BNP Paribas NIFTY Bank ETF,58.07,58.07,57.65,57.78,-0.29,-0.50,537,30968.79,58.0261,62.77,50.03,-,-,3.2523230879199434,-1.0785824345146302,58.07,0,4.11,-1.58,14-Aug-2025,17-Jul-2026,-,-1.0785824345146302,-,3.2523230879199434,7.949657479687752,-15.490705576654006,https://nsearchives.nseindia.com/today/BBNPNBETFEQN.svg,https://nsearchives.nseindia.com/30d/BBNPNBETF-EQ.svg,https://nsearchives.nseindia.com/365d/BBNPNBETF-EQ.svg,EQ
LICNETFSEN,SENSEX,883.95,883.95,872.12,879.2,-1.41,-0.16,35,30653.35,878.7041,974.02,803,-,-,-3.0650496141124535,-0.1260919448830412,880.61,0,-2.14,0.07,14-Aug-2025,17-Jul-2026,-,-0.1260919448830412,-,-3.0650496141124535,9.734913040799976,-9.489414694894153,https://nsearchives.nseindia.com/today/LICNETFSENEQN.svg,https://nsearchives.nseindia.com/30d/LICNETFSEN-EQ.svg,https://nsearchives.nseindia.com/365d/LICNETFSEN-EQ.svg,EQ
MSCIADD,MSCI India Index,29.83,29.91,29.77,29.89,-0.14,-0.47,989,29511.76,29.929,33.82,26.4,-,-,Infinity,0.7075471698113236,30.03,0,0,1.56,,17-Jul-2026,-,0.7075471698113236,-,Infinity,11.62034299231224,-13.21969696969698,https://nsearchives.nseindia.com/today/MSCIADDEQN.svg,https://nsearchives.nseindia.com/30d/MSCIADD-EQ.svg,,EQ
ABSLMSCIN,MSCI India Index,29.7,29.87,29.7,29.76,-0.13,-0.43,858,25516.92,29.9027,35.34,26.34,-,-,Infinity,0.5065856129685989,29.89,0,0,1.39,,17-Jul-2026,-,0.5065856129685989,-,Infinity,15.789473684210531,-12.984054669703879,https://nsearchives.nseindia.com/today/ABSLMSCINEQN.svg,https://nsearchives.nseindia.com/30d/ABSLMSCIN-EQ.svg,,EQ
ABGSEC,Aditya Birla Sun Life CRISIL Broad Based Gilt ETF,115.63,115.63,114.64,115.3,0.23,0.20,213,24569.55,114.9711,116.23,108.18,-,-,5.066520867505014,0.46179315152043315,115.07,0,5.07,0.25,14-Aug-2025,17-Jul-2026,-,0.46179315152043315,-,5.066520867505014,0.8001376580917205,-6.58162322055832,https://nsearchives.nseindia.com/today/ABGSECEQN.svg,https://nsearchives.nseindia.com/30d/ABGSEC-EQ.svg,https://nsearchives.nseindia.com/365d/ABGSEC-EQ.svg,EQ
BANK10BETF,Index,20.97,20.99,20.75,20.95,-0.02,-0.10,898,18723.3,20.8275,24.9,20.17,-,-,Infinity,Infinity,20.97,0,0,0,,,-,Infinity,-,Infinity,15.863453815261042,-3.8671294000991447,https://nsearchives.nseindia.com/today/BANK10BETFEQN.svg,,,EQ
GILT10BETA,UTI Nifty 10 yr Benchmark G-Sec ETF,26.97,26.97,26.44,26.84,-0.07,-0.26,622,16644.72,26.7027,27.14,25.1,-,-,Infinity,0.1118985453189151,26.91,0,0,1.78,,17-Jul-2026,-,0.1118985453189151,-,Infinity,1.1053795136330167,-6.932270916334654,https://nsearchives.nseindia.com/today/GILT10BETAEQN.svg,https://nsearchives.nseindia.com/30d/GILT10BETA-EQ.svg,,EQ
MIDBANKADD,BSE MidSmall Private Banks Index,17.3,17.37,17.25,17.35,0.01,0.06,728,12587.12,17.3397,17.83,17.23,-,-,Infinity,Infinity,17.34,0,0,0,,,-,Infinity,-,Infinity,2.692091979809293,-0.6964596633778352,https://nsearchives.nseindia.com/today/MIDBANKADDEQN.svg,,,EQ
LICNFNHGP,Nifty 100,283.97,283.97,277.76,278.94,-2.22,-0.79,36,10091.16,279.2823,296.41,248.02,-,-,2.382088456597544,0.4392913726054913,281.16,0,3.84,1.69,14-Aug-2025,17-Jul-2026,-,0.4392913726054913,-,2.382088456597544,5.893863229985501,-12.466736553503743,https://nsearchives.nseindia.com/today/LICNFNHGPEQN.svg,https://nsearchives.nseindia.com/30d/LICNFNHGP-EQ.svg,https://nsearchives.nseindia.com/365d/LICNFNHGP-EQ.svg,EQ
EBANK10,Index (BSE Top 10 Bank),16.74,17.75,16.74,16.9,0.16,0.96,314,5259.5,16.7978,17.75,16.7,-,-,Infinity,Infinity,16.74,0,0,0,,,-,Infinity,-,Infinity,4.788732394366205,-1.1976047904191576,https://nsearchives.nseindia.com/today/EBANK10EQN.svg,,,EQ
GSEC10ABSL,CRISIL 10 Year Gilt ETF,0,0,0,113.27,0,0.00,0,0,113.0229,115,107.65,-,-,3.44292237442922,1.1339285714285678,113.27,0,3.7,-0.1,12-Aug-2025,17-Jul-2026,-,1.1339285714285678,-,3.44292237442922,1.50434782608696,-5.220622387366457,https://nsearchives.nseindia.com/today/GSEC10ABSLEQN.svg,https://nsearchives.nseindia.com/30d/GSEC10ABSL-EQ.svg,https://nsearchives.nseindia.com/365d/GSEC10ABSL-EQ.svg,EQ
