symbol,assets,open,high,low,ltP,chn,per,qty,trdVal,nav,wkhi,wklo,xDt,cAct,yPC,mPC,prevClose,stockIndClosePrice,perChange365d,perChange30d,date365dAgo,date30dAgo,CAct,MPC,XDt,YPC,nearWKH,nearWKL,chartTodayPath,chart30dPath,chart365dPath,series
LIQUIDBEES,Government Securities,1000.01,1000.01,999.99,1000.01,0.01,0.00,5812069,5812069000,1000,1029.99,969.99,19-SEP-17, EXIT OPTION PURSUANT TO CHANGE IN FUNDAMENTAL ATTRIBUTES OF ETF  ,0.002000020000198183,0.002000020000198183,1000,0,0,0,29-Sep-2025,28-Aug-2026, EXIT OPTION PURSUANT TO CHANGE IN FUNDAMENTAL ATTRIBUTES OF ETF  ,0.002000020000198183,19-SEP-17,0.002000020000198183,2.9107078709502052,-3.0948772667759443,https://nsearchives.nseindia.com/today/LIQUIDBEESEQN.svg,https://nsearchives.nseindia.com/30d/LIQUIDBEES-EQ.svg,https://nsearchives.nseindia.com/365d/LIQUIDBEES-EQ.svg,EQ
LIQUIDCASE,Zerodha Nifty 1D Rate Liquid ETF,116.16,116.16,116.14,116.15,0.03,0.03,26123360,3034228264,116.1337,116.16,107.56,-,-,4.9801156905278425,0.38026099732089874,116.12,0,4.95,0.36,29-Sep-2025,28-Aug-2026,-,0.38026099732089874,-,4.9801156905278425,0.008608815426989417,-7.986240238006697,https://nsearchives.nseindia.com/today/LIQUIDCASEEQN.svg,https://nsearchives.nseindia.com/30d/LIQUIDCASE-EQ.svg,https://nsearchives.nseindia.com/365d/LIQUIDCASE-EQ.svg,EQ
GOLDBEES,Gold,121.12,122.1,121.12,121.72,1.08,0.90,24806672,3017235515.36,120.8483,148.14,94.34,19-DEC-19, FACE VALUE SPLIT (SUB-DIVISION) - FROM RS 100/- TO RS 1/-,26.92387904066735,-4.398366321080737,120.64,0,25.8,-7.8,29-Sep-2025,28-Aug-2026, FACE VALUE SPLIT (SUB-DIVISION) - FROM RS 100/- TO RS 1/-,-4.398366321080737,19-DEC-19,26.92387904066735,17.834480896449296,-29.02268390926436,https://nsearchives.nseindia.com/today/GOLDBEESEQN.svg,https://nsearchives.nseindia.com/30d/GOLDBEES-EQ.svg,https://nsearchives.nseindia.com/365d/GOLDBEES-EQ.svg,EQ
SILVERBEES,Domestic price of Silver- based on LBMA Silver daily spot fixing price,209.51,211.2,209.23,209.72,0.57,0.27,13114685,2756051052.75,209.958,360,132.99,-,-,50.81259887818208,-6.04363603781193,209.15,0,50.4,-9.23,29-Sep-2025,28-Aug-2026,-,-6.04363603781193,-,50.81259887818208,41.74444444444445,-57.69606737348672,https://nsearchives.nseindia.com/today/SILVERBEESEQN.svg,https://nsearchives.nseindia.com/30d/SILVERBEES-EQ.svg,https://nsearchives.nseindia.com/365d/SILVERBEES-EQ.svg,EQ
LIQUID1,Kotak Nifty 1D Rate Liquid ETF,1124.68,1124.83,1124.68,1124.83,0.15,0.01,2127440,2392965786.4,1124.6737,1147.04,1067.98,-,-,5.048703269609715,0.37747635195431184,1124.68,0,5.03,0.38,29-Sep-2025,28-Aug-2026,-,0.37747635195431184,-,5.048703269609715,1.9362881852420175,-5.323133392011078,https://nsearchives.nseindia.com/today/LIQUID1EQN.svg,https://nsearchives.nseindia.com/30d/LIQUID1-EQ.svg,https://nsearchives.nseindia.com/365d/LIQUID1-EQ.svg,EQ
NIFTYBEES,Nifty 50,259.47,260.99,258.1,258.65,-0.82,-0.32,8559818,2219903200.12,259.0933,302.25,251.7,19-DEC-19, FACE VALUE SPLIT (SUB-DIVISION) - FROM RS 10/- TO RS 1/-,-7.14080562935307,-5.900971368283198,259.47,0,-6.85,-5.86,29-Sep-2025,28-Aug-2026, FACE VALUE SPLIT (SUB-DIVISION) - FROM RS 10/- TO RS 1/-,-5.900971368283198,19-DEC-19,-7.14080562935307,14.4251447477254,-2.761223678982912,https://nsearchives.nseindia.com/today/NIFTYBEESEQN.svg,https://nsearchives.nseindia.com/30d/NIFTYBEES-EQ.svg,https://nsearchives.nseindia.com/365d/NIFTYBEES-EQ.svg,EQ
GOLDIETF,Gold,125.47,126.62,125.46,126.04,1.1,0.88,7166962,904972291.74,125.2145,158,95.53,-,-,26.46999799317681,-4.312177345885206,124.94,0,25.37,-7.87,29-Sep-2025,28-Aug-2026,-,-4.312177345885206,-,26.46999799317681,20.22784810126582,-31.93761122160578,https://nsearchives.nseindia.com/today/GOLDIETFEQN.svg,https://nsearchives.nseindia.com/30d/GOLDIETF-EQ.svg,https://nsearchives.nseindia.com/365d/GOLDIETF-EQ.svg,EQ
SILVERIETF,Domestic Price of Silver,218.54,220.48,218.54,218.98,0.55,0.25,3909431,858198293.12,219.1941,373.5,138.51,-,-,51.847999445253436,-6.089716099150878,218.43,0,51.47,-9.19,29-Sep-2025,28-Aug-2026,-,-6.089716099150878,-,51.847999445253436,41.370816599732265,-58.096888311313265,https://nsearchives.nseindia.com/today/SILVERIETFEQN.svg,https://nsearchives.nseindia.com/30d/SILVERIETF-EQ.svg,https://nsearchives.nseindia.com/365d/SILVERIETF-EQ.svg,EQ
CASHIETF,BSE Liquid Rate Index,1081.71,1081.71,1081.69,1081.71,0.15,0.01,596911,645672659.59,1081.5475,1099.28,1030.06,-,-,5.012232059645863,0.383266207613366,1081.56,0,5,0.38,29-Sep-2025,28-Aug-2026,-,0.383266207613366,-,5.012232059645863,1.5983188996433972,-5.014271013339038,https://nsearchives.nseindia.com/today/CASHIETFEQN.svg,https://nsearchives.nseindia.com/30d/CASHIETF-EQ.svg,https://nsearchives.nseindia.com/365d/CASHIETF-EQ.svg,EQ
HDFCGOLD,Gold,125.05,126.19,125.05,125.89,1.13,0.91,4800287,603492081.64,124.8949,152.3,95.68,17-FEB-21, FACE VALUE SPLIT (SUB-DIVISION) - FROM RS 100/- PER UNIT TO RE 1/- PER UNIT,26.969238527483604,-4.49855864057047,124.76,0,25.83,-7.78,29-Sep-2025,28-Aug-2026, FACE VALUE SPLIT (SUB-DIVISION) - FROM RS 100/- PER UNIT TO RE 1/- PER UNIT,-4.49855864057047,17-FEB-21,26.969238527483604,17.34077478660539,-31.57399665551839,https://nsearchives.nseindia.com/today/HDFCGOLDEQN.svg,https://nsearchives.nseindia.com/30d/HDFCGOLD-EQ.svg,https://nsearchives.nseindia.com/365d/HDFCGOLD-EQ.svg,EQ
SETFGOLD,Gold,125.27,126.04,124.97,125.86,1.42,1.14,4803338,603059085.9,124.6523,153.95,97.11,06-JAN-22,FACE VALUE SPLIT (SUB-DIVISION) - FROM RS 100/- PER SHARE TO RS 1/- PER SHARE,27.15700141442715,-4.2525675161658345,124.44,0,25.72,-7.84,29-Sep-2025,28-Aug-2026,FACE VALUE SPLIT (SUB-DIVISION) - FROM RS 100/- PER SHARE TO RS 1/- PER SHARE,-4.2525675161658345,06-JAN-22,27.15700141442715,18.2461838259175,-29.60560189475852,https://nsearchives.nseindia.com/today/SETFGOLDEQN.svg,https://nsearchives.nseindia.com/30d/SETFGOLD-EQ.svg,https://nsearchives.nseindia.com/365d/SETFGOLD-EQ.svg,EQ
LIQUIDADD,DSP S&P BSE Liquid Rate ETF,1146.97,1146.99,1146.97,1146.98,0.16,0.01,523853,600848913.94,1146.8309,1175.19,1092.01,-,-,4.94446172708474,0.3745515008313619,1146.82,0,4.93,0.37,29-Sep-2025,28-Aug-2026,-,0.3745515008313619,-,4.94446172708474,2.4004629038708662,-5.033836686477232,https://nsearchives.nseindia.com/today/LIQUIDADDEQN.svg,https://nsearchives.nseindia.com/30d/LIQUIDADD-EQ.svg,https://nsearchives.nseindia.com/365d/LIQUIDADD-EQ.svg,EQ
TATAGOLD,Tata Gold Exchange Traded Fund,14.27,14.37,14.24,14.32,0.13,0.92,38787360,554271374.4,14.213,17.7,10.33,-,-,27.515583259127336,-4.278074866310164,14.19,0,26.36,-7.62,29-Sep-2025,28-Aug-2026,-,-4.278074866310164,-,27.515583259127336,19.096045197740107,-38.62536302032914,https://nsearchives.nseindia.com/today/TATAGOLDEQN.svg,https://nsearchives.nseindia.com/30d/TATAGOLD-EQ.svg,https://nsearchives.nseindia.com/365d/TATAGOLD-EQ.svg,EQ
TATSILV,Tata Silver Exchange Traded Fund,21.28,21.47,21.27,21.3,0.05,0.24,22886470,488626134.5,21.3332,35.1,13.5,-,-,49.78902953586498,-5.83554376657825,21.25,0,49.44,-9.07,29-Sep-2025,28-Aug-2026,-,-5.83554376657825,-,49.78902953586498,39.31623931623931,-57.777777777777786,https://nsearchives.nseindia.com/today/TATSILVEQN.svg,https://nsearchives.nseindia.com/30d/TATSILV-EQ.svg,https://nsearchives.nseindia.com/365d/TATSILV-EQ.svg,EQ
LIQUIDIETF,S&P BSE Liquid Rate Index,999.99,1000.01,999.99,1000,0.01,0.00,481471,481466185.29,1000,1041.19,955,-,-,0.0010000100000990915,0.0010000100000990915,999.99,0,0,0,29-Sep-2025,28-Aug-2026,-,0.0010000100000990915,-,0.0010000100000990915,3.956050288612074,-4.712041884816754,https://nsearchives.nseindia.com/today/LIQUIDIETFEQN.svg,https://nsearchives.nseindia.com/30d/LIQUIDIETF-EQ.svg,https://nsearchives.nseindia.com/365d/LIQUIDIETF-EQ.svg,EQ
HDFCSILVER,HDFC Silver ETF,209.95,211.09,209.3,209.49,0.47,0.22,2285176,479726997.68,209.8591,359,132.72,-,-,49.625026783801175,-6.062508407694715,209.02,0,49.29,-9.26,29-Sep-2025,28-Aug-2026,-,-6.062508407694715,-,49.625026783801175,41.646239554317546,-57.843580470162756,https://nsearchives.nseindia.com/today/HDFCSILVEREQN.svg,https://nsearchives.nseindia.com/30d/HDFCSILVER-EQ.svg,https://nsearchives.nseindia.com/365d/HDFCSILVER-EQ.svg,EQ
LIQUIDPLUS,Nifty 1D Rate Index,1105.37,1105.39,1105.37,1105.38,0.15,0.01,382273,422556928.74,1105.2315,1127.08,1052.36,-,-,5.022232356629815,0.37685133895735595,1105.23,0,5.01,0.38,29-Sep-2025,28-Aug-2026,-,0.37685133895735595,-,5.022232356629815,1.9253291691805212,-5.038199855562755,https://nsearchives.nseindia.com/today/LIQUIDPLUSEQN.svg,https://nsearchives.nseindia.com/30d/LIQUIDPLUS-EQ.svg,https://nsearchives.nseindia.com/365d/LIQUIDPLUS-EQ.svg,EQ
ITBEES,Nifty IT TRI,31.57,31.57,30.75,30.95,0.15,0.49,11992964,373101110.04,30.7557,44.27,28.55,-,-,-15.896739130434778,-9.819347319347322,30.8,0,-16.3,-11.24,29-Sep-2025,28-Aug-2026,-,-9.819347319347322,-,-15.896739130434778,30.088095775920497,-8.406304728546404,https://nsearchives.nseindia.com/today/ITBEESEQN.svg,https://nsearchives.nseindia.com/30d/ITBEES-EQ.svg,https://nsearchives.nseindia.com/365d/ITBEES-EQ.svg,EQ
LIQUID,Mirae Asset Nifty 1D Rate Liquid ETF,999.99,1000,999.99,1000,0.01,0.00,256215,256212437.85,1000,1024.98,974.99,-,-,0.0010000100000990915,0.0010000100000990915,999.99,0,0,0,29-Sep-2025,28-Aug-2026,-,0.0010000100000990915,-,0.0010000100000990915,2.4371207243068174,-2.565154514405275,https://nsearchives.nseindia.com/today/LIQUIDEQN.svg,https://nsearchives.nseindia.com/30d/LIQUID-EQ.svg,https://nsearchives.nseindia.com/365d/LIQUID-EQ.svg,EQ
JUNIORBEES,Nippon India ETF Nifty Next 50 Junior BeES,765.3,765.3,746.43,758,-3.66,-0.48,325345,247047472.3,751.6077,823.97,632.34,10-MAR-14,DIVIDEND-RS.1 PER UNIT,3.9851841690102137,-4.517169274179328,761.66,0,4.49,-4.95,29-Sep-2025,28-Aug-2026,DIVIDEND-RS.1 PER UNIT,-4.517169274179328,10-MAR-14,3.9851841690102137,8.006359454834524,-19.872220640794502,https://nsearchives.nseindia.com/today/JUNIORBEESEQN.svg,https://nsearchives.nseindia.com/30d/JUNIORBEES-EQ.svg,https://nsearchives.nseindia.com/365d/JUNIORBEES-EQ.svg,EQ
SETFNIF50,Nifty 50,245.44,246.26,243.96,244.99,-0.03,-0.01,973095,238486122.6,244.8523,287.33,237.9,24-MAR-21, DIVIDEND - RS 1.30 PER SHARE,-6.982306932948586,-5.686017862642433,245.02,0,-6.97,-5.94,29-Sep-2025,28-Aug-2026, DIVIDEND - RS 1.30 PER SHARE,-5.686017862642433,24-MAR-21,-6.982306932948586,14.735669787352514,-2.9802437999159324,https://nsearchives.nseindia.com/today/SETFNIF50EQN.svg,https://nsearchives.nseindia.com/30d/SETFNIF50-EQ.svg,https://nsearchives.nseindia.com/365d/SETFNIF50-EQ.svg,EQ
BANKBEES,Nifty Bank,567.24,571.5,563.98,567.6,3.18,0.56,414243,235327305.87,562.5025,638.99,515.98,19-DEC-19, FACE VALUE SPLIT (SUB-DIVISION) - FROM RS 10/- TO RS 1/-,1.055780084391202,-4.697941502401023,564.42,0,0.49,-5.31,29-Sep-2025,28-Aug-2026, FACE VALUE SPLIT (SUB-DIVISION) - FROM RS 10/- TO RS 1/-,-4.697941502401023,19-DEC-19,1.055780084391202,11.172318815630915,-10.00426373115237,https://nsearchives.nseindia.com/today/BANKBEESEQN.svg,https://nsearchives.nseindia.com/30d/BANKBEES-EQ.svg,https://nsearchives.nseindia.com/365d/BANKBEES-EQ.svg,EQ
HDFCSML250,HDFC NIFTY Smallcap 250 ETF,182.88,182.88,178.55,179.31,-1.76,-0.97,1266359,228425836.42,178.928,189.83,142.7,-,-,6.617909382804135,-3.2639188605956035,181.07,0,7.66,-2.91,29-Sep-2025,28-Aug-2026,-,-3.2639188605956035,-,6.617909382804135,5.541800558394358,-25.65522074281711,https://nsearchives.nseindia.com/today/HDFCSML250EQN.svg,https://nsearchives.nseindia.com/30d/HDFCSML250-EQ.svg,https://nsearchives.nseindia.com/365d/HDFCSML250-EQ.svg,EQ
NIFTYIETF,Nifty 50,264.42,264.42,256.14,257.9,-0.08,-0.03,866065,223366824.15,257.7697,304.14,250.4,-,-,-6.972549868340382,-5.676248994221358,257.98,0,-6.94,-5.93,29-Sep-2025,28-Aug-2026,-,-5.676248994221358,-,-6.972549868340382,15.20352469257579,-2.995207667731618,https://nsearchives.nseindia.com/today/NIFTYIETFEQN.svg,https://nsearchives.nseindia.com/30d/NIFTYIETF-EQ.svg,https://nsearchives.nseindia.com/365d/NIFTYIETF-EQ.svg,EQ
BANK10BETF,Bajaj Finserv BSE Top 10 Banks ETF,19.45,20.48,19.36,19.77,0.32,1.65,10012558,199350029.78,19.8183,24.9,19.36,-,-,Infinity,-4.951923076923082,19.45,0,0,-6.36,,28-Aug-2026,-,-4.951923076923082,-,Infinity,20.602409638554214,-2.117768595041323,https://nsearchives.nseindia.com/today/BANK10BETFEQN.svg,https://nsearchives.nseindia.com/30d/BANK10BETF-EQ.svg,,EQ
GOLDAXIS,Gold,122.04,123.09,121.86,122.58,1.21,1.00,1574920,193132439.6,121.7778,150,95.7,23-JUL-20, FACE VALUE SPLIT (SUB-DIVISION) - FROM RS 100/- PER SHARE TO RE 1/- PER SHARE,Infinity,-4.0694944435748965,121.37,0,0,-7.9,,28-Aug-2026, FACE VALUE SPLIT (SUB-DIVISION) - FROM RS 100/- PER SHARE TO RE 1/- PER SHARE,-4.0694944435748965,23-JUL-20,Infinity,18.28,-28.08777429467084,https://nsearchives.nseindia.com/today/GOLDAXISEQN.svg,https://nsearchives.nseindia.com/30d/GOLDAXIS-EQ.svg,,EQ
LIQUIDBETF,Bajaj Finserv Nifty 1D Rate Liquid ETF - Growth,1100.88,1100.9,1100.88,1100.88,0.13,0.01,175302,192988218.78,1100.7449,1116.24,1009.94,-,-,4.849708560326114,0.3646707023557727,1100.75,0,4.84,0.36,29-Sep-2025,28-Aug-2026,-,0.3646707023557727,-,4.849708560326114,1.37604816168565,-9.004495316553463,https://nsearchives.nseindia.com/today/LIQUIDBETFEQN.svg,https://nsearchives.nseindia.com/30d/LIQUIDBETF-EQ.svg,https://nsearchives.nseindia.com/365d/LIQUIDBETF-EQ.svg,EQ
SBISILVER,SBI SILVER ETF,215.19,216.5,214.64,215.5,0.97,0.45,895460,192774628.8,215.2257,362,136.05,-,-,51.366158600828825,-5.676894121766534,214.53,0,50.68,-9.14,29-Sep-2025,28-Aug-2026,-,-5.676894121766534,-,51.366158600828825,40.469613259668506,-58.39764792355751,https://nsearchives.nseindia.com/today/SBISILVEREQN.svg,https://nsearchives.nseindia.com/30d/SBISILVER-EQ.svg,https://nsearchives.nseindia.com/365d/SBISILVER-EQ.svg,EQ
MONQ50,Nasdaq Q-50 Total Return Index,193.12,202.99,186.07,194.99,6.58,3.49,960820,187638537.8,120.4753,471.99,91.35,-,-,97.59829752736115,31.71440151310458,188.41,0,90.93,28.72,29-Sep-2025,28-Aug-2026,-,31.71440151310458,-,97.59829752736115,58.687684061102985,-113.45374931581831,https://nsearchives.nseindia.com/today/MONQ50EQN.svg,https://nsearchives.nseindia.com/30d/MONQ50-EQ.svg,https://nsearchives.nseindia.com/365d/MONQ50-EQ.svg,EQ
GOLDETF,Mirae Asset Gold ETF,142.87,143.55,142.53,143.08,1.02,0.72,1302559,186435269.67,142.1782,173.5,111.1,-,-,26.91147773638462,-4.727660141163932,142.06,0,26.01,-7.61,29-Sep-2025,28-Aug-2026,-,-4.727660141163932,-,26.91147773638462,17.53314121037463,-28.784878487848804,https://nsearchives.nseindia.com/today/GOLDETFEQN.svg,https://nsearchives.nseindia.com/30d/GOLDETF-EQ.svg,https://nsearchives.nseindia.com/365d/GOLDETF-EQ.svg,EQ
GOLDADD,DSP Gold ETF,14.26,14.36,13.81,14.3,0.14,0.99,12591544,179681332.88,14.2078,18.1,11.08,28-AUG-26,FACE VALUE SPLIT (SUB-DIVISION) - FROM RS 10/- PER UNIT TO RE 1/- PER UNIT,Infinity,-4.47561790247161,14.16,0,0,-7.81,,28-Aug-2026,FACE VALUE SPLIT (SUB-DIVISION) - FROM RS 10/- PER UNIT TO RE 1/- PER UNIT,-4.47561790247161,28-AUG-26,Infinity,20.994475138121548,-29.06137184115524,https://nsearchives.nseindia.com/today/GOLDADDEQN.svg,https://nsearchives.nseindia.com/30d/GOLDADD-EQ.svg,,EQ
GOLD1,Gold,122.59,123.34,122.35,122.97,1.19,0.98,1441143,177001183.26,122.031,158,93.79,22-JUL-21, FACE VALUE SPLIT (SUB-DIVISION) - FROM RS 10/- PER SHARE TO RE 1/- PER SHARE,27.482894464026547,-4.437364003730189,121.78,0,26.25,-7.89,29-Sep-2025,28-Aug-2026, FACE VALUE SPLIT (SUB-DIVISION) - FROM RS 10/- PER SHARE TO RE 1/- PER SHARE,-4.437364003730189,22-JUL-21,27.482894464026547,22.170886075949365,-31.11205885488857,https://nsearchives.nseindia.com/today/GOLD1EQN.svg,https://nsearchives.nseindia.com/30d/GOLD1-EQ.svg,https://nsearchives.nseindia.com/365d/GOLD1-EQ.svg,EQ
SILVER,Physical price of Silver,218.98,220.59,218.72,218.98,0.34,0.16,734070,161150387.1,219.2864,371.89,136.33,-,-,49.63782971163044,-6.085688553415962,218.64,0,49.41,-9.14,29-Sep-2025,28-Aug-2026,-,-6.085688553415962,-,49.63782971163044,41.1169969614671,-60.6249541553583,https://nsearchives.nseindia.com/today/SILVEREQN.svg,https://nsearchives.nseindia.com/30d/SILVER-EQ.svg,https://nsearchives.nseindia.com/365d/SILVER-EQ.svg,EQ
SILVERBETA,UTI Silver Exchange Traded Fund (UTI Silver ETF),211.42,213.22,211.35,211.75,0.35,0.17,715040,151681435.2,211.9728,379.66,134.16,-,-,Infinity,-5.947410500133245,211.4,0,0,-9.17,,28-Aug-2026,-,-5.947410500133245,-,Infinity,44.22641310646368,-57.83392963625522,https://nsearchives.nseindia.com/today/SILVERBETAEQN.svg,https://nsearchives.nseindia.com/30d/SILVERBETA-EQ.svg,,EQ
MON100,Nasdaq100,319.64,323.6,316.44,321.12,1.48,0.46,470889,151235420.13,284.621,354.9,213.01,17-JUN-21, FACE VALUE SPLIT (SUB-DIVISION) - FROM RS 10/- PER SHARE TO RE 1/- PER SHARE,46.07651366965382,-3.335340156532205,319.64,0,45.4,-2.28,29-Sep-2025,28-Aug-2026, FACE VALUE SPLIT (SUB-DIVISION) - FROM RS 10/- PER SHARE TO RE 1/- PER SHARE,-3.335340156532205,17-JUN-21,46.07651366965382,9.518174133558741,-50.753485751842646,https://nsearchives.nseindia.com/today/MON100EQN.svg,https://nsearchives.nseindia.com/30d/MON100-EQ.svg,https://nsearchives.nseindia.com/365d/MON100-EQ.svg,EQ
LIQUIDETF,Nifty1D rate index,1000,1000.01,999.99,1000,0.01,0.00,144112,144110558.88,1000,1025,995,-,-,0.0010000100000990915,0,999.99,0,0,0,29-Sep-2025,28-Aug-2026,-,0,-,0.0010000100000990915,2.4390243902439024,-0.5025125628140703,https://nsearchives.nseindia.com/today/LIQUIDETFEQN.svg,https://nsearchives.nseindia.com/30d/LIQUIDETF-EQ.svg,https://nsearchives.nseindia.com/365d/LIQUIDETF-EQ.svg,EQ
PSUBNKBEES,Nifty PSU Bank,89.71,90.74,89.01,89.86,0.15,0.17,1523620,137125800,89.0501,110.4,80.25,19-DEC-19, FACE VALUE SPLIT (SUB-DIVISION) - FROM RS 10/- TO RS 1/-,8.881618805282924,-5.579489334874437,89.71,0,8.7,-6.59,29-Sep-2025,28-Aug-2026, FACE VALUE SPLIT (SUB-DIVISION) - FROM RS 10/- TO RS 1/-,-5.579489334874437,19-DEC-19,8.881618805282924,18.60507246376812,-11.975077881619939,https://nsearchives.nseindia.com/today/PSUBNKBEESEQN.svg,https://nsearchives.nseindia.com/30d/PSUBNKBEES-EQ.svg,https://nsearchives.nseindia.com/365d/PSUBNKBEES-EQ.svg,EQ
PHARMABEES,Nifty Pharma TRI,27.79,28.55,27.22,27.39,-0.4,-1.44,4945372,135602100.24,27.6942,28.58,21.46,-,-,24.386920980926437,-0.7608695652173944,27.79,0,26.2,0.11,29-Sep-2025,28-Aug-2026,-,-0.7608695652173944,-,24.386920980926437,4.163750874737571,-27.632805219012113,https://nsearchives.nseindia.com/today/PHARMABEESEQN.svg,https://nsearchives.nseindia.com/30d/PHARMABEES-EQ.svg,https://nsearchives.nseindia.com/365d/PHARMABEES-EQ.svg,EQ
GOLDCASE,Zerodha Gold ETF,23.08,23.25,23.03,23.16,0.19,0.83,5642152,130615818.8,23.0138,27.94,17.66,-,-,27.1828665568369,-4.37654830718414,22.97,0,26.14,-7.75,29-Sep-2025,28-Aug-2026,-,-4.37654830718414,-,27.1828665568369,17.10808876163207,-31.143827859569647,https://nsearchives.nseindia.com/today/GOLDCASEEQN.svg,https://nsearchives.nseindia.com/30d/GOLDCASE-EQ.svg,https://nsearchives.nseindia.com/365d/GOLDCASE-EQ.svg,EQ
HEALTHY,Nifty Healthcare TRI,17.14,17.38,16.5,16.68,-0.46,-2.68,7501875,124906218.75,17.0435,17.79,13.58,-,-,14.012303485987688,-3.0796048808832137,17.14,0,17.16,-0.58,29-Sep-2025,28-Aug-2026,-,-3.0796048808832137,-,14.012303485987688,6.239460370994938,-22.82768777614138,https://nsearchives.nseindia.com/today/HEALTHYEQN.svg,https://nsearchives.nseindia.com/30d/HEALTHY-EQ.svg,https://nsearchives.nseindia.com/365d/HEALTHY-EQ.svg,EQ
MAFANG,NYSE FANG+ Total Return Index,238.14,242.36,235.6,242.12,3.98,1.67,504625,121347173.75,179.8878,258.47,149.74,-,-,43.887799370060016,15.322695879971432,238.14,0,41.52,14.97,29-Sep-2025,28-Aug-2026,-,15.322695879971432,-,43.887799370060016,6.325685766239804,-61.6936022438894,https://nsearchives.nseindia.com/today/MAFANGEQN.svg,https://nsearchives.nseindia.com/30d/MAFANG-EQ.svg,https://nsearchives.nseindia.com/365d/MAFANG-EQ.svg,EQ
BSLNIFTY,Nifty 50,27.73,28,26.56,27.33,0.27,1.00,4493220,120193635,26.6614,33,25.7,25-NOV-21, FACE VALUE SPLIT (SUB-DIVISION) - FROM RS 10/- PER SHARE TO RE 1/- PER SHARE,-4.574022346368723,-3.4616743200282603,27.06,0,-5.52,-4.65,29-Sep-2025,28-Aug-2026, FACE VALUE SPLIT (SUB-DIVISION) - FROM RS 10/- PER SHARE TO RE 1/- PER SHARE,-3.4616743200282603,25-NOV-21,-4.574022346368723,17.181818181818187,-6.342412451361864,https://nsearchives.nseindia.com/today/BSLNIFTYEQN.svg,https://nsearchives.nseindia.com/30d/BSLNIFTY-EQ.svg,https://nsearchives.nseindia.com/365d/BSLNIFTY-EQ.svg,EQ
MODEFENCE,Nifty India Defence Total Return Index,101.29,102.3,101,101.99,0.7,0.69,1179096,120173464.32,100.3895,112,77.8,-,-,17.798567798567795,-4.315601838821661,101.29,0,16.99,-5.2,29-Sep-2025,28-Aug-2026,-,-4.315601838821661,-,17.798567798567795,8.937500000000004,-31.092544987146532,https://nsearchives.nseindia.com/today/MODEFENCEEQN.svg,https://nsearchives.nseindia.com/30d/MODEFENCE-EQ.svg,https://nsearchives.nseindia.com/365d/MODEFENCE-EQ.svg,EQ
GROWWGOLD,Commodity,14.29,14.47,14.22,14.4,0.15,1.05,8272551,119124734.4,14.2813,18,11.16,06-FEB-26,FACE VALUE SPLIT (SUB-DIVISION) - FROM RS 10/- PER UNIT TO RE 1/- PER UNIT,-87.29598588442875,-3.999999999999998,14.25,0,-87.43,-7.65,29-Sep-2025,28-Aug-2026,FACE VALUE SPLIT (SUB-DIVISION) - FROM RS 10/- PER UNIT TO RE 1/- PER UNIT,-3.999999999999998,06-FEB-26,-87.29598588442875,19.999999999999996,-29.032258064516128,https://nsearchives.nseindia.com/today/GROWWGOLDEQN.svg,https://nsearchives.nseindia.com/30d/GROWWGOLD-EQ.svg,https://nsearchives.nseindia.com/365d/GROWWGOLD-EQ.svg,EQ
NIFTYETF,Nifty 50,248.23,248.5,245.99,246.68,-0.47,-0.19,477495,118203887.25,247.3773,289.05,239.81,-,-,-7.08501261817771,-5.818570555894933,247.15,0,-6.91,-6.01,29-Sep-2025,28-Aug-2026,-,-5.818570555894933,-,-7.08501261817771,14.658363604912644,-2.864767941286854,https://nsearchives.nseindia.com/today/NIFTYETFEQN.svg,https://nsearchives.nseindia.com/30d/NIFTYETF-EQ.svg,https://nsearchives.nseindia.com/365d/NIFTYETF-EQ.svg,EQ
BANKIETF,Nifty Bank,56.07,56.7,55.85,56.54,0.57,1.02,2045989,115311940.04,55.7906,63.9,51.17,-,-,1.489858194220065,-4.21819413857361,55.97,0,0.47,-5.34,29-Sep-2025,28-Aug-2026,-,-4.21819413857361,-,1.489858194220065,11.517996870109547,-10.494430330271639,https://nsearchives.nseindia.com/today/BANKIETFEQN.svg,https://nsearchives.nseindia.com/30d/BANKIETF-EQ.svg,https://nsearchives.nseindia.com/365d/BANKIETF-EQ.svg,EQ
MID150BEES,Nifty Midcap 150 TRI,229.65,229.65,226.5,226.7,-0.68,-0.30,492892,112187148.12,226.0465,247.15,190.43,-,-,4.561597712282637,-6.380342762750368,227.38,0,4.88,-6.67,29-Sep-2025,28-Aug-2026,-,-6.380342762750368,-,4.561597712282637,8.27432733158002,-19.046368744420512,https://nsearchives.nseindia.com/today/MID150BEESEQN.svg,https://nsearchives.nseindia.com/30d/MID150BEES-EQ.svg,https://nsearchives.nseindia.com/365d/MID150BEES-EQ.svg,EQ
GOLDBETA,Gold,123.95,124.3,123,123.85,0.85,0.69,840320,104006406.4,123.0272,149.35,95.85,25-MAR-21, FACE VALUE SPLIT (SUB-DIVISION) - FROM RS 100/- PER UNIT TO RE 1/- PER UNIT,Infinity,-4.694113120430931,123,0,0,-7.73,,28-Aug-2026, FACE VALUE SPLIT (SUB-DIVISION) - FROM RS 100/- PER UNIT TO RE 1/- PER UNIT,-4.694113120430931,25-MAR-21,Infinity,17.073987278205557,-29.212310902451748,https://nsearchives.nseindia.com/today/GOLDBETAEQN.svg,https://nsearchives.nseindia.com/30d/GOLDBETA-EQ.svg,,EQ
SILVER1,Kotak Silver ETF,21.27,21.44,21.26,21.29,0.06,0.28,4628578,98681282.96,21.3072,38.8,13.41,27-FEB-26,FACE VALUE SPLIT (SUB-DIVISION) - FROM RS 10/- PER SHARE TO RE 1/- PER SHARE,-84.87818737126217,-5.962897526501773,21.23,0,-84.92,-9.35,29-Sep-2025,28-Aug-2026,FACE VALUE SPLIT (SUB-DIVISION) - FROM RS 10/- PER SHARE TO RE 1/- PER SHARE,-5.962897526501773,27-FEB-26,-84.87818737126217,45.12886597938144,-58.7621178225205,https://nsearchives.nseindia.com/today/SILVER1EQN.svg,https://nsearchives.nseindia.com/30d/SILVER1-EQ.svg,https://nsearchives.nseindia.com/365d/SILVER1-EQ.svg,EQ
GROWWHOSPI,BSE Hospitals Index,51,51.07,47.41,48.7,-1.78,-3.53,2028190,97697912.3,50.2245,62,43.35,-,-,Infinity,-7.0610687022900676,50.48,0,0,-4.1,,28-Aug-2026,-,-7.0610687022900676,-,Infinity,21.451612903225804,-12.341407151095735,https://nsearchives.nseindia.com/today/GROWWHOSPIEQN.svg,https://nsearchives.nseindia.com/30d/GROWWHOSPI-EQ.svg,,EQ
INSUREIETF,BSE Insurance Index,14.61,14.72,14.42,14.5,-0.11,-0.75,6536073,94838419.23,14.5306,16.46,14.36,-,-,Infinity,-5.228758169934645,14.61,0,0,-4.82,,28-Aug-2026,-,-5.228758169934645,-,Infinity,11.907654921020661,-0.9749303621169957,https://nsearchives.nseindia.com/today/INSUREIETFEQN.svg,https://nsearchives.nseindia.com/30d/INSUREIETF-EQ.svg,,EQ
LOWVOLIETF,Nifty 100 Low Volatility 30 Index,20.85,20.96,20.6,20.6,-0.25,-1.20,4427471,91958572.67,20.8483,26.81,19.84,01-MAR-24,FACE VALUE SPLIT (SUB-DIVISION) - FROM RS 10/- PER SHARE TO RE 1/- PER SHARE,-6.235776058261254,-7.081641858367163,20.85,0,-5.1,-6.33,29-Sep-2025,28-Aug-2026,FACE VALUE SPLIT (SUB-DIVISION) - FROM RS 10/- PER SHARE TO RE 1/- PER SHARE,-7.081641858367163,01-MAR-24,-6.235776058261254,23.162998881014538,-3.8306451612903305,https://nsearchives.nseindia.com/today/LOWVOLIETFEQN.svg,https://nsearchives.nseindia.com/30d/LOWVOLIETF-EQ.svg,https://nsearchives.nseindia.com/365d/LOWVOLIETF-EQ.svg,EQ
LIQGRWBEES,Liquid,1057.52,1057.52,1057.5,1057.5,0.14,0.01,85673,90600054.23,1057.3744,1063.44,995.55,-,-,4.73096768443049,0.35396718448997583,1057.36,0,4.72,0.35,29-Sep-2025,28-Aug-2026,-,0.35396718448997583,-,4.73096768443049,0.5585646580907295,-6.222690974838034,https://nsearchives.nseindia.com/today/LIQGRWBEESEQN.svg,https://nsearchives.nseindia.com/30d/LIQGRWBEES-EQ.svg,https://nsearchives.nseindia.com/365d/LIQGRWBEES-EQ.svg,EQ
BSLGOLDETF,Gold,128.69,130,128.69,130,1.51,1.18,650112,84104989.44,128.6205,155.99,100.33,25-NOV-21, FACE VALUE SPLIT (SUB-DIVISION) - FROM RS 10/- PER SHARE TO RE 0.10/- PER SHARE,26.829268292682926,-4.285083198350754,128.49,0,25.36,-7.97,29-Sep-2025,28-Aug-2026, FACE VALUE SPLIT (SUB-DIVISION) - FROM RS 10/- PER SHARE TO RE 0.10/- PER SHARE,-4.285083198350754,25-NOV-21,26.829268292682926,16.661324443874612,-29.572411043556265,https://nsearchives.nseindia.com/today/BSLGOLDETFEQN.svg,https://nsearchives.nseindia.com/30d/BSLGOLDETF-EQ.svg,https://nsearchives.nseindia.com/365d/BSLGOLDETF-EQ.svg,EQ
ALPHA,NIFTY Alpha 50 Index,52.29,52.92,51.7,51.84,-0.42,-0.80,1603268,83866949.08,51.2357,55.59,42,-,-,9.575142675967028,-5.522143247676316,52.26,0,10.46,-5.65,29-Sep-2025,28-Aug-2026,-,-5.522143247676316,-,9.575142675967028,6.745817593092283,-23.428571428571438,https://nsearchives.nseindia.com/today/ALPHAEQN.svg,https://nsearchives.nseindia.com/30d/ALPHA-EQ.svg,https://nsearchives.nseindia.com/365d/ALPHA-EQ.svg,EQ
ESILVER,Edelweiss Silver ETF,219.19,220.7,219.06,219.44,1.19,0.55,379464,83182303.44,219.3384,375,139.33,-,-,50.97351221190231,-6.013363028953226,218.25,0,50.15,-9.14,29-Sep-2025,28-Aug-2026,-,-6.013363028953226,-,50.97351221190231,41.48266666666667,-57.49659082753174,https://nsearchives.nseindia.com/today/ESILVEREQN.svg,https://nsearchives.nseindia.com/30d/ESILVER-EQ.svg,https://nsearchives.nseindia.com/365d/ESILVER-EQ.svg,EQ
SMALLCAP,Mirae Asset Nifty Smallcap 250 Momentum Quality 100 ETF,47.72,48.23,47.71,47.77,0.05,0.10,1648275,79067751.75,47.6247,54.5,37.34,-,-,7.2278338945005745,-2.490304143702794,47.72,0,7.12,-2.91,29-Sep-2025,28-Aug-2026,-,-2.490304143702794,-,7.2278338945005745,12.348623853211002,-27.932512051419387,https://nsearchives.nseindia.com/today/SMALLCAPEQN.svg,https://nsearchives.nseindia.com/30d/SMALLCAP-EQ.svg,https://nsearchives.nseindia.com/365d/SMALLCAP-EQ.svg,EQ
FMCGIETF,Nifty FMCG Index,48.5,48.74,47.86,48.09,-0.26,-0.54,1468352,70701148.8,48.1455,61.19,47.86,10-MAY-24,FACE VALUE SPLIT (SUB-DIVISION) - FROM RS 10/- PER SHARE TO RE 1/- PER SHARE,-18.116805721096533,-4.011976047904188,48.35,0,-17.67,-3.95,29-Sep-2025,28-Aug-2026,FACE VALUE SPLIT (SUB-DIVISION) - FROM RS 10/- PER SHARE TO RE 1/- PER SHARE,-4.011976047904188,10-MAY-24,-18.116805721096533,21.408726916162767,-0.48056832427915586,https://nsearchives.nseindia.com/today/FMCGIETFEQN.svg,https://nsearchives.nseindia.com/30d/FMCGIETF-EQ.svg,https://nsearchives.nseindia.com/365d/FMCGIETF-EQ.svg,EQ
SILVERCASE,Commodity-Silver,22.28,22.38,22.17,22.21,0.04,0.18,3044024,67759974.24,22.2467,38.01,14.02,-,-,51.39740967961828,-6.365935919055641,22.17,0,51.12,-9.47,29-Sep-2025,28-Aug-2026,-,-6.365935919055641,-,51.39740967961828,41.568008418837145,-58.416547788873046,https://nsearchives.nseindia.com/today/SILVERCASEEQN.svg,https://nsearchives.nseindia.com/30d/SILVERCASE-EQ.svg,https://nsearchives.nseindia.com/365d/SILVERCASE-EQ.svg,EQ
NEXT50IETF,Nifty Next 50,73.81,74.39,73.61,73.9,0.09,0.12,761097,56321178,73.3437,80.38,62.6,15-NOV-18, FACE VALUE SPLIT (SUB-DIVISION) - FROM RS 10/- PER SHARE TO RS 1/- PER SHARE,3.806714426183464,-4.521963824289405,73.81,0,3.68,-5.67,29-Sep-2025,28-Aug-2026, FACE VALUE SPLIT (SUB-DIVISION) - FROM RS 10/- PER SHARE TO RS 1/- PER SHARE,-4.521963824289405,15-NOV-18,3.806714426183464,8.061706892261745,-18.051118210862626,https://nsearchives.nseindia.com/today/NEXT50IETFEQN.svg,https://nsearchives.nseindia.com/30d/NEXT50IETF-EQ.svg,https://nsearchives.nseindia.com/365d/NEXT50IETF-EQ.svg,EQ
BBETF0432,Nifty BHARAT Bond Index - April 2032,1339.94,1339.94,1334.02,1335.5,-1.81,-0.14,41450,55377614.5,1339.1583,1378,1288.67,-,-,3.3628729538330595,0.035205201381244416,1337.31,0,3.5,-0.39,29-Sep-2025,28-Aug-2026,-,0.035205201381244416,-,3.3628729538330595,3.084179970972424,-3.6339792188845808,https://nsearchives.nseindia.com/today/BBETF0432EQN.svg,https://nsearchives.nseindia.com/30d/BBETF0432-EQ.svg,https://nsearchives.nseindia.com/365d/BBETF0432-EQ.svg,EQ
CPSEETF,CPSE ETF,91.36,91.87,90.24,90.91,-0.45,-0.49,578348,52623884.52,91.4628,112,86.06,-,-,-1.3563368055555556,-1.803845322963925,91.36,0,-0.87,-1.51,29-Sep-2025,28-Aug-2026,-,-1.803845322963925,-,-1.3563368055555556,18.830357142857146,-5.63560306762723,https://nsearchives.nseindia.com/today/CPSEETFEQN.svg,https://nsearchives.nseindia.com/30d/CPSEETF-EQ.svg,https://nsearchives.nseindia.com/365d/CPSEETF-EQ.svg,EQ
MASPTOP50,S&P 500 Top 50 Total Return Index,101.98,101.98,98.01,99.74,0.24,0.24,519681,51869360.61,68.4888,148.9,65,-,-,46.784400294334056,23.869846000993544,99.5,0,46.43,24.72,29-Sep-2025,28-Aug-2026,-,23.869846000993544,-,46.784400294334056,33.01544660846206,-53.44615384615384,https://nsearchives.nseindia.com/today/MASPTOP50EQN.svg,https://nsearchives.nseindia.com/30d/MASPTOP50-EQ.svg,https://nsearchives.nseindia.com/365d/MASPTOP50-EQ.svg,EQ
AUTOBEES,Nifty Auto TRI,270,274.27,270,272.85,0.13,0.05,175105,47805416.05,270.8909,310.45,242.5,-,-,0.5935702698717054,-8.675569836328936,272.72,0,0.55,-8.52,29-Sep-2025,28-Aug-2026,-,-8.675569836328936,-,0.5935702698717054,12.111451119342878,-12.515463917525782,https://nsearchives.nseindia.com/today/AUTOBEESEQN.svg,https://nsearchives.nseindia.com/30d/AUTOBEES-EQ.svg,https://nsearchives.nseindia.com/365d/AUTOBEES-EQ.svg,EQ
SILVERAG,Mirae Asset Silver ETF,214.19,215.08,213.14,213.3,0.06,0.03,222521,47559413.33,213.8256,380,134.03,-,-,50.4231311706629,-6.080753819734931,213.24,0,50.38,-9.19,29-Sep-2025,28-Aug-2026,-,-6.080753819734931,-,50.4231311706629,43.86842105263158,-59.1434753413415,https://nsearchives.nseindia.com/today/SILVERAGEQN.svg,https://nsearchives.nseindia.com/30d/SILVERAG-EQ.svg,https://nsearchives.nseindia.com/365d/SILVERAG-EQ.svg,EQ
METALIETF,Nifty Metal Index,13.02,13.03,12.87,12.9,-0.12,-0.92,3593568,46572641.28,13.0343,14.17,9.85,-,-,29.38816449348044,-3.2258064516129012,13.02,0,30.59,-3.98,29-Sep-2025,28-Aug-2026,-,-3.2258064516129012,-,29.38816449348044,8.962597035991529,-30.96446700507615,https://nsearchives.nseindia.com/today/METALIETFEQN.svg,https://nsearchives.nseindia.com/30d/METALIETF-EQ.svg,https://nsearchives.nseindia.com/365d/METALIETF-EQ.svg,EQ
HDFCNIFTY,Nifty 50,263.02,263.02,255.3,255.91,-0.7,-0.27,180348,46201550.64,256.279,301.88,247.56,17-FEB-21, FACE VALUE SPLIT (SUB-DIVISION) - FROM RS 761.25/- PER UNIT TO RS 76.125/- PER UNIT,-7.134303443771091,-5.866990362686684,256.61,0,-6.88,-5.81,29-Sep-2025,28-Aug-2026, FACE VALUE SPLIT (SUB-DIVISION) - FROM RS 761.25/- PER UNIT TO RS 76.125/- PER UNIT,-5.866990362686684,17-FEB-21,-7.134303443771091,15.227905127865377,-3.372919696235254,https://nsearchives.nseindia.com/today/HDFCNIFTYEQN.svg,https://nsearchives.nseindia.com/30d/HDFCNIFTY-EQ.svg,https://nsearchives.nseindia.com/365d/HDFCNIFTY-EQ.svg,EQ
LOWVOL1,Kotak Nifty 100 Low Vol 30 ETF,19.97,19.98,19.66,19.66,-0.22,-1.11,2308658,45849947.88,19.9013,22.9,18.77,-,-,-6.912878787878792,-6.956933270231893,19.88,0,-5.87,-6.62,29-Sep-2025,28-Aug-2026,-,-6.956933270231893,-,-6.912878787878792,14.148471615720517,-4.741608950452854,https://nsearchives.nseindia.com/today/LOWVOL1EQN.svg,https://nsearchives.nseindia.com/30d/LOWVOL1-EQ.svg,https://nsearchives.nseindia.com/365d/LOWVOL1-EQ.svg,EQ
MIDCAPETF,Mirae Asset Mutual Fund - Mirae Asset Nifty Midcap 150 ETF,22.44,22.6,22.36,22.38,-0.06,-0.27,2032130,45641639.8,22.3447,24.57,19.6,-,-,4.579439252336451,-6.438127090301014,22.44,0,4.86,-6.77,29-Sep-2025,28-Aug-2026,-,-6.438127090301014,-,4.579439252336451,8.913308913308917,-14.183673469387742,https://nsearchives.nseindia.com/today/MIDCAPETFEQN.svg,https://nsearchives.nseindia.com/30d/MIDCAPETF-EQ.svg,https://nsearchives.nseindia.com/365d/MIDCAPETF-EQ.svg,EQ
LTGILTBEES,NIFTY 8-13 yr G-Sec Index,29.56,29.65,29.56,29.58,0.03,0.10,1530615,45306204,29.5752,30.61,28.13,-,-,2.708333333333325,-0.9377093101138685,29.55,0,2.6,-1.34,29-Sep-2025,28-Aug-2026,-,-0.9377093101138685,-,2.708333333333325,3.3649134269846495,-5.1546391752577305,https://nsearchives.nseindia.com/today/LTGILTBEESEQN.svg,https://nsearchives.nseindia.com/30d/LTGILTBEES-EQ.svg,https://nsearchives.nseindia.com/365d/LTGILTBEES-EQ.svg,EQ
ITIETF,Nifty IT Index,30.82,31.6,30.79,30.98,0.16,0.52,1391110,43235698.8,30.7787,44.3,28.54,01-SEP-22,FACE VALUE SPLIT (SUB-DIVISION) - FROM RS 10/- PER UNIT TO RE 1/- PER UNIT,-15.952251763429189,-9.705625182162638,30.82,0,-16.39,-11.05,29-Sep-2025,28-Aug-2026,FACE VALUE SPLIT (SUB-DIVISION) - FROM RS 10/- PER UNIT TO RE 1/- PER UNIT,-9.705625182162638,01-SEP-22,-15.952251763429189,30.067720090293452,-8.549404344779262,https://nsearchives.nseindia.com/today/ITIETFEQN.svg,https://nsearchives.nseindia.com/30d/ITIETF-EQ.svg,https://nsearchives.nseindia.com/365d/ITIETF-EQ.svg,EQ
PVTBANIETF,Nifty Private Bank Index,26.63,27.25,26.63,27.25,0.53,1.98,1570287,42460560.48,26.754,30.32,24.18,01-MAR-24,FACE VALUE SPLIT (SUB-DIVISION) - FROM RS 10/- PER SHARE TO RE 1/- PER SHARE,2.559277380504327,-2.852049910873443,26.72,0,0.56,-4.64,29-Sep-2025,28-Aug-2026,FACE VALUE SPLIT (SUB-DIVISION) - FROM RS 10/- PER SHARE TO RE 1/- PER SHARE,-2.852049910873443,01-MAR-24,2.559277380504327,10.12532981530343,-12.696443341604633,https://nsearchives.nseindia.com/today/PVTBANIETFEQN.svg,https://nsearchives.nseindia.com/30d/PVTBANIETF-EQ.svg,https://nsearchives.nseindia.com/365d/PVTBANIETF-EQ.svg,EQ
HDFCBSE500,HDFC S&P BSE 500 ETF,35.92,36.32,35.5,35.7,-0.05,-0.14,1086363,38859204.51,35.5833,40,32.65,-,-,-3.721682847896428,-5.605499735589628,35.75,0,-3.59,-5.6,29-Sep-2025,28-Aug-2026,-,-5.605499735589628,-,-3.721682847896428,10.749999999999993,-9.341500765696798,https://nsearchives.nseindia.com/today/HDFCBSE500EQN.svg,https://nsearchives.nseindia.com/30d/HDFCBSE500-EQ.svg,https://nsearchives.nseindia.com/365d/HDFCBSE500-EQ.svg,EQ
SILVERAXIS,Axis Silver ETF,218,219.65,217.69,218.1,0.42,0.19,177368,38751360.64,218.3488,390.01,137.56,-,-,Infinity,-6.003534025772533,217.68,0,0,-8.91,,28-Aug-2026,-,-6.003534025772533,-,Infinity,44.07835696520602,-58.548996801395745,https://nsearchives.nseindia.com/today/SILVERAXISEQN.svg,https://nsearchives.nseindia.com/30d/SILVERAXIS-EQ.svg,,EQ
GROWWSLVR,Commodity-Silver,21.64,21.67,21.47,21.51,0.07,0.33,1765536,38082611.52,21.5262,36.3,13.59,06-FEB-26,FACE VALUE SPLIT (SUB-DIVISION) - FROM RS 10/- PER UNIT TO RE 1/- PER UNIT,-85.15118045008974,-5.9055118110236124,21.44,0,-85.2,-9.11,29-Sep-2025,28-Aug-2026,FACE VALUE SPLIT (SUB-DIVISION) - FROM RS 10/- PER UNIT TO RE 1/- PER UNIT,-5.9055118110236124,06-FEB-26,-85.15118045008974,40.74380165289255,-58.27814569536426,https://nsearchives.nseindia.com/today/GROWWSLVREQN.svg,https://nsearchives.nseindia.com/30d/GROWWSLVR-EQ.svg,https://nsearchives.nseindia.com/365d/GROWWSLVR-EQ.svg,EQ
MOCAPITAL,Nifty Capital Market Total Return Index,52.58,52.58,51.1,51.39,-0.16,-0.31,726308,37295915.8,51.1284,57.25,41.31,-,-,21.86388427792269,-6.102685912662154,51.55,0,22.24,-6.93,29-Sep-2025,28-Aug-2026,-,-6.102685912662154,-,21.86388427792269,10.235807860262009,-24.400871459694983,https://nsearchives.nseindia.com/today/MOCAPITALEQN.svg,https://nsearchives.nseindia.com/30d/MOCAPITAL-EQ.svg,https://nsearchives.nseindia.com/365d/MOCAPITAL-EQ.svg,EQ
NEXT50,Nifty Next 50,722.06,727.84,719.42,721.79,0.09,0.01,49850,36124799.5,717.8566,785.96,617,-,-,3.8173318950017925,-4.758197532493245,721.7,0,3.8,-5.51,29-Sep-2025,28-Aug-2026,-,-4.758197532493245,-,3.8173318950017925,8.164537635503088,-16.9837925445705,https://nsearchives.nseindia.com/today/NEXT50EQN.svg,https://nsearchives.nseindia.com/30d/NEXT50-EQ.svg,https://nsearchives.nseindia.com/365d/NEXT50-EQ.svg,EQ
GROWWRAIL,Nifty India Railways PSU Index,26.22,27.11,26.1,26.94,0.71,2.71,1325731,35476561.56,26.1897,36.75,25.9,-,-,-22.78589853826311,-4.5019496632399845,26.23,0,-24.82,-8.03,29-Sep-2025,28-Aug-2026,-,-4.5019496632399845,-,-22.78589853826311,26.693877551020407,-4.015444015444026,https://nsearchives.nseindia.com/today/GROWWRAILEQN.svg,https://nsearchives.nseindia.com/30d/GROWWRAIL-EQ.svg,https://nsearchives.nseindia.com/365d/GROWWRAIL-EQ.svg,EQ
HEALTHIETF,Nifty Healthcare Index,170,171.74,165.52,166.9,-3.08,-1.81,204794,34176022.72,170.0068,175.45,138.65,-,-,15.063771113409166,-2.437598643830004,169.98,0,17.19,-1.28,29-Sep-2025,28-Aug-2026,-,-2.437598643830004,-,15.063771113409166,4.87318324308919,-20.375045077533358,https://nsearchives.nseindia.com/today/HEALTHIETFEQN.svg,https://nsearchives.nseindia.com/30d/HEALTHIETF-EQ.svg,https://nsearchives.nseindia.com/365d/HEALTHIETF-EQ.svg,EQ
NIFTY1,Nifty 50,252.64,255.64,251.21,252.25,-0.39,-0.15,133566,33736100.28,252.4176,295.8,244.8,27-JUL-17, FACE VALUE SPLIT (SUB-DIVISION) - FROM RS 10/- PER SHARE TO RS 1/- PER SHARE,-6.980603289328124,-5.637438276223251,252.64,0,-6.84,-5.79,29-Sep-2025,28-Aug-2026, FACE VALUE SPLIT (SUB-DIVISION) - FROM RS 10/- PER SHARE TO RS 1/- PER SHARE,-5.637438276223251,27-JUL-17,-6.980603289328124,14.722785665990537,-3.0433006535947666,https://nsearchives.nseindia.com/today/NIFTY1EQN.svg,https://nsearchives.nseindia.com/30d/NIFTY1-EQ.svg,https://nsearchives.nseindia.com/365d/NIFTY1-EQ.svg,EQ
HDFCLIQUID,HDFC Nifty 1D Rate Liquid ETF,1080.05,1080.07,1080.05,1080.07,0.17,0.02,29271,31614143.55,,1080.86,1009.91,28-FEB-25,CHANGE IN FUNDAMENTAL ATTRIBUTE OF HDFC NIFTY 1D RATE LIQUID ETF,4.9029225225575255,0.3782527881040833,1079.9,0,4.89,0.38,29-Sep-2025,28-Aug-2026,CHANGE IN FUNDAMENTAL ATTRIBUTE OF HDFC NIFTY 1D RATE LIQUID ETF,0.3782527881040833,28-FEB-25,4.9029225225575255,0.07308994689413649,-6.947153706765946,https://nsearchives.nseindia.com/today/HDFCLIQUIDEQN.svg,https://nsearchives.nseindia.com/30d/HDFCLIQUID-EQ.svg,https://nsearchives.nseindia.com/365d/HDFCLIQUID-EQ.svg,EQ
SETFNN50,Nifty Next 50,757.5,757.5,746.77,751.66,-3.02,-0.40,41960,31555598.4,745.2834,840,636.01,02-NOV-17, DIVIDEND - RS 7/- PER UNIT,4.184512176528468,-4.576557362481124,754.68,0,4.6,-5.06,29-Sep-2025,28-Aug-2026, DIVIDEND - RS 7/- PER UNIT,-4.576557362481124,02-NOV-17,4.184512176528468,10.516666666666671,-18.183676357289976,https://nsearchives.nseindia.com/today/SETFNN50EQN.svg,https://nsearchives.nseindia.com/30d/SETFNN50-EQ.svg,https://nsearchives.nseindia.com/365d/SETFNN50-EQ.svg,EQ
MOMENTUM50,Nifty 500 Momentum 50 Total Return Index,52.47,53.05,52.23,52.61,0.14,0.27,591232,31152014.08,52.3324,55.97,44.96,-,-,4.509336511720294,-4.397601308377252,52.47,0,4.23,-5.39,29-Sep-2025,28-Aug-2026,-,-4.397601308377252,-,4.509336511720294,6.003216008576022,-17.01512455516014,https://nsearchives.nseindia.com/today/MOMENTUM50EQN.svg,https://nsearchives.nseindia.com/30d/MOMENTUM50-EQ.svg,https://nsearchives.nseindia.com/365d/MOMENTUM50-EQ.svg,EQ
EQUAL50ADD,NIFTY 50 Equal Weight Index,324.25,325.71,322.85,324.11,-1.68,-0.52,94200,30587682,325.3647,361,304.78,-,-,-1.0502213402533958,-5.757320229129717,325.79,0,-0.54,-5.82,29-Sep-2025,28-Aug-2026,-,-5.757320229129717,-,-1.0502213402533958,10.218836565096948,-6.342279677144184,https://nsearchives.nseindia.com/today/EQUAL50ADDEQN.svg,https://nsearchives.nseindia.com/30d/EQUAL50ADD-EQ.svg,https://nsearchives.nseindia.com/365d/EQUAL50ADD-EQ.svg,EQ
EBBETF0431,Nifty BHARAT Bond,1432.57,1433.94,1423.02,1429,3.29,0.23,21312,30388354.56,1430.1673,1469,1372.73,-,-,3.862311572398362,-0.5144842278211419,1425.71,0,3.62,-0.45,29-Sep-2025,28-Aug-2026,-,-0.5144842278211419,-,3.862311572398362,2.7229407760381212,-4.099130928878948,https://nsearchives.nseindia.com/today/EBBETF0431EQN.svg,https://nsearchives.nseindia.com/30d/EBBETF0431-EQ.svg,https://nsearchives.nseindia.com/365d/EBBETF0431-EQ.svg,EQ
HNGSNGBEES,Hang Seng Index,464.28,464.28,453,457.7,4.74,1.05,66686,30336128.26,446.8621,579.92,443.42,19-DEC-19, FACE VALUE SPLIT (SUB-DIVISION) - FROM RS 10/- TO RS 1/-,-13.46681035297676,-2.7060349042365535,452.96,0,-14.36,-4.28,29-Sep-2025,28-Aug-2026, FACE VALUE SPLIT (SUB-DIVISION) - FROM RS 10/- TO RS 1/-,-2.7060349042365535,19-DEC-19,-13.46681035297676,21.075320733894326,-3.220423075188303,https://nsearchives.nseindia.com/today/HNGSNGBEESEQN.svg,https://nsearchives.nseindia.com/30d/HNGSNGBEES-EQ.svg,https://nsearchives.nseindia.com/365d/HNGSNGBEES-EQ.svg,EQ
SILVERADD,DSP Silver ETF,21.22,21.3,21.06,21.14,0.07,0.33,1389076,29351175.88,21.1611,39,13.36,28-AUG-26,FACE VALUE SPLIT (SUB-DIVISION) - FROM RS 10/- PER UNIT TO RE 1/- PER UNIT,-84.86432304718264,-6.044444444444442,21.07,0,-84.91,-9.22,29-Sep-2025,28-Aug-2026,FACE VALUE SPLIT (SUB-DIVISION) - FROM RS 10/- PER UNIT TO RE 1/- PER UNIT,-6.044444444444442,28-AUG-26,-84.86432304718264,45.794871794871796,-58.233532934131745,https://nsearchives.nseindia.com/today/SILVERADDEQN.svg,https://nsearchives.nseindia.com/30d/SILVERADD-EQ.svg,https://nsearchives.nseindia.com/365d/SILVERADD-EQ.svg,EQ
ICICIB22,S&P BSE BHARAT 22 index,111.02,111.13,109.78,110,-0.35,-0.32,261911,28975213.93,110.3405,131,109.31,-,-,-0.470503076366265,-3.3222007382668317,110.35,0,-0.15,-3.55,29-Sep-2025,28-Aug-2026,-,-3.3222007382668317,-,-0.470503076366265,16.03053435114504,-0.6312322751806767,https://nsearchives.nseindia.com/today/ICICIB22EQN.svg,https://nsearchives.nseindia.com/30d/ICICIB22-EQ.svg,https://nsearchives.nseindia.com/365d/ICICIB22-EQ.svg,EQ
GROWWLIQID,Nifty 1D Rate Index,110.96,110.96,110.95,110.95,0.01,0.01,247098,27415523.1,110.9409,112.71,105.55,-,-,4.729091938833307,0.35274963820549976,110.94,0,4.72,0.35,29-Sep-2025,28-Aug-2026,-,0.35274963820549976,-,4.729091938833307,1.5615295892112422,-5.1160587399336865,https://nsearchives.nseindia.com/today/GROWWLIQIDEQN.svg,https://nsearchives.nseindia.com/30d/GROWWLIQID-EQ.svg,https://nsearchives.nseindia.com/365d/GROWWLIQID-EQ.svg,EQ
METAL,Nifty Metal Total Return Index,13.28,13.28,12.88,12.9,-0.12,-0.92,2030313,26373765.87,13.0812,14.18,8.7,-,-,29.258517034068134,-3.443113772455083,13.02,0,30.46,-4.26,29-Sep-2025,28-Aug-2026,-,-3.443113772455083,-,29.258517034068134,9.026798307475314,-48.27586206896554,https://nsearchives.nseindia.com/today/METALEQN.svg,https://nsearchives.nseindia.com/30d/METAL-EQ.svg,https://nsearchives.nseindia.com/365d/METAL-EQ.svg,EQ
MIDCAP,Nifty Midcap 50 Index,17.52,17.78,17.39,17.49,-0.03,-0.17,1467345,25707884.4,17.4007,19.27,15.01,27-FEB-26,FACE VALUE SPLIT (SUB-DIVISION) - FROM RS 10/- PER SHARE TO RE 1/- PER SHARE,-89.26269261464792,-6.420545746388457,17.52,0,-89.24,-6.96,29-Sep-2025,28-Aug-2026,FACE VALUE SPLIT (SUB-DIVISION) - FROM RS 10/- PER SHARE TO RE 1/- PER SHARE,-6.420545746388457,27-FEB-26,-89.26269261464792,9.237156201349254,-16.52231845436375,https://nsearchives.nseindia.com/today/MIDCAPEQN.svg,https://nsearchives.nseindia.com/30d/MIDCAP-EQ.svg,https://nsearchives.nseindia.com/365d/MIDCAP-EQ.svg,EQ
MOREALTY,Motilal Oswal Nifty Realty ETF,84.79,85.84,84,84.56,0.05,0.06,300207,25376497.71,83.7423,99.49,64,-,-,-3.6682615629984037,-6.096612992781783,84.51,0,-3.73,-6.95,29-Sep-2025,28-Aug-2026,-,-6.096612992781783,-,-3.6682615629984037,15.006533319931645,-32.125,https://nsearchives.nseindia.com/today/MOREALTYEQN.svg,https://nsearchives.nseindia.com/30d/MOREALTY-EQ.svg,https://nsearchives.nseindia.com/365d/MOREALTY-EQ.svg,EQ
BANKADD,DSP Nifty Bank ETF,56.16,56.43,55.84,56.02,0.13,0.23,428485,24093711.55,55.6413,62.9,51.01,-,-,Infinity,-5.002543666270977,55.89,0,0,-5.01,,28-Aug-2026,-,-5.002543666270977,-,Infinity,10.937996820349754,-9.821603607135867,https://nsearchives.nseindia.com/today/BANKADDEQN.svg,https://nsearchives.nseindia.com/30d/BANKADD-EQ.svg,,EQ
UNIONGOLD,Commodity Gold,143.1,149.9,143.1,149.9,6.9,4.83,162729,23527358.82,143.1483,177,110.6,-,-,31.548924967090834,-0.4648074369189832,143,0,25.49,-7.92,29-Sep-2025,28-Aug-2026,-,-0.4648074369189832,-,31.548924967090834,15.310734463276834,-35.53345388788428,https://nsearchives.nseindia.com/today/UNIONGOLDEQN.svg,https://nsearchives.nseindia.com/30d/UNIONGOLD-EQ.svg,https://nsearchives.nseindia.com/365d/UNIONGOLD-EQ.svg,EQ
SML100CASE,Nifty Smallcap 100 Index,11.34,11.34,10.95,11.01,-0.11,-0.99,2109388,23203268,10.9379,11.77,8.5,-,-,10.876132930513595,-2.9100529100529107,11.12,0,11.98,-2.63,29-Sep-2025,28-Aug-2026,-,-2.9100529100529107,-,10.876132930513595,6.457094307561595,-29.52941176470588,https://nsearchives.nseindia.com/today/SML100CASEEQN.svg,https://nsearchives.nseindia.com/30d/SML100CASE-EQ.svg,https://nsearchives.nseindia.com/365d/SML100CASE-EQ.svg,EQ
MONIFTY500,Motilal Oswal Nifty 500 ETF,22.8,22.9,22.62,22.71,-0.08,-0.35,1019365,23180360.1,22.6241,28.28,20.75,-,-,-2.2384847180370193,-5.217028380634391,22.79,0,-1.89,-5.47,29-Sep-2025,28-Aug-2026,-,-5.217028380634391,-,-2.2384847180370193,19.695898161244696,-9.445783132530124,https://nsearchives.nseindia.com/today/MONIFTY500EQN.svg,https://nsearchives.nseindia.com/30d/MONIFTY500-EQ.svg,https://nsearchives.nseindia.com/365d/MONIFTY500-EQ.svg,EQ
BANKETF,Mirae Asset Nifty Bank ETF,551.06,562,551.06,557,3.17,0.57,41020,22912951.6,553.5942,628.27,507.01,-,-,0.8382062747795853,-5.223753615790376,553.83,0,0.26,-5.48,29-Sep-2025,28-Aug-2026,-,-5.223753615790376,-,0.8382062747795853,11.343848982125516,-9.859766079564508,https://nsearchives.nseindia.com/today/BANKETFEQN.svg,https://nsearchives.nseindia.com/30d/BANKETF-EQ.svg,https://nsearchives.nseindia.com/365d/BANKETF-EQ.svg,EQ
QGOLDHALF,Gold,122.28,122.31,121.5,121.88,1.08,0.89,186588,22733881.92,121.14,149.69,93.31,16-DEC-21, FACE VALUE SPLIT (SUB-DIVISION) - FROM RS 100 PER SHARE TO RS 2 PER SHARE,26.43153526970953,-4.617311003286904,120.8,0,25.31,-7.91,29-Sep-2025,28-Aug-2026, FACE VALUE SPLIT (SUB-DIVISION) - FROM RS 100 PER SHARE TO RS 2 PER SHARE,-4.617311003286904,16-DEC-21,26.43153526970953,18.578395350390807,-30.618368877933758,https://nsearchives.nseindia.com/today/QGOLDHALFEQN.svg,https://nsearchives.nseindia.com/30d/QGOLDHALF-EQ.svg,https://nsearchives.nseindia.com/365d/QGOLDHALF-EQ.svg,EQ
MOSILVER,Domestic Price of Physical Silver,217.98,218.8,216.59,216.69,0.38,0.18,96372,21034152.72,217.1265,385,135.25,-,-,50.99296216291548,-6.105381748851722,216.31,0,50.73,-8.99,29-Sep-2025,28-Aug-2026,-,-6.105381748851722,-,50.99296216291548,43.71688311688312,-60.21441774491682,https://nsearchives.nseindia.com/today/MOSILVEREQN.svg,https://nsearchives.nseindia.com/30d/MOSILVER-EQ.svg,https://nsearchives.nseindia.com/365d/MOSILVER-EQ.svg,EQ
HSBCGOLD,Commodity,130.7,130.7,127.01,127.49,-1.59,-1.23,160677,20579510.16,127.2518,146.4,119.1,-,-,Infinity,-4.744471010161393,129.08,0,0,-5.85,,28-Aug-2026,-,-4.744471010161393,-,Infinity,12.916666666666673,-7.044500419815281,https://nsearchives.nseindia.com/today/HSBCGOLDEQN.svg,https://nsearchives.nseindia.com/30d/HSBCGOLD-EQ.svg,,EQ
MOM100,Nifty Midcap 100,64.75,64.97,64,64.2,-0.35,-0.54,312563,20129057.2,64.0451,70.32,56.15,-,-,5.332239540607055,-6.726718000871706,64.55,0,5.91,-6.61,29-Sep-2025,28-Aug-2026,-,-6.726718000871706,-,5.332239540607055,8.703071672354938,-14.336598397150498,https://nsearchives.nseindia.com/today/MOM100EQN.svg,https://nsearchives.nseindia.com/30d/MOM100-EQ.svg,https://nsearchives.nseindia.com/365d/MOM100-EQ.svg,EQ
TOP10ADD,Nifty Top 10 Equal Weight Index,82.5,83.31,82.29,82.45,-0.26,-0.31,232956,19281768.12,82.486,103.04,81.96,-,-,-12.13768115942029,-5.878995433789944,82.71,0,-11.86,-6.1,29-Sep-2025,28-Aug-2026,-,-5.878995433789944,-,-12.13768115942029,19.982531055900623,-0.5978526110297817,https://nsearchives.nseindia.com/today/TOP10ADDEQN.svg,https://nsearchives.nseindia.com/30d/TOP10ADD-EQ.svg,https://nsearchives.nseindia.com/365d/TOP10ADD-EQ.svg,EQ
GROWWPOWER,BSE Power Index - TRI,10.91,11.01,10.72,10.86,-0.04,-0.37,1718738,18699869.44,10.8126,13.2,7.75,-,-,7.631318136769075,-2.949061662198392,10.9,0,8.03,-3.8,29-Sep-2025,28-Aug-2026,-,-2.949061662198392,-,7.631318136769075,17.727272727272727,-40.129032258064505,https://nsearchives.nseindia.com/today/GROWWPOWEREQN.svg,https://nsearchives.nseindia.com/30d/GROWWPOWER-EQ.svg,https://nsearchives.nseindia.com/365d/GROWWPOWER-EQ.svg,EQ
LIQUIDSHRI,SHRIRAM NIFTY 1D RATE LIQUID ETF,1123.56,1123.56,1123.54,1123.56,0.15,0.01,16544,18588011.2,1123.4125,1123.56,1072.58,-,-,4.753025415353635,0.3563868270853997,1123.41,0,4.74,0.36,29-Sep-2025,28-Aug-2026,-,0.3563868270853997,-,4.753025415353635,0,-4.753025415353635,https://nsearchives.nseindia.com/today/LIQUIDSHRIEQN.svg,https://nsearchives.nseindia.com/30d/LIQUIDSHRI-EQ.svg,https://nsearchives.nseindia.com/365d/LIQUIDSHRI-EQ.svg,EQ
MID150CASE,Zerodha Nifty Midcap 150 ETF,11.06,11.28,11,11.06,0,0.00,1608104,17785630.24,11.0092,13,9.63,-,-,5.433746425166828,-6.112054329371808,11.06,0,5.43,-6.82,29-Sep-2025,28-Aug-2026,-,-6.112054329371808,-,5.433746425166828,14.923076923076918,-14.849428868120453,https://nsearchives.nseindia.com/today/MID150CASEEQN.svg,https://nsearchives.nseindia.com/30d/MID150CASE-EQ.svg,https://nsearchives.nseindia.com/365d/MID150CASE-EQ.svg,EQ
MIDCAPIETF,Nifty Midcap 150,22.87,22.91,22.65,22.65,-0.1,-0.44,766520,17453660.4,22.6348,24.88,19.89,10-MAY-24,FACE VALUE SPLIT (SUB-DIVISION) - FROM RS 10/- PER SHARE TO RE 1/- PER SHARE,3.2360984503190395,-6.597938144329903,22.75,0,3.69,-6.53,29-Sep-2025,28-Aug-2026,FACE VALUE SPLIT (SUB-DIVISION) - FROM RS 10/- PER SHARE TO RE 1/- PER SHARE,-6.597938144329903,10-MAY-24,3.2360984503190395,8.963022508038588,-13.876319758672688,https://nsearchives.nseindia.com/today/MIDCAPIETFEQN.svg,https://nsearchives.nseindia.com/30d/MIDCAPIETF-EQ.svg,https://nsearchives.nseindia.com/365d/MIDCAPIETF-EQ.svg,EQ
NIFTYBETA,Nifty 50,254.91,265.47,251.48,265.47,13.08,5.18,66983,16937321.38,252.1411,297.48,244.9,25-SEP-23,FACE VALUE SPLIT (SUB-DIVISION) - FROM RS 10/- PER SHARE TO RE 1/- PER SHARE,Infinity,-0.7737160798385262,252.39,0,0,-5.91,,28-Aug-2026,FACE VALUE SPLIT (SUB-DIVISION) - FROM RS 10/- PER SHARE TO RE 1/- PER SHARE,-0.7737160798385262,25-SEP-23,Infinity,10.760387252924563,-8.399346672111076,https://nsearchives.nseindia.com/today/NIFTYBETAEQN.svg,https://nsearchives.nseindia.com/30d/NIFTYBETA-EQ.svg,,EQ
ITETF,Mirae Asset Nifty IT ETF,29.7,30.18,29.35,29.35,0,0.00,570634,16930710.78,29.3498,42.02,27.22,-,-,-16.23858447488584,-10.354306658521686,29.35,0,-16.24,-11.28,29-Sep-2025,28-Aug-2026,-,-10.354306658521686,-,-16.23858447488584,30.152308424559738,-7.825128581925065,https://nsearchives.nseindia.com/today/ITETFEQN.svg,https://nsearchives.nseindia.com/30d/ITETF-EQ.svg,https://nsearchives.nseindia.com/365d/ITETF-EQ.svg,EQ
MOSMALL250,Motilal Oswal Nifty Smallcap 250 ETF,18,18.05,17.9,17.94,0.02,0.11,915284,16456806.32,17.8351,19.38,14.22,-,-,7.040572792362767,-2.9745808545159393,17.92,0,6.92,-3.4,29-Sep-2025,28-Aug-2026,-,-2.9745808545159393,-,7.040572792362767,7.430340557275531,-26.160337552742618,https://nsearchives.nseindia.com/today/MOSMALL250EQN.svg,https://nsearchives.nseindia.com/30d/MOSMALL250-EQ.svg,https://nsearchives.nseindia.com/365d/MOSMALL250-EQ.svg,EQ
MOM30IETF,ICICI Prudential Nifty 200 Momentum 30 ETF,30.19,30.46,30.03,30.2,-0.1,-0.33,537232,16235151.04,30.0732,32.9,26,12-AUG-22,ADDITONAL ISSUANCE 9:1,-0.6905623150279542,-4.2485732403297405,30.3,0,-0.36,-5.19,29-Sep-2025,28-Aug-2026,ADDITONAL ISSUANCE 9:1,-4.2485732403297405,12-AUG-22,-0.6905623150279542,8.206686930091184,-16.153846153846153,https://nsearchives.nseindia.com/today/MOM30IETFEQN.svg,https://nsearchives.nseindia.com/30d/MOM30IETF-EQ.svg,https://nsearchives.nseindia.com/365d/MOM30IETF-EQ.svg,EQ
LTGILTCASE,Nifty 8-13 Yr G-Sec Index,30.75,30.75,30.15,30.17,0.02,0.07,531368,16026058.88,30.1187,31.31,28.71,-,-,2.4796195652173925,-0.7565789473684108,30.15,0,2.41,-1.28,29-Sep-2025,28-Aug-2026,-,-0.7565789473684108,-,2.4796195652173925,3.6410092622165346,-5.085336119818881,https://nsearchives.nseindia.com/today/LTGILTCASEEQN.svg,https://nsearchives.nseindia.com/30d/LTGILTCASE-EQ.svg,https://nsearchives.nseindia.com/365d/LTGILTCASE-EQ.svg,EQ
SBILIQETF,Nifty 1D Rate Index,1058.01,1058.03,1058.01,1058.02,0.15,0.01,15055,15928491.1,1057.8788,1087.09,999,-,-,5.002927720050413,0.3766424742659293,1057.87,0,4.99,0.38,29-Sep-2025,28-Aug-2026,-,0.3766424742659293,-,5.002927720050413,2.6741116190931695,-5.907907907907906,https://nsearchives.nseindia.com/today/SBILIQETFEQN.svg,https://nsearchives.nseindia.com/30d/SBILIQETF-EQ.svg,https://nsearchives.nseindia.com/365d/SBILIQETF-EQ.svg,EQ
ELIQUID,Nifty 1D Rate Index (Debt Index),1049.85,1049.85,1049.83,1049.85,0.15,0.01,14787,15523836.21,1049.6991,1051.22,996,-,-,Infinity,0.3805444271276563,1049.7,0,0,0.38,,28-Aug-2026,-,0.3805444271276563,-,Infinity,0.13032476551056088,-5.406626506024088,https://nsearchives.nseindia.com/today/ELIQUIDEQN.svg,https://nsearchives.nseindia.com/30d/ELIQUID-EQ.svg,,EQ
DEFENCE,BSE India Defence,77.15,77.98,76.99,77.5,0.57,0.74,198066,15369921.6,77.1187,85.6,58.91,-,-,Infinity,-4.966278356836294,76.93,0,0,-6.57,,28-Aug-2026,-,-4.966278356836294,-,Infinity,9.4626168224299,-31.556611780682406,https://nsearchives.nseindia.com/today/DEFENCEEQN.svg,https://nsearchives.nseindia.com/30d/DEFENCE-EQ.svg,,EQ
MOMMIDCAP,BSE Midcap 150 Momentum 30 TRI,12.58,12.59,12.45,12.45,-0.06,-0.48,1193102,14913775,12.4819,14.99,10.8,-,-,Infinity,-5.46697038724374,12.51,0,0,-5.73,,28-Aug-2026,-,-5.46697038724374,-,Infinity,16.944629753168783,-15.277777777777764,https://nsearchives.nseindia.com/today/MOMMIDCAPEQN.svg,https://nsearchives.nseindia.com/30d/MOMMIDCAP-EQ.svg,,EQ
NIFTYCASE,Nifty Index 50 Index,9.34,9.34,9.08,9.14,-0.02,-0.22,1626425,14832996,9.1313,11.61,8.84,-,-,Infinity,-6.25641025641025,9.16,0,0,-5.47,,28-Aug-2026,-,-6.25641025641025,-,Infinity,21.27476313522824,-3.3936651583710487,https://nsearchives.nseindia.com/today/NIFTYCASEEQN.svg,https://nsearchives.nseindia.com/30d/NIFTYCASE-EQ.svg,,EQ
MOGSEC,Nifty 5 yr Benchmark G-Sec Index,64.7,65.25,64.7,65.2,0.54,0.84,221149,14363627.55,64.901,67.33,60.74,-,-,4.823151125401929,0.19978484708776653,64.66,0,3.95,-0.69,29-Sep-2025,28-Aug-2026,-,0.19978484708776653,-,4.823151125401929,3.163522946680522,-7.342772472835036,https://nsearchives.nseindia.com/today/MOGSECEQN.svg,https://nsearchives.nseindia.com/30d/MOGSEC-EQ.svg,https://nsearchives.nseindia.com/365d/MOGSEC-EQ.svg,EQ
PVTBANK,Nifty Private Bank,26.95,27.44,26.33,26.65,-0.36,-1.33,502363,13523611.96,26.524,29.65,26,-,-,Infinity,-4.6852646638054445,27.01,0,0,-2.74,,28-Aug-2026,-,-4.6852646638054445,-,Infinity,10.118043844856661,-2.4999999999999947,https://nsearchives.nseindia.com/today/PVTBANKEQN.svg,https://nsearchives.nseindia.com/30d/PVTBANK-EQ.svg,,EQ
TOP100CASE,Zerodha Nifty 100 ETF,10.1,10.1,9.97,9.98,-0.07,-0.70,1237679,12401543.58,10.0105,11.57,9.48,-,-,-5.402843601895737,-5.849056603773578,10.05,0,-4.74,-5.81,29-Sep-2025,28-Aug-2026,-,-5.849056603773578,-,-5.402843601895737,13.742437337942956,-5.274261603375527,https://nsearchives.nseindia.com/today/TOP100CASEEQN.svg,https://nsearchives.nseindia.com/30d/TOP100CASE-EQ.svg,https://nsearchives.nseindia.com/365d/TOP100CASE-EQ.svg,EQ
BANKNIFTY1,Nifty Bank,56.5,57.32,55.91,56.7,0.2,0.35,215264,12270048,56.3898,65.29,51.71,27-FEB-26,FACE VALUE SPLIT (SUB-DIVISION) - FROM RS 10/- PER SHARE TO RE 1/- PER SHARE,-89.91372409499245,-4.945515507124887,56.5,0,-89.95,-5.83,29-Sep-2025,28-Aug-2026,FACE VALUE SPLIT (SUB-DIVISION) - FROM RS 10/- PER SHARE TO RE 1/- PER SHARE,-4.945515507124887,27-FEB-26,-89.91372409499245,13.156685556746826,-9.64997099207117,https://nsearchives.nseindia.com/today/BANKNIFTY1EQN.svg,https://nsearchives.nseindia.com/30d/BANKNIFTY1-EQ.svg,https://nsearchives.nseindia.com/365d/BANKNIFTY1-EQ.svg,EQ
GROWWNET,Index,10.4,10.49,10,10.01,-0.2,-1.96,1218822,12249161.1,10.1057,11.57,7.93,-,-,-3.5645472061657126,-7.656826568265683,10.21,0,-1.64,-6.16,29-Sep-2025,28-Aug-2026,-,-7.656826568265683,-,-3.5645472061657126,13.483146067415735,-26.229508196721312,https://nsearchives.nseindia.com/today/GROWWNETEQN.svg,https://nsearchives.nseindia.com/30d/GROWWNET-EQ.svg,https://nsearchives.nseindia.com/365d/GROWWNET-EQ.svg,EQ
ALPHAETF,Mirae Asset Nifty 200 Alpha 30 ETF,25.48,25.5,25.11,25.3,-0.1,-0.39,481250,12170812.5,25.2687,27.61,21.8,-,-,4.848736013261507,-6.052729298180464,25.4,0,5.26,-6.99,29-Sep-2025,28-Aug-2026,-,-6.052729298180464,-,4.848736013261507,8.366533864541829,-16.05504587155963,https://nsearchives.nseindia.com/today/ALPHAETFEQN.svg,https://nsearchives.nseindia.com/30d/ALPHAETF-EQ.svg,https://nsearchives.nseindia.com/365d/ALPHAETF-EQ.svg,EQ
CONSUMBEES,Nifty India Consumption TRI,125.35,126.04,123.07,123.55,-1.52,-1.22,94086,11665723.14,124.4348,144.38,114,-,-,-8.120770432066633,-6.25948406676784,125.07,0,-6.99,-5.66,29-Sep-2025,28-Aug-2026,-,-6.25948406676784,-,-8.120770432066633,14.42720598420834,-8.377192982456139,https://nsearchives.nseindia.com/today/CONSUMBEESEQN.svg,https://nsearchives.nseindia.com/30d/CONSUMBEES-EQ.svg,https://nsearchives.nseindia.com/365d/CONSUMBEES-EQ.svg,EQ
GROWWDEFNC,Nifty India Defence Index- Total Return Index,93.06,93.52,91.7,92.9,-0.16,-0.17,123682,11475215.96,91.3441,102.07,71.78,-,-,18.28367710720652,-4.512282865659369,93.06,0,18.49,-4.5,29-Sep-2025,28-Aug-2026,-,-4.512282865659369,-,18.28367710720652,8.984030567257753,-29.423237670660356,https://nsearchives.nseindia.com/today/GROWWDEFNCEQN.svg,https://nsearchives.nseindia.com/30d/GROWWDEFNC-EQ.svg,https://nsearchives.nseindia.com/365d/GROWWDEFNC-EQ.svg,EQ
GILT5YBEES,Nifty 5 yr Benchmark G-Sec Index,67.11,67.11,64.62,65.8,0.01,0.02,167837,11035282.75,65.7695,69,61.45,-,-,4.677060133630286,-0.3785011355034065,65.79,0,4.66,-0.65,29-Sep-2025,28-Aug-2026,-,-0.3785011355034065,-,4.677060133630286,4.637681159420294,-7.07892595606183,https://nsearchives.nseindia.com/today/GILT5YBEESEQN.svg,https://nsearchives.nseindia.com/30d/GILT5YBEES-EQ.svg,https://nsearchives.nseindia.com/365d/GILT5YBEES-EQ.svg,EQ
GROWWCAPM,Nifty Capital Markets Index,10.79,10.92,10.71,10.78,-0.01,-0.09,997429,10722361.75,10.7473,12.66,8.02,-,-,Infinity,-6.260869565217396,10.79,0,0,-6.82,,28-Aug-2026,-,-6.260869565217396,-,Infinity,14.84992101105846,-34.413965087281795,https://nsearchives.nseindia.com/today/GROWWCAPMEQN.svg,https://nsearchives.nseindia.com/30d/GROWWCAPM-EQ.svg,,EQ
SMALL250,Nifty Smallcap 250,17.9,18,17.81,17.82,-0.08,-0.45,592871,10624248.32,17.8118,19.95,14.16,-,-,Infinity,-3.3622559652928468,17.9,0,0,-3.56,,28-Aug-2026,-,-3.3622559652928468,-,Infinity,10.676691729323302,-25.847457627118644,https://nsearchives.nseindia.com/today/SMALL250EQN.svg,https://nsearchives.nseindia.com/30d/SMALL250-EQ.svg,,EQ
AONESILVER,Domestic price of Silver,8.44,8.49,8.35,8.4,0,0.00,1239764,10426415.24,8.3983,12,7.43,-,-,Infinity,-5.829596412556049,8.4,0,0,-8.7,,28-Aug-2026,-,-5.829596412556049,-,Infinity,29.999999999999996,-13.055181695827734,https://nsearchives.nseindia.com/today/AONESILVEREQN.svg,https://nsearchives.nseindia.com/30d/AONESILVER-EQ.svg,,EQ
INFRAIETF,ICICI Prudential Nifty Infrastructure ETF,90.61,92.74,89.35,90.1,-0.52,-0.57,106039,9597589.89,90.0036,101,86.8,-,-,-3.1078610603290686,-4.7568710359408035,90.62,0,-2.55,-4.4,29-Sep-2025,28-Aug-2026,-,-4.7568710359408035,-,-3.1078610603290686,10.792079207920796,-3.801843317972347,https://nsearchives.nseindia.com/today/INFRAIETFEQN.svg,https://nsearchives.nseindia.com/30d/INFRAIETF-EQ.svg,https://nsearchives.nseindia.com/365d/INFRAIETF-EQ.svg,EQ
CHEMICAL,Nifty Chemicals Index (TRI),28.15,28.74,28,28.31,0.2,0.71,326516,9322031.8,28.13,31.8,24.5,-,-,Infinity,-5.884308510638296,28.11,0,0,-7.5,,28-Aug-2026,-,-5.884308510638296,-,Infinity,10.974842767295604,-15.55102040816326,https://nsearchives.nseindia.com/today/CHEMICALEQN.svg,https://nsearchives.nseindia.com/30d/CHEMICAL-EQ.svg,,EQ
EVIETF,Nifty EV & New Age Automotive ETF,30.75,31.09,30.7,30.87,0.14,0.46,296562,9140040.84,30.563,36,26.28,-,-,0,-7.96064400715563,30.73,0,-0.45,-8.73,29-Sep-2025,28-Aug-2026,-,-7.96064400715563,-,0,14.249999999999996,-17.465753424657535,https://nsearchives.nseindia.com/today/EVIETFEQN.svg,https://nsearchives.nseindia.com/30d/EVIETF-EQ.svg,https://nsearchives.nseindia.com/365d/EVIETF-EQ.svg,EQ
SENSEXIETF,SENSEX,838.86,841.93,834.45,838.03,1.7,0.20,10807,9050646.36,834.8373,999.84,731,-,-,-8.689446272527185,-5.522987080336408,836.33,0,-8.87,-5.63,29-Sep-2025,28-Aug-2026,-,-5.522987080336408,-,-8.689446272527185,16.183589374299892,-14.641586867305056,https://nsearchives.nseindia.com/today/SENSEXIETFEQN.svg,https://nsearchives.nseindia.com/30d/SENSEXIETF-EQ.svg,https://nsearchives.nseindia.com/365d/SENSEXIETF-EQ.svg,EQ
MIDSMALL,Mirae Asset Nifty MidSmallcap400 Momentum Quality 100 ETF,50,50.34,49.8,49.86,-0.12,-0.24,179826,8996694.78,49.8795,53.07,42.41,-,-,5.725190839694663,-4.8654836863194,49.98,0,5.98,-5.25,29-Sep-2025,28-Aug-2026,-,-4.8654836863194,-,5.725190839694663,6.048615036743925,-17.566611648196186,https://nsearchives.nseindia.com/today/MIDSMALLEQN.svg,https://nsearchives.nseindia.com/30d/MIDSMALL-EQ.svg,https://nsearchives.nseindia.com/365d/MIDSMALL-EQ.svg,EQ
ENERGY,Nifty Energy,37.02,37.31,36.85,36.98,0.03,0.08,241151,8937056.06,36.8097,42.82,29,-,-,Infinity,-2.684210526315798,36.95,0,0,-3.35,,28-Aug-2026,-,-2.684210526315798,-,Infinity,13.638486688463344,-27.517241379310335,https://nsearchives.nseindia.com/today/ENERGYEQN.svg,https://nsearchives.nseindia.com/30d/ENERGY-EQ.svg,,EQ
NIF100BEES,Nifty 100 TRI,254.02,254.79,252.18,252.35,-0.86,-0.34,35146,8908105.16,252.6597,290,240,-,-,-5.814951666480056,-5.941332140594143,253.21,0,-5.49,-5.48,29-Sep-2025,28-Aug-2026,-,-5.941332140594143,-,-5.814951666480056,12.982758620689657,-5.145833333333331,https://nsearchives.nseindia.com/today/NIF100BEESEQN.svg,https://nsearchives.nseindia.com/30d/NIF100BEES-EQ.svg,https://nsearchives.nseindia.com/365d/NIF100BEES-EQ.svg,EQ
IT,NIFTY IT Index,30.72,31.63,30.64,30.92,0.2,0.65,284257,8851762.98,30.7551,44.49,28.54,-,-,-15.795206971677555,-9.906759906759904,30.72,0,-16.34,-11.29,29-Sep-2025,28-Aug-2026,-,-9.906759906759904,-,-15.795206971677555,30.501236232861316,-8.339173090399449,https://nsearchives.nseindia.com/today/ITEQN.svg,https://nsearchives.nseindia.com/30d/IT-EQ.svg,https://nsearchives.nseindia.com/365d/IT-EQ.svg,EQ
FINIETF,ICICI Prudential Nifty Financial Services Ex-Bank ETF,30.5,30.51,30.05,30.29,-0.13,-0.43,281730,8513880.6,30.2374,34.56,27.4,-,-,1.1014686248331051,-8.184298272203707,30.42,0,1.54,-8.54,29-Sep-2025,28-Aug-2026,-,-8.184298272203707,-,1.1014686248331051,12.355324074074083,-10.547445255474456,https://nsearchives.nseindia.com/today/FINIETFEQN.svg,https://nsearchives.nseindia.com/30d/FINIETF-EQ.svg,https://nsearchives.nseindia.com/365d/FINIETF-EQ.svg,EQ
EVINDIA,Nifty EV and New Age Automotive Total Return Index,30.69,31.05,30.69,30.8,0.11,0.36,272976,8445877.44,30.6218,35.04,26.2,-,-,-0.032456994482304484,-7.977293098296977,30.69,0,-0.39,-8.61,29-Sep-2025,28-Aug-2026,-,-7.977293098296977,-,-0.032456994482304484,12.100456621004561,-17.557251908396953,https://nsearchives.nseindia.com/today/EVINDIAEQN.svg,https://nsearchives.nseindia.com/30d/EVINDIA-EQ.svg,https://nsearchives.nseindia.com/365d/EVINDIA-EQ.svg,EQ
IVZINGOLD,Gold,127.95,133,127.55,133,5.75,4.52,64490,8302442.6,127.1408,156,99.12,30-APR-26,FACE VALUE SPLIT (SUB-DIVISION) - FROM RS 100/- PER SHARE TO RE 1/- PER SHARE,-98.68437322254371,-0.6721433905899967,127.25,0,-98.74,-7.86,29-Sep-2025,28-Aug-2026,FACE VALUE SPLIT (SUB-DIVISION) - FROM RS 100/- PER SHARE TO RE 1/- PER SHARE,-0.6721433905899967,30-APR-26,-98.68437322254371,14.743589743589743,-34.18079096045197,https://nsearchives.nseindia.com/today/IVZINGOLDEQN.svg,https://nsearchives.nseindia.com/30d/IVZINGOLD-EQ.svg,https://nsearchives.nseindia.com/365d/IVZINGOLD-EQ.svg,EQ
AONELIQUID,Nifty 1D Rate Index,1079,1079.02,1079,1079,0.14,0.01,7508,8101207.08,1078.8666,1094.59,997.56,-,-,5.007055617731502,0.38236470708629716,1078.86,0,4.99,0.38,29-Sep-2025,28-Aug-2026,-,0.38236470708629716,-,5.007055617731502,1.4242775833873798,-8.163919964713909,https://nsearchives.nseindia.com/today/AONELIQUIDEQN.svg,https://nsearchives.nseindia.com/30d/AONELIQUID-EQ.svg,https://nsearchives.nseindia.com/365d/AONELIQUID-EQ.svg,EQ
HDFCMID150,HDFC NIFTY Midcap 150 ETF,22.67,22.78,22.16,22.24,0.01,0.04,358356,7969837.44,22.1368,25.2,19.42,20-OCT-23,FACE VALUE SPLIT (SUB-DIVISION) - FROM RS 115.95/- PER SHARE TO RS 11.59/- PER SHARE,4.856199905704845,-5.922165820642988,22.23,0,4.81,-6.56,29-Sep-2025,28-Aug-2026,FACE VALUE SPLIT (SUB-DIVISION) - FROM RS 115.95/- PER SHARE TO RS 11.59/- PER SHARE,-5.922165820642988,20-OCT-23,4.856199905704845,11.74603174603175,-14.521112255406779,https://nsearchives.nseindia.com/today/HDFCMID150EQN.svg,https://nsearchives.nseindia.com/30d/HDFCMID150-EQ.svg,https://nsearchives.nseindia.com/365d/HDFCMID150-EQ.svg,EQ
INFRABEES,Nifty Infra,911.5,913.09,900,901,-7.55,-0.83,8740,7916255,904.1898,1018.3,871.35,-,-,-3.540419882878162,-5.4782736409223505,908.55,0,-2.73,-4.95,29-Sep-2025,28-Aug-2026,-,-5.4782736409223505,-,-3.540419882878162,11.519198664440731,-3.4027658231479863,https://nsearchives.nseindia.com/today/INFRABEESEQN.svg,https://nsearchives.nseindia.com/30d/INFRABEES-EQ.svg,https://nsearchives.nseindia.com/365d/INFRABEES-EQ.svg,EQ
HDFCSENSEX,SENSEX,84.79,84.79,82.07,82.66,-0.07,-0.08,92417,7629023.35,82.3632,98.48,78.44,02-FEB-24,FACE VALUE SPLIT (SUB-DIVISION) - FROM RS 250.361/- PER SHARE TO RS 25.0361/- PER SHARE,-8.773866019203181,-5.30415855195327,82.73,0,-8.7,-5.49,29-Sep-2025,28-Aug-2026,FACE VALUE SPLIT (SUB-DIVISION) - FROM RS 250.361/- PER SHARE TO RS 25.0361/- PER SHARE,-5.30415855195327,02-FEB-24,-8.773866019203181,16.064175467099925,-5.379908210096888,https://nsearchives.nseindia.com/today/HDFCSENSEXEQN.svg,https://nsearchives.nseindia.com/30d/HDFCSENSEX-EQ.svg,https://nsearchives.nseindia.com/365d/HDFCSENSEX-EQ.svg,EQ
MAHKTECH,Hang Seng TECH Total Return Index,21.35,22.08,21.35,21.9,0,0.00,324852,7133749.92,17.5132,35.59,21,-,-,-25.076975709887108,-3.6091549295774663,21.9,0,-25.08,-3.74,29-Sep-2025,28-Aug-2026,-,-3.6091549295774663,-,-25.076975709887108,38.46586119696545,-4.285714285714279,https://nsearchives.nseindia.com/today/MAHKTECHEQN.svg,https://nsearchives.nseindia.com/30d/MAHKTECH-EQ.svg,https://nsearchives.nseindia.com/365d/MAHKTECH-EQ.svg,EQ
GOLDBND,Commodity - Gold,146.25,147.75,146.25,147.31,1.2,0.82,47342,6966375.3,146.0924,180.16,115.17,-,-,Infinity,-3.9637525262402926,146.11,0,0,-7.47,,28-Aug-2026,-,-3.9637525262402926,-,Infinity,18.233792184724688,-27.906572892246245,https://nsearchives.nseindia.com/today/GOLDBNDEQN.svg,https://nsearchives.nseindia.com/30d/GOLDBND-EQ.svg,,EQ
GROWWNIFTY,Nifty 50 Index - TRI,9.01,9.35,9.01,9.23,-0.02,-0.22,756450,6959340,9.191,11.88,8.93,-,-,-6.484295845997962,-5.2361396303901415,9.25,0,-6.28,-5.03,29-Sep-2025,28-Aug-2026,-,-5.2361396303901415,-,-6.484295845997962,22.306397306397308,-3.3594624860022475,https://nsearchives.nseindia.com/today/GROWWNIFTYEQN.svg,https://nsearchives.nseindia.com/30d/GROWWNIFTY-EQ.svg,https://nsearchives.nseindia.com/365d/GROWWNIFTY-EQ.svg,EQ
EGOLD,Edelweiss Gold ETF,147.25,147.65,146.45,147.15,1.3,0.89,47305,6956673.3,146.1218,184.95,112.1,-,-,27.072538860103634,-4.510058403633996,145.85,0,25.95,-7.75,29-Sep-2025,28-Aug-2026,-,-4.510058403633996,-,27.072538860103634,20.437956204379553,-31.26672613737735,https://nsearchives.nseindia.com/today/EGOLDEQN.svg,https://nsearchives.nseindia.com/30d/EGOLD-EQ.svg,https://nsearchives.nseindia.com/365d/EGOLD-EQ.svg,EQ
AUTOIETF,Nifty Auto Index,27.97,27.97,27.2,27.36,0.07,0.26,251181,6869800.35,27.1349,31.46,24.2,01-MAR-24,FACE VALUE SPLIT (SUB-DIVISION) - FROM RS 10/- PER SHARE TO RE 1/- PER SHARE,0.5143277002204283,-8.67823765020027,27.29,0,0.26,-8.79,29-Sep-2025,28-Aug-2026,FACE VALUE SPLIT (SUB-DIVISION) - FROM RS 10/- PER SHARE TO RE 1/- PER SHARE,-8.67823765020027,01-MAR-24,0.5143277002204283,13.032422123331218,-13.057851239669422,https://nsearchives.nseindia.com/today/AUTOIETFEQN.svg,https://nsearchives.nseindia.com/30d/AUTOIETF-EQ.svg,https://nsearchives.nseindia.com/365d/AUTOIETF-EQ.svg,EQ
LICNETFGSC,Nifty 8-13 Yr Gsec,29.2,29.2,29,29.04,-0.02,-0.07,234379,6808709.95,29.1053,30.53,27.59,-,-,2.4338624338624255,-1.0562180579216431,29.06,0,2.5,-1.79,29-Sep-2025,28-Aug-2026,-,-1.0562180579216431,-,2.4338624338624255,4.880445463478552,-5.255527364987312,https://nsearchives.nseindia.com/today/LICNETFGSCEQN.svg,https://nsearchives.nseindia.com/30d/LICNETFGSC-EQ.svg,https://nsearchives.nseindia.com/365d/LICNETFGSC-EQ.svg,EQ
OILIETF,Nifty Oil & Gas Index,11.07,11.07,10.76,10.82,0.02,0.19,623538,6759151.92,10.7398,14,9.8,-,-,-5.502183406113529,-3.5650623885918034,10.8,0,-5.68,-3.83,29-Sep-2025,28-Aug-2026,-,-3.5650623885918034,-,-5.502183406113529,22.714285714285715,-10.408163265306117,https://nsearchives.nseindia.com/today/OILIETFEQN.svg,https://nsearchives.nseindia.com/30d/OILIETF-EQ.svg,https://nsearchives.nseindia.com/365d/OILIETF-EQ.svg,EQ
PSUBANK,Nifty PSU Bank,80.54,81.3,79.66,80.91,1.24,1.56,80841,6518209.83,79.8074,101,72.77,10-JUL-26,FACE VALUE SPLIT (SUB-DIVISION) - FROM RS 10/- PER UNIT TO RE 1/- PER UNIT,-89.03747662791643,-5.113169930808021,79.67,0,-89.21,-7.52,29-Sep-2025,28-Aug-2026,FACE VALUE SPLIT (SUB-DIVISION) - FROM RS 10/- PER UNIT TO RE 1/- PER UNIT,-5.113169930808021,10-JUL-26,-89.03747662791643,19.891089108910897,-11.185928267143055,https://nsearchives.nseindia.com/today/PSUBANKEQN.svg,https://nsearchives.nseindia.com/30d/PSUBANK-EQ.svg,https://nsearchives.nseindia.com/365d/PSUBANK-EQ.svg,EQ
NEXT50BETA,Nifty Next 50,76.17,76.5,75.25,75.3,-0.72,-0.95,85476,6474807,75.0927,82.51,64.34,25-MAR-21, FACE VALUE SPLIT (SUB-DIVISION) - FROM RS 10/- PER UNIT TO Re 1/- PER UNIT,Infinity,-5.175670570457121,76.02,0,0,-4.75,,28-Aug-2026, FACE VALUE SPLIT (SUB-DIVISION) - FROM RS 10/- PER UNIT TO Re 1/- PER UNIT,-5.175670570457121,25-MAR-21,Infinity,8.738334747303366,-17.034504196456314,https://nsearchives.nseindia.com/today/NEXT50BETAEQN.svg,https://nsearchives.nseindia.com/30d/NEXT50BETA-EQ.svg,,EQ
MIDSELIETF,S&P BSE Midcap Select Index,18.75,18.89,18.51,18.62,-0.1,-0.53,346145,6459065.7,18.593,20.39,14.55,10-MAY-24,FACE VALUE SPLIT (SUB-DIVISION) - FROM RS 10/- PER SHARE TO RE 1/- PER SHARE,8.444962143273147,-7.132169576059849,18.72,0,9.03,-7,29-Sep-2025,28-Aug-2026,FACE VALUE SPLIT (SUB-DIVISION) - FROM RS 10/- PER SHARE TO RE 1/- PER SHARE,-7.132169576059849,10-MAY-24,8.444962143273147,8.68072584600294,-27.972508591065292,https://nsearchives.nseindia.com/today/MIDSELIETFEQN.svg,https://nsearchives.nseindia.com/30d/MIDSELIETF-EQ.svg,https://nsearchives.nseindia.com/365d/MIDSELIETF-EQ.svg,EQ
ALPL30IETF,Nifty Alpha Low-Volatility 30 Index,26.47,26.48,26.17,26.27,-0.22,-0.83,235519,6184728.94,26.3819,29.17,24.35,10-MAY-24,FACE VALUE SPLIT (SUB-DIVISION) - FROM RS 10/- PER SHARE TO RE 1/- PER SHARE,-2.123695976154994,-5.909742120343847,26.49,0,-1.3,-5.26,29-Sep-2025,28-Aug-2026,FACE VALUE SPLIT (SUB-DIVISION) - FROM RS 10/- PER SHARE TO RE 1/- PER SHARE,-5.909742120343847,10-MAY-24,-2.123695976154994,9.941720946177586,-7.885010266940444,https://nsearchives.nseindia.com/today/ALPL30IETFEQN.svg,https://nsearchives.nseindia.com/30d/ALPL30IETF-EQ.svg,https://nsearchives.nseindia.com/365d/ALPL30IETF-EQ.svg,EQ
HDFCNEXT50,HDFC NIFTY NEXT 50 ETF,71.56,72.08,71.25,71.67,0.04,0.06,84297,6046623.81,71.0571,78.07,59.99,20-OCT-23,FACE VALUE SPLIT (SUB-DIVISION) - FROM RS 418.18/- PER SHARE TO RS 41.81/- PER SHARE,3.975047149281872,-4.465475873100499,71.63,0,3.92,-5.41,29-Sep-2025,28-Aug-2026,FACE VALUE SPLIT (SUB-DIVISION) - FROM RS 418.18/- PER SHARE TO RS 41.81/- PER SHARE,-4.465475873100499,20-OCT-23,3.975047149281872,8.197771230946575,-19.469911651941988,https://nsearchives.nseindia.com/today/HDFCNEXT50EQN.svg,https://nsearchives.nseindia.com/30d/HDFCNEXT50-EQ.svg,https://nsearchives.nseindia.com/365d/HDFCNEXT50-EQ.svg,EQ
LICMFGOLD,Gold,131.9,133.35,131.9,132.4,0.65,0.49,45397,6019642.2,,162,102.5,06-MAR-26,FACE VALUE SPLIT (SUB-DIVISION) - FROM RS 100/- PER SHARE TO RE 1/- PER SHARE,-98.73519296904853,-4.679625629949604,131.75,0,-98.74,-7.22,29-Sep-2025,28-Aug-2026,FACE VALUE SPLIT (SUB-DIVISION) - FROM RS 100/- PER SHARE TO RE 1/- PER SHARE,-4.679625629949604,06-MAR-26,-98.73519296904853,18.2716049382716,-29.170731707317078,https://nsearchives.nseindia.com/today/LICMFGOLDEQN.svg,https://nsearchives.nseindia.com/30d/LICMFGOLD-EQ.svg,https://nsearchives.nseindia.com/365d/LICMFGOLD-EQ.svg,EQ
NIFTYAXIS,Nifty 50,250,255.99,250,255.99,3.54,1.40,22464,5665645.44,251.7122,296.38,244,23-JUL-20, FACE VALUE SPLIT (SUB-DIVISION) - FROM RS 100/- PER SHARE TO RS 10/- PER SHARE,Infinity,-4.127186247706072,252.45,0,0,-5.76,,28-Aug-2026, FACE VALUE SPLIT (SUB-DIVISION) - FROM RS 100/- PER SHARE TO RS 10/- PER SHARE,-4.127186247706072,23-JUL-20,Infinity,13.627775153519126,-4.9139344262295115,https://nsearchives.nseindia.com/today/NIFTYAXISEQN.svg,https://nsearchives.nseindia.com/30d/NIFTYAXIS-EQ.svg,,EQ
SETFNIFBK,Nifty Bank,561.28,567.11,560,563.33,1.99,0.35,9974,5618054.98,558.0459,646.11,465.64,02-NOV-17, DIVIDEND - RS 3.50 PER UNIT,1.140076842974617,-4.6415573423613985,561.34,0,0.78,-5.11,29-Sep-2025,28-Aug-2026, DIVIDEND - RS 3.50 PER UNIT,-4.6415573423613985,02-NOV-17,1.140076842974617,12.81205986596709,-20.979726827592145,https://nsearchives.nseindia.com/today/SETFNIFBKEQN.svg,https://nsearchives.nseindia.com/30d/SETFNIFBK-EQ.svg,https://nsearchives.nseindia.com/365d/SETFNIFBK-EQ.svg,EQ
NV20IETF,Nifty50 Value 20,12.83,12.94,12.8,12.88,0.05,0.39,426740,5492143.8,12.8346,16,12.5,01-MAR-24,FACE VALUE SPLIT (SUB-DIVISION) - FROM RS 10/- PER SHARE TO RE 1/- PER SHARE,-9.231853417899922,-5.014749262536871,12.83,0,-9.58,-5.8,29-Sep-2025,28-Aug-2026,FACE VALUE SPLIT (SUB-DIVISION) - FROM RS 10/- PER SHARE TO RE 1/- PER SHARE,-5.014749262536871,01-MAR-24,-9.231853417899922,19.499999999999996,-3.0400000000000063,https://nsearchives.nseindia.com/today/NV20IETFEQN.svg,https://nsearchives.nseindia.com/30d/NV20IETF-EQ.svg,https://nsearchives.nseindia.com/365d/NV20IETF-EQ.svg,EQ
SHARIABEES,Shariah,427.3,429.98,421.8,427,1.82,0.43,12440,5280406.8,426.2343,534.61,421,10-MAR-14,DIVIDEND-RS.2 PER UNIT,-11.375853552230133,-6.876322159945909,425.18,0,-11.75,-7.41,29-Sep-2025,28-Aug-2026,DIVIDEND-RS.2 PER UNIT,-6.876322159945909,10-MAR-14,-11.375853552230133,20.128691943659867,-1.4251781472684086,https://nsearchives.nseindia.com/today/SHARIABEESEQN.svg,https://nsearchives.nseindia.com/30d/SHARIABEES-EQ.svg,https://nsearchives.nseindia.com/365d/SHARIABEES-EQ.svg,EQ
HDFCNIFBAN,Nifty Bank,56.2,56.85,56.01,56.14,0.05,0.09,89379,5045444.55,55.9281,65.54,51.2,02-FEB-24,FACE VALUE SPLIT (SUB-DIVISION) - FROM RS 223.31/- PER SHARE TO RS 22.331/- PER SHARE,0.5912918831750551,-5.088757396449701,56.09,0,0.5,-5.38,29-Sep-2025,28-Aug-2026,FACE VALUE SPLIT (SUB-DIVISION) - FROM RS 223.31/- PER SHARE TO RS 22.331/- PER SHARE,-5.088757396449701,02-FEB-24,0.5912918831750551,14.342386328959421,-9.648437499999995,https://nsearchives.nseindia.com/today/HDFCNIFBANEQN.svg,https://nsearchives.nseindia.com/30d/HDFCNIFBAN-EQ.svg,https://nsearchives.nseindia.com/365d/HDFCNIFBAN-EQ.svg,EQ
SENSEXBETA,SENSEX,796.01,813,796.01,807,2.23,0.28,6072,4893789.12,804.4502,952.91,785,26-FEB-21, INTERIM DIVIDEND - RS 13.56 PER UNIT,Infinity,-5.540013811993028,804.77,0,0,-6.79,,28-Aug-2026, INTERIM DIVIDEND - RS 13.56 PER UNIT,-5.540013811993028,26-FEB-21,Infinity,15.312044159469412,-2.8025477707006368,https://nsearchives.nseindia.com/today/SENSEXBETAEQN.svg,https://nsearchives.nseindia.com/30d/SENSEXBETA-EQ.svg,,EQ
NV20BEES,Nifty50 Value20 TRI,132.35,132.87,131.3,131.3,-1.13,-0.85,36907,4878367.26,131.7156,160,130.75,19-DEC-19, FACE VALUE SPLIT (SUB-DIVISION) - FROM RS 10/- TO RS 1/-,-10.130047912388763,-5.78358208955224,132.43,0,-9.36,-5.09,29-Sep-2025,28-Aug-2026, FACE VALUE SPLIT (SUB-DIVISION) - FROM RS 10/- TO RS 1/-,-5.78358208955224,19-DEC-19,-10.130047912388763,17.937499999999993,-0.42065009560230315,https://nsearchives.nseindia.com/today/NV20BEESEQN.svg,https://nsearchives.nseindia.com/30d/NV20BEES-EQ.svg,https://nsearchives.nseindia.com/365d/NV20BEES-EQ.svg,EQ
TWCGOLDETF,Commodity,146.17,147.4,146.11,146.8,1.35,0.93,32640,4789920,145.5332,187.98,123.31,-,-,Infinity,-4.395962227287528,145.45,0,0,-7.71,,28-Aug-2026,-,-4.395962227287528,-,Infinity,21.906585807000738,-19.04954991484876,https://nsearchives.nseindia.com/today/TWCGOLDETFEQN.svg,https://nsearchives.nseindia.com/30d/TWCGOLDETF-EQ.svg,,EQ
MOVALUE,Motilal Oswal S&P BSE Enhanced Value ETF,107.09,110.98,107.01,107.36,-0.54,-0.50,42580,4616523.6,107.7468,128.77,100.6,-,-,2.024137603345049,-4.4074436826640575,107.9,0,2.54,-4.58,29-Sep-2025,28-Aug-2026,-,-4.4074436826640575,-,2.024137603345049,16.62654344956124,-6.719681908548712,https://nsearchives.nseindia.com/today/MOVALUEEQN.svg,https://nsearchives.nseindia.com/30d/MOVALUE-EQ.svg,https://nsearchives.nseindia.com/365d/MOVALUE-EQ.svg,EQ
MOMOMENTUM,Nifty 200 Momentum 30 Total Return Index,60.64,60.64,59.52,60.09,-0.25,-0.41,75860,4551600,59.7804,66.28,54.32,11-AUG-22,FACE VALUE SPLIT (SUB-DIVISION) - FROM RS 10/- PER UNIT TO RS 2/- PER UNIT,-1.0538448872056536,-4.284804077731758,60.34,0,-0.64,-4.98,29-Sep-2025,28-Aug-2026,FACE VALUE SPLIT (SUB-DIVISION) - FROM RS 10/- PER UNIT TO RS 2/- PER UNIT,-4.284804077731758,11-AUG-22,-1.0538448872056536,9.33916716958358,-10.622238586156119,https://nsearchives.nseindia.com/today/MOMOMENTUMEQN.svg,https://nsearchives.nseindia.com/30d/MOMOMENTUM-EQ.svg,https://nsearchives.nseindia.com/365d/MOMOMENTUM-EQ.svg,EQ
LIQUIDSBI,SBI NIFTY 1D Rate ETF,1000,1000.01,999.99,1000.01,0.01,0.00,4432,4432000,1000,1010.02,970.23,-,-,0.002000020000198183,0.002000020000198183,1000,0,0,0,29-Sep-2025,28-Aug-2026,-,0.002000020000198183,-,0.002000020000198183,0.9910694837725976,-3.0693753027632593,https://nsearchives.nseindia.com/today/LIQUIDSBIEQN.svg,https://nsearchives.nseindia.com/30d/LIQUIDSBI-EQ.svg,https://nsearchives.nseindia.com/365d/LIQUIDSBI-EQ.svg,EQ
COMMOIETF,ICICI Prudential Nifty Commodities ETF,95.27,95.98,94.56,95.35,0.08,0.08,45119,4302999.03,95.2361,110.56,90.37,-,-,5.080449636323562,-3.5894843276036514,95.27,0,4.99,-4.56,29-Sep-2025,28-Aug-2026,-,-3.5894843276036514,-,5.080449636323562,13.75723589001448,-5.510678322452129,https://nsearchives.nseindia.com/today/COMMOIETFEQN.svg,https://nsearchives.nseindia.com/30d/COMMOIETF-EQ.svg,https://nsearchives.nseindia.com/365d/COMMOIETF-EQ.svg,EQ
SILVERBND,Commodity - Silver,220.98,221.94,219.18,219.74,0.31,0.14,19241,4238022.66,220.3296,389,180,-,-,Infinity,-6.214255228339736,219.43,0,0,-9.09,,28-Aug-2026,-,-6.214255228339736,-,Infinity,43.51156812339332,-22.077777777777783,https://nsearchives.nseindia.com/today/SILVERBNDEQN.svg,https://nsearchives.nseindia.com/30d/SILVERBND-EQ.svg,,EQ
SBIMIDMOM,Nifty Midcap 150 Momentum 50 Index,61.94,61.94,60.76,61.12,-0.21,-0.34,69405,4236481.2,61.0214,67.74,53.86,-,-,Infinity,-5.299039355438501,61.33,0,0,-5.65,,28-Aug-2026,-,-5.299039355438501,-,Infinity,9.772660171242986,-13.47939101373932,https://nsearchives.nseindia.com/today/SBIMIDMOMEQN.svg,https://nsearchives.nseindia.com/30d/SBIMIDMOM-EQ.svg,,EQ
TNIDETF,Nifty India Digital Index,84,84.86,82.72,83.99,0.5,0.60,49766,4161432.92,83.945,103.26,74.5,-,-,-9.395900755124064,-8.006571741511504,83.49,0,-9.94,-9.03,29-Sep-2025,28-Aug-2026,-,-8.006571741511504,-,-9.395900755124064,18.661630834785985,-12.73825503355704,https://nsearchives.nseindia.com/today/TNIDETFEQN.svg,https://nsearchives.nseindia.com/30d/TNIDETF-EQ.svg,https://nsearchives.nseindia.com/365d/TNIDETF-EQ.svg,EQ
MAKEINDIA,Nifty India Manufacturing Total Return Index,158.1,159.06,157.29,157.58,-1.02,-0.64,26088,4127904.24,157.878,173.11,140.12,-,-,5.172528866048188,-5.989738694666503,158.6,0,5.85,-5.82,29-Sep-2025,28-Aug-2026,-,-5.989738694666503,-,5.172528866048188,8.971174397781757,-12.460747930345425,https://nsearchives.nseindia.com/today/MAKEINDIAEQN.svg,https://nsearchives.nseindia.com/30d/MAKEINDIA-EQ.svg,https://nsearchives.nseindia.com/365d/MAKEINDIA-EQ.svg,EQ
VAL30IETF,Nifty200 Value 30 Index,14.58,14.69,14.45,14.52,-0.03,-0.21,278573,4056022.88,14.444,17.7,13.21,-,-,8.520179372197301,-3.713527851458889,14.55,0,8.74,-4.02,29-Sep-2025,28-Aug-2026,-,-3.713527851458889,-,8.520179372197301,17.966101694915256,-9.91672975018924,https://nsearchives.nseindia.com/today/VAL30IETFEQN.svg,https://nsearchives.nseindia.com/30d/VAL30IETF-EQ.svg,https://nsearchives.nseindia.com/365d/VAL30IETF-EQ.svg,EQ
HDFCMOMENT,HDFC NIFTY200 Momentum 30 ETF,30.06,30.35,29.81,29.98,0.01,0.03,129784,3885732.96,29.8068,33.23,27.13,20-OCT-23,FACE VALUE SPLIT (SUB-DIVISION) - FROM RS 190.61/- PER SHARE TO RS 19.061/- PER SHARE,-0.46480743691899257,-4.308969039259488,29.97,0,-0.5,-5.49,29-Sep-2025,28-Aug-2026,FACE VALUE SPLIT (SUB-DIVISION) - FROM RS 190.61/- PER SHARE TO RS 19.061/- PER SHARE,-4.308969039259488,20-OCT-23,-0.46480743691899257,9.780318988865474,-10.504976041282717,https://nsearchives.nseindia.com/today/HDFCMOMENTEQN.svg,https://nsearchives.nseindia.com/30d/HDFCMOMENT-EQ.svg,https://nsearchives.nseindia.com/365d/HDFCMOMENT-EQ.svg,EQ
SBINMID150,Nifty Midcap 150 Index,22.39,22.39,21.9,22.04,-0.3,-1.34,173495,3823829.8,21.9089,24.06,19.81,-,-,Infinity,-6.172839506172838,22.34,0,0,-5.18,,28-Aug-2026,-,-6.172839506172838,-,Infinity,8.395677472984204,-11.25694093891974,https://nsearchives.nseindia.com/today/SBINMID150EQN.svg,https://nsearchives.nseindia.com/30d/SBINMID150-EQ.svg,,EQ
EBBETF0433,BHARAT Bond ETF-April 2033,1293.04,1297.9,1293.04,1297.88,-0.65,-0.05,2939,3812294.46,1299.5354,1350.32,1243.25,-,-,3.5586620707264247,-0.7668723383107379,1298.53,0,3.61,-1,29-Sep-2025,28-Aug-2026,-,-0.7668723383107379,-,3.5586620707264247,3.8835239054446227,-4.394128292781026,https://nsearchives.nseindia.com/today/EBBETF0433EQN.svg,https://nsearchives.nseindia.com/30d/EBBETF0433-EQ.svg,https://nsearchives.nseindia.com/365d/EBBETF0433-EQ.svg,EQ
MOHEALTH,Motilal Oswal S&P BSE Healthcare ETF,52.89,52.89,50.8,51.16,-1.05,-2.01,73088,3746490.88,52.0241,53.89,40.79,-,-,16.990624285387607,-1.8607327834260616,52.21,0,19.39,-0.46,29-Sep-2025,28-Aug-2026,-,-1.8607327834260616,-,16.990624285387607,5.0658749304138135,-25.422897769061038,https://nsearchives.nseindia.com/today/MOHEALTHEQN.svg,https://nsearchives.nseindia.com/30d/MOHEALTH-EQ.svg,https://nsearchives.nseindia.com/365d/MOHEALTH-EQ.svg,EQ
ABSLLIQUID,Aditya Birla Sun Life CRISIL Overnight Fund AI ETF,999.99,1000.01,999.99,1000,0.01,0.00,3737,3737000,1000,1044.99,975,-,-,-0.0009999900000990894,0,999.99,0,0,0,29-Sep-2025,28-Aug-2026,-,0,-,-0.0009999900000990894,4.3053043569794935,-2.5641025641025643,https://nsearchives.nseindia.com/today/ABSLLIQUIDEQN.svg,https://nsearchives.nseindia.com/30d/ABSLLIQUID-EQ.svg,https://nsearchives.nseindia.com/365d/ABSLLIQUID-EQ.svg,EQ
GROWWEV,Nifty EV and New Age Automotive Index,30.31,30.97,30.3,30.68,0.4,1.32,121403,3731928.22,30.5197,34.64,26.2,-,-,-0.19518542615484297,-8.1162024558251,30.28,0,-1.5,-9.29,29-Sep-2025,28-Aug-2026,-,-8.1162024558251,-,-0.19518542615484297,11.431870669745962,-17.099236641221378,https://nsearchives.nseindia.com/today/GROWWEVEQN.svg,https://nsearchives.nseindia.com/30d/GROWWEV-EQ.svg,https://nsearchives.nseindia.com/365d/GROWWEV-EQ.svg,EQ
MNC,Kotak Nifty MNC ETF,32.18,32.18,31.22,31.41,-0.36,-1.13,117979,3715158.71,31.4281,35.65,27.83,-,-,3.390388413429892,-7.317792859250518,31.77,0,4.58,-6.48,29-Sep-2025,28-Aug-2026,-,-7.317792859250518,-,3.390388413429892,11.893408134642351,-12.863816025871369,https://nsearchives.nseindia.com/today/MNCEQN.svg,https://nsearchives.nseindia.com/30d/MNC-EQ.svg,https://nsearchives.nseindia.com/365d/MNC-EQ.svg,EQ
HDFCNIFIT,HDFC NIFTY IT ETF,29.63,30.39,29.58,29.6,-0.02,-0.07,124808,3709293.76,29.5823,42.3,27.32,02-FEB-24,FACE VALUE SPLIT (SUB-DIVISION) - FROM RS 299.92/- PER SHARE TO RS 29.992/- PER SHARE,-16.502115655853316,-10.221413406126775,29.62,0,-16.45,-10.92,29-Sep-2025,28-Aug-2026,FACE VALUE SPLIT (SUB-DIVISION) - FROM RS 299.92/- PER SHARE TO RS 29.992/- PER SHARE,-10.221413406126775,02-FEB-24,-16.502115655853316,30.023640661938526,-8.345534407027822,https://nsearchives.nseindia.com/today/HDFCNIFITEQN.svg,https://nsearchives.nseindia.com/30d/HDFCNIFIT-EQ.svg,https://nsearchives.nseindia.com/365d/HDFCNIFIT-EQ.svg,EQ
NIF100IETF,Nifty 100,26.53,26.77,26.52,26.64,0,0.00,137323,3656911.49,26.5743,30.88,23,10-MAY-24,FACE VALUE SPLIT (SUB-DIVISION) - FROM RS 10/- PER SHARE TO RE 1/- PER SHARE,-5.431309904153358,-5.296836118023457,26.64,0,-5.43,-5.6,29-Sep-2025,28-Aug-2026,FACE VALUE SPLIT (SUB-DIVISION) - FROM RS 10/- PER SHARE TO RE 1/- PER SHARE,-5.296836118023457,10-MAY-24,-5.431309904153358,13.730569948186524,-15.826086956521742,https://nsearchives.nseindia.com/today/NIF100IETFEQN.svg,https://nsearchives.nseindia.com/30d/NIF100IETF-EQ.svg,https://nsearchives.nseindia.com/365d/NIF100IETF-EQ.svg,EQ
PSUBNKIETF,ICICI Prudential Nifty PSU Bank ETF,80.1,82.45,80.1,81.99,0.5,0.61,42959,3521778.82,80.8754,104,73.5,-,-,9.626955475330911,-5.25768430783454,81.49,0,8.96,-6.52,29-Sep-2025,28-Aug-2026,-,-5.25768430783454,-,9.626955475330911,21.163461538461544,-11.551020408163259,https://nsearchives.nseindia.com/today/PSUBNKIETFEQN.svg,https://nsearchives.nseindia.com/30d/PSUBNKIETF-EQ.svg,https://nsearchives.nseindia.com/365d/PSUBNKIETF-EQ.svg,EQ
EBBETF0430,Nifty BHARAT Bond,1591.93,1611.9,1591.93,1607.83,0.43,0.03,2174,3492835.36,1608.0144,1646.18,1510.35,-,-,4.458809771309763,0.2594049898046265,1607.4,0,4.43,0.09,29-Sep-2025,28-Aug-2026,-,0.2594049898046265,-,4.458809771309763,2.329635884289697,-6.454133147945842,https://nsearchives.nseindia.com/today/EBBETF0430EQN.svg,https://nsearchives.nseindia.com/30d/EBBETF0430-EQ.svg,https://nsearchives.nseindia.com/365d/EBBETF0430-EQ.svg,EQ
AONEGOLD,Domestic price of Gold,13.84,13.84,13.68,13.75,0.13,0.95,251762,3461727.5,13.6632,17.73,10.22,-,-,27.07948243992606,-4.181184668989545,13.62,0,25.88,-7.54,29-Sep-2025,28-Aug-2026,-,-4.181184668989545,-,27.07948243992606,22.4478285391991,-34.54011741682974,https://nsearchives.nseindia.com/today/AONEGOLDEQN.svg,https://nsearchives.nseindia.com/30d/AONEGOLD-EQ.svg,https://nsearchives.nseindia.com/365d/AONEGOLD-EQ.svg,EQ
NIFTY100EW,Nifty 100 Equal Weight Index,34.09,34.09,33.25,33.37,-0.3,-0.89,102131,3417303.26,33.276,41.41,29.84,-,-,0.08998200359926223,-5.681175805539867,33.67,0,0.99,-5.26,29-Sep-2025,28-Aug-2026,-,-5.681175805539867,-,0.08998200359926223,19.415600096595025,-11.829758713136721,https://nsearchives.nseindia.com/today/NIFTY100EWEQN.svg,https://nsearchives.nseindia.com/30d/NIFTY100EW-EQ.svg,https://nsearchives.nseindia.com/365d/NIFTY100EW-EQ.svg,EQ
SELECTIPO,BSE Select IPO Index,46.62,46.64,46.04,46.06,-0.26,-0.56,70262,3251022.74,46.3526,50.72,37.8,-,-,-3.961634695579647,-5.807770961145187,46.32,0,-3.42,-5.74,29-Sep-2025,28-Aug-2026,-,-5.807770961145187,-,-3.961634695579647,9.187697160883275,-21.851851851851865,https://nsearchives.nseindia.com/today/SELECTIPOEQN.svg,https://nsearchives.nseindia.com/30d/SELECTIPO-EQ.svg,https://nsearchives.nseindia.com/365d/SELECTIPO-EQ.svg,EQ
BSE500IETF,S&P BSE 500 index,37.73,38.87,37.2,37.4,-0.33,-0.87,84433,3187345.75,37.4565,42.05,34.5,28-OCT-21, FACE VALUE SPLIT (SUB-DIVISION) - FROM RS 10/- PER SHARE TO RE 1/- PER SHARE,-2.7561102444097823,-5.722208217796831,37.73,0,-1.9,-5.32,29-Sep-2025,28-Aug-2026, FACE VALUE SPLIT (SUB-DIVISION) - FROM RS 10/- PER SHARE TO RE 1/- PER SHARE,-5.722208217796831,28-OCT-21,-2.7561102444097823,11.058263971462543,-8.405797101449272,https://nsearchives.nseindia.com/today/BSE500IETFEQN.svg,https://nsearchives.nseindia.com/30d/BSE500IETF-EQ.svg,https://nsearchives.nseindia.com/365d/BSE500IETF-EQ.svg,EQ
MANUFGBEES,Nifty India Manufacturing TRI,156.17,158.69,155.75,156.27,0.24,0.15,19120,3000119.2,155.9057,171.58,138.6,-,-,5.666373656095764,-5.895459472479821,156.03,0,5.5,-6.22,29-Sep-2025,28-Aug-2026,-,-5.895459472479821,-,5.666373656095764,8.922951392936241,-12.74891774891776,https://nsearchives.nseindia.com/today/MANUFGBEESEQN.svg,https://nsearchives.nseindia.com/30d/MANUFGBEES-EQ.svg,https://nsearchives.nseindia.com/365d/MANUFGBEES-EQ.svg,EQ
HDFCNIF100,HDFC NIFTY 100 ETF,24.67,25.4,24.55,24.69,0.12,0.49,119088,2939091.84,24.6283,28.57,23.31,20-OCT-23,FACE VALUE SPLIT (SUB-DIVISION) - FROM RS 177.27/- PER SHARE TO RS 17.727/- PER SHARE,-5.111452728670248,-5.438529299119105,24.57,0,-5.57,-6.61,29-Sep-2025,28-Aug-2026,FACE VALUE SPLIT (SUB-DIVISION) - FROM RS 177.27/- PER SHARE TO RS 17.727/- PER SHARE,-5.438529299119105,20-OCT-23,-5.111452728670248,13.580679033951693,-5.920205920205931,https://nsearchives.nseindia.com/today/HDFCNIF100EQN.svg,https://nsearchives.nseindia.com/30d/HDFCNIF100-EQ.svg,https://nsearchives.nseindia.com/365d/HDFCNIF100-EQ.svg,EQ
MOENERGY,Nifty Energy Index,37.34,37.34,36.62,37,0.08,0.22,75098,2780127.96,36.7312,43,33,-,-,Infinity,-2.528977871443627,36.92,0,0,-3.25,,28-Aug-2026,-,-2.528977871443627,-,Infinity,13.953488372093023,-12.121212121212121,https://nsearchives.nseindia.com/today/MOENERGYEQN.svg,https://nsearchives.nseindia.com/30d/MOENERGY-EQ.svg,,EQ
BFSI,Nifty Financial Services Index,26.09,26.09,25.41,25.69,0.11,0.43,105147,2703329.37,25.6508,29.94,24.03,-,-,-4.4626255113425035,-5.620867009551792,25.58,0,-4.87,-6.33,29-Sep-2025,28-Aug-2026,-,-5.620867009551792,-,-4.4626255113425035,14.19505678022712,-6.90803162713275,https://nsearchives.nseindia.com/today/BFSIEQN.svg,https://nsearchives.nseindia.com/30d/BFSI-EQ.svg,https://nsearchives.nseindia.com/365d/BFSI-EQ.svg,EQ
MOGOLD,Domestic Price of Physical Gold,146.4,146.4,144.95,144.95,0.5,0.35,18221,2651337.71,144.616,175,113.1,-,-,25.988700564971744,-5.0131061598951545,144.45,0,25.55,-7.91,29-Sep-2025,28-Aug-2026,-,-5.0131061598951545,-,25.988700564971744,17.171428571428578,-28.160919540229884,https://nsearchives.nseindia.com/today/MOGOLDEQN.svg,https://nsearchives.nseindia.com/30d/MOGOLD-EQ.svg,https://nsearchives.nseindia.com/365d/MOGOLD-EQ.svg,EQ
INTERNET,Equity Index,13.68,13.99,13.46,13.52,-0.16,-1.17,187020,2541601.8,13.6514,15.8,10.72,-,-,-3.15186246418339,-7.587149692412858,13.68,0,-2.01,-6.68,29-Sep-2025,28-Aug-2026,-,-7.587149692412858,-,-3.15186246418339,14.430379746835449,-26.119402985074615,https://nsearchives.nseindia.com/today/INTERNETEQN.svg,https://nsearchives.nseindia.com/30d/INTERNET-EQ.svg,https://nsearchives.nseindia.com/365d/INTERNET-EQ.svg,EQ
VALUEAXIS,Nifty500 Value 50 TRI,31.48,31.88,31.19,31.4,0.21,0.67,80182,2528940.28,31.2661,39,26.76,-,-,Infinity,-3.9167686658506766,31.19,0,0,-4.97,,28-Aug-2026,-,-3.9167686658506766,-,Infinity,19.48717948717949,-17.33931240657697,https://nsearchives.nseindia.com/today/VALUEAXISEQN.svg,https://nsearchives.nseindia.com/30d/VALUEAXIS-EQ.svg,,EQ
MONIFTY100,Nifty 100 Total Return Index,24.2,24.2,23.9,24,-0.08,-0.33,104720,2515374.4,23.9592,27.97,22.38,-,-,Infinity,-5.548996458087367,24.08,0,0,-5.57,,28-Aug-2026,-,-5.548996458087367,-,Infinity,14.193779048981048,-7.23860589812333,https://nsearchives.nseindia.com/today/MONIFTY100EQN.svg,https://nsearchives.nseindia.com/30d/MONIFTY100-EQ.svg,,EQ
BBNPPGOLD,Baroda BNP Paribas Gold ETF,141.8,143.45,141.6,142.8,1.7,1.20,17548,2492166.96,141.5447,184.05,109.6,-,-,27.27272727272728,-3.805995284607597,141.1,0,25.76,-7.69,29-Sep-2025,28-Aug-2026,-,-3.805995284607597,-,27.27272727272728,22.41238793806031,-30.291970802919725,https://nsearchives.nseindia.com/today/BBNPPGOLDEQN.svg,https://nsearchives.nseindia.com/30d/BBNPPGOLD-EQ.svg,https://nsearchives.nseindia.com/365d/BBNPPGOLD-EQ.svg,EQ
NEXT50ETF,Nifty Next 50 Index,69.56,71.96,69.56,70.6,-0.38,-0.54,34246,2420164.82,70.025,78,60.15,-,-,Infinity,-4.620372872196707,70.98,0,0,-5.03,,28-Aug-2026,-,-4.620372872196707,-,Infinity,9.487179487179494,-17.373233582709886,https://nsearchives.nseindia.com/today/NEXT50ETFEQN.svg,https://nsearchives.nseindia.com/30d/NEXT50ETF-EQ.svg,,EQ
HDFCPVTBAN,HDFC NIFTY Private Bank ETF,27.6,27.6,26.95,27.16,0.23,0.85,86017,2341382.74,26.9863,30.17,24.31,02-FEB-24,FACE VALUE SPLIT (SUB-DIVISION) - FROM RS 216.75/- PER SHARE TO RS 21.675/- PER SHARE,1.0792705619650136,-3.892427459306445,26.93,0,0.22,-4.91,29-Sep-2025,28-Aug-2026,FACE VALUE SPLIT (SUB-DIVISION) - FROM RS 216.75/- PER SHARE TO RS 21.675/- PER SHARE,-3.892427459306445,02-FEB-24,1.0792705619650136,9.976798143851513,-11.723570547099964,https://nsearchives.nseindia.com/today/HDFCPVTBANEQN.svg,https://nsearchives.nseindia.com/30d/HDFCPVTBAN-EQ.svg,https://nsearchives.nseindia.com/365d/HDFCPVTBAN-EQ.svg,EQ
HEALTHCARE,Nifty 500 Healthcare Index,21.81,21.81,21.12,21.17,-0.54,-2.49,109519,2327278.75,21.6497,23.8,17.18,-,-,Infinity,-2.577082374597325,21.71,0,0,-0.82,,28-Aug-2026,-,-2.577082374597325,-,Infinity,11.050420168067221,-23.22467986030269,https://nsearchives.nseindia.com/today/HEALTHCAREEQN.svg,https://nsearchives.nseindia.com/30d/HEALTHCARE-EQ.svg,,EQ
MOQUALITY,Motilal Oswal S&P BSE Quality ETF,188.9,190.65,188,188.74,0.12,0.06,12136,2290184.56,187.7863,225.6,176.15,-,-,-1.0900324913530994,-5.921642906988334,188.62,0,-1.15,-6.42,29-Sep-2025,28-Aug-2026,-,-5.921642906988334,-,-1.0900324913530994,16.3386524822695,-7.147317627022426,https://nsearchives.nseindia.com/today/MOQUALITYEQN.svg,https://nsearchives.nseindia.com/30d/MOQUALITY-EQ.svg,https://nsearchives.nseindia.com/365d/MOQUALITY-EQ.svg,EQ
HDFCPSUBK,HDFC NIFTY PSU BANK ETF,81.41,82.23,81.2,81.78,0.37,0.45,27800,2272094,80.671,101.25,73.27,-,-,9.860290166577114,-5.061527745530531,81.41,0,9.36,-6.1,29-Sep-2025,28-Aug-2026,-,-5.061527745530531,-,9.860290166577114,19.22962962962963,-11.61457622492153,https://nsearchives.nseindia.com/today/HDFCPSUBKEQN.svg,https://nsearchives.nseindia.com/30d/HDFCPSUBK-EQ.svg,https://nsearchives.nseindia.com/365d/HDFCPSUBK-EQ.svg,EQ
BANKBETA,Nifty Bank,56.38,57.2,56.36,57.2,0.95,1.69,37577,2126106.66,56.2013,73.7,51.3,17-FEB-21, FACE VALUE SPLIT (SUB-DIVISION) - FROM RS 10/- PER UNIT TO RE 1/- PER UNIT,Infinity,-3.800874537504201,56.25,0,0,-5.43,,28-Aug-2026, FACE VALUE SPLIT (SUB-DIVISION) - FROM RS 10/- PER UNIT TO RE 1/- PER UNIT,-3.800874537504201,17-FEB-21,Infinity,22.388059701492537,-11.500974658869408,https://nsearchives.nseindia.com/today/BANKBETAEQN.svg,https://nsearchives.nseindia.com/30d/BANKBETA-EQ.svg,,EQ
ITAXIS,NIFTY IT Index,311.45,313.81,305.01,305.01,-6.82,-2.19,6846,2113907.88,305.1337,439.67,230.7,-,-,Infinity,-11.031706676778576,311.83,0,0,-9.31,,28-Aug-2026,-,-11.031706676778576,-,Infinity,30.62751609161417,-32.210663198959686,https://nsearchives.nseindia.com/today/ITAXISEQN.svg,https://nsearchives.nseindia.com/30d/ITAXIS-EQ.svg,,EQ
MID150,Nifty Midcap 150 Index,22.78,22.78,22.22,22.33,0.1,0.45,91415,2044953.55,,24.95,18.97,-,-,4.884922498825736,-6.215875682486353,22.23,0,4.42,-7.26,29-Sep-2025,28-Aug-2026,-,-6.215875682486353,-,4.884922498825736,10.50100200400802,-17.712177121771216,https://nsearchives.nseindia.com/today/MID150EQN.svg,https://nsearchives.nseindia.com/30d/MID150-EQ.svg,https://nsearchives.nseindia.com/365d/MID150-EQ.svg,EQ
DIVOPPBEES,Nifty Dividend Opportunities 50 TRI,73.15,73.49,72.52,73.43,0.67,0.92,28022,2043644.46,72.494,87.09,72.13,-,-,-4.574398960363867,-4.834110938309992,72.76,0,-5.45,-6.04,29-Sep-2025,28-Aug-2026,-,-4.834110938309992,-,-4.574398960363867,15.684923642209203,-1.8023014002495652,https://nsearchives.nseindia.com/today/DIVOPPBEESEQN.svg,https://nsearchives.nseindia.com/30d/DIVOPPBEES-EQ.svg,https://nsearchives.nseindia.com/365d/DIVOPPBEES-EQ.svg,EQ
PVTBANKADD,DSP Nifty Private Bank ETF,26.99,27.37,26.97,27.21,0.41,1.53,70414,1918781.5,26.8989,31.88,24.02,-,-,1.4919806042521528,-3.3735795454545427,26.8,0,-0.04,-4.8,29-Sep-2025,28-Aug-2026,-,-3.3735795454545427,-,1.4919806042521528,14.64868255959849,-13.280599500416324,https://nsearchives.nseindia.com/today/PVTBANKADDEQN.svg,https://nsearchives.nseindia.com/30d/PVTBANKADD-EQ.svg,https://nsearchives.nseindia.com/365d/PVTBANKADD-EQ.svg,EQ
GROWWMETAL,Nifty Metal Index,12.26,12.44,12.23,12.27,0.01,0.08,153679,1891788.49,12.3711,13.45,10.03,-,-,Infinity,-2.7733755942947678,12.26,0,0,-4.74,,28-Aug-2026,-,-2.7733755942947678,-,Infinity,8.773234200743493,-22.333000997008977,https://nsearchives.nseindia.com/today/GROWWMETALEQN.svg,https://nsearchives.nseindia.com/30d/GROWWMETAL-EQ.svg,,EQ
MULTICAP,Nifty500 Multicap 50:25:25 Index,16.28,16.28,15.91,15.96,0,0.00,116380,1863243.8,15.9468,17.5,14.2,-,-,0.251256281407041,-4.999999999999999,15.96,0,0.25,-5.51,29-Sep-2025,28-Aug-2026,-,-4.999999999999999,-,0.251256281407041,8.799999999999995,-12.39436619718311,https://nsearchives.nseindia.com/today/MULTICAPEQN.svg,https://nsearchives.nseindia.com/30d/MULTICAP-EQ.svg,https://nsearchives.nseindia.com/365d/MULTICAP-EQ.svg,EQ
NIFTYADD,Nifty 50 Index,240.79,240.94,238.87,239.8,-0.14,-0.06,7636,1829814.68,239.6487,300,232.64,-,-,Infinity,-5.661119634918756,239.94,0,0,-5.84,,28-Aug-2026,-,-5.661119634918756,-,Infinity,20.066666666666663,-3.077716643741414,https://nsearchives.nseindia.com/today/NIFTYADDEQN.svg,https://nsearchives.nseindia.com/30d/NIFTYADD-EQ.svg,,EQ
SILVER360,Commodity-Silver,215.68,218.23,215.24,216.1,0.42,0.19,7906,1711490.88,216.0645,358,136.95,-,-,50.72888330892096,-5.690844025486599,215.68,0,50.44,-8.74,29-Sep-2025,28-Aug-2026,-,-5.690844025486599,-,50.72888330892096,39.63687150837989,-57.79481562614094,https://nsearchives.nseindia.com/today/SILVER360EQN.svg,https://nsearchives.nseindia.com/30d/SILVER360-EQ.svg,https://nsearchives.nseindia.com/365d/SILVER360-EQ.svg,EQ
MOMETAL,Nifty Metal Index,13.28,13.39,12.73,12.84,-0.18,-1.38,132480,1705017.6,12.9517,14.55,12.54,-,-,Infinity,-3.1674208144796374,13.02,0,0,-4.41,,28-Aug-2026,-,-3.1674208144796374,-,Infinity,11.752577319587633,-2.3923444976076613,https://nsearchives.nseindia.com/today/MOMETALEQN.svg,https://nsearchives.nseindia.com/30d/MOMETAL-EQ.svg,,EQ
SENSEXETF,Mirae Asset S&P BSE Sensex ETF,75.28,75.4,74.77,74.93,0.02,0.03,22576,1695006.08,74.9218,88.7,73.33,-,-,-8.966103754100347,-5.665365730832179,74.91,0,-8.99,-6.15,29-Sep-2025,28-Aug-2026,-,-5.665365730832179,-,-8.966103754100347,15.524239007891765,-2.181917359880006,https://nsearchives.nseindia.com/today/SENSEXETFEQN.svg,https://nsearchives.nseindia.com/30d/SENSEXETF-EQ.svg,https://nsearchives.nseindia.com/365d/SENSEXETF-EQ.svg,EQ
FLEXIADD,Nifty500 Flexicap Quality 30 TRI,9.52,9.74,9.4,9.49,0.04,0.42,176556,1677282,9.4324,11.9,8.73,-,-,Infinity,-6.686332350049161,9.45,0,0,-7.71,,28-Aug-2026,-,-6.686332350049161,-,Infinity,20.252100840336134,-8.705612829324165,https://nsearchives.nseindia.com/today/FLEXIADDEQN.svg,https://nsearchives.nseindia.com/30d/FLEXIADD-EQ.svg,,EQ
HEALTHADD,DSP Nifty Healthcare ETF,16.81,16.99,16.27,16.42,-0.39,-2.32,100221,1646631.03,16.7233,18.2,13.54,03-JUL-26,FACE VALUE SPLIT (SUB-DIVISION) - FROM RS 10/- PER UNIT TO RE 1/- PER UNIT,-88.45937587854934,-2.840236686390514,16.81,0,-88.19,-0.59,29-Sep-2025,28-Aug-2026,FACE VALUE SPLIT (SUB-DIVISION) - FROM RS 10/- PER UNIT TO RE 1/- PER UNIT,-2.840236686390514,03-JUL-26,-88.45937587854934,9.780219780219769,-21.27031019202365,https://nsearchives.nseindia.com/today/HEALTHADDEQN.svg,https://nsearchives.nseindia.com/30d/HEALTHADD-EQ.svg,https://nsearchives.nseindia.com/365d/HEALTHADD-EQ.svg,EQ
SBINEQWETF,Nifty50 Equal Weight,31.8,31.8,31.39,31.52,-0.13,-0.41,51596,1628369.76,31.637,36.4,29.64,-,-,-1.1602383192223298,-5.769805680119592,31.65,0,-0.75,-5.86,29-Sep-2025,28-Aug-2026,-,-5.769805680119592,-,-1.1602383192223298,13.406593406593403,-6.34278002699055,https://nsearchives.nseindia.com/today/SBINEQWETFEQN.svg,https://nsearchives.nseindia.com/30d/SBINEQWETF-EQ.svg,https://nsearchives.nseindia.com/365d/SBINEQWETF-EQ.svg,EQ
MOMIDMTM,Nifty Midcap 150 Momentum 50 Total Return Index,61.99,62.55,61.7,61.72,-0.24,-0.39,25538,1581568.34,61.7961,70,54.78,-,-,3.0040053404539337,-4.650084968329994,61.96,0,3.4,-5.39,29-Sep-2025,28-Aug-2026,-,-4.650084968329994,-,3.0040053404539337,11.828571428571431,-12.668857247170497,https://nsearchives.nseindia.com/today/MOMIDMTMEQN.svg,https://nsearchives.nseindia.com/30d/MOMIDMTM-EQ.svg,https://nsearchives.nseindia.com/365d/MOMIDMTM-EQ.svg,EQ
EMULTIMQ,Nifty500 Multicap Momentum Quality 50 Total Return Index,40.2,41.4,40.01,40.75,0.3,0.74,39253,1579933.25,40.1799,43.54,36.25,-,-,-0.09806325079676183,-3.413131073714145,40.45,0,-0.83,-4.15,29-Sep-2025,28-Aug-2026,-,-3.413131073714145,-,-0.09806325079676183,6.407900780891132,-12.413793103448276,https://nsearchives.nseindia.com/today/EMULTIMQEQN.svg,https://nsearchives.nseindia.com/30d/EMULTIMQ-EQ.svg,https://nsearchives.nseindia.com/365d/EMULTIMQ-EQ.svg,EQ
CHOICEGOLD,Gold,145.2,147.12,145.2,145.49,0.44,0.30,10811,1577108.68,145.1706,175.49,115.79,-,-,Infinity,-5.051230176858305,145.05,0,0,-7.39,,28-Aug-2026,-,-5.051230176858305,-,Infinity,17.094991167587896,-25.64988340962087,https://nsearchives.nseindia.com/today/CHOICEGOLDEQN.svg,https://nsearchives.nseindia.com/30d/CHOICEGOLD-EQ.svg,,EQ
AONENIFTY,Nifty 50 Index,9.65,9.65,9.35,9.4,-0.02,-0.21,165786,1556730.54,9.3928,12,9,-,-,-6.9306930693069235,-5.622489959839362,9.42,0,-6.73,-5.42,29-Sep-2025,28-Aug-2026,-,-5.622489959839362,-,-6.9306930693069235,21.66666666666666,-4.444444444444448,https://nsearchives.nseindia.com/today/AONENIFTYEQN.svg,https://nsearchives.nseindia.com/30d/AONENIFTY-EQ.svg,https://nsearchives.nseindia.com/365d/AONENIFTY-EQ.svg,EQ
NIFTYJBLK,INDEX,11.93,11.93,11.6,11.66,0.02,0.17,128677,1499087.05,11.6488,13.05,9.94,-,-,Infinity,-4.66067048242028,11.64,0,0,-6.05,,28-Aug-2026,-,-4.66067048242028,-,Infinity,10.651340996168587,-17.30382293762576,https://nsearchives.nseindia.com/today/NIFTYJBLKEQN.svg,https://nsearchives.nseindia.com/30d/NIFTYJBLK-EQ.svg,,EQ
HDFCGROWTH,HDFC NIFTY Growth Sectors 15 ETF,111.11,112.28,110.55,111.1,-0.53,-0.47,13156,1462947.2,111.4199,133.3,107.86,-,-,-7.593778591033859,-8.356017487420612,111.63,0,-7.15,-8.03,29-Sep-2025,28-Aug-2026,-,-8.356017487420612,-,-7.593778591033859,16.654163540885232,-3.003893936584457,https://nsearchives.nseindia.com/today/HDFCGROWTHEQN.svg,https://nsearchives.nseindia.com/30d/HDFCGROWTH-EQ.svg,https://nsearchives.nseindia.com/365d/HDFCGROWTH-EQ.svg,EQ
QUAL30IETF,ICICI Prudential Nifty 200 Quality 30 ETF,19.85,20.5,19.73,19.73,-0.09,-0.45,73738,1460749.78,19.6686,23,18,10-MAY-24,FACE VALUE SPLIT (SUB-DIVISION) - FROM RS 10/- PER SHARE TO RE 1/- PER SHARE,-5.552896122546674,-7.021677662582461,19.82,0,-5.12,-7.12,29-Sep-2025,28-Aug-2026,FACE VALUE SPLIT (SUB-DIVISION) - FROM RS 10/- PER SHARE TO RE 1/- PER SHARE,-7.021677662582461,10-MAY-24,-5.552896122546674,14.217391304347824,-9.611111111111114,https://nsearchives.nseindia.com/today/QUAL30IETFEQN.svg,https://nsearchives.nseindia.com/30d/QUAL30IETF-EQ.svg,https://nsearchives.nseindia.com/365d/QUAL30IETF-EQ.svg,EQ
SBIBPB,BSE PSU Bank Index TRI,46.76,47.23,46.64,46.95,0.29,0.62,30253,1421285.94,46.5315,58.27,40.7,-,-,9.262276006516183,-4.747413268411435,46.66,0,8.59,-6.31,29-Sep-2025,28-Aug-2026,-,-4.747413268411435,-,9.262276006516183,19.42680624678222,-15.356265356265355,https://nsearchives.nseindia.com/today/SBIBPBEQN.svg,https://nsearchives.nseindia.com/30d/SBIBPB-EQ.svg,https://nsearchives.nseindia.com/365d/SBIBPB-EQ.svg,EQ
EQUAL50,Nifty50 Equal Weight,314.98,315.11,312.17,312.47,-2.46,-0.78,4521,1418328.12,314.8602,342.88,295.16,-,-,-1.9209642487209104,-6.139797542879456,314.93,0,-1.15,-5.79,29-Sep-2025,28-Aug-2026,-,-6.139797542879456,-,-1.9209642487209104,8.868992067195512,-5.8646158015991325,https://nsearchives.nseindia.com/today/EQUAL50EQN.svg,https://nsearchives.nseindia.com/30d/EQUAL50-EQ.svg,https://nsearchives.nseindia.com/365d/EQUAL50-EQ.svg,EQ
MOALPHA50,Nifty Alpha 50 Total Return Index,54.29,54.4,53.5,54,-0.9,-1.64,26182,1411471.62,53.1524,62,42.1,-,-,9.06887497475258,-5.1799824407374935,54.9,0,10.89,-4.49,29-Sep-2025,28-Aug-2026,-,-5.1799824407374935,-,9.06887497475258,12.903225806451612,-28.266033254156763,https://nsearchives.nseindia.com/today/MOALPHA50EQN.svg,https://nsearchives.nseindia.com/30d/MOALPHA50-EQ.svg,https://nsearchives.nseindia.com/365d/MOALPHA50-EQ.svg,EQ
AONETOTAL,Nifty Total Market Index,11.6,11.6,11.3,11.38,0.01,0.09,120405,1367800.8,11.3374,12.51,9.6,-,-,-1.2152777777777672,-4.690117252931313,11.37,0,-1.3,-5.09,29-Sep-2025,28-Aug-2026,-,-4.690117252931313,-,-1.2152777777777672,9.032773780975212,-18.54166666666668,https://nsearchives.nseindia.com/today/AONETOTALEQN.svg,https://nsearchives.nseindia.com/30d/AONETOTAL-EQ.svg,https://nsearchives.nseindia.com/365d/AONETOTAL-EQ.svg,EQ
IVZINNIFTY,Nifty 50,255.15,263.21,255.15,260.43,-1.27,-0.49,5228,1365658.16,260.8695,315,251.1,31-JUL-26,FACE VALUE SPLIT (SUB-DIVISION) - FROM RS 10/- PER SHARE TO RE 1/- PER SHARE,-90.73008211688575,-5.470054446460978,261.7,0,-90.68,-5.48,29-Sep-2025,28-Aug-2026,FACE VALUE SPLIT (SUB-DIVISION) - FROM RS 10/- PER SHARE TO RE 1/- PER SHARE,-5.470054446460978,31-JUL-26,-90.73008211688575,17.323809523809523,-3.7156511350059787,https://nsearchives.nseindia.com/today/IVZINNIFTYEQN.svg,https://nsearchives.nseindia.com/30d/IVZINNIFTY-EQ.svg,https://nsearchives.nseindia.com/365d/IVZINNIFTY-EQ.svg,EQ
PSUBANKADD,DSP Nifty PSU Bank ETF,81.51,82.71,80.94,80.94,-0.34,-0.42,15986,1307015.36,80.6436,99.88,73.42,-,-,8.834207341670018,-6.134755885422714,81.28,0,9.29,-6.45,29-Sep-2025,28-Aug-2026,-,-6.134755885422714,-,8.834207341670018,18.96275530636764,-10.24244075183873,https://nsearchives.nseindia.com/today/PSUBANKADDEQN.svg,https://nsearchives.nseindia.com/30d/PSUBANKADD-EQ.svg,https://nsearchives.nseindia.com/365d/PSUBANKADD-EQ.svg,EQ
FMCGADD,Nifty FMCG Index (TRI),45.23,45.3,44.75,44.91,-0.28,-0.62,27390,1231454.4,44.9816,51.09,44.75,-,-,Infinity,-4.099935938500964,45.19,0,0,-4.52,,28-Aug-2026,-,-4.099935938500964,-,Infinity,12.09630064591898,-0.35754189944133313,https://nsearchives.nseindia.com/today/FMCGADDEQN.svg,https://nsearchives.nseindia.com/30d/FMCGADD-EQ.svg,,EQ
GSEC5IETF,Nifty 5 yr Benchmark G-Sec Index,65.92,66.3,65.75,66.3,0.38,0.58,18548,1225280.88,65.9054,69.14,62.7,-,-,4.888467014712856,0.43932737464019395,65.92,0,4.29,-0.42,29-Sep-2025,28-Aug-2026,-,0.43932737464019395,-,4.888467014712856,4.107607752386468,-5.741626794258364,https://nsearchives.nseindia.com/today/GSEC5IETFEQN.svg,https://nsearchives.nseindia.com/30d/GSEC5IETF-EQ.svg,https://nsearchives.nseindia.com/365d/GSEC5IETF-EQ.svg,EQ
GROWWMOM50,Nifty 500 Momentum 50 Index- Total Return Index,10.66,10.68,10.5,10.62,0.02,0.19,114128,1210898.08,10.591,11.55,9.12,-,-,4.117647058823529,-4.496402877697842,10.6,0,3.92,-6.61,29-Sep-2025,28-Aug-2026,-,-4.496402877697842,-,4.117647058823529,8.051948051948063,-16.447368421052634,https://nsearchives.nseindia.com/today/GROWWMOM50EQN.svg,https://nsearchives.nseindia.com/30d/GROWWMOM50-EQ.svg,https://nsearchives.nseindia.com/365d/GROWWMOM50-EQ.svg,EQ
CONSUMIETF,Nifty India Consumption Index,116.1,116.15,114.8,115.3,-1.11,-0.95,10322,1189610.5,115.7645,141.27,94.65,-,-,-7.848465473145785,-5.923629242819847,116.41,0,-6.96,-5.51,29-Sep-2025,28-Aug-2026,-,-5.923629242819847,-,-7.848465473145785,18.38323777164296,-21.817221341785515,https://nsearchives.nseindia.com/today/CONSUMIETFEQN.svg,https://nsearchives.nseindia.com/30d/CONSUMIETF-EQ.svg,https://nsearchives.nseindia.com/365d/CONSUMIETF-EQ.svg,EQ
NIFTYQLITY,Aditya Birla Sun Life Nifty 200 Quality 30 ETF,20.07,20.45,19.73,20.05,-0.02,-0.10,55131,1100414.76,19.8637,23.03,18.95,-,-,-5.021316911416385,-6.526806526806521,20.07,0,-4.93,-6.87,29-Sep-2025,28-Aug-2026,-,-6.526806526806521,-,-5.021316911416385,12.939643942683459,-5.804749340369401,https://nsearchives.nseindia.com/today/NIFTYQLITYEQN.svg,https://nsearchives.nseindia.com/30d/NIFTYQLITY-EQ.svg,https://nsearchives.nseindia.com/365d/NIFTYQLITY-EQ.svg,EQ
GOLD360,Commodity-Gold,142.1,144.6,142.1,144,1.95,1.37,7494,1076962.74,142.7686,178,110.55,-,-,26.87224669603524,-3.8397328881469117,142.05,0,25.15,-8.18,29-Sep-2025,28-Aug-2026,-,-3.8397328881469117,-,26.87224669603524,19.10112359550562,-30.25780189959295,https://nsearchives.nseindia.com/today/GOLD360EQN.svg,https://nsearchives.nseindia.com/30d/GOLD360-EQ.svg,https://nsearchives.nseindia.com/365d/GOLD360-EQ.svg,EQ
SETF10GILT,Nifty 10 yr Benchmark G-Sec Index,260.6,262.5,260.21,261.85,0.02,0.01,4092,1070671.8,261.5056,272.31,250.95,-,-,1.9188852561108543,-1.0729532660848446,261.83,0,1.91,-0.93,29-Sep-2025,28-Aug-2026,-,-1.0729532660848446,-,1.9188852561108543,3.8412103852227166,-4.343494720063772,https://nsearchives.nseindia.com/today/SETF10GILTEQN.svg,https://nsearchives.nseindia.com/30d/SETF10GILT-EQ.svg,https://nsearchives.nseindia.com/365d/SETF10GILT-EQ.svg,EQ
TECH,Nifty IT TRI Index,31.8,31.8,30.05,30.46,-0.83,-2.65,34421,1051217.34,30.3116,49.41,28,-,-,-15.224046757584189,-10.014771048744462,31.29,0,-12.91,-8.11,29-Sep-2025,28-Aug-2026,-,-10.014771048744462,-,-15.224046757584189,38.3525602104837,-8.785714285714288,https://nsearchives.nseindia.com/today/TECHEQN.svg,https://nsearchives.nseindia.com/30d/TECH-EQ.svg,https://nsearchives.nseindia.com/365d/TECH-EQ.svg,EQ
ECAPINSURE,BSE Capital Markets & Insurance Total Return Index,22.84,23.03,22.21,22.4,-0.18,-0.80,46164,1046537.88,22.6063,25.88,20.5,-,-,-0.8849557522124019,-7.131011608623558,22.58,0,-0.09,-6.85,29-Sep-2025,28-Aug-2026,-,-7.131011608623558,-,-0.8849557522124019,13.446676970633696,-9.268292682926822,https://nsearchives.nseindia.com/today/ECAPINSUREEQN.svg,https://nsearchives.nseindia.com/30d/ECAPINSURE-EQ.svg,https://nsearchives.nseindia.com/365d/ECAPINSURE-EQ.svg,EQ
MIDQ50ADD,Nifty Midcap 150 Quality 50 Index,23.78,24.14,23.57,23.57,-0.21,-0.88,42607,1009359.83,23.5649,26.01,21,03-JUL-26,FACE VALUE SPLIT (SUB-DIVISION) - FROM RS 10/- PER UNIT TO RE 1/- PER UNIT,-90.32072604821158,-8.073322932917318,23.78,0,-90.23,-7.11,29-Sep-2025,28-Aug-2026,FACE VALUE SPLIT (SUB-DIVISION) - FROM RS 10/- PER UNIT TO RE 1/- PER UNIT,-8.073322932917318,03-JUL-26,-90.32072604821158,9.381007304882742,-12.238095238095237,https://nsearchives.nseindia.com/today/MIDQ50ADDEQN.svg,https://nsearchives.nseindia.com/30d/MIDQ50ADD-EQ.svg,https://nsearchives.nseindia.com/365d/MIDQ50ADD-EQ.svg,EQ
MOMENTUM30,Nifty 200 Momentum 30 Index,29.86,29.86,29.52,29.65,-0.21,-0.70,33859,1004935.12,29.531,37.38,26.91,-,-,Infinity,-4.539600772698004,29.86,0,0,-5.15,,28-Aug-2026,-,-4.539600772698004,-,Infinity,20.679507758159453,-10.182088442958001,https://nsearchives.nseindia.com/today/MOMENTUM30EQN.svg,https://nsearchives.nseindia.com/30d/MOMENTUM30-EQ.svg,,EQ
PVTBKGROWW,Nifty Private Bank Index - TRI,26.73,27,26.56,26.89,0.42,1.59,37421,1001760.17,26.5667,29.57,25.45,-,-,Infinity,-3.689111747851007,26.47,0,0,-4.99,,28-Aug-2026,-,-3.689111747851007,-,Infinity,9.0632397700372,-5.658153241650299,https://nsearchives.nseindia.com/today/PVTBKGROWWEQN.svg,https://nsearchives.nseindia.com/30d/PVTBKGROWW-EQ.svg,,EQ
GROWWPSE,Nifty PSE Index - TRI,96.48,97.2,93.5,93.5,-1.66,-1.74,10573,999465.69,94.1835,109.85,93.2,-,-,Infinity,-3.776885870124526,95.16,0,0,-2.03,,28-Aug-2026,-,-3.776885870124526,-,Infinity,14.883932635411922,-0.32188841201716434,https://nsearchives.nseindia.com/today/GROWWPSEEQN.svg,https://nsearchives.nseindia.com/30d/GROWWPSE-EQ.svg,,EQ
SBIETFIT,Nifty IT Index,307.5,315.32,305.12,308.93,1.43,0.47,3156,979906.44,306.9521,439.27,285,-,-,-15.875609291179916,-10.23130121462195,307.5,0,-16.27,-10.99,29-Sep-2025,28-Aug-2026,-,-10.23130121462195,-,-15.875609291179916,29.671955744758346,-8.396491228070179,https://nsearchives.nseindia.com/today/SBIETFITEQN.svg,https://nsearchives.nseindia.com/30d/SBIETFIT-EQ.svg,https://nsearchives.nseindia.com/365d/SBIETFIT-EQ.svg,EQ
TOP15IETF,Nifty Top 15 Equal Weight Index,9.21,9.28,9.16,9.21,0.03,0.33,104116,957867.2,9.1706,11.36,9.11,-,-,-11.357074109720882,-6.5922920892494785,9.18,0,-11.65,-7.65,29-Sep-2025,28-Aug-2026,-,-6.5922920892494785,-,-11.357074109720882,18.926056338028157,-1.0976948408342637,https://nsearchives.nseindia.com/today/TOP15IETFEQN.svg,https://nsearchives.nseindia.com/30d/TOP15IETF-EQ.svg,https://nsearchives.nseindia.com/365d/TOP15IETF-EQ.svg,EQ
HDFCVALUE,HDFC NIFTY50 Value 20 ETF,118.77,119.3,118,118.86,0.43,0.36,7996,948965.28,118.4875,147.05,117.45,-,-,-9.612167300380229,-5.388840245164368,118.43,0,-9.94,-5.64,29-Sep-2025,28-Aug-2026,-,-5.388840245164368,-,-9.612167300380229,19.17035022101327,-1.2005108556832667,https://nsearchives.nseindia.com/today/HDFCVALUEEQN.svg,https://nsearchives.nseindia.com/30d/HDFCVALUE-EQ.svg,https://nsearchives.nseindia.com/365d/HDFCVALUE-EQ.svg,EQ
GROWWPSUBK,Nifty PSU Bank Index - TRI,81,82.6,79.25,82.6,1.73,2.14,11236,913486.8,79.9542,91.19,77.57,-,-,Infinity,-3.7520391517128866,80.87,0,0,-5.78,,28-Aug-2026,-,-3.7520391517128866,-,Infinity,9.41989253207589,-6.484465643934513,https://nsearchives.nseindia.com/today/GROWWPSUBKEQN.svg,https://nsearchives.nseindia.com/30d/GROWWPSUBK-EQ.svg,,EQ
AONETMMQ50,Nifty Total Market Momentum Quality 50 TRI,10.15,10.15,9.9,9.95,0,0.00,90255,897134.7,9.8739,10.87,8,-,-,Infinity,-4.2348411934552574,9.95,0,0,-4.69,,28-Aug-2026,-,-4.2348411934552574,-,Infinity,8.463661453541858,-24.374999999999993,https://nsearchives.nseindia.com/today/AONETMMQ50EQN.svg,https://nsearchives.nseindia.com/30d/AONETMMQ50-EQ.svg,,EQ
MOMGF,Nifty India Manufacturing Total Return Index,155.8,159,154.75,155.13,-0.73,-0.47,5453,847287.14,154.7872,171.26,137.9,-,-,5.315682281059052,-6.378998189499091,155.86,0,5.81,-5.61,29-Sep-2025,28-Aug-2026,-,-6.378998189499091,-,5.315682281059052,9.418428120985634,-12.494561276287158,https://nsearchives.nseindia.com/today/MOMGFEQN.svg,https://nsearchives.nseindia.com/30d/MOMGF-EQ.svg,https://nsearchives.nseindia.com/365d/MOMGF-EQ.svg,EQ
GROWWRLTY,Index,9.4,9.55,9.27,9.41,0.05,0.53,89223,843157.35,9.3521,11.3,7.17,-,-,Infinity,-6.368159203980104,9.36,0,0,-7.69,,28-Aug-2026,-,-6.368159203980104,-,Infinity,16.725663716814164,-31.241283124128316,https://nsearchives.nseindia.com/today/GROWWRLTYEQN.svg,https://nsearchives.nseindia.com/30d/GROWWRLTY-EQ.svg,,EQ
HEALTHAXIS,Nifty Healthcare Index,168.43,169.21,164,164.62,-3.81,-2.26,5086,841783.86,168.5513,190,135.2,-,-,Infinity,-2.982083922677983,168.43,0,0,-1.38,,28-Aug-2026,-,-2.982083922677983,-,Infinity,13.357894736842104,-21.760355029585813,https://nsearchives.nseindia.com/today/HEALTHAXISEQN.svg,https://nsearchives.nseindia.com/30d/HEALTHAXIS-EQ.svg,,EQ
LOWVOL,Mirae Asset Nifty 100 Low Volatility 30 ETF,194.22,194.66,192.72,193.49,-1.61,-0.83,4298,833253.26,194.473,219.1,183.58,-,-,-5.365352636212462,-6.7832538420773645,195.1,0,-4.58,-6.26,29-Sep-2025,28-Aug-2026,-,-6.7832538420773645,-,-5.365352636212462,11.688726608854399,-5.398191524131167,https://nsearchives.nseindia.com/today/LOWVOLEQN.svg,https://nsearchives.nseindia.com/30d/LOWVOL-EQ.svg,https://nsearchives.nseindia.com/365d/LOWVOL-EQ.svg,EQ
ENIFTY,Nifty 50 TRI,23.42,23.97,22.85,22.94,-1.09,-4.54,34486,798006.04,22.9157,27.99,22.28,-,-,Infinity,-5.441055234954659,24.03,0,0,-1.31,,28-Aug-2026,-,-5.441055234954659,-,Infinity,18.042157913540542,-2.9622980251346505,https://nsearchives.nseindia.com/today/ENIFTYEQN.svg,https://nsearchives.nseindia.com/30d/ENIFTY-EQ.svg,,EQ
CONS,Kotak Nifty India Consumption ETF,11.53,11.55,11.4,11.46,-0.26,-2.22,68549,785571.54,11.4989,13.12,10.2,27-FEB-26,FACE VALUE SPLIT (SUB-DIVISION) - FROM RS 10/- PER SHARE TO RE 1/- PER SHARE,-90.77591757887959,-6.372549019607838,11.72,0,-90.57,-4.56,29-Sep-2025,28-Aug-2026,FACE VALUE SPLIT (SUB-DIVISION) - FROM RS 10/- PER SHARE TO RE 1/- PER SHARE,-6.372549019607838,27-FEB-26,-90.77591757887959,12.652439024390231,-12.352941176470605,https://nsearchives.nseindia.com/today/CONSEQN.svg,https://nsearchives.nseindia.com/30d/CONS-EQ.svg,https://nsearchives.nseindia.com/365d/CONS-EQ.svg,EQ
GROWWSC250,Nifty Smallcap 250 Index - TRI,10.39,10.4,10.3,10.36,0.06,0.58,72436,748988.24,10.2736,10.97,8,-,-,Infinity,-2.5399811853245655,10.3,0,0,-3.47,,28-Aug-2026,-,-2.5399811853245655,-,Infinity,5.560619872379227,-29.499999999999993,https://nsearchives.nseindia.com/today/GROWWSC250EQN.svg,https://nsearchives.nseindia.com/30d/GROWWSC250-EQ.svg,,EQ
SMALLIETF,Nifty Smallcap 250 Index,18,18.08,17.8,17.95,0.15,0.84,39946,716631.24,17.8016,19.49,17.4,-,-,Infinity,-2.710027100271003,17.8,0,0,-4.2,,28-Aug-2026,-,-2.710027100271003,-,Infinity,7.901487942534629,-3.1609195402298895,https://nsearchives.nseindia.com/today/SMALLIETFEQN.svg,https://nsearchives.nseindia.com/30d/SMALLIETF-EQ.svg,,EQ
LICNFNHGP,Nifty 100,259.89,265,255.1,264.99,-3.86,-1.44,2734,708789.5,261.0783,296.41,248.02,-,-,-4.679856115107911,-4.638692960990351,268.85,0,-3.29,-3.2,29-Sep-2025,28-Aug-2026,-,-4.638692960990351,-,-4.679856115107911,10.600182180088396,-6.842190145955971,https://nsearchives.nseindia.com/today/LICNFNHGPEQN.svg,https://nsearchives.nseindia.com/30d/LICNFNHGP-EQ.svg,https://nsearchives.nseindia.com/365d/LICNFNHGP-EQ.svg,EQ
ABSLPSE,Aditya Birla Sun Life Nifty PSE ETF,9.73,10.14,9.73,9.85,0.03,0.31,71398,701128.36,9.7505,11.6,9.21,-,-,-1.7946161515453611,-1.5984015984015998,9.82,0,-2.09,-2.96,29-Sep-2025,28-Aug-2026,-,-1.5984015984015998,-,-1.7946161515453611,15.086206896551724,-6.948968512486414,https://nsearchives.nseindia.com/today/ABSLPSEEQN.svg,https://nsearchives.nseindia.com/30d/ABSLPSE-EQ.svg,https://nsearchives.nseindia.com/365d/ABSLPSE-EQ.svg,EQ
ELM250,Nifty LargeMidcap 250 TRI,15.7,15.99,15.55,15.8,0.1,0.64,43903,693228.37,15.7008,18.5,14.43,-,-,-1.064495929868503,-7.331378299120234,15.7,0,-1.69,-6.99,29-Sep-2025,28-Aug-2026,-,-7.331378299120234,-,-1.064495929868503,14.594594594594591,-9.494109494109502,https://nsearchives.nseindia.com/today/ELM250EQN.svg,https://nsearchives.nseindia.com/30d/ELM250-EQ.svg,https://nsearchives.nseindia.com/365d/ELM250-EQ.svg,EQ
ABSLBANETF,Nifty Bank,56.95,56.95,55.6,56,0.17,0.30,12244,687623.04,55.7005,64.94,50.97,25-NOV-21, FACE VALUE SPLIT (SUB-DIVISION) - FROM RS 10/- PER SHARE TO RE 1/- PER SHARE,0.7737988123087992,-4.90745457632875,55.83,0,0.47,-5.49,29-Sep-2025,28-Aug-2026, FACE VALUE SPLIT (SUB-DIVISION) - FROM RS 10/- PER SHARE TO RE 1/- PER SHARE,-4.90745457632875,25-NOV-21,0.7737988123087992,13.766553741915612,-9.868550127525998,https://nsearchives.nseindia.com/today/ABSLBANETFEQN.svg,https://nsearchives.nseindia.com/30d/ABSLBANETF-EQ.svg,https://nsearchives.nseindia.com/365d/ABSLBANETF-EQ.svg,EQ
CONSUMER,Nifty India New AgeConsumption,11.33,11.4,11.29,11.31,-0.03,-0.26,59211,670860.63,11.3114,12.74,9.69,-,-,-5.19698239731768,-7.371007371007373,11.34,0,-4.95,-7.28,29-Sep-2025,28-Aug-2026,-,-7.371007371007373,-,-5.19698239731768,11.224489795918364,-16.71826625386998,https://nsearchives.nseindia.com/today/CONSUMEREQN.svg,https://nsearchives.nseindia.com/30d/CONSUMER-EQ.svg,https://nsearchives.nseindia.com/365d/CONSUMER-EQ.svg,EQ
MOM50,Nifty 50,239,239,236.01,236.01,-3.15,-1.32,2762,656858.84,238.0979,279.33,221.55,16-OCT-14,FACE VALUE SPLIT FROM RS.10/- TO RS.7/-,-7.797788803375399,-6.203799380017492,239.16,0,-6.57,-5.69,29-Sep-2025,28-Aug-2026,FACE VALUE SPLIT FROM RS.10/- TO RS.7/-,-6.203799380017492,16-OCT-14,-7.797788803375399,15.508538288046394,-6.526743398781304,https://nsearchives.nseindia.com/today/MOM50EQN.svg,https://nsearchives.nseindia.com/30d/MOM50-EQ.svg,https://nsearchives.nseindia.com/365d/MOM50-EQ.svg,EQ
NIFTYBETF,Bajaj Finserv Nifty 50 ETF,237.04,237.04,232.62,233.5,-1.19,-0.51,2663,624340.35,234.084,279.99,227.01,-,-,-7.245570827043779,-6.055119694226518,234.69,0,-6.77,-5.62,29-Sep-2025,28-Aug-2026,-,-6.055119694226518,-,-7.245570827043779,16.60416443444409,-2.8589048940575346,https://nsearchives.nseindia.com/today/NIFTYBETFEQN.svg,https://nsearchives.nseindia.com/30d/NIFTYBETF-EQ.svg,https://nsearchives.nseindia.com/365d/NIFTYBETF-EQ.svg,EQ
GROWWCHEM,Nifty Chemicals Index - TRI,28.5,28.81,28.18,28.46,-0.04,-0.14,20916,596524.32,28.0709,31.74,24.64,-,-,Infinity,-6.963059823471719,28.5,0,0,-6.1,,28-Aug-2026,-,-6.963059823471719,-,Infinity,10.333963453056073,-15.503246753246753,https://nsearchives.nseindia.com/today/GROWWCHEMEQN.svg,https://nsearchives.nseindia.com/30d/GROWWCHEM-EQ.svg,,EQ
EQUAL200,BSE 200 Equal Weight,13.19,13.19,13.09,13.11,-0.02,-0.15,42187,553493.44,11.129,14.6,11.75,-,-,1.5491866769945724,-5.751258087706691,13.13,0,1.7,-6.15,29-Sep-2025,28-Aug-2026,-,-5.751258087706691,-,1.5491866769945724,10.205479452054798,-11.574468085106378,https://nsearchives.nseindia.com/today/EQUAL200EQN.svg,https://nsearchives.nseindia.com/30d/EQUAL200-EQ.svg,https://nsearchives.nseindia.com/365d/EQUAL200-EQ.svg,EQ
SBIETFPB,Nifty Private Bank Index,270.63,275.5,270.22,274.66,4.14,1.53,1997,545620.34,270.5435,304.58,244.18,-,-,1.7033251869954908,-3.101076027518068,270.52,0,0.17,-4.63,29-Sep-2025,28-Aug-2026,-,-3.101076027518068,-,1.7033251869954908,9.8233633199816,-12.482594807109516,https://nsearchives.nseindia.com/today/SBIETFPBEQN.svg,https://nsearchives.nseindia.com/30d/SBIETFPB-EQ.svg,https://nsearchives.nseindia.com/365d/SBIETFPB-EQ.svg,EQ
MON50EQUAL,Nifty 50 Equal Weight Total Return Index,31.64,32.5,31.35,31.46,-0.28,-0.88,16989,535153.5,31.5741,36,29.43,-,-,-1.1313639220615948,-5.667166416791606,31.74,0,-0.25,-5.84,29-Sep-2025,28-Aug-2026,-,-5.667166416791606,-,-1.1313639220615948,12.611111111111107,-6.8977234114848835,https://nsearchives.nseindia.com/today/MON50EQUALEQN.svg,https://nsearchives.nseindia.com/30d/MON50EQUAL-EQ.svg,https://nsearchives.nseindia.com/365d/MON50EQUAL-EQ.svg,EQ
SENSEXAXIS,AXIS S&P BSE SENSEX ETF,76.37,76.37,75.32,75.32,-0.13,-0.17,6927,524166.09,75.3379,91.35,73.52,-,-,Infinity,-5.932309229424254,75.45,0,0,-5.64,,28-Aug-2026,-,-5.932309229424254,-,Infinity,17.547892720306514,-2.448313384113163,https://nsearchives.nseindia.com/today/SENSEXAXISEQN.svg,https://nsearchives.nseindia.com/30d/SENSEXAXIS-EQ.svg,,EQ
HDFCQUAL,HDFC NIFTY100 Quality 30 ETF,55.61,55.87,55.29,55.62,-0.04,-0.07,9412,523589.56,55.2556,61.87,51.91,-,-,-3.571428571428575,-5.8086367485182056,55.66,0,-3.5,-6.07,29-Sep-2025,28-Aug-2026,-,-5.8086367485182056,-,-3.571428571428575,10.101826410214967,-7.146985166634562,https://nsearchives.nseindia.com/today/HDFCQUALEQN.svg,https://nsearchives.nseindia.com/30d/HDFCQUAL-EQ.svg,https://nsearchives.nseindia.com/365d/HDFCQUAL-EQ.svg,EQ
NEXT50ADD,Nifty Next 50 TRI,70.75,70.93,70.02,70.4,0,0.00,7326,514871.28,69.9324,81,56.25,-,-,Infinity,-4.555314533622559,70.4,0,0,-5.47,,28-Aug-2026,-,-4.555314533622559,-,Infinity,13.086419753086414,-25.155555555555562,https://nsearchives.nseindia.com/today/NEXT50ADDEQN.svg,https://nsearchives.nseindia.com/30d/NEXT50ADD-EQ.svg,,EQ
MIDCAPBETA,UTI Nifty Midcap 150 Exchange Traded Fund (ETF),223.85,224,221.02,223.5,-1.11,-0.49,2319,514864.38,220.9899,240,192.5,-,-,Infinity,-5.632494511062323,224.61,0,0,-5.68,,28-Aug-2026,-,-5.632494511062323,-,Infinity,6.875,-16.103896103896105,https://nsearchives.nseindia.com/today/MIDCAPBETAEQN.svg,https://nsearchives.nseindia.com/30d/MIDCAPBETA-EQ.svg,,EQ
CEMNTGROWW,Nifty Cements Index TRI,13.89,13.97,13.75,13.86,0.14,1.02,36281,502129.04,13.6463,16.27,13.67,-,-,Infinity,-5.9063136456211875,13.72,0,0,-7.73,,28-Aug-2026,-,-5.9063136456211875,-,Infinity,14.812538414259373,-1.3899049012435956,https://nsearchives.nseindia.com/today/CEMNTGROWWEQN.svg,https://nsearchives.nseindia.com/30d/CEMNTGROWW-EQ.svg,,EQ
NETF,Tata Nifty 50 Exchange Traded Fund,249.8,249.8,245.61,246.51,-1.2,-0.48,2020,501626.6,247.5151,292.9,240.66,-,-,-7.438419945929709,-6.0019065776930445,247.71,0,-6.99,-5.52,29-Sep-2025,28-Aug-2026,-,-6.0019065776930445,-,-7.438419945929709,15.838170023898936,-2.430815258040387,https://nsearchives.nseindia.com/today/NETFEQN.svg,https://nsearchives.nseindia.com/30d/NETF-EQ.svg,https://nsearchives.nseindia.com/365d/NETF-EQ.svg,EQ
BANK10ADD,BSE Top 10 Banks Index (TRI),16.12,16.37,16.09,16.31,0.2,1.24,30632,497157.36,16.1076,18.99,12.08,-,-,Infinity,-3.7190082644628246,16.11,0,0,-4.96,,28-Aug-2026,-,-3.7190082644628246,-,Infinity,14.112690889942076,-35.01655629139072,https://nsearchives.nseindia.com/today/BANK10ADDEQN.svg,https://nsearchives.nseindia.com/30d/BANK10ADD-EQ.svg,,EQ
ABSLNN50ET,Nifty Next 50,74.85,74.93,73.04,73.6,-0.51,-0.69,6636,490400.4,73.2665,80.33,63.02,25-NOV-21, FACE VALUE SPLIT (SUB-DIVISION) - FROM RS 10/- PER SHARE TO RE 1/- PER SHARE,3.6619718309859075,-4.811174340403517,74.11,0,4.38,-4.85,29-Sep-2025,28-Aug-2026, FACE VALUE SPLIT (SUB-DIVISION) - FROM RS 10/- PER SHARE TO RE 1/- PER SHARE,-4.811174340403517,25-NOV-21,3.6619718309859075,8.377940993402222,-16.788321167883197,https://nsearchives.nseindia.com/today/ABSLNN50ETEQN.svg,https://nsearchives.nseindia.com/30d/ABSLNN50ET-EQ.svg,https://nsearchives.nseindia.com/365d/ABSLNN50ET-EQ.svg,EQ
MOTOUR,Nifty India Tourism Total Return Index,76.39,76.72,75.89,76.35,0.69,0.91,6380,487113,75.5866,92.27,64,-,-,-13.81645783948528,-2.203151018316894,75.66,0,-14.6,-3.86,29-Sep-2025,28-Aug-2026,-,-2.203151018316894,-,-13.81645783948528,17.25371193237239,-19.296874999999993,https://nsearchives.nseindia.com/today/MOTOUREQN.svg,https://nsearchives.nseindia.com/30d/MOTOUR-EQ.svg,https://nsearchives.nseindia.com/365d/MOTOUR-EQ.svg,EQ
GROWWN200,Nifty 200 Index- Total Return Index,10.61,10.84,10.6,10.73,0.12,1.13,42510,455282.1,10.7246,12.14,9.91,-,-,-3.5938903863432197,-5.87719298245614,10.61,0,-4.67,-6.85,29-Sep-2025,28-Aug-2026,-,-5.87719298245614,-,-3.5938903863432197,11.614497528830313,-8.274470232088802,https://nsearchives.nseindia.com/today/GROWWN200EQN.svg,https://nsearchives.nseindia.com/30d/GROWWN200-EQ.svg,https://nsearchives.nseindia.com/365d/GROWWN200-EQ.svg,EQ
LICNMID100,LIC MF Nifty Midcap 100 ETF,60.97,60.97,59.38,60,-0.29,-0.48,7451,446165.88,59.7465,66.4,52.3,-,-,5.13404590853338,-5.76409612062196,60.29,0,5.64,-6.1,29-Sep-2025,28-Aug-2026,-,-5.76409612062196,-,5.13404590853338,9.638554216867478,-14.722753346080312,https://nsearchives.nseindia.com/today/LICNMID100EQN.svg,https://nsearchives.nseindia.com/30d/LICNMID100-EQ.svg,https://nsearchives.nseindia.com/365d/LICNMID100-EQ.svg,EQ
QNIFTY,Nifty 50,244.44,251.6,244.44,249.8,-0.91,-0.36,1753,439073.91,250.3017,291.19,243.2,13-FEB-26,FACE VALUE SPLIT (SUB-DIVISION) - FROM RS 10/- PER UNIT TO RE 1/- PER UNIT,-90.71043941332222,-5.842442517904259,250.71,0,-90.68,-5.86,29-Sep-2025,28-Aug-2026,FACE VALUE SPLIT (SUB-DIVISION) - FROM RS 10/- PER UNIT TO RE 1/- PER UNIT,-5.842442517904259,13-FEB-26,-90.71043941332222,14.214087022219163,-2.713815789473694,https://nsearchives.nseindia.com/today/QNIFTYEQN.svg,https://nsearchives.nseindia.com/30d/QNIFTY-EQ.svg,https://nsearchives.nseindia.com/365d/QNIFTY-EQ.svg,EQ
SBIETFCON,Nifty India Consumption Index,117.47,117.47,113.71,114.86,-1.04,-0.90,3810,438378.6,115.3128,133.97,100,-,-,-7.757789913266943,-5.975769482645709,115.9,0,-6.92,-6.05,29-Sep-2025,28-Aug-2026,-,-5.975769482645709,-,-7.757789913266943,14.264387549451369,-14.86,https://nsearchives.nseindia.com/today/SBIETFCONEQN.svg,https://nsearchives.nseindia.com/30d/SBIETFCON-EQ.svg,https://nsearchives.nseindia.com/365d/SBIETFCON-EQ.svg,EQ
VALUE,Nifty 500 Value 50,15.45,15.51,15.32,15.37,-0.03,-0.19,28104,431677.44,15.358,19.69,14.83,-,-,Infinity,-4.5341614906832435,15.4,0,0,-4.76,,28-Aug-2026,-,-4.5341614906832435,-,Infinity,21.940071102082285,-3.641267700606872,https://nsearchives.nseindia.com/today/VALUEEQN.svg,https://nsearchives.nseindia.com/30d/VALUE-EQ.svg,,EQ
NV20,Nifty50 Value 20,13.32,13.35,13.16,13.21,-0.05,-0.38,31506,415879.2,13.1609,16.87,12.62,27-FEB-26,FACE VALUE SPLIT (SUB-DIVISION) - FROM RS 10/- PER SHARE TO RE 1/- PER SHARE,-90.98970056612781,-5.168700646087573,13.26,0,-90.96,-5.01,29-Sep-2025,28-Aug-2026,FACE VALUE SPLIT (SUB-DIVISION) - FROM RS 10/- PER SHARE TO RE 1/- PER SHARE,-5.168700646087573,27-FEB-26,-90.98970056612781,21.695317131001776,-4.675118858954055,https://nsearchives.nseindia.com/today/NV20EQN.svg,https://nsearchives.nseindia.com/30d/NV20-EQ.svg,https://nsearchives.nseindia.com/365d/NV20-EQ.svg,EQ
SBISMLETF,Nifty Smallcap 250 Index,18.02,18.17,17.84,17.91,0.07,0.39,22979,413162.42,17.769,18.97,16.53,-,-,Infinity,-2.9268292682926784,17.84,0,0,-3.67,,28-Aug-2026,-,-2.9268292682926784,-,Infinity,5.587770163415914,-8.348457350272225,https://nsearchives.nseindia.com/today/SBISMLETFEQN.svg,https://nsearchives.nseindia.com/30d/SBISMLETF-EQ.svg,,EQ
MIDBANKADD,BSE MidSmall Private Banks Index,16.46,16.53,16.42,16.5,0.04,0.24,24656,405837.76,16.3175,18.22,16.26,-,-,Infinity,-7.459338194054955,16.46,0,0,-4.41,,28-Aug-2026,-,-7.459338194054955,-,Infinity,9.440175631174528,-1.4760147601475917,https://nsearchives.nseindia.com/today/MIDBANKADDEQN.svg,https://nsearchives.nseindia.com/30d/MIDBANKADD-EQ.svg,,EQ
BNKETFAXIS,Nifty Bank,564.54,618,564.49,583.67,21.33,3.79,689,393846.18,560.145,647.82,512.51,-,-,Infinity,-1.7390572390572459,562.34,0,0,-5.29,,28-Aug-2026,-,-1.7390572390572459,-,Infinity,9.90244203636814,-13.884607129616976,https://nsearchives.nseindia.com/today/BNKETFAXISEQN.svg,https://nsearchives.nseindia.com/30d/BNKETFAXIS-EQ.svg,,EQ
HDFCLOWVOL,HDFC NIFTY100 Low Volatility 30 ETF,19.73,19.73,19.2,19.39,-0.34,-1.72,19748,381728.84,19.4295,22.28,18.35,20-OCT-23,FACE VALUE SPLIT (SUB-DIVISION) - FROM RS 126.18/- PER SHARE TO RS 12.618/- PER SHARE,-5.136986301369866,-6.464061746261457,19.73,0,-3.47,-4.87,29-Sep-2025,28-Aug-2026,FACE VALUE SPLIT (SUB-DIVISION) - FROM RS 126.18/- PER SHARE TO RS 12.618/- PER SHARE,-6.464061746261457,20-OCT-23,-5.136986301369866,12.971274685816878,-5.667574931880104,https://nsearchives.nseindia.com/today/HDFCLOWVOLEQN.svg,https://nsearchives.nseindia.com/30d/HDFCLOWVOL-EQ.svg,https://nsearchives.nseindia.com/365d/HDFCLOWVOL-EQ.svg,EQ
BANKBETF,Bajaj Finserv Nifty Bank ETF,55.43,56.5,54.93,56,0.57,1.03,6730,374861,55.2462,63.9,50.71,-,-,1.3207888547132203,-4.338913563375469,55.43,0,0.29,-5.23,29-Sep-2025,28-Aug-2026,-,-4.338913563375469,-,1.3207888547132203,12.363067292644756,-10.431867481759019,https://nsearchives.nseindia.com/today/BANKBETFEQN.svg,https://nsearchives.nseindia.com/30d/BANKBETF-EQ.svg,https://nsearchives.nseindia.com/365d/BANKBETF-EQ.svg,EQ
MOMENTUM,Aditya Birla Sun Life Nifty 200 Momentum 30 ETF,30.01,30.79,29.94,30.02,0.01,0.03,12414,372792.42,29.9061,33,27.05,-,-,-0.661813368630044,-4.668148618609079,30.01,0,-0.69,-5.57,29-Sep-2025,28-Aug-2026,-,-4.668148618609079,-,-0.661813368630044,9.030303030303031,-10.979667282809608,https://nsearchives.nseindia.com/today/MOMENTUMEQN.svg,https://nsearchives.nseindia.com/30d/MOMENTUM-EQ.svg,https://nsearchives.nseindia.com/365d/MOMENTUM-EQ.svg,EQ
GSEC10YEAR,Mirae Asset Nifty 8-13 yr G-Sec ETF,30.26,30.26,30.1,30.1,0.29,0.97,11525,347017.75,30.093,31.33,28.39,-,-,2.8005464480874327,-1.4729950900163642,29.81,0,1.81,-2.68,29-Sep-2025,28-Aug-2026,-,-1.4729950900163642,-,2.8005464480874327,3.925949569103086,-6.023247622402257,https://nsearchives.nseindia.com/today/GSEC10YEAREQN.svg,https://nsearchives.nseindia.com/30d/GSEC10YEAR-EQ.svg,https://nsearchives.nseindia.com/365d/GSEC10YEAR-EQ.svg,EQ
IVZSENSEX,BSE Sensex TRI,73.03,73.5,72.51,72.77,-0.26,-0.36,4734,345392.64,72.5759,79.2,72.15,-,-,Infinity,-4.199578725645074,73.03,0,0,-7.79,,28-Aug-2026,-,-4.199578725645074,-,Infinity,8.118686868686877,-0.8593208593208459,https://nsearchives.nseindia.com/today/IVZSENSEXEQN.svg,https://nsearchives.nseindia.com/30d/IVZSENSEX-EQ.svg,,EQ
CONSUMAXIS,NIFTY India Consumption Index,115.58,116.9,113.9,116.9,1.19,1.03,2958,338188.14,114.9972,131.85,105.63,-,-,Infinity,-3.46820809248554,115.71,0,0,-5.77,,28-Aug-2026,-,-3.46820809248554,-,Infinity,11.338642396662866,-10.669317428760777,https://nsearchives.nseindia.com/today/CONSUMAXISEQN.svg,https://nsearchives.nseindia.com/30d/CONSUMAXIS-EQ.svg,,EQ
DIVIDEND,BSE 500 Dividend Leaders,34.34,34.4,34,34.03,0.04,0.12,9597,328889.19,33.9253,38.03,33.15,-,-,Infinity,-4.086809470124002,33.99,0,0,-5.11,,28-Aug-2026,-,-4.086809470124002,-,Infinity,10.51801209571391,-2.654600301659133,https://nsearchives.nseindia.com/today/DIVIDENDEQN.svg,https://nsearchives.nseindia.com/30d/DIVIDEND-EQ.svg,,EQ
TOP20,Nifty Top 20 Equal Weight,8.41,8.44,8.35,8.38,-0.01,-0.12,38255,321342,8.3874,9.99,8,-,-,Infinity,-6.368715083798866,8.39,0,0,-6.57,,28-Aug-2026,-,-6.368715083798866,-,Infinity,16.11611611611611,-4.75000000000001,https://nsearchives.nseindia.com/today/TOP20EQN.svg,https://nsearchives.nseindia.com/30d/TOP20-EQ.svg,,EQ
GROWWNXT50,Index,70.75,71,69.75,70.5,0.1,0.14,4299,303122.49,69.8944,76.79,60.01,-,-,3.859752504419571,-4.341926729986435,70.4,0,3.71,-5.52,29-Sep-2025,28-Aug-2026,-,-4.341926729986435,-,3.859752504419571,8.191170725354873,-17.48041993001167,https://nsearchives.nseindia.com/today/GROWWNXT50EQN.svg,https://nsearchives.nseindia.com/30d/GROWWNXT50-EQ.svg,https://nsearchives.nseindia.com/365d/GROWWNXT50-EQ.svg,EQ
MSCIINDIA,MSCI India Index,28.34,29.12,28.15,28.15,0.11,0.39,9983,283816.69,28.204,32.14,26.5,-,-,-3.892113349265963,-6.416223404255319,28.04,0,-4.27,-6.97,29-Sep-2025,28-Aug-2026,-,-6.416223404255319,-,-3.892113349265963,12.414436838830126,-6.226415094339617,https://nsearchives.nseindia.com/today/MSCIINDIAEQN.svg,https://nsearchives.nseindia.com/30d/MSCIINDIA-EQ.svg,https://nsearchives.nseindia.com/365d/MSCIINDIA-EQ.svg,EQ
SMALLGROWW,Nifty Smallcap 250 Momentum Quality 100 Index TRI,47.9,48.78,47.8,48.7,0.8,1.67,5896,283656.56,47.6801,50.84,39.41,-,-,Infinity,-0.5716619028174643,47.9,0,0,-3.1,,28-Aug-2026,-,-0.5716619028174643,-,Infinity,4.209284028324155,-23.572697284953076,https://nsearchives.nseindia.com/today/SMALLGROWWEQN.svg,https://nsearchives.nseindia.com/30d/SMALLGROWW-EQ.svg,,EQ
ITADD,DSP Nifty IT ETF,29.51,30.15,29.42,30.13,0.63,2.14,9323,277172.79,29.3961,41.92,27.17,-,-,Infinity,-7.576687116564424,29.5,0,0,-10.63,,28-Aug-2026,-,-7.576687116564424,-,Infinity,28.125000000000004,-10.89436878910562,https://nsearchives.nseindia.com/today/ITADDEQN.svg,https://nsearchives.nseindia.com/30d/ITADD-EQ.svg,,EQ
IDFNIFTYET,Nifty 50,255,255,249.95,254.95,4.14,1.65,1087,276304.53,251.323,340.8,244.32,-,-,-5.932922554698736,-4.276488698655848,250.81,0,-7.46,-5.12,29-Sep-2025,28-Aug-2026,-,-4.276488698655848,-,-5.932922554698736,25.19072769953052,-4.3508513425016355,https://nsearchives.nseindia.com/today/IDFNIFTYETEQN.svg,https://nsearchives.nseindia.com/30d/IDFNIFTYET-EQ.svg,https://nsearchives.nseindia.com/365d/IDFNIFTYET-EQ.svg,EQ
MOOILGAS,Nifty Oil & Gas ETF Total Return Index,10.72,11.17,10.41,10.67,-0.05,-0.47,22490,240867.9,10.5817,12.15,10.41,-,-,Infinity,-4.0467625899280515,10.72,0,0,-3.51,,28-Aug-2026,-,-4.0467625899280515,-,Infinity,12.181069958847742,-2.4975984630163284,https://nsearchives.nseindia.com/today/MOOILGASEQN.svg,https://nsearchives.nseindia.com/30d/MOOILGAS-EQ.svg,,EQ
SMALLADD,Nifty Smallcap 250 Index,18.04,18.07,17.8,18.02,0.17,0.95,13242,237958.74,17.8757,19.5,14.01,-,-,Infinity,-2.7522935779816597,17.85,0,0,-4.19,,28-Aug-2026,-,-2.7522935779816597,-,Infinity,7.589743589743593,-28.622412562455388,https://nsearchives.nseindia.com/today/SMALLADDEQN.svg,https://nsearchives.nseindia.com/30d/SMALLADD-EQ.svg,,EQ
MIDCAPADD,Nifty Midcap 150 Index,22.5,22.5,21.9,22.01,-0.05,-0.23,10128,222613.44,21.8851,25.5,19.27,-,-,Infinity,-6.973795435333891,22.06,0,0,-6.53,,28-Aug-2026,-,-6.973795435333891,-,Infinity,13.686274509803916,-14.218993253762337,https://nsearchives.nseindia.com/today/MIDCAPADDEQN.svg,https://nsearchives.nseindia.com/30d/MIDCAPADD-EQ.svg,,EQ
MOLOWVOL,Nifty Midcap 100 TRI,34.57,34.57,34.21,34.32,-0.25,-0.72,6425,220377.5,34.4281,43.07,33.28,11-AUG-22,FACE VALUE SPLIT (SUB-DIVISION) - FROM RS 10/- PER UNIT TO RS 2/- PER UNIT,-7.964601769911502,-5.843621399176961,34.57,0,-7.29,-5.57,29-Sep-2025,28-Aug-2026,FACE VALUE SPLIT (SUB-DIVISION) - FROM RS 10/- PER UNIT TO RS 2/- PER UNIT,-5.843621399176961,11-AUG-22,-7.964601769911502,20.315765033666125,-3.1249999999999973,https://nsearchives.nseindia.com/today/MOLOWVOLEQN.svg,https://nsearchives.nseindia.com/30d/MOLOWVOL-EQ.svg,https://nsearchives.nseindia.com/365d/MOLOWVOL-EQ.svg,EQ
HYBRIDETF,Nifty200 Momentum 30 Plus 8-13 yr G-Sec 50:50 Total Return Index,9.84,9.85,9.8,9.84,0,0.00,22319,219395.77,9.8014,11.99,9.79,-,-,Infinity,-2.6706231454005893,9.84,0,0,-3.43,,28-Aug-2026,-,-2.6706231454005893,-,Infinity,17.931609674728943,-0.5107252298263607,https://nsearchives.nseindia.com/today/HYBRIDETFEQN.svg,https://nsearchives.nseindia.com/30d/HYBRIDETF-EQ.svg,,EQ
GROWWMC150,Nifty Midcap 150 Index - TRI,224.8,227.86,219.38,227.86,5.28,2.37,903,202452.6,218.9064,245,193.6,-,-,Infinity,-3.3262621977089415,222.58,0,0,-6.14,,28-Aug-2026,-,-3.3262621977089415,-,Infinity,6.995918367346933,-17.69628099173555,https://nsearchives.nseindia.com/today/GROWWMC150EQN.svg,https://nsearchives.nseindia.com/30d/GROWWMC150-EQ.svg,,EQ
ABSL10BANK,BSE Top 10 Banks Index,161,163.62,161,162.47,1.89,1.18,1230,200613,160.9962,214.42,150,-,-,Infinity,-3.750000000000007,160.58,0,0,-4.96,,28-Aug-2026,-,-3.750000000000007,-,Infinity,24.22815035910829,-8.313333333333333,https://nsearchives.nseindia.com/today/ABSL10BANKEQN.svg,https://nsearchives.nseindia.com/30d/ABSL10BANK-EQ.svg,,EQ
SNXT30BEES,BSE Sensex Next 30 Index,41.2,41.2,40.5,40.97,-0.03,-0.07,4851,197338.68,40.9412,44.56,36.83,-,-,6.167400881057256,-4.632216014897583,41,0,6.25,-4.94,29-Sep-2025,28-Aug-2026,-,-4.632216014897583,-,6.167400881057256,8.056552962298033,-11.240836274776,https://nsearchives.nseindia.com/today/SNXT30BEESEQN.svg,https://nsearchives.nseindia.com/30d/SNXT30BEES-EQ.svg,https://nsearchives.nseindia.com/365d/SNXT30BEES-EQ.svg,EQ
HDFCNIMEG,Nifty Metal Index TRI,129.53,129.53,127,128.28,-1.25,-0.97,1482,190466.64,129.4284,152.55,125.73,-,-,Infinity,-3.0312192909516904,129.53,0,0,-3.55,,28-Aug-2026,-,-3.0312192909516904,-,Infinity,15.909537856440515,-2.028155571462656,https://nsearchives.nseindia.com/today/HDFCNIMEGEQN.svg,https://nsearchives.nseindia.com/30d/HDFCNIMEG-EQ.svg,,EQ
MONEXT50,Nifty Next 50 Total Return Index,70.33,70.48,69.8,70.01,-0.3,-0.43,2698,189264.7,69.4175,75.89,59.43,-,-,3.39683946241325,-4.774211099020662,70.31,0,3.84,-5.01,29-Sep-2025,28-Aug-2026,-,-4.774211099020662,-,3.39683946241325,7.748056397417309,-17.80245667171463,https://nsearchives.nseindia.com/today/MONEXT50EQN.svg,https://nsearchives.nseindia.com/30d/MONEXT50-EQ.svg,https://nsearchives.nseindia.com/365d/MONEXT50-EQ.svg,EQ
NIF500BETA,Nifty 500,38.51,38.51,35.49,38.25,0.67,1.78,5196,186016.8,35.5597,38.51,35.49,-,-,Infinity,1.4319809069212388,37.58,0,0,-0.71,,28-Aug-2026,-,1.4319809069212388,-,Infinity,0.6751493118670424,-7.776838546069309,https://nsearchives.nseindia.com/today/NIF500BETAEQN.svg,https://nsearchives.nseindia.com/30d/NIF500BETA-EQ.svg,,EQ
NEXT30ADD,BSE SENSEX Next 30 Index,41,41.04,40.7,40.74,-0.37,-0.90,4370,178470.8,41.0563,46.7,36.98,-,-,5.407503234152661,-5.034965034965027,41.11,0,6.36,-4.95,29-Sep-2025,28-Aug-2026,-,-5.034965034965027,-,5.407503234152661,12.762312633832979,-10.167658193618186,https://nsearchives.nseindia.com/today/NEXT30ADDEQN.svg,https://nsearchives.nseindia.com/30d/NEXT30ADD-EQ.svg,https://nsearchives.nseindia.com/365d/NEXT30ADD-EQ.svg,EQ
SECLEDBETA,BSE India Sector Leaders,14.28,14.35,13.89,13.93,0,0.00,12408,174332.4,13.8927,15.5,13.85,-,-,Infinity,Infinity,13.93,0,0,0,,,-,Infinity,-,Infinity,10.129032258064518,-0.5776173285198561,https://nsearchives.nseindia.com/today/SECLEDBETAEQN.svg,,,EQ
INFRA,Nifty India Infrastructure & Logistics,11.55,11.57,11.48,11.49,0.01,0.09,14992,172857.76,11.4504,13.27,10.14,-,-,Infinity,-4.488778054862836,11.48,0,0,-5.36,,28-Aug-2026,-,-4.488778054862836,-,Infinity,13.413715146947998,-13.313609467455617,https://nsearchives.nseindia.com/today/INFRAEQN.svg,https://nsearchives.nseindia.com/30d/INFRA-EQ.svg,,EQ
SILVER001,Commodity - Silver,22.12,22.5,22.12,22.19,0.07,0.32,7767,172582.74,22.1931,28,21.84,-,-,Infinity,-5.894826123833746,22.12,0,0,-9.34,,28-Aug-2026,-,-5.894826123833746,-,Infinity,20.749999999999996,-1.602564102564109,https://nsearchives.nseindia.com/today/SILVER001EQN.svg,https://nsearchives.nseindia.com/30d/SILVER001-EQ.svg,,EQ
BANKPSU,Nifty PSU Bank Total Return Index,81.56,81.87,81,81,0.1,0.12,2084,169929.36,80.4262,99.52,73.08,-,-,9.356014580801954,-6.086956521739131,80.9,0,9.22,-6.61,29-Sep-2025,28-Aug-2026,-,-6.086956521739131,-,9.356014580801954,18.60932475884244,-10.837438423645324,https://nsearchives.nseindia.com/today/BANKPSUEQN.svg,https://nsearchives.nseindia.com/30d/BANKPSU-EQ.svg,https://nsearchives.nseindia.com/365d/BANKPSU-EQ.svg,EQ
NPBET,Nifty Private Bank Index,276,278.26,274,276.37,1.57,0.57,607,167653.4,274.3694,307,246.26,-,-,0.8318435550366776,-3.61315523314617,274.8,0,0.26,-4.55,29-Sep-2025,28-Aug-2026,-,-3.61315523314617,-,0.8318435550366776,9.977198697068403,-12.226914643060187,https://nsearchives.nseindia.com/today/NPBETEQN.svg,https://nsearchives.nseindia.com/30d/NPBET-EQ.svg,https://nsearchives.nseindia.com/365d/NPBET-EQ.svg,EQ
SENSEXADD,DSP S&P BSE Sensex ETF,75.11,76.5,74.85,75.18,0.44,0.59,1980,148777.2,74.8886,88.2,73.27,-,-,-8.684562128021367,-5.2074139452780175,74.74,0,-9.22,-5.93,29-Sep-2025,28-Aug-2026,-,-5.2074139452780175,-,-8.684562128021367,14.761904761904756,-2.6067967790364555,https://nsearchives.nseindia.com/today/SENSEXADDEQN.svg,https://nsearchives.nseindia.com/30d/SENSEXADD-EQ.svg,https://nsearchives.nseindia.com/365d/SENSEXADD-EQ.svg,EQ
ENERGYAXIS,Nifty Energy,18.43,18.69,18.35,18.4,-0.03,-0.16,7782,143577.9,18.2962,19.99,18.04,-,-,Infinity,Infinity,18.43,0,0,0,,,-,Infinity,-,Infinity,7.953976988494248,-1.9955654101995535,https://nsearchives.nseindia.com/today/ENERGYAXISEQN.svg,,,EQ
MOIPO,BSE Select IPO Total Return Index,46.66,46.95,46.22,46.42,-0.01,-0.02,3076,142757.16,46.3942,53,36.5,-,-,Infinity,-4.896537594755174,46.43,0,0,-5.75,,28-Aug-2026,-,-4.896537594755174,-,Infinity,12.415094339622637,-27.178082191780828,https://nsearchives.nseindia.com/today/MOIPOEQN.svg,https://nsearchives.nseindia.com/30d/MOIPO-EQ.svg,,EQ
SNXT50BETA,BSE Sensex Next 50,91.14,91.67,88.79,90.49,0.36,0.40,1552,140549.12,89.4878,99,77.11,17-FEB-21, FACE VALUE SPLIT (SUB-DIVISION) - FROM RS 10/- PER UNIT TO RE 1/- PER UNIT,Infinity,-4.374933953291769,90.13,0,0,-6.35,,28-Aug-2026, FACE VALUE SPLIT (SUB-DIVISION) - FROM RS 10/- PER UNIT TO RE 1/- PER UNIT,-4.374933953291769,17-FEB-21,Infinity,8.5959595959596,-17.351835040850727,https://nsearchives.nseindia.com/today/SNXT50BETAEQN.svg,https://nsearchives.nseindia.com/30d/SNXT50BETA-EQ.svg,,EQ
MSCI360,MSCI India Index,9.88,9.95,9.56,9.84,0.07,0.72,10900,104749,9.5478,12.24,9.56,-,-,Infinity,-3.623898139079343,9.77,0,0,-4.4,,28-Aug-2026,-,-3.623898139079343,-,Infinity,19.607843137254903,-2.9288702928870225,https://nsearchives.nseindia.com/today/MSCI360EQN.svg,https://nsearchives.nseindia.com/30d/MSCI360-EQ.svg,,EQ
ESENSEX,BSE Sensex TRI,73.56,73.9,73,73.25,-1.15,-1.55,1347,99206.55,73.0794,88.05,71.87,-,-,Infinity,-4.696851418162893,74.4,0,0,-4.57,,28-Aug-2026,-,-4.696851418162893,-,Infinity,16.808631459398068,-1.9201335745095247,https://nsearchives.nseindia.com/today/ESENSEXEQN.svg,https://nsearchives.nseindia.com/30d/ESENSEX-EQ.svg,,EQ
QUALITY30,Nifty200 Quality 30 Index,19.47,19.6,19.28,19.42,0.02,0.10,4845,93993,19.283,23.18,18.09,-,-,-5.268292682926821,-7.125777140124335,19.4,0,-5.37,-7.44,29-Sep-2025,28-Aug-2026,-,-7.125777140124335,-,-5.268292682926821,16.22088006902501,-7.352128247650645,https://nsearchives.nseindia.com/today/QUALITY30EQN.svg,https://nsearchives.nseindia.com/30d/QUALITY30-EQ.svg,https://nsearchives.nseindia.com/365d/QUALITY30-EQ.svg,EQ
SBIETFQLTY,Nifty 200 Quality 30 Index,209.47,210,207,208.13,-0.92,-0.44,432,90171.36,206.7948,247.28,194,-,-,-5.558580633451312,-7.175987869057178,209.05,0,-5.14,-6.76,29-Sep-2025,28-Aug-2026,-,-7.175987869057178,-,-5.558580633451312,15.832254933678422,-7.2835051546391725,https://nsearchives.nseindia.com/today/SBIETFQLTYEQN.svg,https://nsearchives.nseindia.com/30d/SBIETFQLTY-EQ.svg,https://nsearchives.nseindia.com/365d/SBIETFQLTY-EQ.svg,EQ
LICNETFN50,Nifty 50,254.76,257.22,254.47,255.07,-1.83,-0.71,350,89558,255.1613,295,248.17,-,-,-7.223656930855132,-5.7147081654529925,256.9,0,-6.56,-5.39,29-Sep-2025,28-Aug-2026,-,-5.7147081654529925,-,-7.223656930855132,13.535593220338987,-2.7803521779425417,https://nsearchives.nseindia.com/today/LICNETFN50EQN.svg,https://nsearchives.nseindia.com/30d/LICNETFN50-EQ.svg,https://nsearchives.nseindia.com/365d/LICNETFN50-EQ.svg,EQ
MOMNC,Nifty MNC ETF Total Return Index,30.82,30.82,30.22,30.22,-0.45,-1.47,2920,88855.6,30.4312,35.8,27.03,-,-,Infinity,-8.257437765634483,30.67,0,0,-7.2,,28-Aug-2026,-,-8.257437765634483,-,Infinity,15.586592178770944,-11.801701812800584,https://nsearchives.nseindia.com/today/MOMNCEQN.svg,https://nsearchives.nseindia.com/30d/MOMNC-EQ.svg,,EQ
MOSERVICE,Nifty Services Sector Total Return Index,29.4,30.3,29.08,29.27,-0.05,-0.17,2492,73214.96,29.3043,35.37,28.3,-,-,Infinity,-5.611093195743314,29.32,0,0,-6.09,,28-Aug-2026,-,-5.611093195743314,-,Infinity,17.246253887475255,-3.4275618374558263,https://nsearchives.nseindia.com/today/MOSERVICEEQN.svg,https://nsearchives.nseindia.com/30d/MOSERVICE-EQ.svg,,EQ
ESG,NIFTY100 ESG SECTOR LEADERS,39.06,39.12,38.75,38.83,-0.04,-0.10,1842,71727.48,38.8748,45.06,37.52,-,-,-7.591623036649225,-5.843840931134829,38.87,0,-7.5,-6.34,29-Sep-2025,28-Aug-2026,-,-5.843840931134829,-,-7.591623036649225,13.82600976475811,-3.4914712153517993,https://nsearchives.nseindia.com/today/ESGEQN.svg,https://nsearchives.nseindia.com/30d/ESG-EQ.svg,https://nsearchives.nseindia.com/365d/ESG-EQ.svg,EQ
BSLSENETFG,BSE SENSEX Index,72.29,74.2,72.29,73.28,0.25,0.34,907,66700.78,73.2098,87.82,70.32,25-NOV-21, FACE VALUE SPLIT (SUB-DIVISION) - FROM RS 10/- PER SHARE TO RE 1- PER SHARE,-8.901044256588758,-5.579177940986984,73.03,0,-9.21,-6.38,29-Sep-2025,28-Aug-2026, FACE VALUE SPLIT (SUB-DIVISION) - FROM RS 10/- PER SHARE TO RE 1- PER SHARE,-5.579177940986984,25-NOV-21,-8.901044256588758,16.556593031200173,-4.209328782707634,https://nsearchives.nseindia.com/today/BSLSENETFGEQN.svg,https://nsearchives.nseindia.com/30d/BSLSENETFG-EQ.svg,https://nsearchives.nseindia.com/365d/BSLSENETFG-EQ.svg,EQ
SBIVALETF,Nifty200 Value 30 Index,14.13,14.19,14.05,14.05,-0.01,-0.07,4256,59924.48,14.0221,17.7,13.97,-,-,Infinity,-6.7065073041168635,14.06,0,0,-5,,28-Aug-2026,-,-6.7065073041168635,-,Infinity,20.621468926553668,-0.5726556907659275,https://nsearchives.nseindia.com/today/SBIVALETFEQN.svg,https://nsearchives.nseindia.com/30d/SBIVALETF-EQ.svg,,EQ
MOINFRA,BSE India Infrastructure Total Return Index,56.9,57.09,56.62,56.87,0.25,0.44,1008,57234.24,56.5271,66,54.6,-,-,-5.042578059776262,-4.532482793352363,56.62,0,-5.46,-4.62,29-Sep-2025,28-Aug-2026,-,-4.532482793352363,-,-5.042578059776262,13.833333333333337,-4.15750915750915,https://nsearchives.nseindia.com/today/MOINFRAEQN.svg,https://nsearchives.nseindia.com/30d/MOINFRA-EQ.svg,https://nsearchives.nseindia.com/365d/MOINFRA-EQ.svg,EQ
GROWWLOVOL,Nifty 500 Low Volatility 50 Index   TRI,9.81,10.1,9.81,9.88,-0.01,-0.10,5551,55010.41,9.8969,11.1,9.39,-,-,-3.703703703703694,-5.182341650671777,9.89,0,-3.61,-5.54,29-Sep-2025,28-Aug-2026,-,-5.182341650671777,-,-3.703703703703694,10.990990990990982,-5.218317358892441,https://nsearchives.nseindia.com/today/GROWWLOVOLEQN.svg,https://nsearchives.nseindia.com/30d/GROWWLOVOL-EQ.svg,https://nsearchives.nseindia.com/365d/GROWWLOVOL-EQ.svg,EQ
LARGEMID50,BSE LargeMid (60:40) Stable Dividend 50 TRI (Total Return Index),34.54,34.6,34.4,34.4,-0.14,-0.41,1552,53528.48,34.4088,38,34.35,-,-,Infinity,-6.369080021774641,34.54,0,0,-6.32,,28-Aug-2026,-,-6.369080021774641,-,Infinity,9.473684210526319,-0.1455604075691329,https://nsearchives.nseindia.com/today/LARGEMID50EQN.svg,https://nsearchives.nseindia.com/30d/LARGEMID50-EQ.svg,,EQ
ITBETA,UTI Nifty IT ETF,297.19,299,291.37,292.6,0.14,0.05,179,52937.46,291.3199,409.94,270.68,-,-,Infinity,-10.209592782397882,292.46,0,0,-10.84,,28-Aug-2026,-,-10.209592782397882,-,Infinity,28.623701029418935,-8.098123245160343,https://nsearchives.nseindia.com/today/ITBETAEQN.svg,https://nsearchives.nseindia.com/30d/ITBETA-EQ.svg,,EQ
GILT5BETA,UTI Nifty 5 yr Benchmark G-Sec ETF,65.9,66.22,65.7,65.82,0.2,0.30,715,47154.25,65.936,69,62.53,-,-,Infinity,-1.3784836679652408,65.62,0,0,-1.32,,28-Aug-2026,-,-1.3784836679652408,-,Infinity,4.608695652173923,-5.26147449224371,https://nsearchives.nseindia.com/today/GILT5BETAEQN.svg,https://nsearchives.nseindia.com/30d/GILT5BETA-EQ.svg,,EQ
BBNPNBETF,Baroda BNP Paribas NIFTY Bank ETF,54.89,55.69,54.89,55.39,1.66,3.09,794,43979.66,54.76,62.77,50.03,-,-,1.2244152046783656,-4.499999999999999,53.73,0,-1.81,-7.31,29-Sep-2025,28-Aug-2026,-,-4.499999999999999,-,1.2244152046783656,11.75720885773459,-10.713571856885869,https://nsearchives.nseindia.com/today/BBNPNBETFEQN.svg,https://nsearchives.nseindia.com/30d/BBNPNBETF-EQ.svg,https://nsearchives.nseindia.com/365d/BBNPNBETF-EQ.svg,EQ
EMETAL,Nifty Metal Total Return Index,12.76,12.98,12.65,12.65,-0.11,-0.86,3247,41756.42,12.9676,15.21,12.41,-,-,Infinity,-4.456193353474319,12.76,0,0,-5.69,,28-Aug-2026,-,-4.456193353474319,-,Infinity,16.831032215647603,-1.933924254633362,https://nsearchives.nseindia.com/today/EMETALEQN.svg,https://nsearchives.nseindia.com/30d/EMETAL-EQ.svg,,EQ
EBANKNIFTY,Edelweiss Nifty Bank ETF,55.02,55.78,55.02,55.41,0.47,0.86,643,35622.2,54.78,69.39,50.05,-,-,1.0578150647455742,-4.333563535911611,54.94,0,0.2,-5.49,29-Sep-2025,28-Aug-2026,-,-4.333563535911611,-,1.0578150647455742,20.146995244271515,-10.709290709290709,https://nsearchives.nseindia.com/today/EBANKNIFTYEQN.svg,https://nsearchives.nseindia.com/30d/EBANKNIFTY-EQ.svg,https://nsearchives.nseindia.com/365d/EBANKNIFTY-EQ.svg,EQ
MOBANK10,BSE Top 10 Banks Total Return Index,16.04,16.39,16,16.37,0.33,2.06,2028,32853.6,16.1123,20,15.75,-,-,Infinity,-3.1933767001774047,16.04,0,0,-4.81,,28-Aug-2026,-,-3.1933767001774047,-,Infinity,18.149999999999995,-3.936507936507943,https://nsearchives.nseindia.com/today/MOBANK10EQN.svg,https://nsearchives.nseindia.com/30d/MOBANK10-EQ.svg,,EQ
MOPSE,Nifty PSE Total Return Index,96.22,96.8,95.56,95.87,-0.87,-0.90,239,22984.63,95.3455,114.7,93.33,-,-,-3.1028906407923924,-4.082041020510253,96.74,0,-2.22,-1.86,29-Sep-2025,28-Aug-2026,-,-4.082041020510253,-,-3.1028906407923924,16.416739319965124,-2.721525768777463,https://nsearchives.nseindia.com/today/MOPSEEQN.svg,https://nsearchives.nseindia.com/30d/MOPSE-EQ.svg,https://nsearchives.nseindia.com/365d/MOPSE-EQ.svg,EQ
EBANK10,BSE Top 10 Bank Total Return Index,16.1,16.23,15.74,15.74,-0.3,-1.87,1176,18839.52,15.9894,17.9,15.63,-,-,Infinity,-6.80876258140912,16.04,0,0,-4.24,,28-Aug-2026,-,-6.80876258140912,-,Infinity,12.067039106145243,-0.703774792066535,https://nsearchives.nseindia.com/today/EBANK10EQN.svg,https://nsearchives.nseindia.com/30d/EBANK10-EQ.svg,,EQ
ENEXT50,Nifty Next 50 Total Return Index,70,72.52,69.75,70.5,2.59,3.81,240,17068.8,69.3601,76,67.64,-,-,Infinity,-3.767403767403774,67.91,0,0,-8.23,,28-Aug-2026,-,-3.767403767403774,-,Infinity,7.2368421052631575,-4.228267297457125,https://nsearchives.nseindia.com/today/ENEXT50EQN.svg,https://nsearchives.nseindia.com/30d/ENEXT50-EQ.svg,,EQ
ELMDIV,Index (BSE LargeMid (60:40) Stable Dividend 50),34.93,34.93,34.42,34.61,-0.32,-0.92,473,16356.34,34.4001,38.67,34.42,-,-,Infinity,-5.823129251700681,34.93,0,0,-4.69,,28-Aug-2026,-,-5.823129251700681,-,Infinity,10.49909490561159,-0.5520046484601909,https://nsearchives.nseindia.com/today/ELMDIVEQN.svg,https://nsearchives.nseindia.com/30d/ELMDIV-EQ.svg,,EQ
LIQUIDBETA,Nifty 1D Rate Index,1010.02,1010.04,1010.02,1010.02,0.38,0.04,14,14140.28,1009.8963,1019,981.86,-,-,Infinity,0.36767628587327406,1009.64,0,0,0.38,,27-Aug-2026,-,0.36767628587327406,-,Infinity,0.8812561334641823,-2.8680259914855446,https://nsearchives.nseindia.com/today/LIQUIDBETAEQN.svg,https://nsearchives.nseindia.com/30d/LIQUIDBETA-EQ.svg,,EQ
ABGSEC,Aditya Birla Sun Life CRISIL Broad Based Gilt ETF,112.92,113.68,112.92,113.58,0.66,0.58,115,12989.25,113.3484,118,109.5,-,-,2.5738282308317477,-1.2433701417268122,112.92,0,1.98,-2.05,29-Sep-2025,28-Aug-2026,-,-1.2433701417268122,-,2.5738282308317477,3.7457627118644083,-3.7260273972602724,https://nsearchives.nseindia.com/today/ABGSECEQN.svg,https://nsearchives.nseindia.com/30d/ABGSEC-EQ.svg,https://nsearchives.nseindia.com/365d/ABGSEC-EQ.svg,EQ
IVZBANKNF,Nifty Bank TRI,54.66,54.66,53.23,53.23,-1.23,-2.26,181,9793.91,54.2247,58.45,53.23,-,-,Infinity,-7.070530726256991,54.46,0,0,-5.04,,28-Aug-2026,-,-7.070530726256991,-,Infinity,8.93071000855433,0,https://nsearchives.nseindia.com/today/IVZBANKNFEQN.svg,https://nsearchives.nseindia.com/30d/IVZBANKNF-EQ.svg,,EQ
LICNETFSEN,SENSEX,825.5,826.55,824.25,824.25,20.1,2.50,7,5778.78,820.043,974.02,803,-,-,-8.672383991490491,-5.584192439862543,804.15,0,-10.9,-7.93,29-Sep-2025,28-Aug-2026,-,-5.584192439862543,-,-8.672383991490491,15.376480975749983,-2.6463262764632627,https://nsearchives.nseindia.com/today/LICNETFSENEQN.svg,https://nsearchives.nseindia.com/30d/LICNETFSEN-EQ.svg,https://nsearchives.nseindia.com/365d/LICNETFSEN-EQ.svg,EQ
ABSLMSCIN,MSCI India Index,28.35,29.21,27.93,27.93,-0.28,-0.99,195,5473.65,27.9001,35.34,26.34,-,-,Infinity,-6.022880215343201,28.21,0,0,-5.18,,28-Aug-2026,-,-6.022880215343201,-,Infinity,20.96774193548388,-6.0364464692482915,https://nsearchives.nseindia.com/today/ABSLMSCINEQN.svg,https://nsearchives.nseindia.com/30d/ABSLMSCIN-EQ.svg,,EQ
MSCIADD,MSCI India Index,27.92,28.07,27.91,27.92,-0.03,-0.11,184,5146.48,27.917,33.82,26.4,-,-,Infinity,-6.056527590847905,27.95,0,0,-6.15,,28-Aug-2026,-,-6.056527590847905,-,Infinity,17.44529863985807,-5.757575757575769,https://nsearchives.nseindia.com/today/MSCIADDEQN.svg,https://nsearchives.nseindia.com/30d/MSCIADD-EQ.svg,,EQ
GILT10BETA,UTI Nifty 10 yr Benchmark G-Sec ETF,26.19,26.5,26.15,26.36,0.3,1.15,96,2527.68,26.2696,27.6,25.1,-,-,Infinity,-1.6784781797836603,26.06,0,0,-3.01,,28-Aug-2026,-,-1.6784781797836603,-,Infinity,4.492753623188412,-5.019920318725092,https://nsearchives.nseindia.com/today/GILT10BETAEQN.svg,https://nsearchives.nseindia.com/30d/GILT10BETA-EQ.svg,,EQ
GSEC10ABSL,CRISIL 10 Year Gilt ETF,111.87,111.9,111.87,111.9,-0.02,-0.02,7,783.09,111.2472,119.99,108.01,-,-,1.9589977220956771,-0.14278065322148545,111.92,0,1.98,-0.12,29-Sep-2025,28-Aug-2026,-,-0.14278065322148545,-,1.9589977220956771,6.742228519043245,-3.60151837792797,https://nsearchives.nseindia.com/today/GSEC10ABSLEQN.svg,https://nsearchives.nseindia.com/30d/GSEC10ABSL-EQ.svg,https://nsearchives.nseindia.com/365d/GSEC10ABSL-EQ.svg,EQ
GSEC10ADD,Nifty 10 yr Benchmark G-Sec,0,0,0,26.54,0,0.00,0,0,26.3991,27.85,24.32,-,-,Infinity,0.11316484345529076,26.54,0,0,-1.3,,28-Aug-2026,-,0.11316484345529076,-,Infinity,4.703770197486543,-9.128289473684205,https://nsearchives.nseindia.com/today/GSEC10ADDEQN.svg,https://nsearchives.nseindia.com/30d/GSEC10ADD-EQ.svg,,EQ
GSEC10IETF,ICICI Prudential Nifty 10 yr Benchmark G-Sec ETF,0,0,0,262.12,0,0.00,0,0,261.0696,269.59,252.23,-,-,2.119370422315723,-1.3510970607052708,262.12,0,2.12,-0.53,29-Sep-2025,27-Aug-2026,-,-1.3510970607052708,-,2.119370422315723,2.770874290589403,-3.9210244618007435,https://nsearchives.nseindia.com/today/GSEC10IETFEQN.svg,https://nsearchives.nseindia.com/30d/GSEC10IETF-EQ.svg,https://nsearchives.nseindia.com/365d/GSEC10IETF-EQ.svg,EQ
