symbol,assets,open,high,low,ltP,chn,per,qty,trdVal,nav,wkhi,wklo,xDt,cAct,yPC,mPC,prevClose,stockIndClosePrice,perChange365d,perChange30d,date365dAgo,date30dAgo,CAct,MPC,XDt,YPC,nearWKH,nearWKL,chartTodayPath,chart30dPath,chart365dPath,series
SILVERBEES,Domestic price of Silver- based on LBMA Silver daily spot fixing price,228.9,228.98,223.76,226.01,-4.12,-1.79,27766700,6287769215,230.0194,360,111.33,-,-,101.95692967563221,6.1029998591615415,230.13,0,105.64,8.04,26-Aug-2025,27-Jul-2026,-,6.1029998591615415,-,101.95692967563221,37.21944444444444,-103.00907212790803,https://nsearchives.nseindia.com/today/SILVERBEESEQN.svg,https://nsearchives.nseindia.com/30d/SILVERBEES-EQ.svg,https://nsearchives.nseindia.com/365d/SILVERBEES-EQ.svg,EQ
GOLDBEES,Gold,131.24,131.49,128.15,130.19,-2.18,-1.65,43844954,5701159368.62,131.8986,148.14,83.1,19-DEC-19, FACE VALUE SPLIT (SUB-DIVISION) - FROM RS 100/- TO RS 1/-,55.302397709650485,9.753835778114983,132.37,0,57.9,11.59,26-Aug-2025,27-Jul-2026, FACE VALUE SPLIT (SUB-DIVISION) - FROM RS 100/- TO RS 1/-,9.753835778114983,19-DEC-19,55.302397709650485,12.116916430403666,-56.66666666666667,https://nsearchives.nseindia.com/today/GOLDBEESEQN.svg,https://nsearchives.nseindia.com/30d/GOLDBEES-EQ.svg,https://nsearchives.nseindia.com/365d/GOLDBEES-EQ.svg,EQ
LIQUIDBEES,Government Securities,999.66,1000.01,999.66,999.99,-0.01,-0.00,4828363,4828314716.37,1000,1029.99,969.99,19-SEP-17, EXIT OPTION PURSUANT TO CHANGE IN FUNDAMENTAL ATTRIBUTES OF ETF  ,0,0,1000,0,0,0,26-Aug-2025,27-Jul-2026, EXIT OPTION PURSUANT TO CHANGE IN FUNDAMENTAL ATTRIBUTES OF ETF  ,0,19-SEP-17,0,2.9126496373751203,-3.0928153898493798,https://nsearchives.nseindia.com/today/LIQUIDBEESEQN.svg,https://nsearchives.nseindia.com/30d/LIQUIDBEES-EQ.svg,https://nsearchives.nseindia.com/365d/LIQUIDBEES-EQ.svg,EQ
LIQUID1,Kotak Nifty 1D Rate Liquid ETF,1121.6,1121.6,1119.85,1120.02,0.17,0.02,2141367,2398352453.67,1119.8587,1136.66,1062.51,-,-,5.09218859957776,0.4187026493925739,1119.85,0,5.08,0.4,26-Aug-2025,27-Jul-2026,-,0.4187026493925739,-,5.09218859957776,1.4639382049161667,-5.412654939718213,https://nsearchives.nseindia.com/today/LIQUID1EQN.svg,https://nsearchives.nseindia.com/30d/LIQUID1-EQ.svg,https://nsearchives.nseindia.com/365d/LIQUID1-EQ.svg,EQ
LIQUIDADD,DSP S&P BSE Liquid Rate ETF,1142.1,1142.28,1142.1,1142.1,0.14,0.01,1867757,2133183947.27,1141.966,1151.22,1081.65,-,-,4.977250792775391,0.4052782881607662,1141.96,0,4.96,0.39,26-Aug-2025,27-Jul-2026,-,0.4052782881607662,-,4.977250792775391,0.7922030541512585,-5.588683955068628,https://nsearchives.nseindia.com/today/LIQUIDADDEQN.svg,https://nsearchives.nseindia.com/30d/LIQUIDADD-EQ.svg,https://nsearchives.nseindia.com/365d/LIQUIDADD-EQ.svg,EQ
CASHIETF,BSE Liquid Rate Index,1077.02,1077.02,1077,1077,0.13,0.01,1788860,1926620108.6,1076.8609,1099.28,1025.3,-,-,5.042426606846782,0.41115430872934505,1076.87,0,5.03,0.4,26-Aug-2025,27-Jul-2026,-,0.41115430872934505,-,5.042426606846782,2.026781165854011,-5.042426606846782,https://nsearchives.nseindia.com/today/CASHIETFEQN.svg,https://nsearchives.nseindia.com/30d/CASHIETF-EQ.svg,https://nsearchives.nseindia.com/365d/CASHIETF-EQ.svg,EQ
LIQUIDCASE,Zerodha Nifty 1D Rate Liquid ETF,115.65,115.67,115.64,115.66,0.03,0.03,15951837,1844829949.05,115.6402,115.67,107.56,-,-,5.002269632319556,0.4080215296466697,115.63,0,4.98,0.38,26-Aug-2025,27-Jul-2026,-,0.4080215296466697,-,5.002269632319556,0.008645283997583743,-7.530680550390474,https://nsearchives.nseindia.com/today/LIQUIDCASEEQN.svg,https://nsearchives.nseindia.com/30d/LIQUIDCASE-EQ.svg,https://nsearchives.nseindia.com/365d/LIQUIDCASE-EQ.svg,EQ
NIFTYBEES,Nifty 50,276.01,283.94,275.4,275.82,-1.2,-0.43,6648075,1836331276.5,276.0307,302.25,251.7,19-DEC-19, FACE VALUE SPLIT (SUB-DIVISION) - FROM RS 10/- TO RS 1/-,-1.1574986561548175,0.8150882707701372,277.02,0,-0.73,1.25,26-Aug-2025,27-Jul-2026, FACE VALUE SPLIT (SUB-DIVISION) - FROM RS 10/- TO RS 1/-,0.8150882707701372,19-DEC-19,-1.1574986561548175,8.744416873449135,-9.58283671036949,https://nsearchives.nseindia.com/today/NIFTYBEESEQN.svg,https://nsearchives.nseindia.com/30d/NIFTYBEES-EQ.svg,https://nsearchives.nseindia.com/365d/NIFTYBEES-EQ.svg,EQ
TATSILV,Tata Silver Exchange Traded Fund,23.94,23.94,22.71,22.95,-0.41,-1.76,63551214,1459771385.58,23.343,35.1,11.06,-,-,102.73851590106007,6.102635228848823,23.36,0,106.36,8,26-Aug-2025,27-Jul-2026,-,6.102635228848823,-,102.73851590106007,34.61538461538462,-107.50452079566001,https://nsearchives.nseindia.com/today/TATSILVEQN.svg,https://nsearchives.nseindia.com/30d/TATSILV-EQ.svg,https://nsearchives.nseindia.com/365d/TATSILV-EQ.svg,EQ
GOLDAXIS,Gold,133.35,133.35,128.76,130.99,-2.36,-1.77,10689255,1393665066.9,132.8898,150,83,23-JUL-20, FACE VALUE SPLIT (SUB-DIVISION) - FROM RS 100/- PER SHARE TO RE 1/- PER SHARE,Infinity,9.550890691645076,133.35,0,0,11.52,,27-Jul-2026, FACE VALUE SPLIT (SUB-DIVISION) - FROM RS 100/- PER SHARE TO RE 1/- PER SHARE,9.550890691645076,23-JUL-20,Infinity,12.673333333333327,-57.819277108433745,https://nsearchives.nseindia.com/today/GOLDAXISEQN.svg,https://nsearchives.nseindia.com/30d/GOLDAXIS-EQ.svg,,EQ
GOLDIETF,Gold,138,138,132.65,134.77,-2.41,-1.76,9483961,1276541150.6,136.5993,158,84.85,-,-,55.64152904492436,9.631497600260314,137.18,0,58.42,11.59,26-Aug-2025,27-Jul-2026,-,9.631497600260314,-,55.64152904492436,14.702531645569614,-58.83323512080144,https://nsearchives.nseindia.com/today/GOLDIETFEQN.svg,https://nsearchives.nseindia.com/30d/GOLDIETF-EQ.svg,https://nsearchives.nseindia.com/365d/GOLDIETF-EQ.svg,EQ
TATAGOLD,Tata Gold Exchange Traded Fund,15.54,15.54,15.06,15.31,-0.24,-1.54,78652833,1201815288.24,15.4949,17.7,9.58,-,-,55.589430894308954,9.906676238334535,15.55,0,58.03,11.63,26-Aug-2025,27-Jul-2026,-,9.906676238334535,-,55.589430894308954,13.502824858757057,-59.81210855949895,https://nsearchives.nseindia.com/today/TATAGOLDEQN.svg,https://nsearchives.nseindia.com/30d/TATAGOLD-EQ.svg,https://nsearchives.nseindia.com/365d/TATAGOLD-EQ.svg,EQ
HDFCGOLD,Gold,140.14,140.14,132.56,134.65,-2.08,-1.52,8763920,1178747240,136.3064,152.3,84.01,17-FEB-21, FACE VALUE SPLIT (SUB-DIVISION) - FROM RS 100/- PER UNIT TO RE 1/- PER UNIT,55.70074005550416,9.855592722525916,136.73,0,58.11,11.55,26-Aug-2025,27-Jul-2026, FACE VALUE SPLIT (SUB-DIVISION) - FROM RS 100/- PER UNIT TO RE 1/- PER UNIT,9.855592722525916,17-FEB-21,55.70074005550416,11.58896913985555,-60.27853826925366,https://nsearchives.nseindia.com/today/HDFCGOLDEQN.svg,https://nsearchives.nseindia.com/30d/HDFCGOLD-EQ.svg,https://nsearchives.nseindia.com/365d/HDFCGOLD-EQ.svg,EQ
SETFGOLD,Gold,139.87,139.87,132.11,134.3,-2.16,-1.58,6934038,930825261.12,136.0168,153.95,84.3,06-JAN-22,FACE VALUE SPLIT (SUB-DIVISION) - FROM RS 100/- PER SHARE TO RS 1/- PER SHARE,55.51181102362206,9.767061708214156,136.46,0,58.01,11.53,26-Aug-2025,27-Jul-2026,FACE VALUE SPLIT (SUB-DIVISION) - FROM RS 100/- PER SHARE TO RS 1/- PER SHARE,9.767061708214156,06-JAN-22,55.51181102362206,12.763884378044805,-59.311981020166094,https://nsearchives.nseindia.com/today/SETFGOLDEQN.svg,https://nsearchives.nseindia.com/30d/SETFGOLD-EQ.svg,https://nsearchives.nseindia.com/365d/SETFGOLD-EQ.svg,EQ
HDFCSILVER,HDFC Silver ETF,229.19,229.19,223.75,225.93,-4.17,-1.81,4025008,910376309.44,229.9436,359,111.45,-,-,101.59721602569824,6.025622976207239,230.1,0,105.32,7.98,26-Aug-2025,27-Jul-2026,-,6.025622976207239,-,101.59721602569824,37.06685236768802,-102.71870794078062,https://nsearchives.nseindia.com/today/HDFCSILVEREQN.svg,https://nsearchives.nseindia.com/30d/HDFCSILVER-EQ.svg,https://nsearchives.nseindia.com/365d/HDFCSILVER-EQ.svg,EQ
SILVERAXIS,Axis Silver ETF,230,237.55,230,234.7,-4.5,-1.88,3401405,796302924.55,239.0362,390.01,115.55,-,-,Infinity,6.05512878445548,239.2,0,0,8.09,,27-Jul-2026,-,6.05512878445548,-,Infinity,39.82205584472193,-103.11553440069234,https://nsearchives.nseindia.com/today/SILVERAXISEQN.svg,https://nsearchives.nseindia.com/30d/SILVERAXIS-EQ.svg,,EQ
SILVERIETF,Domestic Price of Silver,239.18,239.2,233.81,236.1,-4.3,-1.79,3023396,714791282.32,240.1855,373.5,115.9,-,-,102.95710478810281,6.236501079913601,240.4,0,106.65,8.17,26-Aug-2025,27-Jul-2026,-,6.236501079913601,-,102.95710478810281,36.78714859437751,-103.71009490940463,https://nsearchives.nseindia.com/today/SILVERIETFEQN.svg,https://nsearchives.nseindia.com/30d/SILVERIETF-EQ.svg,https://nsearchives.nseindia.com/365d/SILVERIETF-EQ.svg,EQ
LIQUIDPLUS,Nifty 1D Rate Index,1100.1,1101.9,1100.1,1100.66,0.16,0.01,453562,499208479.68,1100.5049,1127.08,1046.56,-,-,5.063907370109123,0.410524011093271,1100.5,0,5.05,0.4,26-Aug-2025,27-Jul-2026,-,0.410524011093271,-,5.063907370109123,2.344110444688917,-5.169316618254103,https://nsearchives.nseindia.com/today/LIQUIDPLUSEQN.svg,https://nsearchives.nseindia.com/30d/LIQUIDPLUS-EQ.svg,https://nsearchives.nseindia.com/365d/LIQUIDPLUS-EQ.svg,EQ
BANKNIFTY1,Nifty Bank,59.59,61.54,59.59,59.7,-0.34,-0.57,8106745,484702283.55,60.062,65.29,51.71,27-FEB-26,FACE VALUE SPLIT (SUB-DIVISION) - FROM RS 10/- PER SHARE TO RE 1/- PER SHARE,-89.40531331523185,0.5727762803234558,60.04,0,-89.34,1.15,26-Aug-2025,27-Jul-2026,FACE VALUE SPLIT (SUB-DIVISION) - FROM RS 10/- PER SHARE TO RE 1/- PER SHARE,0.5727762803234558,27-FEB-26,-89.40531331523185,8.561801194669938,-15.451556758847422,https://nsearchives.nseindia.com/today/BANKNIFTY1EQN.svg,https://nsearchives.nseindia.com/30d/BANKNIFTY1-EQ.svg,https://nsearchives.nseindia.com/365d/BANKNIFTY1-EQ.svg,EQ
LIQUIDBETF,Bajaj Finserv Nifty 1D Rate Liquid ETF,1096.31,1096.33,1096.31,1096.32,0.14,0.01,429592,470970301.44,1096.1659,1116.24,1009.94,-,-,4.885912461133694,0.39836259237890315,1096.18,0,4.87,0.39,26-Aug-2025,27-Jul-2026,-,0.39836259237890315,-,4.885912461133694,1.7845624596860956,-8.552983345545268,https://nsearchives.nseindia.com/today/LIQUIDBETFEQN.svg,https://nsearchives.nseindia.com/30d/LIQUIDBETF-EQ.svg,https://nsearchives.nseindia.com/365d/LIQUIDBETF-EQ.svg,EQ
GOLDETF,Mirae Asset Gold ETF,155.49,155.49,150.84,152.55,-2.95,-1.90,2928027,447607487.49,155.0447,173.5,98.03,-,-,55.093533956893054,9.433285509325684,155.5,0,58.09,11.55,26-Aug-2025,27-Jul-2026,-,9.433285509325684,-,55.093533956893054,12.074927953890485,-55.6156278690197,https://nsearchives.nseindia.com/today/GOLDETFEQN.svg,https://nsearchives.nseindia.com/30d/GOLDETF-EQ.svg,https://nsearchives.nseindia.com/365d/GOLDETF-EQ.svg,EQ
GOLDCASE,Zerodha Gold ETF,25.83,25.83,24.42,24.78,-0.42,-1.67,17372151,430481901.78,25.1212,27.94,15.53,-,-,55.555555555555564,9.840425531914905,25.2,0,58.19,11.7,26-Aug-2025,27-Jul-2026,-,9.840425531914905,-,55.555555555555564,11.309949892627058,-59.562137797810706,https://nsearchives.nseindia.com/today/GOLDCASEEQN.svg,https://nsearchives.nseindia.com/30d/GOLDCASE-EQ.svg,https://nsearchives.nseindia.com/365d/GOLDCASE-EQ.svg,EQ
GOLD1,Gold,133.49,133.49,129.6,131.32,-2.33,-1.74,2725736,357998166.24,133.1743,158,84.03,22-JUL-21, FACE VALUE SPLIT (SUB-DIVISION) - FROM RS 10/- PER SHARE TO RE 1/- PER SHARE,55.5002960331557,9.707602339181278,133.65,0,58.26,11.65,26-Aug-2025,27-Jul-2026, FACE VALUE SPLIT (SUB-DIVISION) - FROM RS 10/- PER SHARE TO RE 1/- PER SHARE,9.707602339181278,22-JUL-21,55.5002960331557,16.886075949367093,-56.27751993335712,https://nsearchives.nseindia.com/today/GOLD1EQN.svg,https://nsearchives.nseindia.com/30d/GOLD1-EQ.svg,https://nsearchives.nseindia.com/365d/GOLD1-EQ.svg,EQ
SETFNIF50,Nifty 50,260.83,263,260.02,260.32,-1.38,-0.53,1214237,316284453.76,260.8642,287.33,237.9,24-MAR-21, DIVIDEND - RS 1.30 PER SHARE,-1.3902041744005516,0.6300978004561427,261.7,0,-0.87,1.16,26-Aug-2025,27-Jul-2026, DIVIDEND - RS 1.30 PER SHARE,0.6300978004561427,24-MAR-21,-1.3902041744005516,9.400341071242122,-9.424127784783517,https://nsearchives.nseindia.com/today/SETFNIF50EQN.svg,https://nsearchives.nseindia.com/30d/SETFNIF50-EQ.svg,https://nsearchives.nseindia.com/365d/SETFNIF50-EQ.svg,EQ
JUNIORBEES,Nippon India ETF Nifty Next 50 Junior BeES,814.16,814.16,803.25,807.31,0.41,0.05,369315,297353972.25,806.2608,823.97,632.34,10-MAR-14,DIVIDEND-RS.1 PER UNIT,12.34952753385194,3.0455038611270533,806.9,0,12.29,2.99,26-Aug-2025,27-Jul-2026,DIVIDEND-RS.1 PER UNIT,3.0455038611270533,10-MAR-14,12.34952753385194,2.0219182737235677,-27.670240693297895,https://nsearchives.nseindia.com/today/JUNIORBEESEQN.svg,https://nsearchives.nseindia.com/30d/JUNIORBEES-EQ.svg,https://nsearchives.nseindia.com/365d/JUNIORBEES-EQ.svg,EQ
SILVERCASE,Commodity-Silver,25.02,25.03,23.77,23.96,-0.45,-1.84,12293512,295290158.24,25.1212,38.01,11.8,-,-,102.02360876897136,6.205673758865259,24.41,0,105.82,8.2,26-Aug-2025,27-Jul-2026,-,6.205673758865259,-,102.02360876897136,36.963956853459614,-103.05084745762711,https://nsearchives.nseindia.com/today/SILVERCASEEQN.svg,https://nsearchives.nseindia.com/30d/SILVERCASE-EQ.svg,https://nsearchives.nseindia.com/365d/SILVERCASE-EQ.svg,EQ
BANKBEES,Nifty Bank,599.99,601,596.45,596.9,-2.67,-0.45,493847,295246428.95,599.1532,638.99,515.98,19-DEC-19, FACE VALUE SPLIT (SUB-DIVISION) - FROM RS 10/- TO RS 1/-,6.008133979789355,0.9231705667523201,599.57,0,6.48,1.37,26-Aug-2025,27-Jul-2026, FACE VALUE SPLIT (SUB-DIVISION) - FROM RS 10/- TO RS 1/-,0.9231705667523201,19-DEC-19,6.008133979789355,6.586957542371561,-15.682778402263645,https://nsearchives.nseindia.com/today/BANKBEESEQN.svg,https://nsearchives.nseindia.com/30d/BANKBEES-EQ.svg,https://nsearchives.nseindia.com/365d/BANKBEES-EQ.svg,EQ
NIFTY1,Nifty 50,272.5,272.5,267.2,267.9,-1.91,-0.71,1073918,287895937.44,268.8828,295.8,244.8,27-JUL-17, FACE VALUE SPLIT (SUB-DIVISION) - FROM RS 10/- PER SHARE TO RS 1/- PER SHARE,-1.4530071730734027,0.5555138503115237,269.81,0,-0.75,1.27,26-Aug-2025,27-Jul-2026, FACE VALUE SPLIT (SUB-DIVISION) - FROM RS 10/- PER SHARE TO RS 1/- PER SHARE,0.5555138503115237,27-JUL-17,-1.4530071730734027,9.432048681541595,-9.436274509803907,https://nsearchives.nseindia.com/today/NIFTY1EQN.svg,https://nsearchives.nseindia.com/30d/NIFTY1-EQ.svg,https://nsearchives.nseindia.com/365d/NIFTY1-EQ.svg,EQ
SBISILVER,SBI SILVER ETF,241.76,241.76,229.3,232.17,-3.7,-1.57,1233872,286159594.24,235.6318,362,114.35,-,-,102.66236033519552,6.348770097567673,235.87,0,105.89,8.04,26-Aug-2025,27-Jul-2026,-,6.348770097567673,-,102.66236033519552,35.864640883977906,-103.0345430695234,https://nsearchives.nseindia.com/today/SBISILVEREQN.svg,https://nsearchives.nseindia.com/30d/SBISILVER-EQ.svg,https://nsearchives.nseindia.com/365d/SBISILVER-EQ.svg,EQ
GOLDADD,DSP Gold ETF,159.42,159.42,150.69,152.9,-2.64,-1.70,1536007,234609709.18,154.9612,181,97.96,28-AUG-26,FACE VALUE SPLIT (SUB-DIVISION) - FROM RS 10/- PER UNIT TO RE 1/- PER UNIT,Infinity,9.707971586424625,155.54,0,0,11.6,,27-Jul-2026,FACE VALUE SPLIT (SUB-DIVISION) - FROM RS 10/- PER UNIT TO RE 1/- PER UNIT,9.707971586424625,28-AUG-26,Infinity,15.524861878453036,-56.0841159657003,https://nsearchives.nseindia.com/today/GOLDADDEQN.svg,https://nsearchives.nseindia.com/30d/GOLDADD-EQ.svg,,EQ
SILVER,Physical price of Silver,242,242,233.87,236.53,-3.89,-1.62,957125,226254778.75,240.2028,371.89,116.01,-,-,103.06490384615384,6.468311127115594,240.42,0,106.4,8.22,26-Aug-2025,27-Jul-2026,-,6.468311127115594,-,103.06490384615384,36.3978595821345,-103.88759589690544,https://nsearchives.nseindia.com/today/SILVEREQN.svg,https://nsearchives.nseindia.com/30d/SILVER-EQ.svg,https://nsearchives.nseindia.com/365d/SILVER-EQ.svg,EQ
ITBEES,Nifty IT TRI,34.1,34.6,33.6,33.79,0.03,0.09,6466719,217863763.11,33.706,44.27,28.55,-,-,-13.932755985736115,3.333333333333322,33.76,0,-14.01,3.24,26-Aug-2025,27-Jul-2026,-,3.333333333333322,-,-13.932755985736115,23.672916196069583,-18.35376532399299,https://nsearchives.nseindia.com/today/ITBEESEQN.svg,https://nsearchives.nseindia.com/30d/ITBEES-EQ.svg,https://nsearchives.nseindia.com/365d/ITBEES-EQ.svg,EQ
SILVER1,Kotak Silver ETF,22.78,24.53,22.71,22.97,-0.4,-1.71,9135682,210029329.18,23.3401,38.8,11.27,27-FEB-26,FACE VALUE SPLIT (SUB-DIVISION) - FROM RS 10/- PER SHARE TO RE 1/- PER SHARE,-79.7710259797446,6.490496059341671,23.37,0,-79.42,8.34,26-Aug-2025,27-Jul-2026,FACE VALUE SPLIT (SUB-DIVISION) - FROM RS 10/- PER SHARE TO RE 1/- PER SHARE,6.490496059341671,27-FEB-26,-79.7710259797446,40.798969072164944,-103.81543921916592,https://nsearchives.nseindia.com/today/SILVER1EQN.svg,https://nsearchives.nseindia.com/30d/SILVER1-EQ.svg,https://nsearchives.nseindia.com/365d/SILVER1-EQ.svg,EQ
LIQUIDETF,Nifty1D rate index,1000,1000.01,999.99,1000,0,0.00,188360,188358116.4,1000,1025,995,-,-,0.0010000100000990915,0.0010000100000990915,1000,0,0,0,26-Aug-2025,27-Jul-2026,-,0.0010000100000990915,-,0.0010000100000990915,2.4390243902439024,-0.5025125628140703,https://nsearchives.nseindia.com/today/LIQUIDETFEQN.svg,https://nsearchives.nseindia.com/30d/LIQUIDETF-EQ.svg,https://nsearchives.nseindia.com/365d/LIQUIDETF-EQ.svg,EQ
SILVERBETA,UTI Silver Exchange Traded Fund (UTI Silver ETF),231.33,231.33,225.9,228.2,-4.16,-1.79,800031,182607075.75,232.1996,379.66,113,-,-,Infinity,5.908015036896083,232.36,0,0,7.84,,27-Jul-2026,-,5.908015036896083,-,Infinity,39.89358900068483,-101.94690265486724,https://nsearchives.nseindia.com/today/SILVERBETAEQN.svg,https://nsearchives.nseindia.com/30d/SILVERBETA-EQ.svg,,EQ
HDFCSML250,HDFC NIFTY Smallcap 250 ETF,185.74,187.24,185,185.6,-0.78,-0.42,776001,144258585.9,186.0995,189.83,142.7,-,-,9.97215144871718,3.1454929420918067,186.38,0,10.43,3.58,26-Aug-2025,27-Jul-2026,-,3.1454929420918067,-,9.97215144871718,2.228309540114849,-30.063069376313955,https://nsearchives.nseindia.com/today/HDFCSML250EQN.svg,https://nsearchives.nseindia.com/30d/HDFCSML250-EQ.svg,https://nsearchives.nseindia.com/365d/HDFCSML250-EQ.svg,EQ
GOLDBETA,Gold,134.95,134.95,130.6,132.75,-2.1,-1.56,1082748,143464110,134.3028,149.35,82.45,25-MAR-21, FACE VALUE SPLIT (SUB-DIVISION) - FROM RS 100/- PER UNIT TO RE 1/- PER UNIT,Infinity,9.937888198757763,134.85,0,0,11.68,,27-Jul-2026, FACE VALUE SPLIT (SUB-DIVISION) - FROM RS 100/- PER UNIT TO RE 1/- PER UNIT,9.937888198757763,25-MAR-21,Infinity,11.114830934047538,-61.00667070952092,https://nsearchives.nseindia.com/today/GOLDBETAEQN.svg,https://nsearchives.nseindia.com/30d/GOLDBETA-EQ.svg,,EQ
ESILVER,Edelweiss Silver ETF,240.1,240.1,233.76,236.75,-3.22,-1.34,588866,139549464.68,240.1002,375,116.02,-,-,102.71427348231869,6.313709641205264,239.97,0,105.47,7.76,26-Aug-2025,27-Jul-2026,-,6.313709641205264,-,102.71427348231869,36.86666666666667,-104.05964488881227,https://nsearchives.nseindia.com/today/ESILVEREQN.svg,https://nsearchives.nseindia.com/30d/ESILVER-EQ.svg,https://nsearchives.nseindia.com/365d/ESILVER-EQ.svg,EQ
LIQUIDIETF,S&P BSE Liquid Rate Index,999.99,1000.01,999.99,1000,0.01,0.00,129308,129306706.92,1000,1041.19,955,-,-,0.0010000100000990915,0.0010000100000990915,999.99,0,0,0,26-Aug-2025,27-Jul-2026,-,0.0010000100000990915,-,0.0010000100000990915,3.956050288612074,-4.712041884816754,https://nsearchives.nseindia.com/today/LIQUIDIETFEQN.svg,https://nsearchives.nseindia.com/30d/LIQUIDIETF-EQ.svg,https://nsearchives.nseindia.com/365d/LIQUIDIETF-EQ.svg,EQ
BANK10ADD,BSE Top 10 Banks Index (TRI),17.04,17.07,16.97,17.05,0,0.00,7162819,122126063.95,17.0286,18.99,12.08,-,-,Infinity,0.9473060982830085,17.05,0,0,0.95,,27-Jul-2026,-,0.9473060982830085,-,Infinity,10.215903106898356,-41.14238410596027,https://nsearchives.nseindia.com/today/BANK10ADDEQN.svg,https://nsearchives.nseindia.com/30d/BANK10ADD-EQ.svg,,EQ
CPSEETF,CPSE ETF,93.59,93.78,92.41,92.63,-0.56,-0.60,1259923,116794862.1,92.9381,112,85.67,-,-,4.5957542908762345,-3.5706849885488308,93.19,0,5.23,-2.99,26-Aug-2025,27-Jul-2026,-,-3.5706849885488308,-,4.5957542908762345,17.29464285714286,-8.124197502042714,https://nsearchives.nseindia.com/today/CPSEETFEQN.svg,https://nsearchives.nseindia.com/30d/CPSEETF-EQ.svg,https://nsearchives.nseindia.com/365d/CPSEETF-EQ.svg,EQ
MID150BEES,Nifty Midcap 150 TRI,240.4,244.99,240.4,243.88,0.06,0.02,475575,115897627.5,243.398,247.15,190.43,-,-,11.902358447279068,2.6992883311576183,243.82,0,11.87,2.67,26-Aug-2025,27-Jul-2026,-,2.6992883311576183,-,11.902358447279068,1.3230831478859033,-28.06805650370214,https://nsearchives.nseindia.com/today/MID150BEESEQN.svg,https://nsearchives.nseindia.com/30d/MID150BEES-EQ.svg,https://nsearchives.nseindia.com/365d/MID150BEES-EQ.svg,EQ
SMALLCAP,Mirae Asset Nifty Smallcap 250 Momentum Quality 100 ETF,49.35,49.38,49.03,49.06,-0.03,-0.06,2284952,112351089.84,49.1393,54.5,37.34,-,-,9.926058704907012,4.583244510765308,49.09,0,9.99,4.65,26-Aug-2025,27-Jul-2026,-,4.583244510765308,-,9.926058704907012,9.981651376146784,-31.387252276379215,https://nsearchives.nseindia.com/today/SMALLCAPEQN.svg,https://nsearchives.nseindia.com/30d/SMALLCAP-EQ.svg,https://nsearchives.nseindia.com/365d/SMALLCAP-EQ.svg,EQ
SILVERADD,DSP Silver ETF,231.22,231.23,225.75,228.04,-4.19,-1.80,485881,110868326.58,232.0312,390,112.14,28-AUG-26,FACE VALUE SPLIT (SUB-DIVISION) - FROM RS 10/- PER UNIT TO RE 1/- PER UNIT,103.04514290802241,6.332183157698398,232.23,0,106.78,8.29,26-Aug-2025,27-Jul-2026,FACE VALUE SPLIT (SUB-DIVISION) - FROM RS 10/- PER UNIT TO RE 1/- PER UNIT,6.332183157698398,28-AUG-26,103.04514290802241,41.52820512820513,-103.35295166755841,https://nsearchives.nseindia.com/today/SILVERADDEQN.svg,https://nsearchives.nseindia.com/30d/SILVERADD-EQ.svg,https://nsearchives.nseindia.com/365d/SILVERADD-EQ.svg,EQ
PSUBNKBEES,Nifty PSU Bank,96.42,97.2,95.9,96.05,-0.86,-0.89,1126383,108527002.05,96.871,110.4,74.31,19-DEC-19, FACE VALUE SPLIT (SUB-DIVISION) - FROM RS 10/- TO RS 1/-,25.884665792922675,2.7053036783575717,96.91,0,27.01,3.62,26-Aug-2025,27-Jul-2026, FACE VALUE SPLIT (SUB-DIVISION) - FROM RS 10/- TO RS 1/-,2.7053036783575717,19-DEC-19,25.884665792922675,12.998188405797109,-29.25582021262279,https://nsearchives.nseindia.com/today/PSUBNKBEESEQN.svg,https://nsearchives.nseindia.com/30d/PSUBNKBEES-EQ.svg,https://nsearchives.nseindia.com/365d/PSUBNKBEES-EQ.svg,EQ
SILVERAG,Mirae Asset Silver ETF,233.25,233.27,227.83,230,-4.32,-1.84,464655,107098330.95,234.0696,380,113.39,-,-,Infinity,6.0885608856088504,234.32,0,0,8.08,,27-Jul-2026,-,6.0885608856088504,-,Infinity,39.473684210526315,-102.83975659229209,https://nsearchives.nseindia.com/today/SILVERAGEQN.svg,https://nsearchives.nseindia.com/30d/SILVERAG-EQ.svg,,EQ
SBILIQETF,Nifty 1D Rate Index,1053.5,1053.5,1053.48,1053.49,0.15,0.01,99598,104925497.02,1053.355,1087.09,984.99,-,-,5.039134553068444,0.41079700337405833,1053.34,0,5.02,0.4,26-Aug-2025,27-Jul-2026,-,0.41079700337405833,-,5.039134553068444,3.0908204472490697,-6.95438532370887,https://nsearchives.nseindia.com/today/SBILIQETFEQN.svg,https://nsearchives.nseindia.com/30d/SBILIQETF-EQ.svg,https://nsearchives.nseindia.com/365d/SBILIQETF-EQ.svg,EQ
ELIQUID,Nifty 1D Rate Index (Debt Index),1040,1045.33,1038.61,1045.33,0.16,0.02,99307,103806600.17,1045.1809,1045.33,996,-,-,Infinity,0.4111233850439434,1045.17,0,0,0.4,,27-Jul-2026,-,0.4111233850439434,-,Infinity,0,-4.952811244979912,https://nsearchives.nseindia.com/today/ELIQUIDEQN.svg,https://nsearchives.nseindia.com/30d/ELIQUID-EQ.svg,,EQ
NIFTYIETF,Nifty 50,274.59,275.6,273.63,274.24,-1.36,-0.49,375591,103058414.49,274.6201,328.24,250.4,-,-,-1.2957097610135209,0.7679588462245203,275.6,0,-0.81,1.27,26-Aug-2025,27-Jul-2026,-,0.7679588462245203,-,-1.2957097610135209,16.451377041189374,-9.520766773162942,https://nsearchives.nseindia.com/today/NIFTYIETFEQN.svg,https://nsearchives.nseindia.com/30d/NIFTYIETF-EQ.svg,https://nsearchives.nseindia.com/365d/NIFTYIETF-EQ.svg,EQ
METALIETF,Nifty Metal Index,13.72,14.02,13.47,13.55,-0.13,-0.95,7213479,97886910.03,13.6285,14.17,9.18,-,-,45.69892473118279,8.054226475279119,13.68,0,47.1,9.09,26-Aug-2025,27-Jul-2026,-,8.054226475279119,-,45.69892473118279,4.375441072688774,-47.60348583877997,https://nsearchives.nseindia.com/today/METALIETFEQN.svg,https://nsearchives.nseindia.com/30d/METALIETF-EQ.svg,https://nsearchives.nseindia.com/365d/METALIETF-EQ.svg,EQ
MODEFENCE,Nifty India Defence Total Return Index,107.3,108,107.14,107.48,0.18,0.17,881780,94791350,107.0539,110.8,77.8,-,-,30.010886657796057,4.036395315071147,107.3,0,29.79,3.86,26-Aug-2025,27-Jul-2026,-,4.036395315071147,-,30.010886657796057,2.9963898916967446,-38.14910025706942,https://nsearchives.nseindia.com/today/MODEFENCEEQN.svg,https://nsearchives.nseindia.com/30d/MODEFENCE-EQ.svg,https://nsearchives.nseindia.com/365d/MODEFENCE-EQ.svg,EQ
BSLGOLDETF,Gold,144.46,144.46,136.65,138.76,-2.18,-1.55,672313,93229643.71,140.3299,155.99,86.44,25-NOV-21, FACE VALUE SPLIT (SUB-DIVISION) - FROM RS 10/- PER SHARE TO RE 0.10/- PER SHARE,55.8400718778077,10.048378142596547,140.94,0,58.29,11.78,26-Aug-2025,27-Jul-2026, FACE VALUE SPLIT (SUB-DIVISION) - FROM RS 10/- PER SHARE TO RE 0.10/- PER SHARE,10.048378142596547,25-NOV-21,55.8400718778077,11.04557984486186,-60.52753354928273,https://nsearchives.nseindia.com/today/BSLGOLDETFEQN.svg,https://nsearchives.nseindia.com/30d/BSLGOLDETF-EQ.svg,https://nsearchives.nseindia.com/365d/BSLGOLDETF-EQ.svg,EQ
PHARMABEES,Nifty Pharma TRI,27.7,27.7,27.37,27.57,0.12,0.44,3327348,91435523.04,27.3827,28.01,21.46,-,-,22.099202834366707,3.181137724550904,27.45,0,21.57,2.73,26-Aug-2025,27-Jul-2026,-,3.181137724550904,-,22.099202834366707,1.5708675473045386,-28.47157502329916,https://nsearchives.nseindia.com/today/PHARMABEESEQN.svg,https://nsearchives.nseindia.com/30d/PHARMABEES-EQ.svg,https://nsearchives.nseindia.com/365d/PHARMABEES-EQ.svg,EQ
HDFCNIFTY,Nifty 50,272.01,274.01,272.01,272.5,-1.49,-0.54,301619,82278647.01,273.0397,301.88,247.56,17-FEB-21, FACE VALUE SPLIT (SUB-DIVISION) - FROM RS 761.25/- PER UNIT TO RS 76.125/- PER UNIT,-1.303875407461073,0.7095868135117215,273.99,0,-0.76,1.26,26-Aug-2025,27-Jul-2026, FACE VALUE SPLIT (SUB-DIVISION) - FROM RS 761.25/- PER UNIT TO RS 76.125/- PER UNIT,0.7095868135117215,17-FEB-21,-1.303875407461073,9.732343977739498,-10.074325416060752,https://nsearchives.nseindia.com/today/HDFCNIFTYEQN.svg,https://nsearchives.nseindia.com/30d/HDFCNIFTY-EQ.svg,https://nsearchives.nseindia.com/365d/HDFCNIFTY-EQ.svg,EQ
LIQUID,Mirae Asset Nifty 1D Rate Liquid ETF,999.99,1000,999.99,1000,0.01,0.00,76527,76526234.73,1000,1024.98,974.99,-,-,0.0010000100000990915,0.0010000100000990915,999.99,0,0,0,26-Aug-2025,27-Jul-2026,-,0.0010000100000990915,-,0.0010000100000990915,2.4371207243068174,-2.565154514405275,https://nsearchives.nseindia.com/today/LIQUIDEQN.svg,https://nsearchives.nseindia.com/30d/LIQUID-EQ.svg,https://nsearchives.nseindia.com/365d/LIQUID-EQ.svg,EQ
GROWWGOLD,Commodity,15.7,15.7,15.15,15.38,-0.22,-1.41,4792458,73564230.3,15.5761,18,9.89,06-FEB-26,FACE VALUE SPLIT (SUB-DIVISION) - FROM RS 10/- PER UNIT TO RE 1/- PER UNIT,-84.48188881041267,9.70042796005707,15.6,0,-84.26,11.27,26-Aug-2025,27-Jul-2026,FACE VALUE SPLIT (SUB-DIVISION) - FROM RS 10/- PER UNIT TO RE 1/- PER UNIT,9.70042796005707,06-FEB-26,-84.48188881041267,14.555555555555552,-55.51061678463094,https://nsearchives.nseindia.com/today/GROWWGOLDEQN.svg,https://nsearchives.nseindia.com/30d/GROWWGOLD-EQ.svg,https://nsearchives.nseindia.com/365d/GROWWGOLD-EQ.svg,EQ
FMCGIETF,Nifty FMCG Index,51,51.3,50.56,50.64,-0.36,-0.71,1356833,68764296.44,50.8087,62.3,48.55,10-MAY-24,FACE VALUE SPLIT (SUB-DIVISION) - FROM RS 10/- PER SHARE TO RE 1/- PER SHARE,-15.656229180546301,-4.776231666039863,51,0,-15.06,-4.1,26-Aug-2025,27-Jul-2026,FACE VALUE SPLIT (SUB-DIVISION) - FROM RS 10/- PER SHARE TO RE 1/- PER SHARE,-4.776231666039863,10-MAY-24,-15.656229180546301,18.715890850722303,-4.304840370751809,https://nsearchives.nseindia.com/today/FMCGIETFEQN.svg,https://nsearchives.nseindia.com/30d/FMCGIETF-EQ.svg,https://nsearchives.nseindia.com/365d/FMCGIETF-EQ.svg,EQ
PSUBANK,Nifty PSU Bank,87.43,87.63,85.8,86.3,-0.89,-1.02,791438,68301099.4,86.8199,101,66.26,10-JUL-26,FACE VALUE SPLIT (SUB-DIVISION) - FROM RS 10/- PER UNIT TO RE 1/- PER UNIT,-87.4335638878777,2.82378172286428,87.19,0,-87.3,3.88,26-Aug-2025,27-Jul-2026,FACE VALUE SPLIT (SUB-DIVISION) - FROM RS 10/- PER UNIT TO RE 1/- PER UNIT,2.82378172286428,10-JUL-26,-87.4335638878777,14.554455445544557,-30.244491397524886,https://nsearchives.nseindia.com/today/PSUBANKEQN.svg,https://nsearchives.nseindia.com/30d/PSUBANK-EQ.svg,https://nsearchives.nseindia.com/365d/PSUBANK-EQ.svg,EQ
ALPHA,NIFTY Alpha 50 Index,55.35,55.59,55,55.24,0.04,0.07,1201572,66242664.36,55.1056,55.59,42,-,-,14.487046632124358,7.387247278382591,55.2,0,14.4,7.31,26-Aug-2025,27-Jul-2026,-,7.387247278382591,-,14.487046632124358,0.6296096420219489,-31.52380952380953,https://nsearchives.nseindia.com/today/ALPHAEQN.svg,https://nsearchives.nseindia.com/30d/ALPHA-EQ.svg,https://nsearchives.nseindia.com/365d/ALPHA-EQ.svg,EQ
PVTBANIETF,Nifty Private Bank Index,28.04,28.23,28.02,28.17,0.13,0.46,2224292,62547091.04,28.0643,30.32,24.18,01-MAR-24,FACE VALUE SPLIT (SUB-DIVISION) - FROM RS 10/- PER SHARE TO RE 1/- PER SHARE,5.981941309255093,1.8438177874186608,28.04,0,5.49,1.37,26-Aug-2025,27-Jul-2026,FACE VALUE SPLIT (SUB-DIVISION) - FROM RS 10/- PER SHARE TO RE 1/- PER SHARE,1.8438177874186608,01-MAR-24,5.981941309255093,7.091029023746697,-16.501240694789093,https://nsearchives.nseindia.com/today/PVTBANIETFEQN.svg,https://nsearchives.nseindia.com/30d/PVTBANIETF-EQ.svg,https://nsearchives.nseindia.com/365d/PVTBANIETF-EQ.svg,EQ
EBBETF0430,Nifty BHARAT Bond,1602.18,1612.8,1602.17,1607,0.56,0.03,33359,53554205.01,1609.8141,1646.18,1232,-,-,5.091750918817106,-0.17703512749634495,1606.44,0,5.06,-0.21,26-Aug-2025,27-Jul-2026,-,-0.17703512749634495,-,5.091750918817106,2.3800556439757536,-30.43831168831169,https://nsearchives.nseindia.com/today/EBBETF0430EQN.svg,https://nsearchives.nseindia.com/30d/EBBETF0430-EQ.svg,https://nsearchives.nseindia.com/365d/EBBETF0430-EQ.svg,EQ
AUTOBEES,Nifty Auto TRI,304.12,304.12,298.25,299.47,-1.64,-0.54,175906,52588857.76,300.1964,310.45,242.5,-,-,15.114357101672132,4.988781377085969,301.11,0,15.74,5.56,26-Aug-2025,27-Jul-2026,-,4.988781377085969,-,15.114357101672132,3.536801417297459,-23.49278350515465,https://nsearchives.nseindia.com/today/AUTOBEESEQN.svg,https://nsearchives.nseindia.com/30d/AUTOBEES-EQ.svg,https://nsearchives.nseindia.com/365d/AUTOBEES-EQ.svg,EQ
ICICIB22,S&P BSE BHARAT 22 index,115.01,116.03,114.4,114.75,-0.68,-0.59,429327,49230927.09,115.359,131,103.6,-,-,8.736852079977256,-0.6751493118670485,115.43,0,9.38,-0.09,26-Aug-2025,27-Jul-2026,-,-0.6751493118670485,-,8.736852079977256,12.404580152671755,-10.762548262548268,https://nsearchives.nseindia.com/today/ICICIB22EQN.svg,https://nsearchives.nseindia.com/30d/ICICIB22-EQ.svg,https://nsearchives.nseindia.com/365d/ICICIB22-EQ.svg,EQ
ALPHAETF,Mirae Asset Nifty 200 Alpha 30 ETF,27.42,27.61,27.31,27.4,-0.02,-0.07,1641056,44981344.96,27.3941,27.61,21.8,-,-,9.995985547972694,5.832367709540355,27.42,0,10.08,5.91,26-Aug-2025,27-Jul-2026,-,5.832367709540355,-,9.995985547972694,0.7605939876856243,-25.6880733944954,https://nsearchives.nseindia.com/today/ALPHAETFEQN.svg,https://nsearchives.nseindia.com/30d/ALPHAETF-EQ.svg,https://nsearchives.nseindia.com/365d/ALPHAETF-EQ.svg,EQ
GROWWSLVR,Commodity-Silver,24.07,24.07,22.94,23.13,-0.44,-1.87,1928118,44655212.88,23.5694,36.3,11.26,06-FEB-26,FACE VALUE SPLIT (SUB-DIVISION) - FROM RS 10/- PER UNIT TO RE 1/- PER UNIT,-79.858934169279,6.052269601100415,23.57,0,-79.48,8.07,26-Aug-2025,27-Jul-2026,FACE VALUE SPLIT (SUB-DIVISION) - FROM RS 10/- PER UNIT TO RE 1/- PER UNIT,6.052269601100415,06-FEB-26,-79.858934169279,36.280991735537185,-105.41740674955595,https://nsearchives.nseindia.com/today/GROWWSLVREQN.svg,https://nsearchives.nseindia.com/30d/GROWWSLVR-EQ.svg,https://nsearchives.nseindia.com/365d/GROWWSLVR-EQ.svg,EQ
GSEC10ADD,Nifty 10 yr Benchmark G-Sec,26.82,26.82,26.82,26.82,-0.08,-0.30,1650000,44253000,26.7867,27.5,26.82,-,-,Infinity,Infinity,26.9,0,0,0,,,-,Infinity,-,Infinity,2.4727272727272718,0,https://nsearchives.nseindia.com/today/GSEC10ADDEQN.svg,,,EQ
MOCAPITAL,Nifty Capital Market Total Return Index,55.48,55.86,54.86,55.2,-0.61,-1.09,773494,42665929.04,55.5958,57.25,41.15,-,-,28.25278810408923,3.8765525028227366,55.81,0,29.67,5.02,26-Aug-2025,27-Jul-2026,-,3.8765525028227366,-,28.25278810408923,3.5807860262008684,-34.14337788578373,https://nsearchives.nseindia.com/today/MOCAPITALEQN.svg,https://nsearchives.nseindia.com/30d/MOCAPITAL-EQ.svg,https://nsearchives.nseindia.com/365d/MOCAPITAL-EQ.svg,EQ
GROWWLIQID,Nifty 1D Rate Index,112.71,112.71,110.51,110.52,0.02,0.02,364418,40271833.18,110.4971,112.71,102.89,-,-,4.788091400398215,0.39970930232557933,110.5,0,4.77,0.38,26-Aug-2025,27-Jul-2026,-,0.39970930232557933,-,4.788091400398215,1.9430396593026331,-7.415686655651663,https://nsearchives.nseindia.com/today/GROWWLIQIDEQN.svg,https://nsearchives.nseindia.com/30d/GROWWLIQID-EQ.svg,https://nsearchives.nseindia.com/365d/GROWWLIQID-EQ.svg,EQ
HNGSNGBEES,Hang Seng Index,487.75,487.75,470.86,473,-2.86,-0.60,80747,38222399.92,463.3345,579.92,443.42,19-DEC-19, FACE VALUE SPLIT (SUB-DIVISION) - FROM RS 10/- TO RS 1/-,2.7813993915688857,-3.1154626083037997,475.86,0,3.4,-2.53,26-Aug-2025,27-Jul-2026, FACE VALUE SPLIT (SUB-DIVISION) - FROM RS 10/- TO RS 1/-,-3.1154626083037997,19-DEC-19,2.7813993915688857,18.437025796661604,-6.670876370032921,https://nsearchives.nseindia.com/today/HNGSNGBEESEQN.svg,https://nsearchives.nseindia.com/30d/HNGSNGBEES-EQ.svg,https://nsearchives.nseindia.com/365d/HNGSNGBEES-EQ.svg,EQ
HSBCGOLD,Commodity,140,140,136,136.8,-2.82,-2.02,269400,36832368,138.693,146.4,119.1,-,-,Infinity,9.073512996332331,139.62,0,0,11.32,,27-Jul-2026,-,9.073512996332331,-,Infinity,6.557377049180324,-14.861460957178858,https://nsearchives.nseindia.com/today/HSBCGOLDEQN.svg,https://nsearchives.nseindia.com/30d/HSBCGOLD-EQ.svg,,EQ
MIDCAPETF,Mirae Asset Mutual Fund - Mirae Asset Nifty Midcap 150 ETF,24.09,24.34,24,24.04,-0.05,-0.21,1489906,35862037.42,24.0744,24.57,19.6,-,-,11.918063314711354,2.6911576249466,24.09,0,12.15,2.9,26-Aug-2025,27-Jul-2026,-,2.6911576249466,-,11.918063314711354,2.1571021571021616,-22.653061224489782,https://nsearchives.nseindia.com/today/MIDCAPETFEQN.svg,https://nsearchives.nseindia.com/30d/MIDCAPETF-EQ.svg,https://nsearchives.nseindia.com/365d/MIDCAPETF-EQ.svg,EQ
LIQGRWBEES,Liquid,1053.24,1053.26,1053.24,1053.24,0.13,0.01,33383,35160310.92,1053.1204,1056.29,995.55,-,-,4.770810122552924,0.38696887092776694,1053.11,0,4.76,0.37,26-Aug-2025,27-Jul-2026,-,0.38696887092776694,-,4.770810122552924,0.2887464616724531,-5.794786801265638,https://nsearchives.nseindia.com/today/LIQGRWBEESEQN.svg,https://nsearchives.nseindia.com/30d/LIQGRWBEES-EQ.svg,https://nsearchives.nseindia.com/365d/LIQGRWBEES-EQ.svg,EQ
QGOLDHALF,Gold,132.94,132.94,128.65,130.35,-2.59,-1.95,266948,34844722.44,132.2284,149.69,83.2,16-DEC-21, FACE VALUE SPLIT (SUB-DIVISION) - FROM RS 100 PER SHARE TO RS 2 PER SHARE,55.92105263157895,9.620721554116557,132.94,0,59.02,11.8,26-Aug-2025,27-Jul-2026, FACE VALUE SPLIT (SUB-DIVISION) - FROM RS 100 PER SHARE TO RS 2 PER SHARE,9.620721554116557,16-DEC-21,55.92105263157895,12.920034738459487,-56.670673076923066,https://nsearchives.nseindia.com/today/QGOLDHALFEQN.svg,https://nsearchives.nseindia.com/30d/QGOLDHALF-EQ.svg,https://nsearchives.nseindia.com/365d/QGOLDHALF-EQ.svg,EQ
METAL,Nifty Metal Total Return Index,13.59,13.79,13.42,13.58,-0.12,-0.88,2407949,32820344.87,13.6773,13.97,8.7,-,-,45.551982851018224,7.863383637807786,13.7,0,46.84,8.82,26-Aug-2025,27-Jul-2026,-,7.863383637807786,-,45.551982851018224,2.791696492483898,-56.09195402298852,https://nsearchives.nseindia.com/today/METALEQN.svg,https://nsearchives.nseindia.com/30d/METAL-EQ.svg,https://nsearchives.nseindia.com/365d/METAL-EQ.svg,EQ
EGOLD,Edelweiss Gold ETF,159.8,160,154.9,157.5,-2.25,-1.41,208247,32648964.66,159.3345,184.95,100.8,-,-,55.248891079349434,9.832635983263595,159.75,0,57.47,11.4,26-Aug-2025,27-Jul-2026,-,9.832635983263595,-,55.248891079349434,14.841849148418488,-56.25,https://nsearchives.nseindia.com/today/EGOLDEQN.svg,https://nsearchives.nseindia.com/30d/EGOLD-EQ.svg,https://nsearchives.nseindia.com/365d/EGOLD-EQ.svg,EQ
MON100,Nasdaq100,326.94,326.94,326.94,326.94,0.94,0.29,95399,31189749.06,272.5911,342.55,200.65,17-JUN-21, FACE VALUE SPLIT (SUB-DIVISION) - FROM RS 10/- PER SHARE TO RE 1/- PER SHARE,61.45982517655192,1.4994877526310837,326,0,61,1.21,26-Aug-2025,27-Jul-2026, FACE VALUE SPLIT (SUB-DIVISION) - FROM RS 10/- PER SHARE TO RE 1/- PER SHARE,1.4994877526310837,17-JUN-21,61.45982517655192,4.556998978251354,-62.940443558435085,https://nsearchives.nseindia.com/today/MON100EQN.svg,https://nsearchives.nseindia.com/30d/MON100-EQ.svg,https://nsearchives.nseindia.com/365d/MON100-EQ.svg,EQ
MIDSMALL,Mirae Asset Nifty MidSmallcap400 Momentum Quality 100 ETF,52.55,52.81,52.41,52.65,0.07,0.13,551095,28993107.95,52.4934,52.81,42.41,-,-,10.423657718120802,3.743842364532017,52.58,0,10.28,3.61,26-Aug-2025,27-Jul-2026,-,3.743842364532017,-,10.423657718120802,0.30297292179512153,-24.14524876208442,https://nsearchives.nseindia.com/today/MIDSMALLEQN.svg,https://nsearchives.nseindia.com/30d/MIDSMALL-EQ.svg,https://nsearchives.nseindia.com/365d/MIDSMALL-EQ.svg,EQ
GROWWHOSPI,BSE Hospitals Index,52.22,52.63,52.11,52.56,0.19,0.36,547873,28620885.52,52.1286,62,43.35,-,-,Infinity,-2.8824833702882398,52.37,0,0,-3.23,,27-Jul-2026,-,-2.8824833702882398,-,Infinity,15.2258064516129,-21.245674740484432,https://nsearchives.nseindia.com/today/GROWWHOSPIEQN.svg,https://nsearchives.nseindia.com/30d/GROWWHOSPI-EQ.svg,,EQ
GROWWPOWER,BSE Power Index - TRI,11.4,11.43,11.29,11.43,0.08,0.70,2349725,26598887,11.3219,13.2,7.75,-,-,18.078512396694215,-2.557544757033254,11.35,0,17.25,-3.24,26-Aug-2025,27-Jul-2026,-,-2.557544757033254,-,18.078512396694215,13.409090909090905,-47.483870967741936,https://nsearchives.nseindia.com/today/GROWWPOWEREQN.svg,https://nsearchives.nseindia.com/30d/GROWWPOWER-EQ.svg,https://nsearchives.nseindia.com/365d/GROWWPOWER-EQ.svg,EQ
SETFNN50,Nifty Next 50,802,802.99,792.84,796.87,-5.13,-0.64,32228,25714076.64,799.2455,840,636.01,02-NOV-17, DIVIDEND - RS 7/- PER UNIT,12.08523806174836,2.4372999447236876,802,0,12.81,3.1,26-Aug-2025,27-Jul-2026, DIVIDEND - RS 7/- PER UNIT,2.4372999447236876,02-NOV-17,12.08523806174836,5.1345238095238095,-25.292055156365468,https://nsearchives.nseindia.com/today/SETFNN50EQN.svg,https://nsearchives.nseindia.com/30d/SETFNN50-EQ.svg,https://nsearchives.nseindia.com/365d/SETFNN50-EQ.svg,EQ
BSLNIFTY,Nifty 50,28.8,28.8,28.32,28.4,-0.14,-0.49,892247,25339814.8,28.4047,33,25.7,25-NOV-21, FACE VALUE SPLIT (SUB-DIVISION) - FROM RS 10/- PER SHARE TO RE 1/- PER SHARE,-1.0452961672473893,0.7806955287437859,28.54,0,-0.56,1.28,26-Aug-2025,27-Jul-2026, FACE VALUE SPLIT (SUB-DIVISION) - FROM RS 10/- PER SHARE TO RE 1/- PER SHARE,0.7806955287437859,25-NOV-21,-1.0452961672473893,13.939393939393943,-10.505836575875485,https://nsearchives.nseindia.com/today/BSLNIFTYEQN.svg,https://nsearchives.nseindia.com/30d/BSLNIFTY-EQ.svg,https://nsearchives.nseindia.com/365d/BSLNIFTY-EQ.svg,EQ
SML100CASE,Nifty Smallcap 100 Index,11.71,11.71,11.37,11.44,0.01,0.09,2162153,24670165.73,11.4098,11.74,8.5,-,-,Infinity,5.243790248390067,11.43,0,0,5.15,,27-Jul-2026,-,5.243790248390067,-,Infinity,2.555366269165253,-34.58823529411764,https://nsearchives.nseindia.com/today/SML100CASEEQN.svg,https://nsearchives.nseindia.com/30d/SML100CASE-EQ.svg,,EQ
MOGOLD,Domestic Price of Physical Gold,158.9,158.9,153.85,156.5,-1.4,-0.89,157650,24519304.5,157.6832,175,99.6,-,-,54.95049504950495,10.327811068029613,157.9,0,56.34,11.31,26-Aug-2025,27-Jul-2026,-,10.327811068029613,-,54.95049504950495,10.571428571428571,-57.128514056224915,https://nsearchives.nseindia.com/today/MOGOLDEQN.svg,https://nsearchives.nseindia.com/30d/MOGOLD-EQ.svg,https://nsearchives.nseindia.com/365d/MOGOLD-EQ.svg,EQ
AONEGOLD,Domestic price of Gold,15.05,15.05,14.47,14.7,-0.2,-1.34,1592797,23318548.08,14.893,17.73,10,-,-,Infinity,9.865470852017927,14.9,0,0,11.36,,27-Jul-2026,-,9.865470852017927,-,Infinity,17.089678510998315,-46.99999999999999,https://nsearchives.nseindia.com/today/AONEGOLDEQN.svg,https://nsearchives.nseindia.com/30d/AONEGOLD-EQ.svg,,EQ
NEXT50IETF,Nifty Next 50,78.66,79,78.15,78.68,0.01,0.01,273381,21482278.98,78.6773,80.38,62.6,15-NOV-18, FACE VALUE SPLIT (SUB-DIVISION) - FROM RS 10/- PER SHARE TO RS 1/- PER SHARE,12.015945330296145,2.970815338306518,78.67,0,12,2.96,26-Aug-2025,27-Jul-2026, FACE VALUE SPLIT (SUB-DIVISION) - FROM RS 10/- PER SHARE TO RS 1/- PER SHARE,2.970815338306518,15-NOV-18,12.015945330296145,2.1149539686489036,-25.68690095846646,https://nsearchives.nseindia.com/today/NEXT50IETFEQN.svg,https://nsearchives.nseindia.com/30d/NEXT50IETF-EQ.svg,https://nsearchives.nseindia.com/365d/NEXT50IETF-EQ.svg,EQ
LTGILTBEES,NIFTY 8-13 yr G-Sec Index,30,30.02,29.93,29.93,-0.06,-0.20,710934,21299582.64,30.0013,30.48,27.93,-,-,5.054405054405058,-0.16677785190126987,29.99,0,5.27,0.03,26-Aug-2025,27-Jul-2026,-,-0.16677785190126987,-,5.054405054405058,1.8044619422572201,-7.160759040458289,https://nsearchives.nseindia.com/today/LTGILTBEESEQN.svg,https://nsearchives.nseindia.com/30d/LTGILTBEES-EQ.svg,https://nsearchives.nseindia.com/365d/LTGILTBEES-EQ.svg,EQ
LOWVOLIETF,Nifty 100 Low Volatility 30 Index,22.58,22.58,22.23,22.34,0.01,0.04,953091,21253929.3,22.3043,26.81,19.84,01-MAR-24,FACE VALUE SPLIT (SUB-DIVISION) - FROM RS 10/- PER SHARE TO RE 1/- PER SHARE,-0.17873100983020174,0.2243158366980741,22.33,0,-0.22,0.18,26-Aug-2025,27-Jul-2026,FACE VALUE SPLIT (SUB-DIVISION) - FROM RS 10/- PER SHARE TO RE 1/- PER SHARE,0.2243158366980741,01-MAR-24,-0.17873100983020174,16.672883252517714,-12.600806451612904,https://nsearchives.nseindia.com/today/LOWVOLIETFEQN.svg,https://nsearchives.nseindia.com/30d/LOWVOLIETF-EQ.svg,https://nsearchives.nseindia.com/365d/LOWVOLIETF-EQ.svg,EQ
MOMENTUM50,Nifty 500 Momentum 50 Total Return Index,55.15,55.44,55.01,55.22,0.26,0.47,382540,21127684.2,54.9643,55.88,44.96,-,-,8.444619010212092,5.301296720061025,54.96,0,7.93,4.81,26-Aug-2025,27-Jul-2026,-,5.301296720061025,-,8.444619010212092,1.181102362204731,-22.820284697508892,https://nsearchives.nseindia.com/today/MOMENTUM50EQN.svg,https://nsearchives.nseindia.com/30d/MOMENTUM50-EQ.svg,https://nsearchives.nseindia.com/365d/MOMENTUM50-EQ.svg,EQ
DEFENCE,BSE India Defence,82.75,83.15,81.11,82.83,0.06,0.07,225466,18657311.5,82.5972,85.6,58.91,-,-,Infinity,5.408500890811911,82.77,0,0,5.33,,27-Jul-2026,-,5.408500890811911,-,Infinity,3.2359813084112106,-40.604311661857075,https://nsearchives.nseindia.com/today/DEFENCEEQN.svg,https://nsearchives.nseindia.com/30d/DEFENCE-EQ.svg,,EQ
NEXT50BETA,Nifty Next 50,80.98,80.98,80.01,80.15,-0.38,-0.47,224988,18041787.72,80.5192,82.51,64.34,25-MAR-21, FACE VALUE SPLIT (SUB-DIVISION) - FROM RS 10/- PER UNIT TO Re 1/- PER UNIT,Infinity,2.5460593654043104,80.53,0,0,3.03,,27-Jul-2026, FACE VALUE SPLIT (SUB-DIVISION) - FROM RS 10/- PER UNIT TO Re 1/- PER UNIT,2.5460593654043104,25-MAR-21,Infinity,2.8602593625015142,-24.572583152004977,https://nsearchives.nseindia.com/today/NEXT50BETAEQN.svg,https://nsearchives.nseindia.com/30d/NEXT50BETA-EQ.svg,,EQ
BBETF0432,Nifty BHARAT Bond Index - April 2032,1354.23,1356.89,1341.2,1343.45,-5.82,-0.43,13265,17822854,1347.4881,1378,1262.29,-,-,4.893930994636044,-0.48518518518518183,1349.27,0,5.35,-0.05,26-Aug-2025,27-Jul-2026,-,-0.48518518518518183,-,4.893930994636044,2.5072568940493434,-6.429584326897946,https://nsearchives.nseindia.com/today/BBETF0432EQN.svg,https://nsearchives.nseindia.com/30d/BBETF0432-EQ.svg,https://nsearchives.nseindia.com/365d/BBETF0432-EQ.svg,EQ
MOREALTY,Motilal Oswal Nifty Realty ETF,92.32,92.32,91,91.01,-0.37,-0.40,194287,17771431.89,91.3321,99.49,64,-,-,1.3587259160262821,0.6970568709891676,91.38,0,1.77,1.11,26-Aug-2025,27-Jul-2026,-,0.6970568709891676,-,1.3587259160262821,8.523469695446769,-42.20312500000001,https://nsearchives.nseindia.com/today/MOREALTYEQN.svg,https://nsearchives.nseindia.com/30d/MOREALTY-EQ.svg,https://nsearchives.nseindia.com/365d/MOREALTY-EQ.svg,EQ
HDFCNEXT50,HDFC NIFTY NEXT 50 ETF,76.23,76.41,75.51,75.85,-0.33,-0.43,229491,17464265.1,76.2139,78.07,59.99,20-OCT-23,FACE VALUE SPLIT (SUB-DIVISION) - FROM RS 418.18/- PER SHARE TO RS 41.81/- PER SHARE,11.527716512277589,2.4999999999999925,76.18,0,12.01,2.95,26-Aug-2025,27-Jul-2026,FACE VALUE SPLIT (SUB-DIVISION) - FROM RS 418.18/- PER SHARE TO RS 41.81/- PER SHARE,2.4999999999999925,20-OCT-23,11.527716512277589,2.843601895734596,-26.437739623270534,https://nsearchives.nseindia.com/today/HDFCNEXT50EQN.svg,https://nsearchives.nseindia.com/30d/HDFCNEXT50-EQ.svg,https://nsearchives.nseindia.com/365d/HDFCNEXT50-EQ.svg,EQ
LICMFGOLD,Gold,142.3,143.7,140,141.35,-2.4,-1.67,119877,16992564.75,,162,91.26,06-MAR-26,FACE VALUE SPLIT (SUB-DIVISION) - FROM RS 100/- PER SHARE TO RE 1/- PER SHARE,-98.45508995125363,9.531189461449037,143.75,0,-98.43,11.39,26-Aug-2025,27-Jul-2026,FACE VALUE SPLIT (SUB-DIVISION) - FROM RS 100/- PER SHARE TO RE 1/- PER SHARE,9.531189461449037,06-MAR-26,-98.45508995125363,12.746913580246916,-54.88713565636641,https://nsearchives.nseindia.com/today/LICMFGOLDEQN.svg,https://nsearchives.nseindia.com/30d/LICMFGOLD-EQ.svg,https://nsearchives.nseindia.com/365d/LICMFGOLD-EQ.svg,EQ
NIFTYBETA,Nifty 50,269.92,270.94,267.69,268.25,-1.67,-0.62,62830,16871739.9,268.625,297.48,244.9,25-SEP-23,FACE VALUE SPLIT (SUB-DIVISION) - FROM RS 10/- PER SHARE TO RE 1/- PER SHARE,Infinity,0.7095660009010311,269.92,0,0,1.34,,27-Jul-2026,FACE VALUE SPLIT (SUB-DIVISION) - FROM RS 10/- PER SHARE TO RE 1/- PER SHARE,0.7095660009010311,25-SEP-23,Infinity,9.825870646766175,-9.534503879134338,https://nsearchives.nseindia.com/today/NIFTYBETAEQN.svg,https://nsearchives.nseindia.com/30d/NIFTYBETA-EQ.svg,,EQ
HDFCLIQUID,HDFC Nifty 1D Rate Liquid ETF,1075.47,1075.47,1075.42,1075.44,0.16,0.01,15685,16868119.55,,1079.4,1009.91,28-FEB-25,CHANGE IN FUNDAMENTAL ATTRIBUTE OF HDFC NIFTY 1D RATE LIQUID ETF,4.910740415569228,0.4098781569487979,1075.28,0,4.9,0.39,26-Aug-2025,27-Jul-2026,CHANGE IN FUNDAMENTAL ATTRIBUTE OF HDFC NIFTY 1D RATE LIQUID ETF,0.4098781569487979,28-FEB-25,4.910740415569228,0.36687048360200447,-6.488697012605093,https://nsearchives.nseindia.com/today/HDFCLIQUIDEQN.svg,https://nsearchives.nseindia.com/30d/HDFCLIQUID-EQ.svg,https://nsearchives.nseindia.com/365d/HDFCLIQUID-EQ.svg,EQ
INFRAIETF,ICICI Prudential Nifty Infrastructure ETF,97.06,97.06,95.07,95.5,-0.57,-0.59,170745,16304440.05,95.6657,101,86.8,-,-,3.556712209932771,-0.1359406044128364,96.07,0,4.17,0.46,26-Aug-2025,27-Jul-2026,-,-0.1359406044128364,-,3.556712209932771,5.445544554455446,-10.02304147465438,https://nsearchives.nseindia.com/today/INFRAIETFEQN.svg,https://nsearchives.nseindia.com/30d/INFRAIETF-EQ.svg,https://nsearchives.nseindia.com/365d/INFRAIETF-EQ.svg,EQ
GILT5YBEES,Nifty 5 yr Benchmark G-Sec Index,66.56,66.56,66.16,66.16,-0.19,-0.29,243005,16086931,66.3154,67.84,61.45,-,-,6.110665597433834,0.1968802059669778,66.35,0,6.42,0.48,26-Aug-2025,27-Jul-2026,-,0.1968802059669778,-,6.110665597433834,2.4764150943396324,-7.664768104149704,https://nsearchives.nseindia.com/today/GILT5YBEESEQN.svg,https://nsearchives.nseindia.com/30d/GILT5YBEES-EQ.svg,https://nsearchives.nseindia.com/365d/GILT5YBEES-EQ.svg,EQ
MOM30IETF,ICICI Prudential Nifty 200 Momentum 30 ETF,31.9,32.3,31.35,31.85,-0.14,-0.44,484119,15477284.43,31.9591,32.9,26,12-AUG-22,ADDITONAL ISSUANCE 9:1,3.745928338762222,3.107801877630304,31.99,0,4.2,3.56,26-Aug-2025,27-Jul-2026,ADDITONAL ISSUANCE 9:1,3.107801877630304,12-AUG-22,3.745928338762222,3.191489361702119,-22.500000000000004,https://nsearchives.nseindia.com/today/MOM30IETFEQN.svg,https://nsearchives.nseindia.com/30d/MOM30IETF-EQ.svg,https://nsearchives.nseindia.com/365d/MOM30IETF-EQ.svg,EQ
MOMMIDCAP,BSE Midcap 150 Momentum 30 TRI,13.34,13.39,13.28,13.32,0.01,0.08,1085442,14436378.6,13.2884,14.99,12.21,-,-,Infinity,6.474820143884897,13.31,0,0,6.39,,27-Jul-2026,-,6.474820143884897,-,Infinity,11.14076050700467,-9.090909090909086,https://nsearchives.nseindia.com/today/MOMMIDCAPEQN.svg,https://nsearchives.nseindia.com/30d/MOMMIDCAP-EQ.svg,,EQ
BANKIETF,Nifty Bank,59.01,59.6,59.01,59.1,-0.32,-0.54,228504,13557142.32,59.4242,63.9,51.17,-,-,5.857066093498125,0.7157464212678966,59.42,0,6.43,1.26,26-Aug-2025,27-Jul-2026,-,0.7157464212678966,-,5.857066093498125,7.5117370892018736,-15.49736173539183,https://nsearchives.nseindia.com/today/BANKIETFEQN.svg,https://nsearchives.nseindia.com/30d/BANKIETF-EQ.svg,https://nsearchives.nseindia.com/365d/BANKIETF-EQ.svg,EQ
NIFTYETF,Nifty 50,264.05,265.9,261.91,262.64,-1.41,-0.53,49802,13110874.52,263.5483,289.05,239.81,-,-,-1.2965537975872783,0.5282094465283609,264.05,0,-0.77,1.07,26-Aug-2025,27-Jul-2026,-,0.5282094465283609,-,-1.2965537975872783,9.13682753848816,-9.520036695717435,https://nsearchives.nseindia.com/today/NIFTYETFEQN.svg,https://nsearchives.nseindia.com/30d/NIFTYETF-EQ.svg,https://nsearchives.nseindia.com/365d/NIFTYETF-EQ.svg,EQ
GROWWDEFNC,Nifty India Defence Index- Total Return Index,97.4,98.32,97.4,97.9,0.5,0.51,133545,13078061.85,97.3256,102.07,71.78,-,-,29.703232644409113,3.8176033934252476,97.4,0,29.04,3.29,26-Aug-2025,27-Jul-2026,-,3.8176033934252476,-,29.703232644409113,4.085431566571948,-36.38896628587351,https://nsearchives.nseindia.com/today/GROWWDEFNCEQN.svg,https://nsearchives.nseindia.com/30d/GROWWDEFNC-EQ.svg,https://nsearchives.nseindia.com/365d/GROWWDEFNC-EQ.svg,EQ
MOSILVER,Domestic Price of Physical Silver,237.59,237.59,231.59,233.46,-4.12,-1.73,54592,12777257.6,237.6332,385,114.9,-,-,102.65625,6.267922982384273,237.58,0,106.23,8.14,26-Aug-2025,27-Jul-2026,-,6.267922982384273,-,102.65625,39.36103896103896,-103.18537859007833,https://nsearchives.nseindia.com/today/MOSILVEREQN.svg,https://nsearchives.nseindia.com/30d/MOSILVER-EQ.svg,https://nsearchives.nseindia.com/365d/MOSILVER-EQ.svg,EQ
MIDCAPIETF,Nifty Midcap 150,24.37,24.47,24.21,24.36,0,0.00,515402,12544884.68,24.3672,24.88,19.89,10-MAY-24,FACE VALUE SPLIT (SUB-DIVISION) - FROM RS 10/- PER SHARE TO RE 1/- PER SHARE,11.794401101422672,2.4390243902438953,24.36,0,11.79,2.44,26-Aug-2025,27-Jul-2026,FACE VALUE SPLIT (SUB-DIVISION) - FROM RS 10/- PER SHARE TO RE 1/- PER SHARE,2.4390243902438953,10-MAY-24,11.794401101422672,2.0900321543408342,-22.473604826545998,https://nsearchives.nseindia.com/today/MIDCAPIETFEQN.svg,https://nsearchives.nseindia.com/30d/MIDCAPIETF-EQ.svg,https://nsearchives.nseindia.com/365d/MIDCAPIETF-EQ.svg,EQ
GOLDBND,Commodity - Gold,160.79,160.79,154.4,155.9,-3.3,-2.07,79573,12500122.57,159.2076,180.16,115.17,-,-,Infinity,8.982873121286259,159.2,0,0,11.29,,27-Jul-2026,-,8.982873121286259,-,Infinity,13.465808170515093,-35.365112442476345,https://nsearchives.nseindia.com/today/GOLDBNDEQN.svg,https://nsearchives.nseindia.com/30d/GOLDBND-EQ.svg,,EQ
MID150CASE,Zerodha Nifty Midcap 150 ETF,12.17,12.17,11.72,11.86,-0.02,-0.17,1043872,12380321.92,11.8494,13,9.63,-,-,12.523719165085392,2.8620988725065057,11.88,0,12.71,3.04,26-Aug-2025,27-Jul-2026,-,2.8620988725065057,-,12.523719165085392,8.769230769230774,-23.156801661474542,https://nsearchives.nseindia.com/today/MID150CASEEQN.svg,https://nsearchives.nseindia.com/30d/MID150CASE-EQ.svg,https://nsearchives.nseindia.com/365d/MID150CASE-EQ.svg,EQ
NEXT50,Nifty Next 50,779.49,779.49,767.07,769.34,-0.91,-0.12,16086,12360643.26,769.8139,785.96,617,-,-,12.40594363192731,2.9492840893884757,770.25,0,12.54,3.07,26-Aug-2025,27-Jul-2026,-,2.9492840893884757,-,12.40594363192731,2.114611430607156,-24.6904376012966,https://nsearchives.nseindia.com/today/NEXT50EQN.svg,https://nsearchives.nseindia.com/30d/NEXT50-EQ.svg,https://nsearchives.nseindia.com/365d/NEXT50-EQ.svg,EQ
OILIETF,Nifty Oil & Gas Index,11.32,11.37,11.25,11.29,-0.03,-0.27,1001196,11293490.88,11.3229,14,9.8,-,-,1.6201620162016177,0.17746228926352772,11.32,0,1.89,0.44,26-Aug-2025,27-Jul-2026,-,0.17746228926352772,-,1.6201620162016177,19.357142857142865,-15.204081632653043,https://nsearchives.nseindia.com/today/OILIETFEQN.svg,https://nsearchives.nseindia.com/30d/OILIETF-EQ.svg,https://nsearchives.nseindia.com/365d/OILIETF-EQ.svg,EQ
LOWVOL1,Kotak Nifty 100 Low Vol 30 ETF,21.38,21.38,21.2,21.35,0.13,0.61,527479,11224753.12,21.2587,22.9,18.77,-,-,0.7075471698113308,0.47058823529412436,21.22,0,0.09,-0.14,26-Aug-2025,27-Jul-2026,-,0.47058823529412436,-,0.7075471698113308,6.768558951965053,-13.745338305807149,https://nsearchives.nseindia.com/today/LOWVOL1EQN.svg,https://nsearchives.nseindia.com/30d/LOWVOL1-EQ.svg,https://nsearchives.nseindia.com/365d/LOWVOL1-EQ.svg,EQ
INFRABEES,Nifty Infra,966.49,966.49,958,959,-6.09,-0.63,11612,11149842.4,961.0371,1018.3,871.35,-,-,3.192622642118511,-0.4505159133846858,965.09,0,3.85,0.18,26-Aug-2025,27-Jul-2026,-,-0.4505159133846858,-,3.192622642118511,5.823431208877537,-10.059103689676936,https://nsearchives.nseindia.com/today/INFRABEESEQN.svg,https://nsearchives.nseindia.com/30d/INFRABEES-EQ.svg,https://nsearchives.nseindia.com/365d/INFRABEES-EQ.svg,EQ
TOP10ADD,Nifty Top 10 Equal Weight Index,88.3,88.3,87.66,87.66,-0.38,-0.43,125196,11005980.36,87.9662,103.04,83.05,-,-,-7.385103011093512,1.0024196335983295,88.04,0,-6.98,1.44,26-Aug-2025,27-Jul-2026,-,1.0024196335983295,-,-7.385103011093512,14.926242236024853,-5.550872968091511,https://nsearchives.nseindia.com/today/TOP10ADDEQN.svg,https://nsearchives.nseindia.com/30d/TOP10ADD-EQ.svg,https://nsearchives.nseindia.com/365d/TOP10ADD-EQ.svg,EQ
MAFANG,NYSE FANG+ Total Return Index,206.55,206.55,206.55,206.55,1.26,0.61,52377,10818469.35,172.6134,211.42,149.74,-,-,31.51025085954413,7.276410096603313,205.29,0,30.71,6.62,26-Aug-2025,27-Jul-2026,-,7.276410096603313,-,31.51025085954413,2.3034717623687335,-37.93909443034593,https://nsearchives.nseindia.com/today/MAFANGEQN.svg,https://nsearchives.nseindia.com/30d/MAFANG-EQ.svg,https://nsearchives.nseindia.com/365d/MAFANG-EQ.svg,EQ
AUTOIETF,Nifty Auto Index,30.3,31,29.61,29.98,-0.23,-0.76,356150,10677377,30.0705,31.46,24.2,01-MAR-24,FACE VALUE SPLIT (SUB-DIVISION) - FROM RS 10/- PER SHARE TO RE 1/- PER SHARE,15.263360246059202,4.8251748251748205,30.21,0,16.15,5.63,26-Aug-2025,27-Jul-2026,FACE VALUE SPLIT (SUB-DIVISION) - FROM RS 10/- PER SHARE TO RE 1/- PER SHARE,4.8251748251748205,01-MAR-24,15.263360246059202,4.704386522568343,-23.884297520661164,https://nsearchives.nseindia.com/today/AUTOIETFEQN.svg,https://nsearchives.nseindia.com/30d/AUTOIETF-EQ.svg,https://nsearchives.nseindia.com/365d/AUTOIETF-EQ.svg,EQ
ENERGY,Nifty Energy,38.96,38.96,38.08,38.3,-0.1,-0.26,275931,10562638.68,38.3302,42.82,29,-,-,Infinity,-1.8452075858534236,38.4,0,0,-1.59,,27-Jul-2026,-,-1.8452075858534236,-,Infinity,10.555815039701082,-32.068965517241374,https://nsearchives.nseindia.com/today/ENERGYEQN.svg,https://nsearchives.nseindia.com/30d/ENERGY-EQ.svg,,EQ
BANKETF,Mirae Asset Nifty Bank ETF,590.64,590.64,586.7,586.7,-2.91,-0.49,17290,10177931.4,589.6257,628.27,507.01,-,-,6.00202356002024,0.899444511324749,589.61,0,6.53,1.4,26-Aug-2025,27-Jul-2026,-,0.899444511324749,-,6.00202356002024,6.61658204275231,-15.717638705350991,https://nsearchives.nseindia.com/today/BANKETFEQN.svg,https://nsearchives.nseindia.com/30d/BANKETF-EQ.svg,https://nsearchives.nseindia.com/365d/BANKETF-EQ.svg,EQ
GROWWRAIL,Nifty India Railways PSU Index,28.79,28.93,28.41,28.53,-0.21,-0.73,338475,9666846,28.7081,36.75,27.8,-,-,-15.79102715466352,-0.9718847622353266,28.74,0,-15.17,-0.24,26-Aug-2025,27-Jul-2026,-,-0.9718847622353266,-,-15.79102715466352,22.36734693877551,-2.625899280575541,https://nsearchives.nseindia.com/today/GROWWRAILEQN.svg,https://nsearchives.nseindia.com/30d/GROWWRAIL-EQ.svg,https://nsearchives.nseindia.com/365d/GROWWRAIL-EQ.svg,EQ
HEALTHIETF,Nifty Healthcare Index,169.46,171.9,169.46,171.21,0.04,0.02,55939,9576197.41,170.2968,174.82,138.65,-,-,15.145604949895763,1.3916854198744488,171.17,0,15.12,1.37,26-Aug-2025,27-Jul-2026,-,1.3916854198744488,-,15.145604949895763,2.0649811234412456,-23.483591777857914,https://nsearchives.nseindia.com/today/HEALTHIETFEQN.svg,https://nsearchives.nseindia.com/30d/HEALTHIETF-EQ.svg,https://nsearchives.nseindia.com/365d/HEALTHIETF-EQ.svg,EQ
MOM100,Nifty Midcap 100,69.6,69.8,69.11,69.2,-0.2,-0.29,137634,9536659.86,69.2099,70.32,56.15,-,-,13.331149688830658,2.8690352311580303,69.4,0,13.66,3.17,26-Aug-2025,27-Jul-2026,-,2.8690352311580303,-,13.331149688830658,1.59271899886233,-23.241317898486205,https://nsearchives.nseindia.com/today/MOM100EQN.svg,https://nsearchives.nseindia.com/30d/MOM100-EQ.svg,https://nsearchives.nseindia.com/365d/MOM100-EQ.svg,EQ
HDFCBSE500,HDFC S&P BSE 500 ETF,38.12,38.12,37.84,37.84,-0.28,-0.73,248837,9435899.04,37.9095,40,32.65,-,-,3.1624863685932487,1.474926253687327,38.12,0,3.93,2.23,26-Aug-2025,27-Jul-2026,-,1.474926253687327,-,3.1624863685932487,5.3999999999999915,-15.895865237366017,https://nsearchives.nseindia.com/today/HDFCBSE500EQN.svg,https://nsearchives.nseindia.com/30d/HDFCBSE500-EQ.svg,https://nsearchives.nseindia.com/365d/HDFCBSE500-EQ.svg,EQ
MOSMALL250,Motilal Oswal Nifty Smallcap 250 ETF,18.64,18.64,18.5,18.54,-0.03,-0.16,503520,9340296,18.5543,19.38,14.22,-,-,10.160427807486638,3.4021193530395952,18.57,0,10.34,3.57,26-Aug-2025,27-Jul-2026,-,3.4021193530395952,-,10.160427807486638,4.334365325077399,-30.379746835443026,https://nsearchives.nseindia.com/today/MOSMALL250EQN.svg,https://nsearchives.nseindia.com/30d/MOSMALL250-EQ.svg,https://nsearchives.nseindia.com/365d/MOSMALL250-EQ.svg,EQ
SETFNIFBK,Nifty Bank,594.83,595.28,590.55,590.55,-4.05,-0.68,14216,8429519.36,594.4182,646.11,465.64,02-NOV-17, DIVIDEND - RS 3.50 PER UNIT,5.6742538114665955,0.5705040871934449,594.6,0,6.4,1.26,26-Aug-2025,27-Jul-2026, DIVIDEND - RS 3.50 PER UNIT,0.5705040871934449,02-NOV-17,5.6742538114665955,8.599154942656831,-26.825444549437325,https://nsearchives.nseindia.com/today/SETFNIFBKEQN.svg,https://nsearchives.nseindia.com/30d/SETFNIFBK-EQ.svg,https://nsearchives.nseindia.com/365d/SETFNIFBK-EQ.svg,EQ
NIFTYCASE,Nifty Index 50 Index,10.01,10.01,9.69,9.71,-0.06,-0.61,861269,8371534.68,9.7255,11.4,8.84,-,-,Infinity,0.7261410788381771,9.77,0,0,1.35,,27-Jul-2026,-,0.7261410788381771,-,Infinity,14.824561403508767,-9.84162895927603,https://nsearchives.nseindia.com/today/NIFTYCASEEQN.svg,https://nsearchives.nseindia.com/30d/NIFTYCASE-EQ.svg,,EQ
MIDCAP,Nifty Midcap 50 Index,18.89,18.94,18.74,18.85,-0.04,-0.21,439840,8273390.4,18.7851,19.27,15.01,27-FEB-26,FACE VALUE SPLIT (SUB-DIVISION) - FROM RS 10/- PER SHARE TO RE 1/- PER SHARE,-88.5193982581156,2.7247956403269753,18.89,0,-88.5,2.94,26-Aug-2025,27-Jul-2026,FACE VALUE SPLIT (SUB-DIVISION) - FROM RS 10/- PER SHARE TO RE 1/- PER SHARE,2.7247956403269753,27-FEB-26,-88.5193982581156,2.179553710430712,-25.58294470353099,https://nsearchives.nseindia.com/today/MIDCAPEQN.svg,https://nsearchives.nseindia.com/30d/MIDCAP-EQ.svg,https://nsearchives.nseindia.com/365d/MIDCAP-EQ.svg,EQ
HDFCPVTBAN,HDFC NIFTY Private Bank ETF,28.88,28.88,28.22,28.22,0.04,0.14,287421,8159882.19,28.3081,30.17,24.31,02-FEB-24,FACE VALUE SPLIT (SUB-DIVISION) - FROM RS 216.75/- PER SHARE TO RS 21.675/- PER SHARE,5.180767797241896,1.0744985673352334,28.18,0,5.03,0.93,26-Aug-2025,27-Jul-2026,FACE VALUE SPLIT (SUB-DIVISION) - FROM RS 216.75/- PER SHARE TO RS 21.675/- PER SHARE,1.0744985673352334,02-FEB-24,5.180767797241896,6.463374212794175,-16.083916083916083,https://nsearchives.nseindia.com/today/HDFCPVTBANEQN.svg,https://nsearchives.nseindia.com/30d/HDFCPVTBAN-EQ.svg,https://nsearchives.nseindia.com/365d/HDFCPVTBAN-EQ.svg,EQ
HDFCMID150,HDFC NIFTY Midcap 150 ETF,23.51,24.01,23.51,23.82,-0.06,-0.25,338408,8071030.8,23.8413,25.2,19.42,20-OCT-23,FACE VALUE SPLIT (SUB-DIVISION) - FROM RS 115.95/- PER SHARE TO RS 11.59/- PER SHARE,11.464670098268599,2.495697074010335,23.88,0,11.75,2.75,26-Aug-2025,27-Jul-2026,FACE VALUE SPLIT (SUB-DIVISION) - FROM RS 115.95/- PER SHARE TO RS 11.59/- PER SHARE,2.495697074010335,20-OCT-23,11.464670098268599,5.476190476190472,-22.657054582904216,https://nsearchives.nseindia.com/today/HDFCMID150EQN.svg,https://nsearchives.nseindia.com/30d/HDFCMID150-EQ.svg,https://nsearchives.nseindia.com/365d/HDFCMID150-EQ.svg,EQ
TWCGOLDETF,Commodity,158.14,158.14,154.92,156.47,-2.67,-1.68,50590,7942630,158.5492,187.98,123.31,-,-,Infinity,9.28965565411749,159.14,0,0,11.15,,27-Jul-2026,-,9.28965565411749,-,Infinity,16.762421534205764,-26.891574081583,https://nsearchives.nseindia.com/today/TWCGOLDETFEQN.svg,https://nsearchives.nseindia.com/30d/TWCGOLDETF-EQ.svg,,EQ
MASPTOP50,S&P 500 Top 50 Total Return Index,79.96,79.96,79.96,79.96,0.38,0.48,97888,7827124.48,66.4893,82.78,62.69,-,-,24.41263419947098,2.3946728134204,79.58,0,23.82,1.91,26-Aug-2025,27-Jul-2026,-,2.3946728134204,-,24.41263419947098,3.4066199565112436,-27.54825330993778,https://nsearchives.nseindia.com/today/MASPTOP50EQN.svg,https://nsearchives.nseindia.com/30d/MASPTOP50-EQ.svg,https://nsearchives.nseindia.com/365d/MASPTOP50-EQ.svg,EQ
GROWWCAPM,Nifty Capital Markets Index,11.69,11.69,11.46,11.55,-0.1,-0.86,675883,7779413.33,11.6694,12.66,8.02,-,-,Infinity,3.125000000000013,11.65,0,0,4.02,,27-Jul-2026,-,3.125000000000013,-,Infinity,8.767772511848337,-44.01496259351622,https://nsearchives.nseindia.com/today/GROWWCAPMEQN.svg,https://nsearchives.nseindia.com/30d/GROWWCAPM-EQ.svg,,EQ
GROWWEV,Nifty EV and New Age Automotive Index,33.6,33.6,33.17,33.38,0.17,0.51,230828,7677339.28,33.3643,34.64,26.2,-,-,11.155511155511158,4.508453350031312,33.21,0,10.59,3.98,26-Aug-2025,27-Jul-2026,-,4.508453350031312,-,11.155511155511158,3.6374133949191627,-27.40458015267177,https://nsearchives.nseindia.com/today/GROWWEVEQN.svg,https://nsearchives.nseindia.com/30d/GROWWEV-EQ.svg,https://nsearchives.nseindia.com/365d/GROWWEV-EQ.svg,EQ
INSUREIETF,BSE Insurance Index,15.68,15.68,15.45,15.53,-0.01,-0.06,489470,7591679.7,15.5121,16.46,15.32,-,-,Infinity,Infinity,15.54,0,0,0,,,-,Infinity,-,Infinity,5.650060753341442,-1.3707571801566518,https://nsearchives.nseindia.com/today/INSUREIETFEQN.svg,,,EQ
AONELIQUID,Nifty 1D Rate Index,1074.34,1074.34,1074.32,1074.32,0.13,0.01,6798,7303227.36,1074.1917,1094.59,997.56,-,-,5.036125966699582,0.41030721635993683,1074.19,0,5.02,0.4,26-Aug-2025,27-Jul-2026,-,0.41030721635993683,-,5.036125966699582,1.851834933628115,-7.694775251613938,https://nsearchives.nseindia.com/today/AONELIQUIDEQN.svg,https://nsearchives.nseindia.com/30d/AONELIQUID-EQ.svg,https://nsearchives.nseindia.com/365d/AONELIQUID-EQ.svg,EQ
TNIDETF,Nifty India Digital Index,90.7,91.8,90.5,90.5,-0.16,-0.18,79177,7203523.46,91.6849,103.26,74.5,-,-,-3.446068494612188,5.749006777284414,90.66,0,-3.28,5.94,26-Aug-2025,27-Jul-2026,-,5.749006777284414,-,-3.446068494612188,12.35715669184583,-21.476510067114095,https://nsearchives.nseindia.com/today/TNIDETFEQN.svg,https://nsearchives.nseindia.com/30d/TNIDETF-EQ.svg,https://nsearchives.nseindia.com/365d/TNIDETF-EQ.svg,EQ
ITIETF,Nifty IT Index,33.8,34.07,33.59,33.66,-0.15,-0.44,210787,7103521.9,33.7276,44.3,28.54,01-SEP-22,FACE VALUE SPLIT (SUB-DIVISION) - FROM RS 10/- PER UNIT TO RE 1/- PER UNIT,-14.132653061224506,2.8414298808432625,33.81,0,-13.75,3.3,26-Aug-2025,27-Jul-2026,FACE VALUE SPLIT (SUB-DIVISION) - FROM RS 10/- PER UNIT TO RE 1/- PER UNIT,2.8414298808432625,01-SEP-22,-14.132653061224506,24.018058690744923,-17.939733707077778,https://nsearchives.nseindia.com/today/ITIETFEQN.svg,https://nsearchives.nseindia.com/30d/ITIETF-EQ.svg,https://nsearchives.nseindia.com/365d/ITIETF-EQ.svg,EQ
FINIETF,ICICI Prudential Nifty Financial Services Ex-Bank ETF,34.55,34.55,33.39,33.58,-0.13,-0.39,211327,7077341.23,33.6761,34.56,27.4,-,-,14.295439074200134,3.0693677102516883,33.71,0,14.74,3.47,26-Aug-2025,27-Jul-2026,-,3.0693677102516883,-,14.295439074200134,2.8356481481481595,-22.554744525547445,https://nsearchives.nseindia.com/today/FINIETFEQN.svg,https://nsearchives.nseindia.com/30d/FINIETF-EQ.svg,https://nsearchives.nseindia.com/365d/FINIETF-EQ.svg,EQ
TOP100CASE,Zerodha Nifty 100 ETF,10.92,10.92,10.6,10.66,-0.05,-0.47,651028,6939958.48,10.6751,11.57,9.48,-,-,1.0426540284360135,1.3307984790874579,10.71,0,1.52,1.81,26-Aug-2025,27-Jul-2026,-,1.3307984790874579,-,1.0426540284360135,7.865168539325844,-12.44725738396624,https://nsearchives.nseindia.com/today/TOP100CASEEQN.svg,https://nsearchives.nseindia.com/30d/TOP100CASE-EQ.svg,https://nsearchives.nseindia.com/365d/TOP100CASE-EQ.svg,EQ
AONESILVER,Domestic price of Silver,9.24,9.24,8.97,9.05,-0.13,-1.42,759233,6871058.65,9.1836,12,7.43,-,-,Infinity,6.220657276995319,9.18,0,0,7.75,,27-Jul-2026,-,6.220657276995319,-,Infinity,24.58333333333333,-21.803499327052506,https://nsearchives.nseindia.com/today/AONESILVEREQN.svg,https://nsearchives.nseindia.com/30d/AONESILVER-EQ.svg,,EQ
MAHKTECH,Hang Seng TECH Total Return Index,22.57,22.57,22.57,22.57,-0.11,-0.49,301227,6798693.39,18.9601,35.59,21,-,-,-10.436507936507931,-3.174603174603168,22.68,0,-10,-2.7,26-Aug-2025,27-Jul-2026,-,-3.174603174603168,-,-10.436507936507931,36.58330991851644,-7.476190476190477,https://nsearchives.nseindia.com/today/MAHKTECHEQN.svg,https://nsearchives.nseindia.com/30d/MAHKTECH-EQ.svg,https://nsearchives.nseindia.com/365d/MAHKTECH-EQ.svg,EQ
MOVALUE,Motilal Oswal S&P BSE Enhanced Value ETF,114.23,114.3,113.14,113.71,-0.52,-0.46,59255,6736700.95,114.2313,128.77,98.1,-,-,13.675897230830744,0.1497269684692509,114.23,0,14.2,0.61,26-Aug-2025,27-Jul-2026,-,0.1497269684692509,-,13.675897230830744,11.695270637570875,-15.912334352701325,https://nsearchives.nseindia.com/today/MOVALUEEQN.svg,https://nsearchives.nseindia.com/30d/MOVALUE-EQ.svg,https://nsearchives.nseindia.com/365d/MOVALUE-EQ.svg,EQ
NIF100BEES,Nifty 100 TRI,269.68,271.92,268.38,269.78,-1.01,-0.37,24777,6668481.78,269.5959,290,240,-,-,0.7092728087203141,1.2345679012345543,270.79,0,1.09,1.61,26-Aug-2025,27-Jul-2026,-,1.2345679012345543,-,0.7092728087203141,6.972413793103458,-12.408333333333323,https://nsearchives.nseindia.com/today/NIF100BEESEQN.svg,https://nsearchives.nseindia.com/30d/NIF100BEES-EQ.svg,https://nsearchives.nseindia.com/365d/NIF100BEES-EQ.svg,EQ
CONSUMBEES,Nifty India Consumption TRI,134.28,134.28,133.01,133.82,0.05,0.04,48955,6520806,133.5253,144.38,114,-,-,-1.1377068557919772,1.1794949342204766,133.77,0,-1.17,1.14,26-Aug-2025,27-Jul-2026,-,1.1794949342204766,-,-1.1377068557919772,7.314032414461838,-17.385964912280695,https://nsearchives.nseindia.com/today/CONSUMBEESEQN.svg,https://nsearchives.nseindia.com/30d/CONSUMBEES-EQ.svg,https://nsearchives.nseindia.com/365d/CONSUMBEES-EQ.svg,EQ
EBBETF0431,Nifty BHARAT Bond,1432.01,1434.98,1430,1432.01,-1.07,-0.07,4299,6158059.56,1435.982,1469,1363,-,-,4.883800985842256,-0.6728121466869236,1433.08,0,4.96,-0.6,26-Aug-2025,27-Jul-2026,-,-0.6728121466869236,-,4.883800985842256,2.518039482641253,-5.063096111518708,https://nsearchives.nseindia.com/today/EBBETF0431EQN.svg,https://nsearchives.nseindia.com/30d/EBBETF0431-EQ.svg,https://nsearchives.nseindia.com/365d/EBBETF0431-EQ.svg,EQ
MOHEALTH,Motilal Oswal S&P BSE Healthcare ETF,51.8,52.85,51.33,52.04,-0.1,-0.19,118365,6133674.3,51.8847,53,40.79,-,-,16.446632356231824,0.9701202949165697,52.14,0,16.67,1.16,26-Aug-2025,27-Jul-2026,-,0.9701202949165697,-,16.446632356231824,1.8113207547169827,-27.580289286589853,https://nsearchives.nseindia.com/today/MOHEALTHEQN.svg,https://nsearchives.nseindia.com/30d/MOHEALTH-EQ.svg,https://nsearchives.nseindia.com/365d/MOHEALTH-EQ.svg,EQ
CHEMICAL,Nifty Chemicals Index (TRI),30.61,30.79,30.44,30.61,0.1,0.33,191803,5855745.59,30.51,31.8,24.5,-,-,Infinity,0.22920759659463094,30.51,0,0,-0.1,,27-Jul-2026,-,0.22920759659463094,-,Infinity,3.742138364779878,-24.93877551020408,https://nsearchives.nseindia.com/today/CHEMICALEQN.svg,https://nsearchives.nseindia.com/30d/CHEMICAL-EQ.svg,,EQ
BSE500IETF,S&P BSE 500 index,39.94,40.03,39.55,39.68,-0.26,-0.65,146764,5842674.84,39.9023,42.05,34.5,28-OCT-21, FACE VALUE SPLIT (SUB-DIVISION) - FROM RS 10/- PER SHARE TO RE 1/- PER SHARE,3.064935064935064,1.4833759590792794,39.94,0,3.74,2.15,26-Aug-2025,27-Jul-2026, FACE VALUE SPLIT (SUB-DIVISION) - FROM RS 10/- PER SHARE TO RE 1/- PER SHARE,1.4833759590792794,28-OCT-21,3.064935064935064,5.636147443519614,-15.014492753623188,https://nsearchives.nseindia.com/today/BSE500IETFEQN.svg,https://nsearchives.nseindia.com/30d/BSE500IETF-EQ.svg,https://nsearchives.nseindia.com/365d/BSE500IETF-EQ.svg,EQ
SILVER360,Commodity-Silver,236.46,236.46,230.69,233.26,-3.2,-1.35,24742,5764143.74,236.6066,358,113.65,-,-,104.52433143358176,6.623394432509019,236.46,0,107.33,8.09,26-Aug-2025,27-Jul-2026,-,6.623394432509019,-,104.52433143358176,34.84357541899441,-105.24417069951603,https://nsearchives.nseindia.com/today/SILVER360EQN.svg,https://nsearchives.nseindia.com/30d/SILVER360-EQ.svg,https://nsearchives.nseindia.com/365d/SILVER360-EQ.svg,EQ
MONIFTY500,Motilal Oswal Nifty 500 ETF,24.75,24.75,24.06,24.09,-0.06,-0.25,237064,5717983.68,24.113,28.28,20.75,-,-,3.5238504512247544,1.9898391193903422,24.15,0,3.78,2.24,26-Aug-2025,27-Jul-2026,-,1.9898391193903422,-,3.5238504512247544,14.81612446958982,-16.096385542168676,https://nsearchives.nseindia.com/today/MONIFTY500EQN.svg,https://nsearchives.nseindia.com/30d/MONIFTY500-EQ.svg,https://nsearchives.nseindia.com/365d/MONIFTY500-EQ.svg,EQ
ITETF,Mirae Asset Nifty IT ETF,32.99,32.99,32.01,32.1,-0.16,-0.50,176820,5677690.2,32.163,42.02,27.22,-,-,-14.331465172137705,3.0166880616174625,32.26,0,-13.9,3.53,26-Aug-2025,27-Jul-2026,-,3.0166880616174625,-,-14.331465172137705,23.60780580675869,-17.92799412196915,https://nsearchives.nseindia.com/today/ITETFEQN.svg,https://nsearchives.nseindia.com/30d/ITETF-EQ.svg,https://nsearchives.nseindia.com/365d/ITETF-EQ.svg,EQ
LIQUIDSBI,SBI NIFTY 1D Rate ETF,1000.01,1000.01,999.99,1000.01,0.01,0.00,5665,5665000,1000,1010.02,970.23,-,-,0.0009999999999990906,0.002000020000198183,1000,0,0,0,26-Aug-2025,27-Jul-2026,-,0.002000020000198183,-,0.0009999999999990906,0.9910694837725976,-3.0693753027632593,https://nsearchives.nseindia.com/today/LIQUIDSBIEQN.svg,https://nsearchives.nseindia.com/30d/LIQUIDSBI-EQ.svg,https://nsearchives.nseindia.com/365d/LIQUIDSBI-EQ.svg,EQ
SENSEXIETF,SENSEX,895,895.99,889,892.71,-1.67,-0.19,6297,5606345.04,891.621,999.84,731,-,-,-3.222973851957853,1.0493072534637307,894.38,0,-3.04,1.24,26-Aug-2025,27-Jul-2026,-,1.0493072534637307,-,-3.222973851957853,10.714714354296687,-22.1217510259918,https://nsearchives.nseindia.com/today/SENSEXIETFEQN.svg,https://nsearchives.nseindia.com/30d/SENSEXIETF-EQ.svg,https://nsearchives.nseindia.com/365d/SENSEXIETF-EQ.svg,EQ
LTGILTCASE,Nifty 8-13 Yr G-Sec Index,30.69,30.69,30.51,30.56,-0.08,-0.26,182606,5580439.36,30.561,31.31,28.71,-,-,5.053282915091093,0.09826400262036548,30.64,0,5.33,0.36,26-Aug-2025,27-Jul-2026,-,0.09826400262036548,-,5.053282915091093,2.395400830405621,-6.4437478230581595,https://nsearchives.nseindia.com/today/LTGILTCASEEQN.svg,https://nsearchives.nseindia.com/30d/LTGILTCASE-EQ.svg,https://nsearchives.nseindia.com/365d/LTGILTCASE-EQ.svg,EQ
PSUBNKIETF,ICICI Prudential Nifty PSU Bank ETF,86.94,88.19,86.93,87.34,-0.6,-0.68,63484,5545962.24,87.9758,104,67.86,-,-,25.813886488043796,2.801318267419974,87.94,0,26.68,3.51,26-Aug-2025,27-Jul-2026,-,2.801318267419974,-,25.813886488043796,16.019230769230766,-28.706159740642505,https://nsearchives.nseindia.com/today/PSUBNKIETFEQN.svg,https://nsearchives.nseindia.com/30d/PSUBNKIETF-EQ.svg,https://nsearchives.nseindia.com/365d/PSUBNKIETF-EQ.svg,EQ
GROWWNIFTY,Nifty 50 Index - TRI,9.8,9.93,9.76,9.79,-0.01,-0.10,557208,5455066.32,9.79,11.88,8.93,-,-,-1.3104838709677498,1.0319917440660438,9.8,0,-1.21,1.14,26-Aug-2025,27-Jul-2026,-,1.0319917440660438,-,-1.3104838709677498,17.592592592592606,-9.630459126539748,https://nsearchives.nseindia.com/today/GROWWNIFTYEQN.svg,https://nsearchives.nseindia.com/30d/GROWWNIFTY-EQ.svg,https://nsearchives.nseindia.com/365d/GROWWNIFTY-EQ.svg,EQ
GROWWPSE,Nifty PSE Index - TRI,96.03,98.41,96.03,97.98,-0.01,-0.01,54574,5342794.6,97.7786,109.85,93.2,-,-,Infinity,-1.9317385647082301,97.99,0,0,-1.92,,27-Jul-2026,-,-1.9317385647082301,-,Infinity,10.805644060081923,-5.128755364806868,https://nsearchives.nseindia.com/today/GROWWPSEEQN.svg,https://nsearchives.nseindia.com/30d/GROWWPSE-EQ.svg,,EQ
ALPL30IETF,Nifty Alpha Low-Volatility 30 Index,27.96,28.41,27.78,28.07,-0.05,-0.18,189711,5323290.66,28.1269,29.17,24.35,10-MAY-24,FACE VALUE SPLIT (SUB-DIVISION) - FROM RS 10/- PER SHARE TO RE 1/- PER SHARE,3.3124769966875176,0.3575259206292507,28.12,0,3.5,0.54,26-Aug-2025,27-Jul-2026,FACE VALUE SPLIT (SUB-DIVISION) - FROM RS 10/- PER SHARE TO RE 1/- PER SHARE,0.3575259206292507,10-MAY-24,3.3124769966875176,3.770997600274259,-15.27720739219712,https://nsearchives.nseindia.com/today/ALPL30IETFEQN.svg,https://nsearchives.nseindia.com/30d/ALPL30IETF-EQ.svg,https://nsearchives.nseindia.com/365d/ALPL30IETF-EQ.svg,EQ
QUAL30IETF,ICICI Prudential Nifty 200 Quality 30 ETF,21.42,21.42,21.2,21.37,0.01,0.05,241818,5133796.14,21.3212,23,18,10-MAY-24,FACE VALUE SPLIT (SUB-DIVISION) - FROM RS 10/- PER SHARE TO RE 1/- PER SHARE,1.183712121212121,1.2796208530805666,21.36,0,1.14,1.23,26-Aug-2025,27-Jul-2026,FACE VALUE SPLIT (SUB-DIVISION) - FROM RS 10/- PER SHARE TO RE 1/- PER SHARE,1.2796208530805666,10-MAY-24,1.183712121212121,7.0869565217391255,-18.72222222222223,https://nsearchives.nseindia.com/today/QUAL30IETFEQN.svg,https://nsearchives.nseindia.com/30d/QUAL30IETF-EQ.svg,https://nsearchives.nseindia.com/365d/QUAL30IETF-EQ.svg,EQ
GOLD360,Commodity-Gold,157.75,157.75,152,153.8,-2.4,-1.54,32726,5028349.9,155.6666,178,87.85,-,-,54.34019066733568,9.974973185555966,156.2,0,56.75,11.69,26-Aug-2025,27-Jul-2026,-,9.974973185555966,-,54.34019066733568,13.595505617977523,-75.0711439954468,https://nsearchives.nseindia.com/today/GOLD360EQN.svg,https://nsearchives.nseindia.com/30d/GOLD360-EQ.svg,https://nsearchives.nseindia.com/365d/GOLD360-EQ.svg,EQ
GROWWNET,Index,10.96,11.06,10.9,10.98,0.02,0.18,457707,5025622.86,10.9655,11.4,7.93,-,-,2.234636871508382,11.585365853658542,10.96,0,2.05,11.38,26-Aug-2025,27-Jul-2026,-,11.585365853658542,-,2.234636871508382,3.684210526315789,-38.46153846153847,https://nsearchives.nseindia.com/today/GROWWNETEQN.svg,https://nsearchives.nseindia.com/30d/GROWWNET-EQ.svg,https://nsearchives.nseindia.com/365d/GROWWNET-EQ.svg,EQ
IT,NIFTY IT Index,33.79,33.97,33.55,33.81,0.02,0.06,140975,4746628.25,33.6996,44.49,28.54,-,-,-13.749999999999998,3.2681734880879665,33.79,0,-13.8,3.21,26-Aug-2025,27-Jul-2026,-,3.2681734880879665,-,-13.749999999999998,24.005394470667564,-18.465311843027344,https://nsearchives.nseindia.com/today/ITEQN.svg,https://nsearchives.nseindia.com/30d/IT-EQ.svg,https://nsearchives.nseindia.com/365d/IT-EQ.svg,EQ
SMALL250,Nifty Smallcap 250,18.97,18.97,18.46,18.5,-0.01,-0.05,256138,4743675.76,18.5178,19.95,14.16,-,-,Infinity,3.699551569506727,18.51,0,0,3.76,,27-Jul-2026,-,3.699551569506727,-,Infinity,7.2681704260651605,-30.649717514124294,https://nsearchives.nseindia.com/today/SMALL250EQN.svg,https://nsearchives.nseindia.com/30d/SMALL250-EQ.svg,,EQ
GROWWMETAL,Nifty Metal Index,13.14,13.14,12.75,12.86,-0.02,-0.16,364362,4689338.94,12.9092,13.45,10.03,-,-,Infinity,8.431703204047217,12.88,0,0,8.6,,27-Jul-2026,-,8.431703204047217,-,Infinity,4.386617100371747,-28.215353938185444,https://nsearchives.nseindia.com/today/GROWWMETALEQN.svg,https://nsearchives.nseindia.com/30d/GROWWMETAL-EQ.svg,,EQ
MAKEINDIA,Nifty India Manufacturing Total Return Index,170.24,170.24,165.55,168.85,-0.08,-0.05,27609,4657914.39,168.6845,173.11,140.12,-,-,15.619008490824433,3.5381407897964077,168.93,0,15.67,3.59,26-Aug-2025,27-Jul-2026,-,3.5381407897964077,-,15.619008490824433,2.460863035064421,-20.50385383956608,https://nsearchives.nseindia.com/today/MAKEINDIAEQN.svg,https://nsearchives.nseindia.com/30d/MAKEINDIA-EQ.svg,https://nsearchives.nseindia.com/365d/MAKEINDIA-EQ.svg,EQ
EVINDIA,Nifty EV and New Age Automotive Total Return Index,34.37,34.37,33.36,33.47,-0.07,-0.21,134974,4520279.26,33.4943,35.04,26.2,-,-,10.901259111994694,4.528419737663946,33.54,0,11.13,4.75,26-Aug-2025,27-Jul-2026,-,4.528419737663946,-,10.901259111994694,4.480593607305937,-27.748091603053435,https://nsearchives.nseindia.com/today/EVINDIAEQN.svg,https://nsearchives.nseindia.com/30d/EVINDIA-EQ.svg,https://nsearchives.nseindia.com/365d/EVINDIA-EQ.svg,EQ
NV20IETF,Nifty50 Value 20,13.63,13.66,13.51,13.53,-0.1,-0.73,331517,4505316.03,13.6209,16,12.5,01-MAR-24,FACE VALUE SPLIT (SUB-DIVISION) - FROM RS 10/- PER SHARE TO RE 1/- PER SHARE,-5.9763724808895144,-0.6607929515418492,13.63,0,-5.28,0.07,26-Aug-2025,27-Jul-2026,FACE VALUE SPLIT (SUB-DIVISION) - FROM RS 10/- PER SHARE TO RE 1/- PER SHARE,-0.6607929515418492,01-MAR-24,-5.9763724808895144,15.437500000000004,-8.239999999999995,https://nsearchives.nseindia.com/today/NV20IETFEQN.svg,https://nsearchives.nseindia.com/30d/NV20IETF-EQ.svg,https://nsearchives.nseindia.com/365d/NV20IETF-EQ.svg,EQ
MIDSELIETF,S&P BSE Midcap Select Index,19.65,20.38,19.61,20.22,0.06,0.30,221312,4459436.8,20.1436,20.38,14.55,10-MAY-24,FACE VALUE SPLIT (SUB-DIVISION) - FROM RS 10/- PER SHARE TO RE 1/- PER SHARE,17.013888888888875,3.9588688946015402,20.16,0,16.67,3.65,26-Aug-2025,27-Jul-2026,FACE VALUE SPLIT (SUB-DIVISION) - FROM RS 10/- PER SHARE TO RE 1/- PER SHARE,3.9588688946015402,10-MAY-24,17.013888888888875,0.7850834151128565,-38.969072164948436,https://nsearchives.nseindia.com/today/MIDSELIETFEQN.svg,https://nsearchives.nseindia.com/30d/MIDSELIETF-EQ.svg,https://nsearchives.nseindia.com/365d/MIDSELIETF-EQ.svg,EQ
HDFCMOMENT,HDFC NIFTY200 Momentum 30 ETF,31.83,31.9,31.64,31.72,0.01,0.03,140210,4447461.2,31.6761,33.23,27.13,20-OCT-23,FACE VALUE SPLIT (SUB-DIVISION) - FROM RS 190.61/- PER SHARE TO RS 19.061/- PER SHARE,4.170771756978652,3.356142065819477,31.71,0,4.14,3.32,26-Aug-2025,27-Jul-2026,FACE VALUE SPLIT (SUB-DIVISION) - FROM RS 190.61/- PER SHARE TO RS 19.061/- PER SHARE,3.356142065819477,20-OCT-23,4.170771756978652,4.544086668672881,-16.918540361223737,https://nsearchives.nseindia.com/today/HDFCMOMENTEQN.svg,https://nsearchives.nseindia.com/30d/HDFCMOMENT-EQ.svg,https://nsearchives.nseindia.com/365d/HDFCMOMENT-EQ.svg,EQ
BFSI,Nifty Financial Services Index,26.79,27.71,26.79,27.39,-0.09,-0.33,161617,4436386.65,27.4583,29.94,24.03,-,-,2.0872158032053756,0.9955752212389365,27.48,0,2.42,1.33,26-Aug-2025,27-Jul-2026,-,0.9955752212389365,-,2.0872158032053756,8.517034068136274,-13.982521847690384,https://nsearchives.nseindia.com/today/BFSIEQN.svg,https://nsearchives.nseindia.com/30d/BFSI-EQ.svg,https://nsearchives.nseindia.com/365d/BFSI-EQ.svg,EQ
MOMOMENTUM,Nifty 200 Momentum 30 Total Return Index,63.9,64,63.4,63.61,0.06,0.09,68651,4373068.7,63.5296,66.28,54.32,11-AUG-22,FACE VALUE SPLIT (SUB-DIVISION) - FROM RS 10/- PER UNIT TO RS 2/- PER UNIT,3.9379084967320206,3.4645413142485406,63.55,0,3.84,3.37,26-Aug-2025,27-Jul-2026,FACE VALUE SPLIT (SUB-DIVISION) - FROM RS 10/- PER UNIT TO RS 2/- PER UNIT,3.4645413142485406,11-AUG-22,3.9379084967320206,4.028364514182259,-17.102356406480116,https://nsearchives.nseindia.com/today/MOMOMENTUMEQN.svg,https://nsearchives.nseindia.com/30d/MOMOMENTUM-EQ.svg,https://nsearchives.nseindia.com/365d/MOMOMENTUM-EQ.svg,EQ
EVIETF,Nifty EV & New Age Automotive ETF,33.71,34.19,33.32,33.58,0.01,0.03,123227,4123175.42,33.4455,36,26.28,-,-,11.228883736336526,4.741110417966301,33.57,0,11.2,4.71,26-Aug-2025,27-Jul-2026,-,4.741110417966301,-,11.228883736336526,6.722222222222227,-27.777777777777768,https://nsearchives.nseindia.com/today/EVIETFEQN.svg,https://nsearchives.nseindia.com/30d/EVIETF-EQ.svg,https://nsearchives.nseindia.com/365d/EVIETF-EQ.svg,EQ
HDFCNIFIT,HDFC NIFTY IT ETF,32.51,32.66,32.15,32.42,-0.09,-0.28,118089,3826083.6,32.4186,42.3,27.32,02-FEB-24,FACE VALUE SPLIT (SUB-DIVISION) - FROM RS 299.92/- PER SHARE TO RS 29.992/- PER SHARE,-14.278159703860387,2.4652338811630883,32.51,0,-14.04,2.75,26-Aug-2025,27-Jul-2026,FACE VALUE SPLIT (SUB-DIVISION) - FROM RS 299.92/- PER SHARE TO RS 29.992/- PER SHARE,2.4652338811630883,02-FEB-24,-14.278159703860387,23.356973995271858,-18.66764275256223,https://nsearchives.nseindia.com/today/HDFCNIFITEQN.svg,https://nsearchives.nseindia.com/30d/HDFCNIFIT-EQ.svg,https://nsearchives.nseindia.com/365d/HDFCNIFIT-EQ.svg,EQ
GSEC5IETF,Nifty 5 yr Benchmark G-Sec Index,66.65,66.91,66.13,66.8,0.16,0.24,56133,3737896.47,66.4403,69.14,62,-,-,6.897103536565843,0.9215893639522578,66.64,0,6.64,0.68,26-Aug-2025,27-Jul-2026,-,0.9215893639522578,-,6.897103536565843,3.3844373734451887,-7.7419354838709635,https://nsearchives.nseindia.com/today/GSEC5IETFEQN.svg,https://nsearchives.nseindia.com/30d/GSEC5IETF-EQ.svg,https://nsearchives.nseindia.com/365d/GSEC5IETF-EQ.svg,EQ
CHOICEGOLD,Gold,158.86,158.98,154,156.43,-2.43,-1.53,23959,3735447.69,158.3324,175.49,115.79,-,-,Infinity,9.968365553602817,158.86,0,0,11.68,,27-Jul-2026,-,9.968365553602817,-,Infinity,10.861017721807512,-35.0980222817169,https://nsearchives.nseindia.com/today/CHOICEGOLDEQN.svg,https://nsearchives.nseindia.com/30d/CHOICEGOLD-EQ.svg,,EQ
BBNPPGOLD,Baroda BNP Paribas Gold ETF,157,157,150.85,152,-2.9,-1.87,23480,3557689.6,154.3916,184.05,97.95,-,-,54.55007625826132,9.668109668109672,154.9,0,57.5,11.76,26-Aug-2025,27-Jul-2026,-,9.668109668109672,-,54.55007625826132,17.413746264602015,-55.18121490556406,https://nsearchives.nseindia.com/today/BBNPPGOLDEQN.svg,https://nsearchives.nseindia.com/30d/BBNPPGOLD-EQ.svg,https://nsearchives.nseindia.com/365d/BBNPPGOLD-EQ.svg,EQ
PVTBANKADD,DSP Nifty Private Bank ETF,28.31,28.4,28.24,28.4,0.16,0.57,121002,3423146.58,28.2073,31.88,24.02,-,-,6.247661803217352,2.121539014742898,28.24,0,5.65,1.55,26-Aug-2025,27-Jul-2026,-,2.121539014742898,-,6.247661803217352,10.915934755332499,-18.234804329725225,https://nsearchives.nseindia.com/today/PVTBANKADDEQN.svg,https://nsearchives.nseindia.com/30d/PVTBANKADD-EQ.svg,https://nsearchives.nseindia.com/365d/PVTBANKADD-EQ.svg,EQ
NIFTYBETF,Bajaj Finserv Nifty 50 ETF,250.03,255,248.24,255,4.75,1.90,13560,3374812.8,249.3121,279.99,227.01,-,-,1.0581381524194458,3.2472264960725608,250.25,0,-0.82,1.32,26-Aug-2025,27-Jul-2026,-,3.2472264960725608,-,1.0581381524194458,8.925318761384338,-12.329853310426858,https://nsearchives.nseindia.com/today/NIFTYBETFEQN.svg,https://nsearchives.nseindia.com/30d/NIFTYBETF-EQ.svg,https://nsearchives.nseindia.com/365d/NIFTYBETF-EQ.svg,EQ
SENSEXETF,Mirae Asset S&P BSE Sensex ETF,80.22,80.22,79.63,79.65,-0.45,-0.56,42120,3359070,80.0149,88.7,73.33,-,-,-3.641422695378649,0.530102234002274,80.1,0,-3.1,1.1,26-Aug-2025,27-Jul-2026,-,0.530102234002274,-,-3.641422695378649,10.202931228861328,-8.618573571525989,https://nsearchives.nseindia.com/today/SENSEXETFEQN.svg,https://nsearchives.nseindia.com/30d/SENSEXETF-EQ.svg,https://nsearchives.nseindia.com/365d/SENSEXETF-EQ.svg,EQ
AONETOTAL,Nifty Total Market Index,12.11,12.12,12.01,12.01,-0.04,-0.33,261393,3149785.65,12.0505,12.51,9.6,-,-,4.072790294627389,1.6934801016088,12.05,0,4.42,2.03,26-Aug-2025,27-Jul-2026,-,1.6934801016088,-,4.072790294627389,3.9968025579536373,-25.104166666666668,https://nsearchives.nseindia.com/today/AONETOTALEQN.svg,https://nsearchives.nseindia.com/30d/AONETOTAL-EQ.svg,https://nsearchives.nseindia.com/365d/AONETOTAL-EQ.svg,EQ
HEALTHY,Nifty Healthcare TRI,17.13,17.25,16.93,17.24,0.11,0.64,182758,3136127.28,17.0732,17.67,13.58,-,-,15.47220361687876,1.5910430170889782,17.13,0,14.74,0.94,26-Aug-2025,27-Jul-2026,-,1.5910430170889782,-,15.47220361687876,2.4335031126202784,-26.951399116347556,https://nsearchives.nseindia.com/today/HEALTHYEQN.svg,https://nsearchives.nseindia.com/30d/HEALTHY-EQ.svg,https://nsearchives.nseindia.com/365d/HEALTHY-EQ.svg,EQ
VAL30IETF,Nifty200 Value 30 Index,15.34,15.34,15.16,15.22,-0.1,-0.65,200473,3047189.6,15.2952,17.7,12.27,-,-,19.37254901960785,-0.8469055374592769,15.32,0,20.16,-0.2,26-Aug-2025,27-Jul-2026,-,-0.8469055374592769,-,19.37254901960785,14.01129943502824,-24.04237978810107,https://nsearchives.nseindia.com/today/VAL30IETFEQN.svg,https://nsearchives.nseindia.com/30d/VAL30IETF-EQ.svg,https://nsearchives.nseindia.com/365d/VAL30IETF-EQ.svg,EQ
PSUBANKADD,DSP Nifty PSU Bank ETF,88.09,88.09,86.86,86.95,-1.02,-1.16,34081,2973226.44,87.6964,99.88,67.8,-,-,26.01449275362319,2.5474702205448714,87.97,0,27.49,3.75,26-Aug-2025,27-Jul-2026,-,2.5474702205448714,-,26.01449275362319,12.945534641569878,-28.2448377581121,https://nsearchives.nseindia.com/today/PSUBANKADDEQN.svg,https://nsearchives.nseindia.com/30d/PSUBANKADD-EQ.svg,https://nsearchives.nseindia.com/365d/PSUBANKADD-EQ.svg,EQ
SELECTIPO,BSE Select IPO Index,49.45,49.45,49.17,49.21,-0.18,-0.36,60280,2971804,49.31,52.07,37.8,-,-,-0.10150223304912132,6.769364287264043,49.39,0,0.26,7.16,26-Aug-2025,27-Jul-2026,-,6.769364287264043,-,-0.10150223304912132,5.492606107163433,-30.1851851851852,https://nsearchives.nseindia.com/today/SELECTIPOEQN.svg,https://nsearchives.nseindia.com/30d/SELECTIPO-EQ.svg,https://nsearchives.nseindia.com/365d/SELECTIPO-EQ.svg,EQ
QNIFTY,Nifty 50,268,268,265.4,266.2,-1.28,-0.48,10992,2926400.16,266.6809,291.19,243.2,13-FEB-26,FACE VALUE SPLIT (SUB-DIVISION) - FROM RS 10/- PER UNIT TO RE 1/- PER UNIT,-90.12874899878372,0.757002271006813,267.48,0,-90.08,1.24,26-Aug-2025,27-Jul-2026,FACE VALUE SPLIT (SUB-DIVISION) - FROM RS 10/- PER UNIT TO RE 1/- PER UNIT,0.757002271006813,13-FEB-26,-90.12874899878372,8.58202548164429,-9.457236842105264,https://nsearchives.nseindia.com/today/QNIFTYEQN.svg,https://nsearchives.nseindia.com/30d/QNIFTY-EQ.svg,https://nsearchives.nseindia.com/365d/QNIFTY-EQ.svg,EQ
CONSUMIETF,Nifty India Consumption Index,124.29,124.37,123.58,124.22,-0.26,-0.21,23135,2869434.05,124.2196,141.27,94.65,-,-,-0.9883628248047146,0.9344275615503419,124.48,0,-0.78,1.15,26-Aug-2025,27-Jul-2026,-,0.9344275615503419,-,-0.9883628248047146,12.06908756282297,-31.241415742208122,https://nsearchives.nseindia.com/today/CONSUMIETFEQN.svg,https://nsearchives.nseindia.com/30d/CONSUMIETF-EQ.svg,https://nsearchives.nseindia.com/365d/CONSUMIETF-EQ.svg,EQ
MOMIDMTM,Nifty Midcap 150 Momentum 50 Total Return Index,65.88,65.93,65.43,65.69,0.06,0.09,43227,2836988.01,65.5983,70,54.78,-,-,6.328909032049201,4.038644282546717,65.63,0,6.23,3.94,26-Aug-2025,27-Jul-2026,-,4.038644282546717,-,6.328909032049201,6.15714285714286,-19.91602774735304,https://nsearchives.nseindia.com/today/MOMIDMTMEQN.svg,https://nsearchives.nseindia.com/30d/MOMIDMTM-EQ.svg,https://nsearchives.nseindia.com/365d/MOMIDMTM-EQ.svg,EQ
SBIMIDMOM,Nifty Midcap 150 Momentum 50 Index,65.97,65.97,64.71,64.91,-0.07,-0.11,43378,2810894.4,64.763,67.74,53.86,-,-,Infinity,4.424066924066924,64.98,0,0,4.54,,27-Jul-2026,-,4.424066924066924,-,Infinity,4.177738411573662,-20.516152989231337,https://nsearchives.nseindia.com/today/SBIMIDMOMEQN.svg,https://nsearchives.nseindia.com/30d/SBIMIDMOM-EQ.svg,,EQ
HDFCSENSEX,SENSEX,87.8,88.48,87.6,87.6,-0.43,-0.49,31710,2783503.8,87.9672,98.48,80.9,02-FEB-24,FACE VALUE SPLIT (SUB-DIVISION) - FROM RS 250.361/- PER SHARE TO RS 25.0361/- PER SHARE,-3.6939313984168862,0.7475560667049931,88.03,0,-3.22,1.24,26-Aug-2025,27-Jul-2026,FACE VALUE SPLIT (SUB-DIVISION) - FROM RS 250.361/- PER SHARE TO RS 25.0361/- PER SHARE,0.7475560667049931,02-FEB-24,-3.6939313984168862,11.047928513403745,-8.281829419035832,https://nsearchives.nseindia.com/today/HDFCSENSEXEQN.svg,https://nsearchives.nseindia.com/30d/HDFCSENSEX-EQ.svg,https://nsearchives.nseindia.com/365d/HDFCSENSEX-EQ.svg,EQ
NV20BEES,Nifty50 Value20 TRI,140.06,140.09,138.72,139.1,-0.91,-0.65,19695,2746664.7,139.7825,160,122.02,19-DEC-19, FACE VALUE SPLIT (SUB-DIVISION) - FROM RS 10/- TO RS 1/-,-5.949966193373909,0.007189589474434471,140.01,0,-5.33,0.66,26-Aug-2025,27-Jul-2026, FACE VALUE SPLIT (SUB-DIVISION) - FROM RS 10/- TO RS 1/-,0.007189589474434471,19-DEC-19,-5.949966193373909,13.062500000000004,-13.997705294214063,https://nsearchives.nseindia.com/today/NV20BEESEQN.svg,https://nsearchives.nseindia.com/30d/NV20BEES-EQ.svg,https://nsearchives.nseindia.com/365d/NV20BEES-EQ.svg,EQ
MOMENTUM,Aditya Birla Sun Life Nifty 200 Momentum 30 ETF,31.94,32.04,31.8,31.85,0.05,0.16,85710,2735006.1,31.7803,33,27.05,-,-,4.084967320261438,3.8474078904466893,31.8,0,3.92,3.68,26-Aug-2025,27-Jul-2026,-,3.8474078904466893,-,4.084967320261438,3.4848484848484804,-17.744916820702404,https://nsearchives.nseindia.com/today/MOMENTUMEQN.svg,https://nsearchives.nseindia.com/30d/MOMENTUM-EQ.svg,https://nsearchives.nseindia.com/365d/MOMENTUM-EQ.svg,EQ
HDFCGROWTH,HDFC NIFTY Growth Sectors 15 ETF,121.41,121.52,120.29,120.29,-1.12,-0.92,21902,2638752.96,120.853,133.3,107.86,-,-,-1.9001794160822036,1.975245846049519,121.41,0,-0.99,2.92,26-Aug-2025,27-Jul-2026,-,1.975245846049519,-,-1.9001794160822036,9.759939984996251,-11.524198034489158,https://nsearchives.nseindia.com/today/HDFCGROWTHEQN.svg,https://nsearchives.nseindia.com/30d/HDFCGROWTH-EQ.svg,https://nsearchives.nseindia.com/365d/HDFCGROWTH-EQ.svg,EQ
DIVOPPBEES,Nifty Dividend Opportunities 50 TRI,77.36,78.6,76.35,77.5,-0.41,-0.53,34071,2635051.14,77.6928,87.09,72.13,-,-,0.6624236913884987,0.02581311306143007,77.91,0,1.19,0.55,26-Aug-2025,27-Jul-2026,-,0.02581311306143007,-,0.6624236913884987,11.011597198300612,-7.444891168723146,https://nsearchives.nseindia.com/today/DIVOPPBEESEQN.svg,https://nsearchives.nseindia.com/30d/DIVOPPBEES-EQ.svg,https://nsearchives.nseindia.com/365d/DIVOPPBEES-EQ.svg,EQ
SNXT30BEES,BSE Sensex Next 30 Index,44.41,44.41,43.1,43.33,-0.21,-0.48,59641,2578280.43,43.3839,44.56,36.83,-,-,12.253886010362685,2.7264106211474597,43.54,0,12.8,3.22,26-Aug-2025,27-Jul-2026,-,2.7264106211474597,-,12.253886010362685,2.7603231597845688,-17.648655986967146,https://nsearchives.nseindia.com/today/SNXT30BEESEQN.svg,https://nsearchives.nseindia.com/30d/SNXT30BEES-EQ.svg,https://nsearchives.nseindia.com/365d/SNXT30BEES-EQ.svg,EQ
SENSEXAXIS,AXIS S&P BSE SENSEX ETF,80.5,80.5,80.02,80.35,-0.15,-0.19,31026,2487354.42,80.463,91.35,73.52,-,-,Infinity,0.5757917136062007,80.5,0,0,0.76,,27-Jul-2026,-,0.5757917136062007,-,Infinity,12.0415982484948,-9.28998911860718,https://nsearchives.nseindia.com/today/SENSEXAXISEQN.svg,https://nsearchives.nseindia.com/30d/SENSEXAXIS-EQ.svg,,EQ
HDFCNIFBAN,Nifty Bank,59.68,59.69,59.19,59.19,-0.36,-0.60,41641,2473058.99,59.5716,65.54,51.2,02-FEB-24,FACE VALUE SPLIT (SUB-DIVISION) - FROM RS 223.31/- PER SHARE TO RS 22.331/- PER SHARE,5.734190782422296,0.6803878210580007,59.55,0,6.38,1.29,26-Aug-2025,27-Jul-2026,FACE VALUE SPLIT (SUB-DIVISION) - FROM RS 223.31/- PER SHARE TO RS 22.331/- PER SHARE,0.6803878210580007,02-FEB-24,5.734190782422296,9.688739700946,-15.605468749999991,https://nsearchives.nseindia.com/today/HDFCNIFBANEQN.svg,https://nsearchives.nseindia.com/30d/HDFCNIFBAN-EQ.svg,https://nsearchives.nseindia.com/365d/HDFCNIFBAN-EQ.svg,EQ
SBIETFIT,Nifty IT Index,337.92,338.41,334,337.63,-0.29,-0.09,7232,2429084.16,336.4226,439.27,285,-,-,-14.089058524173028,3.538900303597173,337.92,0,-14.02,3.63,26-Aug-2025,27-Jul-2026,-,3.538900303597173,-,-14.089058524173028,23.13838869032713,-18.466666666666665,https://nsearchives.nseindia.com/today/SBIETFITEQN.svg,https://nsearchives.nseindia.com/30d/SBIETFIT-EQ.svg,https://nsearchives.nseindia.com/365d/SBIETFIT-EQ.svg,EQ
SENSEXBETA,SENSEX,860.62,860.99,856.5,857.94,-2.68,-0.31,2688,2303589.12,859.1353,952.91,785,26-FEB-21, INTERIM DIVIDEND - RS 13.56 PER UNIT,Infinity,1.0030373666737415,860.62,0,0,1.32,,27-Jul-2026, INTERIM DIVIDEND - RS 13.56 PER UNIT,1.0030373666737415,26-FEB-21,Infinity,9.966313712732568,-9.291719745222936,https://nsearchives.nseindia.com/today/SENSEXBETAEQN.svg,https://nsearchives.nseindia.com/30d/SENSEXBETA-EQ.svg,,EQ
VALUEAXIS,Nifty500 Value 50 TRI,34.05,34.05,32.7,32.8,-0.42,-1.26,69748,2289129.36,33.1,39,26.76,-,-,Infinity,0.09154714678057378,33.22,0,0,1.37,,27-Jul-2026,-,0.09154714678057378,-,Infinity,15.897435897435903,-22.571001494768293,https://nsearchives.nseindia.com/today/VALUEAXISEQN.svg,https://nsearchives.nseindia.com/30d/VALUEAXIS-EQ.svg,,EQ
GROWWMOM50,Nifty 500 Momentum 50 Index- Total Return Index,11.42,11.42,11.12,11.22,0.07,0.63,194786,2179655.34,11.1242,11.5,9.12,-,-,8.826382153249273,5.6497175141243074,11.15,0,8.15,4.99,26-Aug-2025,27-Jul-2026,-,5.6497175141243074,-,8.826382153249273,2.4347826086956466,-23.026315789473703,https://nsearchives.nseindia.com/today/GROWWMOM50EQN.svg,https://nsearchives.nseindia.com/30d/GROWWMOM50-EQ.svg,https://nsearchives.nseindia.com/365d/GROWWMOM50-EQ.svg,EQ
EBBETF0433,BHARAT Bond ETF-April 2033,1310,1314.89,1310,1310,-1.88,-0.14,1653,2168273.16,1308.7007,1345.89,1242.87,-,-,4.951970453216252,-0.21936506002072612,1311.88,0,5.1,-0.08,26-Aug-2025,27-Jul-2026,-,-0.21936506002072612,-,4.951970453216252,2.6666369465558177,-5.401208493245481,https://nsearchives.nseindia.com/today/EBBETF0433EQN.svg,https://nsearchives.nseindia.com/30d/EBBETF0433-EQ.svg,https://nsearchives.nseindia.com/365d/EBBETF0433-EQ.svg,EQ
SILVER001,Commodity - Silver,24.49,25.5,23.47,24,-0.47,-1.92,89411,2156593.32,24.2685,28,23.47,-,-,Infinity,Infinity,24.47,0,0,0,,,-,Infinity,-,Infinity,14.285714285714286,-2.258201959948876,https://nsearchives.nseindia.com/today/SILVER001EQN.svg,,,EQ
NIF100IETF,Nifty 100,28.38,28.5,28.23,28.42,0.04,0.14,74967,2120816.43,28.3587,30.88,23,10-MAY-24,FACE VALUE SPLIT (SUB-DIVISION) - FROM RS 10/- PER SHARE TO RE 1/- PER SHARE,0.8158921603405478,1.6815742397137834,28.38,0,0.67,1.54,26-Aug-2025,27-Jul-2026,FACE VALUE SPLIT (SUB-DIVISION) - FROM RS 10/- PER SHARE TO RE 1/- PER SHARE,1.6815742397137834,10-MAY-24,0.8158921603405478,7.966321243523307,-23.56521739130436,https://nsearchives.nseindia.com/today/NIF100IETFEQN.svg,https://nsearchives.nseindia.com/30d/NIF100IETF-EQ.svg,https://nsearchives.nseindia.com/365d/NIF100IETF-EQ.svg,EQ
MONQ50,Nasdaq Q-50 Total Return Index,146.52,146.52,146.52,146.52,0.1,0.07,14181,2077800.12,121.9784,151.65,79.26,-,-,82.17083177918687,3.059717239924051,146.42,0,82.05,2.99,26-Aug-2025,27-Jul-2026,-,3.059717239924051,-,82.17083177918687,3.3827893175074153,-84.85995457986374,https://nsearchives.nseindia.com/today/MONQ50EQN.svg,https://nsearchives.nseindia.com/30d/MONQ50-EQ.svg,https://nsearchives.nseindia.com/365d/MONQ50-EQ.svg,EQ
NIFTYAXIS,Nifty 50,269.26,269.26,266.59,267.63,-1.6,-0.59,7675,2056439.5,268.1726,296.38,244,23-JUL-20, FACE VALUE SPLIT (SUB-DIVISION) - FROM RS 100/- PER SHARE TO RS 10/- PER SHARE,Infinity,0.8250452079565995,269.23,0,0,1.43,,27-Jul-2026, FACE VALUE SPLIT (SUB-DIVISION) - FROM RS 100/- PER SHARE TO RS 10/- PER SHARE,0.8250452079565995,23-JUL-20,Infinity,9.700384641338822,-9.684426229508194,https://nsearchives.nseindia.com/today/NIFTYAXISEQN.svg,https://nsearchives.nseindia.com/30d/NIFTYAXIS-EQ.svg,,EQ
HEALTHAXIS,Nifty Healthcare Index,169.3,169.99,168.91,169,-0.86,-0.51,12037,2038345.58,168.8646,190,135.2,-,-,Infinity,1.0826006340092125,169.86,0,0,1.6,,27-Jul-2026,-,1.0826006340092125,-,Infinity,11.052631578947368,-25.000000000000007,https://nsearchives.nseindia.com/today/HEALTHAXISEQN.svg,https://nsearchives.nseindia.com/30d/HEALTHAXIS-EQ.svg,,EQ
MOENERGY,Nifty Energy Index,39.08,39.08,38.2,38.31,0,0.00,52810,2022623,38.2557,43,33,-,-,Infinity,-1.6431322207958936,38.31,0,0,-1.64,,27-Jul-2026,-,-1.6431322207958936,-,Infinity,10.906976744186041,-16.090909090909097,https://nsearchives.nseindia.com/today/MOENERGYEQN.svg,https://nsearchives.nseindia.com/30d/MOENERGY-EQ.svg,,EQ
GROWWSC250,Nifty Smallcap 250 Index - TRI,10.72,10.72,10.6,10.61,-0.06,-0.56,180342,1918838.88,10.6575,10.97,8,-,-,Infinity,3.6132812499999925,10.67,0,0,4.2,,27-Jul-2026,-,3.6132812499999925,-,Infinity,3.281677301732007,-32.62499999999999,https://nsearchives.nseindia.com/today/GROWWSC250EQN.svg,https://nsearchives.nseindia.com/30d/GROWWSC250-EQ.svg,,EQ
LIQUIDSHRI,SHRIRAM NIFTY 1D RATE LIQUID ETF,1119.02,1119.02,1119,1119,0.14,0.01,1662,1859794.62,1118.8713,1119.02,1067.8,-,-,4.793924012698894,0.3875551727850088,1118.86,0,4.78,0.37,26-Aug-2025,27-Jul-2026,-,0.3875551727850088,-,4.793924012698894,0.001787278154097497,-4.794905412998693,https://nsearchives.nseindia.com/today/LIQUIDSHRIEQN.svg,https://nsearchives.nseindia.com/30d/LIQUIDSHRI-EQ.svg,https://nsearchives.nseindia.com/365d/LIQUIDSHRI-EQ.svg,EQ
SHARIABEES,Shariah,458.89,464.61,454.3,456.02,-2.87,-0.63,3881,1773811.05,457.1957,534.61,433.68,10-MAR-14,DIVIDEND-RS.2 PER UNIT,-9.469546573493218,-0.951346655082536,458.89,0,-8.9,-0.33,26-Aug-2025,27-Jul-2026,DIVIDEND-RS.2 PER UNIT,-0.951346655082536,10-MAR-14,-9.469546573493218,14.700435831727807,-5.1512636045010085,https://nsearchives.nseindia.com/today/SHARIABEESEQN.svg,https://nsearchives.nseindia.com/30d/SHARIABEES-EQ.svg,https://nsearchives.nseindia.com/365d/SHARIABEES-EQ.svg,EQ
CONSUMER,Nifty India New AgeConsumption,12.61,12.61,12.29,12.31,-0.05,-0.40,143065,1762560.8,12.3405,12.87,9.69,-,-,1.9039735099337785,4.322033898305083,12.36,0,2.32,4.75,26-Aug-2025,27-Jul-2026,-,4.322033898305083,-,1.9039735099337785,4.351204351204341,-27.038183694530456,https://nsearchives.nseindia.com/today/CONSUMEREQN.svg,https://nsearchives.nseindia.com/30d/CONSUMER-EQ.svg,https://nsearchives.nseindia.com/365d/CONSUMER-EQ.svg,EQ
COMMOIETF,ICICI Prudential Nifty Commodities ETF,100.6,100.99,99.79,100.5,-0.1,-0.10,16939,1697287.8,100.6455,110.56,86.79,-,-,14.113773135006253,0.6509764646970513,100.6,0,14.23,0.75,26-Aug-2025,27-Jul-2026,-,0.6509764646970513,-,14.113773135006253,9.099131693198265,-15.796750777739362,https://nsearchives.nseindia.com/today/COMMOIETFEQN.svg,https://nsearchives.nseindia.com/30d/COMMOIETF-EQ.svg,https://nsearchives.nseindia.com/365d/COMMOIETF-EQ.svg,EQ
MOM50,Nifty 50,254.1,259,252.99,254,0.54,0.21,6571,1663645.78,253.6697,279.33,231.11,16-OCT-14,FACE VALUE SPLIT FROM RS.10/- TO RS.7/-,-1.078786462592975,1.1468620579802467,253.46,0,-1.29,0.93,26-Aug-2025,27-Jul-2026,FACE VALUE SPLIT FROM RS.10/- TO RS.7/-,1.1468620579802467,16-OCT-14,-1.078786462592975,9.068127304621768,-9.904374540262205,https://nsearchives.nseindia.com/today/MOM50EQN.svg,https://nsearchives.nseindia.com/30d/MOM50-EQ.svg,https://nsearchives.nseindia.com/365d/MOM50-EQ.svg,EQ
ABSLLIQUID,Aditya Birla Sun Life CRISIL Overnight Fund AI ETF,1000,1000.01,1000,1000,0,0.00,1654,1654000,1000,1044.99,999.56,-,-,0.0010000100000990915,0,1000,0,0,0,26-Aug-2025,27-Jul-2026,-,0,-,0.0010000100000990915,4.3053043569794935,-0.04401936852215521,https://nsearchives.nseindia.com/today/ABSLLIQUIDEQN.svg,https://nsearchives.nseindia.com/30d/ABSLLIQUID-EQ.svg,https://nsearchives.nseindia.com/365d/ABSLLIQUID-EQ.svg,EQ
IVZINGOLD,Gold,139.65,139.65,135.35,137,-2.65,-1.90,12054,1645732.62,138.7199,156,87.7,30-APR-26,FACE VALUE SPLIT (SUB-DIVISION) - FROM RS 100/- PER SHARE TO RE 1/- PER SHARE,-98.44659753836734,9.6,139.65,0,-98.42,11.72,26-Aug-2025,27-Jul-2026,FACE VALUE SPLIT (SUB-DIVISION) - FROM RS 100/- PER SHARE TO RE 1/- PER SHARE,9.6,30-APR-26,-98.44659753836734,12.179487179487179,-56.21436716077537,https://nsearchives.nseindia.com/today/IVZINGOLDEQN.svg,https://nsearchives.nseindia.com/30d/IVZINGOLD-EQ.svg,https://nsearchives.nseindia.com/365d/IVZINGOLD-EQ.svg,EQ
ITAXIS,NIFTY IT Index,335.32,335.52,329.83,329.85,-5.62,-1.68,4857,1621703.73,334.3138,439.67,230.7,-,-,Infinity,1.8244119281348474,335.47,0,0,3.56,,27-Jul-2026,-,1.8244119281348474,-,Infinity,24.977824277298883,-42.97789336801042,https://nsearchives.nseindia.com/today/ITAXISEQN.svg,https://nsearchives.nseindia.com/30d/ITAXIS-EQ.svg,,EQ
SBIBPB,BSE PSU Bank Index TRI,50.6,50.9,49.41,49.82,-0.53,-1.05,32106,1605300,50.2844,58.27,38.53,-,-,24.987456096337183,3.2324906755076714,50.35,0,26.32,4.33,26-Aug-2025,27-Jul-2026,-,3.2324906755076714,-,24.987456096337183,14.501458726617473,-29.301842719958472,https://nsearchives.nseindia.com/today/SBIBPBEQN.svg,https://nsearchives.nseindia.com/30d/SBIBPB-EQ.svg,https://nsearchives.nseindia.com/365d/SBIBPB-EQ.svg,EQ
EQUAL50ADD,NIFTY 50 Equal Weight Index,347.28,347.28,344.78,346.37,-0.41,-0.12,4646,1604496.1,345.2981,361,304.78,-,-,6.4836448598130945,1.0031201702971444,346.78,0,6.61,1.12,26-Aug-2025,27-Jul-2026,-,1.0031201702971444,-,6.4836448598130945,4.052631578947367,-13.64590852418139,https://nsearchives.nseindia.com/today/EQUAL50ADDEQN.svg,https://nsearchives.nseindia.com/30d/EQUAL50ADD-EQ.svg,https://nsearchives.nseindia.com/365d/EQUAL50ADD-EQ.svg,EQ
SBISMLETF,Nifty Smallcap 250 Index,18.59,18.59,18.42,18.45,-0.04,-0.22,86035,1591647.5,18.4779,18.97,16.53,-,-,Infinity,3.3613445378151137,18.49,0,0,3.59,,27-Jul-2026,-,3.3613445378151137,-,Infinity,2.7411702688455435,-11.6152450090744,https://nsearchives.nseindia.com/today/SBISMLETFEQN.svg,https://nsearchives.nseindia.com/30d/SBISMLETF-EQ.svg,,EQ
SBIETFPB,Nifty Private Bank Index,281.06,286.85,281.06,283,-0.9,-0.32,5598,1590727.68,283.7512,304.58,244.18,-,-,5.239671265479147,1.1762182260198137,283.9,0,5.57,1.5,26-Aug-2025,27-Jul-2026,-,1.1762182260198137,-,5.239671265479147,7.085166458730049,-15.898107953149312,https://nsearchives.nseindia.com/today/SBIETFPBEQN.svg,https://nsearchives.nseindia.com/30d/SBIETFPB-EQ.svg,https://nsearchives.nseindia.com/365d/SBIETFPB-EQ.svg,EQ
MIDQ50ADD,Nifty Midcap 150 Quality 50 Index,25.5,25.6,25.42,25.5,0.06,0.24,61358,1564629,25.4437,25.97,21,03-JUL-26,FACE VALUE SPLIT (SUB-DIVISION) - FROM RS 10/- PER UNIT TO RE 1/- PER UNIT,-89.71068877859823,2.8640580879386883,25.44,0,-89.73,2.62,26-Aug-2025,27-Jul-2026,FACE VALUE SPLIT (SUB-DIVISION) - FROM RS 10/- PER UNIT TO RE 1/- PER UNIT,2.8640580879386883,03-JUL-26,-89.71068877859823,1.8097805159799727,-21.428571428571427,https://nsearchives.nseindia.com/today/MIDQ50ADDEQN.svg,https://nsearchives.nseindia.com/30d/MIDQ50ADD-EQ.svg,https://nsearchives.nseindia.com/365d/MIDQ50ADD-EQ.svg,EQ
INTERNET,Equity Index,15.13,15.13,14.73,14.75,-0.08,-0.54,105445,1561640.45,14.812,15.45,10.72,-,-,2.1468144044321367,11.236802413273004,14.83,0,2.7,11.84,26-Aug-2025,27-Jul-2026,-,11.236802413273004,-,2.1468144044321367,4.530744336569575,-37.59328358208955,https://nsearchives.nseindia.com/today/INTERNETEQN.svg,https://nsearchives.nseindia.com/30d/INTERNET-EQ.svg,https://nsearchives.nseindia.com/365d/INTERNET-EQ.svg,EQ
NEXT50ETF,Nifty Next 50 Index,76.1,76.1,74.81,75.4,0.05,0.07,19564,1469452.04,75.082,78,60.15,-,-,Infinity,3.429355281207133,75.35,0,0,3.36,,27-Jul-2026,-,3.429355281207133,-,Infinity,3.333333333333326,-25.353283458021625,https://nsearchives.nseindia.com/today/NEXT50ETFEQN.svg,https://nsearchives.nseindia.com/30d/NEXT50ETF-EQ.svg,,EQ
PVTBKGROWW,Nifty Private Bank Index - TRI,28.09,28.09,27.33,28.03,0.26,0.94,52090,1453311,27.8616,29.57,25.45,-,-,Infinity,1.742286751361163,27.77,0,0,0.8,,27-Jul-2026,-,1.742286751361163,-,Infinity,5.207981061887045,-10.137524557956786,https://nsearchives.nseindia.com/today/PVTBKGROWWEQN.svg,https://nsearchives.nseindia.com/30d/PVTBKGROWW-EQ.svg,,EQ
HDFCVALUE,HDFC NIFTY50 Value 20 ETF,125.72,126.2,124.98,125.77,-0.43,-0.34,11472,1438932.96,125.744,147.05,120,-,-,-5.5000375685626315,0.09550338241145272,126.2,0,-5.18,0.44,26-Aug-2025,27-Jul-2026,-,0.09550338241145272,-,-5.5000375685626315,14.471268276096573,-4.808333333333329,https://nsearchives.nseindia.com/today/HDFCVALUEEQN.svg,https://nsearchives.nseindia.com/30d/HDFCVALUE-EQ.svg,https://nsearchives.nseindia.com/365d/HDFCVALUE-EQ.svg,EQ
ABSLPSE,Aditya Birla Sun Life Nifty PSE ETF,10.2,10.2,10.08,10.2,0.05,0.49,140364,1417676.4,10.1193,11.6,9.21,-,-,6.583072100313469,-1.8286814244465954,10.15,0,6.06,-2.31,26-Aug-2025,27-Jul-2026,-,-1.8286814244465954,-,6.583072100313469,12.068965517241383,-10.749185667752425,https://nsearchives.nseindia.com/today/ABSLPSEEQN.svg,https://nsearchives.nseindia.com/30d/ABSLPSE-EQ.svg,https://nsearchives.nseindia.com/365d/ABSLPSE-EQ.svg,EQ
BANKBETA,Nifty Bank,61.36,61.36,58.67,59.48,-0.39,-0.65,23319,1392144.3,59.8581,73.7,51.3,17-FEB-21, FACE VALUE SPLIT (SUB-DIVISION) - FROM RS 10/- PER UNIT TO RE 1/- PER UNIT,Infinity,0.5919161170302626,59.87,0,0,1.25,,27-Jul-2026, FACE VALUE SPLIT (SUB-DIVISION) - FROM RS 10/- PER UNIT TO RE 1/- PER UNIT,0.5919161170302626,17-FEB-21,Infinity,19.294436906377214,-15.94541910331384,https://nsearchives.nseindia.com/today/BANKBETAEQN.svg,https://nsearchives.nseindia.com/30d/BANKBETA-EQ.svg,,EQ
HEALTHCARE,Nifty 500 Healthcare Index,22.17,22.17,21.62,21.8,0.06,0.28,63911,1386868.7,21.647,22.29,17.18,-,-,Infinity,2.2034692920768983,21.74,0,0,1.92,,27-Jul-2026,-,2.2034692920768983,-,Infinity,2.1982951996410875,-26.89173457508732,https://nsearchives.nseindia.com/today/HEALTHCAREEQN.svg,https://nsearchives.nseindia.com/30d/HEALTHCARE-EQ.svg,,EQ
GROWWCHEM,Nifty Chemicals Index - TRI,30.98,30.98,30.16,30.16,-0.48,-1.57,45212,1380774.48,30.45,31.74,24.64,-,-,Infinity,-0.6587615283267434,30.64,0,0,0.92,,27-Jul-2026,-,-0.6587615283267434,-,Infinity,4.977945809703838,-22.4025974025974,https://nsearchives.nseindia.com/today/GROWWCHEMEQN.svg,https://nsearchives.nseindia.com/30d/GROWWCHEM-EQ.svg,,EQ
AONENIFTY,Nifty 50 Index,10.28,10.28,9.93,9.99,-0.04,-0.40,135846,1357101.54,10.0052,12,9,-,-,-1.2845849802371445,0.8072653884964689,10.03,0,-0.89,1.21,26-Aug-2025,27-Jul-2026,-,0.8072653884964689,-,-1.2845849802371445,16.749999999999996,-11.000000000000004,https://nsearchives.nseindia.com/today/AONENIFTYEQN.svg,https://nsearchives.nseindia.com/30d/AONENIFTY-EQ.svg,https://nsearchives.nseindia.com/365d/AONENIFTY-EQ.svg,EQ
LOWVOL,Mirae Asset Nifty 100 Low Volatility 30 ETF,207.79,207.92,207.25,207.87,-0.24,-0.12,6373,1322907.34,207.7897,219.1,183.58,-,-,-0.1489095974637344,-0.11532362692807126,208.11,0,-0.03,0,26-Aug-2025,27-Jul-2026,-,-0.11532362692807126,-,-0.1489095974637344,5.125513464171607,-13.23128881141736,https://nsearchives.nseindia.com/today/LOWVOLEQN.svg,https://nsearchives.nseindia.com/30d/LOWVOL-EQ.svg,https://nsearchives.nseindia.com/365d/LOWVOL-EQ.svg,EQ
AONETMMQ50,Nifty Total Market Momentum Quality 50 TRI,10.58,10.58,10.4,10.41,0,0.00,122907,1281920.01,10.4163,10.87,8,-,-,Infinity,3.9960039960039997,10.41,0,0,4,,27-Jul-2026,-,3.9960039960039997,-,Infinity,4.231830726770921,-30.125,https://nsearchives.nseindia.com/today/AONETMMQ50EQN.svg,https://nsearchives.nseindia.com/30d/AONETMMQ50-EQ.svg,,EQ
ABSLNN50ET,Nifty Next 50,78.68,78.74,77.49,78.15,-0.38,-0.48,16412,1280792.48,78.5043,80.33,63.02,25-NOV-21, FACE VALUE SPLIT (SUB-DIVISION) - FROM RS 10/- PER SHARE TO RE 1/- PER SHARE,11.658808401200188,2.5321437942797256,78.53,0,12.2,3.03,26-Aug-2025,27-Jul-2026, FACE VALUE SPLIT (SUB-DIVISION) - FROM RS 10/- PER SHARE TO RE 1/- PER SHARE,2.5321437942797256,25-NOV-21,11.658808401200188,2.7138055520975883,-24.008251348778167,https://nsearchives.nseindia.com/today/ABSLNN50ETEQN.svg,https://nsearchives.nseindia.com/30d/ABSLNN50ET-EQ.svg,https://nsearchives.nseindia.com/365d/ABSLNN50ET-EQ.svg,EQ
SILVERBND,Commodity - Silver,242.83,242.83,235.57,237.52,-2.91,-1.21,5261,1248750.96,240.8811,389,180,-,-,Infinity,6.24916126146276,240.43,0,0,7.55,,27-Jul-2026,-,6.24916126146276,-,Infinity,38.940874035989715,-31.95555555555556,https://nsearchives.nseindia.com/today/SILVERBNDEQN.svg,https://nsearchives.nseindia.com/30d/SILVERBND-EQ.svg,,EQ
EQUAL50,Nifty50 Equal Weight,334.77,335.18,333.68,334.11,-0.62,-0.19,3722,1244562.36,334.2475,342.88,295.16,-,-,5.932149651236537,0.8633962264150985,334.73,0,6.13,1.05,26-Aug-2025,27-Jul-2026,-,0.8633962264150985,-,5.932149651236537,2.5577461502566443,-13.196232551836289,https://nsearchives.nseindia.com/today/EQUAL50EQN.svg,https://nsearchives.nseindia.com/30d/EQUAL50-EQ.svg,https://nsearchives.nseindia.com/365d/EQUAL50-EQ.svg,EQ
NIFTYJBLK,INDEX,12.77,12.77,12.38,12.4,-0.06,-0.48,100108,1242340.28,12.4102,12.96,9.94,-,-,Infinity,Infinity,12.46,0,0,0,,,-,Infinity,-,Infinity,4.320987654320991,-24.748490945674053,https://nsearchives.nseindia.com/today/NIFTYJBLKEQN.svg,,,EQ
ABSL10BANK,BSE Top 10 Banks Index,172.04,172.51,169.24,172.51,0.55,0.32,7135,1216517.5,170.2077,214.42,150,-,-,Infinity,1.9020615511843577,171.96,0,0,1.58,,27-Jul-2026,-,1.9020615511843577,-,Infinity,19.545751329167057,-15.00666666666666,https://nsearchives.nseindia.com/today/ABSL10BANKEQN.svg,https://nsearchives.nseindia.com/30d/ABSL10BANK-EQ.svg,,EQ
ABSLBANETF,Nifty Bank,59.36,59.46,59,59,-0.31,-0.52,20293,1199113.37,59.3274,64.94,50.97,25-NOV-21, FACE VALUE SPLIT (SUB-DIVISION) - FROM RS 10/- PER SHARE TO RE 1/- PER SHARE,5.943616448195372,0.7857874957294173,59.31,0,6.5,1.32,26-Aug-2025,27-Jul-2026, FACE VALUE SPLIT (SUB-DIVISION) - FROM RS 10/- PER SHARE TO RE 1/- PER SHARE,0.7857874957294173,25-NOV-21,5.943616448195372,9.146904835232519,-15.754365312929176,https://nsearchives.nseindia.com/today/ABSLBANETFEQN.svg,https://nsearchives.nseindia.com/30d/ABSLBANETF-EQ.svg,https://nsearchives.nseindia.com/365d/ABSLBANETF-EQ.svg,EQ
TECH,Nifty IT TRI Index,33.23,33.55,33.08,33.55,0.16,0.48,36036,1196755.56,33.2191,49.41,28,-,-,-12.721123829344435,3.9021368844843543,33.39,0,-13.14,3.41,26-Aug-2025,27-Jul-2026,-,3.9021368844843543,-,-12.721123829344435,32.098765432098766,-19.821428571428562,https://nsearchives.nseindia.com/today/TECHEQN.svg,https://nsearchives.nseindia.com/30d/TECH-EQ.svg,https://nsearchives.nseindia.com/365d/TECH-EQ.svg,EQ
NIFTY100EW,Nifty 100 Equal Weight Index,35.94,35.94,35.49,35.73,-0.21,-0.58,33598,1196424.78,35.648,41.41,29.84,-,-,6.880047861202504,2.056555269922876,35.94,0,7.51,2.66,26-Aug-2025,27-Jul-2026,-,2.056555269922876,-,6.880047861202504,13.716493600579572,-19.738605898123314,https://nsearchives.nseindia.com/today/NIFTY100EWEQN.svg,https://nsearchives.nseindia.com/30d/NIFTY100EW-EQ.svg,https://nsearchives.nseindia.com/365d/NIFTY100EW-EQ.svg,EQ
NIFTYQLITY,Aditya Birla Sun Life Nifty 200 Quality 30 ETF,21.7,21.7,21.42,21.52,-0.08,-0.37,54751,1178241.52,21.5364,23.03,18.95,-,-,1.0803193987787714,0.8434864104967185,21.6,0,1.46,1.22,26-Aug-2025,27-Jul-2026,-,0.8434864104967185,-,1.0803193987787714,6.556665219279208,-13.562005277044856,https://nsearchives.nseindia.com/today/NIFTYQLITYEQN.svg,https://nsearchives.nseindia.com/30d/NIFTYQLITY-EQ.svg,https://nsearchives.nseindia.com/365d/NIFTYQLITY-EQ.svg,EQ
NIFTYADD,Nifty 50 Index,255.57,255.68,254.54,254.6,-1.68,-0.66,4484,1143061.28,255.25,300,232.64,-,-,Infinity,0.6602617324951519,256.28,0,0,1.32,,27-Jul-2026,-,0.6602617324951519,-,Infinity,15.133333333333336,-9.439477303989001,https://nsearchives.nseindia.com/today/NIFTYADDEQN.svg,https://nsearchives.nseindia.com/30d/NIFTYADD-EQ.svg,,EQ
MOALPHA50,Nifty Alpha 50 Total Return Index,57.25,58.7,57.09,57.1,-0.15,-0.26,19739,1132623.82,57.1998,62,42.1,-,-,13.609231993633115,6.768885564697092,57.25,0,13.91,7.05,26-Aug-2025,27-Jul-2026,-,6.768885564697092,-,13.609231993633115,7.903225806451611,-35.62945368171021,https://nsearchives.nseindia.com/today/MOALPHA50EQN.svg,https://nsearchives.nseindia.com/30d/MOALPHA50-EQ.svg,https://nsearchives.nseindia.com/365d/MOALPHA50-EQ.svg,EQ
HDFCPSUBK,HDFC NIFTY PSU BANK ETF,88.07,88.07,86.28,86.47,-0.97,-1.11,12549,1092013.98,87.742,101.25,67.98,-,-,25.191834370928053,2.258751182592238,87.44,0,26.6,3.41,26-Aug-2025,27-Jul-2026,-,2.258751182592238,-,25.191834370928053,14.59753086419753,-27.199176228302434,https://nsearchives.nseindia.com/today/HDFCPSUBKEQN.svg,https://nsearchives.nseindia.com/30d/HDFCPSUBK-EQ.svg,https://nsearchives.nseindia.com/365d/HDFCPSUBK-EQ.svg,EQ
PVTBANK,Index,27.81,28.03,27.81,28.03,0.22,0.79,37160,1035649.2,27.822,28.33,27.01,-,-,Infinity,2.6363969242035976,27.81,0,0,1.83,,27-Jul-2026,-,2.6363969242035976,-,Infinity,1.0589481115425246,-3.7763791188448703,https://nsearchives.nseindia.com/today/PVTBANKEQN.svg,https://nsearchives.nseindia.com/30d/PVTBANK-EQ.svg,,EQ
MULTICAP,Nifty500 Multicap 50:25:25 Index,17.32,17.32,16.88,16.92,-0.06,-0.35,59385,1005388.05,16.9388,17.5,14.2,-,-,6.081504702194373,2.173913043478279,16.98,0,6.46,2.54,26-Aug-2025,27-Jul-2026,-,2.173913043478279,-,6.081504702194373,3.3142857142857047,-19.154929577464806,https://nsearchives.nseindia.com/today/MULTICAPEQN.svg,https://nsearchives.nseindia.com/30d/MULTICAP-EQ.svg,https://nsearchives.nseindia.com/365d/MULTICAP-EQ.svg,EQ
IDFNIFTYET,Nifty 50,267.95,268.75,266.5,267.79,-1.3,-0.48,3722,996230.52,267.6895,340.8,244.32,-,-,-1.4789742835068547,1.0032814091200637,269.09,0,-1,1.49,26-Aug-2025,27-Jul-2026,-,1.0032814091200637,-,-1.4789742835068547,21.423122065727696,-9.606254092992808,https://nsearchives.nseindia.com/today/IDFNIFTYETEQN.svg,https://nsearchives.nseindia.com/30d/IDFNIFTYET-EQ.svg,https://nsearchives.nseindia.com/365d/IDFNIFTYET-EQ.svg,EQ
MNC,Kotak Nifty MNC ETF,34.27,34.42,33.98,34.2,-0.07,-0.20,27445,936697.85,34.2678,35.65,27.83,-,-,13.696808510638315,1.6344725111441436,34.27,0,13.93,1.84,26-Aug-2025,27-Jul-2026,-,1.6344725111441436,-,13.696808510638315,4.067321178120605,-22.88896873877113,https://nsearchives.nseindia.com/today/MNCEQN.svg,https://nsearchives.nseindia.com/30d/MNC-EQ.svg,https://nsearchives.nseindia.com/365d/MNC-EQ.svg,EQ
CEMNTGROWW,Nifty Cements Index TRI,15.16,15.18,14.91,14.98,-0.18,-1.19,62182,933351.82,15.1058,16.27,14.5,-,-,Infinity,Infinity,15.16,0,0,0,,,-,Infinity,-,Infinity,7.92870313460356,-3.31034482758621,https://nsearchives.nseindia.com/today/CEMNTGROWWEQN.svg,,,EQ
HDFCQUAL,HDFC NIFTY100 Quality 30 ETF,59.61,59.61,59.09,59.35,-0.04,-0.07,15045,890814.45,59.3591,61.87,51.91,-,-,2.6638989794153245,2.2042362665748256,59.39,0,2.73,2.27,26-Aug-2025,27-Jul-2026,-,2.2042362665748256,-,2.6638989794153245,4.073056408598668,-14.332498555191687,https://nsearchives.nseindia.com/today/HDFCQUALEQN.svg,https://nsearchives.nseindia.com/30d/HDFCQUAL-EQ.svg,https://nsearchives.nseindia.com/365d/HDFCQUAL-EQ.svg,EQ
GROWWRLTY,Index,10.22,10.35,10.15,10.16,-0.07,-0.68,85910,878000.2,10.2094,11.3,7.17,-,-,Infinity,0.3952569169960566,10.23,0,0,1.09,,27-Jul-2026,-,0.3952569169960566,-,Infinity,10.088495575221243,-41.701534170153415,https://nsearchives.nseindia.com/today/GROWWRLTYEQN.svg,https://nsearchives.nseindia.com/30d/GROWWRLTY-EQ.svg,,EQ
VALUE,Nifty 500 Value 50,16.33,16.33,16.1,16.13,-0.17,-1.04,52341,844783.74,16.2573,19.69,14.83,-,-,Infinity,0.373366521468567,16.3,0,0,1.43,,27-Jul-2026,-,0.373366521468567,-,Infinity,18.080243778567812,-8.766014834794328,https://nsearchives.nseindia.com/today/VALUEEQN.svg,https://nsearchives.nseindia.com/30d/VALUE-EQ.svg,,EQ
ITADD,DSP Nifty IT ETF,32.24,32.41,32.07,32.23,0.04,0.12,25426,817954.42,32.1763,41.92,27.17,-,-,Infinity,3.1030070377479055,32.19,0,0,2.98,,27-Jul-2026,-,3.1030070377479055,-,Infinity,23.115458015267187,-18.6234817813765,https://nsearchives.nseindia.com/today/ITADDEQN.svg,https://nsearchives.nseindia.com/30d/ITADD-EQ.svg,,EQ
HDFCNIMEG,Nifty Metal Index TRI,136.06,136.06,132.79,133.35,-1.84,-1.36,5924,798436.72,135.3595,152.55,126.96,-,-,Infinity,Infinity,135.19,0,0,0,,,-,Infinity,-,Infinity,12.586037364798438,-5.033081285444235,https://nsearchives.nseindia.com/today/HDFCNIMEGEQN.svg,,,EQ
ELM250,Nifty LargeMidcap 250 TRI,17.01,17.1,16.75,16.89,-0.04,-0.24,46857,790477.59,16.8497,19.2,14.43,-,-,Infinity,1.198322348711799,16.93,0,0,1.44,,27-Jul-2026,-,1.198322348711799,-,Infinity,12.031249999999995,-17.047817047817055,https://nsearchives.nseindia.com/today/ELM250EQN.svg,https://nsearchives.nseindia.com/30d/ELM250-EQ.svg,,EQ
MOMENTUM30,Nifty 200 Momentum 30 Index,31.55,31.62,31.34,31.34,-0.17,-0.54,23793,748527.78,31.382,37.38,26.91,-,-,Infinity,3.159973666886112,31.51,0,0,3.72,,27-Jul-2026,-,3.159973666886112,-,Infinity,16.158373461744254,-16.462281679672984,https://nsearchives.nseindia.com/today/MOMENTUM30EQN.svg,https://nsearchives.nseindia.com/30d/MOMENTUM30-EQ.svg,,EQ
BANKADD,DSP Nifty Bank ETF,59.24,59.32,58.9,58.9,-0.38,-0.64,12387,733186.53,59.2419,62.9,51.01,-,-,Infinity,0.7698887938408823,59.28,0,0,1.42,,27-Jul-2026,-,0.7698887938408823,-,Infinity,6.359300476947536,-15.467555381297785,https://nsearchives.nseindia.com/today/BANKADDEQN.svg,https://nsearchives.nseindia.com/30d/BANKADD-EQ.svg,,EQ
BANKPSU,Nifty PSU Bank Total Return Index,87.51,87.51,86.48,86.77,-0.74,-0.85,8350,725197.5,87.4717,99.52,67.59,-,-,26.19255381035484,2.954437588989078,87.51,0,27.27,3.83,26-Aug-2025,27-Jul-2026,-,2.954437588989078,-,26.19255381035484,12.811495176848876,-28.376978843024105,https://nsearchives.nseindia.com/today/BANKPSUEQN.svg,https://nsearchives.nseindia.com/30d/BANKPSU-EQ.svg,https://nsearchives.nseindia.com/365d/BANKPSU-EQ.svg,EQ
MON50EQUAL,Nifty 50 Equal Weight Total Return Index,33.7,33.7,33.42,33.52,-0.12,-0.36,20729,692763.18,33.521,36,29.43,-,-,6.008855154965219,0.8423586040914595,33.64,0,6.39,1.2,26-Aug-2025,27-Jul-2026,-,0.8423586040914595,-,6.008855154965219,6.88888888888888,-13.897383622154276,https://nsearchives.nseindia.com/today/MON50EQUALEQN.svg,https://nsearchives.nseindia.com/30d/MON50EQUAL-EQ.svg,https://nsearchives.nseindia.com/365d/MON50EQUAL-EQ.svg,EQ
SBINEQWETF,Nifty50 Equal Weight,33.95,33.95,33.52,33.7,-0.09,-0.27,20165,678148.95,33.59,36.4,29.64,-,-,6.309148264984238,1.0191846522781878,33.79,0,6.59,1.29,26-Aug-2025,27-Jul-2026,-,1.0191846522781878,-,6.309148264984238,7.417582417582405,-13.697705802968969,https://nsearchives.nseindia.com/today/SBINEQWETFEQN.svg,https://nsearchives.nseindia.com/30d/SBINEQWETF-EQ.svg,https://nsearchives.nseindia.com/365d/SBINEQWETF-EQ.svg,EQ
SMALLIETF,Nifty Smallcap 250 Index,18.56,18.56,18.44,18.47,-0.03,-0.16,35823,662725.5,18.4894,19.49,17.43,-,-,Infinity,3.415453527435607,18.5,0,0,3.58,,27-Jul-2026,-,3.415453527435607,-,Infinity,5.233453052847612,-5.966724039013191,https://nsearchives.nseindia.com/today/SMALLIETFEQN.svg,https://nsearchives.nseindia.com/30d/SMALLIETF-EQ.svg,,EQ
ECAPINSURE,BSE Capital Markets & Insurance Total Return Index,24.5,24.55,24.29,24.29,-0.21,-0.86,26459,646657.96,24.4795,25.88,20.5,-,-,5.562798783137755,2.316764953664704,24.5,0,6.48,3.2,26-Aug-2025,27-Jul-2026,-,2.316764953664704,-,5.562798783137755,6.143740340030912,-18.487804878048774,https://nsearchives.nseindia.com/today/ECAPINSUREEQN.svg,https://nsearchives.nseindia.com/30d/ECAPINSURE-EQ.svg,https://nsearchives.nseindia.com/365d/ECAPINSURE-EQ.svg,EQ
EMULTIMQ,Nifty500 Multicap Momentum Quality 50 Total Return Index,43.4,43.4,42.23,42.34,-0.05,-0.12,14830,631313.1,42.4495,43.54,36.25,-,-,3.6221243269701517,3.4701857282502484,42.39,0,3.74,3.59,26-Aug-2025,27-Jul-2026,-,3.4701857282502484,-,3.6221243269701517,2.756086357372521,-16.800000000000008,https://nsearchives.nseindia.com/today/EMULTIMQEQN.svg,https://nsearchives.nseindia.com/30d/EMULTIMQ-EQ.svg,https://nsearchives.nseindia.com/365d/EMULTIMQ-EQ.svg,EQ
UNIONGOLD,Commodity Gold,158.25,158.25,152,152.85,-3.8,-2.43,4039,622733.02,156.0265,177,98.05,-,-,54.23814328960646,8.674013508709555,156.65,0,58.07,11.38,26-Aug-2025,27-Jul-2026,-,8.674013508709555,-,54.23814328960646,13.644067796610171,-55.889852116267214,https://nsearchives.nseindia.com/today/UNIONGOLDEQN.svg,https://nsearchives.nseindia.com/30d/UNIONGOLD-EQ.svg,https://nsearchives.nseindia.com/365d/UNIONGOLD-EQ.svg,EQ
TOP15IETF,Nifty Top 15 Equal Weight Index,10.02,10.02,9.89,9.95,-0.03,-0.30,61915,612958.5,9.9364,11.36,9.15,-,-,-2.832031250000009,0.5050505050504943,9.98,0,-2.54,0.81,26-Aug-2025,27-Jul-2026,-,0.5050505050504943,-,-2.832031250000009,12.411971830985916,-8.74316939890709,https://nsearchives.nseindia.com/today/TOP15IETFEQN.svg,https://nsearchives.nseindia.com/30d/TOP15IETF-EQ.svg,https://nsearchives.nseindia.com/365d/TOP15IETF-EQ.svg,EQ
SBINMID150,Nifty Midcap 150 Index,23.8,23.8,23.43,23.67,-0.02,-0.08,25193,595058.66,23.593,24.06,19.81,-,-,Infinity,3.137254901960795,23.69,0,0,3.22,,27-Jul-2026,-,3.137254901960795,-,Infinity,1.620947630922681,-19.485108531044943,https://nsearchives.nseindia.com/today/SBINMID150EQN.svg,https://nsearchives.nseindia.com/30d/SBINMID150-EQ.svg,,EQ
MID150,Nifty Midcap 150 Index,24.18,24.18,23.85,24.01,0.06,0.25,24582,588493.08,,24.95,18.97,-,-,10.137614678899086,3.1800601633003955,23.95,0,9.86,2.92,26-Aug-2025,27-Jul-2026,-,3.1800601633003955,-,10.137614678899086,3.7675350701402714,-26.568265682656843,https://nsearchives.nseindia.com/today/MID150EQN.svg,https://nsearchives.nseindia.com/30d/MID150-EQ.svg,https://nsearchives.nseindia.com/365d/MID150-EQ.svg,EQ
MOIPO,BSE Select IPO Total Return Index,50.58,50.58,49.12,49.2,-0.15,-0.30,10016,492987.52,49.3274,53,36.5,-,-,Infinity,6.747667606856149,49.35,0,0,7.07,,27-Jul-2026,-,6.747667606856149,-,Infinity,7.169811320754712,-34.79452054794521,https://nsearchives.nseindia.com/today/MOIPOEQN.svg,https://nsearchives.nseindia.com/30d/MOIPO-EQ.svg,,EQ
MSCIINDIA,MSCI India Index,30.24,30.24,29.9,30.15,-0.18,-0.59,15521,467492.52,30.158,32.14,26.5,-,-,3.147451248717065,1.4127144298688132,30.33,0,3.76,2.02,26-Aug-2025,27-Jul-2026,-,1.4127144298688132,-,3.147451248717065,6.1916614810205415,-13.773584905660373,https://nsearchives.nseindia.com/today/MSCIINDIAEQN.svg,https://nsearchives.nseindia.com/30d/MSCIINDIA-EQ.svg,https://nsearchives.nseindia.com/365d/MSCIINDIA-EQ.svg,EQ
ESG,NIFTY100 ESG SECTOR LEADERS,40.71,41.82,40.71,41.53,-0.23,-0.55,11208,466813.2,41.6946,45.06,37.52,-,-,-2.282352941176468,0.1688374336710089,41.76,0,-1.74,0.72,26-Aug-2025,27-Jul-2026,-,0.1688374336710089,-,-2.282352941176468,7.833999112294721,-10.687633262260121,https://nsearchives.nseindia.com/today/ESGEQN.svg,https://nsearchives.nseindia.com/30d/ESG-EQ.svg,https://nsearchives.nseindia.com/365d/ESG-EQ.svg,EQ
SMALLGROWW,Nifty Smallcap 250 Momentum Quality 100 Index TRI,49.47,50.84,48.92,49.5,0.58,1.19,9158,458541.06,49.1985,50.84,45,-,-,Infinity,5.2519668296831785,48.92,0,0,4.02,,27-Jul-2026,-,5.2519668296831785,-,Infinity,2.6357199055861593,-10,https://nsearchives.nseindia.com/today/SMALLGROWWEQN.svg,https://nsearchives.nseindia.com/30d/SMALLGROWW-EQ.svg,,EQ
FMCGADD,Nifty FMCG Index (TRI),47.62,48.88,47.26,48.88,1.2,2.52,9558,452762.46,47.4651,51.09,47.26,-,-,Infinity,-1.867094960851234,47.68,0,0,-4.28,,27-Jul-2026,-,-1.867094960851234,-,Infinity,4.325699745547075,-3.4278459585273056,https://nsearchives.nseindia.com/today/FMCGADDEQN.svg,https://nsearchives.nseindia.com/30d/FMCGADD-EQ.svg,,EQ
FLEXIADD,Nifty500 Flexicap Quality 30 TRI,10.28,10.28,10.15,10.18,-0.05,-0.49,44144,449385.92,10.1805,11.9,8.73,-,-,Infinity,1.5968063872255505,10.23,0,0,2.1,,27-Jul-2026,-,1.5968063872255505,-,Infinity,14.453781512605046,-16.609392898052686,https://nsearchives.nseindia.com/today/FLEXIADDEQN.svg,https://nsearchives.nseindia.com/30d/FLEXIADD-EQ.svg,,EQ
MANUFGBEES,Nifty India Manufacturing TRI,167.11,167.22,166.07,167.12,-0.08,-0.05,2617,435730.5,166.5079,171.58,138.6,-,-,Infinity,3.8076899186284834,167.2,0,0,3.86,,27-Jul-2026,-,3.8076899186284834,-,Infinity,2.5993705560088634,-20.577200577200585,https://nsearchives.nseindia.com/today/MANUFGBEESEQN.svg,https://nsearchives.nseindia.com/30d/MANUFGBEES-EQ.svg,,EQ
BANKBETF,Bajaj Finserv Nifty Bank ETF,60,60,58.5,58.54,-0.29,-0.49,7340,430784.6,58.8228,63.9,50.71,-,-,5.420493426976405,0.9832672071761261,58.83,0,5.94,1.48,26-Aug-2025,27-Jul-2026,-,0.9832672071761261,-,5.420493426976405,8.38810641627543,-15.440741471110229,https://nsearchives.nseindia.com/today/BANKBETFEQN.svg,https://nsearchives.nseindia.com/30d/BANKBETF-EQ.svg,https://nsearchives.nseindia.com/365d/BANKBETF-EQ.svg,EQ
GSEC10YEAR,Mirae Asset Nifty 8-13 yr G-Sec ETF,30.66,30.73,30.31,30.73,0.01,0.03,13801,420240.45,30.5156,31.33,28.39,-,-,6.40581717451524,0.42483660130718626,30.72,0,6.37,0.39,26-Aug-2025,27-Jul-2026,-,0.42483660130718626,-,6.40581717451524,1.9150973507819913,-8.242338851708348,https://nsearchives.nseindia.com/today/GSEC10YEAREQN.svg,https://nsearchives.nseindia.com/30d/GSEC10YEAR-EQ.svg,https://nsearchives.nseindia.com/365d/GSEC10YEAR-EQ.svg,EQ
SETF10GILT,Nifty 10 yr Benchmark G-Sec Index,264.39,266.64,264.2,265,0.61,0.23,1582,419261.64,265.3275,272.31,250.37,-,-,4.15438431002633,-0.5628517823639775,264.39,0,3.91,-0.79,26-Aug-2025,27-Jul-2026,-,-0.5628517823639775,-,4.15438431002633,2.684440527340165,-5.843351839277867,https://nsearchives.nseindia.com/today/SETF10GILTEQN.svg,https://nsearchives.nseindia.com/30d/SETF10GILT-EQ.svg,https://nsearchives.nseindia.com/365d/SETF10GILT-EQ.svg,EQ
GROWWPSUBK,Nifty PSU Bank Index - TRI,87.31,87.43,85.7,86.65,-0.77,-0.88,4548,391537.32,86.9655,91.19,77.57,-,-,Infinity,3.179328411526556,87.42,0,0,4.1,,27-Jul-2026,-,3.179328411526556,-,Infinity,4.978616076324149,-11.705556271754562,https://nsearchives.nseindia.com/today/GROWWPSUBKEQN.svg,https://nsearchives.nseindia.com/30d/GROWWPSUBK-EQ.svg,,EQ
ENIFTY,Nifty 50 TRI,24.96,24.96,24.32,24.37,-0.13,-0.53,16021,391393.03,24.4083,27.99,22.28,-,-,Infinity,0.785773366418533,24.5,0,0,1.32,,27-Jul-2026,-,0.785773366418533,-,Infinity,12.933190425151832,-9.38061041292639,https://nsearchives.nseindia.com/today/ENIFTYEQN.svg,https://nsearchives.nseindia.com/30d/ENIFTY-EQ.svg,,EQ
NV20,Nifty50 Value 20,14.27,14.27,13.89,13.93,-0.06,-0.43,27366,381208.38,13.9659,16.87,12.62,27-FEB-26,FACE VALUE SPLIT (SUB-DIVISION) - FROM RS 10/- PER SHARE TO RE 1/- PER SHARE,-90.54375127282601,-0.14336917562723708,13.99,0,-90.5,0.29,26-Aug-2025,27-Jul-2026,FACE VALUE SPLIT (SUB-DIVISION) - FROM RS 10/- PER SHARE TO RE 1/- PER SHARE,-0.14336917562723708,27-FEB-26,-90.54375127282601,17.427385892116188,-10.38034865293186,https://nsearchives.nseindia.com/today/NV20EQN.svg,https://nsearchives.nseindia.com/30d/NV20-EQ.svg,https://nsearchives.nseindia.com/365d/NV20-EQ.svg,EQ
MOGSEC,Nifty 5 yr Benchmark G-Sec Index,65.08,65.74,65.08,65.4,0.34,0.52,5777,376544.86,65.465,67.33,60.18,-,-,5.893782383419702,-0.5020538566864419,65.06,0,5.34,-1.02,26-Aug-2025,27-Jul-2026,-,-0.5020538566864419,-,5.893782383419702,2.866478538541501,-8.673978065802602,https://nsearchives.nseindia.com/today/MOGSECEQN.svg,https://nsearchives.nseindia.com/30d/MOGSEC-EQ.svg,https://nsearchives.nseindia.com/365d/MOGSEC-EQ.svg,EQ
MOMETAL,Nifty Metal Index,13.74,13.74,13.45,13.48,-0.13,-0.96,27375,372026.25,13.5422,13.74,12.85,-,-,Infinity,Infinity,13.61,0,0,0,,,-,Infinity,-,Infinity,1.8922852983988339,-4.902723735408567,https://nsearchives.nseindia.com/today/MOMETALEQN.svg,,,EQ
MOTOUR,Nifty India Tourism Total Return Index,79.93,80.27,79.31,79.35,-0.57,-0.71,4556,362293.12,79.872,95.33,64,-,-,-14.364342758471835,0.685192234487999,79.92,0,-13.75,1.41,26-Aug-2025,27-Jul-2026,-,0.685192234487999,-,-14.364342758471835,16.762823874960667,-23.984374999999993,https://nsearchives.nseindia.com/today/MOTOUREQN.svg,https://nsearchives.nseindia.com/30d/MOTOUR-EQ.svg,https://nsearchives.nseindia.com/365d/MOTOUR-EQ.svg,EQ
HDFCNIF100,HDFC NIFTY 100 ETF,26.32,26.4,26.18,26.33,0.03,0.11,13284,348572.16,26.2773,29,23.31,20-OCT-23,FACE VALUE SPLIT (SUB-DIVISION) - FROM RS 177.27/- PER SHARE TO RS 17.727/- PER SHARE,1.2302960399846086,1.7387944358578025,26.3,0,1.11,1.62,26-Aug-2025,27-Jul-2026,FACE VALUE SPLIT (SUB-DIVISION) - FROM RS 177.27/- PER SHARE TO RS 17.727/- PER SHARE,1.7387944358578025,20-OCT-23,1.2302960399846086,9.206896551724144,-12.955812955812954,https://nsearchives.nseindia.com/today/HDFCNIF100EQN.svg,https://nsearchives.nseindia.com/30d/HDFCNIF100-EQ.svg,https://nsearchives.nseindia.com/365d/HDFCNIF100-EQ.svg,EQ
NETF,Tata Nifty 50 Exchange Traded Fund,264.95,264.95,260.12,260.12,-4.56,-1.72,1311,345055.2,263.6982,292.9,240.66,-,-,-2.5767790262172268,-0.1113628508889906,264.68,0,-0.87,1.64,26-Aug-2025,27-Jul-2026,-,-0.1113628508889906,-,-2.5767790262172268,11.19153294639808,-8.086096567771964,https://nsearchives.nseindia.com/today/NETFEQN.svg,https://nsearchives.nseindia.com/30d/NETF-EQ.svg,https://nsearchives.nseindia.com/365d/NETF-EQ.svg,EQ
NEXT50ADD,Nifty Next 50 TRI,75.58,75.58,74.82,75.06,-0.15,-0.20,4324,324170.28,74.9152,81,56.25,-,-,Infinity,3.189441847676667,75.21,0,0,3.4,,27-Jul-2026,-,3.189441847676667,-,Infinity,7.33333333333333,-33.440000000000005,https://nsearchives.nseindia.com/today/NEXT50ADDEQN.svg,https://nsearchives.nseindia.com/30d/NEXT50ADD-EQ.svg,,EQ
GROWWN200,Nifty 200 Index- Total Return Index,11.17,11.77,11.17,11.49,0.03,0.26,27722,317971.34,11.4711,12.14,9.91,-,-,3.327338129496412,1.5017667844522962,11.46,0,3.06,1.24,26-Aug-2025,27-Jul-2026,-,1.5017667844522962,-,3.327338129496412,5.354200988467877,-15.943491422805247,https://nsearchives.nseindia.com/today/GROWWN200EQN.svg,https://nsearchives.nseindia.com/30d/GROWWN200-EQ.svg,https://nsearchives.nseindia.com/365d/GROWWN200-EQ.svg,EQ
HYBRIDETF,Nifty200 Momentum 30 Plus 8-13 yr G-Sec 50:50 Total Return Index,10.23,10.23,10.16,10.2,-0.01,-0.10,29112,296942.4,10.173,11.99,9.8,-,-,Infinity,Infinity,10.21,0,0,0,,,-,Infinity,-,Infinity,14.929107589658056,-4.0816326530612095,https://nsearchives.nseindia.com/today/HYBRIDETFEQN.svg,,,EQ
DIVIDEND,BSE 500 Dividend Leaders,35.84,35.84,35.52,35.56,-0.28,-0.78,8233,293177.13,35.8238,38.03,33.15,-,-,Infinity,0.22547914317927115,35.84,0,0,1.01,,27-Jul-2026,-,0.22547914317927115,-,Infinity,6.494872469103337,-7.269984917043752,https://nsearchives.nseindia.com/today/DIVIDENDEQN.svg,https://nsearchives.nseindia.com/30d/DIVIDEND-EQ.svg,,EQ
SBIETFCON,Nifty India Consumption Index,128.11,128.11,123.12,123.12,-1.26,-1.01,2199,271554.51,123.7419,133.97,100,-,-,-1.8025203381719501,0.40776382319360627,124.38,0,-0.8,1.44,26-Aug-2025,27-Jul-2026,-,0.40776382319360627,-,-1.8025203381719501,8.09882809584235,-23.120000000000005,https://nsearchives.nseindia.com/today/SBIETFCONEQN.svg,https://nsearchives.nseindia.com/30d/SBIETFCON-EQ.svg,https://nsearchives.nseindia.com/365d/SBIETFCON-EQ.svg,EQ
MONIFTY100,Nifty 100 Total Return Index,25.99,25.99,25.46,25.62,-0.13,-0.50,10061,257863.43,25.5694,27.97,22.38,-,-,Infinity,1.385041551246543,25.75,0,0,1.9,,27-Jul-2026,-,1.385041551246543,-,Infinity,8.401859134787264,-14.47721179624666,https://nsearchives.nseindia.com/today/MONIFTY100EQN.svg,https://nsearchives.nseindia.com/30d/MONIFTY100-EQ.svg,,EQ
TOP20,Nifty Top 20 Equal Weight,9.02,9.12,8.95,9.12,0.12,1.33,27883,250110.51,8.9809,9.99,8,-,-,Infinity,2.934537246049659,9,0,0,1.58,,27-Jul-2026,-,2.934537246049659,-,Infinity,8.708708708708718,-13.99999999999999,https://nsearchives.nseindia.com/today/TOP20EQN.svg,https://nsearchives.nseindia.com/30d/TOP20-EQ.svg,,EQ
SMALLADD,Nifty Smallcap 250 Index,18.66,18.66,18.55,18.55,-0.03,-0.16,12799,237933.41,18.5643,19.5,14.01,-,-,Infinity,3.4002229654403533,18.58,0,0,3.57,,27-Jul-2026,-,3.4002229654403533,-,Infinity,4.871794871794868,-32.40542469664526,https://nsearchives.nseindia.com/today/SMALLADDEQN.svg,https://nsearchives.nseindia.com/30d/SMALLADD-EQ.svg,,EQ
GROWWNXT50,Index,75.45,75.45,74.65,75.01,-0.11,-0.15,3158,236786.84,74.8621,76.79,60.01,-,-,11.78837555886738,2.7534246575342536,75.12,0,11.95,2.9,26-Aug-2025,27-Jul-2026,-,2.7534246575342536,-,11.78837555886738,2.3180101575726018,-24.995834027662067,https://nsearchives.nseindia.com/today/GROWWNXT50EQN.svg,https://nsearchives.nseindia.com/30d/GROWWNXT50-EQ.svg,https://nsearchives.nseindia.com/365d/GROWWNXT50-EQ.svg,EQ
BSLSENETFG,BSE SENSEX Index,77.03,78.84,76.99,77.68,-0.28,-0.36,2594,202409.82,78.1828,87.82,70.32,25-NOV-21, FACE VALUE SPLIT (SUB-DIVISION) - FROM RS 10/- PER SHARE TO RE 1- PER SHARE,-3.634784766158036,0.21932653851116204,77.96,0,-3.29,0.58,26-Aug-2025,27-Jul-2026, FACE VALUE SPLIT (SUB-DIVISION) - FROM RS 10/- PER SHARE TO RE 1- PER SHARE,0.21932653851116204,25-NOV-21,-3.634784766158036,11.546344796173978,-10.466439135381135,https://nsearchives.nseindia.com/today/BSLSENETFGEQN.svg,https://nsearchives.nseindia.com/30d/BSLSENETFG-EQ.svg,https://nsearchives.nseindia.com/365d/BSLSENETFG-EQ.svg,EQ
MOINFRA,BSE India Infrastructure Total Return Index,59.14,59.24,58.89,59,-0.14,-0.24,3420,201882.6,59.1633,66,54.6,-,-,2.5730180806675884,-2.5920422651477635,59.14,0,2.82,-2.36,26-Aug-2025,27-Jul-2026,-,-2.5920422651477635,-,2.5730180806675884,10.606060606060606,-8.058608058608057,https://nsearchives.nseindia.com/today/MOINFRAEQN.svg,https://nsearchives.nseindia.com/30d/MOINFRA-EQ.svg,https://nsearchives.nseindia.com/365d/MOINFRA-EQ.svg,EQ
MSCI360,MSCI India Index,10.27,10.27,10.13,10.23,-0.04,-0.39,18364,187680.08,10.2011,12.24,9.6,-,-,Infinity,1.3875123885034744,10.27,0,0,1.78,,27-Jul-2026,-,1.3875123885034744,-,Infinity,16.421568627450977,-6.562500000000008,https://nsearchives.nseindia.com/today/MSCI360EQN.svg,https://nsearchives.nseindia.com/30d/MSCI360-EQ.svg,,EQ
CONS,Kotak Nifty India Consumption ETF,12.35,12.38,12.3,12.34,-0.06,-0.48,14348,176767.36,12.3377,13.2,10.2,27-FEB-26,FACE VALUE SPLIT (SUB-DIVISION) - FROM RS 10/- PER SHARE TO RE 1/- PER SHARE,-90.08277746524149,0.8169934640522847,12.4,0,-90.03,1.31,26-Aug-2025,27-Jul-2026,FACE VALUE SPLIT (SUB-DIVISION) - FROM RS 10/- PER SHARE TO RE 1/- PER SHARE,0.8169934640522847,27-FEB-26,-90.08277746524149,6.515151515151511,-20.980392156862752,https://nsearchives.nseindia.com/today/CONSEQN.svg,https://nsearchives.nseindia.com/30d/CONS-EQ.svg,https://nsearchives.nseindia.com/365d/CONS-EQ.svg,EQ
NPBET,Nifty Private Bank Index,283.64,289.3,283.63,288,1.5,0.52,600,172980,287.7816,307,246.26,-,-,5.711349287916606,1.2978790756568526,286.5,0,5.16,0.77,26-Aug-2025,27-Jul-2026,-,1.2978790756568526,-,5.711349287916606,6.188925081433225,-16.949565499878183,https://nsearchives.nseindia.com/today/NPBETEQN.svg,https://nsearchives.nseindia.com/30d/NPBET-EQ.svg,https://nsearchives.nseindia.com/365d/NPBET-EQ.svg,EQ
ITBETA,UTI Nifty IT ETF,319.89,319.89,317.33,319,-2.38,-0.74,543,172760.88,319.1008,409.94,270.68,-,-,Infinity,3.092783505154637,321.38,0,0,3.86,,27-Jul-2026,-,3.092783505154637,-,Infinity,22.18373420500561,-17.85133737254322,https://nsearchives.nseindia.com/today/ITBETAEQN.svg,https://nsearchives.nseindia.com/30d/ITBETA-EQ.svg,,EQ
QUALITY30,Nifty200 Quality 30 Index,20.98,20.98,20.81,20.95,-0.07,-0.33,8127,169447.95,20.904,23.18,18.09,-,-,0.23923444976076896,0.8180943214629363,21.02,0,0.57,1.15,26-Aug-2025,27-Jul-2026,-,0.8180943214629363,-,0.23923444976076896,9.620362381363247,-15.809839690436702,https://nsearchives.nseindia.com/today/QUALITY30EQN.svg,https://nsearchives.nseindia.com/30d/QUALITY30-EQ.svg,https://nsearchives.nseindia.com/365d/QUALITY30-EQ.svg,EQ
NEXT30ADD,BSE SENSEX Next 30 Index,43.43,43.45,43.18,43.45,-0.19,-0.44,3788,163868.88,43.5069,46.7,36.98,-,-,12.535612535612545,2.7186761229314556,43.64,0,13.03,3.17,26-Aug-2025,27-Jul-2026,-,2.7186761229314556,-,12.535612535612545,6.959314775160599,-17.49594375338022,https://nsearchives.nseindia.com/today/NEXT30ADDEQN.svg,https://nsearchives.nseindia.com/30d/NEXT30ADD-EQ.svg,https://nsearchives.nseindia.com/365d/NEXT30ADD-EQ.svg,EQ
MOPSE,Nifty PSE Total Return Index,99.37,101.5,98.5,98.5,-1.08,-1.08,1604,158779.96,98.9704,114.7,92.55,-,-,5.111514246078333,-3.0893349075167262,99.58,0,6.26,-2.03,26-Aug-2025,27-Jul-2026,-,-3.0893349075167262,-,5.111514246078333,14.123801220575416,-6.428957320367371,https://nsearchives.nseindia.com/today/MOPSEEQN.svg,https://nsearchives.nseindia.com/30d/MOPSE-EQ.svg,https://nsearchives.nseindia.com/365d/MOPSE-EQ.svg,EQ
SBIVALETF,Nifty200 Value 30 Index,14.87,14.87,14.72,14.8,-0.05,-0.34,10723,158164.25,14.8457,17.7,14.43,-,-,Infinity,-0.6044325050369366,14.85,0,0,-0.27,,27-Jul-2026,-,-0.6044325050369366,-,Infinity,16.384180790960446,-2.564102564102571,https://nsearchives.nseindia.com/today/SBIVALETFEQN.svg,https://nsearchives.nseindia.com/30d/SBIVALETF-EQ.svg,,EQ
MIDCAPADD,Nifty Midcap 150 Index,23.67,23.69,23.5,23.5,0.07,0.30,6550,154580,23.5944,25.5,19.27,-,-,Infinity,2.4411508282475967,23.43,0,0,2.14,,27-Jul-2026,-,2.4411508282475967,-,Infinity,7.8431372549019605,-21.951219512195124,https://nsearchives.nseindia.com/today/MIDCAPADDEQN.svg,https://nsearchives.nseindia.com/30d/MIDCAPADD-EQ.svg,,EQ
GSEC10IETF,ICICI Prudential Nifty 10 yr Benchmark G-Sec ETF,266.15,266.15,263.52,263.52,-2.23,-0.84,577,152056.81,264.838,269.59,252.23,-,-,3.6949592728131218,-0.7270672443021311,265.75,0,4.57,0.11,26-Aug-2025,27-Jul-2026,-,-0.7270672443021311,-,3.6949592728131218,2.2515671946288784,-4.476073425048563,https://nsearchives.nseindia.com/today/GSEC10IETFEQN.svg,https://nsearchives.nseindia.com/30d/GSEC10IETF-EQ.svg,https://nsearchives.nseindia.com/365d/GSEC10IETF-EQ.svg,EQ
HEALTHADD,DSP Nifty Healthcare ETF,16.92,16.94,16.77,16.77,-0.07,-0.42,8959,150511.2,16.7528,17.47,13.54,03-JUL-26,FACE VALUE SPLIT (SUB-DIVISION) - FROM RS 10/- PER UNIT TO RE 1/- PER UNIT,-88.51763094830537,0.9025270758122658,16.84,0,-88.47,1.32,26-Aug-2025,27-Jul-2026,FACE VALUE SPLIT (SUB-DIVISION) - FROM RS 10/- PER UNIT TO RE 1/- PER UNIT,0.9025270758122658,03-JUL-26,-88.51763094830537,4.006868918145388,-23.85524372230429,https://nsearchives.nseindia.com/today/HEALTHADDEQN.svg,https://nsearchives.nseindia.com/30d/HEALTHADD-EQ.svg,https://nsearchives.nseindia.com/365d/HEALTHADD-EQ.svg,EQ
EBANKNIFTY,Edelweiss Nifty Bank ETF,57.36,58.47,57.36,58.27,-0.26,-0.44,2526,146760.6,58.3481,69.39,50.05,-,-,5.926195237229604,1.4626501828312788,58.53,0,6.4,1.92,26-Aug-2025,27-Jul-2026,-,1.4626501828312788,-,5.926195237229604,16.025363885286062,-16.423576423576435,https://nsearchives.nseindia.com/today/EBANKNIFTYEQN.svg,https://nsearchives.nseindia.com/30d/EBANKNIFTY-EQ.svg,https://nsearchives.nseindia.com/365d/EBANKNIFTY-EQ.svg,EQ
SNXT50BETA,BSE Sensex Next 50,96.08,97.23,96.01,96.88,0.52,0.54,1519,146370.84,96.6256,102.25,77.11,17-FEB-21, FACE VALUE SPLIT (SUB-DIVISION) - FROM RS 10/- PER UNIT TO RE 1/- PER UNIT,Infinity,3.074795190977764,96.36,0,0,2.52,,27-Jul-2026, FACE VALUE SPLIT (SUB-DIVISION) - FROM RS 10/- PER UNIT TO RE 1/- PER UNIT,3.074795190977764,17-FEB-21,Infinity,5.251833740831301,-25.638697963947603,https://nsearchives.nseindia.com/today/SNXT50BETAEQN.svg,https://nsearchives.nseindia.com/30d/SNXT50BETA-EQ.svg,,EQ
LICNMID100,LIC MF Nifty Midcap 100 ETF,65.05,65.05,64.15,64.63,-0.23,-0.35,2206,142353.18,64.5516,67.5,52.3,-,-,11.488701052268409,3.2098371127435295,64.86,0,11.89,3.58,26-Aug-2025,27-Jul-2026,-,3.2098371127435295,-,11.488701052268409,4.251851851851859,-23.5755258126195,https://nsearchives.nseindia.com/today/LICNMID100EQN.svg,https://nsearchives.nseindia.com/30d/LICNMID100-EQ.svg,https://nsearchives.nseindia.com/365d/LICNMID100-EQ.svg,EQ
MONEXT50,Nifty Next 50 Total Return Index,74.61,74.62,74.15,74.6,0.12,0.16,1759,130887.19,74.4482,75.89,59.43,-,-,12.062490611386513,2.8114663726571,74.48,0,11.88,2.65,26-Aug-2025,27-Jul-2026,-,2.8114663726571,-,12.062490611386513,1.6998286994333986,-25.525828706040713,https://nsearchives.nseindia.com/today/MONEXT50EQN.svg,https://nsearchives.nseindia.com/30d/MONEXT50-EQ.svg,https://nsearchives.nseindia.com/365d/MONEXT50-EQ.svg,EQ
MOQUALITY,Motilal Oswal S&P BSE Quality ETF,203.82,203.82,202.4,202.4,0.59,0.29,639,129423.06,203.4057,225.6,176.15,-,-,5.725031341412458,0.41176762415042545,201.81,0,5.42,0.12,26-Aug-2025,27-Jul-2026,-,0.41176762415042545,-,5.725031341412458,10.283687943262407,-14.902072097644053,https://nsearchives.nseindia.com/today/MOQUALITYEQN.svg,https://nsearchives.nseindia.com/30d/MOQUALITY-EQ.svg,https://nsearchives.nseindia.com/365d/MOQUALITY-EQ.svg,EQ
INFRA,Nifty India Infrastructure & Logistics,12.21,12.32,12.16,12.18,-0.03,-0.25,10519,128226.61,12.1795,13.27,10.14,-,-,Infinity,0.41220115416322284,12.21,0,0,0.66,,27-Jul-2026,-,0.41220115416322284,-,Infinity,8.214016578749057,-20.118343195266263,https://nsearchives.nseindia.com/today/INFRAEQN.svg,https://nsearchives.nseindia.com/30d/INFRA-EQ.svg,,EQ
GROWWMC150,Nifty Midcap 150 Index - TRI,237,237.83,235.1,237,0.37,0.16,510,120742.5,236.0273,245,193.6,-,-,Infinity,3.5115303983228476,236.63,0,0,3.35,,27-Jul-2026,-,3.5115303983228476,-,Infinity,3.2653061224489797,-22.417355371900832,https://nsearchives.nseindia.com/today/GROWWMC150EQN.svg,https://nsearchives.nseindia.com/30d/GROWWMC150-EQ.svg,,EQ
LICNETFN50,Nifty 50,271.76,272.41,270.69,271.81,-1.18,-0.43,402,109368.12,271.7762,295,248.17,-,-,-1.3143085357441109,1.229004506349861,272.99,0,-0.89,1.67,26-Aug-2025,27-Jul-2026,-,1.229004506349861,-,-1.3143085357441109,7.861016949152543,-9.52572833138575,https://nsearchives.nseindia.com/today/LICNETFN50EQN.svg,https://nsearchives.nseindia.com/30d/LICNETFN50-EQ.svg,https://nsearchives.nseindia.com/365d/LICNETFN50-EQ.svg,EQ
MOLOWVOL,Nifty Midcap 100 TRI,36.85,36.85,36.58,36.62,-0.33,-0.89,2948,108073.68,36.6982,43.07,33.52,11-AUG-22,FACE VALUE SPLIT (SUB-DIVISION) - FROM RS 10/- PER UNIT TO RS 2/- PER UNIT,-3.044744506221884,-1.000270343336049,36.95,0,-2.17,-0.11,26-Aug-2025,27-Jul-2026,FACE VALUE SPLIT (SUB-DIVISION) - FROM RS 10/- PER UNIT TO RS 2/- PER UNIT,-1.000270343336049,11-AUG-22,-3.044744506221884,14.975621081959606,-9.248210023866331,https://nsearchives.nseindia.com/today/MOLOWVOLEQN.svg,https://nsearchives.nseindia.com/30d/MOLOWVOL-EQ.svg,https://nsearchives.nseindia.com/365d/MOLOWVOL-EQ.svg,EQ
CONSUMAXIS,NIFTY India Consumption Index,123.36,123.46,122.41,123.46,-0.49,-0.40,852,104761.92,123.3847,131.85,105.63,-,-,Infinity,1.0559057051649277,123.95,0,0,1.46,,27-Jul-2026,-,1.0559057051649277,-,Infinity,6.363291619264316,-16.879674334942724,https://nsearchives.nseindia.com/today/CONSUMAXISEQN.svg,https://nsearchives.nseindia.com/30d/CONSUMAXIS-EQ.svg,,EQ
BNKETFAXIS,Nifty Bank,598.44,598.44,594,595.86,-2.14,-0.36,166,98834.74,596.6543,647.82,512.51,-,-,Infinity,1.0960298608754728,598,0,0,1.46,,27-Jul-2026,-,1.0960298608754728,-,Infinity,8.020746503658428,-16.263097305418434,https://nsearchives.nseindia.com/today/BNKETFAXISEQN.svg,https://nsearchives.nseindia.com/30d/BNKETFAXIS-EQ.svg,,EQ
EMETAL,Nifty Metal Total Return Index,13.54,13.6,13.28,13.28,-0.23,-1.70,7029,94188.6,13.5309,15.21,12.41,-,-,Infinity,Infinity,13.51,0,0,0,,,-,Infinity,-,Infinity,12.689020381328083,-7.010475423045924,https://nsearchives.nseindia.com/today/EMETALEQN.svg,,,EQ
SBIETFQLTY,Nifty 200 Quality 30 Index,224.05,225,223.22,224.68,-0.71,-0.32,412,92325.08,224.214,247.28,194,-,-,1.0615329255127806,1.2026485293455322,225.39,0,1.38,1.52,26-Aug-2025,27-Jul-2026,-,1.2026485293455322,-,1.0615329255127806,9.139437075380133,-15.814432989690726,https://nsearchives.nseindia.com/today/SBIETFQLTYEQN.svg,https://nsearchives.nseindia.com/30d/SBIETFQLTY-EQ.svg,https://nsearchives.nseindia.com/365d/SBIETFQLTY-EQ.svg,EQ
EQUAL200,BSE 200 Equal Weight,14.08,14.08,14,14.02,-0.04,-0.28,5820,81596.4,11.913,14.6,11.75,-,-,9.531249999999991,2.037845705967972,14.06,0,9.84,2.33,26-Aug-2025,27-Jul-2026,-,2.037845705967972,-,9.531249999999991,3.972602739726028,-19.31914893617021,https://nsearchives.nseindia.com/today/EQUAL200EQN.svg,https://nsearchives.nseindia.com/30d/EQUAL200-EQ.svg,https://nsearchives.nseindia.com/365d/EQUAL200-EQ.svg,EQ
LICNETFSEN,SENSEX,875.21,877.5,874,874,-8.33,-0.94,93,81385.23,875.8013,974.02,803,-,-,-5.0990271021542775,0.8178472967205399,882.33,0,-4.19,1.78,25-Aug-2025,27-Jul-2026,-,0.8178472967205399,-,-5.0990271021542775,10.268782981868954,-8.84184308841843,https://nsearchives.nseindia.com/today/LICNETFSENEQN.svg,https://nsearchives.nseindia.com/30d/LICNETFSEN-EQ.svg,https://nsearchives.nseindia.com/365d/LICNETFSEN-EQ.svg,EQ
GROWWLOVOL,Nifty 500 Low Volatility 50 Index   TRI,10.56,10.56,10.37,10.38,-0.08,-0.76,6886,71545.54,10.429,11.1,9.39,-,-,1.864573110893045,-1.1428571428571355,10.46,0,2.65,-0.38,26-Aug-2025,27-Jul-2026,-,-1.1428571428571355,-,1.864573110893045,6.486486486486476,-10.543130990415337,https://nsearchives.nseindia.com/today/GROWWLOVOLEQN.svg,https://nsearchives.nseindia.com/30d/GROWWLOVOL-EQ.svg,https://nsearchives.nseindia.com/365d/GROWWLOVOL-EQ.svg,EQ
BBNPNBETF,Baroda BNP Paribas NIFTY Bank ETF,60.05,60.05,57.9,57.9,-0.69,-1.18,1156,67244.52,58.3116,62.77,50.03,-,-,5.772743880160753,0.608166811468291,58.59,0,7.03,1.81,26-Aug-2025,27-Jul-2026,-,0.608166811468291,-,5.772743880160753,7.758483351919714,-15.730561663002193,https://nsearchives.nseindia.com/today/BBNPNBETFEQN.svg,https://nsearchives.nseindia.com/30d/BBNPNBETF-EQ.svg,https://nsearchives.nseindia.com/365d/BBNPNBETF-EQ.svg,EQ
LICNETFGSC,GSEC10 NSE Index,29.75,29.75,29.33,29.69,0.02,0.07,2190,64911.6,29.5277,30.53,27.42,-,-,5.92222618622904,0.7807196198234909,29.67,0,5.85,0.71,26-Aug-2025,27-Jul-2026,-,0.7807196198234909,-,5.92222618622904,2.7513920733704547,-8.278628738147335,https://nsearchives.nseindia.com/today/LICNETFGSCEQN.svg,https://nsearchives.nseindia.com/30d/LICNETFGSC-EQ.svg,https://nsearchives.nseindia.com/365d/LICNETFGSC-EQ.svg,EQ
MIDCAPBETA,UTI Nifty Midcap 150 Exchange Traded Fund (ETF),238,240,235.55,240,1.11,0.46,266,63337.26,237.9385,240,192.5,-,-,Infinity,3.4482758620689653,238.89,0,0,2.97,,27-Jul-2026,-,3.4482758620689653,-,Infinity,0,-24.675324675324674,https://nsearchives.nseindia.com/today/MIDCAPBETAEQN.svg,https://nsearchives.nseindia.com/30d/MIDCAPBETA-EQ.svg,,EQ
MOSERVICE,Nifty Services Sector Total Return Index,31.13,31.14,31,31,-0.18,-0.58,1798,55773.96,31.0855,35.37,28.3,-,-,Infinity,-0.03224766204450681,31.18,0,0,0.55,,27-Jul-2026,-,-0.03224766204450681,-,Infinity,12.355103194797845,-9.540636042402825,https://nsearchives.nseindia.com/today/MOSERVICEEQN.svg,https://nsearchives.nseindia.com/30d/MOSERVICE-EQ.svg,,EQ
ESENSEX,BSE Sensex TRI,78.43,78.43,77.56,78.14,-0.29,-0.37,711,55472.22,78.0476,88.05,71.87,-,-,Infinity,1.230729369089264,78.43,0,0,1.61,,27-Jul-2026,-,1.230729369089264,-,Infinity,11.254968767745595,-8.724085153749819,https://nsearchives.nseindia.com/today/ESENSEXEQN.svg,https://nsearchives.nseindia.com/30d/ESENSEX-EQ.svg,,EQ
MOMGF,Nifty India Manufacturing Total Return Index,166.13,166.27,165.65,165.65,-0.35,-0.21,334,55413.94,165.4112,182.16,137.9,-,-,15.14667037397469,3.5377211075692205,166,0,15.39,3.76,26-Aug-2025,27-Jul-2026,-,3.5377211075692205,-,15.14667037397469,9.063460693895472,-20.123277737490934,https://nsearchives.nseindia.com/today/MOMGFEQN.svg,https://nsearchives.nseindia.com/30d/MOMGF-EQ.svg,https://nsearchives.nseindia.com/365d/MOMGF-EQ.svg,EQ
MIDBANKADD,BSE MidSmall Private Banks Index,17.54,17.54,17.35,17.37,-0.17,-0.97,3168,55154.88,17.488,17.83,17.23,-,-,Infinity,Infinity,17.54,0,0,0,,,-,Infinity,-,Infinity,2.579921480650574,-0.8125362739408042,https://nsearchives.nseindia.com/today/MIDBANKADDEQN.svg,,,EQ
MOOILGAS,Nifty Oil & Gas ETF Total Return Index,10.9,11.4,10.9,11.1,-0.08,-0.72,4450,49439.5,11.1567,11.7,10.9,-,-,Infinity,Infinity,11.18,0,0,0,,,-,Infinity,-,Infinity,5.128205128205125,-1.8348623853210944,https://nsearchives.nseindia.com/today/MOOILGASEQN.svg,,,EQ
ENEXT50,Nifty Next 50 Total Return Index,75.86,75.86,74.21,74.78,0.41,0.55,653,49177.43,74.2665,75.86,68.59,-,-,Infinity,3.216011042097996,74.37,0,0,2.65,,27-Jul-2026,-,3.216011042097996,-,Infinity,1.4236751911415744,-9.024639160227435,https://nsearchives.nseindia.com/today/ENEXT50EQN.svg,https://nsearchives.nseindia.com/30d/ENEXT50-EQ.svg,,EQ
ABGSEC,Aditya Birla Sun Life CRISIL Broad Based Gilt ETF,115.24,115.24,114.11,114.11,-0.64,-0.56,395,45191.95,114.6764,118,108.18,-,-,5.112380250552688,-0.37541470228741647,114.75,0,5.7,0.18,26-Aug-2025,27-Jul-2026,-,-0.37541470228741647,-,5.112380250552688,3.296610169491526,-5.481604732852646,https://nsearchives.nseindia.com/today/ABGSECEQN.svg,https://nsearchives.nseindia.com/30d/ABGSEC-EQ.svg,https://nsearchives.nseindia.com/365d/ABGSEC-EQ.svg,EQ
IVZINNIFTY,Nifty 50,278.59,278.59,276.17,277.55,-0.65,-0.23,153,42504.93,277.8507,315,251.1,31-JUL-26,FACE VALUE SPLIT (SUB-DIVISION) - FROM RS 10/- PER SHARE TO RE 1/- PER SHARE,-90.23402451082156,-89.91728211629908,278.2,0,-90.21,-89.89,25-Aug-2025,27-Jul-2026,FACE VALUE SPLIT (SUB-DIVISION) - FROM RS 10/- PER SHARE TO RE 1/- PER SHARE,-89.91728211629908,31-JUL-26,-90.23402451082156,11.888888888888886,-10.533651931501401,https://nsearchives.nseindia.com/today/IVZINNIFTYEQN.svg,https://nsearchives.nseindia.com/30d/IVZINNIFTY-EQ.svg,https://nsearchives.nseindia.com/365d/IVZINNIFTY-EQ.svg,EQ
MOBANK10,BSE Top 10 Banks Total Return Index,17.18,17.18,16.95,16.95,-0.06,-0.35,2397,40772.97,17.0333,20,15.75,-,-,Infinity,0.4146919431279638,17.01,0,0,0.77,,27-Jul-2026,-,0.4146919431279638,-,Infinity,15.250000000000004,-7.619047619047614,https://nsearchives.nseindia.com/today/MOBANK10EQN.svg,https://nsearchives.nseindia.com/30d/MOBANK10-EQ.svg,,EQ
HDFCLOWVOL,HDFC NIFTY100 Low Volatility 30 ETF,20.83,20.84,20.7,20.7,-0.13,-0.62,1832,38014,20.7583,22.28,18.35,20-OCT-23,FACE VALUE SPLIT (SUB-DIVISION) - FROM RS 126.18/- PER SHARE TO RS 12.618/- PER SHARE,-0.19286403085824083,-0.1447178002894411,20.83,0,0.43,0.48,26-Aug-2025,27-Jul-2026,FACE VALUE SPLIT (SUB-DIVISION) - FROM RS 126.18/- PER SHARE TO RS 12.618/- PER SHARE,-0.1447178002894411,20-OCT-23,-0.19286403085824083,7.091561938958715,-12.806539509536771,https://nsearchives.nseindia.com/today/HDFCLOWVOLEQN.svg,https://nsearchives.nseindia.com/30d/HDFCLOWVOL-EQ.svg,https://nsearchives.nseindia.com/365d/HDFCLOWVOL-EQ.svg,EQ
SENSEXADD,DSP S&P BSE Sensex ETF,79.97,80.32,79.53,79.53,-0.65,-0.81,434,34720,79.9687,88.2,73.27,-,-,-3.8331318016928675,0.5817629948147313,80.18,0,-3.05,1.4,26-Aug-2025,27-Jul-2026,-,0.5817629948147313,-,-3.8331318016928675,9.829931972789119,-8.543742322915252,https://nsearchives.nseindia.com/today/SENSEXADDEQN.svg,https://nsearchives.nseindia.com/30d/SENSEXADD-EQ.svg,https://nsearchives.nseindia.com/365d/SENSEXADD-EQ.svg,EQ
BANK10BETF,Index,20.84,21.04,20.76,20.98,-0.02,-0.10,1144,23989.68,20.9575,24.9,20.17,-,-,Infinity,0.5270723526593168,21,0,0,0.62,,27-Jul-2026,-,0.5270723526593168,-,Infinity,15.742971887550194,-4.01586514625681,https://nsearchives.nseindia.com/today/BANK10BETFEQN.svg,https://nsearchives.nseindia.com/30d/BANK10BETF-EQ.svg,,EQ
EBANK10,Index (BSE Top 10 Bank),17.01,17.01,16.8,16.94,-0.07,-0.41,1194,20166.66,16.9023,17.9,16.6,-,-,Infinity,Infinity,17.01,0,0,0,,,-,Infinity,-,Infinity,5.363128491620097,-2.048192771084336,https://nsearchives.nseindia.com/today/EBANK10EQN.svg,,,EQ
LICNFNHGP,Nifty 100,278.07,279.77,278.07,278.67,-1.15,-0.41,71,19789.12,278.5389,296.41,248.02,-,-,0.934477887645348,1.2977099236641196,279.82,0,1.35,1.72,26-Aug-2025,27-Jul-2026,-,1.2977099236641196,-,0.934477887645348,5.984953274181035,-12.357874364970568,https://nsearchives.nseindia.com/today/LICNFNHGPEQN.svg,https://nsearchives.nseindia.com/30d/LICNFNHGP-EQ.svg,https://nsearchives.nseindia.com/365d/LICNFNHGP-EQ.svg,EQ
MSCIADD,MSCI India Index,29.89,29.9,29.73,29.9,-0.09,-0.30,576,17176.32,29.8504,33.82,26.4,-,-,Infinity,1.3559322033898258,29.99,0,0,1.66,,27-Jul-2026,-,1.3559322033898258,-,Infinity,11.590774689532825,-13.257575757575758,https://nsearchives.nseindia.com/today/MSCIADDEQN.svg,https://nsearchives.nseindia.com/30d/MSCIADD-EQ.svg,,EQ
ELMDIV,Index (BSE LargeMid (60:40) Stable Dividend 50),37.03,37.03,36.76,36.95,-0.15,-0.40,369,13619.79,36.8719,38.67,36.13,-,-,Infinity,Infinity,37.1,0,0,0,,,-,Infinity,-,Infinity,4.447892423066974,-2.269582064766123,https://nsearchives.nseindia.com/today/ELMDIVEQN.svg,,,EQ
GILT10BETA,UTI Nifty 10 yr Benchmark G-Sec ETF,26.92,26.92,26.39,26.92,-0.07,-0.26,436,11601.96,26.6568,27.14,25.1,-,-,Infinity,2.279635258358668,26.99,0,0,2.55,,27-Jul-2026,-,2.279635258358668,-,Infinity,0.8106116433308728,-7.250996015936256,https://nsearchives.nseindia.com/today/GILT10BETAEQN.svg,https://nsearchives.nseindia.com/30d/GILT10BETA-EQ.svg,,EQ
IVZBANKNF,Nifty Bank TRI,57.72,57.72,57.66,57.66,-0.06,-0.10,178,10272.38,57.7354,57.72,57.18,-,-,Infinity,Infinity,57.72,0,0,0,,,-,Infinity,-,Infinity,0.1039501039501079,-0.8394543546694594,https://nsearchives.nseindia.com/today/IVZBANKNFEQN.svg,,,EQ
MOMNC,Nifty MNC ETF Total Return Index,33.31,33.31,33.03,33.15,-0.12,-0.36,309,10237.17,33.1843,35.8,27.03,-,-,Infinity,1.4692378328741869,33.27,0,0,1.84,,27-Jul-2026,-,1.4692378328741869,-,Infinity,7.402234636871506,-22.641509433962256,https://nsearchives.nseindia.com/today/MOMNCEQN.svg,https://nsearchives.nseindia.com/30d/MOMNC-EQ.svg,,EQ
ABSLMSCIN,MSCI India Index,29.84,29.98,29.73,29.73,-0.25,-0.83,313,9321.14,29.8254,35.34,26.34,-,-,Infinity,1.2947189097103884,29.98,0,0,2.15,,27-Jul-2026,-,1.2947189097103884,-,Infinity,15.874363327674033,-12.870159453302964,https://nsearchives.nseindia.com/today/ABSLMSCINEQN.svg,https://nsearchives.nseindia.com/30d/ABSLMSCIN-EQ.svg,,EQ
IVZSENSEX,BSE Sensex TRI,77.82,77.82,77.16,77.37,-0.18,-0.23,106,8194.86,77.5013,78.09,75.54,-,-,Infinity,Infinity,77.55,0,0,0,,,-,Infinity,-,Infinity,0.9220130618517081,-2.4225575853852237,https://nsearchives.nseindia.com/today/IVZSENSEXEQN.svg,,,EQ
LARGEMID50,BSE LargeMid (60:40) Stable Dividend 50 TRI (Total Return Index),36.99,36.99,36.86,36.86,-0.04,-0.11,175,6462.75,36.8778,38,36.7,-,-,Infinity,Infinity,36.9,0,0,0,,,-,Infinity,-,Infinity,3.0000000000000013,-0.43596730245230675,https://nsearchives.nseindia.com/today/LARGEMID50EQN.svg,,,EQ
GILT5BETA,UTI Nifty 5 yr Benchmark G-Sec ETF,65.85,65.85,65.85,65.85,0.33,0.50,88,5794.8,66.5053,67.62,61.51,-,-,Infinity,0.3199268738573945,65.52,0,0,-0.18,,27-Jul-2026,-,0.3199268738573945,-,Infinity,2.6175687666371044,-7.0557632905218615,https://nsearchives.nseindia.com/today/GILT5BETAEQN.svg,https://nsearchives.nseindia.com/30d/GILT5BETA-EQ.svg,,EQ
LIQUIDBETA,Nifty 1D Rate Index,1005.8,1005.8,1005.78,1005.78,0.07,0.01,2,2011.58,1005.6592,1009.78,997.13,-,-,Infinity,0.4053028790480319,1005.71,0,0,0.4,,27-Jul-2026,-,0.4053028790480319,-,Infinity,0.396125888807463,-0.86748969542587,https://nsearchives.nseindia.com/today/LIQUIDBETAEQN.svg,https://nsearchives.nseindia.com/30d/LIQUIDBETA-EQ.svg,,EQ
GSEC10ABSL,CRISIL 10 Year Gilt ETF,0,0,0,112.28,0,0.00,0,0,112.8376,115,107.65,-,-,3.8091715976331404,-0.40801844952988625,112.28,0,3.81,-0.41,25-Aug-2025,27-Jul-2026,-,-0.40801844952988625,-,3.8091715976331404,2.365217391304347,-4.300975383186247,https://nsearchives.nseindia.com/today/GSEC10ABSLEQN.svg,https://nsearchives.nseindia.com/30d/GSEC10ABSL-EQ.svg,https://nsearchives.nseindia.com/365d/GSEC10ABSL-EQ.svg,EQ
