symbol,assets,open,high,low,ltP,chn,per,qty,trdVal,nav,wkhi,wklo,xDt,cAct,yPC,mPC,prevClose,stockIndClosePrice,perChange365d,perChange30d,date365dAgo,date30dAgo,CAct,MPC,XDt,YPC,nearWKH,nearWKL,chartTodayPath,chart30dPath,chart365dPath,series
LIQUIDBEES,Government Securities,999.99,1000.01,999.99,1000,0.01,0.00,6909810,6909740901.9,1000,1029.99,969.99,19-SEP-17, EXIT OPTION PURSUANT TO CHANGE IN FUNDAMENTAL ATTRIBUTES OF ETF  ,0,0,999.99,0,0,0,17-Sep-2025,18-Aug-2026, EXIT OPTION PURSUANT TO CHANGE IN FUNDAMENTAL ATTRIBUTES OF ETF  ,0,19-SEP-17,0,2.9116787541626628,-3.093846328312662,https://nsearchives.nseindia.com/today/LIQUIDBEESEQN.svg,https://nsearchives.nseindia.com/30d/LIQUIDBEES-EQ.svg,https://nsearchives.nseindia.com/365d/LIQUIDBEES-EQ.svg,EQ
SILVERBEES,Domestic price of Silver- based on LBMA Silver daily spot fixing price,221.1,225,221.1,224.25,7.61,3.51,28477957,6357134341.11,217.2236,360,121.01,-,-,84.17378449408672,1.1867160003609762,216.64,0,77.92,-2.25,17-Sep-2025,18-Aug-2026,-,1.1867160003609762,-,84.17378449408672,37.708333333333336,-85.3152632013883,https://nsearchives.nseindia.com/today/SILVERBEESEQN.svg,https://nsearchives.nseindia.com/30d/SILVERBEES-EQ.svg,https://nsearchives.nseindia.com/365d/SILVERBEES-EQ.svg,EQ
GOLDBEES,Gold,125.51,126.95,125.47,126.4,1.97,1.58,28783409,3636495893.06,124.3043,148.14,90.45,19-DEC-19, FACE VALUE SPLIT (SUB-DIVISION) - FROM RS 100/- TO RS 1/-,38.520547945205486,-0.023728545440165415,124.43,0,36.36,-1.58,17-Sep-2025,18-Aug-2026, FACE VALUE SPLIT (SUB-DIVISION) - FROM RS 100/- TO RS 1/-,-0.023728545440165415,19-DEC-19,38.520547945205486,14.675307141892793,-39.745715865118854,https://nsearchives.nseindia.com/today/GOLDBEESEQN.svg,https://nsearchives.nseindia.com/30d/GOLDBEES-EQ.svg,https://nsearchives.nseindia.com/365d/GOLDBEES-EQ.svg,EQ
LIQUIDCASE,Zerodha Nifty 1D Rate Liquid ETF,116.01,116.01,115.99,116,0.05,0.04,13211859,1532575644,115.9502,116.01,107.56,-,-,5.015390186492855,0.4242056964764911,115.95,0,4.97,0.38,17-Sep-2025,18-Aug-2026,-,0.4242056964764911,-,5.015390186492855,0.00861994655633576,-7.846783190777239,https://nsearchives.nseindia.com/today/LIQUIDCASEEQN.svg,https://nsearchives.nseindia.com/30d/LIQUIDCASE-EQ.svg,https://nsearchives.nseindia.com/365d/LIQUIDCASE-EQ.svg,EQ
TATSILV,Tata Silver Exchange Traded Fund,22.48,22.87,22.47,22.76,0.77,3.50,58813645,1332129059.25,22.0619,35.1,12.22,-,-,84.74025974025976,1.200533570475781,21.99,0,78.49,-2.22,17-Sep-2025,18-Aug-2026,-,1.200533570475781,-,84.74025974025976,35.15669515669516,-86.2520458265139,https://nsearchives.nseindia.com/today/TATSILVEQN.svg,https://nsearchives.nseindia.com/30d/TATSILV-EQ.svg,https://nsearchives.nseindia.com/365d/TATSILV-EQ.svg,EQ
NIFTYBEES,Nifty 50,267.89,267.89,265.94,266.75,0.67,0.25,3645562,970813160.6,265.4269,302.25,251.7,19-DEC-19, FACE VALUE SPLIT (SUB-DIVISION) - FROM RS 10/- TO RS 1/-,-6.724246450800761,-3.3864541832669404,266.08,0,-6.96,-3.63,17-Sep-2025,18-Aug-2026, FACE VALUE SPLIT (SUB-DIVISION) - FROM RS 10/- TO RS 1/-,-3.3864541832669404,19-DEC-19,-6.724246450800761,11.74524400330852,-5.979340484704018,https://nsearchives.nseindia.com/today/NIFTYBEESEQN.svg,https://nsearchives.nseindia.com/30d/NIFTYBEES-EQ.svg,https://nsearchives.nseindia.com/365d/NIFTYBEES-EQ.svg,EQ
SILVERIETF,Domestic Price of Silver,231.22,234.96,230.97,234,7.81,3.45,3751667,874363511.02,226.7946,373.5,125.61,-,-,84.62995108095313,1.0842800984923715,226.19,0,78.47,-2.29,17-Sep-2025,18-Aug-2026,-,1.0842800984923715,-,84.62995108095313,37.34939759036145,-86.29090040601864,https://nsearchives.nseindia.com/today/SILVERIETFEQN.svg,https://nsearchives.nseindia.com/30d/SILVERIETF-EQ.svg,https://nsearchives.nseindia.com/365d/SILVERIETF-EQ.svg,EQ
MONQ50,Nasdaq Q-50 Total Return Index,349.99,396.3,330.26,396.3,66.05,20.00,2229451,869686540.59,119.1493,396.3,88.01,-,-,342.5460636515913,162.10317460317464,330.25,0,268.79,118.42,17-Sep-2025,18-Aug-2026,-,162.10317460317464,-,342.5460636515913,0,-350.28973980229523,https://nsearchives.nseindia.com/today/MONQ50EQN.svg,https://nsearchives.nseindia.com/30d/MONQ50-EQ.svg,https://nsearchives.nseindia.com/365d/MONQ50-EQ.svg,EQ
HDFCSILVER,HDFC Silver ETF,221.28,225.17,221.1,224.25,7.78,3.59,3863924,862350558.32,217.132,359,121.25,-,-,83.94717414486097,1.2186865267433935,216.47,0,77.57,-2.29,17-Sep-2025,18-Aug-2026,-,1.2186865267433935,-,83.94717414486097,37.53481894150418,-84.94845360824742,https://nsearchives.nseindia.com/today/HDFCSILVEREQN.svg,https://nsearchives.nseindia.com/30d/HDFCSILVER-EQ.svg,https://nsearchives.nseindia.com/365d/HDFCSILVER-EQ.svg,EQ
LIQUIDIETF,S&P BSE Liquid Rate Index,1000,1000.01,999.99,1000,0.01,0.00,841690,841681583.1,1000,1041.19,955,-,-,0.0010000100000990915,0.0010000100000990915,999.99,0,0,0,17-Sep-2025,18-Aug-2026,-,0.0010000100000990915,-,0.0010000100000990915,3.956050288612074,-4.712041884816754,https://nsearchives.nseindia.com/today/LIQUIDIETFEQN.svg,https://nsearchives.nseindia.com/30d/LIQUIDIETF-EQ.svg,https://nsearchives.nseindia.com/365d/LIQUIDIETF-EQ.svg,EQ
TATAGOLD,Tata Gold Exchange Traded Fund,14.73,14.91,14.73,14.84,0.22,1.50,55967837,829443344.34,14.6139,17.7,10.33,-,-,38.43283582089551,-0.06734006734006591,14.62,0,36.38,-1.55,17-Sep-2025,18-Aug-2026,-,-0.06734006734006591,-,38.43283582089551,16.158192090395477,-43.65924491771539,https://nsearchives.nseindia.com/today/TATAGOLDEQN.svg,https://nsearchives.nseindia.com/30d/TATAGOLD-EQ.svg,https://nsearchives.nseindia.com/365d/TATAGOLD-EQ.svg,EQ
SBILIQETF,Nifty 1D Rate Index,1056.63,1056.63,1056.61,1056.63,0.43,0.04,725607,766683612.27,1056.2139,1087.09,999,-,-,5.044289136983182,0.416250890947979,1056.2,0,5,0.38,17-Sep-2025,18-Aug-2026,-,0.416250890947979,-,5.044289136983182,2.801975917357331,-5.76876876876878,https://nsearchives.nseindia.com/today/SBILIQETFEQN.svg,https://nsearchives.nseindia.com/30d/SBILIQETF-EQ.svg,https://nsearchives.nseindia.com/365d/SBILIQETF-EQ.svg,EQ
NIFTYBETA,Nifty 50,259,261.99,258.35,261.99,3.07,1.19,2607269,676116997.08,258.3041,297.48,244.9,25-SEP-23,FACE VALUE SPLIT (SUB-DIVISION) - FROM RS 10/- PER SHARE TO RE 1/- PER SHARE,Infinity,-2.457276890427777,258.92,0,0,-3.6,,18-Aug-2026,FACE VALUE SPLIT (SUB-DIVISION) - FROM RS 10/- PER SHARE TO RE 1/- PER SHARE,-2.457276890427777,25-SEP-23,Infinity,11.93021379588544,-6.978358513679054,https://nsearchives.nseindia.com/today/NIFTYBETAEQN.svg,https://nsearchives.nseindia.com/30d/NIFTYBETA-EQ.svg,,EQ
LIQUID1,Kotak Nifty 1D Rate Liquid ETF,1122.94,1125.1,1122.94,1123.39,0.45,0.04,588053,660606979.14,1122.9364,1136.66,1067.35,-,-,5.0957976275118835,0.42282731124738687,1122.94,0,5.05,0.38,17-Sep-2025,18-Aug-2026,-,0.42282731124738687,-,5.0957976275118835,1.1674555275984007,-5.2503864711669275,https://nsearchives.nseindia.com/today/LIQUID1EQN.svg,https://nsearchives.nseindia.com/30d/LIQUID1-EQ.svg,https://nsearchives.nseindia.com/365d/LIQUID1-EQ.svg,EQ
GOLDIETF,Gold,129.82,131.62,129.82,130.94,1.97,1.53,4606964,603235866.16,128.7747,158,93.22,-,-,38.69293507043746,-0.007636502481856362,128.97,0,36.61,-1.51,17-Sep-2025,18-Aug-2026,-,-0.007636502481856362,-,38.69293507043746,17.126582278481013,-40.46341986698133,https://nsearchives.nseindia.com/today/GOLDIETFEQN.svg,https://nsearchives.nseindia.com/30d/GOLDIETF-EQ.svg,https://nsearchives.nseindia.com/365d/GOLDIETF-EQ.svg,EQ
LIQUIDPLUS,Nifty 1D Rate Index,1103.9,1103.92,1103.9,1103.92,0.45,0.04,480177,530067390.3,1103.4721,1127.08,1046.56,-,-,5.064194687401855,0.4147867850385836,1103.47,0,5.02,0.37,17-Sep-2025,18-Aug-2026,-,0.4147867850385836,-,5.064194687401855,2.0548674450793074,-5.480813331294922,https://nsearchives.nseindia.com/today/LIQUIDPLUSEQN.svg,https://nsearchives.nseindia.com/30d/LIQUIDPLUS-EQ.svg,https://nsearchives.nseindia.com/365d/LIQUIDPLUS-EQ.svg,EQ
LIQUIDBETF,Bajaj Finserv Nifty 1D Rate Liquid ETF - Growth,1099.5,1099.5,1099.48,1099.49,0.43,0.04,477228,524707413.72,1099.0719,1116.24,1009.94,-,-,4.8891475234679085,0.4054609378567239,1099.06,0,4.85,0.37,17-Sep-2025,18-Aug-2026,-,0.4054609378567239,-,4.8891475234679085,1.5005733534007024,-8.866863378022453,https://nsearchives.nseindia.com/today/LIQUIDBETFEQN.svg,https://nsearchives.nseindia.com/30d/LIQUIDBETF-EQ.svg,https://nsearchives.nseindia.com/365d/LIQUIDBETF-EQ.svg,EQ
MASPTOP50,S&P 500 Top 50 Total Return Index,108,124.59,106.42,124.59,20.76,19.99,4373919,519665316.39,67.6437,124.59,65,-,-,83.84240814519701,53.776845223401644,103.83,0,53.21,28.15,17-Sep-2025,18-Aug-2026,-,53.776845223401644,-,83.84240814519701,0,-91.67692307692307,https://nsearchives.nseindia.com/today/MASPTOP50EQN.svg,https://nsearchives.nseindia.com/30d/MASPTOP50-EQ.svg,https://nsearchives.nseindia.com/365d/MASPTOP50-EQ.svg,EQ
SETFGOLD,Gold,129.2,130.84,129.2,130.29,1.9,1.48,3938423,513452206.51,128.2056,153.95,93.48,06-JAN-22,FACE VALUE SPLIT (SUB-DIVISION) - FROM RS 100/- PER SHARE TO RS 1/- PER SHARE,38.53269537480063,-0.06902899217671683,128.39,0,36.51,-1.53,17-Sep-2025,18-Aug-2026,FACE VALUE SPLIT (SUB-DIVISION) - FROM RS 100/- PER SHARE TO RS 1/- PER SHARE,-0.06902899217671683,06-JAN-22,38.53269537480063,15.3686261773303,-39.37740693196404,https://nsearchives.nseindia.com/today/SETFGOLDEQN.svg,https://nsearchives.nseindia.com/30d/SETFGOLD-EQ.svg,https://nsearchives.nseindia.com/365d/SETFGOLD-EQ.svg,EQ
HDFCGOLD,Gold,130,131.06,129.67,130.6,1.92,1.49,3837028,500847264.84,128.4641,152.3,93.55,17-FEB-21, FACE VALUE SPLIT (SUB-DIVISION) - FROM RS 100/- PER UNIT TO RE 1/- PER UNIT,38.67063070715649,-0.08415576466989032,128.68,0,36.63,-1.55,17-Sep-2025,18-Aug-2026, FACE VALUE SPLIT (SUB-DIVISION) - FROM RS 100/- PER UNIT TO RE 1/- PER UNIT,-0.08415576466989032,17-FEB-21,38.67063070715649,14.248194353250176,-39.6044895777659,https://nsearchives.nseindia.com/today/HDFCGOLDEQN.svg,https://nsearchives.nseindia.com/30d/HDFCGOLD-EQ.svg,https://nsearchives.nseindia.com/365d/HDFCGOLD-EQ.svg,EQ
HDFCNIFTY,Nifty 50,264.61,264.62,262.62,263.75,0.73,0.28,1788313,470344202.13,262.5465,301.88,247.56,17-FEB-21, FACE VALUE SPLIT (SUB-DIVISION) - FROM RS 761.25/- PER UNIT TO RS 76.125/- PER UNIT,-6.699918638791608,-3.4625379744518794,263.02,0,-6.96,-3.73,17-Sep-2025,18-Aug-2026, FACE VALUE SPLIT (SUB-DIVISION) - FROM RS 761.25/- PER UNIT TO RS 76.125/- PER UNIT,-3.4625379744518794,17-FEB-21,-6.699918638791608,12.630846694050614,-6.539828728389076,https://nsearchives.nseindia.com/today/HDFCNIFTYEQN.svg,https://nsearchives.nseindia.com/30d/HDFCNIFTY-EQ.svg,https://nsearchives.nseindia.com/365d/HDFCNIFTY-EQ.svg,EQ
ITBEES,Nifty IT TRI,33.1,33.1,31.81,32,-0.39,-1.20,13607369,434619365.86,32.4102,44.27,28.55,-,-,-19.53733970329395,-4.705181655747464,32.39,0,-18.56,-3.54,17-Sep-2025,18-Aug-2026,-,-4.705181655747464,-,-19.53733970329395,27.716286424215046,-12.084063047285461,https://nsearchives.nseindia.com/today/ITBEESEQN.svg,https://nsearchives.nseindia.com/30d/ITBEES-EQ.svg,https://nsearchives.nseindia.com/365d/ITBEES-EQ.svg,EQ
GOLDETF,Mirae Asset Gold ETF,147.29,149.02,147.29,148.43,1.99,1.36,2707257,401784011.37,146.2014,173.5,106.34,-,-,38.43499347136729,-0.16814635458703253,146.44,0,36.58,-1.51,17-Sep-2025,18-Aug-2026,-,-0.16814635458703253,-,38.43499347136729,14.449567723342934,-39.58059055858567,https://nsearchives.nseindia.com/today/GOLDETFEQN.svg,https://nsearchives.nseindia.com/30d/GOLDETF-EQ.svg,https://nsearchives.nseindia.com/365d/GOLDETF-EQ.svg,EQ
LIQUIDADD,DSP S&P BSE Liquid Rate ETF,1145.45,1145.85,1145.21,1145.48,0.46,0.04,335850,384702741,1145.0336,1151.22,1089.09,-,-,4.98396114013382,0.4128790203108459,1145.02,0,4.94,0.37,17-Sep-2025,18-Aug-2026,-,0.4128790203108459,-,4.98396114013382,0.4986014836434399,-5.177717176725532,https://nsearchives.nseindia.com/today/LIQUIDADDEQN.svg,https://nsearchives.nseindia.com/30d/LIQUIDADD-EQ.svg,https://nsearchives.nseindia.com/365d/LIQUIDADD-EQ.svg,EQ
SBISILVER,SBI SILVER ETF,226.86,230.64,226.76,229.7,7.6,3.42,1587770,363234142.9,222.6129,362,124,-,-,84.60178413565859,1.1137033939340588,222.1,0,78.49,-2.23,17-Sep-2025,18-Aug-2026,-,1.1137033939340588,-,84.60178413565859,36.546961325966855,-85.24193548387095,https://nsearchives.nseindia.com/today/SBISILVEREQN.svg,https://nsearchives.nseindia.com/30d/SBISILVER-EQ.svg,https://nsearchives.nseindia.com/365d/SBISILVER-EQ.svg,EQ
SILVERCASE,Commodity-Silver,23.48,23.82,23.46,23.75,0.8,3.49,12962915,306702568.9,23.0381,38.01,12.62,-,-,84.25135764158262,1.020842194810712,22.95,0,78.04,-2.38,17-Sep-2025,18-Aug-2026,-,1.020842194810712,-,84.25135764158262,37.51644304130492,-88.1933438985737,https://nsearchives.nseindia.com/today/SILVERCASEEQN.svg,https://nsearchives.nseindia.com/30d/SILVERCASE-EQ.svg,https://nsearchives.nseindia.com/365d/SILVERCASE-EQ.svg,EQ
MAFANG,NYSE FANG+ Total Return Index,238.66,254,238.66,249.89,12.12,5.10,1209212,300851945.6,176.454,258.47,149.74,-,-,47.506050410247326,19.319104235305343,237.77,0,40.35,13.53,17-Sep-2025,18-Aug-2026,-,19.319104235305343,-,47.506050410247326,3.319534181916679,-66.88259650060103,https://nsearchives.nseindia.com/today/MAFANGEQN.svg,https://nsearchives.nseindia.com/30d/MAFANG-EQ.svg,https://nsearchives.nseindia.com/365d/MAFANG-EQ.svg,EQ
SILVER,Physical price of Silver,231.24,234.88,231.05,233.95,7.59,3.35,1124622,262104403.32,226.862,371.89,126.55,-,-,83.46141781681305,1.0670468290997057,226.36,0,77.51,-2.21,17-Sep-2025,18-Aug-2026,-,1.0670468290997057,-,83.46141781681305,37.09161311140391,-84.86764124851837,https://nsearchives.nseindia.com/today/SILVEREQN.svg,https://nsearchives.nseindia.com/30d/SILVER-EQ.svg,https://nsearchives.nseindia.com/365d/SILVER-EQ.svg,EQ
GOLDAXIS,Gold,126.6,128.16,126.42,127.65,2.41,1.92,2006311,255824715.61,125.2502,150,91.25,23-JUL-20, FACE VALUE SPLIT (SUB-DIVISION) - FROM RS 100/- PER SHARE TO RE 1/- PER SHARE,Infinity,0.21196420160151533,125.24,0,0,-1.68,,18-Aug-2026, FACE VALUE SPLIT (SUB-DIVISION) - FROM RS 100/- PER SHARE TO RE 1/- PER SHARE,0.21196420160151533,23-JUL-20,Infinity,14.899999999999997,-39.89041095890411,https://nsearchives.nseindia.com/today/GOLDAXISEQN.svg,https://nsearchives.nseindia.com/30d/GOLDAXIS-EQ.svg,,EQ
MON100,Nasdaq100,328.44,330.99,325.01,330.34,7.91,2.45,750532,247060123.76,276.1589,354.9,210.01,17-JUN-21, FACE VALUE SPLIT (SUB-DIVISION) - FROM RS 10/- PER SHARE TO RE 1/- PER SHARE,55.93844410876131,-1.7809889097017837,322.43,0,52.2,-4.13,17-Sep-2025,18-Aug-2026, FACE VALUE SPLIT (SUB-DIVISION) - FROM RS 10/- PER SHARE TO RE 1/- PER SHARE,-1.7809889097017837,17-JUN-21,55.93844410876131,6.9202592279515365,-57.29727155849721,https://nsearchives.nseindia.com/today/MON100EQN.svg,https://nsearchives.nseindia.com/30d/MON100-EQ.svg,https://nsearchives.nseindia.com/365d/MON100-EQ.svg,EQ
GOLD1,Gold,126.8,128.17,126.64,127.52,1.9,1.51,1925096,245545994.8,125.5158,158,90.2,22-JUL-21, FACE VALUE SPLIT (SUB-DIVISION) - FROM RS 10/- PER SHARE TO RE 1/- PER SHARE,38.865294566045954,-0.11749040495026684,125.62,0,36.8,-1.61,17-Sep-2025,18-Aug-2026, FACE VALUE SPLIT (SUB-DIVISION) - FROM RS 10/- PER SHARE TO RE 1/- PER SHARE,-0.11749040495026684,22-JUL-21,38.865294566045954,19.291139240506332,-41.37472283813746,https://nsearchives.nseindia.com/today/GOLD1EQN.svg,https://nsearchives.nseindia.com/30d/GOLD1-EQ.svg,https://nsearchives.nseindia.com/365d/GOLD1-EQ.svg,EQ
SILVER1,Kotak Silver ETF,22.37,22.89,22.37,22.82,0.84,3.82,10493440,238201088,22.043,38.8,12.24,27-FEB-26,FACE VALUE SPLIT (SUB-DIVISION) - FROM RS 10/- PER SHARE TO RE 1/- PER SHARE,-81.41239716543129,1.5576323987539005,21.98,0,-82.1,-2.18,17-Sep-2025,18-Aug-2026,FACE VALUE SPLIT (SUB-DIVISION) - FROM RS 10/- PER SHARE TO RE 1/- PER SHARE,1.5576323987539005,27-FEB-26,-81.41239716543129,41.18556701030928,-86.43790849673202,https://nsearchives.nseindia.com/today/SILVER1EQN.svg,https://nsearchives.nseindia.com/30d/SILVER1-EQ.svg,https://nsearchives.nseindia.com/365d/SILVER1-EQ.svg,EQ
HDFCSML250,HDFC NIFTY Smallcap 250 ETF,182.87,184.95,181.9,184.85,2.95,1.62,1274357,234481688,181.6301,189.83,142.7,-,-,4.944930169183609,0.03788288775841172,181.9,0,3.27,-1.56,17-Sep-2025,18-Aug-2026,-,0.03788288775841172,-,4.944930169183609,2.623399884106842,-29.53749124036441,https://nsearchives.nseindia.com/today/HDFCSML250EQN.svg,https://nsearchives.nseindia.com/30d/HDFCSML250-EQ.svg,https://nsearchives.nseindia.com/365d/HDFCSML250-EQ.svg,EQ
SILVERAXIS,Axis Silver ETF,230.05,233.79,230.03,232.62,7.35,3.26,1004472,233238398.4,225.8427,390.01,125.7,-,-,Infinity,1.0293159609120541,225.27,0,0,-2.16,,18-Aug-2026,-,1.0293159609120541,-,Infinity,40.35537550319222,-85.05966587112172,https://nsearchives.nseindia.com/today/SILVERAXISEQN.svg,https://nsearchives.nseindia.com/30d/SILVERAXIS-EQ.svg,,EQ
BANKBEES,Nifty Bank,583,584.89,581.78,584,2.36,0.41,369452,215457017.36,581.1752,638.99,515.98,19-DEC-19, FACE VALUE SPLIT (SUB-DIVISION) - FROM RS 10/- TO RS 1/-,1.7811704834605646,-1.8256396463033342,581.64,0,1.37,-2.22,17-Sep-2025,18-Aug-2026, FACE VALUE SPLIT (SUB-DIVISION) - FROM RS 10/- TO RS 1/-,-1.8256396463033342,19-DEC-19,1.7811704834605646,8.605768478379945,-13.182681499282914,https://nsearchives.nseindia.com/today/BANKBEESEQN.svg,https://nsearchives.nseindia.com/30d/BANKBEES-EQ.svg,https://nsearchives.nseindia.com/365d/BANKBEES-EQ.svg,EQ
SETFNIF50,Nifty 50,252.88,252.88,250.92,252,0.71,0.28,842918,212213035.68,250.8403,287.33,237.9,24-MAR-21, DIVIDEND - RS 1.30 PER SHARE,-6.694312796208525,-3.4260749597608635,251.29,0,-6.96,-3.7,17-Sep-2025,18-Aug-2026, DIVIDEND - RS 1.30 PER SHARE,-3.4260749597608635,24-MAR-21,-6.694312796208525,12.295966310514038,-5.926860025220679,https://nsearchives.nseindia.com/today/SETFNIF50EQN.svg,https://nsearchives.nseindia.com/30d/SETFNIF50-EQ.svg,https://nsearchives.nseindia.com/365d/SETFNIF50-EQ.svg,EQ
GOLDCASE,Zerodha Gold ETF,23.86,24.2,23.86,24.06,0.37,1.56,8804176,211740432.8,23.6769,27.94,17.05,-,-,38.994800693240904,-0.04154549231409042,23.69,0,36.86,-1.58,17-Sep-2025,18-Aug-2026,-,-0.04154549231409042,-,38.994800693240904,13.886900501073736,-41.114369501466264,https://nsearchives.nseindia.com/today/GOLDCASEEQN.svg,https://nsearchives.nseindia.com/30d/GOLDCASE-EQ.svg,https://nsearchives.nseindia.com/365d/GOLDCASE-EQ.svg,EQ
ALPHA,NIFTY Alpha 50 Index,54.18,54.18,52.86,53.79,0.93,1.76,2753171,147542433.89,52.7739,55.59,42,-,-,7.62304921968788,-0.499445061043291,52.86,0,5.76,-2.22,17-Sep-2025,18-Aug-2026,-,-0.499445061043291,-,7.62304921968788,3.2379924446843034,-28.071428571428573,https://nsearchives.nseindia.com/today/ALPHAEQN.svg,https://nsearchives.nseindia.com/30d/ALPHA-EQ.svg,https://nsearchives.nseindia.com/365d/ALPHA-EQ.svg,EQ
JUNIORBEES,Nippon India ETF Nifty Next 50 Junior BeES,778.3,782,766.15,782,10.06,1.30,180919,140885243.68,770.1573,823.97,632.34,10-MAR-14,DIVIDEND-RS.1 PER UNIT,5.23482707576369,-2.96562848988708,771.94,0,3.88,-4.21,17-Sep-2025,18-Aug-2026,DIVIDEND-RS.1 PER UNIT,-2.96562848988708,10-MAR-14,5.23482707576369,5.093632049710551,-23.667647151848684,https://nsearchives.nseindia.com/today/JUNIORBEESEQN.svg,https://nsearchives.nseindia.com/30d/JUNIORBEES-EQ.svg,https://nsearchives.nseindia.com/365d/JUNIORBEES-EQ.svg,EQ
CASHIETF,BSE Liquid Rate Index,1079.83,1080.28,1078.82,1080.26,0.43,0.04,122070,131868558.9,1079.8258,1099.28,1028.29,-,-,5.053000097247889,0.42017587892985125,1079.83,0,5.01,0.38,17-Sep-2025,18-Aug-2026,-,0.42017587892985125,-,5.053000097247889,1.7302234189651393,-5.054021725388755,https://nsearchives.nseindia.com/today/CASHIETFEQN.svg,https://nsearchives.nseindia.com/30d/CASHIETF-EQ.svg,https://nsearchives.nseindia.com/365d/CASHIETF-EQ.svg,EQ
SILVERBETA,UTI Silver Exchange Traded Fund (UTI Silver ETF),221.68,227.34,221.68,226.15,7.61,3.48,562410,126795334.5,219.3021,379.66,122.79,-,-,Infinity,1.0049129075480125,218.54,0,0,-2.39,,18-Aug-2026,-,1.0049129075480125,-,Infinity,40.43354580414055,-84.1762358498249,https://nsearchives.nseindia.com/today/SILVERBETAEQN.svg,https://nsearchives.nseindia.com/30d/SILVERBETA-EQ.svg,,EQ
MODEFENCE,Nifty India Defence Total Return Index,103.05,103.6,102.21,103.1,1.23,1.21,1229387,126762093.57,101.8407,112,77.8,-,-,12.56687411289441,-6.016408386508668,101.87,0,11.22,-7.14,17-Sep-2025,18-Aug-2026,-,-6.016408386508668,-,12.56687411289441,7.9464285714285765,-32.51928020565552,https://nsearchives.nseindia.com/today/MODEFENCEEQN.svg,https://nsearchives.nseindia.com/30d/MODEFENCE-EQ.svg,https://nsearchives.nseindia.com/365d/MODEFENCE-EQ.svg,EQ
GOLDADD,DSP Gold ETF,14.73,14.93,14.72,14.87,0.24,1.64,7975560,118596577.2,14.6105,18.1,10.64,28-AUG-26,FACE VALUE SPLIT (SUB-DIVISION) - FROM RS 10/- PER UNIT TO RE 1/- PER UNIT,Infinity,-89.99259707921125,14.63,0,0,-90.15,,18-Aug-2026,FACE VALUE SPLIT (SUB-DIVISION) - FROM RS 10/- PER UNIT TO RE 1/- PER UNIT,-89.99259707921125,28-AUG-26,Infinity,17.845303867403327,-39.75563909774435,https://nsearchives.nseindia.com/today/GOLDADDEQN.svg,https://nsearchives.nseindia.com/30d/GOLDADD-EQ.svg,,EQ
LIQUID,Mirae Asset Nifty 1D Rate Liquid ETF,999.99,1000,999.99,1000,0.01,0.00,107563,107561924.37,1000,1024.98,974.99,-,-,0.0010000100000990915,0.0010000100000990915,999.99,0,0,0,17-Sep-2025,18-Aug-2026,-,0.0010000100000990915,-,0.0010000100000990915,2.4371207243068174,-2.565154514405275,https://nsearchives.nseindia.com/today/LIQUIDEQN.svg,https://nsearchives.nseindia.com/30d/LIQUID-EQ.svg,https://nsearchives.nseindia.com/365d/LIQUID-EQ.svg,EQ
LIQGRWBEES,Liquid,1055.79,1056.19,1055.79,1056.19,0.41,0.04,101609,107317393.62,1055.7825,1063.44,995.55,-,-,4.7713993790237,0.39160892336062414,1055.78,0,4.73,0.35,17-Sep-2025,18-Aug-2026,-,0.39160892336062414,-,4.7713993790237,0.6817497931242007,-6.091105419115072,https://nsearchives.nseindia.com/today/LIQGRWBEESEQN.svg,https://nsearchives.nseindia.com/30d/LIQGRWBEES-EQ.svg,https://nsearchives.nseindia.com/365d/LIQGRWBEES-EQ.svg,EQ
MID150BEES,Nifty Midcap 150 TRI,234.88,236.88,233.43,236.85,3.42,1.47,453893,106937190.8,233.5375,247.15,190.43,-,-,5.252632982269028,-2.2694450175366208,233.43,0,3.73,-3.68,17-Sep-2025,18-Aug-2026,-,-2.2694450175366208,-,5.252632982269028,4.167509609548861,-24.37641127973533,https://nsearchives.nseindia.com/today/MID150BEESEQN.svg,https://nsearchives.nseindia.com/30d/MID150BEES-EQ.svg,https://nsearchives.nseindia.com/365d/MID150BEES-EQ.svg,EQ
NIFTYIETF,Nifty 50,268.5,268.5,264.37,265.01,0.34,0.13,397456,105270196.16,264.0711,304.14,250.4,-,-,-6.866982955543848,-3.4923525127458235,264.67,0,-6.99,-3.62,17-Sep-2025,18-Aug-2026,-,-3.4923525127458235,-,-6.866982955543848,12.865785493522718,-5.834664536741209,https://nsearchives.nseindia.com/today/NIFTYIETFEQN.svg,https://nsearchives.nseindia.com/30d/NIFTYIETF-EQ.svg,https://nsearchives.nseindia.com/365d/NIFTYIETF-EQ.svg,EQ
GOLDBETA,Gold,127.35,129.05,127.35,128.45,1.6,1.26,806701,103532006.34,126.5533,149.35,91.8,25-MAR-21, FACE VALUE SPLIT (SUB-DIVISION) - FROM RS 100/- PER UNIT TO RE 1/- PER UNIT,Infinity,-0.19425019425019427,126.85,0,0,-1.44,,18-Aug-2026, FACE VALUE SPLIT (SUB-DIVISION) - FROM RS 100/- PER UNIT TO RE 1/- PER UNIT,-0.19425019425019427,25-MAR-21,Infinity,13.99397388684299,-39.923747276688445,https://nsearchives.nseindia.com/today/GOLDBETAEQN.svg,https://nsearchives.nseindia.com/30d/GOLDBETA-EQ.svg,,EQ
SILVERADD,DSP Silver ETF,22.1,22.71,22.1,22.59,0.75,3.43,4445826,100253376.3,21.9003,39,12.14,28-AUG-26,FACE VALUE SPLIT (SUB-DIVISION) - FROM RS 10/- PER UNIT TO RE 1/- PER UNIT,-81.49725612253256,-89.89261744966443,21.84,0,-82.11,-90.23,17-Sep-2025,18-Aug-2026,FACE VALUE SPLIT (SUB-DIVISION) - FROM RS 10/- PER UNIT TO RE 1/- PER UNIT,-89.89261744966443,28-AUG-26,-81.49725612253256,42.07692307692308,-86.07907742998353,https://nsearchives.nseindia.com/today/SILVERADDEQN.svg,https://nsearchives.nseindia.com/30d/SILVERADD-EQ.svg,https://nsearchives.nseindia.com/365d/SILVERADD-EQ.svg,EQ
PHARMABEES,Nifty Pharma TRI,27.88,27.88,27.36,27.49,0.13,0.48,3520516,96778984.84,27.332,28.4,21.46,-,-,20.676031606672506,1.140544518027957,27.36,0,20.11,0.66,17-Sep-2025,18-Aug-2026,-,1.140544518027957,-,20.676031606672506,3.204225352112677,-28.09878844361602,https://nsearchives.nseindia.com/today/PHARMABEESEQN.svg,https://nsearchives.nseindia.com/30d/PHARMABEES-EQ.svg,https://nsearchives.nseindia.com/365d/PHARMABEES-EQ.svg,EQ
LOWVOLIETF,Nifty 100 Low Volatility 30 Index,21.59,21.59,21.32,21.54,0.18,0.84,4231155,90335159.25,21.4103,26.81,19.84,01-MAR-24,FACE VALUE SPLIT (SUB-DIVISION) - FROM RS 10/- PER SHARE TO RE 1/- PER SHARE,-5.06831203173205,-3.667262969588552,21.36,0,-5.86,-4.47,17-Sep-2025,18-Aug-2026,FACE VALUE SPLIT (SUB-DIVISION) - FROM RS 10/- PER SHARE TO RE 1/- PER SHARE,-3.667262969588552,01-MAR-24,-5.06831203173205,19.656844461022008,-8.568548387096772,https://nsearchives.nseindia.com/today/LOWVOLIETFEQN.svg,https://nsearchives.nseindia.com/30d/LOWVOLIETF-EQ.svg,https://nsearchives.nseindia.com/365d/LOWVOLIETF-EQ.svg,EQ
LIQUIDETF,Nifty1D rate index,999.99,1000.01,999.99,999.99,0,0.00,89967,89966100.33,1000,1025,995,-,-,0,-0.0009999999999990906,999.99,0,0,0,17-Sep-2025,18-Aug-2026,-,-0.0009999999999990906,-,0,2.439999999999999,-0.5015075376884431,https://nsearchives.nseindia.com/today/LIQUIDETFEQN.svg,https://nsearchives.nseindia.com/30d/LIQUIDETF-EQ.svg,https://nsearchives.nseindia.com/365d/LIQUIDETF-EQ.svg,EQ
TOP10ADD,Nifty Top 10 Equal Weight Index,84.9,85.12,84.6,84.89,-0.53,-0.62,953150,80922435,85.0889,103.04,83.05,-,-,-11.848390446521284,-3.281303406630962,85.42,0,-11.3,-2.68,17-Sep-2025,18-Aug-2026,-,-3.281303406630962,-,-11.848390446521284,17.614518633540374,-2.2155328115593056,https://nsearchives.nseindia.com/today/TOP10ADDEQN.svg,https://nsearchives.nseindia.com/30d/TOP10ADD-EQ.svg,https://nsearchives.nseindia.com/365d/TOP10ADD-EQ.svg,EQ
FMCGIETF,Nifty FMCG Index,49.49,49.49,48.87,49.49,0.37,0.75,1479012,72619489.2,48.9977,61.19,48.25,10-MAY-24,FACE VALUE SPLIT (SUB-DIVISION) - FROM RS 10/- PER SHARE TO RE 1/- PER SHARE,-17.69499417927823,-3.6222005842258995,49.12,0,-18.31,-4.34,17-Sep-2025,18-Aug-2026,FACE VALUE SPLIT (SUB-DIVISION) - FROM RS 10/- PER SHARE TO RE 1/- PER SHARE,-3.6222005842258995,10-MAY-24,-17.69499417927823,19.12077136787056,-2.5699481865285017,https://nsearchives.nseindia.com/today/FMCGIETFEQN.svg,https://nsearchives.nseindia.com/30d/FMCGIETF-EQ.svg,https://nsearchives.nseindia.com/365d/FMCGIETF-EQ.svg,EQ
PVTBANIETF,Nifty Private Bank Index,27.58,27.83,27.55,27.83,0.25,0.91,2501679,69071357.19,27.4914,30.32,24.18,01-MAR-24,FACE VALUE SPLIT (SUB-DIVISION) - FROM RS 10/- PER SHARE TO RE 1/- PER SHARE,2.2409992652461406,0.5782435851102153,27.58,0,1.32,-0.33,17-Sep-2025,18-Aug-2026,FACE VALUE SPLIT (SUB-DIVISION) - FROM RS 10/- PER SHARE TO RE 1/- PER SHARE,0.5782435851102153,01-MAR-24,2.2409992652461406,8.212401055408977,-15.095119933829606,https://nsearchives.nseindia.com/today/PVTBANIETFEQN.svg,https://nsearchives.nseindia.com/30d/PVTBANIETF-EQ.svg,https://nsearchives.nseindia.com/365d/PVTBANIETF-EQ.svg,EQ
GROWWSLVR,Commodity-Silver,22.5,23.06,22.5,23,0.83,3.74,2841992,64996357.04,22.2655,36.3,12.47,06-FEB-26,FACE VALUE SPLIT (SUB-DIVISION) - FROM RS 10/- PER UNIT TO RE 1/- PER UNIT,-81.68060533651932,1.2769704975781555,22.17,0,-82.34,-2.38,17-Sep-2025,18-Aug-2026,FACE VALUE SPLIT (SUB-DIVISION) - FROM RS 10/- PER UNIT TO RE 1/- PER UNIT,1.2769704975781555,06-FEB-26,-81.68060533651932,36.63911845730027,-84.44266238973536,https://nsearchives.nseindia.com/today/GROWWSLVREQN.svg,https://nsearchives.nseindia.com/30d/GROWWSLVR-EQ.svg,https://nsearchives.nseindia.com/365d/GROWWSLVR-EQ.svg,EQ
PSUBNKBEES,Nifty PSU Bank,93.3,93.3,92.25,92.8,0.42,0.45,675075,62437686.75,92.3018,110.4,78.4,19-DEC-19, FACE VALUE SPLIT (SUB-DIVISION) - FROM RS 10/- TO RS 1/-,13.879003558718864,-3.8541234977206784,92.38,0,13.36,-4.29,17-Sep-2025,18-Aug-2026, FACE VALUE SPLIT (SUB-DIVISION) - FROM RS 10/- TO RS 1/-,-3.8541234977206784,19-DEC-19,13.879003558718864,15.942028985507253,-18.367346938775498,https://nsearchives.nseindia.com/today/PSUBNKBEESEQN.svg,https://nsearchives.nseindia.com/30d/PSUBNKBEES-EQ.svg,https://nsearchives.nseindia.com/365d/PSUBNKBEES-EQ.svg,EQ
SMALLCAP,Mirae Asset Nifty Smallcap 250 Momentum Quality 100 ETF,49.17,50.37,48.19,49.06,0.88,1.83,1265660,61890774,48.1422,54.5,37.34,-,-,4.7842802221273,0.5946278449866703,48.18,0,2.9,-1.21,17-Sep-2025,18-Aug-2026,-,0.5946278449866703,-,4.7842802221273,9.981651376146784,-31.387252276379215,https://nsearchives.nseindia.com/today/SMALLCAPEQN.svg,https://nsearchives.nseindia.com/30d/SMALLCAP-EQ.svg,https://nsearchives.nseindia.com/365d/SMALLCAP-EQ.svg,EQ
ESILVER,Edelweiss Silver ETF,228.98,235.1,228.98,233.47,6.79,3.00,255075,59713057.5,226.8543,375,126,-,-,83.38700809048778,1.0517659279778424,226.68,0,78.05,-1.89,17-Sep-2025,18-Aug-2026,-,1.0517659279778424,-,83.38700809048778,37.74133333333333,-85.2936507936508,https://nsearchives.nseindia.com/today/ESILVEREQN.svg,https://nsearchives.nseindia.com/30d/ESILVER-EQ.svg,https://nsearchives.nseindia.com/365d/ESILVER-EQ.svg,EQ
AONELIQUID,Nifty 1D Rate Index,1077.55,1077.59,1077.55,1077.57,0.4,0.04,55374,59669914.92,1077.1584,1094.59,997.56,-,-,5.049864979478826,0.4212292064675441,1077.17,0,5.01,0.38,17-Sep-2025,18-Aug-2026,-,0.4212292064675441,-,5.049864979478826,1.5549201070720529,-8.02057019126669,https://nsearchives.nseindia.com/today/AONELIQUIDEQN.svg,https://nsearchives.nseindia.com/30d/AONELIQUID-EQ.svg,https://nsearchives.nseindia.com/365d/AONELIQUID-EQ.svg,EQ
SILVERAG,Mirae Asset Silver ETF,224,229.08,224,227.86,7.12,3.23,239735,54506149.6,221.1576,380,123.3,-,-,84.26330260391397,0.9659695143566142,220.74,0,78.51,-2.19,17-Sep-2025,18-Aug-2026,-,0.9659695143566142,-,84.26330260391397,40.036842105263155,-84.80129764801299,https://nsearchives.nseindia.com/today/SILVERAGEQN.svg,https://nsearchives.nseindia.com/30d/SILVERAG-EQ.svg,https://nsearchives.nseindia.com/365d/SILVERAG-EQ.svg,EQ
METALIETF,Nifty Metal Index,13.29,13.29,12.97,13.08,0.11,0.85,3650778,47715668.46,12.9415,14.17,9.75,-,-,31.32530120481927,0,12.97,0,30.22,-0.84,17-Sep-2025,18-Aug-2026,-,0,-,31.32530120481927,7.692307692307692,-34.15384615384615,https://nsearchives.nseindia.com/today/METALIETFEQN.svg,https://nsearchives.nseindia.com/30d/METALIETF-EQ.svg,https://nsearchives.nseindia.com/365d/METALIETF-EQ.svg,EQ
LICMFGOLD,Gold,137.25,138.1,136.45,137.6,2.3,1.70,332691,45655185.93,,162,98,06-MAR-26,FACE VALUE SPLIT (SUB-DIVISION) - FROM RS 100/- PER SHARE TO RE 1/- PER SHARE,-98.60665282770492,0.18201674554058975,135.3,0,-98.63,-1.49,17-Sep-2025,18-Aug-2026,FACE VALUE SPLIT (SUB-DIVISION) - FROM RS 100/- PER SHARE TO RE 1/- PER SHARE,0.18201674554058975,06-MAR-26,-98.60665282770492,15.061728395061731,-40.408163265306115,https://nsearchives.nseindia.com/today/LICMFGOLDEQN.svg,https://nsearchives.nseindia.com/30d/LICMFGOLD-EQ.svg,https://nsearchives.nseindia.com/365d/LICMFGOLD-EQ.svg,EQ
BSLGOLDETF,Gold,134.3,134.8,133.48,134.51,1.94,1.46,327089,43973845.16,132.2812,155.99,95.63,25-NOV-21, FACE VALUE SPLIT (SUB-DIVISION) - FROM RS 10/- PER SHARE TO RE 0.10/- PER SHARE,38.94225803119512,-0.12622512622513804,132.57,0,36.94,-1.57,17-Sep-2025,18-Aug-2026, FACE VALUE SPLIT (SUB-DIVISION) - FROM RS 10/- PER SHARE TO RE 0.10/- PER SHARE,-0.12622512622513804,25-NOV-21,38.94225803119512,13.770113468812115,-40.656697689009725,https://nsearchives.nseindia.com/today/BSLGOLDETFEQN.svg,https://nsearchives.nseindia.com/30d/BSLGOLDETF-EQ.svg,https://nsearchives.nseindia.com/365d/BSLGOLDETF-EQ.svg,EQ
MOCAPITAL,Nifty Capital Market Total Return Index,53.64,53.69,53.05,53.68,0.58,1.09,811785,43389908.25,52.9639,57.25,41.31,-,-,22.78133577310156,0.5997001499250381,53.1,0,21.45,-0.49,17-Sep-2025,18-Aug-2026,-,0.5997001499250381,-,22.78133577310156,6.235807860262009,-29.944323408375688,https://nsearchives.nseindia.com/today/MOCAPITALEQN.svg,https://nsearchives.nseindia.com/30d/MOCAPITAL-EQ.svg,https://nsearchives.nseindia.com/365d/MOCAPITAL-EQ.svg,EQ
METAL,Nifty Metal Total Return Index,13.32,13.32,13,13.18,0.18,1.38,3215331,42249449.34,12.9878,14.18,8.7,-,-,32.19658976930791,0.07593014426727249,13,0,30.39,-1.29,17-Sep-2025,18-Aug-2026,-,0.07593014426727249,-,32.19658976930791,7.052186177715092,-51.49425287356323,https://nsearchives.nseindia.com/today/METALEQN.svg,https://nsearchives.nseindia.com/30d/METAL-EQ.svg,https://nsearchives.nseindia.com/365d/METAL-EQ.svg,EQ
CPSEETF,CPSE ETF,92.36,92.99,92.1,92.6,0.31,0.34,392825,36336312.5,92.5544,112,86.06,-,-,-0.8883656213207882,-1.478880731992766,92.29,0,-1.22,-1.81,17-Sep-2025,18-Aug-2026,-,-1.478880731992766,-,-0.8883656213207882,17.321428571428577,-7.599349291192182,https://nsearchives.nseindia.com/today/CPSEETFEQN.svg,https://nsearchives.nseindia.com/30d/CPSEETF-EQ.svg,https://nsearchives.nseindia.com/365d/CPSEETF-EQ.svg,EQ
NIFTYETF,Nifty 50,254.8,255.02,253.61,254.61,1.21,0.48,142854,36330629.28,253.4256,289.05,239.81,-,-,-6.688411639668694,-3.4287881661293245,253.4,0,-7.13,-3.89,17-Sep-2025,18-Aug-2026,-,-3.4287881661293245,-,-6.688411639668694,11.914893617021276,-6.171552479045916,https://nsearchives.nseindia.com/today/NIFTYETFEQN.svg,https://nsearchives.nseindia.com/30d/NIFTYETF-EQ.svg,https://nsearchives.nseindia.com/365d/NIFTYETF-EQ.svg,EQ
MAHKTECH,Hang Seng TECH Total Return Index,21.75,22.9,21.7,21.93,0.09,0.41,1637716,35931489.04,17.7483,35.59,21,-,-,-20.428156748911462,-5.064935064935072,21.84,0,-20.75,-5.45,17-Sep-2025,18-Aug-2026,-,-5.064935064935072,-,-20.428156748911462,38.38156785613938,-4.428571428571427,https://nsearchives.nseindia.com/today/MAHKTECHEQN.svg,https://nsearchives.nseindia.com/30d/MAHKTECH-EQ.svg,https://nsearchives.nseindia.com/365d/MAHKTECH-EQ.svg,EQ
NEXT50IETF,Nifty Next 50,76.81,76.81,74.82,76.5,1.2,1.59,466182,35411184.72,75.1532,80.38,62.6,15-NOV-18, FACE VALUE SPLIT (SUB-DIVISION) - FROM RS 10/- PER SHARE TO RS 1/- PER SHARE,5.371900826446289,-2.7830728173846713,75.3,0,3.72,-4.31,17-Sep-2025,18-Aug-2026, FACE VALUE SPLIT (SUB-DIVISION) - FROM RS 10/- PER SHARE TO RS 1/- PER SHARE,-2.7830728173846713,15-NOV-18,5.371900826446289,4.827071410798701,-22.204472843450475,https://nsearchives.nseindia.com/today/NEXT50IETFEQN.svg,https://nsearchives.nseindia.com/30d/NEXT50IETF-EQ.svg,https://nsearchives.nseindia.com/365d/NEXT50IETF-EQ.svg,EQ
MIDCAPETF,Mirae Asset Mutual Fund - Mirae Asset Nifty Midcap 150 ETF,23.13,23.43,23.1,23.43,0.33,1.43,1444353,33653424.9,23.0949,24.57,19.6,-,-,5.493021161638896,-2.089427496865859,23.1,0,4.01,-3.47,17-Sep-2025,18-Aug-2026,-,-2.089427496865859,-,5.493021161638896,4.639804639804642,-19.540816326530603,https://nsearchives.nseindia.com/today/MIDCAPETFEQN.svg,https://nsearchives.nseindia.com/30d/MIDCAPETF-EQ.svg,https://nsearchives.nseindia.com/365d/MIDCAPETF-EQ.svg,EQ
LTGILTBEES,NIFTY 8-13 yr G-Sec Index,29.68,29.9,29.67,29.9,0.22,0.74,1009925,30055368,29.7156,30.61,28.13,-,-,3.6036036036036005,-0.39973351099267485,29.68,0,2.84,-1.13,17-Sep-2025,18-Aug-2026,-,-0.39973351099267485,-,3.6036036036036005,2.3195034302515545,-6.292214717383574,https://nsearchives.nseindia.com/today/LTGILTBEESEQN.svg,https://nsearchives.nseindia.com/30d/LTGILTBEES-EQ.svg,https://nsearchives.nseindia.com/365d/LTGILTBEES-EQ.svg,EQ
AUTOIETF,Nifty Auto Index,28.3,28.4,28.22,28.36,0.06,0.21,993774,28123804.2,28.1606,31.46,24.2,01-MAR-24,FACE VALUE SPLIT (SUB-DIVISION) - FROM RS 10/- PER SHARE TO RE 1/- PER SHARE,0.9971509971510013,-6.710526315789471,28.3,0,0.78,-6.91,17-Sep-2025,18-Aug-2026,FACE VALUE SPLIT (SUB-DIVISION) - FROM RS 10/- PER SHARE TO RE 1/- PER SHARE,-6.710526315789471,01-MAR-24,0.9971509971510013,9.853782581055311,-17.1900826446281,https://nsearchives.nseindia.com/today/AUTOIETFEQN.svg,https://nsearchives.nseindia.com/30d/AUTOIETF-EQ.svg,https://nsearchives.nseindia.com/365d/AUTOIETF-EQ.svg,EQ
GROWWGOLD,Commodity,14.81,14.99,14.81,14.94,0.25,1.70,1882882,28073770.62,14.6866,18,10.73,06-FEB-26,FACE VALUE SPLIT (SUB-DIVISION) - FROM RS 10/- PER UNIT TO RE 1/- PER UNIT,-86.16410446378958,0,14.69,0,-86.4,-1.67,17-Sep-2025,18-Aug-2026,FACE VALUE SPLIT (SUB-DIVISION) - FROM RS 10/- PER UNIT TO RE 1/- PER UNIT,0,06-FEB-26,-86.16410446378958,17.000000000000004,-39.23578751164957,https://nsearchives.nseindia.com/today/GROWWGOLDEQN.svg,https://nsearchives.nseindia.com/30d/GROWWGOLD-EQ.svg,https://nsearchives.nseindia.com/365d/GROWWGOLD-EQ.svg,EQ
ITIETF,Nifty IT Index,32.46,32.46,31.83,32.05,-0.41,-1.26,825230,26423864.6,32.4333,44.3,28.54,01-SEP-22,FACE VALUE SPLIT (SUB-DIVISION) - FROM RS 10/- PER UNIT TO RE 1/- PER UNIT,-19.330480745028947,-4.783125371360664,32.46,0,-18.3,-3.57,17-Sep-2025,18-Aug-2026,FACE VALUE SPLIT (SUB-DIVISION) - FROM RS 10/- PER UNIT TO RE 1/- PER UNIT,-4.783125371360664,01-SEP-22,-19.330480745028947,27.652370203160274,-12.298528381219334,https://nsearchives.nseindia.com/today/ITIETFEQN.svg,https://nsearchives.nseindia.com/30d/ITIETF-EQ.svg,https://nsearchives.nseindia.com/365d/ITIETF-EQ.svg,EQ
HNGSNGBEES,Hang Seng Index,467.6,467.6,461.4,464,1.03,0.22,56641,26237810.43,448.1364,579.92,443.42,19-DEC-19, FACE VALUE SPLIT (SUB-DIVISION) - FROM RS 10/- TO RS 1/-,-11.489231825725353,-3.578404887577413,462.97,0,-11.69,-3.79,17-Sep-2025,18-Aug-2026, FACE VALUE SPLIT (SUB-DIVISION) - FROM RS 10/- TO RS 1/-,-3.578404887577413,19-DEC-19,-11.489231825725353,19.988963995033792,-4.641197961300794,https://nsearchives.nseindia.com/today/HNGSNGBEESEQN.svg,https://nsearchives.nseindia.com/30d/HNGSNGBEES-EQ.svg,https://nsearchives.nseindia.com/365d/HNGSNGBEES-EQ.svg,EQ
AUTOBEES,Nifty Auto TRI,282.41,283.66,281.55,282.78,0.38,0.13,85935,24268044,281.1265,310.45,242.5,-,-,0.7338273012254009,-6.909833097409227,282.4,0,0.6,-7.03,17-Sep-2025,18-Aug-2026,-,-6.909833097409227,-,0.7338273012254009,8.912868416814309,-16.610309278350503,https://nsearchives.nseindia.com/today/AUTOBEESEQN.svg,https://nsearchives.nseindia.com/30d/AUTOBEES-EQ.svg,https://nsearchives.nseindia.com/365d/AUTOBEES-EQ.svg,EQ
MOREALTY,Motilal Oswal Nifty Realty ETF,84.26,85.47,83.9,85.4,1.55,1.85,283299,24108744.9,83.7673,99.49,64,-,-,-7.12343665035345,-5.562313391573594,83.85,0,-8.81,-7.28,17-Sep-2025,18-Aug-2026,-,-5.562313391573594,-,-7.12343665035345,14.162227359533611,-33.43750000000001,https://nsearchives.nseindia.com/today/MOREALTYEQN.svg,https://nsearchives.nseindia.com/30d/MOREALTY-EQ.svg,https://nsearchives.nseindia.com/365d/MOREALTY-EQ.svg,EQ
MIDCAPIETF,Nifty Midcap 150,23.55,23.81,23.45,23.78,0.37,1.58,934043,22034074.37,23.3777,24.88,19.89,10-MAY-24,FACE VALUE SPLIT (SUB-DIVISION) - FROM RS 10/- PER SHARE TO RE 1/- PER SHARE,5.595026642984021,-1.9785655399835136,23.41,0,3.95,-3.5,17-Sep-2025,18-Aug-2026,FACE VALUE SPLIT (SUB-DIVISION) - FROM RS 10/- PER SHARE TO RE 1/- PER SHARE,-1.9785655399835136,10-MAY-24,5.595026642984021,4.42122186495176,-19.557566616390147,https://nsearchives.nseindia.com/today/MIDCAPIETFEQN.svg,https://nsearchives.nseindia.com/30d/MIDCAPIETF-EQ.svg,https://nsearchives.nseindia.com/365d/MIDCAPIETF-EQ.svg,EQ
HEALTHIETF,Nifty Healthcare Index,170,171.44,169.81,171.44,1.41,0.83,124667,21268190.2,169.6975,174.82,138.65,-,-,14.095567682683356,1.473808819177277,170.03,0,13.16,0.64,17-Sep-2025,18-Aug-2026,-,1.473808819177277,-,14.095567682683356,1.9334172291499803,-23.649477100613048,https://nsearchives.nseindia.com/today/HEALTHIETFEQN.svg,https://nsearchives.nseindia.com/30d/HEALTHIETF-EQ.svg,https://nsearchives.nseindia.com/365d/HEALTHIETF-EQ.svg,EQ
GROWWRLTY,Index,9.49,9.56,9.39,9.55,0.16,1.70,2189718,20824218.18,9.3583,11.3,7.17,-,-,Infinity,-5.257936507936502,9.39,0,0,-6.85,,18-Aug-2026,-,-5.257936507936502,-,Infinity,15.486725663716813,-33.193863319386345,https://nsearchives.nseindia.com/today/GROWWRLTYEQN.svg,https://nsearchives.nseindia.com/30d/GROWWRLTY-EQ.svg,,EQ
IT,NIFTY IT Index,31.67,32.8,31.67,31.98,-0.51,-1.57,639140,20420523,32.406,44.49,28.54,-,-,-19.242424242424246,-5.075690115761345,32.49,0,-17.95,-3.56,17-Sep-2025,18-Aug-2026,-,-5.075690115761345,-,-19.242424242424246,28.118678354686452,-12.053258584442892,https://nsearchives.nseindia.com/today/ITEQN.svg,https://nsearchives.nseindia.com/30d/IT-EQ.svg,https://nsearchives.nseindia.com/365d/IT-EQ.svg,EQ
GROWWPOWER,BSE Power Index - TRI,11.06,11.26,10.98,11.24,0.17,1.54,1720753,19238018.54,11.0868,13.2,7.75,-,-,10.521140609636188,-1.7482517482517421,11.07,0,8.85,-3.23,17-Sep-2025,18-Aug-2026,-,-1.7482517482517421,-,10.521140609636188,14.848484848484842,-45.03225806451613,https://nsearchives.nseindia.com/today/GROWWPOWEREQN.svg,https://nsearchives.nseindia.com/30d/GROWWPOWER-EQ.svg,https://nsearchives.nseindia.com/365d/GROWWPOWER-EQ.svg,EQ
BSLNIFTY,Nifty 50,27.38,28.62,27.36,27.47,0.09,0.33,690033,18941405.85,27.3133,33,25.7,25-NOV-21, FACE VALUE SPLIT (SUB-DIVISION) - FROM RS 10/- PER SHARE TO RE 1/- PER SHARE,-6.532834297380067,-3.4106891701828492,27.38,0,-6.84,-3.73,17-Sep-2025,18-Aug-2026, FACE VALUE SPLIT (SUB-DIVISION) - FROM RS 10/- PER SHARE TO RE 1/- PER SHARE,-3.4106891701828492,25-NOV-21,-6.532834297380067,16.75757575757576,-6.887159533073928,https://nsearchives.nseindia.com/today/BSLNIFTYEQN.svg,https://nsearchives.nseindia.com/30d/BSLNIFTY-EQ.svg,https://nsearchives.nseindia.com/365d/BSLNIFTY-EQ.svg,EQ
INFRAIETF,ICICI Prudential Nifty Infrastructure ETF,92.74,93.3,92.6,92.85,0.55,0.60,203080,18847854.8,92.4052,101,86.8,-,-,-2.1807838179519674,-3.8122863358541457,92.3,0,-2.76,-4.38,17-Sep-2025,18-Aug-2026,-,-3.8122863358541457,-,-2.1807838179519674,8.069306930693076,-6.970046082949306,https://nsearchives.nseindia.com/today/INFRAIETFEQN.svg,https://nsearchives.nseindia.com/30d/INFRAIETF-EQ.svg,https://nsearchives.nseindia.com/365d/INFRAIETF-EQ.svg,EQ
MOMENTUM50,Nifty 500 Momentum 50 Total Return Index,53.2,54.1,53.16,54.03,0.89,1.67,348067,18736446.61,53.1601,55.97,44.96,-,-,3.3078393881453234,-0.6618863761720895,53.14,0,1.61,-2.3,17-Sep-2025,18-Aug-2026,-,-0.6618863761720895,-,3.3078393881453234,3.4661425763801996,-20.173487544483987,https://nsearchives.nseindia.com/today/MOMENTUM50EQN.svg,https://nsearchives.nseindia.com/30d/MOMENTUM50-EQ.svg,https://nsearchives.nseindia.com/365d/MOMENTUM50-EQ.svg,EQ
ALPHAETF,Mirae Asset Nifty 200 Alpha 30 ETF,26.2,26.46,26.16,26.39,0.37,1.42,696150,18322668,26.0111,27.61,21.8,-,-,3.571428571428572,-1.4930944382232123,26.02,0,2.12,-2.87,17-Sep-2025,18-Aug-2026,-,-1.4930944382232123,-,3.571428571428572,4.418688880840271,-21.05504587155963,https://nsearchives.nseindia.com/today/ALPHAETFEQN.svg,https://nsearchives.nseindia.com/30d/ALPHAETF-EQ.svg,https://nsearchives.nseindia.com/365d/ALPHAETF-EQ.svg,EQ
MOMMIDCAP,BSE Midcap 150 Momentum 30 TRI,12.78,12.93,12.78,12.9,0.16,1.26,1400681,18040771.28,12.7202,14.99,10.8,-,-,Infinity,-1.526717557251903,12.74,0,0,-2.75,,18-Aug-2026,-,-1.526717557251903,-,Infinity,13.942628418945963,-19.44444444444444,https://nsearchives.nseindia.com/today/MOMMIDCAPEQN.svg,https://nsearchives.nseindia.com/30d/MOMMIDCAP-EQ.svg,,EQ
NIFTY1,Nifty 50,261.71,261.71,258.81,259.36,0.24,0.09,68356,17738382,258.5538,295.8,244.8,27-JUL-17, FACE VALUE SPLIT (SUB-DIVISION) - FROM RS 10/- PER SHARE TO RS 1/- PER SHARE,-6.802256638758132,-3.6158905942249664,259.12,0,-6.89,-3.71,17-Sep-2025,18-Aug-2026, FACE VALUE SPLIT (SUB-DIVISION) - FROM RS 10/- PER SHARE TO RS 1/- PER SHARE,-3.6158905942249664,27-JUL-17,-6.802256638758132,12.319134550371873,-5.947712418300655,https://nsearchives.nseindia.com/today/NIFTY1EQN.svg,https://nsearchives.nseindia.com/30d/NIFTY1-EQ.svg,https://nsearchives.nseindia.com/365d/NIFTY1-EQ.svg,EQ
GROWWRAIL,Nifty India Railways PSU Index,27.12,27.59,26.95,27.59,0.6,2.22,641865,17535751.8,26.9225,36.75,26.4,-,-,-24.015422748554123,-4.433668167648081,26.99,0,-25.67,-6.51,17-Sep-2025,18-Aug-2026,-,-4.433668167648081,-,-24.015422748554123,24.92517006802721,-4.507575757575762,https://nsearchives.nseindia.com/today/GROWWRAILEQN.svg,https://nsearchives.nseindia.com/30d/GROWWRAIL-EQ.svg,https://nsearchives.nseindia.com/365d/GROWWRAIL-EQ.svg,EQ
ICICIB22,S&P BSE BHARAT 22 index,113.12,113.12,111.97,112.12,0.12,0.11,154083,17309684.22,112.0534,131,108.8,-,-,1.3010480664980102,-2.918001558576492,112,0,1.19,-3.02,17-Sep-2025,18-Aug-2026,-,-2.918001558576492,-,1.3010480664980102,14.412213740458013,-3.051470588235301,https://nsearchives.nseindia.com/today/ICICIB22EQN.svg,https://nsearchives.nseindia.com/30d/ICICIB22-EQ.svg,https://nsearchives.nseindia.com/365d/ICICIB22-EQ.svg,EQ
DEFENCE,BSE India Defence,78.09,78.96,78,78.49,0.82,1.06,216860,17047364.6,77.718,85.6,58.91,-,-,Infinity,-6.022509578544063,77.67,0,0,-7,,18-Aug-2026,-,-6.022509578544063,-,Infinity,8.30607476635514,-33.23714140213885,https://nsearchives.nseindia.com/today/DEFENCEEQN.svg,https://nsearchives.nseindia.com/30d/DEFENCE-EQ.svg,,EQ
NEXT50,Nifty Next 50,739.38,748.53,736.14,745.45,9.69,1.32,22861,17003325.97,735.3669,785.96,617,-,-,5.0536225144097315,-3.13799376299376,735.76,0,3.69,-4.4,17-Sep-2025,18-Aug-2026,-,-3.13799376299376,-,5.0536225144097315,5.154206320932362,-20.818476499189632,https://nsearchives.nseindia.com/today/NEXT50EQN.svg,https://nsearchives.nseindia.com/30d/NEXT50-EQ.svg,https://nsearchives.nseindia.com/365d/NEXT50-EQ.svg,EQ
MOSMALL250,Motilal Oswal Nifty Smallcap 250 ETF,17.94,18.6,17.71,18.45,0.28,1.54,921766,16868317.8,18.1082,19.38,14.22,-,-,5.24814603536793,0.3262642740619833,18.17,0,3.65,-1.2,17-Sep-2025,18-Aug-2026,-,0.3262642740619833,-,5.24814603536793,4.798761609907119,-29.746835443037966,https://nsearchives.nseindia.com/today/MOSMALL250EQN.svg,https://nsearchives.nseindia.com/30d/MOSMALL250-EQ.svg,https://nsearchives.nseindia.com/365d/MOSMALL250-EQ.svg,EQ
GROWWDEFNC,Nifty India Defence Index- Total Return Index,93.38,94.35,92.31,94.18,1.87,2.03,167199,15664874.31,92.5723,102.07,71.78,-,-,13.34697316163197,-5.432272316497636,92.31,0,11.1,-7.31,17-Sep-2025,18-Aug-2026,-,-5.432272316497636,-,13.34697316163197,7.729989223082185,-31.206464196154922,https://nsearchives.nseindia.com/today/GROWWDEFNCEQN.svg,https://nsearchives.nseindia.com/30d/GROWWDEFNC-EQ.svg,https://nsearchives.nseindia.com/365d/GROWWDEFNC-EQ.svg,EQ
ITETF,Mirae Asset Nifty IT ETF,30.95,31,30.35,30.6,-0.24,-0.78,500010,15245304.9,30.9287,42.02,27.22,-,-,-19.090428344791114,-4.613466334164579,30.84,0,-18.46,-3.87,17-Sep-2025,18-Aug-2026,-,-4.613466334164579,-,-19.090428344791114,27.17753450737744,-12.417340191036011,https://nsearchives.nseindia.com/today/ITETFEQN.svg,https://nsearchives.nseindia.com/30d/ITETF-EQ.svg,https://nsearchives.nseindia.com/365d/ITETF-EQ.svg,EQ
GROWWHOSPI,BSE Hospitals Index,52.22,53.16,52.14,53,0.78,1.49,266394,14086914.72,52.0559,62,43.35,-,-,Infinity,0.8563273073263613,52.22,0,0,-0.63,,18-Aug-2026,-,0.8563273073263613,-,Infinity,14.516129032258064,-22.260668973471738,https://nsearchives.nseindia.com/today/GROWWHOSPIEQN.svg,https://nsearchives.nseindia.com/30d/GROWWHOSPI-EQ.svg,,EQ
QGOLDHALF,Gold,125.99,127.18,125.75,126.64,1.99,1.60,110831,14009038.4,124.6077,149.69,90.62,16-DEC-21, FACE VALUE SPLIT (SUB-DIVISION) - FROM RS 100 PER SHARE TO RS 2 PER SHARE,38.96631186217492,-0.07890168849612933,124.65,0,36.78,-1.65,17-Sep-2025,18-Aug-2026, FACE VALUE SPLIT (SUB-DIVISION) - FROM RS 100 PER SHARE TO RS 2 PER SHARE,-0.07890168849612933,16-DEC-21,38.96631186217492,15.398490213107085,-39.74839991171926,https://nsearchives.nseindia.com/today/QGOLDHALFEQN.svg,https://nsearchives.nseindia.com/30d/QGOLDHALF-EQ.svg,https://nsearchives.nseindia.com/365d/QGOLDHALF-EQ.svg,EQ
SML100CASE,Nifty Smallcap 100 Index,11.35,11.36,11.14,11.35,0.22,1.98,1176113,13266554.64,11.1117,11.77,8.5,-,-,9.029779058597496,0.8888888888888857,11.13,0,6.92,-1.07,17-Sep-2025,18-Aug-2026,-,0.8888888888888857,-,9.029779058597496,3.5683942225998297,-33.52941176470588,https://nsearchives.nseindia.com/today/SML100CASEEQN.svg,https://nsearchives.nseindia.com/30d/SML100CASE-EQ.svg,https://nsearchives.nseindia.com/365d/SML100CASE-EQ.svg,EQ
SETFNN50,Nifty Next 50,763.08,777.5,762.3,776.78,11.77,1.54,16704,12890309.76,763.4609,840,636.01,02-NOV-17, DIVIDEND - RS 7/- PER UNIT,5.546497092233265,-2.7395888112588582,765.01,0,3.95,-4.21,17-Sep-2025,18-Aug-2026, DIVIDEND - RS 7/- PER UNIT,-2.7395888112588582,02-NOV-17,5.546497092233265,7.52619047619048,-22.13329979088379,https://nsearchives.nseindia.com/today/SETFNN50EQN.svg,https://nsearchives.nseindia.com/30d/SETFNN50-EQ.svg,https://nsearchives.nseindia.com/365d/SETFNN50-EQ.svg,EQ
MOSILVER,Domestic Price of Physical Silver,229.57,232.3,228.63,231.8,7.82,3.49,54487,12541272.79,224.5506,385,125.25,-,-,82.13247426730574,1.138793141062007,223.98,0,75.99,-2.27,17-Sep-2025,18-Aug-2026,-,1.138793141062007,-,82.13247426730574,39.79220779220779,-85.06986027944113,https://nsearchives.nseindia.com/today/MOSILVEREQN.svg,https://nsearchives.nseindia.com/30d/MOSILVER-EQ.svg,https://nsearchives.nseindia.com/365d/MOSILVER-EQ.svg,EQ
MOHEALTH,Motilal Oswal S&P BSE Healthcare ETF,52.31,52.43,51.66,52.36,0.48,0.93,230100,11992812,51.8886,53.76,40.79,-,-,15.559479143676887,1.7489312087057882,51.88,0,14.5,0.82,17-Sep-2025,18-Aug-2026,-,1.7489312087057882,-,15.559479143676887,2.6041666666666643,-28.36479529296396,https://nsearchives.nseindia.com/today/MOHEALTHEQN.svg,https://nsearchives.nseindia.com/30d/MOHEALTH-EQ.svg,https://nsearchives.nseindia.com/365d/MOHEALTH-EQ.svg,EQ
HDFCLIQUID,HDFC Nifty 1D Rate Liquid ETF,1078.61,1078.63,1078.61,1078.63,0.45,0.04,10808,11657616.88,,1079.4,1009.91,28-FEB-25,CHANGE IN FUNDAMENTAL ATTRIBUTE OF HDFC NIFTY 1D RATE LIQUID ETF,4.9312216666342445,0.4142694892848541,1078.18,0,4.89,0.37,17-Sep-2025,18-Aug-2026,CHANGE IN FUNDAMENTAL ATTRIBUTE OF HDFC NIFTY 1D RATE LIQUID ETF,0.4142694892848541,28-FEB-25,4.9312216666342445,0.07133592736705407,-6.804566743571224,https://nsearchives.nseindia.com/today/HDFCLIQUIDEQN.svg,https://nsearchives.nseindia.com/30d/HDFCLIQUID-EQ.svg,https://nsearchives.nseindia.com/365d/HDFCLIQUID-EQ.svg,EQ
MOM30IETF,ICICI Prudential Nifty 200 Momentum 30 ETF,30.95,31.19,30.79,31.15,0.4,1.30,375419,11653005.76,30.6876,32.9,26,12-AUG-22,ADDITONAL ISSUANCE 9:1,-0.985378258105538,-1.6108654453569222,30.75,0,-2.26,-2.87,17-Sep-2025,18-Aug-2026,ADDITONAL ISSUANCE 9:1,-1.6108654453569222,12-AUG-22,-0.985378258105538,5.319148936170213,-19.807692307692303,https://nsearchives.nseindia.com/today/MOM30IETFEQN.svg,https://nsearchives.nseindia.com/30d/MOM30IETF-EQ.svg,https://nsearchives.nseindia.com/365d/MOM30IETF-EQ.svg,EQ
GROWWLIQID,Nifty 1D Rate Index,110.81,110.82,110.81,110.82,0.05,0.05,102618,11371100.58,110.7759,112.71,105.15,-,-,4.774510730831046,0.3986229389382114,110.77,0,4.73,0.35,17-Sep-2025,18-Aug-2026,-,0.3986229389382114,-,4.774510730831046,1.676869842959809,-5.392296718972884,https://nsearchives.nseindia.com/today/GROWWLIQIDEQN.svg,https://nsearchives.nseindia.com/30d/GROWWLIQID-EQ.svg,https://nsearchives.nseindia.com/365d/GROWWLIQID-EQ.svg,EQ
EGOLD,Edelweiss Gold ETF,151.65,153.15,151.65,152.5,2.05,1.36,71864,10962853.2,150.2531,184.95,109.6,-,-,38.25929283771532,-0.2942137953579527,150.45,0,36.4,-1.63,17-Sep-2025,18-Aug-2026,-,-0.2942137953579527,-,38.25929283771532,17.545282508786155,-39.142335766423365,https://nsearchives.nseindia.com/today/EGOLDEQN.svg,https://nsearchives.nseindia.com/30d/EGOLD-EQ.svg,https://nsearchives.nseindia.com/365d/EGOLD-EQ.svg,EQ
ELIQUID,Nifty 1D Rate Index (Debt Index),1048.39,1048.4,1048.39,1048.4,0.41,0.04,9883,10361238.37,1047.9914,1051.22,996,-,-,Infinity,0.4137613975940698,1047.99,0,0,0.37,,18-Aug-2026,-,0.4137613975940698,-,Infinity,0.2682597363063808,-5.261044176706837,https://nsearchives.nseindia.com/today/ELIQUIDEQN.svg,https://nsearchives.nseindia.com/30d/ELIQUID-EQ.svg,,EQ
MOM100,Nifty Midcap 100,66.99,67.3,66.41,66.75,0.34,0.51,152423,10187953.32,66.3427,70.32,56.15,-,-,5.317134742821075,-2.710975076519457,66.41,0,4.78,-3.21,17-Sep-2025,18-Aug-2026,-,-2.710975076519457,-,5.317134742821075,5.076791808873711,-18.878005342831706,https://nsearchives.nseindia.com/today/MOM100EQN.svg,https://nsearchives.nseindia.com/30d/MOM100-EQ.svg,https://nsearchives.nseindia.com/365d/MOM100-EQ.svg,EQ
AONEGOLD,Domestic price of Gold,14.28,14.33,14.15,14.27,0.23,1.64,691851,9879632.28,14.0485,17.73,10.22,-,-,38.948393378773126,-0.07002801120448031,14.04,0,36.71,-1.68,17-Sep-2025,18-Aug-2026,-,-0.07002801120448031,-,38.948393378773126,19.514946418499726,-39.62818003913893,https://nsearchives.nseindia.com/today/AONEGOLDEQN.svg,https://nsearchives.nseindia.com/30d/AONEGOLD-EQ.svg,https://nsearchives.nseindia.com/365d/AONEGOLD-EQ.svg,EQ
NEXT50BETA,Nifty Next 50,77.77,78.09,77.03,77.43,0.33,0.43,122825,9531220,76.9146,82.51,64.34,25-MAR-21, FACE VALUE SPLIT (SUB-DIVISION) - FROM RS 10/- PER UNIT TO Re 1/- PER UNIT,Infinity,-3.453865336658349,77.1,0,0,-3.87,,18-Aug-2026, FACE VALUE SPLIT (SUB-DIVISION) - FROM RS 10/- PER UNIT TO Re 1/- PER UNIT,-3.453865336658349,25-MAR-21,Infinity,6.156829475215123,-20.345041964563265,https://nsearchives.nseindia.com/today/NEXT50BETAEQN.svg,https://nsearchives.nseindia.com/30d/NEXT50BETA-EQ.svg,,EQ
PSUBNKIETF,ICICI Prudential Nifty PSU Bank ETF,84,84.69,83.75,84.69,0.86,1.03,111967,9430980.41,83.8288,104,71.99,-,-,14.678402166553832,-3.1560891938250486,83.83,0,13.51,-4.14,17-Sep-2025,18-Aug-2026,-,-3.1560891938250486,-,14.678402166553832,18.567307692307693,-17.641339074871514,https://nsearchives.nseindia.com/today/PSUBNKIETFEQN.svg,https://nsearchives.nseindia.com/30d/PSUBNKIETF-EQ.svg,https://nsearchives.nseindia.com/365d/PSUBNKIETF-EQ.svg,EQ
MAKEINDIA,Nifty India Manufacturing Total Return Index,161.95,162.78,161.75,162.35,1.21,0.75,56042,9085529.04,161.1137,173.11,140.12,-,-,5.374180567274617,-3.9007931810110117,161.14,0,4.59,-4.62,17-Sep-2025,18-Aug-2026,-,-3.9007931810110117,-,5.374180567274617,6.215700999364576,-15.864972880388232,https://nsearchives.nseindia.com/today/MAKEINDIAEQN.svg,https://nsearchives.nseindia.com/30d/MAKEINDIA-EQ.svg,https://nsearchives.nseindia.com/365d/MAKEINDIA-EQ.svg,EQ
ABSLLIQUID,Aditya Birla Sun Life CRISIL Overnight Fund AI ETF,995,1004.94,995,1000.01,0.01,0.00,8812,8812000,1000,1044.99,975,-,-,0,0.002000020000198183,1000,0,0,0,17-Sep-2025,18-Aug-2026,-,0.002000020000198183,-,0,4.304347410023064,-2.5651282051282043,https://nsearchives.nseindia.com/today/ABSLLIQUIDEQN.svg,https://nsearchives.nseindia.com/30d/ABSLLIQUID-EQ.svg,https://nsearchives.nseindia.com/365d/ABSLLIQUID-EQ.svg,EQ
HDFCMID150,HDFC NIFTY Midcap 150 ETF,23.3,23.3,22.92,23.15,0.31,1.36,361504,8329052.16,22.8679,25.2,19.42,20-OCT-23,FACE VALUE SPLIT (SUB-DIVISION) - FROM RS 115.95/- PER SHARE TO RS 11.59/- PER SHARE,5.0362976406533555,-2.1141649048625792,22.84,0,3.63,-3.42,17-Sep-2025,18-Aug-2026,FACE VALUE SPLIT (SUB-DIVISION) - FROM RS 115.95/- PER SHARE TO RS 11.59/- PER SHARE,-2.1141649048625792,20-OCT-23,5.0362976406533555,8.134920634920638,-19.207003089598334,https://nsearchives.nseindia.com/today/HDFCMID150EQN.svg,https://nsearchives.nseindia.com/30d/HDFCMID150-EQ.svg,https://nsearchives.nseindia.com/365d/HDFCMID150-EQ.svg,EQ
CHEMICAL,Nifty Chemicals Index (TRI),28.55,29.58,28.55,29.42,0.29,1.00,279002,8169178.56,29.073,31.8,24.5,-,-,Infinity,-4.635332252836304,29.13,0,0,-5.58,,18-Aug-2026,-,-4.635332252836304,-,Infinity,7.4842767295597445,-20.08163265306123,https://nsearchives.nseindia.com/today/CHEMICALEQN.svg,https://nsearchives.nseindia.com/30d/CHEMICAL-EQ.svg,,EQ
HDFCNIFIT,HDFC NIFTY IT ETF,31.27,31.27,30.6,30.76,-0.36,-1.16,256307,7873751.04,31.1732,42.3,27.32,02-FEB-24,FACE VALUE SPLIT (SUB-DIVISION) - FROM RS 299.92/- PER SHARE TO RS 29.992/- PER SHARE,-19.370904325032757,-4.885590599876319,31.12,0,-18.43,-3.77,17-Sep-2025,18-Aug-2026,FACE VALUE SPLIT (SUB-DIVISION) - FROM RS 299.92/- PER SHARE TO RS 29.992/- PER SHARE,-4.885590599876319,02-FEB-24,-19.370904325032757,27.281323877068548,-12.591508052708642,https://nsearchives.nseindia.com/today/HDFCNIFITEQN.svg,https://nsearchives.nseindia.com/30d/HDFCNIFIT-EQ.svg,https://nsearchives.nseindia.com/365d/HDFCNIFIT-EQ.svg,EQ
GILT5YBEES,Nifty 5 yr Benchmark G-Sec Index,65.95,65.96,65.75,65.84,0.03,0.05,117989,7768395.76,65.7741,68.3,61.45,-,-,5.007974481658693,-0.5888570134380199,65.81,0,4.96,-0.63,17-Sep-2025,18-Aug-2026,-,-0.5888570134380199,-,5.007974481658693,3.601756954611997,-7.1440195280716035,https://nsearchives.nseindia.com/today/GILT5YBEESEQN.svg,https://nsearchives.nseindia.com/30d/GILT5YBEES-EQ.svg,https://nsearchives.nseindia.com/365d/GILT5YBEES-EQ.svg,EQ
OILIETF,Nifty Oil & Gas Index,11.03,11.19,11.01,11.14,0.12,1.09,690859,7675443.49,11.036,14,9.8,-,-,-2.792321116928449,-2.194907813871817,11.02,0,-3.84,-3.25,17-Sep-2025,18-Aug-2026,-,-2.194907813871817,-,-2.792321116928449,20.428571428571423,-13.673469387755102,https://nsearchives.nseindia.com/today/OILIETFEQN.svg,https://nsearchives.nseindia.com/30d/OILIETF-EQ.svg,https://nsearchives.nseindia.com/365d/OILIETF-EQ.svg,EQ
HDFCBSE500,HDFC S&P BSE 500 ETF,36.31,37.61,36.31,36.8,0.13,0.35,202980,7481842.8,36.4241,40,32.65,-,-,-1.4197696222877074,-2.516556291390736,36.67,0,-1.77,-2.86,17-Sep-2025,18-Aug-2026,-,-2.516556291390736,-,-1.4197696222877074,8.000000000000007,-12.71056661562021,https://nsearchives.nseindia.com/today/HDFCBSE500EQN.svg,https://nsearchives.nseindia.com/30d/HDFCBSE500-EQ.svg,https://nsearchives.nseindia.com/365d/HDFCBSE500-EQ.svg,EQ
AONESILVER,Domestic price of Silver,8.95,8.99,8.79,8.97,0.31,3.58,807684,7180310.76,8.6838,12,7.43,-,-,Infinity,1.3559322033898418,8.66,0,0,-2.15,,18-Aug-2026,-,1.3559322033898418,-,Infinity,25.249999999999996,-20.726783310901762,https://nsearchives.nseindia.com/today/AONESILVEREQN.svg,https://nsearchives.nseindia.com/30d/AONESILVER-EQ.svg,,EQ
MID150CASE,Zerodha Nifty Midcap 150 ETF,11.6,11.6,11.21,11.55,0.18,1.58,622348,7132108.08,11.372,13,9.63,-,-,6.060606060606061,-1.95246179966043,11.37,0,4.41,-3.48,17-Sep-2025,18-Aug-2026,-,-1.95246179966043,-,6.060606060606061,11.15384615384615,-19.937694704049843,https://nsearchives.nseindia.com/today/MID150CASEEQN.svg,https://nsearchives.nseindia.com/30d/MID150CASE-EQ.svg,https://nsearchives.nseindia.com/365d/MID150CASE-EQ.svg,EQ
MIDSMALL,Mirae Asset Nifty MidSmallcap400 Momentum Quality 100 ETF,51.87,51.87,50.73,51.5,0.65,1.28,137961,7080158.52,50.763,53.07,42.41,-,-,3.5175879396984926,-1.5860882858780783,50.85,0,2.21,-2.83,17-Sep-2025,18-Aug-2026,-,-1.5860882858780783,-,3.5175879396984926,2.958356887130206,-21.43362414524877,https://nsearchives.nseindia.com/today/MIDSMALLEQN.svg,https://nsearchives.nseindia.com/30d/MIDSMALL-EQ.svg,https://nsearchives.nseindia.com/365d/MIDSMALL-EQ.svg,EQ
BANKETF,Mirae Asset Nifty Bank ETF,571.2,576.4,571.2,574.25,1.7,0.30,12315,7070780.4,571.9587,628.27,507.01,-,-,1.869755725461667,-1.7855615796405024,572.55,0,1.57,-2.08,17-Sep-2025,18-Aug-2026,-,-1.7855615796405024,-,1.869755725461667,8.598214143600678,-13.262065836965743,https://nsearchives.nseindia.com/today/BANKETFEQN.svg,https://nsearchives.nseindia.com/30d/BANKETF-EQ.svg,https://nsearchives.nseindia.com/365d/BANKETF-EQ.svg,EQ
LTGILTCASE,Nifty 8-13 Yr G-Sec Index,30.88,30.88,30.1,30.29,0.02,0.07,228742,6930882.6,30.2628,31.31,28.71,-,-,2.887228260869558,-0.9807126511932027,30.27,0,2.82,-1.05,17-Sep-2025,18-Aug-2026,-,-0.9807126511932027,-,2.887228260869558,3.2577451293516435,-5.503308951584808,https://nsearchives.nseindia.com/today/LTGILTCASEEQN.svg,https://nsearchives.nseindia.com/30d/LTGILTCASE-EQ.svg,https://nsearchives.nseindia.com/365d/LTGILTCASE-EQ.svg,EQ
GOLDBND,Commodity - Gold,153.56,154,150.71,153.09,2.54,1.69,44050,6723351.5,150.1957,180.16,115.17,-,-,Infinity,0.18979057591622514,150.55,0,0,-1.47,,18-Aug-2026,-,0.18979057591622514,-,Infinity,15.025532859680279,-32.925240948163584,https://nsearchives.nseindia.com/today/GOLDBNDEQN.svg,https://nsearchives.nseindia.com/30d/GOLDBND-EQ.svg,,EQ
ALPL30IETF,Nifty Alpha Low-Volatility 30 Index,27.01,27.19,26.98,27.19,0.18,0.67,241054,6520510.7,27.0405,29.17,24.35,10-MAY-24,FACE VALUE SPLIT (SUB-DIVISION) - FROM RS 10/- PER SHARE TO RE 1/- PER SHARE,-1.9119769119769034,-3.8203042094092616,27.01,0,-2.56,-4.46,17-Sep-2025,18-Aug-2026,FACE VALUE SPLIT (SUB-DIVISION) - FROM RS 10/- PER SHARE TO RE 1/- PER SHARE,-3.8203042094092616,10-MAY-24,-1.9119769119769034,6.78779568049366,-11.663244353182751,https://nsearchives.nseindia.com/today/ALPL30IETFEQN.svg,https://nsearchives.nseindia.com/30d/ALPL30IETF-EQ.svg,https://nsearchives.nseindia.com/365d/ALPL30IETF-EQ.svg,EQ
BANKNIFTY1,Nifty Bank,58.29,58.64,58.29,58.56,0.27,0.46,106721,6243178.5,58.2611,65.29,51.71,27-FEB-26,FACE VALUE SPLIT (SUB-DIVISION) - FROM RS 10/- PER SHARE TO RE 1/- PER SHARE,-89.7890148212729,-1.7943987925540839,58.29,0,-89.84,-2.25,17-Sep-2025,18-Aug-2026,FACE VALUE SPLIT (SUB-DIVISION) - FROM RS 10/- PER SHARE TO RE 1/- PER SHARE,-1.7943987925540839,27-FEB-26,-89.7890148212729,10.307857252259158,-13.246954167472444,https://nsearchives.nseindia.com/today/BANKNIFTY1EQN.svg,https://nsearchives.nseindia.com/30d/BANKNIFTY1-EQ.svg,https://nsearchives.nseindia.com/365d/BANKNIFTY1-EQ.svg,EQ
PSUBANK,Nifty PSU Bank,82.9,83.49,82.61,83.46,0.83,1.00,73566,6097150.08,82.7236,101,71.02,10-JUL-26,FACE VALUE SPLIT (SUB-DIVISION) - FROM RS 10/- PER UNIT TO RE 1/- PER UNIT,-88.60054088015953,-3.6814772071552357,82.63,0,-88.71,-4.64,17-Sep-2025,18-Aug-2026,FACE VALUE SPLIT (SUB-DIVISION) - FROM RS 10/- PER UNIT TO RE 1/- PER UNIT,-3.6814772071552357,10-JUL-26,-88.60054088015953,17.366336633663373,-17.516192621796673,https://nsearchives.nseindia.com/today/PSUBANKEQN.svg,https://nsearchives.nseindia.com/30d/PSUBANK-EQ.svg,https://nsearchives.nseindia.com/365d/PSUBANK-EQ.svg,EQ
SILVERBND,Commodity - Silver,232.19,236,231.56,236,8.99,3.96,25507,5978585.73,227.7742,389,180,-,-,Infinity,1.501010709216812,227.01,0,0,-2.37,,18-Aug-2026,-,1.501010709216812,-,Infinity,39.33161953727507,-31.11111111111111,https://nsearchives.nseindia.com/today/SILVERBNDEQN.svg,https://nsearchives.nseindia.com/30d/SILVERBND-EQ.svg,,EQ
LIQUIDSHRI,SHRIRAM NIFTY 1D RATE LIQUID ETF,1122.13,1122.15,1122.13,1122.15,0.43,0.04,5249,5890060.37,1121.7278,1122.15,1070.82,-,-,4.793522720905489,0.39274978528486437,1121.72,0,4.75,0.35,17-Sep-2025,18-Aug-2026,-,0.39274978528486437,-,4.793522720905489,0,-4.793522720905489,https://nsearchives.nseindia.com/today/LIQUIDSHRIEQN.svg,https://nsearchives.nseindia.com/30d/LIQUIDSHRI-EQ.svg,https://nsearchives.nseindia.com/365d/LIQUIDSHRI-EQ.svg,EQ
GROWWCAPM,Nifty Capital Markets Index,11.29,11.29,11.1,11.26,0.14,1.26,516604,5791130.84,11.1169,12.66,8.02,-,-,Infinity,0.2671415850400655,11.12,0,0,-0.98,,18-Aug-2026,-,0.2671415850400655,-,Infinity,11.058451816745658,-40.399002493765586,https://nsearchives.nseindia.com/today/GROWWCAPMEQN.svg,https://nsearchives.nseindia.com/30d/GROWWCAPM-EQ.svg,,EQ
EBBETF0430,Nifty BHARAT Bond,1639.4,1639.4,1604.01,1613.1,5.85,0.36,3456,5559805.44,1610.2576,1646.18,1501.89,-,-,5.30129447936861,0.014260293762052628,1607.25,0,4.92,-0.35,17-Sep-2025,18-Aug-2026,-,0.014260293762052628,-,5.30129447936861,2.009500783632419,-7.404670115654263,https://nsearchives.nseindia.com/today/EBBETF0430EQN.svg,https://nsearchives.nseindia.com/30d/EBBETF0430-EQ.svg,https://nsearchives.nseindia.com/365d/EBBETF0430-EQ.svg,EQ
BANKIETF,Nifty Bank,58,58.03,57.68,57.9,0.1,0.17,95206,5510523.28,57.6419,63.9,51.17,-,-,1.7753559500790965,-1.8311291963377387,57.8,0,1.6,-2,17-Sep-2025,18-Aug-2026,-,-1.8311291963377387,-,1.7753559500790965,9.389671361502348,-13.152237639241736,https://nsearchives.nseindia.com/today/BANKIETFEQN.svg,https://nsearchives.nseindia.com/30d/BANKIETF-EQ.svg,https://nsearchives.nseindia.com/365d/BANKIETF-EQ.svg,EQ
GROWWMETAL,Nifty Metal Index,12.2,12.44,12.2,12.38,0.18,1.48,443476,5481363.36,12.258,13.45,10.03,-,-,Infinity,0.16181229773463876,12.2,0,0,-1.29,,18-Aug-2026,-,0.16181229773463876,-,Infinity,7.95539033457248,-23.429710867397823,https://nsearchives.nseindia.com/today/GROWWMETALEQN.svg,https://nsearchives.nseindia.com/30d/GROWWMETAL-EQ.svg,,EQ
SILVER360,Commodity-Silver,225.5,230.94,225.5,230.04,6.62,2.96,22855,5236766.15,223.4958,358,123.75,-,-,81.23375088631528,0.8593475973342597,223.42,0,76.02,-2.04,17-Sep-2025,18-Aug-2026,-,0.8593475973342597,-,81.23375088631528,35.74301675977654,-85.89090909090909,https://nsearchives.nseindia.com/today/SILVER360EQN.svg,https://nsearchives.nseindia.com/30d/SILVER360-EQ.svg,https://nsearchives.nseindia.com/365d/SILVER360-EQ.svg,EQ
MID150,Nifty Midcap 150 Index,23.2,23.22,22.93,23.18,0.25,1.09,222934,5152004.74,,24.95,18.97,-,-,5.893101873001366,-2.6459470810583747,22.93,0,4.75,-3.7,17-Sep-2025,18-Aug-2026,-,-2.6459470810583747,-,5.893101873001366,7.094188376753505,-22.192936215076443,https://nsearchives.nseindia.com/today/MID150EQN.svg,https://nsearchives.nseindia.com/30d/MID150-EQ.svg,https://nsearchives.nseindia.com/365d/MID150-EQ.svg,EQ
SMALL250,Nifty Smallcap 250,18.15,18.45,18.12,18.38,0.28,1.55,280548,5134028.4,18.0744,19.95,14.16,-,-,Infinity,-0.16295491580663302,18.1,0,0,-1.68,,18-Aug-2026,-,-0.16295491580663302,-,Infinity,7.869674185463661,-29.80225988700564,https://nsearchives.nseindia.com/today/SMALL250EQN.svg,https://nsearchives.nseindia.com/30d/SMALL250-EQ.svg,,EQ
TNIDETF,Nifty India Digital Index,88.38,89.33,87.48,88,-0.37,-0.42,57856,5095956.48,88.8045,103.26,74.5,-,-,-7.814791535721762,-1.9170753455193925,88.37,0,-7.43,-1.5,17-Sep-2025,18-Aug-2026,-,-1.9170753455193925,-,-7.814791535721762,14.7782297114081,-18.120805369127517,https://nsearchives.nseindia.com/today/TNIDETFEQN.svg,https://nsearchives.nseindia.com/30d/TNIDETF-EQ.svg,https://nsearchives.nseindia.com/365d/TNIDETF-EQ.svg,EQ
CONSUMBEES,Nifty India Consumption TRI,128.26,128.66,127.42,128.66,1.67,1.32,39495,5053780.2,127.4828,144.38,114,-,-,-7.003975424647631,-4.128166915052155,126.99,0,-8.21,-5.37,17-Sep-2025,18-Aug-2026,-,-4.128166915052155,-,-7.003975424647631,10.887934616982962,-12.859649122807014,https://nsearchives.nseindia.com/today/CONSUMBEESEQN.svg,https://nsearchives.nseindia.com/30d/CONSUMBEES-EQ.svg,https://nsearchives.nseindia.com/365d/CONSUMBEES-EQ.svg,EQ
SBIMIDMOM,Nifty Midcap 150 Momentum 50 Index,63.07,63.54,62.86,63.54,0.89,1.42,79500,5033940,62.4765,67.74,53.86,-,-,Infinity,-1.1512134411947759,62.65,0,0,-2.54,,18-Aug-2026,-,-1.1512134411947759,-,Infinity,6.200177147918506,-17.972521351652432,https://nsearchives.nseindia.com/today/SBIMIDMOMEQN.svg,https://nsearchives.nseindia.com/30d/SBIMIDMOM-EQ.svg,,EQ
INFRABEES,Nifty Infra,933.6,938,931.37,938,9.37,1.01,5322,4978305.24,928.3331,1018.3,871.35,-,-,-1.4157041209917314,-3.664448278695254,928.63,0,-2.4,-4.63,17-Sep-2025,18-Aug-2026,-,-3.664448278695254,-,-1.4157041209917314,7.885691839340073,-7.649050324209558,https://nsearchives.nseindia.com/today/INFRABEESEQN.svg,https://nsearchives.nseindia.com/30d/INFRABEES-EQ.svg,https://nsearchives.nseindia.com/365d/INFRABEES-EQ.svg,EQ
GROWWNET,Index,10.68,11.05,10.68,11.02,0.29,2.70,446972,4863055.36,10.7048,11.4,7.93,-,-,1.9426456984273734,4.3560606060605975,10.73,0,-0.74,1.61,17-Sep-2025,18-Aug-2026,-,4.3560606060605975,-,1.9426456984273734,3.33333333333334,-38.96595208070618,https://nsearchives.nseindia.com/today/GROWWNETEQN.svg,https://nsearchives.nseindia.com/30d/GROWWNET-EQ.svg,https://nsearchives.nseindia.com/365d/GROWWNET-EQ.svg,EQ
MONIFTY500,Motilal Oswal Nifty 500 ETF,23.79,23.79,23.28,23.5,0.18,0.77,206084,4816183.08,23.1925,28.28,20.75,-,-,-1.6736401673640109,-2.731788079470199,23.32,0,-2.43,-3.48,17-Sep-2025,18-Aug-2026,-,-2.731788079470199,-,-1.6736401673640109,16.902404526166904,-13.25301204819277,https://nsearchives.nseindia.com/today/MONIFTY500EQN.svg,https://nsearchives.nseindia.com/30d/MONIFTY500-EQ.svg,https://nsearchives.nseindia.com/365d/MONIFTY500-EQ.svg,EQ
SENSEXIETF,SENSEX,854.94,862.49,854.93,857,1.58,0.18,5572,4780553.12,855.4359,999.84,731,-,-,-8.954732335412038,-3.825651729903829,855.42,0,-9.12,-4,17-Sep-2025,18-Aug-2026,-,-3.825651729903829,-,-8.954732335412038,14.28628580572892,-17.236662106703147,https://nsearchives.nseindia.com/today/SENSEXIETFEQN.svg,https://nsearchives.nseindia.com/30d/SENSEXIETF-EQ.svg,https://nsearchives.nseindia.com/365d/SENSEXIETF-EQ.svg,EQ
ENERGY,Nifty Energy,38.08,38.2,37.21,38.14,0.54,1.44,124531,4733423.31,37.6956,42.82,29,-,-,Infinity,-1.7516743946419364,37.6,0,0,-3.14,,18-Aug-2026,-,-1.7516743946419364,-,Infinity,10.929472209248015,-31.517241379310345,https://nsearchives.nseindia.com/today/ENERGYEQN.svg,https://nsearchives.nseindia.com/30d/ENERGY-EQ.svg,,EQ
NIFTYCASE,Nifty Index 50 Index,9.59,9.59,9.35,9.4,0.04,0.43,503818,4725812.84,9.352,11.61,8.84,-,-,Infinity,-3.490759753593428,9.36,0,0,-3.9,,18-Aug-2026,-,-3.490759753593428,-,Infinity,19.035314384151587,-6.334841628959282,https://nsearchives.nseindia.com/today/NIFTYCASEEQN.svg,https://nsearchives.nseindia.com/30d/NIFTYCASE-EQ.svg,,EQ
INSUREIETF,BSE Insurance Index,15.13,15.21,15.09,15.2,0.11,0.73,308060,4670189.6,15.1333,16.46,14.36,-,-,Infinity,-1.9987105093488104,15.09,0,0,-2.71,,18-Aug-2026,-,-1.9987105093488104,-,Infinity,7.654921020656145,-5.8495821727019495,https://nsearchives.nseindia.com/today/INSUREIETFEQN.svg,https://nsearchives.nseindia.com/30d/INSUREIETF-EQ.svg,,EQ
TECH,Nifty IT TRI Index,31.85,32.39,31.3,31.49,-0.5,-1.56,144353,4544232.44,31.9417,49.41,28,-,-,-18.735483870967744,-5.264741275571611,31.99,0,-17.45,-3.76,17-Sep-2025,18-Aug-2026,-,-5.264741275571611,-,-18.735483870967744,36.26796195102206,-12.464285714285708,https://nsearchives.nseindia.com/today/TECHEQN.svg,https://nsearchives.nseindia.com/30d/TECH-EQ.svg,https://nsearchives.nseindia.com/365d/TECH-EQ.svg,EQ
FINIETF,ICICI Prudential Nifty Financial Services Ex-Bank ETF,32.17,32.46,32.06,32.4,0.47,1.47,140103,4509915.57,31.9521,34.56,27.4,-,-,6.090373280943024,-2.203440990039251,31.93,0,4.55,-3.62,17-Sep-2025,18-Aug-2026,-,-2.203440990039251,-,6.090373280943024,6.250000000000011,-18.248175182481752,https://nsearchives.nseindia.com/today/FINIETFEQN.svg,https://nsearchives.nseindia.com/30d/FINIETF-EQ.svg,https://nsearchives.nseindia.com/365d/FINIETF-EQ.svg,EQ
IVZINGOLD,Gold,132.55,134,131.9,133.95,2.85,2.17,33465,4469250.75,130.7613,156,94.63,30-APR-26,FACE VALUE SPLIT (SUB-DIVISION) - FROM RS 100/- PER SHARE TO RE 1/- PER SHARE,-98.59719124069244,0.8659638554216695,131.1,0,-98.63,-1.28,17-Sep-2025,18-Aug-2026,FACE VALUE SPLIT (SUB-DIVISION) - FROM RS 100/- PER SHARE TO RE 1/- PER SHARE,0.8659638554216695,30-APR-26,-98.59719124069244,14.13461538461539,-41.551305082954656,https://nsearchives.nseindia.com/today/IVZINGOLDEQN.svg,https://nsearchives.nseindia.com/30d/IVZINGOLD-EQ.svg,https://nsearchives.nseindia.com/365d/IVZINGOLD-EQ.svg,EQ
GROWWEV,Nifty EV and New Age Automotive Index,32.18,32.18,31.69,32,0.31,0.98,137774,4383968.68,31.6497,34.64,26.2,-,-,0.21922956467272248,-5.688181550250515,31.69,0,-0.75,-6.6,17-Sep-2025,18-Aug-2026,-,-5.688181550250515,-,0.21922956467272248,7.621247113163974,-22.137404580152676,https://nsearchives.nseindia.com/today/GROWWEVEQN.svg,https://nsearchives.nseindia.com/30d/GROWWEV-EQ.svg,https://nsearchives.nseindia.com/365d/GROWWEV-EQ.svg,EQ
INTERNET,Equity Index,14.56,14.74,14.56,14.68,0.23,1.59,297012,4345285.56,14.4611,15.8,10.72,-,-,0.893470790378,3.234880450070317,14.45,0,-0.69,1.62,17-Sep-2025,18-Aug-2026,-,3.234880450070317,-,0.893470790378,7.088607594936715,-36.94029850746267,https://nsearchives.nseindia.com/today/INTERNETEQN.svg,https://nsearchives.nseindia.com/30d/INTERNET-EQ.svg,https://nsearchives.nseindia.com/365d/INTERNET-EQ.svg,EQ
HDFCSENSEX,SENSEX,84.77,85.2,84.35,85,0.23,0.27,51347,4341902.32,84.3959,98.48,78.44,02-FEB-24,FACE VALUE SPLIT (SUB-DIVISION) - FROM RS 250.361/- PER SHARE TO RS 25.0361/- PER SHARE,-8.58249085824909,-3.1559758459610303,84.77,0,-8.83,-3.42,17-Sep-2025,18-Aug-2026,FACE VALUE SPLIT (SUB-DIVISION) - FROM RS 250.361/- PER SHARE TO RS 25.0361/- PER SHARE,-3.1559758459610303,02-FEB-24,-8.58249085824909,13.68805848903331,-8.363080061193273,https://nsearchives.nseindia.com/today/HDFCSENSEXEQN.svg,https://nsearchives.nseindia.com/30d/HDFCSENSEX-EQ.svg,https://nsearchives.nseindia.com/365d/HDFCSENSEX-EQ.svg,EQ
MOMOMENTUM,Nifty 200 Momentum 30 Total Return Index,60.84,61.83,60.84,61.83,0.99,1.63,70539,4336737.72,61.0019,66.28,54.32,11-AUG-22,FACE VALUE SPLIT (SUB-DIVISION) - FROM RS 10/- PER UNIT TO RS 2/- PER UNIT,-1.7011128775834663,-1.9194162436548237,60.84,0,-3.28,-3.49,17-Sep-2025,18-Aug-2026,FACE VALUE SPLIT (SUB-DIVISION) - FROM RS 10/- PER UNIT TO RS 2/- PER UNIT,-1.9194162436548237,11-AUG-22,-1.7011128775834663,6.713940856970432,-13.82547864506627,https://nsearchives.nseindia.com/today/MOMOMENTUMEQN.svg,https://nsearchives.nseindia.com/30d/MOMOMENTUM-EQ.svg,https://nsearchives.nseindia.com/365d/MOMOMENTUM-EQ.svg,EQ
NV20IETF,Nifty50 Value 20,13.22,13.29,13.14,13.24,0.02,0.15,328699,4325678.84,13.1896,16,12.5,01-MAR-24,FACE VALUE SPLIT (SUB-DIVISION) - FROM RS 10/- PER SHARE TO RE 1/- PER SHARE,-9.74778459441036,-3.0036630036630045,13.22,0,-9.88,-3.15,17-Sep-2025,18-Aug-2026,FACE VALUE SPLIT (SUB-DIVISION) - FROM RS 10/- PER SHARE TO RE 1/- PER SHARE,-3.0036630036630045,01-MAR-24,-9.74778459441036,17.25,-5.920000000000003,https://nsearchives.nseindia.com/today/NV20IETFEQN.svg,https://nsearchives.nseindia.com/30d/NV20IETF-EQ.svg,https://nsearchives.nseindia.com/365d/NV20IETF-EQ.svg,EQ
EVIETF,Nifty EV & New Age Automotive ETF,31.92,32.95,31.73,32.95,1.24,3.91,133816,4278097.52,31.7297,36,26.28,-,-,2.679962605172949,-3.570383377231486,31.71,0,-1.18,-7.2,17-Sep-2025,18-Aug-2026,-,-3.570383377231486,-,2.679962605172949,8.472222222222214,-25.380517503805184,https://nsearchives.nseindia.com/today/EVIETFEQN.svg,https://nsearchives.nseindia.com/30d/EVIETF-EQ.svg,https://nsearchives.nseindia.com/365d/EVIETF-EQ.svg,EQ
EBBETF0431,Nifty BHARAT Bond,1438.47,1439.97,1429.21,1431.15,-0.96,-0.07,2826,4049347.14,1433.4867,1469,1370.69,-,-,4.1942717358067565,-0.6938902959442111,1432.11,0,4.26,-0.63,17-Sep-2025,18-Aug-2026,-,-0.6938902959442111,-,4.1942717358067565,2.576582709326066,-4.410917129329026,https://nsearchives.nseindia.com/today/EBBETF0431EQN.svg,https://nsearchives.nseindia.com/30d/EBBETF0431-EQ.svg,https://nsearchives.nseindia.com/365d/EBBETF0431-EQ.svg,EQ
EBBETF0433,BHARAT Bond ETF-April 2033,1304.2,1309,1301.08,1303.05,-1.39,-0.11,2911,3800223.17,1303.185,1350.32,1243.25,-,-,4.050050705484979,-1.0855125820776526,1304.44,0,4.16,-0.98,17-Sep-2025,18-Aug-2026,-,-1.0855125820776526,-,4.050050705484979,3.5006516973754356,-4.80997385883772,https://nsearchives.nseindia.com/today/EBBETF0433EQN.svg,https://nsearchives.nseindia.com/30d/EBBETF0433-EQ.svg,https://nsearchives.nseindia.com/365d/EBBETF0433-EQ.svg,EQ
MOVALUE,Motilal Oswal S&P BSE Enhanced Value ETF,110.36,111.48,109.04,110.95,0.59,0.53,33264,3676669.92,110.5034,128.77,100.6,-,-,6.00993693865852,-2.4014778325123185,110.36,0,5.45,-2.92,17-Sep-2025,18-Aug-2026,-,-2.4014778325123185,-,6.00993693865852,13.838627009396603,-10.288270377733609,https://nsearchives.nseindia.com/today/MOVALUEEQN.svg,https://nsearchives.nseindia.com/30d/MOVALUE-EQ.svg,https://nsearchives.nseindia.com/365d/MOVALUE-EQ.svg,EQ
SBIETFIT,Nifty IT Index,325.23,325.23,317.36,320.16,-3.08,-0.95,11162,3557999.12,323.4753,439.27,285,-,-,-19.16784487982225,-4.8106083130165755,323.24,0,-18.39,-3.89,17-Sep-2025,18-Aug-2026,-,-4.8106083130165755,-,-19.16784487982225,27.115441527989613,-12.336842105263168,https://nsearchives.nseindia.com/today/SBIETFITEQN.svg,https://nsearchives.nseindia.com/30d/SBIETFIT-EQ.svg,https://nsearchives.nseindia.com/365d/SBIETFIT-EQ.svg,EQ
GROWWNIFTY,Nifty 50 Index - TRI,9.65,9.65,9.4,9.53,0.11,1.17,375003,3543778.35,9.4135,11.88,8.93,-,-,-6.293018682399219,-3.150406504065046,9.42,0,-7.37,-4.27,17-Sep-2025,18-Aug-2026,-,-3.150406504065046,-,-6.293018682399219,19.781144781144793,-6.7189249720044755,https://nsearchives.nseindia.com/today/GROWWNIFTYEQN.svg,https://nsearchives.nseindia.com/30d/GROWWNIFTY-EQ.svg,https://nsearchives.nseindia.com/365d/GROWWNIFTY-EQ.svg,EQ
HDFCMOMENT,HDFC NIFTY200 Momentum 30 ETF,30.4,30.83,30.4,30.7,0.34,1.12,113697,3489360.93,30.4162,33.23,27.13,20-OCT-23,FACE VALUE SPLIT (SUB-DIVISION) - FROM RS 190.61/- PER SHARE TO RS 19.061/- PER SHARE,-1.6340916372957435,-2.29153405474221,30.36,0,-2.72,-3.37,17-Sep-2025,18-Aug-2026,FACE VALUE SPLIT (SUB-DIVISION) - FROM RS 190.61/- PER SHARE TO RS 19.061/- PER SHARE,-2.29153405474221,20-OCT-23,-1.6340916372957435,7.613602166716816,-13.15886472539624,https://nsearchives.nseindia.com/today/HDFCMOMENTEQN.svg,https://nsearchives.nseindia.com/30d/HDFCMOMENT-EQ.svg,https://nsearchives.nseindia.com/365d/HDFCMOMENT-EQ.svg,EQ
HDFCPSUBK,HDFC NIFTY PSU BANK ETF,83.75,84.18,83.47,83.8,0.16,0.19,41351,3462319.23,83.6131,101.25,71.68,-,-,13.84322782230675,-3.866008948032585,83.64,0,13.63,-4.05,17-Sep-2025,18-Aug-2026,-,-3.866008948032585,-,13.84322782230675,17.23456790123457,-16.908482142857128,https://nsearchives.nseindia.com/today/HDFCPSUBKEQN.svg,https://nsearchives.nseindia.com/30d/HDFCPSUBK-EQ.svg,https://nsearchives.nseindia.com/365d/HDFCPSUBK-EQ.svg,EQ
MOGOLD,Domestic Price of Physical Gold,150.95,151.7,149.85,151.5,2.55,1.71,22815,3444608.7,148.702,175,108,-,-,38.22992700729928,0.33112582781456956,148.95,0,35.9,-1.36,17-Sep-2025,18-Aug-2026,-,0.33112582781456956,-,38.22992700729928,13.428571428571429,-40.27777777777778,https://nsearchives.nseindia.com/today/MOGOLDEQN.svg,https://nsearchives.nseindia.com/30d/MOGOLD-EQ.svg,https://nsearchives.nseindia.com/365d/MOGOLD-EQ.svg,EQ
SETFNIFBK,Nifty Bank,577.83,580.29,576.44,579.84,3.53,0.61,5777,3340781.33,576.5748,646.11,465.64,02-NOV-17, DIVIDEND - RS 3.50 PER UNIT,1.9033057415511223,-1.7170364594809897,576.31,0,1.28,-2.32,17-Sep-2025,18-Aug-2026, DIVIDEND - RS 3.50 PER UNIT,-1.7170364594809897,02-NOV-17,1.9033057415511223,10.256767423503735,-24.525384417146302,https://nsearchives.nseindia.com/today/SETFNIFBKEQN.svg,https://nsearchives.nseindia.com/30d/SETFNIFBK-EQ.svg,https://nsearchives.nseindia.com/365d/SETFNIFBK-EQ.svg,EQ
MIDSELIETF,S&P BSE Midcap Select Index,19.8,19.8,19.44,19.75,0.32,1.65,169980,3326508.6,19.4499,20.39,14.55,10-MAY-24,FACE VALUE SPLIT (SUB-DIVISION) - FROM RS 10/- PER SHARE TO RE 1/- PER SHARE,10.520425293788465,-0.65392354124748,19.43,0,8.73,-2.26,17-Sep-2025,18-Aug-2026,FACE VALUE SPLIT (SUB-DIVISION) - FROM RS 10/- PER SHARE TO RE 1/- PER SHARE,-0.65392354124748,10-MAY-24,10.520425293788465,3.138793526238355,-35.73883161512027,https://nsearchives.nseindia.com/today/MIDSELIETFEQN.svg,https://nsearchives.nseindia.com/30d/MIDSELIETF-EQ.svg,https://nsearchives.nseindia.com/365d/MIDSELIETF-EQ.svg,EQ
MOMIDMTM,Nifty Midcap 150 Momentum 50 Total Return Index,64.4,64.4,63.41,63.7,0.56,0.89,51049,3255905.22,63.2742,70,54.78,-,-,1.3846888429094455,-2.2856266298511962,63.14,0,0.49,-3.14,17-Sep-2025,18-Aug-2026,-,-2.2856266298511962,-,1.3846888429094455,8.999999999999996,-16.283315078495804,https://nsearchives.nseindia.com/today/MOMIDMTMEQN.svg,https://nsearchives.nseindia.com/30d/MOMIDMTM-EQ.svg,https://nsearchives.nseindia.com/365d/MOMIDMTM-EQ.svg,EQ
EVINDIA,Nifty EV and New Age Automotive Total Return Index,32.48,32.48,31.78,31.93,0.09,0.28,100432,3207798.08,31.7767,35.04,26.2,-,-,-0.31220730565095667,-6.582796957284962,31.84,0,-0.59,-6.85,17-Sep-2025,18-Aug-2026,-,-6.582796957284962,-,-0.31220730565095667,8.875570776255707,-21.87022900763359,https://nsearchives.nseindia.com/today/EVINDIAEQN.svg,https://nsearchives.nseindia.com/30d/EVINDIA-EQ.svg,https://nsearchives.nseindia.com/365d/EVINDIA-EQ.svg,EQ
NV20BEES,Nifty50 Value20 TRI,135.72,136.11,134.86,135.35,-0.37,-0.27,22134,2994287.52,135.3563,160,134.01,19-DEC-19, FACE VALUE SPLIT (SUB-DIVISION) - FROM RS 10/- TO RS 1/-,-10.03057697420899,-3.252323087919951,135.72,0,-9.78,-2.99,17-Sep-2025,18-Aug-2026, FACE VALUE SPLIT (SUB-DIVISION) - FROM RS 10/- TO RS 1/-,-3.252323087919951,19-DEC-19,-10.03057697420899,15.406250000000004,-0.9999253787030845,https://nsearchives.nseindia.com/today/NV20BEESEQN.svg,https://nsearchives.nseindia.com/30d/NV20BEES-EQ.svg,https://nsearchives.nseindia.com/365d/NV20BEES-EQ.svg,EQ
PVTBANKADD,DSP Nifty Private Bank ETF,27.73,27.99,27.68,27.74,0.02,0.07,106460,2956394.2,27.6318,31.88,24.02,-,-,1.2039401678219566,-0.28756290438534093,27.72,0,1.13,-0.36,17-Sep-2025,18-Aug-2026,-,-0.28756290438534093,-,1.2039401678219566,12.986198243412801,-15.487094088259779,https://nsearchives.nseindia.com/today/PVTBANKADDEQN.svg,https://nsearchives.nseindia.com/30d/PVTBANKADD-EQ.svg,https://nsearchives.nseindia.com/365d/PVTBANKADD-EQ.svg,EQ
SBIBPB,BSE PSU Bank Index TRI,47.5,48.49,47.5,48.17,0.4,0.84,61295,2950128.35,47.9617,58.27,40,-,-,13.957889756328361,-4.158376442498998,47.77,0,13.01,-4.95,17-Sep-2025,18-Aug-2026,-,-4.158376442498998,-,13.957889756328361,17.33310451347177,-20.425000000000004,https://nsearchives.nseindia.com/today/SBIBPBEQN.svg,https://nsearchives.nseindia.com/30d/SBIBPB-EQ.svg,https://nsearchives.nseindia.com/365d/SBIBPB-EQ.svg,EQ
SBINEQWETF,Nifty50 Equal Weight,31.92,32.93,31.92,32.17,-0.4,-1.23,90497,2918528.25,32.4068,36.4,29.64,-,-,-1.409745632853205,-4.511724547343414,32.57,0,-0.18,-3.32,17-Sep-2025,18-Aug-2026,-,-4.511724547343414,-,-1.409745632853205,11.620879120879112,-8.535762483130908,https://nsearchives.nseindia.com/today/SBINEQWETFEQN.svg,https://nsearchives.nseindia.com/30d/SBINEQWETF-EQ.svg,https://nsearchives.nseindia.com/365d/SBINEQWETF-EQ.svg,EQ
HEALTHY,Nifty Healthcare TRI,17.43,17.43,17.01,17.15,0.14,0.82,168153,2877097.83,17.0127,17.67,13.58,-,-,13.877822045152708,1.1799410029498483,17.01,0,12.95,0.35,17-Sep-2025,18-Aug-2026,-,1.1799410029498483,-,13.877822045152708,2.9428409734012626,-26.28865979381442,https://nsearchives.nseindia.com/today/HEALTHYEQN.svg,https://nsearchives.nseindia.com/30d/HEALTHY-EQ.svg,https://nsearchives.nseindia.com/365d/HEALTHY-EQ.svg,EQ
HDFCNEXT50,HDFC NIFTY NEXT 50 ETF,73.05,73.99,73.05,73.99,0.94,1.29,38062,2800221.34,72.7948,78.07,59.99,20-OCT-23,FACE VALUE SPLIT (SUB-DIVISION) - FROM RS 418.18/- PER SHARE TO RS 41.81/- PER SHARE,5.0546642055941895,-2.42648028484769,73.05,0,3.72,-3.67,17-Sep-2025,18-Aug-2026,FACE VALUE SPLIT (SUB-DIVISION) - FROM RS 418.18/- PER SHARE TO RS 41.81/- PER SHARE,-2.42648028484769,20-OCT-23,5.0546642055941895,5.226079159728447,-23.3372228704784,https://nsearchives.nseindia.com/today/HDFCNEXT50EQN.svg,https://nsearchives.nseindia.com/30d/HDFCNEXT50-EQ.svg,https://nsearchives.nseindia.com/365d/HDFCNEXT50-EQ.svg,EQ
QUAL30IETF,ICICI Prudential Nifty 200 Quality 30 ETF,20.33,20.79,20.3,20.48,0.1,0.49,136727,2779659.91,20.35,23,18,10-MAY-24,FACE VALUE SPLIT (SUB-DIVISION) - FROM RS 10/- PER SHARE TO RE 1/- PER SHARE,-5.8823529411764754,-4.209541627689423,20.38,0,-6.34,-4.68,17-Sep-2025,18-Aug-2026,FACE VALUE SPLIT (SUB-DIVISION) - FROM RS 10/- PER SHARE TO RE 1/- PER SHARE,-4.209541627689423,10-MAY-24,-5.8823529411764754,10.956521739130432,-13.77777777777778,https://nsearchives.nseindia.com/today/QUAL30IETFEQN.svg,https://nsearchives.nseindia.com/30d/QUAL30IETF-EQ.svg,https://nsearchives.nseindia.com/365d/QUAL30IETF-EQ.svg,EQ
MOTOUR,Nifty India Tourism Total Return Index,77.98,78.34,76.18,78.34,1.81,2.37,34945,2701248.5,76.3043,95.33,64,-,-,-16.05229318474067,-1.8418744518230783,76.53,0,-17.99,-4.11,17-Sep-2025,18-Aug-2026,-,-1.8418744518230783,-,-16.05229318474067,17.822301479072692,-22.406250000000007,https://nsearchives.nseindia.com/today/MOTOUREQN.svg,https://nsearchives.nseindia.com/30d/MOTOUR-EQ.svg,https://nsearchives.nseindia.com/365d/MOTOUR-EQ.svg,EQ
TOP100CASE,Zerodha Nifty 100 ETF,10.05,10.47,10.05,10.27,0.01,0.10,253788,2608940.64,10.2519,11.57,9.48,-,-,-5.2583025830258325,-3.9289055191768,10.26,0,-5.35,-4.02,17-Sep-2025,18-Aug-2026,-,-3.9289055191768,-,-5.2583025830258325,11.23595505617978,-8.333333333333323,https://nsearchives.nseindia.com/today/TOP100CASEEQN.svg,https://nsearchives.nseindia.com/30d/TOP100CASE-EQ.svg,https://nsearchives.nseindia.com/365d/TOP100CASE-EQ.svg,EQ
MNC,Kotak Nifty MNC ETF,32.29,32.75,31.89,32.5,0.21,0.65,79748,2598189.84,32.2852,35.65,27.83,-,-,4.233483001924311,-5.797101449275362,32.29,0,3.56,-6.41,17-Sep-2025,18-Aug-2026,-,-5.797101449275362,-,4.233483001924311,8.835904628330994,-16.780452748832204,https://nsearchives.nseindia.com/today/MNCEQN.svg,https://nsearchives.nseindia.com/30d/MNC-EQ.svg,https://nsearchives.nseindia.com/365d/MNC-EQ.svg,EQ
LIQUIDSBI,SBI NIFTY 1D Rate ETF,1000.01,1000.01,999.99,999.99,-0.02,-0.00,2584,2583974.16,1000,1010.02,970.23,-,-,-0.001999980000198179,-0.001999980000198179,1000.01,0,0,0,17-Sep-2025,18-Aug-2026,-,-0.001999980000198179,-,-0.001999980000198179,0.9930496425813323,-3.067313935870875,https://nsearchives.nseindia.com/today/LIQUIDSBIEQN.svg,https://nsearchives.nseindia.com/30d/LIQUIDSBI-EQ.svg,https://nsearchives.nseindia.com/365d/LIQUIDSBI-EQ.svg,EQ
NIFTY100EW,Nifty 100 Equal Weight Index,34.78,34.8,34.19,34.2,0.07,0.21,68217,2339160.93,34.083,41.41,29.84,-,-,1.4836795252225519,-4.040404040404034,34.13,0,1.28,-4.24,17-Sep-2025,18-Aug-2026,-,-4.040404040404034,-,1.4836795252225519,17.41125332045398,-14.611260053619313,https://nsearchives.nseindia.com/today/NIFTY100EWEQN.svg,https://nsearchives.nseindia.com/30d/NIFTY100EW-EQ.svg,https://nsearchives.nseindia.com/365d/NIFTY100EW-EQ.svg,EQ
BANKBETA,Nifty Bank,58.17,58.46,58.08,58.18,0.11,0.19,39047,2276440.1,58.0622,73.7,51.3,17-FEB-21, FACE VALUE SPLIT (SUB-DIVISION) - FROM RS 10/- PER UNIT TO RE 1/- PER UNIT,Infinity,-1.9383111410753389,58.07,0,0,-2.12,,18-Aug-2026, FACE VALUE SPLIT (SUB-DIVISION) - FROM RS 10/- PER UNIT TO RE 1/- PER UNIT,-1.9383111410753389,17-FEB-21,Infinity,21.058344640434196,-13.411306042884995,https://nsearchives.nseindia.com/today/BANKBETAEQN.svg,https://nsearchives.nseindia.com/30d/BANKBETA-EQ.svg,,EQ
NIFTYAXIS,Nifty 50,258.96,259.39,258.09,259.33,0.92,0.36,8771,2270197.93,257.8665,296.38,244,23-JUL-20, FACE VALUE SPLIT (SUB-DIVISION) - FROM RS 100/- PER SHARE TO RS 10/- PER SHARE,Infinity,-3.310838522053613,258.41,0,0,-3.65,,18-Aug-2026, FACE VALUE SPLIT (SUB-DIVISION) - FROM RS 100/- PER SHARE TO RS 10/- PER SHARE,-3.310838522053613,23-JUL-20,Infinity,12.500843511707945,-6.282786885245895,https://nsearchives.nseindia.com/today/NIFTYAXISEQN.svg,https://nsearchives.nseindia.com/30d/NIFTYAXIS-EQ.svg,,EQ
TOP15IETF,Nifty Top 15 Equal Weight Index,9.53,9.6,9.46,9.54,-0.02,-0.21,237198,2246265.06,9.4835,11.36,9.15,-,-,-10.000000000000005,-4.312938816449363,9.56,0,-9.81,-4.11,17-Sep-2025,18-Aug-2026,-,-4.312938816449363,-,-10.000000000000005,16.021126760563384,-4.2622950819672,https://nsearchives.nseindia.com/today/TOP15IETFEQN.svg,https://nsearchives.nseindia.com/30d/TOP15IETF-EQ.svg,https://nsearchives.nseindia.com/365d/TOP15IETF-EQ.svg,EQ
BSE500IETF,S&P BSE 500 index,38.4,38.84,38.26,38.62,0.17,0.44,58159,2245518.99,38.3392,42.05,34.5,28-OCT-21, FACE VALUE SPLIT (SUB-DIVISION) - FROM RS 10/- PER SHARE TO RE 1/- PER SHARE,-2.2030893897189276,-3.208020050125316,38.45,0,-2.63,-3.63,17-Sep-2025,18-Aug-2026, FACE VALUE SPLIT (SUB-DIVISION) - FROM RS 10/- PER SHARE TO RE 1/- PER SHARE,-3.208020050125316,28-OCT-21,-2.2030893897189276,8.156956004756243,-11.942028985507239,https://nsearchives.nseindia.com/today/BSE500IETFEQN.svg,https://nsearchives.nseindia.com/30d/BSE500IETF-EQ.svg,https://nsearchives.nseindia.com/365d/BSE500IETF-EQ.svg,EQ
COMMOIETF,ICICI Prudential Nifty Commodities ETF,97.15,97.93,97.15,97.42,0.27,0.28,21581,2105010.74,96.9763,110.56,90,-,-,6.773345024112239,-2.4141039767604893,97.15,0,6.48,-2.68,17-Sep-2025,18-Aug-2026,-,-2.4141039767604893,-,6.773345024112239,11.884949348769899,-8.244444444444447,https://nsearchives.nseindia.com/today/COMMOIETFEQN.svg,https://nsearchives.nseindia.com/30d/COMMOIETF-EQ.svg,https://nsearchives.nseindia.com/365d/COMMOIETF-EQ.svg,EQ
NIF100BEES,Nifty 100 TRI,259.46,261.1,259.45,261.1,1.67,0.64,7950,2069544,258.855,290,240,-,-,-4.843470971974185,-3.026926648096556,259.43,0,-5.45,-3.65,17-Sep-2025,18-Aug-2026,-,-3.026926648096556,-,-4.843470971974185,9.965517241379303,-8.791666666666677,https://nsearchives.nseindia.com/today/NIF100BEESEQN.svg,https://nsearchives.nseindia.com/30d/NIF100BEES-EQ.svg,https://nsearchives.nseindia.com/365d/NIF100BEES-EQ.svg,EQ
EQUAL50ADD,NIFTY 50 Equal Weight Index,333.64,334.5,333.05,334,0.66,0.20,6164,2059330.76,333.1347,361,304.78,-,-,-0.4648945047085476,-3.5016757194036763,333.34,0,-0.66,-3.69,17-Sep-2025,18-Aug-2026,-,-3.5016757194036763,-,-0.4648945047085476,7.479224376731302,-9.5872432574316,https://nsearchives.nseindia.com/today/EQUAL50ADDEQN.svg,https://nsearchives.nseindia.com/30d/EQUAL50ADD-EQ.svg,https://nsearchives.nseindia.com/365d/EQUAL50ADD-EQ.svg,EQ
BFSI,Nifty Financial Services Index,27.03,27.03,26.38,26.59,0.21,0.80,75368,1998759.36,26.3495,29.94,24.03,-,-,-3.0623405030987962,-2.3144746509919143,26.38,0,-3.83,-3.09,17-Sep-2025,18-Aug-2026,-,-2.3144746509919143,-,-3.0623405030987962,11.189044756179028,-10.65334997919267,https://nsearchives.nseindia.com/today/BFSIEQN.svg,https://nsearchives.nseindia.com/30d/BFSI-EQ.svg,https://nsearchives.nseindia.com/365d/BFSI-EQ.svg,EQ
HDFCNIMEG,Nifty Metal Index TRI,128.33,130.05,128.33,129.39,1.06,0.83,15389,1997646.09,128.5362,152.55,125.73,-,-,Infinity,-0.8277765003449165,128.33,0,0,-1.64,,18-Aug-2026,-,-0.8277765003449165,-,Infinity,15.18190757128812,-2.910999761393448,https://nsearchives.nseindia.com/today/HDFCNIMEGEQN.svg,https://nsearchives.nseindia.com/30d/HDFCNIMEG-EQ.svg,,EQ
HDFCGROWTH,HDFC NIFTY Growth Sectors 15 ETF,115.6,115.64,114.3,115.06,-0.54,-0.47,17188,1971119.84,115.1354,133.3,107.86,-,-,-8.333333333333329,-4.893370805091752,115.6,0,-7.9,-4.45,17-Sep-2025,18-Aug-2026,-,-4.893370805091752,-,-8.333333333333329,13.683420855213809,-6.675319859076583,https://nsearchives.nseindia.com/today/HDFCGROWTHEQN.svg,https://nsearchives.nseindia.com/30d/HDFCGROWTH-EQ.svg,https://nsearchives.nseindia.com/365d/HDFCGROWTH-EQ.svg,EQ
GROWWSC250,Nifty Smallcap 250 Index - TRI,10.69,10.69,10.38,10.58,0.2,1.93,183371,1923561.79,10.4013,10.97,8,-,-,Infinity,0.09460737937558927,10.38,0,0,-1.8,,18-Aug-2026,-,0.09460737937558927,-,Infinity,3.555150410209668,-32.25,https://nsearchives.nseindia.com/today/GROWWSC250EQN.svg,https://nsearchives.nseindia.com/30d/GROWWSC250-EQ.svg,,EQ
SHARIABEES,Shariah,439.9,443.95,437.25,442,2.1,0.48,4350,1907823,440.0303,534.61,433.68,10-MAR-14,DIVIDEND-RS.2 PER UNIT,-12.674108465869798,-3.933927407085421,439.9,0,-13.09,-4.39,17-Sep-2025,18-Aug-2026,DIVIDEND-RS.2 PER UNIT,-3.933927407085421,10-MAR-14,-12.674108465869798,17.32290828828492,-1.918465227817744,https://nsearchives.nseindia.com/today/SHARIABEESEQN.svg,https://nsearchives.nseindia.com/30d/SHARIABEES-EQ.svg,https://nsearchives.nseindia.com/365d/SHARIABEES-EQ.svg,EQ
TOP20,Nifty Top 20 Equal Weight,8.64,8.65,8.6,8.62,-0.02,-0.23,220953,1902405.33,8.6237,9.99,8,-,-,Infinity,-3.794642857142875,8.64,0,0,-3.57,,18-Aug-2026,-,-3.794642857142875,-,Infinity,13.713713713713725,-7.74999999999999,https://nsearchives.nseindia.com/today/TOP20EQN.svg,https://nsearchives.nseindia.com/30d/TOP20-EQ.svg,,EQ
DIVOPPBEES,Nifty Dividend Opportunities 50 TRI,75.25,75.25,74.44,74.88,0,0.00,25029,1868665.14,74.6753,87.09,72.13,-,-,-4.865963664083342,-3.716085894303717,74.88,0,-4.87,-3.72,17-Sep-2025,18-Aug-2026,-,-3.716085894303717,-,-4.865963664083342,14.01997933172581,-3.812560654374047,https://nsearchives.nseindia.com/today/DIVOPPBEESEQN.svg,https://nsearchives.nseindia.com/30d/DIVOPPBEES-EQ.svg,https://nsearchives.nseindia.com/365d/DIVOPPBEES-EQ.svg,EQ
HDFCNIFBAN,Nifty Bank,57.86,58.15,57.81,58.08,0.27,0.47,31923,1850257.08,57.7844,65.54,51.2,02-FEB-24,FACE VALUE SPLIT (SUB-DIVISION) - FROM RS 223.31/- PER SHARE TO RS 22.331/- PER SHARE,1.930501930501933,-1.941583656930607,57.81,0,1.46,-2.4,17-Sep-2025,18-Aug-2026,FACE VALUE SPLIT (SUB-DIVISION) - FROM RS 223.31/- PER SHARE TO RS 22.331/- PER SHARE,-1.941583656930607,02-FEB-24,1.930501930501933,11.38236191638695,-13.437499999999991,https://nsearchives.nseindia.com/today/HDFCNIFBANEQN.svg,https://nsearchives.nseindia.com/30d/HDFCNIFBAN-EQ.svg,https://nsearchives.nseindia.com/365d/HDFCNIFBAN-EQ.svg,EQ
HSBCGOLD,Commodity,131.01,133.5,130.94,132.79,2.14,1.64,13418,1771041.82,130.8322,146.4,119.1,-,-,Infinity,-0.31529164477142546,130.65,0,0,-1.92,,18-Aug-2026,-,-0.31529164477142546,-,Infinity,9.296448087431703,-11.494542401343407,https://nsearchives.nseindia.com/today/HSBCGOLDEQN.svg,https://nsearchives.nseindia.com/30d/HSBCGOLD-EQ.svg,,EQ
MIDCAP,Nifty Midcap 50 Index,18.39,18.39,18.1,18.25,0.12,0.66,96964,1767653.72,18.1208,19.27,15.01,27-FEB-26,FACE VALUE SPLIT (SUB-DIVISION) - FROM RS 10/- PER SHARE TO RE 1/- PER SHARE,-89.20756948551154,-2.092274678111591,18.13,0,-89.28,-2.74,17-Sep-2025,18-Aug-2026,FACE VALUE SPLIT (SUB-DIVISION) - FROM RS 10/- PER SHARE TO RE 1/- PER SHARE,-2.092274678111591,27-FEB-26,-89.20756948551154,5.293201868188892,-21.585609593604264,https://nsearchives.nseindia.com/today/MIDCAPEQN.svg,https://nsearchives.nseindia.com/30d/MIDCAP-EQ.svg,https://nsearchives.nseindia.com/365d/MIDCAP-EQ.svg,EQ
MOMNC,Nifty MNC ETF Total Return Index,31.56,31.61,31.43,31.44,-0.02,-0.06,55646,1752849,31.2634,35.8,27.03,-,-,Infinity,-6.1212302179755165,31.46,0,0,-6.06,,18-Aug-2026,-,-6.1212302179755165,-,Infinity,12.17877094972066,-16.315205327413985,https://nsearchives.nseindia.com/today/MOMNCEQN.svg,https://nsearchives.nseindia.com/30d/MOMNC-EQ.svg,,EQ
AONENIFTY,Nifty 50 Index,9.38,9.82,9.38,9.66,0.03,0.31,163521,1576342.44,9.6208,12,9,-,-,-6.75675675675675,-3.496503496503493,9.63,0,-7.05,-3.8,17-Sep-2025,18-Aug-2026,-,-3.496503496503493,-,-6.75675675675675,19.5,-7.333333333333335,https://nsearchives.nseindia.com/today/AONENIFTYEQN.svg,https://nsearchives.nseindia.com/30d/AONENIFTY-EQ.svg,https://nsearchives.nseindia.com/365d/AONENIFTY-EQ.svg,EQ
GROWWMOM50,Nifty 500 Momentum 50 Index- Total Return Index,10.8,10.96,10.77,10.94,0.17,1.58,144864,1573223.04,10.7586,11.55,9.12,-,-,3.5004730368968704,-0.9057971014492722,10.77,0,1.89,-2.45,17-Sep-2025,18-Aug-2026,-,-0.9057971014492722,-,3.5004730368968704,5.281385281385291,-19.9561403508772,https://nsearchives.nseindia.com/today/GROWWMOM50EQN.svg,https://nsearchives.nseindia.com/30d/GROWWMOM50-EQ.svg,https://nsearchives.nseindia.com/365d/GROWWMOM50-EQ.svg,EQ
MOENERGY,Nifty Energy Index,37.25,38.15,36.78,37.99,0.46,1.23,38962,1475490.94,37.6185,43,33,-,-,Infinity,-2.037132542547703,37.53,0,0,-3.22,,18-Aug-2026,-,-2.037132542547703,-,Infinity,11.651162790697668,-15.121212121212128,https://nsearchives.nseindia.com/today/MOENERGYEQN.svg,https://nsearchives.nseindia.com/30d/MOENERGY-EQ.svg,,EQ
HDFCPVTBAN,HDFC NIFTY Private Bank ETF,28.01,28.01,27.74,27.8,0.06,0.22,50848,1415099.84,27.7302,30.17,24.31,02-FEB-24,FACE VALUE SPLIT (SUB-DIVISION) - FROM RS 216.75/- PER SHARE TO RS 21.675/- PER SHARE,1.201310520567899,-0.14367816091953717,27.74,0,0.98,-0.36,17-Sep-2025,18-Aug-2026,FACE VALUE SPLIT (SUB-DIVISION) - FROM RS 216.75/- PER SHARE TO RS 21.675/- PER SHARE,-0.14367816091953717,02-FEB-24,1.201310520567899,7.855485581703682,-14.356232003290836,https://nsearchives.nseindia.com/today/HDFCPVTBANEQN.svg,https://nsearchives.nseindia.com/30d/HDFCPVTBAN-EQ.svg,https://nsearchives.nseindia.com/365d/HDFCPVTBAN-EQ.svg,EQ
MIDCAPBETA,UTI Nifty Midcap 150 Exchange Traded Fund (ETF),229.24,230.9,228.95,230.9,3.23,1.42,5959,1366696.65,228.2692,240,192.5,-,-,Infinity,-2.16101694915254,227.67,0,0,-3.53,,18-Aug-2026,-,-2.16101694915254,-,Infinity,3.7916666666666643,-19.94805194805195,https://nsearchives.nseindia.com/today/MIDCAPBETAEQN.svg,https://nsearchives.nseindia.com/30d/MIDCAPBETA-EQ.svg,,EQ
VAL30IETF,Nifty200 Value 30 Index,14.81,14.92,14.77,14.8,-0.08,-0.54,91576,1359903.6,14.8377,17.7,13.1,-,-,10.695587135377723,-3.2047089601046337,14.88,0,11.29,-2.68,17-Sep-2025,18-Aug-2026,-,-3.2047089601046337,-,10.695587135377723,16.384180790960446,-12.97709923664123,https://nsearchives.nseindia.com/today/VAL30IETFEQN.svg,https://nsearchives.nseindia.com/30d/VAL30IETF-EQ.svg,https://nsearchives.nseindia.com/365d/VAL30IETF-EQ.svg,EQ
HDFCNIF100,HDFC NIFTY 100 ETF,25.34,25.4,25.26,25.32,0.03,0.12,50524,1279772.92,25.2323,29,23.31,20-OCT-23,FACE VALUE SPLIT (SUB-DIVISION) - FROM RS 177.27/- PER SHARE TO RS 17.727/- PER SHARE,-5.310396409872844,-3.432494279176196,25.29,0,-5.42,-3.55,17-Sep-2025,18-Aug-2026,FACE VALUE SPLIT (SUB-DIVISION) - FROM RS 177.27/- PER SHARE TO RS 17.727/- PER SHARE,-3.432494279176196,20-OCT-23,-5.310396409872844,12.689655172413794,-8.62290862290863,https://nsearchives.nseindia.com/today/HDFCNIF100EQN.svg,https://nsearchives.nseindia.com/30d/HDFCNIF100-EQ.svg,https://nsearchives.nseindia.com/365d/HDFCNIF100-EQ.svg,EQ
VALUEAXIS,Nifty500 Value 50 TRI,32.1,32.25,32,32.25,0.22,0.69,39037,1253868.44,32.1072,39,26.76,-,-,Infinity,-2.567975830815714,32.03,0,0,-3.23,,18-Aug-2026,-,-2.567975830815714,-,Infinity,17.307692307692307,-20.51569506726457,https://nsearchives.nseindia.com/today/VALUEAXISEQN.svg,https://nsearchives.nseindia.com/30d/VALUEAXIS-EQ.svg,,EQ
SILVER001,Commodity - Silver,23.5,23.79,23.01,23.79,0.85,3.71,53082,1252735.2,22.9478,28,22,-,-,Infinity,Infinity,22.94,0,0,0,,,-,Infinity,-,Infinity,15.03571428571429,-8.136363636363633,https://nsearchives.nseindia.com/today/SILVER001EQN.svg,,,EQ
NIFTYJBLK,INDEX,12.23,12.23,11.94,12.05,0.11,0.92,100363,1200341.48,11.9332,13.05,9.94,-,-,Infinity,Infinity,11.94,0,0,0,,,-,Infinity,-,Infinity,7.662835249042145,-21.227364185110677,https://nsearchives.nseindia.com/today/NIFTYJBLKEQN.svg,,,EQ
ELM250,Nifty LargeMidcap 250 TRI,16.36,16.45,16.01,16.14,-0.13,-0.80,73569,1193289.18,16.1631,18.5,14.43,-,-,-2.063106796116504,-4.553518628030749,16.27,0,-1.27,-3.78,17-Sep-2025,18-Aug-2026,-,-4.553518628030749,-,-2.063106796116504,12.756756756756754,-11.850311850311856,https://nsearchives.nseindia.com/today/ELM250EQN.svg,https://nsearchives.nseindia.com/30d/ELM250-EQ.svg,https://nsearchives.nseindia.com/365d/ELM250-EQ.svg,EQ
SELECTIPO,BSE Select IPO Index,48.66,48.66,47.67,48.65,1.17,2.46,24458,1178386.44,47.5622,52.07,37.8,-,-,-3.5105117017056786,0.5580818520049525,47.48,0,-5.83,-1.86,17-Sep-2025,18-Aug-2026,-,0.5580818520049525,-,-3.5105117017056786,6.568081428845788,-28.703703703703713,https://nsearchives.nseindia.com/today/SELECTIPOEQN.svg,https://nsearchives.nseindia.com/30d/SELECTIPO-EQ.svg,https://nsearchives.nseindia.com/365d/SELECTIPO-EQ.svg,EQ
BANKPSU,Nifty PSU Bank Total Return Index,83.49,83.96,83.35,83.82,0.41,0.49,13954,1167252.1,83.3582,99.52,71.5,-,-,14.602132895816233,-3.8761467889908365,83.41,0,14.04,-4.35,17-Sep-2025,18-Aug-2026,-,-3.8761467889908365,-,14.602132895816233,15.775723472668814,-17.230769230769223,https://nsearchives.nseindia.com/today/BANKPSUEQN.svg,https://nsearchives.nseindia.com/30d/BANKPSU-EQ.svg,https://nsearchives.nseindia.com/365d/BANKPSU-EQ.svg,EQ
NIF100IETF,Nifty 100,27.3,27.52,27.26,27.5,0.2,0.73,41367,1131387.45,27.2283,30.88,23,10-MAY-24,FACE VALUE SPLIT (SUB-DIVISION) - FROM RS 10/- PER SHARE TO RE 1/- PER SHARE,-4.6132500867152215,-3.1007751937984462,27.3,0,-5.31,-3.81,17-Sep-2025,18-Aug-2026,FACE VALUE SPLIT (SUB-DIVISION) - FROM RS 10/- PER SHARE TO RE 1/- PER SHARE,-3.1007751937984462,10-MAY-24,-4.6132500867152215,10.945595854922276,-19.565217391304348,https://nsearchives.nseindia.com/today/NIF100IETFEQN.svg,https://nsearchives.nseindia.com/30d/NIF100IETF-EQ.svg,https://nsearchives.nseindia.com/365d/NIF100IETF-EQ.svg,EQ
AONETMMQ50,Nifty Total Market Momentum Quality 50 TRI,9.92,10.24,9.92,10.15,0.03,0.30,109369,1113376.42,10.0987,10.87,8,-,-,Infinity,-2.6845637583892556,10.12,0,0,-2.97,,18-Aug-2026,-,-2.6845637583892556,-,Infinity,6.623735050597966,-26.875000000000004,https://nsearchives.nseindia.com/today/AONETMMQ50EQN.svg,https://nsearchives.nseindia.com/30d/AONETMMQ50-EQ.svg,,EQ
PSUBANKADD,DSP Nifty PSU Bank ETF,83.39,84.44,83.39,84.44,1.05,1.26,13145,1105231.6,83.5778,99.88,71.55,-,-,14.931264461685041,-3.3535538514364274,83.39,0,13.5,-4.56,17-Sep-2025,18-Aug-2026,-,-3.3535538514364274,-,14.931264461685041,15.458550260312373,-18.01537386443047,https://nsearchives.nseindia.com/today/PSUBANKADDEQN.svg,https://nsearchives.nseindia.com/30d/PSUBANKADD-EQ.svg,https://nsearchives.nseindia.com/365d/PSUBANKADD-EQ.svg,EQ
MOIPO,BSE Select IPO Total Return Index,48.97,49.65,47.92,48.58,-1.26,-2.53,22647,1094982.45,47.5852,53,36.5,-,-,Infinity,0.1649484536082439,49.84,0,0,2.76,,18-Aug-2026,-,0.1649484536082439,-,Infinity,8.339622641509438,-33.0958904109589,https://nsearchives.nseindia.com/today/MOIPOEQN.svg,https://nsearchives.nseindia.com/30d/MOIPO-EQ.svg,,EQ
LICNMID100,LIC MF Nifty Midcap 100 ETF,61.69,63.7,61.69,63.7,1.7,2.74,17461,1087645.69,61.8763,66.4,52.3,-,-,8.204518430439963,-0.31298904538340494,62,0,5.32,-2.97,17-Sep-2025,18-Aug-2026,-,-0.31298904538340494,-,8.204518430439963,4.066265060240967,-21.797323135755267,https://nsearchives.nseindia.com/today/LICNMID100EQN.svg,https://nsearchives.nseindia.com/30d/LICNMID100-EQ.svg,https://nsearchives.nseindia.com/365d/LICNMID100-EQ.svg,EQ
NIF500BETA,Nifty 500,36.66,36.7,36.51,36.7,0.22,0.60,29211,1068538.38,36.4486,38.3,35.83,-,-,Infinity,Infinity,36.48,0,0,0,,,-,Infinity,-,Infinity,4.177545691905991,-2.4281328495674144,https://nsearchives.nseindia.com/today/NIF500BETAEQN.svg,,,EQ
SENSEXBETA,SENSEX,825.01,838,821,838,7.12,0.86,1251,1032412.77,824.2567,952.91,785,26-FEB-21, INTERIM DIVIDEND - RS 13.56 PER UNIT,Infinity,-2.357176980529697,830.88,0,0,-3.19,,18-Aug-2026, INTERIM DIVIDEND - RS 13.56 PER UNIT,-2.357176980529697,26-FEB-21,Infinity,12.058851308098347,-6.751592356687898,https://nsearchives.nseindia.com/today/SENSEXBETAEQN.svg,https://nsearchives.nseindia.com/30d/SENSEXBETA-EQ.svg,,EQ
GOLD360,Commodity-Gold,148.45,149.85,147.95,149.05,1.8,1.22,6821,1016329,146.7994,178,106.25,-,-,37.754158964879856,0.033557046979873405,147.25,0,36.09,-1.17,17-Sep-2025,18-Aug-2026,-,0.033557046979873405,-,37.754158964879856,16.26404494382022,-40.28235294117648,https://nsearchives.nseindia.com/today/GOLD360EQN.svg,https://nsearchives.nseindia.com/30d/GOLD360-EQ.svg,https://nsearchives.nseindia.com/365d/GOLD360-EQ.svg,EQ
GROWWPSUBK,Nifty PSU Bank Index - TRI,81.11,84.6,81.11,84,1.39,1.68,12152,1011897.04,82.8683,91.19,77.57,-,-,Infinity,-3.437176686975509,82.61,0,0,-5.04,,18-Aug-2026,-,-3.437176686975509,-,Infinity,7.884636473297508,-8.28928709552663,https://nsearchives.nseindia.com/today/GROWWPSUBKEQN.svg,https://nsearchives.nseindia.com/30d/GROWWPSUBK-EQ.svg,,EQ
FLEXIADD,Nifty500 Flexicap Quality 30 TRI,9.72,9.85,9.71,9.81,0.08,0.82,103179,1005995.25,9.7224,11.9,8.73,-,-,Infinity,-4.199218749999997,9.73,0,0,-4.98,,18-Aug-2026,-,-4.199218749999997,-,Infinity,17.56302521008403,-12.371134020618555,https://nsearchives.nseindia.com/today/FLEXIADDEQN.svg,https://nsearchives.nseindia.com/30d/FLEXIADD-EQ.svg,,EQ
NIFTYADD,Nifty 50 Index,246.45,247.02,245.3,246.6,0.95,0.39,4027,992333.34,245.4419,300,232.64,-,-,Infinity,-3.453136011275544,245.65,0,0,-3.83,,18-Aug-2026,-,-3.453136011275544,-,Infinity,17.800000000000004,-6.00068775790922,https://nsearchives.nseindia.com/today/NIFTYADDEQN.svg,https://nsearchives.nseindia.com/30d/NIFTYADD-EQ.svg,,EQ
NEXT50ADD,Nifty Next 50 TRI,72.14,72.57,71.98,72.45,1.04,1.46,13052,944703.76,71.5596,81,56.25,-,-,Infinity,-3.3484525080042573,71.41,0,0,-4.74,,18-Aug-2026,-,-3.3484525080042573,-,Infinity,10.555555555555554,-28.800000000000004,https://nsearchives.nseindia.com/today/NEXT50ADDEQN.svg,https://nsearchives.nseindia.com/30d/NEXT50ADD-EQ.svg,,EQ
MIDQ50ADD,Nifty Midcap 150 Quality 50 Index,24.25,24.56,24.23,24.56,0.37,1.53,38319,932301.27,24.1603,26.01,21,03-JUL-26,FACE VALUE SPLIT (SUB-DIVISION) - FROM RS 10/- PER UNIT TO RE 1/- PER UNIT,-90.38258213572463,-3.912363067292645,24.19,0,-90.53,-5.36,17-Sep-2025,18-Aug-2026,FACE VALUE SPLIT (SUB-DIVISION) - FROM RS 10/- PER UNIT TO RE 1/- PER UNIT,-3.912363067292645,03-JUL-26,-90.38258213572463,5.574778931180326,-16.952380952380945,https://nsearchives.nseindia.com/today/MIDQ50ADDEQN.svg,https://nsearchives.nseindia.com/30d/MIDQ50ADD-EQ.svg,https://nsearchives.nseindia.com/365d/MIDQ50ADD-EQ.svg,EQ
HDFCVALUE,HDFC NIFTY50 Value 20 ETF,121.91,124.5,121.52,121.95,0.04,0.03,7148,873557.08,121.7643,147.05,120,-,-,-9.846972721224223,-3.214285714285712,121.91,0,-9.88,-3.25,17-Sep-2025,18-Aug-2026,-,-3.214285714285712,-,-9.846972721224223,17.06902414144849,-1.6250000000000024,https://nsearchives.nseindia.com/today/HDFCVALUEEQN.svg,https://nsearchives.nseindia.com/30d/HDFCVALUE-EQ.svg,https://nsearchives.nseindia.com/365d/HDFCVALUE-EQ.svg,EQ
GROWWCHEM,Nifty Chemicals Index - TRI,29.37,29.37,28.76,29.34,0.28,0.96,29833,872615.25,29.0124,31.74,24.64,-,-,Infinity,-3.9921465968586354,29.06,0,0,-4.91,,18-Aug-2026,-,-3.9921465968586354,-,Infinity,7.56143667296786,-19.074675324675322,https://nsearchives.nseindia.com/today/GROWWCHEMEQN.svg,https://nsearchives.nseindia.com/30d/GROWWCHEM-EQ.svg,,EQ
CONSUMER,Nifty India New AgeConsumption,11.74,11.83,11.74,11.79,0.06,0.51,73605,867066.9,11.7065,12.74,9.69,-,-,-4.919354838709687,-3.3606557377049193,11.73,0,-5.4,-3.85,17-Sep-2025,18-Aug-2026,-,-3.3606557377049193,-,-4.919354838709687,7.456828885400323,-21.671826625386995,https://nsearchives.nseindia.com/today/CONSUMEREQN.svg,https://nsearchives.nseindia.com/30d/CONSUMER-EQ.svg,https://nsearchives.nseindia.com/365d/CONSUMER-EQ.svg,EQ
SMALLGROWW,Nifty Smallcap 250 Momentum Quality 100 Index TRI,47.1,49.21,47.1,48.5,0.39,0.81,17667,863209.62,48.1987,50.84,39.41,-,-,Infinity,-0.7367990176013087,48.11,0,0,-1.53,,18-Aug-2026,-,-0.7367990176013087,-,Infinity,4.602675059008661,-23.0652118751586,https://nsearchives.nseindia.com/today/SMALLGROWWEQN.svg,https://nsearchives.nseindia.com/30d/SMALLGROWW-EQ.svg,,EQ
AONETOTAL,Nifty Total Market Index,11.39,11.83,11.39,11.65,0.03,0.26,71974,839216.84,11.6007,12.51,9.6,-,-,-2.018502943650128,-2.916666666666664,11.62,0,-2.27,-3.17,17-Sep-2025,18-Aug-2026,-,-2.916666666666664,-,-2.018502943650128,6.874500399680251,-21.354166666666675,https://nsearchives.nseindia.com/today/AONETOTALEQN.svg,https://nsearchives.nseindia.com/30d/AONETOTAL-EQ.svg,https://nsearchives.nseindia.com/365d/AONETOTAL-EQ.svg,EQ
BBNPPGOLD,Baroda BNP Paribas Gold ETF,148.7,148.7,145,147.85,2.4,1.65,5669,831869.06,145.5632,184.05,106,-,-,38.17757009345794,0.13545546901455377,145.45,0,35.93,-1.49,17-Sep-2025,18-Aug-2026,-,0.13545546901455377,-,38.17757009345794,19.668568323825056,-39.48113207547169,https://nsearchives.nseindia.com/today/BBNPPGOLDEQN.svg,https://nsearchives.nseindia.com/30d/BBNPPGOLD-EQ.svg,https://nsearchives.nseindia.com/365d/BBNPPGOLD-EQ.svg,EQ
UNIONGOLD,Commodity Gold,147,150.4,146.95,149.55,2.6,1.77,5577,831809.55,147.1815,177,107.35,-,-,37.961254612546135,0.13391362571142756,146.95,0,35.56,-1.61,17-Sep-2025,18-Aug-2026,-,0.13391362571142756,-,37.961254612546135,15.508474576271182,-39.31066604564511,https://nsearchives.nseindia.com/today/UNIONGOLDEQN.svg,https://nsearchives.nseindia.com/30d/UNIONGOLD-EQ.svg,https://nsearchives.nseindia.com/365d/UNIONGOLD-EQ.svg,EQ
SENSEXETF,Mirae Asset S&P BSE Sensex ETF,77.29,77.5,76.85,77.15,0.24,0.31,10598,816257.96,76.7671,88.7,73.33,-,-,-8.752217622708446,-3.6227357901311574,76.91,0,-9.04,-3.92,17-Sep-2025,18-Aug-2026,-,-3.6227357901311574,-,-8.752217622708446,13.021420518602026,-5.209327696713498,https://nsearchives.nseindia.com/today/SENSEXETFEQN.svg,https://nsearchives.nseindia.com/30d/SENSEXETF-EQ.svg,https://nsearchives.nseindia.com/365d/SENSEXETF-EQ.svg,EQ
NIFTYBETF,Bajaj Finserv Nifty 50 ETF,240.7,241.19,239.23,240.95,0.6,0.25,3374,810907.16,239.7387,279.99,227.01,-,-,-6.673638546750336,-3.457809119320468,240.35,0,-6.91,-3.7,17-Sep-2025,18-Aug-2026,-,-3.457809119320468,-,-6.673638546750336,13.943355119825714,-6.140698647636667,https://nsearchives.nseindia.com/today/NIFTYBETFEQN.svg,https://nsearchives.nseindia.com/30d/NIFTYBETF-EQ.svg,https://nsearchives.nseindia.com/365d/NIFTYBETF-EQ.svg,EQ
NV20,Nifty50 Value 20,13.84,13.84,13.46,13.59,0.08,0.59,58601,791113.5,13.5246,16.87,12.62,27-FEB-26,FACE VALUE SPLIT (SUB-DIVISION) - FROM RS 10/- PER SHARE TO RE 1/- PER SHARE,-90.94844811509257,-2.997858672376873,13.51,0,-91,-3.57,17-Sep-2025,18-Aug-2026,FACE VALUE SPLIT (SUB-DIVISION) - FROM RS 10/- PER SHARE TO RE 1/- PER SHARE,-2.997858672376873,27-FEB-26,-90.94844811509257,19.442797866034386,-7.686212361331226,https://nsearchives.nseindia.com/today/NV20EQN.svg,https://nsearchives.nseindia.com/30d/NV20-EQ.svg,https://nsearchives.nseindia.com/365d/NV20-EQ.svg,EQ
ITADD,DSP Nifty IT ETF,30.6,30.65,30.36,30.63,-0.3,-0.97,25542,778775.58,30.9391,41.92,27.17,-,-,Infinity,-4.964318957493012,30.93,0,0,-4.03,,18-Aug-2026,-,-4.964318957493012,-,Infinity,26.93225190839695,-12.734633787265356,https://nsearchives.nseindia.com/today/ITADDEQN.svg,https://nsearchives.nseindia.com/30d/ITADD-EQ.svg,,EQ
FMCGADD,Nifty FMCG Index (TRI),46.18,46.18,45.75,46.09,0.13,0.28,16877,775835.69,45.7758,51.09,45.01,-,-,Infinity,-4.258412962193596,45.96,0,0,-4.53,,18-Aug-2026,-,-4.258412962193596,-,Infinity,9.786651008025053,-2.399466785158866,https://nsearchives.nseindia.com/today/FMCGADDEQN.svg,https://nsearchives.nseindia.com/30d/FMCGADD-EQ.svg,,EQ
SETF10GILT,Nifty 10 yr Benchmark G-Sec Index,263,263,261.7,262.99,1.61,0.62,2805,734769.75,262.8747,272.31,250.95,-,-,1.7763157894736967,-0.9043294773729144,261.38,0,1.15,-1.51,17-Sep-2025,18-Aug-2026,-,-0.9043294773729144,-,1.7763157894736967,3.4225698652271284,-4.797768479776856,https://nsearchives.nseindia.com/today/SETF10GILTEQN.svg,https://nsearchives.nseindia.com/30d/SETF10GILT-EQ.svg,https://nsearchives.nseindia.com/365d/SETF10GILT-EQ.svg,EQ
MULTICAP,Nifty500 Multicap 50:25:25 Index,16,16.53,16,16.48,0.15,0.92,43331,711928.33,16.3296,17.5,14.2,-,-,0.12150668286755512,-2.7728613569321467,16.33,0,-0.79,-3.66,17-Sep-2025,18-Aug-2026,-,-2.7728613569321467,-,0.12150668286755512,5.8285714285714265,-16.056338028169023,https://nsearchives.nseindia.com/today/MULTICAPEQN.svg,https://nsearchives.nseindia.com/30d/MULTICAP-EQ.svg,https://nsearchives.nseindia.com/365d/MULTICAP-EQ.svg,EQ
MOMENTUM,Aditya Birla Sun Life Nifty 200 Momentum 30 ETF,30.8,30.87,30.5,30.7,0.12,0.39,22891,704584.98,30.517,33,27.05,-,-,-2.260426615727478,-2.446774706069271,30.58,0,-2.64,-2.83,17-Sep-2025,18-Aug-2026,-,-2.446774706069271,-,-2.260426615727478,6.9696969696969715,-13.493530499075781,https://nsearchives.nseindia.com/today/MOMENTUMEQN.svg,https://nsearchives.nseindia.com/30d/MOMENTUM-EQ.svg,https://nsearchives.nseindia.com/365d/MOMENTUM-EQ.svg,EQ
ITAXIS,NIFTY IT Index,323.98,323.98,315.39,315.5,-4.52,-1.41,2163,684676.02,321.4422,439.67,230.7,-,-,Infinity,-5.513461711239563,320.02,0,0,-4.16,,18-Aug-2026,-,-5.513461711239563,-,Infinity,28.24163577228376,-36.75769397485914,https://nsearchives.nseindia.com/today/ITAXISEQN.svg,https://nsearchives.nseindia.com/30d/ITAXIS-EQ.svg,,EQ
IVZBANKNF,Nifty Bank TRI,55.99,56.37,55.99,56.06,0.07,0.13,12191,684158.92,56.0066,58.45,55.54,-,-,Infinity,Infinity,55.99,0,0,0,,,-,Infinity,-,Infinity,4.0889649272882815,-0.9362621534029585,https://nsearchives.nseindia.com/today/IVZBANKNFEQN.svg,,,EQ
HDFCQUAL,HDFC NIFTY100 Quality 30 ETF,56.55,57.05,56.55,57,0.08,0.14,11934,677970.54,56.8387,61.87,51.91,-,-,-4.185577407967729,-3.7162162162162207,56.92,0,-4.32,-3.85,17-Sep-2025,18-Aug-2026,-,-3.7162162162162207,-,-4.185577407967729,7.8713431388394985,-9.805432479291088,https://nsearchives.nseindia.com/today/HDFCQUALEQN.svg,https://nsearchives.nseindia.com/30d/HDFCQUAL-EQ.svg,https://nsearchives.nseindia.com/365d/HDFCQUAL-EQ.svg,EQ
SMALLIETF,Nifty Smallcap 250 Index,18.17,18.38,18.17,18.35,0.26,1.44,36738,670101.12,18.0462,19.49,17.4,-,-,Infinity,-0.3259098316132467,18.09,0,0,-1.74,,18-Aug-2026,-,-0.3259098316132467,-,Infinity,5.849153412006142,-5.459770114942546,https://nsearchives.nseindia.com/today/SMALLIETFEQN.svg,https://nsearchives.nseindia.com/30d/SMALLIETF-EQ.svg,,EQ
SMALLADD,Nifty Smallcap 250 Index,18.45,18.49,18.11,18.29,0.18,0.99,36311,665580.63,18.1207,19.5,14.01,-,-,Infinity,-0.9209100758396624,18.11,0,0,-1.9,,18-Aug-2026,-,-0.9209100758396624,-,Infinity,6.20512820512821,-30.54960742326909,https://nsearchives.nseindia.com/today/SMALLADDEQN.svg,https://nsearchives.nseindia.com/30d/SMALLADD-EQ.svg,,EQ
EQUAL50,Nifty50 Equal Weight,323.08,323.77,322.59,323.77,0.72,0.22,2038,658640.84,322.5079,342.88,295.16,-,-,-0.6200313085116297,-3.233808541797422,323.05,0,-0.84,-3.45,17-Sep-2025,18-Aug-2026,-,-3.233808541797422,-,-0.6200313085116297,5.573378441437241,-9.69304783846048,https://nsearchives.nseindia.com/today/EQUAL50EQN.svg,https://nsearchives.nseindia.com/30d/EQUAL50-EQ.svg,https://nsearchives.nseindia.com/365d/EQUAL50-EQ.svg,EQ
SBIETFPB,Nifty Private Bank Index,283.6,283.6,277.93,280,1.35,0.48,2346,655613.16,277.9914,304.58,244.18,-,-,1.548616400101542,0.7158015898708713,278.65,0,1.06,0.23,17-Sep-2025,18-Aug-2026,-,0.7158015898708713,-,1.548616400101542,8.070129358460825,-14.669506102055855,https://nsearchives.nseindia.com/today/SBIETFPBEQN.svg,https://nsearchives.nseindia.com/30d/SBIETFPB-EQ.svg,https://nsearchives.nseindia.com/365d/SBIETFPB-EQ.svg,EQ
CEMNTGROWW,Nifty Cements Index TRI,14.09,14.3,14.01,14.15,0.16,1.14,45103,639560.54,13.9635,16.27,13.67,-,-,Infinity,-5.4144385026738,13.99,0,0,-6.48,,18-Aug-2026,-,-5.4144385026738,-,Infinity,13.03011677934849,-3.5113386978785694,https://nsearchives.nseindia.com/today/CEMNTGROWWEQN.svg,https://nsearchives.nseindia.com/30d/CEMNTGROWW-EQ.svg,,EQ
HEALTHADD,DSP Nifty Healthcare ETF,16.8,16.86,16.72,16.86,0.21,1.26,37211,624772.69,16.6932,17.47,13.54,03-JUL-26,FACE VALUE SPLIT (SUB-DIVISION) - FROM RS 10/- PER UNIT TO RE 1/- PER UNIT,-88.58883248730963,1.5662650602409518,16.65,0,-88.73,0.3,17-Sep-2025,18-Aug-2026,FACE VALUE SPLIT (SUB-DIVISION) - FROM RS 10/- PER UNIT TO RE 1/- PER UNIT,1.5662650602409518,03-JUL-26,-88.58883248730963,3.4917000572409815,-24.519940915805023,https://nsearchives.nseindia.com/today/HEALTHADDEQN.svg,https://nsearchives.nseindia.com/30d/HEALTHADD-EQ.svg,https://nsearchives.nseindia.com/365d/HEALTHADD-EQ.svg,EQ
ABSLBANETF,Nifty Bank,57.65,57.92,57.53,57.91,0.3,0.52,10671,615930.12,57.5487,64.94,50.97,25-NOV-21, FACE VALUE SPLIT (SUB-DIVISION) - FROM RS 10/- PER SHARE TO RE 1/- PER SHARE,2.0440528634361175,-2.0135363790186207,57.61,0,1.52,-2.52,17-Sep-2025,18-Aug-2026, FACE VALUE SPLIT (SUB-DIVISION) - FROM RS 10/- PER SHARE TO RE 1/- PER SHARE,-2.0135363790186207,25-NOV-21,2.0440528634361175,10.825377271327381,-13.61585246223268,https://nsearchives.nseindia.com/today/ABSLBANETFEQN.svg,https://nsearchives.nseindia.com/30d/ABSLBANETF-EQ.svg,https://nsearchives.nseindia.com/365d/ABSLBANETF-EQ.svg,EQ
BANKADD,DSP Nifty Bank ETF,57.53,57.88,57.42,57.62,0.17,0.30,10688,615308.16,57.4667,62.9,51.01,-,-,Infinity,-1.8231385244505032,57.45,0,0,-2.11,,18-Aug-2026,-,-1.8231385244505032,-,Infinity,8.394276629570749,-12.95824348167026,https://nsearchives.nseindia.com/today/BANKADDEQN.svg,https://nsearchives.nseindia.com/30d/BANKADD-EQ.svg,,EQ
LOWVOL1,Kotak Nifty 100 Low Vol 30 ETF,20.14,20.5,20.14,20.45,0.11,0.54,30084,614315.28,20.4102,22.9,18.77,-,-,-4.972118959107808,-3.8551951104842517,20.34,0,-5.48,-4.37,17-Sep-2025,18-Aug-2026,-,-3.8551951104842517,-,-4.972118959107808,10.698689956331876,-8.95045285029302,https://nsearchives.nseindia.com/today/LOWVOL1EQN.svg,https://nsearchives.nseindia.com/30d/LOWVOL1-EQ.svg,https://nsearchives.nseindia.com/365d/LOWVOL1-EQ.svg,EQ
MANUFGBEES,Nifty India Manufacturing TRI,160.83,160.83,159.55,160.65,0.62,0.39,3663,586812.6,159.0638,171.58,138.6,-,-,4.897159647404505,-3.7159124962541137,160.03,0,4.49,-4.09,17-Sep-2025,18-Aug-2026,-,-3.7159124962541137,-,4.897159647404505,6.370206317752656,-15.909090909090917,https://nsearchives.nseindia.com/today/MANUFGBEESEQN.svg,https://nsearchives.nseindia.com/30d/MANUFGBEES-EQ.svg,https://nsearchives.nseindia.com/365d/MANUFGBEES-EQ.svg,EQ
BBETF0432,Nifty BHARAT Bond Index - April 2032,1340.79,1343.44,1335.89,1336.7,-4.19,-0.31,437,585230.4,1341.8081,1378,1284,-,-,3.8729931771910038,-1.250711051025765,1340.89,0,4.2,-0.94,17-Sep-2025,18-Aug-2026,-,-1.250711051025765,-,3.8729931771910038,2.9970972423802578,-4.104361370716514,https://nsearchives.nseindia.com/today/BBETF0432EQN.svg,https://nsearchives.nseindia.com/30d/BBETF0432-EQ.svg,https://nsearchives.nseindia.com/365d/BBETF0432-EQ.svg,EQ
CONSUMIETF,Nifty India Consumption Index,119,119.7,118.68,119.62,-0.24,-0.20,4906,583519.64,118.6058,141.27,94.65,-,-,-7.0407211687908005,-3.873352619736414,119.86,0,-6.85,-3.68,17-Sep-2025,18-Aug-2026,-,-3.873352619736414,-,-7.0407211687908005,15.325263679479013,-26.381405176967775,https://nsearchives.nseindia.com/today/CONSUMIETFEQN.svg,https://nsearchives.nseindia.com/30d/CONSUMIETF-EQ.svg,https://nsearchives.nseindia.com/365d/CONSUMIETF-EQ.svg,EQ
ECAPINSURE,BSE Capital Markets & Insurance Total Return Index,23.78,24.01,23.48,23.53,-0.01,-0.04,24238,571047.28,23.4644,25.88,20.5,-,-,1.9055868341273334,-1.3417190775681354,23.54,0,1.95,-1.3,17-Sep-2025,18-Aug-2026,-,-1.3417190775681354,-,1.9055868341273334,9.080370942812975,-14.780487804878055,https://nsearchives.nseindia.com/today/ECAPINSUREEQN.svg,https://nsearchives.nseindia.com/30d/ECAPINSURE-EQ.svg,https://nsearchives.nseindia.com/365d/ECAPINSURE-EQ.svg,EQ
ABSLNN50ET,Nifty Next 50,74.81,75.99,73.87,75.99,1.18,1.58,7289,550100.83,74.9899,80.33,63.02,25-NOV-21, FACE VALUE SPLIT (SUB-DIVISION) - FROM RS 10/- PER SHARE TO RE 1/- PER SHARE,5.2055932438045005,-2.9749744637385067,74.81,0,3.57,-4.48,17-Sep-2025,18-Aug-2026, FACE VALUE SPLIT (SUB-DIVISION) - FROM RS 10/- PER SHARE TO RE 1/- PER SHARE,-2.9749744637385067,25-NOV-21,5.2055932438045005,5.402713805552102,-20.58076801015549,https://nsearchives.nseindia.com/today/ABSLNN50ETEQN.svg,https://nsearchives.nseindia.com/30d/ABSLNN50ET-EQ.svg,https://nsearchives.nseindia.com/365d/ABSLNN50ET-EQ.svg,EQ
HEALTHCARE,Nifty 500 Healthcare Index,21.98,22.03,21.7,21.87,0.27,1.25,22617,494181.45,21.6417,22.43,17.18,-,-,Infinity,1.3438368860055734,21.6,0,0,0.09,,18-Aug-2026,-,1.3438368860055734,-,Infinity,2.496656263932228,-27.29918509895228,https://nsearchives.nseindia.com/today/HEALTHCAREEQN.svg,https://nsearchives.nseindia.com/30d/HEALTHCARE-EQ.svg,,EQ
ABSLPSE,Aditya Birla Sun Life Nifty PSE ETF,10.1,10.1,9.97,10.08,0.15,1.51,46993,470869.86,9.9721,11.6,9.21,-,-,0,-1.273261508325179,9.93,0,-1.49,-2.74,17-Sep-2025,18-Aug-2026,-,-1.273261508325179,-,0,13.103448275862064,-9.446254071661228,https://nsearchives.nseindia.com/today/ABSLPSEEQN.svg,https://nsearchives.nseindia.com/30d/ABSLPSE-EQ.svg,https://nsearchives.nseindia.com/365d/ABSLPSE-EQ.svg,EQ
CHOICEGOLD,Gold,149.5,152.21,149.5,151.54,2.24,1.50,2964,449194.2,149.2887,175.49,115.79,-,-,Infinity,-0.032983706049219186,149.3,0,0,-1.51,,18-Aug-2026,-,-0.032983706049219186,-,Infinity,13.647501282124347,-30.874859659728806,https://nsearchives.nseindia.com/today/CHOICEGOLDEQN.svg,https://nsearchives.nseindia.com/30d/CHOICEGOLD-EQ.svg,,EQ
BNKETFAXIS,Nifty Bank,580.87,582.38,578.96,582.38,2.16,0.37,772,448292.68,578.7426,647.82,512.51,-,-,Infinity,-1.7561024983552302,580.22,0,0,-2.12,,18-Aug-2026,-,-1.7561024983552302,-,Infinity,10.10157142416104,-13.632904723810267,https://nsearchives.nseindia.com/today/BNKETFAXISEQN.svg,https://nsearchives.nseindia.com/30d/BNKETFAXIS-EQ.svg,,EQ
QNIFTY,Nifty 50,259.9,259.9,255,257.6,0.36,0.14,1691,434942.11,256.4245,291.19,243.2,13-FEB-26,FACE VALUE SPLIT (SUB-DIVISION) - FROM RS 10/- PER UNIT TO RE 1/- PER UNIT,-90.68778784351436,-3.4265576966334206,257.24,0,-90.7,-3.56,17-Sep-2025,18-Aug-2026,FACE VALUE SPLIT (SUB-DIVISION) - FROM RS 10/- PER UNIT TO RE 1/- PER UNIT,-3.4265576966334206,13-FEB-26,-90.68778784351436,11.535423606579887,-5.921052631578962,https://nsearchives.nseindia.com/today/QNIFTYEQN.svg,https://nsearchives.nseindia.com/30d/QNIFTY-EQ.svg,https://nsearchives.nseindia.com/365d/QNIFTY-EQ.svg,EQ
MOMENTUM30,Nifty 200 Momentum 30 Index,30.42,30.63,30.31,30.63,0.57,1.90,14003,426951.47,30.134,37.38,26.91,-,-,Infinity,-1.7954472587367818,30.06,0,0,-3.62,,18-Aug-2026,-,-1.7954472587367818,-,Infinity,18.057784911717505,-13.823857302118167,https://nsearchives.nseindia.com/today/MOMENTUM30EQN.svg,https://nsearchives.nseindia.com/30d/MOMENTUM30-EQ.svg,,EQ
MOPSE,Nifty PSE Total Return Index,100.87,100.87,97.92,98.69,-2.41,-2.38,4247,417012.93,97.5162,114.7,93.33,-,-,-0.22242442624608116,-1.8302994131105177,101.1,0,2.21,0.57,17-Sep-2025,18-Aug-2026,-,-1.8302994131105177,-,-0.22242442624608116,13.958151700087187,-5.743062252223294,https://nsearchives.nseindia.com/today/MOPSEEQN.svg,https://nsearchives.nseindia.com/30d/MOPSE-EQ.svg,https://nsearchives.nseindia.com/365d/MOPSE-EQ.svg,EQ
SBINMID150,Nifty Midcap 150 Index,22.74,23.09,22.65,23.02,0.28,1.23,17739,404094.42,22.6323,24.06,19.81,-,-,Infinity,-2.2505307855626375,22.74,0,0,-3.44,,18-Aug-2026,-,-2.2505307855626375,-,Infinity,4.322527015793845,-16.20393740535084,https://nsearchives.nseindia.com/today/SBINMID150EQN.svg,https://nsearchives.nseindia.com/30d/SBINMID150-EQ.svg,,EQ
TWCGOLDETF,Commodity,151.45,152.93,151.32,152.55,2.62,1.75,2610,397790.1,149.6153,187.98,123.31,-,-,Infinity,0.2102082375353226,149.93,0,0,-1.51,,18-Aug-2026,-,0.2102082375353226,-,Infinity,18.84774976061282,-23.712594274592497,https://nsearchives.nseindia.com/today/TWCGOLDETFEQN.svg,https://nsearchives.nseindia.com/30d/TWCGOLDETF-EQ.svg,,EQ
BANKBETF,Bajaj Finserv Nifty Bank ETF,55.96,57.5,55.96,57.15,0.05,0.09,6890,393556.8,57.0607,63.9,50.71,-,-,1.5999999999999974,-2.123651310155852,57.1,0,1.51,-2.21,17-Sep-2025,18-Aug-2026,-,-2.123651310155852,-,1.5999999999999974,10.563380281690142,-12.699664760402284,https://nsearchives.nseindia.com/today/BANKBETFEQN.svg,https://nsearchives.nseindia.com/30d/BANKBETF-EQ.svg,https://nsearchives.nseindia.com/365d/BANKBETF-EQ.svg,EQ
EMULTIMQ,Nifty500 Multicap Momentum Quality 50 Total Return Index,41.28,41.55,40.94,41.44,0.15,0.36,9268,383602.52,40.9068,43.54,36.25,-,-,-3.086997193638916,-1.6844602609727186,41.29,0,-3.44,-2.04,17-Sep-2025,18-Aug-2026,-,-1.6844602609727186,-,-3.086997193638916,4.823151125401933,-14.317241379310339,https://nsearchives.nseindia.com/today/EMULTIMQEQN.svg,https://nsearchives.nseindia.com/30d/EMULTIMQ-EQ.svg,https://nsearchives.nseindia.com/365d/EMULTIMQ-EQ.svg,EQ
HYBRIDETF,Nifty200 Momentum 30 Plus 8-13 yr G-Sec 50:50 Total Return Index,9.94,10,9.94,10,0.06,0.60,38244,381292.68,9.922,11.99,9.8,-,-,Infinity,-1.283316880552821,9.94,0,0,-1.88,,18-Aug-2026,-,-1.283316880552821,-,Infinity,16.597164303586325,-2.0408163265306047,https://nsearchives.nseindia.com/today/HYBRIDETFEQN.svg,https://nsearchives.nseindia.com/30d/HYBRIDETF-EQ.svg,,EQ
BSLSENETFG,BSE SENSEX Index,75.96,75.96,74.88,75.05,-0.16,-0.21,4943,370972.15,75.009,87.82,70.32,25-NOV-21, FACE VALUE SPLIT (SUB-DIVISION) - FROM RS 10/- PER SHARE TO RE 1- PER SHARE,-8.96409509946628,-3.8560081988214256,75.21,0,-8.77,-3.65,17-Sep-2025,18-Aug-2026, FACE VALUE SPLIT (SUB-DIVISION) - FROM RS 10/- PER SHARE TO RE 1- PER SHARE,-3.8560081988214256,25-NOV-21,-8.96409509946628,14.541106809382825,-6.7263936291240105,https://nsearchives.nseindia.com/today/BSLSENETFGEQN.svg,https://nsearchives.nseindia.com/30d/BSLSENETFG-EQ.svg,https://nsearchives.nseindia.com/365d/BSLSENETFG-EQ.svg,EQ
SBIVALETF,Nifty200 Value 30 Index,14.51,14.52,14.28,14.52,0.08,0.55,23970,345168,14.4033,17.7,14.21,-,-,Infinity,-1.9581363943281629,14.44,0,0,-2.5,,18-Aug-2026,-,-1.9581363943281629,-,Infinity,17.966101694915256,-2.1815622800844383,https://nsearchives.nseindia.com/today/SBIVALETFEQN.svg,https://nsearchives.nseindia.com/30d/SBIVALETF-EQ.svg,,EQ
NEXT50ETF,Nifty Next 50 Index,72.03,73,72.03,72.95,1.26,1.76,4546,329585,71.722,78,60.15,-,-,Infinity,-2.8887113951011734,71.69,0,0,-4.57,,18-Aug-2026,-,-2.8887113951011734,-,Infinity,6.474358974358971,-21.280133000831263,https://nsearchives.nseindia.com/today/NEXT50ETFEQN.svg,https://nsearchives.nseindia.com/30d/NEXT50ETF-EQ.svg,,EQ
NEXT30ADD,BSE SENSEX Next 30 Index,42.17,42.36,42.06,42.36,0.39,0.93,7416,313400.16,41.97,46.7,36.98,-,-,6.861755802219977,-2.7994492886645226,41.97,0,5.88,-3.69,17-Sep-2025,18-Aug-2026,-,-2.7994492886645226,-,6.861755802219977,9.293361884368315,-14.548404542996222,https://nsearchives.nseindia.com/today/NEXT30ADDEQN.svg,https://nsearchives.nseindia.com/30d/NEXT30ADD-EQ.svg,https://nsearchives.nseindia.com/365d/NEXT30ADD-EQ.svg,EQ
MOM50,Nifty 50,243.85,252.85,243.82,246.24,2.41,0.99,1236,302733.48,243.9202,279.33,221.55,16-OCT-14,FACE VALUE SPLIT FROM RS.10/- TO RS.7/-,-6.340572819596065,-3.123770556298685,243.83,0,-7.26,-4.07,17-Sep-2025,18-Aug-2026,FACE VALUE SPLIT FROM RS.10/- TO RS.7/-,-3.123770556298685,16-OCT-14,-6.340572819596065,11.846203415315209,-11.144211238997968,https://nsearchives.nseindia.com/today/MOM50EQN.svg,https://nsearchives.nseindia.com/30d/MOM50-EQ.svg,https://nsearchives.nseindia.com/365d/MOM50-EQ.svg,EQ
SBIETFQLTY,Nifty 200 Quality 30 Index,214.38,215.31,213.87,215.31,0.48,0.22,1393,298951.73,213.9776,247.28,194,-,-,-6.158472803347278,-4.476486246672583,214.83,0,-6.37,-4.69,17-Sep-2025,18-Aug-2026,-,-4.476486246672583,-,-6.158472803347278,12.928663862827564,-10.984536082474227,https://nsearchives.nseindia.com/today/SBIETFQLTYEQN.svg,https://nsearchives.nseindia.com/30d/SBIETFQLTY-EQ.svg,https://nsearchives.nseindia.com/365d/SBIETFQLTY-EQ.svg,EQ
SECLEDBETA,BSE India Sector Leaders,15,15.5,14.21,14.27,0.11,0.78,20683,298455.69,14.1955,0,0,-,-,Infinity,Infinity,14.16,0,0,0,,,-,Infinity,-,Infinity,,,https://nsearchives.nseindia.com/today/SECLEDBETAEQN.svg,,,EQ
MSCIINDIA,MSCI India Index,29.11,29.58,29.03,29.32,0.36,1.24,9841,287455.61,28.971,32.14,26.5,-,-,-3.0423280423280366,-2.785145888594164,28.96,0,-4.23,-3.98,17-Sep-2025,18-Aug-2026,-,-2.785145888594164,-,-3.0423280423280366,8.774113254511512,-10.641509433962264,https://nsearchives.nseindia.com/today/MSCIINDIAEQN.svg,https://nsearchives.nseindia.com/30d/MSCIINDIA-EQ.svg,https://nsearchives.nseindia.com/365d/MSCIINDIA-EQ.svg,EQ
SBIETFCON,Nifty India Consumption Index,119.77,119.77,118.18,119,0.46,0.39,2418,286484.64,118.1419,133.97,100,-,-,-7.1328234743249475,-4.632152588555859,118.54,0,-7.49,-5,17-Sep-2025,18-Aug-2026,-,-4.632152588555859,-,-7.1328234743249475,11.17414346495484,-19,https://nsearchives.nseindia.com/today/SBIETFCONEQN.svg,https://nsearchives.nseindia.com/30d/SBIETFCON-EQ.svg,https://nsearchives.nseindia.com/365d/SBIETFCON-EQ.svg,EQ
SBISMLETF,Nifty Smallcap 250 Index,18,18.56,18,18.39,0.23,1.27,15195,277004.85,18.0347,18.97,16.53,-,-,Infinity,0.10887316276537601,18.16,0,0,-1.14,,18-Aug-2026,-,0.10887316276537601,-,Infinity,3.057459146020023,-11.25226860254083,https://nsearchives.nseindia.com/today/SBISMLETFEQN.svg,https://nsearchives.nseindia.com/30d/SBISMLETF-EQ.svg,,EQ
GROWWPSE,Nifty PSE Index - TRI,96.57,98.8,94.6,98.79,2.22,2.30,2729,265286.09,96.3368,109.85,93.2,-,-,Infinity,0.02024906348082437,96.57,0,0,-2.23,,18-Aug-2026,-,0.02024906348082437,-,Infinity,10.068274920345916,-5.997854077253223,https://nsearchives.nseindia.com/today/GROWWPSEEQN.svg,https://nsearchives.nseindia.com/30d/GROWWPSE-EQ.svg,,EQ
MOALPHA50,Nifty Alpha 50 Total Return Index,55.45,55.88,55.29,55.6,0.54,0.98,4637,257446.24,54.7745,62,42.1,-,-,6.574659766149128,-0.6965529558849805,55.06,0,5.54,-1.66,17-Sep-2025,18-Aug-2026,-,-0.6965529558849805,-,6.574659766149128,10.322580645161288,-32.06650831353919,https://nsearchives.nseindia.com/today/MOALPHA50EQN.svg,https://nsearchives.nseindia.com/30d/MOALPHA50-EQ.svg,https://nsearchives.nseindia.com/365d/MOALPHA50-EQ.svg,EQ
SENSEXAXIS,AXIS S&P BSE SENSEX ETF,76.38,77.68,76.38,76.7,-0.74,-0.96,3257,251831.24,77.1966,91.35,73.52,-,-,Infinity,-3.788258906171596,77.44,0,0,-2.86,,18-Aug-2026,-,-3.788258906171596,-,Infinity,16.03721948549534,-4.3253536452666035,https://nsearchives.nseindia.com/today/SENSEXAXISEQN.svg,https://nsearchives.nseindia.com/30d/SENSEXAXIS-EQ.svg,,EQ
HEALTHAXIS,Nifty Healthcare Index,168.49,169.9,168.36,169.44,1.5,0.89,1483,250463.87,168.2459,190,135.2,-,-,Infinity,1.2549300824668306,167.94,0,0,0.36,,18-Aug-2026,-,1.2549300824668306,-,Infinity,10.821052631578947,-25.32544378698226,https://nsearchives.nseindia.com/today/HEALTHAXISEQN.svg,https://nsearchives.nseindia.com/30d/HEALTHAXIS-EQ.svg,,EQ
ITBETA,UTI Nifty IT ETF,302.28,310.64,301.55,310.64,1.25,0.40,798,241315.2,306.9009,409.94,270.68,-,-,Infinity,-3.2243995140035584,309.39,0,0,-3.61,,18-Aug-2026,-,-3.2243995140035584,-,Infinity,24.223057032736502,-14.762819565538637,https://nsearchives.nseindia.com/today/ITBETAEQN.svg,https://nsearchives.nseindia.com/30d/ITBETA-EQ.svg,,EQ
QUALITY30,Nifty200 Quality 30 Index,20.01,20.04,19.91,19.92,-0.04,-0.20,11801,235901.99,19.951,23.18,18.09,-,-,-6.214689265536707,-5.1880057115659195,19.96,0,-6.03,-5,17-Sep-2025,18-Aug-2026,-,-5.1880057115659195,-,-6.214689265536707,14.063848144952535,-10.116086235489231,https://nsearchives.nseindia.com/today/QUALITY30EQN.svg,https://nsearchives.nseindia.com/30d/QUALITY30-EQ.svg,https://nsearchives.nseindia.com/365d/QUALITY30-EQ.svg,EQ
ESG,NIFTY100 ESG SECTOR LEADERS,40.11,40.29,40.01,40.22,0.3,0.75,5616,225482.4,39.9457,45.06,37.52,-,-,-7.412523020257825,-3.8259206121473013,39.92,0,-8.1,-4.54,17-Sep-2025,18-Aug-2026,-,-3.8259206121473013,-,-7.412523020257825,10.741233910341773,-7.196162046908303,https://nsearchives.nseindia.com/today/ESGEQN.svg,https://nsearchives.nseindia.com/30d/ESG-EQ.svg,https://nsearchives.nseindia.com/365d/ESG-EQ.svg,EQ
NETF,Tata Nifty 50 Exchange Traded Fund,251.55,255.25,251.55,254,-0.1,-0.04,868,220958.08,253.5613,292.9,240.66,-,-,-7.150168153238778,-3.49910717677899,254.1,0,-7.11,-3.46,17-Sep-2025,18-Aug-2026,-,-3.49910717677899,-,-7.150168153238778,13.28098327074086,-5.5430898362835554,https://nsearchives.nseindia.com/today/NETFEQN.svg,https://nsearchives.nseindia.com/30d/NETF-EQ.svg,https://nsearchives.nseindia.com/365d/NETF-EQ.svg,EQ
NIFTYQLITY,Aditya Birla Sun Life Nifty 200 Quality 30 ETF,20.88,20.88,20.5,20.63,0.03,0.15,10693,220382.73,20.5536,23.03,18.95,-,-,-5.970829535095725,-4.8431734317343205,20.6,0,-6.11,-4.98,17-Sep-2025,18-Aug-2026,-,-4.8431734317343205,-,-5.970829535095725,10.421189752496753,-8.865435356200527,https://nsearchives.nseindia.com/today/NIFTYQLITYEQN.svg,https://nsearchives.nseindia.com/30d/NIFTYQLITY-EQ.svg,https://nsearchives.nseindia.com/365d/NIFTYQLITY-EQ.svg,EQ
MIDBANKADD,BSE MidSmall Private Banks Index,17.22,17.75,17.15,17.26,0.12,0.70,12233,210774.59,17.087,18.22,16.94,-,-,Infinity,-0.5187319884726216,17.14,0,0,-1.21,,18-Aug-2026,-,-0.5187319884726216,-,Infinity,5.268935236004376,-1.8890200708382543,https://nsearchives.nseindia.com/today/MIDBANKADDEQN.svg,https://nsearchives.nseindia.com/30d/MIDBANKADD-EQ.svg,,EQ
MONEXT50,Nifty Next 50 Total Return Index,71.73,72.46,71.6,72.46,1.19,1.67,2915,209821.7,71.1108,75.89,59.43,-,-,5.16690856313496,-2.8686327077748,71.27,0,3.44,-4.46,17-Sep-2025,18-Aug-2026,-,-2.8686327077748,-,5.16690856313496,4.519699565160109,-21.924953727073856,https://nsearchives.nseindia.com/today/MONEXT50EQN.svg,https://nsearchives.nseindia.com/30d/MONEXT50-EQ.svg,https://nsearchives.nseindia.com/365d/MONEXT50-EQ.svg,EQ
ENERGYAXIS,Nifty Energy,18.94,19.19,18.75,19.14,0.38,2.03,10923,206117.01,18.7359,19.99,18.58,-,-,Infinity,Infinity,18.76,0,0,0,,,-,Infinity,-,Infinity,4.252126063031506,-3.013993541442424,https://nsearchives.nseindia.com/today/ENERGYAXISEQN.svg,,,EQ
SNXT50BETA,BSE Sensex Next 50,93.36,94.4,91.63,92.71,-0.19,-0.20,2181,203051.1,92.9427,102.25,77.11,17-FEB-21, FACE VALUE SPLIT (SUB-DIVISION) - FROM RS 10/- PER UNIT TO RE 1/- PER UNIT,Infinity,-4.215311499121823,92.9,0,0,-4.02,,18-Aug-2026, FACE VALUE SPLIT (SUB-DIVISION) - FROM RS 10/- PER UNIT TO RE 1/- PER UNIT,-4.215311499121823,17-FEB-21,Infinity,9.330073349633258,-20.230839061081564,https://nsearchives.nseindia.com/today/SNXT50BETAEQN.svg,https://nsearchives.nseindia.com/30d/SNXT50BETA-EQ.svg,,EQ
LOWVOL,Mirae Asset Nifty 100 Low Volatility 30 ETF,199.5,199.96,199.5,199.64,-0.24,-0.12,1007,201118.04,199.4648,219.1,183.58,-,-,-5.545041635124918,-4.249400479616313,199.88,0,-5.43,-4.13,17-Sep-2025,18-Aug-2026,-,-4.249400479616313,-,-5.545041635124918,8.881789137380196,-8.74822965464646,https://nsearchives.nseindia.com/today/LOWVOLEQN.svg,https://nsearchives.nseindia.com/30d/LOWVOL-EQ.svg,https://nsearchives.nseindia.com/365d/LOWVOL-EQ.svg,EQ
INFRA,Nifty India Infrastructure & Logistics,11.9,11.9,11.72,11.85,0.18,1.54,16540,195006.6,11.6688,13.27,10.14,-,-,Infinity,-3.1862745098039262,11.67,0,0,-4.66,,18-Aug-2026,-,-3.1862745098039262,-,Infinity,10.700828937452902,-16.863905325443778,https://nsearchives.nseindia.com/today/INFRAEQN.svg,https://nsearchives.nseindia.com/30d/INFRA-EQ.svg,,EQ
LICNETFGSC,Nifty 8-13 Yr Gsec,29.49,29.49,29.02,29.29,0.03,0.10,6406,187567.68,29.2434,30.53,27.59,-,-,3.024973619416108,-0.7455099966113263,29.26,0,2.92,-0.85,17-Sep-2025,18-Aug-2026,-,-0.7455099966113263,-,3.024973619416108,4.06157877497544,-6.161652772743746,https://nsearchives.nseindia.com/today/LICNETFGSCEQN.svg,https://nsearchives.nseindia.com/30d/LICNETFGSC-EQ.svg,https://nsearchives.nseindia.com/365d/LICNETFGSC-EQ.svg,EQ
GROWWN200,Nifty 200 Index- Total Return Index,11.04,11.22,10.91,11.15,0.11,1.00,14116,155981.8,11.0111,12.14,9.91,-,-,-2.6200873362445325,-2.1071115013169464,11.04,0,-3.58,-3.07,17-Sep-2025,18-Aug-2026,-,-2.1071115013169464,-,-2.6200873362445325,8.154859967051072,-12.51261352169526,https://nsearchives.nseindia.com/today/GROWWN200EQN.svg,https://nsearchives.nseindia.com/30d/GROWWN200-EQ.svg,https://nsearchives.nseindia.com/365d/GROWWN200-EQ.svg,EQ
IVZSENSEX,BSE Sensex TRI,74.5,74.6,74.4,74.56,-0.04,-0.05,2023,150652.81,74.3558,79.2,73.73,-,-,Infinity,Infinity,74.6,0,0,0,,,-,Infinity,-,Infinity,5.858585858585859,-1.1257290112572877,https://nsearchives.nseindia.com/today/IVZSENSEXEQN.svg,,,EQ
GROWWLOVOL,Nifty 500 Low Volatility 50 Index   TRI,10.08,10.24,10.08,10.13,0.05,0.50,13538,137004.56,10.1082,11.1,9.39,-,-,-3.7986704653371186,-3.339694656488546,10.08,0,-4.27,-3.82,17-Sep-2025,18-Aug-2026,-,-3.339694656488546,-,-3.7986704653371186,8.738738738738729,-7.880724174653889,https://nsearchives.nseindia.com/today/GROWWLOVOLEQN.svg,https://nsearchives.nseindia.com/30d/GROWWLOVOL-EQ.svg,https://nsearchives.nseindia.com/365d/GROWWLOVOL-EQ.svg,EQ
MOQUALITY,Motilal Oswal S&P BSE Quality ETF,193.44,195.06,193.05,195.06,1.54,0.80,690,133866.9,193.0638,225.6,176.15,-,-,-1.9108920848838435,-3.6693170033088087,193.52,0,-2.69,-4.43,17-Sep-2025,18-Aug-2026,-,-3.6693170033088087,-,-1.9108920848838435,13.537234042553187,-10.735168890150437,https://nsearchives.nseindia.com/today/MOQUALITYEQN.svg,https://nsearchives.nseindia.com/30d/MOQUALITY-EQ.svg,https://nsearchives.nseindia.com/365d/MOQUALITY-EQ.svg,EQ
VALUE,Nifty 500 Value 50,15.84,15.85,15.75,15.8,0.04,0.25,8366,132182.8,15.7707,19.69,14.83,-,-,Infinity,-1.985111662531019,15.76,0,0,-2.23,,18-Aug-2026,-,-1.985111662531019,-,Infinity,19.756221432199087,-6.54079568442347,https://nsearchives.nseindia.com/today/VALUEEQN.svg,https://nsearchives.nseindia.com/30d/VALUE-EQ.svg,,EQ
BANK10BETF,Bajaj Finserv BSE Top 10 Banks ETF,20.22,20.52,20.22,20.44,0.17,0.84,6250,127500,20.2589,24.9,19.73,-,-,Infinity,-1.6835016835016734,20.27,0,0,-2.5,,18-Aug-2026,-,-1.6835016835016734,-,Infinity,17.91164658634537,-3.5985808413583418,https://nsearchives.nseindia.com/today/BANK10BETFEQN.svg,https://nsearchives.nseindia.com/30d/BANK10BETF-EQ.svg,,EQ
MONIFTY100,Nifty 100 Total Return Index,24.54,25.4,24.54,24.83,0.29,1.18,5007,123572.76,24.5482,27.97,22.38,-,-,Infinity,-2.6656213249706124,24.54,0,0,-3.8,,18-Aug-2026,-,-2.6656213249706124,-,Infinity,11.226313907758316,-10.947274352100088,https://nsearchives.nseindia.com/today/MONIFTY100EQN.svg,https://nsearchives.nseindia.com/30d/MONIFTY100-EQ.svg,,EQ
PVTBKGROWW,Nifty Private Bank Index - TRI,27.11,27.7,27.11,27.7,0.37,1.35,4283,117182.88,27.291,29.57,25.45,-,-,Infinity,1.4280483339436125,27.33,0,0,0.07,,18-Aug-2026,-,1.4280483339436125,-,Infinity,6.32397700371999,-8.840864440078585,https://nsearchives.nseindia.com/today/PVTBKGROWWEQN.svg,https://nsearchives.nseindia.com/30d/PVTBKGROWW-EQ.svg,,EQ
HDFCLOWVOL,HDFC NIFTY100 Low Volatility 30 ETF,19.6,20.29,19.6,19.9,-0.1,-0.50,5708,113703.36,19.9276,22.28,18.35,20-OCT-23,FACE VALUE SPLIT (SUB-DIVISION) - FROM RS 126.18/- PER SHARE TO RS 12.618/- PER SHARE,-5.776515151515163,-4.55635491606716,20,0,-5.3,-4.08,17-Sep-2025,18-Aug-2026,FACE VALUE SPLIT (SUB-DIVISION) - FROM RS 126.18/- PER SHARE TO RS 12.618/- PER SHARE,-4.55635491606716,20-OCT-23,-5.776515151515163,10.682226211849203,-8.446866485013608,https://nsearchives.nseindia.com/today/HDFCLOWVOLEQN.svg,https://nsearchives.nseindia.com/30d/HDFCLOWVOL-EQ.svg,https://nsearchives.nseindia.com/365d/HDFCLOWVOL-EQ.svg,EQ
ENIFTY,Nifty 50 TRI,24.07,24.07,23.45,23.61,0.12,0.51,4415,103620.05,23.47,27.99,22.28,-,-,Infinity,-3.396072013093297,23.49,0,0,-3.89,,18-Aug-2026,-,-3.396072013093297,-,Infinity,15.648445873526256,-5.9694793536804225,https://nsearchives.nseindia.com/today/ENIFTYEQN.svg,https://nsearchives.nseindia.com/30d/ENIFTY-EQ.svg,,EQ
CONSUMAXIS,NIFTY India Consumption Index,118.43,118.6,117.73,118.57,0.51,0.43,851,100435.02,117.7899,131.85,105.63,-,-,Infinity,-4.224555735056547,118.06,0,0,-4.64,,18-Aug-2026,-,-4.224555735056547,-,Infinity,10.072051573758058,-12.250307677743065,https://nsearchives.nseindia.com/today/CONSUMAXISEQN.svg,https://nsearchives.nseindia.com/30d/CONSUMAXIS-EQ.svg,,EQ
ESENSEX,BSE Sensex TRI,75.39,75.51,74.84,75.51,0.36,0.48,1311,98193.9,74.8758,88.05,71.87,-,-,Infinity,-4.899244332493703,75.15,0,0,-5.35,,18-Aug-2026,-,-4.899244332493703,-,Infinity,14.2419080068143,-5.064700153054126,https://nsearchives.nseindia.com/today/ESENSEXEQN.svg,https://nsearchives.nseindia.com/30d/ESENSEX-EQ.svg,,EQ
LICNFNHGP,Nifty 100,274.18,274.18,268,268,-3.47,-1.28,361,97303.94,267.4662,296.41,248.02,-,-,-5.74664134486881,-3.548549629309729,271.47,0,-4.53,-2.3,17-Sep-2025,18-Aug-2026,-,-3.548549629309729,-,-5.74664134486881,9.584696872575158,-8.055801951455523,https://nsearchives.nseindia.com/today/LICNFNHGPEQN.svg,https://nsearchives.nseindia.com/30d/LICNFNHGP-EQ.svg,https://nsearchives.nseindia.com/365d/LICNFNHGP-EQ.svg,EQ
GROWWNXT50,Index,71.46,72.75,71.46,72.75,1.19,1.66,1327,95835.94,71.5008,76.79,60.01,-,-,5.084500938899315,-2.792624265098882,71.56,0,3.37,-4.38,17-Sep-2025,18-Aug-2026,-,-2.792624265098882,-,5.084500938899315,5.261101705951304,-21.22979503416098,https://nsearchives.nseindia.com/today/GROWWNXT50EQN.svg,https://nsearchives.nseindia.com/30d/GROWWNXT50-EQ.svg,https://nsearchives.nseindia.com/365d/GROWWNXT50-EQ.svg,EQ
MOMGF,Nifty India Manufacturing Total Return Index,159.12,159.64,159.12,159.63,0.86,0.54,599,95534.51,157.9803,182.16,137.9,-,-,5.394163475505075,-3.8894575230296873,158.77,0,4.83,-4.41,17-Sep-2025,18-Aug-2026,-,-3.8894575230296873,-,5.394163475505075,12.36824769433465,-15.75779550398839,https://nsearchives.nseindia.com/today/MOMGFEQN.svg,https://nsearchives.nseindia.com/30d/MOMGF-EQ.svg,https://nsearchives.nseindia.com/365d/MOMGF-EQ.svg,EQ
EBANKNIFTY,Edelweiss Nifty Bank ETF,56.83,56.98,56.53,56.96,0.22,0.39,1676,95079.48,56.5968,69.39,50.05,-,-,2.262118491921002,-1.89459180158457,56.74,0,1.87,-2.27,17-Sep-2025,18-Aug-2026,-,-1.89459180158457,-,2.262118491921002,17.913243983282893,-13.806193806193814,https://nsearchives.nseindia.com/today/EBANKNIFTYEQN.svg,https://nsearchives.nseindia.com/30d/EBANKNIFTY-EQ.svg,https://nsearchives.nseindia.com/365d/EBANKNIFTY-EQ.svg,EQ
MON50EQUAL,Nifty 50 Equal Weight Total Return Index,32.45,32.5,32.29,32.5,0.1,0.31,2913,94352.07,32.3412,36,29.43,-,-,-0.5507955936352501,-3.3600951531370873,32.4,0,-0.86,-3.66,17-Sep-2025,18-Aug-2026,-,-3.3600951531370873,-,-0.5507955936352501,9.722222222222221,-10.431532449881074,https://nsearchives.nseindia.com/today/MON50EQUALEQN.svg,https://nsearchives.nseindia.com/30d/MON50EQUAL-EQ.svg,https://nsearchives.nseindia.com/365d/MON50EQUAL-EQ.svg,EQ
IDFNIFTYET,Nifty 50,258.31,259,255.75,259,1.97,0.77,363,93490.65,257.3956,340.8,244.32,-,-,-6.881426619687923,-3.047091412742377,257.03,0,-7.59,-3.78,17-Sep-2025,18-Aug-2026,-,-3.047091412742377,-,-6.881426619687923,24.002347417840376,-6.008513425016375,https://nsearchives.nseindia.com/today/IDFNIFTYETEQN.svg,https://nsearchives.nseindia.com/30d/IDFNIFTYET-EQ.svg,https://nsearchives.nseindia.com/365d/IDFNIFTYET-EQ.svg,EQ
EMETAL,Nifty Metal Total Return Index,12.99,13.1,12.87,13.1,0.11,0.85,6609,85454.37,12.8493,15.21,12.41,-,-,Infinity,0.30627871362939624,12.99,0,0,-0.54,,18-Aug-2026,-,0.30627871362939624,-,Infinity,13.872452333990802,-5.560032232070906,https://nsearchives.nseindia.com/today/EMETALEQN.svg,https://nsearchives.nseindia.com/30d/EMETAL-EQ.svg,,EQ
DIVIDEND,BSE 500 Dividend Leaders,34.77,34.89,34.69,34.83,0.02,0.06,2339,81233.47,34.7661,38.03,33.15,-,-,Infinity,-2.2178551375631645,34.81,0,0,-2.27,,18-Aug-2026,-,-2.2178551375631645,-,Infinity,8.414409676571136,-5.067873303167421,https://nsearchives.nseindia.com/today/DIVIDENDEQN.svg,https://nsearchives.nseindia.com/30d/DIVIDEND-EQ.svg,,EQ
MOLOWVOL,Nifty Midcap 100 TRI,36.52,36.52,35.31,35.61,-0.02,-0.06,1878,66725.34,35.1642,43.07,33.52,11-AUG-22,FACE VALUE SPLIT (SUB-DIVISION) - FROM RS 10/- PER UNIT TO RS 2/- PER UNIT,-7.265624999999997,-3.4697750067769073,35.63,0,-7.21,-3.42,17-Sep-2025,18-Aug-2026,FACE VALUE SPLIT (SUB-DIVISION) - FROM RS 10/- PER UNIT TO RS 2/- PER UNIT,-3.4697750067769073,11-AUG-22,-7.265624999999997,17.320640817274207,-6.235083532219559,https://nsearchives.nseindia.com/today/MOLOWVOLEQN.svg,https://nsearchives.nseindia.com/30d/MOLOWVOL-EQ.svg,https://nsearchives.nseindia.com/365d/MOLOWVOL-EQ.svg,EQ
SENSEXADD,DSP S&P BSE Sensex ETF,76.18,77.3,75.91,77.29,0.33,0.43,737,56645.82,76.7265,88.2,73.27,-,-,-8.32641442296287,-3.1089381973172747,76.96,0,-8.72,-3.52,17-Sep-2025,18-Aug-2026,-,-3.1089381973172747,-,-8.32641442296287,12.36961451247165,-5.486556571584565,https://nsearchives.nseindia.com/today/SENSEXADDEQN.svg,https://nsearchives.nseindia.com/30d/SENSEXADD-EQ.svg,https://nsearchives.nseindia.com/365d/SENSEXADD-EQ.svg,EQ
PVTBANK,Nifty Private Bank,27.3,27.43,27.3,27.32,0.09,0.33,2060,56279.2,27.255,28.33,27.01,-,-,Infinity,-0.6545454545454535,27.23,0,0,-0.98,,18-Aug-2026,-,-0.6545454545454535,-,Infinity,3.565125308859859,-1.14772306553128,https://nsearchives.nseindia.com/today/PVTBANKEQN.svg,https://nsearchives.nseindia.com/30d/PVTBANK-EQ.svg,,EQ
IVZINNIFTY,Nifty 50,274.2,274.2,266.9,267.76,0.24,0.09,209,55884.51,267.1717,315,251.1,31-JUL-26,FACE VALUE SPLIT (SUB-DIVISION) - FROM RS 10/- PER SHARE TO RE 1/- PER SHARE,-90.68894050881171,-3.541193847040594,267.52,0,-90.7,-3.63,17-Sep-2025,18-Aug-2026,FACE VALUE SPLIT (SUB-DIVISION) - FROM RS 10/- PER SHARE TO RE 1/- PER SHARE,-3.541193847040594,31-JUL-26,-90.68894050881171,14.9968253968254,-6.634806849860611,https://nsearchives.nseindia.com/today/IVZINNIFTYEQN.svg,https://nsearchives.nseindia.com/30d/IVZINNIFTY-EQ.svg,https://nsearchives.nseindia.com/365d/IVZINNIFTY-EQ.svg,EQ
BANK10ADD,BSE Top 10 Banks Index (TRI),16.54,16.66,16.52,16.65,0.13,0.79,3296,54713.6,16.4616,18.99,12.08,-,-,Infinity,-1.4792899408284026,16.52,0,0,-2.25,,18-Aug-2026,-,-1.4792899408284026,-,Infinity,12.322274881516588,-37.83112582781455,https://nsearchives.nseindia.com/today/BANK10ADDEQN.svg,https://nsearchives.nseindia.com/30d/BANK10ADD-EQ.svg,,EQ
MOMETAL,Nifty Metal Index,12.95,13.08,12.94,13.08,0.27,2.11,4082,53188.46,12.8593,14.49,12.54,-,-,Infinity,0.15313935681469812,12.81,0,0,-1.91,,18-Aug-2026,-,0.15313935681469812,-,Infinity,9.730848861283643,-4.306220095693788,https://nsearchives.nseindia.com/today/MOMETALEQN.svg,https://nsearchives.nseindia.com/30d/MOMETAL-EQ.svg,,EQ
MOGSEC,Nifty 5 yr Benchmark G-Sec Index,63.74,65.42,63.74,65.42,0.04,0.06,764,49713.48,64.9074,67.33,60.74,-,-,5.363182477049441,-0.4867660480681369,65.38,0,5.3,-0.55,17-Sep-2025,18-Aug-2026,-,-0.4867660480681369,-,5.363182477049441,2.8367740977276052,-7.704972011853803,https://nsearchives.nseindia.com/today/MOGSECEQN.svg,https://nsearchives.nseindia.com/30d/MOGSEC-EQ.svg,https://nsearchives.nseindia.com/365d/MOGSEC-EQ.svg,EQ
ABSL10BANK,BSE Top 10 Banks Index,165.5,166.3,165,166.3,1.91,1.16,281,46516.74,164.5365,214.42,150,-,-,Infinity,-1.7313715062341066,164.39,0,0,-2.86,,18-Aug-2026,-,-1.7313715062341066,-,Infinity,22.441936386531097,-10.866666666666674,https://nsearchives.nseindia.com/today/ABSL10BANKEQN.svg,https://nsearchives.nseindia.com/30d/ABSL10BANK-EQ.svg,,EQ
CONS,Kotak Nifty India Consumption ETF,11.86,11.89,11.78,11.89,0.08,0.68,3928,46468.24,11.7806,13.12,10.2,27-FEB-26,FACE VALUE SPLIT (SUB-DIVISION) - FROM RS 10/- PER SHARE TO RE 1/- PER SHARE,-90.65765694979179,-3.880355699272423,11.81,0,-90.72,-4.53,17-Sep-2025,18-Aug-2026,FACE VALUE SPLIT (SUB-DIVISION) - FROM RS 10/- PER SHARE TO RE 1/- PER SHARE,-3.880355699272423,27-FEB-26,-90.65765694979179,9.37499999999999,-16.568627450980404,https://nsearchives.nseindia.com/today/CONSEQN.svg,https://nsearchives.nseindia.com/30d/CONS-EQ.svg,https://nsearchives.nseindia.com/365d/CONS-EQ.svg,EQ
MOINFRA,BSE India Infrastructure Total Return Index,57.88,58.47,57.88,58.26,0.66,1.15,772,44884.08,57.527,66,54.6,-,-,-2.1004873130566293,-2.493723849372388,57.6,0,-3.21,-3.6,17-Sep-2025,18-Aug-2026,-,-2.493723849372388,-,-2.1004873130566293,11.72727272727273,-6.703296703296697,https://nsearchives.nseindia.com/today/MOINFRAEQN.svg,https://nsearchives.nseindia.com/30d/MOINFRA-EQ.svg,https://nsearchives.nseindia.com/365d/MOINFRA-EQ.svg,EQ
LICNETFSEN,SENSEX,838.75,849.9,833.11,838.84,-2.95,-0.35,52,43598.88,840.1799,974.02,803,-,-,-9.449685874047363,-4.59053685168335,841.79,0,-9.13,-4.26,17-Sep-2025,18-Aug-2026,-,-4.59053685168335,-,-9.449685874047363,13.878565121866075,-4.463262764632631,https://nsearchives.nseindia.com/today/LICNETFSENEQN.svg,https://nsearchives.nseindia.com/30d/LICNETFSEN-EQ.svg,https://nsearchives.nseindia.com/365d/LICNETFSEN-EQ.svg,EQ
MOOILGAS,Nifty Oil & Gas ETF Total Return Index,11,11.04,10.9,10.95,0.05,0.46,3726,40948.74,10.8734,11.7,10.79,-,-,Infinity,-2.9255319148936176,10.9,0,0,-3.37,,18-Aug-2026,-,-2.9255319148936176,-,Infinity,6.410256410256411,-1.4828544949026892,https://nsearchives.nseindia.com/today/MOOILGASEQN.svg,https://nsearchives.nseindia.com/30d/MOOILGAS-EQ.svg,,EQ
EQUAL200,BSE 200 Equal Weight,13.48,13.6,13.48,13.6,0.17,1.27,2868,38804.04,11.382,14.6,11.75,-,-,2.6415094339622613,-2.6485325697924194,13.43,0,1.36,-3.87,17-Sep-2025,18-Aug-2026,-,-2.6485325697924194,-,2.6415094339622613,6.8493150684931505,-15.744680851063828,https://nsearchives.nseindia.com/today/EQUAL200EQN.svg,https://nsearchives.nseindia.com/30d/EQUAL200-EQ.svg,https://nsearchives.nseindia.com/365d/EQUAL200-EQ.svg,EQ
MSCI360,MSCI India Index,9.88,10.06,9.8,9.95,0.09,0.91,3868,37945.08,9.8054,12.24,9.6,-,-,Infinity,-3.8647342995169116,9.86,0,0,-4.73,,18-Aug-2026,-,-3.8647342995169116,-,Infinity,18.709150326797392,-3.64583333333333,https://nsearchives.nseindia.com/today/MSCI360EQN.svg,https://nsearchives.nseindia.com/30d/MSCI360-EQ.svg,,EQ
GROWWMC150,Nifty Midcap 150 Index - TRI,226.64,228.98,226.44,228.5,1.93,0.85,165,37540.8,226.4224,245,193.6,-,-,Infinity,-3.1779661016949152,226.57,0,0,-4,,18-Aug-2026,-,-3.1779661016949152,-,Infinity,6.73469387755102,-18.026859504132233,https://nsearchives.nseindia.com/today/GROWWMC150EQN.svg,https://nsearchives.nseindia.com/30d/GROWWMC150-EQ.svg,,EQ
GSEC5IETF,Nifty 5 yr Benchmark G-Sec Index,65.64,66.4,65.64,66.4,0.26,0.39,563,37225.56,65.906,69.14,62,-,-,5.530832803560083,0.37792894935752075,66.14,0,5.12,-0.02,17-Sep-2025,18-Aug-2026,-,0.37792894935752075,-,5.530832803560083,3.962973676598199,-7.096774193548396,https://nsearchives.nseindia.com/today/GSEC5IETFEQN.svg,https://nsearchives.nseindia.com/30d/GSEC5IETF-EQ.svg,https://nsearchives.nseindia.com/365d/GSEC5IETF-EQ.svg,EQ
LARGEMID50,BSE LargeMid (60:40) Stable Dividend 50 TRI (Total Return Index),35.53,35.56,35.36,35.55,0.24,0.68,1014,36037.56,35.3427,38,34.95,-,-,Infinity,Infinity,35.31,0,0,0,,,-,Infinity,-,Infinity,6.447368421052639,-1.7167381974248763,https://nsearchives.nseindia.com/today/LARGEMID50EQN.svg,,,EQ
ENEXT50,Nifty Next 50 Total Return Index,70.89,72.41,70.89,71.6,0.71,1.00,406,28907.2,70.9421,76,68.59,-,-,Infinity,-3.8926174496644372,70.89,0,0,-4.85,,18-Aug-2026,-,-3.8926174496644372,-,Infinity,5.789473684210534,-4.388394809739015,https://nsearchives.nseindia.com/today/ENEXT50EQN.svg,https://nsearchives.nseindia.com/30d/ENEXT50-EQ.svg,,EQ
MOBANK10,BSE Top 10 Banks Total Return Index,16.55,16.66,16.49,16.66,0.09,0.54,1608,26628.48,16.4666,20,15.75,-,-,Infinity,-1.420118343195257,16.57,0,0,-1.95,,18-Aug-2026,-,-1.420118343195257,-,Infinity,16.7,-5.777777777777779,https://nsearchives.nseindia.com/today/MOBANK10EQN.svg,https://nsearchives.nseindia.com/30d/MOBANK10-EQ.svg,,EQ
MIDCAPADD,Nifty Midcap 150 Index,22.77,24.93,22.77,24,1.33,5.87,1040,24460.8,22.6353,25.5,19.27,-,-,Infinity,2.127659574468085,22.67,0,0,-3.53,,18-Aug-2026,-,2.127659574468085,-,Infinity,5.882352941176471,-24.545926310326937,https://nsearchives.nseindia.com/today/MIDCAPADDEQN.svg,https://nsearchives.nseindia.com/30d/MIDCAPADD-EQ.svg,,EQ
MSCIADD,MSCI India Index,28.74,28.8,28.74,28.8,0.17,0.59,758,21784.92,28.6757,33.82,26.4,-,-,Infinity,-3.4205231388329964,28.63,0,0,-3.99,,18-Aug-2026,-,-3.4205231388329964,-,Infinity,14.843287995269069,-9.0909090909091,https://nsearchives.nseindia.com/today/MSCIADDEQN.svg,https://nsearchives.nseindia.com/30d/MSCIADD-EQ.svg,,EQ
BBNPNBETF,Baroda BNP Paribas NIFTY Bank ETF,55.49,57.02,55.49,56.75,0.13,0.23,372,20965.92,56.5634,62.77,50.03,-,-,2.0499910088113658,-1.7826237452405695,56.62,0,1.82,-2.01,17-Sep-2025,18-Aug-2026,-,-1.7826237452405695,-,2.0499910088113658,9.590568743030115,-13.431940835498699,https://nsearchives.nseindia.com/today/BBNPNBETFEQN.svg,https://nsearchives.nseindia.com/30d/BBNPNBETF-EQ.svg,https://nsearchives.nseindia.com/365d/BBNPNBETF-EQ.svg,EQ
SNXT30BEES,BSE Sensex Next 30 Index,42.33,42.38,42.02,42.18,0.27,0.64,494,20822.1,41.8532,44.56,36.83,-,-,6.784810126582278,-2.6540503115624245,41.91,0,6.1,-3.28,17-Sep-2025,18-Aug-2026,-,-2.6540503115624245,-,6.784810126582278,5.3411131059246015,-14.52620146619604,https://nsearchives.nseindia.com/today/SNXT30BEESEQN.svg,https://nsearchives.nseindia.com/30d/SNXT30BEES-EQ.svg,https://nsearchives.nseindia.com/365d/SNXT30BEES-EQ.svg,EQ
LICNETFN50,Nifty 50,260.84,263.39,260.84,263.39,1.62,0.62,69,18118.71,261.3305,295,248.17,-,-,-6.473261842198714,-2.8296318158341385,261.77,0,-7.05,-3.43,17-Sep-2025,18-Aug-2026,-,-2.8296318158341385,-,-6.473261842198714,10.715254237288141,-6.132892775113834,https://nsearchives.nseindia.com/today/LICNETFN50EQN.svg,https://nsearchives.nseindia.com/30d/LICNETFN50-EQ.svg,https://nsearchives.nseindia.com/365d/LICNETFN50-EQ.svg,EQ
ABSLMSCIN,MSCI India Index,28.82,28.93,28.68,28.93,0.21,0.73,608,17455.68,28.6578,35.34,26.34,-,-,Infinity,-2.7889784946236618,28.72,0,0,-3.49,,18-Aug-2026,-,-2.7889784946236618,-,Infinity,18.138087153367298,-9.832953682611997,https://nsearchives.nseindia.com/today/ABSLMSCINEQN.svg,https://nsearchives.nseindia.com/30d/ABSLMSCIN-EQ.svg,,EQ
GILT10BETA,UTI Nifty 10 yr Benchmark G-Sec ETF,26.14,26.67,26.14,26.66,0.01,0.04,641,16839.07,26.4083,27.6,25.1,-,-,Infinity,-0.6706408345752598,26.65,0,0,-0.71,,18-Aug-2026,-,-0.6706408345752598,-,Infinity,3.40579710144928,-6.215139442231071,https://nsearchives.nseindia.com/today/GILT10BETAEQN.svg,https://nsearchives.nseindia.com/30d/GILT10BETA-EQ.svg,,EQ
MOSERVICE,Nifty Services Sector Total Return Index,30.12,30.35,30.05,30.35,0.35,1.17,490,14798,30.0121,35.37,28.3,-,-,Infinity,-2.2858982614294825,30,0,0,-3.41,,18-Aug-2026,-,-2.2858982614294825,-,Infinity,14.192818772971435,-7.243816254416963,https://nsearchives.nseindia.com/today/MOSERVICEEQN.svg,https://nsearchives.nseindia.com/30d/MOSERVICE-EQ.svg,,EQ
GSEC10YEAR,Mirae Asset Nifty 8-13 yr G-Sec ETF,30.35,30.35,30.19,30.31,-0.04,-0.13,279,8439.75,30.2353,31.33,28.39,-,-,3.553126067646051,-0.5903574942604124,30.35,0,3.69,-0.46,17-Sep-2025,18-Aug-2026,-,-0.5903574942604124,-,3.553126067646051,3.2556654963293954,-6.762944698837613,https://nsearchives.nseindia.com/today/GSEC10YEAREQN.svg,https://nsearchives.nseindia.com/30d/GSEC10YEAR-EQ.svg,https://nsearchives.nseindia.com/365d/GSEC10YEAR-EQ.svg,EQ
GILT5BETA,UTI Nifty 5 yr Benchmark G-Sec ETF,65.28,66.6,65.28,66.59,0,0.00,117,7671.69,65.9418,69,61.51,-,-,Infinity,0.2861445783132496,66.59,0,0,0.29,,18-Aug-2026,-,0.2861445783132496,-,Infinity,3.492753623188401,-8.258819704113161,https://nsearchives.nseindia.com/today/GILT5BETAEQN.svg,https://nsearchives.nseindia.com/30d/GILT5BETA-EQ.svg,,EQ
NPBET,Nifty Private Bank Index,283.11,283.45,283,283,0.21,0.07,8,2266.4,281.9074,307,246.26,-,-,1.7473214927734284,-0.7156890261016069,282.79,0,1.67,-0.79,17-Sep-2025,18-Aug-2026,-,-0.7156890261016069,-,1.7473214927734284,7.817589576547231,-14.91919109883863,https://nsearchives.nseindia.com/today/NPBETEQN.svg,https://nsearchives.nseindia.com/30d/NPBET-EQ.svg,https://nsearchives.nseindia.com/365d/NPBET-EQ.svg,EQ
EBANK10,BSE Top 10 Bank Total Return Index,16.59,16.59,16.57,16.57,0.29,1.78,109,1807.22,16.3407,17.9,16.09,-,-,Infinity,-2.4146054181389878,16.28,0,0,-4.12,,18-Aug-2026,-,-2.4146054181389878,-,Infinity,7.4301675977653545,-2.9832193909260436,https://nsearchives.nseindia.com/today/EBANK10EQN.svg,https://nsearchives.nseindia.com/30d/EBANK10-EQ.svg,,EQ
ABGSEC,Aditya Birla Sun Life CRISIL Broad Based Gilt ETF,114.2,114.2,113.19,114.2,1.13,1.00,8,911.52,113.7453,118,109.5,-,-,3.4982780496646724,-0.9540329575021633,113.07,0,2.47,-1.93,17-Sep-2025,18-Aug-2026,-,-0.9540329575021633,-,3.4982780496646724,3.220338983050845,-4.292237442922377,https://nsearchives.nseindia.com/today/ABGSECEQN.svg,https://nsearchives.nseindia.com/30d/ABGSEC-EQ.svg,https://nsearchives.nseindia.com/365d/ABGSEC-EQ.svg,EQ
GSEC10IETF,ICICI Prudential Nifty 10 yr Benchmark G-Sec ETF,263.97,263.97,263.97,263.97,0.08,0.03,2,527.94,262.4099,269.59,252.23,-,-,2.2545031958164055,-0.5725262721759696,263.89,0,2.22,-0.6,17-Sep-2025,18-Aug-2026,-,-0.5725262721759696,-,2.2545031958164055,2.084647056641548,-4.654482020378241,https://nsearchives.nseindia.com/today/GSEC10IETFEQN.svg,https://nsearchives.nseindia.com/30d/GSEC10IETF-EQ.svg,https://nsearchives.nseindia.com/365d/GSEC10IETF-EQ.svg,EQ
ELMDIV,Index (BSE LargeMid (60:40) Stable Dividend 50),35.39,35.5,35.39,35.5,0.28,0.80,4,141.88,35.337,38.67,35.1,-,-,Infinity,-3.3224400871459667,35.22,0,0,-4.08,,18-Aug-2026,-,-3.3224400871459667,-,Infinity,8.197569175071118,-1.1396011396011354,https://nsearchives.nseindia.com/today/ELMDIVEQN.svg,https://nsearchives.nseindia.com/30d/ELMDIV-EQ.svg,,EQ
GSEC10ABSL,CRISIL 10 Year Gilt ETF,0,0,0,112.34,0,0.00,0,0,111.8171,115,108.01,-,-,3.0642201834862415,-0.8210470557075948,112.34,0,3.06,-0.82,17-Sep-2025,10-Aug-2026,-,-0.8210470557075948,-,3.0642201834862415,2.3130434782608664,-4.0088880659198205,https://nsearchives.nseindia.com/today/GSEC10ABSLEQN.svg,https://nsearchives.nseindia.com/30d/GSEC10ABSL-EQ.svg,https://nsearchives.nseindia.com/365d/GSEC10ABSL-EQ.svg,EQ
GSEC10ADD,Nifty 10 yr Benchmark G-Sec,0,0,0,26.3,0,0.00,0,0,26.5362,27.85,24.32,-,-,Infinity,Infinity,26.3,0,0,0,,,-,Infinity,-,Infinity,5.565529622980253,-8.141447368421055,https://nsearchives.nseindia.com/today/GSEC10ADDEQN.svg,,,EQ
LIQUIDBETA,Nifty 1D Rate Index,0,0,0,1008.29,0,0.00,0,0,1008.2829,1019,981.86,-,-,Infinity,0.36431322974627156,1008.29,0,0,0.36,,18-Aug-2026,-,0.36431322974627156,-,Infinity,1.0510304219823392,-2.6918297924347616,https://nsearchives.nseindia.com/today/LIQUIDBETAEQN.svg,https://nsearchives.nseindia.com/30d/LIQUIDBETA-EQ.svg,,EQ
