symbol,assets,open,high,low,ltP,chn,per,qty,trdVal,nav,wkhi,wklo,xDt,cAct,yPC,mPC,prevClose,stockIndClosePrice,perChange365d,perChange30d,date365dAgo,date30dAgo,CAct,MPC,XDt,YPC,nearWKH,nearWKL,chartTodayPath,chart30dPath,chart365dPath,series
SILVERBEES,Domestic price of Silver- based on LBMA Silver daily spot fixing price,222.37,223.9,217.26,217.8,-5.41,-2.42,32758030,7219869812,224.417,360,117.2,-,-,83.65798128004047,5.497699200775017,223.21,0,96.52,8.09,29-Aug-2025,31-Jul-2026,-,5.497699200775017,-,83.65798128004047,39.49999999999999,-85.83617747440273,https://nsearchives.nseindia.com/today/SILVERBEESEQN.svg,https://nsearchives.nseindia.com/30d/SILVERBEES-EQ.svg,https://nsearchives.nseindia.com/365d/SILVERBEES-EQ.svg,EQ
GOLDBEES,Gold,127.19,127.8,125.02,125.5,-1.82,-1.43,35522261,4489658567.79,127.5475,148.14,84.44,19-DEC-19, FACE VALUE SPLIT (SUB-DIVISION) - FROM RS 100/- TO RS 1/-,44.902436208290034,7.027119222241169,127.32,0,49.19,8.72,29-Aug-2025,31-Jul-2026, FACE VALUE SPLIT (SUB-DIVISION) - FROM RS 100/- TO RS 1/-,7.027119222241169,19-DEC-19,44.902436208290034,15.282840556230585,-48.62624348649929,https://nsearchives.nseindia.com/today/GOLDBEESEQN.svg,https://nsearchives.nseindia.com/30d/GOLDBEES-EQ.svg,https://nsearchives.nseindia.com/365d/GOLDBEES-EQ.svg,EQ
LIQUIDCASE,Zerodha Nifty 1D Rate Liquid ETF,115.74,115.74,115.72,115.73,0.02,0.02,23657815,2737918929.95,115.7152,115.74,107.56,-,-,5.008619907449424,0.3729401561144899,115.71,0,4.99,0.37,29-Aug-2025,31-Jul-2026,-,0.3729401561144899,-,5.008619907449424,0.008640055296346039,-7.595760505764226,https://nsearchives.nseindia.com/today/LIQUIDCASEEQN.svg,https://nsearchives.nseindia.com/30d/LIQUIDCASE-EQ.svg,https://nsearchives.nseindia.com/365d/LIQUIDCASE-EQ.svg,EQ
LIQUIDBEES,Government Securities,1000.01,1000.01,999.99,1000.01,0.02,0.00,2439242,2439242000,1000,1029.99,969.99,19-SEP-17, EXIT OPTION PURSUANT TO CHANGE IN FUNDAMENTAL ATTRIBUTES OF ETF  ,0.002000020000198183,0.002000020000198183,999.99,0,0,0,29-Aug-2025,31-Jul-2026, EXIT OPTION PURSUANT TO CHANGE IN FUNDAMENTAL ATTRIBUTES OF ETF  ,0.002000020000198183,19-SEP-17,0.002000020000198183,2.9107078709502052,-3.0948772667759443,https://nsearchives.nseindia.com/today/LIQUIDBEESEQN.svg,https://nsearchives.nseindia.com/30d/LIQUIDBEES-EQ.svg,https://nsearchives.nseindia.com/365d/LIQUIDBEES-EQ.svg,EQ
TATSILV,Tata Silver Exchange Traded Fund,22.5,23.18,22.04,22.1,-0.52,-2.30,73340718,1639898454.48,22.7825,35.1,11.63,-,-,83.40248962655602,5.33841754051478,22.62,0,96.52,7.77,29-Aug-2025,31-Jul-2026,-,5.33841754051478,-,83.40248962655602,37.03703703703704,-90.02579535683576,https://nsearchives.nseindia.com/today/TATSILVEQN.svg,https://nsearchives.nseindia.com/30d/TATSILV-EQ.svg,https://nsearchives.nseindia.com/365d/TATSILV-EQ.svg,EQ
NIFTYBEES,Nifty 50,277.95,277.95,272.68,273.6,-1.27,-0.46,5602290,1535363597.4,274.5795,302.25,251.7,19-DEC-19, FACE VALUE SPLIT (SUB-DIVISION) - FROM RS 10/- TO RS 1/-,-1.6464159896469854,-2.2403258655804414,274.87,0,-0.43,-0.92,29-Aug-2025,31-Jul-2026, FACE VALUE SPLIT (SUB-DIVISION) - FROM RS 10/- TO RS 1/-,-2.2403258655804414,19-DEC-19,-1.6464159896469854,9.478908188585601,-8.700834326579276,https://nsearchives.nseindia.com/today/NIFTYBEESEQN.svg,https://nsearchives.nseindia.com/30d/NIFTYBEES-EQ.svg,https://nsearchives.nseindia.com/365d/NIFTYBEES-EQ.svg,EQ
HDFCSML250,HDFC NIFTY Smallcap 250 ETF,186.18,187.29,184.15,185.65,0.29,0.16,7719160,1430437539.6,185.2613,189.83,142.7,-,-,9.995260101907812,1.2378667248336843,185.36,0,11.42,2.6,29-Aug-2025,31-Jul-2026,-,1.2378667248336843,-,9.995260101907812,2.2019701838487102,-30.098107918710596,https://nsearchives.nseindia.com/today/HDFCSML250EQN.svg,https://nsearchives.nseindia.com/30d/HDFCSML250-EQ.svg,https://nsearchives.nseindia.com/365d/HDFCSML250-EQ.svg,EQ
LIQUID1,Kotak Nifty 1D Rate Liquid ETF,1121.8,1122.28,1120.6,1120.75,0.15,0.01,1190271,1333996223.25,1120.6081,1136.66,1062.62,-,-,5.086732301922176,0.38694768144889835,1120.6,0,5.09,0.39,29-Aug-2025,31-Jul-2026,-,0.38694768144889835,-,5.086732301922176,1.3997149543399152,-5.470440985488708,https://nsearchives.nseindia.com/today/LIQUID1EQN.svg,https://nsearchives.nseindia.com/30d/LIQUID1-EQ.svg,https://nsearchives.nseindia.com/365d/LIQUID1-EQ.svg,EQ
HDFCSILVER,HDFC Silver ETF,223.89,223.89,217,217.5,-5.51,-2.47,5724309,1258203118.2,224.362,359,117.56,-,-,82.55833473224777,5.184253796305252,223.01,0,95.76,7.94,29-Aug-2025,31-Jul-2026,-,5.184253796305252,-,82.55833473224777,39.41504178272981,-85.01190881252127,https://nsearchives.nseindia.com/today/HDFCSILVEREQN.svg,https://nsearchives.nseindia.com/30d/HDFCSILVER-EQ.svg,https://nsearchives.nseindia.com/365d/HDFCSILVER-EQ.svg,EQ
GOLDIETF,Gold,134,134,129.55,129.7,-2.02,-1.53,7664223,1000334385.96,132.1093,158,88.67,-,-,44.54474534715255,6.801712779973642,131.72,0,49.39,8.56,29-Aug-2025,31-Jul-2026,-,6.801712779973642,-,44.54474534715255,17.911392405063296,-46.27269651516859,https://nsearchives.nseindia.com/today/GOLDIETFEQN.svg,https://nsearchives.nseindia.com/30d/GOLDIETF-EQ.svg,https://nsearchives.nseindia.com/365d/GOLDIETF-EQ.svg,EQ
SILVERIETF,Domestic Price of Silver,233.69,233.96,227.02,227.35,-5.83,-2.50,3784482,873004307.76,234.3146,373.5,121.82,-,-,84.25318097090526,5.518425693864284,233.18,0,97.29,8.09,29-Aug-2025,31-Jul-2026,-,5.518425693864284,-,84.25318097090526,39.129852744310575,-86.62781152520112,https://nsearchives.nseindia.com/today/SILVERIETFEQN.svg,https://nsearchives.nseindia.com/30d/SILVERIETF-EQ.svg,https://nsearchives.nseindia.com/365d/SILVERIETF-EQ.svg,EQ
TATAGOLD,Tata Gold Exchange Traded Fund,15.15,15.19,14.72,14.75,-0.21,-1.40,57784083,858671473.38,14.9889,17.7,9.75,-,-,44.89194499017682,7.039187227866478,14.96,0,49.6,8.56,29-Aug-2025,31-Jul-2026,-,7.039187227866478,-,44.89194499017682,16.666666666666664,-51.282051282051285,https://nsearchives.nseindia.com/today/TATAGOLDEQN.svg,https://nsearchives.nseindia.com/30d/TATAGOLD-EQ.svg,https://nsearchives.nseindia.com/365d/TATAGOLD-EQ.svg,EQ
SETFGOLD,Gold,134.73,134.73,129.01,129.3,-2.15,-1.64,6370763,827625821.33,131.5378,153.95,87.93,06-JAN-22,FACE VALUE SPLIT (SUB-DIVISION) - FROM RS 100/- PER SHARE TO RS 1/- PER SHARE,44.63087248322148,6.833016607452706,131.45,0,49.49,8.78,29-Aug-2025,31-Jul-2026,FACE VALUE SPLIT (SUB-DIVISION) - FROM RS 100/- PER SHARE TO RS 1/- PER SHARE,6.833016607452706,06-JAN-22,44.63087248322148,16.0116921078272,-47.048788809280104,https://nsearchives.nseindia.com/today/SETFGOLDEQN.svg,https://nsearchives.nseindia.com/30d/SETFGOLD-EQ.svg,https://nsearchives.nseindia.com/365d/SETFGOLD-EQ.svg,EQ
HDFCGOLD,Gold,135.11,135.11,129.5,129.74,-2.08,-1.58,5938508,772837431.12,131.808,152.3,89.1,17-FEB-21, FACE VALUE SPLIT (SUB-DIVISION) - FROM RS 100/- PER UNIT TO RE 1/- PER UNIT,45.07435983450743,7.046204620462052,131.82,0,49.74,8.92,29-Aug-2025,31-Jul-2026, FACE VALUE SPLIT (SUB-DIVISION) - FROM RS 100/- PER UNIT TO RE 1/- PER UNIT,7.046204620462052,17-FEB-21,45.07435983450743,14.812869336835192,-45.611672278338965,https://nsearchives.nseindia.com/today/HDFCGOLDEQN.svg,https://nsearchives.nseindia.com/30d/HDFCGOLD-EQ.svg,https://nsearchives.nseindia.com/365d/HDFCGOLD-EQ.svg,EQ
LIQUIDPLUS,Nifty 1D Rate Index,1101.22,1101.38,1101.22,1101.36,0.13,0.01,476688,525009862.56,1101.2266,1127.08,1046.56,-,-,5.05551528101034,0.3782320613191516,1101.23,0,5.06,0.38,29-Aug-2025,31-Jul-2026,-,0.3782320613191516,-,5.05551528101034,2.2820030521347223,-5.236202415532789,https://nsearchives.nseindia.com/today/LIQUIDPLUSEQN.svg,https://nsearchives.nseindia.com/30d/LIQUIDPLUS-EQ.svg,https://nsearchives.nseindia.com/365d/LIQUIDPLUS-EQ.svg,EQ
MOCAPITAL,Nifty Capital Market Total Return Index,54.94,55.16,53.7,53.88,-0.85,-1.55,9303076,501900950.2,55.1416,57.25,41.31,-,-,26.925795053003533,2.1228203184230563,54.73,0,32.81,2.53,29-Aug-2025,31-Jul-2026,-,2.1228203184230563,-,26.925795053003533,5.886462882096066,-30.428467683369643,https://nsearchives.nseindia.com/today/MOCAPITALEQN.svg,https://nsearchives.nseindia.com/30d/MOCAPITAL-EQ.svg,https://nsearchives.nseindia.com/365d/MOCAPITAL-EQ.svg,EQ
LIQUIDBETF,Bajaj Finserv Nifty 1D Rate Liquid ETF,1096.99,1097.03,1096.99,1097.03,0.15,0.01,452323,496202854.23,1096.8711,1116.24,1009.94,-,-,4.880590451060245,0.3705465790773806,1096.88,0,4.88,0.37,29-Aug-2025,31-Jul-2026,-,0.3705465790773806,-,4.880590451060245,1.7209560667956745,-8.62328455155751,https://nsearchives.nseindia.com/today/LIQUIDBETFEQN.svg,https://nsearchives.nseindia.com/30d/LIQUIDBETF-EQ.svg,https://nsearchives.nseindia.com/365d/LIQUIDBETF-EQ.svg,EQ
LIQUIDADD,DSP S&P BSE Liquid Rate ETF,1142.85,1142.87,1142.85,1142.85,0.15,0.01,420275,480315486.5,1142.711,1151.22,1083.83,-,-,4.972857785819904,0.3759101328859862,1142.7,0,4.97,0.38,29-Aug-2025,31-Jul-2026,-,0.3759101328859862,-,4.972857785819904,0.727054776671715,-5.445503446112396,https://nsearchives.nseindia.com/today/LIQUIDADDEQN.svg,https://nsearchives.nseindia.com/30d/LIQUIDADD-EQ.svg,https://nsearchives.nseindia.com/365d/LIQUIDADD-EQ.svg,EQ
ITBEES,Nifty IT TRI,35,35,34.07,34.85,0.53,1.54,12800207,445191199.46,34.6752,44.27,28.55,-,-,-10.549281314168375,-0.3716409376786606,34.32,0,-10.67,0.59,29-Aug-2025,31-Jul-2026,-,-0.3716409376786606,-,-10.549281314168375,21.2785181838717,-22.06654991243433,https://nsearchives.nseindia.com/today/ITBEESEQN.svg,https://nsearchives.nseindia.com/30d/ITBEES-EQ.svg,https://nsearchives.nseindia.com/365d/ITBEES-EQ.svg,EQ
LIQUIDIETF,S&P BSE Liquid Rate Index,1000,1000.01,999.99,1000,0.01,0.00,410103,410098898.97,1000,1041.19,955,-,-,0.0010000100000990915,0.0010000100000990915,999.99,0,0,0,29-Aug-2025,31-Jul-2026,-,0.0010000100000990915,-,0.0010000100000990915,3.956050288612074,-4.712041884816754,https://nsearchives.nseindia.com/today/LIQUIDIETFEQN.svg,https://nsearchives.nseindia.com/30d/LIQUIDIETF-EQ.svg,https://nsearchives.nseindia.com/365d/LIQUIDIETF-EQ.svg,EQ
GOLDCASE,Zerodha Gold ETF,24.7,24.7,23.74,23.88,-0.34,-1.40,15677029,377032547.45,24.2869,27.94,16.4,-,-,44.63961235614777,7.037203047960557,24.22,0,49.51,8.61,29-Aug-2025,31-Jul-2026,-,7.037203047960557,-,44.63961235614777,14.531138153185404,-45.60975609756098,https://nsearchives.nseindia.com/today/GOLDCASEEQN.svg,https://nsearchives.nseindia.com/30d/GOLDCASE-EQ.svg,https://nsearchives.nseindia.com/365d/GOLDCASE-EQ.svg,EQ
SBILIQETF,Nifty 1D Rate Index,1054.17,1054.19,1054.17,1054.17,0.12,0.01,347127,365934340.86,1054.0491,1087.09,984.99,-,-,5.032580754438765,0.37706744365412975,1054.05,0,5.08,0.38,28-Aug-2025,31-Jul-2026,-,0.37706744365412975,-,5.032580754438765,3.0282681286737847,-7.023421557579272,https://nsearchives.nseindia.com/today/SBILIQETFEQN.svg,https://nsearchives.nseindia.com/30d/SBILIQETF-EQ.svg,https://nsearchives.nseindia.com/365d/SBILIQETF-EQ.svg,EQ
JUNIORBEES,Nippon India ETF Nifty Next 50 Junior BeES,809.74,809.74,786.22,788.55,-5.31,-0.67,381093,301334046.03,798.4446,823.97,632.34,10-MAR-14,DIVIDEND-RS.1 PER UNIT,10.061971359182635,-1.6267668009830558,793.86,0,12.21,-0.22,29-Aug-2025,31-Jul-2026,DIVIDEND-RS.1 PER UNIT,-1.6267668009830558,10-MAR-14,10.061971359182635,4.298700195395472,-24.70348230382388,https://nsearchives.nseindia.com/today/JUNIORBEESEQN.svg,https://nsearchives.nseindia.com/30d/JUNIORBEES-EQ.svg,https://nsearchives.nseindia.com/365d/JUNIORBEES-EQ.svg,EQ
SBISILVER,SBI SILVER ETF,228.48,229.32,222.5,222.6,-5.87,-2.57,1328270,298993577,229.9224,362,119.73,-,-,83.19479878199323,5.168666729660775,228.47,0,96.42,7.95,29-Aug-2025,31-Jul-2026,-,5.168666729660775,-,83.19479878199323,38.50828729281768,-85.9183162114758,https://nsearchives.nseindia.com/today/SBISILVEREQN.svg,https://nsearchives.nseindia.com/30d/SBISILVER-EQ.svg,https://nsearchives.nseindia.com/365d/SBISILVER-EQ.svg,EQ
BANKBEES,Nifty Bank,598,598.62,592.5,593.3,-2.28,-0.38,462594,275335948.8,601.6375,638.99,515.98,19-DEC-19, FACE VALUE SPLIT (SUB-DIVISION) - FROM RS 10/- TO RS 1/-,6.337599024984747,-0.6763317373690155,595.58,0,7.31,0.56,29-Aug-2025,31-Jul-2026, FACE VALUE SPLIT (SUB-DIVISION) - FROM RS 10/- TO RS 1/-,-0.6763317373690155,19-DEC-19,6.337599024984747,7.150346640792509,-14.98507694096669,https://nsearchives.nseindia.com/today/BANKBEESEQN.svg,https://nsearchives.nseindia.com/30d/BANKBEES-EQ.svg,https://nsearchives.nseindia.com/365d/BANKBEES-EQ.svg,EQ
SETFNIF50,Nifty 50,257.9,260.24,257.9,258.66,-1.1,-0.42,1016453,263301985.12,259.4917,287.33,237.9,24-MAR-21, DIVIDEND - RS 1.30 PER SHARE,-1.665145985401458,-2.23750850404413,259.76,0,-0.47,-1.02,29-Aug-2025,31-Jul-2026, DIVIDEND - RS 1.30 PER SHARE,-2.23750850404413,24-MAR-21,-1.665145985401458,9.978073991577615,-8.726355611601521,https://nsearchives.nseindia.com/today/SETFNIF50EQN.svg,https://nsearchives.nseindia.com/30d/SETFNIF50-EQ.svg,https://nsearchives.nseindia.com/365d/SETFNIF50-EQ.svg,EQ
SILVERCASE,Commodity-Silver,23.51,24.31,21.5,23.09,-0.63,-2.66,11255328,262474248.96,24.2869,38.01,12.4,-,-,83.39952343129468,5.626715462031109,23.72,0,97.01,8.41,29-Aug-2025,31-Jul-2026,-,5.626715462031109,-,83.39952343129468,39.25282820310444,-86.20967741935483,https://nsearchives.nseindia.com/today/SILVERCASEEQN.svg,https://nsearchives.nseindia.com/30d/SILVERCASE-EQ.svg,https://nsearchives.nseindia.com/365d/SILVERCASE-EQ.svg,EQ
GOLDAXIS,Gold,128.29,128.4,125.76,126.3,-1.48,-1.16,2033566,258283217.66,128.5061,150,83.85,23-JUL-20, FACE VALUE SPLIT (SUB-DIVISION) - FROM RS 100/- PER SHARE TO RE 1/- PER SHARE,Infinity,6.8256787617355945,127.78,0,0,8.32,,31-Jul-2026, FACE VALUE SPLIT (SUB-DIVISION) - FROM RS 100/- PER SHARE TO RE 1/- PER SHARE,6.8256787617355945,23-JUL-20,Infinity,15.800000000000002,-50.62611806797854,https://nsearchives.nseindia.com/today/GOLDAXISEQN.svg,https://nsearchives.nseindia.com/30d/GOLDAXIS-EQ.svg,,EQ
FMCGIETF,Nifty FMCG Index,50.25,50.5,49.7,49.84,-0.26,-0.52,4747626,236716632.36,49.4887,62.3,48.55,10-MAY-24,FACE VALUE SPLIT (SUB-DIVISION) - FROM RS 10/- PER SHARE TO RE 1/- PER SHARE,-16.864053377814844,-6.0154629455025415,50.1,0,-16.49,-4.97,29-Aug-2025,31-Jul-2026,FACE VALUE SPLIT (SUB-DIVISION) - FROM RS 10/- PER SHARE TO RE 1/- PER SHARE,-6.0154629455025415,10-MAY-24,-16.864053377814844,19.99999999999999,-2.6570545829042356,https://nsearchives.nseindia.com/today/FMCGIETFEQN.svg,https://nsearchives.nseindia.com/30d/FMCGIETF-EQ.svg,https://nsearchives.nseindia.com/365d/FMCGIETF-EQ.svg,EQ
SILVER,Physical price of Silver,228.2,233.99,227.09,227.4,-5.77,-2.47,1026631,236042999.52,234.3521,371.89,121.44,-,-,84.86301926672628,5.502458940335907,233.17,0,97.12,8.15,29-Aug-2025,31-Jul-2026,-,5.502458940335907,-,84.86301926672628,38.852886606254536,-87.25296442687747,https://nsearchives.nseindia.com/today/SILVEREQN.svg,https://nsearchives.nseindia.com/30d/SILVER-EQ.svg,https://nsearchives.nseindia.com/365d/SILVER-EQ.svg,EQ
LIQUIDETF,Nifty1D rate index,1000,1000.01,999.99,1000,0,0.00,220732,220729792.68,1000,1025,995,-,-,0,0,1000,0,0,0,29-Aug-2025,31-Jul-2026,-,0,-,0,2.4390243902439024,-0.5025125628140703,https://nsearchives.nseindia.com/today/LIQUIDETFEQN.svg,https://nsearchives.nseindia.com/30d/LIQUIDETF-EQ.svg,https://nsearchives.nseindia.com/365d/LIQUIDETF-EQ.svg,EQ
GOLDETF,Mirae Asset Gold ETF,153.93,153.93,147.35,147.65,-2.53,-1.68,1368789,203169351.27,149.9673,173.5,101.51,-,-,45.05354160526574,7.070340826686004,150.18,0,50.13,8.94,29-Aug-2025,31-Jul-2026,-,7.070340826686004,-,45.05354160526574,14.899135446685877,-45.453649886710664,https://nsearchives.nseindia.com/today/GOLDETFEQN.svg,https://nsearchives.nseindia.com/30d/GOLDETF-EQ.svg,https://nsearchives.nseindia.com/365d/GOLDETF-EQ.svg,EQ
GOLD1,Gold,131.89,131.89,126.24,126.45,-2.23,-1.73,1541753,196650595.15,128.7792,158,86.9,22-JUL-21, FACE VALUE SPLIT (SUB-DIVISION) - FROM RS 10/- PER SHARE TO RE 1/- PER SHARE,44.563850463015896,6.808007433060227,128.68,0,49.66,8.9,29-Aug-2025,31-Jul-2026, FACE VALUE SPLIT (SUB-DIVISION) - FROM RS 10/- PER SHARE TO RE 1/- PER SHARE,6.808007433060227,22-JUL-21,44.563850463015896,19.968354430379744,-45.512082853855,https://nsearchives.nseindia.com/today/GOLD1EQN.svg,https://nsearchives.nseindia.com/30d/GOLD1-EQ.svg,https://nsearchives.nseindia.com/365d/GOLD1-EQ.svg,EQ
SILVERBETA,UTI Silver Exchange Traded Fund (UTI Silver ETF),225.14,225.99,219.19,219.97,-5.17,-2.30,881941,195261737.4,226.5483,379.66,117.84,-,-,Infinity,5.541694655023516,225.14,0,0,7.89,,31-Jul-2026,-,5.541694655023516,-,Infinity,42.06131802138756,-86.66836388323149,https://nsearchives.nseindia.com/today/SILVERBETAEQN.svg,https://nsearchives.nseindia.com/30d/SILVERBETA-EQ.svg,,EQ
GOLDADD,DSP Gold ETF,15.34,15.34,14.7,14.73,-0.24,-1.60,12181845,180534942.9,14.9875,18.1,10.07,28-AUG-26,FACE VALUE SPLIT (SUB-DIVISION) - FROM RS 10/- PER UNIT TO RE 1/- PER UNIT,Infinity,-89.31214627775358,14.97,0,0,-89.13,,31-Jul-2026,FACE VALUE SPLIT (SUB-DIVISION) - FROM RS 10/- PER UNIT TO RE 1/- PER UNIT,-89.31214627775358,28-AUG-26,Infinity,18.618784530386744,-46.27606752730884,https://nsearchives.nseindia.com/today/GOLDADDEQN.svg,https://nsearchives.nseindia.com/30d/GOLDADD-EQ.svg,,EQ
BANK10ADD,BSE Top 10 Banks Index (TRI),16.91,17.02,16.85,16.96,0.02,0.12,10318464,174588410.88,16.9781,18.99,12.08,-,-,Infinity,-1.3379872018615497,16.94,0,0,-0.47,,31-Jul-2026,-,-1.3379872018615497,-,Infinity,10.689836756187455,-40.397350993377486,https://nsearchives.nseindia.com/today/BANK10ADDEQN.svg,https://nsearchives.nseindia.com/30d/BANK10ADD-EQ.svg,,EQ
MOMENTUM50,Nifty 500 Momentum 50 Total Return Index,55.24,55.3,54.04,54.58,-0.45,-0.82,3180864,173484322.56,55.3435,55.97,44.96,-,-,7.844299545544357,2.9617053386153565,55.03,0,10.08,4.56,29-Aug-2025,31-Jul-2026,-,2.9617053386153565,-,7.844299545544357,2.483473289262106,-21.396797153024906,https://nsearchives.nseindia.com/today/MOMENTUM50EQN.svg,https://nsearchives.nseindia.com/30d/MOMENTUM50-EQ.svg,https://nsearchives.nseindia.com/365d/MOMENTUM50-EQ.svg,EQ
SILVER1,Kotak Silver ETF,23.2,23.2,22,22.09,-0.55,-2.43,7155295,160063949.15,22.7715,38.8,11.52,27-FEB-26,FACE VALUE SPLIT (SUB-DIVISION) - FROM RS 10/- PER SHARE TO RE 1/- PER SHARE,-81.59473421096484,5.441527446300719,22.64,0,-80.29,8.02,29-Aug-2025,31-Jul-2026,FACE VALUE SPLIT (SUB-DIVISION) - FROM RS 10/- PER SHARE TO RE 1/- PER SHARE,5.441527446300719,27-FEB-26,-81.59473421096484,43.067010309278345,-91.75347222222223,https://nsearchives.nseindia.com/today/SILVER1EQN.svg,https://nsearchives.nseindia.com/30d/SILVER1-EQ.svg,https://nsearchives.nseindia.com/365d/SILVER1-EQ.svg,EQ
GOLDBETA,Gold,133.15,133.15,127.45,127.75,-2.2,-1.69,1230361,157707672.98,129.8574,149.35,85.7,25-MAR-21, FACE VALUE SPLIT (SUB-DIVISION) - FROM RS 100/- PER UNIT TO RE 1/- PER UNIT,Infinity,7.082984073763623,129.95,0,0,9.02,,31-Jul-2026, FACE VALUE SPLIT (SUB-DIVISION) - FROM RS 100/- PER UNIT TO RE 1/- PER UNIT,7.082984073763623,25-MAR-21,Infinity,14.46267157683294,-49.06651108518086,https://nsearchives.nseindia.com/today/GOLDBETAEQN.svg,https://nsearchives.nseindia.com/30d/GOLDBETA-EQ.svg,,EQ
LIQUID,Mirae Asset Nifty 1D Rate Liquid ETF,999.99,1000,999.99,1000,0.01,0.00,154174,154172458.26,1000,1024.98,974.99,-,-,0.0010000100000990915,0.0010000100000990915,999.99,0,0,0,29-Aug-2025,31-Jul-2026,-,0.0010000100000990915,-,0.0010000100000990915,2.4371207243068174,-2.565154514405275,https://nsearchives.nseindia.com/today/LIQUIDEQN.svg,https://nsearchives.nseindia.com/30d/LIQUID-EQ.svg,https://nsearchives.nseindia.com/365d/LIQUID-EQ.svg,EQ
CASHIETF,BSE Liquid Rate Index,1079.65,1079.65,1077.71,1077.71,0.13,0.01,140831,151776385.32,1077.5728,1099.28,1026.02,-,-,5.036889759558694,0.38095415510144615,1077.58,0,5.04,0.38,29-Aug-2025,31-Jul-2026,-,0.38095415510144615,-,5.036889759558694,1.9621934357033637,-5.037913490965094,https://nsearchives.nseindia.com/today/CASHIETFEQN.svg,https://nsearchives.nseindia.com/30d/CASHIETF-EQ.svg,https://nsearchives.nseindia.com/365d/CASHIETF-EQ.svg,EQ
NIFTYIETF,Nifty 50,277.4,277.4,271.81,272.15,-1.27,-0.46,544523,148475086.41,273.1761,328.24,250.4,-,-,-1.7296165234346863,-2.220385872884708,273.42,0,-0.65,-0.94,29-Aug-2025,31-Jul-2026,-,-2.220385872884708,-,-1.7296165234346863,17.08810626370949,-8.686102236421714,https://nsearchives.nseindia.com/today/NIFTYIETFEQN.svg,https://nsearchives.nseindia.com/30d/NIFTYIETF-EQ.svg,https://nsearchives.nseindia.com/365d/NIFTYIETF-EQ.svg,EQ
MID150BEES,Nifty Midcap 150 TRI,244.57,244.57,240,241.25,-0.9,-0.37,593460,143112879,243.5109,247.15,190.43,-,-,10.675291311129467,-0.10765599768125167,242.15,0,13.42,1.11,29-Aug-2025,31-Jul-2026,-,-0.10765599768125167,-,10.675291311129467,2.3872142423629397,-26.686971590610717,https://nsearchives.nseindia.com/today/MID150BEESEQN.svg,https://nsearchives.nseindia.com/30d/MID150BEES-EQ.svg,https://nsearchives.nseindia.com/365d/MID150BEES-EQ.svg,EQ
MAFANG,NYSE FANG+ Total Return Index,211.56,211.56,210.33,211,1.05,0.50,649909,137442755.32,175.3224,211.56,149.74,-,-,30.950164463476696,10.367193221048224,209.95,0,32.8,13.03,29-Aug-2025,31-Jul-2026,-,10.367193221048224,-,30.950164463476696,0.26470032142181993,-40.91091224789635,https://nsearchives.nseindia.com/today/MAFANGEQN.svg,https://nsearchives.nseindia.com/30d/MAFANG-EQ.svg,https://nsearchives.nseindia.com/365d/MAFANG-EQ.svg,EQ
MODEFENCE,Nifty India Defence Total Return Index,107.5,107.5,105.28,105.63,-0.96,-0.90,1270375,134507305,106.7601,110.8,77.8,-,-,26.80672268907563,2.5733152068362704,106.59,0,30.8,4.15,29-Aug-2025,31-Jul-2026,-,2.5733152068362704,-,26.80672268907563,4.666064981949461,-35.771208226221084,https://nsearchives.nseindia.com/today/MODEFENCEEQN.svg,https://nsearchives.nseindia.com/30d/MODEFENCE-EQ.svg,https://nsearchives.nseindia.com/365d/MODEFENCE-EQ.svg,EQ
MOSMALL250,Motilal Oswal Nifty Smallcap 250 ETF,18.49,18.68,18.33,18.4,-0.09,-0.49,6893900,127468211,18.4711,19.38,14.22,-,-,9.393579072532688,2.8507546115148017,18.49,0,11.45,2.44,29-Aug-2025,31-Jul-2026,-,2.8507546115148017,-,9.393579072532688,5.056759545923635,-29.39521800281292,https://nsearchives.nseindia.com/today/MOSMALL250EQN.svg,https://nsearchives.nseindia.com/30d/MOSMALL250-EQ.svg,https://nsearchives.nseindia.com/365d/MOSMALL250-EQ.svg,EQ
AUTOBEES,Nifty Auto TRI,298.77,300.98,291,293.25,-5.52,-1.85,423107,125066198.13,298.5479,310.45,242.5,-,-,11.345255723886545,-2.027929974609112,298.77,0,16.66,0.55,29-Aug-2025,31-Jul-2026,-,-2.027929974609112,-,11.345255723886545,5.540344660975999,-20.927835051546392,https://nsearchives.nseindia.com/today/AUTOBEESEQN.svg,https://nsearchives.nseindia.com/30d/AUTOBEES-EQ.svg,https://nsearchives.nseindia.com/365d/AUTOBEES-EQ.svg,EQ
BSLGOLDETF,Gold,139.21,139.21,133.31,135.95,0.13,0.10,895717,119990249.32,135.7087,155.99,88.36,25-NOV-21, FACE VALUE SPLIT (SUB-DIVISION) - FROM RS 10/- PER SHARE TO RE 0.10/- PER SHARE,47.30740058511213,9.030395380543741,135.82,0,49.86,8.95,29-Aug-2025,31-Jul-2026, FACE VALUE SPLIT (SUB-DIVISION) - FROM RS 10/- PER SHARE TO RE 0.10/- PER SHARE,9.030395380543741,25-NOV-21,47.30740058511213,12.846977370344264,-53.85921231326391,https://nsearchives.nseindia.com/today/BSLGOLDETFEQN.svg,https://nsearchives.nseindia.com/30d/BSLGOLDETF-EQ.svg,https://nsearchives.nseindia.com/365d/BSLGOLDETF-EQ.svg,EQ
PHARMABEES,Nifty Pharma TRI,28.15,28.15,27.38,27.45,-0.15,-0.54,4083030,112609967.4,27.9587,28.32,21.46,-,-,22.873769024171885,0.8079324274696984,27.6,0,23.32,1.21,29-Aug-2025,31-Jul-2026,-,0.8079324274696984,-,22.873769024171885,3.0720338983050883,-27.912395153774458,https://nsearchives.nseindia.com/today/PHARMABEESEQN.svg,https://nsearchives.nseindia.com/30d/PHARMABEES-EQ.svg,https://nsearchives.nseindia.com/365d/PHARMABEES-EQ.svg,EQ
PVTBANIETF,Nifty Private Bank Index,28.1,28.23,27.6,27.87,-0.18,-0.64,3850107,107957000.28,28.3398,30.32,24.18,01-MAR-24,FACE VALUE SPLIT (SUB-DIVISION) - FROM RS 10/- PER SHARE TO RE 1/- PER SHARE,5.090497737556566,-0.6417112299465231,28.05,0,6.65,1.08,29-Aug-2025,31-Jul-2026,FACE VALUE SPLIT (SUB-DIVISION) - FROM RS 10/- PER SHARE TO RE 1/- PER SHARE,-0.6417112299465231,01-MAR-24,5.090497737556566,8.080474934036937,-15.2605459057072,https://nsearchives.nseindia.com/today/PVTBANIETFEQN.svg,https://nsearchives.nseindia.com/30d/PVTBANIETF-EQ.svg,https://nsearchives.nseindia.com/365d/PVTBANIETF-EQ.svg,EQ
PSUBNKBEES,Nifty PSU Bank,95.17,95.89,94.5,94.7,-0.47,-0.49,1117723,106440761.29,96.195,110.4,74.31,19-DEC-19, FACE VALUE SPLIT (SUB-DIVISION) - FROM RS 10/- TO RS 1/-,24.44152431011828,0.1374643121497406,95.17,0,26.54,1.87,29-Aug-2025,31-Jul-2026, FACE VALUE SPLIT (SUB-DIVISION) - FROM RS 10/- TO RS 1/-,0.1374643121497406,19-DEC-19,24.44152431011828,14.221014492753625,-27.439106445969585,https://nsearchives.nseindia.com/today/PSUBNKBEESEQN.svg,https://nsearchives.nseindia.com/30d/PSUBNKBEES-EQ.svg,https://nsearchives.nseindia.com/365d/PSUBNKBEES-EQ.svg,EQ
MOGSEC,Nifty 5 yr Benchmark G-Sec Index,65.39,65.4,65,65.35,0.28,0.43,1552304,101148128.64,65.1904,67.33,60.18,-,-,5.864247529564228,-1.0148439866707084,65.07,0,5,-0.75,29-Aug-2025,31-Jul-2026,-,-1.0148439866707084,-,5.864247529564228,2.9407396405762722,-8.590893984712519,https://nsearchives.nseindia.com/today/MOGSECEQN.svg,https://nsearchives.nseindia.com/30d/MOGSEC-EQ.svg,https://nsearchives.nseindia.com/365d/MOGSEC-EQ.svg,EQ
MOLOWVOL,Nifty Midcap 100 TRI,36.8,37.55,36.04,36.33,-0.12,-0.33,2680041,96803080.92,36.3484,43.07,33.52,11-AUG-22,FACE VALUE SPLIT (SUB-DIVISION) - FROM RS 10/- PER UNIT TO RS 2/- PER UNIT,-3.965107057890563,-6.870033324788516,36.45,0,-2.8,-2.17,29-Aug-2025,31-Jul-2026,FACE VALUE SPLIT (SUB-DIVISION) - FROM RS 10/- PER UNIT TO RS 2/- PER UNIT,-6.870033324788516,11-AUG-22,-3.965107057890563,15.648943580218255,-8.383054892601418,https://nsearchives.nseindia.com/today/MOLOWVOLEQN.svg,https://nsearchives.nseindia.com/30d/MOLOWVOL-EQ.svg,https://nsearchives.nseindia.com/365d/MOLOWVOL-EQ.svg,EQ
MOQUALITY,Motilal Oswal S&P BSE Quality ETF,200.62,202,197.13,199.84,-0.78,-0.39,476396,95688900.56,201.5004,225.6,176.15,-,-,3.8669438669438656,-3.248608085209396,200.62,0,6.05,-1.7,29-Aug-2025,31-Jul-2026,-,-3.248608085209396,-,3.8669438669438656,11.418439716312053,-13.448765256883338,https://nsearchives.nseindia.com/today/MOQUALITYEQN.svg,https://nsearchives.nseindia.com/30d/MOQUALITY-EQ.svg,https://nsearchives.nseindia.com/365d/MOQUALITY-EQ.svg,EQ
SILVERADD,DSP Silver ETF,23.06,27.96,21.88,21.88,-0.62,-2.76,4251284,94548556.16,22.6319,39,11.8,28-AUG-26,FACE VALUE SPLIT (SUB-DIVISION) - FROM RS 10/- PER UNIT TO RE 1/- PER UNIT,-81.65353010229751,-89.47368421052632,22.5,0,-80.3,-89.19,29-Aug-2025,31-Jul-2026,FACE VALUE SPLIT (SUB-DIVISION) - FROM RS 10/- PER UNIT TO RE 1/- PER UNIT,-89.47368421052632,28-AUG-26,-81.65353010229751,43.8974358974359,-85.4237288135593,https://nsearchives.nseindia.com/today/SILVERADDEQN.svg,https://nsearchives.nseindia.com/30d/SILVERADD-EQ.svg,https://nsearchives.nseindia.com/365d/SILVERADD-EQ.svg,EQ
PSUBANK,Nifty PSU Bank,86.04,86.04,84.76,85.4,0.13,0.15,1060607,90469777.1,86.2142,101,66.67,10-JUL-26,FACE VALUE SPLIT (SUB-DIVISION) - FROM RS 10/- PER UNIT TO RE 1/- PER UNIT,-87.51115075825157,1.0172699313934226,85.27,0,-87.41,1.94,29-Aug-2025,31-Jul-2026,FACE VALUE SPLIT (SUB-DIVISION) - FROM RS 10/- PER UNIT TO RE 1/- PER UNIT,1.0172699313934226,10-JUL-26,-87.51115075825157,15.445544554455441,-28.093595320233995,https://nsearchives.nseindia.com/today/PSUBANKEQN.svg,https://nsearchives.nseindia.com/30d/PSUBANK-EQ.svg,https://nsearchives.nseindia.com/365d/PSUBANK-EQ.svg,EQ
METALIETF,Nifty Metal Index,13.12,13.48,13.12,13.25,-0.08,-0.60,6560445,87319522.95,13.278,14.17,9.2,-,-,41.55982905982907,2.158828064764837,13.33,0,44.73,4.3,29-Aug-2025,31-Jul-2026,-,2.158828064764837,-,41.55982905982907,6.492589978828511,-44.021739130434796,https://nsearchives.nseindia.com/today/METALIETFEQN.svg,https://nsearchives.nseindia.com/30d/METALIETF-EQ.svg,https://nsearchives.nseindia.com/365d/METALIETF-EQ.svg,EQ
SILVERAXIS,Axis Silver ETF,232.65,232.83,225.7,226.8,-5.23,-2.25,365753,83563587.91,233.2507,390.01,118.65,-,-,Infinity,5.625931445603583,232.03,0,0,8.07,,31-Jul-2026,-,5.625931445603583,-,Infinity,41.847644932181225,-91.1504424778761,https://nsearchives.nseindia.com/today/SILVERAXISEQN.svg,https://nsearchives.nseindia.com/30d/SILVERAXIS-EQ.svg,,EQ
INFRAIETF,ICICI Prudential Nifty Infrastructure ETF,94.6,95.59,94.18,94.18,-0.42,-0.44,834793,78846198.85,94.5323,101,86.8,-,-,2.391824309632532,-3.424938474159136,94.6,0,3.98,-2.12,29-Aug-2025,31-Jul-2026,-,-3.424938474159136,-,2.391824309632532,6.752475247524746,-8.502304147465448,https://nsearchives.nseindia.com/today/INFRAIETFEQN.svg,https://nsearchives.nseindia.com/30d/INFRAIETF-EQ.svg,https://nsearchives.nseindia.com/365d/INFRAIETF-EQ.svg,EQ
ESILVER,Edelweiss Silver ETF,235.81,237.85,226.93,227.87,-5.61,-2.40,313124,71642771.2,234.2928,375,119.99,-,-,84.06300484652665,5.470955797269148,233.48,0,96.7,7.86,29-Aug-2025,31-Jul-2026,-,5.470955797269148,-,84.06300484652665,39.23466666666667,-89.90749229102427,https://nsearchives.nseindia.com/today/ESILVEREQN.svg,https://nsearchives.nseindia.com/30d/ESILVER-EQ.svg,https://nsearchives.nseindia.com/365d/ESILVER-EQ.svg,EQ
MIDCAPETF,Mirae Asset Mutual Fund - Mirae Asset Nifty Midcap 150 ETF,23.92,24.02,23.7,23.75,-0.17,-0.71,2925543,69657178.83,24.0811,24.57,19.6,-,-,10.465116279069768,-0.46102263202011495,23.92,0,13.15,1.18,29-Aug-2025,31-Jul-2026,-,-0.46102263202011495,-,10.465116279069768,3.3374033374033387,-21.173469387755095,https://nsearchives.nseindia.com/today/MIDCAPETFEQN.svg,https://nsearchives.nseindia.com/30d/MIDCAPETF-EQ.svg,https://nsearchives.nseindia.com/365d/MIDCAPETF-EQ.svg,EQ
SILVERAG,Mirae Asset Silver ETF,227.78,227.96,220.83,221.1,-6.01,-2.65,296936,66397858.96,228.4102,380,118.27,-,-,Infinity,5.115527241608819,227.11,0,0,7.99,,31-Jul-2026,-,5.115527241608819,-,Infinity,41.81578947368421,-86.94512556015896,https://nsearchives.nseindia.com/today/SILVERAGEQN.svg,https://nsearchives.nseindia.com/30d/SILVERAG-EQ.svg,,EQ
MOM50,Nifty 50,252.34,255,249.65,250.03,-1.59,-0.63,249578,62923605.36,252.3344,279.33,231.11,16-OCT-14,FACE VALUE SPLIT FROM RS.10/- TO RS.7/-,-2.343475373979601,-2.4882024882024973,251.62,0,-0.96,-1.34,29-Aug-2025,31-Jul-2026,FACE VALUE SPLIT FROM RS.10/- TO RS.7/-,-2.4882024882024973,16-OCT-14,-2.343475373979601,10.489385314860554,-8.186577820085667,https://nsearchives.nseindia.com/today/MOM50EQN.svg,https://nsearchives.nseindia.com/30d/MOM50-EQ.svg,https://nsearchives.nseindia.com/365d/MOM50-EQ.svg,EQ
ICICIB22,S&P BSE BHARAT 22 index,112.2,116,112.2,113.6,-0.18,-0.16,534195,60780707.1,113.8959,131,104.2,-,-,6.817113305124589,-2.5728987993138936,113.78,0,7.98,-1.74,29-Aug-2025,31-Jul-2026,-,-2.5728987993138936,-,6.817113305124589,13.282442748091606,-9.021113243761986,https://nsearchives.nseindia.com/today/ICICIB22EQN.svg,https://nsearchives.nseindia.com/30d/ICICIB22-EQ.svg,https://nsearchives.nseindia.com/365d/ICICIB22-EQ.svg,EQ
MONEXT50,Nifty Next 50 Total Return Index,73.3,73.32,72.7,72.76,-0.76,-1.03,827665,60237458.7,73.7228,75.89,59.43,-,-,9.776704888352452,-1.635798296606724,73.52,0,12.18,0.62,29-Aug-2025,31-Jul-2026,-,-1.635798296606724,-,9.776704888352452,4.124390565291864,-22.42974928487297,https://nsearchives.nseindia.com/today/MONEXT50EQN.svg,https://nsearchives.nseindia.com/30d/MONEXT50-EQ.svg,https://nsearchives.nseindia.com/365d/MONEXT50-EQ.svg,EQ
ALPHA,NIFTY Alpha 50 Index,55.39,55.39,54.09,54.5,-0.37,-0.67,1088932,59335904.68,55.1132,55.59,42,-,-,13.329174464545636,4.32618683001531,54.87,0,16.3,5.66,29-Aug-2025,31-Jul-2026,-,4.32618683001531,-,13.329174464545636,1.960784313725496,-29.761904761904763,https://nsearchives.nseindia.com/today/ALPHAEQN.svg,https://nsearchives.nseindia.com/30d/ALPHA-EQ.svg,https://nsearchives.nseindia.com/365d/ALPHA-EQ.svg,EQ
QGOLDHALF,Gold,127.68,127.86,125.31,125.65,-2.13,-1.67,430633,54281289.65,127.856,149.69,85.93,16-DEC-21, FACE VALUE SPLIT (SUB-DIVISION) - FROM RS 100 PER SHARE TO RS 2 PER SHARE,45.025392428439524,6.963480037456378,127.78,0,50.1,8.86,29-Aug-2025,31-Jul-2026, FACE VALUE SPLIT (SUB-DIVISION) - FROM RS 100 PER SHARE TO RS 2 PER SHARE,6.963480037456378,16-DEC-21,45.025392428439524,16.059857037878277,-46.22367042941929,https://nsearchives.nseindia.com/today/QGOLDHALFEQN.svg,https://nsearchives.nseindia.com/30d/QGOLDHALF-EQ.svg,https://nsearchives.nseindia.com/365d/QGOLDHALF-EQ.svg,EQ
ENERGY,Nifty Energy,38.96,38.96,37.9,37.91,-0.09,-0.24,1399237,53171006,38.1771,42.82,29,-,-,Infinity,-2.7699410105155304,38,0,0,-2.19,,31-Jul-2026,-,-2.7699410105155304,-,Infinity,11.46660439047175,-30.72413793103447,https://nsearchives.nseindia.com/today/ENERGYEQN.svg,https://nsearchives.nseindia.com/30d/ENERGY-EQ.svg,,EQ
NIFTYETF,Nifty 50,260.11,264.55,260.11,261.89,-0.03,-0.01,193330,50447530.2,262.164,289.05,239.81,-,-,-1.4339480617237494,-2.1666853449886103,261.92,0,-0.7,-1.33,29-Aug-2025,31-Jul-2026,-,-2.1666853449886103,-,-1.4339480617237494,9.396298218301341,-9.207289103873892,https://nsearchives.nseindia.com/today/NIFTYETFEQN.svg,https://nsearchives.nseindia.com/30d/NIFTYETF-EQ.svg,https://nsearchives.nseindia.com/365d/NIFTYETF-EQ.svg,EQ
HNGSNGBEES,Hang Seng Index,470.44,472,467.9,469.97,-0.46,-0.10,103484,48530891.48,460.5727,579.92,443.42,19-DEC-19, FACE VALUE SPLIT (SUB-DIVISION) - FROM RS 10/- TO RS 1/-,-1.624348481359762,-5.370086984536075,470.43,0,1.27,-5.46,29-Aug-2025,31-Jul-2026, FACE VALUE SPLIT (SUB-DIVISION) - FROM RS 10/- TO RS 1/-,-5.370086984536075,19-DEC-19,-1.624348481359762,18.959511656780233,-5.987551305759778,https://nsearchives.nseindia.com/today/HNGSNGBEESEQN.svg,https://nsearchives.nseindia.com/30d/HNGSNGBEES-EQ.svg,https://nsearchives.nseindia.com/365d/HNGSNGBEES-EQ.svg,EQ
CPSEETF,CPSE ETF,93.5,93.5,91.93,92.5,-0.08,-0.09,518496,48012729.6,92.7357,112,86.06,-,-,3.909233880026965,-2.518705869954685,92.58,0,5.41,-2.45,29-Aug-2025,31-Jul-2026,-,-2.518705869954685,-,3.909233880026965,17.410714285714285,-7.483151289797813,https://nsearchives.nseindia.com/today/CPSEETFEQN.svg,https://nsearchives.nseindia.com/30d/CPSEETF-EQ.svg,https://nsearchives.nseindia.com/365d/CPSEETF-EQ.svg,EQ
HDFCBSE500,HDFC S&P BSE 500 ETF,38,38.16,37.46,37.64,-0.18,-0.48,1255609,47148117.95,37.6282,40,32.65,-,-,3.264746227709184,-1.594771241830064,37.82,0,3.84,0.05,29-Aug-2025,31-Jul-2026,-,-1.594771241830064,-,3.264746227709184,5.899999999999999,-15.283307810107205,https://nsearchives.nseindia.com/today/HDFCBSE500EQN.svg,https://nsearchives.nseindia.com/30d/HDFCBSE500-EQ.svg,https://nsearchives.nseindia.com/365d/HDFCBSE500-EQ.svg,EQ
EBBETF0430,Nifty BHARAT Bond,1609,1609,1600.54,1606.1,2.43,0.15,28753,46122112.24,1607.8711,1646.18,1501.89,-,-,5.076872751063128,-0.26391778184866643,1603.67,0,5.05,-0.3,29-Aug-2025,31-Jul-2026,-,-0.26391778184866643,-,5.076872751063128,2.434727672551006,-6.93859070903993,https://nsearchives.nseindia.com/today/EBBETF0430EQN.svg,https://nsearchives.nseindia.com/30d/EBBETF0430-EQ.svg,https://nsearchives.nseindia.com/365d/EBBETF0430-EQ.svg,EQ
MOSILVER,Domestic Price of Physical Silver,234.99,234.99,224.57,226.8,-3.98,-1.72,190724,43565176.08,231.9028,385,119.24,-,-,83.95652526563387,5.7539867574372865,230.78,0,97.42,8,29-Aug-2025,31-Jul-2026,-,5.7539867574372865,-,83.95652526563387,41.090909090909086,-90.20462931902048,https://nsearchives.nseindia.com/today/MOSILVEREQN.svg,https://nsearchives.nseindia.com/30d/MOSILVER-EQ.svg,https://nsearchives.nseindia.com/365d/MOSILVER-EQ.svg,EQ
NEXT50IETF,Nifty Next 50,78.05,78.05,76.76,77.22,-0.18,-0.23,562721,43442061.2,77.9125,80.38,62.6,15-NOV-18, FACE VALUE SPLIT (SUB-DIVISION) - FROM RS 10/- PER SHARE TO RS 1/- PER SHARE,10.235546038543902,-1.076095311299005,77.4,0,11.93,-0.24,29-Aug-2025,31-Jul-2026, FACE VALUE SPLIT (SUB-DIVISION) - FROM RS 10/- PER SHARE TO RS 1/- PER SHARE,-1.076095311299005,15-NOV-18,10.235546038543902,3.931326200547396,-23.35463258785942,https://nsearchives.nseindia.com/today/NEXT50IETFEQN.svg,https://nsearchives.nseindia.com/30d/NEXT50IETF-EQ.svg,https://nsearchives.nseindia.com/365d/NEXT50IETF-EQ.svg,EQ
SMALLCAP,Mirae Asset Nifty Smallcap 250 Momentum Quality 100 ETF,49.14,49.14,48.59,48.94,-0.05,-0.10,869020,42469007.4,48.9055,54.5,37.34,-,-,8.973502560676913,3.2489451476793234,48.99,0,11.14,4.61,29-Aug-2025,31-Jul-2026,-,3.2489451476793234,-,8.973502560676913,10.201834862385326,-31.06588109266201,https://nsearchives.nseindia.com/today/SMALLCAPEQN.svg,https://nsearchives.nseindia.com/30d/SMALLCAP-EQ.svg,https://nsearchives.nseindia.com/365d/SMALLCAP-EQ.svg,EQ
GROWWSLVR,Commodity-Silver,23.43,23.43,22.22,22.3,-0.56,-2.45,1786480,40356583.2,22.9976,36.3,11.26,06-FEB-26,FACE VALUE SPLIT (SUB-DIVISION) - FROM RS 10/- PER UNIT TO RE 1/- PER UNIT,-81.74375767498977,5.437352245862894,22.86,0,-80.42,8.03,29-Aug-2025,31-Jul-2026,FACE VALUE SPLIT (SUB-DIVISION) - FROM RS 10/- PER UNIT TO RE 1/- PER UNIT,5.437352245862894,06-FEB-26,-81.74375767498977,38.56749311294765,-98.0461811722913,https://nsearchives.nseindia.com/today/GROWWSLVREQN.svg,https://nsearchives.nseindia.com/30d/GROWWSLVR-EQ.svg,https://nsearchives.nseindia.com/365d/GROWWSLVR-EQ.svg,EQ
BANKIETF,Nifty Bank,58.85,59.34,58.71,58.98,-0.05,-0.08,677022,39978149.1,59.671,63.9,51.17,-,-,6.519776052013725,-0.10162601626016646,59.03,0,7.27,0.43,29-Aug-2025,31-Jul-2026,-,-0.10162601626016646,-,6.519776052013725,7.699530516431928,-15.262849325776813,https://nsearchives.nseindia.com/today/BANKIETFEQN.svg,https://nsearchives.nseindia.com/30d/BANKIETF-EQ.svg,https://nsearchives.nseindia.com/365d/BANKIETF-EQ.svg,EQ
MOREALTY,Motilal Oswal Nifty Realty ETF,93.5,93.5,88.82,89.5,-0.55,-0.61,434767,38829040.77,90.7469,99.49,64,-,-,1.4854291869826537,-1.0065258267890682,90.05,0,3.16,-0.29,29-Aug-2025,31-Jul-2026,-,-1.0065258267890682,-,1.4854291869826537,10.041210171876566,-39.84375,https://nsearchives.nseindia.com/today/MOREALTYEQN.svg,https://nsearchives.nseindia.com/30d/MOREALTY-EQ.svg,https://nsearchives.nseindia.com/365d/MOREALTY-EQ.svg,EQ
EGOLD,Edelweiss Gold ETF,157.95,157.95,151.1,151.7,-2.4,-1.56,248113,37996024.82,154.1224,184.95,102,-,-,44.89016236867238,7.057163020465773,154.1,0,49.32,8.79,29-Aug-2025,31-Jul-2026,-,7.057163020465773,-,44.89016236867238,17.977831846444985,-48.725490196078425,https://nsearchives.nseindia.com/today/EGOLDEQN.svg,https://nsearchives.nseindia.com/30d/EGOLD-EQ.svg,https://nsearchives.nseindia.com/365d/EGOLD-EQ.svg,EQ
MON100,Nasdaq100,329.32,329.32,329.32,329.32,-2.88,-0.87,112323,36990210.36,274.0275,342.55,200.7,17-JUN-21, FACE VALUE SPLIT (SUB-DIVISION) - FROM RS 10/- PER SHARE TO RE 1/- PER SHARE,61.700874005695766,4.396893326993186,332.2,0,62.51,8.85,29-Aug-2025,31-Jul-2026, FACE VALUE SPLIT (SUB-DIVISION) - FROM RS 10/- PER SHARE TO RE 1/- PER SHARE,4.396893326993186,17-JUN-21,61.700874005695766,3.862209896365499,-64.08570004982562,https://nsearchives.nseindia.com/today/MON100EQN.svg,https://nsearchives.nseindia.com/30d/MON100-EQ.svg,https://nsearchives.nseindia.com/365d/MON100-EQ.svg,EQ
BSLNIFTY,Nifty 50,27.9,29.01,27.9,28.19,-0.12,-0.42,1228238,34660876.36,28.2553,33,25.7,25-NOV-21, FACE VALUE SPLIT (SUB-DIVISION) - FROM RS 10/- PER SHARE TO RE 1/- PER SHARE,-1.4680181754631183,-2.2538141470180255,28.31,0,-0.32,-1.01,29-Aug-2025,31-Jul-2026, FACE VALUE SPLIT (SUB-DIVISION) - FROM RS 10/- PER SHARE TO RE 1/- PER SHARE,-2.2538141470180255,25-NOV-21,-1.4680181754631183,14.575757575757573,-9.688715953307401,https://nsearchives.nseindia.com/today/BSLNIFTYEQN.svg,https://nsearchives.nseindia.com/30d/BSLNIFTY-EQ.svg,https://nsearchives.nseindia.com/365d/BSLNIFTY-EQ.svg,EQ
GROWWHOSPI,BSE Hospitals Index,52.43,52.63,52.03,52.04,-0.36,-0.69,655630,34184548.2,52.2325,62,43.35,-,-,Infinity,-3.7721893491124248,52.4,0,0,-3.62,,31-Jul-2026,-,-3.7721893491124248,-,Infinity,16.06451612903226,-20.046136101499417,https://nsearchives.nseindia.com/today/GROWWHOSPIEQN.svg,https://nsearchives.nseindia.com/30d/GROWWHOSPI-EQ.svg,,EQ
MID150CASE,Zerodha Nifty Midcap 150 ETF,11.78,11.83,11.65,11.68,-0.1,-0.85,2716854,31814360.34,11.8548,13,9.63,-,-,10.921177587844259,-0.4262574595055474,11.78,0,14.04,1.38,29-Aug-2025,31-Jul-2026,-,-0.4262574595055474,-,10.921177587844259,10.153846153846157,-21.287642782969872,https://nsearchives.nseindia.com/today/MID150CASEEQN.svg,https://nsearchives.nseindia.com/30d/MID150CASE-EQ.svg,https://nsearchives.nseindia.com/365d/MID150CASE-EQ.svg,EQ
LIQGRWBEES,Liquid,1053.9,1053.91,1053.89,1053.91,0.14,0.01,29200,30773588,1053.7758,1056.29,995.55,-,-,4.767632586112633,0.3589997524139621,1053.77,0,4.77,0.36,29-Aug-2025,31-Jul-2026,-,0.3589997524139621,-,4.767632586112633,0.22531691107554572,-5.862086283963651,https://nsearchives.nseindia.com/today/LIQGRWBEESEQN.svg,https://nsearchives.nseindia.com/30d/LIQGRWBEES-EQ.svg,https://nsearchives.nseindia.com/365d/LIQGRWBEES-EQ.svg,EQ
MOM100,Nifty Midcap 100,69.48,69.48,68.2,68.55,-0.28,-0.41,436136,29897122.8,69.3489,70.32,56.15,-,-,11.991504656101938,0.4837291116974469,68.83,0,14.7,1.41,29-Aug-2025,31-Jul-2026,-,0.4837291116974469,-,11.991504656101938,2.517064846416377,-22.083704363312552,https://nsearchives.nseindia.com/today/MOM100EQN.svg,https://nsearchives.nseindia.com/30d/MOM100-EQ.svg,https://nsearchives.nseindia.com/365d/MOM100-EQ.svg,EQ
LOWVOLIETF,Nifty 100 Low Volatility 30 Index,22.61,22.61,22,22.23,0.06,0.27,1340431,29811185.44,22.3369,26.81,19.84,01-MAR-24,FACE VALUE SPLIT (SUB-DIVISION) - FROM RS 10/- PER SHARE TO RE 1/- PER SHARE,-0.9358288770053513,-2.542744410346332,22.17,0,-0.49,-2.42,29-Aug-2025,31-Jul-2026,FACE VALUE SPLIT (SUB-DIVISION) - FROM RS 10/- PER SHARE TO RE 1/- PER SHARE,-2.542744410346332,01-MAR-24,-0.9358288770053513,17.083177918687053,-12.046370967741938,https://nsearchives.nseindia.com/today/LOWVOLIETFEQN.svg,https://nsearchives.nseindia.com/30d/LOWVOLIETF-EQ.svg,https://nsearchives.nseindia.com/365d/LOWVOLIETF-EQ.svg,EQ
MOMMIDCAP,BSE Midcap 150 Momentum 30 TRI,13.21,13.21,12.99,13.03,-0.14,-1.06,2222679,29005960.95,13.2242,14.99,12.21,-,-,Infinity,2.4371069182389835,13.17,0,0,4.11,,31-Jul-2026,-,2.4371069182389835,-,Infinity,13.075383589059378,-6.715806715806703,https://nsearchives.nseindia.com/today/MOMMIDCAPEQN.svg,https://nsearchives.nseindia.com/30d/MOMMIDCAP-EQ.svg,,EQ
BANKNIFTY1,Nifty Bank,59.65,60,59.19,59.41,-0.24,-0.40,450214,26819247.98,60.3115,65.29,51.71,27-FEB-26,FACE VALUE SPLIT (SUB-DIVISION) - FROM RS 10/- PER SHARE TO RE 1/- PER SHARE,-89.35552649024422,-0.7683313846667795,59.65,0,-89.25,0.32,29-Aug-2025,31-Jul-2026,FACE VALUE SPLIT (SUB-DIVISION) - FROM RS 10/- PER SHARE TO RE 1/- PER SHARE,-0.7683313846667795,27-FEB-26,-89.35552649024422,9.005973349670713,-14.890736801392372,https://nsearchives.nseindia.com/today/BANKNIFTY1EQN.svg,https://nsearchives.nseindia.com/30d/BANKNIFTY1-EQ.svg,https://nsearchives.nseindia.com/365d/BANKNIFTY1-EQ.svg,EQ
GROWWLIQID,Nifty 1D Rate Index,110.58,110.59,110.58,110.59,0.03,0.03,241149,26666256.42,110.566,112.71,102.89,-,-,4.7849156717832075,0.3721183517879802,110.56,0,4.77,0.35,29-Aug-2025,31-Jul-2026,-,0.3721183517879802,-,4.7849156717832075,1.8809333688226337,-7.483720478180583,https://nsearchives.nseindia.com/today/GROWWLIQIDEQN.svg,https://nsearchives.nseindia.com/30d/GROWWLIQID-EQ.svg,https://nsearchives.nseindia.com/365d/GROWWLIQID-EQ.svg,EQ
HDFCNEXT50,HDFC NIFTY NEXT 50 ETF,75.49,75.49,73.63,74.06,-0.96,-1.28,357190,26546360.8,75.4721,78.07,59.99,20-OCT-23,FACE VALUE SPLIT (SUB-DIVISION) - FROM RS 418.18/- PER SHARE TO RS 41.81/- PER SHARE,9.056103666617592,-1.6467463479415603,75.02,0,11.97,-0.23,29-Aug-2025,31-Jul-2026,FACE VALUE SPLIT (SUB-DIVISION) - FROM RS 418.18/- PER SHARE TO RS 41.81/- PER SHARE,-1.6467463479415603,20-OCT-23,9.056103666617592,5.136416036889959,-23.453908984830804,https://nsearchives.nseindia.com/today/HDFCNEXT50EQN.svg,https://nsearchives.nseindia.com/30d/HDFCNEXT50-EQ.svg,https://nsearchives.nseindia.com/365d/HDFCNEXT50-EQ.svg,EQ
ITIETF,Nifty IT Index,34.47,35.05,34.31,34.75,0.44,1.28,745507,25913823.32,34.6987,44.3,28.54,01-SEP-22,FACE VALUE SPLIT (SUB-DIVISION) - FROM RS 10/- PER UNIT TO RE 1/- PER UNIT,-10.599434010805243,-0.42979942693409334,34.31,0,-10.49,0.32,29-Aug-2025,31-Jul-2026,FACE VALUE SPLIT (SUB-DIVISION) - FROM RS 10/- PER UNIT TO RE 1/- PER UNIT,-0.42979942693409334,01-SEP-22,-10.599434010805243,21.55756207674943,-21.758934828311148,https://nsearchives.nseindia.com/today/ITIETFEQN.svg,https://nsearchives.nseindia.com/30d/ITIETF-EQ.svg,https://nsearchives.nseindia.com/365d/ITIETF-EQ.svg,EQ
HDFCNIFIT,HDFC NIFTY IT ETF,33.09,33.65,32.97,33.35,0.38,1.15,767263,25649602.09,33.351,42.3,27.32,02-FEB-24,FACE VALUE SPLIT (SUB-DIVISION) - FROM RS 299.92/- PER SHARE TO RS 29.992/- PER SHARE,-10.995463037096338,-0.6849315068493058,32.97,0,-10.67,0.33,29-Aug-2025,31-Jul-2026,FACE VALUE SPLIT (SUB-DIVISION) - FROM RS 299.92/- PER SHARE TO RS 29.992/- PER SHARE,-0.6849315068493058,02-FEB-24,-10.995463037096338,21.15839243498817,-22.071742313323576,https://nsearchives.nseindia.com/today/HDFCNIFITEQN.svg,https://nsearchives.nseindia.com/30d/HDFCNIFIT-EQ.svg,https://nsearchives.nseindia.com/365d/HDFCNIFIT-EQ.svg,EQ
GROWWDEFNC,Nifty India Defence Index- Total Return Index,97.29,97.46,96.01,96.8,-0.49,-0.50,246944,23844912.64,97.0539,102.07,71.78,-,-,27.653962811552155,2.738272129059646,97.29,0,31.14,4.43,29-Aug-2025,31-Jul-2026,-,2.738272129059646,-,27.653962811552155,5.163123346722833,-34.8565059905266,https://nsearchives.nseindia.com/today/GROWWDEFNCEQN.svg,https://nsearchives.nseindia.com/30d/GROWWDEFNC-EQ.svg,https://nsearchives.nseindia.com/365d/GROWWDEFNC-EQ.svg,EQ
GROWWGOLD,Commodity,15.37,15.37,14.77,14.82,-0.18,-1.20,1597880,23840369.6,15.0664,18,10.2,06-FEB-26,FACE VALUE SPLIT (SUB-DIVISION) - FROM RS 10/- PER UNIT TO RE 1/- PER UNIT,-85.57383432298258,7.003610108303254,15,0,-85.15,8.3,29-Aug-2025,31-Jul-2026,FACE VALUE SPLIT (SUB-DIVISION) - FROM RS 10/- PER UNIT TO RE 1/- PER UNIT,7.003610108303254,06-FEB-26,-85.57383432298258,17.666666666666668,-45.29411764705884,https://nsearchives.nseindia.com/today/GROWWGOLDEQN.svg,https://nsearchives.nseindia.com/30d/GROWWGOLD-EQ.svg,https://nsearchives.nseindia.com/365d/GROWWGOLD-EQ.svg,EQ
DEFENCE,BSE India Defence,82.35,82.35,80.36,80.79,-0.76,-0.93,289945,23453651.05,81.3931,85.6,58.91,-,-,Infinity,2.110717896865523,81.55,0,0,4.08,,31-Jul-2026,-,2.110717896865523,-,Infinity,5.619158878504659,-37.1414021388559,https://nsearchives.nseindia.com/today/DEFENCEEQN.svg,https://nsearchives.nseindia.com/30d/DEFENCE-EQ.svg,,EQ
MIDCAPIETF,Nifty Midcap 150,24.36,24.39,24.01,24.15,-0.1,-0.41,903571,21848346.78,24.3761,24.88,19.89,10-MAY-24,FACE VALUE SPLIT (SUB-DIVISION) - FROM RS 10/- PER SHARE TO RE 1/- PER SHARE,10.932475884244369,0,24.25,0,13.26,1.29,29-Aug-2025,31-Jul-2026,FACE VALUE SPLIT (SUB-DIVISION) - FROM RS 10/- PER SHARE TO RE 1/- PER SHARE,0,10-MAY-24,10.932475884244369,2.9340836012861753,-21.41779788838611,https://nsearchives.nseindia.com/today/MIDCAPIETFEQN.svg,https://nsearchives.nseindia.com/30d/MIDCAPIETF-EQ.svg,https://nsearchives.nseindia.com/365d/MIDCAPIETF-EQ.svg,EQ
SML100CASE,Nifty Smallcap 100 Index,11.59,11.59,11.23,11.35,0.01,0.09,1921793,21735478.83,11.3344,11.74,8.5,-,-,Infinity,1.793721973094164,11.34,0,0,3.09,,31-Jul-2026,-,1.793721973094164,-,Infinity,3.3219761499148257,-33.52941176470588,https://nsearchives.nseindia.com/today/SML100CASEEQN.svg,https://nsearchives.nseindia.com/30d/SML100CASE-EQ.svg,,EQ
AUTOIETF,Nifty Auto Index,30.03,30.15,29.32,29.6,-0.36,-1.20,723144,21477376.8,29.9056,31.46,24.2,01-MAR-24,FACE VALUE SPLIT (SUB-DIVISION) - FROM RS 10/- PER SHARE TO RE 1/- PER SHARE,12.419293581466022,-0.47074646940146947,29.96,0,16.99,0.77,29-Aug-2025,31-Jul-2026,FACE VALUE SPLIT (SUB-DIVISION) - FROM RS 10/- PER SHARE TO RE 1/- PER SHARE,-0.47074646940146947,01-MAR-24,12.419293581466022,5.912269548633183,-22.314049586776868,https://nsearchives.nseindia.com/today/AUTOIETFEQN.svg,https://nsearchives.nseindia.com/30d/AUTOIETF-EQ.svg,https://nsearchives.nseindia.com/365d/AUTOIETF-EQ.svg,EQ
NEXT50,Nifty Next 50,761.57,761.57,750.5,752.79,-5.06,-0.67,27850,21015888.5,762.3604,785.96,617,-,-,10.026454639793025,-2.0302190293991362,757.85,0,12.21,-0.21,29-Aug-2025,31-Jul-2026,-,-2.0302190293991362,-,10.026454639793025,4.22031655554991,-22.008103727714744,https://nsearchives.nseindia.com/today/NEXT50EQN.svg,https://nsearchives.nseindia.com/30d/NEXT50-EQ.svg,https://nsearchives.nseindia.com/365d/NEXT50-EQ.svg,EQ
ABSLLIQUID,Aditya Birla Sun Life CRISIL Overnight Fund AI ETF,1000,1000.01,999.99,1000,0,0.00,20719,20719000,1000,1044.99,999.56,-,-,0,0,1000,0,0,0,29-Aug-2025,31-Jul-2026,-,0,-,0,4.3053043569794935,-0.04401936852215521,https://nsearchives.nseindia.com/today/ABSLLIQUIDEQN.svg,https://nsearchives.nseindia.com/30d/ABSLLIQUID-EQ.svg,https://nsearchives.nseindia.com/365d/ABSLLIQUID-EQ.svg,EQ
IT,NIFTY IT Index,34.33,35,33.92,34.67,0.35,1.02,588067,20423566.91,34.6689,44.49,28.54,-,-,-10.988446726572532,-0.8011444921316198,34.32,0,-10.32,0.5,29-Aug-2025,31-Jul-2026,-,-0.8011444921316198,-,-10.988446726572532,22.07237581478984,-21.478626489138062,https://nsearchives.nseindia.com/today/ITEQN.svg,https://nsearchives.nseindia.com/30d/IT-EQ.svg,https://nsearchives.nseindia.com/365d/IT-EQ.svg,EQ
GROWWEV,Nifty EV and New Age Automotive Index,34.06,34.06,32.85,33.19,-0.2,-0.60,605315,20169095.8,33.4656,34.64,26.2,-,-,8.606020942408374,0.12066365007541222,33.39,0,12.24,2.24,29-Aug-2025,31-Jul-2026,-,0.12066365007541222,-,8.606020942408374,4.1859122401847655,-26.679389312977097,https://nsearchives.nseindia.com/today/GROWWEVEQN.svg,https://nsearchives.nseindia.com/30d/GROWWEV-EQ.svg,https://nsearchives.nseindia.com/365d/GROWWEV-EQ.svg,EQ
SETFNN50,Nifty Next 50,793.3,797,780.1,783.5,-4.21,-0.53,24915,19530370.2,791.4811,840,636.01,02-NOV-17, DIVIDEND - RS 7/- PER UNIT,10.4719202515404,-1.4837168364139262,787.71,0,12.43,-0.2,29-Aug-2025,31-Jul-2026, DIVIDEND - RS 7/- PER UNIT,-1.4837168364139262,02-NOV-17,10.4719202515404,6.726190476190476,-23.189886951463027,https://nsearchives.nseindia.com/today/SETFNN50EQN.svg,https://nsearchives.nseindia.com/30d/SETFNN50-EQ.svg,https://nsearchives.nseindia.com/365d/SETFNN50-EQ.svg,EQ
MOM30IETF,ICICI Prudential Nifty 200 Momentum 30 ETF,32.32,32.32,31,31.3,-0.24,-0.76,619898,19452399.24,31.9192,32.9,26,12-AUG-22,ADDITONAL ISSUANCE 9:1,2.1207177814029436,0.6430868167202549,31.54,0,4.3,1.45,29-Aug-2025,31-Jul-2026,ADDITONAL ISSUANCE 9:1,0.6430868167202549,12-AUG-22,2.1207177814029436,4.863221884498474,-20.38461538461539,https://nsearchives.nseindia.com/today/MOM30IETFEQN.svg,https://nsearchives.nseindia.com/30d/MOM30IETF-EQ.svg,https://nsearchives.nseindia.com/365d/MOM30IETF-EQ.svg,EQ
METAL,Nifty Metal Total Return Index,13.69,13.69,13.26,13.3,-0.06,-0.45,1455364,19429109.4,13.3254,13.97,8.7,-,-,42.39828693790151,2.3076923076923133,13.36,0,45.22,4.05,29-Aug-2025,31-Jul-2026,-,2.3076923076923133,-,42.39828693790151,4.795991410164638,-52.87356321839082,https://nsearchives.nseindia.com/today/METALEQN.svg,https://nsearchives.nseindia.com/30d/METAL-EQ.svg,https://nsearchives.nseindia.com/365d/METAL-EQ.svg,EQ
GILT5YBEES,Nifty 5 yr Benchmark G-Sec Index,66.29,66.29,65.92,66.08,0.03,0.05,291766,19271144.3,66.0483,67.84,61.45,-,-,5.9653624118024355,-0.15110305228166895,66.05,0,5.83,-0.18,29-Aug-2025,31-Jul-2026,-,-0.15110305228166895,-,5.9653624118024355,2.5943396226415167,-7.534580960130179,https://nsearchives.nseindia.com/today/GILT5YBEESEQN.svg,https://nsearchives.nseindia.com/30d/GILT5YBEES-EQ.svg,https://nsearchives.nseindia.com/365d/GILT5YBEES-EQ.svg,EQ
GROWWPOWER,BSE Power Index - TRI,11.49,11.49,11.12,11.18,-0.01,-0.09,1670679,18644777.64,11.1678,13.2,7.75,-,-,14.78439425051334,-3.7865748709122165,11.19,0,16.93,-3.2,29-Aug-2025,31-Jul-2026,-,-3.7865748709122165,-,14.78439425051334,15.3030303030303,-44.25806451612903,https://nsearchives.nseindia.com/today/GROWWPOWEREQN.svg,https://nsearchives.nseindia.com/30d/GROWWPOWER-EQ.svg,https://nsearchives.nseindia.com/365d/GROWWPOWER-EQ.svg,EQ
HDFCNIFTY,Nifty 50,265.06,272.53,265.06,271.16,-0.7,-0.26,67866,18396436.62,271.6025,301.88,247.56,17-FEB-21, FACE VALUE SPLIT (SUB-DIVISION) - FROM RS 761.25/- PER UNIT TO RS 76.125/- PER UNIT,-1.525276002324226,-1.6538517336428267,271.86,0,-0.43,-0.89,29-Aug-2025,31-Jul-2026, FACE VALUE SPLIT (SUB-DIVISION) - FROM RS 761.25/- PER UNIT TO RS 76.125/- PER UNIT,-1.6538517336428267,17-FEB-21,-1.525276002324226,10.176228965151706,-9.533042494748758,https://nsearchives.nseindia.com/today/HDFCNIFTYEQN.svg,https://nsearchives.nseindia.com/30d/HDFCNIFTY-EQ.svg,https://nsearchives.nseindia.com/365d/HDFCNIFTY-EQ.svg,EQ
LTGILTBEES,NIFTY 8-13 yr G-Sec Index,29.88,29.88,29.8,29.85,-0.01,-0.03,597336,17836452.96,29.8433,30.48,28.13,-,-,4.553415061295974,-0.3671562082777017,29.86,0,4.44,-0.4,29-Aug-2025,31-Jul-2026,-,-0.3671562082777017,-,4.553415061295974,2.0669291338582645,-6.114468538926421,https://nsearchives.nseindia.com/today/LTGILTBEESEQN.svg,https://nsearchives.nseindia.com/30d/LTGILTBEES-EQ.svg,https://nsearchives.nseindia.com/365d/LTGILTBEES-EQ.svg,EQ
ELIQUID,Nifty 1D Rate Index (Debt Index),1045.99,1046,1045.99,1045.99,0.12,0.01,16877,17653173.23,1045.8673,1046,996,-,-,Infinity,0.37810085888393596,1045.87,0,0,0.38,,31-Jul-2026,-,0.37810085888393596,-,Infinity,0.0009560229445497998,-5.019076305220884,https://nsearchives.nseindia.com/today/ELIQUIDEQN.svg,https://nsearchives.nseindia.com/30d/ELIQUID-EQ.svg,,EQ
MIDSMALL,Mirae Asset Nifty MidSmallcap400 Momentum Quality 100 ETF,52.82,52.82,52,52.19,-0.22,-0.42,320580,16747099.2,52.7921,52.86,42.41,-,-,9.138435800920112,1.4974718008556904,52.41,0,11.72,2.42,29-Aug-2025,31-Jul-2026,-,1.4974718008556904,-,9.138435800920112,1.2674990541051867,-23.06059891535016,https://nsearchives.nseindia.com/today/MIDSMALLEQN.svg,https://nsearchives.nseindia.com/30d/MIDSMALL-EQ.svg,https://nsearchives.nseindia.com/365d/MIDSMALL-EQ.svg,EQ
MASPTOP50,S&P 500 Top 50 Total Return Index,80.49,80.49,80.45,80.48,-0.04,-0.05,200386,16127065.28,66.8506,82.78,63.19,-,-,23.73923739237392,3.95246706277448,80.52,0,24.16,6.68,29-Aug-2025,31-Jul-2026,-,3.95246706277448,-,23.73923739237392,2.7784489007006488,-27.36192435511949,https://nsearchives.nseindia.com/today/MASPTOP50EQN.svg,https://nsearchives.nseindia.com/30d/MASPTOP50-EQ.svg,https://nsearchives.nseindia.com/365d/MASPTOP50-EQ.svg,EQ
INFRABEES,Nifty Infra,953.22,957.98,947,955.64,2.42,0.25,16687,15893700.02,949.6811,1018.3,871.35,-,-,3.1841494358365288,-1.690207495344992,953.22,0,3.77,-1.93,29-Aug-2025,31-Jul-2026,-,-1.690207495344992,-,3.1841494358365288,6.153392909751544,-9.673495151202154,https://nsearchives.nseindia.com/today/INFRABEESEQN.svg,https://nsearchives.nseindia.com/30d/INFRABEES-EQ.svg,https://nsearchives.nseindia.com/365d/INFRABEES-EQ.svg,EQ
MONIFTY500,Motilal Oswal Nifty 500 ETF,24.55,24.55,23.78,23.78,-0.18,-0.75,642691,15341034.17,24.0029,28.28,20.75,-,-,-0.12599748005038885,-1.6949152542372887,23.96,0,4.45,-0.46,29-Aug-2025,31-Jul-2026,-,-1.6949152542372887,-,-0.12599748005038885,15.912305516265912,-14.602409638554223,https://nsearchives.nseindia.com/today/MONIFTY500EQN.svg,https://nsearchives.nseindia.com/30d/MONIFTY500-EQ.svg,https://nsearchives.nseindia.com/365d/MONIFTY500-EQ.svg,EQ
TNIDETF,Nifty India Digital Index,91.3,92.32,90.86,91.75,0.45,0.49,166410,15264789.3,92.5,103.26,74.5,-,-,-1.68238319759965,1.3476195736220025,91.3,0,-0.64,3.18,29-Aug-2025,31-Jul-2026,-,1.3476195736220025,-,-1.68238319759965,11.146620182064694,-23.154362416107382,https://nsearchives.nseindia.com/today/TNIDETFEQN.svg,https://nsearchives.nseindia.com/30d/TNIDETF-EQ.svg,https://nsearchives.nseindia.com/365d/TNIDETF-EQ.svg,EQ
ITETF,Mirae Asset Nifty IT ETF,32.9,33.41,32.71,33.36,0.62,1.89,457094,15157237.04,33.0899,42.02,27.22,-,-,-10.153514678157832,-0.2988643156007215,32.74,0,-10.42,0.52,29-Aug-2025,31-Jul-2026,-,-0.2988643156007215,-,-10.153514678157832,20.609233698238942,-22.556943423952976,https://nsearchives.nseindia.com/today/ITETFEQN.svg,https://nsearchives.nseindia.com/30d/ITETF-EQ.svg,https://nsearchives.nseindia.com/365d/ITETF-EQ.svg,EQ
HEALTHIETF,Nifty Healthcare Index,172.77,172.77,170.56,171.4,0.33,0.19,87858,15041289.6,173.942,174.82,138.65,-,-,16.717739189649308,0.15192240271124188,171.07,0,16.3,-0.48,29-Aug-2025,31-Jul-2026,-,0.15192240271124188,-,16.717739189649308,1.9562979064180228,-23.620627479264332,https://nsearchives.nseindia.com/today/HEALTHIETFEQN.svg,https://nsearchives.nseindia.com/30d/HEALTHIETF-EQ.svg,https://nsearchives.nseindia.com/365d/HEALTHIETF-EQ.svg,EQ
HDFCPVTBAN,HDFC NIFTY Private Bank ETF,28.79,28.79,28.11,28.11,-0.15,-0.53,528261,14955068.91,28.5861,30.17,24.31,02-FEB-24,FACE VALUE SPLIT (SUB-DIVISION) - FROM RS 216.75/- PER SHARE TO RS 21.675/- PER SHARE,5.044843049327345,-0.9862627685804901,28.26,0,6.4,0.61,29-Aug-2025,31-Jul-2026,FACE VALUE SPLIT (SUB-DIVISION) - FROM RS 216.75/- PER SHARE TO RS 21.675/- PER SHARE,-0.9862627685804901,02-FEB-24,5.044843049327345,6.827974809413331,-15.631427396133281,https://nsearchives.nseindia.com/today/HDFCPVTBANEQN.svg,https://nsearchives.nseindia.com/30d/HDFCPVTBAN-EQ.svg,https://nsearchives.nseindia.com/365d/HDFCPVTBAN-EQ.svg,EQ
SILVERBND,Commodity - Silver,231,234.48,227.83,229.17,-5.13,-2.19,60699,13890359.16,235.1372,389,180,-,-,Infinity,5.661856240490572,234.3,0,0,8.08,,31-Jul-2026,-,5.661856240490572,-,Infinity,41.087403598971726,-27.316666666666663,https://nsearchives.nseindia.com/today/SILVERBNDEQN.svg,https://nsearchives.nseindia.com/30d/SILVERBND-EQ.svg,,EQ
MAHKTECH,Hang Seng TECH Total Return Index,22.63,22.63,22.05,22.59,-0.13,-0.57,606162,13638645,18.883,35.59,21,-,-,-11.481191222570533,-4.279661016949159,22.72,0,-12.11,-4.09,29-Aug-2025,31-Jul-2026,-,-4.279661016949159,-,-11.481191222570533,36.52711435796573,-7.571428571428571,https://nsearchives.nseindia.com/today/MAHKTECHEQN.svg,https://nsearchives.nseindia.com/30d/MAHKTECH-EQ.svg,https://nsearchives.nseindia.com/365d/MAHKTECH-EQ.svg,EQ
EVINDIA,Nifty EV and New Age Automotive Total Return Index,34.14,34.24,32.95,33.2,-0.27,-0.81,401981,13349789.01,33.5973,35.04,26.2,-,-,8.567691301504267,0.24154589371982307,33.47,0,11.86,1.95,29-Aug-2025,31-Jul-2026,-,0.24154589371982307,-,8.567691301504267,5.251141552511405,-26.71755725190841,https://nsearchives.nseindia.com/today/EVINDIAEQN.svg,https://nsearchives.nseindia.com/30d/EVINDIA-EQ.svg,https://nsearchives.nseindia.com/365d/EVINDIA-EQ.svg,EQ
HDFCLIQUID,HDFC Nifty 1D Rate Liquid ETF,1076.12,1076.14,1076.12,1076.12,0.12,0.01,12014,12928505.68,,1079.4,1009.91,28-FEB-25,CHANGE IN FUNDAMENTAL ATTRIBUTE OF HDFC NIFTY 1D RATE LIQUID ETF,4.909530494462633,0.3787101468201356,1076,0,4.91,0.38,29-Aug-2025,31-Jul-2026,CHANGE IN FUNDAMENTAL ATTRIBUTE OF HDFC NIFTY 1D RATE LIQUID ETF,0.3787101468201356,28-FEB-25,4.909530494462633,0.30387252177137297,-6.556029745224815,https://nsearchives.nseindia.com/today/HDFCLIQUIDEQN.svg,https://nsearchives.nseindia.com/30d/HDFCLIQUID-EQ.svg,https://nsearchives.nseindia.com/365d/HDFCLIQUID-EQ.svg,EQ
NIFTY100EW,Nifty 100 Equal Weight Index,36.09,36.09,34.76,34.97,-0.41,-1.16,346312,12138235.6,35.378,41.41,29.84,-,-,6.974609972468649,-2.2911427773120994,35.38,0,8.83,0.11,29-Aug-2025,31-Jul-2026,-,-2.2911427773120994,-,6.974609972468649,15.551799082347255,-17.191689008042893,https://nsearchives.nseindia.com/today/NIFTY100EWEQN.svg,https://nsearchives.nseindia.com/30d/NIFTY100EW-EQ.svg,https://nsearchives.nseindia.com/365d/NIFTY100EW-EQ.svg,EQ
ALPL30IETF,Nifty Alpha Low-Volatility 30 Index,27.91,28.09,27.67,27.67,-0.25,-0.90,435315,12136582.2,28.144,29.17,24.35,10-MAY-24,FACE VALUE SPLIT (SUB-DIVISION) - FROM RS 10/- PER SHARE TO RE 1/- PER SHARE,1.9528371407516623,-2.3296858453935636,27.92,0,3.37,-1.62,29-Aug-2025,31-Jul-2026,FACE VALUE SPLIT (SUB-DIVISION) - FROM RS 10/- PER SHARE TO RE 1/- PER SHARE,-2.3296858453935636,10-MAY-24,1.9528371407516623,5.142269454919438,-13.634496919917863,https://nsearchives.nseindia.com/today/ALPL30IETFEQN.svg,https://nsearchives.nseindia.com/30d/ALPL30IETF-EQ.svg,https://nsearchives.nseindia.com/365d/ALPL30IETF-EQ.svg,EQ
AONEGOLD,Domestic price of Gold,14.7,14.7,14.12,14.18,-0.17,-1.18,828122,11775894.84,14.4077,17.73,10,-,-,Infinity,6.857573474001509,14.35,0,0,8.22,,31-Jul-2026,-,6.857573474001509,-,Infinity,20.02256063169769,-41.8,https://nsearchives.nseindia.com/today/AONEGOLDEQN.svg,https://nsearchives.nseindia.com/30d/AONEGOLD-EQ.svg,,EQ
TOP10ADD,Nifty Top 10 Equal Weight Index,87.95,88.58,87.3,88.31,0.71,0.81,132712,11687945.84,87.9187,103.04,83.05,-,-,-6.332201951633431,-1.3957123715944617,87.6,0,-6.61,-0.82,29-Aug-2025,31-Jul-2026,-,-1.3957123715944617,-,-6.332201951633431,14.29541925465839,-6.3335340156532265,https://nsearchives.nseindia.com/today/TOP10ADDEQN.svg,https://nsearchives.nseindia.com/30d/TOP10ADD-EQ.svg,https://nsearchives.nseindia.com/365d/TOP10ADD-EQ.svg,EQ
ALPHAETF,Mirae Asset Nifty 200 Alpha 30 ETF,26.98,27,26.44,26.57,-0.36,-1.34,433145,11525988.45,27.1424,27.61,21.8,-,-,6.706827309236955,1.21904761904762,26.93,0,10.14,2.86,29-Aug-2025,31-Jul-2026,-,1.21904761904762,-,6.706827309236955,3.76675117710974,-21.880733944954127,https://nsearchives.nseindia.com/today/ALPHAETFEQN.svg,https://nsearchives.nseindia.com/30d/ALPHAETF-EQ.svg,https://nsearchives.nseindia.com/365d/ALPHAETF-EQ.svg,EQ
TOP100CASE,Zerodha Nifty 100 ETF,10.86,10.86,10.52,10.57,-0.03,-0.28,1084957,11478845.06,10.6101,11.57,9.48,-,-,0.4752851711026684,-2.038924930491185,10.6,0,1.73,-0.75,29-Aug-2025,31-Jul-2026,-,-2.038924930491185,-,0.4752851711026684,8.64304235090752,-11.497890295358648,https://nsearchives.nseindia.com/today/TOP100CASEEQN.svg,https://nsearchives.nseindia.com/30d/TOP100CASE-EQ.svg,https://nsearchives.nseindia.com/365d/TOP100CASE-EQ.svg,EQ
HDFCGROWTH,HDFC NIFTY Growth Sectors 15 ETF,121.08,121.78,119.13,119.91,-1.32,-1.09,93296,11248698.72,121.9529,133.3,107.86,-,-,-1.8096953815918833,-2.7888123226590986,121.23,0,0.48,-0.48,29-Aug-2025,31-Jul-2026,-,-2.7888123226590986,-,-1.8096953815918833,10.045011252813213,-11.171889486371219,https://nsearchives.nseindia.com/today/HDFCGROWTHEQN.svg,https://nsearchives.nseindia.com/30d/HDFCGROWTH-EQ.svg,https://nsearchives.nseindia.com/365d/HDFCGROWTH-EQ.svg,EQ
GROWWRAIL,Nifty India Railways PSU Index,28.44,28.44,28.1,28.23,0.02,0.07,393033,11071739.61,28.163,36.75,27.8,-,-,-16.627288836385112,-5.2048354600402975,28.21,0,-14.9,-2.79,29-Aug-2025,31-Jul-2026,-,-5.2048354600402975,-,-16.627288836385112,23.183673469387756,-1.5467625899280566,https://nsearchives.nseindia.com/today/GROWWRAILEQN.svg,https://nsearchives.nseindia.com/30d/GROWWRAIL-EQ.svg,https://nsearchives.nseindia.com/365d/GROWWRAIL-EQ.svg,EQ
LICMFGOLD,Gold,139.75,139.75,136.7,137.75,-1.15,-0.83,76250,10525550,,162,93.18,06-MAR-26,FACE VALUE SPLIT (SUB-DIVISION) - FROM RS 100/- PER SHARE TO RE 1/- PER SHARE,-98.5471784676556,7.785602503912365,138.9,0,-98.5,9.03,29-Aug-2025,31-Jul-2026,FACE VALUE SPLIT (SUB-DIVISION) - FROM RS 100/- PER SHARE TO RE 1/- PER SHARE,7.785602503912365,06-MAR-26,-98.5471784676556,14.969135802469136,-47.83215282249409,https://nsearchives.nseindia.com/today/LICMFGOLDEQN.svg,https://nsearchives.nseindia.com/30d/LICMFGOLD-EQ.svg,https://nsearchives.nseindia.com/365d/LICMFGOLD-EQ.svg,EQ
AONESILVER,Domestic price of Silver,8.93,9.02,8.66,8.73,-0.19,-2.13,1182475,10382130.5,8.9638,12,7.43,-,-,Infinity,5.434782608695666,8.92,0,0,7.73,,31-Jul-2026,-,5.434782608695666,-,Infinity,27.249999999999996,-17.496635262449537,https://nsearchives.nseindia.com/today/AONESILVEREQN.svg,https://nsearchives.nseindia.com/30d/AONESILVER-EQ.svg,,EQ
NIFTY1,Nifty 50,267.32,268.31,266.14,267.03,-0.29,-0.11,37590,10042544.4,267.4687,295.8,244.8,27-JUL-17, FACE VALUE SPLIT (SUB-DIVISION) - FROM RS 10/- PER SHARE TO RS 1/- PER SHARE,-1.1329556814395212,-1.8452490351038553,267.32,0,-0.09,-1.04,29-Aug-2025,31-Jul-2026, FACE VALUE SPLIT (SUB-DIVISION) - FROM RS 10/- PER SHARE TO RS 1/- PER SHARE,-1.8452490351038553,27-JUL-17,-1.1329556814395212,9.726166328600417,-9.080882352941162,https://nsearchives.nseindia.com/today/NIFTY1EQN.svg,https://nsearchives.nseindia.com/30d/NIFTY1-EQ.svg,https://nsearchives.nseindia.com/365d/NIFTY1-EQ.svg,EQ
FINIETF,ICICI Prudential Nifty Financial Services Ex-Bank ETF,33.09,33.09,32.56,32.76,-0.23,-0.70,303728,9944054.72,33.3113,34.56,27.4,-,-,11.923471130850695,-3.076923076923075,32.99,0,14.43,-1.64,29-Aug-2025,31-Jul-2026,-,-3.076923076923075,-,11.923471130850695,5.2083333333333455,-19.56204379562044,https://nsearchives.nseindia.com/today/FINIETFEQN.svg,https://nsearchives.nseindia.com/30d/FINIETF-EQ.svg,https://nsearchives.nseindia.com/365d/FINIETF-EQ.svg,EQ
MIDCAP,Nifty Midcap 50 Index,18.69,19.2,18.6,18.7,0.01,0.05,504064,9415915.52,18.8994,19.27,15.01,27-FEB-26,FACE VALUE SPLIT (SUB-DIVISION) - FROM RS 10/- PER SHARE TO RE 1/- PER SHARE,-88.54166666666667,0.4836109618484678,18.69,0,-88.36,1.14,29-Aug-2025,31-Jul-2026,FACE VALUE SPLIT (SUB-DIVISION) - FROM RS 10/- PER SHARE TO RE 1/- PER SHARE,0.4836109618484678,27-FEB-26,-88.54166666666667,2.957965749870266,-24.583610926049296,https://nsearchives.nseindia.com/today/MIDCAPEQN.svg,https://nsearchives.nseindia.com/30d/MIDCAP-EQ.svg,https://nsearchives.nseindia.com/365d/MIDCAP-EQ.svg,EQ
INSUREIETF,BSE Insurance Index,15.3,15.75,15.15,15.23,-0.07,-0.46,586610,8975133,15.3002,16.46,15.15,-,-,Infinity,Infinity,15.3,0,0,0,,,-,Infinity,-,Infinity,7.472660996354802,-0.5280528052805286,https://nsearchives.nseindia.com/today/INSUREIETFEQN.svg,,,EQ
NIFTYCASE,Nifty Index 50 Index,9.8,9.8,9.62,9.68,-0.07,-0.72,906948,8761117.68,9.6745,11.61,8.84,-,-,Infinity,-1.7258883248730958,9.75,0,0,-0.31,,31-Jul-2026,-,-1.7258883248730958,-,Infinity,16.623600344530576,-9.502262443438912,https://nsearchives.nseindia.com/today/NIFTYCASEEQN.svg,https://nsearchives.nseindia.com/30d/NIFTYCASE-EQ.svg,,EQ
SETFNIFBK,Nifty Bank,590.75,593.94,587.5,590.85,0.1,0.02,14744,8711344.96,596.8821,646.11,465.64,02-NOV-17, DIVIDEND - RS 3.50 PER UNIT,6.751824817518249,-0.5436978184756293,590.75,0,7.33,0.47,29-Aug-2025,31-Jul-2026, DIVIDEND - RS 3.50 PER UNIT,-0.5436978184756293,02-NOV-17,6.751824817518249,8.552723220504246,-26.889872004123365,https://nsearchives.nseindia.com/today/SETFNIFBKEQN.svg,https://nsearchives.nseindia.com/30d/SETFNIFBK-EQ.svg,https://nsearchives.nseindia.com/365d/SETFNIFBK-EQ.svg,EQ
AONELIQUID,Nifty 1D Rate Index,1075.03,1075.05,1075.03,1075.04,0.15,0.01,8005,8605615.15,1074.9022,1094.59,997.56,-,-,5.033609504455212,0.3828412422731347,1074.89,0,5.03,0.38,29-Aug-2025,31-Jul-2026,-,0.3828412422731347,-,5.033609504455212,1.7860568797449232,-7.7669513613216274,https://nsearchives.nseindia.com/today/AONELIQUIDEQN.svg,https://nsearchives.nseindia.com/30d/AONELIQUID-EQ.svg,https://nsearchives.nseindia.com/365d/AONELIQUID-EQ.svg,EQ
OILIETF,Nifty Oil & Gas Index,11.22,11.33,11.2,11.23,0.01,0.09,736794,8311036.32,11.2764,14,9.8,-,-,1.2623985572587968,-1.921397379912654,11.22,0,2.47,-1.75,29-Aug-2025,31-Jul-2026,-,-1.921397379912654,-,1.2623985572587968,19.78571428571428,-14.591836734693874,https://nsearchives.nseindia.com/today/OILIETFEQN.svg,https://nsearchives.nseindia.com/30d/OILIETF-EQ.svg,https://nsearchives.nseindia.com/365d/OILIETF-EQ.svg,EQ
MOVALUE,Motilal Oswal S&P BSE Enhanced Value ETF,112.88,113.29,112,112,-0.31,-0.28,72313,8138828.15,112.7566,128.77,98.1,-,-,11.476062506220762,-2.8115237764665,112.31,0,13.96,-1.77,29-Aug-2025,31-Jul-2026,-,-2.8115237764665,-,11.476062506220762,13.023219694028118,-14.169215086646284,https://nsearchives.nseindia.com/today/MOVALUEEQN.svg,https://nsearchives.nseindia.com/30d/MOVALUE-EQ.svg,https://nsearchives.nseindia.com/365d/MOVALUE-EQ.svg,EQ
UNIONGOLD,Commodity Gold,154.35,154.35,147.75,148.5,-2.1,-1.39,52992,7981125.12,150.9496,177,101.45,-,-,44.595910418695226,6.988472622478377,150.6,0,49.18,8.7,29-Aug-2025,31-Jul-2026,-,6.988472622478377,-,44.595910418695226,16.10169491525424,-46.37752587481518,https://nsearchives.nseindia.com/today/UNIONGOLDEQN.svg,https://nsearchives.nseindia.com/30d/UNIONGOLD-EQ.svg,https://nsearchives.nseindia.com/365d/UNIONGOLD-EQ.svg,EQ
BANKBETA,Nifty Bank,58.87,59.77,58.87,59.49,0.03,0.05,128807,7662728.43,60.1064,73.7,51.3,17-FEB-21, FACE VALUE SPLIT (SUB-DIVISION) - FROM RS 10/- PER UNIT TO RE 1/- PER UNIT,Infinity,-0.43514644351464105,59.46,0,0,0.58,,31-Jul-2026, FACE VALUE SPLIT (SUB-DIVISION) - FROM RS 10/- PER UNIT TO RE 1/- PER UNIT,-0.43514644351464105,17-FEB-21,Infinity,19.280868385345997,-15.964912280701764,https://nsearchives.nseindia.com/today/BANKBETAEQN.svg,https://nsearchives.nseindia.com/30d/BANKBETA-EQ.svg,,EQ
MIDSELIETF,S&P BSE Midcap Select Index,20.38,20.39,19.5,20.01,-0.04,-0.20,381010,7631630.3,20.1219,20.39,14.55,10-MAY-24,FACE VALUE SPLIT (SUB-DIVISION) - FROM RS 10/- PER SHARE TO RE 1/- PER SHARE,15.1986183074266,1.5220700152207036,20.05,0,17.6,2.3,29-Aug-2025,31-Jul-2026,FACE VALUE SPLIT (SUB-DIVISION) - FROM RS 10/- PER SHARE TO RE 1/- PER SHARE,1.5220700152207036,10-MAY-24,15.1986183074266,1.8636586562040167,-37.5257731958763,https://nsearchives.nseindia.com/today/MIDSELIETFEQN.svg,https://nsearchives.nseindia.com/30d/MIDSELIETF-EQ.svg,https://nsearchives.nseindia.com/365d/MIDSELIETF-EQ.svg,EQ
MOGOLD,Domestic Price of Physical Gold,152.6,152.95,149.45,150.2,-2.4,-1.57,48636,7354735.92,152.5333,175,101.9,-,-,44.00767018216682,6.865884027036625,152.6,0,49.75,9,29-Aug-2025,31-Jul-2026,-,6.865884027036625,-,44.00767018216682,14.171428571428576,-47.399411187438645,https://nsearchives.nseindia.com/today/MOGOLDEQN.svg,https://nsearchives.nseindia.com/30d/MOGOLD-EQ.svg,https://nsearchives.nseindia.com/365d/MOGOLD-EQ.svg,EQ
CHEMICAL,Nifty Chemicals Index (TRI),30.83,30.83,29.99,30.26,0.18,0.60,231002,6960090.26,30.14,31.8,24.5,-,-,Infinity,-1.401107852720755,30.08,0,0,-0.3,,31-Jul-2026,-,-1.401107852720755,-,Infinity,4.842767295597482,-23.510204081632658,https://nsearchives.nseindia.com/today/CHEMICALEQN.svg,https://nsearchives.nseindia.com/30d/CHEMICAL-EQ.svg,,EQ
PVTBANKADD,DSP Nifty Private Bank ETF,28.23,28.41,28.01,28.01,-0.15,-0.53,246374,6955138.02,28.4841,31.88,24.02,-,-,5.221637866265968,0.9005763688760806,28.16,0,6.55,0.93,29-Aug-2025,31-Jul-2026,-,0.9005763688760806,-,5.221637866265968,12.139272271016305,-16.611157368859292,https://nsearchives.nseindia.com/today/PVTBANKADDEQN.svg,https://nsearchives.nseindia.com/30d/PVTBANKADD-EQ.svg,https://nsearchives.nseindia.com/365d/PVTBANKADD-EQ.svg,EQ
HDFCMOMENT,HDFC NIFTY200 Momentum 30 ETF,31.51,31.57,30.92,31.09,-0.24,-0.77,219655,6837860.15,31.6368,33.23,27.13,20-OCT-23,FACE VALUE SPLIT (SUB-DIVISION) - FROM RS 190.61/- PER SHARE TO RS 19.061/- PER SHARE,2.337063857801188,0.7453013609850954,31.33,0,4.5,1.69,29-Aug-2025,31-Jul-2026,FACE VALUE SPLIT (SUB-DIVISION) - FROM RS 190.61/- PER SHARE TO RS 19.061/- PER SHARE,0.7453013609850954,20-OCT-23,2.337063857801188,6.439963888052956,-14.596387762624406,https://nsearchives.nseindia.com/today/HDFCMOMENTEQN.svg,https://nsearchives.nseindia.com/30d/HDFCMOMENT-EQ.svg,https://nsearchives.nseindia.com/365d/HDFCMOMENT-EQ.svg,EQ
NEXT50BETA,Nifty Next 50,79.97,79.97,78.51,78.7,-0.71,-0.89,86338,6825018.9,79.7369,82.51,64.34,25-MAR-21, FACE VALUE SPLIT (SUB-DIVISION) - FROM RS 10/- PER UNIT TO Re 1/- PER UNIT,Infinity,-0.8691270940924521,79.41,0,0,0.11,,31-Jul-2026, FACE VALUE SPLIT (SUB-DIVISION) - FROM RS 10/- PER UNIT TO Re 1/- PER UNIT,-0.8691270940924521,25-MAR-21,Infinity,4.617622106411346,-22.31893068075847,https://nsearchives.nseindia.com/today/NEXT50BETAEQN.svg,https://nsearchives.nseindia.com/30d/NEXT50BETA-EQ.svg,,EQ
CONSUMBEES,Nifty India Consumption TRI,134.44,134.44,130.86,131.68,-0.12,-0.09,51215,6741942.6,131.6759,144.38,114,-,-,-3.0624263839811516,-2.603550295857975,131.8,0,-1.83,-2.03,29-Aug-2025,31-Jul-2026,-,-2.603550295857975,-,-3.0624263839811516,8.796232165119815,-15.508771929824567,https://nsearchives.nseindia.com/today/CONSUMBEESEQN.svg,https://nsearchives.nseindia.com/30d/CONSUMBEES-EQ.svg,https://nsearchives.nseindia.com/365d/CONSUMBEES-EQ.svg,EQ
BANKETF,Mirae Asset Nifty Bank ETF,586.46,588.51,583.19,583.49,-4.21,-0.72,11328,6627333.12,592.0773,628.27,507.01,-,-,6.245561645332208,-1.0664993726474217,587.7,0,7.73,0.81,29-Aug-2025,31-Jul-2026,-,-1.0664993726474217,-,6.245561645332208,7.1275088735734595,-15.084515098321535,https://nsearchives.nseindia.com/today/BANKETFEQN.svg,https://nsearchives.nseindia.com/30d/BANKETF-EQ.svg,https://nsearchives.nseindia.com/365d/BANKETF-EQ.svg,EQ
TWCGOLDETF,Commodity,157.38,157.38,150.5,151.01,-2.54,-1.65,42681,6505011.21,153.4205,187.98,123.31,-,-,Infinity,6.660545274756306,153.55,0,0,8.63,,31-Jul-2026,-,6.660545274756306,-,Infinity,19.666985849558465,-22.463709350417638,https://nsearchives.nseindia.com/today/TWCGOLDETFEQN.svg,https://nsearchives.nseindia.com/30d/TWCGOLDETF-EQ.svg,,EQ
MOMIDMTM,Nifty Midcap 150 Momentum 50 Total Return Index,65.48,65.48,64.23,64.7,-0.03,-0.05,99461,6458002.73,66.1359,70,54.78,-,-,4.930262731106076,1.4106583072100403,64.73,0,6.94,1.19,29-Aug-2025,31-Jul-2026,-,1.4106583072100403,-,4.930262731106076,7.5714285714285685,-18.1087988316904,https://nsearchives.nseindia.com/today/MOMIDMTMEQN.svg,https://nsearchives.nseindia.com/30d/MOMIDMTM-EQ.svg,https://nsearchives.nseindia.com/365d/MOMIDMTM-EQ.svg,EQ
BSE500IETF,S&P BSE 500 index,39.67,39.7,39.42,39.53,-0.14,-0.35,160624,6357497.92,39.6061,42.05,34.5,28-OCT-21, FACE VALUE SPLIT (SUB-DIVISION) - FROM RS 10/- PER SHARE TO RE 1/- PER SHARE,3.1845471156356013,-1.1749999999999972,39.67,0,4.31,0.23,29-Aug-2025,31-Jul-2026, FACE VALUE SPLIT (SUB-DIVISION) - FROM RS 10/- PER SHARE TO RE 1/- PER SHARE,-1.1749999999999972,28-OCT-21,3.1845471156356013,5.992865636147434,-14.579710144927539,https://nsearchives.nseindia.com/today/BSE500IETFEQN.svg,https://nsearchives.nseindia.com/30d/BSE500IETF-EQ.svg,https://nsearchives.nseindia.com/365d/BSE500IETF-EQ.svg,EQ
BANKPSU,Nifty PSU Bank Total Return Index,86,86.51,85.5,85.7,-0.55,-0.64,72011,6213829.19,86.8647,99.52,67.94,-,-,25.200876552227903,0.4336106879175021,86.25,0,27.14,2.06,29-Aug-2025,31-Jul-2026,-,0.4336106879175021,-,25.200876552227903,13.886655948553049,-26.140712393288204,https://nsearchives.nseindia.com/today/BANKPSUEQN.svg,https://nsearchives.nseindia.com/30d/BANKPSU-EQ.svg,https://nsearchives.nseindia.com/365d/BANKPSU-EQ.svg,EQ
PSUBNKIETF,ICICI Prudential Nifty PSU Bank ETF,86.47,87.1,86.01,86.1,-0.44,-0.51,68390,5917102.8,87.363,104,67.86,-,-,24.764526880162276,0.5841121495327103,86.54,0,26.45,2.09,29-Aug-2025,31-Jul-2026,-,0.5841121495327103,-,24.764526880162276,17.211538461538467,-26.878868258178596,https://nsearchives.nseindia.com/today/PSUBNKIETFEQN.svg,https://nsearchives.nseindia.com/30d/PSUBNKIETF-EQ.svg,https://nsearchives.nseindia.com/365d/PSUBNKIETF-EQ.svg,EQ
VAL30IETF,Nifty200 Value 30 Index,15.06,15.24,15.03,15.13,0.05,0.33,382469,5782931.28,15.1421,17.7,12.27,-,-,18.203125,-2.5128865979381367,15.08,0,19.78,-2.2,29-Aug-2025,31-Jul-2026,-,-2.5128865979381367,-,18.203125,14.519774011299425,-23.30888345558273,https://nsearchives.nseindia.com/today/VAL30IETFEQN.svg,https://nsearchives.nseindia.com/30d/VAL30IETF-EQ.svg,https://nsearchives.nseindia.com/365d/VAL30IETF-EQ.svg,EQ
ITADD,DSP Nifty IT ETF,32.58,33.39,32.58,33.2,0.6,1.84,173677,5773023.48,33.1011,41.92,27.17,-,-,Infinity,-0.0602046959662734,32.6,0,0,0.03,,31-Jul-2026,-,-0.0602046959662734,-,Infinity,20.80152671755725,-22.193595877806406,https://nsearchives.nseindia.com/today/ITADDEQN.svg,https://nsearchives.nseindia.com/30d/ITADD-EQ.svg,,EQ
HDFCMID150,HDFC NIFTY Midcap 150 ETF,23.8,23.95,23.49,23.57,-0.07,-0.30,244263,5764606.8,23.8465,25.2,19.42,20-OCT-23,FACE VALUE SPLIT (SUB-DIVISION) - FROM RS 115.95/- PER SHARE TO RS 11.59/- PER SHARE,10.346441947565546,-0.4224757076468163,23.64,0,12.46,1.11,29-Aug-2025,31-Jul-2026,FACE VALUE SPLIT (SUB-DIVISION) - FROM RS 115.95/- PER SHARE TO RS 11.59/- PER SHARE,-0.4224757076468163,20-OCT-23,10.346441947565546,6.468253968253964,-21.36972193614829,https://nsearchives.nseindia.com/today/HDFCMID150EQN.svg,https://nsearchives.nseindia.com/30d/HDFCMID150-EQ.svg,https://nsearchives.nseindia.com/365d/HDFCMID150-EQ.svg,EQ
PVTBANK,Index,28.02,28.02,27.63,27.92,-0.04,-0.14,206212,5716196.64,28.095,28.33,27.01,-,-,Infinity,0.21536252692032404,27.96,0,0,1.67,,31-Jul-2026,-,0.21536252692032404,-,Infinity,1.4472290857747852,-3.3691225472047392,https://nsearchives.nseindia.com/today/PVTBANKEQN.svg,https://nsearchives.nseindia.com/30d/PVTBANK-EQ.svg,,EQ
SELECTIPO,BSE Select IPO Index,49.01,49.01,48.48,48.55,-0.35,-0.72,115293,5629757.19,49.0355,52.07,37.8,-,-,-0.8374183006536023,2.0601219255833443,48.9,0,1.28,4.24,29-Aug-2025,31-Jul-2026,-,2.0601219255833443,-,-0.8374183006536023,6.760130593431925,-28.43915343915344,https://nsearchives.nseindia.com/today/SELECTIPOEQN.svg,https://nsearchives.nseindia.com/30d/SELECTIPO-EQ.svg,https://nsearchives.nseindia.com/365d/SELECTIPO-EQ.svg,EQ
NIFTYBETA,Nifty 50,268.24,268.31,265.8,266.72,-0.82,-0.31,19930,5317921.9,267.2126,297.48,244.9,25-SEP-23,FACE VALUE SPLIT (SUB-DIVISION) - FROM RS 10/- PER SHARE TO RE 1/- PER SHARE,Infinity,-1.973611672608309,267.54,0,0,-1.02,,31-Jul-2026,FACE VALUE SPLIT (SUB-DIVISION) - FROM RS 10/- PER SHARE TO RE 1/- PER SHARE,-1.973611672608309,25-SEP-23,Infinity,10.34019093720586,-8.909759085340964,https://nsearchives.nseindia.com/today/NIFTYBETAEQN.svg,https://nsearchives.nseindia.com/30d/NIFTYBETA-EQ.svg,,EQ
GROWWNIFTY,Nifty 50 Index - TRI,9.88,9.88,9.71,9.75,0.01,0.10,530939,5171345.86,9.7384,11.88,8.93,-,-,-1.2158054711246122,-1.415571284125385,9.74,0,-0.71,-1.12,29-Aug-2025,31-Jul-2026,-,-1.415571284125385,-,-1.2158054711246122,17.929292929292934,-9.182530795072791,https://nsearchives.nseindia.com/today/GROWWNIFTYEQN.svg,https://nsearchives.nseindia.com/30d/GROWWNIFTY-EQ.svg,https://nsearchives.nseindia.com/365d/GROWWNIFTY-EQ.svg,EQ
GROWWNET,Index,11.04,11.04,10.69,10.77,-0.07,-0.65,471216,5093844.96,10.9501,11.4,7.93,-,-,0.7483629560336771,4.46168768186226,10.84,0,3.44,7.97,29-Aug-2025,31-Jul-2026,-,4.46168768186226,-,0.7483629560336771,5.526315789473691,-35.81336696090795,https://nsearchives.nseindia.com/today/GROWWNETEQN.svg,https://nsearchives.nseindia.com/30d/GROWWNET-EQ.svg,https://nsearchives.nseindia.com/365d/GROWWNET-EQ.svg,EQ
GROWWCAPM,Nifty Capital Markets Index,11.5,11.57,11.31,11.33,-0.17,-1.48,435784,4972295.44,11.5741,12.66,8.02,-,-,Infinity,1.8884892086331013,11.5,0,0,2.5,,31-Jul-2026,-,1.8884892086331013,-,Infinity,10.505529225908372,-41.27182044887781,https://nsearchives.nseindia.com/today/GROWWCAPMEQN.svg,https://nsearchives.nseindia.com/30d/GROWWCAPM-EQ.svg,,EQ
MOMENTUM,Aditya Birla Sun Life Nifty 200 Momentum 30 ETF,31.49,31.5,30.76,30.78,-0.71,-2.25,159386,4953716.88,31.7404,33,27.05,-,-,1.2833168805528152,-0.48496605237632906,31.49,0,4.62,1.91,29-Aug-2025,31-Jul-2026,-,-0.48496605237632906,-,1.2833168805528152,6.727272727272724,-13.78927911275416,https://nsearchives.nseindia.com/today/MOMENTUMEQN.svg,https://nsearchives.nseindia.com/30d/MOMENTUM-EQ.svg,https://nsearchives.nseindia.com/365d/MOMENTUM-EQ.svg,EQ
SBIETFIT,Nifty IT Index,344.15,349.73,342.76,346.16,2.02,0.59,13596,4733583.36,346.0955,439.27,285,-,-,-10.967078189300407,-1.0603938605767798,344.14,0,-10.24,1.07,29-Aug-2025,31-Jul-2026,-,-1.0603938605767798,-,-10.967078189300407,21.196530607598962,-21.459649122807026,https://nsearchives.nseindia.com/today/SBIETFITEQN.svg,https://nsearchives.nseindia.com/30d/SBIETFIT-EQ.svg,https://nsearchives.nseindia.com/365d/SBIETFIT-EQ.svg,EQ
HDFCNIFBAN,Nifty Bank,59.15,59.5,58.87,59.33,0.18,0.30,79841,4727385.61,59.8188,65.54,51.2,02-FEB-24,FACE VALUE SPLIT (SUB-DIVISION) - FROM RS 223.31/- PER SHARE TO RS 22.331/- PER SHARE,6.881642947216718,0.5593220338983022,59.15,0,7.37,0.41,29-Aug-2025,31-Jul-2026,FACE VALUE SPLIT (SUB-DIVISION) - FROM RS 223.31/- PER SHARE TO RS 22.331/- PER SHARE,0.5593220338983022,02-FEB-24,6.881642947216718,9.475129691791285,-15.878906249999991,https://nsearchives.nseindia.com/today/HDFCNIFBANEQN.svg,https://nsearchives.nseindia.com/30d/HDFCNIFBAN-EQ.svg,https://nsearchives.nseindia.com/365d/HDFCNIFBAN-EQ.svg,EQ
SMALL250,Nifty Smallcap 250,17.97,18.85,17.97,18.45,0.01,0.05,252304,4644916.64,18.4351,19.95,14.16,-,-,Infinity,0.9299781181619154,18.44,0,0,2.62,,31-Jul-2026,-,0.9299781181619154,-,Infinity,7.518796992481203,-30.29661016949152,https://nsearchives.nseindia.com/today/SMALL250EQN.svg,https://nsearchives.nseindia.com/30d/SMALL250-EQ.svg,,EQ
EBBETF0433,BHARAT Bond ETF-April 2033,1312.5,1312.5,1304.11,1310.99,3.08,0.24,3469,4540331.27,1306.0822,1345.89,1243.25,-,-,5.17959291737201,-0.6246067781963728,1307.91,0,5.09,-0.69,29-Aug-2025,31-Jul-2026,-,-0.6246067781963728,-,5.17959291737201,2.5930796721871836,-5.448622561833904,https://nsearchives.nseindia.com/today/EBBETF0433EQN.svg,https://nsearchives.nseindia.com/30d/EBBETF0433-EQ.svg,https://nsearchives.nseindia.com/365d/EBBETF0433-EQ.svg,EQ
SENSEXIETF,SENSEX,881.91,890,881.91,883.5,-3.52,-0.40,4948,4379672.72,885.6873,999.84,731,-,-,-3.6784265841001274,-1.6978948773866205,887.02,0,-2.84,-1.06,29-Aug-2025,31-Jul-2026,-,-1.6978948773866205,-,-3.6784265841001274,11.635861737878063,-20.861833105335158,https://nsearchives.nseindia.com/today/SENSEXIETFEQN.svg,https://nsearchives.nseindia.com/30d/SENSEXIETF-EQ.svg,https://nsearchives.nseindia.com/365d/SENSEXIETF-EQ.svg,EQ
HDFCNIMEG,Nifty Metal Index TRI,132.39,133.39,131.16,132.07,-0.22,-0.17,32828,4324432.44,131.8769,152.55,126.96,-,-,Infinity,1.0482019892884504,132.29,0,0,3.97,,31-Jul-2026,-,1.0482019892884504,-,Infinity,13.425106522451665,-4.024889729048519,https://nsearchives.nseindia.com/today/HDFCNIMEGEQN.svg,https://nsearchives.nseindia.com/30d/HDFCNIMEG-EQ.svg,,EQ
NIF100BEES,Nifty 100 TRI,270.97,270.97,265.6,267.25,-1.04,-0.39,15629,4176693.96,267.936,290,240,-,-,-0.003741674773625273,-1.1283758786533522,268.29,0,1.31,-0.66,29-Aug-2025,31-Jul-2026,-,-1.1283758786533522,-,-0.003741674773625273,7.844827586206897,-11.354166666666666,https://nsearchives.nseindia.com/today/NIF100BEESEQN.svg,https://nsearchives.nseindia.com/30d/NIF100BEES-EQ.svg,https://nsearchives.nseindia.com/365d/NIF100BEES-EQ.svg,EQ
EVIETF,Nifty EV & New Age Automotive ETF,33.6,33.63,32.92,33.29,-0.25,-0.75,124434,4131208.8,33.5479,36,26.28,-,-,8.968903436988537,0.36177268616218705,33.54,0,12.02,2.29,29-Aug-2025,31-Jul-2026,-,0.36177268616218705,-,8.968903436988537,7.527777777777781,-26.67427701674276,https://nsearchives.nseindia.com/today/EVIETFEQN.svg,https://nsearchives.nseindia.com/30d/EVIETF-EQ.svg,https://nsearchives.nseindia.com/365d/EVIETF-EQ.svg,EQ
GOLDBND,Commodity - Gold,157.22,157.22,150.8,150.94,-2.45,-1.60,26819,4079706.28,154.0328,180.16,115.17,-,-,Infinity,6.333215921098986,153.39,0,0,8.05,,31-Jul-2026,-,6.333215921098986,-,Infinity,16.21891651865009,-31.058435356429623,https://nsearchives.nseindia.com/today/GOLDBNDEQN.svg,https://nsearchives.nseindia.com/30d/GOLDBND-EQ.svg,,EQ
SBIVALETF,Nifty200 Value 30 Index,15,15,14.62,14.7,-0.36,-2.39,276895,4059280.7,14.6977,17.7,14.43,-,-,Infinity,-2.713434811383191,15.06,0,0,0.6,,31-Jul-2026,-,-2.713434811383191,-,Infinity,16.949152542372882,-1.871101871101868,https://nsearchives.nseindia.com/today/SBIVALETFEQN.svg,https://nsearchives.nseindia.com/30d/SBIVALETF-EQ.svg,,EQ
BFSI,Nifty Financial Services Index,27.24,27.24,26.94,27.03,-0.19,-0.70,146614,3971773.26,27.3658,29.94,24.03,-,-,1.5401953418482348,-3.118279569892464,27.22,0,2.91,-1.41,29-Aug-2025,31-Jul-2026,-,-3.118279569892464,-,1.5401953418482348,9.719438877755511,-12.484394506866417,https://nsearchives.nseindia.com/today/BFSIEQN.svg,https://nsearchives.nseindia.com/30d/BFSI-EQ.svg,https://nsearchives.nseindia.com/365d/BFSI-EQ.svg,EQ
ABSLBANETF,Nifty Bank,59.3,59.31,58.7,59.18,0.29,0.49,65505,3866760.15,59.5738,64.94,50.97,25-NOV-21, FACE VALUE SPLIT (SUB-DIVISION) - FROM RS 10/- PER SHARE TO RE 1/- PER SHARE,7.1519101937352945,0.06763611768684333,58.89,0,7.5,0.49,29-Aug-2025,31-Jul-2026, FACE VALUE SPLIT (SUB-DIVISION) - FROM RS 10/- PER SHARE TO RE 1/- PER SHARE,0.06763611768684333,25-NOV-21,7.1519101937352945,8.869725900831533,-16.107514224053368,https://nsearchives.nseindia.com/today/ABSLBANETFEQN.svg,https://nsearchives.nseindia.com/30d/ABSLBANETF-EQ.svg,https://nsearchives.nseindia.com/365d/ABSLBANETF-EQ.svg,EQ
SILVER360,Commodity-Silver,229.78,230.79,224.24,224.53,-4.61,-2.01,16764,3826383,230.8579,358,120,-,-,83.17017457986621,5.760715967969849,229.14,0,96.53,7.95,29-Aug-2025,31-Jul-2026,-,5.760715967969849,-,83.17017457986621,37.28212290502793,-87.10833333333333,https://nsearchives.nseindia.com/today/SILVER360EQN.svg,https://nsearchives.nseindia.com/30d/SILVER360-EQ.svg,https://nsearchives.nseindia.com/365d/SILVER360-EQ.svg,EQ
INTERNET,Equity Index,15,15,14.51,14.54,-0.09,-0.62,258856,3789651.84,14.7917,15.45,10.72,-,-,0.9021512838306662,4.454022988505741,14.63,0,3.39,7.73,29-Aug-2025,31-Jul-2026,-,4.454022988505741,-,0.9021512838306662,5.889967637540455,-35.63432835820894,https://nsearchives.nseindia.com/today/INTERNETEQN.svg,https://nsearchives.nseindia.com/30d/INTERNET-EQ.svg,https://nsearchives.nseindia.com/365d/INTERNET-EQ.svg,EQ
GROWWMOM50,Nifty 500 Momentum 50 Index- Total Return Index,11.33,11.33,10.93,11.05,-0.07,-0.63,343659,3787122.18,11.2004,11.55,9.12,-,-,7.699805068226129,2.7906976744186114,11.12,0,10.1,4.22,29-Aug-2025,31-Jul-2026,-,2.7906976744186114,-,7.699805068226129,4.329004329004329,-21.162280701754405,https://nsearchives.nseindia.com/today/GROWWMOM50EQN.svg,https://nsearchives.nseindia.com/30d/GROWWMOM50-EQ.svg,https://nsearchives.nseindia.com/365d/GROWWMOM50-EQ.svg,EQ
NV20IETF,Nifty50 Value 20,13.83,13.83,13.5,13.54,-0.02,-0.15,278349,3782762.91,13.5949,16,12.5,01-MAR-24,FACE VALUE SPLIT (SUB-DIVISION) - FROM RS 10/- PER SHARE TO RE 1/- PER SHARE,-5.9068797776233595,-2.51979841612672,13.56,0,-4.91,-1.6,29-Aug-2025,31-Jul-2026,FACE VALUE SPLIT (SUB-DIVISION) - FROM RS 10/- PER SHARE TO RE 1/- PER SHARE,-2.51979841612672,01-MAR-24,-5.9068797776233595,15.375000000000005,-8.319999999999993,https://nsearchives.nseindia.com/today/NV20IETFEQN.svg,https://nsearchives.nseindia.com/30d/NV20IETF-EQ.svg,https://nsearchives.nseindia.com/365d/NV20IETF-EQ.svg,EQ
MAKEINDIA,Nifty India Manufacturing Total Return Index,169.98,169.98,166.11,166.34,-1.28,-0.76,22257,3719589.84,168.8308,173.11,140.12,-,-,13.133374141331702,-0.5678761432243342,167.62,0,15.74,0.82,29-Aug-2025,31-Jul-2026,-,-0.5678761432243342,-,13.133374141331702,3.910808156663399,-18.712532115329715,https://nsearchives.nseindia.com/today/MAKEINDIAEQN.svg,https://nsearchives.nseindia.com/30d/MAKEINDIA-EQ.svg,https://nsearchives.nseindia.com/365d/MAKEINDIA-EQ.svg,EQ
NIFTYQLITY,Aditya Birla Sun Life Nifty 200 Quality 30 ETF,21.55,21.63,21.34,21.5,0.05,0.23,168194,3622898.76,21.5993,23.03,18.95,-,-,0.27985074626865075,-0.8759797141539939,21.45,0,-0.09,-0.6,29-Aug-2025,31-Jul-2026,-,-0.8759797141539939,-,0.27985074626865075,6.643508467216678,-13.456464379947233,https://nsearchives.nseindia.com/today/NIFTYQLITYEQN.svg,https://nsearchives.nseindia.com/30d/NIFTYQLITY-EQ.svg,https://nsearchives.nseindia.com/365d/NIFTYQLITY-EQ.svg,EQ
GROWWMETAL,Nifty Metal Index,12.74,12.74,12.43,12.58,-0.04,-0.32,286061,3610089.82,12.5771,13.45,10.03,-,-,Infinity,2.7777777777777763,12.62,0,0,3.95,,31-Jul-2026,-,2.7777777777777763,-,Infinity,6.468401486988841,-25.42372881355933,https://nsearchives.nseindia.com/today/GROWWMETALEQN.svg,https://nsearchives.nseindia.com/30d/GROWWMETAL-EQ.svg,,EQ
HDFCSENSEX,SENSEX,87.01,88.6,87.01,87.58,0.29,0.33,39852,3489839.64,87.3813,98.48,80.9,02-FEB-24,FACE VALUE SPLIT (SUB-DIVISION) - FROM RS 250.361/- PER SHARE TO RS 25.0361/- PER SHARE,-3.1730237700387005,-1.6176140193214983,87.29,0,-2.92,-1.29,29-Aug-2025,31-Jul-2026,FACE VALUE SPLIT (SUB-DIVISION) - FROM RS 250.361/- PER SHARE TO RS 25.0361/- PER SHARE,-1.6176140193214983,02-FEB-24,-3.1730237700387005,11.06823720552397,-8.257107540173044,https://nsearchives.nseindia.com/today/HDFCSENSEXEQN.svg,https://nsearchives.nseindia.com/30d/HDFCSENSEX-EQ.svg,https://nsearchives.nseindia.com/365d/HDFCSENSEX-EQ.svg,EQ
HDFCPSUBK,HDFC NIFTY PSU BANK ETF,86.36,86.79,84.64,85.44,-0.7,-0.81,40291,3463414.36,87.1324,101.25,68.38,-,-,23.754345307068352,0.719085229282093,86.14,0,26.6,1.81,29-Aug-2025,31-Jul-2026,-,0.719085229282093,-,23.754345307068352,15.614814814814817,-24.948815443112025,https://nsearchives.nseindia.com/today/HDFCPSUBKEQN.svg,https://nsearchives.nseindia.com/30d/HDFCPSUBK-EQ.svg,https://nsearchives.nseindia.com/365d/HDFCPSUBK-EQ.svg,EQ
HEALTHY,Nifty Healthcare TRI,17.64,17.64,17,17.21,0,0.00,199982,3433690.94,17.4386,17.67,13.58,-,-,16.36240703177824,0.5257009345794383,17.21,0,17.07,0.06,29-Aug-2025,31-Jul-2026,-,0.5257009345794383,-,16.36240703177824,2.60328239954726,-26.73048600883653,https://nsearchives.nseindia.com/today/HEALTHYEQN.svg,https://nsearchives.nseindia.com/30d/HEALTHY-EQ.svg,https://nsearchives.nseindia.com/365d/HEALTHY-EQ.svg,EQ
MONQ50,Nasdaq Q-50 Total Return Index,145.12,145.12,145.12,145.12,-2.92,-1.97,23469,3405821.28,120.0497,151.65,79.26,-,-,71.65838656257392,3.244166192373365,148.04,0,78.99,7.62,29-Aug-2025,31-Jul-2026,-,3.244166192373365,-,71.65838656257392,4.305967688757007,-83.09361594751451,https://nsearchives.nseindia.com/today/MONQ50EQN.svg,https://nsearchives.nseindia.com/30d/MONQ50-EQ.svg,https://nsearchives.nseindia.com/365d/MONQ50-EQ.svg,EQ
LTGILTCASE,Nifty 8-13 Yr G-Sec Index,30.55,30.55,30.3,30.44,0.04,0.13,110564,3361145.6,30.3918,31.31,28.71,-,-,4.389574759945134,0,30.4,0,4.22,-0.33,29-Aug-2025,31-Jul-2026,-,0,-,4.389574759945134,2.7786649632705127,-6.025774991292234,https://nsearchives.nseindia.com/today/LTGILTCASEEQN.svg,https://nsearchives.nseindia.com/30d/LTGILTCASE-EQ.svg,https://nsearchives.nseindia.com/365d/LTGILTCASE-EQ.svg,EQ
CONSUMER,Nifty India New AgeConsumption,12.42,12.42,12.05,12.11,-0.1,-0.82,269411,3262567.21,12.2613,12.87,9.69,-,-,0.16542597187758126,-0.5747126436781632,12.21,0,2.86,1.08,29-Aug-2025,31-Jul-2026,-,-0.5747126436781632,-,0.16542597187758126,5.905205905205904,-24.97420020639835,https://nsearchives.nseindia.com/today/CONSUMEREQN.svg,https://nsearchives.nseindia.com/30d/CONSUMER-EQ.svg,https://nsearchives.nseindia.com/365d/CONSUMER-EQ.svg,EQ
AONETOTAL,Nifty Total Market Index,11.99,12.05,11.88,11.95,0.01,0.08,273082,3257868.26,11.9996,12.51,9.6,-,-,3.8227628149435233,-0.5823627287853601,11.94,0,4.83,0,29-Aug-2025,31-Jul-2026,-,-0.5823627287853601,-,3.8227628149435233,4.476418864908077,-24.479166666666664,https://nsearchives.nseindia.com/today/AONETOTALEQN.svg,https://nsearchives.nseindia.com/30d/AONETOTAL-EQ.svg,https://nsearchives.nseindia.com/365d/AONETOTAL-EQ.svg,EQ
SBIBPB,BSE PSU Bank Index TRI,49.29,49.83,49.15,49.48,0.19,0.39,61306,3034033.94,49.7189,58.27,39.07,-,-,24.22796886768767,1.0208248264597797,49.29,0,26.71,2.52,29-Aug-2025,31-Jul-2026,-,1.0208248264597797,-,24.22796886768767,15.08494937360564,-26.644484259022256,https://nsearchives.nseindia.com/today/SBIBPBEQN.svg,https://nsearchives.nseindia.com/30d/SBIBPB-EQ.svg,https://nsearchives.nseindia.com/365d/SBIBPB-EQ.svg,EQ
COMMOIETF,ICICI Prudential Nifty Commodities ETF,99.32,99.48,98.5,98.75,-0.15,-0.15,30625,3029731.25,98.7477,110.56,87.12,-,-,11.974146728654045,-2.6997733766873533,98.9,0,13.51,-1.72,29-Aug-2025,31-Jul-2026,-,-2.6997733766873533,-,11.974146728654045,10.681982633863967,-13.349403122130388,https://nsearchives.nseindia.com/today/COMMOIETFEQN.svg,https://nsearchives.nseindia.com/30d/COMMOIETF-EQ.svg,https://nsearchives.nseindia.com/365d/COMMOIETF-EQ.svg,EQ
GOLD360,Commodity-Gold,153.45,153.45,147.55,147.95,-1.8,-1.20,20057,2988493,150.5771,178,87.85,-,-,43.85026737967914,6.823104693140786,149.75,0,48.05,7.93,29-Aug-2025,31-Jul-2026,-,6.823104693140786,-,43.85026737967914,16.88202247191012,-68.41206602162777,https://nsearchives.nseindia.com/today/GOLD360EQN.svg,https://nsearchives.nseindia.com/30d/GOLD360-EQ.svg,https://nsearchives.nseindia.com/365d/GOLD360-EQ.svg,EQ
EBBETF0431,Nifty BHARAT Bond,1440.36,1440.36,1428.75,1428.75,-7.64,-0.53,2008,2874672.88,1433.1935,1469,1363,-,-,4.671863324004746,-0.7116102266172808,1436.39,0,5.16,-0.34,29-Aug-2025,31-Jul-2026,-,-0.7116102266172808,-,4.671863324004746,2.7399591558883594,-4.823917828319883,https://nsearchives.nseindia.com/today/EBBETF0431EQN.svg,https://nsearchives.nseindia.com/30d/EBBETF0431-EQ.svg,https://nsearchives.nseindia.com/365d/EBBETF0431-EQ.svg,EQ
MOENERGY,Nifty Energy Index,38.5,38.5,37.85,38,0.04,0.11,75038,2846941.72,38.102,43,33,-,-,Infinity,-2.5141097998973754,37.96,0,0,-2.52,,31-Jul-2026,-,-2.5141097998973754,-,Infinity,11.627906976744185,-15.151515151515152,https://nsearchives.nseindia.com/today/MOENERGYEQN.svg,https://nsearchives.nseindia.com/30d/MOENERGY-EQ.svg,,EQ
CEMNTGROWW,Nifty Cements Index TRI,14.89,14.98,14.52,14.64,-0.09,-0.61,191871,2810910.15,14.6789,16.27,14.5,-,-,Infinity,-5.487411233053581,14.73,0,0,-3.28,,31-Jul-2026,-,-5.487411233053581,-,Infinity,10.018438844499071,-0.9655172413793143,https://nsearchives.nseindia.com/today/CEMNTGROWWEQN.svg,https://nsearchives.nseindia.com/30d/CEMNTGROWW-EQ.svg,,EQ
MOMOMENTUM,Nifty 200 Momentum 30 Total Return Index,63.49,63.49,61.92,62.08,-0.7,-1.12,44937,2801372.58,63.4503,66.28,54.32,11-AUG-22,FACE VALUE SPLIT (SUB-DIVISION) - FROM RS 10/- PER UNIT TO RS 2/- PER UNIT,1.8874117840144404,-0.016105653084240803,62.78,0,3.91,1.42,29-Aug-2025,31-Jul-2026,FACE VALUE SPLIT (SUB-DIVISION) - FROM RS 10/- PER UNIT TO RS 2/- PER UNIT,-0.016105653084240803,11-AUG-22,1.8874117840144404,6.336753168376588,-14.285714285714281,https://nsearchives.nseindia.com/today/MOMOMENTUMEQN.svg,https://nsearchives.nseindia.com/30d/MOMOMENTUM-EQ.svg,https://nsearchives.nseindia.com/365d/MOMOMENTUM-EQ.svg,EQ
SHARIABEES,Shariah,458.53,465,458.53,464.98,6.45,1.41,5632,2597422.08,461.5114,534.61,433.68,10-MAR-14,DIVIDEND-RS.2 PER UNIT,-7.461141958723905,-2.0372906352048794,458.53,0,-7.8,-2.55,29-Aug-2025,31-Jul-2026,DIVIDEND-RS.2 PER UNIT,-2.0372906352048794,10-MAR-14,-7.461141958723905,13.0244477282505,-7.217303080612435,https://nsearchives.nseindia.com/today/SHARIABEESEQN.svg,https://nsearchives.nseindia.com/30d/SHARIABEES-EQ.svg,https://nsearchives.nseindia.com/365d/SHARIABEES-EQ.svg,EQ
MNC,Kotak Nifty MNC ETF,33.82,33.88,33.43,33.63,-0.26,-0.77,76794,2587189.86,34.0798,35.65,27.83,-,-,11.320754716981137,-2.0960698689956296,33.89,0,13.27,-0.44,29-Aug-2025,31-Jul-2026,-,-2.0960698689956296,-,11.320754716981137,5.666199158485263,-20.84081925979161,https://nsearchives.nseindia.com/today/MNCEQN.svg,https://nsearchives.nseindia.com/30d/MNC-EQ.svg,https://nsearchives.nseindia.com/365d/MNC-EQ.svg,EQ
MOHEALTH,Motilal Oswal S&P BSE Healthcare ETF,53.43,53.43,51.74,51.79,-0.34,-0.65,48012,2498544.48,52.3461,53.76,40.79,-,-,16.723011043497866,0.5240683229813587,52.13,0,17.83,0.91,29-Aug-2025,31-Jul-2026,-,0.5240683229813587,-,16.723011043497866,3.664434523809522,-26.967393969110077,https://nsearchives.nseindia.com/today/MOHEALTHEQN.svg,https://nsearchives.nseindia.com/30d/MOHEALTH-EQ.svg,https://nsearchives.nseindia.com/365d/MOHEALTH-EQ.svg,EQ
AONENIFTY,Nifty 50 Index,9.88,10.07,9.88,9.91,-0.05,-0.50,247088,2451112.96,9.9525,12,9,-,-,-1.8811881188118764,-2.171767028627844,9.96,0,-0.5,-0.9,29-Aug-2025,31-Jul-2026,-,-2.171767028627844,-,-1.8811881188118764,17.416666666666668,-10.111111111111112,https://nsearchives.nseindia.com/today/AONENIFTYEQN.svg,https://nsearchives.nseindia.com/30d/AONENIFTY-EQ.svg,https://nsearchives.nseindia.com/365d/AONENIFTY-EQ.svg,EQ
GROWWRLTY,Index,10.03,10.11,9.91,9.92,-0.13,-1.29,233558,2326237.68,10.1419,11.3,7.17,-,-,Infinity,-1.6848364717542115,10.05,0,0,-0.59,,31-Jul-2026,-,-1.6848364717542115,-,Infinity,12.21238938053098,-38.35425383542538,https://nsearchives.nseindia.com/today/GROWWRLTYEQN.svg,https://nsearchives.nseindia.com/30d/GROWWRLTY-EQ.svg,,EQ
ELM250,Nifty LargeMidcap 250 TRI,17.47,17.47,16.56,16.56,-0.49,-2.87,134603,2251908.19,16.7995,19.2,14.43,-,-,Infinity,-2.0118343195266264,17.05,0,0,2.28,,31-Jul-2026,-,-2.0118343195266264,-,Infinity,13.750000000000004,-14.760914760914753,https://nsearchives.nseindia.com/today/ELM250EQN.svg,https://nsearchives.nseindia.com/30d/ELM250-EQ.svg,,EQ
ESG,NIFTY100 ESG SECTOR LEADERS,41.21,41.41,41.03,41.14,-0.1,-0.24,52087,2144942.66,41.3025,45.06,37.52,-,-,-2.6502602934216695,-3.1316223216387997,41.24,0,-1.69,-2,29-Aug-2025,31-Jul-2026,-,-3.1316223216387997,-,-2.6502602934216695,8.699511762094987,-9.648187633262253,https://nsearchives.nseindia.com/today/ESGEQN.svg,https://nsearchives.nseindia.com/30d/ESG-EQ.svg,https://nsearchives.nseindia.com/365d/ESG-EQ.svg,EQ
FMCGADD,Nifty FMCG Index (TRI),46.83,46.86,46.48,46.78,-0.05,-0.11,45182,2109547.58,46.2329,51.09,46.48,-,-,Infinity,-6.439999999999998,46.83,0,0,-5.26,,31-Jul-2026,-,-6.439999999999998,-,Infinity,8.4360931689176,-0.6454388984509558,https://nsearchives.nseindia.com/today/FMCGADDEQN.svg,https://nsearchives.nseindia.com/30d/FMCGADD-EQ.svg,,EQ
IVZINGOLD,Gold,137.2,137.2,131.25,131.55,-2.35,-1.76,15618,2076881.64,134.1511,156,90,30-APR-26,FACE VALUE SPLIT (SUB-DIVISION) - FROM RS 100/- PER SHARE TO RE 1/- PER SHARE,-98.55795318143701,6.518218623481791,133.9,0,-98.49,8.55,29-Aug-2025,31-Jul-2026,FACE VALUE SPLIT (SUB-DIVISION) - FROM RS 100/- PER SHARE TO RE 1/- PER SHARE,6.518218623481791,30-APR-26,-98.55795318143701,15.673076923076918,-46.16666666666668,https://nsearchives.nseindia.com/today/IVZINGOLDEQN.svg,https://nsearchives.nseindia.com/30d/IVZINGOLD-EQ.svg,https://nsearchives.nseindia.com/365d/IVZINGOLD-EQ.svg,EQ
EQUAL50ADD,NIFTY 50 Equal Weight Index,343.86,345.6,342,343.72,-0.19,-0.06,5952,2043321.6,344.3606,361,304.78,-,-,5.639733226787971,-2.335625390691587,343.91,0,6.6,-1.32,29-Aug-2025,31-Jul-2026,-,-2.335625390691587,-,5.639733226787971,4.786703601108026,-12.776428899534109,https://nsearchives.nseindia.com/today/EQUAL50ADDEQN.svg,https://nsearchives.nseindia.com/30d/EQUAL50ADD-EQ.svg,https://nsearchives.nseindia.com/365d/EQUAL50ADD-EQ.svg,EQ
SENSEXETF,Mirae Asset S&P BSE Sensex ETF,79.5,79.76,79.18,79.37,-0.06,-0.08,25541,2027955.4,79.4818,88.7,73.33,-,-,-3.560145808019432,-2.313846153846148,79.43,0,-2.8,-1.27,29-Aug-2025,31-Jul-2026,-,-2.313846153846148,-,-3.560145808019432,10.518602029312285,-8.236738033546988,https://nsearchives.nseindia.com/today/SENSEXETFEQN.svg,https://nsearchives.nseindia.com/30d/SENSEXETF-EQ.svg,https://nsearchives.nseindia.com/365d/SENSEXETF-EQ.svg,EQ
NIF100IETF,Nifty 100,28.12,28.25,28,28.1,-0.03,-0.11,70667,1987156.04,28.184,30.88,23,10-MAY-24,FACE VALUE SPLIT (SUB-DIVISION) - FROM RS 10/- PER SHARE TO RE 1/- PER SHARE,0.4288777698356004,-1.8854748603351925,28.13,0,0.97,-0.88,29-Aug-2025,31-Jul-2026,FACE VALUE SPLIT (SUB-DIVISION) - FROM RS 10/- PER SHARE TO RE 1/- PER SHARE,-1.8854748603351925,10-MAY-24,0.4288777698356004,9.002590673575122,-22.173913043478265,https://nsearchives.nseindia.com/today/NIF100IETFEQN.svg,https://nsearchives.nseindia.com/30d/NIF100IETF-EQ.svg,https://nsearchives.nseindia.com/365d/NIF100IETF-EQ.svg,EQ
SENSEXBETA,SENSEX,851,858.5,848,853,-1.33,-0.16,2327,1981766.28,853.4157,952.91,785,26-FEB-21, INTERIM DIVIDEND - RS 13.56 PER UNIT,Infinity,-1.3234001203091081,854.33,0,0,-1.04,,31-Jul-2026, INTERIM DIVIDEND - RS 13.56 PER UNIT,-1.3234001203091081,26-FEB-21,Infinity,10.484725734854285,-8.662420382165605,https://nsearchives.nseindia.com/today/SENSEXBETAEQN.svg,https://nsearchives.nseindia.com/30d/SENSEXBETA-EQ.svg,,EQ
TECH,Nifty IT TRI Index,34.02,34.5,33.72,34.24,0.39,1.15,56903,1950065.81,34.1737,49.41,28,-,-,-9.965816460688927,-0.6960556844547416,33.85,0,-9.78,0.59,29-Aug-2025,31-Jul-2026,-,-0.6960556844547416,-,-9.965816460688927,30.702286986439987,-22.285714285714295,https://nsearchives.nseindia.com/today/TECHEQN.svg,https://nsearchives.nseindia.com/30d/TECH-EQ.svg,https://nsearchives.nseindia.com/365d/TECH-EQ.svg,EQ
MULTICAP,Nifty500 Multicap 50:25:25 Index,16.88,16.88,16.7,16.77,-0.03,-0.18,112844,1893522.32,16.8694,17.5,14.2,-,-,5.6710775047259,-0.9450679267572365,16.8,0,6.8,0.36,29-Aug-2025,31-Jul-2026,-,-0.9450679267572365,-,5.6710775047259,4.1714285714285735,-18.098591549295776,https://nsearchives.nseindia.com/today/MULTICAPEQN.svg,https://nsearchives.nseindia.com/30d/MULTICAP-EQ.svg,https://nsearchives.nseindia.com/365d/MULTICAP-EQ.svg,EQ
PSUBANKADD,DSP Nifty PSU Bank ETF,86.66,86.79,85.57,85.66,-0.57,-0.66,21917,1889245.4,87.0886,99.88,68.09,-,-,24.632620398661416,0.28096464528212933,86.23,0,26.64,2.1,29-Aug-2025,31-Jul-2026,-,0.28096464528212933,-,24.632620398661416,14.237084501401682,-25.80408283154647,https://nsearchives.nseindia.com/today/PSUBANKADDEQN.svg,https://nsearchives.nseindia.com/30d/PSUBANKADD-EQ.svg,https://nsearchives.nseindia.com/365d/PSUBANKADD-EQ.svg,EQ
GROWWCHEM,Nifty Chemicals Index - TRI,30.78,30.78,29.91,30,-0.59,-1.93,60572,1822005.76,30.0798,31.74,24.64,-,-,Infinity,-1.4778325123152687,30.59,0,0,1.16,,31-Jul-2026,-,-1.4778325123152687,-,Infinity,5.482041587901696,-21.753246753246753,https://nsearchives.nseindia.com/today/GROWWCHEMEQN.svg,https://nsearchives.nseindia.com/30d/GROWWCHEM-EQ.svg,,EQ
NIFTYAXIS,Nifty 50,269.68,269.68,265.35,266.18,-0.83,-0.31,6834,1819620.84,266.7612,296.38,244,23-JUL-20, FACE VALUE SPLIT (SUB-DIVISION) - FROM RS 100/- PER SHARE TO RS 10/- PER SHARE,Infinity,-2.0857090307154738,267.01,0,0,-0.85,,31-Jul-2026, FACE VALUE SPLIT (SUB-DIVISION) - FROM RS 100/- PER SHARE TO RS 10/- PER SHARE,-2.0857090307154738,23-JUL-20,Infinity,10.189621431945472,-9.090163934426233,https://nsearchives.nseindia.com/today/NIFTYAXISEQN.svg,https://nsearchives.nseindia.com/30d/NIFTYAXIS-EQ.svg,,EQ
GSEC10IETF,ICICI Prudential Nifty 10 yr Benchmark G-Sec ETF,265.05,265.05,262.01,263.5,-2.21,-0.83,6819,1794351.66,263.3118,269.59,252.23,-,-,3.2685373883053783,-0.47966159308078027,265.71,0,4.13,1.5,29-Aug-2025,31-Jul-2026,-,-0.47966159308078027,-,3.2685373883053783,2.258985867428308,-4.46814415414503,https://nsearchives.nseindia.com/today/GSEC10IETFEQN.svg,https://nsearchives.nseindia.com/30d/GSEC10IETF-EQ.svg,https://nsearchives.nseindia.com/365d/GSEC10IETF-EQ.svg,EQ
CHOICEGOLD,Gold,156,156,150.5,150.75,-2.48,-1.62,11713,1772528.29,153.1437,175.49,115.79,-,-,Infinity,7.264835633983214,153.23,0,0,8.6,,31-Jul-2026,-,7.264835633983214,-,Infinity,14.097669382870823,-30.19259003368166,https://nsearchives.nseindia.com/today/CHOICEGOLDEQN.svg,https://nsearchives.nseindia.com/30d/CHOICEGOLD-EQ.svg,,EQ
MIDQ50ADD,Nifty Midcap 150 Quality 50 Index,25.89,26,25.25,25.38,-0.26,-1.01,68941,1750411.99,25.4801,26,21,03-JUL-26,FACE VALUE SPLIT (SUB-DIVISION) - FROM RS 10/- PER UNIT TO RE 1/- PER UNIT,-89.76282671829622,-0.3142183817753411,25.64,0,-89.46,1.83,29-Aug-2025,31-Jul-2026,FACE VALUE SPLIT (SUB-DIVISION) - FROM RS 10/- PER UNIT TO RE 1/- PER UNIT,-0.3142183817753411,03-JUL-26,-89.76282671829622,2.3846153846153886,-20.85714285714285,https://nsearchives.nseindia.com/today/MIDQ50ADDEQN.svg,https://nsearchives.nseindia.com/30d/MIDQ50ADD-EQ.svg,https://nsearchives.nseindia.com/365d/MIDQ50ADD-EQ.svg,EQ
EQUAL50,Nifty50 Equal Weight,332.25,333.3,330.87,331.69,-1.22,-0.37,5190,1723443.3,333.3562,342.88,295.16,-,-,4.736493100508383,-2.781522949762591,332.91,0,6.48,-1.09,29-Aug-2025,31-Jul-2026,-,-2.781522949762591,-,4.736493100508383,3.263532431171255,-12.376338257216414,https://nsearchives.nseindia.com/today/EQUAL50EQN.svg,https://nsearchives.nseindia.com/30d/EQUAL50-EQ.svg,https://nsearchives.nseindia.com/365d/EQUAL50-EQ.svg,EQ
SBINMID150,Nifty Midcap 150 Index,23.6,23.71,23.25,23.38,-0.11,-0.47,70884,1655141.4,23.6008,24.06,19.81,-,-,Infinity,-0.2134016218523291,23.49,0,0,1.12,,31-Jul-2026,-,-0.2134016218523291,-,Infinity,2.8262676641729,-18.021201413427562,https://nsearchives.nseindia.com/today/SBINMID150EQN.svg,https://nsearchives.nseindia.com/30d/SBINMID150-EQ.svg,,EQ
ABSLPSE,Aditya Birla Sun Life Nifty PSE ETF,10.15,10.15,10.03,10.15,0.14,1.40,150958,1517127.9,10.0996,11.6,9.21,-,-,5.949895615866391,-2.0270270270270183,10.01,0,5.93,-3.19,29-Aug-2025,31-Jul-2026,-,-2.0270270270270183,-,5.949895615866391,12.499999999999995,-10.206297502714433,https://nsearchives.nseindia.com/today/ABSLPSEEQN.svg,https://nsearchives.nseindia.com/30d/ABSLPSE-EQ.svg,https://nsearchives.nseindia.com/365d/ABSLPSE-EQ.svg,EQ
DIVOPPBEES,Nifty Dividend Opportunities 50 TRI,78.7,78.7,76.54,77.21,0.05,0.06,19569,1513662.15,77.4931,87.09,72.13,-,-,0.6649282920469243,-2.6478375992939207,77.16,0,1.61,-1.51,29-Aug-2025,31-Jul-2026,-,-2.6478375992939207,-,0.6649282920469243,11.344586060397301,-7.042839317898237,https://nsearchives.nseindia.com/today/DIVOPPBEESEQN.svg,https://nsearchives.nseindia.com/30d/DIVOPPBEES-EQ.svg,https://nsearchives.nseindia.com/365d/DIVOPPBEES-EQ.svg,EQ
LOWVOL1,Kotak Nifty 100 Low Vol 30 ETF,21.13,21.3,21.05,21.26,0.13,0.62,69794,1477538.98,21.2906,22.9,18.77,-,-,-0.09398496240601303,-2.744739249771262,21.13,0,0.24,-2.49,29-Aug-2025,31-Jul-2026,-,-2.744739249771262,-,-0.09398496240601303,7.161572052401735,-13.265849760255739,https://nsearchives.nseindia.com/today/LOWVOL1EQN.svg,https://nsearchives.nseindia.com/30d/LOWVOL1-EQ.svg,https://nsearchives.nseindia.com/365d/LOWVOL1-EQ.svg,EQ
NIFTYJBLK,INDEX,12.36,12.54,12.26,12.4,0.17,1.39,119459,1470540.29,12.3448,12.96,9.94,-,-,Infinity,Infinity,12.23,0,0,0,,,-,Infinity,-,Infinity,4.320987654320991,-24.748490945674053,https://nsearchives.nseindia.com/today/NIFTYJBLKEQN.svg,,,EQ
MOTOUR,Nifty India Tourism Total Return Index,78.3,78.3,77.14,77.43,-0.64,-0.82,18755,1453137.4,78.7017,95.33,64,-,-,-14.958813838550238,-3.610108303249087,78.07,0,-13.46,-0.43,29-Aug-2025,31-Jul-2026,-,-3.610108303249087,-,-14.958813838550238,18.776880310500356,-20.98437500000001,https://nsearchives.nseindia.com/today/MOTOUREQN.svg,https://nsearchives.nseindia.com/30d/MOTOUR-EQ.svg,https://nsearchives.nseindia.com/365d/MOTOUR-EQ.svg,EQ
ITAXIS,NIFTY IT Index,342.7,348,340,342.23,-0.6,-0.18,4144,1429224.16,343.9242,439.67,230.7,-,-,Infinity,-1.0724403075677804,342.83,0,0,1.48,,31-Jul-2026,-,-1.0724403075677804,-,Infinity,22.162076102531444,-48.34416991764198,https://nsearchives.nseindia.com/today/ITAXISEQN.svg,https://nsearchives.nseindia.com/30d/ITAXIS-EQ.svg,,EQ
MID150,Nifty Midcap 150 Index,24.25,24.25,23.5,23.71,-0.1,-0.42,58274,1382842.02,,24.95,18.97,-,-,11.105904404873483,0,23.81,0,12.31,1.45,29-Aug-2025,31-Jul-2026,-,0,-,11.105904404873483,4.969939879759513,-24.98682129678441,https://nsearchives.nseindia.com/today/MID150EQN.svg,https://nsearchives.nseindia.com/30d/MID150-EQ.svg,https://nsearchives.nseindia.com/365d/MID150-EQ.svg,EQ
SBISMLETF,Nifty Smallcap 250 Index,18.46,18.75,18.3,18.47,0.02,0.11,74407,1366856.59,18.3953,18.97,16.53,-,-,Infinity,1.65107319757841,18.45,0,0,3.19,,31-Jul-2026,-,1.65107319757841,-,Infinity,2.635740643120717,-11.736237144585587,https://nsearchives.nseindia.com/today/SBISMLETFEQN.svg,https://nsearchives.nseindia.com/30d/SBISMLETF-EQ.svg,,EQ
SBINEQWETF,Nifty50 Equal Weight,33.51,33.53,33.21,33.44,-0.01,-0.03,38566,1287718.74,33.4991,36.4,29.64,-,-,5.488958990536273,-2.3649635036496415,33.45,0,6.43,-1.15,29-Aug-2025,31-Jul-2026,-,-2.3649635036496415,-,5.488958990536273,8.131868131868135,-12.82051282051281,https://nsearchives.nseindia.com/today/SBINEQWETFEQN.svg,https://nsearchives.nseindia.com/30d/SBINEQWETF-EQ.svg,https://nsearchives.nseindia.com/365d/SBINEQWETF-EQ.svg,EQ
LIQUIDSHRI,SHRIRAM NIFTY 1D RATE LIQUID ETF,1119.7,1119.72,1119.7,1119.72,0.15,0.01,1143,1279817.1,1119.5695,1119.72,1068.52,-,-,4.789713066427094,0.3603119118042468,1119.57,0,4.79,0.36,29-Aug-2025,31-Jul-2026,-,0.3603119118042468,-,4.789713066427094,0,-4.791674465615997,https://nsearchives.nseindia.com/today/LIQUIDSHRIEQN.svg,https://nsearchives.nseindia.com/30d/LIQUIDSHRI-EQ.svg,https://nsearchives.nseindia.com/365d/LIQUIDSHRI-EQ.svg,EQ
VALUEAXIS,Nifty500 Value 50 TRI,33.49,33.49,32.51,32.51,-0.17,-0.52,37622,1227982.08,32.8061,39,26.76,-,-,Infinity,-2.0192887281494927,32.68,0,0,-1.15,,31-Jul-2026,-,-2.0192887281494927,-,Infinity,16.641025641025646,-21.487294469357234,https://nsearchives.nseindia.com/today/VALUEAXISEQN.svg,https://nsearchives.nseindia.com/30d/VALUEAXIS-EQ.svg,,EQ
HEALTHAXIS,Nifty Healthcare Index,170.32,170.44,169.2,169.35,-0.33,-0.19,6914,1172545.26,172.4736,190,135.2,-,-,Infinity,-0.534476682720543,169.68,0,0,-0.54,,31-Jul-2026,-,-0.534476682720543,-,Infinity,10.86842105263158,-25.258875739644974,https://nsearchives.nseindia.com/today/HEALTHAXISEQN.svg,https://nsearchives.nseindia.com/30d/HEALTHAXIS-EQ.svg,,EQ
SBIMIDMOM,Nifty Midcap 150 Momentum 50 Index,64.87,65.18,63.72,63.9,-0.64,-0.99,17843,1144806.88,65.2964,67.74,53.86,-,-,Infinity,1.0276679841897212,64.54,0,0,2.71,,31-Jul-2026,-,1.0276679841897212,-,Infinity,5.668733392382635,-18.640920906052727,https://nsearchives.nseindia.com/today/SBIMIDMOMEQN.svg,https://nsearchives.nseindia.com/30d/SBIMIDMOM-EQ.svg,,EQ
NIF500BETA,Index,37.7,37.78,37.43,37.68,-0.03,-0.08,30318,1139956.8,37.7222,38.3,37.43,-,-,Infinity,Infinity,37.71,0,0,0,,,-,Infinity,-,Infinity,1.6187989556135705,-0.667913438418381,https://nsearchives.nseindia.com/today/NIF500BETAEQN.svg,,,EQ
NIFTYADD,Nifty 50 Index,253.1,254.86,252.71,252.75,-1.44,-0.57,4398,1115772.6,253.9068,300,232.64,-,-,Infinity,-2.311289761527468,254.19,0,0,-0.95,,31-Jul-2026,-,-2.311289761527468,-,Infinity,15.75,-8.644257221458053,https://nsearchives.nseindia.com/today/NIFTYADDEQN.svg,https://nsearchives.nseindia.com/30d/NIFTYADD-EQ.svg,,EQ
HEALTHCARE,Nifty 500 Healthcare Index,22.38,22.38,21.65,21.72,-0.01,-0.05,51174,1112011.02,21.9645,22.43,17.18,-,-,Infinity,0.5090236001850968,21.73,0,0,0.56,,31-Jul-2026,-,0.5090236001850968,-,Infinity,3.165403477485514,-26.42607683352735,https://nsearchives.nseindia.com/today/HEALTHCAREEQN.svg,https://nsearchives.nseindia.com/30d/HEALTHCARE-EQ.svg,,EQ
BBETF0432,Nifty BHARAT Bond Index - April 2032,1342.99,1348.55,1336.03,1338.01,2.98,0.22,815,1092849.8,1344.7793,1378,1262.29,-,-,4.294923260400177,-1.2604328863765453,1335.03,0,4.17,-1.61,29-Aug-2025,31-Jul-2026,-,-1.2604328863765453,-,4.294923260400177,2.9020319303338176,-5.998621552891969,https://nsearchives.nseindia.com/today/BBETF0432EQN.svg,https://nsearchives.nseindia.com/30d/BBETF0432-EQ.svg,https://nsearchives.nseindia.com/365d/BBETF0432-EQ.svg,EQ
MANUFGBEES,Nifty India Manufacturing TRI,165.9,166.38,164.04,165.29,-0.77,-0.46,6496,1074698.24,166.6553,171.58,138.6,-,-,13.961665747380033,1.0700745994863643,166.06,0,16.48,1.03,29-Aug-2025,31-Jul-2026,-,1.0700745994863643,-,13.961665747380033,3.665928429886945,-19.256854256854258,https://nsearchives.nseindia.com/today/MANUFGBEESEQN.svg,https://nsearchives.nseindia.com/30d/MANUFGBEES-EQ.svg,https://nsearchives.nseindia.com/365d/MANUFGBEES-EQ.svg,EQ
CONSUMIETF,Nifty India Consumption Index,122.65,123.3,121.7,121.7,-0.86,-0.70,8727,1069581.12,122.4998,141.27,94.65,-,-,-3.2591414944356076,-3.3666825472447157,122.56,0,-1.77,-2.26,29-Aug-2025,31-Jul-2026,-,-3.3666825472447157,-,-3.2591414944356076,13.852905783251932,-28.578975171685148,https://nsearchives.nseindia.com/today/CONSUMIETFEQN.svg,https://nsearchives.nseindia.com/30d/CONSUMIETF-EQ.svg,https://nsearchives.nseindia.com/365d/CONSUMIETF-EQ.svg,EQ
QUAL30IETF,ICICI Prudential Nifty 200 Quality 30 ETF,21.32,23,21.03,21.4,0.18,0.85,48546,1038398.94,21.384,23,18,10-MAY-24,FACE VALUE SPLIT (SUB-DIVISION) - FROM RS 10/- PER SHARE TO RE 1/- PER SHARE,0.8007536504945744,-0.925925925925939,21.22,0,1.05,-0.79,29-Aug-2025,31-Jul-2026,FACE VALUE SPLIT (SUB-DIVISION) - FROM RS 10/- PER SHARE TO RE 1/- PER SHARE,-0.925925925925939,10-MAY-24,0.8007536504945744,6.956521739130441,-18.888888888888882,https://nsearchives.nseindia.com/today/QUAL30IETFEQN.svg,https://nsearchives.nseindia.com/30d/QUAL30IETF-EQ.svg,https://nsearchives.nseindia.com/365d/QUAL30IETF-EQ.svg,EQ
NV20,Nifty50 Value 20,13.93,14.06,13.77,13.94,0.01,0.07,74088,1030564.08,13.9395,16.87,12.62,27-FEB-26,FACE VALUE SPLIT (SUB-DIVISION) - FROM RS 10/- PER SHARE TO RE 1/- PER SHARE,-90.49631851649849,-2.244039270687239,13.93,0,-90.41,-1.14,29-Aug-2025,31-Jul-2026,FACE VALUE SPLIT (SUB-DIVISION) - FROM RS 10/- PER SHARE TO RE 1/- PER SHARE,-2.244039270687239,27-FEB-26,-90.49631851649849,17.368109069353892,-10.459587955625993,https://nsearchives.nseindia.com/today/NV20EQN.svg,https://nsearchives.nseindia.com/30d/NV20-EQ.svg,https://nsearchives.nseindia.com/365d/NV20-EQ.svg,EQ
NEXT30ADD,BSE SENSEX Next 30 Index,43.11,43.18,42.59,42.79,-0.11,-0.26,21948,939593.88,43.1138,46.7,36.98,-,-,10.826210826210826,-1.9702176403207319,42.9,0,12.75,-0.67,29-Aug-2025,31-Jul-2026,-,-1.9702176403207319,-,10.826210826210826,8.37259100642399,-15.71119524067064,https://nsearchives.nseindia.com/today/NEXT30ADDEQN.svg,https://nsearchives.nseindia.com/30d/NEXT30ADD-EQ.svg,https://nsearchives.nseindia.com/365d/NEXT30ADD-EQ.svg,EQ
MOINFRA,BSE India Infrastructure Total Return Index,59.47,59.47,57.89,58.17,-1.4,-2.35,16072,932497.44,57.9141,66,54.6,-,-,1.500610713662536,-5.028571428571426,59.57,0,5.3,-1.7,29-Aug-2025,31-Jul-2026,-,-5.028571428571426,-,1.500610713662536,11.86363636363636,-6.538461538461538,https://nsearchives.nseindia.com/today/MOINFRAEQN.svg,https://nsearchives.nseindia.com/30d/MOINFRA-EQ.svg,https://nsearchives.nseindia.com/365d/MOINFRA-EQ.svg,EQ
ABSLNN50ET,Nifty Next 50,75.38,77.32,75.38,76.81,-0.51,-0.66,12129,932234.94,77.7426,80.33,63.02,25-NOV-21, FACE VALUE SPLIT (SUB-DIVISION) - FROM RS 10/- PER SHARE TO RE 1/- PER SHARE,10.21667384129718,-1.6139362110925977,77.32,0,12.58,-0.1,29-Aug-2025,31-Jul-2026, FACE VALUE SPLIT (SUB-DIVISION) - FROM RS 10/- PER SHARE TO RE 1/- PER SHARE,-1.6139362110925977,25-NOV-21,10.21667384129718,4.381924561185107,-21.88194224055855,https://nsearchives.nseindia.com/today/ABSLNN50ETEQN.svg,https://nsearchives.nseindia.com/30d/ABSLNN50ET-EQ.svg,https://nsearchives.nseindia.com/365d/ABSLNN50ET-EQ.svg,EQ
SILVER001,Commodity - Silver,24.05,24.14,22.98,23,-0.58,-2.46,38711,901966.3,23.6929,28,22.98,-,-,Infinity,Infinity,23.58,0,0,0,,,-,Infinity,-,Infinity,17.857142857142858,-0.08703220191470659,https://nsearchives.nseindia.com/today/SILVER001EQN.svg,,,EQ
EMULTIMQ,Nifty500 Multicap Momentum Quality 50 Total Return Index,42.3,42.4,41.8,42.14,-0.05,-0.12,20939,881741.29,42.6087,43.54,36.25,-,-,3.334968121628248,2.880859374999999,42.19,0,4.79,2.73,29-Aug-2025,31-Jul-2026,-,2.880859374999999,-,3.334968121628248,3.215434083601283,-16.248275862068965,https://nsearchives.nseindia.com/today/EMULTIMQEQN.svg,https://nsearchives.nseindia.com/30d/EMULTIMQ-EQ.svg,https://nsearchives.nseindia.com/365d/EMULTIMQ-EQ.svg,EQ
GROWWSC250,Nifty Smallcap 250 Index - TRI,10.84,10.84,10.56,10.66,0.03,0.28,81553,866908.39,10.6098,10.97,8,-,-,Infinity,1.4272121788772631,10.63,0,0,2.8,,31-Jul-2026,-,1.4272121788772631,-,Infinity,2.825888787602557,-33.25,https://nsearchives.nseindia.com/today/GROWWSC250EQN.svg,https://nsearchives.nseindia.com/30d/GROWWSC250-EQ.svg,,EQ
HSBCGOLD,Commodity,134.5,134.5,131.7,132.25,-1.59,-1.19,6326,844394.48,134.1853,146.4,119.1,-,-,Infinity,7.1717990275526695,133.84,0,0,8.72,,31-Jul-2026,-,7.1717990275526695,-,Infinity,9.66530054644809,-11.041141897565076,https://nsearchives.nseindia.com/today/HSBCGOLDEQN.svg,https://nsearchives.nseindia.com/30d/HSBCGOLD-EQ.svg,,EQ
BANKBETF,Bajaj Finserv Nifty Bank ETF,60,60,58,58.58,0.04,0.07,13974,816081.6,59.0672,63.9,50.71,-,-,6.897810218978105,-0.051185804470228864,58.54,0,7.51,0.77,29-Aug-2025,31-Jul-2026,-,-0.051185804470228864,-,6.897810218978105,8.325508607198747,-15.519621376454344,https://nsearchives.nseindia.com/today/BANKBETFEQN.svg,https://nsearchives.nseindia.com/30d/BANKBETF-EQ.svg,https://nsearchives.nseindia.com/365d/BANKBETF-EQ.svg,EQ
NV20BEES,Nifty50 Value20 TRI,142.84,142.84,138.91,139,-0.36,-0.26,5684,793941.12,139.5154,160,122.02,19-DEC-19, FACE VALUE SPLIT (SUB-DIVISION) - FROM RS 10/- TO RS 1/-,-5.583480505366118,-2.5382134343009426,139.36,0,-4.34,-1.01,29-Aug-2025,31-Jul-2026, FACE VALUE SPLIT (SUB-DIVISION) - FROM RS 10/- TO RS 1/-,-2.5382134343009426,19-DEC-19,-5.583480505366118,13.125,-13.915751516144898,https://nsearchives.nseindia.com/today/NV20BEESEQN.svg,https://nsearchives.nseindia.com/30d/NV20BEES-EQ.svg,https://nsearchives.nseindia.com/365d/NV20BEES-EQ.svg,EQ
HDFCNIF100,HDFC NIFTY 100 ETF,26.72,26.72,25.92,26.09,-0.02,-0.08,28828,751257.68,26.1161,29,23.31,20-OCT-23,FACE VALUE SPLIT (SUB-DIVISION) - FROM RS 177.27/- PER SHARE TO RS 17.727/- PER SHARE,0.5007704160246494,-1.3610586011342134,26.11,0,1.36,-0.76,29-Aug-2025,31-Jul-2026,FACE VALUE SPLIT (SUB-DIVISION) - FROM RS 177.27/- PER SHARE TO RS 17.727/- PER SHARE,-1.3610586011342134,20-OCT-23,0.5007704160246494,10.03448275862069,-11.926211926211932,https://nsearchives.nseindia.com/today/HDFCNIF100EQN.svg,https://nsearchives.nseindia.com/30d/HDFCNIF100-EQ.svg,https://nsearchives.nseindia.com/365d/HDFCNIF100-EQ.svg,EQ
SMALLADD,Nifty Smallcap 250 Index,18.9,18.9,18.39,18.5,-0.03,-0.16,39649,735488.95,18.4814,19.5,14.01,-,-,Infinity,1.2588943623426405,18.53,0,0,2.6,,31-Jul-2026,-,1.2588943623426405,-,Infinity,5.128205128205129,-32.048536759457534,https://nsearchives.nseindia.com/today/SMALLADDEQN.svg,https://nsearchives.nseindia.com/30d/SMALLADD-EQ.svg,,EQ
VALUE,Nifty 500 Value 50,16.07,16.11,15.97,16,-0.1,-0.62,44698,717402.9,16.1131,19.69,14.83,-,-,Infinity,-2.1406727828746264,16.1,0,0,-0.8,,31-Jul-2026,-,-2.1406727828746264,-,Infinity,18.74047739969528,-7.889413351314902,https://nsearchives.nseindia.com/today/VALUEEQN.svg,https://nsearchives.nseindia.com/30d/VALUE-EQ.svg,,EQ
SBIETFPB,Nifty Private Bank Index,276.36,285.5,276.36,281.87,-1.58,-0.56,2461,698973.22,286.5655,304.58,244.18,-,-,5.198925132492351,-0.6030044431906268,283.45,0,6.5,1.08,29-Aug-2025,31-Jul-2026,-,-0.6030044431906268,-,5.198925132492351,7.4561691509619745,-15.435334589237447,https://nsearchives.nseindia.com/today/SBIETFPBEQN.svg,https://nsearchives.nseindia.com/30d/SBIETFPB-EQ.svg,https://nsearchives.nseindia.com/365d/SBIETFPB-EQ.svg,EQ
LICNETFN50,Nifty 50,270.53,271.01,268.17,269.95,-0.58,-0.21,2449,661009.59,270.347,295,248.17,-,-,-0.9721203228173272,-2.170761759802859,270.53,0,-0.32,-0.84,29-Aug-2025,31-Jul-2026,-,-2.170761759802859,-,-0.9721203228173272,8.491525423728817,-8.776242092114277,https://nsearchives.nseindia.com/today/LICNETFN50EQN.svg,https://nsearchives.nseindia.com/30d/LICNETFN50-EQ.svg,https://nsearchives.nseindia.com/365d/LICNETFN50-EQ.svg,EQ
NEXT50ETF,Nifty Next 50 Index,75.97,75.97,73.35,73.7,-0.32,-0.43,8875,654353.75,74.351,78,60.15,-,-,Infinity,-1.5627086950714595,74.02,0,0,-0.16,,31-Jul-2026,-,-1.5627086950714595,-,Infinity,5.512820512820509,-22.52701579384872,https://nsearchives.nseindia.com/today/NEXT50ETFEQN.svg,https://nsearchives.nseindia.com/30d/NEXT50ETF-EQ.svg,,EQ
SENSEXAXIS,AXIS S&P BSE SENSEX ETF,80.07,80.36,78.3,78.9,-1.17,-1.46,8046,642231.72,79.9272,91.35,73.52,-,-,Infinity,-2.5925925925925855,80.07,0,0,-1.23,,31-Jul-2026,-,-2.5925925925925855,-,Infinity,13.628899835796377,-7.317736670293811,https://nsearchives.nseindia.com/today/SENSEXAXISEQN.svg,https://nsearchives.nseindia.com/30d/SENSEXAXIS-EQ.svg,,EQ
ECAPINSURE,BSE Capital Markets & Insurance Total Return Index,24.21,24.21,23.8,23.8,-0.32,-1.33,26648,639019.04,24.1902,25.88,20.5,-,-,4.203152364273208,-0.7092198581560207,24.12,0,7.87,1.26,29-Aug-2025,31-Jul-2026,-,-0.7092198581560207,-,4.203152364273208,8.037094281298293,-16.09756097560976,https://nsearchives.nseindia.com/today/ECAPINSUREEQN.svg,https://nsearchives.nseindia.com/30d/ECAPINSURE-EQ.svg,https://nsearchives.nseindia.com/365d/ECAPINSURE-EQ.svg,EQ
LIQUIDSBI,SBI NIFTY 1D Rate ETF,999.99,1000.01,999.99,1000.01,0.02,0.00,636,636000,1000,1010.02,970.23,-,-,0.0009999999999990906,0.0009999999999990906,999.99,0,0,0,29-Aug-2025,31-Jul-2026,-,0.0009999999999990906,-,0.0009999999999990906,0.9910694837725976,-3.0693753027632593,https://nsearchives.nseindia.com/today/LIQUIDSBIEQN.svg,https://nsearchives.nseindia.com/30d/LIQUIDSBI-EQ.svg,https://nsearchives.nseindia.com/365d/LIQUIDSBI-EQ.svg,EQ
TOP15IETF,Nifty Top 15 Equal Weight Index,9.95,10,9.83,9.9,0.04,0.41,63958,630625.88,9.8792,11.36,9.15,-,-,-3.225806451612904,-1.296111665004975,9.86,0,-3.14,-1.6,29-Aug-2025,31-Jul-2026,-,-1.296111665004975,-,-3.225806451612904,12.852112676056331,-8.19672131147541,https://nsearchives.nseindia.com/today/TOP15IETFEQN.svg,https://nsearchives.nseindia.com/30d/TOP15IETF-EQ.svg,https://nsearchives.nseindia.com/365d/TOP15IETF-EQ.svg,EQ
MIDCAPADD,Nifty Midcap 150 Index,23.66,23.66,23.25,23.39,-0.27,-1.14,25460,593981.8,23.6035,25.5,19.27,-,-,Infinity,0.1713062098501034,23.66,0,0,1.94,,31-Jul-2026,-,0.1713062098501034,-,Infinity,8.274509803921566,-21.38038401660613,https://nsearchives.nseindia.com/today/MIDCAPADDEQN.svg,https://nsearchives.nseindia.com/30d/MIDCAPADD-EQ.svg,,EQ
SBIETFQLTY,Nifty 200 Quality 30 Index,224.92,225.19,223.31,224.9,0.68,0.30,2598,583588.74,224.8674,247.28,194,-,-,0.6849621703899365,-0.605471339550097,224.22,0,1.75,-0.61,29-Aug-2025,31-Jul-2026,-,-0.605471339550097,-,0.6849621703899365,9.050469103849885,-15.927835051546394,https://nsearchives.nseindia.com/today/SBIETFQLTYEQN.svg,https://nsearchives.nseindia.com/30d/SBIETFQLTY-EQ.svg,https://nsearchives.nseindia.com/365d/SBIETFQLTY-EQ.svg,EQ
MSCIINDIA,MSCI India Index,30.23,30.78,29.69,29.69,-0.39,-1.30,18622,556797.8,30.036,32.14,26.5,-,-,1.7826534110387369,-2.6557377049180286,30.08,0,4.08,-0.23,29-Aug-2025,31-Jul-2026,-,-2.6557377049180286,-,1.7826534110387369,7.622899813316737,-12.037735849056608,https://nsearchives.nseindia.com/today/MSCIINDIAEQN.svg,https://nsearchives.nseindia.com/30d/MSCIINDIA-EQ.svg,https://nsearchives.nseindia.com/365d/MSCIINDIA-EQ.svg,EQ
PVTBKGROWW,Nifty Private Bank Index - TRI,28.22,28.22,27.51,27.65,-0.27,-0.97,17433,485334.72,28.134,29.57,25.45,-,-,Infinity,-0.5037783375314882,27.92,0,0,1.53,,31-Jul-2026,-,-0.5037783375314882,-,Infinity,6.493067297937104,-8.644400785854614,https://nsearchives.nseindia.com/today/PVTBKGROWWEQN.svg,https://nsearchives.nseindia.com/30d/PVTBKGROWW-EQ.svg,,EQ
FLEXIADD,Nifty500 Flexicap Quality 30 TRI,10.21,10.22,10.12,10.2,0.03,0.29,47189,479440.24,10.2107,11.9,8.73,-,-,Infinity,-0.9708737864077808,10.17,0,0,-0.2,,31-Jul-2026,-,-0.9708737864077808,-,Infinity,14.285714285714295,-16.838487972508577,https://nsearchives.nseindia.com/today/FLEXIADDEQN.svg,https://nsearchives.nseindia.com/30d/FLEXIADD-EQ.svg,,EQ
MOMENTUM30,Nifty 200 Momentum 30 Index,31.68,31.68,30.53,30.81,-0.25,-0.80,15529,478137.91,31.342,37.38,26.91,-,-,Infinity,0.6862745098039127,31.06,0,0,1.4,,31-Jul-2026,-,0.6862745098039127,-,Infinity,17.576243980738372,-14.4927536231884,https://nsearchives.nseindia.com/today/MOMENTUM30EQN.svg,https://nsearchives.nseindia.com/30d/MOMENTUM30-EQ.svg,,EQ
SNXT30BEES,BSE Sensex Next 30 Index,42.97,43.04,42.59,42.81,-0.15,-0.35,10927,467238.52,42.9926,44.56,36.83,-,-,10.992999740731143,-1.3367135284627756,42.96,0,13.02,0.05,29-Aug-2025,31-Jul-2026,-,-1.3367135284627756,-,10.992999740731143,3.9272890484739675,-16.236763508009787,https://nsearchives.nseindia.com/today/SNXT30BEESEQN.svg,https://nsearchives.nseindia.com/30d/SNXT30BEES-EQ.svg,https://nsearchives.nseindia.com/365d/SNXT30BEES-EQ.svg,EQ
GROWWN200,Nifty 200 Index- Total Return Index,11.3,11.49,11.22,11.42,0.02,0.18,38858,440261.14,11.4194,12.14,9.91,-,-,3.1616982836495,-1.2110726643598664,11.4,0,4.01,0,29-Aug-2025,31-Jul-2026,-,-1.2110726643598664,-,3.1616982836495,5.9308072487644194,-15.237134207870835,https://nsearchives.nseindia.com/today/GROWWN200EQN.svg,https://nsearchives.nseindia.com/30d/GROWWN200-EQ.svg,https://nsearchives.nseindia.com/365d/GROWWN200-EQ.svg,EQ
MOALPHA50,Nifty Alpha 50 Total Return Index,58.09,58.09,56.21,56.24,-0.71,-1.25,7642,432766.46,57.203,62,42.1,-,-,12.031872509960156,3.4013605442176895,56.95,0,15.66,3.11,29-Aug-2025,31-Jul-2026,-,3.4013605442176895,-,12.031872509960156,9.290322580645158,-33.58669833729216,https://nsearchives.nseindia.com/today/MOALPHA50EQN.svg,https://nsearchives.nseindia.com/30d/MOALPHA50-EQ.svg,https://nsearchives.nseindia.com/365d/MOALPHA50-EQ.svg,EQ
MOOILGAS,Nifty Oil & Gas ETF Total Return Index,11.35,11.35,11.07,11.2,0.08,0.72,37588,417602.68,11.1107,11.7,10.9,-,-,Infinity,Infinity,11.12,0,0,0,,,-,Infinity,-,Infinity,4.273504273504273,-2.7522935779816415,https://nsearchives.nseindia.com/today/MOOILGASEQN.svg,,,EQ
GROWWPSUBK,Nifty PSU Bank Index - TRI,85.5,86.29,85,85.5,-0.32,-0.37,4678,400062.56,86.3599,91.19,77.57,-,-,Infinity,0.825471698113211,85.82,0,0,2.47,,31-Jul-2026,-,0.825471698113211,-,Infinity,6.239719267463535,-10.223024365089605,https://nsearchives.nseindia.com/today/GROWWPSUBKEQN.svg,https://nsearchives.nseindia.com/30d/GROWWPSUBK-EQ.svg,,EQ
GROWWNXT50,Index,73.65,73.85,73,73.37,-0.33,-0.45,5394,396243.24,74.1309,76.79,60.01,-,-,10.247933884297531,-3.8653039832284968,73.7,0,11.73,0.04,29-Aug-2025,31-Jul-2026,-,-3.8653039832284968,-,10.247933884297531,4.453704909493426,-22.262956173971016,https://nsearchives.nseindia.com/today/GROWWNXT50EQN.svg,https://nsearchives.nseindia.com/30d/GROWWNXT50-EQ.svg,https://nsearchives.nseindia.com/365d/GROWWNXT50-EQ.svg,EQ
INFRA,Nifty India Infrastructure & Logistics,12.1,12.1,11.91,11.94,-0.09,-0.75,33103,395911.88,12.024,13.27,10.14,-,-,Infinity,-2.5306122448979633,12.03,0,0,-0.91,,31-Jul-2026,-,-2.5306122448979633,-,Infinity,10.022607385079127,-17.751479289940818,https://nsearchives.nseindia.com/today/INFRAEQN.svg,https://nsearchives.nseindia.com/30d/INFRA-EQ.svg,,EQ
LICNMID100,LIC MF Nifty Midcap 100 ETF,64.28,64.32,63.26,63.9,0.23,0.36,6118,390328.4,64.6786,67.5,52.3,-,-,0.5507474429583028,0.15673981191222794,63.67,0,10.96,0.68,29-Aug-2025,31-Jul-2026,-,0.15673981191222794,-,0.5507474429583028,5.333333333333335,-22.17973231357553,https://nsearchives.nseindia.com/today/LICNMID100EQN.svg,https://nsearchives.nseindia.com/30d/LICNMID100-EQ.svg,https://nsearchives.nseindia.com/365d/LICNMID100-EQ.svg,EQ
MIDBANKADD,BSE MidSmall Private Banks Index,17.7,17.7,17.28,17.4,-0.43,-2.41,22439,389092.26,17.406,18.22,17.09,-,-,Infinity,Infinity,17.83,0,0,0,,,-,Infinity,-,Infinity,4.500548847420419,-1.813926272674071,https://nsearchives.nseindia.com/today/MIDBANKADDEQN.svg,,,EQ
HDFCQUAL,HDFC NIFTY100 Quality 30 ETF,59.68,59.89,59.05,59.26,0.21,0.36,6295,373356.45,59.5427,61.87,51.91,-,-,2.1195933138032,-0.050598751897455115,59.05,0,2.61,0.27,29-Aug-2025,31-Jul-2026,-,-0.050598751897455115,-,2.1195933138032,4.21852270890577,-14.15912155654017,https://nsearchives.nseindia.com/today/HDFCQUALEQN.svg,https://nsearchives.nseindia.com/30d/HDFCQUAL-EQ.svg,https://nsearchives.nseindia.com/365d/HDFCQUAL-EQ.svg,EQ
SMALLIETF,Nifty Smallcap 250 Index,18.08,18.54,18.08,18.48,0.03,0.16,20220,372048,18.4067,19.49,17.43,-,-,Infinity,1.4827018121911013,18.45,0,0,2.61,,31-Jul-2026,-,1.4827018121911013,-,Infinity,5.182144689584392,-6.0240963855421725,https://nsearchives.nseindia.com/today/SMALLIETFEQN.svg,https://nsearchives.nseindia.com/30d/SMALLIETF-EQ.svg,,EQ
GROWWPSE,Nifty PSE Index - TRI,97,98.48,96.4,97.44,0.27,0.28,3550,344066,97.5828,109.85,93.2,-,-,Infinity,-2.7253668763102765,97.17,0,0,-2.36,,31-Jul-2026,-,-2.7253668763102765,-,Infinity,11.297223486572596,-4.54935622317596,https://nsearchives.nseindia.com/today/GROWWPSEEQN.svg,https://nsearchives.nseindia.com/30d/GROWWPSE-EQ.svg,,EQ
AONETMMQ50,Nifty Total Market Momentum Quality 50 TRI,10.44,10.44,10.29,10.35,-0.04,-0.38,32131,333198.47,10.5161,10.87,8,-,-,Infinity,3.7074148296593106,10.39,0,0,3.49,,31-Jul-2026,-,3.7074148296593106,-,Infinity,4.78380864765409,-29.374999999999996,https://nsearchives.nseindia.com/today/AONETMMQ50EQN.svg,https://nsearchives.nseindia.com/30d/AONETMMQ50-EQ.svg,,EQ
CONSUMAXIS,NIFTY India Consumption Index,121.81,122.25,117.6,119.95,-1.15,-0.95,2568,311780.88,121.6732,131.85,105.63,-,-,Infinity,-4.116706634692239,121.1,0,0,-2.57,,31-Jul-2026,-,-4.116706634692239,-,Infinity,9.02540766021994,-13.556754709836229,https://nsearchives.nseindia.com/today/CONSUMAXISEQN.svg,https://nsearchives.nseindia.com/30d/CONSUMAXIS-EQ.svg,,EQ
ABSL10BANK,BSE Top 10 Banks Index,168.8,169.88,168,168,-0.8,-0.47,1818,307187.46,169.7011,214.42,150,-,-,Infinity,-2.297179412619941,168.8,0,0,-0.88,,31-Jul-2026,-,-2.297179412619941,-,Infinity,21.649099897397626,-12,https://nsearchives.nseindia.com/today/ABSL10BANKEQN.svg,https://nsearchives.nseindia.com/30d/ABSL10BANK-EQ.svg,,EQ
SETF10GILT,Nifty 10 yr Benchmark G-Sec Index,265.25,265.25,263.01,263.9,-0.79,-0.30,1150,303289.5,263.7874,272.31,250.37,-,-,3.17056960788146,-0.026518164943004893,264.69,0,3.4,0.1,29-Aug-2025,31-Jul-2026,-,-0.026518164943004893,-,3.17056960788146,3.0883919062832894,-5.4040020769261385,https://nsearchives.nseindia.com/today/SETF10GILTEQN.svg,https://nsearchives.nseindia.com/30d/SETF10GILT-EQ.svg,https://nsearchives.nseindia.com/365d/SETF10GILT-EQ.svg,EQ
NIFTYBETF,Bajaj Finserv Nifty 50 ETF,248.55,249,246.88,247.22,-1.33,-0.54,1213,300193.24,248.0006,279.99,227.01,-,-,-1.5059760956175303,-2.1608358397973753,248.55,0,-0.36,-1,29-Aug-2025,31-Jul-2026,-,-2.1608358397973753,-,-1.5059760956175303,11.703989428193866,-8.902691511387168,https://nsearchives.nseindia.com/today/NIFTYBETFEQN.svg,https://nsearchives.nseindia.com/30d/NIFTYBETF-EQ.svg,https://nsearchives.nseindia.com/365d/NIFTYBETF-EQ.svg,EQ
QNIFTY,Nifty 50,264.6,266,264,264.4,-0.9,-0.34,1110,294405.3,265.2752,291.19,243.2,13-FEB-26,FACE VALUE SPLIT (SUB-DIVISION) - FROM RS 10/- PER UNIT TO RE 1/- PER UNIT,-90.16369047619048,-2.269535004065958,265.3,0,-90.06,-1.23,29-Aug-2025,31-Jul-2026,FACE VALUE SPLIT (SUB-DIVISION) - FROM RS 10/- PER UNIT TO RE 1/- PER UNIT,-2.269535004065958,13-FEB-26,-90.16369047619048,9.200178577561049,-8.717105263157892,https://nsearchives.nseindia.com/today/QNIFTYEQN.svg,https://nsearchives.nseindia.com/30d/QNIFTY-EQ.svg,https://nsearchives.nseindia.com/365d/QNIFTY-EQ.svg,EQ
HDFCLOWVOL,HDFC NIFTY100 Low Volatility 30 ETF,20.73,20.77,20.62,20.69,-0.04,-0.19,14000,289800,20.7885,22.28,18.35,20-OCT-23,FACE VALUE SPLIT (SUB-DIVISION) - FROM RS 126.18/- PER SHARE TO RS 12.618/- PER SHARE,-0.9573958831976989,-2.4056603773584815,20.73,0,0.1,-1.75,29-Aug-2025,31-Jul-2026,FACE VALUE SPLIT (SUB-DIVISION) - FROM RS 126.18/- PER SHARE TO RS 12.618/- PER SHARE,-2.4056603773584815,20-OCT-23,-0.9573958831976989,7.136445242369838,-12.752043596730244,https://nsearchives.nseindia.com/today/HDFCLOWVOLEQN.svg,https://nsearchives.nseindia.com/30d/HDFCLOWVOL-EQ.svg,https://nsearchives.nseindia.com/365d/HDFCLOWVOL-EQ.svg,EQ
MOIPO,BSE Select IPO Total Return Index,49.02,49.09,48.57,48.74,-0.07,-0.14,5727,279191.25,49.0513,53,36.5,-,-,Infinity,1.8812709030100303,48.81,0,0,3.56,,31-Jul-2026,-,1.8812709030100303,-,Infinity,8.037735849056599,-33.53424657534247,https://nsearchives.nseindia.com/today/MOIPOEQN.svg,https://nsearchives.nseindia.com/30d/MOIPO-EQ.svg,,EQ
SBIETFCON,Nifty India Consumption Index,122.16,123.68,121.25,122.35,0.19,0.16,2274,277837.32,122.028,133.97,100,-,-,-2.7192494235509277,-1.6479099678456681,122.16,0,-1.61,-2.17,29-Aug-2025,31-Jul-2026,-,-1.6479099678456681,-,-2.7192494235509277,8.673583638127942,-22.349999999999994,https://nsearchives.nseindia.com/today/SBIETFCONEQN.svg,https://nsearchives.nseindia.com/30d/SBIETFCON-EQ.svg,https://nsearchives.nseindia.com/365d/SBIETFCON-EQ.svg,EQ
MOMETAL,Nifty Metal Index,13.26,13.36,13.12,13.22,-0.04,-0.30,20813,275564.12,13.1937,13.75,12.85,-,-,Infinity,Infinity,13.26,0,0,0,,,-,Infinity,-,Infinity,3.85454545454545,-2.8793774319066228,https://nsearchives.nseindia.com/today/MOMETALEQN.svg,,,EQ
MOMGF,Nifty India Manufacturing Total Return Index,165.7,166,163,166,0.3,0.18,1655,272644.7,165.5394,182.16,137.9,-,-,15.623041025283841,1.2998108256544794,165.7,0,16.26,1.34,29-Aug-2025,31-Jul-2026,-,1.2998108256544794,-,15.623041025283841,8.871321914800173,-20.377084844089914,https://nsearchives.nseindia.com/today/MOMGFEQN.svg,https://nsearchives.nseindia.com/30d/MOMGF-EQ.svg,https://nsearchives.nseindia.com/365d/MOMGF-EQ.svg,EQ
CONS,Kotak Nifty India Consumption ETF,12.19,12.24,12.1,12.18,-0.06,-0.49,22288,271467.84,12.1671,13.2,10.2,27-FEB-26,FACE VALUE SPLIT (SUB-DIVISION) - FROM RS 10/- PER SHARE TO RE 1/- PER SHARE,-90.24038461538461,-2.3255813953488444,12.24,0,-90.07,-1.84,29-Aug-2025,31-Jul-2026,FACE VALUE SPLIT (SUB-DIVISION) - FROM RS 10/- PER SHARE TO RE 1/- PER SHARE,-2.3255813953488444,27-FEB-26,-90.24038461538461,7.727272727272725,-19.41176470588236,https://nsearchives.nseindia.com/today/CONSEQN.svg,https://nsearchives.nseindia.com/30d/CONS-EQ.svg,https://nsearchives.nseindia.com/365d/CONS-EQ.svg,EQ
NETF,Tata Nifty 50 Exchange Traded Fund,262.25,263.9,260.48,262.46,0.21,0.08,1028,269623.84,262.3102,292.9,240.66,-,-,-1.256583897667431,-1.600869793424076,262.25,0,-0.69,-0.75,29-Aug-2025,31-Jul-2026,-,-1.600869793424076,-,-1.256583897667431,10.392625469443496,-9.058422670988108,https://nsearchives.nseindia.com/today/NETFEQN.svg,https://nsearchives.nseindia.com/30d/NETF-EQ.svg,https://nsearchives.nseindia.com/365d/NETF-EQ.svg,EQ
ITBETA,UTI Nifty IT ETF,325.87,331.48,325.87,329.16,3.29,1.01,813,267663.99,328.2607,409.94,270.68,-,-,Infinity,1.4673242909987818,325.87,0,0,0.78,,31-Jul-2026,-,1.4673242909987818,-,Infinity,19.705322730155626,-21.60484705186937,https://nsearchives.nseindia.com/today/ITBETAEQN.svg,https://nsearchives.nseindia.com/30d/ITBETA-EQ.svg,,EQ
BBNPPGOLD,Baroda BNP Paribas Gold ETF,152.15,152.15,146.3,146.9,-1.55,-1.04,1764,260772.12,149.3272,184.05,100.35,-,-,44.231713303878266,7.187157971543227,148.45,0,48.6,7.96,29-Aug-2025,31-Jul-2026,-,7.187157971543227,-,44.231713303878266,20.184732409671287,-46.38764324862981,https://nsearchives.nseindia.com/today/BBNPPGOLDEQN.svg,https://nsearchives.nseindia.com/30d/BBNPPGOLD-EQ.svg,https://nsearchives.nseindia.com/365d/BBNPPGOLD-EQ.svg,EQ
HEALTHADD,DSP Nifty Healthcare ETF,16.93,17.21,16.81,16.84,-0.06,-0.36,14905,251447.35,17.111,17.47,13.54,03-JUL-26,FACE VALUE SPLIT (SUB-DIVISION) - FROM RS 10/- PER UNIT TO RE 1/- PER UNIT,-88.35649588605408,0.238095238095233,16.9,0,-88.34,-0.06,29-Aug-2025,31-Jul-2026,FACE VALUE SPLIT (SUB-DIVISION) - FROM RS 10/- PER UNIT TO RE 1/- PER UNIT,0.238095238095233,03-JUL-26,-88.35649588605408,3.6061820263308473,-24.37223042836042,https://nsearchives.nseindia.com/today/HEALTHADDEQN.svg,https://nsearchives.nseindia.com/30d/HEALTHADD-EQ.svg,https://nsearchives.nseindia.com/365d/HEALTHADD-EQ.svg,EQ
HYBRIDETF,Nifty200 Momentum 30 Plus 8-13 yr G-Sec 50:50 Total Return Index,10.16,10.16,10.05,10.05,-0.06,-0.59,23371,235345.97,10.1406,11.99,9.8,-,-,Infinity,-0.09940357852882492,10.11,0,0,0.8,,31-Jul-2026,-,-0.09940357852882492,-,Infinity,16.180150125104248,-2.5510204081632653,https://nsearchives.nseindia.com/today/HYBRIDETFEQN.svg,https://nsearchives.nseindia.com/30d/HYBRIDETF-EQ.svg,,EQ
LICNETFGSC,GSEC10 NSE Index,29.35,29.59,29.35,29.35,0,0.00,7655,225210.1,29.3708,30.53,27.59,-,-,4.597291518175349,-0.2718314644920092,29.35,0,4.34,-0.47,29-Aug-2025,31-Jul-2026,-,-0.2718314644920092,-,4.597291518175349,3.8650507697346863,-6.379122870605298,https://nsearchives.nseindia.com/today/LICNETFGSCEQN.svg,https://nsearchives.nseindia.com/30d/LICNETFGSC-EQ.svg,https://nsearchives.nseindia.com/365d/LICNETFGSC-EQ.svg,EQ
IDFNIFTYET,Nifty 50,266.34,267.26,265.25,265.41,-0.93,-0.35,793,210541.5,266.2793,340.8,244.32,-,-,-1.360240829523904,-2.2574942918170415,266.34,0,-0.73,-1.21,29-Aug-2025,31-Jul-2026,-,-2.2574942918170415,-,-1.360240829523904,22.12147887323943,-8.632121807465632,https://nsearchives.nseindia.com/today/IDFNIFTYETEQN.svg,https://nsearchives.nseindia.com/30d/IDFNIFTYET-EQ.svg,https://nsearchives.nseindia.com/365d/IDFNIFTYET-EQ.svg,EQ
BANK10BETF,Index,20.9,21.39,20.52,20.52,-0.28,-1.35,9190,191611.5,20.8946,24.9,20.17,-,-,Infinity,-1.4409221902017324,20.8,0,0,-0.86,,31-Jul-2026,-,-1.4409221902017324,-,Infinity,17.590361445783127,-1.7352503718393546,https://nsearchives.nseindia.com/today/BANK10BETFEQN.svg,https://nsearchives.nseindia.com/30d/BANK10BETF-EQ.svg,,EQ
SMALLGROWW,Nifty Smallcap 250 Momentum Quality 100 Index TRI,49.96,49.96,48.76,49,0.02,0.04,3685,180380.75,48.9643,50.84,45,-,-,Infinity,3.0277544154751843,48.98,0,0,4.39,,31-Jul-2026,-,3.0277544154751843,-,Infinity,3.6191974822974102,-8.88888888888889,https://nsearchives.nseindia.com/today/SMALLGROWWEQN.svg,https://nsearchives.nseindia.com/30d/SMALLGROWW-EQ.svg,,EQ
MIDCAPBETA,UTI Nifty Midcap 150 Exchange Traded Fund (ETF),239.21,239.21,234.87,235,-1.84,-0.78,759,178835.58,238.0261,240,192.5,-,-,Infinity,-0.508044030482637,236.84,0,0,1.65,,31-Jul-2026,-,-0.508044030482637,-,Infinity,2.0833333333333335,-22.07792207792208,https://nsearchives.nseindia.com/today/MIDCAPBETAEQN.svg,https://nsearchives.nseindia.com/30d/MIDCAPBETA-EQ.svg,,EQ
HDFCVALUE,HDFC NIFTY50 Value 20 ETF,125.62,126.17,125.15,125.7,0.07,0.06,1384,173775.04,125.5043,147.05,120,-,-,-5.367763306481976,-1.9577256064269597,125.63,0,-4.3,-1.13,29-Aug-2025,31-Jul-2026,-,-1.9577256064269597,-,-5.367763306481976,14.518871132267941,-4.750000000000002,https://nsearchives.nseindia.com/today/HDFCVALUEEQN.svg,https://nsearchives.nseindia.com/30d/HDFCVALUE-EQ.svg,https://nsearchives.nseindia.com/365d/HDFCVALUE-EQ.svg,EQ
NEXT50ADD,Nifty Next 50 TRI,73.72,73.73,72.89,73.52,-0.24,-0.33,2355,172739.25,74.1859,81,56.25,-,-,Infinity,-0.8094981111710854,73.76,0,0,-0.58,,31-Jul-2026,-,-0.8094981111710854,-,Infinity,9.234567901234573,-30.702222222222215,https://nsearchives.nseindia.com/today/NEXT50ADDEQN.svg,https://nsearchives.nseindia.com/30d/NEXT50ADD-EQ.svg,,EQ
EBANKNIFTY,Edelweiss Nifty Bank ETF,58.11,58.3,57.63,57.95,0.03,0.05,2833,164568.97,58.5892,69.39,50.05,-,-,6.44746509919178,-0.7875363807567091,57.92,0,6.92,-0.05,29-Aug-2025,31-Jul-2026,-,-0.7875363807567091,-,6.44746509919178,16.486525435941775,-15.784215784215796,https://nsearchives.nseindia.com/today/EBANKNIFTYEQN.svg,https://nsearchives.nseindia.com/30d/EBANKNIFTY-EQ.svg,https://nsearchives.nseindia.com/365d/EBANKNIFTY-EQ.svg,EQ
MSCI360,MSCI India Index,10,10.2,10,10.13,-0.08,-0.78,14953,150875.77,10.1598,12.24,9.6,-,-,Infinity,-2.3143683702989244,10.21,0,0,-0.2,,31-Jul-2026,-,-2.3143683702989244,-,Infinity,17.238562091503262,-5.5208333333333455,https://nsearchives.nseindia.com/today/MSCI360EQN.svg,https://nsearchives.nseindia.com/30d/MSCI360-EQ.svg,,EQ
MOPSE,Nifty PSE Total Return Index,98.48,99.9,98.3,99.9,-0.05,-0.05,1483,146386.93,98.7722,114.7,93.12,-,-,6.17493888829844,-1.3820335636722523,99.95,0,7.91,-0.28,29-Aug-2025,31-Jul-2026,-,-1.3820335636722523,-,6.17493888829844,12.90322580645161,-7.280927835051547,https://nsearchives.nseindia.com/today/MOPSEEQN.svg,https://nsearchives.nseindia.com/30d/MOPSE-EQ.svg,https://nsearchives.nseindia.com/365d/MOPSE-EQ.svg,EQ
BBNPNBETF,Baroda BNP Paribas NIFTY Bank ETF,56.79,58.26,56.79,57.5,-0.5,-0.86,2363,137195.78,58.5502,62.77,50.03,-,-,5.815237394184756,-1.3552925030022287,58,0,7.01,0.76,29-Aug-2025,31-Jul-2026,-,-1.3552925030022287,-,5.815237394184756,8.395730444479852,-14.931041375174892,https://nsearchives.nseindia.com/today/BBNPNBETFEQN.svg,https://nsearchives.nseindia.com/30d/BBNPNBETF-EQ.svg,https://nsearchives.nseindia.com/365d/BBNPNBETF-EQ.svg,EQ
MON50EQUAL,Nifty 50 Equal Weight Total Return Index,33.47,33.48,33.14,33.3,-0.05,-0.15,4110,136945.2,33.4303,36,29.43,-,-,5.279797660448936,-2.7453271028037523,33.35,0,6.48,-1.62,29-Aug-2025,31-Jul-2026,-,-2.7453271028037523,-,5.279797660448936,7.500000000000008,-13.149847094801215,https://nsearchives.nseindia.com/today/MON50EQUALEQN.svg,https://nsearchives.nseindia.com/30d/MON50EQUAL-EQ.svg,https://nsearchives.nseindia.com/365d/MON50EQUAL-EQ.svg,EQ
TOP20,Nifty Top 20 Equal Weight,8.98,9,8.92,8.92,-0.03,-0.34,14475,129551.25,8.9617,9.99,8,-,-,Infinity,-2.407002188183814,8.95,0,0,-0.89,,31-Jul-2026,-,-2.407002188183814,-,Infinity,10.710710710710714,-11.5,https://nsearchives.nseindia.com/today/TOP20EQN.svg,https://nsearchives.nseindia.com/30d/TOP20-EQ.svg,,EQ
GROWWMC150,Nifty Midcap 150 Index - TRI,235.03,239.23,233.85,234.07,-1.63,-0.69,548,128829.32,236.0973,245,193.6,-,-,Infinity,0.5368954557168628,235.7,0,0,1.93,,31-Jul-2026,-,0.5368954557168628,-,Infinity,4.461224489795921,-20.903925619834713,https://nsearchives.nseindia.com/today/GROWWMC150EQN.svg,https://nsearchives.nseindia.com/30d/GROWWMC150-EQ.svg,,EQ
GILT5BETA,UTI Nifty 5 yr Benchmark G-Sec ETF,66.74,66.89,65.57,65.68,-1.06,-1.59,1958,128483.96,66.2275,67.62,61.51,-,-,Infinity,-0.5300620929880271,66.74,0,0,0.01,,31-Jul-2026,-,-0.5300620929880271,-,Infinity,2.868973676427089,-6.7793854657779375,https://nsearchives.nseindia.com/today/GILT5BETAEQN.svg,https://nsearchives.nseindia.com/30d/GILT5BETA-EQ.svg,,EQ
EQUAL200,BSE 200 Equal Weight,13.9,13.93,13.81,13.83,-0.08,-0.58,8664,119996.4,11.786,14.6,11.75,-,-,7.878315132605302,-1.7755681818181819,13.91,0,10.13,0,29-Aug-2025,31-Jul-2026,-,-1.7755681818181819,-,7.878315132605302,5.273972602739724,-17.70212765957447,https://nsearchives.nseindia.com/today/EQUAL200EQN.svg,https://nsearchives.nseindia.com/30d/EQUAL200-EQ.svg,https://nsearchives.nseindia.com/365d/EQUAL200-EQ.svg,EQ
MONIFTY100,Nifty 100 Total Return Index,25.41,25.47,25.2,25.27,-0.14,-0.55,4653,118046.61,25.4116,27.97,22.38,-,-,Infinity,-1.9402405898331394,25.41,0,0,-0.94,,31-Jul-2026,-,-1.9402405898331394,-,Infinity,9.65319985698963,-12.913315460232353,https://nsearchives.nseindia.com/today/MONIFTY100EQN.svg,https://nsearchives.nseindia.com/30d/MONIFTY100-EQ.svg,,EQ
GROWWLOVOL,Nifty 500 Low Volatility 50 Index   TRI,10.41,10.45,10.25,10.41,-0.01,-0.10,10649,110643.11,10.4625,11.1,9.39,-,-,2.0588235294117734,-2.710280373831768,10.42,0,3.27,-1.88,29-Aug-2025,31-Jul-2026,-,-2.710280373831768,-,2.0588235294117734,6.216216216216211,-10.862619808306704,https://nsearchives.nseindia.com/today/GROWWLOVOLEQN.svg,https://nsearchives.nseindia.com/30d/GROWWLOVOL-EQ.svg,https://nsearchives.nseindia.com/365d/GROWWLOVOL-EQ.svg,EQ
ELMDIV,Index (BSE LargeMid (60:40) Stable Dividend 50),36.99,37,36.13,36.13,-0.62,-1.69,3015,109987.2,36.7503,38.67,36.13,-,-,Infinity,Infinity,36.75,0,0,0,,,-,Infinity,-,Infinity,6.568399275924487,0,https://nsearchives.nseindia.com/today/ELMDIVEQN.svg,,,EQ
BANKADD,DSP Nifty Bank ETF,58.97,59.16,58.63,58.77,-0.2,-0.34,1866,109832.76,59.4881,62.9,51.01,-,-,Infinity,0.18752130923969748,58.97,0,0,0.68,,31-Jul-2026,-,0.18752130923969748,-,Infinity,6.565977742448323,-15.212703391491873,https://nsearchives.nseindia.com/today/BANKADDEQN.svg,https://nsearchives.nseindia.com/30d/BANKADD-EQ.svg,,EQ
IVZSENSEX,BSE Sensex TRI,76.86,77.3,76.35,76.35,0.39,0.51,1301,99877.77,76.9857,79.2,75.53,-,-,Infinity,Infinity,75.96,0,0,0,,,-,Infinity,-,Infinity,3.5984848484848593,-1.085661326625173,https://nsearchives.nseindia.com/today/IVZSENSEXEQN.svg,,,EQ
SNXT50BETA,BSE Sensex Next 50,95.29,96.4,94.11,94.74,0.11,0.12,986,93798.18,95.5727,102.25,77.11,17-FEB-21, FACE VALUE SPLIT (SUB-DIVISION) - FROM RS 10/- PER UNIT TO RE 1/- PER UNIT,Infinity,-1.147746243739575,94.63,0,0,-0.65,,31-Jul-2026, FACE VALUE SPLIT (SUB-DIVISION) - FROM RS 10/- PER UNIT TO RE 1/- PER UNIT,-1.147746243739575,17-FEB-21,Infinity,7.344743276283623,-22.863441836337692,https://nsearchives.nseindia.com/today/SNXT50BETAEQN.svg,https://nsearchives.nseindia.com/30d/SNXT50BETA-EQ.svg,,EQ
BSLSENETFG,BSE SENSEX Index,77.5,78.15,77.14,77.84,0.23,0.30,1189,92159.39,77.6622,87.82,70.32,25-NOV-21, FACE VALUE SPLIT (SUB-DIVISION) - FROM RS 10/- PER SHARE TO RE 1- PER SHARE,-2.954743797531468,-1.6426585797321167,77.61,0,-2.85,-1.2,29-Aug-2025,31-Jul-2026, FACE VALUE SPLIT (SUB-DIVISION) - FROM RS 10/- PER SHARE TO RE 1- PER SHARE,-1.6426585797321167,25-NOV-21,-2.954743797531468,11.364153951263939,-10.693970420932894,https://nsearchives.nseindia.com/today/BSLSENETFGEQN.svg,https://nsearchives.nseindia.com/30d/BSLSENETFG-EQ.svg,https://nsearchives.nseindia.com/365d/BSLSENETFG-EQ.svg,EQ
MOBANK10,BSE Top 10 Banks Total Return Index,17.25,17.25,16.83,16.86,-0.05,-0.30,5206,88189.64,16.9828,20,15.75,-,-,Infinity,-1.8054746651135833,16.91,0,0,-1.86,,31-Jul-2026,-,-1.8054746651135833,-,Infinity,15.700000000000003,-7.047619047619044,https://nsearchives.nseindia.com/today/MOBANK10EQN.svg,https://nsearchives.nseindia.com/30d/MOBANK10-EQ.svg,,EQ
LOWVOL,Mirae Asset Nifty 100 Low Volatility 30 ETF,207.57,207.77,206.33,207.13,-0.44,-0.21,423,87607.53,208.0928,219.1,183.58,-,-,-0.8947368421052654,-3.3457769482034605,207.57,0,0.16,-1.95,29-Aug-2025,31-Jul-2026,-,-3.3457769482034605,-,-0.8947368421052654,5.463258785942492,-12.828194792461042,https://nsearchives.nseindia.com/today/LOWVOLEQN.svg,https://nsearchives.nseindia.com/30d/LOWVOL-EQ.svg,https://nsearchives.nseindia.com/365d/LOWVOL-EQ.svg,EQ
MOSERVICE,Nifty Services Sector Total Return Index,30.94,31.04,30.76,30.77,-0.24,-0.77,2735,84292.7,31.0197,35.37,28.3,-,-,Infinity,-3.147623544224111,31.01,0,0,-1.52,,31-Jul-2026,-,-3.147623544224111,-,Infinity,13.005371783997733,-8.727915194346286,https://nsearchives.nseindia.com/today/MOSERVICEEQN.svg,https://nsearchives.nseindia.com/30d/MOSERVICE-EQ.svg,,EQ
LARGEMID50,BSE LargeMid (60:40) Stable Dividend 50 TRI (Total Return Index),36.74,36.78,36.45,36.53,-0.21,-0.57,2132,77818,36.7563,38,36.45,-,-,Infinity,Infinity,36.74,0,0,0,,,-,Infinity,-,Infinity,3.868421052631576,-0.21947873799725182,https://nsearchives.nseindia.com/today/LARGEMID50EQN.svg,,,EQ
MSCIADD,MSCI India Index,29.53,29.61,29.41,29.55,-0.17,-0.57,2630,77558.7,29.7257,33.82,26.4,-,-,Infinity,-1.7292983039574312,29.72,0,0,-0.8,,31-Jul-2026,-,-1.7292983039574312,-,Infinity,12.625665286812534,-11.93181818181819,https://nsearchives.nseindia.com/today/MSCIADDEQN.svg,https://nsearchives.nseindia.com/30d/MSCIADD-EQ.svg,,EQ
GILT10BETA,UTI Nifty 10 yr Benchmark G-Sec ETF,26.77,26.77,26.24,26.52,-0.29,-1.08,2929,77442.76,26.5016,27.14,25.1,-,-,Infinity,-0.03769317753487208,26.81,0,0,1.71,,31-Jul-2026,-,-0.03769317753487208,-,Infinity,2.284450994841566,-5.65737051792828,https://nsearchives.nseindia.com/today/GILT10BETAEQN.svg,https://nsearchives.nseindia.com/30d/GILT10BETA-EQ.svg,,EQ
DIVIDEND,BSE 500 Dividend Leaders,35.76,35.79,35.55,35.55,0.07,0.20,2157,76853.91,35.5162,38.03,33.15,-,-,Infinity,-2.495885902358759,35.48,0,0,-1.72,,31-Jul-2026,-,-2.495885902358759,-,Infinity,6.521167499342635,-7.2398190045248825,https://nsearchives.nseindia.com/today/DIVIDENDEQN.svg,https://nsearchives.nseindia.com/30d/DIVIDEND-EQ.svg,,EQ
MOMNC,Nifty MNC ETF Total Return Index,32.94,34.43,32.33,33,0.06,0.18,2324,76575.8,33.0007,35.8,27.03,-,-,Infinity,-1.404242605318192,32.94,0,0,0.03,,31-Jul-2026,-,-1.404242605318192,-,Infinity,7.821229050279323,-22.0865704772475,https://nsearchives.nseindia.com/today/MOMNCEQN.svg,https://nsearchives.nseindia.com/30d/MOMNC-EQ.svg,,EQ
BNKETFAXIS,Nifty Bank,596.97,596.97,590.04,591.79,-2.21,-0.37,122,72316.72,599.1281,647.82,512.51,-,-,Infinity,-0.3233902073402962,594,0,0,1.1,,30-Jul-2026,-,-0.3233902073402962,-,Infinity,8.649007440338378,-15.468966459191035,https://nsearchives.nseindia.com/today/BNKETFAXISEQN.svg,https://nsearchives.nseindia.com/30d/BNKETFAXIS-EQ.svg,,EQ
ENEXT50,Nifty Next 50 Total Return Index,73.6,73.6,72.17,72.91,-0.35,-0.48,887,64866.31,73.5444,76,68.59,-,-,Infinity,-1.4729729729729777,73.26,0,0,-0.54,,31-Jul-2026,-,-1.4729729729729777,-,Infinity,4.065789473684215,-6.298294211984244,https://nsearchives.nseindia.com/today/ENEXT50EQN.svg,https://nsearchives.nseindia.com/30d/ENEXT50-EQ.svg,,EQ
ESENSEX,BSE Sensex TRI,77.05,79,77.05,77.52,0.66,0.86,836,64497.4,77.5272,88.05,71.87,-,-,Infinity,-2.3308554869598193,76.86,0,0,-2.4,,31-Jul-2026,-,-2.3308554869598193,-,Infinity,11.959114139693357,-7.861416446361473,https://nsearchives.nseindia.com/today/ESENSEXEQN.svg,https://nsearchives.nseindia.com/30d/ESENSEX-EQ.svg,,EQ
LIQUIDBETA,Nifty 1D Rate Index,1006.47,1006.47,1006.45,1006.46,0.14,0.01,64,64413.44,1006.3238,1009.78,997.13,-,-,Infinity,0.37698966769059783,1006.32,0,0,0.42,,30-Jul-2026,-,0.37698966769059783,-,Infinity,0.328784487710188,-0.9356854171472166,https://nsearchives.nseindia.com/today/LIQUIDBETAEQN.svg,https://nsearchives.nseindia.com/30d/LIQUIDBETA-EQ.svg,,EQ
EMETAL,Nifty Metal Total Return Index,13.2,13.69,13.08,13.26,0.02,0.15,4694,62195.5,13.183,15.21,12.41,-,-,Infinity,2.472952086553325,13.24,0,0,2.87,,31-Jul-2026,-,2.472952086553325,-,Infinity,12.820512820512826,-6.849315068493149,https://nsearchives.nseindia.com/today/EMETALEQN.svg,https://nsearchives.nseindia.com/30d/EMETAL-EQ.svg,,EQ
IVZINNIFTY,Nifty 50,268.61,277.33,268.61,275.76,0.26,0.09,180,49615.2,276.387,315,251.1,31-JUL-26,FACE VALUE SPLIT (SUB-DIVISION) - FROM RS 10/- PER SHARE TO RE 1/- PER SHARE,-90.08275162644169,-1.8542904936470213,275.5,0,-90.09,-1.81,29-Aug-2025,31-Jul-2026,FACE VALUE SPLIT (SUB-DIVISION) - FROM RS 10/- PER SHARE TO RE 1/- PER SHARE,-1.8542904936470213,31-JUL-26,-90.08275162644169,12.45714285714286,-9.820788530465949,https://nsearchives.nseindia.com/today/IVZINNIFTYEQN.svg,https://nsearchives.nseindia.com/30d/IVZINNIFTY-EQ.svg,https://nsearchives.nseindia.com/365d/IVZINNIFTY-EQ.svg,EQ
GSEC5IETF,Nifty 5 yr Benchmark G-Sec Index,66,66.84,65.91,66.01,0,0.00,729,48303.54,66.1754,69.14,62,-,-,5.904059040590417,-0.015146925174175865,66.01,0,5.25,-0.74,29-Aug-2025,31-Jul-2026,-,-0.015146925174175865,-,5.904059040590417,4.527046572172397,-6.467741935483879,https://nsearchives.nseindia.com/today/GSEC5IETFEQN.svg,https://nsearchives.nseindia.com/30d/GSEC5IETF-EQ.svg,https://nsearchives.nseindia.com/365d/GSEC5IETF-EQ.svg,EQ
ENIFTY,Nifty 50 TRI,24.36,24.42,24.1,24.42,0.16,0.66,1787,43299.01,24.2798,27.99,22.28,-,-,Infinity,-1.4925373134328255,24.26,0,0,-1.34,,31-Jul-2026,-,-1.4925373134328255,-,Infinity,12.75455519828509,-9.60502692998205,https://nsearchives.nseindia.com/today/ENIFTYEQN.svg,https://nsearchives.nseindia.com/30d/ENIFTY-EQ.svg,,EQ
QUALITY30,Nifty200 Quality 30 Index,20.94,20.97,20.86,20.86,-0.05,-0.24,2040,42656.4,20.965,23.18,18.09,-,-,0.5785920925747396,-1.6965127238454263,20.91,0,1.95,-0.14,29-Aug-2025,31-Jul-2026,-,-1.6965127238454263,-,0.5785920925747396,10.00862812769629,-15.312327252625757,https://nsearchives.nseindia.com/today/QUALITY30EQN.svg,https://nsearchives.nseindia.com/30d/QUALITY30-EQ.svg,https://nsearchives.nseindia.com/365d/QUALITY30-EQ.svg,EQ
NPBET,Nifty Private Bank Index,288.16,289.52,286,287.68,0.95,0.33,145,41651.25,290.5985,307,246.26,-,-,6.061052942043945,-0.41195001211617605,286.73,0,6.6,0.71,29-Aug-2025,31-Jul-2026,-,-0.41195001211617605,-,6.061052942043945,6.293159609120519,-16.819621538211653,https://nsearchives.nseindia.com/today/NPBETEQN.svg,https://nsearchives.nseindia.com/30d/NPBET-EQ.svg,https://nsearchives.nseindia.com/365d/NPBET-EQ.svg,EQ
IVZBANKNF,Nifty Bank TRI,57.47,57.53,57.3,57.3,0.02,0.03,706,40524.4,57.9779,57.72,57.05,-,-,Infinity,Infinity,57.28,0,0,0,,,-,Infinity,-,Infinity,0.7276507276507306,-0.43821209465381245,https://nsearchives.nseindia.com/today/IVZBANKNFEQN.svg,,,EQ
LICNFNHGP,Nifty 100,277.66,278.16,274.24,274.24,-3.64,-1.31,142,39180.64,276.8308,296.41,248.02,-,-,0.06202794906411352,-2.965112164744178,277.88,0,1.69,0.34,29-Aug-2025,31-Jul-2026,-,-2.965112164744178,-,0.06202794906411352,7.479504740056009,-10.571728086444642,https://nsearchives.nseindia.com/today/LICNFNHGPEQN.svg,https://nsearchives.nseindia.com/30d/LICNFNHGP-EQ.svg,https://nsearchives.nseindia.com/365d/LICNFNHGP-EQ.svg,EQ
GSEC10YEAR,Mirae Asset Nifty 8-13 yr G-Sec ETF,30.55,30.55,30.39,30.51,-0.04,-0.13,883,26843.2,30.3599,31.33,28.39,-,-,5.461458693397863,1.1940298507462785,30.55,0,5.2,0.79,29-Aug-2025,31-Jul-2026,-,1.1940298507462785,-,5.461458693397863,2.617299712735387,-7.467418104966542,https://nsearchives.nseindia.com/today/GSEC10YEAREQN.svg,https://nsearchives.nseindia.com/30d/GSEC10YEAR-EQ.svg,https://nsearchives.nseindia.com/365d/GSEC10YEAR-EQ.svg,EQ
SENSEXADD,DSP S&P BSE Sensex ETF,79.58,79.82,79.07,79.37,0.06,0.08,153,12129.84,79.4371,88.2,73.27,-,-,-3.3369869687005176,-2.145234866231038,79.31,0,-2.85,-1.31,29-Aug-2025,31-Jul-2026,-,-2.145234866231038,-,-3.3369869687005176,10.011337868480723,-8.325371912105922,https://nsearchives.nseindia.com/today/SENSEXADDEQN.svg,https://nsearchives.nseindia.com/30d/SENSEXADD-EQ.svg,https://nsearchives.nseindia.com/365d/SENSEXADD-EQ.svg,EQ
LICNETFSEN,SENSEX,874.15,874.69,872,872,-1,-0.11,9,7865.19,869.9527,974.02,803,-,-,-2.8011547936196535,-1.8570624648283625,873,0,-2.5,-0.47,29-Aug-2025,31-Jul-2026,-,-1.8570624648283625,-,-2.8011547936196535,10.474117574587789,-8.592777085927771,https://nsearchives.nseindia.com/today/LICNETFSENEQN.svg,https://nsearchives.nseindia.com/30d/LICNETFSEN-EQ.svg,https://nsearchives.nseindia.com/365d/LICNETFSEN-EQ.svg,EQ
EBANK10,Index (BSE Top 10 Bank),17.06,17.06,16.71,16.71,-0.18,-1.07,457,7686.74,16.8521,17.9,16.6,-,-,Infinity,Infinity,16.89,0,0,0,,,-,Infinity,-,Infinity,6.648044692737418,-0.662650602409635,https://nsearchives.nseindia.com/today/EBANK10EQN.svg,,,EQ
ABSLMSCIN,MSCI India Index,29.64,30.32,29.37,29.51,-0.21,-0.71,247,7338.37,29.7067,35.34,26.34,-,-,Infinity,-0.9399127223900557,29.72,0,0,-0.5,,31-Jul-2026,-,-0.9399127223900557,-,Infinity,16.496887379739675,-12.034927866362953,https://nsearchives.nseindia.com/today/ABSLMSCINEQN.svg,https://nsearchives.nseindia.com/30d/ABSLMSCIN-EQ.svg,,EQ
GSEC10ADD,Nifty 10 yr Benchmark G-Sec,26.64,26.64,26.49,26.49,-0.02,-0.08,185,4902.5,26.6275,27.5,26.49,-,-,Infinity,Infinity,26.51,0,0,0,,,-,Infinity,-,Infinity,3.6727272727272786,0,https://nsearchives.nseindia.com/today/GSEC10ADDEQN.svg,,,EQ
ABGSEC,Aditya Birla Sun Life CRISIL Broad Based Gilt ETF,114.51,114.72,113.68,113.68,-1.33,-1.16,27,3094.47,114.0672,118,108.33,-,-,3.8742690058479616,0.04400246413800173,115.01,0,5.59,0.88,29-Aug-2025,31-Jul-2026,-,0.04400246413800173,-,3.8742690058479616,3.6610169491525366,-4.9386134957998795,https://nsearchives.nseindia.com/today/ABGSECEQN.svg,https://nsearchives.nseindia.com/30d/ABGSEC-EQ.svg,https://nsearchives.nseindia.com/365d/ABGSEC-EQ.svg,EQ
GSEC10ABSL,CRISIL 10 Year Gilt ETF,112.65,112.65,112.65,112.65,0.59,0.53,5,563.25,112.1939,115,107.65,-,-,3.6243215895501906,-0.547364703805059,112.06,0,2.63,-1.2,29-Aug-2025,31-Jul-2026,-,-0.547364703805059,-,3.6243215895501906,2.04347826086956,-4.644681839294008,https://nsearchives.nseindia.com/today/GSEC10ABSLEQN.svg,https://nsearchives.nseindia.com/30d/GSEC10ABSL-EQ.svg,https://nsearchives.nseindia.com/365d/GSEC10ABSL-EQ.svg,EQ
