symbol,assets,open,high,low,ltP,chn,per,qty,trdVal,nav,wkhi,wklo,xDt,cAct,yPC,mPC,prevClose,stockIndClosePrice,perChange365d,perChange30d,date365dAgo,date30dAgo,CAct,MPC,XDt,YPC,nearWKH,nearWKL,chartTodayPath,chart30dPath,chart365dPath,series
SILVERBEES,Domestic price of Silver- based on LBMA Silver daily spot fixing price,222.12,223.74,221.25,222.75,2.87,1.31,16085668,3580669696.8,220.1134,360,117.95,-,-,87.24781439139207,7.427055702917774,219.88,0,84.84,6.04,03-Sep-2025,04-Aug-2026,-,7.427055702917774,-,87.24781439139207,38.125,-88.85120813904196,https://nsearchives.nseindia.com/today/SILVERBEESEQN.svg,https://nsearchives.nseindia.com/30d/SILVERBEES-EQ.svg,https://nsearchives.nseindia.com/365d/SILVERBEES-EQ.svg,EQ
LIQUIDBEES,Government Securities,1020,1020,999.99,1000.01,0.01,0.00,2607097,2607097000,1000,1029.99,969.99,19-SEP-17, EXIT OPTION PURSUANT TO CHANGE IN FUNDAMENTAL ATTRIBUTES OF ETF  ,0.002000020000198183,0.002000020000198183,1000,0,0,0,03-Sep-2025,04-Aug-2026, EXIT OPTION PURSUANT TO CHANGE IN FUNDAMENTAL ATTRIBUTES OF ETF  ,0.002000020000198183,19-SEP-17,0.002000020000198183,2.9107078709502052,-3.0948772667759443,https://nsearchives.nseindia.com/today/LIQUIDBEESEQN.svg,https://nsearchives.nseindia.com/30d/LIQUIDBEES-EQ.svg,https://nsearchives.nseindia.com/365d/LIQUIDBEES-EQ.svg,EQ
GOLDBEES,Gold,126.85,127.72,126.78,127.09,0.86,0.68,20415178,2597218945.16,125.9629,148.14,87.15,19-DEC-19, FACE VALUE SPLIT (SUB-DIVISION) - FROM RS 100/- TO RS 1/-,44.61766044606283,8.484848484848483,126.23,0,43.64,7.75,03-Sep-2025,04-Aug-2026, FACE VALUE SPLIT (SUB-DIVISION) - FROM RS 100/- TO RS 1/-,8.484848484848483,19-DEC-19,44.61766044606283,14.209531524233823,-45.82903040734366,https://nsearchives.nseindia.com/today/GOLDBEESEQN.svg,https://nsearchives.nseindia.com/30d/GOLDBEES-EQ.svg,https://nsearchives.nseindia.com/365d/GOLDBEES-EQ.svg,EQ
LIQUIDCASE,Zerodha Nifty 1D Rate Liquid ETF,115.81,115.81,115.79,115.79,0.03,0.03,18435860,2134688229.4,115.7576,115.81,107.56,-,-,5.034470246734408,0.4162691874078605,115.76,0,5.01,0.39,03-Sep-2025,04-Aug-2026,-,0.4162691874078605,-,5.034470246734408,0.017269665831962714,-7.65154332465601,https://nsearchives.nseindia.com/today/LIQUIDCASEEQN.svg,https://nsearchives.nseindia.com/30d/LIQUIDCASE-EQ.svg,https://nsearchives.nseindia.com/365d/LIQUIDCASE-EQ.svg,EQ
NIFTYBEES,Nifty 50,278.08,278.08,272.56,273.23,0.6,0.22,3162846,864500697.18,272.261,302.25,251.7,19-DEC-19, FACE VALUE SPLIT (SUB-DIVISION) - FROM RS 10/- TO RS 1/-,-2.047035204703513,-1.9943326518167803,272.63,0,-2.26,-2.21,03-Sep-2025,04-Aug-2026, FACE VALUE SPLIT (SUB-DIVISION) - FROM RS 10/- TO RS 1/-,-1.9943326518167803,19-DEC-19,-2.047035204703513,9.601323407775014,-8.553833929280902,https://nsearchives.nseindia.com/today/NIFTYBEESEQN.svg,https://nsearchives.nseindia.com/30d/NIFTYBEES-EQ.svg,https://nsearchives.nseindia.com/365d/NIFTYBEES-EQ.svg,EQ
TATSILV,Tata Silver Exchange Traded Fund,22.35,22.79,22.35,22.64,0.3,1.34,34470366,779374975.26,22.3522,35.1,11.63,-,-,88.03986710963457,7.502374169040844,22.34,0,85.55,6.08,03-Sep-2025,04-Aug-2026,-,7.502374169040844,-,88.03986710963457,35.4985754985755,-94.66895958727429,https://nsearchives.nseindia.com/today/TATSILVEQN.svg,https://nsearchives.nseindia.com/30d/TATSILV-EQ.svg,https://nsearchives.nseindia.com/365d/TATSILV-EQ.svg,EQ
LIQUID1,Kotak Nifty 1D Rate Liquid ETF,1121.04,1121.45,1121.04,1121.44,0.4,0.04,616507,691369445.01,1121.0377,1136.66,1062.62,-,-,5.1218597675290685,0.43435817981534286,1121.04,0,5.08,0.4,03-Sep-2025,04-Aug-2026,-,0.43435817981534286,-,5.1218597675290685,1.3390107859870168,-5.5353748282547075,https://nsearchives.nseindia.com/today/LIQUID1EQN.svg,https://nsearchives.nseindia.com/30d/LIQUID1-EQ.svg,https://nsearchives.nseindia.com/365d/LIQUID1-EQ.svg,EQ
TATAGOLD,Tata Gold Exchange Traded Fund,14.82,15.04,14.82,14.95,0.13,0.88,44264152,661306430.88,14.8049,17.7,10.18,-,-,44.864341085271306,8.569353667392882,14.82,0,43.6,7.63,03-Sep-2025,04-Aug-2026,-,8.569353667392882,-,44.864341085271306,15.536723163841808,-46.8565815324165,https://nsearchives.nseindia.com/today/TATAGOLDEQN.svg,https://nsearchives.nseindia.com/30d/TATAGOLD-EQ.svg,https://nsearchives.nseindia.com/365d/TATAGOLD-EQ.svg,EQ
SETFGOLD,Gold,133.47,133.47,130.75,131.22,1,0.77,4422415,580220848,129.9071,153.95,88.11,06-JAN-22,FACE VALUE SPLIT (SUB-DIVISION) - FROM RS 100/- PER SHARE TO RS 1/- PER SHARE,44.72262049189367,8.473175167396874,130.22,0,43.62,7.65,03-Sep-2025,04-Aug-2026,FACE VALUE SPLIT (SUB-DIVISION) - FROM RS 100/- PER SHARE TO RS 1/- PER SHARE,8.473175167396874,06-JAN-22,44.72262049189367,14.764533939590772,-48.92747701736466,https://nsearchives.nseindia.com/today/SETFGOLDEQN.svg,https://nsearchives.nseindia.com/30d/SETFGOLD-EQ.svg,https://nsearchives.nseindia.com/365d/SETFGOLD-EQ.svg,EQ
SILVERIETF,Domestic Price of Silver,232.88,233.46,230.51,232.34,2.4,1.04,2490162,578663845.56,229.8072,373.5,122.61,-,-,88.09909326424871,7.415626444752654,229.94,0,86.16,6.31,03-Sep-2025,04-Aug-2026,-,7.415626444752654,-,88.09909326424871,37.79384203480589,-89.49514721474594,https://nsearchives.nseindia.com/today/SILVERIETFEQN.svg,https://nsearchives.nseindia.com/30d/SILVERIETF-EQ.svg,https://nsearchives.nseindia.com/365d/SILVERIETF-EQ.svg,EQ
GOLDIETF,Gold,131.21,132.99,131.21,131.9,1.15,0.88,4150183,547284632.21,130.4741,158,90.3,-,-,45.008795074758154,8.702818526454593,130.75,0,43.74,7.76,03-Sep-2025,04-Aug-2026,-,8.702818526454593,-,45.008795074758154,16.51898734177215,-46.06866002214841,https://nsearchives.nseindia.com/today/GOLDIETFEQN.svg,https://nsearchives.nseindia.com/30d/GOLDIETF-EQ.svg,https://nsearchives.nseindia.com/365d/GOLDIETF-EQ.svg,EQ
LIQUIDIETF,S&P BSE Liquid Rate Index,1000,1000.01,999.51,1000,0.01,0.00,540668,540662593.32,1000,1041.19,955,-,-,0.0010000100000990915,0.0010000100000990915,999.99,0,0,0,03-Sep-2025,04-Aug-2026,-,0.0010000100000990915,-,0.0010000100000990915,3.956050288612074,-4.712041884816754,https://nsearchives.nseindia.com/today/LIQUIDIETFEQN.svg,https://nsearchives.nseindia.com/30d/LIQUIDIETF-EQ.svg,https://nsearchives.nseindia.com/365d/LIQUIDIETF-EQ.svg,EQ
HDFCSILVER,HDFC Silver ETF,215,223.71,215,222.62,2.54,1.15,2287210,509361667,220.0654,359,118.12,-,-,86.82443773078215,7.431715085416468,220.08,0,84.69,6.21,03-Sep-2025,04-Aug-2026,-,7.431715085416468,-,86.82443773078215,37.98885793871866,-88.46935320013546,https://nsearchives.nseindia.com/today/HDFCSILVEREQN.svg,https://nsearchives.nseindia.com/30d/HDFCSILVER-EQ.svg,https://nsearchives.nseindia.com/365d/HDFCSILVER-EQ.svg,EQ
HDFCGOLD,Gold,132.5,133.62,130.72,131.4,1.03,0.79,3350795,440596034.55,130.1706,152.3,90,17-FEB-21, FACE VALUE SPLIT (SUB-DIVISION) - FROM RS 100/- PER UNIT TO RE 1/- PER UNIT,44.79338842975207,8.487450462351386,130.37,0,43.66,7.64,03-Sep-2025,04-Aug-2026, FACE VALUE SPLIT (SUB-DIVISION) - FROM RS 100/- PER UNIT TO RE 1/- PER UNIT,8.487450462351386,17-FEB-21,44.79338842975207,13.722915298752465,-46.00000000000001,https://nsearchives.nseindia.com/today/HDFCGOLDEQN.svg,https://nsearchives.nseindia.com/30d/HDFCGOLD-EQ.svg,https://nsearchives.nseindia.com/365d/HDFCGOLD-EQ.svg,EQ
LIQUIDADD,DSP S&P BSE Liquid Rate ETF,1143.55,1143.67,1143.5,1143.5,0.37,0.03,332115,379776823.65,1143.1268,1151.22,1086.86,-,-,5.0055556065712254,0.41976956582829605,1143.13,0,4.97,0.39,03-Sep-2025,04-Aug-2026,-,0.41976956582829605,-,5.0055556065712254,0.6705929361894362,-5.21134276723774,https://nsearchives.nseindia.com/today/LIQUIDADDEQN.svg,https://nsearchives.nseindia.com/30d/LIQUIDADD-EQ.svg,https://nsearchives.nseindia.com/365d/LIQUIDADD-EQ.svg,EQ
MODEFENCE,Nifty India Defence Total Return Index,106.9,107.97,106.5,107.34,1.29,1.22,3442112,370543356.8,106.2356,110.8,77.8,-,-,27.1499644633973,4.1428155622392655,106.05,0,25.62,2.89,03-Sep-2025,04-Aug-2026,-,4.1428155622392655,-,27.1499644633973,3.122743682310464,-37.96915167095116,https://nsearchives.nseindia.com/today/MODEFENCEEQN.svg,https://nsearchives.nseindia.com/30d/MODEFENCE-EQ.svg,https://nsearchives.nseindia.com/365d/MODEFENCE-EQ.svg,EQ
NIFTYBETF,Bajaj Finserv Nifty 50 ETF,249.51,249.51,245.75,245.75,-0.08,-0.03,1413872,348618419.04,245.9082,279.99,227.01,-,-,-2.290167388970614,-2.387194153161738,245.83,0,-2.26,-2.36,03-Sep-2025,04-Aug-2026,-,-2.387194153161738,-,-2.290167388970614,12.229008178863534,-8.255142945244707,https://nsearchives.nseindia.com/today/NIFTYBETFEQN.svg,https://nsearchives.nseindia.com/30d/NIFTYBETF-EQ.svg,https://nsearchives.nseindia.com/365d/NIFTYBETF-EQ.svg,EQ
LIQUID,Mirae Asset Nifty 1D Rate Liquid ETF,999.99,1000,999.99,1000,0.01,0.00,328991,328987710.09,1000,1024.98,974.99,-,-,0.0010000100000990915,0.0010000100000990915,999.99,0,0,0,03-Sep-2025,04-Aug-2026,-,0.0010000100000990915,-,0.0010000100000990915,2.4371207243068174,-2.565154514405275,https://nsearchives.nseindia.com/today/LIQUIDEQN.svg,https://nsearchives.nseindia.com/30d/LIQUID-EQ.svg,https://nsearchives.nseindia.com/365d/LIQUID-EQ.svg,EQ
LIQUIDETF,Nifty1D rate index,1000.01,1000.01,999.99,1000,0.01,0.00,308648,308648000,1000,1025,995,-,-,0,0.0010000100000990915,999.99,0,0,0,03-Sep-2025,04-Aug-2026,-,0.0010000100000990915,-,0,2.4390243902439024,-0.5025125628140703,https://nsearchives.nseindia.com/today/LIQUIDETFEQN.svg,https://nsearchives.nseindia.com/30d/LIQUIDETF-EQ.svg,https://nsearchives.nseindia.com/365d/LIQUIDETF-EQ.svg,EQ
ITBEES,Nifty IT TRI,34.34,34.76,34,34.25,-0.04,-0.12,8504508,291194353.92,34.2829,44.27,28.55,-,-,-11.63570691434468,-1.2968299711815643,34.29,0,-11.53,-1.18,03-Sep-2025,04-Aug-2026,-,-1.2968299711815643,-,-11.63570691434468,22.63383781341767,-19.964973730297718,https://nsearchives.nseindia.com/today/ITBEESEQN.svg,https://nsearchives.nseindia.com/30d/ITBEES-EQ.svg,https://nsearchives.nseindia.com/365d/ITBEES-EQ.svg,EQ
GOLDETF,Mirae Asset Gold ETF,148.61,150.73,148.61,149.4,1.17,0.79,1811520,270749779.2,148.1176,173.5,102.48,-,-,44.69733656174335,8.449477351916387,148.23,0,43.56,7.6,03-Sep-2025,04-Aug-2026,-,8.449477351916387,-,44.69733656174335,13.890489913544666,-45.78454332552693,https://nsearchives.nseindia.com/today/GOLDETFEQN.svg,https://nsearchives.nseindia.com/30d/GOLDETF-EQ.svg,https://nsearchives.nseindia.com/365d/GOLDETF-EQ.svg,EQ
LIQUIDPLUS,Nifty 1D Rate Index,1101.95,1102.03,1101.95,1102.03,0.4,0.04,233686,257524308.86,1101.6192,1127.08,1046.56,-,-,5.090354265007378,0.4273971604060779,1101.63,0,5.05,0.39,03-Sep-2025,04-Aug-2026,-,0.4273971604060779,-,5.090354265007378,2.2225574049756855,-5.300221678642412,https://nsearchives.nseindia.com/today/LIQUIDPLUSEQN.svg,https://nsearchives.nseindia.com/30d/LIQUIDPLUS-EQ.svg,https://nsearchives.nseindia.com/365d/LIQUIDPLUS-EQ.svg,EQ
LIQUIDBETF,Bajaj Finserv Nifty 1D Rate Liquid ETF,1097.63,1097.65,1097.63,1097.63,0.36,0.03,217506,238741110.78,1097.2572,1116.24,1009.94,-,-,4.911874904419646,0.4125805035129006,1097.27,0,4.88,0.38,03-Sep-2025,04-Aug-2026,-,0.4125805035129006,-,4.911874904419646,1.667204185479816,-8.68269402142702,https://nsearchives.nseindia.com/today/LIQUIDBETFEQN.svg,https://nsearchives.nseindia.com/30d/LIQUIDBETF-EQ.svg,https://nsearchives.nseindia.com/365d/LIQUIDBETF-EQ.svg,EQ
JUNIORBEES,Nippon India ETF Nifty Next 50 Junior BeES,795.84,795.84,784,791.65,2.91,0.37,283994,224784090.94,790.8292,823.97,632.34,10-MAR-14,DIVIDEND-RS.1 PER UNIT,9.36355975520466,-1.2905236907730702,788.74,0,8.96,-1.65,03-Sep-2025,04-Aug-2026,DIVIDEND-RS.1 PER UNIT,-1.2905236907730702,10-MAR-14,9.36355975520466,3.922472905566956,-25.193724894835047,https://nsearchives.nseindia.com/today/JUNIORBEESEQN.svg,https://nsearchives.nseindia.com/30d/JUNIORBEES-EQ.svg,https://nsearchives.nseindia.com/365d/JUNIORBEES-EQ.svg,EQ
GOLDCASE,Zerodha Gold ETF,24.51,24.51,24.13,24.22,0.19,0.79,8672063,210037365.86,23.9941,27.94,16.6,-,-,44.856459330143544,8.658591296545536,24.03,0,43.72,7.81,03-Sep-2025,04-Aug-2026,-,8.658591296545536,-,44.856459330143544,13.31424481030781,-45.90361445783131,https://nsearchives.nseindia.com/today/GOLDCASEEQN.svg,https://nsearchives.nseindia.com/30d/GOLDCASE-EQ.svg,https://nsearchives.nseindia.com/365d/GOLDCASE-EQ.svg,EQ
BANKBEES,Nifty Bank,599,599,595.03,596,-0.02,-0.00,345232,205951601.92,594.9504,638.99,515.98,19-DEC-19, FACE VALUE SPLIT (SUB-DIVISION) - FROM RS 10/- TO RS 1/-,6.699129936625005,0.04028467839398568,596.02,0,6.7,0.04,03-Sep-2025,04-Aug-2026, FACE VALUE SPLIT (SUB-DIVISION) - FROM RS 10/- TO RS 1/-,0.04028467839398568,19-DEC-19,6.699129936625005,6.727804816976793,-15.508353036939413,https://nsearchives.nseindia.com/today/BANKBEESEQN.svg,https://nsearchives.nseindia.com/30d/BANKBEES-EQ.svg,https://nsearchives.nseindia.com/365d/BANKBEES-EQ.svg,EQ
MOREALTY,Motilal Oswal Nifty Realty ETF,92,92.55,90.12,90.5,-1.25,-1.36,2200446,200878715.34,91.9555,99.49,64,-,-,1.3892000896258063,1.196466510119639,91.75,0,2.79,2.59,03-Sep-2025,04-Aug-2026,-,1.196466510119639,-,1.3892000896258063,9.036084028545579,-41.40625,https://nsearchives.nseindia.com/today/MOREALTYEQN.svg,https://nsearchives.nseindia.com/30d/MOREALTY-EQ.svg,https://nsearchives.nseindia.com/365d/MOREALTY-EQ.svg,EQ
SILVER,Physical price of Silver,230.51,233.49,230.51,232.3,2.66,1.16,770617,179206983.35,229.8611,371.89,122.66,-,-,87.89937717382514,7.342544244720676,229.64,0,85.75,6.11,03-Sep-2025,04-Aug-2026,-,7.342544244720676,-,87.89937717382514,37.535292694076205,-89.38529267894997,https://nsearchives.nseindia.com/today/SILVEREQN.svg,https://nsearchives.nseindia.com/30d/SILVER-EQ.svg,https://nsearchives.nseindia.com/365d/SILVER-EQ.svg,EQ
SMALLCAP,Mirae Asset Nifty Smallcap 250 Momentum Quality 100 ETF,49.25,49.4,47.73,49.22,0.16,0.33,3500382,171693737.1,49.0795,54.5,37.34,-,-,8.509700176366842,3.3816425120772937,49.06,0,8.16,3.05,03-Sep-2025,04-Aug-2026,-,3.3816425120772937,-,8.509700176366842,9.688073394495415,-31.815747188002128,https://nsearchives.nseindia.com/today/SMALLCAPEQN.svg,https://nsearchives.nseindia.com/30d/SMALLCAP-EQ.svg,https://nsearchives.nseindia.com/365d/SMALLCAP-EQ.svg,EQ
SBISILVER,SBI SILVER ETF,226.74,229.16,226.74,228.5,3,1.33,717256,163634783.84,225.5431,362,119.73,-,-,87.41797900262468,7.630711257654257,225.5,0,84.96,6.22,03-Sep-2025,04-Aug-2026,-,7.630711257654257,-,87.41797900262468,36.87845303867403,-90.84607032489768,https://nsearchives.nseindia.com/today/SBISILVEREQN.svg,https://nsearchives.nseindia.com/30d/SBISILVER-EQ.svg,https://nsearchives.nseindia.com/365d/SBISILVER-EQ.svg,EQ
MID150BEES,Nifty Midcap 150 TRI,241.04,241.05,238.67,239.44,-0.7,-0.29,654280,157275826.4,240.2324,247.15,190.43,-,-,9.039573751081559,-0.8406841429577178,240.14,0,9.36,-0.55,03-Sep-2025,04-Aug-2026,-,-0.8406841429577178,-,9.039573751081559,3.1195630184098757,-25.736491099091523,https://nsearchives.nseindia.com/today/MID150BEESEQN.svg,https://nsearchives.nseindia.com/30d/MID150BEES-EQ.svg,https://nsearchives.nseindia.com/365d/MID150BEES-EQ.svg,EQ
GOLD1,Gold,128.75,129.99,127.95,128.5,1.02,0.80,1165650,149727742.5,127.1796,158,87.47,22-JUL-21, FACE VALUE SPLIT (SUB-DIVISION) - FROM RS 10/- PER SHARE TO RE 1/- PER SHARE,44.90302210193954,8.64051403449442,127.48,0,43.75,7.78,03-Sep-2025,04-Aug-2026, FACE VALUE SPLIT (SUB-DIVISION) - FROM RS 10/- PER SHARE TO RE 1/- PER SHARE,8.64051403449442,22-JUL-21,44.90302210193954,18.670886075949365,-46.907511146678864,https://nsearchives.nseindia.com/today/GOLD1EQN.svg,https://nsearchives.nseindia.com/30d/GOLD1-EQ.svg,https://nsearchives.nseindia.com/365d/GOLD1-EQ.svg,EQ
SETFNIF50,Nifty 50,259.9,259.9,257.33,258.5,1.17,0.45,561856,145020652.16,257.3002,287.33,237.9,24-MAR-21, DIVIDEND - RS 1.30 PER SHARE,-2.0907507007044854,-1.99795276187587,257.33,0,-2.53,-2.44,03-Sep-2025,04-Aug-2026, DIVIDEND - RS 1.30 PER SHARE,-1.99795276187587,24-MAR-21,-2.0907507007044854,10.033759092332852,-8.659100462379149,https://nsearchives.nseindia.com/today/SETFNIF50EQN.svg,https://nsearchives.nseindia.com/30d/SETFNIF50-EQ.svg,https://nsearchives.nseindia.com/365d/SETFNIF50-EQ.svg,EQ
HDFCSML250,HDFC NIFTY Smallcap 250 ETF,187.49,187.49,186.26,186.3,0.04,0.02,738277,137880612.52,185.998,189.83,142.7,-,-,8.807382315150107,1.6422063396802986,186.26,0,8.78,1.62,03-Sep-2025,04-Aug-2026,-,1.6422063396802986,-,8.807382315150107,1.8595585523889802,-30.55360896986687,https://nsearchives.nseindia.com/today/HDFCSML250EQN.svg,https://nsearchives.nseindia.com/30d/HDFCSML250-EQ.svg,https://nsearchives.nseindia.com/365d/HDFCSML250-EQ.svg,EQ
GROWWCHEM,Nifty Chemicals Index - TRI,30.19,30.68,30.1,30.32,0.13,0.43,4453571,134809594.17,30.3568,31.74,24.64,-,-,Infinity,0.9993337774816813,30.19,0,0,0.57,,04-Aug-2026,-,0.9993337774816813,-,Infinity,4.473850031505981,-23.051948051948052,https://nsearchives.nseindia.com/today/GROWWCHEMEQN.svg,https://nsearchives.nseindia.com/30d/GROWWCHEM-EQ.svg,,EQ
SILVER1,Kotak Silver ETF,22.4,22.77,22.4,22.59,0.31,1.39,5918854,133588534.78,22.3348,38.8,11.93,27-FEB-26,FACE VALUE SPLIT (SUB-DIVISION) - FROM RS 10/- PER SHARE TO RE 1/- PER SHARE,-81.16872290763587,7.5202284626368305,22.28,0,-81.43,6.04,03-Sep-2025,04-Aug-2026,FACE VALUE SPLIT (SUB-DIVISION) - FROM RS 10/- PER SHARE TO RE 1/- PER SHARE,7.5202284626368305,27-FEB-26,-81.16872290763587,41.77835051546391,-89.35456831517183,https://nsearchives.nseindia.com/today/SILVER1EQN.svg,https://nsearchives.nseindia.com/30d/SILVER1-EQ.svg,https://nsearchives.nseindia.com/365d/SILVER1-EQ.svg,EQ
SILVERCASE,Commodity-Silver,23.3,23.88,23.3,23.63,0.33,1.42,5606876,132378342.36,23.9941,38.01,12.45,-,-,87.83783783783784,7.6047358834244,23.3,0,85.21,6.1,03-Sep-2025,04-Aug-2026,-,7.6047358834244,-,87.83783783783784,37.83214943435938,-89.7991967871486,https://nsearchives.nseindia.com/today/SILVERCASEEQN.svg,https://nsearchives.nseindia.com/30d/SILVERCASE-EQ.svg,https://nsearchives.nseindia.com/365d/SILVERCASE-EQ.svg,EQ
PSUBNKBEES,Nifty PSU Bank,95.7,96.2,95.34,95.67,-0.01,-0.01,1284747,122937440.43,95.5546,110.4,74.31,19-DEC-19, FACE VALUE SPLIT (SUB-DIVISION) - FROM RS 10/- TO RS 1/-,24.05342323651452,1.1952612650729801,95.68,0,24.07,1.21,03-Sep-2025,04-Aug-2026, FACE VALUE SPLIT (SUB-DIVISION) - FROM RS 10/- TO RS 1/-,1.1952612650729801,19-DEC-19,24.05342323651452,13.34239130434783,-28.744448930157446,https://nsearchives.nseindia.com/today/PSUBNKBEESEQN.svg,https://nsearchives.nseindia.com/30d/PSUBNKBEES-EQ.svg,https://nsearchives.nseindia.com/365d/PSUBNKBEES-EQ.svg,EQ
PHARMABEES,Nifty Pharma TRI,27.37,27.6,27.21,27.3,-0.07,-0.26,4482502,122506779.66,27.4158,28.36,21.46,-,-,21.333333333333336,0.14673514306676136,27.37,0,21.64,0.4,03-Sep-2025,04-Aug-2026,-,0.14673514306676136,-,21.333333333333336,3.737658674188994,-27.213420316868593,https://nsearchives.nseindia.com/today/PHARMABEESEQN.svg,https://nsearchives.nseindia.com/30d/PHARMABEES-EQ.svg,https://nsearchives.nseindia.com/365d/PHARMABEES-EQ.svg,EQ
FMCGIETF,Nifty FMCG Index,49,49.75,49,49.6,0.14,0.28,2400471,118751300.37,49.4127,62.3,48.55,10-MAY-24,FACE VALUE SPLIT (SUB-DIVISION) - FROM RS 10/- PER SHARE TO RE 1/- PER SHARE,-18.514867750944628,-6.854460093896711,49.46,0,-18.74,-7.12,03-Sep-2025,04-Aug-2026,FACE VALUE SPLIT (SUB-DIVISION) - FROM RS 10/- PER SHARE TO RE 1/- PER SHARE,-6.854460093896711,10-MAY-24,-18.514867750944628,20.385232744783302,-2.1627188465499576,https://nsearchives.nseindia.com/today/FMCGIETFEQN.svg,https://nsearchives.nseindia.com/30d/FMCGIETF-EQ.svg,https://nsearchives.nseindia.com/365d/FMCGIETF-EQ.svg,EQ
SBILIQETF,Nifty 1D Rate Index,1054.81,1054.83,1054.81,1054.81,0.38,0.04,104098,109803611.38,1054.4384,1087.09,984.99,-,-,5.064942826407417,0.4265326135595497,1054.43,0,5.03,0.39,03-Sep-2025,04-Aug-2026,-,0.4265326135595497,-,5.064942826407417,2.969395358250005,-7.0883968365161,https://nsearchives.nseindia.com/today/SBILIQETFEQN.svg,https://nsearchives.nseindia.com/30d/SBILIQETF-EQ.svg,https://nsearchives.nseindia.com/365d/SBILIQETF-EQ.svg,EQ
CASHIETF,BSE Liquid Rate Index,1078.37,1078.39,1078.37,1078.39,0.4,0.04,101592,109554780.96,1077.976,1099.28,1026.3,-,-,5.074490163790683,0.43119505289823695,1077.99,0,5.04,0.39,03-Sep-2025,04-Aug-2026,-,0.43119505289823695,-,5.074490163790683,1.9003347645731636,-5.075513982266409,https://nsearchives.nseindia.com/today/CASHIETFEQN.svg,https://nsearchives.nseindia.com/30d/CASHIETF-EQ.svg,https://nsearchives.nseindia.com/365d/CASHIETF-EQ.svg,EQ
LTGILTBEES,NIFTY 8-13 yr G-Sec Index,29.89,29.89,29.82,29.86,0,0.00,3617915,107922404.45,29.8393,30.48,28.13,-,-,4.369101712687871,-0.13377926421404399,29.86,0,4.37,-0.13,03-Sep-2025,04-Aug-2026,-,-0.13377926421404399,-,4.369101712687871,2.03412073490814,-6.150017774617848,https://nsearchives.nseindia.com/today/LTGILTBEESEQN.svg,https://nsearchives.nseindia.com/30d/LTGILTBEES-EQ.svg,https://nsearchives.nseindia.com/365d/LTGILTBEES-EQ.svg,EQ
LIQGRWBEES,Liquid,1054.14,1054.49,1054.14,1054.45,0.31,0.03,101203,106715527.41,1054.1352,1056.73,995.55,-,-,4.7931863807119734,0.39894883171786555,1054.14,0,4.76,0.37,03-Sep-2025,04-Aug-2026,-,0.39894883171786555,-,4.7931863807119734,0.21575993867875168,-5.916327658078458,https://nsearchives.nseindia.com/today/LIQGRWBEESEQN.svg,https://nsearchives.nseindia.com/30d/LIQGRWBEES-EQ.svg,https://nsearchives.nseindia.com/365d/LIQGRWBEES-EQ.svg,EQ
LIQUIDBETA,Nifty 1D Rate Index,1007.06,1007.06,1007.03,1007.04,0.34,0.03,100142,100845998.26,1006.6926,1009.78,997.13,-,-,Infinity,0.4248190031711832,1006.7,0,0,0.39,,04-Aug-2026,-,0.4248190031711832,-,Infinity,0.27134623383311307,-0.9938523562624701,https://nsearchives.nseindia.com/today/LIQUIDBETAEQN.svg,https://nsearchives.nseindia.com/30d/LIQUIDBETA-EQ.svg,,EQ
NIFTYIETF,Nifty 50,272.23,272.4,270.51,271.73,0.75,0.28,315336,85765085.28,270.8696,328.24,250.4,-,-,-2.061632726617398,-2.1321808031694434,270.98,0,-2.33,-2.4,03-Sep-2025,04-Aug-2026,-,-2.1321808031694434,-,-2.061632726617398,17.216061418474283,-8.518370607028759,https://nsearchives.nseindia.com/today/NIFTYIETFEQN.svg,https://nsearchives.nseindia.com/30d/NIFTYIETF-EQ.svg,https://nsearchives.nseindia.com/365d/NIFTYIETF-EQ.svg,EQ
METALIETF,Nifty Metal Index,13.4,13.45,13.2,13.41,0.21,1.59,5744597,76460586.07,13.2596,14.17,9.2,-,-,37.962962962962955,2.3664122137404617,13.2,0,35.8,0.76,03-Sep-2025,04-Aug-2026,-,2.3664122137404617,-,37.962962962962955,5.363443895553985,-45.760869565217405,https://nsearchives.nseindia.com/today/METALIETFEQN.svg,https://nsearchives.nseindia.com/30d/METALIETF-EQ.svg,https://nsearchives.nseindia.com/365d/METALIETF-EQ.svg,EQ
GROWWRAIL,Nifty India Railways PSU Index,28.19,28.22,27.85,28.09,0.04,0.14,2704363,75965556.67,27.9758,36.75,26.52,-,-,-19.165467625899282,-4.876396884524216,28.05,0,-19.28,-5.01,03-Sep-2025,04-Aug-2026,-,-4.876396884524216,-,-19.165467625899282,23.564625850340136,-5.920060331825039,https://nsearchives.nseindia.com/today/GROWWRAILEQN.svg,https://nsearchives.nseindia.com/30d/GROWWRAIL-EQ.svg,https://nsearchives.nseindia.com/365d/GROWWRAIL-EQ.svg,EQ
GROWWLIQID,Nifty 1D Rate Index,110.65,110.65,110.64,110.65,0.05,0.05,649969,71912570.16,110.604,112.71,105.1,-,-,4.8119730984181235,0.4174607496143098,110.6,0,4.76,0.37,03-Sep-2025,04-Aug-2026,-,0.4174607496143098,-,4.8119730984181235,1.8276994055540663,-5.2806850618458725,https://nsearchives.nseindia.com/today/GROWWLIQIDEQN.svg,https://nsearchives.nseindia.com/30d/GROWWLIQID-EQ.svg,https://nsearchives.nseindia.com/365d/GROWWLIQID-EQ.svg,EQ
GOLDBETA,Gold,129.05,130.3,129.05,129.6,1.1,0.86,548417,71009033.16,128.2389,149.35,85.8,25-MAR-21, FACE VALUE SPLIT (SUB-DIVISION) - FROM RS 100/- PER UNIT TO RE 1/- PER UNIT,Infinity,8.633696563285833,128.5,0,0,7.71,,04-Aug-2026, FACE VALUE SPLIT (SUB-DIVISION) - FROM RS 100/- PER UNIT TO RE 1/- PER UNIT,8.633696563285833,25-MAR-21,Infinity,13.223970539002345,-51.048951048951054,https://nsearchives.nseindia.com/today/GOLDBETAEQN.svg,https://nsearchives.nseindia.com/30d/GOLDBETA-EQ.svg,,EQ
SILVERBETA,UTI Silver Exchange Traded Fund (UTI Silver ETF),223.12,225.86,223.12,224.93,2.97,1.34,288687,64893950.73,222.2186,379.66,119.09,-,-,Infinity,7.452347967324318,221.96,0,0,6.03,,04-Aug-2026,-,7.452347967324318,-,Infinity,40.75488595058737,-88.8739608699303,https://nsearchives.nseindia.com/today/SILVERBETAEQN.svg,https://nsearchives.nseindia.com/30d/SILVERBETA-EQ.svg,,EQ
NEXT50,Nifty Next 50,758.91,758.91,754.01,754.33,-0.8,-0.11,85666,64744649.48,755.0897,785.96,617,-,-,9.11602609538414,-1.4063704923603746,755.13,0,9.23,-1.3,03-Sep-2025,04-Aug-2026,-,-1.4063704923603746,-,9.11602609538414,4.024377830932871,-22.257698541329017,https://nsearchives.nseindia.com/today/NEXT50EQN.svg,https://nsearchives.nseindia.com/30d/NEXT50-EQ.svg,https://nsearchives.nseindia.com/365d/NEXT50-EQ.svg,EQ
SILVERADD,DSP Silver ETF,22.36,22.57,22.31,22.47,0.28,1.26,2849876,63979716.2,22.1934,39,11.84,28-AUG-26,FACE VALUE SPLIT (SUB-DIVISION) - FROM RS 10/- PER UNIT TO RE 1/- PER UNIT,-81.19979919678715,-89.23489675657548,22.19,0,-81.43,-89.37,03-Sep-2025,04-Aug-2026,FACE VALUE SPLIT (SUB-DIVISION) - FROM RS 10/- PER UNIT TO RE 1/- PER UNIT,-89.23489675657548,28-AUG-26,-81.19979919678715,42.38461538461539,-89.7804054054054,https://nsearchives.nseindia.com/today/SILVERADDEQN.svg,https://nsearchives.nseindia.com/30d/SILVERADD-EQ.svg,https://nsearchives.nseindia.com/365d/SILVERADD-EQ.svg,EQ
SETFNN50,Nifty Next 50,787.52,799,781.73,784,0.4,0.05,80614,63306174.2,783.9325,840,636.01,02-NOV-17, DIVIDEND - RS 7/- PER UNIT,9.368896824953959,-0.63497294077388,783.6,0,9.31,-0.69,03-Sep-2025,04-Aug-2026, DIVIDEND - RS 7/- PER UNIT,-0.63497294077388,02-NOV-17,9.368896824953959,6.666666666666667,-23.268502067577554,https://nsearchives.nseindia.com/today/SETFNN50EQN.svg,https://nsearchives.nseindia.com/30d/SETFNN50-EQ.svg,https://nsearchives.nseindia.com/365d/SETFNN50-EQ.svg,EQ
GOLDADD,DSP Gold ETF,15.14,15.14,14.87,14.95,0.11,0.74,4153135,62047836.9,14.8026,18.1,10.24,28-AUG-26,FACE VALUE SPLIT (SUB-DIVISION) - FROM RS 10/- PER UNIT TO RE 1/- PER UNIT,Infinity,-89.13912095895387,14.84,0,0,-89.22,,04-Aug-2026,FACE VALUE SPLIT (SUB-DIVISION) - FROM RS 10/- PER UNIT TO RE 1/- PER UNIT,-89.13912095895387,28-AUG-26,Infinity,17.403314917127084,-45.996093749999986,https://nsearchives.nseindia.com/today/GOLDADDEQN.svg,https://nsearchives.nseindia.com/30d/GOLDADD-EQ.svg,,EQ
AUTOBEES,Nifty Auto TRI,289.86,289.87,286.9,288,-0.19,-0.07,194219,55869037.54,288.1659,310.45,242.5,-,-,8.642347881851459,-4.003199893336886,288.19,0,8.71,-3.94,03-Sep-2025,04-Aug-2026,-,-4.003199893336886,-,8.642347881851459,7.231438234820419,-18.762886597938145,https://nsearchives.nseindia.com/today/AUTOBEESEQN.svg,https://nsearchives.nseindia.com/30d/AUTOBEES-EQ.svg,https://nsearchives.nseindia.com/365d/AUTOBEES-EQ.svg,EQ
CONSUMBEES,Nifty India Consumption TRI,130.8,130.8,129.56,130.12,0.1,0.08,421784,54869880.56,129.9134,144.38,114,-,-,-4.876087433291898,-2.5829153252975883,130.02,0,-4.95,-2.66,03-Sep-2025,04-Aug-2026,-,-2.5829153252975883,-,-4.876087433291898,9.876714226347133,-14.140350877192986,https://nsearchives.nseindia.com/today/CONSUMBEESEQN.svg,https://nsearchives.nseindia.com/30d/CONSUMBEES-EQ.svg,https://nsearchives.nseindia.com/365d/CONSUMBEES-EQ.svg,EQ
NEXT50BETA,Nifty Next 50,78.9,79.58,78.81,78.93,0,0.00,686812,54340565.44,78.9764,82.51,64.34,25-MAR-21, FACE VALUE SPLIT (SUB-DIVISION) - FROM RS 10/- PER UNIT TO Re 1/- PER UNIT,Infinity,-0.9163946773788474,78.93,0,0,-0.92,,04-Aug-2026, FACE VALUE SPLIT (SUB-DIVISION) - FROM RS 10/- PER UNIT TO Re 1/- PER UNIT,-0.9163946773788474,25-MAR-21,Infinity,4.338868015998059,-22.67640658999068,https://nsearchives.nseindia.com/today/NEXT50BETAEQN.svg,https://nsearchives.nseindia.com/30d/NEXT50BETA-EQ.svg,,EQ
INFRAIETF,ICICI Prudential Nifty Infrastructure ETF,94.93,95.24,94.52,94.52,-0.2,-0.21,555466,52680395.44,94.8284,101,86.8,-,-,2.4052004333694463,-2.5667456963199764,94.72,0,2.62,-2.36,03-Sep-2025,04-Aug-2026,-,-2.5667456963199764,-,2.4052004333694463,6.415841584158421,-8.894009216589861,https://nsearchives.nseindia.com/today/INFRAIETFEQN.svg,https://nsearchives.nseindia.com/30d/INFRAIETF-EQ.svg,https://nsearchives.nseindia.com/365d/INFRAIETF-EQ.svg,EQ
ESILVER,Edelweiss Silver ETF,224.09,234.69,224.09,233.01,3.17,1.38,221315,51513279.4,229.8387,375,121.75,-,-,87.8961374082735,7.83007080383173,229.84,0,85.34,6.36,03-Sep-2025,04-Aug-2026,-,7.83007080383173,-,87.8961374082735,37.864,-91.38398357289527,https://nsearchives.nseindia.com/today/ESILVEREQN.svg,https://nsearchives.nseindia.com/30d/ESILVER-EQ.svg,https://nsearchives.nseindia.com/365d/ESILVER-EQ.svg,EQ
CONSUMIETF,Nifty India Consumption Index,120.7,121.21,120.45,120.82,-0.24,-0.20,412702,49953450.08,120.8604,141.27,94.65,-,-,-4.723602239571019,-3.5215204024594833,121.06,0,-4.53,-3.33,03-Sep-2025,04-Aug-2026,-,-3.5215204024594833,-,-4.723602239571019,14.475826431655706,-27.64923402007394,https://nsearchives.nseindia.com/today/CONSUMIETFEQN.svg,https://nsearchives.nseindia.com/30d/CONSUMIETF-EQ.svg,https://nsearchives.nseindia.com/365d/CONSUMIETF-EQ.svg,EQ
LICMFGOLD,Gold,138.9,139.7,138.25,138.7,1.2,0.87,349843,48638672.29,,162,95.11,06-MAR-26,FACE VALUE SPLIT (SUB-DIVISION) - FROM RS 100/- PER SHARE TO RE 1/- PER SHARE,-98.55988121875372,8.401719421649071,137.5,0,-98.57,7.46,03-Sep-2025,04-Aug-2026,FACE VALUE SPLIT (SUB-DIVISION) - FROM RS 100/- PER SHARE TO RE 1/- PER SHARE,8.401719421649071,06-MAR-26,-98.55988121875372,14.382716049382722,-45.831142887183255,https://nsearchives.nseindia.com/today/LICMFGOLDEQN.svg,https://nsearchives.nseindia.com/30d/LICMFGOLD-EQ.svg,https://nsearchives.nseindia.com/365d/LICMFGOLD-EQ.svg,EQ
GOLDAXIS,Gold,128.47,129.25,127.84,128.19,0.99,0.78,333634,42818587.56,126.9034,150,88.23,23-JUL-20, FACE VALUE SPLIT (SUB-DIVISION) - FROM RS 100/- PER SHARE TO RE 1/- PER SHARE,Infinity,8.506856272219398,127.2,0,0,7.67,,04-Aug-2026, FACE VALUE SPLIT (SUB-DIVISION) - FROM RS 100/- PER SHARE TO RE 1/- PER SHARE,8.506856272219398,23-JUL-20,Infinity,14.54,-45.290717443046574,https://nsearchives.nseindia.com/today/GOLDAXISEQN.svg,https://nsearchives.nseindia.com/30d/GOLDAXIS-EQ.svg,,EQ
QGOLDHALF,Gold,127.39,128.96,127.1,127.6,0.62,0.49,315196,40244225.28,126.2645,149.69,87.05,16-DEC-21, FACE VALUE SPLIT (SUB-DIVISION) - FROM RS 100 PER SHARE TO RS 2 PER SHARE,45.09893108937912,8.716026241799428,126.98,0,44.39,8.19,03-Sep-2025,04-Aug-2026, FACE VALUE SPLIT (SUB-DIVISION) - FROM RS 100 PER SHARE TO RS 2 PER SHARE,8.716026241799428,16-DEC-21,45.09893108937912,14.757164807268358,-46.58242389431361,https://nsearchives.nseindia.com/today/QGOLDHALFEQN.svg,https://nsearchives.nseindia.com/30d/QGOLDHALF-EQ.svg,https://nsearchives.nseindia.com/365d/QGOLDHALF-EQ.svg,EQ
HDFCNIFTY,Nifty 50,271.02,271.42,269.8,270.05,0.26,0.10,140738,38101998.74,269.3086,301.88,247.56,17-FEB-21, FACE VALUE SPLIT (SUB-DIVISION) - FROM RS 761.25/- PER UNIT TO RS 76.125/- PER UNIT,-2.1735192899836986,-0.7825703578514202,269.79,0,-2.27,-0.88,03-Sep-2025,04-Aug-2026, FACE VALUE SPLIT (SUB-DIVISION) - FROM RS 761.25/- PER UNIT TO RS 76.125/- PER UNIT,-0.7825703578514202,17-FEB-21,-2.1735192899836986,10.543924738306606,-9.084666343512687,https://nsearchives.nseindia.com/today/HDFCNIFTYEQN.svg,https://nsearchives.nseindia.com/30d/HDFCNIFTY-EQ.svg,https://nsearchives.nseindia.com/365d/HDFCNIFTY-EQ.svg,EQ
MOCAPITAL,Nifty Capital Market Total Return Index,55.14,55.14,54.02,54.6,0.8,1.49,682395,37210999.35,53.8517,57.25,41.31,-,-,27.92877225866917,2.9411764705882395,53.8,0,26.05,1.43,03-Sep-2025,04-Aug-2026,-,2.9411764705882395,-,27.92877225866917,4.628820960698688,-32.17138707334786,https://nsearchives.nseindia.com/today/MOCAPITALEQN.svg,https://nsearchives.nseindia.com/30d/MOCAPITAL-EQ.svg,https://nsearchives.nseindia.com/365d/MOCAPITAL-EQ.svg,EQ
MOMENTUM50,Nifty 500 Momentum 50 Total Return Index,54.54,54.55,53.78,54.5,0.25,0.46,675732,36726034.2,54.3325,55.97,44.96,-,-,6.716271783826121,2.0026202507954336,54.25,0,6.23,1.53,03-Sep-2025,04-Aug-2026,-,2.0026202507954336,-,6.716271783826121,2.626407003752008,-21.21886120996441,https://nsearchives.nseindia.com/today/MOMENTUM50EQN.svg,https://nsearchives.nseindia.com/30d/MOMENTUM50-EQ.svg,https://nsearchives.nseindia.com/365d/MOMENTUM50-EQ.svg,EQ
ALPHA,NIFTY Alpha 50 Index,54.35,54.41,54.01,54.2,-0.07,-0.13,667379,36185289.38,54.2311,55.59,42,-,-,11.179487179487184,2.9635258358662657,54.27,0,11.32,3.1,03-Sep-2025,04-Aug-2026,-,2.9635258358662657,-,11.179487179487184,2.5004497211728736,-29.047619047619055,https://nsearchives.nseindia.com/today/ALPHAEQN.svg,https://nsearchives.nseindia.com/30d/ALPHA-EQ.svg,https://nsearchives.nseindia.com/365d/ALPHA-EQ.svg,EQ
GROWWSLVR,Commodity-Silver,22.81,22.94,22.69,22.83,0.28,1.24,1486031,33911227.42,22.5604,36.3,11.26,06-FEB-26,FACE VALUE SPLIT (SUB-DIVISION) - FROM RS 10/- PER UNIT TO RE 1/- PER UNIT,-81.4360058546105,7.53650494583136,22.55,0,-81.66,6.22,03-Sep-2025,04-Aug-2026,FACE VALUE SPLIT (SUB-DIVISION) - FROM RS 10/- PER UNIT TO RE 1/- PER UNIT,7.53650494583136,06-FEB-26,-81.4360058546105,37.10743801652893,-102.75310834813497,https://nsearchives.nseindia.com/today/GROWWSLVREQN.svg,https://nsearchives.nseindia.com/30d/GROWWSLVR-EQ.svg,https://nsearchives.nseindia.com/365d/GROWWSLVR-EQ.svg,EQ
SILVERAXIS,Axis Silver ETF,230.02,232.5,230.02,231.42,2.69,1.18,144700,33498050,228.8136,390.01,121.76,-,-,Infinity,7.447302442195186,228.73,0,0,6.2,,04-Aug-2026,-,7.447302442195186,-,Infinity,40.66305992154047,-90.06241787122205,https://nsearchives.nseindia.com/today/SILVERAXISEQN.svg,https://nsearchives.nseindia.com/30d/SILVERAXIS-EQ.svg,,EQ
CPSEETF,CPSE ETF,95.44,95.44,93.4,93.58,0.01,0.01,353172,33131065.32,93.859,112,86.06,-,-,3.7242296608290837,-1.0991333756077004,93.57,0,3.71,-1.11,03-Sep-2025,04-Aug-2026,-,-1.0991333756077004,-,3.7242296608290837,16.446428571428573,-8.738089704857071,https://nsearchives.nseindia.com/today/CPSEETFEQN.svg,https://nsearchives.nseindia.com/30d/CPSEETF-EQ.svg,https://nsearchives.nseindia.com/365d/CPSEETF-EQ.svg,EQ
GROWWGOLD,Commodity,14.98,15.21,14.93,15.04,0.13,0.87,2159184,32452535.52,14.8807,18,10.33,06-FEB-26,FACE VALUE SPLIT (SUB-DIVISION) - FROM RS 10/- PER UNIT TO RE 1/- PER UNIT,-85.54818871913136,8.592057761732848,14.91,0,-85.67,7.65,03-Sep-2025,04-Aug-2026,FACE VALUE SPLIT (SUB-DIVISION) - FROM RS 10/- PER UNIT TO RE 1/- PER UNIT,8.592057761732848,06-FEB-26,-85.54818871913136,16.44444444444445,-45.59535333978702,https://nsearchives.nseindia.com/today/GROWWGOLDEQN.svg,https://nsearchives.nseindia.com/30d/GROWWGOLD-EQ.svg,https://nsearchives.nseindia.com/365d/GROWWGOLD-EQ.svg,EQ
HDFCBSE500,HDFC S&P BSE 500 ETF,38.48,38.48,37.42,37.62,-0.11,-0.29,862356,32372844.24,37.3225,40,32.65,-,-,2.758809068560497,-1.2339196639538093,37.73,0,3.06,-0.95,03-Sep-2025,04-Aug-2026,-,-1.2339196639538093,-,2.758809068560497,5.950000000000006,-15.222052067381314,https://nsearchives.nseindia.com/today/HDFCBSE500EQN.svg,https://nsearchives.nseindia.com/30d/HDFCBSE500-EQ.svg,https://nsearchives.nseindia.com/365d/HDFCBSE500-EQ.svg,EQ
MOSMALL250,Motilal Oswal Nifty Smallcap 250 ETF,18.96,18.96,18.45,18.58,0.03,0.16,1698632,31475650.96,18.5442,19.38,14.22,-,-,9.037558685446005,2.4820739106453353,18.55,0,8.86,2.32,03-Sep-2025,04-Aug-2026,-,2.4820739106453353,-,9.037558685446005,4.127966976264194,-30.661040787623048,https://nsearchives.nseindia.com/today/MOSMALL250EQN.svg,https://nsearchives.nseindia.com/30d/MOSMALL250-EQ.svg,https://nsearchives.nseindia.com/365d/MOSMALL250-EQ.svg,EQ
BSLGOLDETF,Gold,136.33,136.33,134.7,135.1,0.92,0.69,224272,30339516.16,134.0269,155.99,92.49,25-NOV-21, FACE VALUE SPLIT (SUB-DIVISION) - FROM RS 10/- PER SHARE TO RE 0.10/- PER SHARE,44.41475146980225,8.331328682543502,134.18,0,43.43,7.59,03-Sep-2025,04-Aug-2026, FACE VALUE SPLIT (SUB-DIVISION) - FROM RS 10/- PER SHARE TO RE 0.10/- PER SHARE,8.331328682543502,25-NOV-21,44.41475146980225,13.391884095134312,-46.06984538869067,https://nsearchives.nseindia.com/today/BSLGOLDETFEQN.svg,https://nsearchives.nseindia.com/30d/BSLGOLDETF-EQ.svg,https://nsearchives.nseindia.com/365d/BSLGOLDETF-EQ.svg,EQ
MIDCAPETF,Mirae Asset Mutual Fund - Mirae Asset Nifty Midcap 150 ETF,24.23,24.23,23.7,23.74,-0.01,-0.04,1238138,29430540.26,23.7577,24.57,19.6,-,-,9.552376557452684,-0.4612159329140586,23.75,0,9.6,-0.42,03-Sep-2025,04-Aug-2026,-,-0.4612159329140586,-,9.552376557452684,3.378103378103386,-21.12244897959182,https://nsearchives.nseindia.com/today/MIDCAPETFEQN.svg,https://nsearchives.nseindia.com/30d/MIDCAPETF-EQ.svg,https://nsearchives.nseindia.com/365d/MIDCAPETF-EQ.svg,EQ
ICICIB22,S&P BSE BHARAT 22 index,116.31,116.31,113.9,114.58,0.55,0.48,255356,29182083.68,113.9125,131,106.1,-,-,6.102416890452823,-2.168715846994541,114.03,0,5.59,-2.64,03-Sep-2025,04-Aug-2026,-,-2.168715846994541,-,6.102416890452823,12.534351145038169,-7.992459943449581,https://nsearchives.nseindia.com/today/ICICIB22EQN.svg,https://nsearchives.nseindia.com/30d/ICICIB22-EQ.svg,https://nsearchives.nseindia.com/365d/ICICIB22-EQ.svg,EQ
HNGSNGBEES,Hang Seng Index,470.01,475.25,470,471.4,2.94,0.63,61650,29125309.5,451.522,579.92,443.42,19-DEC-19, FACE VALUE SPLIT (SUB-DIVISION) - FROM RS 10/- TO RS 1/-,-1.093136946350273,-3.6425330117329726,468.46,0,-1.71,-4.24,03-Sep-2025,04-Aug-2026, FACE VALUE SPLIT (SUB-DIVISION) - FROM RS 10/- TO RS 1/-,-3.6425330117329726,19-DEC-19,-1.093136946350273,18.712925920816662,-6.310044652924984,https://nsearchives.nseindia.com/today/HNGSNGBEESEQN.svg,https://nsearchives.nseindia.com/30d/HNGSNGBEES-EQ.svg,https://nsearchives.nseindia.com/365d/HNGSNGBEES-EQ.svg,EQ
LOWVOLIETF,Nifty 100 Low Volatility 30 Index,22.13,22.13,21.91,22.01,0.03,0.14,1319509,29095173.45,22.0343,26.81,19.84,01-MAR-24,FACE VALUE SPLIT (SUB-DIVISION) - FROM RS 10/- PER SHARE TO RE 1/- PER SHARE,-2.090747330960849,-2.308033732800708,21.98,0,-2.22,-2.44,03-Sep-2025,04-Aug-2026,FACE VALUE SPLIT (SUB-DIVISION) - FROM RS 10/- PER SHARE TO RE 1/- PER SHARE,-2.308033732800708,01-MAR-24,-2.090747330960849,17.903767251025727,-10.937500000000009,https://nsearchives.nseindia.com/today/LOWVOLIETFEQN.svg,https://nsearchives.nseindia.com/30d/LOWVOLIETF-EQ.svg,https://nsearchives.nseindia.com/365d/LOWVOLIETF-EQ.svg,EQ
NIFTYETF,Nifty 50,260.99,261.45,259.58,260.58,0.53,0.20,110752,28887444.16,259.9503,289.05,239.81,-,-,-2.089126023897198,-2.2323941019772593,260.05,0,-2.29,-2.43,03-Sep-2025,04-Aug-2026,-,-2.2323941019772593,-,-2.089126023897198,9.849507005708364,-8.661023310120504,https://nsearchives.nseindia.com/today/NIFTYETFEQN.svg,https://nsearchives.nseindia.com/30d/NIFTYETF-EQ.svg,https://nsearchives.nseindia.com/365d/NIFTYETF-EQ.svg,EQ
HEALTHIETF,Nifty Healthcare Index,170.65,170.66,168.17,169.33,-0.76,-0.45,169428,28643497.68,169.9431,174.82,138.65,-,-,14.226929303831627,-1.2883292526524308,170.09,0,14.74,-0.85,03-Sep-2025,04-Aug-2026,-,-1.2883292526524308,-,14.226929303831627,3.1403729550394583,-22.12765957446809,https://nsearchives.nseindia.com/today/HEALTHIETFEQN.svg,https://nsearchives.nseindia.com/30d/HEALTHIETF-EQ.svg,https://nsearchives.nseindia.com/365d/HEALTHIETF-EQ.svg,EQ
AUTOIETF,Nifty Auto Index,29.06,29.06,28.73,28.91,0,0.00,980798,28256790.38,28.8656,31.46,24.2,01-MAR-24,FACE VALUE SPLIT (SUB-DIVISION) - FROM RS 10/- PER SHARE TO RE 1/- PER SHARE,9.259259259259256,-2.6926960619320117,28.91,0,9.26,-2.69,03-Sep-2025,04-Aug-2026,FACE VALUE SPLIT (SUB-DIVISION) - FROM RS 10/- PER SHARE TO RE 1/- PER SHARE,-2.6926960619320117,01-MAR-24,9.259259259259256,8.105530832803561,-19.462809917355376,https://nsearchives.nseindia.com/today/AUTOIETFEQN.svg,https://nsearchives.nseindia.com/30d/AUTOIETF-EQ.svg,https://nsearchives.nseindia.com/365d/AUTOIETF-EQ.svg,EQ
SILVERAG,Mirae Asset Silver ETF,229.69,229.69,225.34,227,2.57,1.15,122655,27815700.9,224.0634,380,119.26,-,-,Infinity,7.435278527142794,224.43,0,0,6.22,,04-Aug-2026,-,7.435278527142794,-,Infinity,40.26315789473684,-90.34043266812007,https://nsearchives.nseindia.com/today/SILVERAGEQN.svg,https://nsearchives.nseindia.com/30d/SILVERAG-EQ.svg,,EQ
TOP10ADD,Nifty Top 10 Equal Weight Index,88.04,88.3,87.81,88.08,0.29,0.33,305895,26918760,87.7238,103.04,83.05,-,-,-6.357644056984908,-1.4103425117528599,87.79,0,-6.67,-1.73,03-Sep-2025,04-Aug-2026,-,-1.4103425117528599,-,-6.357644056984908,14.51863354037268,-6.05659241420831,https://nsearchives.nseindia.com/today/TOP10ADDEQN.svg,https://nsearchives.nseindia.com/30d/TOP10ADD-EQ.svg,https://nsearchives.nseindia.com/365d/TOP10ADD-EQ.svg,EQ
SML100CASE,Nifty Smallcap 100 Index,11.49,11.5,11.4,11.44,0.03,0.26,2300711,26320133.84,11.4024,11.74,8.5,-,-,Infinity,2.4171888988361645,11.41,0,0,2.15,,04-Aug-2026,-,2.4171888988361645,-,Infinity,2.555366269165253,-34.58823529411764,https://nsearchives.nseindia.com/today/SML100CASEEQN.svg,https://nsearchives.nseindia.com/30d/SML100CASE-EQ.svg,,EQ
EGOLD,Edelweiss Gold ETF,153.2,154.4,153.05,153.75,1.15,0.75,167536,25767036.8,152.2249,184.95,105.25,-,-,44.36619718309859,8.73408769448373,152.6,0,43.29,7.92,03-Sep-2025,04-Aug-2026,-,8.73408769448373,-,44.36619718309859,16.869424168694238,-46.080760095011875,https://nsearchives.nseindia.com/today/EGOLDEQN.svg,https://nsearchives.nseindia.com/30d/EGOLD-EQ.svg,https://nsearchives.nseindia.com/365d/EGOLD-EQ.svg,EQ
SENSEXIETF,SENSEX,903.99,903.99,881.95,882.51,0.56,0.06,28419,25159056.51,876.5925,999.84,731,-,-,-4.091679707876889,-2.017364657814092,881.95,0,-4.15,-2.08,03-Sep-2025,04-Aug-2026,-,-2.017364657814092,-,-4.091679707876889,11.734877580412869,-20.72640218878249,https://nsearchives.nseindia.com/today/SENSEXIETFEQN.svg,https://nsearchives.nseindia.com/30d/SENSEXIETF-EQ.svg,https://nsearchives.nseindia.com/365d/SENSEXIETF-EQ.svg,EQ
GROWWPOWER,BSE Power Index - TRI,11.32,11.39,11.25,11.38,0.06,0.53,2199856,24880371.36,11.2887,13.2,7.75,-,-,15.065722952477252,-2.3175965665236014,11.32,0,14.46,-2.83,03-Sep-2025,04-Aug-2026,-,-2.3175965665236014,-,15.065722952477252,13.787878787878778,-46.83870967741936,https://nsearchives.nseindia.com/today/GROWWPOWEREQN.svg,https://nsearchives.nseindia.com/30d/GROWWPOWER-EQ.svg,https://nsearchives.nseindia.com/365d/GROWWPOWER-EQ.svg,EQ
NEXT50IETF,Nifty Next 50,78.6,78.6,77.06,77.42,0.36,0.47,319174,24662574.98,77.1695,80.38,62.6,15-NOV-18, FACE VALUE SPLIT (SUB-DIVISION) - FROM RS 10/- PER SHARE TO RS 1/- PER SHARE,9.427561837455833,-0.7944643772424456,77.06,0,8.92,-1.26,03-Sep-2025,04-Aug-2026, FACE VALUE SPLIT (SUB-DIVISION) - FROM RS 10/- PER SHARE TO RS 1/- PER SHARE,-0.7944643772424456,15-NOV-18,9.427561837455833,3.682508086588696,-23.6741214057508,https://nsearchives.nseindia.com/today/NEXT50IETFEQN.svg,https://nsearchives.nseindia.com/30d/NEXT50IETF-EQ.svg,https://nsearchives.nseindia.com/365d/NEXT50IETF-EQ.svg,EQ
LIQUIDSHRI,SHRIRAM NIFTY 1D RATE LIQUID ETF,1120.31,1120.33,1120.31,1120.33,0.37,0.03,20717,23209462.27,1119.9559,1120.33,1068.8,-,-,4.821294910179638,0.4032872390955612,1119.96,0,4.79,0.37,03-Sep-2025,04-Aug-2026,-,0.4032872390955612,-,4.821294910179638,0,-4.821294910179638,https://nsearchives.nseindia.com/today/LIQUIDSHRIEQN.svg,https://nsearchives.nseindia.com/30d/LIQUIDSHRI-EQ.svg,https://nsearchives.nseindia.com/365d/LIQUIDSHRI-EQ.svg,EQ
MON100,Nasdaq100,324.67,324.67,324.67,324.67,0.81,0.25,70173,22783067.91,272.317,342.55,200.7,17-JUN-21, FACE VALUE SPLIT (SUB-DIVISION) - FROM RS 10/- PER SHARE TO RE 1/- PER SHARE,59.5665208630265,2.6299984194721016,323.86,0,59.17,2.37,03-Sep-2025,04-Aug-2026, FACE VALUE SPLIT (SUB-DIVISION) - FROM RS 10/- PER SHARE TO RE 1/- PER SHARE,2.6299984194721016,17-JUN-21,59.5665208630265,5.219675959713909,-61.76880916791233,https://nsearchives.nseindia.com/today/MON100EQN.svg,https://nsearchives.nseindia.com/30d/MON100-EQ.svg,https://nsearchives.nseindia.com/365d/MON100-EQ.svg,EQ
GROWWDEFNC,Nifty India Defence Index- Total Return Index,97.1,98,96.76,97.44,0.83,0.86,231792,22606673.76,96.5746,102.07,71.78,-,-,26.759464030180812,3.91383171590061,96.61,0,25.68,3.03,03-Sep-2025,04-Aug-2026,-,3.91383171590061,-,26.759464030180812,4.536102674635051,-35.748119253273885,https://nsearchives.nseindia.com/today/GROWWDEFNCEQN.svg,https://nsearchives.nseindia.com/30d/GROWWDEFNC-EQ.svg,https://nsearchives.nseindia.com/365d/GROWWDEFNC-EQ.svg,EQ
METAL,Nifty Metal Total Return Index,13.62,13.62,13.28,13.47,0.18,1.35,1538895,20636581.95,13.3069,13.97,8.7,-,-,38.43782117163412,2.667682926829279,13.29,0,36.59,1.3,03-Sep-2025,04-Aug-2026,-,2.667682926829279,-,38.43782117163412,3.5790980672870436,-54.82758620689657,https://nsearchives.nseindia.com/today/METALEQN.svg,https://nsearchives.nseindia.com/30d/METAL-EQ.svg,https://nsearchives.nseindia.com/365d/METAL-EQ.svg,EQ
PSUBANK,Nifty PSU Bank,85.6,86.18,85.3,85.91,0.55,0.64,235393,20142579.01,85.6403,101,67.04,10-JUL-26,FACE VALUE SPLIT (SUB-DIVISION) - FROM RS 10/- PER UNIT TO RE 1/- PER UNIT,-87.56585422335438,1.921936172736968,85.36,0,-87.65,1.27,03-Sep-2025,04-Aug-2026,FACE VALUE SPLIT (SUB-DIVISION) - FROM RS 10/- PER UNIT TO RE 1/- PER UNIT,1.921936172736968,10-JUL-26,-87.56585422335438,14.940594059405946,-28.14737470167063,https://nsearchives.nseindia.com/today/PSUBANKEQN.svg,https://nsearchives.nseindia.com/30d/PSUBANK-EQ.svg,https://nsearchives.nseindia.com/365d/PSUBANK-EQ.svg,EQ
AONELIQUID,Nifty 1D Rate Index,1075.71,1075.71,1075.66,1075.67,0.38,0.04,18446,19841808.82,1075.3008,1094.59,997.56,-,-,5.066419222504408,0.42947706499109645,1075.29,0,5.03,0.39,03-Sep-2025,04-Aug-2026,-,0.42947706499109645,-,5.066419222504408,1.7285010825971228,-7.830105457315864,https://nsearchives.nseindia.com/today/AONELIQUIDEQN.svg,https://nsearchives.nseindia.com/30d/AONELIQUID-EQ.svg,https://nsearchives.nseindia.com/365d/AONELIQUID-EQ.svg,EQ
DEFENCE,BSE India Defence,81.75,82.57,81.59,81.81,0.36,0.44,239629,19678333.48,81.2159,85.6,58.91,-,-,Infinity,3.2824138366367994,81.45,0,0,2.83,,04-Aug-2026,-,3.2824138366367994,-,Infinity,4.427570093457935,-38.87285690035649,https://nsearchives.nseindia.com/today/DEFENCEEQN.svg,https://nsearchives.nseindia.com/30d/DEFENCE-EQ.svg,,EQ
PVTBANIETF,Nifty Private Bank Index,28.26,28.35,28.06,28.22,0.07,0.25,672096,18932944.32,28.0785,30.32,24.18,01-MAR-24,FACE VALUE SPLIT (SUB-DIVISION) - FROM RS 10/- PER SHARE TO RE 1/- PER SHARE,6.570996978851957,0.821722043586997,28.15,0,6.31,0.57,03-Sep-2025,04-Aug-2026,FACE VALUE SPLIT (SUB-DIVISION) - FROM RS 10/- PER SHARE TO RE 1/- PER SHARE,0.821722043586997,01-MAR-24,6.570996978851957,6.926121372031667,-16.70802315963606,https://nsearchives.nseindia.com/today/PVTBANIETFEQN.svg,https://nsearchives.nseindia.com/30d/PVTBANIETF-EQ.svg,https://nsearchives.nseindia.com/365d/PVTBANIETF-EQ.svg,EQ
BANKIETF,Nifty Bank,59.25,59.3,59,59.18,0.04,0.07,278048,16452100.16,59.0076,63.9,51.17,-,-,6.996926414753204,0.18621973929236402,59.14,0,6.92,0.12,03-Sep-2025,04-Aug-2026,-,0.18621973929236402,-,6.996926414753204,7.3865414710485116,-15.653703341801831,https://nsearchives.nseindia.com/today/BANKIETFEQN.svg,https://nsearchives.nseindia.com/30d/BANKIETF-EQ.svg,https://nsearchives.nseindia.com/365d/BANKIETF-EQ.svg,EQ
CHEMICAL,Nifty Chemicals Index (TRI),30.54,30.54,30.1,30.1,-0.19,-0.63,539227,16343970.37,30.434,31.8,24.5,-,-,Infinity,-1.4084507042253511,30.29,0,0,-0.79,,04-Aug-2026,-,-1.4084507042253511,-,Infinity,5.345911949685533,-22.85714285714286,https://nsearchives.nseindia.com/today/CHEMICALEQN.svg,https://nsearchives.nseindia.com/30d/CHEMICAL-EQ.svg,,EQ
MSCIINDIA,MSCI India Index,29.85,29.89,29.71,29.87,0.16,0.54,544455,16235648.1,29.729,32.14,26.5,-,-,1.7370572207084523,-1.2561983471074347,29.71,0,1.19,-1.79,03-Sep-2025,04-Aug-2026,-,-1.2561983471074347,-,1.7370572207084523,7.062850031113875,-12.716981132075476,https://nsearchives.nseindia.com/today/MSCIINDIAEQN.svg,https://nsearchives.nseindia.com/30d/MSCIINDIA-EQ.svg,https://nsearchives.nseindia.com/365d/MSCIINDIA-EQ.svg,EQ
MIDCAPIETF,Nifty Midcap 150,24.54,24.54,24.02,24.13,0.07,0.29,669603,16137432.3,24.0488,24.88,19.89,10-MAY-24,FACE VALUE SPLIT (SUB-DIVISION) - FROM RS 10/- PER SHARE TO RE 1/- PER SHARE,10.03191974464204,-0.3304419661297061,24.06,0,9.71,-0.62,03-Sep-2025,04-Aug-2026,FACE VALUE SPLIT (SUB-DIVISION) - FROM RS 10/- PER SHARE TO RE 1/- PER SHARE,-0.3304419661297061,10-MAY-24,10.03191974464204,3.014469453376206,-21.317244846656603,https://nsearchives.nseindia.com/today/MIDCAPIETFEQN.svg,https://nsearchives.nseindia.com/30d/MIDCAPIETF-EQ.svg,https://nsearchives.nseindia.com/365d/MIDCAPIETF-EQ.svg,EQ
HDFCLIQUID,HDFC Nifty 1D Rate Liquid ETF,1076.75,1076.77,1076.73,1076.75,0.36,0.03,14831,15969427.56,,1079.4,1009.91,28-FEB-25,CHANGE IN FUNDAMENTAL ATTRIBUTE OF HDFC NIFTY 1D RATE LIQUID ETF,4.941279664733692,0.4243611266554705,1076.39,0,4.91,0.39,03-Sep-2025,04-Aug-2026,CHANGE IN FUNDAMENTAL ATTRIBUTE OF HDFC NIFTY 1D RATE LIQUID ETF,0.4243611266554705,28-FEB-25,4.941279664733692,0.24550676301649904,-6.618411541622525,https://nsearchives.nseindia.com/today/HDFCLIQUIDEQN.svg,https://nsearchives.nseindia.com/30d/HDFCLIQUID-EQ.svg,https://nsearchives.nseindia.com/365d/HDFCLIQUID-EQ.svg,EQ
GROWWHOSPI,BSE Hospitals Index,52.11,52.59,51.77,51.92,-0.14,-0.27,303066,15744278.7,51.947,62,43.35,-,-,Infinity,-3.5123582977141803,52.06,0,0,-3.25,,04-Aug-2026,-,-3.5123582977141803,-,Infinity,16.25806451612903,-19.769319492502884,https://nsearchives.nseindia.com/today/GROWWHOSPIEQN.svg,https://nsearchives.nseindia.com/30d/GROWWHOSPI-EQ.svg,,EQ
MOM30IETF,ICICI Prudential Nifty 200 Momentum 30 ETF,30.64,31.41,30.64,31.39,0.12,0.38,501933,15725560.89,31.3064,32.9,26,12-AUG-22,ADDITONAL ISSUANCE 9:1,2.114508783344184,-0.03184713375795545,31.27,0,1.72,-0.41,03-Sep-2025,04-Aug-2026,ADDITONAL ISSUANCE 9:1,-0.03184713375795545,12-AUG-22,2.114508783344184,4.589665653495435,-20.73076923076923,https://nsearchives.nseindia.com/today/MOM30IETFEQN.svg,https://nsearchives.nseindia.com/30d/MOM30IETF-EQ.svg,https://nsearchives.nseindia.com/365d/MOM30IETF-EQ.svg,EQ
HDFCNEXT50,HDFC NIFTY NEXT 50 ETF,75.05,75.06,74.5,74.5,-0.14,-0.19,201831,15092922.18,74.7515,78.07,59.99,20-OCT-23,FACE VALUE SPLIT (SUB-DIVISION) - FROM RS 418.18/- PER SHARE TO RS 41.81/- PER SHARE,8.743249160706458,-0.8649367930805132,74.64,0,8.95,-0.68,03-Sep-2025,04-Aug-2026,FACE VALUE SPLIT (SUB-DIVISION) - FROM RS 418.18/- PER SHARE TO RS 41.81/- PER SHARE,-0.8649367930805132,20-OCT-23,8.743249160706458,4.572819264762384,-24.187364560760123,https://nsearchives.nseindia.com/today/HDFCNEXT50EQN.svg,https://nsearchives.nseindia.com/30d/HDFCNEXT50-EQ.svg,https://nsearchives.nseindia.com/365d/HDFCNEXT50-EQ.svg,EQ
NIFTY1,Nifty 50,265.42,272.7,265.31,266.2,0.78,0.29,54358,14454335.78,265.2108,295.8,244.8,27-JUL-17, FACE VALUE SPLIT (SUB-DIVISION) - FROM RS 10/- PER SHARE TO RS 1/- PER SHARE,-1.8146946001770492,-2.182700080840743,265.42,0,-2.1,-2.47,03-Sep-2025,04-Aug-2026, FACE VALUE SPLIT (SUB-DIVISION) - FROM RS 10/- PER SHARE TO RS 1/- PER SHARE,-2.182700080840743,27-JUL-17,-1.8146946001770492,10.00676132521975,-8.741830065359467,https://nsearchives.nseindia.com/today/NIFTY1EQN.svg,https://nsearchives.nseindia.com/30d/NIFTY1-EQ.svg,https://nsearchives.nseindia.com/365d/NIFTY1-EQ.svg,EQ
OILIETF,Nifty Oil & Gas Index,11.34,11.41,11.28,11.38,0.05,0.44,1207003,13735694.14,11.34,14,9.8,-,-,1.7889087656529612,0.1760563380281809,11.33,0,1.34,-0.26,03-Sep-2025,04-Aug-2026,-,0.1760563380281809,-,1.7889087656529612,18.71428571428571,-16.122448979591837,https://nsearchives.nseindia.com/today/OILIETFEQN.svg,https://nsearchives.nseindia.com/30d/OILIETF-EQ.svg,https://nsearchives.nseindia.com/365d/OILIETF-EQ.svg,EQ
LOWVOL1,Kotak Nifty 100 Low Vol 30 ETF,21.1,21.14,20.88,20.94,-0.16,-0.76,642373,13521951.65,21.0027,22.9,18.77,-,-,-1.9662921348314522,-2.423112767940352,21.1,0,-1.22,-1.68,03-Sep-2025,04-Aug-2026,-,-2.423112767940352,-,-1.9662921348314522,8.558951965065491,-11.561001598295162,https://nsearchives.nseindia.com/today/LOWVOL1EQN.svg,https://nsearchives.nseindia.com/30d/LOWVOL1-EQ.svg,https://nsearchives.nseindia.com/365d/LOWVOL1-EQ.svg,EQ
PSUBNKIETF,ICICI Prudential Nifty PSU Bank ETF,86.73,87.2,86.18,87.03,0.47,0.54,155480,13483225.6,86.7819,104,67.86,-,-,24.559896951481313,1.9086651053864114,86.56,0,23.89,1.36,03-Sep-2025,04-Aug-2026,-,1.9086651053864114,-,24.559896951481313,16.317307692307693,-28.24933687002653,https://nsearchives.nseindia.com/today/PSUBNKIETFEQN.svg,https://nsearchives.nseindia.com/30d/PSUBNKIETF-EQ.svg,https://nsearchives.nseindia.com/365d/PSUBNKIETF-EQ.svg,EQ
ALPL30IETF,Nifty Alpha Low-Volatility 30 Index,27.85,27.85,27.5,27.65,-0.11,-0.40,473904,13084489.44,27.6797,29.17,24.35,10-MAY-24,FACE VALUE SPLIT (SUB-DIVISION) - FROM RS 10/- PER SHARE TO RE 1/- PER SHARE,1.7292126563649701,-2.331331684916991,27.76,0,2.13,-1.94,03-Sep-2025,04-Aug-2026,FACE VALUE SPLIT (SUB-DIVISION) - FROM RS 10/- PER SHARE TO RE 1/- PER SHARE,-2.331331684916991,10-MAY-24,1.7292126563649701,5.2108330476517075,-13.552361396303889,https://nsearchives.nseindia.com/today/ALPL30IETFEQN.svg,https://nsearchives.nseindia.com/30d/ALPL30IETF-EQ.svg,https://nsearchives.nseindia.com/365d/ALPL30IETF-EQ.svg,EQ
MIDCAP,Nifty Midcap 50 Index,18.89,18.89,17.9,18.57,0.05,0.27,695787,12872059.5,18.5713,19.27,15.01,27-FEB-26,FACE VALUE SPLIT (SUB-DIVISION) - FROM RS 10/- PER SHARE TO RE 1/- PER SHARE,-88.70300523178003,0,18.52,0,-88.73,-0.27,03-Sep-2025,04-Aug-2026,FACE VALUE SPLIT (SUB-DIVISION) - FROM RS 10/- PER SHARE TO RE 1/- PER SHARE,0,27-FEB-26,-88.70300523178003,3.632589517384532,-23.71752165223185,https://nsearchives.nseindia.com/today/MIDCAPEQN.svg,https://nsearchives.nseindia.com/30d/MIDCAP-EQ.svg,https://nsearchives.nseindia.com/365d/MIDCAP-EQ.svg,EQ
ALPHAETF,Mirae Asset Nifty 200 Alpha 30 ETF,26.5,26.71,26.49,26.62,0.1,0.38,481962,12825008.82,26.5873,27.61,21.8,-,-,6.267465069860281,0.9863429438543306,26.52,0,5.87,0.61,03-Sep-2025,04-Aug-2026,-,0.9863429438543306,-,6.267465069860281,3.585657370517923,-22.110091743119266,https://nsearchives.nseindia.com/today/ALPHAETFEQN.svg,https://nsearchives.nseindia.com/30d/ALPHAETF-EQ.svg,https://nsearchives.nseindia.com/365d/ALPHAETF-EQ.svg,EQ
MAFANG,NYSE FANG+ Total Return Index,207.56,207.56,207.56,207.56,0.48,0.23,59968,12446958.08,175.3174,211.56,149.74,-,-,30.360507473935435,7.16092725489184,207.08,0,30.06,6.91,03-Sep-2025,04-Aug-2026,-,7.16092725489184,-,30.360507473935435,1.8907165815844205,-38.61359690129557,https://nsearchives.nseindia.com/today/MAFANGEQN.svg,https://nsearchives.nseindia.com/30d/MAFANG-EQ.svg,https://nsearchives.nseindia.com/365d/MAFANG-EQ.svg,EQ
ELIQUID,Nifty 1D Rate Index (Debt Index),1046.75,1046.75,1046.59,1046.6,0.35,0.03,11691,12235800.6,1046.2434,1051.22,996,-,-,Infinity,0.42507460395135493,1046.25,0,0,0.39,,04-Aug-2026,-,0.42507460395135493,-,Infinity,0.4394893552253684,-5.0803212851405535,https://nsearchives.nseindia.com/today/ELIQUIDEQN.svg,https://nsearchives.nseindia.com/30d/ELIQUID-EQ.svg,,EQ
HEALTHY,Nifty Healthcare TRI,17,17.21,16.81,16.99,-0.07,-0.41,723183,12214560.87,17.0376,17.67,13.58,-,-,14.103425117528527,-1.2209302325581446,17.06,0,14.57,-0.81,03-Sep-2025,04-Aug-2026,-,-1.2209302325581446,-,14.103425117528527,3.8483305036785693,-25.110456553755512,https://nsearchives.nseindia.com/today/HEALTHYEQN.svg,https://nsearchives.nseindia.com/30d/HEALTHY-EQ.svg,https://nsearchives.nseindia.com/365d/HEALTHY-EQ.svg,EQ
GILT5YBEES,Nifty 5 yr Benchmark G-Sec Index,66.54,66.55,66.21,66.33,0.1,0.15,183586,12171751.8,66.2266,67.84,61.45,-,-,6.366260423348298,0.3024345985180748,66.23,0,6.21,0.15,03-Sep-2025,04-Aug-2026,-,0.3024345985180748,-,6.366260423348298,2.2258254716981205,-7.941415785191205,https://nsearchives.nseindia.com/today/GILT5YBEESEQN.svg,https://nsearchives.nseindia.com/30d/GILT5YBEES-EQ.svg,https://nsearchives.nseindia.com/365d/GILT5YBEES-EQ.svg,EQ
ITIETF,Nifty IT Index,34.59,34.73,33.95,33.95,-0.29,-0.85,354409,12124331.89,34.3063,44.3,28.54,01-SEP-22,FACE VALUE SPLIT (SUB-DIVISION) - FROM RS 10/- PER UNIT TO RE 1/- PER UNIT,-12.228541882109608,-1.4799767846778815,34.24,0,-11.48,-0.64,03-Sep-2025,04-Aug-2026,FACE VALUE SPLIT (SUB-DIVISION) - FROM RS 10/- PER UNIT TO RE 1/- PER UNIT,-1.4799767846778815,01-SEP-22,-12.228541882109608,23.363431151241524,-18.95585143658025,https://nsearchives.nseindia.com/today/ITIETFEQN.svg,https://nsearchives.nseindia.com/30d/ITIETF-EQ.svg,https://nsearchives.nseindia.com/365d/ITIETF-EQ.svg,EQ
SHARIABEES,Shariah,458.12,458.12,451.93,452,-1.44,-0.32,25560,11567944.8,454.0795,534.61,433.68,10-MAR-14,DIVIDEND-RS.2 PER UNIT,-10.114147078709783,-4.61317688768835,453.44,0,-9.83,-4.31,03-Sep-2025,04-Aug-2026,DIVIDEND-RS.2 PER UNIT,-4.61317688768835,10-MAR-14,-10.114147078709783,15.452385851368291,-4.224312857406381,https://nsearchives.nseindia.com/today/SHARIABEESEQN.svg,https://nsearchives.nseindia.com/30d/SHARIABEES-EQ.svg,https://nsearchives.nseindia.com/365d/SHARIABEES-EQ.svg,EQ
BANKETF,Mirae Asset Nifty Bank ETF,588.93,588.93,585.01,586.27,0.27,0.05,18870,11077822.2,585.4998,628.27,507.01,-,-,6.6993047719579115,-0.37385083351743426,586,0,6.65,-0.42,03-Sep-2025,04-Aug-2026,-,-0.37385083351743426,-,6.6993047719579115,6.685023954669171,-15.632827754876628,https://nsearchives.nseindia.com/today/BANKETFEQN.svg,https://nsearchives.nseindia.com/30d/BANKETF-EQ.svg,https://nsearchives.nseindia.com/365d/BANKETF-EQ.svg,EQ
SETFNIFBK,Nifty Bank,593.87,593.87,589.83,590.31,-1,-0.17,18450,10914097.5,590.2464,646.11,465.64,02-NOV-17, DIVIDEND - RS 3.50 PER UNIT,6.565693035346768,-0.10830019460192909,591.31,0,6.75,0.06,03-Sep-2025,04-Aug-2026, DIVIDEND - RS 3.50 PER UNIT,-0.10830019460192909,02-NOV-17,6.565693035346768,8.636300320378894,-26.773902585688507,https://nsearchives.nseindia.com/today/SETFNIFBKEQN.svg,https://nsearchives.nseindia.com/30d/SETFNIFBK-EQ.svg,https://nsearchives.nseindia.com/365d/SETFNIFBK-EQ.svg,EQ
ENERGY,Nifty Energy,38.49,38.81,38.3,38.3,-0.11,-0.29,274108,10542193.68,38.3974,42.82,29,-,-,Infinity,-1.6688061617458425,38.41,0,0,-1.39,,04-Aug-2026,-,-1.6688061617458425,-,Infinity,10.555815039701082,-32.068965517241374,https://nsearchives.nseindia.com/today/ENERGYEQN.svg,https://nsearchives.nseindia.com/30d/ENERGY-EQ.svg,,EQ
MOM100,Nifty Midcap 100,68.6,68.73,68,68.12,-0.06,-0.09,153254,10471845.82,68.2811,70.32,56.15,-,-,10.351530860197649,0,68.18,0,10.45,0.09,03-Sep-2025,04-Aug-2026,-,0,-,10.351530860197649,3.1285551763367305,-21.3178984861977,https://nsearchives.nseindia.com/today/MOM100EQN.svg,https://nsearchives.nseindia.com/30d/MOM100-EQ.svg,https://nsearchives.nseindia.com/365d/MOM100-EQ.svg,EQ
MID150CASE,Zerodha Nifty Midcap 150 ETF,11.72,11.74,11.65,11.7,0.02,0.17,879546,10290688.2,11.696,13,9.63,-,-,10.273327049952874,-0.2557544757033345,11.68,0,10.08,-0.43,03-Sep-2025,04-Aug-2026,-,-0.2557544757033345,-,10.273327049952874,10.000000000000004,-21.49532710280372,https://nsearchives.nseindia.com/today/MID150CASEEQN.svg,https://nsearchives.nseindia.com/30d/MID150CASE-EQ.svg,https://nsearchives.nseindia.com/365d/MID150CASE-EQ.svg,EQ
HDFCMID150,HDFC NIFTY Midcap 150 ETF,23.78,23.78,23.45,23.48,-0.05,-0.21,422354,9929542.54,23.526,25.2,19.42,20-OCT-23,FACE VALUE SPLIT (SUB-DIVISION) - FROM RS 115.95/- PER SHARE TO RS 11.59/- PER SHARE,9.107806691449818,-0.6768189509306266,23.53,0,9.34,-0.47,03-Sep-2025,04-Aug-2026,FACE VALUE SPLIT (SUB-DIVISION) - FROM RS 115.95/- PER SHARE TO RS 11.59/- PER SHARE,-0.6768189509306266,20-OCT-23,9.107806691449818,6.825396825396821,-20.90628218331616,https://nsearchives.nseindia.com/today/HDFCMID150EQN.svg,https://nsearchives.nseindia.com/30d/HDFCMID150-EQ.svg,https://nsearchives.nseindia.com/365d/HDFCMID150-EQ.svg,EQ
EVINDIA,Nifty EV and New Age Automotive Total Return Index,32.8,32.8,32.38,32.46,-0.21,-0.64,304394,9889761.06,32.7005,35.04,26.2,-,-,5.629677839245039,-2.6102610261026027,32.67,0,6.31,-1.98,03-Sep-2025,04-Aug-2026,-,-2.6102610261026027,-,5.629677839245039,7.363013698630132,-23.89312977099237,https://nsearchives.nseindia.com/today/EVINDIAEQN.svg,https://nsearchives.nseindia.com/30d/EVINDIA-EQ.svg,https://nsearchives.nseindia.com/365d/EVINDIA-EQ.svg,EQ
MAHKTECH,Hang Seng TECH Total Return Index,22.1,22.1,22.1,22.1,-0.16,-0.72,436637,9649677.7,18.1341,35.59,21,-,-,-16.097190584662105,-6.632868610054922,22.26,0,-15.49,-5.96,03-Sep-2025,04-Aug-2026,-,-6.632868610054922,-,-16.097190584662105,37.903905591458276,-5.238095238095245,https://nsearchives.nseindia.com/today/MAHKTECHEQN.svg,https://nsearchives.nseindia.com/30d/MAHKTECH-EQ.svg,https://nsearchives.nseindia.com/365d/MAHKTECH-EQ.svg,EQ
BSLNIFTY,Nifty 50,28.34,28.34,27.97,28.09,0.02,0.07,339470,9549291.1,28.0167,33,25.7,25-NOV-21, FACE VALUE SPLIT (SUB-DIVISION) - FROM RS 10/- PER SHARE TO RE 1/- PER SHARE,-2.0913210177762336,-2.2616562282533006,28.07,0,-2.16,-2.33,03-Sep-2025,04-Aug-2026, FACE VALUE SPLIT (SUB-DIVISION) - FROM RS 10/- PER SHARE TO RE 1/- PER SHARE,-2.2616562282533006,25-NOV-21,-2.0913210177762336,14.878787878787879,-9.299610894941637,https://nsearchives.nseindia.com/today/BSLNIFTYEQN.svg,https://nsearchives.nseindia.com/30d/BSLNIFTY-EQ.svg,https://nsearchives.nseindia.com/365d/BSLNIFTY-EQ.svg,EQ
BANKNIFTY1,Nifty Bank,60.19,60.19,59.61,59.7,-0.05,-0.08,149995,8966701.1,59.6414,65.29,51.71,27-FEB-26,FACE VALUE SPLIT (SUB-DIVISION) - FROM RS 10/- PER SHARE TO RE 1/- PER SHARE,-89.30931361137475,0.016753224995820264,59.75,0,-89.3,0.1,03-Sep-2025,04-Aug-2026,FACE VALUE SPLIT (SUB-DIVISION) - FROM RS 10/- PER SHARE TO RE 1/- PER SHARE,0.016753224995820264,27-FEB-26,-89.30931361137475,8.561801194669938,-15.451556758847422,https://nsearchives.nseindia.com/today/BANKNIFTY1EQN.svg,https://nsearchives.nseindia.com/30d/BANKNIFTY1-EQ.svg,https://nsearchives.nseindia.com/365d/BANKNIFTY1-EQ.svg,EQ
BFSI,Nifty Financial Services Index,27.61,27.61,27.02,27.15,0.13,0.48,323149,8773495.35,26.98,29.94,24.03,-,-,1.9909842223891718,-2.3381294964028854,27.02,0,1.5,-2.81,03-Sep-2025,04-Aug-2026,-,-2.3381294964028854,-,1.9909842223891718,9.318637274549108,-12.983770287141063,https://nsearchives.nseindia.com/today/BFSIEQN.svg,https://nsearchives.nseindia.com/30d/BFSI-EQ.svg,https://nsearchives.nseindia.com/365d/BFSI-EQ.svg,EQ
EBBETF0431,Nifty BHARAT Bond,1432.36,1443.67,1431,1438.05,-1.5,-0.10,5856,8433694.08,1436.4892,1469,1364.14,-,-,5.21367583900965,-0.3236941333037646,1439.55,0,5.32,-0.22,03-Sep-2025,04-Aug-2026,-,-0.3236941333037646,-,5.21367583900965,2.1068754254594992,-5.418065594440442,https://nsearchives.nseindia.com/today/EBBETF0431EQN.svg,https://nsearchives.nseindia.com/30d/EBBETF0431-EQ.svg,https://nsearchives.nseindia.com/365d/EBBETF0431-EQ.svg,EQ
GROWWEV,Nifty EV and New Age Automotive Index,32.82,32.82,32.18,32.46,-0.11,-0.34,259593,8405621.34,32.572,34.64,26.2,-,-,5.629677839245039,-1.9631531259438193,32.57,0,5.99,-1.63,03-Sep-2025,04-Aug-2026,-,-1.9631531259438193,-,5.629677839245039,6.293302540415703,-23.89312977099237,https://nsearchives.nseindia.com/today/GROWWEVEQN.svg,https://nsearchives.nseindia.com/30d/GROWWEV-EQ.svg,https://nsearchives.nseindia.com/365d/GROWWEV-EQ.svg,EQ
NIF100BEES,Nifty 100 TRI,265.32,267.34,265.19,266.9,1.3,0.49,31122,8300548.62,265.6109,290,240,-,-,-0.2839423148771007,-1.8858214167555034,265.6,0,-0.77,-2.36,03-Sep-2025,04-Aug-2026,-,-1.8858214167555034,-,-0.2839423148771007,7.9655172413793185,-11.208333333333323,https://nsearchives.nseindia.com/today/NIF100BEESEQN.svg,https://nsearchives.nseindia.com/30d/NIF100BEES-EQ.svg,https://nsearchives.nseindia.com/365d/NIF100BEES-EQ.svg,EQ
INTERNET,Equity Index,14.65,14.74,14.44,14.59,0.07,0.48,534263,7810925.06,14.5539,15.45,10.72,-,-,0,5.191059841384287,14.52,0,-0.48,4.69,03-Sep-2025,04-Aug-2026,-,5.191059841384287,-,0,5.566343042071194,-36.10074626865671,https://nsearchives.nseindia.com/today/INTERNETEQN.svg,https://nsearchives.nseindia.com/30d/INTERNET-EQ.svg,https://nsearchives.nseindia.com/365d/INTERNET-EQ.svg,EQ
MIDSMALL,Mirae Asset Nifty MidSmallcap400 Momentum Quality 100 ETF,52.07,53.07,51.7,51.83,-0.2,-0.38,148865,7723116.2,51.9989,53.07,42.41,-,-,7.665143331948479,0.3484995159728939,52.03,0,8.08,0.74,03-Sep-2025,04-Aug-2026,-,0.3484995159728939,-,7.665143331948479,2.3365366497079365,-22.21174251355813,https://nsearchives.nseindia.com/today/MIDSMALLEQN.svg,https://nsearchives.nseindia.com/30d/MIDSMALL-EQ.svg,https://nsearchives.nseindia.com/365d/MIDSMALL-EQ.svg,EQ
DIVOPPBEES,Nifty Dividend Opportunities 50 TRI,76.68,77.4,76.27,76.95,0.27,0.35,97372,7475248.44,76.8282,87.09,72.13,-,-,-0.4399016690386898,-2.902208201892741,76.68,0,-0.79,-3.24,03-Sep-2025,04-Aug-2026,-,-2.902208201892741,-,-0.4399016690386898,11.643127798828797,-6.68237903784834,https://nsearchives.nseindia.com/today/DIVOPPBEESEQN.svg,https://nsearchives.nseindia.com/30d/DIVOPPBEES-EQ.svg,https://nsearchives.nseindia.com/365d/DIVOPPBEES-EQ.svg,EQ
HDFCNIFBAN,Nifty Bank,60.65,60.65,59.08,59.31,0.13,0.22,123216,7304244.48,59.1538,65.54,51.2,02-FEB-24,FACE VALUE SPLIT (SUB-DIVISION) - FROM RS 223.31/- PER SHARE TO RS 22.331/- PER SHARE,6.999819592278554,0.11816340310600992,59.18,0,6.77,-0.1,03-Sep-2025,04-Aug-2026,FACE VALUE SPLIT (SUB-DIVISION) - FROM RS 223.31/- PER SHARE TO RS 22.331/- PER SHARE,0.11816340310600992,02-FEB-24,6.999819592278554,9.50564540738481,-15.83984375,https://nsearchives.nseindia.com/today/HDFCNIFBANEQN.svg,https://nsearchives.nseindia.com/30d/HDFCNIFBAN-EQ.svg,https://nsearchives.nseindia.com/365d/HDFCNIFBAN-EQ.svg,EQ
NIFTYAXIS,Nifty 50,265.78,265.99,264.62,265.61,1.03,0.39,27062,7187667.2,264.5081,296.38,244,23-JUL-20, FACE VALUE SPLIT (SUB-DIVISION) - FROM RS 100/- PER SHARE TO RS 10/- PER SHARE,Infinity,-1.9744611750811805,264.58,0,0,-2.35,,04-Aug-2026, FACE VALUE SPLIT (SUB-DIVISION) - FROM RS 100/- PER SHARE TO RS 10/- PER SHARE,-1.9744611750811805,23-JUL-20,Infinity,10.38194210135636,-8.856557377049185,https://nsearchives.nseindia.com/today/NIFTYAXISEQN.svg,https://nsearchives.nseindia.com/30d/NIFTYAXIS-EQ.svg,,EQ
AONEGOLD,Domestic price of Gold,14.29,14.48,14.29,14.35,0.07,0.49,470758,6760084.88,14.2316,17.73,10,-,-,Infinity,8.301886792452828,14.28,0,0,7.77,,04-Aug-2026,-,8.301886792452828,-,Infinity,19.06373378454597,-43.49999999999999,https://nsearchives.nseindia.com/today/AONEGOLDEQN.svg,https://nsearchives.nseindia.com/30d/AONEGOLD-EQ.svg,,EQ
GROWWNIFTY,Nifty 50 Index - TRI,9.65,9.76,9.65,9.69,0.03,0.31,684423,6625214.64,9.6562,11.88,8.93,-,-,-1.9230769230769358,-2.1212121212121295,9.66,0,-2.23,-2.42,03-Sep-2025,04-Aug-2026,-,-2.1212121212121295,-,-1.9230769230769358,18.434343434343443,-8.510638297872337,https://nsearchives.nseindia.com/today/GROWWNIFTYEQN.svg,https://nsearchives.nseindia.com/30d/GROWWNIFTY-EQ.svg,https://nsearchives.nseindia.com/365d/GROWWNIFTY-EQ.svg,EQ
HDFCGROWTH,HDFC NIFTY Growth Sectors 15 ETF,118.04,119.87,118.04,118.69,0.01,0.01,55143,6523416.9,118.9369,133.3,107.86,-,-,-2.8882343315333014,-3.126020241593208,118.68,0,-2.9,-3.13,03-Sep-2025,04-Aug-2026,-,-3.126020241593208,-,-2.8882343315333014,10.960240060015012,-10.040793621361022,https://nsearchives.nseindia.com/today/HDFCGROWTHEQN.svg,https://nsearchives.nseindia.com/30d/HDFCGROWTH-EQ.svg,https://nsearchives.nseindia.com/365d/HDFCGROWTH-EQ.svg,EQ
HDFCNIMEG,Nifty Metal Index TRI,131.73,133.99,131.5,133.99,2.5,1.90,46678,6214242.14,131.6948,152.55,126.96,-,-,Infinity,-6.182607477944255,131.49,0,0,-7.93,,04-Aug-2026,-,-6.182607477944255,-,Infinity,12.166502785971813,-5.537177063642105,https://nsearchives.nseindia.com/today/HDFCNIMEGEQN.svg,https://nsearchives.nseindia.com/30d/HDFCNIMEG-EQ.svg,,EQ
INSUREIETF,BSE Insurance Index,15.06,15.33,15.05,15.21,0.17,1.13,402017,6094577.72,15.0579,16.46,15,-,-,Infinity,Infinity,15.04,0,0,0,,,-,Infinity,-,Infinity,7.594167679222357,-1.4000000000000057,https://nsearchives.nseindia.com/today/INSUREIETFEQN.svg,,,EQ
MOMMIDCAP,BSE Midcap 150 Momentum 30 TRI,13.01,13.07,12.98,12.99,-0.03,-0.23,463054,6024332.54,13.0104,14.99,10.8,-,-,Infinity,1.484374999999996,13.02,0,0,1.72,,04-Aug-2026,-,1.484374999999996,-,Infinity,13.3422281521014,-20.27777777777777,https://nsearchives.nseindia.com/today/MOMMIDCAPEQN.svg,https://nsearchives.nseindia.com/30d/MOMMIDCAP-EQ.svg,,EQ
MOGOLD,Domestic Price of Physical Gold,150.55,153,150.55,151.65,1,0.66,39281,5969140.76,150.6557,175,104.55,-,-,43.539990534784664,8.089807555238771,150.65,0,42.59,7.38,03-Sep-2025,04-Aug-2026,-,8.089807555238771,-,43.539990534784664,13.34285714285714,-45.050215208034444,https://nsearchives.nseindia.com/today/MOGOLDEQN.svg,https://nsearchives.nseindia.com/30d/MOGOLD-EQ.svg,https://nsearchives.nseindia.com/365d/MOGOLD-EQ.svg,EQ
MONIFTY500,Motilal Oswal Nifty 500 ETF,23.8,23.93,23.8,23.93,0.13,0.55,249509,5960770.01,23.8039,28.28,20.75,-,-,2.5717959708529854,-0.9519867549668892,23.8,0,2.01,-1.49,03-Sep-2025,04-Aug-2026,-,-0.9519867549668892,-,2.5717959708529854,15.381895332390386,-15.325301204819278,https://nsearchives.nseindia.com/today/MONIFTY500EQN.svg,https://nsearchives.nseindia.com/30d/MONIFTY500-EQ.svg,https://nsearchives.nseindia.com/365d/MONIFTY500-EQ.svg,EQ
EVIETF,Nifty EV & New Age Automotive ETF,32.89,32.89,32.31,32.56,0,0.00,183629,5955088.47,32.6523,36,26.28,-,-,5.611417450535206,-2.2515761032722903,32.56,0,5.61,-2.25,03-Sep-2025,04-Aug-2026,-,-2.2515761032722903,-,5.611417450535206,9.55555555555555,-23.896499238964996,https://nsearchives.nseindia.com/today/EVIETFEQN.svg,https://nsearchives.nseindia.com/30d/EVIETF-EQ.svg,https://nsearchives.nseindia.com/365d/EVIETF-EQ.svg,EQ
ELM250,Nifty LargeMidcap 250 TRI,16.8,16.8,16.51,16.68,0.03,0.18,355767,5923520.55,16.6113,19.2,14.43,-,-,Infinity,-0.9501187648456065,16.65,0,0,-1.13,,04-Aug-2026,-,-0.9501187648456065,-,Infinity,13.124999999999998,-15.592515592515593,https://nsearchives.nseindia.com/today/ELM250EQN.svg,https://nsearchives.nseindia.com/30d/ELM250-EQ.svg,,EQ
GROWWMETAL,Nifty Metal Index,12.48,12.77,12.32,12.68,0.2,1.60,467942,5914786.88,12.5596,13.45,10.03,-,-,Infinity,2.7552674230145855,12.48,0,0,1.13,,04-Aug-2026,-,2.7552674230145855,-,Infinity,5.724907063197024,-26.420737786640085,https://nsearchives.nseindia.com/today/GROWWMETALEQN.svg,https://nsearchives.nseindia.com/30d/GROWWMETAL-EQ.svg,,EQ
CONSUMER,Nifty India New AgeConsumption,12.45,12.45,12,12.04,0.02,0.17,487786,5868065.58,12.047,12.87,9.69,-,-,-1.0682004930156186,-0.9868421052631661,12.02,0,-1.23,-1.15,03-Sep-2025,04-Aug-2026,-,-0.9868421052631661,-,-1.0682004930156186,6.449106449106449,-24.251805985552114,https://nsearchives.nseindia.com/today/CONSUMEREQN.svg,https://nsearchives.nseindia.com/30d/CONSUMER-EQ.svg,https://nsearchives.nseindia.com/365d/CONSUMER-EQ.svg,EQ
FINIETF,ICICI Prudential Nifty Financial Services Ex-Bank ETF,33.46,33.46,32.69,32.9,0.25,0.77,174481,5740424.9,32.6717,34.56,27.4,-,-,11.563241776873516,-2.3449094686850676,32.65,0,10.72,-3.09,03-Sep-2025,04-Aug-2026,-,-2.3449094686850676,-,11.563241776873516,4.803240740740751,-20.072992700729927,https://nsearchives.nseindia.com/today/FINIETFEQN.svg,https://nsearchives.nseindia.com/30d/FINIETF-EQ.svg,https://nsearchives.nseindia.com/365d/FINIETF-EQ.svg,EQ
LIQUIDSBI,SBI NIFTY 1D Rate ETF,999.99,1000.01,999.99,1000.01,0,0.00,5550,5550000,1000,1010.02,970.23,-,-,0.002000020000198183,0.002000020000198183,1000.01,0,0,0,03-Sep-2025,04-Aug-2026,-,0.002000020000198183,-,0.002000020000198183,0.9910694837725976,-3.0693753027632593,https://nsearchives.nseindia.com/today/LIQUIDSBIEQN.svg,https://nsearchives.nseindia.com/30d/LIQUIDSBI-EQ.svg,https://nsearchives.nseindia.com/365d/LIQUIDSBI-EQ.svg,EQ
NIFTYCASE,Nifty Index 50 Index,9.8,9.8,9.59,9.64,0.05,0.52,560039,5393175.57,9.5928,11.61,8.84,-,-,Infinity,-1.9328585961342777,9.59,0,0,-2.44,,04-Aug-2026,-,-1.9328585961342777,-,Infinity,16.968130921619284,-9.049773755656117,https://nsearchives.nseindia.com/today/NIFTYCASEEQN.svg,https://nsearchives.nseindia.com/30d/NIFTYCASE-EQ.svg,,EQ
EQUAL50ADD,NIFTY 50 Equal Weight Index,341.54,342,338.98,338.98,-1.59,-0.47,15781,5380689.76,340.0978,361,304.78,-,-,3.3601658738870714,-3.087655097489838,340.57,0,3.84,-2.63,03-Sep-2025,04-Aug-2026,-,-3.087655097489838,-,3.3601658738870714,6.099722991689745,-11.221208740731035,https://nsearchives.nseindia.com/today/EQUAL50ADDEQN.svg,https://nsearchives.nseindia.com/30d/EQUAL50ADD-EQ.svg,https://nsearchives.nseindia.com/365d/EQUAL50ADD-EQ.svg,EQ
GROWWNET,Index,10.95,10.95,10.63,10.87,0.08,0.74,490430,5321165.5,10.774,11.4,7.93,-,-,0.36934441366573545,6.568627450980393,10.79,0,-0.37,5.78,03-Sep-2025,04-Aug-2026,-,6.568627450980393,-,0.36934441366573545,4.649122807017553,-37.07440100882723,https://nsearchives.nseindia.com/today/GROWWNETEQN.svg,https://nsearchives.nseindia.com/30d/GROWWNET-EQ.svg,https://nsearchives.nseindia.com/365d/GROWWNET-EQ.svg,EQ
MAKEINDIA,Nifty India Manufacturing Total Return Index,165.42,165.79,165.06,165.37,-0.1,-0.06,32053,5299643.02,165.6584,173.11,140.12,-,-,11.1058855146466,-0.9819771271181286,165.47,0,11.17,-0.92,03-Sep-2025,04-Aug-2026,-,-0.9819771271181286,-,11.1058855146466,4.471145514412806,-18.020268341421637,https://nsearchives.nseindia.com/today/MAKEINDIAEQN.svg,https://nsearchives.nseindia.com/30d/MAKEINDIA-EQ.svg,https://nsearchives.nseindia.com/365d/MAKEINDIA-EQ.svg,EQ
IT,NIFTY IT Index,34.44,34.75,34,34.2,0.01,0.03,153062,5254618.46,34.2768,44.49,28.54,-,-,-11.376004146151853,-1.4693171996542724,34.19,0,-11.4,-1.5,03-Sep-2025,04-Aug-2026,-,-1.4693171996542724,-,-11.376004146151853,23.12879298718813,-19.83181499649616,https://nsearchives.nseindia.com/today/ITEQN.svg,https://nsearchives.nseindia.com/30d/IT-EQ.svg,https://nsearchives.nseindia.com/365d/IT-EQ.svg,EQ
TOP100CASE,Zerodha Nifty 100 ETF,10.54,10.57,10.5,10.56,0.04,0.38,498182,5250838.28,10.5182,11.57,9.48,-,-,-0.18903591682419257,-1.7674418604651116,10.52,0,-0.57,-2.14,03-Sep-2025,04-Aug-2026,-,-1.7674418604651116,-,-0.18903591682419257,8.729472774416593,-11.39240506329114,https://nsearchives.nseindia.com/today/TOP100CASEEQN.svg,https://nsearchives.nseindia.com/30d/TOP100CASE-EQ.svg,https://nsearchives.nseindia.com/365d/TOP100CASE-EQ.svg,EQ
TNIDETF,Nifty India Digital Index,88.73,92.17,88.73,90.6,-0.41,-0.45,57515,5242492.25,91.5327,103.26,74.5,-,-,-3.1326847000962332,0.8684034736138958,91.01,0,-2.69,1.32,03-Sep-2025,04-Aug-2026,-,0.8684034736138958,-,-3.1326847000962332,12.260313771063347,-21.61073825503355,https://nsearchives.nseindia.com/today/TNIDETFEQN.svg,https://nsearchives.nseindia.com/30d/TNIDETF-EQ.svg,https://nsearchives.nseindia.com/365d/TNIDETF-EQ.svg,EQ
SBIBPB,BSE PSU Bank Index TRI,49.97,50.05,49.26,49.56,0.08,0.16,104576,5205793.28,49.6269,58.27,39.07,-,-,23.560209424083776,1.1222199551112106,49.48,0,23.36,0.96,03-Sep-2025,04-Aug-2026,-,1.1222199551112106,-,23.560209424083776,14.94765745666724,-26.84924494497057,https://nsearchives.nseindia.com/today/SBIBPBEQN.svg,https://nsearchives.nseindia.com/30d/SBIBPB-EQ.svg,https://nsearchives.nseindia.com/365d/SBIBPB-EQ.svg,EQ
MOSILVER,Domestic Price of Physical Silver,231.14,231.15,228.28,230.4,3.21,1.41,20361,4683437.22,227.5031,385,122.8,-,-,86.422849745125,7.55298291476053,227.19,0,83.83,6.05,03-Sep-2025,04-Aug-2026,-,7.55298291476053,-,86.422849745125,40.15584415584416,-87.62214983713355,https://nsearchives.nseindia.com/today/MOSILVEREQN.svg,https://nsearchives.nseindia.com/30d/MOSILVER-EQ.svg,https://nsearchives.nseindia.com/365d/MOSILVER-EQ.svg,EQ
MOENERGY,Nifty Energy Index,38,38.99,37.86,38.42,0.11,0.29,118745,4560995.45,38.3211,43,33,-,-,Infinity,-1.335387776065732,38.31,0,0,-1.62,,04-Aug-2026,-,-1.335387776065732,-,Infinity,10.65116279069767,-16.424242424242433,https://nsearchives.nseindia.com/today/MOENERGYEQN.svg,https://nsearchives.nseindia.com/30d/MOENERGY-EQ.svg,,EQ
NV20IETF,Nifty50 Value 20,13.55,13.65,13.55,13.64,0.09,0.66,322970,4398851.4,13.5535,16,12.5,01-MAR-24,FACE VALUE SPLIT (SUB-DIVISION) - FROM RS 10/- PER SHARE TO RE 1/- PER SHARE,-5.211952744961779,-1.5162454873646143,13.55,0,-5.84,-2.17,03-Sep-2025,04-Aug-2026,FACE VALUE SPLIT (SUB-DIVISION) - FROM RS 10/- PER SHARE TO RE 1/- PER SHARE,-1.5162454873646143,01-MAR-24,-5.211952744961779,14.749999999999996,-9.120000000000005,https://nsearchives.nseindia.com/today/NV20IETFEQN.svg,https://nsearchives.nseindia.com/30d/NV20IETF-EQ.svg,https://nsearchives.nseindia.com/365d/NV20IETF-EQ.svg,EQ
HDFCNIFIT,HDFC NIFTY IT ETF,33.32,33.43,32.81,32.97,-0.03,-0.09,128067,4218526.98,32.9738,42.3,27.32,02-FEB-24,FACE VALUE SPLIT (SUB-DIVISION) - FROM RS 299.92/- PER SHARE TO RS 29.992/- PER SHARE,-11.51368760064412,-1.4938751120406335,33,0,-11.43,-1.4,03-Sep-2025,04-Aug-2026,FACE VALUE SPLIT (SUB-DIVISION) - FROM RS 299.92/- PER SHARE TO RS 29.992/- PER SHARE,-1.4938751120406335,02-FEB-24,-11.51368760064412,22.056737588652478,-20.680819912152266,https://nsearchives.nseindia.com/today/HDFCNIFITEQN.svg,https://nsearchives.nseindia.com/30d/HDFCNIFIT-EQ.svg,https://nsearchives.nseindia.com/365d/HDFCNIFIT-EQ.svg,EQ
ITETF,Mirae Asset Nifty IT ETF,33.05,33.17,32.5,32.59,-0.1,-0.31,127150,4159076.5,32.7156,42.02,27.22,-,-,-11.512354059190864,-1.8077734257306248,32.69,0,-11.24,-1.51,03-Sep-2025,04-Aug-2026,-,-1.8077734257306248,-,-11.512354059190864,22.441694431223226,-19.728141072740648,https://nsearchives.nseindia.com/today/ITETFEQN.svg,https://nsearchives.nseindia.com/30d/ITETF-EQ.svg,https://nsearchives.nseindia.com/365d/ITETF-EQ.svg,EQ
HDFCPVTBAN,HDFC NIFTY Private Bank ETF,29.01,29.01,28.18,28.27,-0.04,-0.14,143631,4083429.33,28.3225,30.17,24.31,02-FEB-24,FACE VALUE SPLIT (SUB-DIVISION) - FROM RS 216.75/- PER SHARE TO RS 21.675/- PER SHARE,5.72176514584892,-0.035360678925040884,28.31,0,5.87,0.11,03-Sep-2025,04-Aug-2026,FACE VALUE SPLIT (SUB-DIVISION) - FROM RS 216.75/- PER SHARE TO RS 21.675/- PER SHARE,-0.035360678925040884,02-FEB-24,5.72176514584892,6.297646668876374,-16.289592760181,https://nsearchives.nseindia.com/today/HDFCPVTBANEQN.svg,https://nsearchives.nseindia.com/30d/HDFCPVTBAN-EQ.svg,https://nsearchives.nseindia.com/365d/HDFCPVTBAN-EQ.svg,EQ
LTGILTCASE,Nifty 8-13 Yr G-Sec Index,30.45,30.6,30.38,30.42,0,0.00,131619,4003849.98,30.3856,31.31,28.71,-,-,4.1424169804861375,-0.22958346999015,30.42,0,4.14,-0.23,03-Sep-2025,04-Aug-2026,-,-0.22958346999015,-,4.1424169804861375,2.8425423187479946,-5.95611285266458,https://nsearchives.nseindia.com/today/LTGILTCASEEQN.svg,https://nsearchives.nseindia.com/30d/LTGILTCASE-EQ.svg,https://nsearchives.nseindia.com/365d/LTGILTCASE-EQ.svg,EQ
MOMENTUM,Aditya Birla Sun Life Nifty 200 Momentum 30 ETF,31.25,31.56,31,31,-0.37,-1.18,128103,3991689.48,31.1313,33,27.05,-,-,1.2410189418680568,-0.6728612624158951,31.37,0,2.45,0.51,03-Sep-2025,04-Aug-2026,-,-0.6728612624158951,-,1.2410189418680568,6.0606060606060606,-14.602587800369683,https://nsearchives.nseindia.com/today/MOMENTUMEQN.svg,https://nsearchives.nseindia.com/30d/MOMENTUM-EQ.svg,https://nsearchives.nseindia.com/365d/MOMENTUM-EQ.svg,EQ
BANKBETA,Nifty Bank,59.58,59.71,59.41,59.58,0,0.00,65905,3925301.8,59.4383,73.7,51.3,17-FEB-21, FACE VALUE SPLIT (SUB-DIVISION) - FROM RS 10/- PER UNIT TO RE 1/- PER UNIT,Infinity,-0.0838504108670204,59.58,0,0,-0.08,,04-Aug-2026, FACE VALUE SPLIT (SUB-DIVISION) - FROM RS 10/- PER UNIT TO RE 1/- PER UNIT,-0.0838504108670204,17-FEB-21,Infinity,19.158751696065135,-16.140350877192986,https://nsearchives.nseindia.com/today/BANKBETAEQN.svg,https://nsearchives.nseindia.com/30d/BANKBETA-EQ.svg,,EQ
HSBCGOLD,Commodity,134.02,134.31,133.31,133.31,0.78,0.59,29190,3910584.3,132.5441,146.4,119.1,-,-,Infinity,7.751374070481736,132.53,0,0,7.12,,04-Aug-2026,-,7.751374070481736,-,Infinity,8.941256830601096,-11.931150293870704,https://nsearchives.nseindia.com/today/HSBCGOLDEQN.svg,https://nsearchives.nseindia.com/30d/HSBCGOLD-EQ.svg,,EQ
MOMIDMTM,Nifty Midcap 150 Momentum 50 Total Return Index,64.7,64.89,64.5,64.5,-0.2,-0.31,59852,3868833.28,64.6512,70,54.78,-,-,4.166666666666663,0.4360012457178467,64.7,0,4.49,0.75,03-Sep-2025,04-Aug-2026,-,0.4360012457178467,-,4.166666666666663,7.857142857142857,-17.743702081051477,https://nsearchives.nseindia.com/today/MOMIDMTMEQN.svg,https://nsearchives.nseindia.com/30d/MOMIDMTM-EQ.svg,https://nsearchives.nseindia.com/365d/MOMIDMTM-EQ.svg,EQ
HDFCPSUBK,HDFC NIFTY PSU BANK ETF,86.57,87.11,86.03,86.49,0.16,0.19,44418,3845266.26,86.5539,101.25,68.63,-,-,24.231542660155114,2.0290197003656942,86.33,0,24,1.84,03-Sep-2025,04-Aug-2026,-,2.0290197003656942,-,24.231542660155114,14.577777777777783,-26.023604837534606,https://nsearchives.nseindia.com/today/HDFCPSUBKEQN.svg,https://nsearchives.nseindia.com/30d/HDFCPSUBK-EQ.svg,https://nsearchives.nseindia.com/365d/HDFCPSUBK-EQ.svg,EQ
MOVALUE,Motilal Oswal S&P BSE Enhanced Value ETF,115,115,112.8,112.8,0,0.00,33586,3801599.34,113.1359,128.77,98.4,-,-,11.198738170347003,-2.057827559260228,112.8,0,11.2,-2.06,03-Sep-2025,04-Aug-2026,-,-2.057827559260228,-,11.198738170347003,12.401956977556894,-14.634146341463405,https://nsearchives.nseindia.com/today/MOVALUEEQN.svg,https://nsearchives.nseindia.com/30d/MOVALUE-EQ.svg,https://nsearchives.nseindia.com/365d/MOVALUE-EQ.svg,EQ
ABSLBANETF,Nifty Bank,59.05,59.26,58.85,58.85,-0.2,-0.34,61627,3637841.81,58.9118,64.94,50.97,25-NOV-21, FACE VALUE SPLIT (SUB-DIVISION) - FROM RS 10/- PER SHARE TO RE 1/- PER SHARE,6.689630166787536,-0.6583389601620536,59.05,0,7.05,-0.32,03-Sep-2025,04-Aug-2026, FACE VALUE SPLIT (SUB-DIVISION) - FROM RS 10/- PER SHARE TO RE 1/- PER SHARE,-0.6583389601620536,25-NOV-21,6.689630166787536,9.377887280566672,-15.46007455365902,https://nsearchives.nseindia.com/today/ABSLBANETFEQN.svg,https://nsearchives.nseindia.com/30d/ABSLBANETF-EQ.svg,https://nsearchives.nseindia.com/365d/ABSLBANETF-EQ.svg,EQ
SMALL250,Nifty Smallcap 250,18.75,18.75,18.51,18.52,0.01,0.05,194876,3616898.56,18.5083,19.95,14.16,-,-,Infinity,1.4238773274917742,18.51,0,0,1.37,,04-Aug-2026,-,1.4238773274917742,-,Infinity,7.167919799498746,-30.790960451977398,https://nsearchives.nseindia.com/today/SMALL250EQN.svg,https://nsearchives.nseindia.com/30d/SMALL250-EQ.svg,,EQ
EBBETF0433,BHARAT Bond ETF-April 2033,1313.15,1314.98,1306.53,1311,1.64,0.13,2625,3443553.75,1308.8139,1350.32,1243.25,-,-,5.1635208522175695,-0.13711151736745542,1309.36,0,5.03,-0.26,03-Sep-2025,04-Aug-2026,-,-0.13711151736745542,-,5.1635208522175695,2.9119023638841117,-5.449426905288558,https://nsearchives.nseindia.com/today/EBBETF0433EQN.svg,https://nsearchives.nseindia.com/30d/EBBETF0433-EQ.svg,https://nsearchives.nseindia.com/365d/EBBETF0433-EQ.svg,EQ
SENSEXBETA,SENSEX,866.26,866.26,848.52,851.8,2.53,0.30,4022,3417372.74,844.6508,952.91,785,26-FEB-21, INTERIM DIVIDEND - RS 13.56 PER UNIT,Infinity,-1.8233788985961654,849.27,0,0,-2.11,,04-Aug-2026, INTERIM DIVIDEND - RS 13.56 PER UNIT,-1.8233788985961654,26-FEB-21,Infinity,10.610655780713815,-8.509554140127383,https://nsearchives.nseindia.com/today/SENSEXBETAEQN.svg,https://nsearchives.nseindia.com/30d/SENSEXBETA-EQ.svg,,EQ
INFRABEES,Nifty Infra,954.38,958.63,952.54,952.85,-1.43,-0.15,3516,3359256.72,952.659,1018.3,871.35,-,-,2.854027914206459,-1.6179325155907942,954.28,0,3.01,-1.47,03-Sep-2025,04-Aug-2026,-,-1.6179325155907942,-,2.854027914206459,6.427378964941562,-9.353302346932919,https://nsearchives.nseindia.com/today/INFRABEESEQN.svg,https://nsearchives.nseindia.com/30d/INFRABEES-EQ.svg,https://nsearchives.nseindia.com/365d/INFRABEES-EQ.svg,EQ
SILVER360,Commodity-Silver,227.4,229.69,227.4,229.5,3.12,1.38,14214,3253868.88,226.4482,358,121.2,-,-,88.31541806843357,7.549557148882335,226.38,0,85.76,6.09,03-Sep-2025,04-Aug-2026,-,7.549557148882335,-,88.31541806843357,35.89385474860335,-89.35643564356435,https://nsearchives.nseindia.com/today/SILVER360EQN.svg,https://nsearchives.nseindia.com/30d/SILVER360-EQ.svg,https://nsearchives.nseindia.com/365d/SILVER360-EQ.svg,EQ
EBBETF0430,Nifty BHARAT Bond,1611.98,1611.98,1607.71,1608.75,1.04,0.06,2002,3222459.24,1612.4592,1646.18,1501.89,-,-,5.218579949769776,-0.18303654526276883,1607.71,0,5.15,-0.25,03-Sep-2025,04-Aug-2026,-,-0.18303654526276883,-,5.218579949769776,2.273748921746107,-7.1150350558296465,https://nsearchives.nseindia.com/today/EBBETF0430EQN.svg,https://nsearchives.nseindia.com/30d/EBBETF0430-EQ.svg,https://nsearchives.nseindia.com/365d/EBBETF0430-EQ.svg,EQ
GROWWCAPM,Nifty Capital Markets Index,11.49,11.57,11.33,11.49,0.16,1.41,279688,3202427.6,11.3032,12.66,8.02,-,-,Infinity,3.141831238779171,11.33,0,0,1.71,,04-Aug-2026,-,3.141831238779171,-,Infinity,9.24170616113744,-43.26683291770574,https://nsearchives.nseindia.com/today/GROWWCAPMEQN.svg,https://nsearchives.nseindia.com/30d/GROWWCAPM-EQ.svg,,EQ
SILVERBND,Commodity - Silver,233.1,234.35,232.14,232.28,1.91,0.83,13449,3142224.36,230.7288,389,180,-,-,Infinity,6.677688986865064,230.37,0,0,5.8,,04-Aug-2026,-,6.677688986865064,-,Infinity,40.2879177377892,-29.044444444444444,https://nsearchives.nseindia.com/today/SILVERBNDEQN.svg,https://nsearchives.nseindia.com/30d/SILVERBND-EQ.svg,,EQ
GROWWMOM50,Nifty 500 Momentum 50 Index- Total Return Index,11.17,11.17,10.92,11,-0.02,-0.18,277790,3050134.2,10.996,11.55,9.12,-,-,7.003891050583664,2.0408163265306185,11.02,0,7.2,2.23,03-Sep-2025,04-Aug-2026,-,2.0408163265306185,-,7.003891050583664,4.761904761904768,-20.61403508771931,https://nsearchives.nseindia.com/today/GROWWMOM50EQN.svg,https://nsearchives.nseindia.com/30d/GROWWMOM50-EQ.svg,https://nsearchives.nseindia.com/365d/GROWWMOM50-EQ.svg,EQ
HDFCMOMENT,HDFC NIFTY200 Momentum 30 ETF,30.45,31.19,30.45,31.15,0.08,0.26,97334,3017354,31.0296,33.23,27.13,20-OCT-23,FACE VALUE SPLIT (SUB-DIVISION) - FROM RS 190.61/- PER SHARE TO RS 19.061/- PER SHARE,2.39973701512162,0.2574831026713817,31.07,0,2.14,0,03-Sep-2025,04-Aug-2026,FACE VALUE SPLIT (SUB-DIVISION) - FROM RS 190.61/- PER SHARE TO RS 19.061/- PER SHARE,0.2574831026713817,20-OCT-23,2.39973701512162,6.259404152873905,-14.817545152967194,https://nsearchives.nseindia.com/today/HDFCMOMENTEQN.svg,https://nsearchives.nseindia.com/30d/HDFCMOMENT-EQ.svg,https://nsearchives.nseindia.com/365d/HDFCMOMENT-EQ.svg,EQ
SELECTIPO,BSE Select IPO Index,48.7,48.96,48.58,48.72,0,0.00,61110,2984001.3,48.594,52.07,37.8,-,-,-1.5757575757575781,2.3314429741650904,48.72,0,-1.58,2.33,03-Sep-2025,04-Aug-2026,-,2.3314429741650904,-,-1.5757575757575781,6.433647013635492,-28.888888888888896,https://nsearchives.nseindia.com/today/SELECTIPOEQN.svg,https://nsearchives.nseindia.com/30d/SELECTIPO-EQ.svg,https://nsearchives.nseindia.com/365d/SELECTIPO-EQ.svg,EQ
COMMOIETF,ICICI Prudential Nifty Commodities ETF,99.7,100.43,99.25,100,0.59,0.59,28716,2868441.24,99.4342,110.56,88.5,-,-,11.632060727841038,-1.009701049297165,99.41,0,10.97,-1.59,03-Sep-2025,04-Aug-2026,-,-1.009701049297165,-,11.632060727841038,9.551374819102751,-12.994350282485875,https://nsearchives.nseindia.com/today/COMMOIETFEQN.svg,https://nsearchives.nseindia.com/30d/COMMOIETF-EQ.svg,https://nsearchives.nseindia.com/365d/COMMOIETF-EQ.svg,EQ
MNC,Kotak Nifty MNC ETF,34.1,34.1,33.16,33.3,0.03,0.09,83789,2783470.58,33.2412,35.65,27.83,-,-,9.144542772861342,-3.141361256544518,33.27,0,9.05,-3.23,03-Sep-2025,04-Aug-2026,-,-3.141361256544518,-,9.144542772861342,6.591865357643763,-19.655048508803446,https://nsearchives.nseindia.com/today/MNCEQN.svg,https://nsearchives.nseindia.com/30d/MNC-EQ.svg,https://nsearchives.nseindia.com/365d/MNC-EQ.svg,EQ
MIDSELIETF,S&P BSE Midcap Select Index,19.92,20.05,19.88,19.89,-0.03,-0.15,137616,2746815.36,19.9174,20.39,14.55,10-MAY-24,FACE VALUE SPLIT (SUB-DIVISION) - FROM RS 10/- PER SHARE TO RE 1/- PER SHARE,14.310344827586219,1.3761467889908234,19.92,0,14.48,1.53,03-Sep-2025,04-Aug-2026,FACE VALUE SPLIT (SUB-DIVISION) - FROM RS 10/- PER SHARE TO RE 1/- PER SHARE,1.3761467889908234,10-MAY-24,14.310344827586219,2.4521824423737124,-36.70103092783505,https://nsearchives.nseindia.com/today/MIDSELIETFEQN.svg,https://nsearchives.nseindia.com/30d/MIDSELIETF-EQ.svg,https://nsearchives.nseindia.com/365d/MIDSELIETF-EQ.svg,EQ
MOMOMENTUM,Nifty 200 Momentum 30 Total Return Index,61.92,62.62,61.56,62.51,0.33,0.53,43375,2693587.5,62.2322,66.28,54.32,11-AUG-22,FACE VALUE SPLIT (SUB-DIVISION) - FROM RS 10/- PER UNIT TO RS 2/- PER UNIT,2.1405228758169854,-0.03198464736926775,62.18,0,1.6,-0.56,03-Sep-2025,04-Aug-2026,FACE VALUE SPLIT (SUB-DIVISION) - FROM RS 10/- PER UNIT TO RS 2/- PER UNIT,-0.03198464736926775,11-AUG-22,2.1405228758169854,5.687990343995177,-15.077319587628862,https://nsearchives.nseindia.com/today/MOMOMENTUMEQN.svg,https://nsearchives.nseindia.com/30d/MOMOMENTUM-EQ.svg,https://nsearchives.nseindia.com/365d/MOMOMENTUM-EQ.svg,EQ
MONQ50,Nasdaq Q-50 Total Return Index,141.93,141.93,141.93,141.93,0.2,0.14,17832,2530895.76,118.83,151.65,83.64,-,-,67.92475153809751,1.0753453923942597,141.73,0,67.69,0.93,03-Sep-2025,04-Aug-2026,-,1.0753453923942597,-,67.92475153809751,6.409495548961424,-69.69153515064563,https://nsearchives.nseindia.com/today/MONQ50EQN.svg,https://nsearchives.nseindia.com/30d/MONQ50-EQ.svg,https://nsearchives.nseindia.com/365d/MONQ50-EQ.svg,EQ
BSE500IETF,S&P BSE 500 index,40.2,40.2,39.3,39.47,0.06,0.15,61545,2427950.25,39.2853,42.05,34.5,28-OCT-21, FACE VALUE SPLIT (SUB-DIVISION) - FROM RS 10/- PER SHARE TO RE 1/- PER SHARE,2.4396574098105313,-1.0776942355889718,39.41,0,2.28,-1.23,03-Sep-2025,04-Aug-2026, FACE VALUE SPLIT (SUB-DIVISION) - FROM RS 10/- PER SHARE TO RE 1/- PER SHARE,-1.0776942355889718,28-OCT-21,2.4396574098105313,6.13555291319857,-14.405797101449272,https://nsearchives.nseindia.com/today/BSE500IETFEQN.svg,https://nsearchives.nseindia.com/30d/BSE500IETF-EQ.svg,https://nsearchives.nseindia.com/365d/BSE500IETF-EQ.svg,EQ
AONESILVER,Domestic price of Silver,8.77,8.92,8.77,8.89,0.1,1.14,264493,2348697.84,8.7969,12,7.43,-,-,Infinity,7.237635705669499,8.79,0,0,6.03,,04-Aug-2026,-,7.237635705669499,-,Infinity,25.91666666666666,-19.65006729475102,https://nsearchives.nseindia.com/today/AONESILVEREQN.svg,https://nsearchives.nseindia.com/30d/AONESILVER-EQ.svg,,EQ
NIFTYBETA,Nifty 50,267.57,267.57,265.15,265.55,0.63,0.24,8750,2327062.5,264.9561,297.48,244.9,25-SEP-23,FACE VALUE SPLIT (SUB-DIVISION) - FROM RS 10/- PER SHARE TO RE 1/- PER SHARE,Infinity,-1.9024750646472026,264.92,0,0,-2.14,,04-Aug-2026,FACE VALUE SPLIT (SUB-DIVISION) - FROM RS 10/- PER SHARE TO RE 1/- PER SHARE,-1.9024750646472026,25-SEP-23,Infinity,10.733494688718572,-8.432013066557781,https://nsearchives.nseindia.com/today/NIFTYBETAEQN.svg,https://nsearchives.nseindia.com/30d/NIFTYBETA-EQ.svg,,EQ
AONETOTAL,Nifty Total Market Index,11.9,12,11.87,11.94,0.09,0.76,188125,2240568.75,11.8994,12.51,9.6,-,-,3.019844693701464,-0.6655574043261238,11.85,0,2.24,-1.41,03-Sep-2025,04-Aug-2026,-,-0.6655574043261238,-,3.019844693701464,4.556354916067149,-24.375,https://nsearchives.nseindia.com/today/AONETOTALEQN.svg,https://nsearchives.nseindia.com/30d/AONETOTAL-EQ.svg,https://nsearchives.nseindia.com/365d/AONETOTAL-EQ.svg,EQ
LICNETFGSC,GSEC10 NSE Index,29.51,29.51,29.26,29.34,0.13,0.45,75526,2215932.84,29.3653,30.53,27.59,-,-,4.338549075391176,-0.3396739130434831,29.21,0,3.88,-0.78,03-Sep-2025,04-Aug-2026,-,-0.3396739130434831,-,4.338549075391176,3.897805437274816,-6.342877854295034,https://nsearchives.nseindia.com/today/LICNETFGSCEQN.svg,https://nsearchives.nseindia.com/30d/LICNETFGSC-EQ.svg,https://nsearchives.nseindia.com/365d/LICNETFGSC-EQ.svg,EQ
FMCGADD,Nifty FMCG Index (TRI),46.22,48.8,46.11,46.34,0.12,0.26,47656,2202183.76,46.162,51.09,46.11,-,-,Infinity,-6.289180990899897,46.22,0,0,-6.53,,04-Aug-2026,-,-6.289180990899897,-,Infinity,9.2973184576238,-0.49880720017350677,https://nsearchives.nseindia.com/today/FMCGADDEQN.svg,https://nsearchives.nseindia.com/30d/FMCGADD-EQ.svg,,EQ
MASPTOP50,S&P 500 Top 50 Total Return Index,79.86,79.86,79.86,79.86,0.6,0.76,25819,2061905.34,66.9907,82.78,63.19,-,-,21.700701005790908,2.437147255002573,79.26,0,20.79,1.67,03-Sep-2025,04-Aug-2026,-,2.437147255002573,-,21.700701005790908,3.5274220826286564,-26.380756448805194,https://nsearchives.nseindia.com/today/MASPTOP50EQN.svg,https://nsearchives.nseindia.com/30d/MASPTOP50-EQ.svg,https://nsearchives.nseindia.com/365d/MASPTOP50-EQ.svg,EQ
HDFCSENSEX,SENSEX,86.67,87.59,86.67,87.27,0.52,0.60,23630,2059590.8,86.4838,98.48,80.9,02-FEB-24,FACE VALUE SPLIT (SUB-DIVISION) - FROM RS 250.361/- PER SHARE TO RS 25.0361/- PER SHARE,-3.6010162377112613,-2.0648636516664833,86.75,0,-4.18,-2.65,03-Sep-2025,04-Aug-2026,FACE VALUE SPLIT (SUB-DIVISION) - FROM RS 250.361/- PER SHARE TO RS 25.0361/- PER SHARE,-2.0648636516664833,02-FEB-24,-3.6010162377112613,11.383021933387498,-7.873918417799741,https://nsearchives.nseindia.com/today/HDFCSENSEXEQN.svg,https://nsearchives.nseindia.com/30d/HDFCSENSEX-EQ.svg,https://nsearchives.nseindia.com/365d/HDFCSENSEX-EQ.svg,EQ
SETF10GILT,Nifty 10 yr Benchmark G-Sec Index,264,264.49,263.01,263.1,-0.75,-0.28,7480,1973224,263.6094,272.31,250.37,-,-,2.7774522442282956,-0.6982449518777,263.85,0,3.07,-0.42,03-Sep-2025,04-Aug-2026,-,-0.6982449518777,-,2.7774522442282956,3.3821747273328118,-5.084474977033997,https://nsearchives.nseindia.com/today/SETF10GILTEQN.svg,https://nsearchives.nseindia.com/30d/SETF10GILT-EQ.svg,https://nsearchives.nseindia.com/365d/SETF10GILT-EQ.svg,EQ
BBETF0432,Nifty BHARAT Bond Index - April 2032,1361.18,1361.18,1340.96,1345.55,2.57,0.19,1332,1791873,1347.7023,1378,1262.29,-,-,4.905545636699581,-0.5293078339037992,1342.98,0,4.71,-0.72,03-Sep-2025,04-Aug-2026,-,-0.5293078339037992,-,4.905545636699581,2.354862119013066,-6.595948633039951,https://nsearchives.nseindia.com/today/BBETF0432EQN.svg,https://nsearchives.nseindia.com/30d/BBETF0432-EQ.svg,https://nsearchives.nseindia.com/365d/BBETF0432-EQ.svg,EQ
VAL30IETF,Nifty200 Value 30 Index,15.24,15.24,15.11,15.2,0.06,0.40,111743,1695141.31,15.1461,17.7,12.85,-,-,17.193523515805694,-1.5544041450777217,15.14,0,16.73,-1.94,03-Sep-2025,04-Aug-2026,-,-1.5544041450777217,-,17.193523515805694,14.124293785310735,-18.28793774319066,https://nsearchives.nseindia.com/today/VAL30IETFEQN.svg,https://nsearchives.nseindia.com/30d/VAL30IETF-EQ.svg,https://nsearchives.nseindia.com/365d/VAL30IETF-EQ.svg,EQ
GROWWRLTY,Index,10.3,10.34,10.15,10.23,0.03,0.29,161707,1657496.75,10.2756,11.3,7.17,-,-,Infinity,2.3000000000000043,10.2,0,0,2,,04-Aug-2026,-,2.3000000000000043,-,Infinity,9.469026548672568,-42.677824267782434,https://nsearchives.nseindia.com/today/GROWWRLTYEQN.svg,https://nsearchives.nseindia.com/30d/GROWWRLTY-EQ.svg,,EQ
QUAL30IETF,ICICI Prudential Nifty 200 Quality 30 ETF,21.19,21.39,21.03,21.13,0.06,0.28,76847,1619934.76,21.132,23,18,10-MAY-24,FACE VALUE SPLIT (SUB-DIVISION) - FROM RS 10/- PER SHARE TO RE 1/- PER SHARE,-1.1230697239120355,-1.4458955223880703,21.07,0,-1.4,-1.73,03-Sep-2025,04-Aug-2026,FACE VALUE SPLIT (SUB-DIVISION) - FROM RS 10/- PER SHARE TO RE 1/- PER SHARE,-1.4458955223880703,10-MAY-24,-1.1230697239120355,8.1304347826087,-17.388888888888882,https://nsearchives.nseindia.com/today/QUAL30IETFEQN.svg,https://nsearchives.nseindia.com/30d/QUAL30IETF-EQ.svg,https://nsearchives.nseindia.com/365d/QUAL30IETF-EQ.svg,EQ
MOHEALTH,Motilal Oswal S&P BSE Healthcare ETF,52.68,52.68,51.67,51.92,-0.25,-0.48,31140,1617100.2,51.9408,53.76,40.79,-,-,15.557533941687074,0.4061110036743393,52.17,0,16.11,0.89,03-Sep-2025,04-Aug-2026,-,0.4061110036743393,-,15.557533941687074,3.422619047619041,-27.286099534199565,https://nsearchives.nseindia.com/today/MOHEALTHEQN.svg,https://nsearchives.nseindia.com/30d/MOHEALTH-EQ.svg,https://nsearchives.nseindia.com/365d/MOHEALTH-EQ.svg,EQ
SBIETFCON,Nifty India Consumption Index,122.54,122.54,119.7,119.7,-0.61,-0.51,13201,1585176.08,120.394,133.97,100,-,-,-5.270655270655268,-4.278288684526185,120.31,0,-4.79,-3.79,03-Sep-2025,04-Aug-2026,-,-4.278288684526185,-,-5.270655270655268,10.651638426513395,-19.700000000000003,https://nsearchives.nseindia.com/today/SBIETFCONEQN.svg,https://nsearchives.nseindia.com/30d/SBIETFCON-EQ.svg,https://nsearchives.nseindia.com/365d/SBIETFCON-EQ.svg,EQ
CHOICEGOLD,Gold,154.5,154.5,151.35,152.92,1.79,1.18,9699,1477060.71,151.2542,175.49,115.79,-,-,Infinity,8.746977670317154,151.13,0,0,7.47,,04-Aug-2026,-,8.746977670317154,-,Infinity,12.861131688415307,-32.066672424216236,https://nsearchives.nseindia.com/today/CHOICEGOLDEQN.svg,https://nsearchives.nseindia.com/30d/CHOICEGOLD-EQ.svg,,EQ
GOLD360,Commodity-Gold,150.15,151,149.6,149.6,0.2,0.13,9775,1466836.5,148.7249,178,87.85,-,-,43.43240651965484,8.170643528561085,149.4,0,43.24,8.03,03-Sep-2025,04-Aug-2026,-,8.170643528561085,-,43.43240651965484,15.955056179775283,-70.29026750142289,https://nsearchives.nseindia.com/today/GOLD360EQN.svg,https://nsearchives.nseindia.com/30d/GOLD360-EQ.svg,https://nsearchives.nseindia.com/365d/GOLD360-EQ.svg,EQ
MID150,Nifty Midcap 150 Index,23.56,23.71,23.54,23.68,0.05,0.21,59978,1418479.7,,24.95,18.97,-,-,10.037174721189592,0.1692047377326529,23.63,0,9.8,-0.04,03-Sep-2025,04-Aug-2026,-,0.1692047377326529,-,10.037174721189592,5.090180360721441,-24.82867685819716,https://nsearchives.nseindia.com/today/MID150EQN.svg,https://nsearchives.nseindia.com/30d/MID150-EQ.svg,https://nsearchives.nseindia.com/365d/MID150-EQ.svg,EQ
NETF,Tata Nifty 50 Exchange Traded Fund,262,263.89,260,263.89,3.34,1.28,5315,1387693.35,260.0961,292.9,240.66,-,-,-0.5951708290955817,-0.6774812751703155,260.55,0,-1.85,-1.93,03-Sep-2025,04-Aug-2026,-,-0.6774812751703155,-,-0.5951708290955817,9.9044042335268,-9.652621956286874,https://nsearchives.nseindia.com/today/NETFEQN.svg,https://nsearchives.nseindia.com/30d/NETF-EQ.svg,https://nsearchives.nseindia.com/365d/NETF-EQ.svg,EQ
IVZINGOLD,Gold,134.9,134.9,133.5,134,0.7,0.53,9964,1333482.12,132.4884,156,91.99,30-APR-26,FACE VALUE SPLIT (SUB-DIVISION) - FROM RS 100/- PER SHARE TO RE 1/- PER SHARE,-98.55421946732697,8.72210953346856,133.3,0,-98.56,8.15,03-Sep-2025,04-Aug-2026,FACE VALUE SPLIT (SUB-DIVISION) - FROM RS 100/- PER SHARE TO RE 1/- PER SHARE,8.72210953346856,30-APR-26,-98.55421946732697,14.102564102564102,-45.66800739210785,https://nsearchives.nseindia.com/today/IVZINGOLDEQN.svg,https://nsearchives.nseindia.com/30d/IVZINGOLD-EQ.svg,https://nsearchives.nseindia.com/365d/IVZINGOLD-EQ.svg,EQ
ABSLLIQUID,Aditya Birla Sun Life CRISIL Overnight Fund AI ETF,1000,1000.01,999.99,1000,0.01,0.00,1302,1302000,1000,1044.99,999.56,-,-,0.0010000100000990915,0,999.99,0,0,0,03-Sep-2025,04-Aug-2026,-,0,-,0.0010000100000990915,4.3053043569794935,-0.04401936852215521,https://nsearchives.nseindia.com/today/ABSLLIQUIDEQN.svg,https://nsearchives.nseindia.com/30d/ABSLLIQUID-EQ.svg,https://nsearchives.nseindia.com/365d/ABSLLIQUID-EQ.svg,EQ
ECAPINSURE,BSE Capital Markets & Insurance Total Return Index,23.89,24,23.72,24,0.23,0.97,53393,1272355.19,23.6744,25.88,20.5,-,-,5.309346204475651,1.4370245139475903,23.77,0,4.3,0.46,03-Sep-2025,04-Aug-2026,-,1.4370245139475903,-,5.309346204475651,7.264296754250382,-17.073170731707318,https://nsearchives.nseindia.com/today/ECAPINSUREEQN.svg,https://nsearchives.nseindia.com/30d/ECAPINSURE-EQ.svg,https://nsearchives.nseindia.com/365d/ECAPINSURE-EQ.svg,EQ
SMALLADD,Nifty Smallcap 250 Index,18.66,18.7,18.49,18.69,0.13,0.70,67956,1267379.4,18.5545,19.5,14.01,-,-,Infinity,2.410958904109596,18.56,0,0,1.7,,04-Aug-2026,-,2.410958904109596,-,Infinity,4.153846153846147,-33.40471092077089,https://nsearchives.nseindia.com/today/SMALLADDEQN.svg,https://nsearchives.nseindia.com/30d/SMALLADD-EQ.svg,,EQ
MULTICAP,Nifty500 Multicap 50:25:25 Index,16.83,16.84,16.76,16.76,0.01,0.06,75191,1262456.89,16.7569,17.5,14.2,-,-,4.423676012461065,-0.8284023668638877,16.75,0,4.36,-0.89,03-Sep-2025,04-Aug-2026,-,-0.8284023668638877,-,4.423676012461065,4.22857142857142,-18.028169014084526,https://nsearchives.nseindia.com/today/MULTICAPEQN.svg,https://nsearchives.nseindia.com/30d/MULTICAP-EQ.svg,https://nsearchives.nseindia.com/365d/MULTICAP-EQ.svg,EQ
NIF100IETF,Nifty 100,28.14,28.14,27.95,28.07,0.14,0.50,44315,1240820,27.9394,30.88,23,10-MAY-24,FACE VALUE SPLIT (SUB-DIVISION) - FROM RS 10/- PER SHARE TO RE 1/- PER SHARE,-0.24875621890547364,-1.5087719298245603,27.93,0,-0.75,-2,03-Sep-2025,04-Aug-2026,FACE VALUE SPLIT (SUB-DIVISION) - FROM RS 10/- PER SHARE TO RE 1/- PER SHARE,-1.5087719298245603,10-MAY-24,-0.24875621890547364,9.099740932642483,-22.043478260869566,https://nsearchives.nseindia.com/today/NIF100IETFEQN.svg,https://nsearchives.nseindia.com/30d/NIF100IETF-EQ.svg,https://nsearchives.nseindia.com/365d/NIF100IETF-EQ.svg,EQ
GILT5BETA,UTI Nifty 5 yr Benchmark G-Sec ETF,66.49,67.06,66.49,66.94,0.45,0.68,18441,1234071.72,66.4095,67.62,61.51,-,-,Infinity,1.8718612083396806,66.49,0,0,1.19,,04-Aug-2026,-,1.8718612083396806,-,Infinity,1.0056196391600218,-8.827832872703626,https://nsearchives.nseindia.com/today/GILT5BETAEQN.svg,https://nsearchives.nseindia.com/30d/GILT5BETA-EQ.svg,,EQ
NV20,Nifty50 Value 20,14.28,14.28,13.93,13.99,0.05,0.36,87237,1216083.78,13.8972,16.87,12.62,27-FEB-26,FACE VALUE SPLIT (SUB-DIVISION) - FROM RS 10/- PER SHARE TO RE 1/- PER SHARE,-90.48040283070223,-1.4094432699083812,13.94,0,-90.51,-1.76,03-Sep-2025,04-Aug-2026,FACE VALUE SPLIT (SUB-DIVISION) - FROM RS 10/- PER SHARE TO RE 1/- PER SHARE,-1.4094432699083812,27-FEB-26,-90.48040283070223,17.071724955542386,-10.855784469096681,https://nsearchives.nseindia.com/today/NV20EQN.svg,https://nsearchives.nseindia.com/30d/NV20-EQ.svg,https://nsearchives.nseindia.com/365d/NV20-EQ.svg,EQ
SMALLIETF,Nifty Smallcap 250 Index,18.89,19,18.45,18.62,0.08,0.43,65128,1210078.24,18.4798,19.49,17.43,-,-,Infinity,2.0833333333333477,18.54,0,0,1.64,,04-Aug-2026,-,2.0833333333333477,-,Infinity,4.463827603899423,-6.827309236947799,https://nsearchives.nseindia.com/today/SMALLIETFEQN.svg,https://nsearchives.nseindia.com/30d/SMALLIETF-EQ.svg,,EQ
SENSEXETF,Mirae Asset S&P BSE Sensex ETF,79.5,79.5,79.07,79.14,0.02,0.03,14854,1176733.88,78.666,88.7,73.33,-,-,-3.9563106796116565,-2.211787964907953,79.12,0,-3.98,-2.24,03-Sep-2025,04-Aug-2026,-,-2.211787964907953,-,-3.9563106796116565,10.777903043968434,-7.923087413064233,https://nsearchives.nseindia.com/today/SENSEXETFEQN.svg,https://nsearchives.nseindia.com/30d/SENSEXETF-EQ.svg,https://nsearchives.nseindia.com/365d/SENSEXETF-EQ.svg,EQ
PSUBANKADD,DSP Nifty PSU Bank ETF,87.95,87.95,86.11,86.78,0.19,0.22,13572,1175470.92,86.5126,99.88,68.48,-,-,24.863309352517987,1.675454012888116,86.59,0,24.59,1.45,03-Sep-2025,04-Aug-2026,-,1.675454012888116,-,24.863309352517987,13.115738886663992,-26.723130841121492,https://nsearchives.nseindia.com/today/PSUBANKADDEQN.svg,https://nsearchives.nseindia.com/30d/PSUBANKADD-EQ.svg,https://nsearchives.nseindia.com/365d/PSUBANKADD-EQ.svg,EQ
MIDQ50ADD,Nifty Midcap 150 Quality 50 Index,25.06,25.14,24.95,25.05,-0.01,-0.04,45658,1142819.74,25.0997,26,21,03-JUL-26,FACE VALUE SPLIT (SUB-DIVISION) - FROM RS 10/- PER UNIT TO RE 1/- PER UNIT,-89.92721862559813,-1.6103692065985866,25.06,0,-89.92,-1.57,03-Sep-2025,04-Aug-2026,FACE VALUE SPLIT (SUB-DIVISION) - FROM RS 10/- PER UNIT TO RE 1/- PER UNIT,-1.6103692065985866,03-JUL-26,-89.92721862559813,3.653846153846151,-19.28571428571429,https://nsearchives.nseindia.com/today/MIDQ50ADDEQN.svg,https://nsearchives.nseindia.com/30d/MIDQ50ADD-EQ.svg,https://nsearchives.nseindia.com/365d/MIDQ50ADD-EQ.svg,EQ
MOIPO,BSE Select IPO Total Return Index,48.69,51,48.65,48.93,0.19,0.39,23258,1142432.96,48.6131,53,36.5,-,-,Infinity,2.0225187656380292,48.74,0,0,1.63,,04-Aug-2026,-,2.0225187656380292,-,Infinity,7.679245283018868,-34.054794520547944,https://nsearchives.nseindia.com/today/MOIPOEQN.svg,https://nsearchives.nseindia.com/30d/MOIPO-EQ.svg,,EQ
ABSLPSE,Aditya Birla Sun Life Nifty PSE ETF,10.17,10.2,10.11,10.2,0.09,0.89,110576,1123452.16,10.1168,11.6,9.21,-,-,5.046343975283197,-1.0669253152279456,10.11,0,4.12,-1.94,03-Sep-2025,04-Aug-2026,-,-1.0669253152279456,-,5.046343975283197,12.068965517241383,-10.749185667752425,https://nsearchives.nseindia.com/today/ABSLPSEEQN.svg,https://nsearchives.nseindia.com/30d/ABSLPSE-EQ.svg,https://nsearchives.nseindia.com/365d/ABSLPSE-EQ.svg,EQ
HEALTHAXIS,Nifty Healthcare Index,171.23,190,166.75,172,3.31,1.96,6611,1107210.28,168.505,190,135.2,-,-,Infinity,1.128880526810905,168.69,0,0,-0.82,,04-Aug-2026,-,1.128880526810905,-,Infinity,9.473684210526315,-27.218934911242613,https://nsearchives.nseindia.com/today/HEALTHAXISEQN.svg,https://nsearchives.nseindia.com/30d/HEALTHAXIS-EQ.svg,,EQ
MOTOUR,Nifty India Tourism Total Return Index,78.21,78.21,77.63,77.63,-0.26,-0.33,14189,1105039.32,77.8601,95.33,64,-,-,-15.720334382803175,-3.107838242636057,77.89,0,-15.44,-2.78,03-Sep-2025,04-Aug-2026,-,-3.107838242636057,-,-15.720334382803175,18.56708276513165,-21.296874999999993,https://nsearchives.nseindia.com/today/MOTOUREQN.svg,https://nsearchives.nseindia.com/30d/MOTOUR-EQ.svg,https://nsearchives.nseindia.com/365d/MOTOUR-EQ.svg,EQ
GROWWSC250,Nifty Smallcap 250 Index - TRI,10.72,10.72,10.6,10.67,0.01,0.09,100126,1070346.94,10.6517,10.97,8,-,-,Infinity,1.2333965844402353,10.66,0,0,1.14,,04-Aug-2026,-,1.2333965844402353,-,Infinity,2.73473108477667,-33.375,https://nsearchives.nseindia.com/today/GROWWSC250EQN.svg,https://nsearchives.nseindia.com/30d/GROWWSC250-EQ.svg,,EQ
NEXT50ADD,Nifty Next 50 TRI,73.68,73.72,73.3,73.53,-0.15,-0.20,13815,1015955.1,73.4769,81,56.25,-,-,Infinity,-1.4211020244000565,73.68,0,0,-1.22,,04-Aug-2026,-,-1.4211020244000565,-,Infinity,9.222222222222221,-30.72,https://nsearchives.nseindia.com/today/NEXT50ADDEQN.svg,https://nsearchives.nseindia.com/30d/NEXT50ADD-EQ.svg,,EQ
BANKPSU,Nifty PSU Bank Total Return Index,86.38,86.74,86.1,86.1,-0.23,-0.27,11350,981094,86.2883,99.52,68.5,-,-,23.920552677029345,0.8196721311475276,86.33,0,24.25,1.09,03-Sep-2025,04-Aug-2026,-,0.8196721311475276,-,23.920552677029345,13.484726688102898,-25.6934306569343,https://nsearchives.nseindia.com/today/BANKPSUEQN.svg,https://nsearchives.nseindia.com/30d/BANKPSU-EQ.svg,https://nsearchives.nseindia.com/365d/BANKPSU-EQ.svg,EQ
CEMNTGROWW,Nifty Cements Index TRI,14.79,14.79,14.52,14.67,0.03,0.20,63765,934157.25,14.5876,16.27,14.4,-,-,Infinity,-5.354838709677419,14.64,0,0,-5.55,,04-Aug-2026,-,-5.354838709677419,-,Infinity,9.834050399508296,-1.874999999999997,https://nsearchives.nseindia.com/today/CEMNTGROWWEQN.svg,https://nsearchives.nseindia.com/30d/CEMNTGROWW-EQ.svg,,EQ
SBINEQWETF,Nifty50 Equal Weight,33.2,33.31,33.1,33.12,-0.01,-0.03,26479,880161.96,33.0841,36.4,29.64,-,-,3.7919147602632317,-2.2143489813994686,33.13,0,3.82,-2.18,03-Sep-2025,04-Aug-2026,-,-2.2143489813994686,-,3.7919147602632317,9.010989010989015,-11.740890688259098,https://nsearchives.nseindia.com/today/SBINEQWETFEQN.svg,https://nsearchives.nseindia.com/30d/SBINEQWETF-EQ.svg,https://nsearchives.nseindia.com/365d/SBINEQWETF-EQ.svg,EQ
AONENIFTY,Nifty 50 Index,10.13,10.13,9.86,9.9,0.01,0.10,88348,874645.2,9.8685,12,9,-,-,-2.270483711747289,-1.9801980198019733,9.89,0,-2.37,-2.08,03-Sep-2025,04-Aug-2026,-,-1.9801980198019733,-,-2.270483711747289,17.499999999999996,-10.000000000000004,https://nsearchives.nseindia.com/today/AONENIFTYEQN.svg,https://nsearchives.nseindia.com/30d/AONENIFTY-EQ.svg,https://nsearchives.nseindia.com/365d/AONENIFTY-EQ.svg,EQ
TOP15IETF,Nifty Top 15 Equal Weight Index,9.81,9.95,9.78,9.85,0.03,0.31,89010,873188.1,9.7718,11.36,9.15,-,-,-3.6203522504892462,-2.1847070506454878,9.82,0,-3.91,-2.48,03-Sep-2025,04-Aug-2026,-,-2.1847070506454878,-,-3.6203522504892462,13.292253521126758,-7.6502732240437075,https://nsearchives.nseindia.com/today/TOP15IETFEQN.svg,https://nsearchives.nseindia.com/30d/TOP15IETF-EQ.svg,https://nsearchives.nseindia.com/365d/TOP15IETF-EQ.svg,EQ
TWCGOLDETF,Commodity,152.95,153.52,152.54,153.12,0.93,0.61,5230,800190,151.5533,187.98,123.31,-,-,Infinity,8.296201994483358,152.19,0,0,7.64,,04-Aug-2026,-,8.296201994483358,-,Infinity,18.544526013405676,-24.174843889384476,https://nsearchives.nseindia.com/today/TWCGOLDETFEQN.svg,https://nsearchives.nseindia.com/30d/TWCGOLDETF-EQ.svg,,EQ
NIFTYADD,Nifty 50 Index,252.72,253.75,251.8,253.75,1.78,0.71,3105,784198.8,251.7628,300,232.64,-,-,Infinity,-1.6015200868621047,251.97,0,0,-2.29,,04-Aug-2026,-,-1.6015200868621047,-,Infinity,15.416666666666666,-9.074105914718025,https://nsearchives.nseindia.com/today/NIFTYADDEQN.svg,https://nsearchives.nseindia.com/30d/NIFTYADD-EQ.svg,,EQ
QNIFTY,Nifty 50,270.24,270.24,262.8,264.4,0.75,0.28,2823,745384.92,263.0337,291.19,243.2,13-FEB-26,FACE VALUE SPLIT (SUB-DIVISION) - FROM RS 10/- PER UNIT TO RE 1/- PER UNIT,-90.208422830225,-2.016009487103468,263.65,0,-90.24,-2.29,03-Sep-2025,04-Aug-2026,FACE VALUE SPLIT (SUB-DIVISION) - FROM RS 10/- PER UNIT TO RE 1/- PER UNIT,-2.016009487103468,13-FEB-26,-90.208422830225,9.200178577561049,-8.717105263157892,https://nsearchives.nseindia.com/today/QNIFTYEQN.svg,https://nsearchives.nseindia.com/30d/QNIFTY-EQ.svg,https://nsearchives.nseindia.com/365d/QNIFTY-EQ.svg,EQ
NV20BEES,Nifty50 Value20 TRI,139.15,140.12,139,139.5,0.37,0.27,5065,707074,139.0907,160,122.02,19-DEC-19, FACE VALUE SPLIT (SUB-DIVISION) - FROM RS 10/- TO RS 1/-,-5.449369662464411,-1.6566795911173735,139.13,0,-5.7,-1.92,03-Sep-2025,04-Aug-2026, FACE VALUE SPLIT (SUB-DIVISION) - FROM RS 10/- TO RS 1/-,-1.6566795911173735,19-DEC-19,-5.449369662464411,12.8125,-14.325520406490744,https://nsearchives.nseindia.com/today/NV20BEESEQN.svg,https://nsearchives.nseindia.com/30d/NV20BEES-EQ.svg,https://nsearchives.nseindia.com/365d/NV20BEES-EQ.svg,EQ
NIFTYJBLK,INDEX,12.29,12.57,12.23,12.32,0.03,0.24,56629,695970.41,12.2406,12.96,9.94,-,-,Infinity,Infinity,12.29,0,0,0,,,-,Infinity,-,Infinity,4.938271604938276,-23.943661971830995,https://nsearchives.nseindia.com/today/NIFTYJBLKEQN.svg,,,EQ
MOMENTUM30,Nifty 200 Momentum 30 Index,30.79,30.87,30.66,30.81,0.16,0.52,21437,660045.23,30.741,37.38,26.91,-,-,Infinity,-0.1296596434359893,30.65,0,0,-0.65,,04-Aug-2026,-,-0.1296596434359893,-,Infinity,17.576243980738372,-14.4927536231884,https://nsearchives.nseindia.com/today/MOMENTUM30EQN.svg,https://nsearchives.nseindia.com/30d/MOMENTUM30-EQ.svg,,EQ
VALUEAXIS,Nifty500 Value 50 TRI,32.6,32.9,32.55,32.89,0.18,0.55,20010,657528.6,32.8297,39,26.76,-,-,Infinity,-1.231231231231221,32.71,0,0,-1.77,,04-Aug-2026,-,-1.231231231231221,-,Infinity,15.666666666666666,-22.90732436472346,https://nsearchives.nseindia.com/today/VALUEAXISEQN.svg,https://nsearchives.nseindia.com/30d/VALUEAXIS-EQ.svg,,EQ
SBIETFIT,Nifty IT Index,342.1,346.1,338.69,342.1,0,0.00,1908,652745.88,342.1776,439.27,285,-,-,-11.439592016360765,-1.5284534123945777,342.1,0,-11.44,-1.53,03-Sep-2025,04-Aug-2026,-,-1.5284534123945777,-,-11.439592016360765,22.120791312859964,-20.035087719298254,https://nsearchives.nseindia.com/today/SBIETFITEQN.svg,https://nsearchives.nseindia.com/30d/SBIETFIT-EQ.svg,https://nsearchives.nseindia.com/365d/SBIETFIT-EQ.svg,EQ
NEXT50ETF,Nifty Next 50 Index,73.64,74,73.5,73.88,0.24,0.33,8527,628951.52,73.644,78,60.15,-,-,Infinity,-1.5064658045594048,73.64,0,0,-1.83,,04-Aug-2026,-,-1.5064658045594048,-,Infinity,5.282051282051288,-22.8262676641729,https://nsearchives.nseindia.com/today/NEXT50ETFEQN.svg,https://nsearchives.nseindia.com/30d/NEXT50ETF-EQ.svg,,EQ
TECH,Nifty IT TRI Index,33.99,34.62,33.33,33.75,-0.07,-0.21,18515,626917.9,33.7871,49.41,28,-,-,-10.737900026448035,-1.5748031496062969,33.82,0,-10.55,-1.37,03-Sep-2025,04-Aug-2026,-,-1.5748031496062969,-,-10.737900026448035,31.693989071038246,-20.535714285714285,https://nsearchives.nseindia.com/today/TECHEQN.svg,https://nsearchives.nseindia.com/30d/TECH-EQ.svg,https://nsearchives.nseindia.com/365d/TECH-EQ.svg,EQ
MONIFTY100,Nifty 100 Total Return Index,25.28,25.35,25.2,25.32,0.15,0.60,23737,600783.47,25.1908,27.97,22.38,-,-,Infinity,-1.516919486581099,25.17,0,0,-2.1,,04-Aug-2026,-,-1.516919486581099,-,Infinity,9.474436896675005,-13.136729222520113,https://nsearchives.nseindia.com/today/MONIFTY100EQN.svg,https://nsearchives.nseindia.com/30d/MONIFTY100-EQ.svg,,EQ
NIFTY100EW,Nifty 100 Equal Weight Index,35,35.1,34.95,35.06,0.06,0.17,16624,582837.44,35.001,41.41,29.84,-,-,6.178073894609325,-2.0396758871192984,35,0,6,-2.21,03-Sep-2025,04-Aug-2026,-,-2.0396758871192984,-,6.178073894609325,15.33446027529581,-17.493297587131377,https://nsearchives.nseindia.com/today/NIFTY100EWEQN.svg,https://nsearchives.nseindia.com/30d/NIFTY100EW-EQ.svg,https://nsearchives.nseindia.com/365d/NIFTY100EW-EQ.svg,EQ
SBIETFPB,Nifty Private Bank Index,290.89,290.89,282.98,285.46,-0.05,-0.02,2003,570113.89,283.9235,304.58,244.18,-,-,6.57059658030313,0.7446620787012376,285.51,0,6.59,0.76,03-Sep-2025,04-Aug-2026,-,0.7446620787012376,-,6.57059658030313,6.277496880950819,-16.90556147104594,https://nsearchives.nseindia.com/today/SBIETFPBEQN.svg,https://nsearchives.nseindia.com/30d/SBIETFPB-EQ.svg,https://nsearchives.nseindia.com/365d/SBIETFPB-EQ.svg,EQ
ITAXIS,NIFTY IT Index,343.16,344.99,335.61,340,0.24,0.07,1669,567660.28,340.0297,439.67,230.7,-,-,Infinity,-1.892890120036935,339.76,0,0,-1.96,,04-Aug-2026,-,-1.892890120036935,-,Infinity,22.669274683285195,-47.37754659731254,https://nsearchives.nseindia.com/today/ITAXISEQN.svg,https://nsearchives.nseindia.com/30d/ITAXIS-EQ.svg,,EQ
SBISMLETF,Nifty Smallcap 250 Index,18.47,18.67,18.47,18.6,0.13,0.70,29237,542053.98,18.4682,18.97,16.53,-,-,Infinity,2.0296215030170104,18.47,0,0,1.32,,04-Aug-2026,-,2.0296215030170104,-,Infinity,1.9504480759093172,-12.52268602540835,https://nsearchives.nseindia.com/today/SBISMLETFEQN.svg,https://nsearchives.nseindia.com/30d/SBISMLETF-EQ.svg,,EQ
MANUFGBEES,Nifty India Manufacturing TRI,163.81,164.1,163.06,164.1,0.29,0.18,3201,522979.38,163.5329,171.58,138.6,-,-,11.685836793030685,-1.1386228086029366,163.81,0,11.49,-1.31,03-Sep-2025,04-Aug-2026,-,-1.1386228086029366,-,11.685836793030685,4.35948245716285,-18.3982683982684,https://nsearchives.nseindia.com/today/MANUFGBEESEQN.svg,https://nsearchives.nseindia.com/30d/MANUFGBEES-EQ.svg,https://nsearchives.nseindia.com/365d/MANUFGBEES-EQ.svg,EQ
PVTBANKADD,DSP Nifty Private Bank ETF,28.37,28.4,28.24,28.4,0.02,0.07,17724,502120.92,28.2216,31.88,24.02,-,-,6.566604127579738,0.7449450159630979,28.38,0,6.49,0.67,03-Sep-2025,04-Aug-2026,-,0.7449450159630979,-,6.566604127579738,10.915934755332499,-18.234804329725225,https://nsearchives.nseindia.com/today/PVTBANKADDEQN.svg,https://nsearchives.nseindia.com/30d/PVTBANKADD-EQ.svg,https://nsearchives.nseindia.com/365d/PVTBANKADD-EQ.svg,EQ
GROWWPSE,Nifty PSE Index - TRI,97.3,99.48,95.9,98.44,0.55,0.56,4944,484907.52,97.7462,109.85,93.2,-,-,Infinity,-1.3824884792626684,97.89,0,0,-1.93,,04-Aug-2026,-,-1.3824884792626684,-,Infinity,10.386891215293579,-5.622317596566519,https://nsearchives.nseindia.com/today/GROWWPSEEQN.svg,https://nsearchives.nseindia.com/30d/GROWWPSE-EQ.svg,,EQ
EMULTIMQ,Nifty500 Multicap Momentum Quality 50 Total Return Index,42.19,42.24,41.75,42,0.23,0.55,11409,478493.46,42.1144,43.54,36.25,-,-,1.64569215876089,1.0830324909747362,41.77,0,1.09,0.53,03-Sep-2025,04-Aug-2026,-,1.0830324909747362,-,1.64569215876089,3.5369774919614128,-15.862068965517242,https://nsearchives.nseindia.com/today/EMULTIMQEQN.svg,https://nsearchives.nseindia.com/30d/EMULTIMQ-EQ.svg,https://nsearchives.nseindia.com/365d/EMULTIMQ-EQ.svg,EQ
ABSLNN50ET,Nifty Next 50,77.99,77.99,76.9,77.08,0.07,0.09,6022,464537.08,77.0016,80.33,63.02,25-NOV-21, FACE VALUE SPLIT (SUB-DIVISION) - FROM RS 10/- PER SHARE TO RE 1/- PER SHARE,9.426462237365135,-1.1668162584946744,77.01,0,9.33,-1.26,03-Sep-2025,04-Aug-2026, FACE VALUE SPLIT (SUB-DIVISION) - FROM RS 10/- PER SHARE TO RE 1/- PER SHARE,-1.1668162584946744,25-NOV-21,9.426462237365135,4.045811029503299,-22.310377657886377,https://nsearchives.nseindia.com/today/ABSLNN50ETEQN.svg,https://nsearchives.nseindia.com/30d/ABSLNN50ET-EQ.svg,https://nsearchives.nseindia.com/365d/ABSLNN50ET-EQ.svg,EQ
HDFCNIF100,HDFC NIFTY 100 ETF,25.94,26.08,25.89,26.08,0.14,0.54,17792,461880.32,25.8897,29,23.31,20-OCT-23,FACE VALUE SPLIT (SUB-DIVISION) - FROM RS 177.27/- PER SHARE TO RS 17.727/- PER SHARE,-0.11489850631942221,-1.3615733736762594,25.94,0,-0.65,-1.89,03-Sep-2025,04-Aug-2026,FACE VALUE SPLIT (SUB-DIVISION) - FROM RS 177.27/- PER SHARE TO RS 17.727/- PER SHARE,-1.3615733736762594,20-OCT-23,-0.11489850631942221,10.068965517241384,-11.883311883311881,https://nsearchives.nseindia.com/today/HDFCNIF100EQN.svg,https://nsearchives.nseindia.com/30d/HDFCNIF100-EQ.svg,https://nsearchives.nseindia.com/365d/HDFCNIF100-EQ.svg,EQ
MOM50,Nifty 50,250.29,252,250.29,252,1.59,0.63,1830,459421.5,250.2028,279.33,231.11,16-OCT-14,FACE VALUE SPLIT FROM RS.10/- TO RS.7/-,-1.8920812894183654,-1.666211417645445,250.41,0,-2.51,-2.29,03-Sep-2025,04-Aug-2026,FACE VALUE SPLIT FROM RS.10/- TO RS.7/-,-1.666211417645445,16-OCT-14,-1.8920812894183654,9.784126302223171,-9.03898576435463,https://nsearchives.nseindia.com/today/MOM50EQN.svg,https://nsearchives.nseindia.com/30d/MOM50-EQ.svg,https://nsearchives.nseindia.com/365d/MOM50-EQ.svg,EQ
HEALTHCARE,Nifty 500 Healthcare Index,22.06,22.06,21.48,21.54,-0.09,-0.42,20094,433427.58,21.6515,22.43,17.18,-,-,Infinity,-0.37002775208141464,21.63,0,0,0.05,,04-Aug-2026,-,-0.37002775208141464,-,Infinity,3.9679001337494455,-25.37834691501746,https://nsearchives.nseindia.com/today/HEALTHCAREEQN.svg,https://nsearchives.nseindia.com/30d/HEALTHCARE-EQ.svg,,EQ
HYBRIDETF,Nifty200 Momentum 30 Plus 8-13 yr G-Sec 50:50 Total Return Index,10.27,10.27,10.03,10.05,-0.02,-0.20,41052,412162.08,10.0427,11.99,9.8,-,-,Infinity,-0.39643211100098263,10.07,0,0,-0.2,,04-Aug-2026,-,-0.39643211100098263,-,Infinity,16.180150125104248,-2.5510204081632653,https://nsearchives.nseindia.com/today/HYBRIDETFEQN.svg,https://nsearchives.nseindia.com/30d/HYBRIDETF-EQ.svg,,EQ
IDFNIFTYET,Nifty 50,266.63,268.89,263.95,264,-1.31,-0.49,1426,377319.6,264.0289,340.8,244.32,-,-,-2.2004889975550115,-2.6297348135580703,265.31,0,-1.72,-2.15,03-Sep-2025,04-Aug-2026,-,-2.6297348135580703,-,-2.2004889975550115,22.535211267605636,-8.055009823182715,https://nsearchives.nseindia.com/today/IDFNIFTYETEQN.svg,https://nsearchives.nseindia.com/30d/IDFNIFTYET-EQ.svg,https://nsearchives.nseindia.com/365d/IDFNIFTYET-EQ.svg,EQ
NIFTYQLITY,Aditya Birla Sun Life Nifty 200 Quality 30 ETF,21.29,21.43,21.24,21.33,-0.03,-0.14,16867,359435.77,21.3446,23.03,18.95,-,-,-1.3413506012951095,-1.750345462920325,21.36,0,-1.2,-1.61,03-Sep-2025,04-Aug-2026,-,-1.750345462920325,-,-1.3413506012951095,7.381676074685205,-12.55936675461741,https://nsearchives.nseindia.com/today/NIFTYQLITYEQN.svg,https://nsearchives.nseindia.com/30d/NIFTYQLITY-EQ.svg,https://nsearchives.nseindia.com/365d/NIFTYQLITY-EQ.svg,EQ
HEALTHADD,DSP Nifty Healthcare ETF,16.7,16.72,16.5,16.65,-0.05,-0.30,21553,357779.8,16.7178,17.47,13.54,03-JUL-26,FACE VALUE SPLIT (SUB-DIVISION) - FROM RS 10/- PER UNIT TO RE 1/- PER UNIT,-88.60681538250992,-1.1282660332541643,16.7,0,-88.57,-0.83,03-Sep-2025,04-Aug-2026,FACE VALUE SPLIT (SUB-DIVISION) - FROM RS 10/- PER UNIT TO RE 1/- PER UNIT,-1.1282660332541643,03-JUL-26,-88.60681538250992,4.693760732684604,-22.96898079763663,https://nsearchives.nseindia.com/today/HEALTHADDEQN.svg,https://nsearchives.nseindia.com/30d/HEALTHADD-EQ.svg,https://nsearchives.nseindia.com/365d/HEALTHADD-EQ.svg,EQ
SNXT30BEES,BSE Sensex Next 30 Index,42.76,42.76,42.42,42.6,0.17,0.40,8325,353812.5,42.5331,44.56,36.83,-,-,9.399075500770426,-2.4725274725274686,42.43,0,8.96,-2.86,03-Sep-2025,04-Aug-2026,-,-2.4725274725274686,-,9.399075500770426,4.398563734290845,-15.666576160738538,https://nsearchives.nseindia.com/today/SNXT30BEESEQN.svg,https://nsearchives.nseindia.com/30d/SNXT30BEES-EQ.svg,https://nsearchives.nseindia.com/365d/SNXT30BEES-EQ.svg,EQ
FLEXIADD,Nifty500 Flexicap Quality 30 TRI,10.31,10.44,10,10.01,-0.04,-0.40,35100,353106,10.0268,11.9,8.73,-,-,Infinity,-2.6264591439688676,10.05,0,0,-2.24,,04-Aug-2026,-,-2.6264591439688676,-,Infinity,15.882352941176475,-14.662084765177541,https://nsearchives.nseindia.com/today/FLEXIADDEQN.svg,https://nsearchives.nseindia.com/30d/FLEXIADD-EQ.svg,,EQ
SBIMIDMOM,Nifty Midcap 150 Momentum 50 Index,63.7,64.07,63.56,63.79,-0.08,-0.13,5431,346497.8,63.8302,67.74,53.86,-,-,Infinity,0.39345294302801387,63.87,0,0,0.52,,04-Aug-2026,-,0.39345294302801387,-,Infinity,5.831118984351928,-18.43668770887486,https://nsearchives.nseindia.com/today/SBIMIDMOMEQN.svg,https://nsearchives.nseindia.com/30d/SBIMIDMOM-EQ.svg,,EQ
NPBET,Nifty Private Bank Index,292.57,292.57,288.29,292,-0.64,-0.22,1194,345782.4,287.9208,307,246.26,-,-,7.908351810790826,1.7918148225615234,292.64,0,8.14,2.01,03-Sep-2025,04-Aug-2026,-,1.7918148225615234,-,7.908351810790826,4.88599348534202,-18.573865020709825,https://nsearchives.nseindia.com/today/NPBETEQN.svg,https://nsearchives.nseindia.com/30d/NPBET-EQ.svg,https://nsearchives.nseindia.com/365d/NPBET-EQ.svg,EQ
GROWWN200,Nifty 200 Index- Total Return Index,11.04,11.53,11.04,11.36,0.03,0.26,29513,334087.16,11.3049,12.14,9.91,-,-,2.066486972147337,-1.4744145706851686,11.33,0,1.8,-1.73,03-Sep-2025,04-Aug-2026,-,-1.4744145706851686,-,2.066486972147337,6.425041186161459,-14.63168516649848,https://nsearchives.nseindia.com/today/GROWWN200EQN.svg,https://nsearchives.nseindia.com/30d/GROWWN200-EQ.svg,https://nsearchives.nseindia.com/365d/GROWWN200-EQ.svg,EQ
SILVER001,Commodity - Silver,23.72,23.83,23.26,23.56,0.31,1.33,14165,333302.45,23.2471,28,22,-,-,Infinity,Infinity,23.25,0,0,0,,,-,Infinity,-,Infinity,15.857142857142861,-7.0909090909090855,https://nsearchives.nseindia.com/today/SILVER001EQN.svg,,,EQ
MOALPHA50,Nifty Alpha 50 Total Return Index,56.36,57.5,56.16,56.45,-0.17,-0.30,5914,333194.76,56.2875,62,42.1,-,-,11.297318611987391,2.711062590975258,56.62,0,11.63,3.02,03-Sep-2025,04-Aug-2026,-,2.711062590975258,-,11.297318611987391,8.951612903225802,-34.08551068883611,https://nsearchives.nseindia.com/today/MOALPHA50EQN.svg,https://nsearchives.nseindia.com/30d/MOALPHA50-EQ.svg,https://nsearchives.nseindia.com/365d/MOALPHA50-EQ.svg,EQ
AONETMMQ50,Nifty Total Market Momentum Quality 50 TRI,10.33,10.49,10.24,10.31,0.03,0.29,32103,330981.93,10.3318,10.87,8,-,-,Infinity,1.576354679802957,10.28,0,0,1.28,,04-Aug-2026,-,1.576354679802957,-,Infinity,5.151793928242859,-28.875000000000007,https://nsearchives.nseindia.com/today/AONETMMQ50EQN.svg,https://nsearchives.nseindia.com/30d/AONETMMQ50-EQ.svg,,EQ
BANKBETF,Bajaj Finserv Nifty Bank ETF,58.42,58.75,58.32,58.5,0.1,0.17,5574,326134.74,58.4113,63.9,50.71,-,-,6.596209912536438,-0.17064846416382495,58.4,0,6.41,-0.34,03-Sep-2025,04-Aug-2026,-,-0.17064846416382495,-,6.596209912536438,8.45070422535211,-15.361861565766118,https://nsearchives.nseindia.com/today/BANKBETFEQN.svg,https://nsearchives.nseindia.com/30d/BANKBETF-EQ.svg,https://nsearchives.nseindia.com/365d/BANKBETF-EQ.svg,EQ
BANKADD,DSP Nifty Bank ETF,58.96,59.14,58.82,59.01,0.06,0.10,5499,324221.04,58.8272,62.9,51.01,-,-,Infinity,-0.21981738248224983,58.95,0,0,-0.32,,04-Aug-2026,-,-0.21981738248224983,-,Infinity,6.184419713831479,-15.683199372672025,https://nsearchives.nseindia.com/today/BANKADDEQN.svg,https://nsearchives.nseindia.com/30d/BANKADD-EQ.svg,,EQ
GOLDBND,Commodity - Gold,154.98,154.98,152.93,153.83,1.12,0.73,2042,314161.7,152.1532,180.16,115.17,-,-,Infinity,8.430253048565595,152.71,0,0,7.64,,04-Aug-2026,-,8.430253048565595,-,Infinity,14.614786856127877,-33.567769384388306,https://nsearchives.nseindia.com/today/GOLDBNDEQN.svg,https://nsearchives.nseindia.com/30d/GOLDBND-EQ.svg,,EQ
SMALLGROWW,Nifty Smallcap 250 Momentum Quality 100 Index TRI,39.41,49.79,39.41,49.05,0.09,0.18,6170,302391.7,49.1381,50.84,39.41,-,-,Infinity,2.765556253928348,48.96,0,0,2.58,,04-Aug-2026,-,2.765556253928348,-,Infinity,3.5208497246262906,-24.46079675209338,https://nsearchives.nseindia.com/today/SMALLGROWWEQN.svg,https://nsearchives.nseindia.com/30d/SMALLGROWW-EQ.svg,,EQ
MOQUALITY,Motilal Oswal S&P BSE Quality ETF,199.49,199.53,198.14,198.73,-0.28,-0.14,1467,291903.66,198.7907,225.6,176.15,-,-,2.7825187483837577,-1.7501359568893164,199.01,0,2.93,-1.61,03-Sep-2025,04-Aug-2026,-,-1.7501359568893164,-,2.7825187483837577,11.910460992907804,-12.818620493897235,https://nsearchives.nseindia.com/today/MOQUALITYEQN.svg,https://nsearchives.nseindia.com/30d/MOQUALITY-EQ.svg,https://nsearchives.nseindia.com/365d/MOQUALITY-EQ.svg,EQ
SBINMID150,Nifty Midcap 150 Index,23.59,23.59,23.26,23.31,-0.01,-0.04,11172,260195.88,23.2836,24.06,19.81,-,-,Infinity,-0.5546075085324341,23.32,0,0,-0.51,,04-Aug-2026,-,-0.5546075085324341,-,Infinity,3.117206982543641,-17.6678445229682,https://nsearchives.nseindia.com/today/SBINMID150EQN.svg,https://nsearchives.nseindia.com/30d/SBINMID150-EQ.svg,,EQ
VALUE,Nifty 500 Value 50,16.12,16.17,16.07,16.15,0.06,0.37,15902,256181.22,16.1248,19.69,14.83,-,-,Infinity,-1.2836185819070958,16.09,0,0,-1.65,,04-Aug-2026,-,-1.2836185819070958,-,Infinity,17.978669375317434,-8.90087660148347,https://nsearchives.nseindia.com/today/VALUEEQN.svg,https://nsearchives.nseindia.com/30d/VALUE-EQ.svg,,EQ
TOP20,Nifty Top 20 Equal Weight,8.9,8.91,8.86,8.87,-0.01,-0.11,28580,254076.2,8.873,9.99,8,-,-,Infinity,-2.5274725274725323,8.88,0,0,-2.42,,04-Aug-2026,-,-2.5274725274725323,-,Infinity,11.211211211211221,-10.87499999999999,https://nsearchives.nseindia.com/today/TOP20EQN.svg,https://nsearchives.nseindia.com/30d/TOP20-EQ.svg,,EQ
UNIONGOLD,Commodity Gold,153.1,153.1,150.15,150.15,0.55,0.37,1581,238019.55,149.102,177,101.9,-,-,44.44444444444444,8.411552346570401,149.6,0,43.92,8.01,03-Sep-2025,04-Aug-2026,-,8.411552346570401,-,44.44444444444444,15.169491525423727,-47.35034347399411,https://nsearchives.nseindia.com/today/UNIONGOLDEQN.svg,https://nsearchives.nseindia.com/30d/UNIONGOLD-EQ.svg,https://nsearchives.nseindia.com/365d/UNIONGOLD-EQ.svg,EQ
ITADD,DSP Nifty IT ETF,32.99,32.99,32.52,32.63,-0.04,-0.12,6830,223887.4,32.7266,41.92,27.17,-,-,Infinity,-1.7464619090635298,32.67,0,0,-1.63,,04-Aug-2026,-,-1.7464619090635298,-,Infinity,22.16125954198473,-20.09569377990431,https://nsearchives.nseindia.com/today/ITADDEQN.svg,https://nsearchives.nseindia.com/30d/ITADD-EQ.svg,,EQ
MON50EQUAL,Nifty 50 Equal Weight Total Return Index,33.3,33.3,32.98,33.17,0.01,0.03,6254,206819.78,33.0164,36,29.43,-,-,3.818466353677629,-3.2944606413994038,33.16,0,3.79,-3.32,03-Sep-2025,04-Aug-2026,-,-3.2944606413994038,-,3.818466353677629,7.861111111111106,-12.708120965001706,https://nsearchives.nseindia.com/today/MON50EQUALEQN.svg,https://nsearchives.nseindia.com/30d/MON50EQUAL-EQ.svg,https://nsearchives.nseindia.com/365d/MON50EQUAL-EQ.svg,EQ
HDFCVALUE,HDFC NIFTY50 Value 20 ETF,125.5,126.24,125.43,126.24,0.74,0.59,1613,202996.05,125.1226,147.05,120,-,-,-4.846611894173509,-1.2978889757623226,125.5,0,-5.4,-1.88,03-Sep-2025,04-Aug-2026,-,-1.2978889757623226,-,-4.846611894173509,14.151649098945947,-5.199999999999997,https://nsearchives.nseindia.com/today/HDFCVALUEEQN.svg,https://nsearchives.nseindia.com/30d/HDFCVALUE-EQ.svg,https://nsearchives.nseindia.com/365d/HDFCVALUE-EQ.svg,EQ
PVTBKGROWW,Nifty Private Bank Index - TRI,28.19,28.19,27.69,27.7,-0.04,-0.14,7168,200345.6,27.8746,29.57,25.45,-,-,Infinity,-0.03608805485384902,27.74,0,0,0.11,,04-Aug-2026,-,-0.03608805485384902,-,Infinity,6.32397700371999,-8.840864440078585,https://nsearchives.nseindia.com/today/PVTBKGROWWEQN.svg,https://nsearchives.nseindia.com/30d/PVTBKGROWW-EQ.svg,,EQ
CONSUMAXIS,NIFTY India Consumption Index,120.17,120.37,119.02,119.02,-0.62,-0.52,1590,190895.4,120.0428,131.85,105.63,-,-,Infinity,-4.943694593083618,119.64,0,0,-4.45,,04-Aug-2026,-,-4.943694593083618,-,Infinity,9.730754645430412,-12.676323014295182,https://nsearchives.nseindia.com/today/CONSUMAXISEQN.svg,https://nsearchives.nseindia.com/30d/CONSUMAXIS-EQ.svg,,EQ
BSLSENETFG,BSE SENSEX Index,78.67,78.67,77.12,77.52,0.37,0.48,2392,185284.32,76.8647,87.82,70.32,25-NOV-21, FACE VALUE SPLIT (SUB-DIVISION) - FROM RS 10/- PER SHARE TO RE 1- PER SHARE,-3.6060681422531777,-1.8982536066818527,77.15,0,-4.07,-2.37,03-Sep-2025,04-Aug-2026, FACE VALUE SPLIT (SUB-DIVISION) - FROM RS 10/- PER SHARE TO RE 1- PER SHARE,-1.8982536066818527,25-NOV-21,-3.6060681422531777,11.728535641084035,-10.238907849829356,https://nsearchives.nseindia.com/today/BSLSENETFGEQN.svg,https://nsearchives.nseindia.com/30d/BSLSENETFG-EQ.svg,https://nsearchives.nseindia.com/365d/BSLSENETFG-EQ.svg,EQ
BBNPPGOLD,Baroda BNP Paribas Gold ETF,148.2,149.5,146.8,148.5,1,0.68,1237,184486.18,147.4835,184.05,101.45,-,-,44.38502673796793,8.117946851110306,147.5,0,43.41,7.39,03-Sep-2025,04-Aug-2026,-,8.117946851110306,-,44.38502673796793,19.31540342298289,-46.37752587481518,https://nsearchives.nseindia.com/today/BBNPPGOLDEQN.svg,https://nsearchives.nseindia.com/30d/BBNPPGOLD-EQ.svg,https://nsearchives.nseindia.com/365d/BBNPPGOLD-EQ.svg,EQ
MIDBANKADD,BSE MidSmall Private Banks Index,17.52,17.54,17.47,17.5,-0.02,-0.11,10430,182420.7,17.4549,18.22,17.09,-,-,Infinity,Infinity,17.52,0,0,0,,,-,Infinity,-,Infinity,3.9517014270032873,-2.399063779988298,https://nsearchives.nseindia.com/today/MIDBANKADDEQN.svg,,,EQ
MIDCAPBETA,UTI Nifty Midcap 150 Exchange Traded Fund (ETF),234.77,235.82,232.07,235.73,0.96,0.41,767,179830.82,234.8323,240,192.5,-,-,Infinity,-0.5190749493585491,234.77,0,0,-0.92,,04-Aug-2026,-,-0.5190749493585491,-,Infinity,1.779166666666671,-22.457142857142852,https://nsearchives.nseindia.com/today/MIDCAPBETAEQN.svg,https://nsearchives.nseindia.com/30d/MIDCAPBETA-EQ.svg,,EQ
CONS,Kotak Nifty India Consumption ETF,11.97,12.04,11.95,12.03,0.02,0.17,14601,175065.99,12.0044,13.2,10.2,27-FEB-26,FACE VALUE SPLIT (SUB-DIVISION) - FROM RS 10/- PER SHARE TO RE 1/- PER SHARE,-90.43339960238569,-3.990422984836393,12.01,0,-90.45,-4.15,03-Sep-2025,04-Aug-2026,FACE VALUE SPLIT (SUB-DIVISION) - FROM RS 10/- PER SHARE TO RE 1/- PER SHARE,-3.990422984836393,27-FEB-26,-90.43339960238569,8.863636363636363,-17.941176470588236,https://nsearchives.nseindia.com/today/CONSEQN.svg,https://nsearchives.nseindia.com/30d/CONS-EQ.svg,https://nsearchives.nseindia.com/365d/CONS-EQ.svg,EQ
INFRA,Nifty India Infrastructure & Logistics,12.21,12.21,12.01,12.03,0,0.00,14437,173965.85,12.0189,13.27,10.14,-,-,Infinity,-1.3934426229508192,12.03,0,0,-1.39,,04-Aug-2026,-,-1.3934426229508192,-,Infinity,9.344385832705353,-18.639053254437858,https://nsearchives.nseindia.com/today/INFRAEQN.svg,https://nsearchives.nseindia.com/30d/INFRA-EQ.svg,,EQ
GROWWNXT50,Index,73.99,73.99,72.81,73.45,0,0.00,2293,168374.99,73.4241,76.79,60.01,-,-,8.669921586033437,-2.98507462686566,73.45,0,8.67,-2.99,03-Sep-2025,04-Aug-2026,-,-2.98507462686566,-,8.669921586033437,4.349524677692412,-22.39626728878521,https://nsearchives.nseindia.com/today/GROWWNXT50EQN.svg,https://nsearchives.nseindia.com/30d/GROWWNXT50-EQ.svg,https://nsearchives.nseindia.com/365d/GROWWNXT50-EQ.svg,EQ
HDFCQUAL,HDFC NIFTY100 Quality 30 ETF,58.87,58.93,58.5,58.77,0.25,0.43,2788,163711.36,58.6859,61.87,51.91,-,-,0.41004613018964975,-1.1271870794077972,58.52,0,-0.02,-1.55,03-Sep-2025,04-Aug-2026,-,-1.1271870794077972,-,0.41004613018964975,5.010505899466614,-13.215180119437502,https://nsearchives.nseindia.com/today/HDFCQUALEQN.svg,https://nsearchives.nseindia.com/30d/HDFCQUAL-EQ.svg,https://nsearchives.nseindia.com/365d/HDFCQUAL-EQ.svg,EQ
SBIETFQLTY,Nifty 200 Quality 30 Index,223.5,223.5,221.5,222.21,-1.11,-0.50,718,159683.2,222.2145,247.28,194,-,-,-1.0597088027071533,-2.1187560567350903,223.32,0,-0.57,-1.63,03-Sep-2025,04-Aug-2026,-,-2.1187560567350903,-,-1.0597088027071533,10.138304755742475,-14.541237113402067,https://nsearchives.nseindia.com/today/SBIETFQLTYEQN.svg,https://nsearchives.nseindia.com/30d/SBIETFQLTY-EQ.svg,https://nsearchives.nseindia.com/365d/SBIETFQLTY-EQ.svg,EQ
GROWWPSUBK,Nifty PSU Bank Index - TRI,86.48,86.48,85.01,86,0.67,0.79,1830,157361.7,85.786,91.19,77.57,-,-,Infinity,1.2479397221568194,85.33,0,0,0.46,,04-Aug-2026,-,1.2479397221568194,-,Infinity,5.691413532185544,-10.867603454943932,https://nsearchives.nseindia.com/today/GROWWPSUBKEQN.svg,https://nsearchives.nseindia.com/30d/GROWWPSUBK-EQ.svg,,EQ
NEXT30ADD,BSE SENSEX Next 30 Index,42.65,42.78,42.5,42.67,0.08,0.19,3585,152828.55,42.6522,46.7,36.98,-,-,9.945890234475648,-2.4239652412531334,42.59,0,9.74,-2.61,03-Sep-2025,04-Aug-2026,-,-2.4239652412531334,-,9.945890234475648,8.629550321199146,-15.386695511087087,https://nsearchives.nseindia.com/today/NEXT30ADDEQN.svg,https://nsearchives.nseindia.com/30d/NEXT30ADD-EQ.svg,https://nsearchives.nseindia.com/365d/NEXT30ADD-EQ.svg,EQ
QUALITY30,Nifty200 Quality 30 Index,20.67,20.8,20.65,20.72,-0.03,-0.14,7309,151150.12,20.718,23.18,18.09,-,-,-0.813786500718055,-2.3102310231023195,20.75,0,-0.67,-2.17,03-Sep-2025,04-Aug-2026,-,-2.3102310231023195,-,-0.813786500718055,10.612597066436587,-14.53841901603095,https://nsearchives.nseindia.com/today/QUALITY30EQN.svg,https://nsearchives.nseindia.com/30d/QUALITY30-EQ.svg,https://nsearchives.nseindia.com/365d/QUALITY30-EQ.svg,EQ
EQUAL50,Nifty50 Equal Weight,329.56,330.22,329.4,330.22,0.66,0.20,444,146409,329.2316,342.88,295.16,-,-,3.6830041759552947,-2.730566437892127,329.56,0,3.48,-2.92,03-Sep-2025,04-Aug-2026,-,-2.730566437892127,-,3.6830041759552947,3.692253849743341,-11.87830329312915,https://nsearchives.nseindia.com/today/EQUAL50EQN.svg,https://nsearchives.nseindia.com/30d/EQUAL50-EQ.svg,https://nsearchives.nseindia.com/365d/EQUAL50-EQ.svg,EQ
ENIFTY,Nifty 50 TRI,24.75,24.75,24.1,24.19,0.04,0.17,6023,146298.67,24.0747,27.99,22.28,-,-,Infinity,-0.32962505150390725,24.15,0,0,-0.49,,04-Aug-2026,-,-0.32962505150390725,-,Infinity,13.576277241872088,-8.572710951526032,https://nsearchives.nseindia.com/today/ENIFTYEQN.svg,https://nsearchives.nseindia.com/30d/ENIFTY-EQ.svg,,EQ
MOLOWVOL,Nifty Midcap 100 TRI,36.09,36.21,35.97,36.21,-0.14,-0.39,3927,141646.89,35.9422,43.07,33.52,11-AUG-22,FACE VALUE SPLIT (SUB-DIVISION) - FROM RS 10/- PER UNIT TO RS 2/- PER UNIT,-4.433887569279492,-3.4399999999999977,36.35,0,-4.06,-3.07,03-Sep-2025,04-Aug-2026,FACE VALUE SPLIT (SUB-DIVISION) - FROM RS 10/- PER UNIT TO RS 2/- PER UNIT,-3.4399999999999977,11-AUG-22,-4.433887569279492,15.927559786394243,-8.025059665871114,https://nsearchives.nseindia.com/today/MOLOWVOLEQN.svg,https://nsearchives.nseindia.com/30d/MOLOWVOL-EQ.svg,https://nsearchives.nseindia.com/365d/MOLOWVOL-EQ.svg,EQ
ENERGYAXIS,Index,19,19.17,19,19.17,-0.03,-0.16,7399,141394.89,19.0843,19.27,18.81,-,-,Infinity,Infinity,19.2,0,0,0,,,-,Infinity,-,Infinity,0.5189413596263511,-1.9138755980861404,https://nsearchives.nseindia.com/today/ENERGYAXISEQN.svg,,,EQ
EQUAL200,BSE 200 Equal Weight,13.95,13.95,13.81,13.82,-0.01,-0.07,10167,140609.61,11.719,14.6,11.75,-,-,7.131782945736434,-1.426533523537798,13.83,0,7.21,-1.36,03-Sep-2025,04-Aug-2026,-,-1.426533523537798,-,7.131782945736434,5.342465753424654,-17.617021276595747,https://nsearchives.nseindia.com/today/EQUAL200EQN.svg,https://nsearchives.nseindia.com/30d/EQUAL200-EQ.svg,https://nsearchives.nseindia.com/365d/EQUAL200-EQ.svg,EQ
LICNMID100,LIC MF Nifty Midcap 100 ETF,63.42,64.05,63.42,63.84,0.42,0.66,2147,136957.13,63.6837,66.4,52.3,-,-,8.14839911909199,0.37735849056604087,63.42,0,7.44,-0.28,03-Sep-2025,04-Aug-2026,-,0.37735849056604087,-,8.14839911909199,3.855421686746991,-22.06500956022946,https://nsearchives.nseindia.com/today/LICNMID100EQN.svg,https://nsearchives.nseindia.com/30d/LICNMID100-EQ.svg,https://nsearchives.nseindia.com/365d/LICNMID100-EQ.svg,EQ
MOSERVICE,Nifty Services Sector Total Return Index,30.91,30.99,30.9,30.91,0.27,0.88,4297,132820.27,30.7639,35.37,28.3,-,-,Infinity,-2.3380726698262193,30.64,0,0,-3.19,,04-Aug-2026,-,-2.3380726698262193,-,Infinity,12.609556121006495,-9.222614840989397,https://nsearchives.nseindia.com/today/MOSERVICEEQN.svg,https://nsearchives.nseindia.com/30d/MOSERVICE-EQ.svg,,EQ
MOGSEC,Nifty 5 yr Benchmark G-Sec Index,65.38,65.7,65.34,65.62,0.22,0.34,1982,129959.74,65.3699,67.33,60.74,-,-,6.043956043956047,0.5824647455548891,65.4,0,5.69,0.25,03-Sep-2025,04-Aug-2026,-,0.5824647455548891,-,6.043956043956047,2.5397296895885844,-8.034244320052688,https://nsearchives.nseindia.com/today/MOGSECEQN.svg,https://nsearchives.nseindia.com/30d/MOGSEC-EQ.svg,https://nsearchives.nseindia.com/365d/MOGSEC-EQ.svg,EQ
MOMETAL,Nifty Metal Index,13.21,13.41,13.16,13.41,0.25,1.90,9735,129864.9,13.1755,13.75,12.85,-,-,Infinity,Infinity,13.16,0,0,0,,,-,Infinity,-,Infinity,2.4727272727272718,-4.357976653696502,https://nsearchives.nseindia.com/today/MOMETALEQN.svg,,,EQ
MONEXT50,Nifty Next 50 Total Return Index,73.05,73.33,72.84,73.26,0.21,0.29,1755,128044.8,73.0211,75.89,59.43,-,-,9.050312593033636,-1.1736139214892627,73.05,0,8.74,-1.46,03-Sep-2025,04-Aug-2026,-,-1.1736139214892627,-,9.050312593033636,3.4655422321781466,-23.27107521453812,https://nsearchives.nseindia.com/today/MONEXT50EQN.svg,https://nsearchives.nseindia.com/30d/MONEXT50-EQ.svg,https://nsearchives.nseindia.com/365d/MONEXT50-EQ.svg,EQ
EBANKNIFTY,Edelweiss Nifty Bank ETF,58.11,58.27,57.82,58.26,0.04,0.07,2088,120957.84,57.9383,69.39,50.05,-,-,6.761957119296312,0.4482758620689621,58.22,0,6.69,0.38,03-Sep-2025,04-Aug-2026,-,0.4482758620689621,-,6.761957119296312,16.03977518374406,-16.403596403596406,https://nsearchives.nseindia.com/today/EBANKNIFTYEQN.svg,https://nsearchives.nseindia.com/30d/EBANKNIFTY-EQ.svg,https://nsearchives.nseindia.com/365d/EBANKNIFTY-EQ.svg,EQ
ESG,NIFTY100 ESG SECTOR LEADERS,41.16,41.2,41,41.15,0.08,0.19,2704,111323.68,41.0125,45.06,37.52,-,-,-3.1764705882352975,-2.418781124021824,41.07,0,-3.36,-2.61,03-Sep-2025,04-Aug-2026,-,-2.418781124021824,-,-3.1764705882352975,8.677319130048831,-9.674840085287833,https://nsearchives.nseindia.com/today/ESGEQN.svg,https://nsearchives.nseindia.com/30d/ESG-EQ.svg,https://nsearchives.nseindia.com/365d/ESG-EQ.svg,EQ
SENSEXAXIS,AXIS S&P BSE SENSEX ETF,78.67,81,78.67,79.4,-0.27,-0.34,1362,108714.84,79.1064,91.35,73.52,-,-,Infinity,-2.349034559094818,79.67,0,0,-2.02,,04-Aug-2026,-,-2.349034559094818,-,Infinity,13.081554460864794,-7.997823721436356,https://nsearchives.nseindia.com/today/SENSEXAXISEQN.svg,https://nsearchives.nseindia.com/30d/SENSEXAXIS-EQ.svg,,EQ
MOINFRA,BSE India Infrastructure Total Return Index,58.7,58.7,58.45,58.61,-0.05,-0.09,1827,107098.74,58.4152,66,54.6,-,-,0.9299121749612522,-3.4908611888687595,58.66,0,1.02,-3.41,03-Sep-2025,04-Aug-2026,-,-3.4908611888687595,-,0.9299121749612522,11.196969696969697,-7.3443223443223395,https://nsearchives.nseindia.com/today/MOINFRAEQN.svg,https://nsearchives.nseindia.com/30d/MOINFRA-EQ.svg,https://nsearchives.nseindia.com/365d/MOINFRA-EQ.svg,EQ
LICNFNHGP,Nifty 100,274.66,275.99,270.11,270.5,-5.54,-2.01,386,104783.56,274.4327,296.41,248.02,-,-,-1.9963044817216735,-3.897395814829298,276.04,0,0.01,-1.93,03-Sep-2025,04-Aug-2026,-,-3.897395814829298,-,-1.9963044817216735,8.74127053743127,-9.063785178614625,https://nsearchives.nseindia.com/today/LICNFNHGPEQN.svg,https://nsearchives.nseindia.com/30d/LICNFNHGP-EQ.svg,https://nsearchives.nseindia.com/365d/LICNFNHGP-EQ.svg,EQ
LICNETFN50,Nifty 50,269.53,270.02,267.59,267.7,0.03,0.01,347,93113.98,268.0627,295,248.17,-,-,-2.8523733488169594,-2.8100493755445863,267.67,0,-2.86,-2.82,03-Sep-2025,04-Aug-2026,-,-2.8100493755445863,-,-2.8523733488169594,9.254237288135597,-7.869605512350406,https://nsearchives.nseindia.com/today/LICNETFN50EQN.svg,https://nsearchives.nseindia.com/30d/LICNETFN50-EQ.svg,https://nsearchives.nseindia.com/365d/LICNETFN50-EQ.svg,EQ
MOMNC,Nifty MNC ETF Total Return Index,33,33,32.15,32.19,-0.1,-0.31,2895,93103.2,32.191,35.8,27.03,-,-,Infinity,-3.3913565426170544,32.29,0,0,-3.09,,04-Aug-2026,-,-3.3913565426170544,-,Infinity,10.083798882681563,-19.089900110987777,https://nsearchives.nseindia.com/today/MOMNCEQN.svg,https://nsearchives.nseindia.com/30d/MOMNC-EQ.svg,,EQ
DIVIDEND,BSE 500 Dividend Leaders,35.72,35.72,35.49,35.61,0.06,0.17,2476,88046.56,35.4685,38.03,33.15,-,-,Infinity,-2.4917853231106344,35.55,0,0,-2.66,,04-Aug-2026,-,-2.4917853231106344,-,Infinity,6.36339731790692,-7.420814479638012,https://nsearchives.nseindia.com/today/DIVIDENDEQN.svg,https://nsearchives.nseindia.com/30d/DIVIDEND-EQ.svg,,EQ
IVZBANKNF,Nifty Bank TRI,57.39,57.56,57.35,57.56,0.14,0.24,1513,86846.2,57.3338,58.45,56.9,-,-,Infinity,Infinity,57.42,0,0,0,,,-,Infinity,-,Infinity,1.5226689478186493,-1.159929701230235,https://nsearchives.nseindia.com/today/IVZBANKNFEQN.svg,,,EQ
BNKETFAXIS,Nifty Bank,593.46,595.93,591.8,592.5,-0.5,-0.08,145,86076.35,592.4657,647.82,512.51,-,-,Infinity,-0.3850098354040861,593,0,0,-0.3,,04-Aug-2026,-,-0.3850098354040861,-,Infinity,8.539409095119023,-15.607500341456754,https://nsearchives.nseindia.com/today/BNKETFAXISEQN.svg,https://nsearchives.nseindia.com/30d/BNKETFAXIS-EQ.svg,,EQ
LARGEMID50,BSE LargeMid (60:40) Stable Dividend 50 TRI (Total Return Index),36.36,36.42,36.27,36.39,0.03,0.08,2309,83909.06,36.2153,38,36.16,-,-,Infinity,Infinity,36.36,0,0,0,,,-,Infinity,-,Infinity,4.236842105263157,-0.6360619469026659,https://nsearchives.nseindia.com/today/LARGEMID50EQN.svg,,,EQ
SBIVALETF,Nifty200 Value 30 Index,14.72,14.75,14.66,14.75,0.1,0.68,5269,77612.37,14.7018,17.7,14.43,-,-,Infinity,-2.3825281270681633,14.65,0,0,-3.04,,04-Aug-2026,-,-2.3825281270681633,-,Infinity,16.666666666666664,-2.2176022176022196,https://nsearchives.nseindia.com/today/SBIVALETFEQN.svg,https://nsearchives.nseindia.com/30d/SBIVALETF-EQ.svg,,EQ
MOOILGAS,Nifty Oil & Gas ETF Total Return Index,11.21,11.29,11.19,11.29,0.08,0.71,6633,74820.24,11.1735,11.7,10.9,-,-,Infinity,Infinity,11.21,0,0,0,,,-,Infinity,-,Infinity,3.5042735042735056,-3.5779816513761356,https://nsearchives.nseindia.com/today/MOOILGASEQN.svg,,,EQ
IVZSENSEX,BSE Sensex TRI,77.7,77.7,76.54,76.56,-0.07,-0.09,972,74503.8,76.1933,79.2,75.53,-,-,Infinity,Infinity,76.63,0,0,0,,,-,Infinity,-,Infinity,3.333333333333334,-1.3636965444194376,https://nsearchives.nseindia.com/today/IVZSENSEXEQN.svg,,,EQ
GROWWMC150,Nifty Midcap 150 Index - TRI,233.72,233.72,231.63,233.72,0,0.00,303,70659.6,232.9332,245,193.6,-,-,Infinity,-0.14099551377911237,233.72,0,0,-0.14,,04-Aug-2026,-,-0.14099551377911237,-,Infinity,4.604081632653061,-20.72314049586777,https://nsearchives.nseindia.com/today/GROWWMC150EQN.svg,https://nsearchives.nseindia.com/30d/GROWWMC150-EQ.svg,,EQ
SNXT50BETA,BSE Sensex Next 50,96.31,96.58,94.5,94.5,-1.06,-1.11,727,69588.44,95.0379,102.25,77.11,17-FEB-21, FACE VALUE SPLIT (SUB-DIVISION) - FROM RS 10/- PER UNIT TO RE 1/- PER UNIT,Infinity,-1.4187356561652404,95.56,0,0,-0.31,,04-Aug-2026, FACE VALUE SPLIT (SUB-DIVISION) - FROM RS 10/- PER UNIT TO RE 1/- PER UNIT,-1.4187356561652404,17-FEB-21,Infinity,7.579462102689487,-22.552198158474905,https://nsearchives.nseindia.com/today/SNXT50BETAEQN.svg,https://nsearchives.nseindia.com/30d/SNXT50BETA-EQ.svg,,EQ
HDFCLOWVOL,HDFC NIFTY100 Low Volatility 30 ETF,20.55,20.6,20.45,20.6,0.05,0.24,3372,69058.56,20.5072,22.28,18.35,20-OCT-23,FACE VALUE SPLIT (SUB-DIVISION) - FROM RS 126.18/- PER SHARE TO RS 12.618/- PER SHARE,-1.4825442372070718,-2.6004728132387576,20.55,0,-1.72,-2.84,03-Sep-2025,04-Aug-2026,FACE VALUE SPLIT (SUB-DIVISION) - FROM RS 126.18/- PER SHARE TO RS 12.618/- PER SHARE,-2.6004728132387576,20-OCT-23,-1.4825442372070718,7.540394973070017,-12.261580381471388,https://nsearchives.nseindia.com/today/HDFCLOWVOLEQN.svg,https://nsearchives.nseindia.com/30d/HDFCLOWVOL-EQ.svg,https://nsearchives.nseindia.com/365d/HDFCLOWVOL-EQ.svg,EQ
EMETAL,Nifty Metal Total Return Index,13.21,13.36,13.13,13.36,0.17,1.29,5051,66370.14,13.1647,15.21,12.41,-,-,Infinity,2.2970903522205126,13.19,0,0,1,,04-Aug-2026,-,2.2970903522205126,-,Infinity,12.163050624589095,-7.655116841257045,https://nsearchives.nseindia.com/today/EMETALEQN.svg,https://nsearchives.nseindia.com/30d/EMETAL-EQ.svg,,EQ
MSCI360,MSCI India Index,10.12,10.27,10.04,10.27,0.21,2.09,6033,60993.63,10.0581,12.24,9.6,-,-,Infinity,0.09746588693956908,10.06,0,0,-1.95,,04-Aug-2026,-,0.09746588693956908,-,Infinity,16.09477124183007,-6.979166666666667,https://nsearchives.nseindia.com/today/MSCI360EQN.svg,https://nsearchives.nseindia.com/30d/MSCI360-EQ.svg,,EQ
GSEC5IETF,Nifty 5 yr Benchmark G-Sec Index,66.51,66.51,66.51,66.51,0,0.00,862,57331.62,66.3516,69.14,62,-,-,6.076555023923448,0.015037593984970099,66.51,0,6.08,0.02,03-Sep-2025,04-Aug-2026,-,0.015037593984970099,-,6.076555023923448,3.8038761932311185,-7.274193548387105,https://nsearchives.nseindia.com/today/GSEC5IETFEQN.svg,https://nsearchives.nseindia.com/30d/GSEC5IETF-EQ.svg,https://nsearchives.nseindia.com/365d/GSEC5IETF-EQ.svg,EQ
MOMGF,Nifty India Manufacturing Total Return Index,161.93,170,161.93,163,0.26,0.16,315,51165.45,162.4325,182.16,137.9,-,-,11.300785250938896,0.7541105204598831,162.74,0,11.12,0.59,03-Sep-2025,04-Aug-2026,-,0.7541105204598831,-,11.300785250938896,10.518225735617039,-18.20159535895576,https://nsearchives.nseindia.com/today/MOMGFEQN.svg,https://nsearchives.nseindia.com/30d/MOMGF-EQ.svg,https://nsearchives.nseindia.com/365d/MOMGF-EQ.svg,EQ
GROWWLOVOL,Nifty 500 Low Volatility 50 Index   TRI,10.5,10.5,10.24,10.31,-0.03,-0.29,4721,48531.88,10.3179,11.1,9.39,-,-,0.38948393378774027,-3.2833020637898653,10.34,0,0.68,-3,03-Sep-2025,04-Aug-2026,-,-3.2833020637898653,-,0.38948393378774027,7.117117117117109,-9.797657082002129,https://nsearchives.nseindia.com/today/GROWWLOVOLEQN.svg,https://nsearchives.nseindia.com/30d/GROWWLOVOL-EQ.svg,https://nsearchives.nseindia.com/365d/GROWWLOVOL-EQ.svg,EQ
IVZINNIFTY,Nifty 50,267.79,277.9,267.79,274.22,-0.44,-0.16,158,43472.12,274.0533,315,251.1,31-JUL-26,FACE VALUE SPLIT (SUB-DIVISION) - FROM RS 10/- PER SHARE TO RE 1/- PER SHARE,-90.18666170429007,-2.0677832934537923,274.66,0,-90.17,-1.91,02-Sep-2025,04-Aug-2026,FACE VALUE SPLIT (SUB-DIVISION) - FROM RS 10/- PER SHARE TO RE 1/- PER SHARE,-2.0677832934537923,31-JUL-26,-90.18666170429007,12.946031746031737,-9.207487056949436,https://nsearchives.nseindia.com/today/IVZINNIFTYEQN.svg,https://nsearchives.nseindia.com/30d/IVZINNIFTY-EQ.svg,https://nsearchives.nseindia.com/365d/IVZINNIFTY-EQ.svg,EQ
BANK10ADD,BSE Top 10 Banks Index (TRI),16.87,16.98,16.86,16.92,-0.04,-0.24,2303,38966.76,16.7974,18.99,12.08,-,-,Infinity,-0.5875440658049229,16.96,0,0,-0.35,,04-Aug-2026,-,-0.5875440658049229,-,Infinity,10.900473933649272,-40.066225165562926,https://nsearchives.nseindia.com/today/BANK10ADDEQN.svg,https://nsearchives.nseindia.com/30d/BANK10ADD-EQ.svg,,EQ
NIF500BETA,Index,38.3,38.3,37.39,37.55,0.1,0.27,990,37402.2,37.41,38.3,37.17,-,-,Infinity,Infinity,37.45,0,0,0,,,-,Infinity,-,Infinity,1.9582245430809402,-1.0223298358891457,https://nsearchives.nseindia.com/today/NIF500BETAEQN.svg,,,EQ
MIDCAPADD,Nifty Midcap 150 Index,23.14,23.36,23.14,23.28,0.14,0.61,1461,34055.91,23.2875,25.5,19.27,-,-,Infinity,-0.5128205128205019,23.14,0,0,-1.11,,04-Aug-2026,-,-0.5128205128205019,-,Infinity,8.705882352941172,-20.809548521017135,https://nsearchives.nseindia.com/today/MIDCAPADDEQN.svg,https://nsearchives.nseindia.com/30d/MIDCAPADD-EQ.svg,,EQ
GILT10BETA,UTI Nifty 10 yr Benchmark G-Sec ETF,26.68,26.75,26.22,26.67,-0.01,-0.04,1210,32294.9,26.4835,27.14,25.1,-,-,Infinity,1.2144212523719176,26.68,0,0,1.25,,04-Aug-2026,-,1.2144212523719176,-,Infinity,1.731761238025051,-6.254980079681276,https://nsearchives.nseindia.com/today/GILT10BETAEQN.svg,https://nsearchives.nseindia.com/30d/GILT10BETA-EQ.svg,,EQ
ABSLMSCIN,MSCI India Index,29.79,29.85,29.31,29.44,-0.06,-0.20,1070,31522.2,29.4043,35.34,26.34,-,-,Infinity,-1.8666666666666625,29.5,0,0,-1.67,,04-Aug-2026,-,-1.8666666666666625,-,Infinity,16.69496321448784,-11.769172361427492,https://nsearchives.nseindia.com/today/ABSLMSCINEQN.svg,https://nsearchives.nseindia.com/30d/ABSLMSCIN-EQ.svg,,EQ
ITBETA,UTI Nifty IT ETF,326.08,326.17,322.5,322.5,-1.96,-0.60,84,27196.68,324.5567,409.94,270.68,-,-,Infinity,-2.2904926377022368,324.46,0,0,-1.7,,04-Aug-2026,-,-2.2904926377022368,-,Infinity,21.329950724496268,-19.14437712427959,https://nsearchives.nseindia.com/today/ITBETAEQN.svg,https://nsearchives.nseindia.com/30d/ITBETA-EQ.svg,,EQ
ABSL10BANK,BSE Top 10 Banks Index,168.16,170.5,165.14,165.14,-3.01,-1.79,156,26329.68,167.8938,214.42,150,-,-,Infinity,-3.155055125498489,168.15,0,0,-1.39,,04-Aug-2026,-,-3.155055125498489,-,Infinity,22.98293069676336,-10.093333333333325,https://nsearchives.nseindia.com/today/ABSL10BANKEQN.svg,https://nsearchives.nseindia.com/30d/ABSL10BANK-EQ.svg,,EQ
MSCIADD,MSCI India Index,29.37,29.53,29.37,29.53,0.16,0.54,836,24620.2,29.424,33.82,26.4,-,-,Infinity,-2.0563847429518987,29.37,0,0,-2.59,,04-Aug-2026,-,-2.0563847429518987,-,Infinity,12.684801892371375,-11.856060606060616,https://nsearchives.nseindia.com/today/MSCIADDEQN.svg,https://nsearchives.nseindia.com/30d/MSCIADD-EQ.svg,,EQ
ELMDIV,Index (BSE LargeMid (60:40) Stable Dividend 50),36.99,36.99,36.49,36.5,0.12,0.33,602,21973,36.2095,38.67,35.83,-,-,Infinity,Infinity,36.38,0,0,0,,,-,Infinity,-,Infinity,5.6115852081717135,-1.8699413898967394,https://nsearchives.nseindia.com/today/ELMDIVEQN.svg,,,EQ
MOPSE,Nifty PSE Total Return Index,99.46,102.5,99.42,99.74,0.34,0.34,217,21691.32,98.9377,114.7,93.33,-,-,4.604090194022025,-1.646780396410612,99.4,0,4.25,-1.98,03-Sep-2025,04-Aug-2026,-,-1.646780396410612,-,4.604090194022025,13.04272013949434,-6.868102432229719,https://nsearchives.nseindia.com/today/MOPSEEQN.svg,https://nsearchives.nseindia.com/30d/MOPSE-EQ.svg,https://nsearchives.nseindia.com/365d/MOPSE-EQ.svg,EQ
PVTBANK,Index,27.92,28,27.91,28,0.15,0.54,722,20179.9,27.836,28.33,27.01,-,-,Infinity,0,27.85,0,0,-0.54,,04-Aug-2026,-,0,-,Infinity,1.1648429226967818,-3.6653091447611934,https://nsearchives.nseindia.com/today/PVTBANKEQN.svg,https://nsearchives.nseindia.com/30d/PVTBANK-EQ.svg,,EQ
ENEXT50,Nifty Next 50 Total Return Index,73.52,73.55,73.1,73.1,0.3,0.41,275,20110.75,72.8445,76,68.59,-,-,Infinity,-1.216216216216224,72.8,0,0,-1.62,,04-Aug-2026,-,-1.216216216216224,-,Infinity,3.815789473684218,-6.575302522233548,https://nsearchives.nseindia.com/today/ENEXT50EQN.svg,https://nsearchives.nseindia.com/30d/ENEXT50-EQ.svg,,EQ
LICNETFSEN,SENSEX,868.17,875,860,860,-3.46,-0.40,22,19003.38,861.0086,974.02,803,-,-,-4.766123316796595,-3.1531531531531534,863.46,0,-4.38,-2.76,03-Sep-2025,04-Aug-2026,-,-3.1531531531531534,-,-4.766123316796595,11.706125130900801,-7.098381070983811,https://nsearchives.nseindia.com/today/LICNETFSENEQN.svg,https://nsearchives.nseindia.com/30d/LICNETFSEN-EQ.svg,https://nsearchives.nseindia.com/365d/LICNETFSEN-EQ.svg,EQ
GSEC10YEAR,Mirae Asset Nifty 8-13 yr G-Sec ETF,30.53,30.53,30.22,30.37,-0.13,-0.43,616,18677.12,30.3596,31.33,28.39,-,-,4.006849315068499,0.39669421487603634,30.5,0,4.45,0.83,03-Sep-2025,04-Aug-2026,-,0.39669421487603634,-,4.006849315068499,3.0641557612511883,-6.974286720676297,https://nsearchives.nseindia.com/today/GSEC10YEAREQN.svg,https://nsearchives.nseindia.com/30d/GSEC10YEAR-EQ.svg,https://nsearchives.nseindia.com/365d/GSEC10YEAR-EQ.svg,EQ
MOBANK10,BSE Top 10 Banks Total Return Index,17,17,16.85,16.96,0.06,0.36,868,14677.88,16.8022,20,15.75,-,-,Infinity,-0.5861664712778305,16.9,0,0,-0.94,,04-Aug-2026,-,-0.5861664712778305,-,Infinity,15.199999999999994,-7.682539682539688,https://nsearchives.nseindia.com/today/MOBANK10EQN.svg,https://nsearchives.nseindia.com/30d/MOBANK10-EQ.svg,,EQ
ABGSEC,Aditya Birla Sun Life CRISIL Broad Based Gilt ETF,114.94,114.94,113.54,113.58,-0.75,-0.66,104,11890.32,114.0158,118,108.82,-,-,3.877812328516549,-0.5080588647512249,114.33,0,4.56,0.15,03-Sep-2025,04-Aug-2026,-,-0.5080588647512249,-,3.877812328516549,3.7457627118644083,-4.3741959198676765,https://nsearchives.nseindia.com/today/ABGSECEQN.svg,https://nsearchives.nseindia.com/30d/ABGSEC-EQ.svg,https://nsearchives.nseindia.com/365d/ABGSEC-EQ.svg,EQ
BBNPNBETF,Baroda BNP Paribas NIFTY Bank ETF,58.02,58.31,58,58.3,1.15,2.01,200,11620,57.9,62.77,50.03,-,-,7.307196760537455,0.2407152682255856,57.15,0,5.19,-1.74,03-Sep-2025,04-Aug-2026,-,0.2407152682255856,-,7.307196760537455,7.121236259359575,-16.530081950829494,https://nsearchives.nseindia.com/today/BBNPNBETFEQN.svg,https://nsearchives.nseindia.com/30d/BBNPNBETF-EQ.svg,https://nsearchives.nseindia.com/365d/BBNPNBETF-EQ.svg,EQ
BANK10BETF,Index,20.69,20.92,20.68,20.9,0.21,1.01,538,11238.82,20.6722,24.9,20.17,-,-,Infinity,0.5291005291005264,20.69,0,0,-0.48,,04-Aug-2026,-,0.5291005291005264,-,Infinity,16.06425702811245,-3.619236489836375,https://nsearchives.nseindia.com/today/BANK10BETFEQN.svg,https://nsearchives.nseindia.com/30d/BANK10BETF-EQ.svg,,EQ
GSEC10IETF,ICICI Prudential Nifty 10 yr Benchmark G-Sec ETF,262.5,262.5,262.5,262.5,0,0.00,42,11025,263.1359,269.59,252.23,-,-,2.9331032860167787,-0.7561436672967864,262.5,0,2.93,-0.76,03-Sep-2025,04-Aug-2026,-,-0.7561436672967864,-,2.9331032860167787,2.629919507400117,-4.071680608968009,https://nsearchives.nseindia.com/today/GSEC10IETFEQN.svg,https://nsearchives.nseindia.com/30d/GSEC10IETF-EQ.svg,https://nsearchives.nseindia.com/365d/GSEC10IETF-EQ.svg,EQ
EBANK10,Index (BSE Top 10 Bank),16.83,16.84,16.66,16.84,0.01,0.06,401,6736.8,16.6732,17.9,16.57,-,-,Infinity,Infinity,16.83,0,0,0,,,-,Infinity,-,Infinity,5.9217877094972,-1.6294508147254048,https://nsearchives.nseindia.com/today/EBANK10EQN.svg,,,EQ
SENSEXADD,DSP S&P BSE Sensex ETF,79.33,79.33,79.29,79.29,0.11,0.14,56,4440.24,78.6225,88.2,73.27,-,-,-3.809292733228194,-2.292051756007393,79.18,0,-3.94,-2.43,03-Sep-2025,04-Aug-2026,-,-2.292051756007393,-,-3.809292733228194,10.102040816326527,-8.216186706701256,https://nsearchives.nseindia.com/today/SENSEXADDEQN.svg,https://nsearchives.nseindia.com/30d/SENSEXADD-EQ.svg,https://nsearchives.nseindia.com/365d/SENSEXADD-EQ.svg,EQ
ESENSEX,BSE Sensex TRI,77,77.56,77,77.46,0.14,0.18,37,2860.47,76.7305,88.05,71.87,-,-,Infinity,-1.7628408370323407,77.32,0,0,-1.94,,04-Aug-2026,-,-1.7628408370323407,-,Infinity,12.027257240204435,-7.777932377904533,https://nsearchives.nseindia.com/today/ESENSEXEQN.svg,https://nsearchives.nseindia.com/30d/ESENSEX-EQ.svg,,EQ
GSEC10ADD,Nifty 10 yr Benchmark G-Sec,26.79,26.79,26.48,26.79,0.3,1.13,42,1118.88,26.6097,27.5,26.48,-,-,Infinity,Infinity,26.49,0,0,0,,,-,Infinity,-,Infinity,2.581818181818185,-1.1706948640483335,https://nsearchives.nseindia.com/today/GSEC10ADDEQN.svg,,,EQ
LOWVOL,Mirae Asset Nifty 100 Low Volatility 30 ETF,204.13,204.13,204.13,204.13,-1.65,-0.80,1,204.13,205.2746,219.1,183.58,-,-,-2.516714422158553,-3.675915439788596,205.78,0,-1.73,-2.9,03-Sep-2025,04-Aug-2026,-,-3.675915439788596,-,-2.516714422158553,6.832496576905522,-11.194029850746258,https://nsearchives.nseindia.com/today/LOWVOLEQN.svg,https://nsearchives.nseindia.com/30d/LOWVOL-EQ.svg,https://nsearchives.nseindia.com/365d/LOWVOL-EQ.svg,EQ
GSEC10ABSL,CRISIL 10 Year Gilt ETF,0,0,0,111.61,0,0.00,0,0,112.1203,115,108.01,-,-,2.403890265161946,-1.4655248521232425,111.61,0,2.4,-1.47,03-Sep-2025,03-Aug-2026,-,-1.4655248521232425,-,2.403890265161946,2.947826086956522,-3.3330247199333343,https://nsearchives.nseindia.com/today/GSEC10ABSLEQN.svg,https://nsearchives.nseindia.com/30d/GSEC10ABSL-EQ.svg,https://nsearchives.nseindia.com/365d/GSEC10ABSL-EQ.svg,EQ
