symbol,assets,open,high,low,ltP,chn,per,qty,trdVal,nav,wkhi,wklo,xDt,cAct,yPC,mPC,prevClose,stockIndClosePrice,perChange365d,perChange30d,date365dAgo,date30dAgo,CAct,MPC,XDt,YPC,nearWKH,nearWKL,chartTodayPath,chart30dPath,chart365dPath,series
SILVERBEES,Domestic price of Silver- based on LBMA Silver daily spot fixing price,210.13,214.08,210.06,213.4,6.05,2.92,41478791,8821709269.88,207.3207,360,106.64,-,-,97.42806920159126,-3.15846796151752,207.35,0,91.83,-6.31,04-Aug-2025,03-Jul-2026,-,-3.15846796151752,-,97.42806920159126,40.72222222222222,-100.112528132033,https://nsearchives.nseindia.com/today/SILVERBEESEQN.svg,https://nsearchives.nseindia.com/30d/SILVERBEES-EQ.svg,https://nsearchives.nseindia.com/365d/SILVERBEES-EQ.svg,EQ
LIQUIDBEES,Government Securities,1002.98,1002.98,999.99,999.99,0,0.00,4078946,4078905210.54,1000,1029.99,969.99,19-SEP-17, EXIT OPTION PURSUANT TO CHANGE IN FUNDAMENTAL ATTRIBUTES OF ETF  ,0,0,999.99,0,0,0,04-Aug-2025,03-Jul-2026, EXIT OPTION PURSUANT TO CHANGE IN FUNDAMENTAL ATTRIBUTES OF ETF  ,0,19-SEP-17,0,2.9126496373751203,-3.0928153898493798,https://nsearchives.nseindia.com/today/LIQUIDBEESEQN.svg,https://nsearchives.nseindia.com/30d/LIQUIDBEES-EQ.svg,https://nsearchives.nseindia.com/365d/LIQUIDBEES-EQ.svg,EQ
GOLDBEES,Gold,118.06,119.75,118.06,119.34,2.19,1.87,27179534,3238985066.78,117.1225,148.14,80.02,19-DEC-19, FACE VALUE SPLIT (SUB-DIVISION) - FROM RS 100/- TO RS 1/-,43.3857983900036,-0.14224751066856473,117.15,0,40.75,-2.63,04-Aug-2025,03-Jul-2026, FACE VALUE SPLIT (SUB-DIVISION) - FROM RS 100/- TO RS 1/-,-0.14224751066856473,19-DEC-19,43.3857983900036,19.441069258809225,-49.137715571107236,https://nsearchives.nseindia.com/today/GOLDBEESEQN.svg,https://nsearchives.nseindia.com/30d/GOLDBEES-EQ.svg,https://nsearchives.nseindia.com/365d/GOLDBEES-EQ.svg,EQ
LIQUIDCASE,Zerodha Nifty 1D Rate Liquid ETF,115.33,115.33,115.31,115.33,0.02,0.02,16461611,1898188364.41,115.3104,115.33,102,-,-,5.045996903178788,0.40919380114922416,115.31,0,5.03,0.4,04-Aug-2025,03-Jul-2026,-,0.40919380114922416,-,5.045996903178788,0,-13.06862745098039,https://nsearchives.nseindia.com/today/LIQUIDCASEEQN.svg,https://nsearchives.nseindia.com/30d/LIQUIDCASE-EQ.svg,https://nsearchives.nseindia.com/365d/LIQUIDCASE-EQ.svg,EQ
TATSILV,Tata Silver Exchange Traded Fund,21.3,21.76,21.3,21.71,0.65,3.09,70755302,1528314523.2,21.0745,35.1,10.44,-,-,98.08394160583941,-2.90697674418604,21.06,0,92.15,-6.23,04-Aug-2025,03-Jul-2026,-,-2.90697674418604,-,98.08394160583941,38.148148148148145,-107.95019157088126,https://nsearchives.nseindia.com/today/TATSILVEQN.svg,https://nsearchives.nseindia.com/30d/TATSILV-EQ.svg,https://nsearchives.nseindia.com/365d/TATSILV-EQ.svg,EQ
NIFTYBEES,Nifty 50,284.37,284.37,278.8,280.07,1.28,0.46,5092585,1426687687.75,280.5874,302.25,251.7,19-DEC-19, FACE VALUE SPLIT (SUB-DIVISION) - FROM RS 10/- TO RS 1/-,0.43751120674196536,0.951591392423309,278.79,0,-0.02,1.04,04-Aug-2025,03-Jul-2026, FACE VALUE SPLIT (SUB-DIVISION) - FROM RS 10/- TO RS 1/-,0.951591392423309,19-DEC-19,0.43751120674196536,7.3382961124896635,-11.271354787445373,https://nsearchives.nseindia.com/today/NIFTYBEESEQN.svg,https://nsearchives.nseindia.com/30d/NIFTYBEES-EQ.svg,https://nsearchives.nseindia.com/365d/NIFTYBEES-EQ.svg,EQ
LIQUID1,Kotak Nifty 1D Rate Liquid ETF,1116.72,1116.74,1116.72,1116.74,0.15,0.01,969689,1082871100.08,1116.5898,1136.66,1030.28,-,-,5.125718965630859,0.4118112501798237,1116.59,0,5.11,0.41,04-Aug-2025,03-Jul-2026,-,0.4118112501798237,-,5.125718965630859,1.7525029472313682,-8.391893465853947,https://nsearchives.nseindia.com/today/LIQUID1EQN.svg,https://nsearchives.nseindia.com/30d/LIQUID1-EQ.svg,https://nsearchives.nseindia.com/365d/LIQUID1-EQ.svg,EQ
SILVERIETF,Domestic Price of Silver,219.5,226.55,218.66,222.3,6,2.77,4727891,1047842482.33,216.3482,373.5,111.15,-,-,97.74061554883474,-3.36043124809807,216.3,0,92.4,-6.3,04-Aug-2025,03-Jul-2026,-,-3.36043124809807,-,97.74061554883474,40.481927710843365,-100,https://nsearchives.nseindia.com/today/SILVERIETFEQN.svg,https://nsearchives.nseindia.com/30d/SILVERIETF-EQ.svg,https://nsearchives.nseindia.com/365d/SILVERIETF-EQ.svg,EQ
HDFCSILVER,HDFC Silver ETF,210.61,214.19,210.03,213.43,6.21,3.00,4791685,1020389320.75,207.4339,359,106.78,-,-,96.52854511970536,-3.22829290410338,207.22,0,90.81,-6.46,04-Aug-2025,03-Jul-2026,-,-3.22829290410338,-,96.52854511970536,40.54874651810585,-99.87825435474808,https://nsearchives.nseindia.com/today/HDFCSILVEREQN.svg,https://nsearchives.nseindia.com/30d/HDFCSILVER-EQ.svg,https://nsearchives.nseindia.com/365d/HDFCSILVER-EQ.svg,EQ
TATAGOLD,Tata Gold Exchange Traded Fund,13.85,14.08,13.85,14.03,0.26,1.89,51475427,720655978,13.7697,17.7,9.36,-,-,43.74999999999999,-0.07122507122506971,13.77,0,41.09,-2.55,04-Aug-2025,03-Jul-2026,-,-0.07122507122506971,-,43.74999999999999,20.73446327683616,-49.8931623931624,https://nsearchives.nseindia.com/today/TATAGOLDEQN.svg,https://nsearchives.nseindia.com/30d/TATAGOLD-EQ.svg,https://nsearchives.nseindia.com/365d/TATAGOLD-EQ.svg,EQ
LIQUIDPLUS,Nifty 1D Rate Index,1097.48,1097.5,1097.48,1097.48,0.14,0.01,638041,700243617.09,1097.3489,1127.08,1018.24,-,-,5.101464264850938,0.40161377379722624,1097.34,0,5.09,0.4,04-Aug-2025,03-Jul-2026,-,0.40161377379722624,-,5.101464264850938,2.6262554565780523,-7.782055311125079,https://nsearchives.nseindia.com/today/LIQUIDPLUSEQN.svg,https://nsearchives.nseindia.com/30d/LIQUIDPLUS-EQ.svg,https://nsearchives.nseindia.com/365d/LIQUIDPLUS-EQ.svg,EQ
GOLDCASE,Zerodha Gold ETF,22.41,22.77,22.39,22.72,0.43,1.93,26635583,602230531.63,22.2884,27.94,15.25,-,-,43.615676359039185,-0.043994720633530854,22.29,0,40.9,-2.58,04-Aug-2025,03-Jul-2026,-,-0.043994720633530854,-,43.615676359039185,18.682891911238375,-48.983606557377044,https://nsearchives.nseindia.com/today/GOLDCASEEQN.svg,https://nsearchives.nseindia.com/30d/GOLDCASE-EQ.svg,https://nsearchives.nseindia.com/365d/GOLDCASE-EQ.svg,EQ
SETFGOLD,Gold,121.55,123.5,121.51,123.11,2.14,1.77,4662113,573906110.3,120.7815,153.95,82.51,06-JAN-22,FACE VALUE SPLIT (SUB-DIVISION) - FROM RS 100/- PER SHARE TO RS 1/- PER SHARE,43.33449761322622,-0.1378974691758612,120.97,0,40.84,-2.58,04-Aug-2025,03-Jul-2026,FACE VALUE SPLIT (SUB-DIVISION) - FROM RS 100/- PER SHARE TO RS 1/- PER SHARE,-0.1378974691758612,06-JAN-22,43.33449761322622,20.03247807729782,-49.206156829475205,https://nsearchives.nseindia.com/today/SETFGOLDEQN.svg,https://nsearchives.nseindia.com/30d/SETFGOLD-EQ.svg,https://nsearchives.nseindia.com/365d/SETFGOLD-EQ.svg,EQ
LIQUIDADD,DSP S&P BSE Liquid Rate ETF,1138.85,1138.87,1138.85,1138.87,0.15,0.01,476460,542616471,1138.717,1151.22,1052.08,-,-,5.016275231218923,0.4028916512386438,1138.72,0,5,0.4,04-Aug-2025,03-Jul-2026,-,0.4028916512386438,-,5.016275231218923,1.0727749691631605,-8.249372671279747,https://nsearchives.nseindia.com/today/LIQUIDADDEQN.svg,https://nsearchives.nseindia.com/30d/LIQUIDADD-EQ.svg,https://nsearchives.nseindia.com/365d/LIQUIDADD-EQ.svg,EQ
MID150BEES,Nifty Midcap 150 TRI,245,245,241.71,242.11,0.64,0.27,1955718,473596670.88,241.3656,245,190.43,-,-,10.100045475216012,1.9024369712530032,241.47,0,9.81,1.95,04-Aug-2025,03-Jul-2026,-,1.9024369712530032,-,10.100045475216012,1.1795918367346883,-27.13858110591819,https://nsearchives.nseindia.com/today/MID150BEESEQN.svg,https://nsearchives.nseindia.com/30d/MID150BEES-EQ.svg,https://nsearchives.nseindia.com/365d/MID150BEES-EQ.svg,EQ
GOLDIETF,Gold,122.12,124.06,122.12,123.76,2.42,1.99,3667256,452979461.12,121.3092,158,82.87,-,-,43.84007438400744,0.008080808080812215,121.34,0,41.03,-2.75,04-Aug-2025,03-Jul-2026,-,0.008080808080812215,-,43.84007438400744,21.670886075949365,-49.34234342946784,https://nsearchives.nseindia.com/today/GOLDIETFEQN.svg,https://nsearchives.nseindia.com/30d/GOLDIETF-EQ.svg,https://nsearchives.nseindia.com/365d/GOLDIETF-EQ.svg,EQ
SBISILVER,SBI SILVER ETF,216.37,219.22,215.68,219,6.7,3.16,2073548,452095670.44,212.4637,362,105.15,-,-,97.61775852734164,-2.990033222591362,212.3,0,91.57,-6.32,04-Aug-2025,03-Jul-2026,-,-2.990033222591362,-,97.61775852734164,39.50276243093923,-108.27389443651926,https://nsearchives.nseindia.com/today/SBISILVEREQN.svg,https://nsearchives.nseindia.com/30d/SBISILVER-EQ.svg,https://nsearchives.nseindia.com/365d/SBISILVER-EQ.svg,EQ
HDFCSML250,HDFC NIFTY Smallcap 250 ETF,184.15,185.25,184,185.2,1.91,1.04,2401906,443992324.1,183.3489,185.25,142.7,-,-,8.007231585700117,1.6744441394455025,183.29,0,6.89,1.01,04-Aug-2025,03-Jul-2026,-,1.6744441394455025,-,8.007231585700117,0.026990553306348915,-29.782761037140858,https://nsearchives.nseindia.com/today/HDFCSML250EQN.svg,https://nsearchives.nseindia.com/30d/HDFCSML250-EQ.svg,https://nsearchives.nseindia.com/365d/HDFCSML250-EQ.svg,EQ
HDFCGOLD,Gold,122.74,123.68,122.02,123.48,2.36,1.95,3583049,441610789.25,121,152.3,83.43,17-FEB-21, FACE VALUE SPLIT (SUB-DIVISION) - FROM RS 100/- PER UNIT TO RE 1/- PER UNIT,43.68163835233885,-0.09708737864076888,121.12,0,40.94,-2.55,04-Aug-2025,03-Jul-2026, FACE VALUE SPLIT (SUB-DIVISION) - FROM RS 100/- PER UNIT TO RE 1/- PER UNIT,-0.09708737864076888,17-FEB-21,43.68163835233885,18.923177938279714,-48.00431499460625,https://nsearchives.nseindia.com/today/HDFCGOLDEQN.svg,https://nsearchives.nseindia.com/30d/HDFCGOLD-EQ.svg,https://nsearchives.nseindia.com/365d/HDFCGOLD-EQ.svg,EQ
PSUBNKBEES,Nifty PSU Bank,94.65,96,94.65,95.45,0.91,0.96,4602225,439696576.5,94.7807,110.4,73.82,19-DEC-19, FACE VALUE SPLIT (SUB-DIVISION) - FROM RS 10/- TO RS 1/-,24.67345872518286,2.3043944265809277,94.54,0,23.48,0.42,04-Aug-2025,03-Jul-2026, FACE VALUE SPLIT (SUB-DIVISION) - FROM RS 10/- TO RS 1/-,2.3043944265809277,19-DEC-19,24.67345872518286,13.541666666666668,-29.301002438363604,https://nsearchives.nseindia.com/today/PSUBNKBEESEQN.svg,https://nsearchives.nseindia.com/30d/PSUBNKBEES-EQ.svg,https://nsearchives.nseindia.com/365d/PSUBNKBEES-EQ.svg,EQ
BANKBEES,Nifty Bank,596.45,600.39,595,596.51,0.75,0.13,725927,433980938.41,600.2732,638.99,515.98,19-DEC-19, FACE VALUE SPLIT (SUB-DIVISION) - FROM RS 10/- TO RS 1/-,3.961448638851131,-1.0828469089944237,595.76,0,3.83,-0.73,04-Aug-2025,03-Jul-2026, FACE VALUE SPLIT (SUB-DIVISION) - FROM RS 10/- TO RS 1/-,-1.0828469089944237,19-DEC-19,3.961448638851131,6.64799136136716,-15.607194077289812,https://nsearchives.nseindia.com/today/BANKBEESEQN.svg,https://nsearchives.nseindia.com/30d/BANKBEES-EQ.svg,https://nsearchives.nseindia.com/365d/BANKBEES-EQ.svg,EQ
LIQUIDIETF,S&P BSE Liquid Rate Index,1000,1000.01,999.99,1000,0.01,0.00,414252,414247857.48,1000,1041.19,969.99,-,-,0.0010000100000990915,0,999.99,0,0,0,04-Aug-2025,03-Jul-2026,-,0,-,0.0010000100000990915,3.956050288612074,-3.093846328312662,https://nsearchives.nseindia.com/today/LIQUIDIETFEQN.svg,https://nsearchives.nseindia.com/30d/LIQUIDIETF-EQ.svg,https://nsearchives.nseindia.com/365d/LIQUIDIETF-EQ.svg,EQ
ITBEES,Nifty IT TRI,34.7,35.12,34.5,34.75,0.05,0.14,9976133,347967519.04,34.9709,44.27,28.55,-,-,-9.64638585543422,14.762219286657857,34.7,0,-9.78,13.85,04-Aug-2025,03-Jul-2026,-,14.762219286657857,-,-9.64638585543422,21.50440478879603,-21.716287215411555,https://nsearchives.nseindia.com/today/ITBEESEQN.svg,https://nsearchives.nseindia.com/30d/ITBEES-EQ.svg,https://nsearchives.nseindia.com/365d/ITBEES-EQ.svg,EQ
SILVERCASE,Commodity-Silver,22.96,22.96,22.26,22.63,0.67,3.05,14559569,327299111.12,22.2884,38.01,11.29,-,-,97.46945898778357,-3.1250000000000018,21.96,0,91.62,-6.47,04-Aug-2025,03-Jul-2026,-,-3.1250000000000018,-,97.46945898778357,40.463036043146545,-100.44286979627991,https://nsearchives.nseindia.com/today/SILVERCASEEQN.svg,https://nsearchives.nseindia.com/30d/SILVERCASE-EQ.svg,https://nsearchives.nseindia.com/365d/SILVERCASE-EQ.svg,EQ
LIQUIDBETF,Bajaj Finserv Nifty 1D Rate Liquid ETF,1093.12,1093.26,1093.12,1093.25,0.13,0.01,289428,316417161,1093.1039,1116.24,1009.94,-,-,4.929503114532234,0.39303194762022575,1093.12,0,4.92,0.39,04-Aug-2025,03-Jul-2026,-,0.39303194762022575,-,4.929503114532234,2.0595929190855022,-8.24900489137968,https://nsearchives.nseindia.com/today/LIQUIDBETFEQN.svg,https://nsearchives.nseindia.com/30d/LIQUIDBETF-EQ.svg,https://nsearchives.nseindia.com/365d/LIQUIDBETF-EQ.svg,EQ
JUNIORBEES,Nippon India ETF Nifty Next 50 Junior BeES,818.04,818.04,788,806.8,4.8,0.60,376109,303252925.61,802.4112,818.04,632.34,10-MAR-14,DIVIDEND-RS.1 PER UNIT,12.212965409810977,2.7980225268844507,802,0,11.55,2.73,04-Aug-2025,03-Jul-2026,DIVIDEND-RS.1 PER UNIT,2.7980225268844507,10-MAR-14,12.212965409810977,1.3740159405408061,-27.589587879937994,https://nsearchives.nseindia.com/today/JUNIORBEESEQN.svg,https://nsearchives.nseindia.com/30d/JUNIORBEES-EQ.svg,https://nsearchives.nseindia.com/365d/JUNIORBEES-EQ.svg,EQ
SILVER,Physical price of Silver,219.02,223.22,219.02,222.25,5.84,2.70,1269488,281242371.52,216.4337,371.89,110.66,-,-,97.43270853691037,-3.3611618401600096,216.41,0,92.24,-6.33,04-Aug-2025,03-Jul-2026,-,-3.3611618401600096,-,97.43270853691037,40.23770469762564,-100.84041207301645,https://nsearchives.nseindia.com/today/SILVEREQN.svg,https://nsearchives.nseindia.com/30d/SILVER-EQ.svg,https://nsearchives.nseindia.com/365d/SILVER-EQ.svg,EQ
CASHIETF,BSE Liquid Rate Index,1073.89,1073.91,1073.89,1073.9,0.14,0.01,261196,280495772.44,1073.7549,1099.28,1001.71,-,-,5.078277886497074,0.40765188772744615,1073.76,0,5.06,0.41,04-Aug-2025,03-Jul-2026,-,0.40765188772744615,-,5.078277886497074,2.3087839313004768,-7.206676583043001,https://nsearchives.nseindia.com/today/CASHIETFEQN.svg,https://nsearchives.nseindia.com/30d/CASHIETF-EQ.svg,https://nsearchives.nseindia.com/365d/CASHIETF-EQ.svg,EQ
GOLDAXIS,Gold,118.95,120.96,118.95,120.77,2.63,2.23,2154800,259459468,118.0373,150,80.84,23-JUL-20, FACE VALUE SPLIT (SUB-DIVISION) - FROM RS 100/- PER SHARE TO RE 1/- PER SHARE,Infinity,0.4073827735284294,118.14,0,0,-3.04,,03-Jul-2026, FACE VALUE SPLIT (SUB-DIVISION) - FROM RS 100/- PER SHARE TO RE 1/- PER SHARE,0.4073827735284294,23-JUL-20,Infinity,19.486666666666668,-49.393864423552685,https://nsearchives.nseindia.com/today/GOLDAXISEQN.svg,https://nsearchives.nseindia.com/30d/GOLDAXIS-EQ.svg,,EQ
SETFNIF50,Nifty 50,263.82,266.26,263,264.8,1.03,0.39,959200,253564520,265.1737,287.33,237.9,24-MAR-21, DIVIDEND - RS 1.30 PER SHARE,0.39429784652715366,0.9762050030506415,263.77,0,0,1.13,04-Aug-2025,03-Jul-2026, DIVIDEND - RS 1.30 PER SHARE,0.9762050030506415,24-MAR-21,0.39429784652715366,7.8411582500957,-11.30727196300967,https://nsearchives.nseindia.com/today/SETFNIF50EQN.svg,https://nsearchives.nseindia.com/30d/SETFNIF50-EQ.svg,https://nsearchives.nseindia.com/365d/SETFNIF50-EQ.svg,EQ
GOLDADD,DSP Gold ETF,139.07,140.85,138.71,139.74,2.09,1.52,1749679,245759912.34,137.6217,181,95.24,-,-,Infinity,-0.39204504954022595,137.65,0,0,-2.69,,03-Jul-2026,-,-0.39204504954022595,-,Infinity,22.795580110497234,-46.72406551868965,https://nsearchives.nseindia.com/today/GOLDADDEQN.svg,https://nsearchives.nseindia.com/30d/GOLDADD-EQ.svg,,EQ
LIQUID,Mirae Asset Nifty 1D Rate Liquid ETF,1000,1000,999.99,999.99,0,0.00,225228,225225747.72,1000,1024.98,974.99,-,-,0,0,999.99,0,0,0,04-Aug-2025,03-Jul-2026,-,0,-,0,2.4380963530995734,-2.564128862860132,https://nsearchives.nseindia.com/today/LIQUIDEQN.svg,https://nsearchives.nseindia.com/30d/LIQUID-EQ.svg,https://nsearchives.nseindia.com/365d/LIQUID-EQ.svg,EQ
GOLD1,Gold,118.28,120.88,118.01,120.35,2.07,1.75,1829571,220408418.37,118.2047,158,80.77,22-JUL-21, FACE VALUE SPLIT (SUB-DIVISION) - FROM RS 10/- PER SHARE TO RE 1/- PER SHARE,43.29086796047149,-0.2734504474643789,118.28,0,40.83,-2.6,04-Aug-2025,03-Jul-2026, FACE VALUE SPLIT (SUB-DIVISION) - FROM RS 10/- PER SHARE TO RE 1/- PER SHARE,-0.2734504474643789,22-JUL-21,43.29086796047149,23.829113924050635,-49.003342825306426,https://nsearchives.nseindia.com/today/GOLD1EQN.svg,https://nsearchives.nseindia.com/30d/GOLD1-EQ.svg,https://nsearchives.nseindia.com/365d/GOLD1-EQ.svg,EQ
NIFTYIETF,Nifty 50,279.95,279.95,277.8,278.01,0.36,0.13,770671,214947848.61,279.1537,328.24,250.4,-,-,0.16212710765239538,0.7209622491123865,277.65,0,0.03,1.16,04-Aug-2025,03-Jul-2026,-,0.7209622491123865,-,0.16212710765239538,15.302827199610046,-11.026357827476033,https://nsearchives.nseindia.com/today/NIFTYIETFEQN.svg,https://nsearchives.nseindia.com/30d/NIFTYIETF-EQ.svg,https://nsearchives.nseindia.com/365d/NIFTYIETF-EQ.svg,EQ
SILVER1,Kotak Silver ETF,21.31,21.72,21.31,21.7,0.69,3.28,8800330,189735114.8,21.0283,38.8,10.7,27-FEB-26,FACE VALUE SPLIT (SUB-DIVISION) - FROM RS 10/- PER SHARE TO RE 1/- PER SHARE,-80.18988497352565,-3.0817329164805773,21.01,0,-80.82,-6.37,04-Aug-2025,03-Jul-2026,FACE VALUE SPLIT (SUB-DIVISION) - FROM RS 10/- PER SHARE TO RE 1/- PER SHARE,-3.0817329164805773,27-FEB-26,-80.18988497352565,44.072164948453604,-102.80373831775701,https://nsearchives.nseindia.com/today/SILVER1EQN.svg,https://nsearchives.nseindia.com/30d/SILVER1-EQ.svg,https://nsearchives.nseindia.com/365d/SILVER1-EQ.svg,EQ
MIDCAPETF,Mirae Asset Mutual Fund - Mirae Asset Nifty Midcap 150 ETF,24.57,24.57,23.3,23.88,0.03,0.13,7908431,188853332.28,23.8717,24.57,19.6,-,-,10.046082949308754,1.6602809706258008,23.85,0,9.91,1.88,04-Aug-2025,03-Jul-2026,-,1.6602809706258008,-,10.046082949308754,2.8083028083028134,-21.83673469387754,https://nsearchives.nseindia.com/today/MIDCAPETFEQN.svg,https://nsearchives.nseindia.com/30d/MIDCAPETF-EQ.svg,https://nsearchives.nseindia.com/365d/MIDCAPETF-EQ.svg,EQ
METALIETF,Nifty Metal Index,13.1,13.4,13.1,13.33,0.23,1.76,14062948,185771543.08,13.1151,14.17,8.98,-,-,43.02575107296137,4.4670846394984345,13.1,0,40.56,3.48,04-Aug-2025,03-Jul-2026,-,4.4670846394984345,-,43.02575107296137,5.928016937191249,-48.44097995545656,https://nsearchives.nseindia.com/today/METALIETFEQN.svg,https://nsearchives.nseindia.com/30d/METALIETF-EQ.svg,https://nsearchives.nseindia.com/365d/METALIETF-EQ.svg,EQ
BANKIETF,Nifty Bank,59.5,59.53,58.66,59.01,-0.06,-0.10,2566685,152281421.05,59.5348,63.9,51.17,-,-,3.7812170242701346,-1.518691588785053,59.07,0,3.89,-0.82,04-Aug-2025,03-Jul-2026,-,-1.518691588785053,-,3.7812170242701346,7.652582159624414,-15.321477428180568,https://nsearchives.nseindia.com/today/BANKIETFEQN.svg,https://nsearchives.nseindia.com/30d/BANKIETF-EQ.svg,https://nsearchives.nseindia.com/365d/BANKIETF-EQ.svg,EQ
NIFTYETF,Nifty 50,267.32,268.75,266.91,268.39,1.86,0.70,551616,147551763.84,267.8963,289.05,239.81,-,-,0.9592235931387344,1.267781005923863,266.53,0,0.26,1.26,04-Aug-2025,03-Jul-2026,-,1.267781005923863,-,0.9592235931387344,7.147552326587105,-11.917768233184598,https://nsearchives.nseindia.com/today/NIFTYETFEQN.svg,https://nsearchives.nseindia.com/30d/NIFTYETF-EQ.svg,https://nsearchives.nseindia.com/365d/NIFTYETF-EQ.svg,EQ
ELMDIV,Index (BSE LargeMid (60:40) Stable Dividend 50),37.15,37.15,36.8,37,0.32,0.87,3904391,143954896.17,36.6809,0,0,-,-,Infinity,Infinity,36.68,0,0,0,,,-,Infinity,-,Infinity,,,https://nsearchives.nseindia.com/today/ELMDIVEQN.svg,,,EQ
BANKNIFTY1,Nifty Bank,59,60.28,58.5,59.83,0.14,0.23,2264864,135891840,60.1726,65.29,51.71,27-FEB-26,FACE VALUE SPLIT (SUB-DIVISION) - FROM RS 10/- PER SHARE TO RE 1/- PER SHARE,-89.56920448403912,-1.1401189689358968,59.69,0,-89.59,-0.62,04-Aug-2025,03-Jul-2026,FACE VALUE SPLIT (SUB-DIVISION) - FROM RS 10/- PER SHARE TO RE 1/- PER SHARE,-1.1401189689358968,27-FEB-26,-89.56920448403912,8.362689538979946,-15.702958808741052,https://nsearchives.nseindia.com/today/BANKNIFTY1EQN.svg,https://nsearchives.nseindia.com/30d/BANKNIFTY1-EQ.svg,https://nsearchives.nseindia.com/365d/BANKNIFTY1-EQ.svg,EQ
SBIBPB,BSE PSU Bank Index TRI,49.37,49.79,49.21,49.4,0.39,0.80,2469230,122375038.8,49.0165,58.27,38.53,-,-,23.68552829243866,2.6600166251039092,49.01,0,22.71,0.66,04-Aug-2025,03-Jul-2026,-,2.6600166251039092,-,23.68552829243866,15.222241290544027,-28.211783026213332,https://nsearchives.nseindia.com/today/SBIBPBEQN.svg,https://nsearchives.nseindia.com/30d/SBIBPB-EQ.svg,https://nsearchives.nseindia.com/365d/SBIBPB-EQ.svg,EQ
SMALLCAP,Mirae Asset Nifty Smallcap 250 Momentum Quality 100 ETF,47.64,48.19,47.57,48.07,0.46,0.97,2530180,121575149,47.5796,54.5,37.34,-,-,5.834434169969174,1.3493569470799085,47.61,0,4.82,1.28,04-Aug-2025,03-Jul-2026,-,1.3493569470799085,-,5.834434169969174,11.79816513761468,-28.735940010712365,https://nsearchives.nseindia.com/today/SMALLCAPEQN.svg,https://nsearchives.nseindia.com/30d/SMALLCAP-EQ.svg,https://nsearchives.nseindia.com/365d/SMALLCAP-EQ.svg,EQ
NEXT50IETF,Nifty Next 50,80.38,80.38,77.56,78.4,0.36,0.46,1526652,119887981.56,78.3088,80.38,62.6,15-NOV-18, FACE VALUE SPLIT (SUB-DIVISION) - FROM RS 10/- PER SHARE TO RS 1/- PER SHARE,11.824276137498227,2.5641025641025745,78.04,0,11.31,2.5,04-Aug-2025,03-Jul-2026, FACE VALUE SPLIT (SUB-DIVISION) - FROM RS 10/- PER SHARE TO RS 1/- PER SHARE,2.5641025641025745,15-NOV-18,11.824276137498227,2.4632993281910798,-25.239616613418537,https://nsearchives.nseindia.com/today/NEXT50IETFEQN.svg,https://nsearchives.nseindia.com/30d/NEXT50IETF-EQ.svg,https://nsearchives.nseindia.com/365d/NEXT50IETF-EQ.svg,EQ
AUTOBEES,Nifty Auto TRI,300.87,304.93,299.49,299.7,-0.31,-0.10,371336,112726469.52,300.2398,304.93,238.11,-,-,22.631858914030854,6.287902968400879,300.01,0,22.76,7.81,04-Aug-2025,03-Jul-2026,-,6.287902968400879,-,22.631858914030854,1.71514773882531,-25.866196295829646,https://nsearchives.nseindia.com/today/AUTOBEESEQN.svg,https://nsearchives.nseindia.com/30d/AUTOBEES-EQ.svg,https://nsearchives.nseindia.com/365d/AUTOBEES-EQ.svg,EQ
LIQUIDETF,Nifty1D rate index,1000,1000.01,999.99,1000,0.01,0.00,111208,111206887.92,1000,1025,997.55,-,-,0.0010000100000990915,0,999.99,0,0,0,04-Aug-2025,03-Jul-2026,-,0,-,0.0010000100000990915,2.4390243902439024,-0.24560172422435422,https://nsearchives.nseindia.com/today/LIQUIDETFEQN.svg,https://nsearchives.nseindia.com/30d/LIQUIDETF-EQ.svg,https://nsearchives.nseindia.com/365d/LIQUIDETF-EQ.svg,EQ
PHARMABEES,Nifty Pharma TRI,27.26,27.56,27.15,27.21,-0.05,-0.18,4045724,110326893.48,27.3443,27.95,21.46,-,-,19.65699208443273,2.5631360723708996,27.26,0,19.88,2.95,04-Aug-2025,03-Jul-2026,-,2.5631360723708996,-,19.65699208443273,2.647584973166363,-26.79403541472507,https://nsearchives.nseindia.com/today/PHARMABEESEQN.svg,https://nsearchives.nseindia.com/30d/PHARMABEES-EQ.svg,https://nsearchives.nseindia.com/365d/PHARMABEES-EQ.svg,EQ
GOLDETF,Mirae Asset Gold ETF,139.09,140.65,138.92,140.19,2.43,1.76,781106,109495439.08,137.7324,173.5,96.03,-,-,43.593157840827615,-0.22774179773681105,137.76,0,41.1,-2.44,04-Aug-2025,03-Jul-2026,-,-0.22774179773681105,-,43.593157840827615,19.19884726224784,-45.98562949078413,https://nsearchives.nseindia.com/today/GOLDETFEQN.svg,https://nsearchives.nseindia.com/30d/GOLDETF-EQ.svg,https://nsearchives.nseindia.com/365d/GOLDETF-EQ.svg,EQ
SILVERADD,DSP Silver ETF,212.95,215.57,212.12,214.21,5.48,2.63,467750,100276245,208.8471,390,106.99,-,-,97.01094454152488,-3.435062885993781,208.73,0,91.97,-6.37,04-Aug-2025,03-Jul-2026,-,-3.435062885993781,-,97.01094454152488,45.07435897435897,-100.21497336199647,https://nsearchives.nseindia.com/today/SILVERADDEQN.svg,https://nsearchives.nseindia.com/30d/SILVERADD-EQ.svg,https://nsearchives.nseindia.com/365d/SILVERADD-EQ.svg,EQ
MODEFENCE,Nifty India Defence Total Return Index,103.29,104.1,102.7,103,-0.07,-0.07,959815,99312058.05,103.4178,107.99,77.8,-,-,20.04662004662005,-2.6465028355387497,103.07,0,20.13,-2.07,04-Aug-2025,03-Jul-2026,-,-2.6465028355387497,-,20.04662004662005,4.620798222057593,-32.39074550128535,https://nsearchives.nseindia.com/today/MODEFENCEEQN.svg,https://nsearchives.nseindia.com/30d/MODEFENCE-EQ.svg,https://nsearchives.nseindia.com/365d/MODEFENCE-EQ.svg,EQ
SILVERAXIS,Axis Silver ETF,218.49,222.45,218.49,221.33,5.95,2.76,428037,94638980.7,215.5471,390.01,106.66,-,-,Infinity,-3.2733152696442533,215.38,0,0,-6.39,,03-Jul-2026,-,-3.2733152696442533,-,Infinity,43.25017307248531,-107.50984436527285,https://nsearchives.nseindia.com/today/SILVERAXISEQN.svg,https://nsearchives.nseindia.com/30d/SILVERAXIS-EQ.svg,,EQ
PSUBNKIETF,ICICI Prudential Nifty PSU Bank ETF,85.96,87.11,85.6,86.11,0.71,0.83,1028330,89320743.8,86.0725,104,67.86,-,-,23.810208483105683,1.592732420953273,85.4,0,22.79,-0.13,04-Aug-2025,03-Jul-2026,-,1.592732420953273,-,23.810208483105683,17.201923076923077,-26.893604479811376,https://nsearchives.nseindia.com/today/PSUBNKIETFEQN.svg,https://nsearchives.nseindia.com/30d/PSUBNKIETF-EQ.svg,https://nsearchives.nseindia.com/365d/PSUBNKIETF-EQ.svg,EQ
MOSMALL250,Motilal Oswal Nifty Smallcap 250 ETF,18.33,18.57,18.23,18.44,0.31,1.71,4733790,87291087.6,18.2805,19.38,14.22,-,-,8.215962441314568,2.047592695074715,18.13,0,6.4,0.33,04-Aug-2025,03-Jul-2026,-,2.047592695074715,-,8.215962441314568,4.850361197110412,-29.67651195499297,https://nsearchives.nseindia.com/today/MOSMALL250EQN.svg,https://nsearchives.nseindia.com/30d/MOSMALL250-EQ.svg,https://nsearchives.nseindia.com/365d/MOSMALL250-EQ.svg,EQ
SILVERBETA,UTI Silver Exchange Traded Fund (UTI Silver ETF),210.01,216.04,210.01,214.9,5.57,2.66,377411,80939563.06,209.3199,379.66,104.33,-,-,Infinity,-3.3331833925599375,209.33,0,0,-6.29,,03-Jul-2026,-,-3.3331833925599375,-,Infinity,43.3967233840805,-105.98102175788364,https://nsearchives.nseindia.com/today/SILVERBETAEQN.svg,https://nsearchives.nseindia.com/30d/SILVERBETA-EQ.svg,,EQ
SBILIQETF,Nifty 1D Rate Index,1050.47,1050.47,1050.45,1050.45,0.12,0.01,72538,76197542.1,1050.3276,1087.09,984.99,-,-,Infinity,0.4043126684636136,1050.33,0,0,0.41,,03-Jul-2026,-,0.4043126684636136,-,Infinity,3.3704661067620783,-6.645752748758874,https://nsearchives.nseindia.com/today/SBILIQETFEQN.svg,https://nsearchives.nseindia.com/30d/SBILIQETF-EQ.svg,,EQ
HDFCNEXT50,HDFC NIFTY NEXT 50 ETF,75.9,76.59,74.64,75.36,0.21,0.28,897188,68168344.24,75.863,76.59,59.99,20-OCT-23,FACE VALUE SPLIT (SUB-DIVISION) - FROM RS 418.18/- PER SHARE TO RS 41.81/- PER SHARE,10.72583014986776,1.8240778273206246,75.15,0,10.42,2.08,04-Aug-2025,03-Jul-2026,FACE VALUE SPLIT (SUB-DIVISION) - FROM RS 418.18/- PER SHARE TO RS 41.81/- PER SHARE,1.8240778273206246,20-OCT-23,10.72583014986776,1.6059537798668284,-25.620936822803795,https://nsearchives.nseindia.com/today/HDFCNEXT50EQN.svg,https://nsearchives.nseindia.com/30d/HDFCNEXT50-EQ.svg,https://nsearchives.nseindia.com/365d/HDFCNEXT50-EQ.svg,EQ
CPSEETF,CPSE ETF,95.99,95.99,94.2,95.3,0.68,0.72,677252,64088356.76,94.9229,112,85.67,-,-,5.783105783105776,-2.3565573770491777,94.62,0,5.03,-2.87,04-Aug-2025,03-Jul-2026,-,-2.3565573770491777,-,5.783105783105776,14.910714285714288,-11.240807750671175,https://nsearchives.nseindia.com/today/CPSEETFEQN.svg,https://nsearchives.nseindia.com/30d/CPSEETF-EQ.svg,https://nsearchives.nseindia.com/365d/CPSEETF-EQ.svg,EQ
SILVERAG,Mirae Asset Silver ETF,213,217.9,213,217.8,6.51,3.08,289322,62623746.9,211.0814,380,104.32,-,-,Infinity,-2.7982326951399035,211.29,0,0,-6.41,,03-Jul-2026,-,-2.7982326951399035,-,Infinity,42.68421052631579,-108.78067484662579,https://nsearchives.nseindia.com/today/SILVERAGEQN.svg,https://nsearchives.nseindia.com/30d/SILVERAG-EQ.svg,,EQ
LTGILTBEES,NIFTY 8-13 yr G-Sec Index,29.93,30.06,29.93,30.01,0.11,0.37,2023972,60719160,29.9436,30.46,27.93,-,-,3.6614853195164154,0.10006671114076429,29.9,0,3.28,-0.3,04-Aug-2025,03-Jul-2026,-,0.10006671114076429,-,3.6614853195164154,1.4773473407747841,-7.447189402076626,https://nsearchives.nseindia.com/today/LTGILTBEESEQN.svg,https://nsearchives.nseindia.com/30d/LTGILTBEES-EQ.svg,https://nsearchives.nseindia.com/365d/LTGILTBEES-EQ.svg,EQ
MOREALTY,Motilal Oswal Nifty Realty ETF,89.77,91.56,89.69,90.76,1.33,1.49,645464,58685586.88,89.2941,99.49,64,-,-,-0.6349901467046182,0.2983755111062109,89.43,0,-2.09,0.77,04-Aug-2025,03-Jul-2026,-,0.2983755111062109,-,-0.6349901467046182,8.774751231279517,-41.81250000000001,https://nsearchives.nseindia.com/today/MOREALTYEQN.svg,https://nsearchives.nseindia.com/30d/MOREALTY-EQ.svg,https://nsearchives.nseindia.com/365d/MOREALTY-EQ.svg,EQ
PVTBANIETF,Nifty Private Bank Index,28,28.18,27.93,28.08,0.09,0.32,2080801,58345660.04,28.1822,30.32,24.18,01-MAR-24,FACE VALUE SPLIT (SUB-DIVISION) - FROM RS 10/- PER SHARE TO RE 1/- PER SHARE,3.5780154924382104,-1.9895287958115193,27.99,0,3.25,-1.89,04-Aug-2025,03-Jul-2026,FACE VALUE SPLIT (SUB-DIVISION) - FROM RS 10/- PER SHARE TO RE 1/- PER SHARE,-1.9895287958115193,01-MAR-24,3.5780154924382104,7.3878627968337796,-16.129032258064512,https://nsearchives.nseindia.com/today/PVTBANIETFEQN.svg,https://nsearchives.nseindia.com/30d/PVTBANIETF-EQ.svg,https://nsearchives.nseindia.com/365d/PVTBANIETF-EQ.svg,EQ
ALPHA,NIFTY Alpha 50 Index,52.74,53.33,52.74,53.15,0.51,0.97,1089343,57822326.44,52.9472,53.6,42,-,-,6.8986323411102175,3.1838477965443617,52.64,0,5.87,2.49,04-Aug-2025,03-Jul-2026,-,3.1838477965443617,-,6.8986323411102175,0.8395522388059754,-26.547619047619044,https://nsearchives.nseindia.com/today/ALPHAEQN.svg,https://nsearchives.nseindia.com/30d/ALPHA-EQ.svg,https://nsearchives.nseindia.com/365d/ALPHA-EQ.svg,EQ
GROWWSLVR,Commodity-Silver,21.66,21.94,21.58,21.94,0.71,3.34,2588527,56455773.87,21.2568,36.3,10.89,06-FEB-26,FACE VALUE SPLIT (SUB-DIVISION) - FROM RS 10/- PER UNIT TO RE 1/- PER UNIT,-80.40371561271883,-2.748226950354599,21.23,0,-81.04,-6.31,04-Aug-2025,03-Jul-2026,FACE VALUE SPLIT (SUB-DIVISION) - FROM RS 10/- PER UNIT TO RE 1/- PER UNIT,-2.748226950354599,06-FEB-26,-80.40371561271883,39.55922865013773,-101.46923783287419,https://nsearchives.nseindia.com/today/GROWWSLVREQN.svg,https://nsearchives.nseindia.com/30d/GROWWSLVR-EQ.svg,https://nsearchives.nseindia.com/365d/GROWWSLVR-EQ.svg,EQ
MON100,Nasdaq100,321.82,321.82,321.82,321.82,5.47,1.73,172348,55465033.36,277.146,342.55,197.81,17-JUN-21, FACE VALUE SPLIT (SUB-DIVISION) - FROM RS 10/- PER SHARE TO RE 1/- PER SHARE,60.57279712603533,-1.8572169192766403,316.35,0,57.84,-4.94,04-Aug-2025,03-Jul-2026, FACE VALUE SPLIT (SUB-DIVISION) - FROM RS 10/- PER SHARE TO RE 1/- PER SHARE,-1.8572169192766403,17-JUN-21,60.57279712603533,6.051671288862945,-62.69147161417522,https://nsearchives.nseindia.com/today/MON100EQN.svg,https://nsearchives.nseindia.com/30d/MON100-EQ.svg,https://nsearchives.nseindia.com/365d/MON100-EQ.svg,EQ
FMCGIETF,Nifty FMCG Index,53.35,53.58,52.93,53.19,-0.06,-0.11,1036553,55009867.71,53.2384,62.3,48.55,10-MAY-24,FACE VALUE SPLIT (SUB-DIVISION) - FROM RS 10/- PER SHARE TO RE 1/- PER SHARE,-11.053511705685619,-1.4817558807186595,53.25,0,-10.95,-0.87,04-Aug-2025,03-Jul-2026,FACE VALUE SPLIT (SUB-DIVISION) - FROM RS 10/- PER SHARE TO RE 1/- PER SHARE,-1.4817558807186595,10-MAY-24,-11.053511705685619,14.62279293739968,-9.557157569515965,https://nsearchives.nseindia.com/today/FMCGIETFEQN.svg,https://nsearchives.nseindia.com/30d/FMCGIETF-EQ.svg,https://nsearchives.nseindia.com/365d/FMCGIETF-EQ.svg,EQ
GOLDBETA,Gold,119.95,121.8,119.9,121.5,2.2,1.84,437500,53029375,119.1747,149.35,81.35,25-MAR-21, FACE VALUE SPLIT (SUB-DIVISION) - FROM RS 100/- PER UNIT TO RE 1/- PER UNIT,Infinity,-0.1643385373870196,119.3,0,0,-2.45,,03-Jul-2026, FACE VALUE SPLIT (SUB-DIVISION) - FROM RS 100/- PER UNIT TO RE 1/- PER UNIT,-0.1643385373870196,25-MAR-21,Infinity,18.647472380314696,-49.35464044253228,https://nsearchives.nseindia.com/today/GOLDBETAEQN.svg,https://nsearchives.nseindia.com/30d/GOLDBETA-EQ.svg,,EQ
MOCAPITAL,Nifty Capital Market Total Return Index,53.62,53.62,52.66,52.89,-0.15,-0.28,931782,49244678.7,53.0816,57.25,41.15,-,-,18.72053872053873,-3.9934652387003133,53.04,0,19.06,-4.83,04-Aug-2025,03-Jul-2026,-,-3.9934652387003133,-,18.72053872053873,7.615720524017466,-28.52976913730256,https://nsearchives.nseindia.com/today/MOCAPITALEQN.svg,https://nsearchives.nseindia.com/30d/MOCAPITAL-EQ.svg,https://nsearchives.nseindia.com/365d/MOCAPITAL-EQ.svg,EQ
METAL,Nifty Metal Total Return Index,13.12,13.39,13.12,13.37,0.25,1.91,3703730,49185534.4,13.1617,13.97,8.7,-,-,43.147751605995715,4.127725856697815,13.12,0,40.47,3.14,04-Aug-2025,03-Jul-2026,-,4.127725856697815,-,43.147751605995715,4.2949176807444625,-53.67816091954023,https://nsearchives.nseindia.com/today/METALEQN.svg,https://nsearchives.nseindia.com/30d/METAL-EQ.svg,https://nsearchives.nseindia.com/365d/METAL-EQ.svg,EQ
EGOLD,Edelweiss Gold ETF,142.15,145.05,141.9,143.9,2.5,1.77,320056,46209685.28,141.5863,184.95,98.8,-,-,43.04174950298212,-0.17343045438779048,141.4,0,40.56,-2.75,04-Aug-2025,03-Jul-2026,-,-0.17343045438779048,-,43.04174950298212,22.195187888618538,-45.647773279352236,https://nsearchives.nseindia.com/today/EGOLDEQN.svg,https://nsearchives.nseindia.com/30d/EGOLD-EQ.svg,https://nsearchives.nseindia.com/365d/EGOLD-EQ.svg,EQ
OILIETF,Nifty Oil & Gas Index,11.35,11.5,11.1,11.29,-0.07,-0.62,3958076,45122066.4,11.3924,14,9.8,-,-,0.17746228926352772,-1.3111888111888144,11.36,0,0.8,0.35,04-Aug-2025,03-Jul-2026,-,-1.3111888111888144,-,0.17746228926352772,19.357142857142865,-15.204081632653043,https://nsearchives.nseindia.com/today/OILIETFEQN.svg,https://nsearchives.nseindia.com/30d/OILIETF-EQ.svg,https://nsearchives.nseindia.com/365d/OILIETF-EQ.svg,EQ
HNGSNGBEES,Hang Seng Index,489.22,496.1,487,488.8,-0.42,-0.09,90517,44468286.59,465.8274,579.92,414,19-DEC-19, FACE VALUE SPLIT (SUB-DIVISION) - FROM RS 10/- TO RS 1/-,15.859584251819202,1.0773589197460736,489.22,0,15.96,1.77,04-Aug-2025,03-Jul-2026, FACE VALUE SPLIT (SUB-DIVISION) - FROM RS 10/- TO RS 1/-,1.0773589197460736,19-DEC-19,15.859584251819202,15.712512070630423,-18.067632850241548,https://nsearchives.nseindia.com/today/HNGSNGBEESEQN.svg,https://nsearchives.nseindia.com/30d/HNGSNGBEES-EQ.svg,https://nsearchives.nseindia.com/365d/HNGSNGBEES-EQ.svg,EQ
GROWWGOLD,Commodity,14.03,14.17,13.97,14.08,0.23,1.66,3074995,43295929.6,13.8468,18,9.67,06-FEB-26,FACE VALUE SPLIT (SUB-DIVISION) - FROM RS 10/- PER UNIT TO RE 1/- PER UNIT,-85.71573501065234,-0.2126151665485426,13.85,0,-85.95,-2.53,04-Aug-2025,03-Jul-2026,FACE VALUE SPLIT (SUB-DIVISION) - FROM RS 10/- PER UNIT TO RE 1/- PER UNIT,-0.2126151665485426,06-FEB-26,-85.71573501065234,21.77777777777778,-45.60496380558428,https://nsearchives.nseindia.com/today/GROWWGOLDEQN.svg,https://nsearchives.nseindia.com/30d/GROWWGOLD-EQ.svg,https://nsearchives.nseindia.com/365d/GROWWGOLD-EQ.svg,EQ
GROWWPOWER,BSE Power Index - TRI,11.7,11.74,11.54,11.6,-0.05,-0.43,3576715,41525661.15,11.5678,13.2,7.75,-,-,Infinity,-2.5210084033613502,11.65,0,0,-1.52,,03-Jul-2026,-,-2.5210084033613502,-,Infinity,12.12121212121212,-49.677419354838705,https://nsearchives.nseindia.com/today/GROWWPOWEREQN.svg,https://nsearchives.nseindia.com/30d/GROWWPOWER-EQ.svg,,EQ
LIQGRWBEES,Liquid,1050.38,1050.4,1050.38,1050.38,0.12,0.01,39214,41189601.32,1050.2606,1056.29,995.55,-,-,4.8084694519003435,0.38418899805040424,1050.26,0,4.8,0.39,04-Aug-2025,03-Jul-2026,-,0.38418899805040424,-,4.8084694519003435,0.5595054388472726,-5.507508412435353,https://nsearchives.nseindia.com/today/LIQGRWBEESEQN.svg,https://nsearchives.nseindia.com/30d/LIQGRWBEES-EQ.svg,https://nsearchives.nseindia.com/365d/LIQGRWBEES-EQ.svg,EQ
HDFCNIFTY,Nifty 50,276.78,278,272.5,273,0.82,0.30,128887,35664321.77,277.5533,301.88,247.56,17-FEB-21, FACE VALUE SPLIT (SUB-DIVISION) - FROM RS 761.25/- PER UNIT TO RS 76.125/- PER UNIT,-1.0797883904630836,-0.5319536544487283,272.18,0,-1.38,-0.23,04-Aug-2025,03-Jul-2026, FACE VALUE SPLIT (SUB-DIVISION) - FROM RS 761.25/- PER UNIT TO RS 76.125/- PER UNIT,-0.5319536544487283,17-FEB-21,-1.0797883904630836,9.566715251093148,-10.276296655356278,https://nsearchives.nseindia.com/today/HDFCNIFTYEQN.svg,https://nsearchives.nseindia.com/30d/HDFCNIFTY-EQ.svg,https://nsearchives.nseindia.com/365d/HDFCNIFTY-EQ.svg,EQ
GROWWHOSPI,BSE Hospitals Index,54.03,62,53.42,55.34,1.53,2.84,641032,34731113.76,53.7038,62,43.35,-,-,Infinity,1.4668133480014747,53.81,0,0,-1.99,,03-Jul-2026,-,1.4668133480014747,-,Infinity,10.741935483870963,-27.658592848904274,https://nsearchives.nseindia.com/today/GROWWHOSPIEQN.svg,https://nsearchives.nseindia.com/30d/GROWWHOSPI-EQ.svg,,EQ
ELIQUID,Nifty 1D Rate Index (Debt Index),1042.3,1042.32,1042.3,1042.3,0.13,0.01,32319,33686093.7,1042.179,1043,996,-,-,Infinity,0.4074869710135172,1042.17,0,0,0.41,,03-Jul-2026,-,0.4074869710135172,-,Infinity,0.0671140939597359,-4.648594377510036,https://nsearchives.nseindia.com/today/ELIQUIDEQN.svg,https://nsearchives.nseindia.com/30d/ELIQUID-EQ.svg,,EQ
AUTOIETF,Nifty Auto Index,29.7,30.52,29.7,30.38,0.67,2.26,1106365,33611368.7,30.0742,30.52,23.76,01-MAR-24,FACE VALUE SPLIT (SUB-DIVISION) - FROM RS 10/- PER SHARE TO RE 1/- PER SHARE,24.406224406224396,7.501769285208766,29.71,0,21.66,6.22,04-Aug-2025,03-Jul-2026,FACE VALUE SPLIT (SUB-DIVISION) - FROM RS 10/- PER SHARE TO RE 1/- PER SHARE,7.501769285208766,01-MAR-24,24.406224406224396,0.4587155963302771,-27.86195286195285,https://nsearchives.nseindia.com/today/AUTOIETFEQN.svg,https://nsearchives.nseindia.com/30d/AUTOIETF-EQ.svg,https://nsearchives.nseindia.com/365d/AUTOIETF-EQ.svg,EQ
HDFCBSE500,HDFC S&P BSE 500 ETF,38.24,38.29,38.01,38.28,0.19,0.50,878063,33515664.71,37.9449,40,32.65,-,-,4.819277108433729,1.4846235418875988,38.09,0,4.3,1.44,04-Aug-2025,03-Jul-2026,-,1.4846235418875988,-,4.819277108433729,4.299999999999997,-17.243491577335384,https://nsearchives.nseindia.com/today/HDFCBSE500EQN.svg,https://nsearchives.nseindia.com/30d/HDFCBSE500-EQ.svg,https://nsearchives.nseindia.com/365d/HDFCBSE500-EQ.svg,EQ
LOWVOLIETF,Nifty 100 Low Volatility 30 Index,22.98,22.98,22.78,22.8,0.27,1.20,1451280,33176260.8,22.9284,26.81,19.84,01-MAR-24,FACE VALUE SPLIT (SUB-DIVISION) - FROM RS 10/- PER SHARE TO RE 1/- PER SHARE,4.204753199268747,2.795311091073043,22.53,0,2.97,1.95,04-Aug-2025,03-Jul-2026,FACE VALUE SPLIT (SUB-DIVISION) - FROM RS 10/- PER SHARE TO RE 1/- PER SHARE,2.795311091073043,01-MAR-24,4.204753199268747,14.957105557627743,-14.919354838709683,https://nsearchives.nseindia.com/today/LOWVOLIETFEQN.svg,https://nsearchives.nseindia.com/30d/LOWVOLIETF-EQ.svg,https://nsearchives.nseindia.com/365d/LOWVOLIETF-EQ.svg,EQ
TOP10ADD,Nifty Top 10 Equal Weight Index,90.37,90.37,89.1,89.49,0.15,0.17,368865,32958087.75,89.8707,103.04,83.05,-,-,-6.508566652737155,1.9016169437485788,89.34,0,-6.67,1.52,04-Aug-2025,03-Jul-2026,-,1.9016169437485788,-,-6.508566652737155,13.150232919254668,-7.754364840457553,https://nsearchives.nseindia.com/today/TOP10ADDEQN.svg,https://nsearchives.nseindia.com/30d/TOP10ADD-EQ.svg,https://nsearchives.nseindia.com/365d/TOP10ADD-EQ.svg,EQ
ICICIB22,S&P BSE BHARAT 22 index,118.32,118.32,117.12,117.25,0.13,0.11,251304,29515654.8,117.0534,131,103.6,-,-,8.998791484614676,-1.296405421331767,117.12,0,8.88,-1.39,04-Aug-2025,03-Jul-2026,-,-1.296405421331767,-,8.998791484614676,10.49618320610687,-13.17567567567568,https://nsearchives.nseindia.com/today/ICICIB22EQN.svg,https://nsearchives.nseindia.com/30d/ICICIB22-EQ.svg,https://nsearchives.nseindia.com/365d/ICICIB22-EQ.svg,EQ
EBBETF0430,Nifty BHARAT Bond,1605.17,1620.17,1605.17,1614.5,2.8,0.17,17914,28927885.48,1612.1123,1644.19,1232,-,-,5.3961249216628415,0.2963229858423451,1611.7,0,5.21,-0.08,04-Aug-2025,03-Jul-2026,-,0.2963229858423451,-,5.3961249216628415,1.8057523765501586,-31.04707792207792,https://nsearchives.nseindia.com/today/EBBETF0430EQN.svg,https://nsearchives.nseindia.com/30d/EBBETF0430-EQ.svg,https://nsearchives.nseindia.com/365d/EBBETF0430-EQ.svg,EQ
NIFTYBETA,Nifty 50,271,273.5,268.87,273,2.3,0.85,104237,28377480.88,273.0624,297.48,244.9,25-SEP-23,FACE VALUE SPLIT (SUB-DIVISION) - FROM RS 10/- PER SHARE TO RE 1/- PER SHARE,Infinity,1.08864696734059,270.7,0,0,0.65,,03-Jul-2026,FACE VALUE SPLIT (SUB-DIVISION) - FROM RS 10/- PER SHARE TO RE 1/- PER SHARE,1.08864696734059,25-SEP-23,Infinity,8.2291246470351,-11.47407104940792,https://nsearchives.nseindia.com/today/NIFTYBETAEQN.svg,https://nsearchives.nseindia.com/30d/NIFTYBETA-EQ.svg,,EQ
ITIETF,Nifty IT Index,34.75,35.24,34.74,34.91,0.45,1.31,802976,28055981.44,34.9918,44.3,28.54,01-SEP-22,FACE VALUE SPLIT (SUB-DIVISION) - FROM RS 10/- PER UNIT TO RE 1/- PER UNIT,-9.112210361884927,15.2906208718626,34.46,0,-10.28,13.32,04-Aug-2025,03-Jul-2026,FACE VALUE SPLIT (SUB-DIVISION) - FROM RS 10/- PER UNIT TO RE 1/- PER UNIT,15.2906208718626,01-SEP-22,-9.112210361884927,21.196388261851016,-22.319551506657316,https://nsearchives.nseindia.com/today/ITIETFEQN.svg,https://nsearchives.nseindia.com/30d/ITIETF-EQ.svg,https://nsearchives.nseindia.com/365d/ITIETF-EQ.svg,EQ
MAFANG,NYSE FANG+ Total Return Index,198.96,198.96,198.96,198.96,5.27,2.72,139209,27697022.64,173.2449,208.38,149.74,-,-,26.871572503507217,3.743873188027952,193.69,0,23.51,1.51,04-Aug-2025,03-Jul-2026,-,3.743873188027952,-,26.871572503507217,4.520587388424987,-32.870308534793644,https://nsearchives.nseindia.com/today/MAFANGEQN.svg,https://nsearchives.nseindia.com/30d/MAFANG-EQ.svg,https://nsearchives.nseindia.com/365d/MAFANG-EQ.svg,EQ
SML100CASE,Nifty Smallcap 100 Index,11.17,11.39,9.01,11.22,0.05,0.45,2442090,27302566.2,11.1545,11.74,8.5,-,-,Infinity,2.3722627737226256,11.17,0,0,2.67,,03-Jul-2026,-,2.3722627737226256,-,Infinity,4.429301533219758,-32.00000000000001,https://nsearchives.nseindia.com/today/SML100CASEEQN.svg,https://nsearchives.nseindia.com/30d/SML100CASE-EQ.svg,,EQ
MOM30IETF,ICICI Prudential Nifty 200 Momentum 30 ETF,31.4,31.64,31.38,31.41,0.01,0.03,857226,26976902.22,31.5225,32.9,26,12-AUG-22,ADDITONAL ISSUANCE 9:1,1.947419668938661,0.5763688760806908,31.4,0,1.91,1.13,04-Aug-2025,03-Jul-2026,ADDITONAL ISSUANCE 9:1,0.5763688760806908,12-AUG-22,1.947419668938661,4.528875379939205,-20.807692307692307,https://nsearchives.nseindia.com/today/MOM30IETFEQN.svg,https://nsearchives.nseindia.com/30d/MOM30IETF-EQ.svg,https://nsearchives.nseindia.com/365d/MOM30IETF-EQ.svg,EQ
LICMFGOLD,Gold,129.45,134.65,128.95,130,2.05,1.60,200017,26068215.61,,162,89.07,06-MAR-26,FACE VALUE SPLIT (SUB-DIVISION) - FROM RS 100/- PER SHARE TO RE 1/- PER SHARE,-98.56962881867844,-0.3831417624521073,127.95,0,-98.59,-2.22,04-Aug-2025,03-Jul-2026,FACE VALUE SPLIT (SUB-DIVISION) - FROM RS 100/- PER SHARE TO RE 1/- PER SHARE,-0.3831417624521073,06-MAR-26,-98.56962881867844,19.753086419753085,-45.952621533625255,https://nsearchives.nseindia.com/today/LICMFGOLDEQN.svg,https://nsearchives.nseindia.com/30d/LICMFGOLD-EQ.svg,https://nsearchives.nseindia.com/365d/LICMFGOLD-EQ.svg,EQ
BSLGOLDETF,Gold,126.14,127.17,125.75,126.56,1.85,1.48,203813,25796611.41,124.574,155.99,85.74,25-NOV-21, FACE VALUE SPLIT (SUB-DIVISION) - FROM RS 10/- PER SHARE TO RE 0.10/- PER SHARE,42.92490118577076,-0.44052863436123524,124.71,0,40.84,-2.45,04-Aug-2025,03-Jul-2026, FACE VALUE SPLIT (SUB-DIVISION) - FROM RS 10/- PER SHARE TO RE 0.10/- PER SHARE,-0.44052863436123524,25-NOV-21,42.92490118577076,18.8665940124367,-47.609050618147904,https://nsearchives.nseindia.com/today/BSLGOLDETFEQN.svg,https://nsearchives.nseindia.com/30d/BSLGOLDETF-EQ.svg,https://nsearchives.nseindia.com/365d/BSLGOLDETF-EQ.svg,EQ
CONSUMBEES,Nifty India Consumption TRI,133.57,136.56,133.57,136.2,2.63,1.97,189644,25789687.56,136.1525,144.38,114,-,-,4.263951619076777,3.2287403365165916,133.57,0,2.25,1.88,04-Aug-2025,03-Jul-2026,-,3.2287403365165916,-,4.263951619076777,5.665604654384269,-19.473684210526308,https://nsearchives.nseindia.com/today/CONSUMBEESEQN.svg,https://nsearchives.nseindia.com/30d/CONSUMBEES-EQ.svg,https://nsearchives.nseindia.com/365d/CONSUMBEES-EQ.svg,EQ
NEXT50BETA,Nifty Next 50,80.02,80.78,79.03,79.03,-0.63,-0.79,315454,25334110.74,80.1419,80.78,64.34,25-MAR-21, FACE VALUE SPLIT (SUB-DIVISION) - FROM RS 10/- PER UNIT TO Re 1/- PER UNIT,Infinity,1.048459276307387,79.66,0,0,2.15,,03-Jul-2026, FACE VALUE SPLIT (SUB-DIVISION) - FROM RS 10/- PER UNIT TO Re 1/- PER UNIT,1.048459276307387,25-MAR-21,Infinity,2.166377816291161,-22.831830898352496,https://nsearchives.nseindia.com/today/NEXT50BETAEQN.svg,https://nsearchives.nseindia.com/30d/NEXT50BETA-EQ.svg,,EQ
SETFNN50,Nifty Next 50,796.31,802.95,785,785.5,-3.51,-0.44,31517,25113691.11,795.5048,840,636.01,02-NOV-17, DIVIDEND - RS 7/- PER UNIT,10.605761919513371,0.9756912753403392,789.01,0,11.1,1.65,04-Aug-2025,03-Jul-2026, DIVIDEND - RS 7/- PER UNIT,0.9756912753403392,02-NOV-17,10.605761919513371,6.488095238095238,-23.504347415921135,https://nsearchives.nseindia.com/today/SETFNN50EQN.svg,https://nsearchives.nseindia.com/30d/SETFNN50-EQ.svg,https://nsearchives.nseindia.com/365d/SETFNN50-EQ.svg,EQ
NIF100BEES,Nifty 100 TRI,273.39,275,271.77,274.5,2.47,0.91,87693,23949835.23,273.0503,290,240,-,-,2.843655164662236,1.8552875695732838,272.03,0,1.92,1.54,04-Aug-2025,03-Jul-2026,-,1.8552875695732838,-,2.843655164662236,5.344827586206897,-14.375,https://nsearchives.nseindia.com/today/NIF100BEESEQN.svg,https://nsearchives.nseindia.com/30d/NIF100BEES-EQ.svg,https://nsearchives.nseindia.com/365d/NIF100BEES-EQ.svg,EQ
NEXT50,Nifty Next 50,769.03,773.4,766.03,767.75,2.66,0.35,28184,21687024.32,766.0764,773.4,617,-,-,12.104840476016642,2.5361931727122187,765.09,0,11.72,2.67,04-Aug-2025,03-Jul-2026,-,2.5361931727122187,-,12.104840476016642,0.730540470649079,-24.432739059967584,https://nsearchives.nseindia.com/today/NEXT50EQN.svg,https://nsearchives.nseindia.com/30d/NEXT50-EQ.svg,https://nsearchives.nseindia.com/365d/NEXT50-EQ.svg,EQ
GILT5YBEES,Nifty 5 yr Benchmark G-Sec Index,66.14,66.5,66.05,66.26,0.13,0.20,323671,21449677.17,66.1912,67.84,61.45,-,-,5.45917555307975,0.5310271582461061,66.13,0,5.25,0.14,04-Aug-2025,03-Jul-2026,-,0.5310271582461061,-,5.45917555307975,2.3290094339622613,-7.827502034174128,https://nsearchives.nseindia.com/today/GILT5YBEESEQN.svg,https://nsearchives.nseindia.com/30d/GILT5YBEES-EQ.svg,https://nsearchives.nseindia.com/365d/GILT5YBEES-EQ.svg,EQ
GROWWLIQID,Nifty 1D Rate Index,110.19,110.21,110.19,110.21,0.02,0.02,189774,20913094.8,110.1945,110.9,102.89,-,-,4.8221419060300486,0.3916924758608058,110.19,0,4.8,0.38,04-Aug-2025,03-Jul-2026,-,0.3916924758608058,-,4.8221419060300486,0.6221821460775581,-7.1143940130236105,https://nsearchives.nseindia.com/today/GROWWLIQIDEQN.svg,https://nsearchives.nseindia.com/30d/GROWWLIQID-EQ.svg,https://nsearchives.nseindia.com/365d/GROWWLIQID-EQ.svg,EQ
HDFCPSUBK,HDFC NIFTY PSU BANK ETF,84.77,87,84.63,84.63,-0.14,-0.17,241921,20911651.24,85.8363,101.25,67.98,-,-,21.98039780916691,0.1301467108376709,84.77,0,22.18,-0.57,04-Aug-2025,03-Jul-2026,-,0.1301467108376709,-,21.98039780916691,16.414814814814818,-24.49249779346865,https://nsearchives.nseindia.com/today/HDFCPSUBKEQN.svg,https://nsearchives.nseindia.com/30d/HDFCPSUBK-EQ.svg,https://nsearchives.nseindia.com/365d/HDFCPSUBK-EQ.svg,EQ
GROWWEV,Nifty EV and New Age Automotive Index,33.11,34.59,33.11,33.96,0.85,2.57,612829,20621695.85,33.2581,34.59,26.2,-,-,16.221765913757707,7.264687302590021,33.11,0,13.31,5.24,04-Aug-2025,03-Jul-2026,-,7.264687302590021,-,16.221765913757707,1.8213356461405104,-29.61832061068703,https://nsearchives.nseindia.com/today/GROWWEVEQN.svg,https://nsearchives.nseindia.com/30d/GROWWEV-EQ.svg,https://nsearchives.nseindia.com/365d/GROWWEV-EQ.svg,EQ
GROWWDEFNC,Nifty India Defence Index- Total Return Index,93.77,96.15,93.29,94.7,0.93,0.99,216496,20385263.36,94.0397,99.44,71.78,-,-,21.270329107440133,-2.0074503311258254,93.77,0,20.08,-2.17,04-Aug-2025,03-Jul-2026,-,-2.0074503311258254,-,21.270329107440133,4.7666934835076376,-31.930899972137084,https://nsearchives.nseindia.com/today/GROWWDEFNCEQN.svg,https://nsearchives.nseindia.com/30d/GROWWDEFNC-EQ.svg,https://nsearchives.nseindia.com/365d/GROWWDEFNC-EQ.svg,EQ
MOMENTUM50,Nifty 500 Momentum 50 Total Return Index,55,55,53.45,53.75,0.32,0.60,370977,19902916.05,53.6406,55.88,44.96,-,-,4.348670161133764,1.8571157854841707,53.43,0,3.73,2,04-Aug-2025,03-Jul-2026,-,1.8571157854841707,-,4.348670161133764,3.811739441660706,-19.55071174377224,https://nsearchives.nseindia.com/today/MOMENTUM50EQN.svg,https://nsearchives.nseindia.com/30d/MOMENTUM50-EQ.svg,https://nsearchives.nseindia.com/365d/MOMENTUM50-EQ.svg,EQ
HEALTHIETF,Nifty Healthcare Index,171.54,172.64,168.13,169.02,-2.52,-1.47,116267,19863054.28,171.9162,174.82,138.65,-,-,13.6345300524405,-0.15359168241965437,171.54,0,15.33,1.56,04-Aug-2025,03-Jul-2026,-,-0.15359168241965437,-,13.6345300524405,3.317698203866825,-21.90407500901551,https://nsearchives.nseindia.com/today/HEALTHIETFEQN.svg,https://nsearchives.nseindia.com/30d/HEALTHIETF-EQ.svg,https://nsearchives.nseindia.com/365d/HEALTHIETF-EQ.svg,EQ
NIFTY1,Nifty 50,272.14,274,271.01,271.01,-1.13,-0.42,72779,19862116.89,273.3204,320,244.8,27-JUL-17, FACE VALUE SPLIT (SUB-DIVISION) - FROM RS 10/- PER SHARE TO RS 1/- PER SHARE,-0.23926967532946847,0.2626711061783128,272.14,0,0.18,1.34,04-Aug-2025,03-Jul-2026, FACE VALUE SPLIT (SUB-DIVISION) - FROM RS 10/- PER SHARE TO RS 1/- PER SHARE,0.2626711061783128,27-JUL-17,-0.23926967532946847,15.309375000000003,-10.706699346405221,https://nsearchives.nseindia.com/today/NIFTY1EQN.svg,https://nsearchives.nseindia.com/30d/NIFTY1-EQ.svg,https://nsearchives.nseindia.com/365d/NIFTY1-EQ.svg,EQ
GROWWRAIL,Nifty India Railways PSU Index,29.54,29.88,29.3,29.53,0,0.00,635608,18712299.52,29.3675,36.75,27.8,-,-,-17.85813630041725,1.0609171800136972,29.53,0,-17.86,0.61,04-Aug-2025,03-Jul-2026,-,1.0609171800136972,-,-17.85813630041725,19.646258503401356,-6.223021582733815,https://nsearchives.nseindia.com/today/GROWWRAILEQN.svg,https://nsearchives.nseindia.com/30d/GROWWRAIL-EQ.svg,https://nsearchives.nseindia.com/365d/GROWWRAIL-EQ.svg,EQ
LICNMID100,LIC MF Nifty Midcap 100 ETF,64.23,66.4,63.65,64.26,0.66,1.04,290851,18672634.2,63.9174,67.5,52.3,-,-,11.581871852752217,2.373745419786525,63.6,0,10.44,1.42,04-Aug-2025,03-Jul-2026,-,2.373745419786525,-,11.581871852752217,4.799999999999993,-22.868068833652025,https://nsearchives.nseindia.com/today/LICNMID100EQN.svg,https://nsearchives.nseindia.com/30d/LICNMID100-EQ.svg,https://nsearchives.nseindia.com/365d/LICNMID100-EQ.svg,EQ
MOSILVER,Domestic Price of Physical Silver,218.4,221.79,217.62,220.01,5.79,2.70,81928,17986473.12,214.4227,385,112.32,-,-,Infinity,-3.3645188211007144,214.22,0,0,-6.22,,03-Jul-2026,-,-3.3645188211007144,-,Infinity,42.85454545454545,-95.877849002849,https://nsearchives.nseindia.com/today/MOSILVEREQN.svg,https://nsearchives.nseindia.com/30d/MOSILVER-EQ.svg,,EQ
BSLNIFTY,Nifty 50,28.76,28.99,28.6,28.6,-0.14,-0.49,608702,17536704.62,28.874,33,25.7,25-NOV-21, FACE VALUE SPLIT (SUB-DIVISION) - FROM RS 10/- PER SHARE TO RE 1/- PER SHARE,-0.10478519035975405,0.034977264777899836,28.74,0,0.38,1.13,04-Aug-2025,03-Jul-2026, FACE VALUE SPLIT (SUB-DIVISION) - FROM RS 10/- PER SHARE TO RE 1/- PER SHARE,0.034977264777899836,25-NOV-21,-0.10478519035975405,13.33333333333333,-11.284046692607014,https://nsearchives.nseindia.com/today/BSLNIFTYEQN.svg,https://nsearchives.nseindia.com/30d/BSLNIFTY-EQ.svg,https://nsearchives.nseindia.com/365d/BSLNIFTY-EQ.svg,EQ
MIDCAPIETF,Nifty Midcap 150,24.21,24.42,24.19,24.34,0.13,0.54,710984,17241362,24.163,24.75,19.89,10-MAY-24,FACE VALUE SPLIT (SUB-DIVISION) - FROM RS 10/- PER SHARE TO RE 1/- PER SHARE,10.686675761709875,2.311895754518708,24.21,0,10.1,2.02,04-Aug-2025,03-Jul-2026,FACE VALUE SPLIT (SUB-DIVISION) - FROM RS 10/- PER SHARE TO RE 1/- PER SHARE,2.311895754518708,10-MAY-24,10.686675761709875,1.6565656565656572,-22.373051784816486,https://nsearchives.nseindia.com/today/MIDCAPIETFEQN.svg,https://nsearchives.nseindia.com/30d/MIDCAPIETF-EQ.svg,https://nsearchives.nseindia.com/365d/MIDCAPIETF-EQ.svg,EQ
PSUBANKADD,DSP Nifty PSU Bank ETF,86.2,86.88,84.5,85.98,0.63,0.74,197776,17042357.92,85.7867,99.88,67.8,-,-,24.46438911407065,1.715367325209988,85.35,0,23.55,0.2,04-Aug-2025,03-Jul-2026,-,1.715367325209988,-,24.46438911407065,13.916700040048049,-26.81415929203541,https://nsearchives.nseindia.com/today/PSUBANKADDEQN.svg,https://nsearchives.nseindia.com/30d/PSUBANKADD-EQ.svg,https://nsearchives.nseindia.com/365d/PSUBANKADD-EQ.svg,EQ
HDFCLIQUID,HDFC Nifty 1D Rate Liquid ETF,1072.54,1072.54,1072.33,1072.35,0.15,0.01,15524,16647006.16,,1073.55,1009.91,28-FEB-25,CHANGE IN FUNDAMENTAL ATTRIBUTE OF HDFC NIFTY 1D RATE LIQUID ETF,4.925587812252318,0.403542938466719,1072.2,0,4.91,0.4,04-Aug-2025,03-Jul-2026,CHANGE IN FUNDAMENTAL ATTRIBUTE OF HDFC NIFTY 1D RATE LIQUID ETF,0.403542938466719,28-FEB-25,4.925587812252318,0.11177867821713432,-6.182729154083032,https://nsearchives.nseindia.com/today/HDFCLIQUIDEQN.svg,https://nsearchives.nseindia.com/30d/HDFCLIQUID-EQ.svg,https://nsearchives.nseindia.com/365d/HDFCLIQUID-EQ.svg,EQ
SETFNIFBK,Nifty Bank,594.6,596.2,587.87,587.87,-3.08,-0.52,27760,16453074.4,595.5274,646.11,465.64,02-NOV-17, DIVIDEND - RS 3.50 PER UNIT,3.2818566735184995,-1.7449148434757804,590.95,0,3.82,-0.75,04-Aug-2025,03-Jul-2026, DIVIDEND - RS 3.50 PER UNIT,-1.7449148434757804,02-NOV-17,3.2818566735184995,9.013944993886492,-26.249892620908863,https://nsearchives.nseindia.com/today/SETFNIFBKEQN.svg,https://nsearchives.nseindia.com/30d/SETFNIFBK-EQ.svg,https://nsearchives.nseindia.com/365d/SETFNIFBK-EQ.svg,EQ
FINIETF,ICICI Prudential Nifty Financial Services Ex-Bank ETF,33.69,34.36,33.68,34,0.31,0.92,477338,16186531.58,33.7975,34.37,27.4,-,-,14.285714285714286,3.563813585135552,33.69,0,13.24,2.21,04-Aug-2025,03-Jul-2026,-,3.563813585135552,-,14.285714285714286,1.0765202211230651,-24.087591240875916,https://nsearchives.nseindia.com/today/FINIETFEQN.svg,https://nsearchives.nseindia.com/30d/FINIETF-EQ.svg,https://nsearchives.nseindia.com/365d/FINIETF-EQ.svg,EQ
MID150CASE,Zerodha Nifty Midcap 150 ETF,11.96,11.96,11.61,11.75,0.02,0.17,1335926,15723849.02,11.7467,13,9.63,-,-,10.744580584354388,1.819757365684583,11.73,0,10.56,2,04-Aug-2025,03-Jul-2026,-,1.819757365684583,-,10.744580584354388,9.615384615384615,-22.01453790238836,https://nsearchives.nseindia.com/today/MID150CASEEQN.svg,https://nsearchives.nseindia.com/30d/MID150CASE-EQ.svg,https://nsearchives.nseindia.com/365d/MID150CASE-EQ.svg,EQ
MIDSMALL,Mirae Asset Nifty MidSmallcap400 Momentum Quality 100 ETF,51.64,51.99,51.64,51.8,0.15,0.29,303219,15712808.58,51.6842,52.24,42.41,-,-,6.27821091505949,1.7481830681594983,51.65,0,5.97,2.01,04-Aug-2025,03-Jul-2026,-,1.7481830681594983,-,6.27821091505949,0.8422664624808668,-22.141004480075456,https://nsearchives.nseindia.com/today/MIDSMALLEQN.svg,https://nsearchives.nseindia.com/30d/MIDSMALL-EQ.svg,https://nsearchives.nseindia.com/365d/MIDSMALL-EQ.svg,EQ
EVINDIA,Nifty EV and New Age Automotive Total Return Index,33.7,33.85,33.4,33.72,0.39,1.17,454441,15323750.52,33.382,34.11,26.2,-,-,15.637860082304522,6.675102815564693,33.33,0,14.3,6.01,04-Aug-2025,03-Jul-2026,-,6.675102815564693,-,15.637860082304522,1.1433597185576094,-28.702290076335878,https://nsearchives.nseindia.com/today/EVINDIAEQN.svg,https://nsearchives.nseindia.com/30d/EVINDIA-EQ.svg,https://nsearchives.nseindia.com/365d/EVINDIA-EQ.svg,EQ
ITETF,Mirae Asset Nifty IT ETF,33.48,33.49,33.11,33.26,0.07,0.21,455931,15182502.3,33.3625,42.02,27.22,-,-,-9.075997813012576,15.16620498614958,33.19,0,-9.27,14.13,04-Aug-2025,03-Jul-2026,-,15.16620498614958,-,-9.075997813012576,20.847215611613528,-22.189566495224096,https://nsearchives.nseindia.com/today/ITETFEQN.svg,https://nsearchives.nseindia.com/30d/ITETF-EQ.svg,https://nsearchives.nseindia.com/365d/ITETF-EQ.svg,EQ
MASPTOP50,S&P 500 Top 50 Total Return Index,79.23,79.23,79.23,79.23,1.27,1.63,191382,15163195.86,67.4529,82.78,60.33,-,-,27.83155856727978,1.616006156213935,77.96,0,25.78,0.23,04-Aug-2025,03-Jul-2026,-,1.616006156213935,-,27.83155856727978,4.288475477168395,-31.32769766285431,https://nsearchives.nseindia.com/today/MASPTOP50EQN.svg,https://nsearchives.nseindia.com/30d/MASPTOP50-EQ.svg,https://nsearchives.nseindia.com/365d/MASPTOP50-EQ.svg,EQ
PSUBANK,Nifty PSU Bank,85.57,86,84.8,85.2,0.91,1.08,174750,14941125,84.9402,101,66.26,10-JUL-26,FACE VALUE SPLIT (SUB-DIVISION) - FROM RS 10/- PER UNIT TO RE 1/- PER UNIT,-87.54932047347654,-89.79518505210206,84.29,0,-87.68,-90.02,04-Aug-2025,03-Jul-2026,FACE VALUE SPLIT (SUB-DIVISION) - FROM RS 10/- PER UNIT TO RE 1/- PER UNIT,-89.79518505210206,10-JUL-26,-87.54932047347654,15.643564356435641,-28.584364624207662,https://nsearchives.nseindia.com/today/PSUBANKEQN.svg,https://nsearchives.nseindia.com/30d/PSUBANK-EQ.svg,https://nsearchives.nseindia.com/365d/PSUBANK-EQ.svg,EQ
IT,NIFTY IT Index,35.05,35.09,34.28,34.28,-0.43,-1.24,414229,14440022.94,34.9635,44.49,28.54,-,-,-10.191249672517685,13.28486450760079,34.71,0,-9.06,13.88,04-Aug-2025,03-Jul-2026,-,13.28486450760079,-,-10.191249672517685,22.948977298269277,-20.112123335669246,https://nsearchives.nseindia.com/today/ITEQN.svg,https://nsearchives.nseindia.com/30d/IT-EQ.svg,https://nsearchives.nseindia.com/365d/IT-EQ.svg,EQ
GROWWMETAL,Nifty Metal Index,12.4,12.64,12.25,12.6,0.26,2.11,1132605,14146236.45,12.4237,13.45,10.03,-,-,Infinity,3.7891268533772573,12.34,0,0,2.83,,03-Jul-2026,-,3.7891268533772573,-,Infinity,6.319702602230482,-25.623130608175476,https://nsearchives.nseindia.com/today/GROWWMETALEQN.svg,https://nsearchives.nseindia.com/30d/GROWWMETAL-EQ.svg,,EQ
NV20IETF,Nifty50 Value 20,13.86,13.99,13.75,13.8,-0.05,-0.36,999276,13839972.6,13.9078,16,12.5,01-MAR-24,FACE VALUE SPLIT (SUB-DIVISION) - FROM RS 10/- PER SHARE TO RE 1/- PER SHARE,-2.4734982332155453,-0.6479481641468672,13.85,0,-2.12,0.29,04-Aug-2025,03-Jul-2026,FACE VALUE SPLIT (SUB-DIVISION) - FROM RS 10/- PER SHARE TO RE 1/- PER SHARE,-0.6479481641468672,01-MAR-24,-2.4734982332155453,13.749999999999996,-10.400000000000004,https://nsearchives.nseindia.com/today/NV20IETFEQN.svg,https://nsearchives.nseindia.com/30d/NV20IETF-EQ.svg,https://nsearchives.nseindia.com/365d/NV20IETF-EQ.svg,EQ
MOGOLD,Domestic Price of Physical Gold,141.15,143.45,141.15,142.4,2.1,1.50,96591,13740069.75,140.1605,175,96.3,-,-,43.043696634856865,-0.5239259517988124,140.3,0,40.93,-2.5,04-Aug-2025,03-Jul-2026,-,-0.5239259517988124,-,43.043696634856865,18.628571428571426,-47.87123572170302,https://nsearchives.nseindia.com/today/MOGOLDEQN.svg,https://nsearchives.nseindia.com/30d/MOGOLD-EQ.svg,https://nsearchives.nseindia.com/365d/MOGOLD-EQ.svg,EQ
MOM100,Nifty Midcap 100,67.7,68.83,67.68,68.3,0.18,0.26,198497,13616894.2,68.5184,69.2,56.15,-,-,10.589378238341967,1.335311572700284,68.12,0,10.3,1.44,04-Aug-2025,03-Jul-2026,-,1.335311572700284,-,10.589378238341967,1.300578034682089,-21.638468388245766,https://nsearchives.nseindia.com/today/MOM100EQN.svg,https://nsearchives.nseindia.com/30d/MOM100-EQ.svg,https://nsearchives.nseindia.com/365d/MOM100-EQ.svg,EQ
CHEMICAL,Nifty Chemicals Index (TRI),30.61,30.99,30.01,30.01,-0.52,-1.70,443247,13541195.85,30.514,31.8,24.5,-,-,Infinity,-0.4973474801060961,30.53,0,0,1.53,,03-Jul-2026,-,-0.4973474801060961,-,Infinity,5.62893081761006,-22.489795918367353,https://nsearchives.nseindia.com/today/CHEMICALEQN.svg,https://nsearchives.nseindia.com/30d/CHEMICAL-EQ.svg,,EQ
DEFENCE,BSE India Defence,80.24,80.79,78.78,78.88,-0.33,-0.42,164705,13021577.3,79.1717,82.32,58.91,-,-,Infinity,-2.255266418835201,79.21,0,0,-1.16,,03-Jul-2026,-,-2.255266418835201,-,Infinity,4.178814382896013,-33.89916822271262,https://nsearchives.nseindia.com/today/DEFENCEEQN.svg,https://nsearchives.nseindia.com/30d/DEFENCE-EQ.svg,,EQ
AONELIQUID,Nifty 1D Rate Index,1071.23,1071.23,1071.21,1071.23,0.16,0.01,11734,12569578.14,1071.0835,1094.59,989.2,-,-,5.071994664155684,0.4077309538092296,1071.07,0,5.06,0.4,04-Aug-2025,03-Jul-2026,-,0.4077309538092296,-,5.071994664155684,2.1341324148767944,-8.29255964415689,https://nsearchives.nseindia.com/today/AONELIQUIDEQN.svg,https://nsearchives.nseindia.com/30d/AONELIQUID-EQ.svg,https://nsearchives.nseindia.com/365d/AONELIQUID-EQ.svg,EQ
EBBETF0431,Nifty BHARAT Bond,1444,1448.61,1439.5,1440.51,-2.21,-0.15,8616,12428838.48,1441.4009,1469,1363,-,-,4.971252432066111,-0.13518572438750784,1442.72,0,5.13,0.1,04-Aug-2025,03-Jul-2026,-,-0.13518572438750784,-,4.971252432066111,1.9394145677331525,-5.686720469552458,https://nsearchives.nseindia.com/today/EBBETF0431EQN.svg,https://nsearchives.nseindia.com/30d/EBBETF0431-EQ.svg,https://nsearchives.nseindia.com/365d/EBBETF0431-EQ.svg,EQ
INFRAIETF,ICICI Prudential Nifty Infrastructure ETF,97.49,97.75,96.81,97.48,0.47,0.48,124482,12099650.4,96.9997,101,86.8,-,-,4.760881246641598,-0.5610527389574591,97.01,0,4.26,-0.56,04-Aug-2025,03-Jul-2026,-,-0.5610527389574591,-,4.760881246641598,3.485148514851481,-12.304147465437797,https://nsearchives.nseindia.com/today/INFRAIETFEQN.svg,https://nsearchives.nseindia.com/30d/INFRAIETF-EQ.svg,https://nsearchives.nseindia.com/365d/INFRAIETF-EQ.svg,EQ
SENSEXIETF,SENSEX,907,908.72,899.58,900,-0.68,-0.08,12710,11485772.8,902.3731,999.84,731,-,-,-2.549943154133502,0.004444641984084139,900.68,0,-2.48,1.04,04-Aug-2025,03-Jul-2026,-,0.004444641984084139,-,-2.549943154133502,9.985597695631304,-23.119015047879618,https://nsearchives.nseindia.com/today/SENSEXIETFEQN.svg,https://nsearchives.nseindia.com/30d/SENSEXIETF-EQ.svg,https://nsearchives.nseindia.com/365d/SENSEXIETF-EQ.svg,EQ
SMALL250,Nifty Smallcap 250,18.63,18.63,18.31,18.37,0.11,0.60,607918,11179612.02,18.2433,19.95,14.16,-,-,Infinity,1.4356709000552268,18.26,0,0,1.39,,03-Jul-2026,-,1.4356709000552268,-,Infinity,7.919799498746859,-29.731638418079104,https://nsearchives.nseindia.com/today/SMALL250EQN.svg,https://nsearchives.nseindia.com/30d/SMALL250-EQ.svg,,EQ
MOMMIDCAP,BSE Midcap 150 Momentum 30 TRI,12.88,12.9,12.83,12.9,0.1,0.78,826668,10630950.48,12.8193,12.9,12.21,-,-,Infinity,Infinity,12.8,0,0,0,,,-,Infinity,-,Infinity,0,-5.651105651105646,https://nsearchives.nseindia.com/today/MOMMIDCAPEQN.svg,,,EQ
SBIETFQLTY,Nifty 200 Quality 30 Index,227.02,228.75,222.3,227,-0.02,-0.01,44051,9893414.09,227.8206,247.28,194,-,-,3.5631187554176753,3.558394160583947,227.02,0,3.57,4.08,04-Aug-2025,03-Jul-2026,-,3.558394160583947,-,3.5631187554176753,8.2012293756066,-17.010309278350515,https://nsearchives.nseindia.com/today/SBIETFQLTYEQN.svg,https://nsearchives.nseindia.com/30d/SBIETFQLTY-EQ.svg,https://nsearchives.nseindia.com/365d/SBIETFQLTY-EQ.svg,EQ
ESILVER,Edelweiss Silver ETF,218.1,223.27,218.1,222.82,6.73,3.11,43913,9734633.84,216.5435,375,107.19,-,-,97.20329232675458,-2.8810530445015967,216.09,0,91.25,-6.74,04-Aug-2025,03-Jul-2026,-,-2.8810530445015967,-,97.20329232675458,40.58133333333333,-107.87386883104767,https://nsearchives.nseindia.com/today/ESILVEREQN.svg,https://nsearchives.nseindia.com/30d/ESILVER-EQ.svg,https://nsearchives.nseindia.com/365d/ESILVER-EQ.svg,EQ
NIFTYAXIS,Nifty 50,274.95,274.95,271.21,272,1.04,0.38,34757,9482057.17,272.5922,296.38,244,23-JUL-20, FACE VALUE SPLIT (SUB-DIVISION) - FROM RS 100/- PER SHARE TO RS 10/- PER SHARE,Infinity,0.789268907251638,270.96,0,0,1.06,,03-Jul-2026, FACE VALUE SPLIT (SUB-DIVISION) - FROM RS 100/- PER SHARE TO RS 10/- PER SHARE,0.789268907251638,23-JUL-20,Infinity,8.225926175855319,-11.475409836065573,https://nsearchives.nseindia.com/today/NIFTYAXISEQN.svg,https://nsearchives.nseindia.com/30d/NIFTYAXIS-EQ.svg,,EQ
MAHKTECH,Hang Seng TECH Total Return Index,23.89,23.89,23.89,23.89,0.22,0.93,394802,9431819.78,19.9588,35.59,21,-,-,0.9294465568229778,9.486709440879928,23.67,0,0,8.83,04-Aug-2025,03-Jul-2026,-,9.486709440879928,-,0.9294465568229778,32.87440292216915,-13.761904761904765,https://nsearchives.nseindia.com/today/MAHKTECHEQN.svg,https://nsearchives.nseindia.com/30d/MAHKTECH-EQ.svg,https://nsearchives.nseindia.com/365d/MAHKTECH-EQ.svg,EQ
MOVALUE,Motilal Oswal S&P BSE Enhanced Value ETF,115.87,116.2,113.6,114.81,-0.36,-0.31,81310,9403501.5,115.1792,128.77,98.1,-,-,13.88751115960718,0.008710801393732679,115.17,0,14.24,0.59,04-Aug-2025,03-Jul-2026,-,0.008710801393732679,-,13.88751115960718,10.841034402422931,-17.0336391437309,https://nsearchives.nseindia.com/today/MOVALUEEQN.svg,https://nsearchives.nseindia.com/30d/MOVALUE-EQ.svg,https://nsearchives.nseindia.com/365d/MOVALUE-EQ.svg,EQ
MONIFTY500,Motilal Oswal Nifty 500 ETF,24.16,24.35,24.16,24.29,0.13,0.54,385480,9359454.4,24.2378,28.28,20.75,-,-,3.892215568862276,1.2927439532944067,24.16,0,3.34,1.21,04-Aug-2025,03-Jul-2026,-,1.2927439532944067,-,3.892215568862276,14.108910891089117,-17.060240963855417,https://nsearchives.nseindia.com/today/MONIFTY500EQN.svg,https://nsearchives.nseindia.com/30d/MONIFTY500-EQ.svg,https://nsearchives.nseindia.com/365d/MONIFTY500-EQ.svg,EQ
HDFCMID150,HDFC NIFTY Midcap 150 ETF,23.8,23.88,23.65,23.75,0.11,0.47,391362,9275279.4,23.644,24,19.42,20-OCT-23,FACE VALUE SPLIT (SUB-DIVISION) - FROM RS 115.95/- PER SHARE TO RS 11.59/- PER SHARE,10.619469026548678,2.370689655172417,23.64,0,10.11,1.98,04-Aug-2025,03-Jul-2026,FACE VALUE SPLIT (SUB-DIVISION) - FROM RS 115.95/- PER SHARE TO RS 11.59/- PER SHARE,2.370689655172417,20-OCT-23,10.619469026548678,1.0416666666666667,-22.296601441812555,https://nsearchives.nseindia.com/today/HDFCMID150EQN.svg,https://nsearchives.nseindia.com/30d/HDFCMID150-EQ.svg,https://nsearchives.nseindia.com/365d/HDFCMID150-EQ.svg,EQ
MOENERGY,Nifty Energy Index,39.34,39.34,38.73,38.95,0.01,0.03,233137,9057372.45,38.951,43,33,-,-,Infinity,-1.566843568359862,38.94,0,0,-1.04,,03-Jul-2026,-,-1.566843568359862,-,Infinity,9.418604651162784,-18.03030303030304,https://nsearchives.nseindia.com/today/MOENERGYEQN.svg,https://nsearchives.nseindia.com/30d/MOENERGY-EQ.svg,,EQ
EQUAL50ADD,NIFTY 50 Equal Weight Index,353.37,353.37,351.6,352.98,3.2,0.91,24521,8639238.72,352.7571,361,304.78,-,-,9.842850474560446,2.4704618689581066,349.78,0,8.85,1.88,04-Aug-2025,03-Jul-2026,-,2.4704618689581066,-,9.842850474560446,2.2216066481994408,-15.814686003018586,https://nsearchives.nseindia.com/today/EQUAL50ADDEQN.svg,https://nsearchives.nseindia.com/30d/EQUAL50ADD-EQ.svg,https://nsearchives.nseindia.com/365d/EQUAL50ADD-EQ.svg,EQ
ALPL30IETF,Nifty Alpha Low-Volatility 30 Index,28.47,28.6,28.31,28.31,0,0.00,296260,8437484.8,28.6112,28.72,24.35,10-MAY-24,FACE VALUE SPLIT (SUB-DIVISION) - FROM RS 10/- PER SHARE TO RE 1/- PER SHARE,4.3494286767416135,2.0547945205479463,28.31,0,4.35,2.8,04-Aug-2025,03-Jul-2026,FACE VALUE SPLIT (SUB-DIVISION) - FROM RS 10/- PER SHARE TO RE 1/- PER SHARE,2.0547945205479463,10-MAY-24,4.3494286767416135,1.4275766016713098,-16.262833675564668,https://nsearchives.nseindia.com/today/ALPL30IETFEQN.svg,https://nsearchives.nseindia.com/30d/ALPL30IETF-EQ.svg,https://nsearchives.nseindia.com/365d/ALPL30IETF-EQ.svg,EQ
COMMOIETF,ICICI Prudential Nifty Commodities ETF,101.52,101.98,101.1,101.1,0.08,0.08,81907,8312741.43,101.1401,110.56,86.79,-,-,14.392396469789546,-0.049431537320821915,101.02,0,14.3,0.31,04-Aug-2025,03-Jul-2026,-,-0.049431537320821915,-,14.392396469789546,8.556439942112886,-16.488074662979592,https://nsearchives.nseindia.com/today/COMMOIETFEQN.svg,https://nsearchives.nseindia.com/30d/COMMOIETF-EQ.svg,https://nsearchives.nseindia.com/365d/COMMOIETF-EQ.svg,EQ
EVIETF,Nifty EV & New Age Automotive ETF,33.4,36,33.4,34.5,1.19,3.57,236665,8001643.65,33.3354,36,26.28,-,-,18.27219746314706,8.867150520668977,33.31,0,14.19,5.81,04-Aug-2025,03-Jul-2026,-,8.867150520668977,-,18.27219746314706,4.166666666666667,-31.27853881278538,https://nsearchives.nseindia.com/today/EVIETFEQN.svg,https://nsearchives.nseindia.com/30d/EVIETF-EQ.svg,https://nsearchives.nseindia.com/365d/EVIETF-EQ.svg,EQ
ALPHAETF,Mirae Asset Nifty 200 Alpha 30 ETF,26.52,26.6,26.43,26.55,0.19,0.72,279120,7396680,26.4927,27,21.8,-,-,6.49819494584838,1.29721480351011,26.36,0,5.74,1.35,04-Aug-2025,03-Jul-2026,-,1.29721480351011,-,6.49819494584838,1.666666666666664,-21.788990825688074,https://nsearchives.nseindia.com/today/ALPHAETFEQN.svg,https://nsearchives.nseindia.com/30d/ALPHAETF-EQ.svg,https://nsearchives.nseindia.com/365d/ALPHAETF-EQ.svg,EQ
HEALTHAXIS,Nifty Healthcare Index,173.16,173.16,168.93,169.89,-0.19,-0.11,43189,7309306.36,170.4965,173.72,135.2,-,-,Infinity,1.3119446597888895,170.08,0,0,1.58,,03-Jul-2026,-,1.3119446597888895,-,Infinity,2.2046972139074446,-25.658284023668642,https://nsearchives.nseindia.com/today/HEALTHAXISEQN.svg,https://nsearchives.nseindia.com/30d/HEALTHAXIS-EQ.svg,,EQ
DIVOPPBEES,Nifty Dividend Opportunities 50 TRI,79.59,80.23,79,79.39,0.14,0.18,89149,7094477.42,79.6135,87.09,72.13,-,-,4.049803407601577,3.6152440616027093,79.25,0,3.87,3.28,04-Aug-2025,03-Jul-2026,-,3.6152440616027093,-,4.049803407601577,8.841428407394652,-10.065160127547491,https://nsearchives.nseindia.com/today/DIVOPPBEESEQN.svg,https://nsearchives.nseindia.com/30d/DIVOPPBEES-EQ.svg,https://nsearchives.nseindia.com/365d/DIVOPPBEES-EQ.svg,EQ
AONEGOLD,Domestic price of Gold,13.35,13.55,13.33,13.46,0.21,1.58,513765,6915276.9,13.2378,17.73,10,-,-,Infinity,-0.3700962250184969,13.25,0,0,-2.29,,03-Jul-2026,-,-0.3700962250184969,-,Infinity,24.08347433728144,-34.60000000000001,https://nsearchives.nseindia.com/today/AONEGOLDEQN.svg,https://nsearchives.nseindia.com/30d/AONEGOLD-EQ.svg,,EQ
MIDCAP,Nifty Midcap 50 Index,18.75,18.75,18.58,18.75,0.18,0.97,367998,6863162.7,18.614,19,15.01,27-FEB-26,FACE VALUE SPLIT (SUB-DIVISION) - FROM RS 10/- PER SHARE TO RE 1/- PER SHARE,-88.63085132185302,3.078614623419454,18.57,0,-88.74,2.48,04-Aug-2025,03-Jul-2026,FACE VALUE SPLIT (SUB-DIVISION) - FROM RS 10/- PER SHARE TO RE 1/- PER SHARE,3.078614623419454,27-FEB-26,-88.63085132185302,1.3157894736842106,-24.91672218520986,https://nsearchives.nseindia.com/today/MIDCAPEQN.svg,https://nsearchives.nseindia.com/30d/MIDCAP-EQ.svg,https://nsearchives.nseindia.com/365d/MIDCAP-EQ.svg,EQ
ENERGY,Nifty Energy,39.35,39.35,38.84,39,0.05,0.13,174788,6813236.24,39.0222,42.82,29,-,-,Infinity,-1.713709677419354,38.95,0,0,-1.14,,03-Jul-2026,-,-1.713709677419354,-,Infinity,8.921064922933208,-34.48275862068966,https://nsearchives.nseindia.com/today/ENERGYEQN.svg,https://nsearchives.nseindia.com/30d/ENERGY-EQ.svg,,EQ
GROWWNIFTY,Nifty 50 Index - TRI,10.14,10.14,9.89,9.98,0.08,0.81,672623,6685872.62,9.9523,11.88,8.93,-,-,0.8080808080808087,1.114488348530914,9.9,0,0,0.92,04-Aug-2025,03-Jul-2026,-,1.114488348530914,-,0.8080808080808087,15.993265993265995,-11.758118701007847,https://nsearchives.nseindia.com/today/GROWWNIFTYEQN.svg,https://nsearchives.nseindia.com/30d/GROWWNIFTY-EQ.svg,https://nsearchives.nseindia.com/365d/GROWWNIFTY-EQ.svg,EQ
HDFCNIFBAN,Nifty Bank,59.25,60.1,59.22,60.1,0.86,1.45,111688,6651020.4,59.6824,65.54,51.2,02-FEB-24,FACE VALUE SPLIT (SUB-DIVISION) - FROM RS 223.31/- PER SHARE TO RS 22.331/- PER SHARE,5.420101736537456,0.18336389398232944,59.24,0,3.91,-0.8,04-Aug-2025,03-Jul-2026,FACE VALUE SPLIT (SUB-DIVISION) - FROM RS 223.31/- PER SHARE TO RS 22.331/- PER SHARE,0.18336389398232944,02-FEB-24,5.420101736537456,8.300274641440348,-17.382812499999996,https://nsearchives.nseindia.com/today/HDFCNIFBANEQN.svg,https://nsearchives.nseindia.com/30d/HDFCNIFBAN-EQ.svg,https://nsearchives.nseindia.com/365d/HDFCNIFBAN-EQ.svg,EQ
NEXT50ETF,Nifty Next 50 Index,75.8,78,74.78,77.5,2.49,3.32,86358,6618477.12,74.732,78,60.15,-,-,Infinity,5.917725843925103,75.01,0,0,2.68,,03-Jul-2026,-,5.917725843925103,-,Infinity,0.6410256410256411,-28.844555278470494,https://nsearchives.nseindia.com/today/NEXT50ETFEQN.svg,https://nsearchives.nseindia.com/30d/NEXT50ETF-EQ.svg,,EQ
HDFCNIMEG,Nifty Metal Index TRI,133.77,134.85,130.01,133.8,-9.02,-6.32,48940,6417991.6,130.2576,152.55,126.96,-,-,Infinity,Infinity,142.82,0,0,0,,,-,Infinity,-,Infinity,12.291052114060962,-5.387523629489618,https://nsearchives.nseindia.com/today/HDFCNIMEGEQN.svg,,,EQ
AONESILVER,Domestic price of Silver,8.37,8.55,8.3,8.5,0.21,2.53,756308,6405928.76,8.2943,12,7.43,-,-,Infinity,-3.5187287173666344,8.29,0,0,-7.06,,03-Jul-2026,-,-3.5187287173666344,-,Infinity,29.166666666666668,-14.401076716016155,https://nsearchives.nseindia.com/today/AONESILVEREQN.svg,https://nsearchives.nseindia.com/30d/AONESILVER-EQ.svg,,EQ
MAKEINDIA,Nifty India Manufacturing Total Return Index,167.01,168.86,167.01,168.62,1.61,0.96,37694,6349931.24,167.8418,168.86,138.33,-,-,16.837583148558764,2.654328503591875,167.01,0,15.72,2.84,04-Aug-2025,03-Jul-2026,-,2.654328503591875,-,16.837583148558764,0.1421295747956941,-21.8969131786308,https://nsearchives.nseindia.com/today/MAKEINDIAEQN.svg,https://nsearchives.nseindia.com/30d/MAKEINDIA-EQ.svg,https://nsearchives.nseindia.com/365d/MAKEINDIA-EQ.svg,EQ
TNIDETF,Nifty India Digital Index,90.72,90.76,89.05,89.9,0.08,0.09,65406,5891772.48,90.7277,103.26,74.5,-,-,-1.1870740822158696,10.104102878138395,89.82,0,-1.28,9.84,04-Aug-2025,03-Jul-2026,-,10.104102878138395,-,-1.1870740822158696,12.93821421654077,-20.671140939597322,https://nsearchives.nseindia.com/today/TNIDETFEQN.svg,https://nsearchives.nseindia.com/30d/TNIDETF-EQ.svg,https://nsearchives.nseindia.com/365d/TNIDETF-EQ.svg,EQ
BANKBETA,Nifty Bank,59.86,60.05,59.52,59.9,0.27,0.45,96781,5785568.18,59.9695,73.7,51.3,17-FEB-21, FACE VALUE SPLIT (SUB-DIVISION) - FROM RS 10/- PER UNIT TO RE 1/- PER UNIT,Infinity,-0.53138492195284,59.63,0,0,-0.52,,03-Jul-2026, FACE VALUE SPLIT (SUB-DIVISION) - FROM RS 10/- PER UNIT TO RE 1/- PER UNIT,-0.53138492195284,17-FEB-21,Infinity,18.72455902306649,-16.76413255360624,https://nsearchives.nseindia.com/today/BANKBETAEQN.svg,https://nsearchives.nseindia.com/30d/BANKBETA-EQ.svg,,EQ
MIDSELIETF,S&P BSE Midcap Select Index,19.9,19.9,19.71,19.85,0.23,1.17,282442,5595176.02,19.673,20,14.55,10-MAY-24,FACE VALUE SPLIT (SUB-DIVISION) - FROM RS 10/- PER SHARE TO RE 1/- PER SHARE,14.739884393063587,3.4392912975508083,19.62,0,13.41,2.62,04-Aug-2025,03-Jul-2026,FACE VALUE SPLIT (SUB-DIVISION) - FROM RS 10/- PER SHARE TO RE 1/- PER SHARE,3.4392912975508083,10-MAY-24,14.739884393063587,0.7499999999999929,-36.42611683848798,https://nsearchives.nseindia.com/today/MIDSELIETFEQN.svg,https://nsearchives.nseindia.com/30d/MIDSELIETF-EQ.svg,https://nsearchives.nseindia.com/365d/MIDSELIETF-EQ.svg,EQ
TOP100CASE,Zerodha Nifty 100 ETF,10.95,10.95,10.65,10.82,0.07,0.65,516474,5577919.2,10.8092,11.57,9.48,-,-,2.7540360873694296,1.2160898035547314,10.75,0,2.09,1.32,04-Aug-2025,03-Jul-2026,-,1.2160898035547314,-,2.7540360873694296,6.482281763180639,-14.135021097046414,https://nsearchives.nseindia.com/today/TOP100CASEEQN.svg,https://nsearchives.nseindia.com/30d/TOP100CASE-EQ.svg,https://nsearchives.nseindia.com/365d/TOP100CASE-EQ.svg,EQ
HDFCNIFIT,HDFC NIFTY IT ETF,33.47,33.76,33,33,-0.47,-1.40,164947,5533971.85,33.6367,42.3,27.32,02-FEB-24,FACE VALUE SPLIT (SUB-DIVISION) - FROM RS 299.92/- PER SHARE TO RS 29.992/- PER SHARE,-10.61755146262189,13.168724279835391,33.47,0,-9.34,14.47,04-Aug-2025,03-Jul-2026,FACE VALUE SPLIT (SUB-DIVISION) - FROM RS 299.92/- PER SHARE TO RS 29.992/- PER SHARE,13.168724279835391,02-FEB-24,-10.61755146262189,21.985815602836876,-20.790629575402637,https://nsearchives.nseindia.com/today/HDFCNIFITEQN.svg,https://nsearchives.nseindia.com/30d/HDFCNIFIT-EQ.svg,https://nsearchives.nseindia.com/365d/HDFCNIFIT-EQ.svg,EQ
GROWWCAPM,Nifty Capital Markets Index,11.24,11.24,11.05,11.15,0.01,0.09,493312,5470830.08,11.141,12.66,8.02,-,-,Infinity,-3.9621016365202335,11.14,0,0,-4.87,,03-Jul-2026,-,-3.9621016365202335,-,Infinity,11.927330173775669,-39.027431421446394,https://nsearchives.nseindia.com/today/GROWWCAPMEQN.svg,https://nsearchives.nseindia.com/30d/GROWWCAPM-EQ.svg,,EQ
HDFCPVTBAN,HDFC NIFTY Private Bank ETF,28.36,28.42,28.11,28.17,-0.11,-0.39,189276,5350832.52,28.4271,30.17,24.31,02-FEB-24,FACE VALUE SPLIT (SUB-DIVISION) - FROM RS 216.75/- PER SHARE TO RS 21.675/- PER SHARE,2.885317750182625,-2.6606772633033846,28.28,0,3.29,-1.84,04-Aug-2025,03-Jul-2026,FACE VALUE SPLIT (SUB-DIVISION) - FROM RS 216.75/- PER SHARE TO RS 21.675/- PER SHARE,-2.6606772633033846,02-FEB-24,2.885317750182625,6.629101756711965,-15.878239407651185,https://nsearchives.nseindia.com/today/HDFCPVTBANEQN.svg,https://nsearchives.nseindia.com/30d/HDFCPVTBAN-EQ.svg,https://nsearchives.nseindia.com/365d/HDFCPVTBAN-EQ.svg,EQ
SILVER360,Commodity-Silver,213.39,219.69,213.39,218.82,5.43,2.54,22755,4964230.8,213.2987,358,105.81,-,-,96.62143948243326,-3.433362753751104,213.39,0,91.74,-6.26,04-Aug-2025,03-Jul-2026,-,-3.433362753751104,-,96.62143948243326,38.87709497206704,-106.80464984406011,https://nsearchives.nseindia.com/today/SILVER360EQN.svg,https://nsearchives.nseindia.com/30d/SILVER360-EQ.svg,https://nsearchives.nseindia.com/365d/SILVER360-EQ.svg,EQ
INFRABEES,Nifty Infra,981.5,987.81,971.32,978.99,10.47,1.08,5036,4917855.44,974.4143,1018.3,871.35,-,-,4.806817330235843,-0.2699563994947208,968.52,0,3.69,-1.13,04-Aug-2025,03-Jul-2026,-,-0.2699563994947208,-,4.806817330235843,3.8603554944515315,-12.35324496470993,https://nsearchives.nseindia.com/today/INFRABEESEQN.svg,https://nsearchives.nseindia.com/30d/INFRABEES-EQ.svg,https://nsearchives.nseindia.com/365d/INFRABEES-EQ.svg,EQ
QGOLDHALF,Gold,118.73,119.92,118.52,119.31,1.94,1.65,41053,4899675.55,117.3427,149.69,80.09,16-DEC-21, FACE VALUE SPLIT (SUB-DIVISION) - FROM RS 100 PER SHARE TO RS 2 PER SHARE,43.43592209665784,-0.40070122714751144,117.37,0,41.1,-2.56,04-Aug-2025,03-Jul-2026, FACE VALUE SPLIT (SUB-DIVISION) - FROM RS 100 PER SHARE TO RS 2 PER SHARE,-0.40070122714751144,16-DEC-21,43.43592209665784,20.295276905604915,-48.96990885254089,https://nsearchives.nseindia.com/today/QGOLDHALFEQN.svg,https://nsearchives.nseindia.com/30d/QGOLDHALF-EQ.svg,https://nsearchives.nseindia.com/365d/QGOLDHALF-EQ.svg,EQ
AONETOTAL,Nifty Total Market Index,12.08,12.13,12.01,12.1,0.08,0.67,388204,4697268.4,12.094,12.51,9.6,-,-,4.58081244598098,1.5100671140939574,12.02,0,3.89,1.35,04-Aug-2025,03-Jul-2026,-,1.5100671140939574,-,4.58081244598098,3.2773780975219835,-26.041666666666668,https://nsearchives.nseindia.com/today/AONETOTALEQN.svg,https://nsearchives.nseindia.com/30d/AONETOTAL-EQ.svg,https://nsearchives.nseindia.com/365d/AONETOTAL-EQ.svg,EQ
HEALTHY,Nifty Healthcare TRI,17.21,17.38,17.05,17.25,0.05,0.29,271313,4655731.08,17.236,17.55,13.58,-,-,15.539182853315474,1.7099056603773535,17.2,0,15.2,1.65,04-Aug-2025,03-Jul-2026,-,1.7099056603773535,-,15.539182853315474,1.7094017094017133,-27.02503681885125,https://nsearchives.nseindia.com/today/HEALTHYEQN.svg,https://nsearchives.nseindia.com/30d/HEALTHY-EQ.svg,https://nsearchives.nseindia.com/365d/HEALTHY-EQ.svg,EQ
LTGILTCASE,Nifty 8-13 Yr G-Sec Index,30.75,30.75,30.44,30.57,0.08,0.26,151087,4621751.33,30.4954,31.17,28.71,-,-,Infinity,0.03272251308901035,30.49,0,0,-0.03,,03-Jul-2026,-,0.03272251308901035,-,Infinity,1.9249278152069342,-6.478578892371994,https://nsearchives.nseindia.com/today/LTGILTCASEEQN.svg,https://nsearchives.nseindia.com/30d/LTGILTCASE-EQ.svg,,EQ
NIF100IETF,Nifty 100,28.65,28.92,28.5,28.6,0.1,0.35,157104,4505742.72,28.722,30.88,23,10-MAY-24,FACE VALUE SPLIT (SUB-DIVISION) - FROM RS 10/- PER SHARE TO RE 1/- PER SHARE,1.7069701280227612,0.8818342151675485,28.5,0,1.35,1.06,04-Aug-2025,03-Jul-2026,FACE VALUE SPLIT (SUB-DIVISION) - FROM RS 10/- PER SHARE TO RE 1/- PER SHARE,0.8818342151675485,10-MAY-24,1.7069701280227612,7.3834196891191635,-24.347826086956527,https://nsearchives.nseindia.com/today/NIF100IETFEQN.svg,https://nsearchives.nseindia.com/30d/NIF100IETF-EQ.svg,https://nsearchives.nseindia.com/365d/NIF100IETF-EQ.svg,EQ
NIFTYCASE,Nifty Index 50 Index,10.03,10.03,9.83,9.88,0.05,0.51,448220,4423931.4,9.8854,11.4,8.84,-,-,Infinity,1.1258955987717627,9.83,0,0,1.13,,03-Jul-2026,-,1.1258955987717627,-,Infinity,13.333333333333329,-11.764705882352951,https://nsearchives.nseindia.com/today/NIFTYCASEEQN.svg,https://nsearchives.nseindia.com/30d/NIFTYCASE-EQ.svg,,EQ
HDFCGROWTH,HDFC NIFTY Growth Sectors 15 ETF,122.52,123.69,122.52,122.9,0.38,0.31,35659,4389266.31,123.5565,133.3,107.86,-,-,3.40765671013884,7.684219749408578,122.52,0,3.09,7.52,04-Aug-2025,03-Jul-2026,-,7.684219749408578,-,3.40765671013884,7.801950487621908,-13.944001483404419,https://nsearchives.nseindia.com/today/HDFCGROWTHEQN.svg,https://nsearchives.nseindia.com/30d/HDFCGROWTH-EQ.svg,https://nsearchives.nseindia.com/365d/HDFCGROWTH-EQ.svg,EQ
ABSLBANETF,Nifty Bank,59.24,59.51,59,59.33,0.09,0.15,64845,3839472.45,59.4365,64.94,50.97,25-NOV-21, FACE VALUE SPLIT (SUB-DIVISION) - FROM RS 10/- PER SHARE TO RE 1/- PER SHARE,4.804804804804803,-0.619765494137361,59.24,0,4.65,-0.4,04-Aug-2025,03-Jul-2026, FACE VALUE SPLIT (SUB-DIVISION) - FROM RS 10/- PER SHARE TO RE 1/- PER SHARE,-0.619765494137361,25-NOV-21,4.804804804804803,8.638743455497382,-16.401804983323522,https://nsearchives.nseindia.com/today/ABSLBANETFEQN.svg,https://nsearchives.nseindia.com/30d/ABSLBANETF-EQ.svg,https://nsearchives.nseindia.com/365d/ABSLBANETF-EQ.svg,EQ
MON50EQUAL,Nifty 50 Equal Weight Total Return Index,34.3,34.35,33.69,34.33,0.03,0.09,111940,3805960,34.2435,34.88,29.43,-,-,10.52801030264005,2.3859230539815006,34.3,0,10.43,3.19,04-Aug-2025,03-Jul-2026,-,2.3859230539815006,-,10.52801030264005,1.5768348623853332,-16.649677200135912,https://nsearchives.nseindia.com/today/MON50EQUALEQN.svg,https://nsearchives.nseindia.com/30d/MON50EQUAL-EQ.svg,https://nsearchives.nseindia.com/365d/MON50EQUAL-EQ.svg,EQ
SELECTIPO,BSE Select IPO Index,47.92,48.08,47.83,47.9,0.29,0.61,79099,3795961.01,47.7099,57.75,37.8,-,-,-2.1250510829587235,4.10780265159748,47.61,0,-2.72,3.93,04-Aug-2025,03-Jul-2026,-,4.10780265159748,-,-2.1250510829587235,17.056277056277057,-26.719576719576725,https://nsearchives.nseindia.com/today/SELECTIPOEQN.svg,https://nsearchives.nseindia.com/30d/SELECTIPO-EQ.svg,https://nsearchives.nseindia.com/365d/SELECTIPO-EQ.svg,EQ
VALUEAXIS,Nifty500 Value 50 TRI,33.54,33.57,33.3,33.33,0.03,0.09,112721,3766008.61,33.3809,39,22.84,-,-,Infinity,0.6036824630244362,33.3,0,0,0.3,,03-Jul-2026,-,0.6036824630244362,-,Infinity,14.538461538461544,-45.92819614711032,https://nsearchives.nseindia.com/today/VALUEAXISEQN.svg,https://nsearchives.nseindia.com/30d/VALUEAXIS-EQ.svg,,EQ
MOHEALTH,Motilal Oswal S&P BSE Healthcare ETF,51.8,52,51.1,51.68,-0.03,-0.06,70605,3640393.8,51.5423,53,40.79,-,-,14.640638864241351,1.9329388560157728,51.71,0,14.71,1.59,04-Aug-2025,03-Jul-2026,-,1.9329388560157728,-,14.640638864241351,2.4905660377358494,-26.697720029418974,https://nsearchives.nseindia.com/today/MOHEALTHEQN.svg,https://nsearchives.nseindia.com/30d/MOHEALTH-EQ.svg,https://nsearchives.nseindia.com/365d/MOHEALTH-EQ.svg,EQ
GSEC5IETF,Nifty 5 yr Benchmark G-Sec Index,66.4,66.5,65.86,66.14,-0.36,-0.54,54812,3631843.12,66.3232,69.14,62,-,-,4.536115062430848,0.19693985759732682,66.5,0,5.11,0.99,04-Aug-2025,03-Jul-2026,-,0.19693985759732682,-,4.536115062430848,4.339022273647672,-6.677419354838711,https://nsearchives.nseindia.com/today/GSEC5IETFEQN.svg,https://nsearchives.nseindia.com/30d/GSEC5IETF-EQ.svg,https://nsearchives.nseindia.com/365d/GSEC5IETF-EQ.svg,EQ
SENSEXBETA,SENSEX,867.62,876.98,867,867,-0.62,-0.07,4059,3542695.2,869.5164,952.91,785,26-FEB-21, INTERIM DIVIDEND - RS 13.56 PER UNIT,Infinity,0.21036084976537253,867.62,0,0,0.59,,03-Jul-2026, INTERIM DIVIDEND - RS 13.56 PER UNIT,0.21036084976537253,26-FEB-21,Infinity,9.015541866493159,-10.445859872611464,https://nsearchives.nseindia.com/today/SENSEXBETAEQN.svg,https://nsearchives.nseindia.com/30d/SENSEXBETA-EQ.svg,,EQ
HDFCMOMENT,HDFC NIFTY200 Momentum 30 ETF,31.23,31.53,31.09,31.11,0.04,0.13,112093,3497301.6,31.244,33.23,27.13,20-OCT-23,FACE VALUE SPLIT (SUB-DIVISION) - FROM RS 190.61/- PER SHARE TO RS 19.061/- PER SHARE,2.1674876847290645,0.6144890038809758,31.07,0,2.04,0.81,04-Aug-2025,03-Jul-2026,FACE VALUE SPLIT (SUB-DIVISION) - FROM RS 190.61/- PER SHARE TO RS 19.061/- PER SHARE,0.6144890038809758,20-OCT-23,2.1674876847290645,6.379777309659938,-14.670106892738668,https://nsearchives.nseindia.com/today/HDFCMOMENTEQN.svg,https://nsearchives.nseindia.com/30d/HDFCMOMENT-EQ.svg,https://nsearchives.nseindia.com/365d/HDFCMOMENT-EQ.svg,EQ
EQUAL50,Nifty50 Equal Weight,341.18,342.13,340.27,340.5,1.01,0.30,9906,3382007.46,341.3969,342.88,295.16,-,-,9.510179139999353,1.924746310653458,339.49,0,9.19,2.05,04-Aug-2025,03-Jul-2026,-,1.924746310653458,-,9.510179139999353,0.6941203919738671,-15.361160048787088,https://nsearchives.nseindia.com/today/EQUAL50EQN.svg,https://nsearchives.nseindia.com/30d/EQUAL50-EQ.svg,https://nsearchives.nseindia.com/365d/EQUAL50-EQ.svg,EQ
MULTICAP,Nifty500 Multicap 50:25:25 Index,17,17.04,16.93,16.97,0.07,0.41,197079,3346401.42,16.9456,17.5,14.2,-,-,5.732087227414318,1.4952153110047848,16.9,0,5.3,1.62,04-Aug-2025,03-Jul-2026,-,1.4952153110047848,-,5.732087227414318,3.028571428571435,-19.507042253521124,https://nsearchives.nseindia.com/today/MULTICAPEQN.svg,https://nsearchives.nseindia.com/30d/MULTICAP-EQ.svg,https://nsearchives.nseindia.com/365d/MULTICAP-EQ.svg,EQ
BSE500IETF,S&P BSE 500 index,39.9,40.2,39.9,39.93,0.03,0.08,80433,3223754.64,39.9389,42.05,34.5,28-OCT-21, FACE VALUE SPLIT (SUB-DIVISION) - FROM RS 10/- PER SHARE TO RE 1/- PER SHARE,3.4188034188034195,1.0630220197418419,39.9,0,3.34,1.55,04-Aug-2025,03-Jul-2026, FACE VALUE SPLIT (SUB-DIVISION) - FROM RS 10/- PER SHARE TO RE 1/- PER SHARE,1.0630220197418419,28-OCT-21,3.4188034188034195,5.04161712247324,-15.73913043478261,https://nsearchives.nseindia.com/today/BSE500IETFEQN.svg,https://nsearchives.nseindia.com/30d/BSE500IETF-EQ.svg,https://nsearchives.nseindia.com/365d/BSE500IETF-EQ.svg,EQ
GOLD360,Commodity-Gold,139.7,141.45,138.3,140.65,2.35,1.70,22587,3166923.27,138.326,178,87.85,-,-,42.502532928064845,-0.2482269503546059,138.3,0,40.12,-2.67,04-Aug-2025,03-Jul-2026,-,-0.2482269503546059,-,42.502532928064845,20.983146067415728,-60.10244735344338,https://nsearchives.nseindia.com/today/GOLD360EQN.svg,https://nsearchives.nseindia.com/30d/GOLD360-EQ.svg,https://nsearchives.nseindia.com/365d/GOLD360-EQ.svg,EQ
MOMIDMTM,Nifty Midcap 150 Momentum 50 Total Return Index,64.67,64.67,63.9,64.6,0.38,0.59,49113,3164350.59,64.4978,70,54.78,-,-,3.509053036372373,1.7002518891687517,64.22,0,2.9,1.26,04-Aug-2025,03-Jul-2026,-,1.7002518891687517,-,3.509053036372373,7.714285714285722,-17.926250456370926,https://nsearchives.nseindia.com/today/MOMIDMTMEQN.svg,https://nsearchives.nseindia.com/30d/MOMIDMTM-EQ.svg,https://nsearchives.nseindia.com/365d/MOMIDMTM-EQ.svg,EQ
MOTOUR,Nifty India Tourism Total Return Index,81.17,81.36,80.73,81.1,0.98,1.22,38814,3146262.84,80.4139,95.9,64,-,-,-11.152497808939534,-0.47858632961099595,80.12,0,-12.23,-0.96,04-Aug-2025,03-Jul-2026,-,-0.47858632961099595,-,-11.152497808939534,15.432742440041721,-26.718749999999993,https://nsearchives.nseindia.com/today/MOTOUREQN.svg,https://nsearchives.nseindia.com/30d/MOTOUR-EQ.svg,https://nsearchives.nseindia.com/365d/MOTOUR-EQ.svg,EQ
HDFCSENSEX,SENSEX,89.9,89.9,88.74,89.25,0.14,0.16,34460,3071419.8,89.0301,98.48,80.9,02-FEB-24,FACE VALUE SPLIT (SUB-DIVISION) - FROM RS 250.361/- PER SHARE TO RS 25.0361/- PER SHARE,-1.6962220508866683,0.8702531645569574,89.11,0,-1.85,1.17,04-Aug-2025,03-Jul-2026,FACE VALUE SPLIT (SUB-DIVISION) - FROM RS 250.361/- PER SHARE TO RS 25.0361/- PER SHARE,0.8702531645569574,02-FEB-24,-1.6962220508866683,9.372461413484976,-10.321384425216309,https://nsearchives.nseindia.com/today/HDFCSENSEXEQN.svg,https://nsearchives.nseindia.com/30d/HDFCSENSEX-EQ.svg,https://nsearchives.nseindia.com/365d/HDFCSENSEX-EQ.svg,EQ
VAL30IETF,Nifty200 Value 30 Index,15.57,15.63,15.5,15.52,0.08,0.52,196711,3064757.38,15.5622,17.7,12.27,-,-,20.68429237947123,0.45307443365695976,15.44,0,20.06,0,04-Aug-2025,03-Jul-2026,-,0.45307443365695976,-,20.68429237947123,12.31638418079096,-26.487367563162184,https://nsearchives.nseindia.com/today/VAL30IETFEQN.svg,https://nsearchives.nseindia.com/30d/VAL30IETF-EQ.svg,https://nsearchives.nseindia.com/365d/VAL30IETF-EQ.svg,EQ
SHARIABEES,Shariah,475.96,478.97,473.86,475.99,2.13,0.45,6379,3031938.7,477.5797,534.61,433.68,10-MAR-14,DIVIDEND-RS.2 PER UNIT,-3.122137870677544,4.395218773988381,473.86,0,-3.56,4.33,04-Aug-2025,03-Jul-2026,DIVIDEND-RS.2 PER UNIT,4.395218773988381,10-MAR-14,-3.122137870677544,10.96500252520529,-9.756041320789523,https://nsearchives.nseindia.com/today/SHARIABEESEQN.svg,https://nsearchives.nseindia.com/30d/SHARIABEES-EQ.svg,https://nsearchives.nseindia.com/365d/SHARIABEES-EQ.svg,EQ
EBBETF0433,BHARAT Bond ETF-April 2033,1318.6,1318.6,1312.1,1315,2.2,0.17,2283,3004701.96,1316.7222,1345.89,1242.87,-,-,4.9456118369073385,-0.3576516230715627,1312.8,0,4.77,-0.53,04-Aug-2025,03-Jul-2026,-,-0.3576516230715627,-,4.9456118369073385,2.295135560855649,-5.803503182150998,https://nsearchives.nseindia.com/today/EBBETF0433EQN.svg,https://nsearchives.nseindia.com/30d/EBBETF0433-EQ.svg,https://nsearchives.nseindia.com/365d/EBBETF0433-EQ.svg,EQ
AONENIFTY,Nifty 50 Index,10.33,10.33,9.84,10.11,0.01,0.10,289995,2943449.25,10.1707,11.06,9,-,-,0.2976190476190413,0.5970149253731215,10.1,0,0.2,1.1,04-Aug-2025,03-Jul-2026,-,0.5970149253731215,-,0.2976190476190413,8.589511754068726,-12.333333333333327,https://nsearchives.nseindia.com/today/AONENIFTYEQN.svg,https://nsearchives.nseindia.com/30d/AONENIFTY-EQ.svg,https://nsearchives.nseindia.com/365d/AONENIFTY-EQ.svg,EQ
LIQUIDSBI,SBI NIFTY 1D Rate ETF,999.99,1000.01,999.99,999.99,0,0.00,2907,2907000,1000,1010.02,970.23,-,-,-0.0009999999999990906,0,999.99,0,0,0,04-Aug-2025,03-Jul-2026,-,0,-,-0.0009999999999990906,0.9930496425813323,-3.067313935870875,https://nsearchives.nseindia.com/today/LIQUIDSBIEQN.svg,https://nsearchives.nseindia.com/30d/LIQUIDSBI-EQ.svg,https://nsearchives.nseindia.com/365d/LIQUIDSBI-EQ.svg,EQ
GROWWNET,Index,10.13,10.42,10.13,10.28,0.08,0.78,281746,2896348.88,10.2872,11.4,7.93,-,-,-1.058710298363823,6.860706860706863,10.2,0,-1.83,5.81,04-Aug-2025,03-Jul-2026,-,6.860706860706863,-,-1.058710298363823,9.824561403508781,-29.6343001261034,https://nsearchives.nseindia.com/today/GROWWNETEQN.svg,https://nsearchives.nseindia.com/30d/GROWWNET-EQ.svg,https://nsearchives.nseindia.com/365d/GROWWNET-EQ.svg,EQ
PVTBANKADD,DSP Nifty Private Bank ETF,28.24,28.3,28.08,28.3,0.11,0.39,102484,2890048.8,28.3255,31.88,24.02,-,-,4.082383229128354,-1.838362816510571,28.19,0,3.68,-1.71,04-Aug-2025,03-Jul-2026,-,-1.838362816510571,-,4.082383229128354,11.229611041405265,-17.818484596169863,https://nsearchives.nseindia.com/today/PVTBANKADDEQN.svg,https://nsearchives.nseindia.com/30d/PVTBANKADD-EQ.svg,https://nsearchives.nseindia.com/365d/PVTBANKADD-EQ.svg,EQ
MOLOWVOL,Nifty Midcap 100 TRI,38.25,38.25,37.41,37.85,0.35,0.93,74396,2788362.08,37.3836,43.07,33.52,11-AUG-22,FACE VALUE SPLIT (SUB-DIVISION) - FROM RS 10/- PER UNIT TO RS 2/- PER UNIT,1.5289699570815458,1.2302754747258648,37.5,0,0.59,0.48,04-Aug-2025,03-Jul-2026,FACE VALUE SPLIT (SUB-DIVISION) - FROM RS 10/- PER UNIT TO RS 2/- PER UNIT,1.2302754747258648,11-AUG-22,1.5289699570815458,12.119804968655673,-12.917661097852022,https://nsearchives.nseindia.com/today/MOLOWVOLEQN.svg,https://nsearchives.nseindia.com/30d/MOLOWVOL-EQ.svg,https://nsearchives.nseindia.com/365d/MOLOWVOL-EQ.svg,EQ
MNC,Kotak Nifty MNC ETF,34.38,34.68,34.38,34.65,0.27,0.79,80276,2774338.56,34.4589,35.54,27.83,-,-,17.617107942973515,1.404741000877954,34.38,0,16.7,1.72,04-Aug-2025,03-Jul-2026,-,1.404741000877954,-,17.617107942973515,2.5042205965109754,-24.50592885375494,https://nsearchives.nseindia.com/today/MNCEQN.svg,https://nsearchives.nseindia.com/30d/MNC-EQ.svg,https://nsearchives.nseindia.com/365d/MNC-EQ.svg,EQ
BANKETF,Mirae Asset Nifty Bank ETF,589.89,591.3,585.89,588.17,-0.3,-0.05,4651,2735346.12,590.6989,628.27,507.01,-,-,4.252189017689392,-0.9848153260833007,588.47,0,4.31,-0.37,04-Aug-2025,03-Jul-2026,-,-0.9848153260833007,-,4.252189017689392,6.382606204338902,-16.00757381511212,https://nsearchives.nseindia.com/today/BANKETFEQN.svg,https://nsearchives.nseindia.com/30d/BANKETF-EQ.svg,https://nsearchives.nseindia.com/365d/BANKETF-EQ.svg,EQ
BFSI,Nifty Financial Services Index,27.96,27.99,27.75,27.89,0.09,0.32,97737,2722952.82,27.9301,29.94,24.03,-,-,2.311078503301537,-0.7826396300248981,27.8,0,1.98,-0.47,04-Aug-2025,03-Jul-2026,-,-0.7826396300248981,-,2.311078503301537,6.847027388109554,-16.063254265501453,https://nsearchives.nseindia.com/today/BFSIEQN.svg,https://nsearchives.nseindia.com/30d/BFSI-EQ.svg,https://nsearchives.nseindia.com/365d/BFSI-EQ.svg,EQ
CONSUMIETF,Nifty India Consumption Index,126.64,126.94,124.55,126.32,1.09,0.87,21425,2709405.5,126.6572,141.27,94.65,-,-,3.958521932351237,2.95867633873991,125.23,0,3.06,2.38,04-Aug-2025,03-Jul-2026,-,2.95867633873991,-,3.958521932351237,10.58257237913217,-33.460116217643936,https://nsearchives.nseindia.com/today/CONSUMIETFEQN.svg,https://nsearchives.nseindia.com/30d/CONSUMIETF-EQ.svg,https://nsearchives.nseindia.com/365d/CONSUMIETF-EQ.svg,EQ
MOMOMENTUM,Nifty 200 Momentum 30 Total Return Index,62.69,62.97,62.11,62.6,0.07,0.11,42906,2685486.54,62.661,66.28,54.32,11-AUG-22,FACE VALUE SPLIT (SUB-DIVISION) - FROM RS 10/- PER UNIT TO RS 2/- PER UNIT,2.304298087922869,0.6592699790963237,62.53,0,2.19,1.18,04-Aug-2025,03-Jul-2026,FACE VALUE SPLIT (SUB-DIVISION) - FROM RS 10/- PER UNIT TO RS 2/- PER UNIT,0.6592699790963237,11-AUG-22,2.304298087922869,5.552202776101388,-15.243004418262153,https://nsearchives.nseindia.com/today/MOMOMENTUMEQN.svg,https://nsearchives.nseindia.com/30d/MOMOMENTUM-EQ.svg,https://nsearchives.nseindia.com/365d/MOMOMENTUM-EQ.svg,EQ
NIFTYADD,Nifty 50 Index,258.61,260.11,257.27,259.5,1.62,0.63,10315,2664467.65,259.466,300,232.64,-,-,Infinity,1.114401496259357,257.88,0,0,1.13,,03-Jul-2026,-,1.114401496259357,-,Infinity,13.5,-11.545735900962868,https://nsearchives.nseindia.com/today/NIFTYADDEQN.svg,https://nsearchives.nseindia.com/30d/NIFTYADD-EQ.svg,,EQ
QUAL30IETF,ICICI Prudential Nifty 200 Quality 30 ETF,21.8,21.8,21.23,21.61,0.17,0.79,119675,2582586.5,21.6643,23,18,10-MAY-24,FACE VALUE SPLIT (SUB-DIVISION) - FROM RS 10/- PER SHARE TO RE 1/- PER SHARE,3.8443056222969765,4.094412331406541,21.44,0,3.03,3.33,04-Aug-2025,03-Jul-2026,FACE VALUE SPLIT (SUB-DIVISION) - FROM RS 10/- PER SHARE TO RE 1/- PER SHARE,4.094412331406541,10-MAY-24,3.8443056222969765,6.043478260869568,-20.055555555555554,https://nsearchives.nseindia.com/today/QUAL30IETFEQN.svg,https://nsearchives.nseindia.com/30d/QUAL30IETF-EQ.svg,https://nsearchives.nseindia.com/365d/QUAL30IETF-EQ.svg,EQ
SILVERBND,Commodity - Silver,220.58,224.33,220.58,223.12,5.38,2.47,10935,2439817.2,217.5773,389,180,-,-,Infinity,-3.365238858330799,217.74,0,0,-6.14,,03-Jul-2026,-,-3.365238858330799,-,Infinity,42.6426735218509,-23.955555555555556,https://nsearchives.nseindia.com/today/SILVERBNDEQN.svg,https://nsearchives.nseindia.com/30d/SILVERBND-EQ.svg,,EQ
GOLDBND,Commodity - Gold,142.25,147.5,142.25,143.91,2.04,1.44,16838,2428376.36,141.5832,180.16,127.96,-,-,Infinity,-0.4220869083863919,141.87,0,0,-2.45,,03-Jul-2026,-,-0.4220869083863919,-,Infinity,20.12100355239787,-12.464832760237577,https://nsearchives.nseindia.com/today/GOLDBNDEQN.svg,https://nsearchives.nseindia.com/30d/GOLDBND-EQ.svg,,EQ
LOWVOL1,Kotak Nifty 100 Low Vol 30 ETF,21.85,22.3,21.75,22.3,0.84,3.91,108026,2358207.58,21.8488,22.9,18.77,-,-,7.469879518072292,5.288007554296511,21.46,0,3.42,1.32,04-Aug-2025,03-Jul-2026,-,5.288007554296511,-,7.469879518072292,2.6200873362445325,-18.806606286627602,https://nsearchives.nseindia.com/today/LOWVOL1EQN.svg,https://nsearchives.nseindia.com/30d/LOWVOL1-EQ.svg,https://nsearchives.nseindia.com/365d/LOWVOL1-EQ.svg,EQ
BANKPSU,Nifty PSU Bank Total Return Index,84.2,86.68,84.2,86.07,0.67,0.78,26883,2316239.28,85.5692,99.52,67.59,-,-,25.192727272727264,2.464285714285706,85.4,0,24.22,0.51,04-Aug-2025,03-Jul-2026,-,2.464285714285706,-,25.192727272727264,13.51487138263666,-27.341322680869936,https://nsearchives.nseindia.com/today/BANKPSUEQN.svg,https://nsearchives.nseindia.com/30d/BANKPSU-EQ.svg,https://nsearchives.nseindia.com/365d/BANKPSU-EQ.svg,EQ
ECAPINSURE,BSE Capital Markets & Insurance Total Return Index,24.1,24.16,23.51,23.87,0.21,0.89,92756,2205737.68,23.5408,25.88,20.5,-,-,4.190309908336975,-1.8906699547883161,23.66,0,3.27,-3.74,04-Aug-2025,03-Jul-2026,-,-1.8906699547883161,-,4.190309908336975,7.766615146831523,-16.439024390243908,https://nsearchives.nseindia.com/today/ECAPINSUREEQN.svg,https://nsearchives.nseindia.com/30d/ECAPINSURE-EQ.svg,https://nsearchives.nseindia.com/365d/ECAPINSURE-EQ.svg,EQ
INTERNET,Equity Index,13.89,14,13.87,13.88,0.01,0.07,156456,2176302.96,13.8932,15.2,10.72,-,-,-0.3589375448671855,6.933744221879817,13.87,0,-0.43,6.86,04-Aug-2025,03-Jul-2026,-,6.933744221879817,-,-0.3589375448671855,8.68421052631578,-29.477611940298505,https://nsearchives.nseindia.com/today/INTERNETEQN.svg,https://nsearchives.nseindia.com/30d/INTERNET-EQ.svg,https://nsearchives.nseindia.com/365d/INTERNET-EQ.svg,EQ
SETF10GILT,Nifty 10 yr Benchmark G-Sec Index,264.96,265.98,264.33,264.34,-0.61,-0.23,8210,2175157.4,264.8309,272.31,250.37,-,-,2.184081332869449,-0.6763357631321903,264.95,0,2.42,0.34,04-Aug-2025,03-Jul-2026,-,-0.6763357631321903,-,2.184081332869449,2.9268113547060435,-5.5797419818668255,https://nsearchives.nseindia.com/today/SETF10GILTEQN.svg,https://nsearchives.nseindia.com/30d/SETF10GILT-EQ.svg,https://nsearchives.nseindia.com/365d/SETF10GILT-EQ.svg,EQ
MID150,Nifty Midcap 150 Index,24.11,24.11,23.65,23.73,0.09,0.38,90425,2152115,,24.95,18.97,-,-,9.861111111111105,1.7581475128644946,23.64,0,9.44,1.9,04-Aug-2025,03-Jul-2026,-,1.7581475128644946,-,9.861111111111105,4.8897795591182325,-25.092250922509237,https://nsearchives.nseindia.com/today/MID150EQN.svg,https://nsearchives.nseindia.com/30d/MID150-EQ.svg,https://nsearchives.nseindia.com/365d/MID150-EQ.svg,EQ
IVZINGOLD,Gold,125.75,125.95,123.85,125.35,2.1,1.70,16895,2116943.5,123.1649,156,85.9,30-APR-26,FACE VALUE SPLIT (SUB-DIVISION) - FROM RS 100/- PER SHARE TO RE 1/- PER SHARE,-98.56681434900672,-0.11952191235060214,123.25,0,-98.59,-2.88,04-Aug-2025,03-Jul-2026,FACE VALUE SPLIT (SUB-DIVISION) - FROM RS 100/- PER SHARE TO RE 1/- PER SHARE,-0.11952191235060214,30-APR-26,-98.56681434900672,19.6474358974359,-45.92549476135039,https://nsearchives.nseindia.com/today/IVZINGOLDEQN.svg,https://nsearchives.nseindia.com/30d/IVZINGOLD-EQ.svg,https://nsearchives.nseindia.com/365d/IVZINGOLD-EQ.svg,EQ
CEMNTGROWW,Nifty Cements Index TRI,15.68,15.84,15.44,15.75,0.25,1.61,134268,2095923.48,15.4305,15.97,14.9,-,-,Infinity,Infinity,15.5,0,0,0,,,-,Infinity,-,Infinity,1.3775829680651261,-5.704697986577179,https://nsearchives.nseindia.com/today/CEMNTGROWWEQN.svg,,,EQ
GROWWCHEM,Nifty Chemicals Index - TRI,30.24,30.77,30.24,30.6,0.58,1.93,68427,2081549.34,30.4592,31.61,24.64,-,-,Infinity,1.2909632571996046,30.02,0,0,0.13,,03-Jul-2026,-,1.2909632571996046,-,Infinity,3.1951913951281177,-24.188311688311693,https://nsearchives.nseindia.com/today/GROWWCHEMEQN.svg,https://nsearchives.nseindia.com/30d/GROWWCHEM-EQ.svg,,EQ
MOMENTUM30,Nifty 200 Momentum 30 Index,30.93,31.1,30.83,30.85,0,0.00,66054,2046352.92,30.953,37.38,26.91,-,-,Infinity,0.35783994795056273,30.85,0,0,1.25,,03-Jul-2026,-,0.35783994795056273,-,Infinity,17.469234884965225,-14.641397250092906,https://nsearchives.nseindia.com/today/MOMENTUM30EQN.svg,https://nsearchives.nseindia.com/30d/MOMENTUM30-EQ.svg,,EQ
ITAXIS,NIFTY IT Index,350,350.98,344,348.39,1.83,0.53,5828,2016313.16,346.8822,439.67,230.7,-,-,Infinity,16.48333277608747,346.56,0,0,14.77,,03-Jul-2026,-,16.48333277608747,-,Infinity,20.761025314440385,-51.01430429128739,https://nsearchives.nseindia.com/today/ITAXISEQN.svg,https://nsearchives.nseindia.com/30d/ITAXIS-EQ.svg,,EQ
BANK10ADD,BSE Top 10 Banks Index (TRI),17.1,17.42,17.01,17.18,0.16,0.94,115094,1962352.7,17.0627,18.99,12.08,-,-,Infinity,-2.0524515393386515,17.02,0,0,-1.85,,03-Jul-2026,-,-2.0524515393386515,-,Infinity,9.53133228014744,-42.21854304635761,https://nsearchives.nseindia.com/today/BANK10ADDEQN.svg,https://nsearchives.nseindia.com/30d/BANK10ADD-EQ.svg,,EQ
CONSUMER,Nifty India New AgeConsumption,12.21,12.32,12.21,12.28,0.12,0.99,158858,1949187.66,12.2079,12.87,9.69,-,-,5.49828178694157,4.156064461407975,12.16,0,4.47,4.02,04-Aug-2025,03-Jul-2026,-,4.156064461407975,-,5.49828178694157,4.584304584304584,-26.72858617131063,https://nsearchives.nseindia.com/today/CONSUMEREQN.svg,https://nsearchives.nseindia.com/30d/CONSUMER-EQ.svg,https://nsearchives.nseindia.com/365d/CONSUMER-EQ.svg,EQ
MONIFTY100,Nifty 100 Total Return Index,25.9,25.96,25.7,25.7,-0.01,-0.04,74276,1921520.12,25.8972,27.97,22.38,-,-,Infinity,0.3514252245216707,25.71,0,0,1.34,,03-Jul-2026,-,0.3514252245216707,-,Infinity,8.115838398283874,-14.83467381590706,https://nsearchives.nseindia.com/today/MONIFTY100EQN.svg,https://nsearchives.nseindia.com/30d/MONIFTY100-EQ.svg,,EQ
MONQ50,Nasdaq Q-50 Total Return Index,142.52,142.52,142.52,142.52,2.1,1.50,13126,1870717.52,122.4029,147.24,77.37,-,-,78.82057716436638,-2.1019370792691316,140.42,0,76.19,-4.53,04-Aug-2025,03-Jul-2026,-,-2.1019370792691316,-,78.82057716436638,3.2056506384134735,-84.20576450820732,https://nsearchives.nseindia.com/today/MONQ50EQN.svg,https://nsearchives.nseindia.com/30d/MONQ50-EQ.svg,https://nsearchives.nseindia.com/365d/MONQ50-EQ.svg,EQ
SBINEQWETF,Nifty50 Equal Weight,34,34.43,34,34.1,0.23,0.68,53122,1817834.84,34.3165,36.4,29.64,-,-,9.364977549711359,0.8577343981070663,33.87,0,8.63,0.95,04-Aug-2025,03-Jul-2026,-,0.8577343981070663,-,9.364977549711359,6.318681318681311,-15.047233468286104,https://nsearchives.nseindia.com/today/SBINEQWETFEQN.svg,https://nsearchives.nseindia.com/30d/SBINEQWETF-EQ.svg,https://nsearchives.nseindia.com/365d/SBINEQWETF-EQ.svg,EQ
GROWWRLTY,Index,10.05,10.28,9.95,10.11,0.11,1.10,175684,1786706.28,9.9922,11.3,7.17,-,-,Infinity,-0.394088669950748,10,0,0,0.81,,03-Jul-2026,-,-0.394088669950748,-,Infinity,10.530973451327444,-41.0041841004184,https://nsearchives.nseindia.com/today/GROWWRLTYEQN.svg,https://nsearchives.nseindia.com/30d/GROWWRLTY-EQ.svg,,EQ
MIDQ50ADD,Nifty Midcap 150 Quality 50 Index,25.52,25.7,25.51,25.63,0.17,0.67,67593,1729704.87,25.5118,25.97,21,03-JUL-26,FACE VALUE SPLIT (SUB-DIVISION) - FROM RS 10/- PER UNIT TO RE 1/- PER UNIT,-89.7196261682243,3.4301856335754555,25.46,0,-89.79,2.83,04-Aug-2025,03-Jul-2026,FACE VALUE SPLIT (SUB-DIVISION) - FROM RS 10/- PER UNIT TO RE 1/- PER UNIT,3.4301856335754555,03-JUL-26,-89.7196261682243,1.3092029264535998,-22.047619047619044,https://nsearchives.nseindia.com/today/MIDQ50ADDEQN.svg,https://nsearchives.nseindia.com/30d/MIDQ50ADD-EQ.svg,https://nsearchives.nseindia.com/365d/MIDQ50ADD-EQ.svg,EQ
SBIETFIT,Nifty IT Index,351,351,342.65,343,-4.41,-1.27,4913,1710657.47,349.0622,439.27,285,-,-,-10.602585487906591,13.666489925768825,347.41,0,-9.45,14.29,04-Aug-2025,03-Jul-2026,-,13.666489925768825,-,-10.602585487906591,21.915905934846446,-20.350877192982455,https://nsearchives.nseindia.com/today/SBIETFITEQN.svg,https://nsearchives.nseindia.com/30d/SBIETFIT-EQ.svg,https://nsearchives.nseindia.com/365d/SBIETFIT-EQ.svg,EQ
GROWWNXT50,Index,76.35,76.35,74.1,75.34,-0.37,-0.49,22501,1685549.91,74.5316,76.79,60.01,-,-,Infinity,3.0925013683634446,75.71,0,0,4.1,,03-Jul-2026,-,3.0925013683634446,-,Infinity,1.8882667013934142,-25.54574237627063,https://nsearchives.nseindia.com/today/GROWWNXT50EQN.svg,https://nsearchives.nseindia.com/30d/GROWWNXT50-EQ.svg,,EQ
GROWWSC250,Nifty Smallcap 250 Index - TRI,10.64,10.65,10.55,10.61,0.07,0.66,158721,1680855.39,10.5008,10.97,8,-,-,Infinity,2.117420596727612,10.54,0,0,1.35,,03-Jul-2026,-,2.117420596727612,-,Infinity,3.281677301732007,-32.62499999999999,https://nsearchives.nseindia.com/today/GROWWSC250EQN.svg,https://nsearchives.nseindia.com/30d/GROWWSC250-EQ.svg,,EQ
ABSL10BANK,BSE Top 10 Banks Index,170.95,173.89,169.71,170.3,-0.22,-0.13,9806,1673099.72,170.5502,214.42,150,-,-,Infinity,-2.63564118689611,170.52,0,0,-1.93,,03-Jul-2026,-,-2.63564118689611,-,Infinity,20.576438765040564,-13.53333333333334,https://nsearchives.nseindia.com/today/ABSL10BANKEQN.svg,https://nsearchives.nseindia.com/30d/ABSL10BANK-EQ.svg,,EQ
HSBCGOLD,Commodity,124.33,126.29,124,126.29,2.57,2.08,13104,1643372.64,123.3307,146.4,119.1,-,-,Infinity,0.1586168609723236,123.72,0,0,-2.31,,03-Jul-2026,-,0.1586168609723236,-,Infinity,13.736338797814208,-6.036943744752318,https://nsearchives.nseindia.com/today/HSBCGOLDEQN.svg,https://nsearchives.nseindia.com/30d/HSBCGOLD-EQ.svg,,EQ
NV20BEES,Nifty50 Value20 TRI,143.14,143.15,141.52,142.3,0.45,0.32,11528,1635362.08,142.7269,160,122.02,19-DEC-19, FACE VALUE SPLIT (SUB-DIVISION) - FROM RS 10/- TO RS 1/-,-2.2194736480450694,0.14779365191076638,141.85,0,-2.53,0.62,04-Aug-2025,03-Jul-2026, FACE VALUE SPLIT (SUB-DIVISION) - FROM RS 10/- TO RS 1/-,0.14779365191076638,19-DEC-19,-2.2194736480450694,11.062499999999993,-16.620226192427484,https://nsearchives.nseindia.com/today/NV20BEESEQN.svg,https://nsearchives.nseindia.com/30d/NV20BEES-EQ.svg,https://nsearchives.nseindia.com/365d/NV20BEES-EQ.svg,EQ
GROWWMOM50,Nifty 500 Momentum 50 Index- Total Return Index,11.04,11.04,10.71,10.85,0.07,0.65,147815,1605270.9,10.857,11.5,9.12,-,-,4.226705091258401,1.4967259120673542,10.78,0,3.55,1.51,04-Aug-2025,03-Jul-2026,-,1.4967259120673542,-,4.226705091258401,5.652173913043481,-18.96929824561404,https://nsearchives.nseindia.com/today/GROWWMOM50EQN.svg,https://nsearchives.nseindia.com/30d/GROWWMOM50-EQ.svg,https://nsearchives.nseindia.com/365d/GROWWMOM50-EQ.svg,EQ
HDFCVALUE,HDFC NIFTY50 Value 20 ETF,128.14,128.8,127.05,127.05,-0.85,-0.66,12487,1594714.77,128.39,147.05,120,-,-,-2.7703374913905185,-0.9742790335152097,127.9,0,-2.12,0.4,04-Aug-2025,03-Jul-2026,-,-0.9742790335152097,-,-2.7703374913905185,13.600816048962946,-5.874999999999998,https://nsearchives.nseindia.com/today/HDFCVALUEEQN.svg,https://nsearchives.nseindia.com/30d/HDFCVALUE-EQ.svg,https://nsearchives.nseindia.com/365d/HDFCVALUE-EQ.svg,EQ
TOP15IETF,Nifty Top 15 Equal Weight Index,10.13,10.19,10.1,10.11,0.04,0.40,153179,1554766.85,10.1714,11.36,9.15,-,-,-0.1974333662389077,1.812688821752263,10.07,0,-0.59,1.51,04-Aug-2025,03-Jul-2026,-,1.812688821752263,-,-0.1974333662389077,11.003521126760564,-10.491803278688515,https://nsearchives.nseindia.com/today/TOP15IETFEQN.svg,https://nsearchives.nseindia.com/30d/TOP15IETF-EQ.svg,https://nsearchives.nseindia.com/365d/TOP15IETF-EQ.svg,EQ
FLEXIADD,Nifty500 Flexicap Quality 30 TRI,10.35,10.38,10.32,10.38,0.1,0.97,149876,1549717.84,10.3264,11.9,8.73,-,-,Infinity,5.595116988809774,10.28,0,0,5.01,,03-Jul-2026,-,5.595116988809774,-,Infinity,12.773109243697474,-18.900343642611688,https://nsearchives.nseindia.com/today/FLEXIADDEQN.svg,https://nsearchives.nseindia.com/30d/FLEXIADD-EQ.svg,,EQ
ABSLPSE,Aditya Birla Sun Life Nifty PSE ETF,10.41,10.41,10.29,10.33,0.02,0.19,149680,1543200.8,10.3235,11.6,9.21,-,-,5.193482688391036,-0.48169556840077754,10.31,0,4.99,-0.58,04-Aug-2025,03-Jul-2026,-,-0.48169556840077754,-,5.193482688391036,10.948275862068963,-12.160694896851238,https://nsearchives.nseindia.com/today/ABSLPSEEQN.svg,https://nsearchives.nseindia.com/30d/ABSLPSE-EQ.svg,https://nsearchives.nseindia.com/365d/ABSLPSE-EQ.svg,EQ
TWCGOLDETF,Commodity,141.2,144.24,141.2,144.11,2.72,1.92,10511,1513899.33,141.1624,187.98,123.31,-,-,Infinity,0.08333912077227901,141.39,0,0,-2.3,,03-Jul-2026,-,0.08333912077227901,-,Infinity,23.337589105223948,-16.86805611872517,https://nsearchives.nseindia.com/today/TWCGOLDETFEQN.svg,https://nsearchives.nseindia.com/30d/TWCGOLDETF-EQ.svg,,EQ
SNXT30BEES,BSE Sensex Next 30 Index,43.47,44.15,43.4,44.15,0.47,1.08,33319,1458705.82,43.3438,44.2,36.83,-,-,15.093847758081331,3.9557334589121727,43.68,0,13.87,3.48,04-Aug-2025,03-Jul-2026,-,3.9557334589121727,-,15.093847758081331,0.11312217194571099,-19.875101819169156,https://nsearchives.nseindia.com/today/SNXT30BEESEQN.svg,https://nsearchives.nseindia.com/30d/SNXT30BEES-EQ.svg,https://nsearchives.nseindia.com/365d/SNXT30BEES-EQ.svg,EQ
NIFTY100EW,Nifty 100 Equal Weight Index,35.85,36.08,35.75,36.08,0.29,0.81,39366,1415207.7,35.887,41.41,29.84,-,-,11.461229533518695,2.968036529680363,35.79,0,10.57,2.7,04-Aug-2025,03-Jul-2026,-,2.968036529680363,-,11.461229533518695,12.871287128712867,-20.911528150134046,https://nsearchives.nseindia.com/today/NIFTY100EWEQN.svg,https://nsearchives.nseindia.com/30d/NIFTY100EW-EQ.svg,https://nsearchives.nseindia.com/365d/NIFTY100EW-EQ.svg,EQ
SENSEXETF,Mirae Asset S&P BSE Sensex ETF,81.29,81.47,80.88,81.14,0.21,0.26,17433,1414862.28,80.9819,88.7,73.33,-,-,-2.0521487204249187,0.6325189135557548,80.93,0,-2.31,1.05,04-Aug-2025,03-Jul-2026,-,0.6325189135557548,-,-2.0521487204249187,8.523111612175876,-10.650484112914226,https://nsearchives.nseindia.com/today/SENSEXETFEQN.svg,https://nsearchives.nseindia.com/30d/SENSEXETF-EQ.svg,https://nsearchives.nseindia.com/365d/SENSEXETF-EQ.svg,EQ
HDFCQUAL,HDFC NIFTY100 Quality 30 ETF,59.75,59.96,59.64,59.66,0.22,0.37,23695,1414117.6,59.8371,61.87,51.91,-,-,4.721783394769173,3.702416130714402,59.44,0,4.34,3.45,04-Aug-2025,03-Jul-2026,-,3.702416130714402,-,4.721783394769173,3.5720058186520136,-14.929685994991333,https://nsearchives.nseindia.com/today/HDFCQUALEQN.svg,https://nsearchives.nseindia.com/30d/HDFCQUAL-EQ.svg,https://nsearchives.nseindia.com/365d/HDFCQUAL-EQ.svg,EQ
TECH,Nifty IT TRI Index,34.12,34.67,34.01,34.02,-0.27,-0.79,40746,1402477.32,34.4678,49.41,28,-,-,-9.424920127795524,13.817330210772841,34.29,0,-8.71,14.38,04-Aug-2025,03-Jul-2026,-,13.817330210772841,-,-9.424920127795524,31.147540983606547,-21.50000000000001,https://nsearchives.nseindia.com/today/TECHEQN.svg,https://nsearchives.nseindia.com/30d/TECH-EQ.svg,https://nsearchives.nseindia.com/365d/TECH-EQ.svg,EQ
EQUAL200,BSE 200 Equal Weight,14.09,14.14,14.06,14.09,0.07,0.50,94334,1329166.06,11.883,14.6,11.75,-,-,9.8207326578332,2.5473071324599683,14.02,0,9.28,2.19,04-Aug-2025,03-Jul-2026,-,2.5473071324599683,-,9.8207326578332,3.4931506849315053,-19.914893617021278,https://nsearchives.nseindia.com/today/EQUAL200EQN.svg,https://nsearchives.nseindia.com/30d/EQUAL200-EQ.svg,https://nsearchives.nseindia.com/365d/EQUAL200-EQ.svg,EQ
BANKADD,DSP Nifty Bank ETF,58.9,59.39,58.31,59.1,-0.04,-0.07,22215,1313350.8,59.3508,62.9,51.01,-,-,Infinity,-0.9718498659517397,59.14,0,0,-0.34,,03-Jul-2026,-,-0.9718498659517397,-,Infinity,6.041335453100155,-15.859635365614592,https://nsearchives.nseindia.com/today/BANKADDEQN.svg,https://nsearchives.nseindia.com/30d/BANKADD-EQ.svg,,EQ
BANKBETF,Bajaj Finserv Nifty Bank ETF,59,59,58,59,0.4,0.68,21345,1252097.7,58.9305,63.9,50.71,-,-,4.665602270711376,-0.1860937235662315,58.6,0,3.96,-0.59,04-Aug-2025,03-Jul-2026,-,-0.1860937235662315,-,4.665602270711376,7.6682316118935825,-16.34786038256754,https://nsearchives.nseindia.com/today/BANKBETFEQN.svg,https://nsearchives.nseindia.com/30d/BANKBETF-EQ.svg,https://nsearchives.nseindia.com/365d/BANKBETF-EQ.svg,EQ
SBIMIDMOM,Nifty Midcap 150 Momentum 50 Index,64.2,64.2,63.44,63.53,-0.01,-0.02,19645,1249225.55,63.6573,67.74,53.86,-,-,Infinity,1.501837354209934,63.54,0,0,2.09,,03-Jul-2026,-,1.501837354209934,-,Infinity,6.214939474461167,-17.95395469736354,https://nsearchives.nseindia.com/today/SBIMIDMOMEQN.svg,https://nsearchives.nseindia.com/30d/SBIMIDMOM-EQ.svg,,EQ
SBIETFPB,Nifty Private Bank Index,285.56,285.56,281.62,285,1.65,0.58,3857,1091106.73,284.944,304.58,244.18,-,-,3.745768264715526,-1.2165956119371915,283.35,0,3.15,-1.75,04-Aug-2025,03-Jul-2026,-,-1.2165956119371915,-,3.745768264715526,6.428524525576198,-16.71717585387828,https://nsearchives.nseindia.com/today/SBIETFPBEQN.svg,https://nsearchives.nseindia.com/30d/SBIETFPB-EQ.svg,https://nsearchives.nseindia.com/365d/SBIETFPB-EQ.svg,EQ
NV20,Nifty50 Value 20,14.22,14.31,14.16,14.31,0.12,0.85,76431,1087613.13,14.2592,16.87,12.62,27-FEB-26,FACE VALUE SPLIT (SUB-DIVISION) - FROM RS 10/- PER SHARE TO RE 1/- PER SHARE,-90.12217850486643,0.7037297677691741,14.19,0,-90.21,0.71,04-Aug-2025,03-Jul-2026,FACE VALUE SPLIT (SUB-DIVISION) - FROM RS 10/- PER SHARE TO RE 1/- PER SHARE,0.7037297677691741,27-FEB-26,-90.12217850486643,15.174866627148788,-13.391442155309043,https://nsearchives.nseindia.com/today/NV20EQN.svg,https://nsearchives.nseindia.com/30d/NV20-EQ.svg,https://nsearchives.nseindia.com/365d/NV20-EQ.svg,EQ
SBISMLETF,Nifty Smallcap 250 Index,18.36,18.38,18.28,18.35,0.12,0.66,58380,1068937.8,18.2058,18.95,16.53,-,-,Infinity,1.6620498614958488,18.23,0,0,1.67,,03-Jul-2026,-,1.6620498614958488,-,Infinity,3.1662269129287486,-11.010284331518452,https://nsearchives.nseindia.com/today/SBISMLETFEQN.svg,https://nsearchives.nseindia.com/30d/SBISMLETF-EQ.svg,,EQ
EMULTIMQ,Nifty500 Multicap Momentum Quality 50 Total Return Index,41.75,41.75,41.36,41.6,0.05,0.12,25116,1043820.96,41.5287,43.54,36.25,-,-,0.28929604628737837,0.21681522524693667,41.55,0,0.17,0.31,04-Aug-2025,03-Jul-2026,-,0.21681522524693667,-,0.28929604628737837,4.45567294441892,-14.758620689655176,https://nsearchives.nseindia.com/today/EMULTIMQEQN.svg,https://nsearchives.nseindia.com/30d/EMULTIMQ-EQ.svg,https://nsearchives.nseindia.com/365d/EMULTIMQ-EQ.svg,EQ
ITADD,DSP Nifty IT ETF,33.43,33.49,33,33,-0.21,-0.63,30949,1027197.31,33.384,41.92,27.17,-,-,Infinity,14.305507447176996,33.21,0,0,14.36,,03-Jul-2026,-,14.305507447176996,-,Infinity,21.27862595419848,-21.4574898785425,https://nsearchives.nseindia.com/today/ITADDEQN.svg,https://nsearchives.nseindia.com/30d/ITADD-EQ.svg,,EQ
LIQUIDSHRI,SHRIRAM NIFTY 1D RATE LIQUID ETF,1115.97,1115.98,1115.96,1115.96,0.13,0.01,918,1024451.28,1115.8339,1115.98,1064.45,-,-,4.83813388948387,0.38319690564000997,1115.83,0,4.83,0.38,04-Aug-2025,03-Jul-2026,-,0.38319690564000997,-,4.83813388948387,0.0017921468126652637,-4.839118793743246,https://nsearchives.nseindia.com/today/LIQUIDSHRIEQN.svg,https://nsearchives.nseindia.com/30d/LIQUIDSHRI-EQ.svg,https://nsearchives.nseindia.com/365d/LIQUIDSHRI-EQ.svg,EQ
HDFCNIF100,HDFC NIFTY 100 ETF,26.44,26.69,26.17,26.24,-0.2,-0.76,37294,989036.88,26.6109,29,22,20-OCT-23,FACE VALUE SPLIT (SUB-DIVISION) - FROM RS 177.27/- PER SHARE TO RS 17.727/- PER SHARE,1.117533718689785,-0.07616146230008806,26.44,0,1.89,0.99,04-Aug-2025,03-Jul-2026,FACE VALUE SPLIT (SUB-DIVISION) - FROM RS 177.27/- PER SHARE TO RS 17.727/- PER SHARE,-0.07616146230008806,20-OCT-23,1.117533718689785,9.51724137931035,-19.272727272727266,https://nsearchives.nseindia.com/today/HDFCNIF100EQN.svg,https://nsearchives.nseindia.com/30d/HDFCNIF100-EQ.svg,https://nsearchives.nseindia.com/365d/HDFCNIF100-EQ.svg,EQ
SMALLIETF,Nifty Smallcap 250 Index,18.24,18.41,18.24,18.3,0.06,0.33,52237,958026.58,18.2166,18.68,17.43,-,-,Infinity,1.216814159292049,18.24,0,0,1.11,,03-Jul-2026,-,1.216814159292049,-,Infinity,2.034261241970016,-4.991394148020659,https://nsearchives.nseindia.com/today/SMALLIETFEQN.svg,https://nsearchives.nseindia.com/30d/SMALLIETF-EQ.svg,,EQ
LICNETFN50,Nifty 50,276,276,274.51,275.94,0.5,0.18,3329,916640.15,276.2608,295,248.17,-,-,0.6198949824970786,0.9585833455290519,275.44,0,0.44,1.65,04-Aug-2025,03-Jul-2026,-,0.9585833455290519,-,0.6198949824970786,6.461016949152543,-11.18991014224121,https://nsearchives.nseindia.com/today/LICNETFN50EQN.svg,https://nsearchives.nseindia.com/30d/LICNETFN50-EQ.svg,https://nsearchives.nseindia.com/365d/LICNETFN50-EQ.svg,EQ
HEALTHCARE,Nifty 500 Healthcare Index,21.62,21.7,21.49,21.64,0.02,0.09,40035,865556.7,21.6909,22.27,17.18,-,-,Infinity,1.4533520862634894,21.62,0,0,1.6,,03-Jul-2026,-,1.4533520862634894,-,Infinity,2.8289178266726496,-25.96041909196741,https://nsearchives.nseindia.com/today/HEALTHCAREEQN.svg,https://nsearchives.nseindia.com/30d/HEALTHCARE-EQ.svg,,EQ
TOP20,Nifty Top 20 Equal Weight,9.14,9.16,9.09,9.13,0.03,0.33,93080,848889.6,9.1478,9.99,8,-,-,Infinity,3.8680318543799963,9.1,0,0,3.53,,03-Jul-2026,-,3.8680318543799963,-,Infinity,8.608608608608602,-14.12500000000001,https://nsearchives.nseindia.com/today/TOP20EQN.svg,https://nsearchives.nseindia.com/30d/TOP20-EQ.svg,,EQ
SBIVALETF,Nifty200 Value 30 Index,15.14,15.16,15.08,15.16,0.05,0.33,56039,846188.9,15.1038,17.7,14.43,-,-,Infinity,0.7978723404255386,15.11,0,0,0.6,,03-Jul-2026,-,0.7978723404255386,-,Infinity,14.350282485875702,-5.058905058905062,https://nsearchives.nseindia.com/today/SBIVALETFEQN.svg,https://nsearchives.nseindia.com/30d/SBIVALETF-EQ.svg,,EQ
HEALTHADD,DSP Nifty Healthcare ETF,16.9,16.9,16.53,16.85,0.01,0.06,50086,834933.62,16.9123,17.06,13.54,03-JUL-26,FACE VALUE SPLIT (SUB-DIVISION) - FROM RS 10/- PER UNIT TO RE 1/- PER UNIT,-88.52492508853173,1.262019230769236,16.84,0,-88.53,0.72,04-Aug-2025,03-Jul-2026,FACE VALUE SPLIT (SUB-DIVISION) - FROM RS 10/- PER UNIT TO RE 1/- PER UNIT,1.262019230769236,03-JUL-26,-88.52492508853173,1.2309495896834544,-24.446085672082738,https://nsearchives.nseindia.com/today/HEALTHADDEQN.svg,https://nsearchives.nseindia.com/30d/HEALTHADD-EQ.svg,https://nsearchives.nseindia.com/365d/HEALTHADD-EQ.svg,EQ
IVZINNIFTY,Nifty 50,286.7,286.7,280.51,284.5,4.49,1.60,2923,822064.52,282.4488,315,251.1,31-JUL-26,FACE VALUE SPLIT (SUB-DIVISION) - FROM RS 10/- PER SHARE TO RE 1/- PER SHARE,-89.81378379442819,-89.7918909221385,280.01,0,-89.97,-89.9,04-Aug-2025,03-Jul-2026,FACE VALUE SPLIT (SUB-DIVISION) - FROM RS 10/- PER SHARE TO RE 1/- PER SHARE,-89.7918909221385,31-JUL-26,-89.81378379442819,9.682539682539682,-13.301473516527283,https://nsearchives.nseindia.com/today/IVZINNIFTYEQN.svg,https://nsearchives.nseindia.com/30d/IVZINNIFTY-EQ.svg,https://nsearchives.nseindia.com/365d/IVZINNIFTY-EQ.svg,EQ
MIDCAPBETA,UTI Nifty Midcap 150 Exchange Traded Fund (ETF),236.96,237,236,236.5,-0.46,-0.19,3465,819576.45,235.9432,237.11,192.5,-,-,Infinity,1.9616296615649975,236.96,0,0,2.28,,03-Jul-2026,-,1.9616296615649975,-,Infinity,0.2572645607523991,-22.857142857142858,https://nsearchives.nseindia.com/today/MIDCAPBETAEQN.svg,https://nsearchives.nseindia.com/30d/MIDCAPBETA-EQ.svg,,EQ
SBIETFCON,Nifty India Consumption Index,125.05,126.63,125.05,126.63,1.58,1.26,6329,798466.64,126.1735,133.97,100,-,-,4.187921671877562,4.127950004111501,125.05,0,2.89,2.96,04-Aug-2025,03-Jul-2026,-,4.127950004111501,-,4.187921671877562,5.478838545943124,-26.629999999999995,https://nsearchives.nseindia.com/today/SBIETFCONEQN.svg,https://nsearchives.nseindia.com/30d/SBIETFCON-EQ.svg,https://nsearchives.nseindia.com/365d/SBIETFCON-EQ.svg,EQ
MIDCAPADD,Nifty Midcap 150 Index,23.47,23.52,23.07,23.42,0.02,0.09,33357,781888.08,23.3981,25.5,19.27,-,-,Infinity,1.8703784254023632,23.4,0,0,1.92,,03-Jul-2026,-,1.8703784254023632,-,Infinity,8.156862745098033,-21.536066424494045,https://nsearchives.nseindia.com/today/MIDCAPADDEQN.svg,https://nsearchives.nseindia.com/30d/MIDCAPADD-EQ.svg,,EQ
MOMENTUM,Aditya Birla Sun Life Nifty 200 Momentum 30 ETF,31.36,31.41,31.19,31.2,-0.01,-0.03,24941,780403.89,31.3467,33,27.05,-,-,1.9941157240928389,0.5478569126651568,31.21,0,2.03,1.07,04-Aug-2025,03-Jul-2026,-,0.5478569126651568,-,1.9941157240928389,5.454545454545456,-15.341959334565615,https://nsearchives.nseindia.com/today/MOMENTUMEQN.svg,https://nsearchives.nseindia.com/30d/MOMENTUM-EQ.svg,https://nsearchives.nseindia.com/365d/MOMENTUM-EQ.svg,EQ
MSCIINDIA,MSCI India Index,30.47,30.6,30.25,30.25,0,0.00,25584,779032.8,30.464,32.14,26.5,-,-,3.1015678254942065,0.3982741453700664,30.25,0,3.1,1.82,04-Aug-2025,03-Jul-2026,-,0.3982741453700664,-,3.1015678254942065,5.880522713130057,-14.150943396226415,https://nsearchives.nseindia.com/today/MSCIINDIAEQN.svg,https://nsearchives.nseindia.com/30d/MSCIINDIA-EQ.svg,https://nsearchives.nseindia.com/365d/MSCIINDIA-EQ.svg,EQ
CHOICEGOLD,Gold,140.62,143.82,140.16,142.98,2.36,1.68,5266,749457.12,140.6564,175.49,115.79,-,-,Infinity,-0.23027004396065348,140.62,0,0,-2.74,,03-Jul-2026,-,-0.23027004396065348,-,Infinity,18.525272095276094,-23.482165990154574,https://nsearchives.nseindia.com/today/CHOICEGOLDEQN.svg,https://nsearchives.nseindia.com/30d/CHOICEGOLD-EQ.svg,,EQ
MOGSEC,Nifty 5 yr Benchmark G-Sec Index,65.75,66.6,65.12,65.25,0.01,0.02,11120,732696.8,65.3536,67.33,60.18,-,-,5.004827808175087,-1.3456304807983075,65.24,0,4.99,0.62,04-Aug-2025,03-Jul-2026,-,-1.3456304807983075,-,5.004827808175087,3.089261844645772,-8.424725822532404,https://nsearchives.nseindia.com/today/MOGSECEQN.svg,https://nsearchives.nseindia.com/30d/MOGSEC-EQ.svg,https://nsearchives.nseindia.com/365d/MOGSEC-EQ.svg,EQ
NIFTYBETF,Bajaj Finserv Nifty 50 ETF,253,254.1,251.94,253,1.24,0.49,2882,729578.3,253.4327,279.99,227.01,-,-,0.4685886744500067,0.9778487327878621,251.76,0,-0.02,1.13,04-Aug-2025,03-Jul-2026,-,0.9778487327878621,-,0.4685886744500067,9.639629986785245,-11.448834853090176,https://nsearchives.nseindia.com/today/NIFTYBETFEQN.svg,https://nsearchives.nseindia.com/30d/NIFTYBETF-EQ.svg,https://nsearchives.nseindia.com/365d/NIFTYBETF-EQ.svg,EQ
AONETMMQ50,Nifty Total Market Momentum Quality 50 TRI,10.2,10.23,10.14,10.19,0.04,0.39,68478,697106.04,10.1738,10.87,8,-,-,Infinity,0.49309664694279026,10.15,0,0,0.79,,03-Jul-2026,-,0.49309664694279026,-,Infinity,6.2557497700091975,-27.374999999999993,https://nsearchives.nseindia.com/today/AONETMMQ50EQN.svg,https://nsearchives.nseindia.com/30d/AONETMMQ50-EQ.svg,,EQ
SMALLADD,Nifty Smallcap 250 Index,18.29,18.47,18.29,18.41,0.16,0.88,37184,684557.44,18.2913,18.74,14.01,-,-,Infinity,0.7111597374179376,18.25,0,0,0.88,,03-Jul-2026,-,0.7111597374179376,-,Infinity,1.7609391675560209,-31.406138472519633,https://nsearchives.nseindia.com/today/SMALLADDEQN.svg,https://nsearchives.nseindia.com/30d/SMALLADD-EQ.svg,,EQ
ELM250,Nifty LargeMidcap 250 TRI,16.88,17.03,16.6,17,0.16,0.95,39988,673397.92,16.893,19.2,14.43,-,-,Infinity,2.595051297525647,16.84,0,0,1.14,,03-Jul-2026,-,2.595051297525647,-,Infinity,11.45833333333333,-17.81011781011781,https://nsearchives.nseindia.com/today/ELM250EQN.svg,https://nsearchives.nseindia.com/30d/ELM250-EQ.svg,,EQ
HYBRIDETF,Nifty200 Momentum 30 Plus 8-13 yr G-Sec 50:50 Total Return Index,10.29,10.29,10.11,10.12,0.03,0.30,63919,646860.28,10.0906,10.29,10.02,-,-,Infinity,Infinity,10.09,0,0,0,,,-,Infinity,-,Infinity,1.6520894071914474,-0.9980039920159646,https://nsearchives.nseindia.com/today/HYBRIDETFEQN.svg,,,EQ
MOBANK10,BSE Top 10 Banks Total Return Index,17.06,18.1,16.76,16.9,-0.16,-0.94,35986,617879.62,17.0674,20,15.75,-,-,Infinity,-3.593839132915017,17.06,0,0,-2.01,,03-Jul-2026,-,-3.593839132915017,-,Infinity,15.500000000000005,-7.3015873015872925,https://nsearchives.nseindia.com/today/MOBANK10EQN.svg,https://nsearchives.nseindia.com/30d/MOBANK10-EQ.svg,,EQ
ABSLLIQUID,Aditya Birla Sun Life CRISIL Overnight Fund AI ETF,1000,1000.01,999.99,1000.01,0.01,0.00,596,596000,1000,1044.99,999.56,-,-,0.002000020000198183,0.0009999999999990906,1000,0,0,0,04-Aug-2025,03-Jul-2026,-,0.0009999999999990906,-,0.002000020000198183,4.304347410023064,-0.04501980871583952,https://nsearchives.nseindia.com/today/ABSLLIQUIDEQN.svg,https://nsearchives.nseindia.com/30d/ABSLLIQUID-EQ.svg,https://nsearchives.nseindia.com/365d/ABSLLIQUID-EQ.svg,EQ
MOM50,Nifty 50,257.77,258.58,256.34,257.25,0.98,0.38,2299,592130.44,257.8629,279.33,231.11,16-OCT-14,FACE VALUE SPLIT FROM RS.10/- TO RS.7/-,0.3080402401934105,1.0408483896307956,256.27,0,-0.07,1.01,04-Aug-2025,03-Jul-2026,FACE VALUE SPLIT FROM RS.10/- TO RS.7/-,1.0408483896307956,16-OCT-14,0.3080402401934105,7.904628933519487,-11.310631301112018,https://nsearchives.nseindia.com/today/MOM50EQN.svg,https://nsearchives.nseindia.com/30d/MOM50-EQ.svg,https://nsearchives.nseindia.com/365d/MOM50-EQ.svg,EQ
SMALLGROWW,Nifty Smallcap 250 Momentum Quality 100 Index TRI,47.83,48.5,47.83,48.5,0.77,1.61,12269,590138.9,47.6419,49,45,-,-,Infinity,1.933585540142921,47.73,0,0,1.21,,03-Jul-2026,-,1.933585540142921,-,Infinity,1.0204081632653061,-7.777777777777778,https://nsearchives.nseindia.com/today/SMALLGROWWEQN.svg,https://nsearchives.nseindia.com/30d/SMALLGROWW-EQ.svg,,EQ
MOMGF,Nifty India Manufacturing Total Return Index,163,167,163,165.49,3.71,2.29,3567,589018.71,164.6133,182.16,137.9,-,-,16.616165175110996,3.186182815812454,161.78,0,14,1.34,04-Aug-2025,03-Jul-2026,-,3.186182815812454,-,16.616165175110996,9.151295564339035,-20.007251631617116,https://nsearchives.nseindia.com/today/MOMGFEQN.svg,https://nsearchives.nseindia.com/30d/MOMGF-EQ.svg,https://nsearchives.nseindia.com/365d/MOMGF-EQ.svg,EQ
ABSLNN50ET,Nifty Next 50,79.55,79.97,77.99,78.42,0.43,0.55,7399,580377.56,78.1366,79.97,63.02,25-NOV-21, FACE VALUE SPLIT (SUB-DIVISION) - FROM RS 10/- PER SHARE TO RE 1/- PER SHARE,12.430107526881724,2.8189327389537246,77.99,0,11.81,2.93,04-Aug-2025,03-Jul-2026, FACE VALUE SPLIT (SUB-DIVISION) - FROM RS 10/- PER SHARE TO RE 1/- PER SHARE,2.8189327389537246,25-NOV-21,12.430107526881724,1.938226835063145,-24.436686766105993,https://nsearchives.nseindia.com/today/ABSLNN50ETEQN.svg,https://nsearchives.nseindia.com/30d/ABSLNN50ET-EQ.svg,https://nsearchives.nseindia.com/365d/ABSLNN50ET-EQ.svg,EQ
PVTBKGROWW,Nifty Private Bank Index - TRI,27.79,28.04,27.68,27.75,0.04,0.14,20138,561044.68,27.9802,29.57,25.45,-,-,Infinity,-2.4604569420035123,27.71,0,0,-1.95,,03-Jul-2026,-,-2.4604569420035123,-,Infinity,6.154886709502875,-9.037328094302557,https://nsearchives.nseindia.com/today/PVTBKGROWWEQN.svg,https://nsearchives.nseindia.com/30d/PVTBKGROWW-EQ.svg,,EQ
BBNPPGOLD,Baroda BNP Paribas Gold ETF,141.3,141.3,138.55,140.1,2.75,2.00,3944,550661.28,137.1588,184.05,94.5,-,-,43.545081967213115,0.10718113612004694,137.35,0,40.73,-2.35,04-Aug-2025,03-Jul-2026,-,0.10718113612004694,-,43.545081967213115,23.879380603096994,-48.253968253968246,https://nsearchives.nseindia.com/today/BBNPPGOLDEQN.svg,https://nsearchives.nseindia.com/30d/BBNPPGOLD-EQ.svg,https://nsearchives.nseindia.com/365d/BBNPPGOLD-EQ.svg,EQ
SBINMID150,Nifty Midcap 150 Index,23.91,23.91,23.32,23.32,-0.12,-0.51,23405,549549.4,23.3979,23.97,19.81,-,-,Infinity,1.6564952048822972,23.44,0,0,2,,03-Jul-2026,-,1.6564952048822972,-,Infinity,2.7117229870671613,-17.718324078748118,https://nsearchives.nseindia.com/today/SBINMID150EQN.svg,https://nsearchives.nseindia.com/30d/SBINMID150-EQ.svg,,EQ
INSUREIETF,BSE Insurance Index,16.28,16.28,15.7,15.71,-0.13,-0.82,34855,548966.25,15.5207,0,0,-,-,Infinity,Infinity,15.84,0,0,0,,,-,Infinity,-,Infinity,,,https://nsearchives.nseindia.com/today/INSUREIETFEQN.svg,,,EQ
IDFNIFTYET,Nifty 50,271.94,272.89,270.49,272.35,1.22,0.45,1988,540775.76,272.1207,340.8,244.32,-,-,0.6839186691312469,1.2227755890879435,271.13,0,0.23,1.13,04-Aug-2025,03-Jul-2026,-,1.2227755890879435,-,0.6839186691312469,20.085093896713612,-11.472658808120508,https://nsearchives.nseindia.com/today/IDFNIFTYETEQN.svg,https://nsearchives.nseindia.com/30d/IDFNIFTYET-EQ.svg,https://nsearchives.nseindia.com/365d/IDFNIFTYET-EQ.svg,EQ
NETF,Tata Nifty 50 Exchange Traded Fund,265.55,268.75,264.02,268.1,2.41,0.91,1985,529875.9,268.058,292.9,240.66,-,-,1.1049515405211776,1.2041825525650212,265.69,0,0.2,0.63,04-Aug-2025,03-Jul-2026,-,1.2041825525650212,-,1.1049515405211776,8.4670536019119,-11.401977894124503,https://nsearchives.nseindia.com/today/NETFEQN.svg,https://nsearchives.nseindia.com/30d/NETF-EQ.svg,https://nsearchives.nseindia.com/365d/NETF-EQ.svg,EQ
NEXT30ADD,BSE SENSEX Next 30 Index,43.8,44.97,43.64,43.84,0.11,0.25,12045,528655.05,43.4667,45.9,36.98,-,-,14.018205461638491,2.741973283337243,43.73,0,13.73,2.89,04-Aug-2025,03-Jul-2026,-,2.741973283337243,-,14.018205461638491,4.4880174291938895,-18.55056787452679,https://nsearchives.nseindia.com/today/NEXT30ADDEQN.svg,https://nsearchives.nseindia.com/30d/NEXT30ADD-EQ.svg,https://nsearchives.nseindia.com/365d/NEXT30ADD-EQ.svg,EQ
CONS,Kotak Nifty India Consumption ETF,12.6,12.6,12.32,12.35,-0.18,-1.44,41046,515537.76,12.579,13.2,10.2,27-FEB-26,FACE VALUE SPLIT (SUB-DIVISION) - FROM RS 10/- PER SHARE TO RE 1/- PER SHARE,-89.73143759873618,1.3125512715340455,12.53,0,-89.58,3.47,04-Aug-2025,03-Jul-2026,FACE VALUE SPLIT (SUB-DIVISION) - FROM RS 10/- PER SHARE TO RE 1/- PER SHARE,1.3125512715340455,27-FEB-26,-89.73143759873618,6.439393939393938,-21.078431372549023,https://nsearchives.nseindia.com/today/CONSEQN.svg,https://nsearchives.nseindia.com/30d/CONS-EQ.svg,https://nsearchives.nseindia.com/365d/CONS-EQ.svg,EQ
GROWWMC150,Nifty Midcap 150 Index - TRI,234,236.32,233.92,235.52,1.47,0.63,2019,474505.38,234.0729,245,193.6,-,-,Infinity,2.093718843469597,234.05,0,0,2.56,,03-Jul-2026,-,2.093718843469597,-,Infinity,3.8693877551020366,-21.65289256198348,https://nsearchives.nseindia.com/today/GROWWMC150EQN.svg,https://nsearchives.nseindia.com/30d/GROWWMC150-EQ.svg,,EQ
ITBETA,UTI Nifty IT ETF,330.85,333.01,329.78,329.99,-0.07,-0.02,1426,472362.5,330.9757,409.94,270.68,-,-,Infinity,15.393223065356498,330.06,0,0,14.33,,03-Jul-2026,-,15.393223065356498,-,Infinity,19.502854076206273,-21.911482192995418,https://nsearchives.nseindia.com/today/ITBETAEQN.svg,https://nsearchives.nseindia.com/30d/ITBETA-EQ.svg,,EQ
ESG,NIFTY100 ESG SECTOR LEADERS,42.47,42.6,42.27,42.35,0.18,0.43,10797,457900.77,42.4774,45.06,37.52,-,-,0.11820330969268149,0.7373929590865896,42.17,0,-0.31,1.18,04-Aug-2025,03-Jul-2026,-,0.7373929590865896,-,0.11820330969268149,6.014203284509545,-12.873134328358203,https://nsearchives.nseindia.com/today/ESGEQN.svg,https://nsearchives.nseindia.com/30d/ESG-EQ.svg,https://nsearchives.nseindia.com/365d/ESG-EQ.svg,EQ
BBETF0432,Nifty BHARAT Bond Index - April 2032,1359.47,1359.75,1353,1359,6.29,0.46,332,450464.24,1354.36,1378,1262.29,-,-,5.512422360248447,-0.036778227289444645,1352.71,0,5.02,-0.21,04-Aug-2025,03-Jul-2026,-,-0.036778227289444645,-,5.512422360248447,1.3788098693759072,-7.661472403330458,https://nsearchives.nseindia.com/today/BBETF0432EQN.svg,https://nsearchives.nseindia.com/30d/BBETF0432-EQ.svg,https://nsearchives.nseindia.com/365d/BBETF0432-EQ.svg,EQ
MANUFGBEES,Nifty India Manufacturing TRI,166.46,166.92,165.9,166.3,0.31,0.19,2497,415550.74,165.6651,171.58,138.6,-,-,Infinity,2.7494593759654107,165.99,0,0,3.43,,03-Jul-2026,-,2.7494593759654107,-,Infinity,3.077281734467887,-19.98556998557,https://nsearchives.nseindia.com/today/MANUFGBEESEQN.svg,https://nsearchives.nseindia.com/30d/MANUFGBEES-EQ.svg,,EQ
NIFTYQLITY,Aditya Birla Sun Life Nifty 200 Quality 30 ETF,21.65,21.89,21.61,21.82,0.11,0.51,18845,410821,21.883,23.03,18.95,-,-,3.954263935207251,4.003813155386081,21.71,0,3.43,3.83,04-Aug-2025,03-Jul-2026,-,4.003813155386081,-,3.954263935207251,5.254016500217111,-15.145118733509241,https://nsearchives.nseindia.com/today/NIFTYQLITYEQN.svg,https://nsearchives.nseindia.com/30d/NIFTYQLITY-EQ.svg,https://nsearchives.nseindia.com/365d/NIFTYQLITY-EQ.svg,EQ
MOALPHA50,Nifty Alpha 50 Total Return Index,55.23,55.38,55.03,55.31,0.35,0.64,6977,384711.78,54.9684,62,42.1,-,-,6.2836279784781,3.0365126676602134,54.96,0,5.61,3.52,04-Aug-2025,03-Jul-2026,-,3.0365126676602134,-,6.2836279784781,10.790322580645158,-31.377672209026127,https://nsearchives.nseindia.com/today/MOALPHA50EQN.svg,https://nsearchives.nseindia.com/30d/MOALPHA50-EQ.svg,https://nsearchives.nseindia.com/365d/MOALPHA50-EQ.svg,EQ
GROWWPSE,Nifty PSE Index - TRI,100.31,100.48,99.49,99.49,-0.33,-0.33,3728,372128.96,99.7725,109.85,93.2,-,-,Infinity,-1.3583184612333974,99.82,0,0,-0.44,,03-Jul-2026,-,-1.3583184612333974,-,Infinity,9.431042330450614,-6.748927038626601,https://nsearchives.nseindia.com/today/GROWWPSEEQN.svg,https://nsearchives.nseindia.com/30d/GROWWPSE-EQ.svg,,EQ
LICNETFGSC,GSEC10 NSE Index,29.58,29.59,29.45,29.52,0.08,0.27,12455,367671.6,29.4705,30.5,27.42,-,-,3.797468354430374,-0.06770480704129848,29.44,0,3.52,-0.03,04-Aug-2025,03-Jul-2026,-,-0.06770480704129848,-,3.797468354430374,3.213114754098362,-7.658643326039378,https://nsearchives.nseindia.com/today/LICNETFGSCEQN.svg,https://nsearchives.nseindia.com/30d/LICNETFGSC-EQ.svg,https://nsearchives.nseindia.com/365d/LICNETFGSC-EQ.svg,EQ
UNIONGOLD,Commodity Gold,140.5,142,140.5,141.85,3.35,2.42,2592,366431.04,138.7346,177,93.75,-,-,43.86409736308317,0.4959263195182349,138.5,0,40.47,-2.67,04-Aug-2025,03-Jul-2026,-,0.4959263195182349,-,43.86409736308317,19.858757062146896,-51.30666666666666,https://nsearchives.nseindia.com/today/UNIONGOLDEQN.svg,https://nsearchives.nseindia.com/30d/UNIONGOLD-EQ.svg,https://nsearchives.nseindia.com/365d/UNIONGOLD-EQ.svg,EQ
HDFCLOWVOL,HDFC NIFTY100 Low Volatility 30 ETF,20.79,21.31,20.79,21.28,0.13,0.61,16995,360633.9,21.3384,22.28,18.35,20-OCT-23,FACE VALUE SPLIT (SUB-DIVISION) - FROM RS 126.18/- PER SHARE TO RS 12.618/- PER SHARE,4.3648847474252115,3.0508474576271314,21.15,0,3.73,2.62,04-Aug-2025,03-Jul-2026,FACE VALUE SPLIT (SUB-DIVISION) - FROM RS 126.18/- PER SHARE TO RS 12.618/- PER SHARE,3.0508474576271314,20-OCT-23,4.3648847474252115,4.488330341113106,-15.967302452316074,https://nsearchives.nseindia.com/today/HDFCLOWVOLEQN.svg,https://nsearchives.nseindia.com/30d/HDFCLOWVOL-EQ.svg,https://nsearchives.nseindia.com/365d/HDFCLOWVOL-EQ.svg,EQ
GROWWPSUBK,Nifty PSU Bank Index - TRI,85.13,85.95,85.1,85.88,0.94,1.11,4113,351291.33,85.0907,91.19,77.57,-,-,Infinity,2.1651201522721784,84.94,0,0,0.18,,03-Jul-2026,-,2.1651201522721784,-,Infinity,5.8230069086522676,-10.712904473378888,https://nsearchives.nseindia.com/today/GROWWPSUBKEQN.svg,https://nsearchives.nseindia.com/30d/GROWWPSUBK-EQ.svg,,EQ
EBANK10,Index (BSE Top 10 Bank),17.01,17.1,16.95,16.95,-0.04,-0.24,19678,334329.22,16.9361,0,0,-,-,Infinity,Infinity,16.99,0,0,0,,,-,Infinity,-,Infinity,,,https://nsearchives.nseindia.com/today/EBANK10EQN.svg,,,EQ
VALUE,Nifty 500 Value 50,16.47,16.49,16.4,16.47,0.11,0.67,20133,331389.18,16.3947,19.69,14.83,-,-,Infinity,1.2915129151291345,16.36,0,0,0.62,,03-Jul-2026,-,1.2915129151291345,-,Infinity,16.353478923311336,-11.05866486850977,https://nsearchives.nseindia.com/today/VALUEEQN.svg,https://nsearchives.nseindia.com/30d/VALUE-EQ.svg,,EQ
EMETAL,Nifty Metal Total Return Index,13.12,13.28,13.06,13.28,0.22,1.68,24279,319268.85,13.0212,15.21,12.41,-,-,Infinity,Infinity,13.06,0,0,0,,,-,Infinity,-,Infinity,12.689020381328083,-7.010475423045924,https://nsearchives.nseindia.com/today/EMETALEQN.svg,,,EQ
FMCGADD,Nifty FMCG Index (TRI),49.51,49.71,48.5,49,-0.45,-0.91,6419,317612.12,49.7322,51.09,47.87,-,-,Infinity,-2.7391822151647527,49.45,0,0,-1.69,,03-Jul-2026,-,-2.7391822151647527,-,Infinity,4.090820121354479,-2.360559849592652,https://nsearchives.nseindia.com/today/FMCGADDEQN.svg,https://nsearchives.nseindia.com/30d/FMCGADD-EQ.svg,,EQ
SNXT50BETA,BSE Sensex Next 50,96,96.92,95.95,96.22,0.36,0.38,3249,313983.36,96.021,102.25,77.87,17-FEB-21, FACE VALUE SPLIT (SUB-DIVISION) - FROM RS 10/- PER UNIT TO RE 1/- PER UNIT,Infinity,2.339927674962777,95.86,0,0,2.25,,03-Jul-2026, FACE VALUE SPLIT (SUB-DIVISION) - FROM RS 10/- PER UNIT TO RE 1/- PER UNIT,2.339927674962777,17-FEB-21,Infinity,5.897310513447434,-23.5649158854501,https://nsearchives.nseindia.com/today/SNXT50BETAEQN.svg,https://nsearchives.nseindia.com/30d/SNXT50BETA-EQ.svg,,EQ
BNKETFAXIS,Nifty Bank,596.42,610,592.62,605.87,11.08,1.86,523,312325.14,597.776,647.82,512.51,-,-,Infinity,0.7834852618271403,594.79,0,0,-0.45,,03-Jul-2026,-,0.7834852618271403,-,Infinity,6.475564199932086,-18.216229927220937,https://nsearchives.nseindia.com/today/BNKETFAXISEQN.svg,https://nsearchives.nseindia.com/30d/BNKETFAXIS-EQ.svg,,EQ
MOSERVICE,Nifty Services Sector Total Return Index,31.8,31.89,31.62,31.68,0.03,0.09,9311,295717.36,31.8029,35.37,28.3,-,-,Infinity,1.052631578947363,31.65,0,0,1.22,,03-Jul-2026,-,1.052631578947363,-,Infinity,10.432569974554701,-11.943462897526498,https://nsearchives.nseindia.com/today/MOSERVICEEQN.svg,https://nsearchives.nseindia.com/30d/MOSERVICE-EQ.svg,,EQ
GROWWN200,Nifty 200 Index- Total Return Index,11.59,11.62,11.51,11.55,0.02,0.17,24215,280167.55,11.5651,12.14,9.91,-,-,3.4946236559139834,1.2269938650306798,11.53,0,3.32,1.5,04-Aug-2025,03-Jul-2026,-,1.2269938650306798,-,3.4946236559139834,4.859967051070838,-16.548940464177605,https://nsearchives.nseindia.com/today/GROWWN200EQN.svg,https://nsearchives.nseindia.com/30d/GROWWN200-EQ.svg,https://nsearchives.nseindia.com/365d/GROWWN200-EQ.svg,EQ
QUALITY30,Nifty200 Quality 30 Index,21.17,21.27,21.17,21.2,-0.01,-0.05,12283,261136.58,21.235,23.18,18.09,-,-,5.263157894736835,4.330708661417318,21.21,0,5.31,4.43,04-Aug-2025,03-Jul-2026,-,4.330708661417318,-,5.263157894736835,8.541846419327008,-17.191818684355994,https://nsearchives.nseindia.com/today/QUALITY30EQN.svg,https://nsearchives.nseindia.com/30d/QUALITY30-EQ.svg,https://nsearchives.nseindia.com/365d/QUALITY30-EQ.svg,EQ
SENSEXAXIS,AXIS S&P BSE SENSEX ETF,83,83,79.73,79.8,-1.51,-1.86,3189,259520.82,81.4352,91.35,73.52,-,-,Infinity,-1.8932874354561178,81.31,0,0,0.38,,03-Jul-2026,-,-1.8932874354561178,-,Infinity,12.643678160919539,-8.541893362350383,https://nsearchives.nseindia.com/today/SENSEXAXISEQN.svg,https://nsearchives.nseindia.com/30d/SENSEXAXIS-EQ.svg,,EQ
DIVIDEND,BSE 500 Dividend Leaders,36.67,36.77,36.51,36.67,0.15,0.41,6849,250673.4,36.4943,38.03,33.15,-,-,Infinity,4.651826484018272,36.52,0,0,4.19,,03-Jul-2026,-,4.651826484018272,-,Infinity,3.5761241125427277,-10.618401206636511,https://nsearchives.nseindia.com/today/DIVIDENDEQN.svg,https://nsearchives.nseindia.com/30d/DIVIDEND-EQ.svg,,EQ
BSLSENETFG,BSE SENSEX Index,78.22,79.9,78.22,79.5,0.48,0.61,2953,234261.49,79.1274,87.82,70.32,25-NOV-21, FACE VALUE SPLIT (SUB-DIVISION) - FROM RS 10/- PER SHARE TO RE 1- PER SHARE,-1.681919366806826,1.0678871090770448,79.02,0,-2.28,1.14,04-Aug-2025,03-Jul-2026, FACE VALUE SPLIT (SUB-DIVISION) - FROM RS 10/- PER SHARE TO RE 1- PER SHARE,1.0678871090770448,25-NOV-21,-1.681919366806826,9.473923935322244,-13.054607508532435,https://nsearchives.nseindia.com/today/BSLSENETFGEQN.svg,https://nsearchives.nseindia.com/30d/BSLSENETFG-EQ.svg,https://nsearchives.nseindia.com/365d/BSLSENETFG-EQ.svg,EQ
NEXT50ADD,Nifty Next 50 TRI,74.85,75.26,74.65,74.65,0.06,0.08,2937,219805.08,74.5735,81,56.25,-,-,Infinity,2.316337719298262,74.59,0,0,3.08,,03-Jul-2026,-,2.316337719298262,-,Infinity,7.839506172839499,-32.711111111111116,https://nsearchives.nseindia.com/today/NEXT50ADDEQN.svg,https://nsearchives.nseindia.com/30d/NEXT50ADD-EQ.svg,,EQ
MOQUALITY,Motilal Oswal S&P BSE Quality ETF,204.93,206.27,204.8,204.8,2.53,1.25,1046,215413.24,204.5021,225.6,176.15,-,-,7.16902145473575,1.3861386138613918,202.27,0,5.85,0.55,04-Aug-2025,03-Jul-2026,-,1.3861386138613918,-,7.16902145473575,9.21985815602836,-16.264547260857228,https://nsearchives.nseindia.com/today/MOQUALITYEQN.svg,https://nsearchives.nseindia.com/30d/MOQUALITY-EQ.svg,https://nsearchives.nseindia.com/365d/MOQUALITY-EQ.svg,EQ
GSEC10IETF,ICICI Prudential Nifty 10 yr Benchmark G-Sec ETF,264.5,265.44,263.03,263.03,-1.47,-0.56,801,211175.64,264.3408,266,252.23,-,-,1.9496124031007647,-0.0987504272855208,264.5,0,2.52,-0.56,04-Aug-2025,03-Jul-2026,-,-0.0987504272855208,-,1.9496124031007647,1.116541353383469,-4.281806287911819,https://nsearchives.nseindia.com/today/GSEC10IETFEQN.svg,https://nsearchives.nseindia.com/30d/GSEC10IETF-EQ.svg,https://nsearchives.nseindia.com/365d/GSEC10IETF-EQ.svg,EQ
LIQUIDBETA,Nifty 1D Rate Index,1002.91,1002.91,1002.91,1002.91,0.13,0.01,209,209608.19,1002.7895,1002.91,997.13,-,-,Infinity,Infinity,1002.78,0,0,0,,,-,Infinity,-,Infinity,0,-0.5796636346313894,https://nsearchives.nseindia.com/today/LIQUIDBETAEQN.svg,,,EQ
MOPSE,Nifty PSE Total Return Index,101.17,101.65,100.4,100.85,-0.56,-0.55,1886,190448.28,100.9879,114.7,92.55,-,-,4.518602964037724,-1.0886622204786185,101.41,0,5.1,-0.25,04-Aug-2025,03-Jul-2026,-,-1.0886622204786185,-,4.518602964037724,12.07497820401047,-8.96812533765532,https://nsearchives.nseindia.com/today/MOPSEEQN.svg,https://nsearchives.nseindia.com/30d/MOPSE-EQ.svg,https://nsearchives.nseindia.com/365d/MOPSE-EQ.svg,EQ
INFRA,Nifty India Infrastructure & Logistics,12.32,12.34,12.23,12.25,0.05,0.41,13383,164343.24,12.2213,13.27,10.14,-,-,Infinity,-1.3687600644122377,12.2,0,0,-1.37,,03-Jul-2026,-,-1.3687600644122377,-,Infinity,7.686510926902785,-20.808678500986186,https://nsearchives.nseindia.com/today/INFRAEQN.svg,https://nsearchives.nseindia.com/30d/INFRA-EQ.svg,,EQ
QNIFTY,Nifty 50,271.4,271.6,270,270.6,0.76,0.28,606,164080.56,271.0938,291.19,243.2,13-FEB-26,FACE VALUE SPLIT (SUB-DIVISION) - FROM RS 10/- PER UNIT TO RE 1/- PER UNIT,-89.95847573669387,0.7108563772377182,269.84,0,-89.99,1.14,04-Aug-2025,03-Jul-2026,FACE VALUE SPLIT (SUB-DIVISION) - FROM RS 10/- PER UNIT TO RE 1/- PER UNIT,0.7108563772377182,13-FEB-26,-89.95847573669387,7.070984580514431,-11.266447368421067,https://nsearchives.nseindia.com/today/QNIFTYEQN.svg,https://nsearchives.nseindia.com/30d/QNIFTY-EQ.svg,https://nsearchives.nseindia.com/365d/QNIFTY-EQ.svg,EQ
MOINFRA,BSE India Infrastructure Total Return Index,62.47,62.47,60.55,61.2,0.47,0.77,2440,148840,60.7768,66,54.6,-,-,4.258943781942079,-2.3923444976076556,60.73,0,3.46,-3.39,04-Aug-2025,03-Jul-2026,-,-2.3923444976076556,-,4.258943781942079,7.272727272727268,-12.08791208791209,https://nsearchives.nseindia.com/today/MOINFRAEQN.svg,https://nsearchives.nseindia.com/30d/MOINFRA-EQ.svg,https://nsearchives.nseindia.com/365d/MOINFRA-EQ.svg,EQ
MOMNC,Nifty MNC ETF Total Return Index,33.48,33.65,33.4,33.4,0.08,0.24,4218,141471.72,33.3787,35.8,27.03,-,-,Infinity,1.3964784456587762,33.32,0,0,1.52,,03-Jul-2026,-,1.3964784456587762,-,Infinity,6.703910614525136,-23.566407695153522,https://nsearchives.nseindia.com/today/MOMNCEQN.svg,https://nsearchives.nseindia.com/30d/MOMNC-EQ.svg,,EQ
PVTBANK,Index,27.88,27.92,27.7,27.75,-0.25,-0.89,4390,121910.3,27.939,28.31,27.01,-,-,Infinity,Infinity,28,0,0,0,,,-,Infinity,-,Infinity,1.9780996114447147,-2.7397260273972543,https://nsearchives.nseindia.com/today/PVTBANKEQN.svg,,,EQ
ENIFTY,Nifty 50 TRI,23.66,24.93,23.66,24.9,0.63,2.60,4285,106139.45,24.8118,27.99,22.28,-,-,Infinity,1.5911872705018237,24.27,0,0,-0.7,,03-Jul-2026,-,1.5911872705018237,-,Infinity,11.039657020364416,-11.759425493716327,https://nsearchives.nseindia.com/today/ENIFTYEQN.svg,https://nsearchives.nseindia.com/30d/ENIFTY-EQ.svg,,EQ
LOWVOL,Mirae Asset Nifty 100 Low Volatility 30 ETF,213,213.72,212.33,213.02,1.1,0.52,484,102980.68,213.6074,219.1,183.58,-,-,4.447168423633254,2.7791180160185367,211.92,0,3.91,2.35,04-Aug-2025,03-Jul-2026,-,2.7791180160185367,-,4.447168423633254,2.774988589685068,-16.03660529469441,https://nsearchives.nseindia.com/today/LOWVOLEQN.svg,https://nsearchives.nseindia.com/30d/LOWVOL-EQ.svg,https://nsearchives.nseindia.com/365d/LOWVOL-EQ.svg,EQ
ESENSEX,BSE Sensex TRI,79.9,79.9,78.7,78.83,-0.02,-0.03,1057,83682.69,78.9943,88.05,71.87,-,-,Infinity,0.3309151075474165,78.85,0,0,0.88,,03-Jul-2026,-,0.3309151075474165,-,Infinity,10.471323111868255,-9.68415194100458,https://nsearchives.nseindia.com/today/ESENSEXEQN.svg,https://nsearchives.nseindia.com/30d/ESENSEX-EQ.svg,,EQ
ABSLMSCIN,MSCI India Index,29.4,30.25,29.4,30.05,0.05,0.17,2646,79591.68,30.1293,35.34,26.34,-,-,Infinity,1.0763538513286253,30,0,0,1.45,,03-Jul-2026,-,1.0763538513286253,-,Infinity,14.968873797396723,-14.085041761579351,https://nsearchives.nseindia.com/today/ABSLMSCINEQN.svg,https://nsearchives.nseindia.com/30d/ABSLMSCIN-EQ.svg,,EQ
CONSUMAXIS,NIFTY India Consumption Index,125.83,126.34,125.11,125.31,0.1,0.08,618,77688.78,125.8235,131.85,105.63,-,-,Infinity,2.7131147540983624,125.21,0,0,3.62,,03-Jul-2026,-,2.7131147540983624,-,Infinity,4.960182025028436,-18.631070718545875,https://nsearchives.nseindia.com/today/CONSUMAXISEQN.svg,https://nsearchives.nseindia.com/30d/CONSUMAXIS-EQ.svg,,EQ
MONEXT50,Nifty Next 50 Total Return Index,74.27,74.8,74.04,74.05,-0.08,-0.11,1023,76152.12,74.1093,74.8,59.43,-,-,11.67244759463127,2.2931344108302203,74.13,0,11.79,2.72,04-Aug-2025,03-Jul-2026,-,2.2931344108302203,-,11.67244759463127,1.0026737967914439,-24.600370183409048,https://nsearchives.nseindia.com/today/MONEXT50EQN.svg,https://nsearchives.nseindia.com/30d/MONEXT50-EQ.svg,https://nsearchives.nseindia.com/365d/MONEXT50-EQ.svg,EQ
SENSEXADD,DSP S&P BSE Sensex ETF,81.17,81.48,80.67,81.15,0,0.00,915,74169.9,80.9321,88.2,73.27,-,-,-1.9216823785351576,0.8199776369735505,81.15,0,-1.92,1.18,04-Aug-2025,03-Jul-2026,-,0.8199776369735505,-,-1.9216823785351576,7.993197278911562,-10.754742732359778,https://nsearchives.nseindia.com/today/SENSEXADDEQN.svg,https://nsearchives.nseindia.com/30d/SENSEXADD-EQ.svg,https://nsearchives.nseindia.com/365d/SENSEXADD-EQ.svg,EQ
GROWWLOVOL,Nifty 500 Low Volatility 50 Index   TRI,10.66,10.94,10.63,10.75,0.09,0.84,6910,73867.9,10.7045,11.1,9.39,-,-,8.040201005025134,3.965183752417796,10.66,0,7.14,3,04-Aug-2025,03-Jul-2026,-,3.965183752417796,-,8.040201005025134,3.1531531531531503,-14.483493077742272,https://nsearchives.nseindia.com/today/GROWWLOVOLEQN.svg,https://nsearchives.nseindia.com/30d/GROWWLOVOL-EQ.svg,https://nsearchives.nseindia.com/365d/GROWWLOVOL-EQ.svg,EQ
EBANKNIFTY,Edelweiss Nifty Bank ETF,58,58.69,58,58.6,0.6,1.03,1142,66875.52,58.4588,69.39,50.05,-,-,4.811303881237712,0,58,0,3.74,-0.99,04-Aug-2025,03-Jul-2026,-,0,-,4.811303881237712,15.549791036172358,-17.082917082917092,https://nsearchives.nseindia.com/today/EBANKNIFTYEQN.svg,https://nsearchives.nseindia.com/30d/EBANKNIFTY-EQ.svg,https://nsearchives.nseindia.com/365d/EBANKNIFTY-EQ.svg,EQ
BBNPNBETF,Baroda BNP Paribas NIFTY Bank ETF,58.16,58.62,57.93,58.62,0.46,0.79,1143,66614.04,58.4283,62.77,50.03,-,-,4.940923737916215,-0.5260478533853763,58.16,0,4.12,-0.27,04-Aug-2025,03-Jul-2026,-,-0.5260478533853763,-,4.940923737916215,6.611438585311463,-17.169698181091338,https://nsearchives.nseindia.com/today/BBNPNBETFEQN.svg,https://nsearchives.nseindia.com/30d/BBNPNBETF-EQ.svg,https://nsearchives.nseindia.com/365d/BBNPNBETF-EQ.svg,EQ
MOIPO,BSE Select IPO Total Return Index,47.96,48.09,47.89,48.06,0.1,0.21,1056,50677.44,47.7322,53,36.5,-,-,Infinity,4.2742460403558225,47.96,0,0,4.62,,03-Jul-2026,-,4.2742460403558225,-,Infinity,9.320754716981128,-31.671232876712335,https://nsearchives.nseindia.com/today/MOIPOEQN.svg,https://nsearchives.nseindia.com/30d/MOIPO-EQ.svg,,EQ
MSCIADD,MSCI India Index,30.27,30.27,30.04,30.18,0.03,0.10,1467,44142.03,30.1488,33.82,26.4,-,-,Infinity,3.0385797200409717,30.15,0,0,1.69,,03-Jul-2026,-,3.0385797200409717,-,Infinity,10.762862211709049,-14.318181818181824,https://nsearchives.nseindia.com/today/MSCIADDEQN.svg,https://nsearchives.nseindia.com/30d/MSCIADD-EQ.svg,,EQ
ENEXT50,Nifty Next 50 Total Return Index,74,74.8,73.95,74.4,0.4,0.54,409,30315.08,73.9252,74.8,68.59,-,-,Infinity,3.419516263552972,74,0,0,2.69,,03-Jul-2026,-,3.419516263552972,-,Infinity,0.5347593582887586,-8.470622539728826,https://nsearchives.nseindia.com/today/ENEXT50EQN.svg,https://nsearchives.nseindia.com/30d/ENEXT50-EQ.svg,,EQ
BANK10BETF,Index,20.97,21.14,20.7,20.7,-0.09,-0.43,1421,29784.16,20.999,24.9,20.17,-,-,Infinity,Infinity,20.79,0,0,0,,,-,Infinity,-,Infinity,16.867469879518072,-2.6276648487853125,https://nsearchives.nseindia.com/today/BANK10BETFEQN.svg,,,EQ
MSCI360,MSCI India Index,10.31,10.35,10.23,10.23,-0.03,-0.29,2840,29223.6,10.3042,11.6,9.6,-,-,Infinity,0.88757396449704,10.26,0,0,1.18,,03-Jul-2026,-,0.88757396449704,-,Infinity,11.8103448275862,-6.562500000000008,https://nsearchives.nseindia.com/today/MSCI360EQN.svg,https://nsearchives.nseindia.com/30d/MSCI360-EQ.svg,,EQ
LICNFNHGP,Nifty 100,282.87,283.2,280.36,282.64,1.17,0.42,47,13257.29,282.0719,296.41,248.02,-,-,2.9091571090478827,1.1415280014313822,281.47,0,2.48,1.62,04-Aug-2025,03-Jul-2026,-,1.1415280014313822,-,2.9091571090478827,4.64559225397255,-13.958551729699208,https://nsearchives.nseindia.com/today/LICNFNHGPEQN.svg,https://nsearchives.nseindia.com/30d/LICNFNHGP-EQ.svg,https://nsearchives.nseindia.com/365d/LICNFNHGP-EQ.svg,EQ
NPBET,Nifty Private Bank Index,289.42,289.72,286,286.47,-0.39,-0.14,30,8628.6,289.0853,307,246.26,-,-,2.8765352294764233,-2.228668941979513,286.86,0,3.02,-2.02,04-Aug-2025,03-Jul-2026,-,-2.228668941979513,-,2.8765352294764233,6.687296416938102,-16.32827093316009,https://nsearchives.nseindia.com/today/NPBETEQN.svg,https://nsearchives.nseindia.com/30d/NPBET-EQ.svg,https://nsearchives.nseindia.com/365d/NPBET-EQ.svg,EQ
GILT10BETA,UTI Nifty 10 yr Benchmark G-Sec ETF,26.65,26.99,26.34,26.35,0,0.00,277,7415.29,26.6092,27.14,25.1,-,-,Infinity,-1.5689204333208746,26.35,0,0,-0.3,,03-Jul-2026,-,-1.5689204333208746,-,Infinity,2.9108327192336003,-4.9800796812749,https://nsearchives.nseindia.com/today/GILT10BETAEQN.svg,https://nsearchives.nseindia.com/30d/GILT10BETA-EQ.svg,,EQ
ABGSEC,Aditya Birla Sun Life CRISIL Broad Based Gilt ETF,115.26,115.26,114,114.01,-0.15,-0.13,55,6308.5,114.3368,116.23,108,-,-,3.3448150833937746,-0.6881533101045227,114.16,0,3.48,-0.72,04-Aug-2025,03-Jul-2026,-,-0.6881533101045227,-,3.3448150833937746,1.9100060225415114,-5.564814814814819,https://nsearchives.nseindia.com/today/ABGSECEQN.svg,https://nsearchives.nseindia.com/30d/ABGSEC-EQ.svg,https://nsearchives.nseindia.com/365d/ABGSEC-EQ.svg,EQ
LICNETFSEN,SENSEX,890.66,891.74,890.66,891.74,3.74,0.42,4,3564.56,886.3762,974.02,803,-,-,-1.3561946902654858,0.9155208510156773,888,0,-1.77,0.92,04-Aug-2025,03-Jul-2026,-,0.9155208510156773,-,-1.3561946902654858,8.447465144452883,-11.051058530510586,https://nsearchives.nseindia.com/today/LICNETFSENEQN.svg,https://nsearchives.nseindia.com/30d/LICNETFSEN-EQ.svg,https://nsearchives.nseindia.com/365d/LICNETFSEN-EQ.svg,EQ
GSEC10YEAR,Mirae Asset Nifty 8-13 yr G-Sec ETF,30.48,30.59,30.48,30.59,0.34,1.12,37,1131.46,30.4637,31.33,28.39,-,-,4.581196581196581,0.2950819672131143,30.25,0,3.42,-0.82,04-Aug-2025,03-Jul-2026,-,0.2950819672131143,-,4.581196581196581,2.361953399297793,-7.749207467418103,https://nsearchives.nseindia.com/today/GSEC10YEAREQN.svg,https://nsearchives.nseindia.com/30d/GSEC10YEAR-EQ.svg,https://nsearchives.nseindia.com/365d/GSEC10YEAR-EQ.svg,EQ
GILT5BETA,UTI Nifty 5 yr Benchmark G-Sec ETF,0,0,0,65.71,0,0.00,0,0,66.3853,66.99,61.51,-,-,Infinity,-1.1582430806257675,65.71,0,0,-1.44,,03-Jul-2026,-,-1.1582430806257675,-,Infinity,1.9107329452157056,-6.8281580230856695,https://nsearchives.nseindia.com/today/GILT5BETAEQN.svg,https://nsearchives.nseindia.com/30d/GILT5BETA-EQ.svg,,EQ
GSEC10ABSL,CRISIL 10 Year Gilt ETF,0,0,0,113.27,0,0.00,0,0,112.6217,115,107.65,-,-,3.1415042797304706,0.6218353024784604,113.27,0,3.14,0.62,04-Aug-2025,03-Jul-2026,-,0.6218353024784604,-,3.1415042797304706,1.50434782608696,-5.220622387366457,https://nsearchives.nseindia.com/today/GSEC10ABSLEQN.svg,https://nsearchives.nseindia.com/30d/GSEC10ABSL-EQ.svg,https://nsearchives.nseindia.com/365d/GSEC10ABSL-EQ.svg,EQ
