symbol,assets,open,high,low,ltP,chn,per,qty,trdVal,nav,wkhi,wklo,xDt,cAct,yPC,mPC,prevClose,stockIndClosePrice,perChange365d,perChange30d,date365dAgo,date30dAgo,CAct,MPC,XDt,YPC,nearWKH,nearWKL,chartTodayPath,chart30dPath,chart365dPath,series
LIQUIDBEES,Government Securities,1000,1000.97,999.99,1000.01,0.02,0.00,2922698,2922668773.02,1000,1029.99,969.99,19-SEP-17, EXIT OPTION PURSUANT TO CHANGE IN FUNDAMENTAL ATTRIBUTES OF ETF  ,0.0009999999999990906,0.0009999999999990906,999.99,0,0,0,30-Jul-2025,30-Jun-2026, EXIT OPTION PURSUANT TO CHANGE IN FUNDAMENTAL ATTRIBUTES OF ETF  ,0.0009999999999990906,19-SEP-17,0.0009999999999990906,2.9107078709502052,-3.0948772667759443,https://nsearchives.nseindia.com/today/LIQUIDBEESEQN.svg,https://nsearchives.nseindia.com/30d/LIQUIDBEES-EQ.svg,https://nsearchives.nseindia.com/365d/LIQUIDBEES-EQ.svg,EQ
SILVERBEES,Domestic price of Silver- based on LBMA Silver daily spot fixing price,207.2,208.5,206.26,206.55,-0.08,-0.04,12790272,2653341926.4,207.6935,360,105.42,-,-,87.97779395704407,-2.9461516774739134,206.63,0,88.05,-2.91,30-Jul-2025,30-Jun-2026,-,-2.9461516774739134,-,87.97779395704407,42.62499999999999,-95.93056346044395,https://nsearchives.nseindia.com/today/SILVERBEESEQN.svg,https://nsearchives.nseindia.com/30d/SILVERBEES-EQ.svg,https://nsearchives.nseindia.com/365d/SILVERBEES-EQ.svg,EQ
LIQUIDCASE,Zerodha Nifty 1D Rate Liquid ETF,115.27,115.29,115.27,115.29,0.05,0.04,15767298,1817654113.44,115.2354,115.29,102,-,-,5.076558512577476,0.46183339142558477,115.24,0,5.03,0.42,30-Jul-2025,30-Jun-2026,-,0.46183339142558477,-,5.076558512577476,0,-13.02941176470589,https://nsearchives.nseindia.com/today/LIQUIDCASEEQN.svg,https://nsearchives.nseindia.com/30d/LIQUIDCASE-EQ.svg,https://nsearchives.nseindia.com/365d/LIQUIDCASE-EQ.svg,EQ
GOLDBEES,Gold,117.37,117.77,117,117.2,-0.17,-0.14,12123978,1423355017.2,117.6711,148.14,80,19-DEC-19, FACE VALUE SPLIT (SUB-DIVISION) - FROM RS 100/- TO RS 1/-,42.25027309139459,1.0606191256359438,117.37,0,42.46,1.21,30-Jul-2025,30-Jun-2026, FACE VALUE SPLIT (SUB-DIVISION) - FROM RS 100/- TO RS 1/-,1.0606191256359438,19-DEC-19,42.25027309139459,20.885648710679078,-46.50000000000001,https://nsearchives.nseindia.com/today/GOLDBEESEQN.svg,https://nsearchives.nseindia.com/30d/GOLDBEES-EQ.svg,https://nsearchives.nseindia.com/365d/GOLDBEES-EQ.svg,EQ
NIFTYBEES,Nifty 50,276.4,277.8,269.57,277.3,0.81,0.29,4544113,1260082534.9,276.9326,302.25,251.7,19-DEC-19, FACE VALUE SPLIT (SUB-DIVISION) - FROM RS 10/- TO RS 1/-,-1.0102452432799,2.016040026488124,276.49,0,-1.3,1.72,30-Jul-2025,30-Jun-2026, FACE VALUE SPLIT (SUB-DIVISION) - FROM RS 10/- TO RS 1/-,2.016040026488124,19-DEC-19,-1.0102452432799,8.254755996691477,-10.17083829956298,https://nsearchives.nseindia.com/today/NIFTYBEESEQN.svg,https://nsearchives.nseindia.com/30d/NIFTYBEES-EQ.svg,https://nsearchives.nseindia.com/365d/NIFTYBEES-EQ.svg,EQ
SETFGOLD,Gold,121.72,121.75,120.76,120.85,-0.28,-0.23,8442144,1023019009.92,121.344,153.95,82.51,06-JAN-22,FACE VALUE SPLIT (SUB-DIVISION) - FROM RS 100/- PER SHARE TO RS 1/- PER SHARE,42.10959548447787,1.0620505101187456,121.13,0,42.44,1.3,30-Jul-2025,30-Jun-2026,FACE VALUE SPLIT (SUB-DIVISION) - FROM RS 100/- PER SHARE TO RS 1/- PER SHARE,1.0620505101187456,06-JAN-22,42.10959548447787,21.500487171159467,-46.467094897588154,https://nsearchives.nseindia.com/today/SETFGOLDEQN.svg,https://nsearchives.nseindia.com/30d/SETFGOLD-EQ.svg,https://nsearchives.nseindia.com/365d/SETFGOLD-EQ.svg,EQ
LIQUIDPLUS,Nifty 1D Rate Index,1096.62,1097.09,1096.62,1097.06,0.44,0.04,793553,870583189.71,1096.6091,1127.08,1018.24,-,-,5.136756559906456,0.44865221213007833,1096.62,0,5.09,0.41,30-Jul-2025,30-Jun-2026,-,0.44865221213007833,-,5.136756559906456,2.6635198921105854,-7.740807668133243,https://nsearchives.nseindia.com/today/LIQUIDPLUSEQN.svg,https://nsearchives.nseindia.com/30d/LIQUIDPLUS-EQ.svg,https://nsearchives.nseindia.com/365d/LIQUIDPLUS-EQ.svg,EQ
ITBEES,Nifty IT TRI,35.48,35.48,33.37,34.12,-0.5,-1.44,19003812,644039188.68,34.6772,44.27,28.55,-,-,-11.99380964663401,16.849315068493144,34.62,0,-10.7,18.56,30-Jul-2025,30-Jun-2026,-,16.849315068493144,-,-11.99380964663401,22.927490399819302,-19.509632224168115,https://nsearchives.nseindia.com/today/ITBEESEQN.svg,https://nsearchives.nseindia.com/30d/ITBEES-EQ.svg,https://nsearchives.nseindia.com/365d/ITBEES-EQ.svg,EQ
TATSILV,Tata Silver Exchange Traded Fund,21.39,21.39,20.21,20.98,-0.02,-0.10,24491729,516530564.61,21.1112,35.1,10.44,-,-,88.66906474820145,-3.049907578558226,21,0,88.85,-2.96,30-Jul-2025,30-Jun-2026,-,-3.049907578558226,-,88.66906474820145,40.22792022792023,-100.95785440613027,https://nsearchives.nseindia.com/today/TATSILVEQN.svg,https://nsearchives.nseindia.com/30d/TATSILV-EQ.svg,https://nsearchives.nseindia.com/365d/TATSILV-EQ.svg,EQ
GOLDIETF,Gold,122.47,122.47,121.21,121.47,-0.05,-0.04,4106249,499525190.85,121.8708,158,82.44,-,-,42.18658550860352,1.1407160699417191,121.52,0,42.25,1.18,30-Jul-2025,30-Jun-2026,-,1.1407160699417191,-,42.18658550860352,23.120253164556964,-47.343522561863175,https://nsearchives.nseindia.com/today/GOLDIETFEQN.svg,https://nsearchives.nseindia.com/30d/GOLDIETF-EQ.svg,https://nsearchives.nseindia.com/365d/GOLDIETF-EQ.svg,EQ
LIQUID1,Kotak Nifty 1D Rate Liquid ETF,1112.56,1116.31,1112.56,1116.31,0.49,0.04,434615,485156378.35,1115.8266,1136.66,1030.28,-,-,5.159485276108294,0.45534308211473074,1115.82,0,5.11,0.41,30-Jul-2025,30-Jun-2026,-,0.45534308211473074,-,5.159485276108294,1.7903330811324525,-8.350157238808864,https://nsearchives.nseindia.com/today/LIQUID1EQN.svg,https://nsearchives.nseindia.com/30d/LIQUID1-EQ.svg,https://nsearchives.nseindia.com/365d/LIQUID1-EQ.svg,EQ
JUNIORBEES,Nippon India ETF Nifty Next 50 Junior BeES,784.34,796.9,783,796,11.65,1.49,608159,482446453.11,785.2742,799.18,632.34,10-MAR-14,DIVIDEND-RS.1 PER UNIT,10.043547383700833,2.845034755420034,784.35,0,8.43,1.34,30-Jul-2025,30-Jun-2026,DIVIDEND-RS.1 PER UNIT,2.845034755420034,10-MAR-14,10.043547383700833,0.39790785555193453,-25.88164594996362,https://nsearchives.nseindia.com/today/JUNIORBEESEQN.svg,https://nsearchives.nseindia.com/30d/JUNIORBEES-EQ.svg,https://nsearchives.nseindia.com/365d/JUNIORBEES-EQ.svg,EQ
SILVERIETF,Domestic Price of Silver,216.07,217.83,215.5,215.6,-0.25,-0.12,1990750,431236265,216.7342,373.5,109.77,-,-,88.51097315729648,-2.992125984251971,215.85,0,88.73,-2.88,30-Jul-2025,30-Jun-2026,-,-2.992125984251971,-,88.51097315729648,42.275769745649264,-96.41067686981872,https://nsearchives.nseindia.com/today/SILVERIETFEQN.svg,https://nsearchives.nseindia.com/30d/SILVERIETF-EQ.svg,https://nsearchives.nseindia.com/365d/SILVERIETF-EQ.svg,EQ
LIQUIDIETF,S&P BSE Liquid Rate Index,999.99,1000.01,999.99,999.99,0,0.00,363519,363515364.81,1000,1041.19,969.99,-,-,0,0,999.99,0,0,0,30-Jul-2025,30-Jun-2026,-,0,-,0,3.957010728109187,-3.0928153898493798,https://nsearchives.nseindia.com/today/LIQUIDIETFEQN.svg,https://nsearchives.nseindia.com/30d/LIQUIDIETF-EQ.svg,https://nsearchives.nseindia.com/365d/LIQUIDIETF-EQ.svg,EQ
LIQUIDADD,DSP S&P BSE Liquid Rate ETF,1138.4,1138.44,1138.4,1138.42,0.46,0.04,297382,338548590.26,1137.9618,1151.22,1052.08,-,-,5.0474292252611415,0.44291512263984306,1137.96,0,5,0.4,30-Jul-2025,30-Jun-2026,-,0.44291512263984306,-,5.0474292252611415,1.1118639356508708,-8.206600258535486,https://nsearchives.nseindia.com/today/LIQUIDADDEQN.svg,https://nsearchives.nseindia.com/30d/LIQUIDADD-EQ.svg,https://nsearchives.nseindia.com/365d/LIQUIDADD-EQ.svg,EQ
HDFCSILVER,HDFC Silver ETF,206.92,208.61,206.5,206.59,-0.1,-0.05,1459415,302974554,207.8016,359,105.65,-,-,87.36622528568837,-3.123094958968345,206.69,0,87.46,-3.08,30-Jul-2025,30-Jun-2026,-,-3.123094958968345,-,87.36622528568837,42.45403899721448,-95.5418835778514,https://nsearchives.nseindia.com/today/HDFCSILVEREQN.svg,https://nsearchives.nseindia.com/30d/HDFCSILVER-EQ.svg,https://nsearchives.nseindia.com/365d/HDFCSILVER-EQ.svg,EQ
TATAGOLD,Tata Gold Exchange Traded Fund,13.89,13.89,13.73,13.79,0,0.00,21717308,299698850.4,13.8328,17.7,9.33,-,-,42.31166150670794,1.173881144534104,13.79,0,42.31,1.17,30-Jul-2025,30-Jun-2026,-,1.173881144534104,-,42.31166150670794,22.09039548022599,-47.802786709539106,https://nsearchives.nseindia.com/today/TATAGOLDEQN.svg,https://nsearchives.nseindia.com/30d/TATAGOLD-EQ.svg,https://nsearchives.nseindia.com/365d/TATAGOLD-EQ.svg,EQ
LIQUID,Mirae Asset Nifty 1D Rate Liquid ETF,999.99,1000,999.99,999.99,0,0.00,293768,293765062.32,1000,1024.98,974.99,-,-,0,0,999.99,0,0,0,30-Jul-2025,30-Jun-2026,-,0,-,0,2.4380963530995734,-2.564128862860132,https://nsearchives.nseindia.com/today/LIQUIDEQN.svg,https://nsearchives.nseindia.com/30d/LIQUID-EQ.svg,https://nsearchives.nseindia.com/365d/LIQUID-EQ.svg,EQ
HDFCNEXT50,HDFC NIFTY NEXT 50 ETF,74.48,75.38,74.14,75.01,0.9,1.21,3276213,245748737.13,74.2507,75.97,59.99,20-OCT-23,FACE VALUE SPLIT (SUB-DIVISION) - FROM RS 418.18/- PER SHARE TO RS 41.81/- PER SHARE,9.679777745284404,2.8238519533927375,74.11,0,8.36,1.59,30-Jul-2025,30-Jun-2026,FACE VALUE SPLIT (SUB-DIVISION) - FROM RS 418.18/- PER SHARE TO RS 41.81/- PER SHARE,2.8238519533927375,20-OCT-23,9.679777745284404,1.2636567065947002,-25.037506251041844,https://nsearchives.nseindia.com/today/HDFCNEXT50EQN.svg,https://nsearchives.nseindia.com/30d/HDFCNEXT50-EQ.svg,https://nsearchives.nseindia.com/365d/HDFCNEXT50-EQ.svg,EQ
BANKBEES,Nifty Bank,594.99,595.99,591.5,592.2,1.12,0.19,375779,222630268.55,591.6879,638.99,515.98,19-DEC-19, FACE VALUE SPLIT (SUB-DIVISION) - FROM RS 10/- TO RS 1/-,2.332814930015552,-0.699230343578644,591.08,0,2.14,-0.89,30-Jul-2025,30-Jun-2026, FACE VALUE SPLIT (SUB-DIVISION) - FROM RS 10/- TO RS 1/-,-0.699230343578644,19-DEC-19,2.332814930015552,7.32249330975445,-14.771890383348197,https://nsearchives.nseindia.com/today/BANKBEESEQN.svg,https://nsearchives.nseindia.com/30d/BANKBEES-EQ.svg,https://nsearchives.nseindia.com/365d/BANKBEES-EQ.svg,EQ
HDFCGOLD,Gold,121.25,121.75,120.93,121.14,-0.14,-0.12,1833447,222452124.51,121.5637,152.3,83.05,17-FEB-21, FACE VALUE SPLIT (SUB-DIVISION) - FROM RS 100/- PER UNIT TO RE 1/- PER UNIT,42.21648274242779,1.152304609218433,121.28,0,42.38,1.27,30-Jul-2025,30-Jun-2026, FACE VALUE SPLIT (SUB-DIVISION) - FROM RS 100/- PER UNIT TO RE 1/- PER UNIT,1.152304609218433,17-FEB-21,42.21648274242779,20.459619172685493,-45.8639373871162,https://nsearchives.nseindia.com/today/HDFCGOLDEQN.svg,https://nsearchives.nseindia.com/30d/HDFCGOLD-EQ.svg,https://nsearchives.nseindia.com/365d/HDFCGOLD-EQ.svg,EQ
HDFCSML250,HDFC NIFTY Smallcap 250 ETF,183,183,179.88,180.95,1.1,0.61,1205886,218072424.24,179.7819,184.13,142.7,-,-,3.940490550864487,1.2817642449345081,179.85,0,3.31,0.67,30-Jul-2025,30-Jun-2026,-,1.2817642449345081,-,3.940490550864487,1.7270406777820055,-26.80448493342677,https://nsearchives.nseindia.com/today/HDFCSML250EQN.svg,https://nsearchives.nseindia.com/30d/HDFCSML250-EQ.svg,https://nsearchives.nseindia.com/365d/HDFCSML250-EQ.svg,EQ
CASHIETF,BSE Liquid Rate Index,1074.85,1074.85,1072.06,1073.51,0.46,0.04,189287,203199594.5,1073.0317,1099.28,1001.71,-,-,5.114170452765159,0.451959426582319,1073.05,0,5.07,0.41,30-Jul-2025,30-Jun-2026,-,0.451959426582319,-,5.114170452765159,2.3442616985663327,-7.167743159197767,https://nsearchives.nseindia.com/today/CASHIETFEQN.svg,https://nsearchives.nseindia.com/30d/CASHIETF-EQ.svg,https://nsearchives.nseindia.com/365d/CASHIETF-EQ.svg,EQ
NIFTYIETF,Nifty 50,275.76,276.5,274.52,276.1,1.07,0.39,709926,195932476.74,275.5168,328.24,250.4,-,-,-0.9222377722754488,2.187349642843934,275.03,0,-1.31,1.79,30-Jul-2025,30-Jun-2026,-,2.187349642843934,-,-0.9222377722754488,15.884718498659511,-10.263578274760391,https://nsearchives.nseindia.com/today/NIFTYIETFEQN.svg,https://nsearchives.nseindia.com/30d/NIFTYIETF-EQ.svg,https://nsearchives.nseindia.com/365d/NIFTYIETF-EQ.svg,EQ
NEXT50IETF,Nifty Next 50,77.3,77.75,76.51,77.4,0.9,1.18,2224312,172183991.92,76.6381,78.19,62.6,15-NOV-18, FACE VALUE SPLIT (SUB-DIVISION) - FROM RS 10/- PER SHARE TO RS 1/- PER SHARE,9.569648924122317,2.502979737783076,76.5,0,8.3,1.31,30-Jul-2025,30-Jun-2026, FACE VALUE SPLIT (SUB-DIVISION) - FROM RS 10/- PER SHARE TO RS 1/- PER SHARE,2.502979737783076,15-NOV-18,9.569648924122317,1.010359380995002,-23.64217252396167,https://nsearchives.nseindia.com/today/NEXT50IETFEQN.svg,https://nsearchives.nseindia.com/30d/NEXT50IETF-EQ.svg,https://nsearchives.nseindia.com/365d/NEXT50IETF-EQ.svg,EQ
SETFNIF50,Nifty 50,265.2,265.2,259.5,262,0.73,0.28,650250,170554072.5,261.7206,287.33,237.9,24-MAR-21, DIVIDEND - RS 1.30 PER SHARE,-1.0723455671348645,2.040816326530616,261.27,0,-1.35,1.76,30-Jul-2025,30-Jun-2026, DIVIDEND - RS 1.30 PER SHARE,2.040816326530616,24-MAR-21,-1.0723455671348645,8.815647513312214,-10.130306851618325,https://nsearchives.nseindia.com/today/SETFNIF50EQN.svg,https://nsearchives.nseindia.com/30d/SETFNIF50-EQ.svg,https://nsearchives.nseindia.com/365d/SETFNIF50-EQ.svg,EQ
AUTOBEES,Nifty Auto TRI,284.49,297.99,284.49,297.49,5.7,1.95,548953,162605368.13,292.0921,299.92,238.11,-,-,22.122331691297216,8.950741622413476,291.79,0,19.78,6.86,30-Jul-2025,30-Jun-2026,-,8.950741622413476,-,22.122331691297216,0.8102160576153663,-24.938053840661876,https://nsearchives.nseindia.com/today/AUTOBEESEQN.svg,https://nsearchives.nseindia.com/30d/AUTOBEES-EQ.svg,https://nsearchives.nseindia.com/365d/AUTOBEES-EQ.svg,EQ
LIQUIDBETF,Bajaj Finserv Nifty 1D Rate Liquid ETF,1092.83,1092.85,1092.83,1092.85,0.46,0.04,137533,150301563.72,1092.3761,1116.24,1009.94,-,-,4.963646666730681,0.43930997086584256,1092.39,0,4.92,0.4,30-Jul-2025,30-Jun-2026,-,0.43930997086584256,-,4.963646666730681,2.0954275066294077,-8.209398578133339,https://nsearchives.nseindia.com/today/LIQUIDBETFEQN.svg,https://nsearchives.nseindia.com/30d/LIQUIDBETF-EQ.svg,https://nsearchives.nseindia.com/365d/LIQUIDBETF-EQ.svg,EQ
SILVERCASE,Commodity-Silver,22.35,22.35,21.84,21.89,-0.02,-0.09,6237229,137031921.13,22.3921,38.01,10.52,-,-,87.73584905660377,-2.883762200532381,21.91,0,87.91,-2.8,30-Jul-2025,30-Jun-2026,-,-2.883762200532381,-,87.73584905660377,42.40989213364904,-108.07984790874525,https://nsearchives.nseindia.com/today/SILVERCASEEQN.svg,https://nsearchives.nseindia.com/30d/SILVERCASE-EQ.svg,https://nsearchives.nseindia.com/365d/SILVERCASE-EQ.svg,EQ
SILVER,Physical price of Silver,217.9,217.9,215.39,215.6,-0.14,-0.06,595035,128914332.75,216.8163,371.89,109.82,-,-,88.51097315729648,-2.8916313845599566,215.74,0,88.63,-2.83,30-Jul-2025,30-Jun-2026,-,-2.8916313845599566,-,88.51097315729648,42.02586786415338,-96.32125295938809,https://nsearchives.nseindia.com/today/SILVEREQN.svg,https://nsearchives.nseindia.com/30d/SILVER-EQ.svg,https://nsearchives.nseindia.com/365d/SILVER-EQ.svg,EQ
PHARMABEES,Nifty Pharma TRI,27.5,27.5,27.06,27.35,0.26,0.96,4631649,126444017.7,27.0871,27.5,21.46,-,-,15.889830508474576,5.030721966205846,27.09,0,14.79,4.03,30-Jul-2025,30-Jun-2026,-,5.030721966205846,-,15.889830508474576,0.5454545454545403,-27.446411929170548,https://nsearchives.nseindia.com/today/PHARMABEESEQN.svg,https://nsearchives.nseindia.com/30d/PHARMABEES-EQ.svg,https://nsearchives.nseindia.com/365d/PHARMABEES-EQ.svg,EQ
GOLDETF,Mirae Asset Gold ETF,138.05,138.48,137.52,137.94,-0.1,-0.07,850226,117237663.14,138.3651,173.5,95.81,-,-,42.27952552862299,1.1735367463693664,138.04,0,42.38,1.25,30-Jul-2025,30-Jun-2026,-,1.1735367463693664,-,42.27952552862299,20.495677233429394,-43.972445464982776,https://nsearchives.nseindia.com/today/GOLDETFEQN.svg,https://nsearchives.nseindia.com/30d/GOLDETF-EQ.svg,https://nsearchives.nseindia.com/365d/GOLDETF-EQ.svg,EQ
MODEFENCE,Nifty India Defence Total Return Index,101.72,102.95,101.24,102.33,1.6,1.59,1113422,113947607.48,100.8738,107.99,77.8,-,-,18.974537844436686,-2.2355975924333653,100.73,0,17.11,-3.76,30-Jul-2025,30-Jun-2026,-,-2.2355975924333653,-,18.974537844436686,5.241226039448094,-31.529562982005142,https://nsearchives.nseindia.com/today/MODEFENCEEQN.svg,https://nsearchives.nseindia.com/30d/MODEFENCE-EQ.svg,https://nsearchives.nseindia.com/365d/MODEFENCE-EQ.svg,EQ
MID150BEES,Nifty Midcap 150 TRI,239.99,239.99,237.93,239.42,1.42,0.60,469664,112376505.28,238.1047,240.89,190.43,-,-,8.061021845098386,1.7985458565415153,238,0,7.42,1.19,30-Jul-2025,30-Jun-2026,-,1.7985458565415153,-,8.061021845098386,0.61023703765204,-25.725988552223903,https://nsearchives.nseindia.com/today/MID150BEESEQN.svg,https://nsearchives.nseindia.com/30d/MID150BEES-EQ.svg,https://nsearchives.nseindia.com/365d/MID150BEES-EQ.svg,EQ
GOLDCASE,Zerodha Gold ETF,22.51,22.51,22.26,22.32,-0.01,-0.04,5011767,112063110.12,22.3921,27.94,15.25,-,-,42.437779195915766,1.2244897959183654,22.33,0,42.5,1.27,30-Jul-2025,30-Jun-2026,-,1.2244897959183654,-,42.437779195915766,20.11453113815319,-46.36065573770492,https://nsearchives.nseindia.com/today/GOLDCASEEQN.svg,https://nsearchives.nseindia.com/30d/GOLDCASE-EQ.svg,https://nsearchives.nseindia.com/365d/GOLDCASE-EQ.svg,EQ
FMCGIETF,Nifty FMCG Index,53,53.59,52.65,52.69,-0.54,-1.01,2087198,110224926.38,53.3041,62.3,48.55,10-MAY-24,FACE VALUE SPLIT (SUB-DIVISION) - FROM RS 10/- PER SHARE TO RE 1/- PER SHARE,-10.039269250469527,0.6494746895892957,53.23,0,-9.12,1.68,30-Jul-2025,30-Jun-2026,FACE VALUE SPLIT (SUB-DIVISION) - FROM RS 10/- PER SHARE TO RE 1/- PER SHARE,0.6494746895892957,10-MAY-24,-10.039269250469527,15.425361155698235,-8.527291452111227,https://nsearchives.nseindia.com/today/FMCGIETFEQN.svg,https://nsearchives.nseindia.com/30d/FMCGIETF-EQ.svg,https://nsearchives.nseindia.com/365d/FMCGIETF-EQ.svg,EQ
LIQUIDETF,Nifty1D rate index,999.99,1000.01,999.99,1000,0,0.00,106389,106387936.11,1000,1025,997.55,-,-,0,0,1000,0,0,0,30-Jul-2025,30-Jun-2026,-,0,-,0,2.4390243902439024,-0.24560172422435422,https://nsearchives.nseindia.com/today/LIQUIDETFEQN.svg,https://nsearchives.nseindia.com/30d/LIQUIDETF-EQ.svg,https://nsearchives.nseindia.com/365d/LIQUIDETF-EQ.svg,EQ
GOLD1,Gold,119.99,119.99,118.05,118.25,-0.14,-0.12,867928,102788713.04,118.7546,158,80.77,22-JUL-21, FACE VALUE SPLIT (SUB-DIVISION) - FROM RS 10/- PER SHARE TO RE 1/- PER SHARE,42.46987951807229,1.0165726977618297,118.39,0,42.64,1.14,30-Jul-2025,30-Jun-2026, FACE VALUE SPLIT (SUB-DIVISION) - FROM RS 10/- PER SHARE TO RE 1/- PER SHARE,1.0165726977618297,22-JUL-21,42.46987951807229,25.158227848101266,-46.40336758697537,https://nsearchives.nseindia.com/today/GOLD1EQN.svg,https://nsearchives.nseindia.com/30d/GOLD1-EQ.svg,https://nsearchives.nseindia.com/365d/GOLD1-EQ.svg,EQ
MAFANG,NYSE FANG+ Total Return Index,185.74,185.74,185.74,185.74,-3.34,-1.77,535915,99540852.1,159.3175,208.38,149.74,-,-,19.493051981471957,1.4418350628072172,189.08,0,21.64,3.27,30-Jul-2025,30-Jun-2026,-,1.4418350628072172,-,19.493051981471957,10.864766292350508,-24.04167223186857,https://nsearchives.nseindia.com/today/MAFANGEQN.svg,https://nsearchives.nseindia.com/30d/MAFANG-EQ.svg,https://nsearchives.nseindia.com/365d/MAFANG-EQ.svg,EQ
AUTOIETF,Nifty Auto Index,29.27,29.86,28.91,29.72,0.45,1.54,3163528,94020052.16,29.2577,30.5,23.67,01-MAR-24,FACE VALUE SPLIT (SUB-DIVISION) - FROM RS 10/- PER SHARE TO RE 1/- PER SHARE,21.903199343724364,8.586043112897324,29.27,0,20.06,6.94,30-Jul-2025,30-Jun-2026,FACE VALUE SPLIT (SUB-DIVISION) - FROM RS 10/- PER SHARE TO RE 1/- PER SHARE,8.586043112897324,01-MAR-24,21.903199343724364,2.5573770491803316,-25.55978031263201,https://nsearchives.nseindia.com/today/AUTOIETFEQN.svg,https://nsearchives.nseindia.com/30d/AUTOIETF-EQ.svg,https://nsearchives.nseindia.com/365d/AUTOIETF-EQ.svg,EQ
SBISILVER,SBI SILVER ETF,212.02,213.66,211.44,211.7,-0.22,-0.10,429787,91407099.16,212.8387,362,105.15,-,-,88.17777777777776,-3.1121281464530943,211.92,0,88.37,-3.01,30-Jul-2025,30-Jun-2026,-,-3.1121281464530943,-,88.17777777777776,41.51933701657459,-101.33143128863526,https://nsearchives.nseindia.com/today/SBISILVEREQN.svg,https://nsearchives.nseindia.com/30d/SBISILVER-EQ.svg,https://nsearchives.nseindia.com/365d/SBISILVER-EQ.svg,EQ
METALIETF,Nifty Metal Index,12.78,12.95,12.77,12.81,0.04,0.31,6342991,81253714.71,12.7832,14.17,8.98,-,-,36.13177470775771,1.9904458598726114,12.77,0,35.71,1.67,30-Jul-2025,30-Jun-2026,-,1.9904458598726114,-,36.13177470775771,9.597741707833446,-42.650334075723826,https://nsearchives.nseindia.com/today/METALIETFEQN.svg,https://nsearchives.nseindia.com/30d/METALIETF-EQ.svg,https://nsearchives.nseindia.com/365d/METALIETF-EQ.svg,EQ
PSUBNKBEES,Nifty PSU Bank,93.17,93.98,93.17,93.4,0.24,0.26,852800,79753856,93.0858,110.4,73.82,19-DEC-19, FACE VALUE SPLIT (SUB-DIVISION) - FROM RS 10/- TO RS 1/-,21.078558465128342,-1.7772636449679227,93.16,0,20.77,-2.03,30-Jul-2025,30-Jun-2026, FACE VALUE SPLIT (SUB-DIVISION) - FROM RS 10/- TO RS 1/-,-1.7772636449679227,19-DEC-19,21.078558465128342,15.39855072463768,-26.523977241939875,https://nsearchives.nseindia.com/today/PSUBNKBEESEQN.svg,https://nsearchives.nseindia.com/30d/PSUBNKBEES-EQ.svg,https://nsearchives.nseindia.com/365d/PSUBNKBEES-EQ.svg,EQ
MON100,Nasdaq100,305.18,305.18,305.18,305.18,-7.01,-2.25,255214,77886208.52,262.8761,342.55,197.81,17-JUN-21, FACE VALUE SPLIT (SUB-DIVISION) - FROM RS 10/- PER SHARE TO RE 1/- PER SHARE,50.20918442683468,-6.306029718776869,312.19,0,53.66,-4.15,30-Jul-2025,30-Jun-2026, FACE VALUE SPLIT (SUB-DIVISION) - FROM RS 10/- PER SHARE TO RE 1/- PER SHARE,-6.306029718776869,17-JUN-21,50.20918442683468,10.909356298350607,-54.2793589808402,https://nsearchives.nseindia.com/today/MON100EQN.svg,https://nsearchives.nseindia.com/30d/MON100-EQ.svg,https://nsearchives.nseindia.com/365d/MON100-EQ.svg,EQ
CPSEETF,CPSE ETF,95,95.41,94.37,94.99,0.41,0.43,813009,77008212.48,94.4285,112,85.67,-,-,4.2357072314276305,-2.0115535382710985,94.58,0,3.79,-2.43,30-Jul-2025,30-Jun-2026,-,-2.0115535382710985,-,4.2357072314276305,15.187500000000004,-10.878954126298579,https://nsearchives.nseindia.com/today/CPSEETFEQN.svg,https://nsearchives.nseindia.com/30d/CPSEETF-EQ.svg,https://nsearchives.nseindia.com/365d/CPSEETF-EQ.svg,EQ
SILVER1,Kotak Silver ETF,20.96,21.23,20.93,20.95,0.02,0.10,3608144,75879268.32,21.0656,38.8,10.67,27-FEB-26,FACE VALUE SPLIT (SUB-DIVISION) - FROM RS 10/- PER SHARE TO RE 1/- PER SHARE,-81.15668285662889,-2.8293135435992554,20.93,0,-81.17,-2.92,30-Jul-2025,30-Jun-2026,FACE VALUE SPLIT (SUB-DIVISION) - FROM RS 10/- PER SHARE TO RE 1/- PER SHARE,-2.8293135435992554,27-FEB-26,-81.15668285662889,46.00515463917525,-96.34489222118088,https://nsearchives.nseindia.com/today/SILVER1EQN.svg,https://nsearchives.nseindia.com/30d/SILVER1-EQ.svg,https://nsearchives.nseindia.com/365d/SILVER1-EQ.svg,EQ
NEXT50,Nifty Next 50,752.75,760.92,752.44,760,11,1.47,99315,75079160.55,749.7236,760.92,617,-,-,10.109820057373007,2.918274764709859,749,0,8.52,1.43,30-Jul-2025,30-Jun-2026,-,2.918274764709859,-,10.109820057373007,0.1209062713557219,-23.176661264181522,https://nsearchives.nseindia.com/today/NEXT50EQN.svg,https://nsearchives.nseindia.com/30d/NEXT50-EQ.svg,https://nsearchives.nseindia.com/365d/NEXT50-EQ.svg,EQ
ELIQUID,Nifty 1D Rate Index (Debt Index),1041.49,1041.93,1041.49,1041.93,0.44,0.04,63830,66502562.1,1041.4877,1043,996,-,-,Infinity,0.45506695847514267,1041.49,0,0,0.41,,30-Jun-2026,-,0.45506695847514267,-,Infinity,0.10258868648129783,-4.611445783132536,https://nsearchives.nseindia.com/today/ELIQUIDEQN.svg,https://nsearchives.nseindia.com/30d/ELIQUID-EQ.svg,,EQ
EBBETF0430,Nifty BHARAT Bond,1614.79,1616.3,1607.3,1608.16,-2.44,-0.15,40894,65837295.3,1608.9041,1644.19,1232,-,-,5.2371198785443625,0.17004789993958117,1610.6,0,5.4,0.32,30-Jul-2025,30-Jun-2026,-,0.17004789993958117,-,5.2371198785443625,2.191352580906098,-30.53246753246754,https://nsearchives.nseindia.com/today/EBBETF0430EQN.svg,https://nsearchives.nseindia.com/30d/EBBETF0430-EQ.svg,https://nsearchives.nseindia.com/365d/EBBETF0430-EQ.svg,EQ
NEXT50BETA,Nifty Next 50,78.26,79.6,78.01,79.2,0.91,1.16,787148,62318507.16,78.4347,80.24,64.34,25-MAR-21, FACE VALUE SPLIT (SUB-DIVISION) - FROM RS 10/- PER UNIT TO Re 1/- PER UNIT,Infinity,2.5906735751295336,78.29,0,0,1.41,,30-Jun-2026, FACE VALUE SPLIT (SUB-DIVISION) - FROM RS 10/- PER UNIT TO Re 1/- PER UNIT,2.5906735751295336,25-MAR-21,Infinity,1.296111665004975,-23.096052222567607,https://nsearchives.nseindia.com/today/NEXT50BETAEQN.svg,https://nsearchives.nseindia.com/30d/NEXT50BETA-EQ.svg,,EQ
GOLDAXIS,Gold,118.27,118.63,117.87,118,-0.28,-0.24,514382,60789664.76,118.5846,150,80.84,23-JUL-20, FACE VALUE SPLIT (SUB-DIVISION) - FROM RS 100/- PER SHARE TO RE 1/- PER SHARE,Infinity,Infinity,118.28,0,0,0,,, FACE VALUE SPLIT (SUB-DIVISION) - FROM RS 100/- PER SHARE TO RE 1/- PER SHARE,Infinity,23-JUL-20,Infinity,21.333333333333332,-45.967342899554666,https://nsearchives.nseindia.com/today/GOLDAXISEQN.svg,,,EQ
PVTBANIETF,Nifty Private Bank Index,28.38,28.38,27.71,27.71,-0.05,-0.18,2073299,57534047.25,27.7837,30.32,24.18,01-MAR-24,FACE VALUE SPLIT (SUB-DIVISION) - FROM RS 10/- PER SHARE TO RE 1/- PER SHARE,1.5018315018315023,-1.8767705382436175,27.76,0,1.68,-1.7,30-Jul-2025,30-Jun-2026,FACE VALUE SPLIT (SUB-DIVISION) - FROM RS 10/- PER SHARE TO RE 1/- PER SHARE,-1.8767705382436175,01-MAR-24,1.5018315018315023,8.608179419525063,-14.598842018196862,https://nsearchives.nseindia.com/today/PVTBANIETFEQN.svg,https://nsearchives.nseindia.com/30d/PVTBANIETF-EQ.svg,https://nsearchives.nseindia.com/365d/PVTBANIETF-EQ.svg,EQ
LTGILTBEES,NIFTY 8-13 yr G-Sec Index,29.98,30.02,29.9,29.99,0.02,0.07,1827615,54791897.7,29.9386,30.46,27.93,-,-,3.8434903047091393,0.1670006680026625,29.97,0,3.77,0.1,30-Jul-2025,30-Jun-2026,-,0.1670006680026625,-,3.8434903047091393,1.5430072225870073,-7.375581811672033,https://nsearchives.nseindia.com/today/LTGILTBEESEQN.svg,https://nsearchives.nseindia.com/30d/LTGILTBEES-EQ.svg,https://nsearchives.nseindia.com/365d/LTGILTBEES-EQ.svg,EQ
BANKBETA,Nifty Bank,60.49,60.49,59.06,59.06,0.04,0.07,835520,49404297.6,59.1117,73.7,51.3,17-FEB-21, FACE VALUE SPLIT (SUB-DIVISION) - FROM RS 10/- PER UNIT TO RE 1/- PER UNIT,Infinity,-0.8727760993621955,59.02,0,0,-0.94,,30-Jun-2026, FACE VALUE SPLIT (SUB-DIVISION) - FROM RS 10/- PER UNIT TO RE 1/- PER UNIT,-0.8727760993621955,17-FEB-21,Infinity,19.864314789687924,-15.126705653021451,https://nsearchives.nseindia.com/today/BANKBETAEQN.svg,https://nsearchives.nseindia.com/30d/BANKBETA-EQ.svg,,EQ
HNGSNGBEES,Hang Seng Index,498.99,499.9,495.32,498.3,2.98,0.60,96382,47947153.54,467.3586,579.92,412.23,19-DEC-19, FACE VALUE SPLIT (SUB-DIVISION) - FROM RS 10/- TO RS 1/-,14.990538607098362,6.360725720384207,495.32,0,14.3,5.72,30-Jul-2025,30-Jun-2026, FACE VALUE SPLIT (SUB-DIVISION) - FROM RS 10/- TO RS 1/-,6.360725720384207,19-DEC-19,14.990538607098362,14.074355083459778,-20.87912087912088,https://nsearchives.nseindia.com/today/HNGSNGBEESEQN.svg,https://nsearchives.nseindia.com/30d/HNGSNGBEES-EQ.svg,https://nsearchives.nseindia.com/365d/HNGSNGBEES-EQ.svg,EQ
MOREALTY,Motilal Oswal Nifty Realty ETF,90.11,90.87,89.46,90.12,0.46,0.51,531344,47943169.12,90.0987,99.49,64,-,-,-2.0115254974448127,8.90634441087614,89.66,0,-2.51,8.35,30-Jul-2025,30-Jun-2026,-,8.90634441087614,-,-2.0115254974448127,9.41803196301135,-40.81250000000001,https://nsearchives.nseindia.com/today/MOREALTYEQN.svg,https://nsearchives.nseindia.com/30d/MOREALTY-EQ.svg,https://nsearchives.nseindia.com/365d/MOREALTY-EQ.svg,EQ
NIFTYETF,Nifty 50,265.88,265.88,264.42,264.88,0.32,0.12,180467,47868871.75,264.4062,289.05,239.81,-,-,-0.9461127108186042,2.1125674633770313,264.56,0,-1.07,1.99,30-Jul-2025,30-Jun-2026,-,2.1125674633770313,-,-0.9461127108186042,8.36187510811279,-10.45410950335682,https://nsearchives.nseindia.com/today/NIFTYETFEQN.svg,https://nsearchives.nseindia.com/30d/NIFTYETF-EQ.svg,https://nsearchives.nseindia.com/365d/NIFTYETF-EQ.svg,EQ
SMALLCAP,Mirae Asset Nifty Smallcap 250 Momentum Quality 100 ETF,47,47.19,46.76,46.78,-0.01,-0.02,1011913,47489077.09,46.7383,54.5,37.34,-,-,1.2554112554112515,0.8841923657537281,46.79,0,1.28,0.91,30-Jul-2025,30-Jun-2026,-,0.8841923657537281,-,1.2554112554112515,14.165137614678898,-25.281199785752534,https://nsearchives.nseindia.com/today/SMALLCAPEQN.svg,https://nsearchives.nseindia.com/30d/SMALLCAP-EQ.svg,https://nsearchives.nseindia.com/365d/SMALLCAP-EQ.svg,EQ
SILVERBETA,UTI Silver Exchange Traded Fund (UTI Silver ETF),210.9,210.9,208.55,208.7,0.11,0.05,224606,47043726.7,209.6952,379.66,104.33,-,-,Infinity,-2.943775287169238,208.59,0,0,-2.99,,30-Jun-2026,-,-2.943775287169238,-,Infinity,45.02976347258074,-100.03833988306334,https://nsearchives.nseindia.com/today/SILVERBETAEQN.svg,https://nsearchives.nseindia.com/30d/SILVERBETA-EQ.svg,,EQ
ITIETF,Nifty IT Index,34.56,34.56,33.36,34.2,-0.44,-1.27,1307637,44485810.74,34.6976,44.3,28.54,01-SEP-22,FACE VALUE SPLIT (SUB-DIVISION) - FROM RS 10/- PER UNIT TO RE 1/- PER UNIT,-11.696359411309048,17.043121149897345,34.64,0,-10.56,18.55,30-Jul-2025,30-Jun-2026,FACE VALUE SPLIT (SUB-DIVISION) - FROM RS 10/- PER UNIT TO RE 1/- PER UNIT,17.043121149897345,01-SEP-22,-11.696359411309048,22.799097065462743,-19.83181499649616,https://nsearchives.nseindia.com/today/ITIETFEQN.svg,https://nsearchives.nseindia.com/30d/ITIETF-EQ.svg,https://nsearchives.nseindia.com/365d/ITIETF-EQ.svg,EQ
SILVERADD,DSP Silver ETF,208.36,210.08,207.71,208.16,-0.43,-0.21,207270,43327720.8,209.2226,390,106,-,-,88.39714001267083,-2.9557109557109573,208.59,0,88.79,-2.76,30-Jul-2025,30-Jun-2026,-,-2.9557109557109573,-,88.39714001267083,46.62564102564102,-96.37735849056604,https://nsearchives.nseindia.com/today/SILVERADDEQN.svg,https://nsearchives.nseindia.com/30d/SILVERADD-EQ.svg,https://nsearchives.nseindia.com/365d/SILVERADD-EQ.svg,EQ
ALPHA,NIFTY Alpha 50 Index,51.4,52.01,51.4,51.94,0.54,1.05,764169,39675654.48,51.3316,53.6,42,-,-,3.5899481451934525,0.8347893612890696,51.4,0,2.51,-0.21,30-Jul-2025,30-Jun-2026,-,0.8347893612890696,-,3.5899481451934525,3.097014925373141,-23.66666666666666,https://nsearchives.nseindia.com/today/ALPHAEQN.svg,https://nsearchives.nseindia.com/30d/ALPHA-EQ.svg,https://nsearchives.nseindia.com/365d/ALPHA-EQ.svg,EQ
ESILVER,Edelweiss Silver ETF,217.75,217.75,215.28,216.6,0.56,0.26,181517,39298430.5,216.9279,375,107.19,-,-,88.75816993464052,-2.8568865766695093,216.04,0,88.27,-3.11,30-Jul-2025,30-Jun-2026,-,-2.8568865766695093,-,88.75816993464052,42.24,-102.07108872096278,https://nsearchives.nseindia.com/today/ESILVEREQN.svg,https://nsearchives.nseindia.com/30d/ESILVER-EQ.svg,https://nsearchives.nseindia.com/365d/ESILVER-EQ.svg,EQ
ENERGY,Nifty Energy,38.71,38.93,38.46,38.81,0.29,0.75,963911,37274438.37,38.4689,42.82,29,-,-,Infinity,-3.2169576059850353,38.52,0,0,-3.94,,30-Jun-2026,-,-3.2169576059850353,-,Infinity,9.364782811770196,-33.82758620689656,https://nsearchives.nseindia.com/today/ENERGYEQN.svg,https://nsearchives.nseindia.com/30d/ENERGY-EQ.svg,,EQ
MOMENTUM50,Nifty 500 Momentum 50 Total Return Index,52.1,52.9,51.91,52.69,0.84,1.62,701179,36924086.14,51.8357,55.88,44.96,-,-,1.600462784419588,-1.2185976752905991,51.85,0,-0.02,-2.79,30-Jul-2025,30-Jun-2026,-,-1.2185976752905991,-,1.600462784419588,5.708661417322842,-17.193060498220632,https://nsearchives.nseindia.com/today/MOMENTUM50EQN.svg,https://nsearchives.nseindia.com/30d/MOMENTUM50-EQ.svg,https://nsearchives.nseindia.com/365d/MOMENTUM50-EQ.svg,EQ
LIQUIDSHRI,SHRIRAM NIFTY 1D RATE LIQUID ETF,1115.56,1115.58,1115.56,1115.56,0.43,0.04,32986,36797862.16,1115.1298,1115.58,1063.72,-,-,4.873462941375542,0.423095619610036,1115.13,0,4.83,0.38,30-Jul-2025,30-Jun-2026,-,0.423095619610036,-,4.873462941375542,0.0017927894010274308,-4.873462941375542,https://nsearchives.nseindia.com/today/LIQUIDSHRIEQN.svg,https://nsearchives.nseindia.com/30d/LIQUIDSHRI-EQ.svg,https://nsearchives.nseindia.com/365d/LIQUIDSHRI-EQ.svg,EQ
MOCAPITAL,Nifty Capital Market Total Return Index,53.96,53.96,52.66,53.2,0.55,1.04,663132,35291885.04,52.591,57.25,41.15,-,-,20.389228332201867,-2.6176093721398495,52.65,0,19.14,-3.62,30-Jul-2025,30-Jun-2026,-,-2.6176093721398495,-,20.389228332201867,7.074235807860257,-29.283110571081423,https://nsearchives.nseindia.com/today/MOCAPITALEQN.svg,https://nsearchives.nseindia.com/30d/MOCAPITAL-EQ.svg,https://nsearchives.nseindia.com/365d/MOCAPITAL-EQ.svg,EQ
LOWVOLIETF,Nifty 100 Low Volatility 30 Index,22.84,22.84,22.62,22.65,-0.08,-0.35,1400251,31785697.7,22.6829,26.81,19.84,01-MAR-24,FACE VALUE SPLIT (SUB-DIVISION) - FROM RS 10/- PER SHARE TO RE 1/- PER SHARE,3.3774532177088017,4.426002766251716,22.73,0,3.74,4.79,30-Jul-2025,30-Jun-2026,FACE VALUE SPLIT (SUB-DIVISION) - FROM RS 10/- PER SHARE TO RE 1/- PER SHARE,4.426002766251716,01-MAR-24,3.3774532177088017,15.516598284222306,-14.163306451612897,https://nsearchives.nseindia.com/today/LOWVOLIETFEQN.svg,https://nsearchives.nseindia.com/30d/LOWVOLIETF-EQ.svg,https://nsearchives.nseindia.com/365d/LOWVOLIETF-EQ.svg,EQ
BSLNIFTY,Nifty 50,28.2,29.19,28.2,28.54,0.06,0.21,1108315,31686725.85,28.4981,33,25.7,25-NOV-21, FACE VALUE SPLIT (SUB-DIVISION) - FROM RS 10/- PER SHARE TO RE 1/- PER SHARE,-0.7994438651372973,1.783166904422254,28.48,0,-1.01,1.57,30-Jul-2025,30-Jun-2026, FACE VALUE SPLIT (SUB-DIVISION) - FROM RS 10/- PER SHARE TO RE 1/- PER SHARE,1.783166904422254,25-NOV-21,-0.7994438651372973,13.51515151515152,-11.050583657587548,https://nsearchives.nseindia.com/today/BSLNIFTYEQN.svg,https://nsearchives.nseindia.com/30d/BSLNIFTY-EQ.svg,https://nsearchives.nseindia.com/365d/BSLNIFTY-EQ.svg,EQ
FINIETF,ICICI Prudential Nifty Financial Services Ex-Bank ETF,33.39,33.66,32.76,33.45,0.87,2.67,935762,31217020.32,32.5621,33.82,27.4,-,-,12.248322147651015,3.5283194057567333,32.58,0,9.33,0.84,30-Jul-2025,30-Jun-2026,-,3.5283194057567333,-,12.248322147651015,1.0940272028385496,-22.080291970802936,https://nsearchives.nseindia.com/today/FINIETFEQN.svg,https://nsearchives.nseindia.com/30d/FINIETF-EQ.svg,https://nsearchives.nseindia.com/365d/FINIETF-EQ.svg,EQ
MAHKTECH,Hang Seng TECH Total Return Index,23.87,23.9,23.6,23.68,0.39,1.67,1297990,30827262.5,19.6694,35.59,21,-,-,1.3698630136986314,10.861423220973784,23.29,0,-0.3,9.04,30-Jul-2025,30-Jun-2026,-,10.861423220973784,-,1.3698630136986314,33.46445630795168,-12.761904761904763,https://nsearchives.nseindia.com/today/MAHKTECHEQN.svg,https://nsearchives.nseindia.com/30d/MAHKTECH-EQ.svg,https://nsearchives.nseindia.com/365d/MAHKTECH-EQ.svg,EQ
CONSUMBEES,Nifty India Consumption TRI,135.9,135.9,134,134,-0.51,-0.38,227333,30639941.74,134.6798,144.38,114,-,-,3.4589252625077127,4.818523153942425,134.51,0,3.85,5.22,30-Jul-2025,30-Jun-2026,-,4.818523153942425,-,3.4589252625077127,7.1893614073971435,-17.54385964912281,https://nsearchives.nseindia.com/today/CONSUMBEESEQN.svg,https://nsearchives.nseindia.com/30d/CONSUMBEES-EQ.svg,https://nsearchives.nseindia.com/365d/CONSUMBEES-EQ.svg,EQ
SETFNN50,Nifty Next 50,780.6,790,780.6,788,9.36,1.20,38879,30605548.8,778.5339,840,636.01,02-NOV-17, DIVIDEND - RS 7/- PER UNIT,10.282283459057007,2.9930728009410505,778.64,0,8.97,1.77,30-Jul-2025,30-Jun-2026, DIVIDEND - RS 7/- PER UNIT,2.9930728009410505,02-NOV-17,10.282283459057007,6.190476190476191,-23.897422996493766,https://nsearchives.nseindia.com/today/SETFNN50EQN.svg,https://nsearchives.nseindia.com/30d/SETFNN50-EQ.svg,https://nsearchives.nseindia.com/365d/SETFNN50-EQ.svg,EQ
ICICIB22,S&P BSE BHARAT 22 index,116.19,116.19,115.37,115.7,0.16,0.14,244611,28291708.26,115.6923,131,103.6,-,-,7.070146215065704,-2.4287400910777497,115.54,0,6.92,-2.56,30-Jul-2025,30-Jun-2026,-,-2.4287400910777497,-,7.070146215065704,11.679389312977097,-11.679536679536689,https://nsearchives.nseindia.com/today/ICICIB22EQN.svg,https://nsearchives.nseindia.com/30d/ICICIB22-EQ.svg,https://nsearchives.nseindia.com/365d/ICICIB22-EQ.svg,EQ
METAL,Nifty Metal Total Return Index,12.51,12.94,12.51,12.85,0.01,0.08,2121124,27277654.64,12.8285,13.97,8.7,-,-,36.411889596602975,1.7418844022169346,12.84,0,36.31,1.66,30-Jul-2025,30-Jun-2026,-,1.7418844022169346,-,36.411889596602975,8.017179670722985,-47.70114942528737,https://nsearchives.nseindia.com/today/METALEQN.svg,https://nsearchives.nseindia.com/30d/METAL-EQ.svg,https://nsearchives.nseindia.com/365d/METAL-EQ.svg,EQ
SILVERAG,Mirae Asset Silver ETF,211.8,212.38,210.11,210.49,0.1,0.05,129177,27275723.55,211.4518,380,104.32,-,-,Infinity,-2.816381181033286,210.39,0,0,-2.86,,30-Jun-2026,-,-2.816381181033286,-,Infinity,44.607894736842105,-101.77338957055217,https://nsearchives.nseindia.com/today/SILVERAGEQN.svg,https://nsearchives.nseindia.com/30d/SILVERAG-EQ.svg,,EQ
MIDSMALL,Mirae Asset Nifty MidSmallcap400 Momentum Quality 100 ETF,50.89,51.25,50.84,51.14,0.35,0.69,523842,26794518.3,50.7652,52.24,42.41,-,-,4.048830111902344,0.7089405277668362,50.79,0,3.34,0.02,30-Jul-2025,30-Jun-2026,-,0.7089405277668362,-,4.048830111902344,2.1056661562021466,-20.584767743456744,https://nsearchives.nseindia.com/today/MIDSMALLEQN.svg,https://nsearchives.nseindia.com/30d/MIDSMALL-EQ.svg,https://nsearchives.nseindia.com/365d/MIDSMALL-EQ.svg,EQ
SBIETFPB,Nifty Private Bank Index,278.84,284.99,278.84,279.4,-1.69,-0.60,94593,26514417.9,280.9115,304.58,244.18,-,-,1.1183091455249448,-1.8029733244297599,281.09,0,1.73,-1.21,30-Jul-2025,30-Jun-2026,-,-1.8029733244297599,-,1.1183091455249448,8.26712193840699,-14.423785731837159,https://nsearchives.nseindia.com/today/SBIETFPBEQN.svg,https://nsearchives.nseindia.com/30d/SBIETFPB-EQ.svg,https://nsearchives.nseindia.com/365d/SBIETFPB-EQ.svg,EQ
MIDCAPIETF,Nifty Midcap 150,23.79,24,23.71,23.91,0.11,0.46,1106345,26496962.75,23.8328,24.6,19.89,10-MAY-24,FACE VALUE SPLIT (SUB-DIVISION) - FROM RS 10/- PER SHARE TO RE 1/- PER SHARE,7.6057605760576115,1.7446808510638303,23.8,0,7.11,1.28,30-Jul-2025,30-Jun-2026,FACE VALUE SPLIT (SUB-DIVISION) - FROM RS 10/- PER SHARE TO RE 1/- PER SHARE,1.7446808510638303,10-MAY-24,7.6057605760576115,2.804878048780493,-20.21116138763197,https://nsearchives.nseindia.com/today/MIDCAPIETFEQN.svg,https://nsearchives.nseindia.com/30d/MIDCAPIETF-EQ.svg,https://nsearchives.nseindia.com/365d/MIDCAPIETF-EQ.svg,EQ
GROWWDEFNC,Nifty India Defence Index- Total Return Index,91.3,93.69,91.3,93.28,1.94,2.12,278236,25889859.8,91.7345,99.44,71.78,-,-,19.344933469805532,-2.8029592581014877,91.34,0,16.86,-4.82,30-Jul-2025,30-Jun-2026,-,-2.8029592581014877,-,19.344933469805532,6.194690265486722,-29.95263304541655,https://nsearchives.nseindia.com/today/GROWWDEFNCEQN.svg,https://nsearchives.nseindia.com/30d/GROWWDEFNC-EQ.svg,https://nsearchives.nseindia.com/365d/GROWWDEFNC-EQ.svg,EQ
SBILIQETF,Nifty 1D Rate Index,1050.08,1050.08,1050.06,1050.06,0.44,0.04,24030,25233182.1,1049.6215,1087.09,984.99,-,-,Infinity,0.4582548049786145,1049.62,0,0,0.42,,30-Jun-2026,-,0.4582548049786145,-,Infinity,3.4063417012390858,-6.606158438156726,https://nsearchives.nseindia.com/today/SBILIQETFEQN.svg,https://nsearchives.nseindia.com/30d/SBILIQETF-EQ.svg,,EQ
NIF100BEES,Nifty 100 TRI,269.01,271.22,268.7,268.7,0.1,0.04,92691,25047888.93,269.1006,290,240,-,-,-0.2227998514667741,1.9115527573389832,268.6,0,-0.26,1.87,30-Jul-2025,30-Jun-2026,-,1.9115527573389832,-,-0.2227998514667741,7.3448275862068995,-11.95833333333333,https://nsearchives.nseindia.com/today/NIF100BEESEQN.svg,https://nsearchives.nseindia.com/30d/NIF100BEES-EQ.svg,https://nsearchives.nseindia.com/365d/NIF100BEES-EQ.svg,EQ
MAKEINDIA,Nifty India Manufacturing Total Return Index,165,166.69,164.8,166.05,1.79,1.09,147756,24558524.76,164.135,167.77,138.33,-,-,14.24934636025871,2.925680282650467,164.26,0,13.02,1.82,30-Jul-2025,30-Jun-2026,-,2.925680282650467,-,14.24934636025871,1.025213089348512,-20.03903708523097,https://nsearchives.nseindia.com/today/MAKEINDIAEQN.svg,https://nsearchives.nseindia.com/30d/MAKEINDIA-EQ.svg,https://nsearchives.nseindia.com/365d/MAKEINDIA-EQ.svg,EQ
HDFCLIQUID,HDFC Nifty 1D Rate Liquid ETF,1071.93,1071.95,1071.93,1071.93,0.44,0.04,22326,23932132.44,,1073.55,1009.91,28-FEB-25,CHANGE IN FUNDAMENTAL ATTRIBUTE OF HDFC NIFTY 1D RATE LIQUID ETF,4.9512414819456465,0.4469807713932289,1071.49,0,4.91,0.41,30-Jul-2025,30-Jun-2026,CHANGE IN FUNDAMENTAL ATTRIBUTE OF HDFC NIFTY 1D RATE LIQUID ETF,0.4469807713932289,28-FEB-25,4.9512414819456465,0.15090121559311545,-6.141141289817914,https://nsearchives.nseindia.com/today/HDFCLIQUIDEQN.svg,https://nsearchives.nseindia.com/30d/HDFCLIQUID-EQ.svg,https://nsearchives.nseindia.com/365d/HDFCLIQUID-EQ.svg,EQ
EVINDIA,Nifty EV and New Age Automotive Total Return Index,33.17,33.17,32.42,32.73,0.36,1.11,727114,23849339.2,32.406,33.17,26.2,-,-,11.668372569089042,4.836643177450346,32.37,0,10.44,3.68,30-Jul-2025,30-Jun-2026,-,4.836643177450346,-,11.668372569089042,1.3264998492613953,-24.923664122137396,https://nsearchives.nseindia.com/today/EVINDIAEQN.svg,https://nsearchives.nseindia.com/30d/EVINDIA-EQ.svg,https://nsearchives.nseindia.com/365d/EVINDIA-EQ.svg,EQ
SILVERAXIS,Axis Silver ETF,216.07,216.83,214.44,215.16,0.32,0.15,109793,23693329.4,215.928,390.01,106.66,-,-,Infinity,Infinity,214.84,0,0,0,,,-,Infinity,-,Infinity,44.83218379015923,-101.7251078192387,https://nsearchives.nseindia.com/today/SILVERAXISEQN.svg,,,EQ
MOMMIDCAP,BSE Midcap 150 Momentum 30 TRI,12.68,12.69,12.55,12.6,0.15,1.20,1858737,23531610.42,12.4631,12.79,12.21,-,-,Infinity,Infinity,12.45,0,0,0,,,-,Infinity,-,Infinity,1.4855355746677052,-3.194103194103184,https://nsearchives.nseindia.com/today/MOMMIDCAPEQN.svg,,,EQ
MOSMALL250,Motilal Oswal Nifty Smallcap 250 ETF,17.95,18.1,17.95,18.05,0.09,0.50,1299985,23464729.25,17.9251,19.38,14.22,-,-,4.274985557481236,1.2906846240179597,17.96,0,3.76,0.79,30-Jul-2025,30-Jun-2026,-,1.2906846240179597,-,4.274985557481236,6.862745098039207,-26.933895921237692,https://nsearchives.nseindia.com/today/MOSMALL250EQN.svg,https://nsearchives.nseindia.com/30d/MOSMALL250-EQ.svg,https://nsearchives.nseindia.com/365d/MOSMALL250-EQ.svg,EQ
OILIETF,Nifty Oil & Gas Index,11.38,11.49,11.27,11.39,0.09,0.80,2057885,23418731.3,11.2931,14,9.8,-,-,-1.2998266897746844,1.6057091882247967,11.3,0,-2.08,0.8,30-Jul-2025,30-Jun-2026,-,1.6057091882247967,-,-1.2998266897746844,18.64285714285714,-16.224489795918366,https://nsearchives.nseindia.com/today/OILIETFEQN.svg,https://nsearchives.nseindia.com/30d/OILIETF-EQ.svg,https://nsearchives.nseindia.com/365d/OILIETF-EQ.svg,EQ
GROWWPOWER,BSE Power Index - TRI,11.56,11.59,11.48,11.57,0.16,1.40,1993981,23030480.55,11.4027,13.2,7.75,-,-,Infinity,-5.086136177194415,11.41,0,0,-6.4,,30-Jun-2026,-,-5.086136177194415,-,Infinity,12.34848484848484,-49.29032258064516,https://nsearchives.nseindia.com/today/GROWWPOWEREQN.svg,https://nsearchives.nseindia.com/30d/GROWWPOWER-EQ.svg,,EQ
MIDCAPETF,Mirae Asset Mutual Fund - Mirae Asset Nifty Midcap 150 ETF,23.42,23.7,23.29,23.65,0.11,0.47,966437,22846570.68,23.5451,24.22,19.6,-,-,7.941579187585569,1.5893470790377897,23.54,0,7.44,1.12,30-Jul-2025,30-Jun-2026,-,1.5893470790377897,-,7.941579187585569,2.3534269199009095,-20.663265306122433,https://nsearchives.nseindia.com/today/MIDCAPETFEQN.svg,https://nsearchives.nseindia.com/30d/MIDCAPETF-EQ.svg,https://nsearchives.nseindia.com/365d/MIDCAPETF-EQ.svg,EQ
GROWWSLVR,Commodity-Silver,21.47,21.47,21.15,21.2,0.01,0.05,1054497,22418606.22,21.2946,36.3,10.75,06-FEB-26,FACE VALUE SPLIT (SUB-DIVISION) - FROM RS 10/- PER UNIT TO RE 1/- PER UNIT,-81.27373906898684,-2.9748283752860507,21.19,0,-81.28,-3.02,30-Jul-2025,30-Jun-2026,FACE VALUE SPLIT (SUB-DIVISION) - FROM RS 10/- PER UNIT TO RE 1/- PER UNIT,-2.9748283752860507,06-FEB-26,-81.27373906898684,41.59779614325068,-97.20930232558139,https://nsearchives.nseindia.com/today/GROWWSLVREQN.svg,https://nsearchives.nseindia.com/30d/GROWWSLVR-EQ.svg,https://nsearchives.nseindia.com/365d/GROWWSLVR-EQ.svg,EQ
MOM30IETF,ICICI Prudential Nifty 200 Momentum 30 ETF,30.8,31.18,30.79,31.05,0.44,1.44,687500,21360625,30.6452,32.9,26,12-AUG-22,ADDITONAL ISSUANCE 9:1,0.71359065844957,-1.3346043851286882,30.61,0,-0.71,-2.73,30-Jul-2025,30-Jun-2026,ADDITONAL ISSUANCE 9:1,-1.3346043851286882,12-AUG-22,0.71359065844957,5.623100303951361,-19.423076923076927,https://nsearchives.nseindia.com/today/MOM30IETFEQN.svg,https://nsearchives.nseindia.com/30d/MOM30IETF-EQ.svg,https://nsearchives.nseindia.com/365d/MOM30IETF-EQ.svg,EQ
LIQGRWBEES,Liquid,1050.02,1050.02,1050,1050.02,0.42,0.04,19541,20518245.41,1049.5989,1056.29,995.55,-,-,4.839498776895814,0.425605172298368,1049.6,0,4.8,0.39,30-Jul-2025,30-Jun-2026,-,0.425605172298368,-,4.839498776895814,0.5935869884217385,-5.4713474963588,https://nsearchives.nseindia.com/today/LIQGRWBEESEQN.svg,https://nsearchives.nseindia.com/30d/LIQGRWBEES-EQ.svg,https://nsearchives.nseindia.com/365d/LIQGRWBEES-EQ.svg,EQ
MOM100,Nifty Midcap 100,68.31,68.31,67.57,67.84,0.22,0.33,292328,19849071.2,67.5959,69.2,56.15,-,-,8.874979939014606,1.6634197512363245,67.62,0,8.52,1.33,30-Jul-2025,30-Jun-2026,-,1.6634197512363245,-,8.874979939014606,1.9653179190751435,-20.819234194122895,https://nsearchives.nseindia.com/today/MOM100EQN.svg,https://nsearchives.nseindia.com/30d/MOM100-EQ.svg,https://nsearchives.nseindia.com/365d/MOM100-EQ.svg,EQ
GOLDBETA,Gold,119.45,119.85,119,119.5,0.05,0.04,164060,19583842.2,119.7318,149.35,81.35,25-MAR-21, FACE VALUE SPLIT (SUB-DIVISION) - FROM RS 100/- PER UNIT TO RE 1/- PER UNIT,Infinity,1.3141161509114008,119.45,0,0,1.27,,30-Jun-2026, FACE VALUE SPLIT (SUB-DIVISION) - FROM RS 100/- PER UNIT TO RE 1/- PER UNIT,1.3141161509114008,25-MAR-21,Infinity,19.986608637428855,-46.896127842655204,https://nsearchives.nseindia.com/today/GOLDBETAEQN.svg,https://nsearchives.nseindia.com/30d/GOLDBETA-EQ.svg,,EQ
IT,NIFTY IT Index,34.7,34.7,33.35,34.16,-0.47,-1.36,552365,18747268.1,34.6712,44.49,28.54,-,-,-11.50259067357514,17.026378896882477,34.63,0,-10.28,18.64,30-Jul-2025,30-Jun-2026,-,17.026378896882477,-,-11.50259067357514,23.21870083164757,-19.691660826909594,https://nsearchives.nseindia.com/today/ITEQN.svg,https://nsearchives.nseindia.com/30d/IT-EQ.svg,https://nsearchives.nseindia.com/365d/IT-EQ.svg,EQ
GROWWLIQID,Nifty 1D Rate Index,110.15,110.18,110.15,110.18,0.06,0.05,165533,18236770.61,110.1234,110.9,102.89,-,-,4.863424383744184,0.44671346522017424,110.12,0,4.81,0.39,30-Jul-2025,30-Jun-2026,-,0.44671346522017424,-,4.863424383744184,0.6492335437330918,-7.0852366605112325,https://nsearchives.nseindia.com/today/GROWWLIQIDEQN.svg,https://nsearchives.nseindia.com/30d/GROWWLIQID-EQ.svg,https://nsearchives.nseindia.com/365d/GROWWLIQID-EQ.svg,EQ
GROWWHOSPI,BSE Hospitals Index,54.99,54.99,54.28,54.34,-0.32,-0.59,322163,17525667.2,54.6161,55.7,43.35,-,-,Infinity,1.1164867882396752,54.66,0,0,1.71,,30-Jun-2026,-,1.1164867882396752,-,Infinity,2.4416517055655285,-25.351787773933108,https://nsearchives.nseindia.com/today/GROWWHOSPIEQN.svg,https://nsearchives.nseindia.com/30d/GROWWHOSPI-EQ.svg,,EQ
ITETF,Mirae Asset Nifty IT ETF,32.93,32.93,31.89,32.53,-0.52,-1.57,537785,17413478.3,33.0799,42.02,27.22,-,-,-11.795010845986987,15.971479500891267,33.05,0,-10.39,17.83,30-Jul-2025,30-Jun-2026,-,15.971479500891267,-,-11.795010845986987,22.58448357924798,-19.507714915503314,https://nsearchives.nseindia.com/today/ITETFEQN.svg,https://nsearchives.nseindia.com/30d/ITETF-EQ.svg,https://nsearchives.nseindia.com/365d/ITETF-EQ.svg,EQ
LICMFGOLD,Gold,128.1,128.6,127.2,127.2,-0.35,-0.27,133902,17190338.76,,162,88.8,06-MAR-26,FACE VALUE SPLIT (SUB-DIVISION) - FROM RS 100/- PER SHARE TO RE 1/- PER SHARE,-98.5796755139185,0.6727344677483249,127.55,0,-98.58,0.95,30-Jul-2025,30-Jun-2026,FACE VALUE SPLIT (SUB-DIVISION) - FROM RS 100/- PER SHARE TO RE 1/- PER SHARE,0.6727344677483249,06-MAR-26,-98.5796755139185,21.481481481481477,-43.24324324324325,https://nsearchives.nseindia.com/today/LICMFGOLDEQN.svg,https://nsearchives.nseindia.com/30d/LICMFGOLD-EQ.svg,https://nsearchives.nseindia.com/365d/LICMFGOLD-EQ.svg,EQ
HDFCNIFTY,Nifty 50,273.51,275,273.48,274,0.52,0.19,62233,17068022.58,273.9392,301.88,247.56,17-FEB-21, FACE VALUE SPLIT (SUB-DIVISION) - FROM RS 761.25/- PER UNIT TO RS 76.125/- PER UNIT,-1.0830324909747293,1.9572821314281428,273.48,0,-1.27,1.76,30-Jul-2025,30-Jun-2026, FACE VALUE SPLIT (SUB-DIVISION) - FROM RS 761.25/- PER UNIT TO RS 76.125/- PER UNIT,1.9572821314281428,17-FEB-21,-1.0830324909747293,9.23545779780045,-10.680239133947326,https://nsearchives.nseindia.com/today/HDFCNIFTYEQN.svg,https://nsearchives.nseindia.com/30d/HDFCNIFTY-EQ.svg,https://nsearchives.nseindia.com/365d/HDFCNIFTY-EQ.svg,EQ
HDFCNIMEG,Nifty Metal Index TRI,127.5,127.88,126.96,127.88,1.09,0.86,131984,16797603.68,126.9611,0,0,-,-,Infinity,Infinity,126.79,0,0,0,,,-,Infinity,-,Infinity,,,https://nsearchives.nseindia.com/today/HDFCNIMEGEQN.svg,,,EQ
HEALTHIETF,Nifty Healthcare Index,171.01,173.35,171.01,172.5,1.2,0.70,96506,16621228.38,171.4372,174.82,138.65,-,-,12.107623318385647,4.11636890391115,171.3,0,11.33,3.39,30-Jul-2025,30-Jun-2026,-,4.11636890391115,-,12.107623318385647,1.3270792815467298,-24.413992066354126,https://nsearchives.nseindia.com/today/HEALTHIETFEQN.svg,https://nsearchives.nseindia.com/30d/HEALTHIETF-EQ.svg,https://nsearchives.nseindia.com/365d/HEALTHIETF-EQ.svg,EQ
GROWWEV,Nifty EV and New Age Automotive Index,32.5,32.78,32.18,32.4,0.11,0.34,434214,14168402.82,32.2871,32.78,26.2,-,-,11.073020226259844,4.651162790697667,32.29,0,10.7,4.3,30-Jul-2025,30-Jun-2026,-,4.651162790697667,-,11.073020226259844,1.1592434411226435,-23.664122137404576,https://nsearchives.nseindia.com/today/GROWWEVEQN.svg,https://nsearchives.nseindia.com/30d/GROWWEV-EQ.svg,https://nsearchives.nseindia.com/365d/GROWWEV-EQ.svg,EQ
GILT5YBEES,Nifty 5 yr Benchmark G-Sec Index,66,66.18,65.94,66.17,0.18,0.27,210701,13925229.09,66.0736,67.84,61.45,-,-,5.500637755102045,0.37924757281553395,65.99,0,5.21,0.11,30-Jul-2025,30-Jun-2026,-,0.37924757281553395,-,5.500637755102045,2.4616745283018893,-7.681041497152154,https://nsearchives.nseindia.com/today/GILT5YBEESEQN.svg,https://nsearchives.nseindia.com/30d/GILT5YBEES-EQ.svg,https://nsearchives.nseindia.com/365d/GILT5YBEES-EQ.svg,EQ
SML100CASE,Nifty Smallcap 100 Index,11.11,11.11,10.93,11,0.05,0.46,1202915,13232065,10.9343,11.74,8.5,-,-,Infinity,2.516309412861133,10.95,0,0,2.05,,30-Jun-2026,-,2.516309412861133,-,Infinity,6.303236797274279,-29.41176470588235,https://nsearchives.nseindia.com/today/SML100CASEEQN.svg,https://nsearchives.nseindia.com/30d/SML100CASE-EQ.svg,,EQ
QGOLDHALF,Gold,117.33,118.29,117.3,117.4,-0.73,-0.62,109704,12908869.68,117.8904,149.69,80.09,16-DEC-21, FACE VALUE SPLIT (SUB-DIVISION) - FROM RS 100 PER SHARE TO RS 2 PER SHARE,42.4757281553398,1.0413977106463619,118.13,0,43.36,1.67,30-Jul-2025,30-Jun-2026, FACE VALUE SPLIT (SUB-DIVISION) - FROM RS 100 PER SHARE TO RS 2 PER SHARE,1.0413977106463619,16-DEC-21,42.4757281553398,21.571247244304892,-46.58509177175677,https://nsearchives.nseindia.com/today/QGOLDHALFEQN.svg,https://nsearchives.nseindia.com/30d/QGOLDHALF-EQ.svg,https://nsearchives.nseindia.com/365d/QGOLDHALF-EQ.svg,EQ
NIFTY1,Nifty 50,276,276,268.31,270,0.73,0.27,47185,12747971.45,269.7638,320,244.8,27-JUL-17, FACE VALUE SPLIT (SUB-DIVISION) - FROM RS 10/- PER SHARE TO RS 1/- PER SHARE,-0.9973599295981325,1.959895774328763,269.27,0,-1.27,1.68,30-Jul-2025,30-Jun-2026, FACE VALUE SPLIT (SUB-DIVISION) - FROM RS 10/- PER SHARE TO RS 1/- PER SHARE,1.959895774328763,27-JUL-17,-0.9973599295981325,15.625,-10.294117647058819,https://nsearchives.nseindia.com/today/NIFTY1EQN.svg,https://nsearchives.nseindia.com/30d/NIFTY1-EQ.svg,https://nsearchives.nseindia.com/365d/NIFTY1-EQ.svg,EQ
SENSEXIETF,SENSEX,896,899.53,893.86,894.96,1.1,0.12,14059,12609657.69,895.8046,999.84,731,-,-,-3.6351106899819094,1.9409513395298066,893.86,0,-3.75,1.82,30-Jul-2025,30-Jun-2026,-,1.9409513395298066,-,-3.6351106899819094,10.489678348535765,-22.429548563611498,https://nsearchives.nseindia.com/today/SENSEXIETFEQN.svg,https://nsearchives.nseindia.com/30d/SENSEXIETF-EQ.svg,https://nsearchives.nseindia.com/365d/SENSEXIETF-EQ.svg,EQ
GROWWRAIL,Nifty India Railways PSU Index,28.88,29.25,28.88,29,-0.02,-0.07,432137,12557901.22,28.9998,36.87,27.8,-,-,-20.37342119714443,-0.5827905382242088,29.02,0,-20.32,-0.51,30-Jul-2025,30-Jun-2026,-,-0.5827905382242088,-,-20.37342119714443,21.345267154868452,-4.316546762589925,https://nsearchives.nseindia.com/today/GROWWRAILEQN.svg,https://nsearchives.nseindia.com/30d/GROWWRAIL-EQ.svg,https://nsearchives.nseindia.com/365d/GROWWRAIL-EQ.svg,EQ
SETFNIFBK,Nifty Bank,588.03,589.49,586.76,588.38,2.36,0.40,21288,12527988,587.0107,646.11,465.64,02-NOV-17, DIVIDEND - RS 3.50 PER UNIT,2.508798215965709,-0.5694972539079011,586.02,0,2.1,-0.97,30-Jul-2025,30-Jun-2026, DIVIDEND - RS 3.50 PER UNIT,-0.5694972539079011,02-NOV-17,2.508798215965709,8.935011066227116,-26.359419293875096,https://nsearchives.nseindia.com/today/SETFNIFBKEQN.svg,https://nsearchives.nseindia.com/30d/SETFNIFBK-EQ.svg,https://nsearchives.nseindia.com/365d/SETFNIFBK-EQ.svg,EQ
GOLDADD,DSP Gold ETF,137.91,138.41,137.41,138.01,0.05,0.04,89331,12308025.18,138.2574,181,95.19,-,-,Infinity,1.3512521113314266,137.96,0,0,1.31,,30-Jun-2026,-,1.3512521113314266,-,Infinity,23.751381215469618,-44.983716776972365,https://nsearchives.nseindia.com/today/GOLDADDEQN.svg,https://nsearchives.nseindia.com/30d/GOLDADD-EQ.svg,,EQ
HDFCPVTBAN,HDFC NIFTY Private Bank ETF,28.2,28.4,27.97,28.4,0.34,1.21,436700,12253802,28.025,30.17,24.31,02-FEB-24,FACE VALUE SPLIT (SUB-DIVISION) - FROM RS 216.75/- PER SHARE TO RS 21.675/- PER SHARE,3.047895500725689,0.14104372355429884,28.06,0,1.81,-1.06,30-Jul-2025,30-Jun-2026,FACE VALUE SPLIT (SUB-DIVISION) - FROM RS 216.75/- PER SHARE TO RS 21.675/- PER SHARE,0.14104372355429884,02-FEB-24,3.047895500725689,5.8667550546901,-16.824352118469765,https://nsearchives.nseindia.com/today/HDFCPVTBANEQN.svg,https://nsearchives.nseindia.com/30d/HDFCPVTBAN-EQ.svg,https://nsearchives.nseindia.com/365d/HDFCPVTBAN-EQ.svg,EQ
ALPHAETF,Mirae Asset Nifty 200 Alpha 30 ETF,25.98,26.23,25.95,26.2,0.47,1.83,447362,11707463.54,25.8194,27,21.8,-,-,4.799999999999997,0,25.73,0,2.92,-1.79,30-Jul-2025,30-Jun-2026,-,0,-,4.799999999999997,2.9629629629629655,-20.183486238532105,https://nsearchives.nseindia.com/today/ALPHAETFEQN.svg,https://nsearchives.nseindia.com/30d/ALPHAETF-EQ.svg,https://nsearchives.nseindia.com/365d/ALPHAETF-EQ.svg,EQ
BSLGOLDETF,Gold,125.69,125.69,124.52,124.52,-0.3,-0.24,91145,11384010.5,125.1515,155.99,85.74,25-NOV-21, FACE VALUE SPLIT (SUB-DIVISION) - FROM RS 10/- PER SHARE TO RE 0.10/- PER SHARE,42.0812414422638,0.907617504051856,124.82,0,42.42,1.15,30-Jul-2025,30-Jun-2026, FACE VALUE SPLIT (SUB-DIVISION) - FROM RS 10/- PER SHARE TO RE 0.10/- PER SHARE,0.907617504051856,25-NOV-21,42.0812414422638,20.174370151932823,-45.22976440401213,https://nsearchives.nseindia.com/today/BSLGOLDETFEQN.svg,https://nsearchives.nseindia.com/30d/BSLGOLDETF-EQ.svg,https://nsearchives.nseindia.com/365d/BSLGOLDETF-EQ.svg,EQ
ABSL10BANK,BSE Top 10 Banks Index,169.92,179.99,169.66,179.99,9.95,5.85,66753,11364698.25,170.0584,214.42,150,-,-,Infinity,4.706224549156488,170.04,0,0,-1.08,,30-Jun-2026,-,4.706224549156488,-,Infinity,16.05727077697975,-19.99333333333334,https://nsearchives.nseindia.com/today/ABSL10BANKEQN.svg,https://nsearchives.nseindia.com/30d/ABSL10BANK-EQ.svg,,EQ
PSUBNKIETF,ICICI Prudential Nifty PSU Bank ETF,84.98,85.29,84,84,-0.35,-0.41,118030,10004222.8,84.5319,104,67.86,-,-,20.257695060844675,-2.7665239032295412,84.35,0,20.76,-2.36,30-Jul-2025,30-Jun-2026,-,-2.7665239032295412,-,20.257695060844675,19.23076923076923,-23.7842617152962,https://nsearchives.nseindia.com/today/PSUBNKIETFEQN.svg,https://nsearchives.nseindia.com/30d/PSUBNKIETF-EQ.svg,https://nsearchives.nseindia.com/365d/PSUBNKIETF-EQ.svg,EQ
BANKNIFTY1,Nifty Bank,59.3,59.63,59.3,59.5,0.19,0.32,167373,9955346.04,59.3117,65.29,51.71,27-FEB-26,FACE VALUE SPLIT (SUB-DIVISION) - FROM RS 10/- PER SHARE TO RE 1/- PER SHARE,-89.74208675263776,-0.6511938554015705,59.31,0,-89.77,-0.97,30-Jul-2025,30-Jun-2026,FACE VALUE SPLIT (SUB-DIVISION) - FROM RS 10/- PER SHARE TO RE 1/- PER SHARE,-0.6511938554015705,27-FEB-26,-89.74208675263776,8.868126818808403,-15.064784374395666,https://nsearchives.nseindia.com/today/BANKNIFTY1EQN.svg,https://nsearchives.nseindia.com/30d/BANKNIFTY1-EQ.svg,https://nsearchives.nseindia.com/365d/BANKNIFTY1-EQ.svg,EQ
MONIFTY500,Motilal Oswal Nifty 500 ETF,24.45,24.45,23.87,24.07,0.21,0.88,401967,9651227.67,23.8772,28.28,20.75,-,-,2.7754056362083626,2.1213406873143827,23.86,0,1.88,1.23,30-Jul-2025,30-Jun-2026,-,2.1213406873143827,-,2.7754056362083626,14.88684582743989,-16,https://nsearchives.nseindia.com/today/MONIFTY500EQN.svg,https://nsearchives.nseindia.com/30d/MONIFTY500-EQ.svg,https://nsearchives.nseindia.com/365d/MONIFTY500-EQ.svg,EQ
NIFTYBETA,Nifty 50,275.99,275.99,269.05,270.65,1.39,0.52,35705,9640350,269.5059,297.48,244.9,25-SEP-23,FACE VALUE SPLIT (SUB-DIVISION) - FROM RS 10/- PER SHARE TO RE 1/- PER SHARE,Infinity,1.9167043229401923,269.26,0,0,1.39,,30-Jun-2026,FACE VALUE SPLIT (SUB-DIVISION) - FROM RS 10/- PER SHARE TO RE 1/- PER SHARE,1.9167043229401923,25-SEP-23,Infinity,9.019093720586271,-10.514495712535718,https://nsearchives.nseindia.com/today/NIFTYBETAEQN.svg,https://nsearchives.nseindia.com/30d/NIFTYBETA-EQ.svg,,EQ
HEALTHY,Nifty Healthcare TRI,17.44,17.55,17.16,17.3,0.09,0.52,552110,9529418.6,17.188,17.55,13.58,-,-,12.410656270305394,4.154124021673699,17.21,0,11.83,3.61,30-Jul-2025,30-Jun-2026,-,4.154124021673699,-,12.410656270305394,1.4245014245014245,-27.393225331369667,https://nsearchives.nseindia.com/today/HEALTHYEQN.svg,https://nsearchives.nseindia.com/30d/HEALTHY-EQ.svg,https://nsearchives.nseindia.com/365d/HEALTHY-EQ.svg,EQ
BANKIETF,Nifty Bank,59.08,59.08,58.62,58.62,0.02,0.03,159912,9399627.36,58.6826,63.9,51.17,-,-,2.1254355400696845,-0.929525097177631,58.6,0,2.09,-0.96,30-Jul-2025,30-Jun-2026,-,-0.929525097177631,-,2.1254355400696845,8.262910798122068,-14.559312096931787,https://nsearchives.nseindia.com/today/BANKIETFEQN.svg,https://nsearchives.nseindia.com/30d/BANKIETF-EQ.svg,https://nsearchives.nseindia.com/365d/BANKIETF-EQ.svg,EQ
INFRAIETF,ICICI Prudential Nifty Infrastructure ETF,96.22,97,95.45,96.99,0.82,0.85,95293,9204350.87,96.2418,101,86.8,-,-,3.1589023611997438,0.6120331950207356,96.17,0,2.29,-0.24,30-Jul-2025,30-Jun-2026,-,0.6120331950207356,-,3.1589023611997438,3.970297029702975,-11.739631336405528,https://nsearchives.nseindia.com/today/INFRAIETFEQN.svg,https://nsearchives.nseindia.com/30d/INFRAIETF-EQ.svg,https://nsearchives.nseindia.com/365d/INFRAIETF-EQ.svg,EQ
HDFCMID150,HDFC NIFTY Midcap 150 ETF,23.29,23.48,23.29,23.36,0.06,0.26,386985,9055449,23.3215,24,19.42,20-OCT-23,FACE VALUE SPLIT (SUB-DIVISION) - FROM RS 115.95/- PER SHARE TO RS 11.59/- PER SHARE,7.550644567219156,1.169337375487222,23.3,0,7.27,0.91,30-Jul-2025,30-Jun-2026,FACE VALUE SPLIT (SUB-DIVISION) - FROM RS 115.95/- PER SHARE TO RS 11.59/- PER SHARE,1.169337375487222,20-OCT-23,7.550644567219156,2.666666666666669,-20.288362512873313,https://nsearchives.nseindia.com/today/HDFCMID150EQN.svg,https://nsearchives.nseindia.com/30d/HDFCMID150-EQ.svg,https://nsearchives.nseindia.com/365d/HDFCMID150-EQ.svg,EQ
LIQUIDSBI,SBI NIFTY 1D Rate ETF,1000,1000.01,999.99,1000.01,0.01,0.00,8690,8689913.1,1000,1010.02,970.23,-,-,0.002000020000198183,0,1000,0,0,0,30-Jul-2025,30-Jun-2026,-,0,-,0.002000020000198183,0.9910694837725976,-3.0693753027632593,https://nsearchives.nseindia.com/today/LIQUIDSBIEQN.svg,https://nsearchives.nseindia.com/30d/LIQUIDSBI-EQ.svg,https://nsearchives.nseindia.com/365d/LIQUIDSBI-EQ.svg,EQ
MID150CASE,Zerodha Nifty Midcap 150 ETF,11.68,11.68,11.51,11.64,0.07,0.61,746460,8673865.2,11.5852,13,9.63,-,-,8.48089468779124,1.8372703412073565,11.57,0,7.83,1.22,30-Jul-2025,30-Jun-2026,-,1.8372703412073565,-,8.48089468779124,10.461538461538456,-20.872274143302175,https://nsearchives.nseindia.com/today/MID150CASEEQN.svg,https://nsearchives.nseindia.com/30d/MID150CASE-EQ.svg,https://nsearchives.nseindia.com/365d/MID150CASE-EQ.svg,EQ
GROWWNIFTY,Nifty 50 Index - TRI,10.05,10.05,9.61,9.89,0.08,0.82,856911,8423435.13,9.8232,11.88,8.93,-,-,-0.7028112449799224,2.699896157840081,9.81,0,-1.51,1.87,30-Jul-2025,30-Jun-2026,-,2.699896157840081,-,-0.7028112449799224,16.75084175084175,-10.750279955207176,https://nsearchives.nseindia.com/today/GROWWNIFTYEQN.svg,https://nsearchives.nseindia.com/30d/GROWWNIFTY-EQ.svg,https://nsearchives.nseindia.com/365d/GROWWNIFTY-EQ.svg,EQ
INFRABEES,Nifty Infra,965.8,972.87,965.8,971.62,2.91,0.30,8422,8169087.34,966.8115,1018.3,871.35,-,-,2.9302089071570796,0.2517592191337063,968.71,0,2.62,-0.05,30-Jul-2025,30-Jun-2026,-,0.2517592191337063,-,2.9302089071570796,4.584110772856717,-11.507430997876856,https://nsearchives.nseindia.com/today/INFRABEESEQN.svg,https://nsearchives.nseindia.com/30d/INFRABEES-EQ.svg,https://nsearchives.nseindia.com/365d/INFRABEES-EQ.svg,EQ
TNIDETF,Nifty India Digital Index,89.9,89.9,87.53,88.53,-0.42,-0.47,89464,7913985.44,89.6634,103.26,74.5,-,-,-3.834455789702369,11.428571428571425,88.95,0,-3.38,11.96,30-Jul-2025,30-Jun-2026,-,11.428571428571425,-,-3.834455789702369,14.264962231260899,-18.83221476510067,https://nsearchives.nseindia.com/today/TNIDETFEQN.svg,https://nsearchives.nseindia.com/30d/TNIDETF-EQ.svg,https://nsearchives.nseindia.com/365d/TNIDETF-EQ.svg,EQ
SBIETFIT,Nifty IT Index,345.06,345.06,333.87,341,-5.06,-1.46,23177,7847963.97,346.1377,439.27,285,-,-,-12.031782065834275,16.9811320754717,346.06,0,-10.73,18.72,30-Jul-2025,30-Jun-2026,-,16.9811320754717,-,-12.031782065834275,22.371206774876498,-19.649122807017545,https://nsearchives.nseindia.com/today/SBIETFITEQN.svg,https://nsearchives.nseindia.com/30d/SBIETFIT-EQ.svg,https://nsearchives.nseindia.com/365d/SBIETFIT-EQ.svg,EQ
GROWWGOLD,Commodity,13.91,13.94,13.83,13.87,0,0.00,561573,7794633.24,13.911,18,9.61,06-FEB-26,FACE VALUE SPLIT (SUB-DIVISION) - FROM RS 10/- PER UNIT TO RE 1/- PER UNIT,-85.78310783107831,1.1670313639678946,13.87,0,-85.78,1.17,30-Jul-2025,30-Jun-2026,FACE VALUE SPLIT (SUB-DIVISION) - FROM RS 10/- PER UNIT TO RE 1/- PER UNIT,1.1670313639678946,06-FEB-26,-85.78310783107831,22.944444444444446,-44.328824141519256,https://nsearchives.nseindia.com/today/GROWWGOLDEQN.svg,https://nsearchives.nseindia.com/30d/GROWWGOLD-EQ.svg,https://nsearchives.nseindia.com/365d/GROWWGOLD-EQ.svg,EQ
MOSILVER,Domestic Price of Physical Silver,215.61,215.81,213.41,214.06,-0.04,-0.02,35400,7595424,214.804,385,112.32,-,-,Infinity,-2.735368956743007,214.1,0,0,-2.72,,30-Jun-2026,-,-2.735368956743007,-,Infinity,44.4,-90.58048433048434,https://nsearchives.nseindia.com/today/MOSILVEREQN.svg,https://nsearchives.nseindia.com/30d/MOSILVER-EQ.svg,,EQ
ALPL30IETF,Nifty Alpha Low-Volatility 30 Index,28.21,28.43,28.13,28.35,0.11,0.39,263946,7488148.02,28.2935,28.72,24.35,10-MAY-24,FACE VALUE SPLIT (SUB-DIVISION) - FROM RS 10/- PER SHARE TO RE 1/- PER SHARE,4.151359294636307,4.496866936970153,28.24,0,3.75,4.09,30-Jul-2025,30-Jun-2026,FACE VALUE SPLIT (SUB-DIVISION) - FROM RS 10/- PER SHARE TO RE 1/- PER SHARE,4.496866936970153,10-MAY-24,4.151359294636307,1.2883008356545873,-16.427104722792606,https://nsearchives.nseindia.com/today/ALPL30IETFEQN.svg,https://nsearchives.nseindia.com/30d/ALPL30IETF-EQ.svg,https://nsearchives.nseindia.com/365d/ALPL30IETF-EQ.svg,EQ
MOMIDMTM,Nifty Midcap 150 Momentum 50 Total Return Index,63.1,64,63.1,63.6,0.91,1.45,113815,7228390.65,62.9209,70,54.78,-,-,1.8088682567632506,-0.7335726549086808,62.69,0,0.35,-2.15,30-Jul-2025,30-Jun-2026,-,-0.7335726549086808,-,1.8088682567632506,9.14285714285714,-16.10076670317634,https://nsearchives.nseindia.com/today/MOMIDMTMEQN.svg,https://nsearchives.nseindia.com/30d/MOMIDMTM-EQ.svg,https://nsearchives.nseindia.com/365d/MOMIDMTM-EQ.svg,EQ
EVIETF,Nifty EV & New Age Automotive ETF,32.56,32.86,32.42,32.65,0.24,0.74,214014,7006818.36,32.3614,33.75,26.28,-,-,11.243611584327077,4.613905799423255,32.41,0,10.43,3.84,30-Jul-2025,30-Jun-2026,-,4.613905799423255,-,11.243611584327077,3.2592592592592635,-24.23896499238964,https://nsearchives.nseindia.com/today/EVIETFEQN.svg,https://nsearchives.nseindia.com/30d/EVIETF-EQ.svg,https://nsearchives.nseindia.com/365d/EVIETF-EQ.svg,EQ
EQUAL50ADD,NIFTY 50 Equal Weight Index,346.72,349,346.72,348.82,2.1,0.61,19648,6840647.68,347.344,361,304.78,-,-,8.690368616209138,3.314278944406598,346.72,0,8.04,2.69,30-Jul-2025,30-Jun-2026,-,3.314278944406598,-,8.690368616209138,3.373961218836567,-14.449767045081705,https://nsearchives.nseindia.com/today/EQUAL50ADDEQN.svg,https://nsearchives.nseindia.com/30d/EQUAL50ADD-EQ.svg,https://nsearchives.nseindia.com/365d/EQUAL50ADD-EQ.svg,EQ
BANKETF,Mirae Asset Nifty Bank ETF,583.51,585.1,582,583.5,1.92,0.33,11714,6826216.36,582.2438,628.27,507.01,-,-,2.5411218894981085,-0.5742327943156073,581.58,0,2.2,-0.9,30-Jul-2025,30-Jun-2026,-,-0.5742327943156073,-,2.5411218894981085,7.125917201203301,-15.086487446006984,https://nsearchives.nseindia.com/today/BANKETFEQN.svg,https://nsearchives.nseindia.com/30d/BANKETF-EQ.svg,https://nsearchives.nseindia.com/365d/BANKETF-EQ.svg,EQ
HDFCNIFIT,HDFC NIFTY IT ETF,33.99,34.1,32.2,32.9,-0.43,-1.29,206598,6745424.7,33.3549,42.3,27.32,02-FEB-24,FACE VALUE SPLIT (SUB-DIVISION) - FROM RS 299.92/- PER SHARE TO RS 29.992/- PER SHARE,-11.70155662909286,17.040199217360367,33.33,0,-10.55,18.57,30-Jul-2025,30-Jun-2026,FACE VALUE SPLIT (SUB-DIVISION) - FROM RS 299.92/- PER SHARE TO RS 29.992/- PER SHARE,17.040199217360367,02-FEB-24,-11.70155662909286,22.22222222222222,-20.424597364568072,https://nsearchives.nseindia.com/today/HDFCNIFITEQN.svg,https://nsearchives.nseindia.com/30d/HDFCNIFIT-EQ.svg,https://nsearchives.nseindia.com/365d/HDFCNIFIT-EQ.svg,EQ
AONETMMQ50,Nifty Total Market Momentum Quality 50 TRI,9.95,10.1,9.95,10.05,0.14,1.41,663911,6659027.33,9.9041,10.87,8,-,-,Infinity,-0.88757396449704,9.91,0,0,-2.27,,30-Jun-2026,-,-0.88757396449704,-,Infinity,7.5436982520699045,-25.625000000000007,https://nsearchives.nseindia.com/today/AONETMMQ50EQN.svg,https://nsearchives.nseindia.com/30d/AONETMMQ50-EQ.svg,,EQ
CHEMICAL,Nifty Chemicals Index (TRI),29.34,30.65,29.34,30.15,0.05,0.17,213704,6462408.96,30.073,31.8,24.5,-,-,Infinity,1.754978062774214,30.1,0,0,1.59,,30-Jun-2026,-,1.754978062774214,-,Infinity,5.1886792452830255,-23.061224489795915,https://nsearchives.nseindia.com/today/CHEMICALEQN.svg,https://nsearchives.nseindia.com/30d/CHEMICAL-EQ.svg,,EQ
BFSI,Nifty Financial Services Index,27.51,27.68,27.36,27.64,0.43,1.58,233417,6428304.18,27.2731,29.94,24.03,-,-,0.39956411187794927,0.2902757619738819,27.21,0,-1.16,-1.27,30-Jul-2025,30-Jun-2026,-,0.2902757619738819,-,0.39956411187794927,7.682030728122914,-15.022888056595919,https://nsearchives.nseindia.com/today/BFSIEQN.svg,https://nsearchives.nseindia.com/30d/BFSI-EQ.svg,https://nsearchives.nseindia.com/365d/BFSI-EQ.svg,EQ
BBNPPGOLD,Baroda BNP Paribas Gold ETF,137.8,140.8,136.95,137.6,-0.25,-0.18,46017,6327337.5,137.793,184.05,94.5,-,-,42.295760082730084,1.4749262536873158,137.85,0,42.55,1.66,30-Jul-2025,30-Jun-2026,-,1.4749262536873158,-,42.295760082730084,25.237707144797618,-45.6084656084656,https://nsearchives.nseindia.com/today/BBNPPGOLDEQN.svg,https://nsearchives.nseindia.com/30d/BBNPPGOLD-EQ.svg,https://nsearchives.nseindia.com/365d/BBNPPGOLD-EQ.svg,EQ
AONELIQUID,Nifty 1D Rate Index,1070.79,1070.82,1070.79,1070.81,0.44,0.04,5808,6219206.4,1070.3658,1094.59,988.25,-,-,5.10399387520735,0.44839263435362725,1070.37,0,5.06,0.41,30-Jul-2025,30-Jun-2026,-,0.44839263435362725,-,5.10399387520735,2.1725029463086614,-8.354161396407786,https://nsearchives.nseindia.com/today/AONELIQUIDEQN.svg,https://nsearchives.nseindia.com/30d/AONELIQUID-EQ.svg,https://nsearchives.nseindia.com/365d/AONELIQUID-EQ.svg,EQ
DEFENCE,BSE India Defence,77.51,78.7,77.51,78.14,1.04,1.35,78819,6176256.84,77.0902,82.32,58.91,-,-,Infinity,-1.2261408165845011,77.1,0,0,-2.54,,30-Jun-2026,-,-1.2261408165845011,-,Infinity,5.077745383867824,-32.64301476829062,https://nsearchives.nseindia.com/today/DEFENCEEQN.svg,https://nsearchives.nseindia.com/30d/DEFENCE-EQ.svg,,EQ
ABSLNN50ET,Nifty Next 50,77,77.7,76.95,77.7,1.29,1.69,78124,6043672.64,76.4719,78.26,63.02,25-NOV-21, FACE VALUE SPLIT (SUB-DIVISION) - FROM RS 10/- PER SHARE TO RE 1/- PER SHARE,10.369318181818178,3.0914156826323445,76.41,0,8.54,1.38,30-Jul-2025,30-Jun-2026, FACE VALUE SPLIT (SUB-DIVISION) - FROM RS 10/- PER SHARE TO RE 1/- PER SHARE,3.0914156826323445,25-NOV-21,10.369318181818178,0.7155635062611836,-23.294192319898443,https://nsearchives.nseindia.com/today/ABSLNN50ETEQN.svg,https://nsearchives.nseindia.com/30d/ABSLNN50ET-EQ.svg,https://nsearchives.nseindia.com/365d/ABSLNN50ET-EQ.svg,EQ
MOVALUE,Motilal Oswal S&P BSE Enhanced Value ETF,113.12,114.5,113.11,114.04,0.55,0.48,52114,5947249.68,113.6676,128.77,98.1,-,-,11.25853658536586,-0.4712864374236272,113.49,0,10.72,-0.95,30-Jul-2025,30-Jun-2026,-,-0.4712864374236272,-,11.25853658536586,11.438999767026484,-16.248725790010205,https://nsearchives.nseindia.com/today/MOVALUEEQN.svg,https://nsearchives.nseindia.com/30d/MOVALUE-EQ.svg,https://nsearchives.nseindia.com/365d/MOVALUE-EQ.svg,EQ
HDFCMOMENT,HDFC NIFTY200 Momentum 30 ETF,30.41,30.95,30.18,30.85,0.44,1.45,190746,5878791.72,30.3751,33.23,27.13,20-OCT-23,FACE VALUE SPLIT (SUB-DIVISION) - FROM RS 190.61/- PER SHARE TO RS 19.061/- PER SHARE,1.147540983606562,-1.185137732222926,30.41,0,-0.3,-2.59,30-Jul-2025,30-Jun-2026,FACE VALUE SPLIT (SUB-DIVISION) - FROM RS 190.61/- PER SHARE TO RS 19.061/- PER SHARE,-1.185137732222926,20-OCT-23,1.147540983606562,7.162202828769171,-13.711758201253234,https://nsearchives.nseindia.com/today/HDFCMOMENTEQN.svg,https://nsearchives.nseindia.com/30d/HDFCMOMENT-EQ.svg,https://nsearchives.nseindia.com/365d/HDFCMOMENT-EQ.svg,EQ
MOENERGY,Nifty Energy Index,38.5,38.98,38.4,38.88,0.42,1.09,151541,5864636.7,38.4,43,33,-,-,Infinity,-2.507522567703109,38.46,0,0,-3.56,,30-Jun-2026,-,-2.507522567703109,-,Infinity,9.581395348837203,-17.818181818181824,https://nsearchives.nseindia.com/today/MOENERGYEQN.svg,https://nsearchives.nseindia.com/30d/MOENERGY-EQ.svg,,EQ
MASPTOP50,S&P 500 Top 50 Total Return Index,75.48,75.48,75.48,75.48,-1.48,-1.92,75059,5665453.32,64.5232,82.78,59.61,-,-,23.67688022284123,-0.3564356435643512,76.96,0,26.1,1.6,30-Jul-2025,30-Jun-2026,-,-0.3564356435643512,-,23.67688022284123,8.818555206571633,-26.623049823855066,https://nsearchives.nseindia.com/today/MASPTOP50EQN.svg,https://nsearchives.nseindia.com/30d/MASPTOP50-EQ.svg,https://nsearchives.nseindia.com/365d/MASPTOP50-EQ.svg,EQ
AONEGOLD,Domestic price of Gold,13.26,13.35,13.2,13.24,-0.02,-0.15,424656,5635185.12,13.2982,17.73,10,-,-,Infinity,1.0687022900763403,13.26,0,0,1.22,,30-Jun-2026,-,1.0687022900763403,-,Infinity,25.324309080654256,-32.4,https://nsearchives.nseindia.com/today/AONEGOLDEQN.svg,https://nsearchives.nseindia.com/30d/AONEGOLD-EQ.svg,,EQ
TOP100CASE,Zerodha Nifty 100 ETF,10.75,10.75,10.51,10.69,0.03,0.28,502356,5365162.08,10.6519,11.57,9.48,-,-,0.6591337099811704,2.2966507177033515,10.66,0,0.38,2.01,30-Jul-2025,30-Jun-2026,-,2.2966507177033515,-,0.6591337099811704,7.605877268798625,-12.763713080168767,https://nsearchives.nseindia.com/today/TOP100CASEEQN.svg,https://nsearchives.nseindia.com/30d/TOP100CASE-EQ.svg,https://nsearchives.nseindia.com/365d/TOP100CASE-EQ.svg,EQ
CONSUMER,Nifty India New AgeConsumption,12.04,12.12,12.03,12.03,-0.01,-0.08,439472,5313216.48,12.0331,12.87,9.69,-,-,3.2618025751072874,5.433829973707267,12.04,0,3.35,5.52,30-Jul-2025,30-Jun-2026,-,5.433829973707267,-,3.2618025751072874,6.526806526806526,-24.148606811145513,https://nsearchives.nseindia.com/today/CONSUMEREQN.svg,https://nsearchives.nseindia.com/30d/CONSUMER-EQ.svg,https://nsearchives.nseindia.com/365d/CONSUMER-EQ.svg,EQ
HDFCPSUBK,HDFC NIFTY PSU BANK ETF,84,84.99,83.71,84.6,0.41,0.49,62769,5309629.71,84.2982,101.25,67.98,-,-,21.168719564594674,-1.867532768820322,84.19,0,20.58,-2.34,30-Jul-2025,30-Jun-2026,-,-1.867532768820322,-,21.168719564594674,16.44444444444445,-24.448367166813753,https://nsearchives.nseindia.com/today/HDFCPSUBKEQN.svg,https://nsearchives.nseindia.com/30d/HDFCPSUBK-EQ.svg,https://nsearchives.nseindia.com/365d/HDFCPSUBK-EQ.svg,EQ
HDFCGROWTH,HDFC NIFTY Growth Sectors 15 ETF,121.91,123.13,120.27,121.96,0.05,0.04,41330,5034407.3,122.1113,133.3,107.86,-,-,2.859070591211943,10.05233712326295,121.91,0,2.82,10.01,30-Jul-2025,30-Jun-2026,-,10.05233712326295,-,2.859070591211943,8.507126781695437,-13.072501390691633,https://nsearchives.nseindia.com/today/HDFCGROWTHEQN.svg,https://nsearchives.nseindia.com/30d/HDFCGROWTH-EQ.svg,https://nsearchives.nseindia.com/365d/HDFCGROWTH-EQ.svg,EQ
MOMOMENTUM,Nifty 200 Momentum 30 Total Return Index,61.52,62.03,61.52,61.54,0.53,0.87,81165,5020866.9,60.9177,66.28,54.32,11-AUG-22,FACE VALUE SPLIT (SUB-DIVISION) - FROM RS 10/- PER UNIT TO RS 2/- PER UNIT,0.2933507170795302,-1.5674984005118424,61.01,0,-0.57,-2.42,30-Jul-2025,30-Jun-2026,FACE VALUE SPLIT (SUB-DIVISION) - FROM RS 10/- PER UNIT TO RS 2/- PER UNIT,-1.5674984005118424,11-AUG-22,0.2933507170795302,7.151478575739291,-13.291605301914577,https://nsearchives.nseindia.com/today/MOMOMENTUMEQN.svg,https://nsearchives.nseindia.com/30d/MOMOMENTUM-EQ.svg,https://nsearchives.nseindia.com/365d/MOMOMENTUM-EQ.svg,EQ
COMMOIETF,ICICI Prudential Nifty Commodities ETF,99.94,100.78,99.77,100.7,0.78,0.78,49550,4976802,100.031,110.56,86.79,-,-,12.57685858021241,0.8209851822186698,99.92,0,11.7,0.04,30-Jul-2025,30-Jun-2026,-,0.8209851822186698,-,12.57685858021241,8.918234442836468,-16.027192072819442,https://nsearchives.nseindia.com/today/COMMOIETFEQN.svg,https://nsearchives.nseindia.com/30d/COMMOIETF-EQ.svg,https://nsearchives.nseindia.com/365d/COMMOIETF-EQ.svg,EQ
NIFTYADD,Nifty 50 Index,255.98,257.39,255.98,256.76,0.84,0.33,19118,4909693.58,256.0935,300,232.64,-,-,Infinity,2.0630440831577683,255.92,0,0,1.73,,30-Jun-2026,-,2.0630440831577683,-,Infinity,14.413333333333336,-10.367950481430539,https://nsearchives.nseindia.com/today/NIFTYADDEQN.svg,https://nsearchives.nseindia.com/30d/NIFTYADD-EQ.svg,,EQ
MONQ50,Nasdaq Q-50 Total Return Index,137.56,137.56,137.56,137.56,-2.52,-1.80,35475,4879941,117.1398,147.24,77.31,-,-,74.56852791878174,-4.723645934339932,140.08,0,77.77,-2.98,30-Jul-2025,30-Jun-2026,-,-4.723645934339932,-,74.56852791878174,6.574300461831029,-77.93299702496442,https://nsearchives.nseindia.com/today/MONQ50EQN.svg,https://nsearchives.nseindia.com/30d/MONQ50-EQ.svg,https://nsearchives.nseindia.com/365d/MONQ50-EQ.svg,EQ
ITBETA,UTI Nifty IT ETF,318.57,325.33,318.4,325,-3.39,-1.03,14948,4827905.04,328.1957,409.94,270.68,-,-,Infinity,17.655576874343836,328.39,0,0,18.88,,30-Jun-2026,-,17.655576874343836,-,Infinity,20.72010538127531,-20.067976946948423,https://nsearchives.nseindia.com/today/ITBETAEQN.svg,https://nsearchives.nseindia.com/30d/ITBETA-EQ.svg,,EQ
HDFCBSE500,HDFC S&P BSE 500 ETF,37.96,37.96,37.43,37.86,0.19,0.50,124275,4700080.5,37.517,40,32.65,-,-,2.2966765738989503,2.2138228941684672,37.67,0,1.78,1.7,30-Jul-2025,30-Jun-2026,-,2.2138228941684672,-,2.2966765738989503,5.350000000000001,-15.957120980091888,https://nsearchives.nseindia.com/today/HDFCBSE500EQN.svg,https://nsearchives.nseindia.com/30d/HDFCBSE500-EQ.svg,https://nsearchives.nseindia.com/365d/HDFCBSE500-EQ.svg,EQ
NV20IETF,Nifty50 Value 20,13.87,13.87,13.61,13.79,0.04,0.29,335673,4612147.02,13.7524,16,12.5,01-MAR-24,FACE VALUE SPLIT (SUB-DIVISION) - FROM RS 10/- PER SHARE TO RE 1/- PER SHARE,-3.2280701754386025,1.322556943423951,13.75,0,-3.51,1.03,30-Jul-2025,30-Jun-2026,FACE VALUE SPLIT (SUB-DIVISION) - FROM RS 10/- PER SHARE TO RE 1/- PER SHARE,1.322556943423951,01-MAR-24,-3.2280701754386025,13.812500000000005,-10.319999999999993,https://nsearchives.nseindia.com/today/NV20IETFEQN.svg,https://nsearchives.nseindia.com/30d/NV20IETF-EQ.svg,https://nsearchives.nseindia.com/365d/NV20IETF-EQ.svg,EQ
MOGOLD,Domestic Price of Physical Gold,140.65,142,139.75,140.7,0.05,0.04,30759,4322254.68,140.8062,175,96.3,-,-,Infinity,1.2594458438287155,140.65,0,0,1.22,,30-Jun-2026,-,1.2594458438287155,-,Infinity,19.600000000000005,-46.105919003115254,https://nsearchives.nseindia.com/today/MOGOLDEQN.svg,https://nsearchives.nseindia.com/30d/MOGOLD-EQ.svg,,EQ
NIFTYAXIS,Nifty 50,269.61,270,268.41,269.8,1.09,0.41,15722,4231890.74,269.0474,296.38,244,23-JUL-20, FACE VALUE SPLIT (SUB-DIVISION) - FROM RS 100/- PER SHARE TO RS 10/- PER SHARE,Infinity,Infinity,268.71,0,0,0,,, FACE VALUE SPLIT (SUB-DIVISION) - FROM RS 100/- PER SHARE TO RS 10/- PER SHARE,Infinity,23-JUL-20,Infinity,8.96821647884472,-10.573770491803282,https://nsearchives.nseindia.com/today/NIFTYAXISEQN.svg,,,EQ
MNC,Kotak Nifty MNC ETF,33.89,34.15,33.76,34.15,0.39,1.16,123568,4206254.72,33.7887,35.54,27.83,-,-,16.394001363326513,2.1843207660083688,33.76,0,15.06,1.02,30-Jul-2025,30-Jun-2026,-,2.1843207660083688,-,16.394001363326513,3.9110861001688257,-22.709306503772908,https://nsearchives.nseindia.com/today/MNCEQN.svg,https://nsearchives.nseindia.com/30d/MNC-EQ.svg,https://nsearchives.nseindia.com/365d/MNC-EQ.svg,EQ
GROWWMOM50,Nifty 500 Momentum 50 Index- Total Return Index,10.45,10.69,10.4,10.69,0.24,2.30,388476,4137269.4,10.4921,11.15,9.12,-,-,2.5911708253358885,-0.6505576208178465,10.45,0,0.29,-2.88,30-Jul-2025,30-Jun-2026,-,-0.6505576208178465,-,2.5911708253358885,4.125560538116599,-17.21491228070176,https://nsearchives.nseindia.com/today/GROWWMOM50EQN.svg,https://nsearchives.nseindia.com/30d/GROWWMOM50-EQ.svg,https://nsearchives.nseindia.com/365d/GROWWMOM50-EQ.svg,EQ
GROWWCAPM,Nifty Capital Markets Index,11.12,11.25,11,11.25,0.18,1.63,353698,3954343.64,11.0379,12.66,8.02,-,-,Infinity,-2.1739130434782608,11.07,0,0,-3.74,,30-Jun-2026,-,-2.1739130434782608,-,Infinity,11.137440758293838,-40.27431421446385,https://nsearchives.nseindia.com/today/GROWWCAPMEQN.svg,https://nsearchives.nseindia.com/30d/GROWWCAPM-EQ.svg,,EQ
GROWWMETAL,Nifty Metal Index,12.3,12.3,12.08,12.12,0.05,0.41,322371,3913583.94,12.1095,13.45,10.03,-,-,Infinity,1.7632241813601937,12.07,0,0,1.34,,30-Jun-2026,-,1.7632241813601937,-,Infinity,9.888475836431228,-20.837487537387837,https://nsearchives.nseindia.com/today/GROWWMETALEQN.svg,https://nsearchives.nseindia.com/30d/GROWWMETAL-EQ.svg,,EQ
SBIBPB,BSE PSU Bank Index TRI,48.54,48.6,47.72,48.01,-0.25,-0.52,80490,3891691.5,48.2347,58.27,38.53,-,-,19.19066534260178,-2.7152988855116584,48.26,0,19.81,-2.21,30-Jul-2025,30-Jun-2026,-,-2.7152988855116584,-,19.19066534260178,17.607688347348557,-24.60420451596158,https://nsearchives.nseindia.com/today/SBIBPBEQN.svg,https://nsearchives.nseindia.com/30d/SBIBPB-EQ.svg,https://nsearchives.nseindia.com/365d/SBIBPB-EQ.svg,EQ
EGOLD,Edelweiss Gold ETF,142.25,142.5,141.2,141.8,-0.5,-0.35,27467,3891524.56,142.2381,184.95,98.5,-,-,42.01301952929396,1.0691375623663577,142.3,0,42.51,1.43,30-Jul-2025,30-Jun-2026,-,1.0691375623663577,-,42.01301952929396,23.33062989997296,-43.95939086294417,https://nsearchives.nseindia.com/today/EGOLDEQN.svg,https://nsearchives.nseindia.com/30d/EGOLD-EQ.svg,https://nsearchives.nseindia.com/365d/EGOLD-EQ.svg,EQ
SILVER360,Commodity-Silver,213.47,214,211.69,211.69,-0.5,-0.24,17650,3755920,213.6767,358,105.81,-,-,87.68507846440286,-3.1433016105417297,212.19,0,88.13,-2.91,30-Jul-2025,30-Jun-2026,-,-3.1433016105417297,-,87.68507846440286,40.86871508379888,-100.06615631792836,https://nsearchives.nseindia.com/today/SILVER360EQN.svg,https://nsearchives.nseindia.com/30d/SILVER360-EQ.svg,https://nsearchives.nseindia.com/365d/SILVER360-EQ.svg,EQ
ITADD,DSP Nifty IT ETF,31.89,32.9,31.89,32.7,-0.45,-1.36,107119,3483509.88,33.1048,41.92,27.17,-,-,Infinity,17.036506800286332,33.15,0,0,18.65,,30-Jun-2026,-,17.036506800286332,-,Infinity,21.994274809160302,-20.353330879646673,https://nsearchives.nseindia.com/today/ITADDEQN.svg,https://nsearchives.nseindia.com/30d/ITADD-EQ.svg,,EQ
BANK10ADD,BSE Top 10 Banks Index (TRI),17.01,17.06,16.94,16.94,-0.07,-0.41,203587,3465050.74,17.0136,18.99,12.08,-,-,Infinity,-1.5116279069767327,17.01,0,0,-1.1,,30-Jun-2026,-,-1.5116279069767327,-,Infinity,10.795155344918363,-40.231788079470206,https://nsearchives.nseindia.com/today/BANK10ADDEQN.svg,https://nsearchives.nseindia.com/30d/BANK10ADD-EQ.svg,,EQ
HDFCSENSEX,SENSEX,90.41,90.41,87.72,88.55,0.34,0.39,39113,3459153.72,88.3826,98.48,80.9,02-FEB-24,FACE VALUE SPLIT (SUB-DIVISION) - FROM RS 250.361/- PER SHARE TO RS 25.0361/- PER SHARE,-3.392974034475234,2.2281228353728846,88.21,0,-3.76,1.84,30-Jul-2025,30-Jun-2026,FACE VALUE SPLIT (SUB-DIVISION) - FROM RS 250.361/- PER SHARE TO RS 25.0361/- PER SHARE,2.2281228353728846,02-FEB-24,-3.392974034475234,10.08326563769294,-9.45611866501853,https://nsearchives.nseindia.com/today/HDFCSENSEXEQN.svg,https://nsearchives.nseindia.com/30d/HDFCSENSEX-EQ.svg,https://nsearchives.nseindia.com/365d/HDFCSENSEX-EQ.svg,EQ
ABGSEC,Aditya Birla Sun Life CRISIL Broad Based Gilt ETF,114.77,115,113.77,114.01,-1,-0.87,30102,3454806.54,114.2171,116.23,108,-,-,3.485522374512121,0.44933920704846264,115.01,0,4.39,1.33,30-Jul-2025,30-Jun-2026,-,0.44933920704846264,-,3.485522374512121,1.9100060225415114,-5.564814814814819,https://nsearchives.nseindia.com/today/ABGSECEQN.svg,https://nsearchives.nseindia.com/30d/ABGSEC-EQ.svg,https://nsearchives.nseindia.com/365d/ABGSEC-EQ.svg,EQ
MANUFGBEES,Nifty India Manufacturing TRI,163.33,164.83,163.03,164,2.29,1.42,20051,3291572.16,162.005,171.58,138.6,-,-,Infinity,3.04096506659965,161.71,0,0,1.6,,30-Jun-2026,-,3.04096506659965,-,Infinity,4.417764308194435,-18.32611832611833,https://nsearchives.nseindia.com/today/MANUFGBEESEQN.svg,https://nsearchives.nseindia.com/30d/MANUFGBEES-EQ.svg,,EQ
TOP10ADD,Nifty Top 10 Equal Weight Index,88.71,88.75,88,88.5,-0.25,-0.28,37073,3272804.44,88.8979,103.04,83.05,-,-,-8.195020746887971,2.0525830258302595,88.75,0,-7.94,2.34,30-Jul-2025,30-Jun-2026,-,2.0525830258302595,-,-8.195020746887971,14.111024844720502,-6.562311860325108,https://nsearchives.nseindia.com/today/TOP10ADDEQN.svg,https://nsearchives.nseindia.com/30d/TOP10ADD-EQ.svg,https://nsearchives.nseindia.com/365d/TOP10ADD-EQ.svg,EQ
PSUBANK,Nifty PSU Bank,83.4,84.07,83.11,83.11,-0.2,-0.24,36886,3087358.2,83.4209,101,66.26,10-JUL-26,FACE VALUE SPLIT (SUB-DIVISION) - FROM RS 10/- PER UNIT TO RE 1/- PER UNIT,-88.03845655646867,-90.25228416274733,83.31,0,-88.01,-90.23,30-Jul-2025,30-Jun-2026,FACE VALUE SPLIT (SUB-DIVISION) - FROM RS 10/- PER UNIT TO RE 1/- PER UNIT,-90.25228416274733,10-JUL-26,-88.03845655646867,17.712871287128714,-25.430123754904912,https://nsearchives.nseindia.com/today/PSUBANKEQN.svg,https://nsearchives.nseindia.com/30d/PSUBANK-EQ.svg,https://nsearchives.nseindia.com/365d/PSUBANK-EQ.svg,EQ
SMALLADD,Nifty Smallcap 250 Index,18.01,18.23,17.99,18.04,0.07,0.39,167225,3018411.25,17.9358,18.74,14.01,-,-,Infinity,1.1210762331838526,17.97,0,0,0.73,,30-Jun-2026,-,1.1210762331838526,-,Infinity,3.7353255069370297,-28.765167737330476,https://nsearchives.nseindia.com/today/SMALLADDEQN.svg,https://nsearchives.nseindia.com/30d/SMALLADD-EQ.svg,,EQ
AONETOTAL,Nifty Total Market Index,11.93,11.99,11.88,11.95,0.07,0.59,245906,2936117.64,11.9073,12.51,9.6,-,-,2.399314481576687,2.2241231822070127,11.88,0,1.8,1.63,30-Jul-2025,30-Jun-2026,-,2.2241231822070127,-,2.399314481576687,4.476418864908077,-24.479166666666664,https://nsearchives.nseindia.com/today/AONETOTALEQN.svg,https://nsearchives.nseindia.com/30d/AONETOTAL-EQ.svg,https://nsearchives.nseindia.com/365d/AONETOTAL-EQ.svg,EQ
EMULTIMQ,Nifty500 Multicap Momentum Quality 50 Total Return Index,41.16,41.21,40.83,41.05,0.42,1.03,71223,2928689.76,40.528,43.54,36.25,-,-,-1.1557909944618443,-1.7707585546781575,40.63,0,-2.17,-2.78,30-Jul-2025,30-Jun-2026,-,-1.7707585546781575,-,-1.1557909944618443,5.718879191548006,-13.24137931034482,https://nsearchives.nseindia.com/today/EMULTIMQEQN.svg,https://nsearchives.nseindia.com/30d/EMULTIMQ-EQ.svg,https://nsearchives.nseindia.com/365d/EMULTIMQ-EQ.svg,EQ
SMALL250,Nifty Smallcap 250,18.07,18.07,17.9,17.97,0.1,0.56,160829,2893313.71,17.8882,19.95,14.16,-,-,Infinity,1.1254924029262763,17.87,0,0,0.56,,30-Jun-2026,-,1.1254924029262763,-,Infinity,9.924812030075191,-26.90677966101694,https://nsearchives.nseindia.com/today/SMALL250EQN.svg,https://nsearchives.nseindia.com/30d/SMALL250-EQ.svg,,EQ
BSE500IETF,S&P BSE 500 index,39.42,39.75,39.42,39.6,0.18,0.46,72310,2864199.1,39.4891,41.64,34.5,28-OCT-21, FACE VALUE SPLIT (SUB-DIVISION) - FROM RS 10/- PER SHARE TO RE 1/- PER SHARE,2.193548387096778,1.8780550553125908,39.42,0,1.73,1.41,30-Jul-2025,30-Jun-2026, FACE VALUE SPLIT (SUB-DIVISION) - FROM RS 10/- PER SHARE TO RE 1/- PER SHARE,1.8780550553125908,28-OCT-21,2.193548387096778,4.899135446685877,-14.782608695652177,https://nsearchives.nseindia.com/today/BSE500IETFEQN.svg,https://nsearchives.nseindia.com/30d/BSE500IETF-EQ.svg,https://nsearchives.nseindia.com/365d/BSE500IETF-EQ.svg,EQ
EBBETF0433,BHARAT Bond ETF-April 2033,1317.99,1317.99,1311.86,1315,-2.75,-0.21,2158,2838741.1,1313.1735,1345.89,1242.87,-,-,5.114226790938596,0.4238420710985493,1317.75,0,5.33,0.63,30-Jul-2025,30-Jun-2026,-,0.4238420710985493,-,5.114226790938596,2.295135560855649,-5.803503182150998,https://nsearchives.nseindia.com/today/EBBETF0433EQN.svg,https://nsearchives.nseindia.com/30d/EBBETF0433-EQ.svg,https://nsearchives.nseindia.com/365d/EBBETF0433-EQ.svg,EQ
GROWWNET,Index,9.88,10.22,9.88,10.05,-0.03,-0.30,275370,2772975.9,10.1,11.4,7.93,-,-,-3.4582132564841443,8.531317494600442,10.08,0,-3.17,8.86,30-Jul-2025,30-Jun-2026,-,8.531317494600442,-,-3.4582132564841443,11.842105263157892,-26.733921815889044,https://nsearchives.nseindia.com/today/GROWWNETEQN.svg,https://nsearchives.nseindia.com/30d/GROWWNET-EQ.svg,https://nsearchives.nseindia.com/365d/GROWWNET-EQ.svg,EQ
DIVOPPBEES,Nifty Dividend Opportunities 50 TRI,77.5,79.01,77.5,78.15,-0.45,-0.57,35209,2755808.43,78.5428,87.09,72.13,-,-,1.9303508543106873,3.7159920371599355,78.6,0,2.52,4.31,30-Jul-2025,30-Jun-2026,-,3.7159920371599355,-,1.9303508543106873,10.265242852221837,-8.346041868847928,https://nsearchives.nseindia.com/today/DIVOPPBEESEQN.svg,https://nsearchives.nseindia.com/30d/DIVOPPBEES-EQ.svg,https://nsearchives.nseindia.com/365d/DIVOPPBEES-EQ.svg,EQ
NIF100IETF,Nifty 100,28.25,28.48,28.18,28.18,-0.07,-0.25,96978,2751265.86,28.3063,30.88,23,10-MAY-24,FACE VALUE SPLIT (SUB-DIVISION) - FROM RS 10/- PER SHARE TO RE 1/- PER SHARE,-0.24778761061947002,1.3304566702624991,28.25,0,0,1.58,30-Jul-2025,30-Jun-2026,FACE VALUE SPLIT (SUB-DIVISION) - FROM RS 10/- PER SHARE TO RE 1/- PER SHARE,1.3304566702624991,10-MAY-24,-0.24778761061947002,8.743523316062175,-22.52173913043478,https://nsearchives.nseindia.com/today/NIF100IETFEQN.svg,https://nsearchives.nseindia.com/30d/NIF100IETF-EQ.svg,https://nsearchives.nseindia.com/365d/NIF100IETF-EQ.svg,EQ
TOP15IETF,Nifty Top 15 Equal Weight Index,10.02,10.06,9.94,10.02,0.04,0.40,270435,2709758.7,9.9981,11.36,9.15,-,-,-0.8902077151335298,2.8747433264886997,9.98,0,-1.29,2.46,30-Jul-2025,30-Jun-2026,-,2.8747433264886997,-,-0.8902077151335298,11.795774647887324,-9.508196721311466,https://nsearchives.nseindia.com/today/TOP15IETFEQN.svg,https://nsearchives.nseindia.com/30d/TOP15IETF-EQ.svg,https://nsearchives.nseindia.com/365d/TOP15IETF-EQ.svg,EQ
MIDCAP,Nifty Midcap 50 Index,18.52,18.55,18.36,18.4,-0.03,-0.16,143668,2653547.96,18.4218,19,15.01,27-FEB-26,FACE VALUE SPLIT (SUB-DIVISION) - FROM RS 10/- PER SHARE TO RE 1/- PER SHARE,-88.95889588958896,1.9955654101995535,18.43,0,-88.94,2.16,30-Jul-2025,30-Jun-2026,FACE VALUE SPLIT (SUB-DIVISION) - FROM RS 10/- PER SHARE TO RE 1/- PER SHARE,1.9955654101995535,27-FEB-26,-88.95889588958896,3.157894736842113,-22.584943371085934,https://nsearchives.nseindia.com/today/MIDCAPEQN.svg,https://nsearchives.nseindia.com/30d/MIDCAP-EQ.svg,https://nsearchives.nseindia.com/365d/MIDCAP-EQ.svg,EQ
MIDSELIETF,S&P BSE Midcap Select Index,19.45,19.64,19.45,19.6,0.15,0.77,131756,2579782.48,19.4575,20,14.55,10-MAY-24,FACE VALUE SPLIT (SUB-DIVISION) - FROM RS 10/- PER SHARE TO RE 1/- PER SHARE,12.000000000000009,3.4846884899683217,19.45,0,11.14,2.69,30-Jul-2025,30-Jun-2026,FACE VALUE SPLIT (SUB-DIVISION) - FROM RS 10/- PER SHARE TO RE 1/- PER SHARE,3.4846884899683217,10-MAY-24,12.000000000000009,1.999999999999993,-34.70790378006873,https://nsearchives.nseindia.com/today/MIDSELIETFEQN.svg,https://nsearchives.nseindia.com/30d/MIDSELIETF-EQ.svg,https://nsearchives.nseindia.com/365d/MIDSELIETF-EQ.svg,EQ
NIFTYCASE,Nifty Index 50 Index,9.77,9.8,9.74,9.78,0.04,0.41,262449,2564126.73,9.7566,11.4,8.84,-,-,Infinity,2.301255230125511,9.74,0,0,1.88,,30-Jun-2026,-,2.301255230125511,-,Infinity,14.210526315789483,-10.633484162895922,https://nsearchives.nseindia.com/today/NIFTYCASEEQN.svg,https://nsearchives.nseindia.com/30d/NIFTYCASE-EQ.svg,,EQ
TECH,Nifty IT TRI Index,34,34,32.16,33.85,-0.32,-0.94,75876,2539569.72,34.1791,49.41,28,-,-,-10.4734197302301,16.6839021027232,34.17,0,-9.63,17.79,30-Jul-2025,30-Jun-2026,-,16.6839021027232,-,-10.4734197302301,31.491600890507986,-20.892857142857146,https://nsearchives.nseindia.com/today/TECHEQN.svg,https://nsearchives.nseindia.com/30d/TECH-EQ.svg,https://nsearchives.nseindia.com/365d/TECH-EQ.svg,EQ
MULTICAP,Nifty500 Multicap 50:25:25 Index,16.68,16.78,16.68,16.72,0.08,0.48,147571,2468862.83,16.6825,17.5,14.2,-,-,3.2736256948733633,1.7650639074863004,16.64,0,2.78,1.28,30-Jul-2025,30-Jun-2026,-,1.7650639074863004,-,3.2736256948733633,4.4571428571428635,-17.746478873239433,https://nsearchives.nseindia.com/today/MULTICAPEQN.svg,https://nsearchives.nseindia.com/30d/MULTICAP-EQ.svg,https://nsearchives.nseindia.com/365d/MULTICAP-EQ.svg,EQ
QUAL30IETF,ICICI Prudential Nifty 200 Quality 30 ETF,21.4,21.46,21.21,21.37,-0.03,-0.14,107974,2307404.38,21.4477,23,18,10-MAY-24,FACE VALUE SPLIT (SUB-DIVISION) - FROM RS 10/- PER SHARE TO RE 1/- PER SHARE,2.888781896966786,5.6351952545724195,21.4,0,3.03,5.78,30-Jul-2025,30-Jun-2026,FACE VALUE SPLIT (SUB-DIVISION) - FROM RS 10/- PER SHARE TO RE 1/- PER SHARE,5.6351952545724195,10-MAY-24,2.888781896966786,7.0869565217391255,-18.72222222222223,https://nsearchives.nseindia.com/today/QUAL30IETFEQN.svg,https://nsearchives.nseindia.com/30d/QUAL30IETF-EQ.svg,https://nsearchives.nseindia.com/365d/QUAL30IETF-EQ.svg,EQ
MOHEALTH,Motilal Oswal S&P BSE Healthcare ETF,51.98,51.98,51.2,51.73,0.01,0.02,43589,2251371.85,51.4516,53,40.79,-,-,11.463046757164404,3.397961223266032,51.72,0,11.44,3.38,30-Jul-2025,30-Jun-2026,-,3.397961223266032,-,11.463046757164404,2.3962264150943455,-26.820299092914926,https://nsearchives.nseindia.com/today/MOHEALTHEQN.svg,https://nsearchives.nseindia.com/30d/MOHEALTH-EQ.svg,https://nsearchives.nseindia.com/365d/MOHEALTH-EQ.svg,EQ
VAL30IETF,Nifty200 Value 30 Index,15.48,15.48,15.34,15.42,0.05,0.33,144799,2228456.61,15.3711,17.7,12.27,-,-,18.160919540229877,0.1298701298701271,15.37,0,17.78,-0.19,30-Jul-2025,30-Jun-2026,-,0.1298701298701271,-,18.160919540229877,12.881355932203387,-25.672371638141815,https://nsearchives.nseindia.com/today/VAL30IETFEQN.svg,https://nsearchives.nseindia.com/30d/VAL30IETF-EQ.svg,https://nsearchives.nseindia.com/365d/VAL30IETF-EQ.svg,EQ
NIFTY100EW,Nifty 100 Equal Weight Index,35.3,35.63,35.08,35.08,-0.13,-0.37,62858,2225801.78,35.265,41.41,29.84,-,-,7.278287461773686,1.7696547722657368,35.21,0,7.68,2.15,30-Jul-2025,30-Jun-2026,-,1.7696547722657368,-,7.278287461773686,15.286162762617721,-17.56032171581769,https://nsearchives.nseindia.com/today/NIFTY100EWEQN.svg,https://nsearchives.nseindia.com/30d/NIFTY100EW-EQ.svg,https://nsearchives.nseindia.com/365d/NIFTY100EW-EQ.svg,EQ
HDFCNIFBAN,Nifty Bank,58.85,59.08,58.82,58.95,0.21,0.36,37451,2206987.43,58.8286,65.54,51.2,02-FEB-24,FACE VALUE SPLIT (SUB-DIVISION) - FROM RS 223.31/- PER SHARE TO RS 22.331/- PER SHARE,2.5039123630673012,-0.5902192242832957,58.74,0,2.14,-0.94,30-Jul-2025,30-Jun-2026,FACE VALUE SPLIT (SUB-DIVISION) - FROM RS 223.31/- PER SHARE TO RS 22.331/- PER SHARE,-0.5902192242832957,02-FEB-24,2.5039123630673012,10.054928288068359,-15.13671875,https://nsearchives.nseindia.com/today/HDFCNIFBANEQN.svg,https://nsearchives.nseindia.com/30d/HDFCNIFBAN-EQ.svg,https://nsearchives.nseindia.com/365d/HDFCNIFBAN-EQ.svg,EQ
SENSEXBETA,SENSEX,860.29,866.98,860.29,861,0.29,0.03,2547,2199665.61,863.1908,952.91,785,26-FEB-21, INTERIM DIVIDEND - RS 13.56 PER UNIT,Infinity,1.887462280338447,860.71,0,0,1.85,,30-Jun-2026, INTERIM DIVIDEND - RS 13.56 PER UNIT,1.887462280338447,26-FEB-21,Infinity,9.645192095790785,-9.681528662420382,https://nsearchives.nseindia.com/today/SENSEXBETAEQN.svg,https://nsearchives.nseindia.com/30d/SENSEXBETA-EQ.svg,,EQ
SHARIABEES,Shariah,464.8,473,464.8,472.77,-1.52,-0.32,4582,2155189.52,474.0727,534.61,433.68,10-MAR-14,DIVIDEND-RS.2 PER UNIT,-4.344043379734547,6.703229737964654,474.29,0,-4.04,7.05,30-Jul-2025,30-Jun-2026,DIVIDEND-RS.2 PER UNIT,6.703229737964654,10-MAR-14,-4.344043379734547,11.567310749892451,-9.013558384061975,https://nsearchives.nseindia.com/today/SHARIABEESEQN.svg,https://nsearchives.nseindia.com/30d/SHARIABEES-EQ.svg,https://nsearchives.nseindia.com/365d/SHARIABEES-EQ.svg,EQ
HEALTHADD,DSP Nifty Healthcare ETF,16.9,17,16.89,16.92,0.07,0.42,125410,2129461.8,16.8653,17.02,13.54,03-JUL-26,FACE VALUE SPLIT (SUB-DIVISION) - FROM RS 10/- PER UNIT TO RE 1/- PER UNIT,-88.81618084473529,-89.59473587110263,16.85,0,-88.86,-89.64,30-Jul-2025,30-Jun-2026,FACE VALUE SPLIT (SUB-DIVISION) - FROM RS 10/- PER UNIT TO RE 1/- PER UNIT,-89.59473587110263,03-JUL-26,-88.81618084473529,0.5875440658049229,-24.963072378138865,https://nsearchives.nseindia.com/today/HEALTHADDEQN.svg,https://nsearchives.nseindia.com/30d/HEALTHADD-EQ.svg,https://nsearchives.nseindia.com/365d/HEALTHADD-EQ.svg,EQ
EBBETF0431,Nifty BHARAT Bond,1443.98,1445.65,1441.01,1441.1,0.14,0.01,1441,2079924.99,1438.4725,1469,1363,-,-,5.2796914152962735,0.5877097467682836,1440.96,0,5.27,0.58,30-Jul-2025,30-Jun-2026,-,0.5877097467682836,-,5.2796914152962735,1.8992511912865957,-5.730007336757146,https://nsearchives.nseindia.com/today/EBBETF0431EQN.svg,https://nsearchives.nseindia.com/30d/EBBETF0431-EQ.svg,https://nsearchives.nseindia.com/365d/EBBETF0431-EQ.svg,EQ
SELECTIPO,BSE Select IPO Index,46.89,47.16,46.89,46.9,0.16,0.34,38633,1815364.67,46.7845,57.75,37.8,-,-,-3.972153972153982,3.7610619469026454,46.74,0,-4.3,3.41,30-Jul-2025,30-Jun-2026,-,3.7610619469026454,-,-3.972153972153982,18.787878787878793,-24.07407407407408,https://nsearchives.nseindia.com/today/SELECTIPOEQN.svg,https://nsearchives.nseindia.com/30d/SELECTIPO-EQ.svg,https://nsearchives.nseindia.com/365d/SELECTIPO-EQ.svg,EQ
CONSUMIETF,Nifty India Consumption Index,124.59,125.74,124.59,125.5,0.48,0.38,14040,1761037.2,125.2859,141.27,94.65,-,-,4.183961480989545,5.17934964800537,125.02,0,3.79,4.78,30-Jul-2025,30-Jun-2026,-,5.17934964800537,-,4.183961480989545,11.163021165144764,-32.593766508188054,https://nsearchives.nseindia.com/today/CONSUMIETFEQN.svg,https://nsearchives.nseindia.com/30d/CONSUMIETF-EQ.svg,https://nsearchives.nseindia.com/365d/CONSUMIETF-EQ.svg,EQ
MOLOWVOL,Nifty Midcap 100 TRI,37.47,37.5,37.26,37.44,-0.05,-0.13,47135,1756721.45,37.4659,43.07,33.52,11-AUG-22,FACE VALUE SPLIT (SUB-DIVISION) - FROM RS 10/- PER UNIT TO RS 2/- PER UNIT,-1.0570824524313045,2.18340611353711,37.49,0,-0.92,2.32,30-Jul-2025,30-Jun-2026,FACE VALUE SPLIT (SUB-DIVISION) - FROM RS 10/- PER UNIT TO RS 2/- PER UNIT,2.18340611353711,11-AUG-22,-1.0570824524313045,13.071743673090323,-11.694510739856783,https://nsearchives.nseindia.com/today/MOLOWVOLEQN.svg,https://nsearchives.nseindia.com/30d/MOLOWVOL-EQ.svg,https://nsearchives.nseindia.com/365d/MOLOWVOL-EQ.svg,EQ
MOMENTUM,Aditya Birla Sun Life Nifty 200 Momentum 30 ETF,30.54,31,30.54,30.92,0.47,1.54,56810,1754860.9,30.4752,33,27.05,-,-,0.9467841984982133,-1.0559999999999945,30.45,0,-0.59,-2.56,30-Jul-2025,30-Jun-2026,-,-1.0559999999999945,-,0.9467841984982133,6.303030303030297,-14.306839186691317,https://nsearchives.nseindia.com/today/MOMENTUMEQN.svg,https://nsearchives.nseindia.com/30d/MOMENTUM-EQ.svg,https://nsearchives.nseindia.com/365d/MOMENTUM-EQ.svg,EQ
NV20BEES,Nifty50 Value20 TRI,139.7,141.53,138.3,141.27,0.15,0.11,12413,1746881.49,141.1332,160,122.02,19-DEC-19, FACE VALUE SPLIT (SUB-DIVISION) - FROM RS 10/- TO RS 1/-,-3.272851763094831,1.3123924268502671,141.12,0,-3.38,1.2,30-Jul-2025,30-Jun-2026, FACE VALUE SPLIT (SUB-DIVISION) - FROM RS 10/- TO RS 1/-,1.3123924268502671,19-DEC-19,-3.272851763094831,11.706249999999994,-15.776102278315042,https://nsearchives.nseindia.com/today/NV20BEESEQN.svg,https://nsearchives.nseindia.com/30d/NV20BEES-EQ.svg,https://nsearchives.nseindia.com/365d/NV20BEES-EQ.svg,EQ
LTGILTCASE,Nifty 8-13 Yr G-Sec Index,30.95,30.95,30.04,30.5,0.02,0.07,57207,1746529.71,30.4914,31.17,28.71,-,-,Infinity,0,30.48,0,0,-0.07,,30-Jun-2026,-,0,-,Infinity,2.1495027269810767,-6.234761407175197,https://nsearchives.nseindia.com/today/LTGILTCASEEQN.svg,https://nsearchives.nseindia.com/30d/LTGILTCASE-EQ.svg,,EQ
MSCIINDIA,MSCI India Index,30.1,30.21,30.02,30.19,0.22,0.73,56849,1714565.84,30.03,32.14,26.5,-,-,2.443162538174423,2.3736859952526377,29.97,0,1.7,1.63,30-Jul-2025,30-Jun-2026,-,2.3736859952526377,-,2.443162538174423,6.067205973864342,-13.924528301886797,https://nsearchives.nseindia.com/today/MSCIINDIAEQN.svg,https://nsearchives.nseindia.com/30d/MSCIINDIA-EQ.svg,https://nsearchives.nseindia.com/365d/MSCIINDIA-EQ.svg,EQ
SENSEXETF,Mirae Asset S&P BSE Sensex ETF,80.31,80.79,80.31,80.62,0.41,0.51,20954,1686168.38,80.3936,88.7,73.33,-,-,-3.170790295460005,1.8701036138488805,80.21,0,-3.66,1.35,30-Jul-2025,30-Jun-2026,-,1.8701036138488805,-,-3.170790295460005,9.109357384441937,-9.941360970953236,https://nsearchives.nseindia.com/today/SENSEXETFEQN.svg,https://nsearchives.nseindia.com/30d/SENSEXETF-EQ.svg,https://nsearchives.nseindia.com/365d/SENSEXETF-EQ.svg,EQ
ABSLPSE,Aditya Birla Sun Life Nifty PSE ETF,10.35,10.36,10.25,10.34,0.06,0.58,159900,1650168,10.2567,11.6,9.21,-,-,4.128902316213496,0,10.28,0,3.52,-0.58,30-Jul-2025,30-Jun-2026,-,0,-,4.128902316213496,10.862068965517238,-12.269272529858837,https://nsearchives.nseindia.com/today/ABSLPSEEQN.svg,https://nsearchives.nseindia.com/30d/ABSLPSE-EQ.svg,https://nsearchives.nseindia.com/365d/ABSLPSE-EQ.svg,EQ
GROWWRLTY,Index,10.08,10.3,9.97,10.13,0.05,0.50,162074,1641809.62,10.085,11.3,7.17,-,-,Infinity,8.924731182795698,10.08,0,0,8.39,,30-Jun-2026,-,8.924731182795698,-,Infinity,10.353982300884955,-41.28312412831243,https://nsearchives.nseindia.com/today/GROWWRLTYEQN.svg,https://nsearchives.nseindia.com/30d/GROWWRLTY-EQ.svg,,EQ
AONESILVER,Domestic price of Silver,8.25,8.4,8.24,8.28,0,0.00,197371,1638179.3,8.3083,12,7.43,-,-,Infinity,-2.4734982332155577,8.28,0,0,-2.47,,30-Jun-2026,-,-2.4734982332155577,-,Infinity,31.000000000000004,-11.440107671601611,https://nsearchives.nseindia.com/today/AONESILVEREQN.svg,https://nsearchives.nseindia.com/30d/AONESILVER-EQ.svg,,EQ
GROWWCHEM,Nifty Chemicals Index - TRI,30,30.54,29.92,30.15,0.04,0.13,53155,1607938.75,30.021,31.61,24.64,-,-,Infinity,1.8237082066869272,30.11,0,0,1.69,,30-Jun-2026,-,1.8237082066869272,-,Infinity,4.61879152167036,-22.362012987012978,https://nsearchives.nseindia.com/today/GROWWCHEMEQN.svg,https://nsearchives.nseindia.com/30d/GROWWCHEM-EQ.svg,,EQ
VALUEAXIS,Nifty500 Value 50 TRI,32.68,33.25,32.58,33.24,0.46,1.40,48726,1606983.48,32.8732,39,22.84,-,-,Infinity,Infinity,32.78,0,0,0,,,-,Infinity,-,Infinity,14.769230769230763,-45.53415061295973,https://nsearchives.nseindia.com/today/VALUEAXISEQN.svg,,,EQ
SBISMLETF,Nifty Smallcap 250 Index,18.08,18.25,17.83,17.91,0,0.00,89428,1603444.04,17.8519,18.95,16.53,-,-,Infinity,0.8445945945945865,17.91,0,0,0.84,,30-Jun-2026,-,0.8445945945945865,-,Infinity,5.488126649076513,-8.348457350272225,https://nsearchives.nseindia.com/today/SBISMLETFEQN.svg,https://nsearchives.nseindia.com/30d/SBISMLETF-EQ.svg,,EQ
NEXT50ETF,Nifty Next 50 Index,73.89,74.41,73.61,74.25,1.3,1.78,21609,1598417.73,73.141,74.97,60.15,-,-,Infinity,2.9962546816479354,72.95,0,0,1.19,,30-Jun-2026,-,2.9962546816479354,-,Infinity,0.9603841536614631,-23.441396508728182,https://nsearchives.nseindia.com/today/NEXT50ETFEQN.svg,https://nsearchives.nseindia.com/30d/NEXT50ETF-EQ.svg,,EQ
EMETAL,Nifty Metal Total Return Index,13.1,15.21,12.63,12.8,-0.3,-2.29,115195,1585083.2,12.6919,15.21,12.41,-,-,Infinity,Infinity,13.1,0,0,0,,,-,Infinity,-,Infinity,15.844838921761998,-3.142626913779215,https://nsearchives.nseindia.com/today/EMETALEQN.svg,,,EQ
FLEXIADD,Nifty500 Flexicap Quality 30 TRI,9.97,10.43,9.75,10.23,0,0.00,152650,1563136,10.2428,11.9,8.73,-,-,Infinity,6.784968684759919,10.23,0,0,6.78,,30-Jun-2026,-,6.784968684759919,-,Infinity,14.033613445378151,-17.18213058419244,https://nsearchives.nseindia.com/today/FLEXIADDEQN.svg,https://nsearchives.nseindia.com/30d/FLEXIADD-EQ.svg,,EQ
HDFCNIF100,HDFC NIFTY 100 ETF,26.32,26.45,25.93,26.35,0.16,0.61,58955,1551106.05,26.2248,29,22,20-OCT-23,FACE VALUE SPLIT (SUB-DIVISION) - FROM RS 177.27/- PER SHARE TO RS 17.727/- PER SHARE,0.8419441255262243,2.3300970873786464,26.19,0,0.23,1.71,30-Jul-2025,30-Jun-2026,FACE VALUE SPLIT (SUB-DIVISION) - FROM RS 177.27/- PER SHARE TO RS 17.727/- PER SHARE,2.3300970873786464,20-OCT-23,0.8419441255262243,9.137931034482754,-19.772727272727277,https://nsearchives.nseindia.com/today/HDFCNIF100EQN.svg,https://nsearchives.nseindia.com/30d/HDFCNIF100-EQ.svg,https://nsearchives.nseindia.com/365d/HDFCNIF100-EQ.svg,EQ
ITAXIS,NIFTY IT Index,336.09,340.5,332.52,336,-6.71,-1.96,4516,1522930.68,343.9857,439.67,230.7,-,-,Infinity,Infinity,342.71,0,0,0,,,-,Infinity,-,Infinity,23.579047922305367,-45.64369310793239,https://nsearchives.nseindia.com/today/ITAXISEQN.svg,,,EQ
NIFTYQLITY,Aditya Birla Sun Life Nifty 200 Quality 30 ETF,21.65,21.68,21.53,21.53,-0.12,-0.55,69272,1496967.92,21.6643,23.03,18.95,-,-,2.670481640438733,5.4358472086189975,21.65,0,3.24,6.02,30-Jul-2025,30-Jun-2026,-,5.4358472086189975,-,2.670481640438733,6.513243595310464,-13.614775725593677,https://nsearchives.nseindia.com/today/NIFTYQLITYEQN.svg,https://nsearchives.nseindia.com/30d/NIFTYQLITY-EQ.svg,https://nsearchives.nseindia.com/365d/NIFTYQLITY-EQ.svg,EQ
INTERNET,Equity Index,13.9,13.9,13.53,13.57,-0.06,-0.44,108867,1480591.2,13.6399,15.2,10.72,-,-,-3.0021443888491772,7.955449482895784,13.63,0,-2.57,8.43,30-Jul-2025,30-Jun-2026,-,7.955449482895784,-,-3.0021443888491772,10.723684210526308,-26.58582089552238,https://nsearchives.nseindia.com/today/INTERNETEQN.svg,https://nsearchives.nseindia.com/30d/INTERNET-EQ.svg,https://nsearchives.nseindia.com/365d/INTERNET-EQ.svg,EQ
PSUBANKADD,DSP Nifty PSU Bank ETF,84.49,84.94,83.79,84.89,0.75,0.89,17183,1453509.97,84.2499,99.88,67.2,-,-,22.00344926703076,-1.290697674418604,84.14,0,20.93,-2.16,30-Jul-2025,30-Jun-2026,-,-1.290697674418604,-,22.00344926703076,15.008009611533836,-26.324404761904756,https://nsearchives.nseindia.com/today/PSUBANKADDEQN.svg,https://nsearchives.nseindia.com/30d/PSUBANKADD-EQ.svg,https://nsearchives.nseindia.com/365d/PSUBANKADD-EQ.svg,EQ
CONS,Kotak Nifty India Consumption ETF,12.43,12.64,12.3,12.44,0.01,0.08,115912,1446581.76,12.4426,13.2,10.2,27-FEB-26,FACE VALUE SPLIT (SUB-DIVISION) - FROM RS 10/- PER SHARE TO RE 1/- PER SHARE,-89.59518233522917,5.423728813559311,12.43,0,-89.6,5.34,30-Jul-2025,30-Jun-2026,FACE VALUE SPLIT (SUB-DIVISION) - FROM RS 10/- PER SHARE TO RE 1/- PER SHARE,5.423728813559311,27-FEB-26,-89.59518233522917,5.757575757575756,-21.960784313725494,https://nsearchives.nseindia.com/today/CONSEQN.svg,https://nsearchives.nseindia.com/30d/CONS-EQ.svg,https://nsearchives.nseindia.com/365d/CONS-EQ.svg,EQ
AONENIFTY,Nifty 50 Index,10.27,10.27,10.01,10.05,0.03,0.30,139413,1399706.52,10.0385,11.06,9,-,-,-1.082677165354325,2.134146341463423,10.02,0,-1.38,1.83,30-Jul-2025,30-Jun-2026,-,2.134146341463423,-,-1.082677165354325,9.132007233273052,-11.666666666666675,https://nsearchives.nseindia.com/today/AONENIFTYEQN.svg,https://nsearchives.nseindia.com/30d/AONENIFTY-EQ.svg,https://nsearchives.nseindia.com/365d/AONENIFTY-EQ.svg,EQ
ECAPINSURE,BSE Capital Markets & Insurance Total Return Index,23.75,23.89,23.65,23.81,0.13,0.55,57568,1367815.68,23.6028,25.88,20.5,-,-,2.939904885430176,-1.5301902398676634,23.68,0,2.38,-2.07,30-Jul-2025,30-Jun-2026,-,-1.5301902398676634,-,2.939904885430176,7.998454404945906,-16.14634146341463,https://nsearchives.nseindia.com/today/ECAPINSUREEQN.svg,https://nsearchives.nseindia.com/30d/ECAPINSURE-EQ.svg,https://nsearchives.nseindia.com/365d/ECAPINSURE-EQ.svg,EQ
HDFCQUAL,HDFC NIFTY100 Quality 30 ETF,58.72,59.1,58.72,58.86,-0.16,-0.27,21681,1277227.71,59.1273,61.87,51.91,-,-,3.68152193059714,5.201072386058975,59.02,0,3.96,5.49,30-Jul-2025,30-Jun-2026,-,5.201072386058975,-,3.68152193059714,4.865039599159525,-13.388557118089006,https://nsearchives.nseindia.com/today/HDFCQUALEQN.svg,https://nsearchives.nseindia.com/30d/HDFCQUAL-EQ.svg,https://nsearchives.nseindia.com/365d/HDFCQUAL-EQ.svg,EQ
SETF10GILT,Nifty 10 yr Benchmark G-Sec Index,264.29,265.97,264.1,264.42,0.13,0.05,4802,1269744.84,264.8926,272.31,250.37,-,-,2.631578947368433,0.38724373576311266,264.29,0,2.58,0.34,30-Jul-2025,30-Jun-2026,-,0.38724373576311266,-,2.631578947368433,2.8974330726010744,-5.611694691856058,https://nsearchives.nseindia.com/today/SETF10GILTEQN.svg,https://nsearchives.nseindia.com/30d/SETF10GILT-EQ.svg,https://nsearchives.nseindia.com/365d/SETF10GILT-EQ.svg,EQ
PVTBANKADD,DSP Nifty Private Bank ETF,28.65,28.65,27.63,27.63,-0.33,-1.18,43879,1225540.47,27.925,31.88,24.02,-,-,0.6557377049180317,-2.779732582688257,27.96,0,1.86,-1.62,30-Jul-2025,30-Jun-2026,-,-2.779732582688257,-,0.6557377049180317,13.331242158092849,-15.029142381348874,https://nsearchives.nseindia.com/today/PVTBANKADDEQN.svg,https://nsearchives.nseindia.com/30d/PVTBANKADD-EQ.svg,https://nsearchives.nseindia.com/365d/PVTBANKADD-EQ.svg,EQ
HEALTHCARE,Nifty 500 Healthcare Index,21.64,21.78,21.59,21.61,0.07,0.32,56573,1224805.45,21.5848,22.27,17.18,-,-,Infinity,3.101145038167932,21.54,0,0,2.77,,30-Jun-2026,-,3.101145038167932,-,Infinity,2.9636281993713522,-25.785797438882422,https://nsearchives.nseindia.com/today/HEALTHCAREEQN.svg,https://nsearchives.nseindia.com/30d/HEALTHCARE-EQ.svg,,EQ
GROWWNXT50,Index,72,73.95,72,73.61,0.99,1.36,16291,1200320.88,72.9491,73.95,60.01,-,-,Infinity,2.9222595078299825,72.62,0,0,1.54,,30-Jun-2026,-,2.9222595078299825,-,Infinity,0.45977011494253334,-22.662889518413603,https://nsearchives.nseindia.com/today/GROWWNXT50EQN.svg,https://nsearchives.nseindia.com/30d/GROWWNXT50-EQ.svg,,EQ
BANKPSU,Nifty PSU Bank Total Return Index,84.52,84.63,84.15,84.5,0.3,0.36,13859,1168729.47,84.0351,99.52,67.59,-,-,21.82814302191465,-1.3657056145675286,84.2,0,21.4,-1.72,30-Jul-2025,30-Jun-2026,-,-1.3657056145675286,-,21.82814302191465,15.092443729903533,-25.018493860038458,https://nsearchives.nseindia.com/today/BANKPSUEQN.svg,https://nsearchives.nseindia.com/30d/BANKPSU-EQ.svg,https://nsearchives.nseindia.com/365d/BANKPSU-EQ.svg,EQ
GROWWN200,Nifty 200 Index- Total Return Index,11.38,11.45,11.38,11.38,0.03,0.26,101461,1157670.01,11.4,12.14,9.91,-,-,1.8800358102059163,2.1543985637342926,11.35,0,1.61,1.89,30-Jul-2025,30-Jun-2026,-,2.1543985637342926,-,1.8800358102059163,6.260296540362436,-14.83350151362261,https://nsearchives.nseindia.com/today/GROWWN200EQN.svg,https://nsearchives.nseindia.com/30d/GROWWN200-EQ.svg,https://nsearchives.nseindia.com/365d/GROWWN200-EQ.svg,EQ
BBETF0432,Nifty BHARAT Bond Index - April 2032,1356.5,1357,1354.13,1355.99,-0.54,-0.04,834,1131087.48,1351.4321,1378,1262.29,-,-,5.4818283651751845,0.3351930504787395,1356.53,0,5.52,0.38,30-Jul-2025,30-Jun-2026,-,0.3351930504787395,-,5.4818283651751845,1.5972423802612474,-7.423016897860241,https://nsearchives.nseindia.com/today/BBETF0432EQN.svg,https://nsearchives.nseindia.com/30d/BBETF0432-EQ.svg,https://nsearchives.nseindia.com/365d/BBETF0432-EQ.svg,EQ
CEMNTGROWW,Nifty Cements Index TRI,15.25,15.55,15.2,15.29,0.04,0.26,71334,1090696.86,15.2711,15.97,14.9,-,-,Infinity,Infinity,15.25,0,0,0,,,-,Infinity,-,Infinity,4.257983719474023,-2.617449664429522,https://nsearchives.nseindia.com/today/CEMNTGROWWEQN.svg,,,EQ
SBIMIDMOM,Nifty Midcap 150 Momentum 50 Index,61.94,63.63,61.94,62.8,0.55,0.88,17016,1071497.52,62.0994,67.74,53.86,-,-,Infinity,-0.7898894154818326,62.25,0,0,-1.66,,30-Jun-2026,-,-0.7898894154818326,-,Infinity,7.29258931207558,-16.59858893427404,https://nsearchives.nseindia.com/today/SBIMIDMOMEQN.svg,https://nsearchives.nseindia.com/30d/SBIMIDMOM-EQ.svg,,EQ
HDFCVALUE,HDFC NIFTY50 Value 20 ETF,126.76,127.17,126.46,127.17,0.41,0.32,8340,1059180,126.954,147.05,120,-,-,-3.534855495714185,1.26612517916866,126.76,0,-3.85,0.94,30-Jul-2025,30-Jun-2026,-,1.26612517916866,-,-3.534855495714185,13.519211152669165,-5.975000000000002,https://nsearchives.nseindia.com/today/HDFCVALUEEQN.svg,https://nsearchives.nseindia.com/30d/HDFCVALUE-EQ.svg,https://nsearchives.nseindia.com/365d/HDFCVALUE-EQ.svg,EQ
GROWWSC250,Nifty Smallcap 250 Index - TRI,10.41,10.42,10.26,10.35,0.04,0.39,94600,981002,10.297,10.97,8,-,-,Infinity,1.3712047012732496,10.31,0,0,0.98,,30-Jun-2026,-,1.3712047012732496,-,Infinity,5.651777575205114,-29.374999999999996,https://nsearchives.nseindia.com/today/GROWWSC250EQN.svg,https://nsearchives.nseindia.com/30d/GROWWSC250-EQ.svg,,EQ
IVZINNIFTY,Nifty 50,276.5,280.91,276.5,280.54,1.89,0.68,3394,946518.72,2787.7876,315,251.1,31-JUL-26,FACE VALUE SPLIT (SUB-DIVISION) - FROM RS 10/- PER SHARE TO RE 1/- PER SHARE,-90.06772808219421,-89.72798605695121,2786.51,0,-1.35,2.03,30-Jul-2025,30-Jun-2026,FACE VALUE SPLIT (SUB-DIVISION) - FROM RS 10/- PER SHARE TO RE 1/- PER SHARE,-89.72798605695121,31-JUL-26,-90.06772808219421,10.939682539682535,-11.72441258462765,https://nsearchives.nseindia.com/today/IVZINNIFTYEQN.svg,https://nsearchives.nseindia.com/30d/IVZINNIFTY-EQ.svg,https://nsearchives.nseindia.com/365d/IVZINNIFTY-EQ.svg,EQ
TOP20,Nifty Top 20 Equal Weight,9.01,9.07,9.01,9.03,0.02,0.22,103990,940069.6,9.0247,9.99,8,-,-,Infinity,4.756380510440837,9.01,0,0,4.52,,30-Jun-2026,-,4.756380510440837,-,Infinity,9.609609609609619,-12.874999999999993,https://nsearchives.nseindia.com/today/TOP20EQN.svg,https://nsearchives.nseindia.com/30d/TOP20-EQ.svg,,EQ
IVZINGOLD,Gold,123.7,123.85,122.6,123.05,-0.65,-0.53,7443,918540.63,123.7359,156,85.33,30-APR-26,FACE VALUE SPLIT (SUB-DIVISION) - FROM RS 100/- PER SHARE TO RE 1/- PER SHARE,-98.57941918390202,0.9433962264150872,123.7,0,-98.57,1.48,30-Jul-2025,30-Jun-2026,FACE VALUE SPLIT (SUB-DIVISION) - FROM RS 100/- PER SHARE TO RE 1/- PER SHARE,0.9433962264150872,30-APR-26,-98.57941918390202,21.121794871794876,-44.20485175202156,https://nsearchives.nseindia.com/today/IVZINGOLDEQN.svg,https://nsearchives.nseindia.com/30d/IVZINGOLD-EQ.svg,https://nsearchives.nseindia.com/365d/IVZINGOLD-EQ.svg,EQ
INFRA,Nifty India Infrastructure & Logistics,12.18,12.18,12.08,12.1,0.09,0.75,75008,909847.04,12.0104,13.27,10.14,-,-,Infinity,-1.7059301380991132,12.01,0,0,-2.44,,30-Jun-2026,-,-1.7059301380991132,-,Infinity,8.816880180859082,-19.32938856015778,https://nsearchives.nseindia.com/today/INFRAEQN.svg,https://nsearchives.nseindia.com/30d/INFRA-EQ.svg,,EQ
ABSLLIQUID,Aditya Birla Sun Life CRISIL Overnight Fund AI ETF,1000,1000.01,999.99,1000,0.01,0.00,886,886000,1000,1044.99,999.56,-,-,0,-0.0009999900000990894,999.99,0,0,0,30-Jul-2025,30-Jun-2026,-,-0.0009999900000990894,-,0,4.3053043569794935,-0.04401936852215521,https://nsearchives.nseindia.com/today/ABSLLIQUIDEQN.svg,https://nsearchives.nseindia.com/30d/ABSLLIQUID-EQ.svg,https://nsearchives.nseindia.com/365d/ABSLLIQUID-EQ.svg,EQ
ESG,NIFTY100 ESG SECTOR LEADERS,41.97,42.19,41.92,42.07,0.27,0.65,20824,875232.72,41.8807,45.06,37.52,-,-,-0.9185115402731996,3.138024025496448,41.8,0,-1.55,2.48,30-Jul-2025,30-Jun-2026,-,3.138024025496448,-,-0.9185115402731996,6.635596981802046,-12.126865671641783,https://nsearchives.nseindia.com/today/ESGEQN.svg,https://nsearchives.nseindia.com/30d/ESG-EQ.svg,https://nsearchives.nseindia.com/365d/ESG-EQ.svg,EQ
MOTOUR,Nifty India Tourism Total Return Index,78.96,79.06,78.32,78.4,-0.28,-0.36,11095,872067,78.5267,95.9,64,-,-,-13.627850611435488,-1.7666959027690723,78.68,0,-13.32,-1.42,30-Jul-2025,30-Jun-2026,-,-1.7666959027690723,-,-13.627850611435488,18.248175182481752,-22.500000000000007,https://nsearchives.nseindia.com/today/MOTOUREQN.svg,https://nsearchives.nseindia.com/30d/MOTOUR-EQ.svg,https://nsearchives.nseindia.com/365d/MOTOUR-EQ.svg,EQ
GOLD360,Commodity-Gold,138.8,141.4,138.35,138.8,0.05,0.04,6031,838188.38,138.962,178,87.85,-,-,41.92229038854808,1.1661807580175094,138.75,0,41.87,1.13,30-Jul-2025,30-Jun-2026,-,1.1661807580175094,-,41.92229038854808,22.022471910112355,-57.99658508821858,https://nsearchives.nseindia.com/today/GOLD360EQN.svg,https://nsearchives.nseindia.com/30d/GOLD360-EQ.svg,https://nsearchives.nseindia.com/365d/GOLD360-EQ.svg,EQ
MIDQ50ADD,Nifty Midcap 150 Quality 50 Index,25.17,25.29,25.1,25.15,-0.02,-0.08,32505,820426.2,25.1518,25.9,21,03-JUL-26,FACE VALUE SPLIT (SUB-DIVISION) - FROM RS 10/- PER UNIT TO RE 1/- PER UNIT,-90.02182106724855,-89.79964308890331,25.17,0,-90.01,-89.79,30-Jul-2025,30-Jun-2026,FACE VALUE SPLIT (SUB-DIVISION) - FROM RS 10/- PER UNIT TO RE 1/- PER UNIT,-89.79964308890331,03-JUL-26,-90.02182106724855,2.8957528957528957,-19.761904761904756,https://nsearchives.nseindia.com/today/MIDQ50ADDEQN.svg,https://nsearchives.nseindia.com/30d/MIDQ50ADD-EQ.svg,https://nsearchives.nseindia.com/365d/MIDQ50ADD-EQ.svg,EQ
NETF,Tata Nifty 50 Exchange Traded Fund,265,265,263.39,264.11,0.14,0.05,3094,818301.12,264.5746,292.9,240.66,-,-,-1.4588463547496338,1.6824516824516842,263.97,0,-1.51,1.63,30-Jul-2025,30-Jun-2026,-,1.6824516824516842,-,-1.4588463547496338,9.82929327415499,-9.744037230948233,https://nsearchives.nseindia.com/today/NETFEQN.svg,https://nsearchives.nseindia.com/30d/NETF-EQ.svg,https://nsearchives.nseindia.com/365d/NETF-EQ.svg,EQ
NEXT50ADD,Nifty Next 50 TRI,73.4,74.27,73.4,74.15,2.19,3.04,11020,814488.2,72.9881,81,56.25,-,-,Infinity,3.129346314325452,71.96,0,0,0.08,,30-Jun-2026,-,3.129346314325452,-,Infinity,8.456790123456782,-31.82222222222223,https://nsearchives.nseindia.com/today/NEXT50ADDEQN.svg,https://nsearchives.nseindia.com/30d/NEXT50ADD-EQ.svg,,EQ
BANKBETF,Bajaj Finserv Nifty Bank ETF,57.9,58.5,57.9,58.29,0.31,0.53,13792,803384,58.0876,63.9,50.71,-,-,2.623239436619722,-0.4270584215920738,57.98,0,2.08,-0.96,30-Jul-2025,30-Jun-2026,-,-0.4270584215920738,-,2.623239436619722,8.779342723004696,-14.94774206270952,https://nsearchives.nseindia.com/today/BANKBETFEQN.svg,https://nsearchives.nseindia.com/30d/BANKBETF-EQ.svg,https://nsearchives.nseindia.com/365d/BANKBETF-EQ.svg,EQ
ABSLBANETF,Nifty Bank,58.62,58.86,58.54,58.72,0.2,0.34,13346,782742.9,58.5859,64.94,50.97,25-NOV-21, FACE VALUE SPLIT (SUB-DIVISION) - FROM RS 10/- PER SHARE TO RE 1/- PER SHARE,2.549772965420889,-0.5756857433118919,58.52,0,2.2,-0.91,30-Jul-2025,30-Jun-2026, FACE VALUE SPLIT (SUB-DIVISION) - FROM RS 10/- PER SHARE TO RE 1/- PER SHARE,-0.5756857433118919,25-NOV-21,2.549772965420889,9.578072066522942,-15.205022562291544,https://nsearchives.nseindia.com/today/ABSLBANETFEQN.svg,https://nsearchives.nseindia.com/30d/ABSLBANETF-EQ.svg,https://nsearchives.nseindia.com/365d/ABSLBANETF-EQ.svg,EQ
EQUAL200,BSE 200 Equal Weight,13.93,13.96,13.91,13.91,0.04,0.29,55764,775677.24,11.758,14.6,11.75,-,-,7.496136012364765,2.960769800148041,13.87,0,7.19,2.66,30-Jul-2025,30-Jun-2026,-,2.960769800148041,-,7.496136012364765,4.72602739726027,-18.382978723404257,https://nsearchives.nseindia.com/today/EQUAL200EQN.svg,https://nsearchives.nseindia.com/30d/EQUAL200-EQ.svg,https://nsearchives.nseindia.com/365d/EQUAL200-EQ.svg,EQ
GROWWPSUBK,Nifty PSU Bank Index - TRI,83.43,84.46,83.43,83.74,0.31,0.37,9235,773615.95,83.5709,91.19,77.57,-,-,Infinity,-1.6096815885324927,83.43,0,0,-1.97,,30-Jun-2026,-,-1.6096815885324927,-,Infinity,8.169755455642068,-7.954105968802375,https://nsearchives.nseindia.com/today/GROWWPSUBKEQN.svg,https://nsearchives.nseindia.com/30d/GROWWPSUBK-EQ.svg,,EQ
HEALTHAXIS,Nifty Healthcare Index,170.84,171.6,170.25,170.78,0.95,0.56,4312,736834.56,170.0269,171.6,135.2,-,-,Infinity,Infinity,169.83,0,0,0,,,-,Infinity,-,Infinity,0.4778554778554739,-26.31656804733729,https://nsearchives.nseindia.com/today/HEALTHAXISEQN.svg,,,EQ
MONEXT50,Nifty Next 50 Total Return Index,73.03,73.81,73.03,73.03,0.45,0.62,9927,728542.53,72.5307,74.6,59.43,-,-,9.032547028963865,2.1970333053456583,72.58,0,8.36,1.57,30-Jul-2025,30-Jun-2026,-,2.1970333053456583,-,9.032547028963865,2.104557640750661,-22.884065286892145,https://nsearchives.nseindia.com/today/MONEXT50EQN.svg,https://nsearchives.nseindia.com/30d/MONEXT50-EQ.svg,https://nsearchives.nseindia.com/365d/MONEXT50-EQ.svg,EQ
NV20,Nifty50 Value 20,13.81,14.24,13.81,14.11,0.02,0.14,51416,722908.96,14.0997,16.87,12.62,27-FEB-26,FACE VALUE SPLIT (SUB-DIVISION) - FROM RS 10/- PER SHARE TO RE 1/- PER SHARE,-90.32832956336965,1.1469534050179222,14.09,0,-90.34,1,30-Jul-2025,30-Jun-2026,FACE VALUE SPLIT (SUB-DIVISION) - FROM RS 10/- PER SHARE TO RE 1/- PER SHARE,1.1469534050179222,27-FEB-26,-90.32832956336965,16.360403082394793,-11.806656101426311,https://nsearchives.nseindia.com/today/NV20EQN.svg,https://nsearchives.nseindia.com/30d/NV20-EQ.svg,https://nsearchives.nseindia.com/365d/NV20-EQ.svg,EQ
SBINEQWETF,Nifty50 Equal Weight,33.85,34.27,33.5,33.9,0.06,0.18,19710,666789.3,33.7902,36.4,29.64,-,-,8.306709265175712,3.2906764168190077,33.84,0,8.12,3.11,30-Jul-2025,30-Jun-2026,-,3.2906764168190077,-,8.306709265175712,6.868131868131869,-14.372469635627523,https://nsearchives.nseindia.com/today/SBINEQWETFEQN.svg,https://nsearchives.nseindia.com/30d/SBINEQWETF-EQ.svg,https://nsearchives.nseindia.com/365d/SBINEQWETF-EQ.svg,EQ
SNXT30BEES,BSE Sensex Next 30 Index,42.91,43,42.85,42.95,0.16,0.37,15056,646052.96,42.7659,43.75,36.83,-,-,11.21180735370276,3.0964954392702984,42.79,0,10.8,2.71,30-Jul-2025,30-Jun-2026,-,3.0964954392702984,-,11.21180735370276,1.828571428571422,-16.61688840619062,https://nsearchives.nseindia.com/today/SNXT30BEESEQN.svg,https://nsearchives.nseindia.com/30d/SNXT30BEES-EQ.svg,https://nsearchives.nseindia.com/365d/SNXT30BEES-EQ.svg,EQ
MOMENTUM30,Nifty 200 Momentum 30 Index,30.35,30.7,30.35,30.63,0.57,1.90,20111,613787.72,30.093,37.38,26.91,-,-,Infinity,0.36041939711664295,30.06,0,0,-1.51,,30-Jun-2026,-,0.36041939711664295,-,Infinity,18.057784911717505,-13.823857302118167,https://nsearchives.nseindia.com/today/MOMENTUM30EQN.svg,https://nsearchives.nseindia.com/30d/MOMENTUM30-EQ.svg,,EQ
ELM250,Nifty LargeMidcap 250 TRI,16.91,16.91,16.56,16.77,0.19,1.15,36268,606038.28,16.6568,19.2,14.43,-,-,Infinity,2.1315468940316555,16.58,0,0,0.97,,30-Jun-2026,-,2.1315468940316555,-,Infinity,12.656249999999998,-16.216216216216218,https://nsearchives.nseindia.com/today/ELM250EQN.svg,https://nsearchives.nseindia.com/30d/ELM250-EQ.svg,,EQ
IDFNIFTYET,Nifty 50,274.19,274.19,268.19,269.5,1.99,0.74,2195,590455,268.5801,340.8,244.32,-,-,-1.2494961708988401,2.222727962372938,267.51,0,-1.98,1.47,30-Jul-2025,30-Jun-2026,-,2.222727962372938,-,-1.2494961708988401,20.92136150234742,-10.306155861165688,https://nsearchives.nseindia.com/today/IDFNIFTYETEQN.svg,https://nsearchives.nseindia.com/30d/IDFNIFTYET-EQ.svg,https://nsearchives.nseindia.com/365d/IDFNIFTYET-EQ.svg,EQ
SBIETFCON,Nifty India Consumption Index,124.7,127.24,124.64,124.64,-0.06,-0.05,4646,580889.38,124.8075,133.97,100,-,-,3.909962484368485,4.792332268370609,124.7,0,3.96,4.84,30-Jul-2025,30-Jun-2026,-,4.792332268370609,-,3.909962484368485,6.96424572665522,-24.64,https://nsearchives.nseindia.com/today/SBIETFCONEQN.svg,https://nsearchives.nseindia.com/30d/SBIETFCON-EQ.svg,https://nsearchives.nseindia.com/365d/SBIETFCON-EQ.svg,EQ
MOMGF,Nifty India Manufacturing Total Return Index,161.5,163.79,161.5,163.49,2.55,1.58,3479,566972.63,160.9956,182.16,137.9,-,-,14.184942031009918,3.7438923789580594,160.94,0,12.4,2.13,30-Jul-2025,30-Jun-2026,-,3.7438923789580594,-,14.184942031009918,10.24923144488361,-18.556925308194348,https://nsearchives.nseindia.com/today/MOMGFEQN.svg,https://nsearchives.nseindia.com/30d/MOMGF-EQ.svg,https://nsearchives.nseindia.com/365d/MOMGF-EQ.svg,EQ
QNIFTY,Nifty 50,268.2,268.8,267.4,268.8,1.26,0.47,2033,545616.54,267.5706,291.19,243.2,13-FEB-26,FACE VALUE SPLIT (SUB-DIVISION) - FROM RS 10/- PER UNIT TO RE 1/- PER UNIT,-90.07018840044329,2.1742435760985357,267.54,0,-90.12,1.7,30-Jul-2025,30-Jun-2026,FACE VALUE SPLIT (SUB-DIVISION) - FROM RS 10/- PER UNIT TO RE 1/- PER UNIT,2.1742435760985357,13-FEB-26,-90.07018840044329,7.689137676431192,-10.526315789473694,https://nsearchives.nseindia.com/today/QNIFTYEQN.svg,https://nsearchives.nseindia.com/30d/QNIFTY-EQ.svg,https://nsearchives.nseindia.com/365d/QNIFTY-EQ.svg,EQ
GROWWMC150,Nifty Midcap 150 Index - TRI,228.11,233.61,227.75,230.91,0.74,0.32,2360,545278,230.8905,245,193.6,-,-,Infinity,1.0193367748709352,230.17,0,0,0.7,,30-Jun-2026,-,1.0193367748709352,-,Infinity,5.751020408163267,-19.271694214876035,https://nsearchives.nseindia.com/today/GROWWMC150EQN.svg,https://nsearchives.nseindia.com/30d/GROWWMC150-EQ.svg,,EQ
MID150,Nifty Midcap 150 Index,23.58,23.58,23.13,23.52,0.16,0.68,21477,504065.19,,24.95,18.97,-,-,7.495429616087755,1.6421780466724243,23.36,0,6.76,0.95,30-Jul-2025,30-Jun-2026,-,1.6421780466724243,-,7.495429616087755,5.7314629258517025,-23.98523985239853,https://nsearchives.nseindia.com/today/MID150EQN.svg,https://nsearchives.nseindia.com/30d/MID150-EQ.svg,https://nsearchives.nseindia.com/365d/MID150-EQ.svg,EQ
SILVERBND,Commodity - Silver,219.68,219.68,216.04,217,-0.1,-0.05,2243,487583.34,217.9559,389,180,-,-,Infinity,-2.6643940073562384,217.1,0,0,-2.62,,30-Jun-2026,-,-2.6643940073562384,-,Infinity,44.2159383033419,-20.555555555555557,https://nsearchives.nseindia.com/today/SILVERBNDEQN.svg,https://nsearchives.nseindia.com/30d/SILVERBND-EQ.svg,,EQ
QUALITY30,Nifty200 Quality 30 Index,20.91,21.03,20.84,20.96,-0.13,-0.62,22120,463192.8,21.02,23.18,18.09,-,-,3.455083909180648,5.5387713997985975,21.09,0,4.1,6.19,30-Jul-2025,30-Jun-2026,-,5.5387713997985975,-,3.455083909180648,9.57722174288179,-15.865118850193484,https://nsearchives.nseindia.com/today/QUALITY30EQN.svg,https://nsearchives.nseindia.com/30d/QUALITY30-EQ.svg,https://nsearchives.nseindia.com/365d/QUALITY30-EQ.svg,EQ
PVTBKGROWW,Nifty Private Bank Index - TRI,27.31,27.8,27.31,27.8,0.32,1.16,16252,447255.04,27.5856,29.57,25.45,-,-,Infinity,-0.8912655971479501,27.48,0,0,-2.03,,30-Jun-2026,-,-0.8912655971479501,-,Infinity,5.985796415285761,-9.233791748526528,https://nsearchives.nseindia.com/today/PVTBKGROWWEQN.svg,https://nsearchives.nseindia.com/30d/PVTBKGROWW-EQ.svg,,EQ
MOM50,Nifty 50,254.53,255.52,254.38,254.75,3.65,1.45,1755,447156.45,254.5081,279.33,231.11,16-OCT-14,FACE VALUE SPLIT FROM RS.10/- TO RS.7/-,-1.125557927420911,2.1001162278065046,251.1,0,-2.54,0.64,30-Jul-2025,30-Jun-2026,FACE VALUE SPLIT FROM RS.10/- TO RS.7/-,2.1001162278065046,16-OCT-14,-1.125557927420911,8.799627680521242,-10.228895331227548,https://nsearchives.nseindia.com/today/MOM50EQN.svg,https://nsearchives.nseindia.com/30d/MOM50-EQ.svg,https://nsearchives.nseindia.com/365d/MOM50-EQ.svg,EQ
MOALPHA50,Nifty Alpha 50 Total Return Index,53.93,62,53.77,54.11,0.9,1.69,8047,438802.91,53.294,62,42.1,-,-,3.5598086124401904,1.0268857356235943,53.21,0,1.84,-0.65,30-Jul-2025,30-Jun-2026,-,1.0268857356235943,-,3.5598086124401904,12.725806451612904,-28.527315914489304,https://nsearchives.nseindia.com/today/MOALPHA50EQN.svg,https://nsearchives.nseindia.com/30d/MOALPHA50-EQ.svg,https://nsearchives.nseindia.com/365d/MOALPHA50-EQ.svg,EQ
NIFTYBETF,Bajaj Finserv Nifty 50 ETF,251.24,251.3,249.83,250.29,-0.02,-0.01,1744,437151.04,250.138,279.99,227.01,-,-,-1.0046276153937508,2.0300843830255553,250.31,0,-1,2.04,30-Jul-2025,30-Jun-2026,-,2.0300843830255553,-,-1.0046276153937508,10.607521697203477,-10.25505484339897,https://nsearchives.nseindia.com/today/NIFTYBETFEQN.svg,https://nsearchives.nseindia.com/30d/NIFTYBETF-EQ.svg,https://nsearchives.nseindia.com/365d/NIFTYBETF-EQ.svg,EQ
SNXT50BETA,BSE Sensex Next 50,94.56,95.47,94.56,95.24,0.68,0.72,4517,429882.89,94.5627,102.25,77.87,17-FEB-21, FACE VALUE SPLIT (SUB-DIVISION) - FROM RS 10/- PER UNIT TO RE 1/- PER UNIT,Infinity,2.7067831338293873,94.56,0,0,1.97,,30-Jun-2026, FACE VALUE SPLIT (SUB-DIVISION) - FROM RS 10/- PER UNIT TO RE 1/- PER UNIT,2.7067831338293873,17-FEB-21,Infinity,6.855745721271398,-22.306408116090907,https://nsearchives.nseindia.com/today/SNXT50BETAEQN.svg,https://nsearchives.nseindia.com/30d/SNXT50BETA-EQ.svg,,EQ
LOWVOL1,Kotak Nifty 100 Low Vol 30 ETF,21.57,21.75,21.43,21.75,0.18,0.83,18287,395913.55,21.6147,22.9,18.77,-,-,3.5714285714285716,5.224963715529745,21.57,0,2.71,4.35,30-Jul-2025,30-Jun-2026,-,5.224963715529745,-,3.5714285714285716,5.021834061135365,-15.876398508257862,https://nsearchives.nseindia.com/today/LOWVOL1EQN.svg,https://nsearchives.nseindia.com/30d/LOWVOL1-EQ.svg,https://nsearchives.nseindia.com/365d/LOWVOL1-EQ.svg,EQ
SBINMID150,Nifty Midcap 150 Index,23.2,23.27,23.12,23.23,0.1,0.43,16173,374566.68,23.0792,23.97,19.81,-,-,Infinity,2.020202020202024,23.13,0,0,1.58,,30-Jun-2026,-,2.020202020202024,-,Infinity,3.0871923237379995,-17.264008076728935,https://nsearchives.nseindia.com/today/SBINMID150EQN.svg,https://nsearchives.nseindia.com/30d/SBINMID150-EQ.svg,,EQ
BANKADD,DSP Nifty Bank ETF,58.57,58.71,58.4,58.4,-0.06,-0.10,6254,366546.94,58.502,62.9,51.01,-,-,Infinity,-0.9497964721845358,58.46,0,0,-0.85,,30-Jun-2026,-,-0.9497964721845358,-,Infinity,7.154213036565978,-14.487355420505784,https://nsearchives.nseindia.com/today/BANKADDEQN.svg,https://nsearchives.nseindia.com/30d/BANKADD-EQ.svg,,EQ
MSCIADD,MSCI India Index,29.81,29.99,29.72,29.89,0.08,0.27,12064,360351.68,29.727,33.82,26.4,-,-,Infinity,2.2929500342231406,29.81,0,0,2.02,,30-Jun-2026,-,2.2929500342231406,-,Infinity,11.62034299231224,-13.21969696969698,https://nsearchives.nseindia.com/today/MSCIADDEQN.svg,https://nsearchives.nseindia.com/30d/MSCIADD-EQ.svg,,EQ
UNIONGOLD,Commodity Gold,138.85,142.15,138.1,138.45,-0.8,-0.57,2514,349797.96,139.3682,177,93.75,-,-,41.49207971384772,0.7641921397379788,139.25,0,42.31,1.35,30-Jul-2025,30-Jun-2026,-,0.7641921397379788,-,41.49207971384772,21.77966101694916,-47.67999999999999,https://nsearchives.nseindia.com/today/UNIONGOLDEQN.svg,https://nsearchives.nseindia.com/30d/UNIONGOLD-EQ.svg,https://nsearchives.nseindia.com/365d/UNIONGOLD-EQ.svg,EQ
GROWWLOVOL,Nifty 500 Low Volatility 50 Index   TRI,10.53,10.7,10.53,10.61,0.02,0.19,31498,334508.76,10.6404,11.1,9.39,-,-,6.312625250500992,5.994005994005991,10.59,0,6.11,5.79,30-Jul-2025,30-Jun-2026,-,5.994005994005991,-,6.312625250500992,4.414414414414416,-12.992545260915856,https://nsearchives.nseindia.com/today/GROWWLOVOLEQN.svg,https://nsearchives.nseindia.com/30d/GROWWLOVOL-EQ.svg,https://nsearchives.nseindia.com/365d/GROWWLOVOL-EQ.svg,EQ
SMALLIETF,Nifty Smallcap 250 Index,18.05,18.05,17.92,17.95,0.11,0.62,18550,333529,17.8623,18.68,17.43,-,-,Infinity,1.1267605633802777,17.84,0,0,0.51,,30-Jun-2026,-,1.1267605633802777,-,Infinity,3.90792291220557,-2.9833620195065955,https://nsearchives.nseindia.com/today/SMALLIETFEQN.svg,https://nsearchives.nseindia.com/30d/SMALLIETF-EQ.svg,,EQ
BSLSENETFG,BSE SENSEX Index,79.63,79.63,77.57,78.72,0.42,0.54,4132,324403.32,78.5524,87.82,70.32,25-NOV-21, FACE VALUE SPLIT (SUB-DIVISION) - FROM RS 10/- PER SHARE TO RE 1- PER SHARE,-3.0541871921182313,2.207218904180736,78.3,0,-3.57,1.66,30-Jul-2025,30-Jun-2026, FACE VALUE SPLIT (SUB-DIVISION) - FROM RS 10/- PER SHARE TO RE 1- PER SHARE,2.207218904180736,25-NOV-21,-3.0541871921182313,10.362104304258706,-11.945392491467587,https://nsearchives.nseindia.com/today/BSLSENETFGEQN.svg,https://nsearchives.nseindia.com/30d/BSLSENETFG-EQ.svg,https://nsearchives.nseindia.com/365d/BSLSENETFG-EQ.svg,EQ
FMCGADD,Nifty FMCG Index (TRI),49.62,49.62,49.35,49.39,-0.5,-1.00,6457,319234.08,49.7931,51.09,47.87,-,-,Infinity,0.7959183673469399,49.89,0,0,1.82,,30-Jun-2026,-,0.7959183673469399,-,Infinity,3.327461342728524,-3.1752663463547175,https://nsearchives.nseindia.com/today/FMCGADDEQN.svg,https://nsearchives.nseindia.com/30d/FMCGADD-EQ.svg,,EQ
CONSUMAXIS,NIFTY India Consumption Index,124.75,124.86,123.74,124.36,-0.39,-0.31,2445,304769.25,124.4655,131.85,105.63,-,-,Infinity,Infinity,124.75,0,0,0,,,-,Infinity,-,Infinity,5.6806977626090225,-17.731705008046962,https://nsearchives.nseindia.com/today/CONSUMAXISEQN.svg,,,EQ
CHOICEGOLD,Gold,141.42,142.74,140.06,141.09,-0.33,-0.23,2140,302146.6,141.3054,175.49,115.79,-,-,Infinity,1.321364452423701,141.42,0,0,1.56,,30-Jun-2026,-,1.321364452423701,-,Infinity,19.602256538834123,-21.84990068226962,https://nsearchives.nseindia.com/today/CHOICEGOLDEQN.svg,https://nsearchives.nseindia.com/30d/CHOICEGOLD-EQ.svg,,EQ
MIDCAPBETA,UTI Nifty Midcap 150 Exchange Traded Fund (ETF),232.94,234.5,232.81,233.55,0.61,0.26,1256,292911.76,232.7197,236,192.5,-,-,Infinity,1.7336760029620675,232.94,0,0,1.47,,30-Jun-2026,-,1.7336760029620675,-,Infinity,1.0381355932203342,-21.32467532467533,https://nsearchives.nseindia.com/today/MIDCAPBETAEQN.svg,https://nsearchives.nseindia.com/30d/MIDCAPBETA-EQ.svg,,EQ
TWCGOLDETF,Commodity,141.88,141.99,141.29,141.37,-0.56,-0.39,1899,268594.56,141.7951,187.98,123.31,-,-,Infinity,0.9281073748839948,141.93,0,0,1.33,,30-Jun-2026,-,0.9281073748839948,-,Infinity,24.795190977763582,-14.646014110777717,https://nsearchives.nseindia.com/today/TWCGOLDETFEQN.svg,https://nsearchives.nseindia.com/30d/TWCGOLDETF-EQ.svg,,EQ
GSEC5IETF,Nifty 5 yr Benchmark G-Sec Index,66.49,66.5,66.21,66.5,0.3,0.45,3918,260507.82,66.2075,69.14,62,-,-,5.8074781225139205,-0.6127634135405718,66.2,0,5.33,-1.06,30-Jul-2025,30-Jun-2026,-,-0.6127634135405718,-,5.8074781225139205,3.8183396008099515,-7.258064516129032,https://nsearchives.nseindia.com/today/GSEC5IETFEQN.svg,https://nsearchives.nseindia.com/30d/GSEC5IETF-EQ.svg,https://nsearchives.nseindia.com/365d/GSEC5IETF-EQ.svg,EQ
GOLDBND,Commodity - Gold,140.77,143.69,140.77,142,-0.19,-0.13,1823,259121.22,142.2288,180.16,127.96,-,-,Infinity,1.2116892373485306,142.19,0,0,1.35,,30-Jun-2026,-,1.2116892373485306,-,Infinity,21.181172291296622,-10.972178805876842,https://nsearchives.nseindia.com/today/GOLDBNDEQN.svg,https://nsearchives.nseindia.com/30d/GOLDBND-EQ.svg,,EQ
GROWWPSE,Nifty PSE Index - TRI,96.75,100.28,96.75,99.37,0.65,0.66,2489,247531.05,99.1313,109.85,93.2,-,-,Infinity,-0.1808136614766375,98.72,0,0,-0.83,,30-Jun-2026,-,-0.1808136614766375,-,Infinity,9.54028220300409,-6.620171673819745,https://nsearchives.nseindia.com/today/GROWWPSEEQN.svg,https://nsearchives.nseindia.com/30d/GROWWPSE-EQ.svg,,EQ
HYBRIDETF,Nifty200 Momentum 30 Plus 8-13 yr G-Sec 50:50 Total Return Index,10.02,10.05,10.02,10.05,0.11,1.11,24334,244070.02,9.9488,0,0,-,-,Infinity,Infinity,9.94,0,0,0,,,-,Infinity,-,Infinity,,,https://nsearchives.nseindia.com/today/HYBRIDETFEQN.svg,,,EQ
SBIETFQLTY,Nifty 200 Quality 30 Index,220.75,226.46,220.75,226.46,1.21,0.54,1061,239329.77,225.5426,247.28,194,-,-,3.895031426343079,6.035491876199847,225.25,0,3.34,5.47,30-Jul-2025,30-Jun-2026,-,6.035491876199847,-,3.895031426343079,8.419605305726298,-16.731958762886602,https://nsearchives.nseindia.com/today/SBIETFQLTYEQN.svg,https://nsearchives.nseindia.com/30d/SBIETFQLTY-EQ.svg,https://nsearchives.nseindia.com/365d/SBIETFQLTY-EQ.svg,EQ
LICNETFSEN,SENSEX,898,898,876.03,877.19,2.72,0.31,269,236507.49,879.9516,974.02,803,-,-,-3.4559042032159693,1.732676138011024,874.47,0,-3.76,1.42,30-Jul-2025,30-Jun-2026,-,1.732676138011024,-,-3.4559042032159693,9.941274306482406,-9.23910336239104,https://nsearchives.nseindia.com/today/LICNETFSENEQN.svg,https://nsearchives.nseindia.com/30d/LICNETFSEN-EQ.svg,https://nsearchives.nseindia.com/365d/LICNETFSEN-EQ.svg,EQ
MOQUALITY,Motilal Oswal S&P BSE Quality ETF,202.92,204.09,202.68,204.09,2.02,1.00,1075,218020.75,202.7151,225.6,176.15,-,-,7.223915099295996,2.5114269928173187,202.07,0,6.16,1.5,30-Jul-2025,30-Jun-2026,-,2.5114269928173187,-,7.223915099295996,9.534574468085102,-15.861481691739995,https://nsearchives.nseindia.com/today/MOQUALITYEQN.svg,https://nsearchives.nseindia.com/30d/MOQUALITY-EQ.svg,https://nsearchives.nseindia.com/365d/MOQUALITY-EQ.svg,EQ
SENSEXADD,DSP S&P BSE Sensex ETF,80.98,80.98,80.1,80.35,0.24,0.30,2540,204114.4,80.3448,88.2,73.27,-,-,-3.2510535821794133,2.252481547467544,80.11,0,-3.54,1.95,30-Jul-2025,30-Jun-2026,-,2.252481547467544,-,-3.2510535821794133,8.900226757369625,-9.662890678313087,https://nsearchives.nseindia.com/today/SENSEXADDEQN.svg,https://nsearchives.nseindia.com/30d/SENSEXADD-EQ.svg,https://nsearchives.nseindia.com/365d/SENSEXADD-EQ.svg,EQ
HSBCGOLD,Commodity,123.9,124.05,123.1,123.1,-0.79,-0.64,1462,180951.74,123.897,146.4,119.1,-,-,Infinity,1.0258514567090686,123.89,0,0,1.67,,30-Jun-2026,-,1.0258514567090686,-,Infinity,15.915300546448092,-3.3585222502099077,https://nsearchives.nseindia.com/today/HSBCGOLDEQN.svg,https://nsearchives.nseindia.com/30d/HSBCGOLD-EQ.svg,,EQ
SMALLGROWW,Nifty Smallcap 250 Momentum Quality 100 Index TRI,47.58,47.6,46.9,46.9,-0.09,-0.19,3773,178198.79,46.8008,49,45,-,-,Infinity,2.0008699434536794,46.99,0,0,2.2,,30-Jun-2026,-,2.0008699434536794,-,Infinity,4.285714285714288,-4.222222222222219,https://nsearchives.nseindia.com/today/SMALLGROWWEQN.svg,https://nsearchives.nseindia.com/30d/SMALLGROWW-EQ.svg,,EQ
EQUAL50,Nifty50 Equal Weight,335.63,337.25,335.63,336.54,1.82,0.54,526,177114.72,336.1357,341.7,295.16,-,-,7.986523343494319,3.1034588401090635,334.72,0,7.4,2.55,30-Jul-2025,30-Jun-2026,-,3.1034588401090635,-,7.986523343494319,1.5100965759438012,-14.019514839409133,https://nsearchives.nseindia.com/today/EQUAL50EQN.svg,https://nsearchives.nseindia.com/30d/EQUAL50-EQ.svg,https://nsearchives.nseindia.com/365d/EQUAL50-EQ.svg,EQ
GSEC10YEAR,Mirae Asset Nifty 8-13 yr G-Sec ETF,30.52,30.54,30.31,30.31,-0.17,-0.56,5111,154914.41,30.4527,31.33,28.39,-,-,3.7303216974674878,-0.5577427821522366,30.48,0,4.31,0,30-Jul-2025,30-Jun-2026,-,-0.5577427821522366,-,3.7303216974674878,3.2556654963293954,-6.762944698837613,https://nsearchives.nseindia.com/today/GSEC10YEAREQN.svg,https://nsearchives.nseindia.com/30d/GSEC10YEAR-EQ.svg,https://nsearchives.nseindia.com/365d/GSEC10YEAR-EQ.svg,EQ
LICNETFGSC,GSEC10 NSE Index,29.6,29.6,29.31,29.5,0.02,0.07,5135,151123.05,29.4662,30.5,27.42,-,-,3.8001407459535477,0.37427696495406404,29.48,0,3.73,0.31,30-Jul-2025,30-Jun-2026,-,0.37427696495406404,-,3.8001407459535477,3.278688524590164,-7.585703865791387,https://nsearchives.nseindia.com/today/LICNETFGSCEQN.svg,https://nsearchives.nseindia.com/30d/LICNETFGSC-EQ.svg,https://nsearchives.nseindia.com/365d/LICNETFGSC-EQ.svg,EQ
VALUE,Nifty 500 Value 50,16.17,16.25,16.13,16.23,0.08,0.50,9159,148375.8,16.1454,19.69,14.83,-,-,Infinity,0.24706609017911763,16.15,0,0,-0.25,,30-Jun-2026,-,0.24706609017911763,-,Infinity,17.5723717623159,-9.440323668240056,https://nsearchives.nseindia.com/today/VALUEEQN.svg,https://nsearchives.nseindia.com/30d/VALUE-EQ.svg,,EQ
MONIFTY100,Nifty 100 Total Return Index,25.29,25.65,25.29,25.65,0.13,0.51,5725,146445.5,25.5222,27.97,22.38,-,-,Infinity,2.682145716573251,25.52,0,0,2.16,,30-Jun-2026,-,2.682145716573251,-,Infinity,8.2946013585985,-14.6112600536193,https://nsearchives.nseindia.com/today/MONIFTY100EQN.svg,https://nsearchives.nseindia.com/30d/MONIFTY100-EQ.svg,,EQ
SENSEXAXIS,AXIS S&P BSE SENSEX ETF,82.1,82.1,79.6,80.84,0.35,0.43,1747,141384.71,80.8434,91.35,73.52,-,-,Infinity,Infinity,80.49,0,0,0,,,-,Infinity,-,Infinity,11.50519978106184,-9.956474428726887,https://nsearchives.nseindia.com/today/SENSEXAXISEQN.svg,,,EQ
MOINFRA,BSE India Infrastructure Total Return Index,60.21,60.76,60.21,60.7,0.49,0.81,2321,140652.6,60.3023,66,54.6,-,-,1.9140362659503032,-3.1125299281723797,60.21,0,1.09,-3.89,30-Jul-2025,30-Jun-2026,-,-3.1125299281723797,-,1.9140362659503032,8.030303030303028,-11.172161172161173,https://nsearchives.nseindia.com/today/MOINFRAEQN.svg,https://nsearchives.nseindia.com/30d/MOINFRA-EQ.svg,https://nsearchives.nseindia.com/365d/MOINFRA-EQ.svg,EQ
LICNETFN50,Nifty 50,273.69,274.5,272.1,272.83,1.3,0.48,447,121843.26,272.676,295,248.17,-,-,-1.4057531078346497,2.1835205992509303,271.53,0,-1.88,1.7,30-Jul-2025,30-Jun-2026,-,2.1835205992509303,-,-1.4057531078346497,7.515254237288142,-9.93673691421203,https://nsearchives.nseindia.com/today/LICNETFN50EQN.svg,https://nsearchives.nseindia.com/30d/LICNETFN50-EQ.svg,https://nsearchives.nseindia.com/365d/LICNETFN50-EQ.svg,EQ
HDFCLOWVOL,HDFC NIFTY100 Low Volatility 30 ETF,21.16,21.16,21.03,21.09,0.03,0.14,5372,113456.64,21.1108,22.28,18.35,20-OCT-23,FACE VALUE SPLIT (SUB-DIVISION) - FROM RS 126.18/- PER SHARE TO RS 12.618/- PER SHARE,3.5346097201767246,4.3026706231454055,21.06,0,3.39,4.15,30-Jul-2025,30-Jun-2026,FACE VALUE SPLIT (SUB-DIVISION) - FROM RS 126.18/- PER SHARE TO RS 12.618/- PER SHARE,4.3026706231454055,20-OCT-23,3.5346097201767246,5.3411131059246015,-14.931880108991814,https://nsearchives.nseindia.com/today/HDFCLOWVOLEQN.svg,https://nsearchives.nseindia.com/30d/HDFCLOWVOL-EQ.svg,https://nsearchives.nseindia.com/365d/HDFCLOWVOL-EQ.svg,EQ
DIVIDEND,BSE 500 Dividend Leaders,36.3,36.3,35.76,36.11,0.01,0.03,2822,101563.78,36.0574,38.03,33.15,-,-,Infinity,4.42452284557548,36.1,0,0,4.4,,30-Jun-2026,-,4.42452284557548,-,Infinity,5.048645805942681,-8.929110105580698,https://nsearchives.nseindia.com/today/DIVIDENDEQN.svg,https://nsearchives.nseindia.com/30d/DIVIDEND-EQ.svg,,EQ
ENEXT50,Nifty Next 50 Total Return Index,72.63,73.7,72.63,73.65,1.22,1.68,1361,99067.19,72.3513,74,68.59,-,-,Infinity,3.688582289173595,72.43,0,0,1.97,,30-Jun-2026,-,3.688582289173595,-,Infinity,0.4729729729729653,-7.37716868348156,https://nsearchives.nseindia.com/today/ENEXT50EQN.svg,https://nsearchives.nseindia.com/30d/ENEXT50-EQ.svg,,EQ
LICNFNHGP,Nifty 100,278.62,278.62,276.5,277.8,-0.82,-0.29,330,91532.1,277.989,296.41,248.02,-,-,0.6230078238191927,1.4164719626168207,278.62,0,0.92,1.72,30-Jul-2025,30-Jun-2026,-,1.4164719626168207,-,0.6230078238191927,6.27846563881111,-12.0070962019192,https://nsearchives.nseindia.com/today/LICNFNHGPEQN.svg,https://nsearchives.nseindia.com/30d/LICNFNHGP-EQ.svg,https://nsearchives.nseindia.com/365d/LICNFNHGP-EQ.svg,EQ
MOBANK10,BSE Top 10 Banks Total Return Index,17.04,17.24,16.95,17.02,-0.02,-0.12,5364,91348.92,17.0182,20,15.75,-,-,Infinity,-0.46783625730995226,17.04,0,0,-0.35,,30-Jun-2026,-,-0.46783625730995226,-,Infinity,14.900000000000002,-8.063492063492061,https://nsearchives.nseindia.com/today/MOBANK10EQN.svg,https://nsearchives.nseindia.com/30d/MOBANK10-EQ.svg,,EQ
SBIVALETF,Nifty200 Value 30 Index,15.04,15.04,14.85,14.95,0.03,0.20,5923,88608.08,14.9185,17.7,14.43,-,-,Infinity,0.2682763246143471,14.92,0,0,0.07,,30-Jun-2026,-,0.2682763246143471,-,Infinity,15.536723163841808,-3.6036036036036005,https://nsearchives.nseindia.com/today/SBIVALETFEQN.svg,https://nsearchives.nseindia.com/30d/SBIVALETF-EQ.svg,,EQ
MOSERVICE,Nifty Services Sector Total Return Index,31.3,31.52,31.3,31.5,0.22,0.70,2385,74889,31.3431,35.37,28.3,-,-,Infinity,2.1400778210116735,31.28,0,0,1.43,,30-Jun-2026,-,2.1400778210116735,-,Infinity,10.941475826972004,-11.307420494699643,https://nsearchives.nseindia.com/today/MOSERVICEEQN.svg,https://nsearchives.nseindia.com/30d/MOSERVICE-EQ.svg,,EQ
LICNMID100,LIC MF Nifty Midcap 100 ETF,62.78,63.63,62.74,63.25,0.47,0.75,1153,72950.31,63.0582,67.5,52.3,-,-,8.939028591112638,2.164432240348899,62.78,0,8.13,1.41,30-Jul-2025,30-Jun-2026,-,2.164432240348899,-,8.939028591112638,6.296296296296297,-20.93690248565966,https://nsearchives.nseindia.com/today/LICNMID100EQN.svg,https://nsearchives.nseindia.com/30d/LICNMID100-EQ.svg,https://nsearchives.nseindia.com/365d/LICNMID100-EQ.svg,EQ
MOMNC,Nifty MNC ETF Total Return Index,33,33.15,32.9,32.92,0.25,0.77,2213,72918.35,32.7306,35.8,27.03,-,-,Infinity,1.3546798029556801,32.67,0,0,0.58,,30-Jun-2026,-,1.3546798029556801,-,Infinity,8.044692737430156,-21.790603033666297,https://nsearchives.nseindia.com/today/MOMNCEQN.svg,https://nsearchives.nseindia.com/30d/MOMNC-EQ.svg,,EQ
NEXT30ADD,BSE SENSEX Next 30 Index,43.23,43.23,43.01,43.21,0.4,0.93,1671,72086.94,42.8864,45.9,36.98,-,-,11.82712215320911,3.299067654793217,42.81,0,10.79,2.34,30-Jul-2025,30-Jun-2026,-,3.299067654793217,-,11.82712215320911,5.860566448801738,-16.846944294213102,https://nsearchives.nseindia.com/today/NEXT30ADDEQN.svg,https://nsearchives.nseindia.com/30d/NEXT30ADD-EQ.svg,https://nsearchives.nseindia.com/365d/NEXT30ADD-EQ.svg,EQ
MOIPO,BSE Select IPO Total Return Index,46.97,47.26,46.97,47.17,0.2,0.43,1420,66825.2,46.8073,53,36.5,-,-,Infinity,4.612996229762692,46.97,0,0,4.17,,30-Jun-2026,-,4.612996229762692,-,Infinity,10.999999999999996,-29.232876712328775,https://nsearchives.nseindia.com/today/MOIPOEQN.svg,https://nsearchives.nseindia.com/30d/MOIPO-EQ.svg,,EQ
MON50EQUAL,Nifty 50 Equal Weight Total Return Index,33.76,33.97,33.73,33.9,0.14,0.41,1969,66493.13,33.7175,34.88,29.43,-,-,8.37595907928388,3.1335564344387015,33.76,0,7.93,2.71,30-Jul-2025,30-Jun-2026,-,3.1335564344387015,-,8.37595907928388,2.809633027522947,-15.188583078491332,https://nsearchives.nseindia.com/today/MON50EQUALEQN.svg,https://nsearchives.nseindia.com/30d/MON50EQUAL-EQ.svg,https://nsearchives.nseindia.com/365d/MON50EQUAL-EQ.svg,EQ
ENIFTY,Nifty 50 TRI,23.82,25.05,23.82,24.5,0.06,0.25,2511,61619.94,24.4894,27.99,22.28,-,-,Infinity,1.9983347210657803,24.44,0,0,1.75,,30-Jun-2026,-,1.9983347210657803,-,Infinity,12.468738835298316,-9.96409335727109,https://nsearchives.nseindia.com/today/ENIFTYEQN.svg,https://nsearchives.nseindia.com/30d/ENIFTY-EQ.svg,,EQ
MOPSE,Nifty PSE Total Return Index,101.13,101.21,99.3,100.76,0.32,0.32,587,58846.75,100.3402,114.7,92.55,-,-,3.1637145489915053,-0.7583965330444165,100.44,0,2.84,-1.07,30-Jul-2025,30-Jun-2026,-,-0.7583965330444165,-,3.1637145489915053,12.15344376634699,-8.870880605078344,https://nsearchives.nseindia.com/today/MOPSEEQN.svg,https://nsearchives.nseindia.com/30d/MOPSE-EQ.svg,https://nsearchives.nseindia.com/365d/MOPSE-EQ.svg,EQ
MOGSEC,Nifty 5 yr Benchmark G-Sec Index,65.33,65.56,65.2,65.56,0.23,0.35,887,58089.63,65.2406,66.73,60.18,-,-,4.544729708180515,1.0480887792848441,65.33,0,4.18,0.69,30-Jul-2025,30-Jun-2026,-,1.0480887792848441,-,4.544729708180515,1.7533343323842374,-8.939847125290799,https://nsearchives.nseindia.com/today/MOGSECEQN.svg,https://nsearchives.nseindia.com/30d/MOGSEC-EQ.svg,https://nsearchives.nseindia.com/365d/MOGSEC-EQ.svg,EQ
EBANKNIFTY,Edelweiss Nifty Bank ETF,57.95,57.99,57.56,57.95,0.28,0.49,987,57137.43,57.6238,69.39,50.05,-,-,2.9490140344643874,-0.4466586497165401,57.67,0,2.45,-0.93,30-Jul-2025,30-Jun-2026,-,-0.4466586497165401,-,2.9490140344643874,16.486525435941775,-15.784215784215796,https://nsearchives.nseindia.com/today/EBANKNIFTYEQN.svg,https://nsearchives.nseindia.com/30d/EBANKNIFTY-EQ.svg,https://nsearchives.nseindia.com/365d/EBANKNIFTY-EQ.svg,EQ
LOWVOL,Mirae Asset Nifty 100 Low Volatility 30 ETF,210.48,211.7,210.48,211.7,0.11,0.05,265,55925.6,211.3281,219.1,183.58,-,-,3.546099290780142,4.848694963102369,211.59,0,3.49,4.79,30-Jul-2025,30-Jun-2026,-,4.848694963102369,-,3.546099290780142,3.3774532177088115,-15.317572720339893,https://nsearchives.nseindia.com/today/LOWVOLEQN.svg,https://nsearchives.nseindia.com/30d/LOWVOL-EQ.svg,https://nsearchives.nseindia.com/365d/LOWVOL-EQ.svg,EQ
MIDCAPADD,Nifty Midcap 150 Index,23.17,23.26,23.16,23.17,0.11,0.48,1790,41528,23.0798,25.5,19.27,-,-,Infinity,1.3560804899387677,23.06,0,0,0.87,,30-Jun-2026,-,1.3560804899387677,-,Infinity,9.137254901960778,-20.23871302542814,https://nsearchives.nseindia.com/today/MIDCAPADDEQN.svg,https://nsearchives.nseindia.com/30d/MIDCAPADD-EQ.svg,,EQ
GSEC10IETF,ICICI Prudential Nifty 10 yr Benchmark G-Sec ETF,265.81,265.81,261.76,261.76,-1.42,-0.54,136,35951.6,264.4009,266,252.23,-,-,1.4612969494941594,0.17604286261001895,263.18,0,2.01,0.72,30-Jul-2025,30-Jun-2026,-,0.17604286261001895,-,1.4612969494941594,1.5939849624060185,-3.7782975855370107,https://nsearchives.nseindia.com/today/GSEC10IETFEQN.svg,https://nsearchives.nseindia.com/30d/GSEC10IETF-EQ.svg,https://nsearchives.nseindia.com/365d/GSEC10IETF-EQ.svg,EQ
GILT5BETA,UTI Nifty 5 yr Benchmark G-Sec ETF,66.07,66.92,65.68,66.73,0.66,1.00,459,30459.24,66.2691,66.95,61.51,-,-,Infinity,1.0601241859760757,66.07,0,0,0.06,,30-Jun-2026,-,1.0601241859760757,-,Infinity,0.32860343539955017,-8.48642497154935,https://nsearchives.nseindia.com/today/GILT5BETAEQN.svg,https://nsearchives.nseindia.com/30d/GILT5BETA-EQ.svg,,EQ
PVTBANK,Index,27.49,27.58,27.47,27.5,0,0.00,1055,29033.6,27.542,28.31,27.01,-,-,Infinity,Infinity,27.5,0,0,0,,,-,Infinity,-,Infinity,2.861179795125393,-1.814142910033315,https://nsearchives.nseindia.com/today/PVTBANKEQN.svg,,,EQ
ESENSEX,BSE Sensex TRI,78.19,78.89,78.19,78.75,0.56,0.72,291,22788.21,78.4214,88.05,71.87,-,-,Infinity,2.1400778210116806,78.19,0,0,1.41,,30-Jun-2026,-,2.1400778210116806,-,Infinity,10.562180579216353,-9.57283984972867,https://nsearchives.nseindia.com/today/ESENSEXEQN.svg,https://nsearchives.nseindia.com/30d/ESENSEX-EQ.svg,,EQ
ABSLMSCIN,MSCI India Index,29.87,29.87,29.87,29.87,0.23,0.78,722,21566.14,29.6999,35.34,26.34,-,-,Infinity,2.2595001711742557,29.64,0,0,1.47,,30-Jun-2026,-,2.2595001711742557,-,Infinity,15.478211658177708,-13.401670463173884,https://nsearchives.nseindia.com/today/ABSLMSCINEQN.svg,https://nsearchives.nseindia.com/30d/ABSLMSCIN-EQ.svg,,EQ
BANK10BETF,Index,21.03,21.03,20.8,20.98,-0.05,-0.24,933,19490.37,20.9382,24.9,20.17,-,-,Infinity,Infinity,21.03,0,0,0,,,-,Infinity,-,Infinity,15.742971887550194,-4.01586514625681,https://nsearchives.nseindia.com/today/BANK10BETFEQN.svg,,,EQ
NPBET,Nifty Private Bank Index,287.98,287.98,284.71,284.71,0.34,0.12,62,17692.94,284.9778,307,246.26,-,-,1.7075697495802424,-1.5355351893480886,284.37,0,1.59,-1.65,30-Jul-2025,30-Jun-2026,-,-1.5355351893480886,-,1.7075697495802424,7.260586319218247,-15.61357914399415,https://nsearchives.nseindia.com/today/NPBETEQN.svg,https://nsearchives.nseindia.com/30d/NPBET-EQ.svg,https://nsearchives.nseindia.com/365d/NPBET-EQ.svg,EQ
GILT10BETA,UTI Nifty 10 yr Benchmark G-Sec ETF,26.67,26.8,26.36,26.36,-0.18,-0.68,648,17204.4,26.6159,27.14,25.1,-,-,Infinity,0.19004180919802627,26.54,0,0,0.87,,30-Jun-2026,-,0.19004180919802627,-,Infinity,2.8739867354458406,-5.019920318725092,https://nsearchives.nseindia.com/today/GILT10BETAEQN.svg,https://nsearchives.nseindia.com/30d/GILT10BETA-EQ.svg,,EQ
BBNPNBETF,Baroda BNP Paribas NIFTY Bank ETF,57.95,57.95,57.47,57.52,0.09,0.16,295,16997.9,57.5941,62.77,50.03,-,-,2.185112808669398,-1.2193027648978083,57.43,0,2.03,-1.37,30-Jul-2025,30-Jun-2026,-,-1.2193027648978083,-,2.185112808669398,8.36386808985184,-14.971017389566265,https://nsearchives.nseindia.com/today/BBNPNBETFEQN.svg,https://nsearchives.nseindia.com/30d/BBNPNBETF-EQ.svg,https://nsearchives.nseindia.com/365d/BBNPNBETF-EQ.svg,EQ
MSCI360,MSCI India Index,10.2,10.24,10.15,10.24,0.06,0.59,1534,15585.44,10.161,11.6,9.6,-,-,Infinity,2.708124373119354,10.18,0,0,2.11,,30-Jun-2026,-,2.708124373119354,-,Infinity,11.724137931034479,-6.666666666666673,https://nsearchives.nseindia.com/today/MSCI360EQN.svg,https://nsearchives.nseindia.com/30d/MSCI360-EQ.svg,,EQ
GSEC10ABSL,CRISIL 10 Year Gilt ETF,113.42,113.42,113.42,113.42,1.33,1.19,12,1361.04,112.6458,115,107.65,-,-,3.249886208466097,1.2678571428571443,112.09,0,2.04,0.08,30-Jul-2025,30-Jun-2026,-,1.2678571428571443,-,3.249886208466097,1.3739130434782594,-5.359962842545281,https://nsearchives.nseindia.com/today/GSEC10ABSLEQN.svg,https://nsearchives.nseindia.com/30d/GSEC10ABSL-EQ.svg,https://nsearchives.nseindia.com/365d/GSEC10ABSL-EQ.svg,EQ
LIQUIDBETA,Nifty 1D Rate Index,0,0,0,1002.14,0,0.00,0,0,1002.1256,1002.14,1000.9,-,-,Infinity,Infinity,1002.14,0,0,0,,,-,Infinity,-,Infinity,0,-0.1238885003496862,https://nsearchives.nseindia.com/today/LIQUIDBETAEQN.svg,,,EQ
BNKETFAXIS,Nifty Bank,0,0,0,587.51,0,0.00,0,0,589.2241,647.82,512.51,-,-,Infinity,Infinity,587.51,0,0,0,,,-,Infinity,-,Infinity,9.309684788984603,-14.633860802716045,https://nsearchives.nseindia.com/today/BNKETFAXISEQN.svg,,,EQ
