symbol,assets,open,high,low,ltP,chn,per,qty,trdVal,nav,wkhi,wklo,xDt,cAct,yPC,mPC,prevClose,stockIndClosePrice,perChange365d,perChange30d,date365dAgo,date30dAgo,CAct,MPC,XDt,YPC,nearWKH,nearWKL,chartTodayPath,chart30dPath,chart365dPath,series
SILVERBEES,Domestic price of Silver- based on LBMA Silver daily spot fixing price,223.94,224.22,219.9,221.28,-4.48,-1.98,24578641,5447609991.24,225.5625,360,106.64,-,-,102.52608456891817,6.661525113274845,225.76,0,106.63,8.82,12-Aug-2025,13-Jul-2026,-,6.661525113274845,-,102.52608456891817,38.53333333333333,-107.50187546886721,https://nsearchives.nseindia.com/today/SILVERBEESEQN.svg,https://nsearchives.nseindia.com/30d/SILVERBEES-EQ.svg,https://nsearchives.nseindia.com/365d/SILVERBEES-EQ.svg,EQ
LIQUIDBEES,Government Securities,1000,1000.01,999.99,999.99,-0.01,-0.00,4110315,4110273896.85,1000,1029.99,969.99,19-SEP-17, EXIT OPTION PURSUANT TO CHANGE IN FUNDAMENTAL ATTRIBUTES OF ETF  ,-0.0009999999999990906,0,1000,0,0,0,12-Aug-2025,13-Jul-2026, EXIT OPTION PURSUANT TO CHANGE IN FUNDAMENTAL ATTRIBUTES OF ETF  ,0,19-SEP-17,-0.0009999999999990906,2.9126496373751203,-3.0928153898493798,https://nsearchives.nseindia.com/today/LIQUIDBEESEQN.svg,https://nsearchives.nseindia.com/30d/LIQUIDBEES-EQ.svg,https://nsearchives.nseindia.com/365d/LIQUIDBEES-EQ.svg,EQ
GOLDBEES,Gold,126.04,126.59,124.9,125.65,-0.8,-0.63,24579205,3086164979.8,125.8403,148.14,80.02,19-DEC-19, FACE VALUE SPLIT (SUB-DIVISION) - FROM RS 100/- TO RS 1/-,51.422029404675826,7.439076528430955,126.45,0,52.39,8.12,12-Aug-2025,13-Jul-2026, FACE VALUE SPLIT (SUB-DIVISION) - FROM RS 100/- TO RS 1/-,7.439076528430955,19-DEC-19,51.422029404675826,15.181584987174285,-57.02324418895277,https://nsearchives.nseindia.com/today/GOLDBEESEQN.svg,https://nsearchives.nseindia.com/30d/GOLDBEES-EQ.svg,https://nsearchives.nseindia.com/365d/GOLDBEES-EQ.svg,EQ
LIQUIDCASE,Zerodha Nifty 1D Rate Liquid ETF,115.43,115.45,115.43,115.45,0.02,0.02,13703546,1581800314.78,115.429,115.45,102,-,-,5.040487671731423,0.4175002174480334,115.43,0,5.02,0.4,12-Aug-2025,13-Jul-2026,-,0.4175002174480334,-,5.040487671731423,0,-13.186274509803924,https://nsearchives.nseindia.com/today/LIQUIDCASEEQN.svg,https://nsearchives.nseindia.com/30d/LIQUIDCASE-EQ.svg,https://nsearchives.nseindia.com/365d/LIQUIDCASE-EQ.svg,EQ
TATSILV,Tata Silver Exchange Traded Fund,23.37,23.37,22.33,22.46,-0.45,-1.96,58517721,1316648722.5,22.899,35.1,10.56,-,-,103.07414104882459,6.546489563567375,22.91,0,107.14,8.68,12-Aug-2025,13-Jul-2026,-,6.546489563567375,-,103.07414104882459,36.01139601139601,-112.68939393939394,https://nsearchives.nseindia.com/today/TATSILVEQN.svg,https://nsearchives.nseindia.com/30d/TATSILV-EQ.svg,https://nsearchives.nseindia.com/365d/TATSILV-EQ.svg,EQ
LIQUID1,Kotak Nifty 1D Rate Liquid ETF,1117.91,1117.93,1117.91,1117.92,0.15,0.01,928284,1037737966.44,1117.7729,1136.66,1061.5,-,-,5.119043141384893,0.4221986669301706,1117.77,0,5.1,0.41,12-Aug-2025,13-Jul-2026,-,0.4221986669301706,-,5.119043141384893,1.6486900216423563,-5.315120113047581,https://nsearchives.nseindia.com/today/LIQUID1EQN.svg,https://nsearchives.nseindia.com/30d/LIQUID1-EQ.svg,https://nsearchives.nseindia.com/365d/LIQUID1-EQ.svg,EQ
NIFTYBEES,Nifty 50,278.74,278.79,277.51,278.3,-0.02,-0.01,3640004,1012285112.4,278.6088,302.25,251.7,19-DEC-19, FACE VALUE SPLIT (SUB-DIVISION) - FROM RS 10/- TO RS 1/-,0.6364359586316594,1.0897203051216855,278.32,0,0.64,1.1,12-Aug-2025,13-Jul-2026, FACE VALUE SPLIT (SUB-DIVISION) - FROM RS 10/- TO RS 1/-,1.0897203051216855,19-DEC-19,0.6364359586316594,7.923904052936308,-10.56813667063966,https://nsearchives.nseindia.com/today/NIFTYBEESEQN.svg,https://nsearchives.nseindia.com/30d/NIFTYBEES-EQ.svg,https://nsearchives.nseindia.com/365d/NIFTYBEES-EQ.svg,EQ
TATAGOLD,Tata Gold Exchange Traded Fund,14.85,15,14.68,14.76,-0.09,-0.61,59200423,873206239.25,14.7866,17.7,9.45,-,-,51.5400410677618,7.345454545454543,14.85,0,52.46,8,12-Aug-2025,13-Jul-2026,-,7.345454545454543,-,51.5400410677618,16.610169491525422,-56.1904761904762,https://nsearchives.nseindia.com/today/TATAGOLDEQN.svg,https://nsearchives.nseindia.com/30d/TATAGOLD-EQ.svg,https://nsearchives.nseindia.com/365d/TATAGOLD-EQ.svg,EQ
GOLDIETF,Gold,131.06,131.9,129.41,130.07,-0.99,-0.76,5745722,747116231.66,130.3254,158,82.87,-,-,51.862230005837695,7.433716032047577,131.06,0,53.02,8.25,12-Aug-2025,13-Jul-2026,-,7.433716032047577,-,51.862230005837695,17.677215189873422,-56.956679135996126,https://nsearchives.nseindia.com/today/GOLDIETFEQN.svg,https://nsearchives.nseindia.com/30d/GOLDIETF-EQ.svg,https://nsearchives.nseindia.com/365d/GOLDIETF-EQ.svg,EQ
HDFCSILVER,HDFC Silver ETF,224.01,224.02,219.8,221.09,-4.79,-2.12,3143588,697436433.68,225.5577,359,106.78,-,-,101.92711663165586,6.498073217726401,225.88,0,106.3,8.81,12-Aug-2025,13-Jul-2026,-,6.498073217726401,-,101.92711663165586,38.41504178272981,-107.05188237497659,https://nsearchives.nseindia.com/today/HDFCSILVEREQN.svg,https://nsearchives.nseindia.com/30d/HDFCSILVER-EQ.svg,https://nsearchives.nseindia.com/365d/HDFCSILVER-EQ.svg,EQ
SILVERIETF,Domestic Price of Silver,234.99,234.99,229.72,231.01,-4.6,-1.95,2914804,674864570.12,235.4924,373.5,111.17,-,-,102.96081532243895,6.702078521939949,235.61,0,107,8.83,12-Aug-2025,13-Jul-2026,-,6.702078521939949,-,102.96081532243895,38.14993306559572,-107.79886660070161,https://nsearchives.nseindia.com/today/SILVERIETFEQN.svg,https://nsearchives.nseindia.com/30d/SILVERIETF-EQ.svg,https://nsearchives.nseindia.com/365d/SILVERIETF-EQ.svg,EQ
LIQUID,Mirae Asset Nifty 1D Rate Liquid ETF,1000,1000,999.99,999.99,0,0.00,546702,546696532.98,1000,1024.98,974.99,-,-,0,0,999.99,0,0,0,12-Aug-2025,13-Jul-2026,-,0,-,0,2.4380963530995734,-2.564128862860132,https://nsearchives.nseindia.com/today/LIQUIDEQN.svg,https://nsearchives.nseindia.com/30d/LIQUID-EQ.svg,https://nsearchives.nseindia.com/365d/LIQUID-EQ.svg,EQ
SETFGOLD,Gold,129.92,130.99,128.83,129.64,-0.84,-0.64,3818211,494458324.5,129.7676,153.95,82.51,06-JAN-22,FACE VALUE SPLIT (SUB-DIVISION) - FROM RS 100/- PER SHARE TO RS 1/- PER SHARE,51.62573099415203,7.433496312256554,130.48,0,52.61,8.13,12-Aug-2025,13-Jul-2026,FACE VALUE SPLIT (SUB-DIVISION) - FROM RS 100/- PER SHARE TO RS 1/- PER SHARE,7.433496312256554,06-JAN-22,51.62573099415203,15.790841182202016,-57.12034904860015,https://nsearchives.nseindia.com/today/SETFGOLDEQN.svg,https://nsearchives.nseindia.com/30d/SETFGOLD-EQ.svg,https://nsearchives.nseindia.com/365d/SETFGOLD-EQ.svg,EQ
LIQUIDADD,DSP S&P BSE Liquid Rate ETF,1140.03,1140.05,1140.02,1140.02,0.13,0.01,415305,473456006.1,1139.8871,1151.22,1054.87,-,-,5.0061252498457085,0.4095581176180533,1139.89,0,4.99,0.4,12-Aug-2025,13-Jul-2026,-,0.4095581176180533,-,5.0061252498457085,0.9728809436945193,-8.072084711860239,https://nsearchives.nseindia.com/today/LIQUIDADDEQN.svg,https://nsearchives.nseindia.com/30d/LIQUIDADD-EQ.svg,https://nsearchives.nseindia.com/365d/LIQUIDADD-EQ.svg,EQ
LIQUIDBETF,Bajaj Finserv Nifty 1D Rate Liquid ETF,1094.35,1094.35,1094.33,1094.35,0.13,0.01,311778,341188018.74,1094.1952,1116.24,1009.94,-,-,4.917262669453336,0.4027670740210533,1094.22,0,4.9,0.39,12-Aug-2025,13-Jul-2026,-,0.4027670740210533,-,4.917262669453336,1.9610478033397925,-8.357922252807082,https://nsearchives.nseindia.com/today/LIQUIDBETFEQN.svg,https://nsearchives.nseindia.com/30d/LIQUIDBETF-EQ.svg,https://nsearchives.nseindia.com/365d/LIQUIDBETF-EQ.svg,EQ
LIQUIDIETF,S&P BSE Liquid Rate Index,1000,1000.01,999.99,1000,0.01,0.00,335093,335089649.07,1000,1041.19,969.99,-,-,0.0010000100000990915,0.0010000100000990915,999.99,0,0,0,12-Aug-2025,13-Jul-2026,-,0.0010000100000990915,-,0.0010000100000990915,3.956050288612074,-3.093846328312662,https://nsearchives.nseindia.com/today/LIQUIDIETFEQN.svg,https://nsearchives.nseindia.com/30d/LIQUIDIETF-EQ.svg,https://nsearchives.nseindia.com/365d/LIQUIDIETF-EQ.svg,EQ
SMALLCAP,Mirae Asset Nifty Smallcap 250 Momentum Quality 100 ETF,48.55,49.24,48.47,48.57,0.02,0.04,6754561,329487485.58,48.5422,54.5,37.34,-,-,9.391891891891897,2.123633305298566,48.55,0,9.35,2.08,12-Aug-2025,13-Jul-2026,-,2.123633305298566,-,9.391891891891897,10.880733944954128,-30.074986609534005,https://nsearchives.nseindia.com/today/SMALLCAPEQN.svg,https://nsearchives.nseindia.com/30d/SMALLCAP-EQ.svg,https://nsearchives.nseindia.com/365d/SMALLCAP-EQ.svg,EQ
GOLDCASE,Zerodha Gold ETF,24.18,24.18,23.8,23.93,-0.15,-0.62,11094921,265390510.32,23.9626,27.94,15.25,-,-,51.84010152284264,7.502246181491456,24.08,0,52.79,8.18,12-Aug-2025,13-Jul-2026,-,7.502246181491456,-,51.84010152284264,14.352183249821051,-56.91803278688525,https://nsearchives.nseindia.com/today/GOLDCASEEQN.svg,https://nsearchives.nseindia.com/30d/GOLDCASE-EQ.svg,https://nsearchives.nseindia.com/365d/GOLDCASE-EQ.svg,EQ
LOWVOLIETF,Nifty 100 Low Volatility 30 Index,23.06,23.06,22.54,22.54,-0.07,-0.31,10977200,248414036,22.731,26.81,19.84,01-MAR-24,FACE VALUE SPLIT (SUB-DIVISION) - FROM RS 10/- PER SHARE TO RE 1/- PER SHARE,3.9188566159520417,1.8987341772151813,22.61,0,4.24,2.22,12-Aug-2025,13-Jul-2026,FACE VALUE SPLIT (SUB-DIVISION) - FROM RS 10/- PER SHARE TO RE 1/- PER SHARE,1.8987341772151813,01-MAR-24,3.9188566159520417,15.926892950391643,-13.608870967741932,https://nsearchives.nseindia.com/today/LOWVOLIETFEQN.svg,https://nsearchives.nseindia.com/30d/LOWVOLIETF-EQ.svg,https://nsearchives.nseindia.com/365d/LOWVOLIETF-EQ.svg,EQ
SILVER,Physical price of Silver,234.98,234.98,229.55,230.97,-4.72,-2.00,1021430,236593830.9,235.5166,371.89,111.2,-,-,102.64081417792595,6.570387117611779,235.69,0,106.78,8.75,12-Aug-2025,13-Jul-2026,-,6.570387117611779,-,102.64081417792595,37.89292532738175,-107.7068345323741,https://nsearchives.nseindia.com/today/SILVEREQN.svg,https://nsearchives.nseindia.com/30d/SILVER-EQ.svg,https://nsearchives.nseindia.com/365d/SILVER-EQ.svg,EQ
SBISILVER,SBI SILVER ETF,238.33,238.33,225.29,226.45,-4.94,-2.13,1038830,236022176,231.0647,362,109.32,-,-,102.31394621638522,6.459498848197067,231.39,0,106.73,8.78,12-Aug-2025,13-Jul-2026,-,6.459498848197067,-,102.31394621638522,37.444751381215475,-107.14416392242957,https://nsearchives.nseindia.com/today/SBISILVEREQN.svg,https://nsearchives.nseindia.com/30d/SBISILVER-EQ.svg,https://nsearchives.nseindia.com/365d/SBISILVER-EQ.svg,EQ
HDFCGOLD,Gold,131.83,131.83,129.12,129.75,-0.86,-0.66,1793360,232742260.8,130.0261,152.3,83.43,17-FEB-21, FACE VALUE SPLIT (SUB-DIVISION) - FROM RS 100/- PER UNIT TO RE 1/- PER UNIT,51.55939726667445,7.471216764681516,130.61,0,52.56,8.18,12-Aug-2025,13-Jul-2026, FACE VALUE SPLIT (SUB-DIVISION) - FROM RS 100/- PER UNIT TO RE 1/- PER UNIT,7.471216764681516,17-FEB-21,51.55939726667445,14.806303348653977,-55.51959726717007,https://nsearchives.nseindia.com/today/HDFCGOLDEQN.svg,https://nsearchives.nseindia.com/30d/HDFCGOLD-EQ.svg,https://nsearchives.nseindia.com/365d/HDFCGOLD-EQ.svg,EQ
ITBEES,Nifty IT TRI,35,35,34.53,34.82,0.17,0.49,6600562,229303523.88,34.8344,44.27,28.55,-,-,-8.078141499472022,8.271144278606977,34.65,0,-8.53,7.74,12-Aug-2025,13-Jul-2026,-,8.271144278606977,-,-8.078141499472022,21.346284165348997,-21.961471103327494,https://nsearchives.nseindia.com/today/ITBEESEQN.svg,https://nsearchives.nseindia.com/30d/ITBEES-EQ.svg,https://nsearchives.nseindia.com/365d/ITBEES-EQ.svg,EQ
SILVERCASE,Commodity-Silver,24.52,24.52,23.35,23.48,-0.45,-1.88,8177861,192588626.55,23.9626,38.01,11.34,-,-,102.93863439930855,6.775807185084139,23.93,0,106.83,8.82,12-Aug-2025,13-Jul-2026,-,6.775807185084139,-,102.93863439930855,38.22678242567745,-107.0546737213404,https://nsearchives.nseindia.com/today/SILVERCASEEQN.svg,https://nsearchives.nseindia.com/30d/SILVERCASE-EQ.svg,https://nsearchives.nseindia.com/365d/SILVERCASE-EQ.svg,EQ
BANKBEES,Nifty Bank,598.5,599.06,596.43,598.09,-0.92,-0.15,313043,187193453.14,600.1039,638.99,515.98,19-DEC-19, FACE VALUE SPLIT (SUB-DIVISION) - FROM RS 10/- TO RS 1/-,5.0165051271246055,-0.4411226154409524,599.01,0,5.18,-0.29,12-Aug-2025,13-Jul-2026, FACE VALUE SPLIT (SUB-DIVISION) - FROM RS 10/- TO RS 1/-,-0.4411226154409524,19-DEC-19,5.0165051271246055,6.400726145949072,-15.913407496414592,https://nsearchives.nseindia.com/today/BANKBEESEQN.svg,https://nsearchives.nseindia.com/30d/BANKBEES-EQ.svg,https://nsearchives.nseindia.com/365d/BANKBEES-EQ.svg,EQ
LIQUIDETF,Nifty1D rate index,1000,1000.01,999.99,1000,0,0.00,185505,185505000,1000,1025,995,-,-,0.0010000100000990915,0,1000,0,0,0,12-Aug-2025,13-Jul-2026,-,0,-,0.0010000100000990915,2.4390243902439024,-0.5025125628140703,https://nsearchives.nseindia.com/today/LIQUIDETFEQN.svg,https://nsearchives.nseindia.com/30d/LIQUIDETF-EQ.svg,https://nsearchives.nseindia.com/365d/LIQUIDETF-EQ.svg,EQ
GOLD1,Gold,127.73,128.59,126.11,127,-0.73,-0.57,1454740,184533769,127.0324,158,80.77,22-JUL-21, FACE VALUE SPLIT (SUB-DIVISION) - FROM RS 10/- PER SHARE TO RE 1/- PER SHARE,51.968409716405425,7.554200542005422,127.73,0,52.84,8.17,12-Aug-2025,13-Jul-2026, FACE VALUE SPLIT (SUB-DIVISION) - FROM RS 10/- PER SHARE TO RE 1/- PER SHARE,7.554200542005422,22-JUL-21,51.968409716405425,19.620253164556964,-57.236597746688126,https://nsearchives.nseindia.com/today/GOLD1EQN.svg,https://nsearchives.nseindia.com/30d/GOLD1-EQ.svg,https://nsearchives.nseindia.com/365d/GOLD1-EQ.svg,EQ
JUNIORBEES,Nippon India ETF Nifty Next 50 Junior BeES,815.3,815.3,782.12,806.8,0.49,0.06,217630,175670936,808.5173,818.04,632.34,10-MAR-14,DIVIDEND-RS.1 PER UNIT,13.493135268962408,3.543423298553613,806.31,0,13.42,3.48,12-Aug-2025,13-Jul-2026,DIVIDEND-RS.1 PER UNIT,3.543423298553613,10-MAR-14,13.493135268962408,1.3740159405408061,-27.589587879937994,https://nsearchives.nseindia.com/today/JUNIORBEESEQN.svg,https://nsearchives.nseindia.com/30d/JUNIORBEES-EQ.svg,https://nsearchives.nseindia.com/365d/JUNIORBEES-EQ.svg,EQ
MODEFENCE,Nifty India Defence Total Return Index,105.71,107.55,105.64,107.2,1.5,1.42,1612675,172411084.25,106.0538,108.38,77.8,-,-,28.06116354079562,3.5948975647468098,105.7,0,26.27,2.15,12-Aug-2025,13-Jul-2026,-,3.5948975647468098,-,28.06116354079562,1.0887617641631229,-37.78920308483291,https://nsearchives.nseindia.com/today/MODEFENCEEQN.svg,https://nsearchives.nseindia.com/30d/MODEFENCE-EQ.svg,https://nsearchives.nseindia.com/365d/MODEFENCE-EQ.svg,EQ
CASHIETF,BSE Liquid Rate Index,1075.02,1075.04,1075.02,1075.03,0.14,0.01,156103,167815408.09,1074.8779,1099.28,1023.13,-,-,5.071642199503487,0.41753848453146275,1074.89,0,5.06,0.4,12-Aug-2025,13-Jul-2026,-,0.41753848453146275,-,5.071642199503487,2.205989374863547,-5.072669162276542,https://nsearchives.nseindia.com/today/CASHIETFEQN.svg,https://nsearchives.nseindia.com/30d/CASHIETF-EQ.svg,https://nsearchives.nseindia.com/365d/CASHIETF-EQ.svg,EQ
PSUBNKBEES,Nifty PSU Bank,97,99.66,97,98.04,-0.23,-0.23,1671776,164552911.68,98.5431,110.4,74.31,19-DEC-19, FACE VALUE SPLIT (SUB-DIVISION) - FROM RS 10/- TO RS 1/-,24.93946731234868,3.636363636363649,98.27,0,25.23,3.88,12-Aug-2025,13-Jul-2026, FACE VALUE SPLIT (SUB-DIVISION) - FROM RS 10/- TO RS 1/-,3.636363636363649,19-DEC-19,24.93946731234868,11.195652173913043,-31.933790876059756,https://nsearchives.nseindia.com/today/PSUBNKBEESEQN.svg,https://nsearchives.nseindia.com/30d/PSUBNKBEES-EQ.svg,https://nsearchives.nseindia.com/365d/PSUBNKBEES-EQ.svg,EQ
HDFCSML250,HDFC NIFTY Smallcap 250 ETF,185.9,185.9,184.45,185.07,0.63,0.34,888358,164417298.64,184.8337,189.51,142.7,-,-,10.542348584398523,1.0042023686077626,184.44,0,10.17,0.66,12-Aug-2025,13-Jul-2026,-,1.0042023686077626,-,10.542348584398523,2.3428842805129007,-29.691660826909605,https://nsearchives.nseindia.com/today/HDFCSML250EQN.svg,https://nsearchives.nseindia.com/30d/HDFCSML250-EQ.svg,https://nsearchives.nseindia.com/365d/HDFCSML250-EQ.svg,EQ
NIFTYIETF,Nifty 50,282.34,282.34,276.01,277.1,0.3,0.11,546851,151253518.09,277.1856,328.24,250.4,-,-,0.6977251253724892,1.1055569744955775,276.8,0,0.59,1,12-Aug-2025,13-Jul-2026,-,1.1055569744955775,-,0.6977251253724892,15.580063368267115,-10.662939297124607,https://nsearchives.nseindia.com/today/NIFTYIETFEQN.svg,https://nsearchives.nseindia.com/30d/NIFTYIETF-EQ.svg,https://nsearchives.nseindia.com/365d/NIFTYIETF-EQ.svg,EQ
SILVERBETA,UTI Silver Exchange Traded Fund (UTI Silver ETF),226.93,226.94,222,223.55,-4.47,-1.96,635420,142219704.4,227.7029,379.66,107.8,-,-,Infinity,6.70135077084627,228.02,0,0,8.83,,13-Jul-2026,-,6.70135077084627,-,Infinity,41.11836906706,-107.37476808905382,https://nsearchives.nseindia.com/today/SILVERBETAEQN.svg,https://nsearchives.nseindia.com/30d/SILVERBETA-EQ.svg,,EQ
HDFCPSUBK,HDFC NIFTY PSU BANK ETF,88.92,89.5,88.27,88.27,-0.65,-0.73,1482909,132171679.17,89.2489,101.25,67.98,-,-,24.76325088339222,3.203554308429785,88.92,0,25.68,3.96,12-Aug-2025,13-Jul-2026,-,3.203554308429785,-,24.76325088339222,12.819753086419757,-29.847013827596335,https://nsearchives.nseindia.com/today/HDFCPSUBKEQN.svg,https://nsearchives.nseindia.com/30d/HDFCPSUBK-EQ.svg,https://nsearchives.nseindia.com/365d/HDFCPSUBK-EQ.svg,EQ
SILVER1,Kotak Silver ETF,23,23,22.33,22.46,-0.44,-1.92,5782327,130160180.77,22.8855,38.8,10.8,27-FEB-26,FACE VALUE SPLIT (SUB-DIVISION) - FROM RS 10/- PER SHARE TO RE 1/- PER SHARE,-79.69809274157099,6.850618458610852,22.9,0,-79.3,8.94,12-Aug-2025,13-Jul-2026,FACE VALUE SPLIT (SUB-DIVISION) - FROM RS 10/- PER SHARE TO RE 1/- PER SHARE,6.850618458610852,27-FEB-26,-79.69809274157099,42.11340206185566,-107.96296296296296,https://nsearchives.nseindia.com/today/SILVER1EQN.svg,https://nsearchives.nseindia.com/30d/SILVER1-EQ.svg,https://nsearchives.nseindia.com/365d/SILVER1-EQ.svg,EQ
SETFNIF50,Nifty 50,264.04,264.04,262.14,262.92,-0.06,-0.02,481173,126476323.05,263.3023,287.33,237.9,24-MAR-21, DIVIDEND - RS 1.30 PER SHARE,0.5430210325047862,0.9328573073822437,262.98,0,0.57,0.96,12-Aug-2025,13-Jul-2026, DIVIDEND - RS 1.30 PER SHARE,0.9328573073822437,24-MAR-21,0.5430210325047862,8.49545818396964,-10.517023959646915,https://nsearchives.nseindia.com/today/SETFNIF50EQN.svg,https://nsearchives.nseindia.com/30d/SETFNIF50-EQ.svg,https://nsearchives.nseindia.com/365d/SETFNIF50-EQ.svg,EQ
GOLDETF,Mirae Asset Gold ETF,148.55,148.63,147,147.8,-0.72,-0.48,805378,118930169.26,147.937,173.5,96.03,-,-,51.667521806054395,7.334785766158332,148.52,0,52.41,7.86,12-Aug-2025,13-Jul-2026,-,7.334785766158332,-,51.667521806054395,14.81268011527377,-53.9102363844632,https://nsearchives.nseindia.com/today/GOLDETFEQN.svg,https://nsearchives.nseindia.com/30d/GOLDETF-EQ.svg,https://nsearchives.nseindia.com/365d/GOLDETF-EQ.svg,EQ
MID150BEES,Nifty Midcap 150 TRI,244,244,242.02,243.26,0.49,0.20,482738,117454982.78,243.248,245,190.43,-,-,12.609943523747791,1.6378373861452276,242.77,0,12.38,1.43,12-Aug-2025,13-Jul-2026,-,1.6378373861452276,-,12.609943523747791,0.7102040816326568,-27.74247755080606,https://nsearchives.nseindia.com/today/MID150BEESEQN.svg,https://nsearchives.nseindia.com/30d/MID150BEES-EQ.svg,https://nsearchives.nseindia.com/365d/MID150BEES-EQ.svg,EQ
GOLDAXIS,Gold,127.55,127.55,125.77,126.67,-0.81,-0.64,895767,113099541.42,126.8027,150,80.84,23-JUL-20, FACE VALUE SPLIT (SUB-DIVISION) - FROM RS 100/- PER SHARE TO RE 1/- PER SHARE,Infinity,7.566236413043475,127.48,0,0,8.25,,13-Jul-2026, FACE VALUE SPLIT (SUB-DIVISION) - FROM RS 100/- PER SHARE TO RE 1/- PER SHARE,7.566236413043475,23-JUL-20,Infinity,15.553333333333333,-56.69223156853043,https://nsearchives.nseindia.com/today/GOLDAXISEQN.svg,https://nsearchives.nseindia.com/30d/GOLDAXIS-EQ.svg,,EQ
LIQUIDPLUS,Nifty 1D Rate Index,1097.07,1098.64,1097.07,1098.64,0.17,0.02,102189,112266879.18,1098.4823,1127.08,1045.37,-,-,5.095803399753218,0.41403515185860656,1098.47,0,5.08,0.4,12-Aug-2025,13-Jul-2026,-,0.41403515185860656,-,5.095803399753218,2.523334634631067,-5.095803399753218,https://nsearchives.nseindia.com/today/LIQUIDPLUSEQN.svg,https://nsearchives.nseindia.com/30d/LIQUIDPLUS-EQ.svg,https://nsearchives.nseindia.com/365d/LIQUIDPLUS-EQ.svg,EQ
METALIETF,Nifty Metal Index,13.57,13.57,13.08,13.15,-0.09,-0.68,6304711,82843902.54,13.254,14.17,8.98,-,-,42.316017316017316,3.7066246056782384,13.24,0,43.29,4.42,12-Aug-2025,13-Jul-2026,-,3.7066246056782384,-,42.316017316017316,7.1983062808750855,-46.43652561247216,https://nsearchives.nseindia.com/today/METALIETFEQN.svg,https://nsearchives.nseindia.com/30d/METALIETF-EQ.svg,https://nsearchives.nseindia.com/365d/METALIETF-EQ.svg,EQ
MAFANG,NYSE FANG+ Total Return Index,208.59,208.59,208.02,208.59,-0.29,-0.14,329287,68679389.59,172.8344,210.2,149.74,-,-,31.519546027742756,6.109471970698947,208.88,0,31.7,6.26,12-Aug-2025,13-Jul-2026,-,6.109471970698947,-,31.519546027742756,0.7659372026641225,-39.30145585681848,https://nsearchives.nseindia.com/today/MAFANGEQN.svg,https://nsearchives.nseindia.com/30d/MAFANG-EQ.svg,https://nsearchives.nseindia.com/365d/MAFANG-EQ.svg,EQ
MON100,Nasdaq100,330.55,330.55,330.55,330.55,-0.61,-0.18,205118,67801754.9,277.1742,342.55,197.81,17-JUN-21, FACE VALUE SPLIT (SUB-DIVISION) - FROM RS 10/- PER SHARE TO RE 1/- PER SHARE,63.48484099114695,-0.5475825134639086,331.16,0,63.79,-0.36,12-Aug-2025,13-Jul-2026, FACE VALUE SPLIT (SUB-DIVISION) - FROM RS 10/- PER SHARE TO RE 1/- PER SHARE,-0.5475825134639086,17-JUN-21,63.48484099114695,3.5031382279959127,-67.1047975329862,https://nsearchives.nseindia.com/today/MON100EQN.svg,https://nsearchives.nseindia.com/30d/MON100-EQ.svg,https://nsearchives.nseindia.com/365d/MON100-EQ.svg,EQ
PHARMABEES,Nifty Pharma TRI,26.74,27.49,26.74,27.49,0.06,0.22,2446424,67056481.84,27.5245,28.01,21.46,-,-,23.27354260089685,4.168245547555884,27.43,0,23,3.94,12-Aug-2025,13-Jul-2026,-,4.168245547555884,-,23.27354260089685,1.8564798286326423,-28.09878844361602,https://nsearchives.nseindia.com/today/PHARMABEESEQN.svg,https://nsearchives.nseindia.com/30d/PHARMABEES-EQ.svg,https://nsearchives.nseindia.com/365d/PHARMABEES-EQ.svg,EQ
PVTBANKADD,DSP Nifty Private Bank ETF,27.79,27.84,27.6,27.6,-0.29,-1.04,2414443,66783493.38,27.8704,31.88,24.02,-,-,2.793296089385475,-3.4965034965034962,27.89,0,3.87,-2.48,12-Aug-2025,13-Jul-2026,-,-3.4965034965034962,-,2.793296089385475,13.425345043914673,-14.904246461282272,https://nsearchives.nseindia.com/today/PVTBANKADDEQN.svg,https://nsearchives.nseindia.com/30d/PVTBANKADD-EQ.svg,https://nsearchives.nseindia.com/365d/PVTBANKADD-EQ.svg,EQ
NIFTYETF,Nifty 50,265.06,265.95,265.01,265.15,-0.42,-0.16,246734,65483203.6,266.0085,289.05,239.81,-,-,0.4470204947531727,0.8865383151967066,265.57,0,0.61,1.05,12-Aug-2025,13-Jul-2026,-,0.8865383151967066,-,0.4470204947531727,8.26846566338005,-10.566698636420488,https://nsearchives.nseindia.com/today/NIFTYETFEQN.svg,https://nsearchives.nseindia.com/30d/NIFTYETF-EQ.svg,https://nsearchives.nseindia.com/365d/NIFTYETF-EQ.svg,EQ
SILVERAG,Mirae Asset Silver ETF,230.1,230.1,223.84,225.3,-4.65,-2.02,286422,64605346.32,229.5439,380,108.5,-,-,Infinity,6.655936375686424,229.95,0,0,8.86,,13-Jul-2026,-,6.655936375686424,-,Infinity,40.710526315789465,-107.64976958525347,https://nsearchives.nseindia.com/today/SILVERAGEQN.svg,https://nsearchives.nseindia.com/30d/SILVERAG-EQ.svg,,EQ
CPSEETF,CPSE ETF,94.97,94.97,93.79,94.62,0.76,0.81,617371,58131653.36,93.9545,112,85.67,-,-,4.772450448455323,-2.2318660880347143,93.86,0,3.93,-3.02,12-Aug-2025,13-Jul-2026,-,-2.2318660880347143,-,4.772450448455323,15.517857142857139,-10.44706431656356,https://nsearchives.nseindia.com/today/CPSEETFEQN.svg,https://nsearchives.nseindia.com/30d/CPSEETF-EQ.svg,https://nsearchives.nseindia.com/365d/CPSEETF-EQ.svg,EQ
PVTBANIETF,Nifty Private Bank Index,27.76,27.76,27.57,27.69,-0.07,-0.25,2067436,57061233.6,27.7283,30.32,24.18,01-MAR-24,FACE VALUE SPLIT (SUB-DIVISION) - FROM RS 10/- PER SHARE TO RE 1/- PER SHARE,3.5527299925205793,-2.6371308016877637,27.76,0,3.81,-2.39,12-Aug-2025,13-Jul-2026,FACE VALUE SPLIT (SUB-DIVISION) - FROM RS 10/- PER SHARE TO RE 1/- PER SHARE,-2.6371308016877637,01-MAR-24,3.5527299925205793,8.674142480211078,-14.516129032258071,https://nsearchives.nseindia.com/today/PVTBANIETFEQN.svg,https://nsearchives.nseindia.com/30d/PVTBANIETF-EQ.svg,https://nsearchives.nseindia.com/365d/PVTBANIETF-EQ.svg,EQ
MOCAPITAL,Nifty Capital Market Total Return Index,53.71,54.18,53.54,53.76,0.12,0.22,1030375,55403263.75,53.6667,57.25,41.15,-,-,23.870967741935484,-3.2919589854290434,53.64,0,23.59,-3.51,12-Aug-2025,13-Jul-2026,-,-3.2919589854290434,-,23.870967741935484,6.096069868995637,-30.643985419198057,https://nsearchives.nseindia.com/today/MOCAPITALEQN.svg,https://nsearchives.nseindia.com/30d/MOCAPITAL-EQ.svg,https://nsearchives.nseindia.com/365d/MOCAPITAL-EQ.svg,EQ
SBILIQETF,Nifty 1D Rate Index,1051.55,1051.57,1051.55,1051.57,0.15,0.01,52097,54783121.32,1051.4205,1087.09,984.99,-,-,Infinity,0.4163443817381327,1051.42,0,0,0.4,,13-Jul-2026,-,0.4163443817381327,-,Infinity,3.267438758520452,-6.759459486898336,https://nsearchives.nseindia.com/today/SBILIQETFEQN.svg,https://nsearchives.nseindia.com/30d/SBILIQETF-EQ.svg,,EQ
ALPHA,NIFTY Alpha 50 Index,54.39,54.6,54.02,54.15,-0.25,-0.46,920418,49987901.58,54.605,54.6,42,-,-,13.237139272271012,4.375481881264449,54.4,0,13.76,4.86,12-Aug-2025,13-Jul-2026,-,4.375481881264449,-,13.237139272271012,0.8241758241758294,-28.928571428571423,https://nsearchives.nseindia.com/today/ALPHAEQN.svg,https://nsearchives.nseindia.com/30d/ALPHA-EQ.svg,https://nsearchives.nseindia.com/365d/ALPHA-EQ.svg,EQ
ICICIB22,S&P BSE BHARAT 22 index,116.83,116.83,115.85,116.4,0.2,0.17,427790,49747699.1,116.2988,131,103.6,-,-,7.538802660753891,-0.7080098950780502,116.2,0,7.35,-0.88,12-Aug-2025,13-Jul-2026,-,-0.7080098950780502,-,7.538802660753891,11.145038167938928,-12.355212355212366,https://nsearchives.nseindia.com/today/ICICIB22EQN.svg,https://nsearchives.nseindia.com/30d/ICICIB22-EQ.svg,https://nsearchives.nseindia.com/365d/ICICIB22-EQ.svg,EQ
AUTOBEES,Nifty Auto TRI,304.21,306.14,303.5,304.71,0.49,0.16,160865,48978566.55,303.9697,310.45,242.5,-,-,24.590096904771634,9.273803119956948,304.22,0,24.39,9.1,12-Aug-2025,13-Jul-2026,-,9.273803119956948,-,24.590096904771634,1.8489289740699015,-25.653608247422675,https://nsearchives.nseindia.com/today/AUTOBEESEQN.svg,https://nsearchives.nseindia.com/30d/AUTOBEES-EQ.svg,https://nsearchives.nseindia.com/365d/AUTOBEES-EQ.svg,EQ
GOLDBETA,Gold,128.7,128.75,127.2,127.9,-0.85,-0.66,375973,48079427.24,128.0966,149.35,81.35,25-MAR-21, FACE VALUE SPLIT (SUB-DIVISION) - FROM RS 100/- PER UNIT TO RE 1/- PER UNIT,Infinity,7.388748950461807,128.75,0,0,8.1,,13-Jul-2026, FACE VALUE SPLIT (SUB-DIVISION) - FROM RS 100/- PER UNIT TO RE 1/- PER UNIT,7.388748950461807,25-MAR-21,Infinity,14.362236357549374,-57.22188076213892,https://nsearchives.nseindia.com/today/GOLDBETAEQN.svg,https://nsearchives.nseindia.com/30d/GOLDBETA-EQ.svg,,EQ
GROWWSLVR,Commodity-Silver,22.52,22.97,22.52,22.67,-0.44,-1.90,2030817,46180778.58,23.1149,36.3,10.98,06-FEB-26,FACE VALUE SPLIT (SUB-DIVISION) - FROM RS 10/- PER UNIT TO RE 1/- PER UNIT,-79.85426108593263,6.63217309501411,23.11,0,-79.46,8.7,12-Aug-2025,13-Jul-2026,FACE VALUE SPLIT (SUB-DIVISION) - FROM RS 10/- PER UNIT TO RE 1/- PER UNIT,6.63217309501411,06-FEB-26,-79.85426108593263,37.54820936639118,-106.46630236794172,https://nsearchives.nseindia.com/today/GROWWSLVREQN.svg,https://nsearchives.nseindia.com/30d/GROWWSLVR-EQ.svg,https://nsearchives.nseindia.com/365d/GROWWSLVR-EQ.svg,EQ
SILVERAXIS,Axis Silver ETF,234.77,234.77,228.59,230.2,-4.57,-1.95,194475,44877051,234.4141,390.01,110.75,-,-,Infinity,6.761895928021512,234.77,0,0,8.88,,13-Jul-2026,-,6.761895928021512,-,Infinity,40.97587241352786,-107.85553047404062,https://nsearchives.nseindia.com/today/SILVERAXISEQN.svg,https://nsearchives.nseindia.com/30d/SILVERAXIS-EQ.svg,,EQ
LIQGRWBEES,Liquid,1051.41,1051.43,1051.41,1051.43,0.15,0.01,41216,43334914.56,1051.2901,1056.29,995.55,-,-,4.799258432341928,0.3924302028033579,1051.28,0,4.78,0.38,12-Aug-2025,13-Jul-2026,-,0.3924302028033579,-,4.799258432341928,0.46010091925511937,-5.612977750991925,https://nsearchives.nseindia.com/today/LIQGRWBEESEQN.svg,https://nsearchives.nseindia.com/30d/LIQGRWBEES-EQ.svg,https://nsearchives.nseindia.com/365d/LIQGRWBEES-EQ.svg,EQ
HNGSNGBEES,Hang Seng Index,482.87,485,479,480.7,0.38,0.08,88815,42745771.35,457.9987,579.92,427.39,19-DEC-19, FACE VALUE SPLIT (SUB-DIVISION) - FROM RS 10/- TO RS 1/-,10.495586612725258,-0.24901431832330123,480.32,0,10.41,-0.33,12-Aug-2025,13-Jul-2026, FACE VALUE SPLIT (SUB-DIVISION) - FROM RS 10/- TO RS 1/-,-0.24901431832330123,19-DEC-19,10.495586612725258,17.109256449165397,-12.473384964552283,https://nsearchives.nseindia.com/today/HNGSNGBEESEQN.svg,https://nsearchives.nseindia.com/30d/HNGSNGBEES-EQ.svg,https://nsearchives.nseindia.com/365d/HNGSNGBEES-EQ.svg,EQ
MOREALTY,Motilal Oswal Nifty Realty ETF,88.87,90.16,88.46,90.09,1.43,1.61,460310,41275997.7,89.2338,99.49,64,-,-,1.7851090272285597,-3.5851883561643776,88.66,0,0.17,-5.12,12-Aug-2025,13-Jul-2026,-,-3.5851883561643776,-,1.7851090272285597,9.448185747311278,-40.76562500000001,https://nsearchives.nseindia.com/today/MOREALTYEQN.svg,https://nsearchives.nseindia.com/30d/MOREALTY-EQ.svg,https://nsearchives.nseindia.com/365d/MOREALTY-EQ.svg,EQ
GOLDADD,DSP Gold ETF,151.6,151.6,146.82,147.7,-0.89,-0.60,268802,39642918.96,147.8452,181,95.24,28-AUG-26,FACE VALUE SPLIT (SUB-DIVISION) - FROM RS 10/- PER UNIT TO RE 1/- PER UNIT,Infinity,7.472895292148717,148.59,0,0,8.12,,13-Jul-2026,FACE VALUE SPLIT (SUB-DIVISION) - FROM RS 10/- PER UNIT TO RE 1/- PER UNIT,7.472895292148717,28-AUG-26,Infinity,18.397790055248624,-55.08189836203275,https://nsearchives.nseindia.com/today/GOLDADDEQN.svg,https://nsearchives.nseindia.com/30d/GOLDADD-EQ.svg,,EQ
HDFCLIQUID,HDFC Nifty 1D Rate Liquid ETF,1073.45,1073.47,1073.45,1073.47,0.15,0.01,36012,38657441.52,,1073.55,1009.91,28-FEB-25,CHANGE IN FUNDAMENTAL ATTRIBUTE OF HDFC NIFTY 1D RATE LIQUID ETF,4.928400371438354,0.4143904811793819,1073.32,0,4.91,0.4,12-Aug-2025,13-Jul-2026,CHANGE IN FUNDAMENTAL ATTRIBUTE OF HDFC NIFTY 1D RATE LIQUID ETF,0.4143904811793819,28-FEB-25,4.928400371438354,0.0074519118811352284,-6.29363012545673,https://nsearchives.nseindia.com/today/HDFCLIQUIDEQN.svg,https://nsearchives.nseindia.com/30d/HDFCLIQUID-EQ.svg,https://nsearchives.nseindia.com/365d/HDFCLIQUID-EQ.svg,EQ
FMCGIETF,Nifty FMCG Index,52.28,52.46,52.02,52.45,0.41,0.79,716848,37448139.52,52.0623,62.3,48.55,10-MAY-24,FACE VALUE SPLIT (SUB-DIVISION) - FROM RS 10/- PER SHARE TO RE 1/- PER SHARE,-10.571184995737418,-0.05716463414633009,52.04,0,-11.27,-0.84,12-Aug-2025,13-Jul-2026,FACE VALUE SPLIT (SUB-DIVISION) - FROM RS 10/- PER SHARE TO RE 1/- PER SHARE,-0.05716463414633009,10-MAY-24,-10.571184995737418,15.810593900481532,-8.032955715756964,https://nsearchives.nseindia.com/today/FMCGIETFEQN.svg,https://nsearchives.nseindia.com/30d/FMCGIETF-EQ.svg,https://nsearchives.nseindia.com/365d/FMCGIETF-EQ.svg,EQ
GROWWGOLD,Commodity,14.98,14.99,14.76,14.83,-0.1,-0.67,2489838,36949195.92,14.8695,18,9.67,06-FEB-26,FACE VALUE SPLIT (SUB-DIVISION) - FROM RS 10/- PER UNIT TO RE 1/- PER UNIT,-84.90277919169296,7.230657989877079,14.93,0,-84.8,7.95,12-Aug-2025,13-Jul-2026,FACE VALUE SPLIT (SUB-DIVISION) - FROM RS 10/- PER UNIT TO RE 1/- PER UNIT,7.230657989877079,06-FEB-26,-84.90277919169296,17.61111111111111,-53.360910031023785,https://nsearchives.nseindia.com/today/GROWWGOLDEQN.svg,https://nsearchives.nseindia.com/30d/GROWWGOLD-EQ.svg,https://nsearchives.nseindia.com/365d/GROWWGOLD-EQ.svg,EQ
QGOLDHALF,Gold,127.98,136.3,125.3,126.02,-1.96,-1.53,284714,35965072.48,126.1203,149.69,80.09,16-DEC-21, FACE VALUE SPLIT (SUB-DIVISION) - FROM RS 100 PER SHARE TO RS 2 PER SHARE,52.216451262229725,7.516423513352105,127.98,0,54.58,9.19,12-Aug-2025,13-Jul-2026, FACE VALUE SPLIT (SUB-DIVISION) - FROM RS 100 PER SHARE TO RS 2 PER SHARE,7.516423513352105,16-DEC-21,52.216451262229725,15.81267953771127,-57.347983518541625,https://nsearchives.nseindia.com/today/QGOLDHALFEQN.svg,https://nsearchives.nseindia.com/30d/QGOLDHALF-EQ.svg,https://nsearchives.nseindia.com/365d/QGOLDHALF-EQ.svg,EQ
LICMFGOLD,Gold,138,138.4,136.35,136.9,-0.65,-0.47,256349,35247987.5,,162,89.07,06-MAR-26,FACE VALUE SPLIT (SUB-DIVISION) - FROM RS 100/- PER SHARE TO RE 1/- PER SHARE,-98.48602141024507,7.120500782472621,137.55,0,-98.48,7.63,12-Aug-2025,13-Jul-2026,FACE VALUE SPLIT (SUB-DIVISION) - FROM RS 100/- PER SHARE TO RE 1/- PER SHARE,7.120500782472621,06-MAR-26,-98.48602141024507,15.493827160493824,-53.69933759964075,https://nsearchives.nseindia.com/today/LICMFGOLDEQN.svg,https://nsearchives.nseindia.com/30d/LICMFGOLD-EQ.svg,https://nsearchives.nseindia.com/365d/LICMFGOLD-EQ.svg,EQ
EGOLD,Edelweiss Gold ETF,152.9,152.9,150.9,151.55,-1.35,-0.88,229344,34819006.08,152.0523,184.95,98.8,-,-,51.17206982543642,6.951305575158803,152.9,0,52.52,7.9,12-Aug-2025,13-Jul-2026,-,6.951305575158803,-,51.17206982543642,18.058934847256005,-53.39068825910933,https://nsearchives.nseindia.com/today/EGOLDEQN.svg,https://nsearchives.nseindia.com/30d/EGOLD-EQ.svg,https://nsearchives.nseindia.com/365d/EGOLD-EQ.svg,EQ
NIFTYBETA,Nifty 50,270.65,271.89,269.82,270.94,0.29,0.11,128257,34780733.26,271.1347,297.48,244.9,25-SEP-23,FACE VALUE SPLIT (SUB-DIVISION) - FROM RS 10/- PER SHARE TO RE 1/- PER SHARE,Infinity,0.995265963395093,270.65,0,0,0.89,,13-Jul-2026,FACE VALUE SPLIT (SUB-DIVISION) - FROM RS 10/- PER SHARE TO RE 1/- PER SHARE,0.995265963395093,25-SEP-23,Infinity,8.921608175339523,-10.63291139240506,https://nsearchives.nseindia.com/today/NIFTYBETAEQN.svg,https://nsearchives.nseindia.com/30d/NIFTYBETA-EQ.svg,,EQ
NEXT50IETF,Nifty Next 50,79.33,79.33,78.16,79,0.39,0.50,416931,32837485.56,78.9022,80.38,62.6,15-NOV-18, FACE VALUE SPLIT (SUB-DIVISION) - FROM RS 10/- PER SHARE TO RS 1/- PER SHARE,13.701784686240638,3.8790269559500365,78.61,0,13.14,3.37,12-Aug-2025,13-Jul-2026, FACE VALUE SPLIT (SUB-DIVISION) - FROM RS 10/- PER SHARE TO RS 1/- PER SHARE,3.8790269559500365,15-NOV-18,13.701784686240638,1.7168449863149982,-26.198083067092647,https://nsearchives.nseindia.com/today/NEXT50IETFEQN.svg,https://nsearchives.nseindia.com/30d/NEXT50IETF-EQ.svg,https://nsearchives.nseindia.com/365d/NEXT50IETF-EQ.svg,EQ
SILVERADD,DSP Silver ETF,225.3,225.56,221.73,223.1,-4.75,-2.08,143903,32155125.35,227.4652,390,107.09,28-AUG-26,FACE VALUE SPLIT (SUB-DIVISION) - FROM RS 10/- PER UNIT TO RE 1/- PER UNIT,103.11361981063365,6.70556724698679,227.85,0,107.44,8.98,12-Aug-2025,13-Jul-2026,FACE VALUE SPLIT (SUB-DIVISION) - FROM RS 10/- PER UNIT TO RE 1/- PER UNIT,6.70556724698679,28-AUG-26,103.11361981063365,42.794871794871796,-108.32944252497899,https://nsearchives.nseindia.com/today/SILVERADDEQN.svg,https://nsearchives.nseindia.com/30d/SILVERADD-EQ.svg,https://nsearchives.nseindia.com/365d/SILVERADD-EQ.svg,EQ
AONELIQUID,Nifty 1D Rate Index,1072.35,1072.35,1072.33,1072.33,0.14,0.01,29672,31818175.76,1072.1998,1094.59,997.56,-,-,5.062410597064641,0.4157731601569288,1072.19,0,5.05,0.4,12-Aug-2025,13-Jul-2026,-,0.4157731601569288,-,5.062410597064641,2.033638165888597,-7.495288503949635,https://nsearchives.nseindia.com/today/AONELIQUIDEQN.svg,https://nsearchives.nseindia.com/30d/AONELIQUID-EQ.svg,https://nsearchives.nseindia.com/365d/AONELIQUID-EQ.svg,EQ
BFSI,Nifty Financial Services Index,27.45,27.45,27.32,27.35,-0.13,-0.47,1128030,30862900.8,27.4966,29.94,24.03,-,-,1.333827343460552,-1.7600574712643622,27.48,0,1.82,-1.29,12-Aug-2025,13-Jul-2026,-,-1.7600574712643622,-,1.333827343460552,8.65063460253841,-13.8160632542655,https://nsearchives.nseindia.com/today/BFSIEQN.svg,https://nsearchives.nseindia.com/30d/BFSI-EQ.svg,https://nsearchives.nseindia.com/365d/BFSI-EQ.svg,EQ
MIDCAPETF,Mirae Asset Mutual Fund - Mirae Asset Nifty Midcap 150 ETF,24.1,24.1,24,24.05,0.06,0.25,1243192,29873903.76,24.0553,24.57,19.6,-,-,12.910798122065728,1.7774016081252717,23.99,0,12.63,1.52,12-Aug-2025,13-Jul-2026,-,1.7774016081252717,-,12.910798122065728,2.1164021164021145,-22.704081632653057,https://nsearchives.nseindia.com/today/MIDCAPETFEQN.svg,https://nsearchives.nseindia.com/30d/MIDCAPETF-EQ.svg,https://nsearchives.nseindia.com/365d/MIDCAPETF-EQ.svg,EQ
GROWWPOWER,BSE Power Index - TRI,11.64,11.64,11.47,11.48,0,0.00,2450866,28209467.66,11.511,13.2,7.75,-,-,15.376884422110566,-2.297872340425528,11.48,0,15.38,-2.3,12-Aug-2025,13-Jul-2026,-,-2.297872340425528,-,15.376884422110566,13.030303030303022,-48.12903225806453,https://nsearchives.nseindia.com/today/GROWWPOWEREQN.svg,https://nsearchives.nseindia.com/30d/GROWWPOWER-EQ.svg,https://nsearchives.nseindia.com/365d/GROWWPOWER-EQ.svg,EQ
LTGILTBEES,NIFTY 8-13 yr G-Sec Index,30.05,30.13,30.03,30.08,0.03,0.10,913100,27466048,30.0651,30.48,27.93,-,-,4.69892098851374,0.434056761268778,30.05,0,4.59,0.33,12-Aug-2025,13-Jul-2026,-,0.434056761268778,-,4.69892098851374,1.3123359580052563,-7.697815968492655,https://nsearchives.nseindia.com/today/LTGILTBEESEQN.svg,https://nsearchives.nseindia.com/30d/LTGILTBEES-EQ.svg,https://nsearchives.nseindia.com/365d/LTGILTBEES-EQ.svg,EQ
METAL,Nifty Metal Total Return Index,13.59,13.59,13.11,13.15,-0.11,-0.83,1926422,25370977.74,13.3012,13.97,8.7,-,-,42.0086393088553,3.299293008641005,13.26,0,43.2,4.16,12-Aug-2025,13-Jul-2026,-,3.299293008641005,-,42.0086393088553,5.8697208303507535,-51.14942528735634,https://nsearchives.nseindia.com/today/METALEQN.svg,https://nsearchives.nseindia.com/30d/METAL-EQ.svg,https://nsearchives.nseindia.com/365d/METAL-EQ.svg,EQ
HDFCMID150,HDFC NIFTY Midcap 150 ETF,23.76,24.01,23.73,23.87,0.11,0.46,990122,23555002.38,23.8245,25.2,19.42,20-OCT-23,FACE VALUE SPLIT (SUB-DIVISION) - FROM RS 115.95/- PER SHARE TO RS 11.59/- PER SHARE,12.967345007098922,1.704303365999157,23.76,0,12.45,1.24,12-Aug-2025,13-Jul-2026,FACE VALUE SPLIT (SUB-DIVISION) - FROM RS 115.95/- PER SHARE TO RS 11.59/- PER SHARE,1.704303365999157,20-OCT-23,12.967345007098922,5.2777777777777715,-22.9145211122554,https://nsearchives.nseindia.com/today/HDFCMID150EQN.svg,https://nsearchives.nseindia.com/30d/HDFCMID150-EQ.svg,https://nsearchives.nseindia.com/365d/HDFCMID150-EQ.svg,EQ
GROWWHOSPI,BSE Hospitals Index,52.94,53.19,51.95,52.64,0.74,1.43,439818,22993685.04,51.9201,62,43.35,-,-,Infinity,-2.7705947543405984,51.9,0,0,-4.14,,13-Jul-2026,-,-2.7705947543405984,-,Infinity,15.096774193548388,-21.43021914648212,https://nsearchives.nseindia.com/today/GROWWHOSPIEQN.svg,https://nsearchives.nseindia.com/30d/GROWWHOSPI-EQ.svg,,EQ
SBIMIDMOM,Nifty Midcap 150 Momentum 50 Index,65.27,65.27,64.2,64.64,0.01,0.02,352915,22763017.5,64.7712,67.74,53.86,-,-,Infinity,2.6520565348578717,64.63,0,0,2.64,,13-Jul-2026,-,2.6520565348578717,-,Infinity,4.57632122822556,-20.01485332343112,https://nsearchives.nseindia.com/today/SBIMIDMOMEQN.svg,https://nsearchives.nseindia.com/30d/SBIMIDMOM-EQ.svg,,EQ
HDFCBSE500,HDFC S&P BSE 500 ETF,38.09,38.23,38.01,38.17,-0.05,-0.13,551841,21003068.46,37.985,40,32.65,-,-,5.587828492392816,1.0322922181048189,38.22,0,5.73,1.16,12-Aug-2025,13-Jul-2026,-,1.0322922181048189,-,5.587828492392816,4.574999999999996,-16.906584992343042,https://nsearchives.nseindia.com/today/HDFCBSE500EQN.svg,https://nsearchives.nseindia.com/30d/HDFCBSE500-EQ.svg,https://nsearchives.nseindia.com/365d/HDFCBSE500-EQ.svg,EQ
GROWWLIQID,Nifty 1D Rate Index,110.31,110.32,110.31,110.31,0.01,0.01,189307,20882455.17,110.3034,110.9,102.89,-,-,4.807600950118767,0.39133600291227416,110.3,0,4.8,0.38,12-Aug-2025,13-Jul-2026,-,0.39133600291227416,-,4.807600950118767,0.5320108205590652,-7.211585188064926,https://nsearchives.nseindia.com/today/GROWWLIQIDEQN.svg,https://nsearchives.nseindia.com/30d/GROWWLIQID-EQ.svg,https://nsearchives.nseindia.com/365d/GROWWLIQID-EQ.svg,EQ
HDFCNIFTY,Nifty 50,272.49,275.6,272.49,274.7,-0.59,-0.21,73162,20123939.72,275.5941,301.88,247.56,17-FEB-21, FACE VALUE SPLIT (SUB-DIVISION) - FROM RS 761.25/- PER UNIT TO RS 76.125/- PER UNIT,0.4167275917531753,0.8887909504921464,275.29,0,0.63,1.11,12-Aug-2025,13-Jul-2026, FACE VALUE SPLIT (SUB-DIVISION) - FROM RS 761.25/- PER UNIT TO RS 76.125/- PER UNIT,0.8887909504921464,17-FEB-21,0.4167275917531753,9.003577580495564,-10.962998868961055,https://nsearchives.nseindia.com/today/HDFCNIFTYEQN.svg,https://nsearchives.nseindia.com/30d/HDFCNIFTY-EQ.svg,https://nsearchives.nseindia.com/365d/HDFCNIFTY-EQ.svg,EQ
BSLGOLDETF,Gold,132.37,134.53,132.37,133.75,-0.78,-0.58,148851,19892447.64,133.8667,155.99,85.74,25-NOV-21, FACE VALUE SPLIT (SUB-DIVISION) - FROM RS 10/- PER SHARE TO RE 0.10/- PER SHARE,51.747220331291125,7.472880674969866,134.53,0,52.63,8.1,12-Aug-2025,13-Jul-2026, FACE VALUE SPLIT (SUB-DIVISION) - FROM RS 10/- PER SHARE TO RE 0.10/- PER SHARE,7.472880674969866,25-NOV-21,51.747220331291125,14.257324187447919,-55.99486820620482,https://nsearchives.nseindia.com/today/BSLGOLDETFEQN.svg,https://nsearchives.nseindia.com/30d/BSLGOLDETF-EQ.svg,https://nsearchives.nseindia.com/365d/BSLGOLDETF-EQ.svg,EQ
GROWWDEFNC,Nifty India Defence Index- Total Return Index,96.81,98.23,96.15,97.85,1.52,1.58,202013,19686166.85,96.4287,99.44,71.78,-,-,28.682272488164102,3.643681813367226,96.33,0,26.68,2.03,12-Aug-2025,13-Jul-2026,-,3.643681813367226,-,28.682272488164102,1.5989541432019343,-36.31930899972136,https://nsearchives.nseindia.com/today/GROWWDEFNCEQN.svg,https://nsearchives.nseindia.com/30d/GROWWDEFNC-EQ.svg,https://nsearchives.nseindia.com/365d/GROWWDEFNC-EQ.svg,EQ
MOMENTUM50,Nifty 500 Momentum 50 Total Return Index,54.72,55,54.35,54.5,-0.22,-0.40,352188,19236508.56,54.9238,55.88,44.96,-,-,7.707509881422922,3.2001514864608933,54.72,0,8.14,3.62,12-Aug-2025,13-Jul-2026,-,3.2001514864608933,-,7.707509881422922,2.4695776664280644,-21.21886120996441,https://nsearchives.nseindia.com/today/MOMENTUM50EQN.svg,https://nsearchives.nseindia.com/30d/MOMENTUM50-EQ.svg,https://nsearchives.nseindia.com/365d/MOMENTUM50-EQ.svg,EQ
DEFENCE,BSE India Defence,82.29,82.29,80.7,82.25,1.57,1.95,226931,18581110.28,80.7901,82.32,58.91,-,-,Infinity,4.723707664884127,80.68,0,0,2.72,,13-Jul-2026,-,4.723707664884127,-,Infinity,0.0850340136054339,-39.61975895433714,https://nsearchives.nseindia.com/today/DEFENCEEQN.svg,https://nsearchives.nseindia.com/30d/DEFENCE-EQ.svg,,EQ
BSLNIFTY,Nifty 50,29,29,28.36,28.66,0,0.00,646801,18517912.63,28.6703,33,25.7,25-NOV-21, FACE VALUE SPLIT (SUB-DIVISION) - FROM RS 10/- PER SHARE TO RE 1/- PER SHARE,0.9154929577464844,0.9866102889358743,28.66,0,0.92,0.99,12-Aug-2025,13-Jul-2026, FACE VALUE SPLIT (SUB-DIVISION) - FROM RS 10/- PER SHARE TO RE 1/- PER SHARE,0.9866102889358743,25-NOV-21,0.9154929577464844,13.151515151515152,-11.517509727626464,https://nsearchives.nseindia.com/today/BSLNIFTYEQN.svg,https://nsearchives.nseindia.com/30d/BSLNIFTY-EQ.svg,https://nsearchives.nseindia.com/365d/BSLNIFTY-EQ.svg,EQ
MAHKTECH,Hang Seng TECH Total Return Index,23.66,23.66,23.37,23.45,-0.25,-1.05,752156,17713273.8,19.5086,35.59,21,-,-,-3.735632183908047,1.471224578104716,23.7,0,-2.71,2.55,12-Aug-2025,13-Jul-2026,-,1.471224578104716,-,-3.735632183908047,34.11070525428492,-11.666666666666664,https://nsearchives.nseindia.com/today/MAHKTECHEQN.svg,https://nsearchives.nseindia.com/30d/MAHKTECH-EQ.svg,https://nsearchives.nseindia.com/365d/MAHKTECH-EQ.svg,EQ
MOM100,Nifty Midcap 100,68.76,69.11,68.37,68.96,0.2,0.29,243897,16809381.24,69.1039,69.48,56.15,-,-,13.795379537953782,1.4117647058823437,68.76,0,13.47,1.12,12-Aug-2025,13-Jul-2026,-,1.4117647058823437,-,13.795379537953782,0.748416810592991,-22.813891362422076,https://nsearchives.nseindia.com/today/MOM100EQN.svg,https://nsearchives.nseindia.com/30d/MOM100-EQ.svg,https://nsearchives.nseindia.com/365d/MOM100-EQ.svg,EQ
MOM30IETF,ICICI Prudential Nifty 200 Momentum 30 ETF,31.92,31.96,31.64,31.8,-0.05,-0.16,523498,16626296.48,31.9833,32.9,26,12-AUG-22,ADDITONAL ISSUANCE 9:1,4.915869350049495,2.3166023166023244,31.85,0,5.08,2.48,12-Aug-2025,13-Jul-2026,ADDITONAL ISSUANCE 9:1,2.3166023166023244,12-AUG-22,4.915869350049495,3.3434650455926986,-22.307692307692314,https://nsearchives.nseindia.com/today/MOM30IETFEQN.svg,https://nsearchives.nseindia.com/30d/MOM30IETF-EQ.svg,https://nsearchives.nseindia.com/365d/MOM30IETF-EQ.svg,EQ
NIFTY1,Nifty 50,270.87,273.87,270.16,270.6,-0.27,-0.10,58070,15724775.3,271.3943,320,244.8,27-JUL-17, FACE VALUE SPLIT (SUB-DIVISION) - FROM RS 10/- PER SHARE TO RS 1/- PER SHARE,0.5163255451134963,0.8346996571769298,270.87,0,0.62,0.94,12-Aug-2025,13-Jul-2026, FACE VALUE SPLIT (SUB-DIVISION) - FROM RS 10/- PER SHARE TO RS 1/- PER SHARE,0.8346996571769298,27-JUL-17,0.5163255451134963,15.437499999999995,-10.539215686274513,https://nsearchives.nseindia.com/today/NIFTY1EQN.svg,https://nsearchives.nseindia.com/30d/NIFTY1-EQ.svg,https://nsearchives.nseindia.com/365d/NIFTY1-EQ.svg,EQ
OILIETF,Nifty Oil & Gas Index,11.49,11.49,11.35,11.39,-0.03,-0.26,1372292,15616682.96,11.4601,14,9.8,-,-,1.3345195729537398,0.5295675198587864,11.42,0,1.6,0.79,12-Aug-2025,13-Jul-2026,-,0.5295675198587864,-,1.3345195729537398,18.64285714285714,-16.224489795918366,https://nsearchives.nseindia.com/today/OILIETFEQN.svg,https://nsearchives.nseindia.com/30d/OILIETF-EQ.svg,https://nsearchives.nseindia.com/365d/OILIETF-EQ.svg,EQ
MOSMALL250,Motilal Oswal Nifty Smallcap 250 ETF,18.56,18.56,18.4,18.49,0.01,0.05,839714,15501120.44,18.4285,19.38,14.22,-,-,10.851318944844119,1.3150684931506764,18.48,0,10.79,1.26,12-Aug-2025,13-Jul-2026,-,1.3150684931506764,-,10.851318944844119,4.592363261093914,-30.028129395217984,https://nsearchives.nseindia.com/today/MOSMALL250EQN.svg,https://nsearchives.nseindia.com/30d/MOSMALL250-EQ.svg,https://nsearchives.nseindia.com/365d/MOSMALL250-EQ.svg,EQ
MOGOLD,Domestic Price of Physical Gold,151.3,151.3,149.55,150,-1.3,-0.86,101455,15264919.3,150.4956,175,96.3,-,-,50.22533800701053,6.990014265335244,151.3,0,51.53,7.92,12-Aug-2025,13-Jul-2026,-,6.990014265335244,-,50.22533800701053,14.285714285714286,-55.76323987538941,https://nsearchives.nseindia.com/today/MOGOLDEQN.svg,https://nsearchives.nseindia.com/30d/MOGOLD-EQ.svg,https://nsearchives.nseindia.com/365d/MOGOLD-EQ.svg,EQ
EBBETF0430,Nifty BHARAT Bond,1618.98,1618.98,1611,1616,0.92,0.06,9127,14741747.86,1616.3874,1644.19,1232,-,-,5.751549299461434,0.6784581742061354,1615.08,0,5.69,0.62,12-Aug-2025,13-Jul-2026,-,0.6784581742061354,-,5.751549299461434,1.7145220442892886,-31.16883116883117,https://nsearchives.nseindia.com/today/EBBETF0430EQN.svg,https://nsearchives.nseindia.com/30d/EBBETF0430-EQ.svg,https://nsearchives.nseindia.com/365d/EBBETF0430-EQ.svg,EQ
LIQUIDSBI,SBI NIFTY 1D Rate ETF,999.99,1000.01,999.99,1000.01,0.02,0.00,14669,14669000,1000,1010.02,970.23,-,-,0.0009999999999990906,0.002000020000198183,999.99,0,0,0,12-Aug-2025,13-Jul-2026,-,0.002000020000198183,-,0.0009999999999990906,0.9910694837725976,-3.0693753027632593,https://nsearchives.nseindia.com/today/LIQUIDSBIEQN.svg,https://nsearchives.nseindia.com/30d/LIQUIDSBI-EQ.svg,https://nsearchives.nseindia.com/365d/LIQUIDSBI-EQ.svg,EQ
ELIQUID,Nifty 1D Rate Index (Debt Index),1043.41,1043.41,1043.39,1043.41,0.16,0.02,13949,14554386.6,1043.261,1043.41,996,-,-,Infinity,0.4167147861569999,1043.25,0,0,0.4,,13-Jul-2026,-,0.4167147861569999,-,Infinity,0,-4.760040160642578,https://nsearchives.nseindia.com/today/ELIQUIDEQN.svg,https://nsearchives.nseindia.com/30d/ELIQUID-EQ.svg,,EQ
MOMMIDCAP,BSE Midcap 150 Momentum 30 TRI,13.37,13.37,13.08,13.12,0.01,0.08,1103470,14455457,13.1063,14.99,12.21,-,-,Infinity,Infinity,13.11,0,0,0,,,-,Infinity,-,Infinity,12.474983322214817,-7.452907452907438,https://nsearchives.nseindia.com/today/MOMMIDCAPEQN.svg,,,EQ
BANKIETF,Nifty Bank,59.44,59.59,59.18,59.3,-0.13,-0.22,241400,14310192,59.5183,63.9,51.17,-,-,5.030109812256459,-0.4365345869711301,59.43,0,5.26,-0.22,12-Aug-2025,13-Jul-2026,-,-0.4365345869711301,-,5.030109812256459,7.198748043818468,-15.888215751416837,https://nsearchives.nseindia.com/today/BANKIETFEQN.svg,https://nsearchives.nseindia.com/30d/BANKIETF-EQ.svg,https://nsearchives.nseindia.com/365d/BANKIETF-EQ.svg,EQ
HDFCNEXT50,HDFC NIFTY NEXT 50 ETF,77.9,77.9,75.89,75.91,-0.09,-0.12,185870,14157717.9,76.4363,77.9,59.99,20-OCT-23,FACE VALUE SPLIT (SUB-DIVISION) - FROM RS 418.18/- PER SHARE TO RS 41.81/- PER SHARE,12.592702462177389,3.2789115646258455,76,0,12.73,3.4,12-Aug-2025,13-Jul-2026,FACE VALUE SPLIT (SUB-DIVISION) - FROM RS 418.18/- PER SHARE TO RS 41.81/- PER SHARE,3.2789115646258455,20-OCT-23,12.592702462177389,2.554557124518625,-26.537756292715443,https://nsearchives.nseindia.com/today/HDFCNEXT50EQN.svg,https://nsearchives.nseindia.com/30d/HDFCNEXT50-EQ.svg,https://nsearchives.nseindia.com/365d/HDFCNEXT50-EQ.svg,EQ
EVINDIA,Nifty EV and New Age Automotive Total Return Index,34.33,34.5,34.21,34.24,0.08,0.23,389164,13360000.12,34.1894,35.04,26.2,-,-,18.7239944521498,8.871224165341822,34.16,0,18.45,8.62,12-Aug-2025,13-Jul-2026,-,8.871224165341822,-,18.7239944521498,2.2831050228310423,-30.687022900763367,https://nsearchives.nseindia.com/today/EVINDIAEQN.svg,https://nsearchives.nseindia.com/30d/EVINDIA-EQ.svg,https://nsearchives.nseindia.com/365d/EVINDIA-EQ.svg,EQ
EBBETF0431,Nifty BHARAT Bond,1443,1446.47,1442.01,1443.35,0.73,0.05,8792,12685976.8,1444.4987,1469,1363,-,-,5.427120996311308,0.4167362386597658,1442.62,0,5.37,0.37,12-Aug-2025,13-Jul-2026,-,0.4167362386597658,-,5.427120996311308,1.7460857726344514,-5.895084372707257,https://nsearchives.nseindia.com/today/EBBETF0431EQN.svg,https://nsearchives.nseindia.com/30d/EBBETF0431-EQ.svg,https://nsearchives.nseindia.com/365d/EBBETF0431-EQ.svg,EQ
SML100CASE,Nifty Smallcap 100 Index,11.56,11.56,11.25,11.3,0.02,0.18,1120604,12651619.16,11.2658,11.74,8.5,-,-,Infinity,1.9855595667870094,11.28,0,0,1.81,,13-Jul-2026,-,1.9855595667870094,-,Infinity,3.7478705281090248,-32.94117647058824,https://nsearchives.nseindia.com/today/SML100CASEEQN.svg,https://nsearchives.nseindia.com/30d/SML100CASE-EQ.svg,,EQ
CHEMICAL,Nifty Chemicals Index (TRI),30.55,31,30.54,30.9,0.36,1.18,411113,12641724.75,30.549,31.8,24.5,-,-,Infinity,4.251012145748981,30.54,0,0,3.04,,13-Jul-2026,-,4.251012145748981,-,Infinity,2.8301886792452895,-26.122448979591834,https://nsearchives.nseindia.com/today/CHEMICALEQN.svg,https://nsearchives.nseindia.com/30d/CHEMICAL-EQ.svg,,EQ
NEXT50BETA,Nifty Next 50,80.81,80.89,79.76,80.25,-0.04,-0.05,153533,12336376.55,80.7491,82.51,64.34,25-MAR-21, FACE VALUE SPLIT (SUB-DIVISION) - FROM RS 10/- PER UNIT TO Re 1/- PER UNIT,Infinity,3.1756235536127524,80.29,0,0,3.23,,13-Jul-2026, FACE VALUE SPLIT (SUB-DIVISION) - FROM RS 10/- PER UNIT TO Re 1/- PER UNIT,3.1756235536127524,25-MAR-21,Infinity,2.73906193188705,-24.728007460366793,https://nsearchives.nseindia.com/today/NEXT50BETAEQN.svg,https://nsearchives.nseindia.com/30d/NEXT50BETA-EQ.svg,,EQ
MID150CASE,Zerodha Nifty Midcap 150 ETF,11.94,11.94,11.71,11.83,0.03,0.25,1041650,12301886.5,11.8376,13,9.63,-,-,13.640730067243036,1.807228915662658,11.8,0,13.35,1.55,12-Aug-2025,13-Jul-2026,-,1.807228915662658,-,13.640730067243036,9,-22.84527518172377,https://nsearchives.nseindia.com/today/MID150CASEEQN.svg,https://nsearchives.nseindia.com/30d/MID150CASE-EQ.svg,https://nsearchives.nseindia.com/365d/MID150CASE-EQ.svg,EQ
EVIETF,Nifty EV & New Age Automotive ETF,34.36,34.44,34.16,34.33,0.14,0.41,352081,12065815.87,34.1408,36,26.28,-,-,19.201388888888882,9.01873610670054,34.19,0,18.72,8.57,12-Aug-2025,13-Jul-2026,-,9.01873610670054,-,19.201388888888882,4.638888888888894,-30.63165905631658,https://nsearchives.nseindia.com/today/EVIETFEQN.svg,https://nsearchives.nseindia.com/30d/EVIETF-EQ.svg,https://nsearchives.nseindia.com/365d/EVIETF-EQ.svg,EQ
GROWWRAIL,Nifty India Railways PSU Index,29.28,29.41,29.13,29.4,0.12,0.41,408514,11973545.34,29.2434,36.75,27.8,-,-,-15.224913494809693,1.8005540166204972,29.28,0,-15.57,1.39,12-Aug-2025,13-Jul-2026,-,1.8005540166204972,-,-15.224913494809693,20.000000000000004,-5.755395683453229,https://nsearchives.nseindia.com/today/GROWWRAILEQN.svg,https://nsearchives.nseindia.com/30d/GROWWRAIL-EQ.svg,https://nsearchives.nseindia.com/365d/GROWWRAIL-EQ.svg,EQ
HEALTHIETF,Nifty Healthcare Index,171.59,171.59,169.69,170.83,0.4,0.23,68421,11643201.57,170.7587,174.82,138.65,-,-,16.021461559358873,2.2872881863361605,170.43,0,15.75,2.05,12-Aug-2025,13-Jul-2026,-,2.2872881863361605,-,16.021461559358873,2.282347557487691,-23.209520375045084,https://nsearchives.nseindia.com/today/HEALTHIETFEQN.svg,https://nsearchives.nseindia.com/30d/HEALTHIETF-EQ.svg,https://nsearchives.nseindia.com/365d/HEALTHIETF-EQ.svg,EQ
MOSILVER,Domestic Price of Physical Silver,232.97,232.97,227.54,229.5,-3.52,-1.51,50009,11484566.85,233.0713,385,112.32,-,-,Infinity,7.012962790263914,233.02,0,0,8.65,,13-Jul-2026,-,7.012962790263914,-,Infinity,40.38961038961039,-104.32692307692308,https://nsearchives.nseindia.com/today/MOSILVEREQN.svg,https://nsearchives.nseindia.com/30d/MOSILVER-EQ.svg,,EQ
PSUBNKIETF,ICICI Prudential Nifty PSU Bank ETF,89.03,89.74,88.1,89.19,0.06,0.07,125322,11168696.64,89.4917,104,67.86,-,-,25.1965188096575,3.98740818467996,89.13,0,25.11,3.92,12-Aug-2025,13-Jul-2026,-,3.98740818467996,-,25.1965188096575,14.240384615384617,-31.43236074270557,https://nsearchives.nseindia.com/today/PSUBNKIETFEQN.svg,https://nsearchives.nseindia.com/30d/PSUBNKIETF-EQ.svg,https://nsearchives.nseindia.com/365d/PSUBNKIETF-EQ.svg,EQ
EQUAL50ADD,NIFTY 50 Equal Weight Index,349.8,349.8,347.15,349.31,1.25,0.36,31941,11138784.93,349.2927,361,304.78,-,-,9.050324675324678,1.9793886666861384,348.06,0,8.66,1.61,12-Aug-2025,13-Jul-2026,-,1.9793886666861384,-,9.050324675324678,3.238227146814404,-14.610538749261773,https://nsearchives.nseindia.com/today/EQUAL50ADDEQN.svg,https://nsearchives.nseindia.com/30d/EQUAL50ADD-EQ.svg,https://nsearchives.nseindia.com/365d/EQUAL50ADD-EQ.svg,EQ
HDFCNIFIT,HDFC NIFTY IT ETF,33.32,33.65,33.22,33.65,0.2,0.60,331935,11086629,33.5049,42.3,27.32,02-FEB-24,FACE VALUE SPLIT (SUB-DIVISION) - FROM RS 299.92/- PER SHARE TO RS 29.992/- PER SHARE,-7.453245324532457,8.864445163377543,33.45,0,-8,8.22,12-Aug-2025,13-Jul-2026,FACE VALUE SPLIT (SUB-DIVISION) - FROM RS 299.92/- PER SHARE TO RS 29.992/- PER SHARE,8.864445163377543,02-FEB-24,-7.453245324532457,20.44917257683215,-23.169838945827223,https://nsearchives.nseindia.com/today/HDFCNIFITEQN.svg,https://nsearchives.nseindia.com/30d/HDFCNIFIT-EQ.svg,https://nsearchives.nseindia.com/365d/HDFCNIFIT-EQ.svg,EQ
ALPHAETF,Mirae Asset Nifty 200 Alpha 30 ETF,27.01,27.1,26.79,26.79,-0.16,-0.59,406950,10938816,27.0708,27.1,21.8,-,-,9.25774877650897,1.6312594840667667,26.95,0,9.91,2.24,12-Aug-2025,13-Jul-2026,-,1.6312594840667667,-,9.25774877650897,1.1439114391143994,-22.889908256880727,https://nsearchives.nseindia.com/today/ALPHAETFEQN.svg,https://nsearchives.nseindia.com/30d/ALPHAETF-EQ.svg,https://nsearchives.nseindia.com/365d/ALPHAETF-EQ.svg,EQ
BBETF0432,Nifty BHARAT Bond Index - April 2032,1356.81,1357.59,1351.66,1354.26,-2.82,-0.21,7987,10816634.36,1356.9461,1378,1262.29,-,-,5.362005383789509,0.4904834341260639,1357.08,0,5.58,0.7,12-Aug-2025,13-Jul-2026,-,0.4904834341260639,-,5.362005383789509,1.7227866473149498,-7.285964398038488,https://nsearchives.nseindia.com/today/BBETF0432EQN.svg,https://nsearchives.nseindia.com/30d/BBETF0432-EQ.svg,https://nsearchives.nseindia.com/365d/BBETF0432-EQ.svg,EQ
SETFNN50,Nifty Next 50,806.3,806.3,799,802,2.38,0.30,13081,10472648.6,801.5307,840,636.01,02-NOV-17, DIVIDEND - RS 7/- PER UNIT,13.962542984625003,3.708684632493657,799.62,0,13.62,3.4,12-Aug-2025,13-Jul-2026, DIVIDEND - RS 7/- PER UNIT,3.708684632493657,02-NOV-17,13.962542984625003,4.523809523809524,-26.098646247700508,https://nsearchives.nseindia.com/today/SETFNN50EQN.svg,https://nsearchives.nseindia.com/30d/SETFNN50-EQ.svg,https://nsearchives.nseindia.com/365d/SETFNN50-EQ.svg,EQ
GILT5YBEES,Nifty 5 yr Benchmark G-Sec Index,66.53,66.53,66.3,66.44,0.09,0.14,157200,10433364,66.3742,67.84,61.45,-,-,6.2529985606908625,0.8194233687405038,66.35,0,6.11,0.68,12-Aug-2025,13-Jul-2026,-,0.8194233687405038,-,6.2529985606908625,2.0636792452830273,-8.120423108218056,https://nsearchives.nseindia.com/today/GILT5YBEESEQN.svg,https://nsearchives.nseindia.com/30d/GILT5YBEES-EQ.svg,https://nsearchives.nseindia.com/365d/GILT5YBEES-EQ.svg,EQ
GROWWEV,Nifty EV and New Age Automotive Index,34.14,34.36,33.81,34,-0.13,-0.38,303540,10374997.2,34.0599,34.64,26.2,-,-,18.50819100731962,8.974358974358976,34.13,0,18.96,9.39,12-Aug-2025,13-Jul-2026,-,8.974358974358976,-,18.50819100731962,1.8475750577367223,-29.77099236641222,https://nsearchives.nseindia.com/today/GROWWEVEQN.svg,https://nsearchives.nseindia.com/30d/GROWWEV-EQ.svg,https://nsearchives.nseindia.com/365d/GROWWEV-EQ.svg,EQ
HDFCNIMEG,Nifty Metal Index TRI,131.46,131.46,129.9,130.6,-0.86,-0.65,75357,9812234.97,131.6373,152.55,126.96,-,-,Infinity,Infinity,131.46,0,0,0,,,-,Infinity,-,Infinity,14.388725008194045,-2.8670447385003155,https://nsearchives.nseindia.com/today/HDFCNIMEGEQN.svg,,,EQ
AUTOIETF,Nifty Auto Index,30.49,30.63,30.41,30.52,0.03,0.10,317363,9676397.87,30.4477,31.46,24.2,01-MAR-24,FACE VALUE SPLIT (SUB-DIVISION) - FROM RS 10/- PER SHARE TO RE 1/- PER SHARE,24.67320261437908,9.508432005740936,30.49,0,24.55,9.4,12-Aug-2025,13-Jul-2026,FACE VALUE SPLIT (SUB-DIVISION) - FROM RS 10/- PER SHARE TO RE 1/- PER SHARE,9.508432005740936,01-MAR-24,24.67320261437908,2.9879211697393555,-26.115702479338843,https://nsearchives.nseindia.com/today/AUTOIETFEQN.svg,https://nsearchives.nseindia.com/30d/AUTOIETF-EQ.svg,https://nsearchives.nseindia.com/365d/AUTOIETF-EQ.svg,EQ
MIDSELIETF,S&P BSE Midcap Select Index,20,20,19.8,19.82,-0.03,-0.15,473332,9400373.52,19.8394,20.19,14.55,10-MAY-24,FACE VALUE SPLIT (SUB-DIVISION) - FROM RS 10/- PER SHARE TO RE 1/- PER SHARE,15.838690824079492,1.9547325102880606,19.85,0,16.01,2.11,12-Aug-2025,13-Jul-2026,FACE VALUE SPLIT (SUB-DIVISION) - FROM RS 10/- PER SHARE TO RE 1/- PER SHARE,1.9547325102880606,10-MAY-24,15.838690824079492,1.832590391282818,-36.21993127147766,https://nsearchives.nseindia.com/today/MIDSELIETFEQN.svg,https://nsearchives.nseindia.com/30d/MIDSELIETF-EQ.svg,https://nsearchives.nseindia.com/365d/MIDSELIETF-EQ.svg,EQ
NEXT50,Nifty Next 50,774,774,768.01,771.07,3.25,0.42,11818,9101987.24,771.9301,785.96,617,-,-,13.648355859507424,3.6412269147020124,767.82,0,13.17,3.2,12-Aug-2025,13-Jul-2026,-,3.6412269147020124,-,13.648355859507424,1.894498447758154,-24.970826580226912,https://nsearchives.nseindia.com/today/NEXT50EQN.svg,https://nsearchives.nseindia.com/30d/NEXT50-EQ.svg,https://nsearchives.nseindia.com/365d/NEXT50-EQ.svg,EQ
NV20,Nifty50 Value 20,14.21,14.21,14.06,14.18,-0.03,-0.21,640533,9063541.95,14.1942,16.87,12.62,27-FEB-26,FACE VALUE SPLIT (SUB-DIVISION) - FROM RS 10/- PER SHARE TO RE 1/- PER SHARE,-90.16916250693288,0,14.21,0,-90.15,0.21,12-Aug-2025,13-Jul-2026,FACE VALUE SPLIT (SUB-DIVISION) - FROM RS 10/- PER SHARE TO RE 1/- PER SHARE,0,27-FEB-26,-90.16916250693288,15.94546532305869,-12.361331220285267,https://nsearchives.nseindia.com/today/NV20EQN.svg,https://nsearchives.nseindia.com/30d/NV20-EQ.svg,https://nsearchives.nseindia.com/365d/NV20-EQ.svg,EQ
ITIETF,Nifty IT Index,35.54,35.54,34.57,34.86,0.18,0.52,256525,8916809,34.8559,44.3,28.54,01-SEP-22,FACE VALUE SPLIT (SUB-DIVISION) - FROM RS 10/- PER UNIT TO RE 1/- PER UNIT,-7.899603698811102,8.462974486621029,34.68,0,-8.38,7.9,12-Aug-2025,13-Jul-2026,FACE VALUE SPLIT (SUB-DIVISION) - FROM RS 10/- PER UNIT TO RE 1/- PER UNIT,8.462974486621029,01-SEP-22,-7.899603698811102,21.309255079006768,-22.144358794674144,https://nsearchives.nseindia.com/today/ITIETFEQN.svg,https://nsearchives.nseindia.com/30d/ITIETF-EQ.svg,https://nsearchives.nseindia.com/365d/ITIETF-EQ.svg,EQ
SENSEXIETF,SENSEX,901.35,901.35,893.87,896.02,-0.85,-0.09,9823,8812606.22,897.222,999.84,731,-,-,-2.0336314534998166,0.6831921253118105,896.87,0,-1.94,0.78,12-Aug-2025,13-Jul-2026,-,0.6831921253118105,-,-2.0336314534998166,10.383661385821737,-22.574555403556772,https://nsearchives.nseindia.com/today/SENSEXIETFEQN.svg,https://nsearchives.nseindia.com/30d/SENSEXIETF-EQ.svg,https://nsearchives.nseindia.com/365d/SENSEXIETF-EQ.svg,EQ
CEMNTGROWW,Nifty Cements Index TRI,15.27,15.46,14.5,14.91,-0.29,-1.91,590801,8732038.78,15.2245,16.27,14.5,-,-,Infinity,Infinity,15.2,0,0,0,,,-,Infinity,-,Infinity,8.358942839582049,-2.8275862068965525,https://nsearchives.nseindia.com/today/CEMNTGROWWEQN.svg,,,EQ
MIDSMALL,Mirae Asset Nifty MidSmallcap400 Momentum Quality 100 ETF,52.58,52.65,52.4,52.55,0.06,0.11,161764,8490992.36,52.5947,52.77,42.41,-,-,10.678180286436396,3.0392156862745043,52.49,0,10.55,2.92,12-Aug-2025,13-Jul-2026,-,3.0392156862745043,-,10.678180286436396,0.41690354368013255,-23.909455317142186,https://nsearchives.nseindia.com/today/MIDSMALLEQN.svg,https://nsearchives.nseindia.com/30d/MIDSMALL-EQ.svg,https://nsearchives.nseindia.com/365d/MIDSMALL-EQ.svg,EQ
IT,NIFTY IT Index,34.66,34.95,34.53,34.7,0.04,0.12,244452,8487373.44,34.8272,44.49,28.54,-,-,-8.176766340301658,7.931570762052891,34.66,0,-8.28,7.81,12-Aug-2025,13-Jul-2026,-,7.931570762052891,-,-8.176766340301658,22.004944931445266,-21.583742116327972,https://nsearchives.nseindia.com/today/ITEQN.svg,https://nsearchives.nseindia.com/30d/IT-EQ.svg,https://nsearchives.nseindia.com/365d/IT-EQ.svg,EQ
TOP10ADD,Nifty Top 10 Equal Weight Index,88.83,88.83,88.11,88.65,0.19,0.21,94590,8369323.2,88.6286,103.04,83.05,-,-,-6.160685932041911,0.9336217693271176,88.46,0,-6.36,0.72,12-Aug-2025,13-Jul-2026,-,0.9336217693271176,-,-6.160685932041911,13.965450310559005,-6.742925948223973,https://nsearchives.nseindia.com/today/TOP10ADDEQN.svg,https://nsearchives.nseindia.com/30d/TOP10ADD-EQ.svg,https://nsearchives.nseindia.com/365d/TOP10ADD-EQ.svg,EQ
CONSUMBEES,Nifty India Consumption TRI,135,135.34,134.51,135.29,0.96,0.71,59833,8072668.36,134.9111,144.38,114,-,-,3.543548140211232,4.350173544157336,134.33,0,2.81,3.61,12-Aug-2025,13-Jul-2026,-,4.350173544157336,-,3.543548140211232,6.295885856766867,-18.67543859649122,https://nsearchives.nseindia.com/today/CONSUMBEESEQN.svg,https://nsearchives.nseindia.com/30d/CONSUMBEES-EQ.svg,https://nsearchives.nseindia.com/365d/CONSUMBEES-EQ.svg,EQ
EBBETF0433,BHARAT Bond ETF-April 2033,1320,1322.89,1315.46,1317.44,-4.98,-0.38,6133,8071518.64,1318.092,1345.89,1242.87,-,-,5.248693818205062,0.09877368668986236,1322.42,0,5.65,0.48,12-Aug-2025,13-Jul-2026,-,0.09877368668986236,-,5.248693818205062,2.113842884633963,-5.999822990336895,https://nsearchives.nseindia.com/today/EBBETF0433EQN.svg,https://nsearchives.nseindia.com/30d/EBBETF0433-EQ.svg,https://nsearchives.nseindia.com/365d/EBBETF0433-EQ.svg,EQ
AONEGOLD,Domestic price of Gold,14.56,14.56,14.09,14.2,-0.07,-0.49,563990,7997378.2,14.2137,17.73,10,-,-,Infinity,7.169811320754712,14.27,0,0,7.7,,13-Jul-2026,-,7.169811320754712,-,Infinity,19.909757473209257,-41.99999999999999,https://nsearchives.nseindia.com/today/AONEGOLDEQN.svg,https://nsearchives.nseindia.com/30d/AONEGOLD-EQ.svg,,EQ
NIFTYAXIS,Nifty 50,273.5,273.5,269.45,270.35,-0.15,-0.06,28851,7792078.08,270.6682,296.38,244,23-JUL-20, FACE VALUE SPLIT (SUB-DIVISION) - FROM RS 100/- PER SHARE TO RS 10/- PER SHARE,Infinity,1.038980453713058,270.5,0,0,1.1,,13-Jul-2026, FACE VALUE SPLIT (SUB-DIVISION) - FROM RS 100/- PER SHARE TO RS 10/- PER SHARE,1.038980453713058,23-JUL-20,Infinity,8.782643903097366,-10.799180327868863,https://nsearchives.nseindia.com/today/NIFTYAXISEQN.svg,https://nsearchives.nseindia.com/30d/NIFTYAXIS-EQ.svg,,EQ
ITETF,Mirae Asset Nifty IT ETF,33.11,34,32.95,33.35,0.23,0.69,230784,7675875.84,33.235,42.02,27.22,-,-,-7.515252357182477,8.773646444879326,33.12,0,-8.15,8.02,12-Aug-2025,13-Jul-2026,-,8.773646444879326,-,-7.515252357182477,20.633031889576397,-22.520205731080097,https://nsearchives.nseindia.com/today/ITETFEQN.svg,https://nsearchives.nseindia.com/30d/ITETF-EQ.svg,https://nsearchives.nseindia.com/365d/ITETF-EQ.svg,EQ
HDFCNIF100,HDFC NIFTY 100 ETF,26.36,26.47,26.27,26.28,-0.08,-0.30,288498,7601922.3,26.4936,29,22,20-OCT-23,FACE VALUE SPLIT (SUB-DIVISION) - FROM RS 177.27/- PER SHARE TO RS 17.727/- PER SHARE,1.8999612252811244,0.651091535810041,26.36,0,2.21,0.96,12-Aug-2025,13-Jul-2026,FACE VALUE SPLIT (SUB-DIVISION) - FROM RS 177.27/- PER SHARE TO RS 17.727/- PER SHARE,0.651091535810041,20-OCT-23,1.8999612252811244,9.379310344827582,-19.45454545454546,https://nsearchives.nseindia.com/today/HDFCNIF100EQN.svg,https://nsearchives.nseindia.com/30d/HDFCNIF100-EQ.svg,https://nsearchives.nseindia.com/365d/HDFCNIF100-EQ.svg,EQ
INFRAIETF,ICICI Prudential Nifty Infrastructure ETF,96.5,97.04,96.24,96.89,0.63,0.65,78073,7536386.69,96.8983,101,86.8,-,-,5.041196877710328,0.3105911585050183,96.26,0,4.36,-0.34,12-Aug-2025,13-Jul-2026,-,0.3105911585050183,-,5.041196877710328,4.0693069306930685,-11.624423963133644,https://nsearchives.nseindia.com/today/INFRAIETFEQN.svg,https://nsearchives.nseindia.com/30d/INFRAIETF-EQ.svg,https://nsearchives.nseindia.com/365d/INFRAIETF-EQ.svg,EQ
HDFCSENSEX,SENSEX,88.19,88.76,88.05,88.05,-0.31,-0.35,83888,7401438.24,88.5209,98.48,80.9,02-FEB-24,FACE VALUE SPLIT (SUB-DIVISION) - FROM RS 250.361/- PER SHARE TO RS 25.0361/- PER SHARE,-2.534868275404036,0.15925378227732975,88.36,0,-2.19,0.51,12-Aug-2025,13-Jul-2026,FACE VALUE SPLIT (SUB-DIVISION) - FROM RS 250.361/- PER SHARE TO RS 25.0361/- PER SHARE,0.15925378227732975,02-FEB-24,-2.534868275404036,10.590982940698625,-8.83807169344869,https://nsearchives.nseindia.com/today/HDFCSENSEXEQN.svg,https://nsearchives.nseindia.com/30d/HDFCSENSEX-EQ.svg,https://nsearchives.nseindia.com/365d/HDFCSENSEX-EQ.svg,EQ
COMMOIETF,ICICI Prudential Nifty Commodities ETF,100.54,102,99.94,100.59,0.06,0.06,70353,7046556.48,101.0711,110.56,86.79,-,-,14.008840530431826,0.5698860227954483,100.53,0,13.94,0.51,12-Aug-2025,13-Jul-2026,-,0.5698860227954483,-,14.008840530431826,9.017727930535454,-15.900449360525402,https://nsearchives.nseindia.com/today/COMMOIETFEQN.svg,https://nsearchives.nseindia.com/30d/COMMOIETF-EQ.svg,https://nsearchives.nseindia.com/365d/COMMOIETF-EQ.svg,EQ
BANKNIFTY1,Nifty Bank,58.64,60.25,58.64,59.92,-0.23,-0.38,116599,6983114.11,60.1569,65.29,51.71,27-FEB-26,FACE VALUE SPLIT (SUB-DIVISION) - FROM RS 10/- PER SHARE TO RE 1/- PER SHARE,-89.48790372098735,-0.5477178423236486,60.15,0,-89.45,-0.17,12-Aug-2025,13-Jul-2026,FACE VALUE SPLIT (SUB-DIVISION) - FROM RS 10/- PER SHARE TO RE 1/- PER SHARE,-0.5477178423236486,27-FEB-26,-89.48790372098735,8.224843008117634,-15.877006381744346,https://nsearchives.nseindia.com/today/BANKNIFTY1EQN.svg,https://nsearchives.nseindia.com/30d/BANKNIFTY1-EQ.svg,https://nsearchives.nseindia.com/365d/BANKNIFTY1-EQ.svg,EQ
HSBCGOLD,Commodity,131.05,134.8,131.05,131.9,-0.93,-0.70,52134,6876474.6,132.3886,146.4,119.1,-,-,Infinity,6.7065771377720305,132.83,0,0,7.46,,13-Jul-2026,-,6.7065771377720305,-,Infinity,9.904371584699453,-10.747271200671715,https://nsearchives.nseindia.com/today/HSBCGOLDEQN.svg,https://nsearchives.nseindia.com/30d/HSBCGOLD-EQ.svg,,EQ
ESILVER,Edelweiss Silver ETF,235.97,235.97,229.8,231.27,-5.02,-2.12,29596,6855321.48,235.4663,375,111.7,-,-,102.35366173768483,6.787643717966486,236.29,0,106.75,9.11,12-Aug-2025,13-Jul-2026,-,6.787643717966486,-,102.35366173768483,38.327999999999996,-107.04565801253356,https://nsearchives.nseindia.com/today/ESILVEREQN.svg,https://nsearchives.nseindia.com/30d/ESILVER-EQ.svg,https://nsearchives.nseindia.com/365d/ESILVER-EQ.svg,EQ
ALPL30IETF,Nifty Alpha Low-Volatility 30 Index,28.37,28.43,28.28,28.38,0.01,0.04,240878,6828891.3,28.5418,29.17,24.35,10-MAY-24,FACE VALUE SPLIT (SUB-DIVISION) - FROM RS 10/- PER SHARE TO RE 1/- PER SHARE,5.816554809843396,2.454873646209385,28.37,0,5.78,2.42,12-Aug-2025,13-Jul-2026,FACE VALUE SPLIT (SUB-DIVISION) - FROM RS 10/- PER SHARE TO RE 1/- PER SHARE,2.454873646209385,10-MAY-24,5.816554809843396,2.7082619129242462,-16.55030800821354,https://nsearchives.nseindia.com/today/ALPL30IETFEQN.svg,https://nsearchives.nseindia.com/30d/ALPL30IETF-EQ.svg,https://nsearchives.nseindia.com/365d/ALPL30IETF-EQ.svg,EQ
MIDCAPIETF,Nifty Midcap 150,24.88,24.88,24.28,24.38,0.1,0.41,279248,6799688.8,24.3485,24.88,19.89,10-MAY-24,FACE VALUE SPLIT (SUB-DIVISION) - FROM RS 10/- PER SHARE TO RE 1/- PER SHARE,12.92264937471051,1.5833333333333293,24.28,0,12.46,1.17,12-Aug-2025,13-Jul-2026,FACE VALUE SPLIT (SUB-DIVISION) - FROM RS 10/- PER SHARE TO RE 1/- PER SHARE,1.5833333333333293,10-MAY-24,12.92264937471051,2.009646302250804,-22.574157868275506,https://nsearchives.nseindia.com/today/MIDCAPIETFEQN.svg,https://nsearchives.nseindia.com/30d/MIDCAPIETF-EQ.svg,https://nsearchives.nseindia.com/365d/MIDCAPIETF-EQ.svg,EQ
BSE500IETF,S&P BSE 500 index,39.8,40.11,39.8,39.91,-0.06,-0.15,166089,6633594.66,39.9815,42.05,34.5,28-OCT-21, FACE VALUE SPLIT (SUB-DIVISION) - FROM RS 10/- PER SHARE TO RE 1/- PER SHARE,4.97106785902155,1.3716027432054843,39.97,0,5.13,1.52,12-Aug-2025,13-Jul-2026, FACE VALUE SPLIT (SUB-DIVISION) - FROM RS 10/- PER SHARE TO RE 1/- PER SHARE,1.3716027432054843,28-OCT-21,4.97106785902155,5.089179548156958,-15.681159420289845,https://nsearchives.nseindia.com/today/BSE500IETFEQN.svg,https://nsearchives.nseindia.com/30d/BSE500IETF-EQ.svg,https://nsearchives.nseindia.com/365d/BSE500IETF-EQ.svg,EQ
MONIFTY500,Motilal Oswal Nifty 500 ETF,23.73,24.3,23.73,24.26,0.05,0.21,271574,6577522.28,24.225,28.28,20.75,-,-,5.386620330147706,1.4638226683396127,24.21,0,5.17,1.25,12-Aug-2025,13-Jul-2026,-,1.4638226683396127,-,5.386620330147706,14.214992927864213,-16.915662650602417,https://nsearchives.nseindia.com/today/MONIFTY500EQN.svg,https://nsearchives.nseindia.com/30d/MONIFTY500-EQ.svg,https://nsearchives.nseindia.com/365d/MONIFTY500-EQ.svg,EQ
GROWWCAPM,Nifty Capital Markets Index,11.29,11.31,11.2,11.25,0.02,0.18,549706,6195186.62,11.264,12.66,8.02,-,-,Infinity,-3.681506849315066,11.23,0,0,-3.85,,13-Jul-2026,-,-3.681506849315066,-,Infinity,11.137440758293838,-40.27431421446385,https://nsearchives.nseindia.com/today/GROWWCAPMEQN.svg,https://nsearchives.nseindia.com/30d/GROWWCAPM-EQ.svg,,EQ
PSUBANK,Nifty PSU Bank,87.98,88.59,87.55,87.55,-0.66,-0.75,70314,6194663.4,88.3183,101,66.26,10-JUL-26,FACE VALUE SPLIT (SUB-DIVISION) - FROM RS 10/- PER UNIT TO RE 1/- PER UNIT,-87.57662617777274,3.425871234494969,88.21,0,-87.48,4.21,12-Aug-2025,13-Jul-2026,FACE VALUE SPLIT (SUB-DIVISION) - FROM RS 10/- PER UNIT TO RE 1/- PER UNIT,3.425871234494969,10-JUL-26,-87.57662617777274,13.316831683168319,-32.13099909447629,https://nsearchives.nseindia.com/today/PSUBANKEQN.svg,https://nsearchives.nseindia.com/30d/PSUBANK-EQ.svg,https://nsearchives.nseindia.com/365d/PSUBANK-EQ.svg,EQ
ENERGY,Nifty Energy,38.92,39.08,38.71,38.84,-0.08,-0.21,156798,6086898.36,38.9928,42.82,29,-,-,Infinity,-1.1956245230221287,38.92,0,0,-0.99,,13-Jul-2026,-,-1.1956245230221287,-,Infinity,9.294722092480141,-33.93103448275863,https://nsearchives.nseindia.com/today/ENERGYEQN.svg,https://nsearchives.nseindia.com/30d/ENERGY-EQ.svg,,EQ
NIF100BEES,Nifty 100 TRI,272.4,272.4,270.33,271,-0.56,-0.21,22439,6082539.73,271.8344,290,240,-,-,2.279589371980684,0.7847075012086778,271.56,0,2.49,0.99,12-Aug-2025,13-Jul-2026,-,0.7847075012086778,-,2.279589371980684,6.551724137931035,-12.916666666666666,https://nsearchives.nseindia.com/today/NIF100BEESEQN.svg,https://nsearchives.nseindia.com/30d/NIF100BEES-EQ.svg,https://nsearchives.nseindia.com/365d/NIF100BEES-EQ.svg,EQ
SETFNIFBK,Nifty Bank,595.97,595.97,591.63,592.46,-1.8,-0.30,10163,6025947.59,595.3636,646.11,465.64,02-NOV-17, DIVIDEND - RS 3.50 PER UNIT,4.966071966408605,-0.6622960714944304,594.26,0,5.28,-0.36,12-Aug-2025,13-Jul-2026, DIVIDEND - RS 3.50 PER UNIT,-0.6622960714944304,02-NOV-17,4.966071966408605,8.303539644952094,-27.23563267760503,https://nsearchives.nseindia.com/today/SETFNIFBKEQN.svg,https://nsearchives.nseindia.com/30d/SETFNIFBK-EQ.svg,https://nsearchives.nseindia.com/365d/SETFNIFBK-EQ.svg,EQ
GROWWNIFTY,Nifty 50 Index - TRI,9.99,9.99,9.78,9.91,0.05,0.51,586719,5785049.34,9.8819,11.88,8.93,-,-,1.2257405515832585,1.536885245901643,9.86,0,0.72,1.02,12-Aug-2025,13-Jul-2026,-,1.536885245901643,-,1.2257405515832585,16.582491582491585,-10.974244120940655,https://nsearchives.nseindia.com/today/GROWWNIFTYEQN.svg,https://nsearchives.nseindia.com/30d/GROWWNIFTY-EQ.svg,https://nsearchives.nseindia.com/365d/GROWWNIFTY-EQ.svg,EQ
FINIETF,ICICI Prudential Nifty Financial Services Ex-Bank ETF,33.62,33.62,33.42,33.48,0.09,0.27,162649,5447115.01,33.5689,34.56,27.4,-,-,13.761467889908248,1.3930950938824764,33.39,0,13.46,1.12,12-Aug-2025,13-Jul-2026,-,1.3930950938824764,-,13.761467889908248,3.1250000000000155,-22.189781021897804,https://nsearchives.nseindia.com/today/FINIETFEQN.svg,https://nsearchives.nseindia.com/30d/FINIETF-EQ.svg,https://nsearchives.nseindia.com/365d/FINIETF-EQ.svg,EQ
HDFCMOMENT,HDFC NIFTY200 Momentum 30 ETF,31.67,31.71,31.38,31.55,-0.02,-0.06,170566,5379651.64,31.7008,33.23,27.13,20-OCT-23,FACE VALUE SPLIT (SUB-DIVISION) - FROM RS 190.61/- PER SHARE TO RS 19.061/- PER SHARE,4.886968085106391,2.16968911917099,31.57,0,4.95,2.23,12-Aug-2025,13-Jul-2026,FACE VALUE SPLIT (SUB-DIVISION) - FROM RS 190.61/- PER SHARE TO RS 19.061/- PER SHARE,2.16968911917099,20-OCT-23,4.886968085106391,5.0556725850135305,-16.291927755252495,https://nsearchives.nseindia.com/today/HDFCMOMENTEQN.svg,https://nsearchives.nseindia.com/30d/HDFCMOMENT-EQ.svg,https://nsearchives.nseindia.com/365d/HDFCMOMENT-EQ.svg,EQ
HDFCPVTBAN,HDFC NIFTY Private Bank ETF,28.03,28.35,27.8,28.1,0.1,0.36,192131,5354690.97,27.9693,30.17,24.31,02-FEB-24,FACE VALUE SPLIT (SUB-DIVISION) - FROM RS 216.75/- PER SHARE TO RS 21.675/- PER SHARE,3.920118343195275,-2.090592334494766,28,0,3.55,-2.44,12-Aug-2025,13-Jul-2026,FACE VALUE SPLIT (SUB-DIVISION) - FROM RS 216.75/- PER SHARE TO RS 21.675/- PER SHARE,-2.090592334494766,02-FEB-24,3.920118343195275,6.8611203181968845,-15.590292060880309,https://nsearchives.nseindia.com/today/HDFCPVTBANEQN.svg,https://nsearchives.nseindia.com/30d/HDFCPVTBAN-EQ.svg,https://nsearchives.nseindia.com/365d/HDFCPVTBAN-EQ.svg,EQ
MIDCAP,Nifty Midcap 50 Index,18.88,18.98,18.66,18.74,0.02,0.11,277447,5199356.78,18.7587,19.27,15.01,27-FEB-26,FACE VALUE SPLIT (SUB-DIVISION) - FROM RS 10/- PER SHARE TO RE 1/- PER SHARE,-88.4177997527812,1.6268980477223272,18.72,0,-88.43,1.52,12-Aug-2025,13-Jul-2026,FACE VALUE SPLIT (SUB-DIVISION) - FROM RS 10/- PER SHARE TO RE 1/- PER SHARE,1.6268980477223272,27-FEB-26,-88.4177997527812,2.750389206019726,-24.85009993337774,https://nsearchives.nseindia.com/today/MIDCAPEQN.svg,https://nsearchives.nseindia.com/30d/MIDCAP-EQ.svg,https://nsearchives.nseindia.com/365d/MIDCAP-EQ.svg,EQ
BANKETF,Mirae Asset Nifty Bank ETF,588.1,589.45,587.03,588.36,-1.8,-0.31,8595,5055664.95,590.5445,628.27,507.01,-,-,5.425745412844031,-0.6719114022352057,590.16,0,5.75,-0.37,12-Aug-2025,13-Jul-2026,-,-0.6719114022352057,-,5.425745412844031,6.352364429305867,-16.045048421135682,https://nsearchives.nseindia.com/today/BANKETFEQN.svg,https://nsearchives.nseindia.com/30d/BANKETF-EQ.svg,https://nsearchives.nseindia.com/365d/BANKETF-EQ.svg,EQ
TOP100CASE,Zerodha Nifty 100 ETF,10.73,10.88,10.62,10.71,-0.02,-0.19,465852,4993933.44,10.7619,11.57,9.48,-,-,2.6845637583892725,1.3245033112582836,10.73,0,2.88,1.51,12-Aug-2025,13-Jul-2026,-,1.3245033112582836,-,2.6845637583892725,7.4330164217804615,-12.9746835443038,https://nsearchives.nseindia.com/today/TOP100CASEEQN.svg,https://nsearchives.nseindia.com/30d/TOP100CASE-EQ.svg,https://nsearchives.nseindia.com/365d/TOP100CASE-EQ.svg,EQ
HDFCNIFBAN,Nifty Bank,61.05,61.05,59.27,59.36,-0.21,-0.35,79520,4724283.2,59.6656,65.54,51.2,02-FEB-24,FACE VALUE SPLIT (SUB-DIVISION) - FROM RS 223.31/- PER SHARE TO RS 22.331/- PER SHARE,4.894857748718848,-0.6028131279303407,59.57,0,5.27,-0.25,12-Aug-2025,13-Jul-2026,FACE VALUE SPLIT (SUB-DIVISION) - FROM RS 223.31/- PER SHARE TO RS 22.331/- PER SHARE,-0.6028131279303407,02-FEB-24,4.894857748718848,9.429356118400985,-15.937499999999993,https://nsearchives.nseindia.com/today/HDFCNIFBANEQN.svg,https://nsearchives.nseindia.com/30d/HDFCNIFBAN-EQ.svg,https://nsearchives.nseindia.com/365d/HDFCNIFBAN-EQ.svg,EQ
NIFTYCASE,Nifty Index 50 Index,9.84,9.84,9.76,9.8,0,0.00,480159,4700756.61,9.8159,11.4,8.84,-,-,Infinity,1.1351909184726647,9.8,0,0,1.14,,13-Jul-2026,-,1.1351909184726647,-,Infinity,14.035087719298243,-10.85972850678734,https://nsearchives.nseindia.com/today/NIFTYCASEEQN.svg,https://nsearchives.nseindia.com/30d/NIFTYCASE-EQ.svg,,EQ
INTERNET,Equity Index,14.3,14.4,14.26,14.37,0.14,0.98,327370,4697759.5,14.2688,15.2,10.72,-,-,3.3069734004313376,6.129985228951256,14.23,0,2.3,5.1,12-Aug-2025,13-Jul-2026,-,6.129985228951256,-,3.3069734004313376,5.460526315789474,-34.04850746268655,https://nsearchives.nseindia.com/today/INTERNETEQN.svg,https://nsearchives.nseindia.com/30d/INTERNET-EQ.svg,https://nsearchives.nseindia.com/365d/INTERNET-EQ.svg,EQ
MAKEINDIA,Nifty India Manufacturing Total Return Index,169,169.66,168.59,168.59,-0.43,-0.25,26739,4517019.27,169.3017,173.11,138.33,-,-,18.068492191329934,4.428889990089201,169.02,0,18.37,4.7,12-Aug-2025,13-Jul-2026,-,4.428889990089201,-,18.068492191329934,2.6110565536364216,-21.87522590905804,https://nsearchives.nseindia.com/today/MAKEINDIAEQN.svg,https://nsearchives.nseindia.com/30d/MAKEINDIA-EQ.svg,https://nsearchives.nseindia.com/365d/MAKEINDIA-EQ.svg,EQ
SMALL250,Nifty Smallcap 250,18.4,18.48,18.38,18.39,0.03,0.16,239790,4414533.9,18.3912,19.95,14.16,-,-,Infinity,0.9884678747940676,18.36,0,0,0.82,,13-Jul-2026,-,0.9884678747940676,-,Infinity,7.819548872180445,-29.872881355932208,https://nsearchives.nseindia.com/today/SMALL250EQN.svg,https://nsearchives.nseindia.com/30d/SMALL250-EQ.svg,,EQ
SHARIABEES,Shariah,474.85,475.76,469.85,471,-0.76,-0.16,9137,4307273.17,472.9592,534.61,433.68,10-MAR-14,DIVIDEND-RS.2 PER UNIT,-3.3132159132898114,3.092783505154638,471.76,0,-3.16,3.26,12-Aug-2025,13-Jul-2026,DIVIDEND-RS.2 PER UNIT,3.092783505154638,10-MAR-14,-3.3132159132898114,11.898393221226693,-8.60542335362479,https://nsearchives.nseindia.com/today/SHARIABEESEQN.svg,https://nsearchives.nseindia.com/30d/SHARIABEES-EQ.svg,https://nsearchives.nseindia.com/365d/SHARIABEES-EQ.svg,EQ
HEALTHY,Nifty Healthcare TRI,17.11,17.18,17.02,17.1,0.04,0.23,252414,4303658.7,17.1198,17.67,13.58,-,-,14.38127090301005,1.604278074866329,17.06,0,14.11,1.37,12-Aug-2025,13-Jul-2026,-,1.604278074866329,-,14.38127090301005,3.2258064516129044,-25.92047128129603,https://nsearchives.nseindia.com/today/HEALTHYEQN.svg,https://nsearchives.nseindia.com/30d/HEALTHY-EQ.svg,https://nsearchives.nseindia.com/365d/HEALTHY-EQ.svg,EQ
GROWWMETAL,Nifty Metal Index,12.62,12.62,12.33,12.33,-0.06,-0.48,342360,4248687.6,12.555,13.45,10.03,-,-,Infinity,2.4937655860349186,12.39,0,0,2.99,,13-Jul-2026,-,2.4937655860349186,-,Infinity,8.327137546468396,-22.931206380857436,https://nsearchives.nseindia.com/today/GROWWMETALEQN.svg,https://nsearchives.nseindia.com/30d/GROWWMETAL-EQ.svg,,EQ
GROWWMOM50,Nifty 500 Momentum 50 Index- Total Return Index,11.47,11.47,11,11.07,0,0.00,371969,4110257.45,11.1164,11.5,9.12,-,-,8.10546875,3.7488284910965355,11.07,0,8.11,3.75,12-Aug-2025,13-Jul-2026,-,3.7488284910965355,-,8.10546875,3.739130434782606,-21.381578947368435,https://nsearchives.nseindia.com/today/GROWWMOM50EQN.svg,https://nsearchives.nseindia.com/30d/GROWWMOM50-EQ.svg,https://nsearchives.nseindia.com/365d/GROWWMOM50-EQ.svg,EQ
MOVALUE,Motilal Oswal S&P BSE Enhanced Value ETF,115.88,115.97,115.05,115.05,-0.73,-0.63,35066,4041005.84,115.5397,128.77,98.1,-,-,13.798219584569736,0.4979035639412938,115.78,0,14.52,1.14,12-Aug-2025,13-Jul-2026,-,0.4979035639412938,-,13.798219584569736,10.654655587481566,-17.278287461773704,https://nsearchives.nseindia.com/today/MOVALUEEQN.svg,https://nsearchives.nseindia.com/30d/MOVALUE-EQ.svg,https://nsearchives.nseindia.com/365d/MOVALUE-EQ.svg,EQ
MOMIDMTM,Nifty Midcap 150 Momentum 50 Total Return Index,65.68,65.68,65.1,65.12,0.07,0.11,61834,4034668.5,65.6144,70,54.78,-,-,6.301012079660475,2.116982907323195,65.05,0,6.19,2.01,12-Aug-2025,13-Jul-2026,-,2.116982907323195,-,6.301012079660475,6.971428571428565,-18.875502008032136,https://nsearchives.nseindia.com/today/MOMIDMTMEQN.svg,https://nsearchives.nseindia.com/30d/MOMIDMTM-EQ.svg,https://nsearchives.nseindia.com/365d/MOMIDMTM-EQ.svg,EQ
AONESILVER,Domestic price of Silver,9,9.01,8.8,8.84,-0.18,-2.00,448062,3974309.94,9.0086,12,7.43,-,-,Infinity,6.377858002406731,9.02,0,0,8.54,,13-Jul-2026,-,6.377858002406731,-,Infinity,26.333333333333332,-18.977119784656796,https://nsearchives.nseindia.com/today/AONESILVEREQN.svg,https://nsearchives.nseindia.com/30d/AONESILVER-EQ.svg,,EQ
MOENERGY,Nifty Energy Index,39,39.28,38.7,38.9,0.03,0.08,101949,3957660.18,38.9198,43,33,-,-,Infinity,-1.2188928390045808,38.87,0,0,-1.3,,13-Jul-2026,-,-1.2188928390045808,-,Infinity,9.534883720930235,-17.878787878787875,https://nsearchives.nseindia.com/today/MOENERGYEQN.svg,https://nsearchives.nseindia.com/30d/MOENERGY-EQ.svg,,EQ
ELM250,Nifty LargeMidcap 250 TRI,17.17,17.17,16.78,17.16,0.33,1.96,233711,3956727.23,16.9174,19.2,14.43,-,-,Infinity,3.435804701627488,16.83,0,0,1.45,,13-Jul-2026,-,3.435804701627488,-,Infinity,10.624999999999996,-18.918918918918923,https://nsearchives.nseindia.com/today/ELM250EQN.svg,https://nsearchives.nseindia.com/30d/ELM250-EQ.svg,,EQ
TNIDETF,Nifty India Digital Index,91.85,92.47,90.46,90.53,-0.13,-0.14,43219,3943301.56,91.5141,103.26,74.5,-,-,0.3992458689142724,6.280817093214362,90.66,0,0.54,6.43,12-Aug-2025,13-Jul-2026,-,6.280817093214362,-,0.3992458689142724,12.328103815611083,-21.516778523489933,https://nsearchives.nseindia.com/today/TNIDETFEQN.svg,https://nsearchives.nseindia.com/30d/TNIDETF-EQ.svg,https://nsearchives.nseindia.com/365d/TNIDETF-EQ.svg,EQ
NIFTYBETF,Bajaj Finserv Nifty 50 ETF,251.12,251.78,250.2,251.11,0.39,0.16,15597,3917186.55,251.6446,279.99,227.01,-,-,0.54454454454455,1.1520644511581122,250.72,0,0.39,0.99,12-Aug-2025,13-Jul-2026,-,1.1520644511581122,-,0.54454454454455,10.314654094789098,-10.616272410907019,https://nsearchives.nseindia.com/today/NIFTYBETFEQN.svg,https://nsearchives.nseindia.com/30d/NIFTYBETF-EQ.svg,https://nsearchives.nseindia.com/365d/NIFTYBETF-EQ.svg,EQ
CONSUMIETF,Nifty India Consumption Index,125.44,125.74,125.2,125.3,0.46,0.37,30467,3818124.44,125.5046,141.27,94.65,-,-,3.476752828474683,3.7423414472594767,124.84,0,3.1,3.36,12-Aug-2025,13-Jul-2026,-,3.7423414472594767,-,3.476752828474683,11.304594039781987,-32.382461701003685,https://nsearchives.nseindia.com/today/CONSUMIETFEQN.svg,https://nsearchives.nseindia.com/30d/CONSUMIETF-EQ.svg,https://nsearchives.nseindia.com/365d/CONSUMIETF-EQ.svg,EQ
GROWWNET,Index,10.52,10.66,10.4,10.51,-0.01,-0.10,360169,3817791.4,10.5646,11.4,7.93,-,-,2.038834951456302,4.577114427860687,10.52,0,2.14,4.68,12-Aug-2025,13-Jul-2026,-,4.577114427860687,-,2.038834951456302,7.807017543859654,-32.53467843631778,https://nsearchives.nseindia.com/today/GROWWNETEQN.svg,https://nsearchives.nseindia.com/30d/GROWWNET-EQ.svg,https://nsearchives.nseindia.com/365d/GROWWNET-EQ.svg,EQ
SBIETFIT,Nifty IT Index,351.76,355.98,345.1,349.79,3.03,0.87,10854,3779688.42,347.6948,439.27,285,-,-,-7.37229563329184,8.860326154612233,346.76,0,-8.17,7.92,12-Aug-2025,13-Jul-2026,-,8.860326154612233,-,-7.37229563329184,20.370159582944424,-22.73333333333334,https://nsearchives.nseindia.com/today/SBIETFITEQN.svg,https://nsearchives.nseindia.com/30d/SBIETFIT-EQ.svg,https://nsearchives.nseindia.com/365d/SBIETFIT-EQ.svg,EQ
PSUBANKADD,DSP Nifty PSU Bank ETF,88.82,89.36,88.22,88.22,-0.6,-0.68,42392,3769496.64,89.196,99.88,67.8,-,-,24.851401075573172,3.3626244874048092,88.82,0,25.7,4.07,12-Aug-2025,13-Jul-2026,-,3.3626244874048092,-,24.851401075573172,11.674008810572683,-30.11799410029499,https://nsearchives.nseindia.com/today/PSUBANKADDEQN.svg,https://nsearchives.nseindia.com/30d/PSUBANKADD-EQ.svg,https://nsearchives.nseindia.com/365d/PSUBANKADD-EQ.svg,EQ
TECH,Nifty IT TRI Index,34.84,35.15,34.01,34.47,0.32,0.94,109324,3744347,34.3317,49.41,28,-,-,-6.5600433721875895,8.875552747946932,34.15,0,-7.43,7.86,12-Aug-2025,13-Jul-2026,-,8.875552747946932,-,-6.5600433721875895,30.2367941712204,-23.107142857142854,https://nsearchives.nseindia.com/today/TECHEQN.svg,https://nsearchives.nseindia.com/30d/TECH-EQ.svg,https://nsearchives.nseindia.com/365d/TECH-EQ.svg,EQ
SILVER360,Commodity-Silver,230.61,230.61,226.05,228,-4.06,-1.75,16393,3736620.42,232.0368,358,110.1,-,-,102.02020202020202,6.671657153551039,232.06,0,105.62,8.57,12-Aug-2025,13-Jul-2026,-,6.671657153551039,-,102.02020202020202,36.312849162011176,-107.08446866485014,https://nsearchives.nseindia.com/today/SILVER360EQN.svg,https://nsearchives.nseindia.com/30d/SILVER360-EQ.svg,https://nsearchives.nseindia.com/365d/SILVER360-EQ.svg,EQ
ABSLLIQUID,Aditya Birla Sun Life CRISIL Overnight Fund AI ETF,1000,1000.01,999.99,1000.01,0.02,0.00,3734,3733962.66,1000,1044.99,999.56,-,-,0,0,999.99,0,0,0,12-Aug-2025,13-Jul-2026,-,0,-,0,4.304347410023064,-0.04501980871583952,https://nsearchives.nseindia.com/today/ABSLLIQUIDEQN.svg,https://nsearchives.nseindia.com/30d/ABSLLIQUID-EQ.svg,https://nsearchives.nseindia.com/365d/ABSLLIQUID-EQ.svg,EQ
BNKETFAXIS,Nifty Bank,596.3,596.3,594.2,595.17,-0.18,-0.03,6135,3645662.4,597.611,647.82,512.51,-,-,Infinity,-0.5497443438158067,595.35,0,0,-0.52,,13-Jul-2026,-,-0.5497443438158067,-,Infinity,8.127257571547666,-16.128465786033438,https://nsearchives.nseindia.com/today/BNKETFAXISEQN.svg,https://nsearchives.nseindia.com/30d/BNKETFAXIS-EQ.svg,,EQ
SBIBPB,BSE PSU Bank Index TRI,51.21,51.25,50.51,50.53,-0.18,-0.35,69637,3543826.93,50.9352,58.27,38.53,-,-,23.787359137677612,3.14349867319861,50.71,0,24.23,3.51,12-Aug-2025,13-Jul-2026,-,3.14349867319861,-,23.787359137677612,13.28299296378926,-31.14456267843239,https://nsearchives.nseindia.com/today/SBIBPBEQN.svg,https://nsearchives.nseindia.com/30d/SBIBPB-EQ.svg,https://nsearchives.nseindia.com/365d/SBIBPB-EQ.svg,EQ
GROWWRLTY,Index,10.1,10.16,9.87,10.16,0.26,2.63,329583,3312309.15,9.9818,11.3,7.17,-,-,Infinity,-3.238095238095237,9.9,0,0,-5.71,,13-Jul-2026,-,-3.238095238095237,-,Infinity,10.088495575221243,-41.701534170153415,https://nsearchives.nseindia.com/today/GROWWRLTYEQN.svg,https://nsearchives.nseindia.com/30d/GROWWRLTY-EQ.svg,,EQ
INFRABEES,Nifty Infra,974.37,974.37,967,970,1.26,0.13,3283,3184969.62,973.3997,1018.3,871.35,-,-,4.643134547337529,0.06705524320420665,968.74,0,4.51,-0.06,12-Aug-2025,13-Jul-2026,-,0.06705524320420665,-,4.643134547337529,4.743199450063828,-11.321512595397943,https://nsearchives.nseindia.com/today/INFRABEESEQN.svg,https://nsearchives.nseindia.com/30d/INFRABEES-EQ.svg,https://nsearchives.nseindia.com/365d/INFRABEES-EQ.svg,EQ
DIVOPPBEES,Nifty Dividend Opportunities 50 TRI,80.09,80.09,78.74,79.5,0.25,0.32,39150,3099114,79.2526,87.09,72.13,-,-,4.221289984268483,3.3541341653666126,79.25,0,3.89,3.03,12-Aug-2025,13-Jul-2026,-,3.3541341653666126,-,4.221289984268483,8.715122287289015,-10.217662553722452,https://nsearchives.nseindia.com/today/DIVOPPBEESEQN.svg,https://nsearchives.nseindia.com/30d/DIVOPPBEES-EQ.svg,https://nsearchives.nseindia.com/365d/DIVOPPBEES-EQ.svg,EQ
GOLDBND,Commodity - Gold,152.8,153.98,150.76,151.95,-0.85,-0.56,19543,2966431.97,151.9705,180.16,115.17,-,-,Infinity,7.400339270568279,152.8,0,0,8,,13-Jul-2026,-,7.400339270568279,-,Infinity,15.658303730017767,-31.935399843709288,https://nsearchives.nseindia.com/today/GOLDBNDEQN.svg,https://nsearchives.nseindia.com/30d/GOLDBND-EQ.svg,,EQ
NV20BEES,Nifty50 Value20 TRI,141.9,141.97,140.88,141.8,-0.81,-0.57,19858,2802956.7,142.0729,160,122.02,19-DEC-19, FACE VALUE SPLIT (SUB-DIVISION) - FROM RS 10/- TO RS 1/-,-1.861720534293029,-0.3583725669313407,142.61,0,-1.3,0.21,12-Aug-2025,13-Jul-2026, FACE VALUE SPLIT (SUB-DIVISION) - FROM RS 10/- TO RS 1/-,-0.3583725669313407,19-DEC-19,-1.861720534293029,11.374999999999993,-16.21045730208164,https://nsearchives.nseindia.com/today/NV20BEESEQN.svg,https://nsearchives.nseindia.com/30d/NV20BEES-EQ.svg,https://nsearchives.nseindia.com/365d/NV20BEES-EQ.svg,EQ
NIFTYADD,Nifty 50 Index,257.04,257.69,256.45,257.4,-0.95,-0.37,10866,2793213.96,257.6376,300,232.64,-,-,Infinity,1.155387880216918,258.35,0,0,1.53,,13-Jul-2026,-,1.155387880216918,-,Infinity,14.200000000000006,-10.643053645116916,https://nsearchives.nseindia.com/today/NIFTYADDEQN.svg,https://nsearchives.nseindia.com/30d/NIFTYADD-EQ.svg,,EQ
NIFTY100EW,Nifty 100 Equal Weight Index,36.42,36.42,35.74,35.95,0.24,0.67,76448,2740660.8,35.875,41.41,29.84,-,-,11.472868217054272,3.067660550458716,35.71,0,10.73,2.38,12-Aug-2025,13-Jul-2026,-,3.067660550458716,-,11.472868217054272,13.185220961120487,-20.475871313672933,https://nsearchives.nseindia.com/today/NIFTY100EWEQN.svg,https://nsearchives.nseindia.com/30d/NIFTY100EW-EQ.svg,https://nsearchives.nseindia.com/365d/NIFTY100EW-EQ.svg,EQ
SETF10GILT,Nifty 10 yr Benchmark G-Sec Index,265.87,266.99,265.51,266.4,0.56,0.21,10130,2694883.9,266.0357,272.31,250.37,-,-,3.718123418337533,0.4373397677574906,265.84,0,3.5,0.23,12-Aug-2025,13-Jul-2026,-,0.4373397677574906,-,3.718123418337533,2.1703205905034797,-6.402524264089137,https://nsearchives.nseindia.com/today/SETF10GILTEQN.svg,https://nsearchives.nseindia.com/30d/SETF10GILT-EQ.svg,https://nsearchives.nseindia.com/365d/SETF10GILT-EQ.svg,EQ
MONQ50,Nasdaq Q-50 Total Return Index,148.63,148.63,148.63,148.63,0.43,0.29,17759,2639520.17,125.1335,148.92,79.02,-,-,85.85719644866825,1.5162898709104562,148.2,0,85.32,1.22,12-Aug-2025,13-Jul-2026,-,1.5162898709104562,-,85.85719644866825,0.1947354284179372,-88.09162237408252,https://nsearchives.nseindia.com/today/MONQ50EQN.svg,https://nsearchives.nseindia.com/30d/MONQ50-EQ.svg,https://nsearchives.nseindia.com/365d/MONQ50-EQ.svg,EQ
MOMOMENTUM,Nifty 200 Momentum 30 Total Return Index,63.21,63.71,62.9,63,-0.21,-0.33,38148,2408283.24,63.5775,66.28,54.32,11-AUG-22,FACE VALUE SPLIT (SUB-DIVISION) - FROM RS 10/- PER UNIT TO RS 2/- PER UNIT,4.4083526682134515,1.7770597738287583,63.21,0,4.76,2.12,12-Aug-2025,13-Jul-2026,FACE VALUE SPLIT (SUB-DIVISION) - FROM RS 10/- PER UNIT TO RS 2/- PER UNIT,1.7770597738287583,11-AUG-22,4.4083526682134515,4.948702474351239,-15.97938144329897,https://nsearchives.nseindia.com/today/MOMOMENTUMEQN.svg,https://nsearchives.nseindia.com/30d/MOMOMENTUM-EQ.svg,https://nsearchives.nseindia.com/365d/MOMOMENTUM-EQ.svg,EQ
LTGILTCASE,Nifty 8-13 Yr G-Sec Index,30.34,30.78,30.34,30.69,0.05,0.16,78068,2393564.88,30.6213,31.17,28.71,-,-,Infinity,0.5240746806419919,30.64,0,0,0.36,,13-Jul-2026,-,0.5240746806419919,-,Infinity,1.539942252165545,-6.896551724137932,https://nsearchives.nseindia.com/today/LTGILTCASEEQN.svg,https://nsearchives.nseindia.com/30d/LTGILTCASE-EQ.svg,,EQ
MULTICAP,Nifty500 Multicap 50:25:25 Index,16.94,17.14,16.92,16.92,-0.02,-0.12,141069,2389708.86,16.9749,17.5,14.2,-,-,7.088607594936715,1.3173652694610924,16.94,0,7.22,1.44,12-Aug-2025,13-Jul-2026,-,1.3173652694610924,-,7.088607594936715,3.3142857142857047,-19.154929577464806,https://nsearchives.nseindia.com/today/MULTICAPEQN.svg,https://nsearchives.nseindia.com/30d/MULTICAP-EQ.svg,https://nsearchives.nseindia.com/365d/MULTICAP-EQ.svg,EQ
LIQUIDSHRI,SHRIRAM NIFTY 1D RATE LIQUID ETF,1117.08,1117.08,1117.06,1117.08,0.17,0.02,2129,2378220.74,1116.926,1117.08,1065.6,-,-,4.830097315152826,0.393637098948493,1116.91,0,4.81,0.38,12-Aug-2025,13-Jul-2026,-,0.393637098948493,-,4.830097315152826,0,-4.831081081081083,https://nsearchives.nseindia.com/today/LIQUIDSHRIEQN.svg,https://nsearchives.nseindia.com/30d/LIQUIDSHRI-EQ.svg,https://nsearchives.nseindia.com/365d/LIQUIDSHRI-EQ.svg,EQ
HDFCGROWTH,HDFC NIFTY Growth Sectors 15 ETF,124.82,126,122.16,123,0.17,0.14,19182,2354206.86,122.8572,133.3,107.86,-,-,4.308005427408411,6.5304001385761365,122.83,0,4.16,6.38,12-Aug-2025,13-Jul-2026,-,6.5304001385761365,-,4.308005427408411,7.726931732933241,-14.03671425922492,https://nsearchives.nseindia.com/today/HDFCGROWTHEQN.svg,https://nsearchives.nseindia.com/30d/HDFCGROWTH-EQ.svg,https://nsearchives.nseindia.com/365d/HDFCGROWTH-EQ.svg,EQ
AONETMMQ50,Nifty Total Market Momentum Quality 50 TRI,10.53,10.54,10.39,10.39,-0.05,-0.48,224839,2349567.55,10.4765,10.87,8,-,-,Infinity,3.2803180914512926,10.44,0,0,3.78,,13-Jul-2026,-,3.2803180914512926,-,Infinity,4.415823367065305,-29.875000000000007,https://nsearchives.nseindia.com/today/AONETMMQ50EQN.svg,https://nsearchives.nseindia.com/30d/AONETMMQ50-EQ.svg,,EQ
BANKBETA,Nifty Bank,59.81,59.81,59.59,59.74,-0.14,-0.23,38529,2299410.72,59.9531,73.7,51.3,17-FEB-21, FACE VALUE SPLIT (SUB-DIVISION) - FROM RS 10/- PER UNIT TO RE 1/- PER UNIT,Infinity,-0.6816292601828705,59.88,0,0,-0.45,,13-Jul-2026, FACE VALUE SPLIT (SUB-DIVISION) - FROM RS 10/- PER UNIT TO RE 1/- PER UNIT,-0.6816292601828705,17-FEB-21,Infinity,18.941655359565807,-16.45224171539962,https://nsearchives.nseindia.com/today/BANKBETAEQN.svg,https://nsearchives.nseindia.com/30d/BANKBETA-EQ.svg,,EQ
BANKBETF,Bajaj Finserv Nifty Bank ETF,60.1,60.1,58.47,58.75,-0.15,-0.25,38434,2254922.78,58.9153,63.9,50.71,-,-,5.343374574143798,-0.3730710530778343,58.9,0,5.61,-0.12,12-Aug-2025,13-Jul-2026,-,-0.3730710530778343,-,5.343374574143798,8.059467918622847,-15.85486097416683,https://nsearchives.nseindia.com/today/BANKBETFEQN.svg,https://nsearchives.nseindia.com/30d/BANKBETF-EQ.svg,https://nsearchives.nseindia.com/365d/BANKBETF-EQ.svg,EQ
INSUREIETF,BSE Insurance Index,15.48,15.48,15.35,15.35,-0.17,-1.10,144334,2228516.96,15.4999,16.46,15.33,-,-,Infinity,Infinity,15.52,0,0,0,,,-,Infinity,-,Infinity,6.74362089914946,-0.13046314416177152,https://nsearchives.nseindia.com/today/INSUREIETFEQN.svg,,,EQ
QUAL30IETF,ICICI Prudential Nifty 200 Quality 30 ETF,21.61,21.73,21.6,21.6,-0.01,-0.05,102527,2221760.09,21.6916,23,18,10-MAY-24,FACE VALUE SPLIT (SUB-DIVISION) - FROM RS 10/- PER SHARE TO RE 1/- PER SHARE,4.651162790697678,3.497843794920941,21.61,0,4.7,3.55,12-Aug-2025,13-Jul-2026,FACE VALUE SPLIT (SUB-DIVISION) - FROM RS 10/- PER SHARE TO RE 1/- PER SHARE,3.497843794920941,10-MAY-24,4.651162790697678,6.086956521739125,-20.000000000000007,https://nsearchives.nseindia.com/today/QUAL30IETFEQN.svg,https://nsearchives.nseindia.com/30d/QUAL30IETF-EQ.svg,https://nsearchives.nseindia.com/365d/QUAL30IETF-EQ.svg,EQ
NV20IETF,Nifty50 Value 20,13.79,13.87,13.74,13.77,-0.02,-0.15,160220,2206229.4,13.8441,16,12.5,01-MAR-24,FACE VALUE SPLIT (SUB-DIVISION) - FROM RS 10/- PER SHARE TO RE 1/- PER SHARE,-2.340425531914894,-0.2896451846488119,13.79,0,-2.2,-0.14,12-Aug-2025,13-Jul-2026,FACE VALUE SPLIT (SUB-DIVISION) - FROM RS 10/- PER SHARE TO RE 1/- PER SHARE,-0.2896451846488119,01-MAR-24,-2.340425531914894,13.937500000000004,-10.159999999999997,https://nsearchives.nseindia.com/today/NV20IETFEQN.svg,https://nsearchives.nseindia.com/30d/NV20IETF-EQ.svg,https://nsearchives.nseindia.com/365d/NV20IETF-EQ.svg,EQ
VAL30IETF,Nifty200 Value 30 Index,15.12,15.55,15.12,15.53,0.02,0.13,139780,2158203.2,15.5135,17.7,12.27,-,-,19.922779922779924,0.9752925877763237,15.51,0,19.77,0.85,12-Aug-2025,13-Jul-2026,-,0.9752925877763237,-,19.922779922779924,12.259887005649718,-26.568867155664222,https://nsearchives.nseindia.com/today/VAL30IETFEQN.svg,https://nsearchives.nseindia.com/30d/VAL30IETF-EQ.svg,https://nsearchives.nseindia.com/365d/VAL30IETF-EQ.svg,EQ
CONSUMER,Nifty India New AgeConsumption,12.27,12.3,12.21,12.29,0.08,0.66,174862,2140310.88,12.2464,12.87,9.69,-,-,6.499133448873484,3.9763113367174183,12.21,0,5.81,3.3,12-Aug-2025,13-Jul-2026,-,3.9763113367174183,-,6.499133448873484,4.506604506604507,-26.83178534571723,https://nsearchives.nseindia.com/today/CONSUMEREQN.svg,https://nsearchives.nseindia.com/30d/CONSUMER-EQ.svg,https://nsearchives.nseindia.com/365d/CONSUMER-EQ.svg,EQ
MOLOWVOL,Nifty Midcap 100 TRI,37.26,38.5,37.11,37.41,0.08,0.21,56815,2115790.6,37.2903,43.07,33.52,11-AUG-22,FACE VALUE SPLIT (SUB-DIVISION) - FROM RS 10/- PER UNIT TO RS 2/- PER UNIT,1.382113821138206,1.4646053702196886,37.33,0,1.17,1.25,12-Aug-2025,13-Jul-2026,FACE VALUE SPLIT (SUB-DIVISION) - FROM RS 10/- PER UNIT TO RS 2/- PER UNIT,1.4646053702196886,11-AUG-22,1.382113821138206,13.141397724634324,-11.605011933174202,https://nsearchives.nseindia.com/today/MOLOWVOLEQN.svg,https://nsearchives.nseindia.com/30d/MOLOWVOL-EQ.svg,https://nsearchives.nseindia.com/365d/MOLOWVOL-EQ.svg,EQ
BANKADD,DSP Nifty Bank ETF,59.48,59.48,59.02,59.07,-0.26,-0.44,34070,2012514.9,59.3353,62.9,51.01,-,-,Infinity,-0.7727196371577371,59.33,0,0,-0.34,,13-Jul-2026,-,-0.7727196371577371,-,Infinity,6.089030206677263,-15.80082336796707,https://nsearchives.nseindia.com/today/BANKADDEQN.svg,https://nsearchives.nseindia.com/30d/BANKADD-EQ.svg,,EQ
MNC,Kotak Nifty MNC ETF,34.12,35.65,34.12,34.97,0.15,0.43,56855,1988219.35,34.9017,35.65,27.83,-,-,20.919778699861677,4.794725801618225,34.82,0,20.4,4.35,12-Aug-2025,13-Jul-2026,-,4.794725801618225,-,20.919778699861677,1.9074333800841508,-25.655767157743444,https://nsearchives.nseindia.com/today/MNCEQN.svg,https://nsearchives.nseindia.com/30d/MNC-EQ.svg,https://nsearchives.nseindia.com/365d/MNC-EQ.svg,EQ
CHOICEGOLD,Gold,151.71,152.98,150.1,151,-0.71,-0.47,12022,1809791.88,151.0781,175.49,115.79,-,-,Infinity,7.657208042207336,151.71,0,0,8.16,,13-Jul-2026,-,7.657208042207336,-,Infinity,13.955211123140923,-30.408498143190254,https://nsearchives.nseindia.com/today/CHOICEGOLDEQN.svg,https://nsearchives.nseindia.com/30d/CHOICEGOLD-EQ.svg,,EQ
ABSLNN50ET,Nifty Next 50,79.14,79.14,77.75,78.45,0.02,0.03,22892,1798624.44,78.7258,80.33,63.02,25-NOV-21, FACE VALUE SPLIT (SUB-DIVISION) - FROM RS 10/- PER SHARE TO RE 1/- PER SHARE,13.580425655132489,3.5917073814868594,78.43,0,13.55,3.57,12-Aug-2025,13-Jul-2026, FACE VALUE SPLIT (SUB-DIVISION) - FROM RS 10/- PER SHARE TO RE 1/- PER SHARE,3.5917073814868594,25-NOV-21,13.580425655132489,2.3403460724511334,-24.484290701364646,https://nsearchives.nseindia.com/today/ABSLNN50ETEQN.svg,https://nsearchives.nseindia.com/30d/ABSLNN50ET-EQ.svg,https://nsearchives.nseindia.com/365d/ABSLNN50ET-EQ.svg,EQ
AONETOTAL,Nifty Total Market Index,12.1,12.14,12.03,12.1,0.06,0.50,146336,1767738.88,12.0973,12.51,9.6,-,-,5.67685589519651,1.9376579612468445,12.04,0,5.15,1.43,12-Aug-2025,13-Jul-2026,-,1.9376579612468445,-,5.67685589519651,3.2773780975219835,-26.041666666666668,https://nsearchives.nseindia.com/today/AONETOTALEQN.svg,https://nsearchives.nseindia.com/30d/AONETOTAL-EQ.svg,https://nsearchives.nseindia.com/365d/AONETOTAL-EQ.svg,EQ
NEXT50ETF,Nifty Next 50 Index,75.58,75.59,74.9,75.29,-0.08,-0.11,22208,1668709.12,75.296,78,60.15,-,-,Infinity,4.2220376522702265,75.37,0,0,4.33,,13-Jul-2026,-,4.2220376522702265,-,Infinity,3.4743589743589665,-25.170407315045733,https://nsearchives.nseindia.com/today/NEXT50ETFEQN.svg,https://nsearchives.nseindia.com/30d/NEXT50ETF-EQ.svg,,EQ
ITAXIS,NIFTY IT Index,344.29,346.37,343.5,343.5,-2.87,-0.83,4811,1661526.96,345.5235,439.67,230.7,-,-,Infinity,7.707262009281318,346.37,0,0,8.61,,13-Jul-2026,-,7.707262009281318,-,Infinity,21.873223099142542,-48.89466840052017,https://nsearchives.nseindia.com/today/ITAXISEQN.svg,https://nsearchives.nseindia.com/30d/ITAXIS-EQ.svg,,EQ
MOMENTUM,Aditya Birla Sun Life Nifty 200 Momentum 30 ETF,31.84,31.84,31.47,31.55,-0.15,-0.47,49871,1575424.89,31.8047,33,27.05,-,-,4.852110335659691,1.9715578539107932,31.7,0,5.35,2.46,12-Aug-2025,13-Jul-2026,-,1.9715578539107932,-,4.852110335659691,4.393939393939392,-16.635859519408502,https://nsearchives.nseindia.com/today/MOMENTUMEQN.svg,https://nsearchives.nseindia.com/30d/MOMENTUM-EQ.svg,https://nsearchives.nseindia.com/365d/MOMENTUM-EQ.svg,EQ
INFRA,Nifty India Infrastructure & Logistics,12.04,12.25,12.04,12.24,0.05,0.41,125562,1534367.64,12.2414,13.27,10.14,-,-,Infinity,-0.4068348250610166,12.19,0,0,-0.81,,13-Jul-2026,-,-0.4068348250610166,-,Infinity,7.761868877166537,-20.710059171597628,https://nsearchives.nseindia.com/today/INFRAEQN.svg,https://nsearchives.nseindia.com/30d/INFRA-EQ.svg,,EQ
MOHEALTH,Motilal Oswal S&P BSE Healthcare ETF,52.03,52.35,51.36,51.69,-0.09,-0.17,29296,1516360.96,51.7314,53,40.79,-,-,16.62906137184115,1.872290106424903,51.78,0,16.83,2.05,12-Aug-2025,13-Jul-2026,-,1.872290106424903,-,16.62906137184115,2.4716981132075513,-26.72223584211816,https://nsearchives.nseindia.com/today/MOHEALTHEQN.svg,https://nsearchives.nseindia.com/30d/MOHEALTH-EQ.svg,https://nsearchives.nseindia.com/365d/MOHEALTH-EQ.svg,EQ
ITADD,DSP Nifty IT ETF,33.08,33.34,33.03,33.11,-0.15,-0.45,45654,1513430.1,33.2537,41.92,27.17,-,-,Infinity,7.850162866449511,33.26,0,0,8.34,,13-Jul-2026,-,7.850162866449511,-,Infinity,21.016221374045806,-21.86234817813764,https://nsearchives.nseindia.com/today/ITADDEQN.svg,https://nsearchives.nseindia.com/30d/ITADD-EQ.svg,,EQ
BSLSENETFG,BSE SENSEX Index,77.8,79.8,77.8,79.5,1.11,1.42,19034,1496833.76,78.6749,87.82,70.32,25-NOV-21, FACE VALUE SPLIT (SUB-DIVISION) - FROM RS 10/- PER SHARE TO RE 1- PER SHARE,-0.8480917934647129,1.7795416720010249,78.39,0,-2.23,0.36,12-Aug-2025,13-Jul-2026, FACE VALUE SPLIT (SUB-DIVISION) - FROM RS 10/- PER SHARE TO RE 1- PER SHARE,1.7795416720010249,25-NOV-21,-0.8480917934647129,9.473923935322244,-13.054607508532435,https://nsearchives.nseindia.com/today/BSLSENETFGEQN.svg,https://nsearchives.nseindia.com/30d/BSLSENETFG-EQ.svg,https://nsearchives.nseindia.com/365d/BSLSENETFG-EQ.svg,EQ
SMALLIETF,Nifty Smallcap 250 Index,18.4,18.69,18.36,18.49,0.09,0.49,81091,1493696.22,18.3635,18.74,17.43,-,-,Infinity,1.5376166941240943,18.4,0,0,1.04,,13-Jul-2026,-,1.5376166941240943,-,Infinity,1.3340448239060834,-6.0814687320711345,https://nsearchives.nseindia.com/today/SMALLIETFEQN.svg,https://nsearchives.nseindia.com/30d/SMALLIETF-EQ.svg,,EQ
EMULTIMQ,Nifty500 Multicap Momentum Quality 50 Total Return Index,42.36,42.6,41.85,41.85,-0.34,-0.81,35346,1493368.5,42.3943,43.54,36.25,-,-,3.6917740336967344,0.6009615384615384,42.19,0,4.53,1.42,12-Aug-2025,13-Jul-2026,-,0.6009615384615384,-,3.6917740336967344,3.881488286632976,-15.448275862068968,https://nsearchives.nseindia.com/today/EMULTIMQEQN.svg,https://nsearchives.nseindia.com/30d/EMULTIMQ-EQ.svg,https://nsearchives.nseindia.com/365d/EMULTIMQ-EQ.svg,EQ
PVTBANK,Index,27.39,27.49,27.33,27.49,-0.1,-0.36,53590,1467830.1,27.489,28.33,27.01,-,-,Infinity,Infinity,27.59,0,0,0,,,-,Infinity,-,Infinity,2.965054712319096,-1.7771195853387518,https://nsearchives.nseindia.com/today/PVTBANKEQN.svg,,,EQ
IDFNIFTYET,Nifty 50,270.13,274.49,268.73,274.49,1.53,0.56,5431,1465446.73,270.1976,340.8,244.32,-,-,2.456048673061843,2.955628070965078,272.96,0,1.88,2.38,12-Aug-2025,13-Jul-2026,-,2.955628070965078,-,2.456048673061843,19.457159624413144,-12.348559266535698,https://nsearchives.nseindia.com/today/IDFNIFTYETEQN.svg,https://nsearchives.nseindia.com/30d/IDFNIFTYET-EQ.svg,https://nsearchives.nseindia.com/365d/IDFNIFTYET-EQ.svg,EQ
BANK10ADD,BSE Top 10 Banks Index (TRI),16.97,17,16.89,17,-0.24,-1.39,86506,1464546.58,16.9765,18.99,12.08,-,-,Infinity,-2.522935779816521,17.24,0,0,-1.15,,13-Jul-2026,-,-2.522935779816521,-,Infinity,10.479199578725638,-40.728476821192054,https://nsearchives.nseindia.com/today/BANK10ADDEQN.svg,https://nsearchives.nseindia.com/30d/BANK10ADD-EQ.svg,,EQ
HYBRIDETF,Nifty200 Momentum 30 Plus 8-13 yr G-Sec 50:50 Total Return Index,10.29,10.29,10.11,10.18,-0.01,-0.10,144384,1464053.76,10.1847,10.29,10.02,-,-,Infinity,Infinity,10.19,0,0,0,,,-,Infinity,-,Infinity,1.0689990281826962,-1.5968063872255505,https://nsearchives.nseindia.com/today/HYBRIDETFEQN.svg,,,EQ
GOLD360,Commodity-Gold,149.4,149.4,147.6,148.7,-0.7,-0.47,9701,1439143.35,148.5516,178,87.85,-,-,51.58002038735983,7.325875135330189,149.4,0,52.29,7.83,12-Aug-2025,13-Jul-2026,-,7.325875135330189,-,51.58002038735983,16.460674157303377,-69.26579396698918,https://nsearchives.nseindia.com/today/GOLD360EQN.svg,https://nsearchives.nseindia.com/30d/GOLD360-EQ.svg,https://nsearchives.nseindia.com/365d/GOLD360-EQ.svg,EQ
MASPTOP50,S&P 500 Top 50 Total Return Index,80.55,80.55,80.55,80.55,-0.41,-0.51,17785,1432581.75,67.2735,82.78,62.42,-,-,25.898718349484216,1.820250284414104,80.96,0,26.54,2.34,12-Aug-2025,13-Jul-2026,-,1.820250284414104,-,25.898718349484216,2.6938874124184635,-29.045177827619344,https://nsearchives.nseindia.com/today/MASPTOP50EQN.svg,https://nsearchives.nseindia.com/30d/MASPTOP50-EQ.svg,https://nsearchives.nseindia.com/365d/MASPTOP50-EQ.svg,EQ
HEALTHAXIS,Nifty Healthcare Index,169.04,169.2,168.13,168.24,-0.71,-0.42,8155,1376971.75,169.3395,173.72,135.2,-,-,Infinity,1.0875443129243538,168.95,0,0,1.51,,13-Jul-2026,-,1.0875443129243538,-,Infinity,3.1545014966612883,-24.437869822485222,https://nsearchives.nseindia.com/today/HEALTHAXISEQN.svg,https://nsearchives.nseindia.com/30d/HEALTHAXIS-EQ.svg,,EQ
BANKPSU,Nifty PSU Bank Total Return Index,88.53,89.25,88.34,88.34,-0.44,-0.50,15264,1353306.24,88.9723,99.52,67.59,-,-,25.287193305914048,3.4426229508196693,88.78,0,25.91,3.96,12-Aug-2025,13-Jul-2026,-,3.4426229508196693,-,25.287193305914048,11.233922829581987,-30.699807663855598,https://nsearchives.nseindia.com/today/BANKPSUEQN.svg,https://nsearchives.nseindia.com/30d/BANKPSU-EQ.svg,https://nsearchives.nseindia.com/365d/BANKPSU-EQ.svg,EQ
TWCGOLDETF,Commodity,152.3,152.3,150.84,151.55,-0.89,-0.58,8846,1339284.4,151.3985,187.98,123.31,-,-,Infinity,7.65788165091994,152.44,0,0,8.29,,13-Jul-2026,-,7.65788165091994,-,Infinity,19.379721246941152,-22.901630038115325,https://nsearchives.nseindia.com/today/TWCGOLDETFEQN.svg,https://nsearchives.nseindia.com/30d/TWCGOLDETF-EQ.svg,,EQ
MOTOUR,Nifty India Tourism Total Return Index,79.65,81.37,79.35,80.53,0.39,0.49,16418,1313440,80.3638,95.9,64,-,-,-11.134407415581553,-0.5065480602915698,80.14,0,-11.56,-0.99,12-Aug-2025,13-Jul-2026,-,-0.5065480602915698,-,-11.134407415581553,16.027111574556834,-25.828125,https://nsearchives.nseindia.com/today/MOTOUREQN.svg,https://nsearchives.nseindia.com/30d/MOTOUR-EQ.svg,https://nsearchives.nseindia.com/365d/MOTOUR-EQ.svg,EQ
VALUEAXIS,Nifty500 Value 50 TRI,33.36,33.36,33.18,33.29,-0.01,-0.03,39105,1301023.35,33.404,39,22.84,-,-,Infinity,1.308581862446743,33.3,0,0,1.34,,13-Jul-2026,-,1.308581862446743,-,Infinity,14.641025641025644,-45.75306479859895,https://nsearchives.nseindia.com/today/VALUEAXISEQN.svg,https://nsearchives.nseindia.com/30d/VALUEAXIS-EQ.svg,,EQ
LICNETFGSC,GSEC10 NSE Index,29.68,29.68,29.54,29.64,0.1,0.34,43869,1297206.33,29.5901,30.5,27.42,-,-,4.661016949152543,0.5427408412483045,29.54,0,4.31,0.2,12-Aug-2025,13-Jul-2026,-,0.5427408412483045,-,4.661016949152543,2.8196721311475392,-8.096280087527347,https://nsearchives.nseindia.com/today/LICNETFGSCEQN.svg,https://nsearchives.nseindia.com/30d/LICNETFGSC-EQ.svg,https://nsearchives.nseindia.com/365d/LICNETFGSC-EQ.svg,EQ
HEALTHADD,DSP Nifty Healthcare ETF,16.71,16.75,16.69,16.69,-0.05,-0.30,73898,1234096.6,16.7984,17.47,13.54,03-JUL-26,FACE VALUE SPLIT (SUB-DIVISION) - FROM RS 10/- PER UNIT TO RE 1/- PER UNIT,-88.49203613045577,1.4589665653495563,16.74,0,-88.46,1.76,12-Aug-2025,13-Jul-2026,FACE VALUE SPLIT (SUB-DIVISION) - FROM RS 10/- PER UNIT TO RE 1/- PER UNIT,1.4589665653495563,03-JUL-26,-88.49203613045577,4.464796794504852,-23.26440177252587,https://nsearchives.nseindia.com/today/HEALTHADDEQN.svg,https://nsearchives.nseindia.com/30d/HEALTHADD-EQ.svg,https://nsearchives.nseindia.com/365d/HEALTHADD-EQ.svg,EQ
SELECTIPO,BSE Select IPO Index,48.92,48.92,48.7,48.74,0.17,0.35,25173,1228190.67,48.5597,57.75,37.8,-,-,1.2884455527847145,3.7021276595744723,48.57,0,0.94,3.34,12-Aug-2025,13-Jul-2026,-,3.7021276595744723,-,1.2884455527847145,15.601731601731597,-28.941798941798957,https://nsearchives.nseindia.com/today/SELECTIPOEQN.svg,https://nsearchives.nseindia.com/30d/SELECTIPO-EQ.svg,https://nsearchives.nseindia.com/365d/SELECTIPO-EQ.svg,EQ
SBISMLETF,Nifty Smallcap 250 Index,18.75,18.75,18.16,18.44,0.09,0.49,65196,1200258.36,18.3524,18.97,16.53,-,-,Infinity,1.096491228070191,18.35,0,0,0.6,,13-Jul-2026,-,1.096491228070191,-,Infinity,2.7938850817079475,-11.554748941318813,https://nsearchives.nseindia.com/today/SBISMLETFEQN.svg,https://nsearchives.nseindia.com/30d/SBISMLETF-EQ.svg,,EQ
MID150,Nifty Midcap 150 Index,24.29,24.29,23.83,23.92,0.11,0.46,48911,1168972.9,,24.95,18.97,-,-,12.670748940178997,1.5280135823429668,23.81,0,12.15,1.06,12-Aug-2025,13-Jul-2026,-,1.5280135823429668,-,12.670748940178997,4.1282565130260425,-26.093832366895114,https://nsearchives.nseindia.com/today/MID150EQN.svg,https://nsearchives.nseindia.com/30d/MID150-EQ.svg,https://nsearchives.nseindia.com/365d/MID150-EQ.svg,EQ
SBINEQWETF,Nifty50 Equal Weight,33.33,34.48,33.33,34,-0.01,-0.03,34103,1156091.7,33.9785,36.4,29.64,-,-,9.044259140474663,2.0714500150105004,34.01,0,9.08,2.1,12-Aug-2025,13-Jul-2026,-,2.0714500150105004,-,9.044259140474663,6.5934065934065895,-14.709851551956813,https://nsearchives.nseindia.com/today/SBINEQWETFEQN.svg,https://nsearchives.nseindia.com/30d/SBINEQWETF-EQ.svg,https://nsearchives.nseindia.com/365d/SBINEQWETF-EQ.svg,EQ
FLEXIADD,Nifty500 Flexicap Quality 30 TRI,10.42,10.42,10.31,10.38,0.06,0.58,104388,1079371.92,10.3354,11.9,8.73,-,-,Infinity,4.426559356136834,10.32,0,0,3.82,,13-Jul-2026,-,4.426559356136834,-,Infinity,12.773109243697474,-18.900343642611688,https://nsearchives.nseindia.com/today/FLEXIADDEQN.svg,https://nsearchives.nseindia.com/30d/FLEXIADD-EQ.svg,,EQ
LOWVOL1,Kotak Nifty 100 Low Vol 30 ETF,21.5,21.72,21.5,21.51,0.01,0.05,49021,1059343.81,21.6624,22.9,18.77,-,-,3.21497120921306,1.7021276595744823,21.5,0,3.17,1.65,12-Aug-2025,13-Jul-2026,-,1.7021276595744823,-,3.21497120921306,6.0698689956331755,-14.597762386787439,https://nsearchives.nseindia.com/today/LOWVOL1EQN.svg,https://nsearchives.nseindia.com/30d/LOWVOL1-EQ.svg,https://nsearchives.nseindia.com/365d/LOWVOL1-EQ.svg,EQ
NIF100IETF,Nifty 100,28.5,28.73,28.45,28.56,0,0.00,36545,1042628.85,28.5942,30.88,23,10-MAY-24,FACE VALUE SPLIT (SUB-DIVISION) - FROM RS 10/- PER SHARE TO RE 1/- PER SHARE,2.2556390977443574,1.7456359102244332,28.56,0,2.26,1.75,12-Aug-2025,13-Jul-2026,FACE VALUE SPLIT (SUB-DIVISION) - FROM RS 10/- PER SHARE TO RE 1/- PER SHARE,1.7456359102244332,10-MAY-24,2.2556390977443574,7.512953367875649,-24.173913043478255,https://nsearchives.nseindia.com/today/NIF100IETFEQN.svg,https://nsearchives.nseindia.com/30d/NIF100IETF-EQ.svg,https://nsearchives.nseindia.com/365d/NIF100IETF-EQ.svg,EQ
MOPSE,Nifty PSE Total Return Index,100.2,100.95,99.85,99.93,-0.34,-0.34,9438,948235.86,100.2867,114.7,92.55,-,-,3.694095672927262,-1.0789942585626502,100.27,0,4.05,-0.74,12-Aug-2025,13-Jul-2026,-,-1.0789942585626502,-,3.694095672927262,12.877070619006098,-7.974068071312814,https://nsearchives.nseindia.com/today/MOPSEEQN.svg,https://nsearchives.nseindia.com/30d/MOPSE-EQ.svg,https://nsearchives.nseindia.com/365d/MOPSE-EQ.svg,EQ
GROWWN200,Nifty 200 Index- Total Return Index,11.61,11.61,11.36,11.58,0.04,0.35,80781,927365.88,11.5436,12.14,9.91,-,-,4.986400725294658,1.6681299385425767,11.54,0,4.62,1.32,12-Aug-2025,13-Jul-2026,-,1.6681299385425767,-,4.986400725294658,4.612850082372327,-16.851664984863774,https://nsearchives.nseindia.com/today/GROWWN200EQN.svg,https://nsearchives.nseindia.com/30d/GROWWN200-EQ.svg,https://nsearchives.nseindia.com/365d/GROWWN200-EQ.svg,EQ
IVZINGOLD,Gold,132.85,133,131.2,131.9,-1.3,-0.98,6989,922338.33,132.3363,156,85.9,30-APR-26,FACE VALUE SPLIT (SUB-DIVISION) - FROM RS 100/- PER SHARE TO RE 1/- PER SHARE,-98.48495290604181,7.235772357723582,133.2,0,-98.47,8.29,12-Aug-2025,13-Jul-2026,FACE VALUE SPLIT (SUB-DIVISION) - FROM RS 100/- PER SHARE TO RE 1/- PER SHARE,7.235772357723582,30-APR-26,-98.48495290604181,15.448717948717945,-53.55064027939464,https://nsearchives.nseindia.com/today/IVZINGOLDEQN.svg,https://nsearchives.nseindia.com/30d/IVZINGOLD-EQ.svg,https://nsearchives.nseindia.com/365d/IVZINGOLD-EQ.svg,EQ
SENSEXAXIS,AXIS S&P BSE SENSEX ETF,81,81.78,80.68,81.7,0.7,0.86,11340,918426.6,80.9695,91.35,73.52,-,-,Infinity,1.4528747050788546,81,0,0,0.58,,13-Jul-2026,-,1.4528747050788546,-,Infinity,10.56376573617952,-11.126224156692066,https://nsearchives.nseindia.com/today/SENSEXAXISEQN.svg,https://nsearchives.nseindia.com/30d/SENSEXAXIS-EQ.svg,,EQ
GROWWCHEM,Nifty Chemicals Index - TRI,30.48,30.93,30.48,30.72,0.24,0.79,29248,898206.08,30.4945,31.74,24.64,-,-,Infinity,3.225806451612894,30.48,0,0,2.42,,13-Jul-2026,-,3.225806451612894,-,Infinity,3.213610586011341,-24.675324675324667,https://nsearchives.nseindia.com/today/GROWWCHEMEQN.svg,https://nsearchives.nseindia.com/30d/GROWWCHEM-EQ.svg,,EQ
AONENIFTY,Nifty 50 Index,12,12,10.05,10.09,0.01,0.10,88401,890198.07,10.0988,12,9,-,-,0.8999999999999986,1.2036108324974846,10.08,0,0.8,1.1,12-Aug-2025,13-Jul-2026,-,1.2036108324974846,-,0.8999999999999986,15.916666666666666,-12.111111111111109,https://nsearchives.nseindia.com/today/AONENIFTYEQN.svg,https://nsearchives.nseindia.com/30d/AONENIFTY-EQ.svg,https://nsearchives.nseindia.com/365d/AONENIFTY-EQ.svg,EQ
ABSLPSE,Aditya Birla Sun Life Nifty PSE ETF,10.3,10.31,10.2,10.3,0.04,0.39,86622,887875.5,10.2526,11.6,9.21,-,-,5.316973415132939,-0.3868471953578254,10.26,0,4.91,-0.77,12-Aug-2025,13-Jul-2026,-,-0.3868471953578254,-,5.316973415132939,11.206896551724128,-11.834961997828445,https://nsearchives.nseindia.com/today/ABSLPSEEQN.svg,https://nsearchives.nseindia.com/30d/ABSLPSE-EQ.svg,https://nsearchives.nseindia.com/365d/ABSLPSE-EQ.svg,EQ
SBIETFPB,Nifty Private Bank Index,279.83,280.02,278.09,279.85,-0.17,-0.06,3116,868709.64,280.3538,304.58,244.18,-,-,3.456561922365997,-2.7758476931628517,280.02,0,3.52,-2.72,12-Aug-2025,13-Jul-2026,-,-2.7758476931628517,-,3.456561922365997,8.119377503447359,-14.608076009501195,https://nsearchives.nseindia.com/today/SBIETFPBEQN.svg,https://nsearchives.nseindia.com/30d/SBIETFPB-EQ.svg,https://nsearchives.nseindia.com/365d/SBIETFPB-EQ.svg,EQ
MOM50,Nifty 50,255.88,257.18,254.75,255.26,-0.62,-0.24,3390,866450.1,256.0427,279.33,231.11,16-OCT-14,FACE VALUE SPLIT FROM RS.10/- TO RS.7/-,0.27104529206112177,0.9611201202388872,255.88,0,0.51,1.21,12-Aug-2025,13-Jul-2026,FACE VALUE SPLIT FROM RS.10/- TO RS.7/-,0.9611201202388872,16-OCT-14,0.27104529206112177,8.617047936132886,-10.449569469083976,https://nsearchives.nseindia.com/today/MOM50EQN.svg,https://nsearchives.nseindia.com/30d/MOM50-EQ.svg,https://nsearchives.nseindia.com/365d/MOM50-EQ.svg,EQ
ABSLBANETF,Nifty Bank,60.88,60.88,59.1,59.24,-0.16,-0.27,14273,844533.41,59.4207,64.94,50.97,25-NOV-21, FACE VALUE SPLIT (SUB-DIVISION) - FROM RS 10/- PER SHARE TO RE 1/- PER SHARE,5.334281650071124,-0.43697478991596306,59.4,0,5.62,-0.17,12-Aug-2025,13-Jul-2026, FACE VALUE SPLIT (SUB-DIVISION) - FROM RS 10/- PER SHARE TO RE 1/- PER SHARE,-0.43697478991596306,25-NOV-21,5.334281650071124,8.777332922697868,-16.225230527761436,https://nsearchives.nseindia.com/today/ABSLBANETFEQN.svg,https://nsearchives.nseindia.com/30d/ABSLBANETF-EQ.svg,https://nsearchives.nseindia.com/365d/ABSLBANETF-EQ.svg,EQ
HDFCVALUE,HDFC NIFTY50 Value 20 ETF,127.22,127.81,126.86,127.8,-0.14,-0.11,6508,827947.76,127.8029,147.05,120,-,-,-1.7225469086434906,-0.03128911138924144,127.94,0,-1.61,0.08,12-Aug-2025,13-Jul-2026,-,-0.03128911138924144,-,-1.7225469086434906,13.090785447126835,-6.499999999999998,https://nsearchives.nseindia.com/today/HDFCVALUEEQN.svg,https://nsearchives.nseindia.com/30d/HDFCVALUE-EQ.svg,https://nsearchives.nseindia.com/365d/HDFCVALUE-EQ.svg,EQ
MOMENTUM30,Nifty 200 Momentum 30 Index,31.37,31.37,31.15,31.35,0.13,0.42,25872,809017.44,31.406,37.38,26.91,-,-,Infinity,2.517985611510802,31.22,0,0,2.09,,13-Jul-2026,-,2.517985611510802,-,Infinity,16.131621187800967,-16.499442586399113,https://nsearchives.nseindia.com/today/MOMENTUM30EQN.svg,https://nsearchives.nseindia.com/30d/MOMENTUM30-EQ.svg,,EQ
NIFTYQLITY,Aditya Birla Sun Life Nifty 200 Quality 30 ETF,21.93,21.98,21.8,21.95,0.12,0.55,34711,759476.68,21.9107,23.03,18.95,-,-,5.225311601150527,4.176554342667295,21.83,0,4.65,3.61,12-Aug-2025,13-Jul-2026,-,4.176554342667295,-,5.225311601150527,4.6895353886235425,-15.8311345646438,https://nsearchives.nseindia.com/today/NIFTYQLITYEQN.svg,https://nsearchives.nseindia.com/30d/NIFTYQLITY-EQ.svg,https://nsearchives.nseindia.com/365d/NIFTYQLITY-EQ.svg,EQ
ABSL10BANK,BSE Top 10 Banks Index,169.93,169.93,169.07,169.93,-0.07,-0.04,4456,754178,169.6846,214.42,150,-,-,Infinity,-2.563073394495412,170,0,0,-2.52,,13-Jul-2026,-,-2.563073394495412,-,Infinity,20.748997295028442,-13.28666666666667,https://nsearchives.nseindia.com/today/ABSL10BANKEQN.svg,https://nsearchives.nseindia.com/30d/ABSL10BANK-EQ.svg,,EQ
HDFCQUAL,HDFC NIFTY100 Quality 30 ETF,60.06,60.26,59.94,59.94,-0.12,-0.20,12527,752747.43,60.1632,61.87,51.91,-,-,6.370896184560775,4.771893025694802,60.06,0,6.58,4.98,12-Aug-2025,13-Jul-2026,-,4.771893025694802,-,6.370896184560775,3.1194439954743816,-15.46908110190715,https://nsearchives.nseindia.com/today/HDFCQUALEQN.svg,https://nsearchives.nseindia.com/30d/HDFCQUAL-EQ.svg,https://nsearchives.nseindia.com/365d/HDFCQUAL-EQ.svg,EQ
SILVERBND,Commodity - Silver,236.53,236.53,230.42,232.39,-4.14,-1.75,3219,748288.74,236.3057,389,180,-,-,Infinity,6.689009273712236,236.53,0,0,8.59,,13-Jul-2026,-,6.689009273712236,-,Infinity,40.25964010282777,-29.105555555555547,https://nsearchives.nseindia.com/today/SILVERBNDEQN.svg,https://nsearchives.nseindia.com/30d/SILVERBND-EQ.svg,,EQ
ELMDIV,Index (BSE LargeMid (60:40) Stable Dividend 50),36.94,37.47,36.78,36.97,0.22,0.60,20248,747151.2,36.7584,38.67,36.13,-,-,Infinity,Infinity,36.75,0,0,0,,,-,Infinity,-,Infinity,4.396172743728996,-2.324937724882359,https://nsearchives.nseindia.com/today/ELMDIVEQN.svg,,,EQ
ECAPINSURE,BSE Capital Markets & Insurance Total Return Index,23.9,23.9,23.67,23.8,0.12,0.51,29269,696016.82,23.7596,25.88,20.5,-,-,3.658536585365853,-3.4090909090909083,23.68,0,3.14,-3.9,12-Aug-2025,13-Jul-2026,-,-3.4090909090909083,-,3.658536585365853,8.037094281298293,-16.09756097560976,https://nsearchives.nseindia.com/today/ECAPINSUREEQN.svg,https://nsearchives.nseindia.com/30d/ECAPINSURE-EQ.svg,https://nsearchives.nseindia.com/365d/ECAPINSURE-EQ.svg,EQ
MIDQ50ADD,Nifty Midcap 150 Quality 50 Index,25.51,25.76,25.51,25.53,-0.1,-0.39,25967,664495.53,25.7125,25.97,21,03-JUL-26,FACE VALUE SPLIT (SUB-DIVISION) - FROM RS 10/- PER UNIT TO RE 1/- PER UNIT,-89.5016037503084,2.4067388688327376,25.63,0,-89.46,2.81,12-Aug-2025,13-Jul-2026,FACE VALUE SPLIT (SUB-DIVISION) - FROM RS 10/- PER UNIT TO RE 1/- PER UNIT,2.4067388688327376,03-JUL-26,-89.5016037503084,1.6942626107046506,-21.571428571428577,https://nsearchives.nseindia.com/today/MIDQ50ADDEQN.svg,https://nsearchives.nseindia.com/30d/MIDQ50ADD-EQ.svg,https://nsearchives.nseindia.com/365d/MIDQ50ADD-EQ.svg,EQ
GROWWSC250,Nifty Smallcap 250 Index - TRI,10.7,10.7,10.58,10.62,0,0.00,61836,656698.32,10.5855,10.97,8,-,-,Infinity,1.6267942583732051,10.62,0,0,1.63,,13-Jul-2026,-,1.6267942583732051,-,Infinity,3.1905195989061204,-32.74999999999999,https://nsearchives.nseindia.com/today/GROWWSC250EQN.svg,https://nsearchives.nseindia.com/30d/GROWWSC250-EQ.svg,,EQ
MONIFTY100,Nifty 100 Total Return Index,26.13,26.47,25.6,25.83,0.07,0.27,24244,624525.44,25.7819,27.97,22.38,-,-,Infinity,1.6129032258064382,25.76,0,0,1.34,,13-Jul-2026,-,1.6129032258064382,-,Infinity,7.651054701465859,-15.415549597855225,https://nsearchives.nseindia.com/today/MONIFTY100EQN.svg,https://nsearchives.nseindia.com/30d/MONIFTY100-EQ.svg,,EQ
SENSEXADD,DSP S&P BSE Sensex ETF,80.47,80.47,80.13,80.18,-0.08,-0.10,7504,602421.12,80.472,88.2,73.27,-,-,-2.291006580550811,0.3504380475594507,80.26,0,-2.19,0.45,12-Aug-2025,13-Jul-2026,-,0.3504380475594507,-,-2.291006580550811,9.092970521541945,-9.430872116828185,https://nsearchives.nseindia.com/today/SENSEXADDEQN.svg,https://nsearchives.nseindia.com/30d/SENSEXADD-EQ.svg,https://nsearchives.nseindia.com/365d/SENSEXADD-EQ.svg,EQ
HEALTHCARE,Nifty 500 Healthcare Index,21.7,21.71,21.59,21.67,0.07,0.32,26898,583148.64,21.6845,22.29,17.18,-,-,Infinity,2.410207939508514,21.6,0,0,2.08,,13-Jul-2026,-,2.410207939508514,-,Infinity,2.7815163750560674,-26.1350407450524,https://nsearchives.nseindia.com/today/HEALTHCAREEQN.svg,https://nsearchives.nseindia.com/30d/HEALTHCARE-EQ.svg,,EQ
BBNPPGOLD,Baroda BNP Paribas Gold ETF,147.8,147.95,146.05,146.85,-0.95,-0.64,3375,495078.75,147.3203,184.05,94.5,-,-,50.77002053388089,7.503660322108346,147.8,0,51.75,8.2,12-Aug-2025,13-Jul-2026,-,7.503660322108346,-,50.77002053388089,20.211898940505307,-55.396825396825385,https://nsearchives.nseindia.com/today/BBNPPGOLDEQN.svg,https://nsearchives.nseindia.com/30d/BBNPPGOLD-EQ.svg,https://nsearchives.nseindia.com/365d/BBNPPGOLD-EQ.svg,EQ
QNIFTY,Nifty 50,274.91,274.91,268,268.6,0.39,0.15,1704,457762.56,269.1807,291.19,243.2,13-FEB-26,FACE VALUE SPLIT (SUB-DIVISION) - FROM RS 10/- PER UNIT TO RE 1/- PER UNIT,-89.97985525628592,0.863687570409317,268.21,0,-89.99,0.72,12-Aug-2025,13-Jul-2026,FACE VALUE SPLIT (SUB-DIVISION) - FROM RS 10/- PER UNIT TO RE 1/- PER UNIT,0.863687570409317,13-FEB-26,-89.97985525628592,7.757821353755271,-10.444078947368437,https://nsearchives.nseindia.com/today/QNIFTYEQN.svg,https://nsearchives.nseindia.com/30d/QNIFTY-EQ.svg,https://nsearchives.nseindia.com/365d/QNIFTY-EQ.svg,EQ
SMALLADD,Nifty Smallcap 250 Index,18.49,18.53,18.45,18.5,0.05,0.27,24494,453139,18.4383,19.5,14.01,-,-,Infinity,1.36986301369863,18.45,0,0,1.1,,13-Jul-2026,-,1.36986301369863,-,Infinity,5.128205128205129,-32.048536759457534,https://nsearchives.nseindia.com/today/SMALLADDEQN.svg,https://nsearchives.nseindia.com/30d/SMALLADD-EQ.svg,,EQ
MOIPO,BSE Select IPO Total Return Index,48.06,49.04,47.97,48.96,0.47,0.97,9135,446610.15,48.5807,53,36.5,-,-,Infinity,4.281150159744405,48.49,0,0,3.28,,13-Jul-2026,-,4.281150159744405,-,Infinity,7.62264150943396,-34.136986301369866,https://nsearchives.nseindia.com/today/MOIPOEQN.svg,https://nsearchives.nseindia.com/30d/MOIPO-EQ.svg,,EQ
SBIVALETF,Nifty200 Value 30 Index,14.75,15.12,14.75,15,-0.05,-0.33,27742,415297.74,15.0568,17.7,14.43,-,-,Infinity,0.7387508394895865,15.05,0,0,1.07,,13-Jul-2026,-,0.7387508394895865,-,Infinity,15.25423728813559,-3.9501039501039523,https://nsearchives.nseindia.com/today/SBIVALETFEQN.svg,https://nsearchives.nseindia.com/30d/SBIVALETF-EQ.svg,,EQ
GROWWPSUBK,Nifty PSU Bank Index - TRI,87.08,88.95,87.08,88,-0.05,-0.06,4678,412272.14,88.4641,91.19,77.57,-,-,Infinity,3.969754253308128,88.05,0,0,4.03,,13-Jul-2026,-,3.969754253308128,-,Infinity,3.4981905910735804,-13.445919814361233,https://nsearchives.nseindia.com/today/GROWWPSUBKEQN.svg,https://nsearchives.nseindia.com/30d/GROWWPSUBK-EQ.svg,,EQ
MONEXT50,Nifty Next 50 Total Return Index,74.69,74.69,74.1,74.1,-0.44,-0.59,5238,389759.58,74.6663,75.89,59.43,-,-,12.357846853677014,2.8024417314095396,74.54,0,13.03,3.41,12-Aug-2025,13-Jul-2026,-,2.8024417314095396,-,12.357846853677014,2.358677032547116,-24.68450277637556,https://nsearchives.nseindia.com/today/MONEXT50EQN.svg,https://nsearchives.nseindia.com/30d/MONEXT50-EQ.svg,https://nsearchives.nseindia.com/365d/MONEXT50-EQ.svg,EQ
LICNFNHGP,Nifty 100,280.96,280.96,275,280.8,-0.15,-0.05,1392,388688.16,280.8292,296.41,248.02,-,-,2.9174607828764247,1.56617354505009,280.95,0,2.97,1.62,12-Aug-2025,13-Jul-2026,-,1.56617354505009,-,2.9174607828764247,5.266354036638444,-13.21667607451012,https://nsearchives.nseindia.com/today/LICNFNHGPEQN.svg,https://nsearchives.nseindia.com/30d/LICNFNHGP-EQ.svg,https://nsearchives.nseindia.com/365d/LICNFNHGP-EQ.svg,EQ
SENSEXETF,Mirae Asset S&P BSE Sensex ETF,80.49,80.5,80.26,80.28,-0.16,-0.20,4821,387319.14,80.5187,88.7,73.33,-,-,-2.181064944559513,0.5385097056981927,80.44,0,-1.99,0.74,12-Aug-2025,13-Jul-2026,-,0.5385097056981927,-,-2.181064944559513,9.492671927846676,-9.47770353197873,https://nsearchives.nseindia.com/today/SENSEXETFEQN.svg,https://nsearchives.nseindia.com/30d/SENSEXETF-EQ.svg,https://nsearchives.nseindia.com/365d/SENSEXETF-EQ.svg,EQ
MOOILGAS,Nifty Oil & Gas ETF Total Return Index,11.33,11.33,11.2,11.3,0.02,0.18,32230,362587.5,11.2922,11.7,11.2,-,-,Infinity,Infinity,11.28,0,0,0,,,-,Infinity,-,Infinity,3.4188034188034067,-0.8928571428571556,https://nsearchives.nseindia.com/today/MOOILGASEQN.svg,,,EQ
SBIETFCON,Nifty India Consumption Index,124.43,125.79,124.43,125.15,0.72,0.58,2803,350290.91,125.0237,133.97,100,-,-,3.36141394119591,4.178806293182395,124.43,0,2.77,3.58,12-Aug-2025,13-Jul-2026,-,4.178806293182395,-,3.36141394119591,6.583563484362165,-25.150000000000006,https://nsearchives.nseindia.com/today/SBIETFCONEQN.svg,https://nsearchives.nseindia.com/30d/SBIETFCON-EQ.svg,https://nsearchives.nseindia.com/365d/SBIETFCON-EQ.svg,EQ
GILT5BETA,UTI Nifty 5 yr Benchmark G-Sec ETF,66.21,66.92,66.06,66.92,0.71,1.07,5106,338017.2,66.5682,67.29,61.51,-,-,Infinity,0.1946399161551062,66.21,0,0,0.32,,10-Jul-2026,-,0.1946399161551062,-,Infinity,0.549858820032701,-8.795317834498462,https://nsearchives.nseindia.com/today/GILT5BETAEQN.svg,https://nsearchives.nseindia.com/30d/GILT5BETA-EQ.svg,,EQ
MOBANK10,BSE Top 10 Banks Total Return Index,17.28,17.28,16.76,17.1,0.15,0.88,19438,331029.14,16.981,20,15.75,-,-,Infinity,-1.9495412844036688,16.95,0,0,-2.81,,13-Jul-2026,-,-1.9495412844036688,-,Infinity,14.499999999999995,-8.57142857142858,https://nsearchives.nseindia.com/today/MOBANK10EQN.svg,https://nsearchives.nseindia.com/30d/MOBANK10-EQ.svg,,EQ
TOP15IETF,Nifty Top 15 Equal Weight Index,10.04,10.11,9.97,10.05,0.05,0.50,32419,324514.19,10.0432,11.36,9.15,-,-,-0.09940357852882492,1.926977687626788,10,0,-0.6,1.42,12-Aug-2025,13-Jul-2026,-,1.926977687626788,-,-0.09940357852882492,11.531690140845061,-9.836065573770494,https://nsearchives.nseindia.com/today/TOP15IETFEQN.svg,https://nsearchives.nseindia.com/30d/TOP15IETF-EQ.svg,https://nsearchives.nseindia.com/365d/TOP15IETF-EQ.svg,EQ
IVZINNIFTY,Nifty 50,273.53,286.16,273.53,279.8,-0.75,-0.27,1159,324241.84,280.4536,315,251.1,31-JUL-26,FACE VALUE SPLIT (SUB-DIVISION) - FROM RS 10/- PER SHARE TO RE 1/- PER SHARE,-89.96495984907988,-89.88471174320615,280.55,0,-89.94,-89.86,12-Aug-2025,13-Jul-2026,FACE VALUE SPLIT (SUB-DIVISION) - FROM RS 10/- PER SHARE TO RE 1/- PER SHARE,-89.88471174320615,31-JUL-26,-89.96495984907988,11.174603174603172,-11.429709279171652,https://nsearchives.nseindia.com/today/IVZINNIFTYEQN.svg,https://nsearchives.nseindia.com/30d/IVZINNIFTY-EQ.svg,https://nsearchives.nseindia.com/365d/IVZINNIFTY-EQ.svg,EQ
SNXT30BEES,BSE Sensex Next 30 Index,43.81,44,43.4,43.4,-0.37,-0.85,6893,300603.73,43.7081,44.2,36.83,-,-,14.030478192327893,2.794883941260066,43.77,0,15,3.67,12-Aug-2025,13-Jul-2026,-,2.794883941260066,-,14.030478192327893,1.8099547511312313,-17.83871843605756,https://nsearchives.nseindia.com/today/SNXT30BEESEQN.svg,https://nsearchives.nseindia.com/30d/SNXT30BEES-EQ.svg,https://nsearchives.nseindia.com/365d/SNXT30BEES-EQ.svg,EQ
SENSEXBETA,SENSEX,863.81,865.66,860.65,862.1,-1.84,-0.21,328,283116.48,864.5387,952.91,785,26-FEB-21, INTERIM DIVIDEND - RS 13.56 PER UNIT,Infinity,0.3994549710599024,863.94,0,0,0.61,,13-Jul-2026, INTERIM DIVIDEND - RS 13.56 PER UNIT,0.3994549710599024,26-FEB-21,Infinity,9.529756220419552,-9.821656050955417,https://nsearchives.nseindia.com/today/SENSEXBETAEQN.svg,https://nsearchives.nseindia.com/30d/SENSEXBETA-EQ.svg,,EQ
ITBETA,UTI Nifty IT ETF,328.99,333.32,327.27,333.32,4.3,1.31,835,275007.25,329.7095,409.94,270.68,-,-,Infinity,9.339019189765448,329.02,0,0,7.93,,13-Jul-2026,-,9.339019189765448,-,Infinity,18.690540079035955,-23.1417171567903,https://nsearchives.nseindia.com/today/ITBETAEQN.svg,https://nsearchives.nseindia.com/30d/ITBETA-EQ.svg,,EQ
DIVIDEND,BSE 500 Dividend Leaders,36.23,36.3,36.07,36.3,0.18,0.50,7122,257745.18,36.1737,38.03,33.15,-,-,Infinity,3.1249999999999836,36.12,0,0,2.61,,13-Jul-2026,-,3.1249999999999836,-,Infinity,4.549040231396276,-9.50226244343891,https://nsearchives.nseindia.com/today/DIVIDENDEQN.svg,https://nsearchives.nseindia.com/30d/DIVIDEND-EQ.svg,,EQ
MANUFGBEES,Nifty India Manufacturing TRI,168.6,168.6,166.4,166.4,-0.54,-0.32,1493,249136.91,167.1081,171.58,138.6,-,-,Infinity,4.104104104104105,166.94,0,0,4.44,,13-Jul-2026,-,4.104104104104105,-,Infinity,3.018999883436302,-20.057720057720065,https://nsearchives.nseindia.com/today/MANUFGBEESEQN.svg,https://nsearchives.nseindia.com/30d/MANUFGBEES-EQ.svg,,EQ
NETF,Tata Nifty 50 Exchange Traded Fund,265.3,265.53,264.1,265.5,0.2,0.08,910,241095.4,266.1675,292.9,240.66,-,-,0.26813701423769004,0.9620869300680581,265.3,0,0.19,0.89,12-Aug-2025,13-Jul-2026,-,0.9620869300680581,-,0.26813701423769004,9.354728576305899,-10.321615557217653,https://nsearchives.nseindia.com/today/NETFEQN.svg,https://nsearchives.nseindia.com/30d/NETF-EQ.svg,https://nsearchives.nseindia.com/365d/NETF-EQ.svg,EQ
GROWWNXT50,Index,75.68,75.68,74.1,74.7,-0.22,-0.29,3171,237127.38,75.0878,76.79,60.01,-,-,Infinity,2.9209148525764737,74.92,0,0,3.22,,13-Jul-2026,-,2.9209148525764737,-,Infinity,2.721708555801541,-24.47925345775705,https://nsearchives.nseindia.com/today/GROWWNXT50EQN.svg,https://nsearchives.nseindia.com/30d/GROWWNXT50-EQ.svg,,EQ
MOGSEC,Nifty 5 yr Benchmark G-Sec Index,65.72,65.78,65.35,65.35,-0.05,-0.08,3357,220152.06,65.5334,67.33,60.18,-,-,4.710783528280721,0.3223825606386149,65.4,0,4.79,0.4,12-Aug-2025,13-Jul-2026,-,0.3223825606386149,-,4.710783528280721,2.9407396405762722,-8.590893984712519,https://nsearchives.nseindia.com/today/MOGSECEQN.svg,https://nsearchives.nseindia.com/30d/MOGSEC-EQ.svg,https://nsearchives.nseindia.com/365d/MOGSEC-EQ.svg,EQ
UNIONGOLD,Commodity Gold,152.9,152.9,147.85,149.1,-0.8,-0.53,1421,211473.22,148.9272,177,95.55,-,-,51.2937595129376,7.848101265822781,149.9,0,52.11,8.43,12-Aug-2025,13-Jul-2026,-,7.848101265822781,-,51.2937595129376,15.762711864406782,-56.043956043956044,https://nsearchives.nseindia.com/today/UNIONGOLDEQN.svg,https://nsearchives.nseindia.com/30d/UNIONGOLD-EQ.svg,https://nsearchives.nseindia.com/365d/UNIONGOLD-EQ.svg,EQ
SMALLGROWW,Nifty Smallcap 250 Momentum Quality 100 Index TRI,48.17,49.3,48.07,48.9,0.01,0.02,4173,203141.64,48.6025,49.8,45,-,-,Infinity,2.429828236279842,48.89,0,0,2.41,,13-Jul-2026,-,2.429828236279842,-,Infinity,1.8072289156626478,-8.666666666666664,https://nsearchives.nseindia.com/today/SMALLGROWWEQN.svg,https://nsearchives.nseindia.com/30d/SMALLGROWW-EQ.svg,,EQ
LICNETFN50,Nifty 50,273.95,274.67,272.76,273.2,-0.96,-0.35,741,202196.67,274.3196,295,248.17,-,-,0.7226072850611929,0.8118081180811766,274.16,0,1.08,1.17,12-Aug-2025,13-Jul-2026,-,0.8118081180811766,-,0.7226072850611929,7.38983050847458,-10.085828262884315,https://nsearchives.nseindia.com/today/LICNETFN50EQN.svg,https://nsearchives.nseindia.com/30d/LICNETFN50-EQ.svg,https://nsearchives.nseindia.com/365d/LICNETFN50-EQ.svg,EQ
GROWWPSE,Nifty PSE Index - TRI,99.2,100.23,98.56,100.23,-0.17,-0.17,2007,199475.73,99.0793,109.85,93.2,-,-,Infinity,0.5215123859191759,100.4,0,0,0.69,,13-Jul-2026,-,0.5215123859191759,-,Infinity,8.757396449704133,-7.542918454935624,https://nsearchives.nseindia.com/today/GROWWPSEEQN.svg,https://nsearchives.nseindia.com/30d/GROWWPSE-EQ.svg,,EQ
GROWWMC150,Nifty Midcap 150 Index - TRI,237.98,237.98,232.18,234.6,2.42,1.04,847,199383.8,235.8456,245,193.6,-,-,Infinity,1.404797925221526,232.18,0,0,0.36,,13-Jul-2026,-,1.404797925221526,-,Infinity,4.2448979591836755,-21.177685950413224,https://nsearchives.nseindia.com/today/GROWWMC150EQN.svg,https://nsearchives.nseindia.com/30d/GROWWMC150-EQ.svg,,EQ
MOALPHA50,Nifty Alpha 50 Total Return Index,56.6,56.62,56.15,56.16,-0.24,-0.43,3526,199007.44,56.6859,62,42.1,-,-,12.635379061371836,4.11568409343715,56.4,0,13.12,4.56,12-Aug-2025,13-Jul-2026,-,4.11568409343715,-,12.635379061371836,9.419354838709683,-33.39667458432303,https://nsearchives.nseindia.com/today/MOALPHA50EQN.svg,https://nsearchives.nseindia.com/30d/MOALPHA50-EQ.svg,https://nsearchives.nseindia.com/365d/MOALPHA50-EQ.svg,EQ
LOWVOL,Mirae Asset Nifty 100 Low Volatility 30 ETF,211.17,211.5,211.04,211.39,0.64,0.30,929,196102.61,211.7682,219.1,183.58,-,-,4.446860022728396,2.7411907654920955,210.75,0,4.13,2.43,12-Aug-2025,13-Jul-2026,-,2.7411907654920955,-,4.446860022728396,3.5189411227749923,-15.148709009696029,https://nsearchives.nseindia.com/today/LOWVOLEQN.svg,https://nsearchives.nseindia.com/30d/LOWVOL-EQ.svg,https://nsearchives.nseindia.com/365d/LOWVOL-EQ.svg,EQ
PVTBKGROWW,Nifty Private Bank Index - TRI,27.41,27.51,27.28,27.48,0.07,0.26,7124,195126.36,27.5304,29.57,25.45,-,-,Infinity,-2.760084925690025,27.41,0,0,-3.01,,13-Jul-2026,-,-2.760084925690025,-,Infinity,7.067974298275279,-7.9764243614931285,https://nsearchives.nseindia.com/today/PVTBKGROWWEQN.svg,https://nsearchives.nseindia.com/30d/PVTBKGROWW-EQ.svg,,EQ
NEXT30ADD,BSE SENSEX Next 30 Index,43.85,43.97,43.67,43.97,0.09,0.21,4069,177896.68,43.8325,45.9,36.98,-,-,15.376541590133824,3.8988657844990513,43.88,0,15.14,3.69,12-Aug-2025,13-Jul-2026,-,3.8988657844990513,-,15.376541590133824,4.20479302832244,-18.9021092482423,https://nsearchives.nseindia.com/today/NEXT30ADDEQN.svg,https://nsearchives.nseindia.com/30d/NEXT30ADD-EQ.svg,https://nsearchives.nseindia.com/365d/NEXT30ADD-EQ.svg,EQ
SNXT50BETA,BSE Sensex Next 50,95.65,96.98,95.65,96.85,1.2,1.25,1657,160082.77,96.4467,102.25,77.11,17-FEB-21, FACE VALUE SPLIT (SUB-DIVISION) - FROM RS 10/- PER UNIT TO RE 1/- PER UNIT,Infinity,2.9005524861878342,95.65,0,0,1.63,,13-Jul-2026, FACE VALUE SPLIT (SUB-DIVISION) - FROM RS 10/- PER UNIT TO RE 1/- PER UNIT,2.9005524861878342,17-FEB-21,Infinity,5.281173594132035,-25.59979250421475,https://nsearchives.nseindia.com/today/SNXT50BETAEQN.svg,https://nsearchives.nseindia.com/30d/SNXT50BETA-EQ.svg,,EQ
LICNMID100,LIC MF Nifty Midcap 100 ETF,64.65,64.74,64.16,64.56,0.05,0.08,2447,158002.79,64.4566,67.5,52.3,-,-,14.386959603118365,2.1680645671783583,64.51,0,14.3,2.09,12-Aug-2025,13-Jul-2026,-,2.1680645671783583,-,14.386959603118365,4.3555555555555525,-23.441682600382418,https://nsearchives.nseindia.com/today/LICNMID100EQN.svg,https://nsearchives.nseindia.com/30d/LICNMID100-EQ.svg,https://nsearchives.nseindia.com/365d/LICNMID100-EQ.svg,EQ
MOMGF,Nifty India Manufacturing Total Return Index,166.31,171,165.31,166.33,0.79,0.48,926,153438.2,166.018,182.16,137.9,-,-,18.342226965492706,4.867284534392534,165.54,0,17.78,4.37,12-Aug-2025,13-Jul-2026,-,4.867284534392534,-,18.342226965492706,8.690162494510313,-20.616388687454684,https://nsearchives.nseindia.com/today/MOMGFEQN.svg,https://nsearchives.nseindia.com/30d/MOMGF-EQ.svg,https://nsearchives.nseindia.com/365d/MOMGF-EQ.svg,EQ
EQUAL50,Nifty50 Equal Weight,337.69,338.01,336.6,338.01,0.32,0.09,447,150576.42,338.0677,342.88,295.16,-,-,8.98275028212156,1.9453492580528378,337.69,0,8.88,1.85,12-Aug-2025,13-Jul-2026,-,1.9453492580528378,-,8.98275028212156,1.4203219785347656,-14.517549803496395,https://nsearchives.nseindia.com/today/EQUAL50EQN.svg,https://nsearchives.nseindia.com/30d/EQUAL50-EQ.svg,https://nsearchives.nseindia.com/365d/EQUAL50-EQ.svg,EQ
QUALITY30,Nifty200 Quality 30 Index,21.24,21.33,21.19,21.2,0.1,0.47,6898,146582.5,21.264,23.18,18.09,-,-,4.3820777941900575,4.023552502453387,21.1,0,3.89,3.53,12-Aug-2025,13-Jul-2026,-,4.023552502453387,-,4.3820777941900575,8.541846419327008,-17.191818684355994,https://nsearchives.nseindia.com/today/QUALITY30EQN.svg,https://nsearchives.nseindia.com/30d/QUALITY30-EQ.svg,https://nsearchives.nseindia.com/365d/QUALITY30-EQ.svg,EQ
SBINMID150,Nifty Midcap 150 Index,23.6,23.64,23.49,23.57,0.01,0.04,6131,144568.98,23.5761,24.06,19.81,-,-,Infinity,1.3327601031814218,23.56,0,0,1.29,,13-Jul-2026,-,1.3327601031814218,-,Infinity,2.036575228595172,-18.980312973245844,https://nsearchives.nseindia.com/today/SBINMID150EQN.svg,https://nsearchives.nseindia.com/30d/SBINMID150-EQ.svg,,EQ
CONSUMAXIS,NIFTY India Consumption Index,124.77,124.99,124.43,124.88,-1.04,-0.83,1134,141341.76,124.6722,131.85,105.63,-,-,Infinity,3.8071487946799656,125.92,0,0,4.67,,13-Jul-2026,-,3.8071487946799656,-,Infinity,5.286310200985969,-18.223989396951623,https://nsearchives.nseindia.com/today/CONSUMAXISEQN.svg,https://nsearchives.nseindia.com/30d/CONSUMAXIS-EQ.svg,,EQ
FMCGADD,Nifty FMCG Index (TRI),48.64,49.19,48.64,49.19,0.37,0.76,2667,130843.02,48.6351,51.09,47.87,-,-,Infinity,0.32633081786660534,48.82,0,0,-0.43,,13-Jul-2026,-,0.32633081786660534,-,Infinity,3.7189273830495315,-2.7574681428869865,https://nsearchives.nseindia.com/today/FMCGADDEQN.svg,https://nsearchives.nseindia.com/30d/FMCGADD-EQ.svg,,EQ
CONS,Kotak Nifty India Consumption ETF,12.57,12.57,12.43,12.53,0.08,0.64,9918,123677.46,12.4648,13.2,10.2,27-FEB-26,FACE VALUE SPLIT (SUB-DIVISION) - FROM RS 10/- PER SHARE TO RE 1/- PER SHARE,-89.60511033681765,4.765886287625405,12.45,0,-89.67,4.1,12-Aug-2025,13-Jul-2026,FACE VALUE SPLIT (SUB-DIVISION) - FROM RS 10/- PER SHARE TO RE 1/- PER SHARE,4.765886287625405,27-FEB-26,-89.60511033681765,5.075757575757576,-22.84313725490196,https://nsearchives.nseindia.com/today/CONSEQN.svg,https://nsearchives.nseindia.com/30d/CONS-EQ.svg,https://nsearchives.nseindia.com/365d/CONS-EQ.svg,EQ
TOP20,Nifty Top 20 Equal Weight,9.04,9.09,9.04,9.07,0.02,0.22,13192,119519.52,9.0711,9.99,8,-,-,Infinity,2.951191827468783,9.05,0,0,2.72,,13-Jul-2026,-,2.951191827468783,-,Infinity,9.20920920920921,-13.375000000000004,https://nsearchives.nseindia.com/today/TOP20EQN.svg,https://nsearchives.nseindia.com/30d/TOP20-EQ.svg,,EQ
MOINFRA,BSE India Infrastructure Total Return Index,60,60.15,59.49,59.9,-0.13,-0.22,1987,118723.25,59.6936,66,54.6,-,-,2.4632227163872695,-2.743951940250048,60.03,0,2.69,-2.53,12-Aug-2025,13-Jul-2026,-,-2.743951940250048,-,2.4632227163872695,9.242424242424244,-9.706959706959703,https://nsearchives.nseindia.com/today/MOINFRAEQN.svg,https://nsearchives.nseindia.com/30d/MOINFRA-EQ.svg,https://nsearchives.nseindia.com/365d/MOINFRA-EQ.svg,EQ
MSCIINDIA,MSCI India Index,30.37,30.39,30.25,30.28,-0.09,-0.30,3781,114639.92,30.395,32.14,26.5,-,-,4.305890458146744,1.1018363939899896,30.37,0,4.62,1.4,12-Aug-2025,13-Jul-2026,-,1.1018363939899896,-,4.305890458146744,5.787181082762911,-14.264150943396231,https://nsearchives.nseindia.com/today/MSCIINDIAEQN.svg,https://nsearchives.nseindia.com/30d/MSCIINDIA-EQ.svg,https://nsearchives.nseindia.com/365d/MSCIINDIA-EQ.svg,EQ
MON50EQUAL,Nifty 50 Equal Weight Total Return Index,34,34,33.76,33.94,-0.14,-0.41,3326,112718.14,33.9078,36,29.43,-,-,8.956661316211875,1.1323003575685204,34.08,0,9.41,1.55,12-Aug-2025,13-Jul-2026,-,1.1323003575685204,-,8.956661316211875,5.7222222222222285,-15.324498810737335,https://nsearchives.nseindia.com/today/MON50EQUALEQN.svg,https://nsearchives.nseindia.com/30d/MON50EQUAL-EQ.svg,https://nsearchives.nseindia.com/365d/MON50EQUAL-EQ.svg,EQ
MIDCAPBETA,UTI Nifty Midcap 150 Exchange Traded Fund (ETF),238.13,238.5,237.18,238.5,-1.33,-0.55,415,98778.3,237.7555,239.9,192.5,-,-,Infinity,1.390128810100757,239.83,0,0,1.96,,13-Jul-2026,-,1.390128810100757,-,Infinity,0.5835764902042542,-23.896103896103895,https://nsearchives.nseindia.com/today/MIDCAPBETAEQN.svg,https://nsearchives.nseindia.com/30d/MIDCAPBETA-EQ.svg,,EQ
NEXT50ADD,Nifty Next 50 TRI,75.13,75.13,74.8,75.1,0.3,0.40,1266,95013.3,75.135,81,56.25,-,-,Infinity,3.4577765532442357,74.8,0,0,3.04,,13-Jul-2026,-,3.4577765532442357,-,Infinity,7.283950617283957,-33.511111111111106,https://nsearchives.nseindia.com/today/NEXT50ADDEQN.svg,https://nsearchives.nseindia.com/30d/NEXT50ADD-EQ.svg,,EQ
MOSERVICE,Nifty Services Sector Total Return Index,31.74,31.74,31.22,31.25,-0.09,-0.29,3003,94023.93,31.369,35.37,28.3,-,-,Infinity,-0.5727012408526876,31.34,0,0,-0.29,,13-Jul-2026,-,-0.5727012408526876,-,Infinity,11.648289510884926,-10.424028268551234,https://nsearchives.nseindia.com/today/MOSERVICEEQN.svg,https://nsearchives.nseindia.com/30d/MOSERVICE-EQ.svg,,EQ
MSCIADD,MSCI India Index,30.01,30.07,29.91,30.05,0.01,0.03,3114,93544.56,30.0847,33.82,26.4,-,-,Infinity,1.28075497135153,30.04,0,0,1.25,,13-Jul-2026,-,1.28075497135153,-,Infinity,11.147250147841513,-13.825757575757585,https://nsearchives.nseindia.com/today/MSCIADDEQN.svg,https://nsearchives.nseindia.com/30d/MSCIADD-EQ.svg,,EQ
ESG,NIFTY100 ESG SECTOR LEADERS,42.05,42.05,41.9,41.99,-0.07,-0.17,1967,82574.66,42.1628,45.06,37.52,-,-,0.5989458552946814,0.8163265306122531,42.06,0,0.77,0.98,12-Aug-2025,13-Jul-2026,-,0.8163265306122531,-,0.5989458552946814,6.813138038171327,-11.913646055437097,https://nsearchives.nseindia.com/today/ESGEQN.svg,https://nsearchives.nseindia.com/30d/ESG-EQ.svg,https://nsearchives.nseindia.com/365d/ESG-EQ.svg,EQ
VALUE,Nifty 500 Value 50,16.47,16.47,16.31,16.34,-0.05,-0.31,4893,79951.62,16.4062,19.69,14.83,-,-,Infinity,0.9264978381717021,16.39,0,0,1.24,,13-Jul-2026,-,0.9264978381717021,-,Infinity,17.013712544438807,-10.182063385030341,https://nsearchives.nseindia.com/today/VALUEEQN.svg,https://nsearchives.nseindia.com/30d/VALUE-EQ.svg,,EQ
MIDCAPADD,Nifty Midcap 150 Index,23.55,23.58,23.43,23.43,-0.1,-0.42,3146,73773.7,23.5762,25.5,19.27,-,-,Infinity,-1.013941698352353,23.53,0,0,-0.59,,13-Jul-2026,-,-1.013941698352353,-,Infinity,8.11764705882353,-21.58796056045667,https://nsearchives.nseindia.com/today/MIDCAPADDEQN.svg,https://nsearchives.nseindia.com/30d/MIDCAPADD-EQ.svg,,EQ
EQUAL200,BSE 200 Equal Weight,14.08,14.08,14.04,14.07,0.03,0.21,5157,72507.42,11.898,14.6,11.75,-,-,11.313291139240503,1.9565217391304317,14.04,0,11.08,1.74,12-Aug-2025,13-Jul-2026,-,1.9565217391304317,-,11.313291139240503,3.6301369863013657,-19.744680851063833,https://nsearchives.nseindia.com/today/EQUAL200EQN.svg,https://nsearchives.nseindia.com/30d/EQUAL200-EQ.svg,https://nsearchives.nseindia.com/365d/EQUAL200-EQ.svg,EQ
NPBET,Nifty Private Bank Index,283.19,283.74,282,283.17,0.2,0.07,252,71288.28,284.3458,307,246.26,-,-,3.0983761741789815,-3.0803983981928327,282.97,0,3.03,-3.15,12-Aug-2025,13-Jul-2026,-,-3.0803983981928327,-,3.0983761741789815,7.762214983713349,-14.988223828473982,https://nsearchives.nseindia.com/today/NPBETEQN.svg,https://nsearchives.nseindia.com/30d/NPBET-EQ.svg,https://nsearchives.nseindia.com/365d/NPBET-EQ.svg,EQ
GROWWLOVOL,Nifty 500 Low Volatility 50 Index   TRI,10.55,10.77,10.53,10.6,0.05,0.47,6644,70293.52,10.602,11.1,9.39,-,-,7.723577235772355,2.217936354869821,10.55,0,7.22,1.74,12-Aug-2025,13-Jul-2026,-,2.217936354869821,-,7.723577235772355,4.504504504504505,-12.8860489882854,https://nsearchives.nseindia.com/today/GROWWLOVOLEQN.svg,https://nsearchives.nseindia.com/30d/GROWWLOVOL-EQ.svg,https://nsearchives.nseindia.com/365d/GROWWLOVOL-EQ.svg,EQ
MOMNC,Nifty MNC ETF Total Return Index,33.94,33.98,33.52,33.52,-0.28,-0.83,2074,70142.68,33.8026,35.8,27.03,-,-,Infinity,3.5206917850525032,33.8,0,0,4.39,,13-Jul-2026,-,3.5206917850525032,-,Infinity,6.368715083798866,-24.01035886052535,https://nsearchives.nseindia.com/today/MOMNCEQN.svg,https://nsearchives.nseindia.com/30d/MOMNC-EQ.svg,,EQ
MIDBANKADD,BSE MidSmall Private Banks Index,17.43,17.48,17.41,17.47,0.02,0.11,3959,69084.55,17.4301,17.83,17.23,-,-,Infinity,Infinity,17.45,0,0,0,,,-,Infinity,-,Infinity,2.01906898485698,-1.3929193267556497,https://nsearchives.nseindia.com/today/MIDBANKADDEQN.svg,,,EQ
EMETAL,Nifty Metal Total Return Index,13.06,13.14,13.05,13.06,-0.15,-1.14,5090,66475.4,13.1591,15.21,12.41,-,-,Infinity,Infinity,13.21,0,0,0,,,-,Infinity,-,Infinity,14.13543721236029,-5.237711522965353,https://nsearchives.nseindia.com/today/EMETALEQN.svg,,,EQ
ENIFTY,Nifty 50 TRI,24.03,25.44,24.03,24.55,-0.1,-0.41,2508,61696.8,24.6366,27.99,22.28,-,-,Infinity,0.7799671592775094,24.65,0,0,1.19,,13-Jul-2026,-,0.7799671592775094,-,Infinity,12.290103608431576,-10.188509874326748,https://nsearchives.nseindia.com/today/ENIFTYEQN.svg,https://nsearchives.nseindia.com/30d/ENIFTY-EQ.svg,,EQ
MOMETAL,Nifty Metal Index,13.13,13.13,13.03,13.08,-0.08,-0.61,4387,57338.09,13.17,13.32,13.03,-,-,Infinity,Infinity,13.16,0,0,0,,,-,Infinity,-,Infinity,1.8018018018018034,-0.38372985418266087,https://nsearchives.nseindia.com/today/MOMETALEQN.svg,,,EQ
EBANK10,Index (BSE Top 10 Bank),16.87,16.88,16.74,16.86,0,0.00,2692,45333.28,16.8504,17.13,16.7,-,-,Infinity,Infinity,16.86,0,0,0,,,-,Infinity,-,Infinity,1.5761821366024495,-0.9580838323353302,https://nsearchives.nseindia.com/today/EBANK10EQN.svg,,,EQ
GSEC5IETF,Nifty 5 yr Benchmark G-Sec Index,66.6,66.89,66.31,66.31,-0.24,-0.36,618,41103.18,66.5054,69.14,62,-,-,5.605988214683872,0.43926083005150907,66.55,0,5.99,0.8,12-Aug-2025,13-Jul-2026,-,0.43926083005150907,-,5.605988214683872,4.093144344807635,-6.9516129032258105,https://nsearchives.nseindia.com/today/GSEC5IETFEQN.svg,https://nsearchives.nseindia.com/30d/GSEC5IETF-EQ.svg,https://nsearchives.nseindia.com/365d/GSEC5IETF-EQ.svg,EQ
GSEC10YEAR,Mirae Asset Nifty 8-13 yr G-Sec ETF,30.5,30.7,30.43,30.68,0.03,0.10,1250,38087.5,30.5763,31.33,28.39,-,-,5.320974939924478,0.8547008547008481,30.65,0,5.22,0.76,12-Aug-2025,13-Jul-2026,-,0.8547008547008481,-,5.320974939924478,2.0746887966804937,-8.066220500176115,https://nsearchives.nseindia.com/today/GSEC10YEAREQN.svg,https://nsearchives.nseindia.com/30d/GSEC10YEAR-EQ.svg,https://nsearchives.nseindia.com/365d/GSEC10YEAR-EQ.svg,EQ
MOQUALITY,Motilal Oswal S&P BSE Quality ETF,207.01,207.01,205.1,205.94,-0.05,-0.02,116,23844.96,205.6777,225.6,176.15,-,-,10.37624611426733,2.0464793617759254,205.99,0,10.4,2.07,12-Aug-2025,13-Jul-2026,-,2.0464793617759254,-,10.37624611426733,8.714539007092197,-16.911722963383475,https://nsearchives.nseindia.com/today/MOQUALITYEQN.svg,https://nsearchives.nseindia.com/30d/MOQUALITY-EQ.svg,https://nsearchives.nseindia.com/365d/MOQUALITY-EQ.svg,EQ
EBANKNIFTY,Edelweiss Nifty Bank ETF,58.29,58.38,58.03,58.33,0.01,0.02,379,22012.32,58.4428,69.39,50.05,-,-,5.042319466954794,-0.6472491909385156,58.32,0,5.02,-0.66,12-Aug-2025,13-Jul-2026,-,-0.6472491909385156,-,5.042319466954794,15.938896094538121,-16.543456543456546,https://nsearchives.nseindia.com/today/EBANKNIFTYEQN.svg,https://nsearchives.nseindia.com/30d/EBANKNIFTY-EQ.svg,https://nsearchives.nseindia.com/365d/EBANKNIFTY-EQ.svg,EQ
HDFCLOWVOL,HDFC NIFTY100 Low Volatility 30 ETF,21.1,21.15,21.05,21.13,0.04,0.19,947,19953.29,21.155,22.28,18.35,20-OCT-23,FACE VALUE SPLIT (SUB-DIVISION) - FROM RS 126.18/- PER SHARE TO RS 12.618/- PER SHARE,4.397233201581031,2.37403100775193,21.09,0,4.2,2.18,12-Aug-2025,13-Jul-2026,FACE VALUE SPLIT (SUB-DIVISION) - FROM RS 126.18/- PER SHARE TO RS 12.618/- PER SHARE,2.37403100775193,20-OCT-23,4.397233201581031,5.1615798922800815,-15.14986376021797,https://nsearchives.nseindia.com/today/HDFCLOWVOLEQN.svg,https://nsearchives.nseindia.com/30d/HDFCLOWVOL-EQ.svg,https://nsearchives.nseindia.com/365d/HDFCLOWVOL-EQ.svg,EQ
SBIETFQLTY,Nifty 200 Quality 30 Index,228.14,228.78,227.26,228.78,1.19,0.52,87,19853.4,228.108,247.28,194,-,-,5.380009212344545,4.313332117453952,227.59,0,4.83,3.77,12-Aug-2025,13-Jul-2026,-,4.313332117453952,-,5.380009212344545,7.4813976059527665,-17.927835051546392,https://nsearchives.nseindia.com/today/SBIETFQLTYEQN.svg,https://nsearchives.nseindia.com/30d/SBIETFQLTY-EQ.svg,https://nsearchives.nseindia.com/365d/SBIETFQLTY-EQ.svg,EQ
BBNPNBETF,Baroda BNP Paribas NIFTY Bank ETF,58.29,58.36,58,58,-0.08,-0.14,331,19237.72,58.4073,62.77,50.03,-,-,4.97737556561086,-0.6509078451524538,58.08,0,5.12,-0.51,12-Aug-2025,13-Jul-2026,-,-0.6509078451524538,-,4.97737556561086,7.599171578779677,-15.930441734959022,https://nsearchives.nseindia.com/today/BBNPNBETFEQN.svg,https://nsearchives.nseindia.com/30d/BBNPNBETF-EQ.svg,https://nsearchives.nseindia.com/365d/BBNPNBETF-EQ.svg,EQ
ENEXT50,Nifty Next 50 Total Return Index,74.5,74.5,72.63,73.4,-1.08,-1.45,217,15854.02,74.4817,75.14,68.59,-,-,Infinity,2.143055942109666,74.48,0,0,3.65,,13-Jul-2026,-,2.143055942109666,-,Infinity,2.315677402182586,-7.012684064732471,https://nsearchives.nseindia.com/today/ENEXT50EQN.svg,https://nsearchives.nseindia.com/30d/ENEXT50-EQ.svg,,EQ
ABSLMSCIN,MSCI India Index,30.13,30.13,29.93,30,0.07,0.23,513,15374.61,30.0607,35.34,26.34,-,-,Infinity,1.3856032443393043,29.93,0,0,1.15,,13-Jul-2026,-,1.3856032443393043,-,Infinity,15.110356536502556,-13.895216400911162,https://nsearchives.nseindia.com/today/ABSLMSCINEQN.svg,https://nsearchives.nseindia.com/30d/ABSLMSCIN-EQ.svg,,EQ
ABGSEC,Aditya Birla Sun Life CRISIL Broad Based Gilt ETF,114.6,115.15,114.6,115.14,-0.01,-0.01,113,12955.45,114.9497,116.23,108,-,-,4.825200291332846,1.0000000000000004,115.15,0,4.83,1.01,12-Aug-2025,13-Jul-2026,-,1.0000000000000004,-,4.825200291332846,0.9377957498064212,-6.611111111111111,https://nsearchives.nseindia.com/today/ABGSECEQN.svg,https://nsearchives.nseindia.com/30d/ABGSEC-EQ.svg,https://nsearchives.nseindia.com/365d/ABGSEC-EQ.svg,EQ
MSCI360,MSCI India Index,10.3,10.31,10.25,10.28,-0.01,-0.10,937,9632.36,10.2807,11.6,9.6,-,-,Infinity,-7.885304659498216,10.29,0,0,-7.8,,13-Jul-2026,-,-7.885304659498216,-,Infinity,11.379310344827589,-7.08333333333333,https://nsearchives.nseindia.com/today/MSCI360EQN.svg,https://nsearchives.nseindia.com/30d/MSCI360-EQ.svg,,EQ
ESENSEX,BSE Sensex TRI,78.19,80.13,78.19,80.13,1.14,1.44,112,8804.32,78.5411,88.05,71.87,-,-,Infinity,3.008098727342832,78.99,0,0,1.54,,13-Jul-2026,-,3.008098727342832,-,Infinity,8.994889267461673,-11.492973424238194,https://nsearchives.nseindia.com/today/ESENSEXEQN.svg,https://nsearchives.nseindia.com/30d/ESENSEX-EQ.svg,,EQ
BANK10BETF,Index,20.83,20.87,20.73,20.73,-0.1,-0.48,77,1603.14,20.8927,24.9,20.17,-,-,Infinity,Infinity,20.83,0,0,0,,,-,Infinity,-,Infinity,16.746987951807224,-2.776400594942978,https://nsearchives.nseindia.com/today/BANK10BETFEQN.svg,,,EQ
GILT10BETA,UTI Nifty 10 yr Benchmark G-Sec ETF,26.99,26.99,26.92,26.92,0.03,0.11,33,890.01,26.7293,27.14,25.1,-,-,Infinity,-0.07423904974016174,26.89,0,0,-0.19,,13-Jul-2026,-,-0.07423904974016174,-,Infinity,0.8106116433308728,-7.250996015936256,https://nsearchives.nseindia.com/today/GILT10BETAEQN.svg,https://nsearchives.nseindia.com/30d/GILT10BETA-EQ.svg,,EQ
LICNETFSEN,SENSEX,883.91,883.91,883.91,883.91,0.86,0.10,1,883.91,881.3251,974.02,803,-,-,-1.6008193345133528,1.3542024997133293,883.05,0,-1.7,1.26,12-Aug-2025,13-Jul-2026,-,1.3542024997133293,-,-1.6008193345133528,9.251350074947128,-10.075965130759647,https://nsearchives.nseindia.com/today/LICNETFSENEQN.svg,https://nsearchives.nseindia.com/30d/LICNETFSEN-EQ.svg,https://nsearchives.nseindia.com/365d/LICNETFSEN-EQ.svg,EQ
GSEC10IETF,ICICI Prudential Nifty 10 yr Benchmark G-Sec ETF,267.12,267.12,267.12,267.12,1.07,0.40,3,801.36,265.5375,267.54,252.23,-,-,3.5348837209302344,0.8000000000000017,266.05,0,3.12,0.4,12-Aug-2025,13-Jul-2026,-,0.8000000000000017,-,3.5348837209302344,0.1569858712715915,-5.903342187685848,https://nsearchives.nseindia.com/today/GSEC10IETFEQN.svg,https://nsearchives.nseindia.com/30d/GSEC10IETF-EQ.svg,https://nsearchives.nseindia.com/365d/GSEC10IETF-EQ.svg,EQ
LIQUIDBETA,Nifty 1D Rate Index,0,0,0,1003.71,0,0.00,0,0,1003.8353,1003.71,997.13,-,-,Infinity,Infinity,1003.71,0,0,0,,,-,Infinity,-,Infinity,0,-0.6598938954800317,https://nsearchives.nseindia.com/today/LIQUIDBETAEQN.svg,,,EQ
GSEC10ABSL,CRISIL 10 Year Gilt ETF,0,0,0,113.27,0,0.00,0,0,113.1299,115,107.65,-,-,3.6986175958985554,-1.44435743496042,113.27,0,3.7,-0.2,12-Aug-2025,10-Jul-2026,-,-1.44435743496042,-,3.6986175958985554,1.50434782608696,-5.220622387366457,https://nsearchives.nseindia.com/today/GSEC10ABSLEQN.svg,https://nsearchives.nseindia.com/30d/GSEC10ABSL-EQ.svg,https://nsearchives.nseindia.com/365d/GSEC10ABSL-EQ.svg,EQ
