symbol,assets,open,high,low,ltP,chn,per,qty,trdVal,nav,wkhi,wklo,xDt,cAct,yPC,mPC,prevClose,stockIndClosePrice,perChange365d,perChange30d,date365dAgo,date30dAgo,CAct,MPC,XDt,YPC,nearWKH,nearWKL,chartTodayPath,chart30dPath,chart365dPath,series
LIQUIDCASE,Zerodha Nifty 1D Rate Liquid ETF,116.24,116.24,116.22,116.23,0.03,0.03,35961368,4179789802.64,116.2119,116.24,107.56,-,-,4.9954832881662155,0.4320400933206601,116.2,0,4.92,0.35,03-Oct-2025,04-Sep-2026,-,0.4320400933206601,-,4.9954832881662155,0.00860289057122411,-8.060617329862405,https://nsearchives.nseindia.com/today/LIQUIDCASEEQN.svg,https://nsearchives.nseindia.com/30d/LIQUIDCASE-EQ.svg,https://nsearchives.nseindia.com/365d/LIQUIDCASE-EQ.svg,EQ
LIQUIDBEES,Government Securities,1000,1000.01,999.99,999.99,0,0.00,3997499,3997459025.01,1000,1029.99,969.99,19-SEP-17, EXIT OPTION PURSUANT TO CHANGE IN FUNDAMENTAL ATTRIBUTES OF ETF  ,-0.0009999999999990906,-0.0009999999999990906,999.99,0,0,0,03-Oct-2025,04-Sep-2026, EXIT OPTION PURSUANT TO CHANGE IN FUNDAMENTAL ATTRIBUTES OF ETF  ,-0.0009999999999990906,19-SEP-17,-0.0009999999999990906,2.9126496373751203,-3.0928153898493798,https://nsearchives.nseindia.com/today/LIQUIDBEESEQN.svg,https://nsearchives.nseindia.com/30d/LIQUIDBEES-EQ.svg,https://nsearchives.nseindia.com/365d/LIQUIDBEES-EQ.svg,EQ
SILVERBEES,Domestic price of Silver- based on LBMA Silver daily spot fixing price,209.72,212.35,209.56,211.91,3.2,1.53,17563704,3706644092.16,209.8966,360,132.99,-,-,51.504968899692564,-2.6685651295241604,208.71,0,49.33,-6.32,03-Oct-2025,04-Sep-2026,-,-2.6685651295241604,-,51.504968899692564,41.13611111111111,-59.34280772990449,https://nsearchives.nseindia.com/today/SILVERBEESEQN.svg,https://nsearchives.nseindia.com/30d/SILVERBEES-EQ.svg,https://nsearchives.nseindia.com/365d/SILVERBEES-EQ.svg,EQ
GOLDBEES,Gold,121.43,121.74,120.52,121.61,0.18,0.15,21006606,2545370449.02,121.5196,148.14,95.55,19-DEC-19, FACE VALUE SPLIT (SUB-DIVISION) - FROM RS 100/- TO RS 1/-,24.562122298473835,-2.9759055369395275,121.43,0,25.1,-4.51,03-Oct-2025,04-Sep-2026, FACE VALUE SPLIT (SUB-DIVISION) - FROM RS 100/- TO RS 1/-,-2.9759055369395275,19-DEC-19,24.562122298473835,17.908734980423915,-27.27367870225013,https://nsearchives.nseindia.com/today/GOLDBEESEQN.svg,https://nsearchives.nseindia.com/30d/GOLDBEES-EQ.svg,https://nsearchives.nseindia.com/365d/GOLDBEES-EQ.svg,EQ
NIFTYBEES,Nifty 50,256.5,259.69,255.8,257.59,1.09,0.42,8564375,2203185468.75,255.7379,302.25,251.7,19-DEC-19, FACE VALUE SPLIT (SUB-DIVISION) - FROM RS 10/- TO RS 1/-,-8.170831699404662,-5.7310155535224245,256.5,0,-8.77,-6.14,03-Oct-2025,04-Sep-2026, FACE VALUE SPLIT (SUB-DIVISION) - FROM RS 10/- TO RS 1/-,-5.7310155535224245,19-DEC-19,-8.170831699404662,14.775847808105881,-2.3400874056416314,https://nsearchives.nseindia.com/today/NIFTYBEESEQN.svg,https://nsearchives.nseindia.com/30d/NIFTYBEES-EQ.svg,https://nsearchives.nseindia.com/365d/NIFTYBEES-EQ.svg,EQ
LIQUID1,Kotak Nifty 1D Rate Liquid ETF,1134.7,1134.7,1122.15,1125.54,0.14,0.01,1786966,2011283841.98,1125.384,1147.32,1067.98,-,-,5.070853792871673,0.4273923711800101,1125.4,0,5.01,0.35,03-Oct-2025,04-Sep-2026,-,0.4273923711800101,-,5.070853792871673,1.8983369940382782,-5.389614037716057,https://nsearchives.nseindia.com/today/LIQUID1EQN.svg,https://nsearchives.nseindia.com/30d/LIQUID1-EQ.svg,https://nsearchives.nseindia.com/365d/LIQUID1-EQ.svg,EQ
GOLDIETF,Gold,125.8,126.21,124.93,125.93,0.14,0.11,8426792,1058826414.8,125.9107,158,95.53,-,-,24.27711437876247,-2.9291605642488117,125.79,0,25.94,-4.56,03-Oct-2025,04-Sep-2026,-,-2.9291605642488117,-,24.27711437876247,20.297468354430375,-31.82246414738826,https://nsearchives.nseindia.com/today/GOLDIETFEQN.svg,https://nsearchives.nseindia.com/30d/GOLDIETF-EQ.svg,https://nsearchives.nseindia.com/365d/GOLDIETF-EQ.svg,EQ
TATSILV,Tata Silver Exchange Traded Fund,21.3,21.57,21.3,21.52,0.32,1.51,39353216,843339418.88,21.3273,35.1,13.5,-,-,51.9774011299435,-2.5362318840579654,21.2,0,49.51,-6.28,03-Oct-2025,04-Sep-2026,-,-2.5362318840579654,-,51.9774011299435,38.6894586894587,-59.407407407407405,https://nsearchives.nseindia.com/today/TATSILVEQN.svg,https://nsearchives.nseindia.com/30d/TATSILV-EQ.svg,https://nsearchives.nseindia.com/365d/TATSILV-EQ.svg,EQ
GOLDCASE,Zerodha Gold ETF,23.25,23.25,22.92,23.15,-0.03,-0.13,34693141,798636105.82,23.1451,27.94,17.9,-,-,24.79784366576818,-2.9756915339480337,23.18,0,25.91,-4.25,03-Oct-2025,04-Sep-2026,-,-2.9756915339480337,-,24.79784366576818,17.14387974230495,-29.329608938547487,https://nsearchives.nseindia.com/today/GOLDCASEEQN.svg,https://nsearchives.nseindia.com/30d/GOLDCASE-EQ.svg,https://nsearchives.nseindia.com/365d/GOLDCASE-EQ.svg,EQ
SETFGOLD,Gold,125.35,125.55,123.7,125.4,0.05,0.04,5771979,722074572.9,125.3449,153.95,98.5,06-JAN-22,FACE VALUE SPLIT (SUB-DIVISION) - FROM RS 100/- PER SHARE TO RS 1/- PER SHARE,24.41710487151503,-3.0237413966437217,125.35,0,25.22,-4.47,03-Oct-2025,04-Sep-2026,FACE VALUE SPLIT (SUB-DIVISION) - FROM RS 100/- PER SHARE TO RS 1/- PER SHARE,-3.0237413966437217,06-JAN-22,24.41710487151503,18.544982137057477,-27.309644670050766,https://nsearchives.nseindia.com/today/SETFGOLDEQN.svg,https://nsearchives.nseindia.com/30d/SETFGOLD-EQ.svg,https://nsearchives.nseindia.com/365d/SETFGOLD-EQ.svg,EQ
TATAGOLD,Tata Gold Exchange Traded Fund,14.28,14.34,14.17,14.34,0.06,0.42,45583508,649564989,14.2916,17.7,10.33,-,-,25.45931758530184,-2.6476578411405334,14.28,0,25.37,-4.42,03-Oct-2025,04-Sep-2026,-,-2.6476578411405334,-,25.45931758530184,18.983050847457626,-38.8189738625363,https://nsearchives.nseindia.com/today/TATAGOLDEQN.svg,https://nsearchives.nseindia.com/30d/TATAGOLD-EQ.svg,https://nsearchives.nseindia.com/365d/TATAGOLD-EQ.svg,EQ
LIQUIDADD,DSP S&P BSE Liquid Rate ETF,1147.71,1147.73,1147.71,1147.71,0.15,0.01,531162,609619939.02,1147.5692,1175.19,1093.01,-,-,4.967075178342778,0.4243739390651643,1147.56,0,4.91,0.35,03-Oct-2025,04-Sep-2026,-,0.4243739390651643,-,4.967075178342778,2.338345288846911,-5.0045287783277415,https://nsearchives.nseindia.com/today/LIQUIDADDEQN.svg,https://nsearchives.nseindia.com/30d/LIQUIDADD-EQ.svg,https://nsearchives.nseindia.com/365d/LIQUIDADD-EQ.svg,EQ
SILVERIETF,Domestic Price of Silver,218.51,221.9,218.51,221.28,3.33,1.53,2569830,565773772.8,219.1313,373.5,138.51,-,-,52.428187642074825,-2.721237965445992,217.95,0,50.31,-6.25,03-Oct-2025,04-Sep-2026,-,-2.721237965445992,-,52.428187642074825,40.75502008032129,-59.757418236950414,https://nsearchives.nseindia.com/today/SILVERIETFEQN.svg,https://nsearchives.nseindia.com/30d/SILVERIETF-EQ.svg,https://nsearchives.nseindia.com/365d/SILVERIETF-EQ.svg,EQ
JUNIORBEES,Nippon India ETF Nifty Next 50 Junior BeES,753.2,754.2,740,750,2.48,0.33,672551,503841581.65,746.4101,823.97,632.34,10-MAR-14,DIVIDEND-RS.1 PER UNIT,2.5626999972649958,-4.84286384916959,747.52,0,1.73,-5.51,03-Oct-2025,04-Sep-2026,DIVIDEND-RS.1 PER UNIT,-4.84286384916959,10-MAR-14,2.5626999972649958,8.977268589875848,-18.60707847044311,https://nsearchives.nseindia.com/today/JUNIORBEESEQN.svg,https://nsearchives.nseindia.com/30d/JUNIORBEES-EQ.svg,https://nsearchives.nseindia.com/365d/JUNIORBEES-EQ.svg,EQ
SETFNIF50,Nifty 50,243.5,248.36,241.85,244.01,1.7,0.70,2028660,493086099.6,241.6802,287.33,237.9,24-MAR-21, DIVIDEND - RS 1.30 PER SHARE,-8.031810643750942,-5.58350100603622,242.31,0,-8.85,-6.11,03-Oct-2025,04-Sep-2026, DIVIDEND - RS 1.30 PER SHARE,-5.58350100603622,24-MAR-21,-8.031810643750942,15.076741029478297,-2.5683060109289553,https://nsearchives.nseindia.com/today/SETFNIF50EQN.svg,https://nsearchives.nseindia.com/30d/SETFNIF50-EQ.svg,https://nsearchives.nseindia.com/365d/SETFNIF50-EQ.svg,EQ
HDFCSILVER,HDFC Silver ETF,209.38,212.5,209.38,212,3.26,1.56,2329815,491893840.95,209.7977,359,132.72,-,-,51.10477548111189,-2.4928709410357777,208.74,0,49.08,-6.27,03-Oct-2025,04-Sep-2026,-,-2.4928709410357777,-,51.10477548111189,40.94707520891365,-59.73477998794455,https://nsearchives.nseindia.com/today/HDFCSILVEREQN.svg,https://nsearchives.nseindia.com/30d/HDFCSILVER-EQ.svg,https://nsearchives.nseindia.com/365d/HDFCSILVER-EQ.svg,EQ
MON100,Nasdaq100,324.49,329.45,320.03,325.48,4.02,1.25,1487737,483023571.79,287.1384,354.9,213.01,17-JUN-21, FACE VALUE SPLIT (SUB-DIVISION) - FROM RS 10/- PER SHARE TO RE 1/- PER SHARE,46.93693286984788,-1.1660391108951704,321.46,0,40,-0.99,03-Oct-2025,04-Sep-2026, FACE VALUE SPLIT (SUB-DIVISION) - FROM RS 10/- PER SHARE TO RE 1/- PER SHARE,-1.1660391108951704,17-JUN-21,46.93693286984788,8.289659058889818,-52.80033801229991,https://nsearchives.nseindia.com/today/MON100EQN.svg,https://nsearchives.nseindia.com/30d/MON100-EQ.svg,https://nsearchives.nseindia.com/365d/MON100-EQ.svg,EQ
LIQUIDPLUS,Nifty 1D Rate Index,1106.9,1109.8,1104.86,1106.12,0.15,0.01,428967,474484688.37,1105.9607,1127.08,1052.96,-,-,5.048624829053321,0.4312810408854427,1105.97,0,4.99,0.36,03-Oct-2025,04-Sep-2026,-,0.4312810408854427,-,5.048624829053321,1.8596727827660893,-5.048624829053321,https://nsearchives.nseindia.com/today/LIQUIDPLUSEQN.svg,https://nsearchives.nseindia.com/30d/LIQUIDPLUS-EQ.svg,https://nsearchives.nseindia.com/365d/LIQUIDPLUS-EQ.svg,EQ
HDFCGOLD,Gold,125.55,125.89,124.65,125.77,0.19,0.15,3530908,442740554.12,125.5917,152.3,95.68,17-FEB-21, FACE VALUE SPLIT (SUB-DIVISION) - FROM RS 100/- PER UNIT TO RE 1/- PER UNIT,24.66052135989691,-3.0375452933467053,125.58,0,25.24,-4.47,03-Oct-2025,04-Sep-2026, FACE VALUE SPLIT (SUB-DIVISION) - FROM RS 100/- PER UNIT TO RE 1/- PER UNIT,-3.0375452933467053,17-FEB-21,24.66052135989691,17.419566644780048,-31.448578595317713,https://nsearchives.nseindia.com/today/HDFCGOLDEQN.svg,https://nsearchives.nseindia.com/30d/HDFCGOLD-EQ.svg,https://nsearchives.nseindia.com/365d/HDFCGOLD-EQ.svg,EQ
MAFANG,NYSE FANG+ Total Return Index,254.41,261,248.21,260.4,12.19,4.91,1391400,357047154,179.6993,261,149.74,-,-,53.61019348749408,23.38308457711441,248.21,0,46.49,19.58,03-Oct-2025,04-Sep-2026,-,23.38308457711441,-,53.61019348749408,0.22988505747127308,-73.90142914384931,https://nsearchives.nseindia.com/today/MAFANGEQN.svg,https://nsearchives.nseindia.com/30d/MAFANG-EQ.svg,https://nsearchives.nseindia.com/365d/MAFANG-EQ.svg,EQ
LIQUIDBETF,Bajaj Finserv Nifty 1D Rate Liquid ETF - Growth,1098.15,1101.89,1097.89,1101.62,0.16,0.01,309760,341222323.2,1101.4827,1116.24,1009.94,-,-,4.875239192315363,0.4193177881898151,1101.46,0,4.82,0.35,03-Oct-2025,04-Sep-2026,-,0.4193177881898151,-,4.875239192315363,1.3097541747294594,-9.077766996059156,https://nsearchives.nseindia.com/today/LIQUIDBETFEQN.svg,https://nsearchives.nseindia.com/30d/LIQUIDBETF-EQ.svg,https://nsearchives.nseindia.com/365d/LIQUIDBETF-EQ.svg,EQ
CASHIETF,BSE Liquid Rate Index,1083.37,1083.95,1082.28,1082.4,0.12,0.01,308464,333884518.24,1082.2553,1099.28,1030.48,-,-,5.0363901018922945,0.4351820062911223,1082.28,0,4.98,0.36,03-Oct-2025,04-Sep-2026,-,0.4351820062911223,-,5.0363901018922945,1.535550542173048,-5.0384286934244304,https://nsearchives.nseindia.com/today/CASHIETFEQN.svg,https://nsearchives.nseindia.com/30d/CASHIETF-EQ.svg,https://nsearchives.nseindia.com/365d/CASHIETF-EQ.svg,EQ
BANKBEES,Nifty Bank,575,575,563.95,565.08,0.05,0.01,582686,330557767.8,564.4703,638.99,515.98,19-DEC-19, FACE VALUE SPLIT (SUB-DIVISION) - FROM RS 10/- TO RS 1/-,-1.1043245419065693,-4.835042691860746,565.03,0,-1.44,-5.23,03-Oct-2025,04-Sep-2026, FACE VALUE SPLIT (SUB-DIVISION) - FROM RS 10/- TO RS 1/-,-4.835042691860746,19-DEC-19,-1.1043245419065693,11.566691184525574,-9.515872708244508,https://nsearchives.nseindia.com/today/BANKBEESEQN.svg,https://nsearchives.nseindia.com/30d/BANKBEES-EQ.svg,https://nsearchives.nseindia.com/365d/BANKBEES-EQ.svg,EQ
ITBEES,Nifty IT TRI,31.7,32,31.22,31.4,0.02,0.06,10293140,324439772.8,31.4608,44.27,28.55,-,-,-15.500538213132396,-9.744179361885601,31.38,0,-15.37,-7.95,03-Oct-2025,04-Sep-2026,-,-9.744179361885601,-,-15.500538213132396,29.07160605376102,-9.982486865148854,https://nsearchives.nseindia.com/today/ITBEESEQN.svg,https://nsearchives.nseindia.com/30d/ITBEES-EQ.svg,https://nsearchives.nseindia.com/365d/ITBEES-EQ.svg,EQ
LIQUIDETF,Nifty1D rate index,1000,1000.01,999.99,1000,0,0.00,319149,319145808.51,1000,1025,995,-,-,0,0.0010000100000990915,1000,0,0,0,03-Oct-2025,04-Sep-2026,-,0.0010000100000990915,-,0,2.4390243902439024,-0.5025125628140703,https://nsearchives.nseindia.com/today/LIQUIDETFEQN.svg,https://nsearchives.nseindia.com/30d/LIQUIDETF-EQ.svg,https://nsearchives.nseindia.com/365d/LIQUIDETF-EQ.svg,EQ
MID150BEES,Nifty Midcap 150 TRI,231.26,231.26,224.15,225.3,0.78,0.35,1329564,299617247.4,223.8728,247.15,190.43,-,-,2.8908069598575206,-6.33185049681952,224.52,0,1.72,-6.51,03-Oct-2025,04-Sep-2026,-,-6.33185049681952,-,2.8908069598575206,8.840784948411894,-18.311190463687446,https://nsearchives.nseindia.com/today/MID150BEESEQN.svg,https://nsearchives.nseindia.com/30d/MID150BEES-EQ.svg,https://nsearchives.nseindia.com/365d/MID150BEES-EQ.svg,EQ
SBILIQETF,Nifty 1D Rate Index,1058.75,1058.77,1058.75,1058.77,0.19,0.02,242742,257005519.92,1058.619,1087.09,999,-,-,5.031496453548934,0.4354095126069474,1058.58,0,4.97,0.36,03-Oct-2025,04-Sep-2026,-,0.4354095126069474,-,5.031496453548934,2.6051200912527883,-5.982982982982981,https://nsearchives.nseindia.com/today/SBILIQETFEQN.svg,https://nsearchives.nseindia.com/30d/SBILIQETF-EQ.svg,https://nsearchives.nseindia.com/365d/SBILIQETF-EQ.svg,EQ
GOLD1,Gold,122.7,122.97,121.75,122.6,-0.14,-0.11,2029388,248579736.12,122.7124,158,93.79,22-JUL-21, FACE VALUE SPLIT (SUB-DIVISION) - FROM RS 10/- PER SHARE TO RE 1/- PER SHARE,24.56817719975614,-3.1442565966187423,122.74,0,25.77,-4.46,03-Oct-2025,04-Sep-2026, FACE VALUE SPLIT (SUB-DIVISION) - FROM RS 10/- PER SHARE TO RE 1/- PER SHARE,-3.1442565966187423,22-JUL-21,24.56817719975614,22.405063291139243,-30.717560507516776,https://nsearchives.nseindia.com/today/GOLD1EQN.svg,https://nsearchives.nseindia.com/30d/GOLD1-EQ.svg,https://nsearchives.nseindia.com/365d/GOLD1-EQ.svg,EQ
BANKIETF,Nifty Bank,56.16,56.76,56,56.02,-0.11,-0.20,4318713,242409360.69,55.9861,63.9,51.17,-,-,-1.059696220416804,-4.889643463497445,56.13,0,-1.25,-5.09,03-Oct-2025,04-Sep-2026,-,-4.889643463497445,-,-1.059696220416804,12.33176838810641,-9.478209888606607,https://nsearchives.nseindia.com/today/BANKIETFEQN.svg,https://nsearchives.nseindia.com/30d/BANKIETF-EQ.svg,https://nsearchives.nseindia.com/365d/BANKIETF-EQ.svg,EQ
NIFTYIETF,Nifty 50,257.49,257.49,254.54,256.47,1.26,0.49,836360,213873979.2,254.432,304.14,250.4,-,-,-8.18058141200056,-5.751139203292657,255.21,0,-8.75,-6.13,03-Oct-2025,04-Sep-2026,-,-5.751139203292657,-,-8.18058141200056,15.673702899980261,-2.424121405750807,https://nsearchives.nseindia.com/today/NIFTYIETFEQN.svg,https://nsearchives.nseindia.com/30d/NIFTYIETF-EQ.svg,https://nsearchives.nseindia.com/365d/NIFTYIETF-EQ.svg,EQ
HDFCSML250,HDFC NIFTY Smallcap 250 ETF,178.1,179.59,176.52,178.67,0.86,0.48,1197364,212903292.84,177.0909,189.83,142.7,-,-,5.168049914650657,-3.7597629948828537,177.81,0,3.64,-4.74,03-Oct-2025,04-Sep-2026,-,-3.7597629948828537,-,5.168049914650657,5.878944318600866,-25.206727400140156,https://nsearchives.nseindia.com/today/HDFCSML250EQN.svg,https://nsearchives.nseindia.com/30d/HDFCSML250-EQ.svg,https://nsearchives.nseindia.com/365d/HDFCSML250-EQ.svg,EQ
LIQGRWBEES,Liquid,1058.04,1058.18,1058.04,1058.16,0.12,0.01,198604,210154808.64,1058.0412,1063.44,995.55,-,-,4.754833536277518,0.4042129234272692,1058.04,0,4.7,0.34,03-Oct-2025,04-Sep-2026,-,0.4042129234272692,-,4.754833536277518,0.49650191830286355,-6.288985987645034,https://nsearchives.nseindia.com/today/LIQGRWBEESEQN.svg,https://nsearchives.nseindia.com/30d/LIQGRWBEES-EQ.svg,https://nsearchives.nseindia.com/365d/LIQGRWBEES-EQ.svg,EQ
PSUBNKBEES,Nifty PSU Bank,89.3,90.6,88.55,89.46,0.54,0.61,2167646,194221081.6,88.6562,110.4,82.8,19-DEC-19, FACE VALUE SPLIT (SUB-DIVISION) - FROM RS 10/- TO RS 1/-,6.817910447761186,-5.483359746434243,88.92,0,5.03,-6.84,03-Oct-2025,04-Sep-2026, FACE VALUE SPLIT (SUB-DIVISION) - FROM RS 10/- TO RS 1/-,-5.483359746434243,19-DEC-19,6.817910447761186,18.96739130434784,-8.043478260869561,https://nsearchives.nseindia.com/today/PSUBNKBEESEQN.svg,https://nsearchives.nseindia.com/30d/PSUBNKBEES-EQ.svg,https://nsearchives.nseindia.com/365d/PSUBNKBEES-EQ.svg,EQ
SETFNIFBK,Nifty Bank,561.93,567.79,559.18,562.3,1.46,0.26,324824,182629045.76,559.9967,646.11,465.64,02-NOV-17, DIVIDEND - RS 3.50 PER UNIT,-0.8114305874051901,-4.442254095574756,560.84,0,-1.37,-5.08,03-Oct-2025,04-Sep-2026, DIVIDEND - RS 3.50 PER UNIT,-4.442254095574756,02-NOV-17,-0.8114305874051901,12.97147544535761,-20.758525899836776,https://nsearchives.nseindia.com/today/SETFNIFBKEQN.svg,https://nsearchives.nseindia.com/30d/SETFNIFBK-EQ.svg,https://nsearchives.nseindia.com/365d/SETFNIFBK-EQ.svg,EQ
SBISILVER,SBI SILVER ETF,215.01,217.61,214.85,217.15,3.01,1.41,827532,178986896.28,215.1656,362,136.05,-,-,51.63047273235109,-2.618951522489799,214.14,0,49.63,-6.21,03-Oct-2025,04-Sep-2026,-,-2.618951522489799,-,51.63047273235109,40.01381215469613,-59.61043733921351,https://nsearchives.nseindia.com/today/SBISILVEREQN.svg,https://nsearchives.nseindia.com/30d/SBISILVER-EQ.svg,https://nsearchives.nseindia.com/365d/SBISILVER-EQ.svg,EQ
SILVER1,Kotak Silver ETF,21.37,21.55,21.27,21.53,0.35,1.65,8303174,177937018.82,21.3013,38.8,13.41,27-FEB-26,FACE VALUE SPLIT (SUB-DIVISION) - FROM RS 10/- PER SHARE TO RE 1/- PER SHARE,-84.7661501450506,-2.5350837483023936,21.18,0,-85.01,-6.28,03-Oct-2025,04-Sep-2026,FACE VALUE SPLIT (SUB-DIVISION) - FROM RS 10/- PER SHARE TO RE 1/- PER SHARE,-2.5350837483023936,27-FEB-26,-84.7661501450506,44.510309278350505,-60.55182699478002,https://nsearchives.nseindia.com/today/SILVER1EQN.svg,https://nsearchives.nseindia.com/30d/SILVER1-EQ.svg,https://nsearchives.nseindia.com/365d/SILVER1-EQ.svg,EQ
BANKBETF,Bajaj Finserv Nifty Bank ETF,55,56.24,54.02,55.81,0.36,0.65,2966639,166102117.61,55.44,63.9,50.71,-,-,-0.4991977179532914,-4.123002920460399,55.45,0,-1.46,-5.31,03-Oct-2025,04-Sep-2026,-,-4.123002920460399,-,-0.4991977179532914,12.660406885758993,-10.057187931374484,https://nsearchives.nseindia.com/today/BANKBETFEQN.svg,https://nsearchives.nseindia.com/30d/BANKBETF-EQ.svg,https://nsearchives.nseindia.com/365d/BANKBETF-EQ.svg,EQ
GOLDAXIS,Gold,121.85,122.64,120.5,122.49,0.13,0.11,1330492,162453073.2,122.4535,150,96,23-JUL-20, FACE VALUE SPLIT (SUB-DIVISION) - FROM RS 100/- PER SHARE TO RE 1/- PER SHARE,Infinity,-2.7162258756254483,122.36,0,0,-4.49,,04-Sep-2026, FACE VALUE SPLIT (SUB-DIVISION) - FROM RS 100/- PER SHARE TO RE 1/- PER SHARE,-2.7162258756254483,23-JUL-20,Infinity,18.340000000000003,-27.593749999999996,https://nsearchives.nseindia.com/today/GOLDAXISEQN.svg,https://nsearchives.nseindia.com/30d/GOLDAXIS-EQ.svg,,EQ
BANKBETA,Nifty Bank,56.42,57.13,56.4,56.43,0.01,0.02,2851590,161143350.9,56.398,73.7,51.3,17-FEB-21, FACE VALUE SPLIT (SUB-DIVISION) - FROM RS 10/- PER UNIT TO RE 1/- PER UNIT,Infinity,-4.855842185128987,56.42,0,0,-5.29,,04-Sep-2026, FACE VALUE SPLIT (SUB-DIVISION) - FROM RS 10/- PER UNIT TO RE 1/- PER UNIT,-4.855842185128987,17-FEB-21,Infinity,23.432835820895523,-10.000000000000005,https://nsearchives.nseindia.com/today/BANKBETAEQN.svg,https://nsearchives.nseindia.com/30d/BANKBETA-EQ.svg,,EQ
BANKNIFTY1,Nifty Bank,55.15,57.26,55.15,56.63,0.06,0.11,2766811,156850515.59,56.5876,65.29,51.71,27-FEB-26,FACE VALUE SPLIT (SUB-DIVISION) - FROM RS 10/- PER SHARE TO RE 1/- PER SHARE,-90.12881521379143,-4.518630922272804,56.57,0,-90.15,-5.26,03-Oct-2025,04-Sep-2026,FACE VALUE SPLIT (SUB-DIVISION) - FROM RS 10/- PER SHARE TO RE 1/- PER SHARE,-4.518630922272804,27-FEB-26,-90.12881521379143,13.263899525195287,-9.514600657513057,https://nsearchives.nseindia.com/today/BANKNIFTY1EQN.svg,https://nsearchives.nseindia.com/30d/BANKNIFTY1-EQ.svg,https://nsearchives.nseindia.com/365d/BANKNIFTY1-EQ.svg,EQ
MASPTOP50,S&P 500 Top 50 Total Return Index,104.07,110,101.8,106.35,4.81,4.74,1456667,155003935.47,68.4627,148.9,65,-,-,55.52793214390173,32.14463220675943,101.54,0,47.74,27.15,03-Oct-2025,04-Sep-2026,-,32.14463220675943,-,55.52793214390173,28.576225654801885,-63.6153846153846,https://nsearchives.nseindia.com/today/MASPTOP50EQN.svg,https://nsearchives.nseindia.com/30d/MASPTOP50-EQ.svg,https://nsearchives.nseindia.com/365d/MASPTOP50-EQ.svg,EQ
MONQ50,Nasdaq Q-50 Total Return Index,198,203.94,191.01,201.88,8.7,4.50,773635,153566547.5,120.7301,471.99,92.01,-,-,102.89447236180905,39.11245865490628,193.18,0,88.45,36.11,03-Oct-2025,04-Sep-2026,-,39.11245865490628,-,102.89447236180905,57.22790737091887,-119.41093359417452,https://nsearchives.nseindia.com/today/MONQ50EQN.svg,https://nsearchives.nseindia.com/30d/MONQ50-EQ.svg,https://nsearchives.nseindia.com/365d/MONQ50-EQ.svg,EQ
LIQUIDIETF,S&P BSE Liquid Rate Index,997.5,1000.01,997.5,1000,0.01,0.00,138417,138415615.83,1000,1041.19,955,-,-,0.0010000100000990915,0.0010000100000990915,999.99,0,0,0,03-Oct-2025,04-Sep-2026,-,0.0010000100000990915,-,0.0010000100000990915,3.956050288612074,-4.712041884816754,https://nsearchives.nseindia.com/today/LIQUIDIETFEQN.svg,https://nsearchives.nseindia.com/30d/LIQUIDIETF-EQ.svg,https://nsearchives.nseindia.com/365d/LIQUIDIETF-EQ.svg,EQ
PHARMABEES,Nifty Pharma TRI,27.78,27.78,26.77,26.87,-0.24,-0.89,4845725,130253088,27.0545,28.58,21.69,-,-,20.43926490363067,-2.3973846712677083,27.11,0,21.52,-0.77,03-Oct-2025,04-Sep-2026,-,-2.3973846712677083,-,20.43926490363067,5.983205038488444,-23.881973259566617,https://nsearchives.nseindia.com/today/PHARMABEESEQN.svg,https://nsearchives.nseindia.com/30d/PHARMABEES-EQ.svg,https://nsearchives.nseindia.com/365d/PHARMABEES-EQ.svg,EQ
HDFCNIFTY,Nifty 50,247.86,260.57,247.86,255.52,1.3,0.51,495067,125712363.31,252.9587,301.88,247.56,17-FEB-21, FACE VALUE SPLIT (SUB-DIVISION) - FROM RS 761.25/- PER UNIT TO RS 76.125/- PER UNIT,-7.834367335160871,-5.666925093218147,254.22,0,-8.52,-5.95,03-Oct-2025,04-Sep-2026, FACE VALUE SPLIT (SUB-DIVISION) - FROM RS 761.25/- PER UNIT TO RS 76.125/- PER UNIT,-5.666925093218147,17-FEB-21,-7.834367335160871,15.357095534649524,-3.2153821295847504,https://nsearchives.nseindia.com/today/HDFCNIFTYEQN.svg,https://nsearchives.nseindia.com/30d/HDFCNIFTY-EQ.svg,https://nsearchives.nseindia.com/365d/HDFCNIFTY-EQ.svg,EQ
SILVER,Physical price of Silver,218.51,221.6,218.51,220.94,3,1.38,557713,122836288.25,219.2255,371.89,136.33,-,-,51.30803999452129,-2.8920534458509195,217.94,0,49.45,-6.32,03-Oct-2025,04-Sep-2026,-,-2.8920534458509195,-,51.30803999452129,40.589959396595766,-62.062642118389185,https://nsearchives.nseindia.com/today/SILVEREQN.svg,https://nsearchives.nseindia.com/30d/SILVER-EQ.svg,https://nsearchives.nseindia.com/365d/SILVER-EQ.svg,EQ
MIDCAPIETF,Nifty Midcap 150,23,23,22.4,22.4,-0.04,-0.18,5394306,121533714.18,22.3886,24.88,19.89,10-MAY-24,FACE VALUE SPLIT (SUB-DIVISION) - FROM RS 10/- PER SHARE TO RE 1/- PER SHARE,2.329830973047044,-7.053941908713704,22.44,0,1.54,-6.73,03-Oct-2025,04-Sep-2026,FACE VALUE SPLIT (SUB-DIVISION) - FROM RS 10/- PER SHARE TO RE 1/- PER SHARE,-7.053941908713704,10-MAY-24,2.329830973047044,9.96784565916399,-12.619406737053785,https://nsearchives.nseindia.com/today/MIDCAPIETFEQN.svg,https://nsearchives.nseindia.com/30d/MIDCAPIETF-EQ.svg,https://nsearchives.nseindia.com/365d/MIDCAPIETF-EQ.svg,EQ
GOLDETF,Mirae Asset Gold ETF,143.12,143.18,141.97,142.66,-0.42,-0.29,836811,119421297.81,142.9662,173.5,111.4,-,-,24.257468861597417,-3.333785065727074,143.08,0,25.51,-4.27,03-Oct-2025,04-Sep-2026,-,-3.333785065727074,-,24.257468861597417,17.77521613832853,-28.06104129263913,https://nsearchives.nseindia.com/today/GOLDETFEQN.svg,https://nsearchives.nseindia.com/30d/GOLDETF-EQ.svg,https://nsearchives.nseindia.com/365d/GOLDETF-EQ.svg,EQ
METALIETF,Nifty Metal Index,12.56,12.74,12.46,12.54,-0.07,-0.56,9423686,118361496.16,12.5457,14.17,9.85,-,-,23.546798029556637,-5.2154195011337965,12.61,0,21.84,-5.9,03-Oct-2025,04-Sep-2026,-,-5.2154195011337965,-,23.546798029556637,11.503175723359215,-27.309644670050755,https://nsearchives.nseindia.com/today/METALIETFEQN.svg,https://nsearchives.nseindia.com/30d/METALIETF-EQ.svg,https://nsearchives.nseindia.com/365d/METALIETF-EQ.svg,EQ
SILVERCASE,Commodity-Silver,22.21,22.49,22.21,22.48,0.36,1.63,5113317,114282634.95,22.2418,38.01,14.02,-,-,51.89189189189189,-1.9624945486262508,22.12,0,49.36,-6.31,03-Oct-2025,04-Sep-2026,-,-1.9624945486262508,-,51.89189189189189,40.857669034464614,-60.34236804564908,https://nsearchives.nseindia.com/today/SILVERCASEEQN.svg,https://nsearchives.nseindia.com/30d/SILVERCASE-EQ.svg,https://nsearchives.nseindia.com/365d/SILVERCASE-EQ.svg,EQ
GOLDBETA,Gold,123.7,124.25,122.8,124,0.3,0.24,881163,108982239.84,123.7157,149.35,95.85,25-MAR-21, FACE VALUE SPLIT (SUB-DIVISION) - FROM RS 100/- PER UNIT TO RE 1/- PER UNIT,Infinity,-3.0113414157215446,123.7,0,0,-4.48,,04-Sep-2026, FACE VALUE SPLIT (SUB-DIVISION) - FROM RS 100/- PER UNIT TO RE 1/- PER UNIT,-3.0113414157215446,25-MAR-21,Infinity,16.973552058921992,-29.36880542514346,https://nsearchives.nseindia.com/today/GOLDBETAEQN.svg,https://nsearchives.nseindia.com/30d/GOLDBETA-EQ.svg,,EQ
BSLNIFTY,Nifty 50,26.88,26.88,26.25,26.6,0.17,0.64,4012582,106413674.64,26.316,33,25.7,25-NOV-21, FACE VALUE SPLIT (SUB-DIVISION) - FROM RS 10/- PER SHARE TO RE 1/- PER SHARE,-7.7029840388618975,-5.606813342796303,26.43,0,-8.52,-6.08,03-Oct-2025,04-Sep-2026, FACE VALUE SPLIT (SUB-DIVISION) - FROM RS 10/- PER SHARE TO RE 1/- PER SHARE,-5.606813342796303,25-NOV-21,-7.7029840388618975,19.39393939393939,-3.5019455252918372,https://nsearchives.nseindia.com/today/BSLNIFTYEQN.svg,https://nsearchives.nseindia.com/30d/BSLNIFTY-EQ.svg,https://nsearchives.nseindia.com/365d/BSLNIFTY-EQ.svg,EQ
ESILVER,Edelweiss Silver ETF,218.8,221.75,218.8,220.7,2.42,1.11,466594,103443889.8,219.2756,375,139.33,-,-,51.17473799575312,-3.086988978175911,218.28,0,49.87,-6.23,03-Oct-2025,04-Sep-2026,-,-3.086988978175911,-,51.17473799575312,41.14666666666667,-58.4009186822651,https://nsearchives.nseindia.com/today/ESILVEREQN.svg,https://nsearchives.nseindia.com/30d/ESILVER-EQ.svg,https://nsearchives.nseindia.com/365d/ESILVER-EQ.svg,EQ
GOLDADD,DSP Gold ETF,14.28,14.4,14.17,14.21,-0.07,-0.49,6848499,97591110.75,14.2867,18.1,11.18,28-AUG-26,FACE VALUE SPLIT (SUB-DIVISION) - FROM RS 10/- PER UNIT TO RE 1/- PER UNIT,Infinity,-3.5302104548540365,14.28,0,0,-4.48,,04-Sep-2026,FACE VALUE SPLIT (SUB-DIVISION) - FROM RS 10/- PER UNIT TO RE 1/- PER UNIT,-3.5302104548540365,28-AUG-26,Infinity,21.491712707182323,-27.101967799642228,https://nsearchives.nseindia.com/today/GOLDADDEQN.svg,https://nsearchives.nseindia.com/30d/GOLDADD-EQ.svg,,EQ
MODEFENCE,Nifty India Defence Total Return Index,101.72,103.22,99.7,100.7,-0.01,-0.01,960834,96515775.3,100.3737,112,77.8,-,-,14.836355342684461,-4.748391978811952,100.71,0,12.65,-6,03-Oct-2025,04-Sep-2026,-,-4.748391978811952,-,14.836355342684461,10.089285714285712,-29.434447300771215,https://nsearchives.nseindia.com/today/MODEFENCEEQN.svg,https://nsearchives.nseindia.com/30d/MODEFENCE-EQ.svg,https://nsearchives.nseindia.com/365d/MODEFENCE-EQ.svg,EQ
LIQUID,Mirae Asset Nifty 1D Rate Liquid ETF,1000.01,1004.99,999.99,1000,0.01,0.00,91304,91303086.96,1000,1024.98,974.99,-,-,0.0010000100000990915,0.0010000100000990915,999.99,0,0,0,03-Oct-2025,04-Sep-2026,-,0.0010000100000990915,-,0.0010000100000990915,2.4371207243068174,-2.565154514405275,https://nsearchives.nseindia.com/today/LIQUIDEQN.svg,https://nsearchives.nseindia.com/30d/LIQUID-EQ.svg,https://nsearchives.nseindia.com/365d/LIQUID-EQ.svg,EQ
ALPL30IETF,Nifty Alpha Low-Volatility 30 Index,25.89,26.03,25.77,26.03,0.13,0.50,3009611,77617867.69,25.8284,29.17,24.35,10-MAY-24,FACE VALUE SPLIT (SUB-DIVISION) - FROM RS 10/- PER SHARE TO RE 1/- PER SHARE,-3.8418913926856266,-6.2657544112351395,25.9,0,-4.11,-6.13,03-Oct-2025,04-Sep-2026,FACE VALUE SPLIT (SUB-DIVISION) - FROM RS 10/- PER SHARE TO RE 1/- PER SHARE,-6.2657544112351395,10-MAY-24,-3.8418913926856266,10.76448405896469,-6.899383983572894,https://nsearchives.nseindia.com/today/ALPL30IETFEQN.svg,https://nsearchives.nseindia.com/30d/ALPL30IETF-EQ.svg,https://nsearchives.nseindia.com/365d/ALPL30IETF-EQ.svg,EQ
MONIFTY500,Motilal Oswal Nifty 500 ETF,23.37,23.37,22.32,22.59,0.13,0.58,3234487,72420163.93,22.3736,28.28,20.75,-,-,-3.543979504696848,-5.084033613445381,22.46,0,-4.26,-6.06,03-Oct-2025,04-Sep-2026,-,-5.084033613445381,-,-3.543979504696848,20.120226308345124,-8.867469879518072,https://nsearchives.nseindia.com/today/MONIFTY500EQN.svg,https://nsearchives.nseindia.com/30d/MONIFTY500-EQ.svg,https://nsearchives.nseindia.com/365d/MONIFTY500-EQ.svg,EQ
EBBETF0430,Nifty BHARAT Bond,1611.8,1611.8,1591,1604.8,3.22,0.20,45038,72319318.12,1608.8132,1646.18,1510.35,-,-,4.403718666848831,-0.11638980002116914,1601.58,0,4,-0.46,03-Oct-2025,04-Sep-2026,-,-0.11638980002116914,-,4.403718666848831,2.5136983804930266,-6.253517396629923,https://nsearchives.nseindia.com/today/EBBETF0430EQN.svg,https://nsearchives.nseindia.com/30d/EBBETF0430-EQ.svg,https://nsearchives.nseindia.com/365d/EBBETF0430-EQ.svg,EQ
SMALLCAP,Mirae Asset Nifty Smallcap 250 Momentum Quality 100 ETF,48.61,48.61,46.66,47.55,0.12,0.25,1429138,67784015.34,47.3882,54.5,37.34,-,-,5.549389567147614,-2.7607361963190216,47.43,0,4.38,-3.01,03-Oct-2025,04-Sep-2026,-,-2.7607361963190216,-,5.549389567147614,12.752293577981655,-27.343331547937847,https://nsearchives.nseindia.com/today/SMALLCAPEQN.svg,https://nsearchives.nseindia.com/30d/SMALLCAP-EQ.svg,https://nsearchives.nseindia.com/365d/SMALLCAP-EQ.svg,EQ
ALPHA,NIFTY Alpha 50 Index,51.27,51.83,51.07,51.35,0.07,0.14,1298674,66790803.82,51.0471,55.59,42,-,-,8.447729672650475,-5.658644130075323,51.28,0,7.55,-5.32,03-Oct-2025,04-Sep-2026,-,-5.658644130075323,-,8.447729672650475,7.627271091923012,-22.261904761904766,https://nsearchives.nseindia.com/today/ALPHAEQN.svg,https://nsearchives.nseindia.com/30d/ALPHA-EQ.svg,https://nsearchives.nseindia.com/365d/ALPHA-EQ.svg,EQ
CPSEETF,CPSE ETF,89.78,91.3,88.66,89.6,-0.18,-0.20,732945,66089650.65,89.4392,112,86.06,-,-,-3.3858097908130262,-3.1665405814330563,89.78,0,-4.17,-4.18,03-Oct-2025,04-Sep-2026,-,-3.1665405814330563,-,-3.3858097908130262,20.000000000000004,-4.113409249360902,https://nsearchives.nseindia.com/today/CPSEETFEQN.svg,https://nsearchives.nseindia.com/30d/CPSEETF-EQ.svg,https://nsearchives.nseindia.com/365d/CPSEETF-EQ.svg,EQ
NEXT50IETF,Nifty Next 50,72.97,74.43,72.7,73.4,0.43,0.59,896654,65536440.86,72.8439,80.38,62.6,15-NOV-18, FACE VALUE SPLIT (SUB-DIVISION) - FROM RS 10/- PER SHARE TO RS 1/- PER SHARE,2.6286353467561656,-4.700077901843665,72.97,0,1.63,-5.54,03-Oct-2025,04-Sep-2026, FACE VALUE SPLIT (SUB-DIVISION) - FROM RS 10/- PER SHARE TO RS 1/- PER SHARE,-4.700077901843665,15-NOV-18,2.6286353467561656,8.683752177158485,-17.252396166134194,https://nsearchives.nseindia.com/today/NEXT50IETFEQN.svg,https://nsearchives.nseindia.com/30d/NEXT50IETF-EQ.svg,https://nsearchives.nseindia.com/365d/NEXT50IETF-EQ.svg,EQ
SILVERAXIS,Axis Silver ETF,219.21,220.81,218.01,220.55,3.5,1.61,294606,64521660.06,218.2878,390.01,137.56,-,-,Infinity,-2.4632938262869244,217.05,0,0,-6.23,,04-Sep-2026,-,-2.4632938262869244,-,Infinity,43.450167944411675,-60.33003780168654,https://nsearchives.nseindia.com/today/SILVERAXISEQN.svg,https://nsearchives.nseindia.com/30d/SILVERAXIS-EQ.svg,,EQ
SILVERBETA,UTI Silver Exchange Traded Fund (UTI Silver ETF),211.5,214.28,211.5,214.21,3.3,1.56,298446,63643609.5,211.9116,379.66,134.16,-,-,Infinity,-2.396682917938666,210.91,0,0,-6.19,,04-Sep-2026,-,-2.396682917938666,-,Infinity,43.578464942316806,-59.6675611210495,https://nsearchives.nseindia.com/today/SILVERBETAEQN.svg,https://nsearchives.nseindia.com/30d/SILVERBETA-EQ.svg,,EQ
LTGILTBEES,NIFTY 8-13 yr G-Sec Index,29.48,29.54,29.46,29.5,0.01,0.03,2067997,60964551.56,29.5011,30.61,28.13,-,-,2.2176022176022196,-1.1394101876675597,29.49,0,1.87,-1.17,03-Oct-2025,04-Sep-2026,-,-1.1394101876675597,-,2.2176022176022196,3.626265926167917,-4.870245289726275,https://nsearchives.nseindia.com/today/LTGILTBEESEQN.svg,https://nsearchives.nseindia.com/30d/LTGILTBEES-EQ.svg,https://nsearchives.nseindia.com/365d/LTGILTBEES-EQ.svg,EQ
MIDCAPETF,Mirae Asset Mutual Fund - Mirae Asset Nifty Midcap 150 ETF,22.69,22.69,21.7,22.25,0.11,0.50,2714476,60342801.48,22.1325,24.57,19.6,-,-,3.0569708198239933,-6.315789473684211,22.14,0,1.75,-6.7,03-Oct-2025,04-Sep-2026,-,-6.315789473684211,-,3.0569708198239933,9.442409442409444,-13.5204081632653,https://nsearchives.nseindia.com/today/MIDCAPETFEQN.svg,https://nsearchives.nseindia.com/30d/MIDCAPETF-EQ.svg,https://nsearchives.nseindia.com/365d/MIDCAPETF-EQ.svg,EQ
FMCGIETF,Nifty FMCG Index,48.22,48.22,47.21,47.7,0.65,1.38,1219702,57899253.94,47.0676,61.19,46.62,10-MAY-24,FACE VALUE SPLIT (SUB-DIVISION) - FROM RS 10/- PER SHARE TO RE 1/- PER SHARE,-18.93269884432359,-4.178384893531535,47.05,0,-20.16,-4.89,03-Oct-2025,04-Sep-2026,FACE VALUE SPLIT (SUB-DIVISION) - FROM RS 10/- PER SHARE TO RE 1/- PER SHARE,-4.178384893531535,10-MAY-24,-18.93269884432359,22.04608596175845,-2.3166023166023284,https://nsearchives.nseindia.com/today/FMCGIETFEQN.svg,https://nsearchives.nseindia.com/30d/FMCGIETF-EQ.svg,https://nsearchives.nseindia.com/365d/FMCGIETF-EQ.svg,EQ
AUTOBEES,Nifty Auto TRI,263.6,264.83,258,263.3,-0.35,-0.13,213167,55937152.47,262.7313,310.45,242.5,-,-,-4.397080716023388,-10.022895806991759,263.65,0,-4.22,-8.29,03-Oct-2025,04-Sep-2026,-,-10.022895806991759,-,-4.397080716023388,15.187630858431303,-8.57731958762887,https://nsearchives.nseindia.com/today/AUTOBEESEQN.svg,https://nsearchives.nseindia.com/30d/AUTOBEES-EQ.svg,https://nsearchives.nseindia.com/365d/AUTOBEES-EQ.svg,EQ
HDFCBSE500,HDFC S&P BSE 500 ETF,35.59,35.77,35.19,35.5,0.09,0.25,1567916,55551263.88,35.1731,40,32.65,-,-,-4.338453247103205,-5.484558040468589,35.41,0,-6.59,-5.72,03-Oct-2025,04-Sep-2026,-,-5.484558040468589,-,-4.338453247103205,11.25,-8.728943338437983,https://nsearchives.nseindia.com/today/HDFCBSE500EQN.svg,https://nsearchives.nseindia.com/30d/HDFCBSE500-EQ.svg,https://nsearchives.nseindia.com/365d/HDFCBSE500-EQ.svg,EQ
LOWVOL1,Kotak Nifty 100 Low Vol 30 ETF,19.21,19.82,19.21,19.54,-0.17,-0.86,2819220,55369480.8,19.5713,22.9,18.77,-,-,-6.5071770334928205,-7.568590350047311,19.71,0,-5.1,-5.83,03-Oct-2025,04-Sep-2026,-,-7.568590350047311,-,-6.5071770334928205,14.672489082969431,-4.102290889717632,https://nsearchives.nseindia.com/today/LOWVOL1EQN.svg,https://nsearchives.nseindia.com/30d/LOWVOL1-EQ.svg,https://nsearchives.nseindia.com/365d/LOWVOL1-EQ.svg,EQ
TNIDETF,Nifty India Digital Index,82.95,84.48,79.6,82.62,1.12,1.37,638358,53602921.26,83.3177,103.26,74.5,-,-,-9.198813056379812,-9.744374044133714,81.5,0,-10.85,-10.38,03-Oct-2025,04-Sep-2026,-,-9.744374044133714,-,-9.198813056379812,19.988378849506102,-10.89932885906041,https://nsearchives.nseindia.com/today/TNIDETFEQN.svg,https://nsearchives.nseindia.com/30d/TNIDETF-EQ.svg,https://nsearchives.nseindia.com/365d/TNIDETF-EQ.svg,EQ
LOWVOLIETF,Nifty 100 Low Volatility 30 Index,20.81,20.81,20.47,20.47,-0.11,-0.53,2604899,53530674.45,20.5027,26.81,19.84,01-MAR-24,FACE VALUE SPLIT (SUB-DIVISION) - FROM RS 10/- PER SHARE TO RE 1/- PER SHARE,-6.86988171064605,-7.501129688206055,20.58,0,-6.67,-6.37,03-Oct-2025,04-Sep-2026,FACE VALUE SPLIT (SUB-DIVISION) - FROM RS 10/- PER SHARE TO RE 1/- PER SHARE,-7.501129688206055,01-MAR-24,-6.86988171064605,23.647892577396494,-3.1754032258064466,https://nsearchives.nseindia.com/today/LOWVOLIETFEQN.svg,https://nsearchives.nseindia.com/30d/LOWVOLIETF-EQ.svg,https://nsearchives.nseindia.com/365d/LOWVOLIETF-EQ.svg,EQ
SENSEXIETF,SENSEX,842.3,842.3,828.02,833,3.46,0.42,62804,52253556.04,827.7079,999.84,731,-,-,-9.914781329757316,-5.972389971893303,829.54,0,-10.44,-6.19,03-Oct-2025,04-Sep-2026,-,-5.972389971893303,-,-9.914781329757316,16.68666986717875,-13.953488372093023,https://nsearchives.nseindia.com/today/SENSEXIETFEQN.svg,https://nsearchives.nseindia.com/30d/SENSEXIETF-EQ.svg,https://nsearchives.nseindia.com/365d/SENSEXIETF-EQ.svg,EQ
NIFTYETF,Nifty 50,250.78,250.78,244.25,245.8,1.13,0.46,194755,47804562.3,244.1739,289.05,239.81,-,-,-8.28015970745177,-5.722614298864688,244.67,0,-8.9,-6.15,03-Oct-2025,04-Sep-2026,-,-5.722614298864688,-,-8.28015970745177,14.962809202560111,-2.497810766857099,https://nsearchives.nseindia.com/today/NIFTYETFEQN.svg,https://nsearchives.nseindia.com/30d/NIFTYETF-EQ.svg,https://nsearchives.nseindia.com/365d/NIFTYETF-EQ.svg,EQ
BANKETF,Mirae Asset Nifty Bank ETF,541.97,563.26,541.97,557.43,1.56,0.28,78803,43993350.81,555.5407,628.27,507.01,-,-,-0.6717747683535451,-4.592133639133269,555.87,0,-1.54,-5.2,03-Oct-2025,04-Sep-2026,-,-4.592133639133269,-,-0.6717747683535451,11.275407070208674,-9.944577030038849,https://nsearchives.nseindia.com/today/BANKETFEQN.svg,https://nsearchives.nseindia.com/30d/BANKETF-EQ.svg,https://nsearchives.nseindia.com/365d/BANKETF-EQ.svg,EQ
HNGSNGBEES,Hang Seng Index,500,500,452,458.35,3.25,0.71,93775,42636679.25,447.7484,579.92,443.42,19-DEC-19, FACE VALUE SPLIT (SUB-DIVISION) - FROM RS 10/- TO RS 1/-,-13.808341795479324,-2.339505252167976,455.1,0,-15.23,-3.39,03-Oct-2025,04-Sep-2026, FACE VALUE SPLIT (SUB-DIVISION) - FROM RS 10/- TO RS 1/-,-2.339505252167976,19-DEC-19,-13.808341795479324,20.963236308456327,-3.3670109602634084,https://nsearchives.nseindia.com/today/HNGSNGBEESEQN.svg,https://nsearchives.nseindia.com/30d/HNGSNGBEES-EQ.svg,https://nsearchives.nseindia.com/365d/HNGSNGBEES-EQ.svg,EQ
BSLGOLDETF,Gold,129.59,129.61,128.44,129.48,0.24,0.19,329349,42568358.25,129.3377,155.99,100.87,25-NOV-21, FACE VALUE SPLIT (SUB-DIVISION) - FROM RS 10/- PER SHARE TO RE 0.10/- PER SHARE,23.726708074534145,-3.134585172439589,129.24,0,24.92,-4.52,03-Oct-2025,04-Sep-2026, FACE VALUE SPLIT (SUB-DIVISION) - FROM RS 10/- PER SHARE TO RE 0.10/- PER SHARE,-3.134585172439589,25-NOV-21,23.726708074534145,16.99467914609912,-28.36323981362148,https://nsearchives.nseindia.com/today/BSLGOLDETFEQN.svg,https://nsearchives.nseindia.com/30d/BSLGOLDETF-EQ.svg,https://nsearchives.nseindia.com/365d/BSLGOLDETF-EQ.svg,EQ
PVTBANIETF,Nifty Private Bank Index,27.47,27.55,26.9,27.1,-0.05,-0.18,1543192,41897662.8,27.0116,30.32,24.18,01-MAR-24,FACE VALUE SPLIT (SUB-DIVISION) - FROM RS 10/- PER SHARE TO RE 1/- PER SHARE,-0.4408523144746416,-2.9717150017901837,27.15,0,-0.88,-3.62,03-Oct-2025,04-Sep-2026,FACE VALUE SPLIT (SUB-DIVISION) - FROM RS 10/- PER SHARE TO RE 1/- PER SHARE,-2.9717150017901837,01-MAR-24,-0.4408523144746416,10.620052770448545,-12.076095947063695,https://nsearchives.nseindia.com/today/PVTBANIETFEQN.svg,https://nsearchives.nseindia.com/30d/PVTBANIETF-EQ.svg,https://nsearchives.nseindia.com/365d/PVTBANIETF-EQ.svg,EQ
ITIETF,Nifty IT Index,30.29,31.95,30.29,31.56,0.49,1.58,1223772,38658957.48,31.4848,44.3,28.54,01-SEP-22,FACE VALUE SPLIT (SUB-DIVISION) - FROM RS 10/- PER UNIT TO RE 1/- PER UNIT,-14.67964314679644,-9.310344827586203,31.07,0,-16.12,-8.64,03-Oct-2025,04-Sep-2026,FACE VALUE SPLIT (SUB-DIVISION) - FROM RS 10/- PER UNIT TO RE 1/- PER UNIT,-9.310344827586203,01-SEP-22,-14.67964314679644,28.758465011286678,-10.58163980378416,https://nsearchives.nseindia.com/today/ITIETFEQN.svg,https://nsearchives.nseindia.com/30d/ITIETF-EQ.svg,https://nsearchives.nseindia.com/365d/ITIETF-EQ.svg,EQ
QGOLDHALF,Gold,122.37,122.37,120.85,121.85,0.22,0.18,308208,37511995.68,121.8173,149.69,93.31,16-DEC-21, FACE VALUE SPLIT (SUB-DIVISION) - FROM RS 100 PER SHARE TO RS 2 PER SHARE,24.744062244062228,-2.970218187609495,121.63,0,24.32,-4.69,03-Oct-2025,04-Sep-2026, FACE VALUE SPLIT (SUB-DIVISION) - FROM RS 100 PER SHARE TO RS 2 PER SHARE,-2.970218187609495,16-DEC-21,24.744062244062228,18.59843676932327,-30.586217983067186,https://nsearchives.nseindia.com/today/QGOLDHALFEQN.svg,https://nsearchives.nseindia.com/30d/QGOLDHALF-EQ.svg,https://nsearchives.nseindia.com/365d/QGOLDHALF-EQ.svg,EQ
NIFTYADD,Nifty 50 Index,239.46,239.46,236.68,237.73,0.64,0.27,154001,36690738.25,236.5462,300,232.64,-,-,Infinity,-6.057851892831745,237.09,0,0,-6.1,,04-Sep-2026,-,-6.057851892831745,-,Infinity,20.75666666666667,-2.1879298486932615,https://nsearchives.nseindia.com/today/NIFTYADDEQN.svg,https://nsearchives.nseindia.com/30d/NIFTYADD-EQ.svg,,EQ
MOM100,Nifty Midcap 100,65.28,65.28,63.45,63.45,-0.24,-0.38,569400,36401742,63.416,70.32,56.15,-,-,3.355595373839391,-7.114624505928853,63.69,0,2.94,-6.59,03-Oct-2025,04-Sep-2026,-,-7.114624505928853,-,3.355595373839391,9.769624573378827,-13.000890471950141,https://nsearchives.nseindia.com/today/MOM100EQN.svg,https://nsearchives.nseindia.com/30d/MOM100-EQ.svg,https://nsearchives.nseindia.com/365d/MOM100-EQ.svg,EQ
MOREALTY,Motilal Oswal Nifty Realty ETF,83.36,85.34,82.61,83.42,-0.88,-1.04,409161,34508638.74,83.8608,99.49,64,-,-,-4.8911184585565985,-6.574084443946695,84.3,0,-4.03,-7.2,03-Oct-2025,04-Sep-2026,-,-6.574084443946695,-,-4.8911184585565985,16.15237712332897,-30.343750000000004,https://nsearchives.nseindia.com/today/MOREALTYEQN.svg,https://nsearchives.nseindia.com/30d/MOREALTY-EQ.svg,https://nsearchives.nseindia.com/365d/MOREALTY-EQ.svg,EQ
HEALTHIETF,Nifty Healthcare Index,165,165.19,163.41,164.31,-0.28,-0.17,209046,34258458.48,165.213,175.45,138.65,-,-,12.01936187619307,-4.002103295162418,164.59,0,12.36,-2.41,03-Oct-2025,04-Sep-2026,-,-4.002103295162418,-,12.01936187619307,6.349387289826154,-18.507032095203748,https://nsearchives.nseindia.com/today/HEALTHIETFEQN.svg,https://nsearchives.nseindia.com/30d/HEALTHIETF-EQ.svg,https://nsearchives.nseindia.com/365d/HEALTHIETF-EQ.svg,EQ
SILVERAG,Mirae Asset Silver ETF,213.01,216.19,213.01,215.52,2.71,1.27,157588,33919241.12,213.7666,380,134.03,-,-,51.358943746049604,-2.8007035583818065,212.81,0,49.36,-6.26,03-Oct-2025,04-Sep-2026,-,-2.8007035583818065,-,51.358943746049604,43.28421052631579,-60.799820935611436,https://nsearchives.nseindia.com/today/SILVERAGEQN.svg,https://nsearchives.nseindia.com/30d/SILVERAG-EQ.svg,https://nsearchives.nseindia.com/365d/SILVERAG-EQ.svg,EQ
ELIQUID,Nifty 1D Rate Index (Debt Index),1050.54,1050.54,1050.52,1050.53,0.14,0.01,31601,33197482.52,1050.3907,1051.22,996,-,-,Infinity,0.43403856633428267,1050.39,0,0,0.36,,04-Sep-2026,-,0.43403856633428267,-,Infinity,0.06563802058561048,-5.474899598393572,https://nsearchives.nseindia.com/today/ELIQUIDEQN.svg,https://nsearchives.nseindia.com/30d/ELIQUID-EQ.svg,,EQ
NEXT50,Nifty Next 50,715.36,719.63,711.1,715.43,1.82,0.26,45526,32528782.26,712.9537,785.96,617,-,-,2.3739339476847228,-4.946456567374382,713.61,0,1.89,-5.49,03-Oct-2025,04-Sep-2026,-,-4.946456567374382,-,2.3739339476847228,8.973739121583806,-15.952998379254447,https://nsearchives.nseindia.com/today/NEXT50EQN.svg,https://nsearchives.nseindia.com/30d/NEXT50-EQ.svg,https://nsearchives.nseindia.com/365d/NEXT50-EQ.svg,EQ
HDFCLIQUID,HDFC Nifty 1D Rate Liquid ETF,1080.61,1080.8,1080.61,1080.78,0.17,0.02,29280,31644652.8,,1083.65,1009.91,28-FEB-25,CHANGE IN FUNDAMENTAL ATTRIBUTE OF HDFC NIFTY 1D RATE LIQUID ETF,4.9270409599720395,0.4321039279640808,1080.61,0,4.87,0.36,03-Oct-2025,04-Sep-2026,CHANGE IN FUNDAMENTAL ATTRIBUTE OF HDFC NIFTY 1D RATE LIQUID ETF,0.4321039279640808,28-FEB-25,4.9270409599720395,0.26484566049924957,-7.0174570011189115,https://nsearchives.nseindia.com/today/HDFCLIQUIDEQN.svg,https://nsearchives.nseindia.com/30d/HDFCLIQUID-EQ.svg,https://nsearchives.nseindia.com/365d/HDFCLIQUID-EQ.svg,EQ
GROWWHOSPI,BSE Hospitals Index,49,49.3,46.9,47.18,-0.67,-1.40,660423,31191778.29,47.9375,62,43.35,-,-,Infinity,-9.634169699291325,47.85,0,0,-7.68,,04-Sep-2026,-,-9.634169699291325,-,Infinity,23.903225806451612,-8.835063437139558,https://nsearchives.nseindia.com/today/GROWWHOSPIEQN.svg,https://nsearchives.nseindia.com/30d/GROWWHOSPI-EQ.svg,,EQ
LICMFGOLD,Gold,132.65,132.75,131.45,132.3,0.05,0.04,231361,30560474.49,,162,102.5,06-MAR-26,FACE VALUE SPLIT (SUB-DIVISION) - FROM RS 100/- PER SHARE TO RE 1/- PER SHARE,-98.78568150527765,-3.5010940919037075,132.25,0,-98.77,-4.68,03-Oct-2025,04-Sep-2026,FACE VALUE SPLIT (SUB-DIVISION) - FROM RS 100/- PER SHARE TO RE 1/- PER SHARE,-3.5010940919037075,06-MAR-26,-98.78568150527765,18.33333333333333,-29.073170731707325,https://nsearchives.nseindia.com/today/LICMFGOLDEQN.svg,https://nsearchives.nseindia.com/30d/LICMFGOLD-EQ.svg,https://nsearchives.nseindia.com/365d/LICMFGOLD-EQ.svg,EQ
MOCAPITAL,Nifty Capital Market Total Return Index,51.29,51.7,50.8,51.7,0.95,1.87,589229,30245124.57,50.6559,57.25,41.31,-,-,22.280037842951756,-4.134989801594654,50.75,0,18.66,-6.88,03-Oct-2025,04-Sep-2026,-,-4.134989801594654,-,22.280037842951756,9.6943231441048,-25.151295085935608,https://nsearchives.nseindia.com/today/MOCAPITALEQN.svg,https://nsearchives.nseindia.com/30d/MOCAPITAL-EQ.svg,https://nsearchives.nseindia.com/365d/MOCAPITAL-EQ.svg,EQ
GROWWGOLD,Commodity,14.32,14.38,14.23,14.37,0.05,0.35,2087835,29876918.85,14.3602,18,11.21,06-FEB-26,FACE VALUE SPLIT (SUB-DIVISION) - FROM RS 10/- PER UNIT TO RE 1/- PER UNIT,-87.58102151931551,-2.9054054054054155,14.32,0,-87.54,-4.72,03-Oct-2025,04-Sep-2026,FACE VALUE SPLIT (SUB-DIVISION) - FROM RS 10/- PER UNIT TO RE 1/- PER UNIT,-2.9054054054054155,06-FEB-26,-87.58102151931551,20.16666666666667,-28.18911685994646,https://nsearchives.nseindia.com/today/GROWWGOLDEQN.svg,https://nsearchives.nseindia.com/30d/GROWWGOLD-EQ.svg,https://nsearchives.nseindia.com/365d/GROWWGOLD-EQ.svg,EQ
ALPHAETF,Mirae Asset Nifty 200 Alpha 30 ETF,24.91,25.41,24.91,25.29,0.25,1.00,1185751,29869067.69,24.9855,27.61,21.8,-,-,3.9884868421052584,-4.673954014323415,25.04,0,2.25,-5.79,03-Oct-2025,04-Sep-2026,-,-4.673954014323415,-,3.9884868421052584,8.402752625860197,-16.009174311926596,https://nsearchives.nseindia.com/today/ALPHAETFEQN.svg,https://nsearchives.nseindia.com/30d/ALPHAETF-EQ.svg,https://nsearchives.nseindia.com/365d/ALPHAETF-EQ.svg,EQ
ITETF,Mirae Asset Nifty IT ETF,30.31,30.5,29.8,29.98,0.06,0.20,979536,29493828.96,30.0235,42.02,27.22,-,-,-14.85373473445044,-9.725986148750378,29.92,0,-15.22,-8.05,03-Oct-2025,04-Sep-2026,-,-9.725986148750378,-,-14.85373473445044,28.653022370299862,-10.13960323291698,https://nsearchives.nseindia.com/today/ITETFEQN.svg,https://nsearchives.nseindia.com/30d/ITETF-EQ.svg,https://nsearchives.nseindia.com/365d/ITETF-EQ.svg,EQ
ABSLLIQUID,Aditya Birla Sun Life CRISIL Overnight Fund AI ETF,999.99,1000.01,999.99,1000.01,0.01,0.00,29146,29145708.54,1000,1044.99,975,-,-,0.0009999999999990906,0.0009999999999990906,1000,0,0,0,03-Oct-2025,04-Sep-2026,-,0.0009999999999990906,-,0.0009999999999990906,4.304347410023064,-2.5651282051282043,https://nsearchives.nseindia.com/today/ABSLLIQUIDEQN.svg,https://nsearchives.nseindia.com/30d/ABSLLIQUID-EQ.svg,https://nsearchives.nseindia.com/365d/ABSLLIQUID-EQ.svg,EQ
GROWWSLVR,Commodity-Silver,21.68,21.76,21.49,21.72,0.33,1.54,1201610,25978808.2,21.52,36.3,13.59,06-FEB-26,FACE VALUE SPLIT (SUB-DIVISION) - FROM RS 10/- PER UNIT TO RE 1/- PER UNIT,-84.91771404763558,-2.4696901661427964,21.39,0,-85.1,-6.31,03-Oct-2025,04-Sep-2026,FACE VALUE SPLIT (SUB-DIVISION) - FROM RS 10/- PER UNIT TO RE 1/- PER UNIT,-2.4696901661427964,06-FEB-26,-84.91771404763558,40.16528925619834,-59.82339955849889,https://nsearchives.nseindia.com/today/GROWWSLVREQN.svg,https://nsearchives.nseindia.com/30d/GROWWSLVR-EQ.svg,https://nsearchives.nseindia.com/365d/GROWWSLVR-EQ.svg,EQ
METAL,Nifty Metal Total Return Index,12.6,12.9,12.42,12.62,0.03,0.24,2041231,25760335.22,12.5883,14.18,8.7,-,-,24.457593688362905,-5.041384499623778,12.59,0,21.88,-6.46,03-Oct-2025,04-Sep-2026,-,-5.041384499623778,-,24.457593688362905,11.001410437235547,-45.05747126436782,https://nsearchives.nseindia.com/today/METALEQN.svg,https://nsearchives.nseindia.com/30d/METAL-EQ.svg,https://nsearchives.nseindia.com/365d/METAL-EQ.svg,EQ
MIDSMALL,Mirae Asset Nifty MidSmallcap400 Momentum Quality 100 ETF,49.58,49.9,49.28,49.63,0.22,0.45,519210,25721663.4,49.3823,53.07,42.41,-,-,4.572271386430682,-4.850460122699375,49.41,0,3.13,-4.65,03-Oct-2025,04-Sep-2026,-,-4.850460122699375,-,4.572271386430682,6.482004899189745,-17.024286724829064,https://nsearchives.nseindia.com/today/MIDSMALLEQN.svg,https://nsearchives.nseindia.com/30d/MIDSMALL-EQ.svg,https://nsearchives.nseindia.com/365d/MIDSMALL-EQ.svg,EQ
NIFTY1,Nifty 50,249.52,252.97,248.92,250.37,0.85,0.34,97714,24458791.34,249.1479,295.8,244.8,27-JUL-17, FACE VALUE SPLIT (SUB-DIVISION) - FROM RS 10/- PER SHARE TO RS 1/- PER SHARE,-8.286017802849923,-6.066631650033772,249.52,0,-8.81,-6.13,03-Oct-2025,04-Sep-2026, FACE VALUE SPLIT (SUB-DIVISION) - FROM RS 10/- PER SHARE TO RS 1/- PER SHARE,-6.066631650033772,27-JUL-17,-8.286017802849923,15.358350236646386,-2.275326797385618,https://nsearchives.nseindia.com/today/NIFTY1EQN.svg,https://nsearchives.nseindia.com/30d/NIFTY1-EQ.svg,https://nsearchives.nseindia.com/365d/NIFTY1-EQ.svg,EQ
GILT5YBEES,Nifty 5 yr Benchmark G-Sec Index,64.42,65.73,64.42,65.58,-0.15,-0.23,335466,22026697.56,65.5771,69,61.45,-,-,3.765822784810119,-0.6965475469412598,65.73,0,3.81,-0.9,03-Oct-2025,04-Sep-2026,-,-0.6965475469412598,-,3.765822784810119,4.956521739130437,-6.720911310008129,https://nsearchives.nseindia.com/today/GILT5YBEESEQN.svg,https://nsearchives.nseindia.com/30d/GILT5YBEES-EQ.svg,https://nsearchives.nseindia.com/365d/GILT5YBEES-EQ.svg,EQ
MOMENTUM50,Nifty 500 Momentum 50 Total Return Index,52.64,52.7,51.95,52.4,0.3,0.58,408213,21361786.29,51.9788,55.97,44.96,-,-,3.0076666011401634,-3.4813041075704563,52.1,0,2.06,-4.19,03-Oct-2025,04-Sep-2026,-,-3.4813041075704563,-,3.0076666011401634,6.378417009112025,-16.54804270462633,https://nsearchives.nseindia.com/today/MOMENTUM50EQN.svg,https://nsearchives.nseindia.com/30d/MOMENTUM50-EQ.svg,https://nsearchives.nseindia.com/365d/MOMENTUM50-EQ.svg,EQ
GROWWDEFNC,Nifty India Defence Index- Total Return Index,92.57,92.57,90.65,91.9,0.25,0.27,228734,20968045.78,91.3367,102.07,71.78,-,-,15.30740276035132,-5.012919896640821,91.65,0,12.93,-5.92,03-Oct-2025,04-Sep-2026,-,-5.012919896640821,-,15.30740276035132,9.963750367394914,-28.030091947617727,https://nsearchives.nseindia.com/today/GROWWDEFNCEQN.svg,https://nsearchives.nseindia.com/30d/GROWWDEFNC-EQ.svg,https://nsearchives.nseindia.com/365d/GROWWDEFNC-EQ.svg,EQ
INFRABEES,Nifty Infra,899.38,900.51,891.3,893.86,-1.38,-0.15,22520,20183775.2,890.4051,1018.3,871.35,-,-,-4.306865505465214,-5.94907407407407,895.24,0,-4.6,-6.4,03-Oct-2025,04-Sep-2026,-,-5.94907407407407,-,-4.306865505465214,12.220367278797992,-2.583347678889079,https://nsearchives.nseindia.com/today/INFRABEESEQN.svg,https://nsearchives.nseindia.com/30d/INFRABEES-EQ.svg,https://nsearchives.nseindia.com/365d/INFRABEES-EQ.svg,EQ
NIFTYBETA,Nifty 50,249,256.15,249,250.14,0.23,0.09,79397,19871481.16,248.875,297.48,244.9,25-SEP-23,FACE VALUE SPLIT (SUB-DIVISION) - FROM RS 10/- PER SHARE TO RE 1/- PER SHARE,Infinity,-6.096553795329983,249.91,0,0,-5.95,,04-Sep-2026,FACE VALUE SPLIT (SUB-DIVISION) - FROM RS 10/- PER SHARE TO RE 1/- PER SHARE,-6.096553795329983,25-SEP-23,Infinity,15.913674868898761,-2.1396488362596897,https://nsearchives.nseindia.com/today/NIFTYBETAEQN.svg,https://nsearchives.nseindia.com/30d/NIFTYBETA-EQ.svg,,EQ
SML100CASE,Nifty Smallcap 100 Index,11.15,11.15,10.77,10.83,0,0.00,1821506,19763340.1,10.8079,11.77,8.5,-,-,8.408408408408407,-4.159292035398235,10.83,0,7.55,-5.25,03-Oct-2025,04-Sep-2026,-,-4.159292035398235,-,8.408408408408407,7.986406117247234,-27.41176470588235,https://nsearchives.nseindia.com/today/SML100CASEEQN.svg,https://nsearchives.nseindia.com/30d/SML100CASE-EQ.svg,https://nsearchives.nseindia.com/365d/SML100CASE-EQ.svg,EQ
TOP100CASE,Zerodha Nifty 100 ETF,10.1,10.1,9.7,9.9,0,0.00,1985882,19680090.62,9.8934,11.57,9.48,-,-,-6.867356538099721,-6.161137440758296,9.9,0,-7.13,-6.07,03-Oct-2025,04-Sep-2026,-,-6.161137440758296,-,-6.867356538099721,14.433880726015557,-4.430379746835442,https://nsearchives.nseindia.com/today/TOP100CASEEQN.svg,https://nsearchives.nseindia.com/30d/TOP100CASE-EQ.svg,https://nsearchives.nseindia.com/365d/TOP100CASE-EQ.svg,EQ
SETFNN50,Nifty Next 50,741.6,747.65,738.41,742.75,0.26,0.04,25972,19298494.6,740.0816,840,636.01,02-NOV-17, DIVIDEND - RS 7/- PER UNIT,2.4200220628791995,-5.268729433971883,742.49,0,1.95,-5.42,03-Oct-2025,04-Sep-2026, DIVIDEND - RS 7/- PER UNIT,-5.268729433971883,02-NOV-17,2.4200220628791995,11.577380952380953,-16.782754988129117,https://nsearchives.nseindia.com/today/SETFNN50EQN.svg,https://nsearchives.nseindia.com/30d/SETFNN50-EQ.svg,https://nsearchives.nseindia.com/365d/SETFNN50-EQ.svg,EQ
MAKEINDIA,Nifty India Manufacturing Total Return Index,156.23,156.23,153.9,154.49,-0.19,-0.12,122521,18963800.38,154.6808,173.11,140.12,-,-,2.20296374702303,-7.190916736753574,154.68,0,1.8,-6.39,03-Oct-2025,04-Sep-2026,-,-7.190916736753574,-,2.20296374702303,10.756166599272142,-10.255495289751645,https://nsearchives.nseindia.com/today/MAKEINDIAEQN.svg,https://nsearchives.nseindia.com/30d/MAKEINDIA-EQ.svg,https://nsearchives.nseindia.com/365d/MAKEINDIA-EQ.svg,EQ
MID150CASE,Zerodha Nifty Midcap 150 ETF,10.96,11.12,10.8,10.95,0.05,0.46,1647586,18057542.56,10.902,13,9.63,-,-,3.4971644612476296,-6.410256410256411,10.9,0,2.16,-6.68,03-Oct-2025,04-Sep-2026,-,-6.410256410256411,-,3.4971644612476296,15.769230769230774,-13.707165109034252,https://nsearchives.nseindia.com/today/MID150CASEEQN.svg,https://nsearchives.nseindia.com/30d/MID150CASE-EQ.svg,https://nsearchives.nseindia.com/365d/MID150CASE-EQ.svg,EQ
ICICIB22,S&P BSE BHARAT 22 index,111.63,111.63,107.6,110,1.09,1.00,164116,17990395.92,108.5347,131,107.59,-,-,-0.9187533777697676,-3.2030975008799722,108.91,0,-2.92,-4.75,03-Oct-2025,04-Sep-2026,-,-3.2030975008799722,-,-0.9187533777697676,16.03053435114504,-2.239985128729433,https://nsearchives.nseindia.com/today/ICICIB22EQN.svg,https://nsearchives.nseindia.com/30d/ICICIB22-EQ.svg,https://nsearchives.nseindia.com/365d/ICICIB22-EQ.svg,EQ
NIF100BEES,Nifty 100 TRI,257,257,249.52,251.75,-0.52,-0.21,71279,17892454.58,249.6714,290,240,-,-,-6.377835626626991,-5.626780626780624,252.27,0,-6.66,-5.37,03-Oct-2025,04-Sep-2026,-,-5.626780626780624,-,-6.377835626626991,13.189655172413794,-4.895833333333333,https://nsearchives.nseindia.com/today/NIF100BEESEQN.svg,https://nsearchives.nseindia.com/30d/NIF100BEES-EQ.svg,https://nsearchives.nseindia.com/365d/NIF100BEES-EQ.svg,EQ
HDFCMID150,HDFC NIFTY Midcap 150 ETF,22.49,23.4,21.9,22.13,0.18,0.82,800828,17682282.24,21.9253,25.2,19.42,20-OCT-23,FACE VALUE SPLIT (SUB-DIVISION) - FROM RS 115.95/- PER SHARE TO RS 11.59/- PER SHARE,3.1220876048462167,-6.069609507640067,21.95,0,1.43,-6.6,03-Oct-2025,04-Sep-2026,FACE VALUE SPLIT (SUB-DIVISION) - FROM RS 115.95/- PER SHARE TO RS 11.59/- PER SHARE,-6.069609507640067,20-OCT-23,3.1220876048462167,12.182539682539684,-13.954685890834176,https://nsearchives.nseindia.com/today/HDFCMID150EQN.svg,https://nsearchives.nseindia.com/30d/HDFCMID150-EQ.svg,https://nsearchives.nseindia.com/365d/HDFCMID150-EQ.svg,EQ
BSE500IETF,S&P BSE 500 index,37,37.69,36.2,37.04,-0.13,-0.35,477298,17674344.94,37.024,42.05,34.5,28-OCT-21, FACE VALUE SPLIT (SUB-DIVISION) - FROM RS 10/- PER SHARE TO RE 1/- PER SHARE,-4.4129032258064536,-6.251581878005566,37.17,0,-4.55,-5.49,03-Oct-2025,04-Sep-2026, FACE VALUE SPLIT (SUB-DIVISION) - FROM RS 10/- PER SHARE TO RE 1/- PER SHARE,-6.251581878005566,28-OCT-21,-4.4129032258064536,11.914387633769318,-7.362318840579707,https://nsearchives.nseindia.com/today/BSE500IETFEQN.svg,https://nsearchives.nseindia.com/30d/BSE500IETF-EQ.svg,https://nsearchives.nseindia.com/365d/BSE500IETF-EQ.svg,EQ
MOM30IETF,ICICI Prudential Nifty 200 Momentum 30 ETF,30.11,30.17,29.82,30.05,0.23,0.77,573452,17192090.96,29.7597,32.9,26,12-AUG-22,ADDITONAL ISSUANCE 9:1,-2.2446324007807346,-3.9629274528603338,29.82,0,-3.31,-4.91,03-Oct-2025,04-Sep-2026,ADDITONAL ISSUANCE 9:1,-3.9629274528603338,12-AUG-22,-2.2446324007807346,8.662613981762911,-15.576923076923078,https://nsearchives.nseindia.com/today/MOM30IETFEQN.svg,https://nsearchives.nseindia.com/30d/MOM30IETF-EQ.svg,https://nsearchives.nseindia.com/365d/MOM30IETF-EQ.svg,EQ
GROWWNET,Index,9.84,10.11,9.4,10.07,0.23,2.34,1715060,17030545.8,9.7926,11.57,7.93,-,-,-3.9122137404580166,-6.499535747446605,9.84,0,-6.46,-9.39,03-Oct-2025,04-Sep-2026,-,-6.499535747446605,-,-3.9122137404580166,12.964563526361278,-26.986128625472897,https://nsearchives.nseindia.com/today/GROWWNETEQN.svg,https://nsearchives.nseindia.com/30d/GROWWNET-EQ.svg,https://nsearchives.nseindia.com/365d/GROWWNET-EQ.svg,EQ
GROWWPOWER,BSE Power Index - TRI,10.96,11.05,10.78,10.78,-0.06,-0.55,1566073,17007552.78,10.7775,13.2,7.75,-,-,6.206896551724128,-3.4050179211469604,10.84,0,6.07,-4.32,03-Oct-2025,04-Sep-2026,-,-3.4050179211469604,-,6.206896551724128,18.333333333333336,-39.09677419354838,https://nsearchives.nseindia.com/today/GROWWPOWEREQN.svg,https://nsearchives.nseindia.com/30d/GROWWPOWER-EQ.svg,https://nsearchives.nseindia.com/365d/GROWWPOWER-EQ.svg,EQ
AUTOIETF,Nifty Auto Index,26.5,26.57,26.15,26.44,-0.1,-0.38,643260,16911305.4,26.3175,31.46,24.2,01-MAR-24,FACE VALUE SPLIT (SUB-DIVISION) - FROM RS 10/- PER SHARE TO RE 1/- PER SHARE,-4.0290381125226835,-10.251188051595381,26.54,0,-3.63,-7.88,03-Oct-2025,04-Sep-2026,FACE VALUE SPLIT (SUB-DIVISION) - FROM RS 10/- PER SHARE TO RE 1/- PER SHARE,-10.251188051595381,01-MAR-24,-4.0290381125226835,15.956770502225046,-9.256198347107446,https://nsearchives.nseindia.com/today/AUTOIETFEQN.svg,https://nsearchives.nseindia.com/30d/AUTOIETF-EQ.svg,https://nsearchives.nseindia.com/365d/AUTOIETF-EQ.svg,EQ
EBBETF0431,Nifty BHARAT Bond,1434.56,1435.27,1425,1425,-2.59,-0.18,11787,16831128.78,1430.5133,1469,1372.83,-,-,3.4956096072977196,-0.5610450510802185,1427.59,0,3.57,-0.89,03-Oct-2025,04-Sep-2026,-,-0.5610450510802185,-,3.4956096072977196,2.995234853641933,-3.8001791918882946,https://nsearchives.nseindia.com/today/EBBETF0431EQN.svg,https://nsearchives.nseindia.com/30d/EBBETF0431-EQ.svg,https://nsearchives.nseindia.com/365d/EBBETF0431-EQ.svg,EQ
GROWWLIQID,Nifty 1D Rate Index,111.02,111.03,111.02,111.02,0.01,0.01,149426,16589274.52,111.0105,112.71,105.55,-,-,4.755614266842793,0.39790197142340183,111.01,0,4.7,0.33,03-Oct-2025,04-Sep-2026,-,0.39790197142340183,-,4.755614266842793,1.4994232987312552,-5.182378019895783,https://nsearchives.nseindia.com/today/GROWWLIQIDEQN.svg,https://nsearchives.nseindia.com/30d/GROWWLIQID-EQ.svg,https://nsearchives.nseindia.com/365d/GROWWLIQID-EQ.svg,EQ
SILVERADD,DSP Silver ETF,21.33,21.42,21.13,21.42,0.4,1.90,726716,15457249.32,21.1551,39,13.36,28-AUG-26,FACE VALUE SPLIT (SUB-DIVISION) - FROM RS 10/- PER UNIT TO RE 1/- PER UNIT,-84.75336322869954,-2.9891304347825933,21.02,0,-85.03,-6.33,03-Oct-2025,04-Sep-2026,FACE VALUE SPLIT (SUB-DIVISION) - FROM RS 10/- PER UNIT TO RE 1/- PER UNIT,-2.9891304347825933,28-AUG-26,-84.75336322869954,45.07692307692307,-60.32934131736529,https://nsearchives.nseindia.com/today/SILVERADDEQN.svg,https://nsearchives.nseindia.com/30d/SILVERADD-EQ.svg,https://nsearchives.nseindia.com/365d/SILVERADD-EQ.svg,EQ
DEFENCE,BSE India Defence,74.4,76.97,74.4,76.7,0.39,0.51,201294,15403016.88,76.1786,85.6,58.91,-,-,Infinity,-5.038999628574958,76.31,0,0,-6.93,,04-Sep-2026,-,-5.038999628574958,-,Infinity,10.397196261682232,-30.19860804617214,https://nsearchives.nseindia.com/today/DEFENCEEQN.svg,https://nsearchives.nseindia.com/30d/DEFENCE-EQ.svg,,EQ
MAHKTECH,Hang Seng TECH Total Return Index,22.11,22.15,21.5,22,0.42,1.95,703152,15391997.28,17.4876,35.59,21,-,-,-24.137931034482758,-2.3090586145648295,21.58,0,-27.24,-2.35,03-Oct-2025,04-Sep-2026,-,-2.3090586145648295,-,-24.137931034482758,38.184883394211866,-4.761904761904762,https://nsearchives.nseindia.com/today/MAHKTECHEQN.svg,https://nsearchives.nseindia.com/30d/MAHKTECH-EQ.svg,https://nsearchives.nseindia.com/365d/MAHKTECH-EQ.svg,EQ
AONELIQUID,Nifty 1D Rate Index,1079.73,1079.73,1079.71,1079.73,0.16,0.01,13665,14754373.8,1079.5783,1094.59,997.56,-,-,5.034144633164069,0.43719710147624213,1079.57,0,4.97,0.36,03-Oct-2025,04-Sep-2026,-,0.43719710147624213,-,5.034144633164069,1.357585945422478,-8.23709852038976,https://nsearchives.nseindia.com/today/AONELIQUIDEQN.svg,https://nsearchives.nseindia.com/30d/AONELIQUID-EQ.svg,https://nsearchives.nseindia.com/365d/AONELIQUID-EQ.svg,EQ
TOP10ADD,Nifty Top 10 Equal Weight Index,82.87,83.31,82.41,83.31,0.9,1.09,175533,14523600.42,82.303,103.04,81.53,-,-,-11.878569917495245,-5.39404951169657,82.41,0,-13.28,-6.33,03-Oct-2025,04-Sep-2026,-,-5.39404951169657,-,-11.878569917495245,19.147903726708076,-2.183245431129647,https://nsearchives.nseindia.com/today/TOP10ADDEQN.svg,https://nsearchives.nseindia.com/30d/TOP10ADD-EQ.svg,https://nsearchives.nseindia.com/365d/TOP10ADD-EQ.svg,EQ
GROWWEV,Nifty EV and New Age Automotive Index,29.52,30.98,29.52,30.1,0.05,0.17,476198,14300225.94,29.9242,34.64,26.2,-,-,-3.0907920154539514,-9.255351220982815,30.05,0,-3.59,-7.17,03-Oct-2025,04-Sep-2026,-,-9.255351220982815,-,-3.0907920154539514,13.106235565819858,-14.885496183206117,https://nsearchives.nseindia.com/today/GROWWEVEQN.svg,https://nsearchives.nseindia.com/30d/GROWWEV-EQ.svg,https://nsearchives.nseindia.com/365d/GROWWEV-EQ.svg,EQ
NIFTYCASE,Nifty Index 50 Index,9.18,9.18,9.01,9.11,0.08,0.89,1373579,12444625.74,9.0157,11.61,8.84,-,-,Infinity,-5.595854922279802,9.03,0,0,-6.33,,04-Sep-2026,-,-5.595854922279802,-,Infinity,21.53316106804479,-3.054298642533932,https://nsearchives.nseindia.com/today/NIFTYCASEEQN.svg,https://nsearchives.nseindia.com/30d/NIFTYCASE-EQ.svg,,EQ
HDFCPVTBAN,HDFC NIFTY Private Bank ETF,27.92,27.92,27.08,27.41,0.04,0.15,455677,12398971.17,27.2455,30.17,24.31,02-FEB-24,FACE VALUE SPLIT (SUB-DIVISION) - FROM RS 216.75/- PER SHARE TO RS 21.675/- PER SHARE,-0.03646973012400278,-2.594171997157073,27.37,0,-0.76,-3.59,03-Oct-2025,04-Sep-2026,FACE VALUE SPLIT (SUB-DIVISION) - FROM RS 216.75/- PER SHARE TO RS 21.675/- PER SHARE,-2.594171997157073,02-FEB-24,-0.03646973012400278,9.148160424262517,-12.751953928424522,https://nsearchives.nseindia.com/today/HDFCPVTBANEQN.svg,https://nsearchives.nseindia.com/30d/HDFCPVTBAN-EQ.svg,https://nsearchives.nseindia.com/365d/HDFCPVTBAN-EQ.svg,EQ
MOSMALL250,Motilal Oswal Nifty Smallcap 250 ETF,18.05,18.05,17.6,17.77,0.05,0.28,633377,11217106.67,17.6617,19.38,14.22,-,-,5.085748078060316,-3.7899296155928495,17.72,0,3.75,-4.32,03-Oct-2025,04-Sep-2026,-,-3.7899296155928495,-,5.085748078060316,8.30753353973168,-24.964838255977487,https://nsearchives.nseindia.com/today/MOSMALL250EQN.svg,https://nsearchives.nseindia.com/30d/MOSMALL250-EQ.svg,https://nsearchives.nseindia.com/365d/MOSMALL250-EQ.svg,EQ
OILIETF,Nifty Oil & Gas Index,10.41,10.8,10.41,10.63,-0.05,-0.47,1043053,11139806.04,10.6472,14,9.8,-,-,-7.3234524847428055,-5.678793256432997,10.68,0,-7.53,-6.07,03-Oct-2025,04-Sep-2026,-,-5.678793256432997,-,-7.3234524847428055,24.071428571428566,-8.46938775510204,https://nsearchives.nseindia.com/today/OILIETFEQN.svg,https://nsearchives.nseindia.com/30d/OILIETF-EQ.svg,https://nsearchives.nseindia.com/365d/OILIETF-EQ.svg,EQ
GROWWCAPM,Nifty Capital Markets Index,10.93,11.34,10.71,10.91,0.24,2.25,999564,10915238.88,10.6474,12.66,8.02,-,-,Infinity,-4.0457343887422965,10.67,0,0,-6.73,,04-Sep-2026,-,-4.0457343887422965,-,Infinity,13.823064770932069,-36.034912718204495,https://nsearchives.nseindia.com/today/GROWWCAPMEQN.svg,https://nsearchives.nseindia.com/30d/GROWWCAPM-EQ.svg,,EQ
PVTBANK,Nifty Private Bank,26.9,27.79,26.62,26.79,-0.03,-0.11,398571,10681702.8,26.779,29.65,26,-,-,Infinity,-3.0752532561505115,26.82,0,0,-4.21,,04-Sep-2026,-,-3.0752532561505115,-,Infinity,9.645868465430015,-3.038461538461535,https://nsearchives.nseindia.com/today/PVTBANKEQN.svg,https://nsearchives.nseindia.com/30d/PVTBANK-EQ.svg,,EQ
CONSUMBEES,Nifty India Consumption TRI,120.93,122.5,120.92,122.5,0.92,0.76,81760,9936292.8,121.1713,144.38,114,-,-,-9.245814194695505,-6.80867249904906,121.58,0,-10,-6.32,03-Oct-2025,04-Sep-2026,-,-6.80867249904906,-,-9.245814194695505,15.154453525419031,-7.456140350877193,https://nsearchives.nseindia.com/today/CONSUMBEESEQN.svg,https://nsearchives.nseindia.com/30d/CONSUMBEES-EQ.svg,https://nsearchives.nseindia.com/365d/CONSUMBEES-EQ.svg,EQ
IVZINGOLD,Gold,128.35,128.35,126.6,128.3,0.3,0.23,77113,9863523.83,127.8493,156,100,30-APR-26,FACE VALUE SPLIT (SUB-DIVISION) - FROM RS 100/- PER SHARE TO RE 1/- PER SHARE,-98.755100159615,-2.729340409401057,128,0,-98.92,-4.44,03-Oct-2025,04-Sep-2026,FACE VALUE SPLIT (SUB-DIVISION) - FROM RS 100/- PER SHARE TO RE 1/- PER SHARE,-2.729340409401057,30-APR-26,-98.755100159615,17.756410256410252,-28.300000000000008,https://nsearchives.nseindia.com/today/IVZINGOLDEQN.svg,https://nsearchives.nseindia.com/30d/IVZINGOLD-EQ.svg,https://nsearchives.nseindia.com/365d/IVZINGOLD-EQ.svg,EQ
MIDCAP,Nifty Midcap 50 Index,17.24,17.85,17.2,17.35,0.12,0.70,564365,9769158.15,17.2053,19.27,15.01,27-FEB-26,FACE VALUE SPLIT (SUB-DIVISION) - FROM RS 10/- PER SHARE TO RE 1/- PER SHARE,-89.42395611094179,-7.020364415862802,17.23,0,-89.57,-6.92,03-Oct-2025,04-Sep-2026,FACE VALUE SPLIT (SUB-DIVISION) - FROM RS 10/- PER SHARE TO RE 1/- PER SHARE,-7.020364415862802,27-FEB-26,-89.42395611094179,9.963674104826145,-15.589606928714202,https://nsearchives.nseindia.com/today/MIDCAPEQN.svg,https://nsearchives.nseindia.com/30d/MIDCAP-EQ.svg,https://nsearchives.nseindia.com/365d/MIDCAP-EQ.svg,EQ
ENERGY,Nifty Energy,37.14,37.27,36.71,36.83,0.08,0.22,262728,9699917.76,36.6904,42.82,29,-,-,Infinity,-2.9256721138639943,36.75,0,0,-4.32,,04-Sep-2026,-,-2.9256721138639943,-,Infinity,13.988790284913597,-26.999999999999993,https://nsearchives.nseindia.com/today/ENERGYEQN.svg,https://nsearchives.nseindia.com/30d/ENERGY-EQ.svg,,EQ
LIQUIDSBI,SBI NIFTY 1D Rate ETF,999.99,1000.01,999.99,1000.01,0.01,0.00,9649,9649000,1000,1010.02,970.23,-,-,0.002000020000198183,0.0009999999999990906,1000,0,0,0,03-Oct-2025,04-Sep-2026,-,0.0009999999999990906,-,0.002000020000198183,0.9910694837725976,-3.0693753027632593,https://nsearchives.nseindia.com/today/LIQUIDSBIEQN.svg,https://nsearchives.nseindia.com/30d/LIQUIDSBI-EQ.svg,https://nsearchives.nseindia.com/365d/LIQUIDSBI-EQ.svg,EQ
FINIETF,ICICI Prudential Nifty Financial Services Ex-Bank ETF,30.1,30.27,29.94,30.22,-0.18,-0.59,306947,9248313.11,29.737,34.56,27.4,-,-,-0.03307972213033927,-7.442572741194486,30.4,0,0.26,-7.74,03-Oct-2025,04-Sep-2026,-,-7.442572741194486,-,-0.03307972213033927,12.55787037037038,-10.291970802919709,https://nsearchives.nseindia.com/today/FINIETFEQN.svg,https://nsearchives.nseindia.com/30d/FINIETF-EQ.svg,https://nsearchives.nseindia.com/365d/FINIETF-EQ.svg,EQ
EBBETF0433,BHARAT Bond ETF-April 2033,1325.68,1325.68,1293.22,1301.27,1.58,0.12,7010,9102274.7,1299.7222,1350.32,1243.25,-,-,3.563896250666537,-0.7414244197133485,1299.69,0,3.46,-0.87,03-Oct-2025,04-Sep-2026,-,-0.7414244197133485,-,3.563896250666537,3.6324723028615407,-4.666800723909108,https://nsearchives.nseindia.com/today/EBBETF0433EQN.svg,https://nsearchives.nseindia.com/30d/EBBETF0433-EQ.svg,https://nsearchives.nseindia.com/365d/EBBETF0433-EQ.svg,EQ
MOGOLD,Domestic Price of Physical Gold,145.2,145.75,144.15,145.1,-0.1,-0.07,62581,9096774.16,145.4137,175,115,-,-,23.752665245202554,-3.3311125916055966,145.2,0,24.9,-4.32,03-Oct-2025,04-Sep-2026,-,-3.3311125916055966,-,23.752665245202554,17.08571428571429,-26.173913043478258,https://nsearchives.nseindia.com/today/MOGOLDEQN.svg,https://nsearchives.nseindia.com/30d/MOGOLD-EQ.svg,https://nsearchives.nseindia.com/365d/MOGOLD-EQ.svg,EQ
INFRAIETF,ICICI Prudential Nifty Infrastructure ETF,89.52,92,89.02,89.88,0.68,0.76,100848,9046065.6,88.6276,101,86.8,-,-,-2.134146341463423,-4.878823155889512,89.2,0,-4.2,-5.91,03-Oct-2025,04-Sep-2026,-,-4.878823155889512,-,-2.134146341463423,11.009900990099014,-3.5483870967741917,https://nsearchives.nseindia.com/today/INFRAIETFEQN.svg,https://nsearchives.nseindia.com/30d/INFRAIETF-EQ.svg,https://nsearchives.nseindia.com/365d/INFRAIETF-EQ.svg,EQ
NEXT50BETA,Nifty Next 50,74.71,75.88,74.42,75.69,0.99,1.33,118869,8906854.17,74.5733,82.51,64.34,25-MAR-21, FACE VALUE SPLIT (SUB-DIVISION) - FROM RS 10/- PER UNIT TO Re 1/- PER UNIT,Infinity,-3.812428516965307,74.7,0,0,-5.5,,04-Sep-2026, FACE VALUE SPLIT (SUB-DIVISION) - FROM RS 10/- PER UNIT TO Re 1/- PER UNIT,-3.812428516965307,25-MAR-21,Infinity,8.265664767906928,-17.640658999067448,https://nsearchives.nseindia.com/today/NEXT50BETAEQN.svg,https://nsearchives.nseindia.com/30d/NEXT50BETA-EQ.svg,,EQ
HDFCMOMENT,HDFC NIFTY200 Momentum 30 ETF,30.37,30.37,29.5,29.72,-0.39,-1.30,298269,8873502.75,29.4959,33.23,27.13,20-OCT-23,FACE VALUE SPLIT (SUB-DIVISION) - FROM RS 190.61/- PER SHARE TO RS 19.061/- PER SHARE,-2.39737274220033,-4.159948403740738,30.11,0,-1.18,-2.84,03-Oct-2025,04-Sep-2026,FACE VALUE SPLIT (SUB-DIVISION) - FROM RS 190.61/- PER SHARE TO RS 19.061/- PER SHARE,-4.159948403740738,20-OCT-23,-2.39737274220033,10.562744507974715,-9.546627349797273,https://nsearchives.nseindia.com/today/HDFCMOMENTEQN.svg,https://nsearchives.nseindia.com/30d/HDFCMOMENT-EQ.svg,https://nsearchives.nseindia.com/365d/HDFCMOMENT-EQ.svg,EQ
GROWWN200,Nifty 200 Index- Total Return Index,10.64,10.83,10.6,10.7,0.06,0.56,830952,8841329.28,10.6019,12.14,9.91,-,-,-4.719501335707935,-5.141843971631206,10.64,0,-5.59,-6.17,03-Oct-2025,04-Sep-2026,-,-5.141843971631206,-,-4.719501335707935,11.861614497528839,-7.9717457114026145,https://nsearchives.nseindia.com/today/GROWWN200EQN.svg,https://nsearchives.nseindia.com/30d/GROWWN200-EQ.svg,https://nsearchives.nseindia.com/365d/GROWWN200-EQ.svg,EQ
NV20IETF,Nifty50 Value 20,12.79,12.98,12.72,12.82,0.03,0.23,689915,8830912,12.7608,16,12.5,01-MAR-24,FACE VALUE SPLIT (SUB-DIVISION) - FROM RS 10/- PER SHARE TO RE 1/- PER SHARE,-10.848400556328237,-5.387453874538748,12.79,0,-11.24,-6.09,03-Oct-2025,04-Sep-2026,FACE VALUE SPLIT (SUB-DIVISION) - FROM RS 10/- PER SHARE TO RE 1/- PER SHARE,-5.387453874538748,01-MAR-24,-10.848400556328237,19.875,-2.5600000000000023,https://nsearchives.nseindia.com/today/NV20IETFEQN.svg,https://nsearchives.nseindia.com/30d/NV20IETF-EQ.svg,https://nsearchives.nseindia.com/365d/NV20IETF-EQ.svg,EQ
EVIETF,Nifty EV & New Age Automotive ETF,30.79,30.79,29.85,30.15,0.11,0.37,288534,8650249.32,29.9659,36,26.28,-,-,-2.616279069767449,-8.912386706948649,30.04,0,-3.84,-7.48,03-Oct-2025,04-Sep-2026,-,-8.912386706948649,-,-2.616279069767449,16.250000000000004,-14.726027397260264,https://nsearchives.nseindia.com/today/EVIETFEQN.svg,https://nsearchives.nseindia.com/30d/EVIETF-EQ.svg,https://nsearchives.nseindia.com/365d/EVIETF-EQ.svg,EQ
AONEGOLD,Domestic price of Gold,13.8,13.81,13.48,13.76,0.08,0.58,629525,8630787.75,13.7388,17.73,10.22,-,-,24.637681159420296,-2.961918194640338,13.68,0,24.82,-4.8,03-Oct-2025,04-Sep-2026,-,-2.961918194640338,-,24.637681159420296,22.39142695995488,-34.637964774951065,https://nsearchives.nseindia.com/today/AONEGOLDEQN.svg,https://nsearchives.nseindia.com/30d/AONEGOLD-EQ.svg,https://nsearchives.nseindia.com/365d/AONEGOLD-EQ.svg,EQ
INSUREIETF,BSE Insurance Index,14.6,14.73,14.5,14.61,0.01,0.07,589446,8582333.76,14.5933,16.46,14.36,-,-,Infinity,-5.314322747893716,14.6,0,0,-4.14,,04-Sep-2026,-,-5.314322747893716,-,Infinity,11.239368165249097,-1.7409470752089138,https://nsearchives.nseindia.com/today/INSUREIETFEQN.svg,https://nsearchives.nseindia.com/30d/INSUREIETF-EQ.svg,,EQ
LTGILTCASE,Nifty 8-13 Yr G-Sec Index,30.67,30.67,29.47,30.08,0.01,0.03,283705,8531009.35,30.0409,31.31,28.71,-,-,2.208630648997617,-1.0851693521867867,30.07,0,1.86,-1.12,03-Oct-2025,04-Sep-2026,-,-1.0851693521867867,-,2.208630648997617,3.9284573618652203,-4.771856495994418,https://nsearchives.nseindia.com/today/LTGILTCASEEQN.svg,https://nsearchives.nseindia.com/30d/LTGILTCASE-EQ.svg,https://nsearchives.nseindia.com/365d/LTGILTCASE-EQ.svg,EQ
MOMMIDCAP,BSE Midcap 150 Momentum 30 TRI,12.58,12.58,12.35,12.38,0.05,0.41,684508,8501589.36,12.3283,14.99,10.8,-,-,Infinity,-4.915514592933938,12.33,0,0,-5.08,,04-Sep-2026,-,-4.915514592933938,-,Infinity,17.411607738492325,-14.629629629629628,https://nsearchives.nseindia.com/today/MOMMIDCAPEQN.svg,https://nsearchives.nseindia.com/30d/MOMMIDCAP-EQ.svg,,EQ
IT,NIFTY IT Index,31.77,32.37,31.15,31.21,0.06,0.19,268438,8442375.1,31.4613,44.49,28.54,-,-,-15.374186550976145,-10.109447004608288,31.15,0,-15.77,-8.62,03-Oct-2025,04-Sep-2026,-,-10.109447004608288,-,-15.374186550976145,29.849404360530453,-9.355290819901898,https://nsearchives.nseindia.com/today/ITEQN.svg,https://nsearchives.nseindia.com/30d/IT-EQ.svg,https://nsearchives.nseindia.com/365d/IT-EQ.svg,EQ
MOSILVER,Domestic Price of Physical Silver,218.86,219.4,216.8,218.45,2.53,1.17,37688,8204677.6,217.0639,385,135.25,-,-,51.082370841690285,-3.22937893151414,215.92,0,49.17,-6.13,03-Oct-2025,04-Sep-2026,-,-3.22937893151414,-,51.082370841690285,43.25974025974026,-61.51571164510165,https://nsearchives.nseindia.com/today/MOSILVEREQN.svg,https://nsearchives.nseindia.com/30d/MOSILVER-EQ.svg,https://nsearchives.nseindia.com/365d/MOSILVER-EQ.svg,EQ
LICNETFGSC,Nifty 8-13 Yr Gsec,28.62,29.09,28.62,29,0.07,0.24,279273,8079367.89,29.0326,30.53,27.59,-,-,2.401129943502824,-1.1925042589437866,28.93,0,1.97,-1.4,03-Oct-2025,04-Sep-2026,-,-1.1925042589437866,-,2.401129943502824,5.0114641336390475,-5.110547299746285,https://nsearchives.nseindia.com/today/LICNETFGSCEQN.svg,https://nsearchives.nseindia.com/30d/LICNETFGSC-EQ.svg,https://nsearchives.nseindia.com/365d/LICNETFGSC-EQ.svg,EQ
MOMIDMTM,Nifty Midcap 150 Momentum 50 Total Return Index,62.72,62.77,61.07,61.07,-0.42,-0.68,129407,7961118.64,61.0581,70,54.78,-,-,-0.956860201102816,-5.552118775131452,61.49,0,-0.4,-4.74,03-Oct-2025,04-Sep-2026,-,-5.552118775131452,-,-0.956860201102816,12.757142857142858,-11.48229280759401,https://nsearchives.nseindia.com/today/MOMIDMTMEQN.svg,https://nsearchives.nseindia.com/30d/MOMIDMTM-EQ.svg,https://nsearchives.nseindia.com/365d/MOMIDMTM-EQ.svg,EQ
MOVALUE,Motilal Oswal S&P BSE Enhanced Value ETF,108.87,108.87,106.3,106.91,-1.34,-1.24,73685,7888716.1,106.4946,128.77,103.44,-,-,0.2719939973738436,-4.62979482604817,108.25,0,0.91,-4.42,03-Oct-2025,04-Sep-2026,-,-4.62979482604817,-,0.2719939973738436,16.97600372757631,-3.35460170146945,https://nsearchives.nseindia.com/today/MOVALUEEQN.svg,https://nsearchives.nseindia.com/30d/MOVALUE-EQ.svg,https://nsearchives.nseindia.com/365d/MOVALUE-EQ.svg,EQ
COMMOIETF,ICICI Prudential Nifty Commodities ETF,93.24,94.5,92.91,93.51,-0.49,-0.52,82728,7740031.68,93.2225,110.56,90.5,-,-,1.9404774882808253,-5.402124430955983,94,0,2.16,-6.31,03-Oct-2025,04-Sep-2026,-,-5.402124430955983,-,1.9404774882808253,15.421490593342979,-3.3259668508287348,https://nsearchives.nseindia.com/today/COMMOIETFEQN.svg,https://nsearchives.nseindia.com/30d/COMMOIETF-EQ.svg,https://nsearchives.nseindia.com/365d/COMMOIETF-EQ.svg,EQ
GROWWNIFTY,Nifty 50 Index - TRI,9.16,9.26,8.89,9.21,0.09,0.99,819337,7472353.44,9.0722,11.88,8.89,-,-,-7.344064386317894,-5.246913580246911,9.12,0,-8.53,-5.79,03-Oct-2025,04-Sep-2026,-,-5.246913580246911,-,-7.344064386317894,22.474747474747474,-3.5995500562429728,https://nsearchives.nseindia.com/today/GROWWNIFTYEQN.svg,https://nsearchives.nseindia.com/30d/GROWWNIFTY-EQ.svg,https://nsearchives.nseindia.com/365d/GROWWNIFTY-EQ.svg,EQ
GROWWRAIL,Nifty India Railways PSU Index,25.96,26.41,25.83,26.35,0.25,0.96,282725,7370640.75,26.0284,36.75,25.8,-,-,-24.36854190585534,-6.460773872914449,26.1,0,-26.48,-7.05,03-Oct-2025,04-Sep-2026,-,-6.460773872914449,-,-24.36854190585534,28.29931972789115,-2.131782945736437,https://nsearchives.nseindia.com/today/GROWWRAILEQN.svg,https://nsearchives.nseindia.com/30d/GROWWRAIL-EQ.svg,https://nsearchives.nseindia.com/365d/GROWWRAIL-EQ.svg,EQ
HDFCNEXT50,HDFC NIFTY NEXT 50 ETF,70.93,71.18,70.31,71.08,0.58,0.82,102791,7273491.16,70.5634,78.07,59.99,20-OCT-23,FACE VALUE SPLIT (SUB-DIVISION) - FROM RS 418.18/- PER SHARE TO RS 41.81/- PER SHARE,2.701921687617403,-4.127326679255465,70.5,0,1.57,-5.69,03-Oct-2025,04-Sep-2026,FACE VALUE SPLIT (SUB-DIVISION) - FROM RS 418.18/- PER SHARE TO RS 41.81/- PER SHARE,-4.127326679255465,20-OCT-23,2.701921687617403,8.95350326629947,-18.486414402400392,https://nsearchives.nseindia.com/today/HDFCNEXT50EQN.svg,https://nsearchives.nseindia.com/30d/HDFCNEXT50-EQ.svg,https://nsearchives.nseindia.com/365d/HDFCNEXT50-EQ.svg,EQ
HEALTHY,Nifty Healthcare TRI,16.76,16.76,16.26,16.55,0.08,0.49,424617,6980703.48,16.5631,17.79,13.58,-,-,12.508497620666212,-3.385872737886739,16.47,0,12.19,-2.2,03-Oct-2025,04-Sep-2026,-,-3.385872737886739,-,12.508497620666212,6.970207982012358,-21.870397643593524,https://nsearchives.nseindia.com/today/HEALTHYEQN.svg,https://nsearchives.nseindia.com/30d/HEALTHY-EQ.svg,https://nsearchives.nseindia.com/365d/HEALTHY-EQ.svg,EQ
HDFCSENSEX,SENSEX,81.41,82.69,81.41,82.47,0.63,0.77,84035,6892550.7,81.6597,98.48,78.44,02-FEB-24,FACE VALUE SPLIT (SUB-DIVISION) - FROM RS 250.361/- PER SHARE TO RS 25.0361/- PER SHARE,-9.263945428539996,-5.619134813458453,81.84,0,-10.19,-6.09,03-Oct-2025,04-Sep-2026,FACE VALUE SPLIT (SUB-DIVISION) - FROM RS 250.361/- PER SHARE TO RS 25.0361/- PER SHARE,-5.619134813458453,02-FEB-24,-9.263945428539996,16.257108042242084,-5.137684854665988,https://nsearchives.nseindia.com/today/HDFCSENSEXEQN.svg,https://nsearchives.nseindia.com/30d/HDFCSENSEX-EQ.svg,https://nsearchives.nseindia.com/365d/HDFCSENSEX-EQ.svg,EQ
PSUBANK,Nifty PSU Bank,79.94,81.28,79.93,80.55,1.03,1.30,78960,6367334.4,79.4548,101,74.21,10-JUL-26,FACE VALUE SPLIT (SUB-DIVISION) - FROM RS 10/- PER UNIT TO RE 1/- PER UNIT,-89.23761423761425,-5.4133395960544854,79.52,0,-89.51,-7.03,03-Oct-2025,04-Sep-2026,FACE VALUE SPLIT (SUB-DIVISION) - FROM RS 10/- PER UNIT TO RE 1/- PER UNIT,-5.4133395960544854,10-JUL-26,-89.23761423761425,20.24752475247525,-8.543323002290801,https://nsearchives.nseindia.com/today/PSUBANKEQN.svg,https://nsearchives.nseindia.com/30d/PSUBANK-EQ.svg,https://nsearchives.nseindia.com/365d/PSUBANK-EQ.svg,EQ
CONSUMER,Nifty India New AgeConsumption,11.12,11.2,11.09,11.18,0.12,1.08,564826,6297809.9,11.0782,12.74,9.69,-,-,-6.755629691409513,-7.450331125827817,11.06,0,-7.99,-8.06,03-Oct-2025,04-Sep-2026,-,-7.450331125827817,-,-6.755629691409513,12.244897959183678,-15.37667698658411,https://nsearchives.nseindia.com/today/CONSUMEREQN.svg,https://nsearchives.nseindia.com/30d/CONSUMER-EQ.svg,https://nsearchives.nseindia.com/365d/CONSUMER-EQ.svg,EQ
NIFTYAXIS,Nifty 50,243.19,256.9,243.19,250.49,1.06,0.42,24479,6104083.44,248.4565,296.38,243.19,23-JUL-20, FACE VALUE SPLIT (SUB-DIVISION) - FROM RS 100/- PER SHARE TO RS 10/- PER SHARE,Infinity,-5.816664160024053,249.43,0,0,-6.1,,04-Sep-2026, FACE VALUE SPLIT (SUB-DIVISION) - FROM RS 100/- PER SHARE TO RS 10/- PER SHARE,-5.816664160024053,23-JUL-20,Infinity,15.483500910992639,-3.001768164809413,https://nsearchives.nseindia.com/today/NIFTYAXISEQN.svg,https://nsearchives.nseindia.com/30d/NIFTYAXIS-EQ.svg,,EQ
EQUAL50ADD,NIFTY 50 Equal Weight Index,320.32,325,319.29,325,4.68,1.46,18990,6095790,319.0188,361,304.78,-,-,-1.386655338774765,-5.167634443115165,320.32,0,-3.31,-5.88,03-Oct-2025,04-Sep-2026,-,-5.167634443115165,-,-1.386655338774765,9.97229916897507,-6.634293588818173,https://nsearchives.nseindia.com/today/EQUAL50ADDEQN.svg,https://nsearchives.nseindia.com/30d/EQUAL50ADD-EQ.svg,https://nsearchives.nseindia.com/365d/EQUAL50ADD-EQ.svg,EQ
EVINDIA,Nifty EV and New Age Automotive Total Return Index,30.75,30.75,29.9,30.02,0.02,0.07,201966,6065038.98,30.0203,35.04,26.2,-,-,-3.1612903225806464,-9.441930618401203,30,0,-3.75,-7.52,03-Oct-2025,04-Sep-2026,-,-9.441930618401203,-,-3.1612903225806464,14.32648401826484,-14.580152671755725,https://nsearchives.nseindia.com/today/EVINDIAEQN.svg,https://nsearchives.nseindia.com/30d/EVINDIA-EQ.svg,https://nsearchives.nseindia.com/365d/EVINDIA-EQ.svg,EQ
PSUBNKIETF,ICICI Prudential Nifty PSU Bank ETF,81.95,82.37,80.49,80.86,0.2,0.25,72226,5899419.68,80.5185,104,74.8,-,-,6.5349143610013085,-6.238404452690162,80.66,0,5.2,-6.78,03-Oct-2025,04-Sep-2026,-,-6.238404452690162,-,6.5349143610013085,22.25,-8.10160427807487,https://nsearchives.nseindia.com/today/PSUBNKIETFEQN.svg,https://nsearchives.nseindia.com/30d/PSUBNKIETF-EQ.svg,https://nsearchives.nseindia.com/365d/PSUBNKIETF-EQ.svg,EQ
GROWWMETAL,Nifty Metal Index,12.19,12.2,11.85,11.91,-0.04,-0.33,490772,5869633.12,11.9045,13.45,10.03,-,-,Infinity,-4.872204472843446,11.95,0,0,-6.05,,04-Sep-2026,-,-4.872204472843446,-,Infinity,11.449814126394047,-18.743768693918256,https://nsearchives.nseindia.com/today/GROWWMETALEQN.svg,https://nsearchives.nseindia.com/30d/GROWWMETAL-EQ.svg,,EQ
MIDSELIETF,S&P BSE Midcap Select Index,18.47,18.6,18.41,18.5,0.03,0.16,301104,5564401.92,18.3798,20.39,14.55,10-MAY-24,FACE VALUE SPLIT (SUB-DIVISION) - FROM RS 10/- PER SHARE TO RE 1/- PER SHARE,7.122177185871456,-7.36104156234351,18.47,0,6.21,-7.33,03-Oct-2025,04-Sep-2026,FACE VALUE SPLIT (SUB-DIVISION) - FROM RS 10/- PER SHARE TO RE 1/- PER SHARE,-7.36104156234351,10-MAY-24,7.122177185871456,9.269249632172636,-27.14776632302405,https://nsearchives.nseindia.com/today/MIDSELIETFEQN.svg,https://nsearchives.nseindia.com/30d/MIDSELIETF-EQ.svg,https://nsearchives.nseindia.com/365d/MIDSELIETF-EQ.svg,EQ
CHEMICAL,Nifty Chemicals Index (TRI),28.76,28.76,27.82,28.03,-0.17,-0.60,186930,5241517.2,28.043,31.8,24.5,-,-,Infinity,-6.691078561917437,28.2,0,0,-6.62,,04-Sep-2026,-,-6.691078561917437,-,Infinity,11.855345911949684,-14.408163265306127,https://nsearchives.nseindia.com/today/CHEMICALEQN.svg,https://nsearchives.nseindia.com/30d/CHEMICAL-EQ.svg,,EQ
SHARIABEES,Shariah,423.26,437.7,420,424,0.74,0.17,12399,5229898.2,421.877,534.61,417,10-MAR-14,DIVIDEND-RS.2 PER UNIT,-12.803849792292187,-8.250925064375824,423.26,0,-13.03,-6.53,03-Oct-2025,04-Sep-2026,DIVIDEND-RS.2 PER UNIT,-8.250925064375824,10-MAR-14,-12.803849792292187,20.689848674734858,-1.6786570743405276,https://nsearchives.nseindia.com/today/SHARIABEESEQN.svg,https://nsearchives.nseindia.com/30d/SHARIABEES-EQ.svg,https://nsearchives.nseindia.com/365d/SHARIABEES-EQ.svg,EQ
EQUAL50,Nifty50 Equal Weight,315.32,315.32,308.6,310.51,1.37,0.44,16755,5200249.35,308.7166,342.88,295.16,-,-,-3.141181608334891,-6.385480418463025,309.14,0,-3.51,-6.38,03-Oct-2025,04-Sep-2026,-,-6.385480418463025,-,-3.141181608334891,9.440620625291649,-5.200569182816087,https://nsearchives.nseindia.com/today/EQUAL50EQN.svg,https://nsearchives.nseindia.com/30d/EQUAL50-EQ.svg,https://nsearchives.nseindia.com/365d/EQUAL50-EQ.svg,EQ
QNIFTY,Nifty 50,252.65,252.65,247.2,248.8,1.1,0.44,20626,5124529.7,247.0686,291.19,243.2,13-FEB-26,FACE VALUE SPLIT (SUB-DIVISION) - FROM RS 10/- PER UNIT TO RE 1/- PER UNIT,-90.82254084301306,-5.885913148736572,247.7,0,-90.88,-6.23,03-Oct-2025,04-Sep-2026,FACE VALUE SPLIT (SUB-DIVISION) - FROM RS 10/- PER UNIT TO RE 1/- PER UNIT,-5.885913148736572,13-FEB-26,-90.82254084301306,14.557505408839583,-2.302631578947378,https://nsearchives.nseindia.com/today/QNIFTYEQN.svg,https://nsearchives.nseindia.com/30d/QNIFTY-EQ.svg,https://nsearchives.nseindia.com/365d/QNIFTY-EQ.svg,EQ
MOM50,Nifty 50,238.99,238.99,234.79,235.01,-0.66,-0.28,21342,5039273.04,235.0137,279.33,221.55,16-OCT-14,FACE VALUE SPLIT FROM RS.10/- TO RS.7/-,-8.935560119347464,-6.183632734530942,235.67,0,-8.84,-6.28,03-Oct-2025,04-Sep-2026,FACE VALUE SPLIT FROM RS.10/- TO RS.7/-,-6.183632734530942,16-OCT-14,-8.935560119347464,15.866537786847097,-6.075378018505971,https://nsearchives.nseindia.com/today/MOM50EQN.svg,https://nsearchives.nseindia.com/30d/MOM50-EQ.svg,https://nsearchives.nseindia.com/365d/MOM50-EQ.svg,EQ
GOLDBND,Commodity - Gold,146.8,147.28,145.6,146.89,0.14,0.10,33091,4864377,146.8962,180.16,115.17,-,-,Infinity,-3.087682259022239,146.75,0,0,-4.6,,04-Sep-2026,-,-3.087682259022239,-,Infinity,18.46691829484903,-27.54189459060518,https://nsearchives.nseindia.com/today/GOLDBNDEQN.svg,https://nsearchives.nseindia.com/30d/GOLDBND-EQ.svg,,EQ
BFSI,Nifty Financial Services Index,25.17,25.91,25.01,25.69,0.17,0.67,188535,4860432.3,25.5545,29.94,24.03,-,-,-5.7939127246057875,-4.8165987402741655,25.52,0,-6.45,-6.07,03-Oct-2025,04-Sep-2026,-,-4.8165987402741655,-,-5.7939127246057875,14.19505678022712,-6.90803162713275,https://nsearchives.nseindia.com/today/BFSIEQN.svg,https://nsearchives.nseindia.com/30d/BFSI-EQ.svg,https://nsearchives.nseindia.com/365d/BFSI-EQ.svg,EQ
SENSEXETF,Mirae Asset S&P BSE Sensex ETF,74.6,75.1,74.28,74.64,0.21,0.28,62059,4632083.76,74.2818,88.7,73.33,-,-,-9.811503141614311,-5.935727788279766,74.43,0,-10.47,-6.02,03-Oct-2025,04-Sep-2026,-,-5.935727788279766,-,-9.811503141614311,15.851183765501693,-1.7864448384017486,https://nsearchives.nseindia.com/today/SENSEXETFEQN.svg,https://nsearchives.nseindia.com/30d/SENSEXETF-EQ.svg,https://nsearchives.nseindia.com/365d/SENSEXETF-EQ.svg,EQ
VALUEAXIS,Nifty500 Value 50 TRI,31.97,31.97,30.82,31.38,0.47,1.52,145987,4543115.44,30.7593,39,26.76,-,-,Infinity,-3.683241252302024,30.91,0,0,-5.99,,04-Sep-2026,-,-3.683241252302024,-,Infinity,19.53846153846154,-17.26457399103138,https://nsearchives.nseindia.com/today/VALUEAXISEQN.svg,https://nsearchives.nseindia.com/30d/VALUEAXIS-EQ.svg,,EQ
NIFTYJBLK,INDEX,11.38,11.82,11.38,11.6,0.06,0.52,381854,4414232.24,11.498,13.05,9.94,-,-,Infinity,-5.844155844155849,11.54,0,0,-6.1,,04-Sep-2026,-,-5.844155844155849,-,Infinity,11.11111111111112,-16.700201207243463,https://nsearchives.nseindia.com/today/NIFTYJBLKEQN.svg,https://nsearchives.nseindia.com/30d/NIFTYJBLK-EQ.svg,,EQ
SILVERBND,Commodity - Silver,221.98,222.96,219.7,222.93,3.74,1.71,19676,4374761.84,220.2686,389,180,-,-,Infinity,-2.437636761487962,219.19,0,0,-6.17,,04-Sep-2026,-,-2.437636761487962,-,Infinity,42.69151670951157,-23.850000000000005,https://nsearchives.nseindia.com/today/SILVERBNDEQN.svg,https://nsearchives.nseindia.com/30d/SILVERBND-EQ.svg,,EQ
NIF100IETF,Nifty 100,26.25,26.7,26.25,26.31,-0.02,-0.08,158488,4187252.96,26.2607,30.88,23,10-MAY-24,FACE VALUE SPLIT (SUB-DIVISION) - FROM RS 10/- PER SHARE TO RE 1/- PER SHARE,-7.2938689217759,-6.23663578047042,26.33,0,-7.45,-6.13,03-Oct-2025,04-Sep-2026,FACE VALUE SPLIT (SUB-DIVISION) - FROM RS 10/- PER SHARE TO RE 1/- PER SHARE,-6.23663578047042,10-MAY-24,-7.2938689217759,14.799222797927461,-14.391304347826082,https://nsearchives.nseindia.com/today/NIF100IETFEQN.svg,https://nsearchives.nseindia.com/30d/NIF100IETF-EQ.svg,https://nsearchives.nseindia.com/365d/NIF100IETF-EQ.svg,EQ
SMALL250,Nifty Smallcap 250,18.25,18.25,17.57,17.68,0.05,0.28,235470,4167819,17.6389,19.95,14.16,-,-,Infinity,-4.121475054229943,17.63,0,0,-4.91,,04-Sep-2026,-,-4.121475054229943,-,Infinity,11.378446115288218,-24.85875706214689,https://nsearchives.nseindia.com/today/SMALL250EQN.svg,https://nsearchives.nseindia.com/30d/SMALL250-EQ.svg,,EQ
EGOLD,Edelweiss Gold ETF,146.9,147.2,145.6,147.15,0.3,0.20,28284,4148979.96,146.93,184.95,112.1,-,-,24.59779847586792,-2.9673590504451037,146.85,0,25.25,-4.52,03-Oct-2025,04-Sep-2026,-,-2.9673590504451037,-,24.59779847586792,20.437956204379553,-31.26672613737735,https://nsearchives.nseindia.com/today/EGOLDEQN.svg,https://nsearchives.nseindia.com/30d/EGOLD-EQ.svg,https://nsearchives.nseindia.com/365d/EGOLD-EQ.svg,EQ
MOQUALITY,Motilal Oswal S&P BSE Quality ETF,189.39,198,186.42,188.29,0.95,0.51,21916,4105085.96,186.4802,225.6,176.15,-,-,-1.6762402088772888,-5.600120324877176,187.34,0,-3.12,-5.73,03-Oct-2025,04-Sep-2026,-,-5.600120324877176,-,-1.6762402088772888,16.538120567375888,-6.891853533919947,https://nsearchives.nseindia.com/today/MOQUALITYEQN.svg,https://nsearchives.nseindia.com/30d/MOQUALITY-EQ.svg,https://nsearchives.nseindia.com/365d/MOQUALITY-EQ.svg,EQ
LIQUIDSHRI,SHRIRAM NIFTY 1D RATE LIQUID ETF,1124.28,1124.28,1124.26,1124.28,0.16,0.01,3644,4096803.44,1124.1314,1124.28,1073.02,-,-,4.7761945145988465,0.4072446683099297,1124.12,0,4.72,0.34,03-Oct-2025,04-Sep-2026,-,0.4072446683099297,-,4.7761945145988465,0,-4.777170975377905,https://nsearchives.nseindia.com/today/LIQUIDSHRIEQN.svg,https://nsearchives.nseindia.com/30d/LIQUIDSHRI-EQ.svg,https://nsearchives.nseindia.com/365d/LIQUIDSHRI-EQ.svg,EQ
MOENERGY,Nifty Energy Index,37.42,37.42,36.69,36.99,0.3,0.82,110816,4092434.88,36.6121,43,33,-,-,Infinity,-2.4268003165391576,36.69,0,0,-4.5,,04-Sep-2026,-,-2.4268003165391576,-,Infinity,13.976744186046506,-12.090909090909097,https://nsearchives.nseindia.com/today/MOENERGYEQN.svg,https://nsearchives.nseindia.com/30d/MOENERGY-EQ.svg,,EQ
GROWWMOM50,Nifty 500 Momentum 50 Index- Total Return Index,10.55,10.69,10.47,10.56,0.01,0.09,386277,4067496.81,10.5195,11.55,9.12,-,-,2.623906705539372,-4.174228675136108,10.55,0,2.03,-4,03-Oct-2025,04-Sep-2026,-,-4.174228675136108,-,2.623906705539372,8.571428571428573,-15.78947368421054,https://nsearchives.nseindia.com/today/GROWWMOM50EQN.svg,https://nsearchives.nseindia.com/30d/GROWWMOM50-EQ.svg,https://nsearchives.nseindia.com/365d/GROWWMOM50-EQ.svg,EQ
HDFCNIFIT,HDFC NIFTY IT ETF,30.39,31,29.99,30.3,0.43,1.44,134271,4060355.04,30.2612,42.3,27.32,02-FEB-24,FACE VALUE SPLIT (SUB-DIVISION) - FROM RS 299.92/- PER SHARE TO RS 29.992/- PER SHARE,-14.743950478334268,-9.362847741549503,29.87,0,-16.17,-9.1,03-Oct-2025,04-Sep-2026,FACE VALUE SPLIT (SUB-DIVISION) - FROM RS 299.92/- PER SHARE TO RS 29.992/- PER SHARE,-9.362847741549503,02-FEB-24,-14.743950478334268,28.368794326241126,-10.907759882869694,https://nsearchives.nseindia.com/today/HDFCNIFITEQN.svg,https://nsearchives.nseindia.com/30d/HDFCNIFIT-EQ.svg,https://nsearchives.nseindia.com/365d/HDFCNIFIT-EQ.svg,EQ
MOHEALTH,Motilal Oswal S&P BSE Healthcare ETF,51.75,51.75,49.63,50,-0.81,-1.59,79993,4011648.95,50.6515,53.89,40.79,-,-,13.224637681159429,-3.4935340667824786,50.81,0,14.44,-1.99,03-Oct-2025,04-Sep-2026,-,-3.4935340667824786,-,13.224637681159429,7.218407867879014,-22.579063495954895,https://nsearchives.nseindia.com/today/MOHEALTHEQN.svg,https://nsearchives.nseindia.com/30d/MOHEALTH-EQ.svg,https://nsearchives.nseindia.com/365d/MOHEALTH-EQ.svg,EQ
DIVOPPBEES,Nifty Dividend Opportunities 50 TRI,72.08,72.74,71.77,72.48,0.5,0.69,52877,3820363.25,71.714,87.09,71.03,-,-,-6.537717601547381,-6.296056884292167,71.98,0,-7.45,-6.24,03-Oct-2025,04-Sep-2026,-,-6.296056884292167,-,-6.537717601547381,16.775749224939716,-2.0413909615655395,https://nsearchives.nseindia.com/today/DIVOPPBEESEQN.svg,https://nsearchives.nseindia.com/30d/DIVOPPBEES-EQ.svg,https://nsearchives.nseindia.com/365d/DIVOPPBEES-EQ.svg,EQ
HDFCNIFBAN,Nifty Bank,56.49,56.87,56.05,56.2,0,0.00,66966,3777552.06,56.1244,65.54,51.2,02-FEB-24,FACE VALUE SPLIT (SUB-DIVISION) - FROM RS 223.31/- PER SHARE TO RS 22.331/- PER SHARE,-0.8818342151675485,-4.745762711864402,56.2,0,-1.32,-5.1,03-Oct-2025,04-Sep-2026,FACE VALUE SPLIT (SUB-DIVISION) - FROM RS 223.31/- PER SHARE TO RS 22.331/- PER SHARE,-4.745762711864402,02-FEB-24,-0.8818342151675485,14.250839182178826,-9.765625,https://nsearchives.nseindia.com/today/HDFCNIFBANEQN.svg,https://nsearchives.nseindia.com/30d/HDFCNIFBAN-EQ.svg,https://nsearchives.nseindia.com/365d/HDFCNIFBAN-EQ.svg,EQ
AONETOTAL,Nifty Total Market Index,11,11.67,11,11.27,0.05,0.45,334585,3760735.4,11.2101,12.51,9.6,-,-,-3.0120481927710814,-5.29411764705883,11.22,0,-3.86,-5.95,03-Oct-2025,04-Sep-2026,-,-5.29411764705883,-,-3.0120481927710814,9.912070343725022,-17.395833333333336,https://nsearchives.nseindia.com/today/AONETOTALEQN.svg,https://nsearchives.nseindia.com/30d/AONETOTAL-EQ.svg,https://nsearchives.nseindia.com/365d/AONETOTAL-EQ.svg,EQ
SELECTIPO,BSE Select IPO Index,46.61,46.97,45.48,45.73,0.25,0.55,81986,3749219.78,45.5408,50.72,37.8,-,-,-5.281690140845079,-5.982730263157902,45.48,0,-6.03,-6.52,03-Oct-2025,04-Sep-2026,-,-5.982730263157902,-,-5.281690140845079,9.838328075709784,-20.97883597883598,https://nsearchives.nseindia.com/today/SELECTIPOEQN.svg,https://nsearchives.nseindia.com/30d/SELECTIPO-EQ.svg,https://nsearchives.nseindia.com/365d/SELECTIPO-EQ.svg,EQ
NIFTY100EW,Nifty 100 Equal Weight Index,33.69,33.69,32.87,33.14,-0.38,-1.13,111271,3680844.68,32.847,41.41,29.84,-,-,-0.36079374624172417,-5.584045584045586,33.52,0,0.33,-4.39,03-Oct-2025,04-Sep-2026,-,-5.584045584045586,-,-0.36079374624172417,19.97102149239313,-11.05898123324397,https://nsearchives.nseindia.com/today/NIFTY100EWEQN.svg,https://nsearchives.nseindia.com/30d/NIFTY100EW-EQ.svg,https://nsearchives.nseindia.com/365d/NIFTY100EW-EQ.svg,EQ
SETF10GILT,Nifty 10 yr Benchmark G-Sec Index,261,261,258.1,260.93,-0.07,-0.03,14141,3673407.57,260.8063,272.31,250.95,-,-,1.174873982163641,-0.9828476017000513,261,0,1.16,-0.8,03-Oct-2025,04-Sep-2026,-,-0.9828476017000513,-,1.174873982163641,4.179060629429692,-3.9768878262602185,https://nsearchives.nseindia.com/today/SETF10GILTEQN.svg,https://nsearchives.nseindia.com/30d/SETF10GILT-EQ.svg,https://nsearchives.nseindia.com/365d/SETF10GILT-EQ.svg,EQ
FLEXIADD,Nifty500 Flexicap Quality 30 TRI,9.37,9.47,9.35,9.42,0.05,0.53,384673,3612079.47,9.3548,11.9,8.73,-,-,Infinity,-7.192118226600989,9.37,0,0,-6.86,,04-Sep-2026,-,-7.192118226600989,-,Infinity,20.840336134453786,-7.903780068728516,https://nsearchives.nseindia.com/today/FLEXIADDEQN.svg,https://nsearchives.nseindia.com/30d/FLEXIADD-EQ.svg,,EQ
SBINEQWETF,Nifty50 Equal Weight,31.56,31.56,31,31.15,-0.26,-0.83,116182,3608612.92,31.0198,36.4,29.64,-,-,-3.2608695652174045,-6.400240384615392,31.41,0,-2.67,-5.56,03-Oct-2025,04-Sep-2026,-,-6.400240384615392,-,-3.2608695652174045,14.423076923076923,-5.094466936572193,https://nsearchives.nseindia.com/today/SBINEQWETFEQN.svg,https://nsearchives.nseindia.com/30d/SBINEQWETF-EQ.svg,https://nsearchives.nseindia.com/365d/SBINEQWETF-EQ.svg,EQ
QUAL30IETF,ICICI Prudential Nifty 200 Quality 30 ETF,19.61,19.98,19.54,19.72,0.18,0.92,182401,3575059.6,19.5485,23,18,10-MAY-24,FACE VALUE SPLIT (SUB-DIVISION) - FROM RS 10/- PER SHARE TO RE 1/- PER SHARE,-6.184586108468128,-8.236389018147975,19.54,0,-7.31,-7.48,03-Oct-2025,04-Sep-2026,FACE VALUE SPLIT (SUB-DIVISION) - FROM RS 10/- PER SHARE TO RE 1/- PER SHARE,-8.236389018147975,10-MAY-24,-6.184586108468128,14.260869565217396,-9.55555555555555,https://nsearchives.nseindia.com/today/QUAL30IETFEQN.svg,https://nsearchives.nseindia.com/30d/QUAL30IETF-EQ.svg,https://nsearchives.nseindia.com/365d/QUAL30IETF-EQ.svg,EQ
MOLOWVOL,Nifty Midcap 100 TRI,33.05,34.55,33.05,34.18,0.28,0.83,98219,3331588.48,33.9713,43.07,33.05,11-AUG-22,FACE VALUE SPLIT (SUB-DIVISION) - FROM RS 10/- PER UNIT TO RS 2/- PER UNIT,-8.780357619428873,-6.2534284147010455,33.9,0,-9.84,-6.15,03-Oct-2025,04-Sep-2026,FACE VALUE SPLIT (SUB-DIVISION) - FROM RS 10/- PER UNIT TO RS 2/- PER UNIT,-6.2534284147010455,11-AUG-22,-8.780357619428873,20.64081727420478,-3.4190620272314756,https://nsearchives.nseindia.com/today/MOLOWVOLEQN.svg,https://nsearchives.nseindia.com/30d/MOLOWVOL-EQ.svg,https://nsearchives.nseindia.com/365d/MOLOWVOL-EQ.svg,EQ
AONETMMQ50,Nifty Total Market Momentum Quality 50 TRI,9.64,10.2,9.64,9.93,0.09,0.91,330352,3260574.24,9.8384,10.87,8,-,-,Infinity,-3.8722168441432756,9.84,0,0,-4.47,,04-Sep-2026,-,-3.8722168441432756,-,Infinity,8.647654093836241,-24.124999999999996,https://nsearchives.nseindia.com/today/AONETMMQ50EQN.svg,https://nsearchives.nseindia.com/30d/AONETMMQ50-EQ.svg,,EQ
NIFTYQLITY,Aditya Birla Sun Life Nifty 200 Quality 30 ETF,20.26,20.26,19.7,19.88,0.11,0.56,161488,3199077.28,19.7421,23.03,18.95,-,-,-6.403013182674197,-7.276119402985085,19.77,0,-7.31,-7.27,03-Oct-2025,04-Sep-2026,-,-7.276119402985085,-,-6.403013182674197,13.677811550151985,-4.907651715039576,https://nsearchives.nseindia.com/today/NIFTYQLITYEQN.svg,https://nsearchives.nseindia.com/30d/NIFTYQLITY-EQ.svg,https://nsearchives.nseindia.com/365d/NIFTYQLITY-EQ.svg,EQ
MIDCAPBETA,UTI Nifty Midcap 150 Exchange Traded Fund (ETF),216.45,224,216.45,218.11,-3.89,-1.75,14121,3095605.62,218.8836,240,192.5,-,-,Infinity,-7.238548887849268,222,0,0,-4.81,,04-Sep-2026,-,-7.238548887849268,-,Infinity,9.120833333333328,-13.303896103896111,https://nsearchives.nseindia.com/today/MIDCAPBETAEQN.svg,https://nsearchives.nseindia.com/30d/MIDCAPBETA-EQ.svg,,EQ
MOMOMENTUM,Nifty 200 Momentum 30 Total Return Index,60.45,60.7,58.07,59.3,0.04,0.07,51865,3087523.45,59.157,66.28,54.32,11-AUG-22,FACE VALUE SPLIT (SUB-DIVISION) - FROM RS 10/- PER UNIT TO RS 2/- PER UNIT,-2.8505897771952853,-4.631714377613384,59.26,0,-3.45,-4.83,03-Oct-2025,04-Sep-2026,FACE VALUE SPLIT (SUB-DIVISION) - FROM RS 10/- PER UNIT TO RS 2/- PER UNIT,-4.631714377613384,11-AUG-22,-2.8505897771952853,10.53108026554014,-9.167893961708389,https://nsearchives.nseindia.com/today/MOMOMENTUMEQN.svg,https://nsearchives.nseindia.com/30d/MOMOMENTUM-EQ.svg,https://nsearchives.nseindia.com/365d/MOMOMENTUM-EQ.svg,EQ
SBIMIDMOM,Nifty Midcap 150 Momentum 50 Index,60.86,61.1,60.48,60.52,0.26,0.43,49637,3010484.05,60.293,67.74,53.86,-,-,Infinity,-5.274690874941302,60.26,0,0,-5.44,,04-Sep-2026,-,-5.274690874941302,-,Infinity,10.658399763802764,-12.365391756405502,https://nsearchives.nseindia.com/today/SBIMIDMOMEQN.svg,https://nsearchives.nseindia.com/30d/SBIMIDMOM-EQ.svg,,EQ
MULTICAP,Nifty500 Multicap 50:25:25 Index,15.99,15.99,15.75,15.82,0.04,0.25,179607,2843178.81,15.7758,17.5,14.2,-,-,-1.4943960149439506,-5.5522388059701475,15.78,0,-2.29,-6.02,03-Oct-2025,04-Sep-2026,-,-5.5522388059701475,-,-1.4943960149439506,9.599999999999998,-11.408450704225361,https://nsearchives.nseindia.com/today/MULTICAPEQN.svg,https://nsearchives.nseindia.com/30d/MULTICAP-EQ.svg,https://nsearchives.nseindia.com/365d/MULTICAP-EQ.svg,EQ
AONESILVER,Domestic price of Silver,8.53,8.53,8.35,8.48,0.13,1.56,333941,2821801.45,8.396,12,7.43,-,-,Infinity,-2.6406429391504065,8.35,0,0,-6.07,,04-Sep-2026,-,-2.6406429391504065,-,Infinity,29.33333333333333,-14.131897711978477,https://nsearchives.nseindia.com/today/AONESILVEREQN.svg,https://nsearchives.nseindia.com/30d/AONESILVER-EQ.svg,,EQ
VAL30IETF,Nifty200 Value 30 Index,14.59,14.59,14.23,14.38,0.08,0.56,196261,2812420.13,14.1922,17.7,13.43,-,-,6.755753526354863,-4.641909814323602,14.3,0,5.07,-5.86,03-Oct-2025,04-Sep-2026,-,-4.641909814323602,-,6.755753526354863,18.757062146892647,-7.073715562174246,https://nsearchives.nseindia.com/today/VAL30IETFEQN.svg,https://nsearchives.nseindia.com/30d/VAL30IETF-EQ.svg,https://nsearchives.nseindia.com/365d/VAL30IETF-EQ.svg,EQ
NV20BEES,Nifty50 Value20 TRI,132.11,133,130.7,130.95,-0.51,-0.39,20940,2757169.8,130.9579,160,129.62,19-DEC-19, FACE VALUE SPLIT (SUB-DIVISION) - FROM RS 10/- TO RS 1/-,-10.930485648211143,-6.149215222532797,131.46,0,-10.95,-5.69,03-Oct-2025,04-Sep-2026, FACE VALUE SPLIT (SUB-DIVISION) - FROM RS 10/- TO RS 1/-,-6.149215222532797,19-DEC-19,-10.930485648211143,18.156250000000007,-1.0260762228051103,https://nsearchives.nseindia.com/today/NV20BEESEQN.svg,https://nsearchives.nseindia.com/30d/NV20BEES-EQ.svg,https://nsearchives.nseindia.com/365d/NV20BEES-EQ.svg,EQ
AONENIFTY,Nifty 50 Index,9.31,9.55,9.17,9.36,0,0.00,279668,2606505.76,9.2714,12,9,-,-,-7.8740157480315025,-5.358948432760375,9.36,0,-8.15,-5.36,03-Oct-2025,04-Sep-2026,-,-5.358948432760375,-,-7.8740157480315025,22.000000000000004,-3.999999999999994,https://nsearchives.nseindia.com/today/AONENIFTYEQN.svg,https://nsearchives.nseindia.com/30d/AONENIFTY-EQ.svg,https://nsearchives.nseindia.com/365d/AONENIFTY-EQ.svg,EQ
SILVER360,Commodity-Silver,216.97,218.57,215.05,218.05,3.22,1.50,11578,2516362.52,216.0043,358,136.95,-,-,51.37105171815342,-3.2780340667139756,214.83,0,46.9,-6.23,03-Oct-2025,04-Sep-2026,-,-3.2780340667139756,-,51.37105171815342,39.092178770949715,-59.21869295363273,https://nsearchives.nseindia.com/today/SILVER360EQN.svg,https://nsearchives.nseindia.com/30d/SILVER360-EQ.svg,https://nsearchives.nseindia.com/365d/SILVER360-EQ.svg,EQ
NV20,Nifty50 Value 20,12.77,13.34,12.77,13.22,0.12,0.92,180623,2378804.91,13.0853,16.87,12.62,27-FEB-26,FACE VALUE SPLIT (SUB-DIVISION) - FROM RS 10/- PER SHARE TO RE 1/- PER SHARE,-90.92967409948542,-4.5487364620938555,13.1,0,-91.09,-6.36,03-Oct-2025,04-Sep-2026,FACE VALUE SPLIT (SUB-DIVISION) - FROM RS 10/- PER SHARE TO RE 1/- PER SHARE,-4.5487364620938555,27-FEB-26,-90.92967409948542,21.63604030823948,-4.754358161648189,https://nsearchives.nseindia.com/today/NV20EQN.svg,https://nsearchives.nseindia.com/30d/NV20-EQ.svg,https://nsearchives.nseindia.com/365d/NV20-EQ.svg,EQ
NEXT50ETF,Nifty Next 50 Index,71.54,71.54,69.5,69.8,-0.34,-0.48,33426,2334806.1,69.542,78,60.15,-,-,Infinity,-5.188807389296397,70.14,0,0,-5,,04-Sep-2026,-,-5.188807389296397,-,Infinity,10.512820512820516,-16.043225270157937,https://nsearchives.nseindia.com/today/NEXT50ETFEQN.svg,https://nsearchives.nseindia.com/30d/NEXT50ETF-EQ.svg,,EQ
CHOICEGOLD,Gold,144.05,146.3,144.05,146,0.26,0.18,15777,2287033.92,145.9761,175.49,115.79,-,-,Infinity,-3.067321736821142,145.74,0,0,-4.53,,04-Sep-2026,-,-3.067321736821142,-,Infinity,16.804376317738907,-26.09033595301839,https://nsearchives.nseindia.com/today/CHOICEGOLDEQN.svg,https://nsearchives.nseindia.com/30d/CHOICEGOLD-EQ.svg,,EQ
SBIETFIT,Nifty IT Index,313.61,318.8,311.25,314.66,1.4,0.45,7113,2242586.64,313.9822,439.27,285,-,-,-14.929166216070069,-9.390387882627337,313.26,0,-15.44,-8.04,03-Oct-2025,04-Sep-2026,-,-9.390387882627337,-,-14.929166216070069,28.36751883807225,-10.40701754385966,https://nsearchives.nseindia.com/today/SBIETFITEQN.svg,https://nsearchives.nseindia.com/30d/SBIETFIT-EQ.svg,https://nsearchives.nseindia.com/365d/SBIETFIT-EQ.svg,EQ
HDFCPSUBK,HDFC NIFTY PSU BANK ETF,80.53,82.09,80.52,80.66,0.14,0.17,27238,2215266.54,80.3155,101.25,75.07,-,-,6.538105930524374,-5.913915782106622,80.52,0,5.43,-6.55,03-Oct-2025,04-Sep-2026,-,-5.913915782106622,-,6.538105930524374,20.335802469135807,-7.44638337551619,https://nsearchives.nseindia.com/today/HDFCPSUBKEQN.svg,https://nsearchives.nseindia.com/30d/HDFCPSUBK-EQ.svg,https://nsearchives.nseindia.com/365d/HDFCPSUBK-EQ.svg,EQ
MNC,Kotak Nifty MNC ETF,30.9,31.4,30.8,31.13,0.23,0.74,71632,2214861.44,30.9157,35.65,27.83,-,-,1.965280052407461,-7.543807543807552,30.9,0,0.88,-6.96,03-Oct-2025,04-Sep-2026,-,-7.543807543807552,-,1.965280052407461,12.678821879382888,-11.857707509881426,https://nsearchives.nseindia.com/today/MNCEQN.svg,https://nsearchives.nseindia.com/30d/MNC-EQ.svg,https://nsearchives.nseindia.com/365d/MNC-EQ.svg,EQ
BBETF0432,Nifty BHARAT Bond Index - April 2032,1330.55,1338.88,1330.55,1333.56,-0.36,-0.03,1604,2138966.08,1339.7498,1378,1290.01,-,-,3.1049945879078282,-0.3355629460782489,1333.92,0,3.05,-0.62,03-Oct-2025,04-Sep-2026,-,-0.3355629460782489,-,3.1049945879078282,3.224963715529757,-3.375942822148662,https://nsearchives.nseindia.com/today/BBETF0432EQN.svg,https://nsearchives.nseindia.com/30d/BBETF0432-EQ.svg,https://nsearchives.nseindia.com/365d/BBETF0432-EQ.svg,EQ
BANK10BETF,Bajaj Finserv BSE Top 10 Banks ETF,20.3,20.8,19.46,19.5,-0.26,-1.32,102007,2050340.7,19.9025,24.9,19.36,-,-,Infinity,-5.978784956605586,19.76,0,0,-5.45,,04-Sep-2026,-,-5.978784956605586,-,Infinity,21.686746987951803,-0.7231404958677715,https://nsearchives.nseindia.com/today/BANK10BETFEQN.svg,https://nsearchives.nseindia.com/30d/BANK10BETF-EQ.svg,,EQ
ECAPINSURE,BSE Capital Markets & Insurance Total Return Index,22.84,23.2,22.62,22.69,-0.04,-0.18,85848,1963343.76,22.6664,25.88,20.5,-,-,-0.5696757230499518,-4.983249581239522,22.73,0,0.35,-5.25,03-Oct-2025,04-Sep-2026,-,-4.983249581239522,-,-0.5696757230499518,12.326120556414212,-10.682926829268299,https://nsearchives.nseindia.com/today/ECAPINSUREEQN.svg,https://nsearchives.nseindia.com/30d/ECAPINSURE-EQ.svg,https://nsearchives.nseindia.com/365d/ECAPINSURE-EQ.svg,EQ
NIF500BETA,Nifty 500,36.6,38.9,35.04,35.5,0.85,2.45,49278,1781892.48,35.1693,38.9,34.53,-,-,Infinity,-5.78556263269639,34.65,0,0,-7.7,,04-Sep-2026,-,-5.78556263269639,-,Infinity,8.740359897172233,-2.8091514624963767,https://nsearchives.nseindia.com/today/NIF500BETAEQN.svg,https://nsearchives.nseindia.com/30d/NIF500BETA-EQ.svg,,EQ
BNKETFAXIS,Nifty Bank,568.21,569.22,562.8,562.8,-8.42,-1.47,3141,1778811.12,562.1119,647.82,512.51,-,-,Infinity,-4.8986971729836615,571.22,0,0,-3.59,,04-Sep-2026,-,-4.8986971729836615,-,Infinity,13.124015930351037,-9.81249146358119,https://nsearchives.nseindia.com/today/BNKETFAXISEQN.svg,https://nsearchives.nseindia.com/30d/BNKETFAXIS-EQ.svg,,EQ
NIFTYBETF,Bajaj Finserv Nifty 50 ETF,231.07,234.16,230.95,231.75,0.68,0.29,7173,1664136,231.054,279.99,227.01,-,-,-8.7275018707416,-6.253792322317062,231.07,0,-8.99,-6.32,03-Oct-2025,04-Sep-2026,-,-6.253792322317062,-,-8.7275018707416,17.229186756669883,-2.0880137438879385,https://nsearchives.nseindia.com/today/NIFTYBETFEQN.svg,https://nsearchives.nseindia.com/30d/NIFTYBETF-EQ.svg,https://nsearchives.nseindia.com/365d/NIFTYBETF-EQ.svg,EQ
INTERNET,Equity Index,13.31,13.52,13.28,13.43,0.23,1.74,120023,1608308.2,13.2282,15.8,10.72,-,-,-4.953998584571841,-7.6975945017182195,13.2,0,-6.85,-9.65,03-Oct-2025,04-Sep-2026,-,-7.6975945017182195,-,-4.953998584571841,15.000000000000007,-25.279850746268643,https://nsearchives.nseindia.com/today/INTERNETEQN.svg,https://nsearchives.nseindia.com/30d/INTERNET-EQ.svg,https://nsearchives.nseindia.com/365d/INTERNET-EQ.svg,EQ
PSUBANKADD,DSP Nifty PSU Bank ETF,81.4,82.07,80.8,81.15,0.68,0.85,19772,1606870.44,80.2887,99.88,73.81,-,-,7.440752019065278,-5.331311245916931,80.47,0,5.52,-6.9,03-Oct-2025,04-Sep-2026,-,-5.331311245916931,-,7.440752019065278,18.752503003604318,-9.944451971277608,https://nsearchives.nseindia.com/today/PSUBANKADDEQN.svg,https://nsearchives.nseindia.com/30d/PSUBANKADD-EQ.svg,https://nsearchives.nseindia.com/365d/PSUBANKADD-EQ.svg,EQ
MOMENTUM,Aditya Birla Sun Life Nifty 200 Momentum 30 ETF,29.82,30.09,29.65,29.65,-0.11,-0.37,51454,1533329.2,29.5944,33,27.05,-,-,-3.009486424599286,-4.570325072417128,29.76,0,-2.9,-4.19,03-Oct-2025,04-Sep-2026,-,-4.570325072417128,-,-3.009486424599286,10.151515151515156,-9.611829944547127,https://nsearchives.nseindia.com/today/MOMENTUMEQN.svg,https://nsearchives.nseindia.com/30d/MOMENTUM-EQ.svg,https://nsearchives.nseindia.com/365d/MOMENTUM-EQ.svg,EQ
PVTBANKADD,DSP Nifty Private Bank ETF,27.36,27.45,26.91,27.31,0.13,0.48,55502,1508544.36,27.157,31.88,24.02,-,-,-0.29207740051114217,-2.7421652421652407,27.18,0,-0.95,-4.09,03-Oct-2025,04-Sep-2026,-,-2.7421652421652407,-,-0.29207740051114217,14.335006273525721,-13.696919233971686,https://nsearchives.nseindia.com/today/PVTBANKADDEQN.svg,https://nsearchives.nseindia.com/30d/PVTBANKADD-EQ.svg,https://nsearchives.nseindia.com/365d/PVTBANKADD-EQ.svg,EQ
SBIBPB,BSE PSU Bank Index TRI,47.19,47.19,46.31,46.6,0.23,0.50,31613,1481069.05,46.1786,58.27,42.6,-,-,6.489945155393061,-5.668016194331978,46.37,0,5.05,-6.44,03-Oct-2025,04-Sep-2026,-,-5.668016194331978,-,6.489945155393061,20.027458383387682,-9.389671361502348,https://nsearchives.nseindia.com/today/SBIBPBEQN.svg,https://nsearchives.nseindia.com/30d/SBIBPB-EQ.svg,https://nsearchives.nseindia.com/365d/SBIBPB-EQ.svg,EQ
HDFCGROWTH,HDFC NIFTY Growth Sectors 15 ETF,111.98,111.98,109.2,110,0.04,0.04,13466,1476008.26,109.8589,133.3,107.86,-,-,-8.985603177229853,-8.51630073186959,109.96,0,-9.18,-7.04,03-Oct-2025,04-Sep-2026,-,-8.51630073186959,-,-8.985603177229853,17.47936984246062,-1.9840534025588732,https://nsearchives.nseindia.com/today/HDFCGROWTHEQN.svg,https://nsearchives.nseindia.com/30d/HDFCGROWTH-EQ.svg,https://nsearchives.nseindia.com/365d/HDFCGROWTH-EQ.svg,EQ
MON50EQUAL,Nifty 50 Equal Weight Total Return Index,30.75,31.67,30.75,31.2,-0.34,-1.08,46693,1455420.81,30.9604,36,29.43,-,-,-2.803738317757016,-6.193625977149726,31.54,0,-2.02,-4.91,03-Oct-2025,04-Sep-2026,-,-6.193625977149726,-,-2.803738317757016,13.333333333333336,-6.014271151885829,https://nsearchives.nseindia.com/today/MON50EQUALEQN.svg,https://nsearchives.nseindia.com/30d/MON50EQUAL-EQ.svg,https://nsearchives.nseindia.com/365d/MON50EQUAL-EQ.svg,EQ
NETF,Tata Nifty 50 Exchange Traded Fund,253.79,253.79,243.16,247.9,0.3,0.12,5909,1455209.43,244.4427,292.9,240.66,-,-,-8.719346049046313,-5.080981736034004,247.6,0,-8.65,-5.28,03-Oct-2025,04-Sep-2026,-,-5.080981736034004,-,-8.719346049046313,15.363605326049838,-3.0083935843098186,https://nsearchives.nseindia.com/today/NETFEQN.svg,https://nsearchives.nseindia.com/30d/NETF-EQ.svg,https://nsearchives.nseindia.com/365d/NETF-EQ.svg,EQ
GOLD360,Commodity-Gold,143.75,143.8,142.05,143.8,0.45,0.31,9856,1408915.2,143.5583,178,111.15,-,-,24.12602503236946,-2.7721433400946545,143.35,0,19.51,-4.24,03-Oct-2025,04-Sep-2026,-,-2.7721433400946545,-,24.12602503236946,19.21348314606741,-29.374718848403063,https://nsearchives.nseindia.com/today/GOLD360EQN.svg,https://nsearchives.nseindia.com/30d/GOLD360-EQ.svg,https://nsearchives.nseindia.com/365d/GOLD360-EQ.svg,EQ
ABSLNN50ET,Nifty Next 50,74.55,74.55,72.3,73.15,0.1,0.14,18937,1381832.89,72.76,80.33,63.02,25-NOV-21, FACE VALUE SPLIT (SUB-DIVISION) - FROM RS 10/- PER SHARE TO RE 1/- PER SHARE,2.782071097372494,-4.740200546946217,73.05,0,2.28,-5.23,03-Oct-2025,04-Sep-2026, FACE VALUE SPLIT (SUB-DIVISION) - FROM RS 10/- PER SHARE TO RE 1/- PER SHARE,-4.740200546946217,25-NOV-21,2.782071097372494,8.938130212871895,-16.074262139003494,https://nsearchives.nseindia.com/today/ABSLNN50ETEQN.svg,https://nsearchives.nseindia.com/30d/ABSLNN50ET-EQ.svg,https://nsearchives.nseindia.com/365d/ABSLNN50ET-EQ.svg,EQ
SBISMLETF,Nifty Smallcap 250 Index,18.17,18.44,17.52,17.75,-0.26,-1.44,77369,1370978.68,17.582,18.97,16.53,-,-,Infinity,-3.3224400871459667,18.01,0,0,-2.91,,04-Sep-2026,-,-3.3224400871459667,-,Infinity,6.431207169214543,-7.380520266182691,https://nsearchives.nseindia.com/today/SBISMLETFEQN.svg,https://nsearchives.nseindia.com/30d/SBISMLETF-EQ.svg,,EQ
HDFCNIF100,HDFC NIFTY 100 ETF,24.24,25.25,24.1,24.33,-0.42,-1.70,54474,1333523.52,24.3368,28.57,23.31,20-OCT-23,FACE VALUE SPLIT (SUB-DIVISION) - FROM RS 177.27/- PER SHARE TO RS 17.727/- PER SHARE,-7.349581111957362,-6.42307692307693,24.75,0,-5.75,-4.55,03-Oct-2025,04-Sep-2026,FACE VALUE SPLIT (SUB-DIVISION) - FROM RS 177.27/- PER SHARE TO RS 17.727/- PER SHARE,-6.42307692307693,20-OCT-23,-7.349581111957362,14.840742037101863,-4.375804375804374,https://nsearchives.nseindia.com/today/HDFCNIF100EQN.svg,https://nsearchives.nseindia.com/30d/HDFCNIF100-EQ.svg,https://nsearchives.nseindia.com/365d/HDFCNIF100-EQ.svg,EQ
GROWWPSE,Nifty PSE Index - TRI,94.98,95,92.07,92.5,-1.12,-1.20,14102,1320934.34,92.8452,109.85,92.06,-,-,Infinity,-4.283940397350994,93.62,0,0,-4.76,,04-Sep-2026,-,-4.283940397350994,-,Infinity,15.79426490669094,-0.4779491635889612,https://nsearchives.nseindia.com/today/GROWWPSEEQN.svg,https://nsearchives.nseindia.com/30d/GROWWPSE-EQ.svg,,EQ
BANKPSU,Nifty PSU Bank Total Return Index,78.5,81.92,78.5,80.72,0.72,0.90,15718,1274886.98,80.0721,99.52,74.71,-,-,7.297620630067786,-5.832944470368642,80,0,5.17,-7.13,03-Oct-2025,04-Sep-2026,-,-5.832944470368642,-,7.297620630067786,18.890675241157556,-8.044438495516001,https://nsearchives.nseindia.com/today/BANKPSUEQN.svg,https://nsearchives.nseindia.com/30d/BANKPSU-EQ.svg,https://nsearchives.nseindia.com/365d/BANKPSU-EQ.svg,EQ
HDFCVALUE,HDFC NIFTY50 Value 20 ETF,118.11,119.17,115.75,118.16,0.05,0.04,10469,1237645.18,117.8058,147.05,115.75,-,-,-10.633792164574196,-5.893596686842948,118.11,0,-11.13,-6.17,03-Oct-2025,04-Sep-2026,-,-5.893596686842948,-,-10.633792164574196,19.64637878272697,-2.082073434125267,https://nsearchives.nseindia.com/today/HDFCVALUEEQN.svg,https://nsearchives.nseindia.com/30d/HDFCVALUE-EQ.svg,https://nsearchives.nseindia.com/365d/HDFCVALUE-EQ.svg,EQ
MOTOUR,Nifty India Tourism Total Return Index,76.48,76.48,74.33,75.19,-0.27,-0.36,15861,1193698.86,75.3002,92,64,-,-,-14.924190993437428,-2.729624838292367,75.46,0,-15.41,-2.93,03-Oct-2025,04-Sep-2026,-,-2.729624838292367,-,-14.924190993437428,18.271739130434785,-17.484374999999996,https://nsearchives.nseindia.com/today/MOTOUREQN.svg,https://nsearchives.nseindia.com/30d/MOTOUR-EQ.svg,https://nsearchives.nseindia.com/365d/MOTOUR-EQ.svg,EQ
MOMENTUM30,Nifty 200 Momentum 30 Index,30.16,30.16,29.3,29.46,-0.11,-0.37,40172,1182663.68,29.223,37.38,26.91,-,-,Infinity,-4.007820136852396,29.57,0,0,-4.02,,04-Sep-2026,-,-4.007820136852396,-,Infinity,21.187800963081866,-9.476031215161653,https://nsearchives.nseindia.com/today/MOMENTUM30EQN.svg,https://nsearchives.nseindia.com/30d/MOMENTUM30-EQ.svg,,EQ
CONSUMIETF,Nifty India Consumption Index,112.8,115.89,112.6,113,-0.03,-0.03,10424,1181143.44,112.7285,141.27,94.65,-,-,-9.996017522899242,-7.437745740498032,113.03,0,-10.02,-6.33,03-Oct-2025,04-Sep-2026,-,-7.437745740498032,-,-9.996017522899242,20.011325829970982,-19.38721605916534,https://nsearchives.nseindia.com/today/CONSUMIETFEQN.svg,https://nsearchives.nseindia.com/30d/CONSUMIETF-EQ.svg,https://nsearchives.nseindia.com/365d/CONSUMIETF-EQ.svg,EQ
ITAXIS,NIFTY IT Index,312.91,315.9,310.5,310.5,0.69,0.22,3352,1051354.8,312.1372,439.67,230.7,-,-,Infinity,-9.588562443583848,309.81,0,0,-8.62,,04-Sep-2026,-,-9.588562443583848,-,Infinity,29.37885232105898,-34.59037711313395,https://nsearchives.nseindia.com/today/ITAXISEQN.svg,https://nsearchives.nseindia.com/30d/ITAXIS-EQ.svg,,EQ
HEALTHCARE,Nifty 500 Healthcare Index,21.44,21.44,20.8,20.87,-0.15,-0.71,50203,1047234.58,21.0713,23.8,17.18,-,-,Infinity,-3.7805440295066863,21.02,0,0,-2.28,,04-Sep-2026,-,-3.7805440295066863,-,Infinity,12.310924369747898,-21.478463329452858,https://nsearchives.nseindia.com/today/HEALTHCAREEQN.svg,https://nsearchives.nseindia.com/30d/HEALTHCARE-EQ.svg,,EQ
SENSEXBETA,SENSEX,794,810,794,810,12.68,1.59,1265,1014808.3,797.5793,952.91,785,26-FEB-21, INTERIM DIVIDEND - RS 13.56 PER UNIT,Infinity,-5.20439570728054,797.32,0,0,-6.3,,04-Sep-2026, INTERIM DIVIDEND - RS 13.56 PER UNIT,-5.20439570728054,26-FEB-21,Infinity,14.997219044820598,-3.1847133757961785,https://nsearchives.nseindia.com/today/SENSEXBETAEQN.svg,https://nsearchives.nseindia.com/30d/SENSEXBETA-EQ.svg,,EQ
GROWWSC250,Nifty Smallcap 250 Index - TRI,10.19,10.4,10.11,10.21,0.02,0.20,98314,1005752.22,10.1721,10.97,8,-,-,Infinity,-4.131455399061028,10.19,0,0,-4.68,,04-Sep-2026,-,-4.131455399061028,-,Infinity,6.927985414767545,-27.62500000000001,https://nsearchives.nseindia.com/today/GROWWSC250EQN.svg,https://nsearchives.nseindia.com/30d/GROWWSC250-EQ.svg,,EQ
MANUFGBEES,Nifty India Manufacturing TRI,154.01,154.01,152.22,153.6,-0.08,-0.05,6521,997256.53,152.7594,171.58,138.6,-,-,3.0595813204508873,-6.81308014317783,153.68,0,2.55,-6.14,03-Oct-2025,04-Sep-2026,-,-6.81308014317783,-,3.0595813204508873,10.479076815479669,-10.822510822510823,https://nsearchives.nseindia.com/today/MANUFGBEESEQN.svg,https://nsearchives.nseindia.com/30d/MANUFGBEES-EQ.svg,https://nsearchives.nseindia.com/365d/MANUFGBEES-EQ.svg,EQ
UNIONGOLD,Commodity Gold,145,145.8,142.4,143.45,-0.45,-0.31,6965,996343.25,143.9379,177,113.35,-,-,23.984442523768355,-3.3681374200067364,143.9,0,25.68,-4.19,03-Oct-2025,04-Sep-2026,-,-3.3681374200067364,-,23.984442523768355,18.95480225988701,-26.55491839435377,https://nsearchives.nseindia.com/today/UNIONGOLDEQN.svg,https://nsearchives.nseindia.com/30d/UNIONGOLD-EQ.svg,https://nsearchives.nseindia.com/365d/UNIONGOLD-EQ.svg,EQ
ABSLPSE,Aditya Birla Sun Life Nifty PSE ETF,9.82,9.82,9.62,9.7,-0.03,-0.31,102705,994184.4,9.6123,11.6,9.21,-,-,-3.960396039603964,-3.482587064676631,9.73,0,-4.98,-4.42,03-Oct-2025,04-Sep-2026,-,-3.482587064676631,-,-3.960396039603964,16.37931034482759,-5.320304017372404,https://nsearchives.nseindia.com/today/ABSLPSEEQN.svg,https://nsearchives.nseindia.com/30d/ABSLPSE-EQ.svg,https://nsearchives.nseindia.com/365d/ABSLPSE-EQ.svg,EQ
ABSLBANETF,Nifty Bank,55.99,56.57,55.91,55.94,-0.03,-0.05,17447,979997.99,55.8957,64.94,50.97,25-NOV-21, FACE VALUE SPLIT (SUB-DIVISION) - FROM RS 10/- PER SHARE TO RE 1/- PER SHARE,-1.1835364776541277,-4.993206521739138,55.97,0,-1.37,-5.23,03-Oct-2025,04-Sep-2026, FACE VALUE SPLIT (SUB-DIVISION) - FROM RS 10/- PER SHARE TO RE 1/- PER SHARE,-4.993206521739138,25-NOV-21,-1.1835364776541277,13.858946720049277,-9.75083382381793,https://nsearchives.nseindia.com/today/ABSLBANETFEQN.svg,https://nsearchives.nseindia.com/30d/ABSLBANETF-EQ.svg,https://nsearchives.nseindia.com/365d/ABSLBANETF-EQ.svg,EQ
GROWWCHEM,Nifty Chemicals Index - TRI,28.06,28.5,27.81,28.47,0.11,0.39,33704,944723.12,27.9824,31.74,24.64,-,-,Infinity,-5.100000000000004,28.36,0,0,-6.22,,04-Sep-2026,-,-5.100000000000004,-,Infinity,10.302457466918714,-15.543831168831161,https://nsearchives.nseindia.com/today/GROWWCHEMEQN.svg,https://nsearchives.nseindia.com/30d/GROWWCHEM-EQ.svg,,EQ
ELM250,Nifty LargeMidcap 250 TRI,15.55,15.95,15.4,15.4,-0.25,-1.60,59399,926624.4,15.5329,18.5,14.43,-,-,-4.10958904109588,-7.507507507507498,15.65,0,-3.04,-5.78,03-Oct-2025,04-Sep-2026,-,-7.507507507507498,-,-4.10958904109588,16.756756756756754,-6.7221067221067266,https://nsearchives.nseindia.com/today/ELM250EQN.svg,https://nsearchives.nseindia.com/30d/ELM250-EQ.svg,https://nsearchives.nseindia.com/365d/ELM250-EQ.svg,EQ
QUALITY30,Nifty200 Quality 30 Index,19.57,19.91,19.14,19.55,0.07,0.36,47755,924059.25,19.166,23.18,18.09,-,-,-4.912451361867695,-6.27996164908916,19.48,0,-5.71,-5.67,03-Oct-2025,04-Sep-2026,-,-6.27996164908916,-,-4.912451361867695,15.660051768766174,-8.070757324488673,https://nsearchives.nseindia.com/today/QUALITY30EQN.svg,https://nsearchives.nseindia.com/30d/QUALITY30-EQ.svg,https://nsearchives.nseindia.com/365d/QUALITY30-EQ.svg,EQ
MIDQ50ADD,Nifty Midcap 150 Quality 50 Index,23.94,23.94,23,23.51,0.04,0.17,39174,920589,23.3776,26.01,21,03-JUL-26,FACE VALUE SPLIT (SUB-DIVISION) - FROM RS 10/- PER UNIT TO RE 1/- PER UNIT,-90.36712283864624,-7.586477987421382,23.47,0,-90.51,-6.16,03-Oct-2025,04-Sep-2026,FACE VALUE SPLIT (SUB-DIVISION) - FROM RS 10/- PER UNIT TO RE 1/- PER UNIT,-7.586477987421382,03-JUL-26,-90.36712283864624,9.611687812379854,-11.95238095238096,https://nsearchives.nseindia.com/today/MIDQ50ADDEQN.svg,https://nsearchives.nseindia.com/30d/MIDQ50ADD-EQ.svg,https://nsearchives.nseindia.com/365d/MIDQ50ADD-EQ.svg,EQ
MID150,Nifty Midcap 150 Index,22.97,22.97,22.05,22.18,0.13,0.59,40321,893513.36,,24.95,18.97,-,-,3.8875878220140434,-7.390396659707722,22.05,0,1.66,-6.61,03-Oct-2025,04-Sep-2026,-,-7.390396659707722,-,3.8875878220140434,11.102204408817633,-16.92145492883501,https://nsearchives.nseindia.com/today/MID150EQN.svg,https://nsearchives.nseindia.com/30d/MID150-EQ.svg,https://nsearchives.nseindia.com/365d/MID150-EQ.svg,EQ
NEXT50ADD,Nifty Next 50 TRI,71.57,71.57,69.25,69.97,-1.65,-2.30,12520,872518.8,69.4501,81,56.25,-,-,Infinity,-4.621046892039259,71.62,0,0,-2.58,,04-Sep-2026,-,-4.621046892039259,-,Infinity,13.617283950617283,-24.391111111111112,https://nsearchives.nseindia.com/today/NEXT50ADDEQN.svg,https://nsearchives.nseindia.com/30d/NEXT50ADD-EQ.svg,,EQ
GROWWNXT50,Index,69.52,71.66,69.1,71.66,0.72,1.01,10915,761757.85,69.4098,76.79,60.01,-,-,5.522014430864379,-2.3040218132242645,70.94,0,4.35,-3.42,03-Oct-2025,04-Sep-2026,-,-2.3040218132242645,-,5.522014430864379,6.680557364240147,-19.413431094817525,https://nsearchives.nseindia.com/today/GROWWNXT50EQN.svg,https://nsearchives.nseindia.com/30d/GROWWNXT50-EQ.svg,https://nsearchives.nseindia.com/365d/GROWWNXT50-EQ.svg,EQ
MONIFTY100,Nifty 100 Total Return Index,24.7,24.7,23.67,23.91,-0.73,-2.96,31944,760586.64,23.6753,27.97,22.38,-,-,Infinity,-5.419303797468359,24.64,0,0,-2.69,,04-Sep-2026,-,-5.419303797468359,-,Infinity,14.515552377547369,-6.836461126005367,https://nsearchives.nseindia.com/today/MONIFTY100EQN.svg,https://nsearchives.nseindia.com/30d/MONIFTY100-EQ.svg,,EQ
BANKADD,DSP Nifty Bank ETF,56.43,56.74,55.84,55.84,0.13,0.23,13448,758063.76,55.8362,62.9,51.01,-,-,Infinity,-4.985536838523056,55.71,0,0,-5.56,,04-Sep-2026,-,-4.985536838523056,-,Infinity,11.224165341812393,-9.468731621250747,https://nsearchives.nseindia.com/today/BANKADDEQN.svg,https://nsearchives.nseindia.com/30d/BANKADD-EQ.svg,,EQ
HDFCNIMEG,Nifty Metal Index TRI,126.82,126.82,124.22,124.65,0.32,0.26,5979,748032.69,124.5414,152.55,122.97,-,-,Infinity,-5.3458880704685185,124.33,0,0,-6.91,,04-Sep-2026,-,-5.3458880704685185,-,Infinity,18.289085545722717,-1.3661868748475294,https://nsearchives.nseindia.com/today/HDFCNIMEGEQN.svg,https://nsearchives.nseindia.com/30d/HDFCNIMEG-EQ.svg,,EQ
SBIETFPB,Nifty Private Bank Index,278.25,278.25,272.11,274.79,-3.47,-1.25,2611,715466.22,273.1348,304.58,244.18,-,-,0.1457779073581523,-2.345499129322281,278.26,0,0.75,-1.87,03-Oct-2025,04-Sep-2026,-,-2.345499129322281,-,0.1457779073581523,9.780681594326602,-12.535834220656898,https://nsearchives.nseindia.com/today/SBIETFPBEQN.svg,https://nsearchives.nseindia.com/30d/SBIETFPB-EQ.svg,https://nsearchives.nseindia.com/365d/SBIETFPB-EQ.svg,EQ
BBNPPGOLD,Baroda BNP Paribas Gold ETF,142.6,144.8,141.05,142.55,0.65,0.46,4979,708262.75,142.3296,184.05,109.6,-,-,25.043859649122815,-2.9281579843377483,141.9,0,24.69,-4.57,03-Oct-2025,04-Sep-2026,-,-2.9281579843377483,-,25.043859649122815,22.548220592230372,-30.063868613138705,https://nsearchives.nseindia.com/today/BBNPPGOLDEQN.svg,https://nsearchives.nseindia.com/30d/BBNPPGOLD-EQ.svg,https://nsearchives.nseindia.com/365d/BBNPPGOLD-EQ.svg,EQ
CONS,Kotak Nifty India Consumption ETF,11.4,11.4,11.18,11.32,-0.03,-0.26,62755,705366.2,11.1972,13.12,10.2,27-FEB-26,FACE VALUE SPLIT (SUB-DIVISION) - FROM RS 10/- PER SHARE TO RE 1/- PER SHARE,-90.87464731962918,-6.600660066006592,11.35,0,-90.9,-5.26,03-Oct-2025,04-Sep-2026,FACE VALUE SPLIT (SUB-DIVISION) - FROM RS 10/- PER SHARE TO RE 1/- PER SHARE,-6.600660066006592,27-FEB-26,-90.87464731962918,13.719512195121943,-10.980392156862756,https://nsearchives.nseindia.com/today/CONSEQN.svg,https://nsearchives.nseindia.com/30d/CONS-EQ.svg,https://nsearchives.nseindia.com/365d/CONS-EQ.svg,EQ
HEALTHADD,DSP Nifty Healthcare ETF,16.29,16.29,16.08,16.11,-0.1,-0.62,42909,691693.08,16.252,18.2,13.54,03-JUL-26,FACE VALUE SPLIT (SUB-DIVISION) - FROM RS 10/- PER UNIT TO RE 1/- PER UNIT,-88.82414151925079,-4.278074866310154,16.21,0,-88.76,-2.23,03-Oct-2025,04-Sep-2026,FACE VALUE SPLIT (SUB-DIVISION) - FROM RS 10/- PER UNIT TO RE 1/- PER UNIT,-4.278074866310154,03-JUL-26,-88.82414151925079,11.483516483516484,-18.980797636632204,https://nsearchives.nseindia.com/today/HEALTHADDEQN.svg,https://nsearchives.nseindia.com/30d/HEALTHADD-EQ.svg,https://nsearchives.nseindia.com/365d/HEALTHADD-EQ.svg,EQ
SENSEXAXIS,AXIS S&P BSE SENSEX ETF,74.75,75.82,74.75,75.07,0.32,0.43,8928,671296.32,74.6944,91.35,73.43,-,-,Infinity,-5.441491371709293,74.75,0,0,-6.34,,04-Sep-2026,-,-5.441491371709293,-,Infinity,17.821565407772304,-2.233419583276571,https://nsearchives.nseindia.com/today/SENSEXAXISEQN.svg,https://nsearchives.nseindia.com/30d/SENSEXAXIS-EQ.svg,,EQ
MSCIINDIA,MSCI India Index,28.05,28.17,27.85,28.05,0.02,0.07,22725,636072.75,27.898,32.14,26.5,-,-,-4.7538200339558525,-7.211379424412834,28.03,0,-4.76,-6,03-Oct-2025,04-Sep-2026,-,-7.211379424412834,-,-4.7538200339558525,12.725575606720597,-5.849056603773587,https://nsearchives.nseindia.com/today/MSCIINDIAEQN.svg,https://nsearchives.nseindia.com/30d/MSCIINDIA-EQ.svg,https://nsearchives.nseindia.com/365d/MSCIINDIA-EQ.svg,EQ
CEMNTGROWW,Nifty Cements Index TRI,13.95,13.95,13.38,13.7,0.1,0.74,46681,635328.41,13.5451,16.27,13.37,-,-,Infinity,-6.675749318801093,13.6,0,0,-7.23,,04-Sep-2026,-,-6.675749318801093,-,Infinity,15.795943454210203,-2.4682124158563954,https://nsearchives.nseindia.com/today/CEMNTGROWWEQN.svg,https://nsearchives.nseindia.com/30d/CEMNTGROWW-EQ.svg,,EQ
SMALLIETF,Nifty Smallcap 250 Index,17.94,17.94,17.47,17.6,-0.09,-0.51,35673,629985.18,17.6142,19.49,17.4,-,-,Infinity,-4.71034109366539,17.69,0,0,-4.74,,04-Sep-2026,-,-4.71034109366539,-,Infinity,9.697280656747036,-1.1494252873563382,https://nsearchives.nseindia.com/today/SMALLIETFEQN.svg,https://nsearchives.nseindia.com/30d/SMALLIETF-EQ.svg,,EQ
GROWWRLTY,Index,9.33,9.6,9.32,9.38,0.01,0.11,65872,622490.4,9.3646,11.3,7.17,-,-,Infinity,-5.8232931726907635,9.37,0,0,-8.23,,04-Sep-2026,-,-5.8232931726907635,-,Infinity,16.991150442477874,-30.82287308228732,https://nsearchives.nseindia.com/today/GROWWRLTYEQN.svg,https://nsearchives.nseindia.com/30d/GROWWRLTY-EQ.svg,,EQ
SMALLGROWW,Nifty Smallcap 250 Momentum Quality 100 Index TRI,48.49,48.69,47.2,47.52,-0.69,-1.43,12693,602917.5,47.4438,50.84,39.41,-,-,Infinity,-3.21792260692464,48.21,0,0,-1.73,,04-Sep-2026,-,-3.21792260692464,-,Infinity,6.5302911093627065,-20.57853336716571,https://nsearchives.nseindia.com/today/SMALLGROWWEQN.svg,https://nsearchives.nseindia.com/30d/SMALLGROWW-EQ.svg,,EQ
GROWWPSUBK,Nifty PSU Bank Index - TRI,80.98,81.59,78.67,80,-0.03,-0.04,7440,599515.2,79.5997,91.19,77.57,-,-,Infinity,-6.388953896559786,80.03,0,0,-6.81,,04-Sep-2026,-,-6.388953896559786,-,Infinity,12.271082355521436,-3.132654376692029,https://nsearchives.nseindia.com/today/GROWWPSUBKEQN.svg,https://nsearchives.nseindia.com/30d/GROWWPSUBK-EQ.svg,,EQ
TOP15IETF,Nifty Top 15 Equal Weight Index,9.17,9.22,9.12,9.18,0.05,0.55,61999,568530.83,9.1014,11.36,9.03,-,-,-11.900191938579658,-6.896551724137929,9.13,0,-12.72,-7.03,03-Oct-2025,04-Sep-2026,-,-6.896551724137929,-,-11.900191938579658,19.19014084507042,-1.6611295681063163,https://nsearchives.nseindia.com/today/TOP15IETFEQN.svg,https://nsearchives.nseindia.com/30d/TOP15IETF-EQ.svg,https://nsearchives.nseindia.com/365d/TOP15IETF-EQ.svg,EQ
NEXT30ADD,BSE SENSEX Next 30 Index,40,40.24,39.99,40.2,0.37,0.93,14108,564743.24,40.0383,46.7,36.98,-,-,3.076923076923084,-6.030855539971945,39.83,0,1.97,-6.7,03-Oct-2025,04-Sep-2026,-,-6.030855539971945,-,3.076923076923084,13.918629550321198,-8.707409410492174,https://nsearchives.nseindia.com/today/NEXT30ADDEQN.svg,https://nsearchives.nseindia.com/30d/NEXT30ADD-EQ.svg,https://nsearchives.nseindia.com/365d/NEXT30ADD-EQ.svg,EQ
SILVER001,Commodity - Silver,22.39,22.43,22.11,22.41,0.42,1.91,24556,548335.48,22.1867,28,21.61,-,-,Infinity,-2.5652173913043472,21.99,0,0,-6.58,,04-Sep-2026,-,-2.5652173913043472,-,Infinity,19.964285714285715,-3.701989819528,https://nsearchives.nseindia.com/today/SILVER001EQN.svg,https://nsearchives.nseindia.com/30d/SILVER001-EQ.svg,,EQ
SBIETFQLTY,Nifty 200 Quality 30 Index,209.04,209.04,205.32,206.75,-2.3,-1.10,2585,533776.65,205.5279,247.28,194,-,-,-6.27408314066821,-8.05798906034598,209.05,0,-6.04,-5.77,03-Oct-2025,04-Sep-2026,-,-8.05798906034598,-,-6.27408314066821,16.390326755095437,-6.572164948453608,https://nsearchives.nseindia.com/today/SBIETFQLTYEQN.svg,https://nsearchives.nseindia.com/30d/SBIETFQLTY-EQ.svg,https://nsearchives.nseindia.com/365d/SBIETFQLTY-EQ.svg,EQ
ENIFTY,Nifty 50 TRI,22.18,23.87,22.18,22.82,0.07,0.31,23299,531217.2,22.6193,27.99,22.18,-,-,Infinity,-6.552006552006557,22.75,0,0,-5.95,,04-Sep-2026,-,-6.552006552006557,-,Infinity,18.470882458020714,-2.8854824165915267,https://nsearchives.nseindia.com/today/ENIFTYEQN.svg,https://nsearchives.nseindia.com/30d/ENIFTY-EQ.svg,,EQ
FMCGADD,Nifty FMCG Index (TRI),45.67,46.2,44.15,44.48,0.19,0.43,11638,516145.3,43.9776,51.09,43.75,-,-,Infinity,-4.753747323340484,44.29,0,0,-4.24,,04-Sep-2026,-,-4.753747323340484,-,Infinity,12.937952632609134,-1.6685714285714215,https://nsearchives.nseindia.com/today/FMCGADDEQN.svg,https://nsearchives.nseindia.com/30d/FMCGADD-EQ.svg,,EQ
HEALTHAXIS,Nifty Healthcare Index,162.55,165.48,162,162.83,-0.75,-0.46,3124,508555.96,163.7951,190,135.2,-,-,Infinity,-3.76477541371157,163.58,0,0,-2.07,,04-Sep-2026,-,-3.76477541371157,-,Infinity,14.299999999999994,-20.436390532544397,https://nsearchives.nseindia.com/today/HEALTHAXISEQN.svg,https://nsearchives.nseindia.com/30d/HEALTHAXIS-EQ.svg,,EQ
MOOILGAS,Nifty Oil & Gas ETF Total Return Index,10.77,10.77,10.47,10.59,-0.34,-3.11,48117,508115.52,10.491,12.15,10.41,-,-,Infinity,-5.446428571428567,10.93,0,0,-3.19,,04-Sep-2026,-,-5.446428571428567,-,Infinity,12.83950617283951,-1.7291066282420722,https://nsearchives.nseindia.com/today/MOOILGASEQN.svg,https://nsearchives.nseindia.com/30d/MOOILGAS-EQ.svg,,EQ
MOGSEC,Nifty 5 yr Benchmark G-Sec Index,63.53,65.29,63.53,64.5,-0.66,-1.01,7722,498609.54,64.7045,67.45,60.74,-,-,3.79787576440296,-1.285583103764927,65.16,0,4.34,-0.81,03-Oct-2025,04-Sep-2026,-,-1.285583103764927,-,3.79787576440296,4.373610081541887,-6.190319394138949,https://nsearchives.nseindia.com/today/MOGSECEQN.svg,https://nsearchives.nseindia.com/30d/MOGSEC-EQ.svg,https://nsearchives.nseindia.com/365d/MOGSEC-EQ.svg,EQ
SMALLADD,Nifty Smallcap 250 Index,18.17,18.17,17.69,17.87,0.14,0.79,25608,455054.16,17.7035,19.5,14.01,-,-,Infinity,-3.4054054054054,17.73,0,0,-4.32,,04-Sep-2026,-,-3.4054054054054,-,Infinity,8.358974358974352,-27.55174875089223,https://nsearchives.nseindia.com/today/SMALLADDEQN.svg,https://nsearchives.nseindia.com/30d/SMALLADD-EQ.svg,,EQ
HDFCQUAL,HDFC NIFTY100 Quality 30 ETF,54.86,55.28,54.68,55.28,0.42,0.77,7743,425555.28,54.7924,61.87,51.91,-,-,-4.194107452339691,-6.52688535678052,54.86,0,-4.91,-6.46,03-Oct-2025,04-Sep-2026,-,-6.52688535678052,-,-4.194107452339691,10.651365766930656,-6.492005393951079,https://nsearchives.nseindia.com/today/HDFCQUALEQN.svg,https://nsearchives.nseindia.com/30d/HDFCQUAL-EQ.svg,https://nsearchives.nseindia.com/365d/HDFCQUAL-EQ.svg,EQ
SBIETFCON,Nifty India Consumption Index,109.34,113.68,109.34,112.73,0.58,0.52,3765,423750.75,112.286,133.97,100,-,-,-9.533745285290102,-7.21810699588477,112.15,0,-10.36,-6.46,03-Oct-2025,04-Sep-2026,-,-7.21810699588477,-,-9.533745285290102,15.854295737851755,-12.730000000000004,https://nsearchives.nseindia.com/today/SBIETFCONEQN.svg,https://nsearchives.nseindia.com/30d/SBIETFCON-EQ.svg,https://nsearchives.nseindia.com/365d/SBIETFCON-EQ.svg,EQ
IVZINNIFTY,Nifty 50,264.96,264.96,257.89,259.07,0.57,0.22,1625,421102.5,257.4941,315,251.1,31-JUL-26,FACE VALUE SPLIT (SUB-DIVISION) - FROM RS 10/- PER SHARE TO RE 1/- PER SHARE,-90.82177803915455,-6.052364374818683,258.5,0,-90.9,-5.84,03-Oct-2025,04-Sep-2026,FACE VALUE SPLIT (SUB-DIVISION) - FROM RS 10/- PER SHARE TO RE 1/- PER SHARE,-6.052364374818683,31-JUL-26,-90.82177803915455,17.75555555555556,-3.174034249303066,https://nsearchives.nseindia.com/today/IVZINNIFTYEQN.svg,https://nsearchives.nseindia.com/30d/IVZINNIFTY-EQ.svg,https://nsearchives.nseindia.com/365d/IVZINNIFTY-EQ.svg,EQ
TWCGOLDETF,Commodity,147,147.92,145.08,146.51,0.05,0.03,2839,415828.33,146.3345,187.98,123.31,-,-,Infinity,-2.9735099337748405,146.46,0,0,-4.23,,04-Sep-2026,-,-2.9735099337748405,-,Infinity,22.06085753803596,-18.814370286270368,https://nsearchives.nseindia.com/today/TWCGOLDETFEQN.svg,https://nsearchives.nseindia.com/30d/TWCGOLDETF-EQ.svg,,EQ
EMULTIMQ,Nifty500 Multicap Momentum Quality 50 Total Return Index,39.36,40.96,39.36,40.05,-0.11,-0.27,10233,410957.28,39.9604,43.54,36.25,-,-,-1.9823788546255563,-4.891949655663743,40.16,0,-2.67,-4.38,03-Oct-2025,04-Sep-2026,-,-4.891949655663743,-,-1.9823788546255563,8.015617822691784,-10.482758620689648,https://nsearchives.nseindia.com/today/EMULTIMQEQN.svg,https://nsearchives.nseindia.com/30d/EMULTIMQ-EQ.svg,https://nsearchives.nseindia.com/365d/EMULTIMQ-EQ.svg,EQ
LARGEMID50,BSE LargeMid (60:40) Stable Dividend 50 TRI (Total Return Index),34.23,34.4,34.15,34.31,0.26,0.76,11746,401243.36,34.0338,38,33.74,-,-,Infinity,-6.05147864184009,34.05,0,0,-6.43,,04-Sep-2026,-,-6.05147864184009,-,Infinity,9.710526315789467,-1.689389448725549,https://nsearchives.nseindia.com/today/LARGEMID50EQN.svg,https://nsearchives.nseindia.com/30d/LARGEMID50-EQ.svg,,EQ
LICNMID100,LIC MF Nifty Midcap 100 ETF,59.38,60.09,57.98,59,0.36,0.61,6218,367919.06,58.9571,66.4,52.3,-,-,3.2551627581379057,-7.538003447735468,58.64,0,2.16,-8.15,03-Oct-2025,04-Sep-2026,-,-7.538003447735468,-,3.2551627581379057,11.14457831325302,-12.810707456978973,https://nsearchives.nseindia.com/today/LICNMID100EQN.svg,https://nsearchives.nseindia.com/30d/LICNMID100-EQ.svg,https://nsearchives.nseindia.com/365d/LICNMID100-EQ.svg,EQ
ESG,NIFTY100 ESG SECTOR LEADERS,38.61,38.81,38.39,38.65,0.18,0.47,9178,353903.68,38.4572,45.06,37.52,-,-,-8.801321378008504,-5.800633682671222,38.47,0,-9.08,-6.51,03-Oct-2025,04-Sep-2026,-,-5.800633682671222,-,-8.801321378008504,14.225477141589,-3.0117270788912456,https://nsearchives.nseindia.com/today/ESGEQN.svg,https://nsearchives.nseindia.com/30d/ESG-EQ.svg,https://nsearchives.nseindia.com/365d/ESG-EQ.svg,EQ
MOSERVICE,Nifty Services Sector Total Return Index,29.25,29.4,29.12,29.21,0.18,0.62,11971,350630.59,29.101,35.37,28.3,-,-,Infinity,-5.069873253168667,29.03,0,0,-6.08,,04-Sep-2026,-,-5.069873253168667,-,Infinity,17.415889171614353,-3.2155477031802127,https://nsearchives.nseindia.com/today/MOSERVICEEQN.svg,https://nsearchives.nseindia.com/30d/MOSERVICE-EQ.svg,,EQ
ENERGYAXIS,Nifty Energy,18.02,18.75,18.02,18.25,-0.02,-0.11,18948,348832.68,18.2372,19.99,18.02,-,-,Infinity,Infinity,18.27,0,0,-4.6,,04-Sep-2026,-,Infinity,-,Infinity,8.704352176088037,-1.2763596004439535,https://nsearchives.nseindia.com/today/ENERGYAXISEQN.svg,https://nsearchives.nseindia.com/30d/ENERGYAXIS-EQ.svg,,EQ
CONSUMAXIS,NIFTY India Consumption Index,112,112.9,111.65,111.65,-0.34,-0.30,2963,333604.17,111.9792,131.85,105.63,-,-,Infinity,-6.935067100108355,111.99,0,0,-5.91,,04-Sep-2026,-,-6.935067100108355,-,Infinity,15.320439893818726,-5.6991385023194265,https://nsearchives.nseindia.com/today/CONSUMAXISEQN.svg,https://nsearchives.nseindia.com/30d/CONSUMAXIS-EQ.svg,,EQ
MOMETAL,Nifty Metal Index,12.84,12.84,12.4,12.55,-0.04,-0.32,26140,327011.4,12.4637,14.55,12.31,-,-,Infinity,-4.779969650986335,12.59,0,0,-5.48,,04-Sep-2026,-,-4.779969650986335,-,Infinity,13.745704467353951,-1.9496344435418376,https://nsearchives.nseindia.com/today/MOMETALEQN.svg,https://nsearchives.nseindia.com/30d/MOMETAL-EQ.svg,,EQ
SNXT30BEES,BSE Sensex Next 30 Index,40.1,40.2,39.83,39.83,-0.27,-0.67,7650,306382.5,39.9271,44.56,36.83,-,-,2.6811033771590593,-6.808610201216666,40.1,0,2.79,-5.82,03-Oct-2025,04-Sep-2026,-,-6.808610201216666,-,2.6811033771590593,10.614901256732503,-8.145533532446375,https://nsearchives.nseindia.com/today/SNXT30BEESEQN.svg,https://nsearchives.nseindia.com/30d/SNXT30BEES-EQ.svg,https://nsearchives.nseindia.com/365d/SNXT30BEES-EQ.svg,EQ
SBINMID150,Nifty Midcap 150 Index,21.94,21.95,21.69,21.72,0.03,0.14,13928,303908.96,21.6988,24.06,19.81,-,-,Infinity,-7.020547945205482,21.69,0,0,-6.91,,04-Sep-2026,-,-7.020547945205482,-,Infinity,9.725685785536161,-9.641595153962646,https://nsearchives.nseindia.com/today/SBINMID150EQN.svg,https://nsearchives.nseindia.com/30d/SBINMID150-EQ.svg,,EQ
GSEC5IETF,Nifty 5 yr Benchmark G-Sec Index,66.12,66.12,65.27,65.39,-0.31,-0.47,4521,295854.24,65.7157,69.14,62.7,-,-,3.2528027790936402,-0.939251628541137,65.7,0,3.55,-1.22,03-Oct-2025,04-Sep-2026,-,-0.939251628541137,-,3.2528027790936402,5.4237778420595895,-4.290271132376391,https://nsearchives.nseindia.com/today/GSEC5IETFEQN.svg,https://nsearchives.nseindia.com/30d/GSEC5IETF-EQ.svg,https://nsearchives.nseindia.com/365d/GSEC5IETF-EQ.svg,EQ
SBIVALETF,Nifty200 Value 30 Index,14.17,14.2,13.81,13.96,-0.26,-1.83,19749,275498.55,13.778,17.7,13.67,-,-,Infinity,-4.6448087431693965,14.22,0,0,-3.59,,04-Sep-2026,-,-4.6448087431693965,-,Infinity,21.12994350282485,-2.1214337966349737,https://nsearchives.nseindia.com/today/SBIVALETFEQN.svg,https://nsearchives.nseindia.com/30d/SBIVALETF-EQ.svg,,EQ
GILT5BETA,UTI Nifty 5 yr Benchmark G-Sec ETF,66.51,66.51,64.9,66.2,-0.31,-0.47,4106,268819.82,65.7382,69,62.66,-,-,Infinity,0.791717417783185,66.51,0,0,-0.64,,04-Sep-2026,-,0.791717417783185,-,Infinity,4.057971014492749,-5.6495371848069045,https://nsearchives.nseindia.com/today/GILT5BETAEQN.svg,https://nsearchives.nseindia.com/30d/GILT5BETA-EQ.svg,,EQ
LOWVOL,Mirae Asset Nifty 100 Low Volatility 30 ETF,195.5,195.5,191.36,192.21,0.54,0.28,1347,258610.53,191.2486,219.1,183.58,-,-,-6.211574119254411,-7.203205716216862,191.67,0,-6.66,-6.1,03-Oct-2025,04-Sep-2026,-,-7.203205716216862,-,-6.211574119254411,12.272934732998625,-4.700947815666192,https://nsearchives.nseindia.com/today/LOWVOLEQN.svg,https://nsearchives.nseindia.com/30d/LOWVOL-EQ.svg,https://nsearchives.nseindia.com/365d/LOWVOL-EQ.svg,EQ
SENSEXADD,DSP S&P BSE Sensex ETF,75.53,75.53,74.16,74.78,-0.38,-0.51,3459,258318.12,74.2506,88.2,73.27,-,-,-9.82756541661643,-5.783041451430015,75.16,0,-9.53,-5.21,03-Oct-2025,04-Sep-2026,-,-5.783041451430015,-,-9.82756541661643,15.21541950113379,-2.060870752013109,https://nsearchives.nseindia.com/today/SENSEXADDEQN.svg,https://nsearchives.nseindia.com/30d/SENSEXADD-EQ.svg,https://nsearchives.nseindia.com/365d/SENSEXADD-EQ.svg,EQ
MIDCAPADD,Nifty Midcap 150 Index,22.37,22.37,21.6,21.81,-0.26,-1.18,11438,249577.16,21.6773,25.5,19.27,-,-,Infinity,-6.515216459494211,22.07,0,0,-5.2,,04-Sep-2026,-,-6.515216459494211,-,Infinity,14.470588235294121,-13.181110534509596,https://nsearchives.nseindia.com/today/MIDCAPADDEQN.svg,https://nsearchives.nseindia.com/30d/MIDCAPADD-EQ.svg,,EQ
INFRA,Nifty India Infrastructure & Logistics,11.63,11.63,11.41,11.44,0.04,0.35,21735,248865.75,11.3754,13.27,10.14,-,-,Infinity,-4.107292539815592,11.4,0,0,-5.32,,04-Sep-2026,-,-4.107292539815592,-,Infinity,13.790504898266768,-12.820512820512809,https://nsearchives.nseindia.com/today/INFRAEQN.svg,https://nsearchives.nseindia.com/30d/INFRA-EQ.svg,,EQ
BSLSENETFG,BSE SENSEX Index,72.08,74.16,71.95,73.03,0.21,0.29,3221,234649.85,72.5846,87.82,70.32,25-NOV-21, FACE VALUE SPLIT (SUB-DIVISION) - FROM RS 10/- PER SHARE TO RE 1- PER SHARE,-9.78381717109327,-6.155230017990224,72.82,0,-10,-6.06,03-Oct-2025,04-Sep-2026, FACE VALUE SPLIT (SUB-DIVISION) - FROM RS 10/- PER SHARE TO RE 1- PER SHARE,-6.155230017990224,25-NOV-21,-9.78381717109327,16.841266226372117,-3.8538111490330036,https://nsearchives.nseindia.com/today/BSLSENETFGEQN.svg,https://nsearchives.nseindia.com/30d/BSLSENETFG-EQ.svg,https://nsearchives.nseindia.com/365d/BSLSENETFG-EQ.svg,EQ
MOBANK10,BSE Top 10 Banks Total Return Index,16.82,16.95,16.14,16.3,-0.19,-1.15,14177,231935.72,16.1808,20,15.75,-,-,Infinity,-3.3214709371292925,16.49,0,0,-2.71,,04-Sep-2026,-,-3.3214709371292925,-,Infinity,18.499999999999996,-3.4920634920634965,https://nsearchives.nseindia.com/today/MOBANK10EQN.svg,https://nsearchives.nseindia.com/30d/MOBANK10-EQ.svg,,EQ
TECH,Nifty IT TRI Index,31.54,31.54,30.77,30.86,-0.06,-0.19,7383,229242.15,31.0059,49.41,28,-,-,-14.657079646017694,-9.87149532710281,30.92,0,-14.63,-8.55,03-Oct-2025,04-Sep-2026,-,-9.87149532710281,-,-14.657079646017694,37.543007488362676,-10.214285714285712,https://nsearchives.nseindia.com/today/TECHEQN.svg,https://nsearchives.nseindia.com/30d/TECH-EQ.svg,https://nsearchives.nseindia.com/365d/TECH-EQ.svg,EQ
SECLEDBETA,BSE India Sector Leaders,14.15,14.15,13.68,13.88,0.22,1.61,15414,212559.06,13.7349,15.5,13.61,-,-,Infinity,Infinity,13.66,0,0,0,,,-,Infinity,-,Infinity,10.4516129032258,-1.9838354151359394,https://nsearchives.nseindia.com/today/SECLEDBETAEQN.svg,,,EQ
MOALPHA50,Nifty Alpha 50 Total Return Index,53.7,53.91,53.17,53.66,0.49,0.92,3911,209629.6,53.0709,62,42.1,-,-,8.623481781376514,-4.570513960519296,53.17,0,6.68,-5.66,03-Oct-2025,04-Sep-2026,-,-4.570513960519296,-,8.623481781376514,13.451612903225811,-27.45843230403799,https://nsearchives.nseindia.com/today/MOALPHA50EQN.svg,https://nsearchives.nseindia.com/30d/MOALPHA50-EQ.svg,https://nsearchives.nseindia.com/365d/MOALPHA50-EQ.svg,EQ
MOINFRA,BSE India Infrastructure Total Return Index,56.91,56.91,55.67,56.38,0.59,1.06,3741,209496,55.7108,66,54.6,-,-,-6.794511489502396,-2.9269972451790562,55.79,0,-7.13,-4.93,03-Oct-2025,04-Sep-2026,-,-2.9269972451790562,-,-6.794511489502396,14.575757575757573,-3.2600732600732623,https://nsearchives.nseindia.com/today/MOINFRAEQN.svg,https://nsearchives.nseindia.com/30d/MOINFRA-EQ.svg,https://nsearchives.nseindia.com/365d/MOINFRA-EQ.svg,EQ
NPBET,Nifty Private Bank Index,277.6,282.6,276.1,276.1,-1.5,-0.54,730,203224.7,277.1862,307,246.26,-,-,-0.4686373467916203,-4.025305895439372,277.6,0,-1.14,-4.38,03-Oct-2025,04-Sep-2026,-,-4.025305895439372,-,-0.4686373467916203,10.065146579804553,-12.117274425404059,https://nsearchives.nseindia.com/today/NPBETEQN.svg,https://nsearchives.nseindia.com/30d/NPBET-EQ.svg,https://nsearchives.nseindia.com/365d/NPBET-EQ.svg,EQ
ITADD,DSP Nifty IT ETF,29.78,30.5,29.78,30.06,0.28,0.94,6608,198966.88,30.0697,41.92,27.17,-,-,Infinity,-9.321266968325792,29.78,0,0,-8.57,,04-Sep-2026,-,-9.321266968325792,-,Infinity,28.29198473282443,-10.636731689363257,https://nsearchives.nseindia.com/today/ITADDEQN.svg,https://nsearchives.nseindia.com/30d/ITADD-EQ.svg,,EQ
IDFNIFTYET,Nifty 50,247.02,252,244.13,250,2.98,1.21,798,198709.98,248.0673,340.8,244.13,-,-,-7.622953848427741,-5.806111299498897,247.02,0,-9.29,-6.61,03-Oct-2025,04-Sep-2026,-,-5.806111299498897,-,-7.622953848427741,26.643192488262915,-2.4044566419530597,https://nsearchives.nseindia.com/today/IDFNIFTYETEQN.svg,https://nsearchives.nseindia.com/30d/IDFNIFTYET-EQ.svg,https://nsearchives.nseindia.com/365d/IDFNIFTYET-EQ.svg,EQ
HSBCGOLD,Commodity,128.8,129.8,127.01,128.06,0.11,0.09,1538,196279.56,127.9504,146.4,119.1,-,-,Infinity,-3.0142381096637307,127.95,0,0,-4.38,,04-Sep-2026,-,-3.0142381096637307,-,Infinity,12.527322404371587,-7.5230898404702,https://nsearchives.nseindia.com/today/HSBCGOLDEQN.svg,https://nsearchives.nseindia.com/30d/HSBCGOLD-EQ.svg,,EQ
MOMGF,Nifty India Manufacturing Total Return Index,152.39,152.47,150.99,152.03,-0.67,-0.44,1268,191987.88,151.6642,171.26,137.9,-,-,2.7924273157538844,-7.327034440719298,152.7,0,2.99,-7.82,03-Oct-2025,04-Sep-2026,-,-7.327034440719298,-,2.7924273157538844,11.228541399042387,-10.246555474981868,https://nsearchives.nseindia.com/today/MOMGFEQN.svg,https://nsearchives.nseindia.com/30d/MOMGF-EQ.svg,https://nsearchives.nseindia.com/365d/MOMGF-EQ.svg,EQ
MONEXT50,Nifty Next 50 Total Return Index,69.73,69.73,68.9,69.15,-0.24,-0.35,2712,187724.64,68.9378,75.89,59.43,-,-,1.3780970532180208,-5.131019344217306,69.39,0,1.92,-5.13,03-Oct-2025,04-Sep-2026,-,-5.131019344217306,-,1.3780970532180208,8.881275530372902,-16.35537607269057,https://nsearchives.nseindia.com/today/MONEXT50EQN.svg,https://nsearchives.nseindia.com/30d/MONEXT50-EQ.svg,https://nsearchives.nseindia.com/365d/MONEXT50-EQ.svg,EQ
LICNETFN50,Nifty 50,254.88,255.51,252.63,254.25,0.8,0.32,720,183355.2,251.8633,295,248.17,-,-,-8.003763071245071,-5.815891831820704,253.45,0,-8.29,-5.35,03-Oct-2025,04-Sep-2026,-,-5.815891831820704,-,-8.003763071245071,13.813559322033898,-2.449933513317489,https://nsearchives.nseindia.com/today/LICNETFN50EQN.svg,https://nsearchives.nseindia.com/30d/LICNETFN50-EQ.svg,https://nsearchives.nseindia.com/365d/LICNETFN50-EQ.svg,EQ
EBANKNIFTY,Edelweiss Nifty Bank ETF,55.74,56.99,54.56,54.56,-0.68,-1.23,3250,180310,54.9762,69.39,50.05,-,-,-1.9938925812825568,-5.849870578084556,55.24,0,-1.02,-5.18,03-Oct-2025,04-Sep-2026,-,-5.849870578084556,-,-1.9938925812825568,21.371955613200747,-9.010989010989022,https://nsearchives.nseindia.com/today/EBANKNIFTYEQN.svg,https://nsearchives.nseindia.com/30d/EBANKNIFTY-EQ.svg,https://nsearchives.nseindia.com/365d/EBANKNIFTY-EQ.svg,EQ
TOP20,Nifty Top 20 Equal Weight,8.32,8.39,8.3,8.35,0.05,0.60,21394,178639.9,8.2897,9.99,8,-,-,Infinity,-6.494960806270997,8.3,0,0,-6.53,,04-Sep-2026,-,-6.494960806270997,-,Infinity,16.41641641641642,-4.374999999999996,https://nsearchives.nseindia.com/today/TOP20EQN.svg,https://nsearchives.nseindia.com/30d/TOP20-EQ.svg,,EQ
EMETAL,Nifty Metal Total Return Index,13.04,13.27,12.48,12.53,-0.25,-1.96,13532,170367.88,12.4806,15.21,12.31,-,-,Infinity,-5.647590361445784,12.78,0,0,-4.34,,04-Sep-2026,-,-5.647590361445784,-,Infinity,17.619986850756092,-1.787164906580007,https://nsearchives.nseindia.com/today/EMETALEQN.svg,https://nsearchives.nseindia.com/30d/EMETAL-EQ.svg,,EQ
MOIPO,BSE Select IPO Total Return Index,45.5,47.45,45.5,47.25,1.75,3.85,3595,167275.35,45.5817,53,36.5,-,-,Infinity,-3.037143443463979,45.5,0,0,-7.43,,04-Sep-2026,-,-3.037143443463979,-,Infinity,10.849056603773585,-29.45205479452055,https://nsearchives.nseindia.com/today/MOIPOEQN.svg,https://nsearchives.nseindia.com/30d/MOIPO-EQ.svg,,EQ
VALUE,Nifty 500 Value 50,15.44,15.44,15.11,15.23,0.09,0.59,10424,158861.76,15.109,19.69,14.83,-,-,Infinity,-4.752970606629141,15.14,0,0,-6.25,,04-Sep-2026,-,-4.752970606629141,-,Infinity,22.651091924834947,-2.6972353337828747,https://nsearchives.nseindia.com/today/VALUEEQN.svg,https://nsearchives.nseindia.com/30d/VALUE-EQ.svg,,EQ
GROWWLOVOL,Nifty 500 Low Volatility 50 Index   TRI,9.82,9.87,9.66,9.8,-0.02,-0.20,15924,155736.72,9.7163,11.1,9.39,-,-,-4.761904761904747,-5.5876685934489405,9.82,0,-4.57,-4.66,03-Oct-2025,04-Sep-2026,-,-5.5876685934489405,-,-4.761904761904747,11.711711711711702,-4.366347177848777,https://nsearchives.nseindia.com/today/GROWWLOVOLEQN.svg,https://nsearchives.nseindia.com/30d/GROWWLOVOL-EQ.svg,https://nsearchives.nseindia.com/365d/GROWWLOVOL-EQ.svg,EQ
MIDBANKADD,BSE MidSmall Private Banks Index,16.5,16.67,16.5,16.67,0.28,1.71,9336,154977.6,16.312,18.22,16.26,-,-,Infinity,-3.8638985005766906,16.39,0,0,-6.34,,04-Sep-2026,-,-3.8638985005766906,-,Infinity,8.507135016465407,-2.521525215252153,https://nsearchives.nseindia.com/today/MIDBANKADDEQN.svg,https://nsearchives.nseindia.com/30d/MIDBANKADD-EQ.svg,,EQ
GROWWMC150,Nifty Midcap 150 Index - TRI,217.92,220.1,214,219,1.08,0.50,629,137247.8,216.8182,245,193.6,-,-,Infinity,-6.43824496945358,217.92,0,0,-6.68,,04-Sep-2026,-,-6.43824496945358,-,Infinity,10.612244897959183,-13.119834710743804,https://nsearchives.nseindia.com/today/GROWWMC150EQN.svg,https://nsearchives.nseindia.com/30d/GROWWMC150-EQ.svg,,EQ
SNXT50BETA,BSE Sensex Next 50,90.13,90.77,88.51,89.2,-0.49,-0.55,1482,133083.6,88.8709,99,77.11,17-FEB-21, FACE VALUE SPLIT (SUB-DIVISION) - FROM RS 10/- PER UNIT TO RE 1/- PER UNIT,Infinity,-5.448378206487174,89.69,0,0,-5.57,,04-Sep-2026, FACE VALUE SPLIT (SUB-DIVISION) - FROM RS 10/- PER UNIT TO RE 1/- PER UNIT,-5.448378206487174,17-FEB-21,Infinity,9.898989898989896,-15.678900272338224,https://nsearchives.nseindia.com/today/SNXT50BETAEQN.svg,https://nsearchives.nseindia.com/30d/SNXT50BETA-EQ.svg,,EQ
GSEC10YEAR,Mirae Asset Nifty 8-13 yr G-Sec ETF,29.9,30.19,29.79,30.18,0.28,0.94,4323,128955.09,30.0248,31.33,28.39,-,-,3.003412969283273,-1.0816125860373709,29.9,0,2.08,-1.55,03-Oct-2025,04-Sep-2026,-,-1.0816125860373709,-,3.003412969283273,3.670603255665492,-6.305036984853818,https://nsearchives.nseindia.com/today/GSEC10YEAREQN.svg,https://nsearchives.nseindia.com/30d/GSEC10YEAR-EQ.svg,https://nsearchives.nseindia.com/365d/GSEC10YEAR-EQ.svg,EQ
DIVIDEND,BSE 500 Dividend Leaders,33.94,34.03,33.6,33.8,0.17,0.51,3524,119216.92,33.6832,38.03,33.15,-,-,Infinity,-4.922644163150492,33.63,0,0,-5.59,,04-Sep-2026,-,-4.922644163150492,-,Infinity,11.12279779121747,-1.960784313725486,https://nsearchives.nseindia.com/today/DIVIDENDEQN.svg,https://nsearchives.nseindia.com/30d/DIVIDEND-EQ.svg,,EQ
LICNFNHGP,Nifty 100,266.55,266.65,256.6,266.65,1.42,0.54,427,111075.51,258.0365,296.41,248.02,-,-,-4.525761753016593,-2.806633861855311,265.23,0,-4.38,-1.99,03-Oct-2025,04-Sep-2026,-,-2.806633861855311,-,-4.525761753016593,10.040147093552864,-7.5114910087896005,https://nsearchives.nseindia.com/today/LICNFNHGPEQN.svg,https://nsearchives.nseindia.com/30d/LICNFNHGP-EQ.svg,https://nsearchives.nseindia.com/365d/LICNFNHGP-EQ.svg,EQ
PVTBKGROWW,Nifty Private Bank Index - TRI,26.75,27.39,26.6,26.63,-0.24,-0.89,3990,107091.6,26.8208,29.57,25.45,-,-,Infinity,-3.9668229354489775,26.87,0,0,-3.76,,04-Sep-2026,-,-3.9668229354489775,-,Infinity,9.942509299966186,-4.6365422396856575,https://nsearchives.nseindia.com/today/PVTBKGROWWEQN.svg,https://nsearchives.nseindia.com/30d/PVTBKGROWW-EQ.svg,,EQ
EQUAL200,BSE 200 Equal Weight,13.21,13.21,12.98,13.02,0.07,0.54,6963,90588.63,10.978,14.6,11.75,-,-,0.07686395080706984,-5.856832971800438,12.95,0,-1.07,-6.3,03-Oct-2025,04-Sep-2026,-,-5.856832971800438,-,0.07686395080706984,10.821917808219178,-10.808510638297868,https://nsearchives.nseindia.com/today/EQUAL200EQN.svg,https://nsearchives.nseindia.com/30d/EQUAL200-EQ.svg,https://nsearchives.nseindia.com/365d/EQUAL200-EQ.svg,EQ
BANK10ADD,BSE Top 10 Banks Index (TRI),16.32,16.41,16.12,16.3,0.31,1.94,5521,89495.41,16.176,18.99,12.08,-,-,Infinity,-3.49319123741859,15.99,0,0,-5.55,,04-Sep-2026,-,-3.49319123741859,-,Infinity,14.165350184307519,-34.93377483443709,https://nsearchives.nseindia.com/today/BANK10ADDEQN.svg,https://nsearchives.nseindia.com/30d/BANK10ADD-EQ.svg,,EQ
GSEC10ABSL,CRISIL 10 Year Gilt ETF,111.61,111.61,111.29,111.29,-0.5,-0.45,698,77708.34,110.9547,119.99,108.01,-,-,2.4392488954344675,-1.20727918331114,111.79,0,2.55,0.16,03-Oct-2025,02-Sep-2026,-,-1.20727918331114,-,2.4392488954344675,7.250604217018076,-3.036755855939266,https://nsearchives.nseindia.com/today/GSEC10ABSLEQN.svg,https://nsearchives.nseindia.com/30d/GSEC10ABSL-EQ.svg,https://nsearchives.nseindia.com/365d/GSEC10ABSL-EQ.svg,EQ
HDFCLOWVOL,HDFC NIFTY100 Low Volatility 30 ETF,19.15,19.3,19.06,19.22,0.07,0.37,3718,71274.06,19.1069,22.28,18.35,20-OCT-23,FACE VALUE SPLIT (SUB-DIVISION) - FROM RS 126.18/- PER SHARE TO RS 12.618/- PER SHARE,-6.198145436798437,-7.104881585306922,19.15,0,-6.49,-6.49,03-Oct-2025,04-Sep-2026,FACE VALUE SPLIT (SUB-DIVISION) - FROM RS 126.18/- PER SHARE TO RS 12.618/- PER SHARE,-7.104881585306922,20-OCT-23,-6.198145436798437,13.734290843806114,-4.741144414168923,https://nsearchives.nseindia.com/today/HDFCLOWVOLEQN.svg,https://nsearchives.nseindia.com/30d/HDFCLOWVOL-EQ.svg,https://nsearchives.nseindia.com/365d/HDFCLOWVOL-EQ.svg,EQ
MOPSE,Nifty PSE Total Return Index,95.22,95.22,94.29,94.95,0.2,0.21,698,65954.02,93.9962,114.7,93.33,-,-,-4.032747119466338,-4.935923107729268,94.75,0,-5.9,-6.71,03-Oct-2025,04-Sep-2026,-,-4.935923107729268,-,-4.032747119466338,17.218831734960766,-1.7357762777242094,https://nsearchives.nseindia.com/today/MOPSEEQN.svg,https://nsearchives.nseindia.com/30d/MOPSE-EQ.svg,https://nsearchives.nseindia.com/365d/MOPSE-EQ.svg,EQ
ABSL10BANK,BSE Top 10 Banks Index,163.01,163.01,161.28,162.44,0.14,0.09,392,63715.68,161.6804,214.42,150,-,-,Infinity,-3.516274649560475,162.3,0,0,-3.77,,04-Sep-2026,-,-3.516274649560475,-,Infinity,24.24214159126947,-8.293333333333331,https://nsearchives.nseindia.com/today/ABSL10BANKEQN.svg,https://nsearchives.nseindia.com/30d/ABSL10BANK-EQ.svg,,EQ
ITBETA,UTI Nifty IT ETF,297.27,303,297.24,297.6,0.33,0.11,196,58556.96,297.9793,409.94,270.68,-,-,Infinity,-9.549571454622807,297.27,0,0,-7.95,,04-Sep-2026,-,-9.549571454622807,-,Infinity,27.404010342977017,-9.945322890498012,https://nsearchives.nseindia.com/today/ITBETAEQN.svg,https://nsearchives.nseindia.com/30d/ITBETA-EQ.svg,,EQ
MOMNC,Nifty MNC ETF Total Return Index,30.14,30.16,29.78,30,-0.04,-0.13,1895,56868.95,29.9358,35.8,27.03,-,-,Infinity,-10.581222056631885,30.04,0,0,-6.68,,04-Sep-2026,-,-10.581222056631885,-,Infinity,16.20111731843575,-10.98779134295227,https://nsearchives.nseindia.com/today/MOMNCEQN.svg,https://nsearchives.nseindia.com/30d/MOMNC-EQ.svg,,EQ
BBNPNBETF,Baroda BNP Paribas NIFTY Bank ETF,55.27,55.91,54.9,55.4,0.4,0.73,801,44263.26,54.9528,62.77,50.03,-,-,0.25334781035106874,-4.251641894227447,55,0,-1.52,-5.66,03-Oct-2025,04-Sep-2026,-,-4.251641894227447,-,0.25334781035106874,11.74127768042059,-10.733559864081545,https://nsearchives.nseindia.com/today/BBNPNBETFEQN.svg,https://nsearchives.nseindia.com/30d/BBNPNBETF-EQ.svg,https://nsearchives.nseindia.com/365d/BBNPNBETF-EQ.svg,EQ
ABSLMSCIN,MSCI India Index,28.33,28.33,27.55,27.72,0.04,0.14,1353,37356.33,27.5971,35.34,26.34,-,-,Infinity,-6.065740426973917,27.68,0,0,-5.98,,04-Sep-2026,-,-6.065740426973917,-,Infinity,21.561969439728365,-5.2391799544419095,https://nsearchives.nseindia.com/today/ABSLMSCINEQN.svg,https://nsearchives.nseindia.com/30d/ABSLMSCIN-EQ.svg,,EQ
LICNETFSEN,SENSEX,827,827,805.14,822.49,-4.51,-0.55,42,34507.2,813.013,974.02,803,-,-,-9.490167596535825,-5.6777522935779805,827,0,-9.61,-4.16,03-Oct-2025,04-Sep-2026,-,-5.6777522935779805,-,-9.490167596535825,15.557175417342556,-2.427148194271483,https://nsearchives.nseindia.com/today/LICNETFSENEQN.svg,https://nsearchives.nseindia.com/30d/LICNETFSEN-EQ.svg,https://nsearchives.nseindia.com/365d/LICNETFSEN-EQ.svg,EQ
ELMDIV,Index (BSE LargeMid (60:40) Stable Dividend 50),35.41,35.41,33.63,34.39,-0.33,-0.95,742,25517.38,34.0253,38.67,33.63,-,-,Infinity,-5.000000000000006,34.72,0,0,-4.88,,04-Sep-2026,-,-5.000000000000006,-,Infinity,11.068011378329457,-2.2598870056497113,https://nsearchives.nseindia.com/today/ELMDIVEQN.svg,https://nsearchives.nseindia.com/30d/ELMDIV-EQ.svg,,EQ
HYBRIDETF,Nifty200 Momentum 30 Plus 8-13 yr G-Sec 50:50 Total Return Index,9.95,9.95,9.75,9.78,0.06,0.62,2589,25449.87,9.74,11.99,9.71,-,-,Infinity,-2.6865671641791176,9.72,0,0,-3.09,,04-Sep-2026,-,-2.6865671641791176,-,Infinity,18.43202668890743,-0.7209062821833008,https://nsearchives.nseindia.com/today/HYBRIDETFEQN.svg,https://nsearchives.nseindia.com/30d/HYBRIDETF-EQ.svg,,EQ
IVZBANKNF,Nifty Bank TRI,55.13,55.14,54.23,54.57,0.07,0.13,431,23562.77,54.4148,58.45,53.23,-,-,Infinity,-4.764397905759156,54.5,0,0,-5.32,,04-Sep-2026,-,-4.764397905759156,-,Infinity,6.638152266894785,-2.5173774187488323,https://nsearchives.nseindia.com/today/IVZBANKNFEQN.svg,https://nsearchives.nseindia.com/30d/IVZBANKNF-EQ.svg,,EQ
MSCI360,MSCI India Index,9.57,9.57,9.47,9.52,0.05,0.53,2316,22094.64,9.4501,12.24,9.4,-,-,Infinity,-5.928853754940708,9.47,0,0,-7.79,,04-Sep-2026,-,-5.928853754940708,-,Infinity,22.222222222222225,-1.2765957446808427,https://nsearchives.nseindia.com/today/MSCI360EQN.svg,https://nsearchives.nseindia.com/30d/MSCI360-EQ.svg,,EQ
IVZSENSEX,BSE Sensex TRI,72.87,72.87,72,72.45,0.48,0.67,303,21970.53,71.9572,79.9,71.69,-,-,Infinity,-5.108055009823172,71.97,0,0,-6,,04-Sep-2026,-,-5.108055009823172,-,Infinity,9.324155193992492,-1.060119960942956,https://nsearchives.nseindia.com/today/IVZSENSEXEQN.svg,https://nsearchives.nseindia.com/30d/IVZSENSEX-EQ.svg,,EQ
GILT10BETA,UTI Nifty 10 yr Benchmark G-Sec ETF,25.9,26.64,25.9,26.63,0.64,2.46,735,19279.05,26.1992,27.6,25.1,-,-,Infinity,0.41478129713423617,25.99,0,0,-2.22,,04-Sep-2026,-,0.41478129713423617,-,Infinity,3.514492753623197,-6.095617529880469,https://nsearchives.nseindia.com/today/GILT10BETAEQN.svg,https://nsearchives.nseindia.com/30d/GILT10BETA-EQ.svg,,EQ
ENEXT50,Nifty Next 50 Total Return Index,69.66,69.66,68.95,69.21,0.23,0.33,235,16262,68.8881,76,67.64,-,-,Infinity,-5.074749691400361,68.98,0,0,-5.64,,04-Sep-2026,-,-5.074749691400361,-,Infinity,8.934210526315798,-2.321111768184496,https://nsearchives.nseindia.com/today/ENEXT50EQN.svg,https://nsearchives.nseindia.com/30d/ENEXT50-EQ.svg,,EQ
EBANK10,BSE Top 10 Bank Total Return Index,16.19,16.19,16.05,16.05,-0.14,-0.86,957,15417.27,16.0573,17.9,15.63,-,-,Infinity,-3.9497307001795336,16.19,0,0,-3.86,,04-Sep-2026,-,-3.9497307001795336,-,Infinity,10.335195530726246,-2.6871401151631473,https://nsearchives.nseindia.com/today/EBANK10EQN.svg,https://nsearchives.nseindia.com/30d/EBANK10-EQ.svg,,EQ
ESENSEX,BSE Sensex TRI,73.26,73.8,72.6,73.8,1.2,1.65,179,13040.15,72.4556,88.05,71.87,-,-,Infinity,-5.578300921187307,72.6,0,0,-6.27,,04-Sep-2026,-,-5.578300921187307,-,Infinity,16.1839863713799,-2.6854042020314353,https://nsearchives.nseindia.com/today/ESENSEXEQN.svg,https://nsearchives.nseindia.com/30d/ESENSEX-EQ.svg,,EQ
ABGSEC,Aditya Birla Sun Life CRISIL Broad Based Gilt ETF,112.44,113.53,112.44,113.53,-0.05,-0.04,55,6227.65,113.1092,118,109.5,-,-,3.199709117352964,-0.1319493314567256,113.58,0,3.15,0,03-Oct-2025,04-Sep-2026,-,-0.1319493314567256,-,3.199709117352964,3.788135593220338,-3.680365296803654,https://nsearchives.nseindia.com/today/ABGSECEQN.svg,https://nsearchives.nseindia.com/30d/ABGSEC-EQ.svg,https://nsearchives.nseindia.com/365d/ABGSEC-EQ.svg,EQ
GSEC10IETF,ICICI Prudential Nifty 10 yr Benchmark G-Sec ETF,260,260,260,260,1.81,0.70,8,2080,260.3738,269.59,252.23,-,-,1.025800435188058,-1.3282732447817838,258.19,0,0.14,-1.64,03-Oct-2025,04-Sep-2026,-,-1.3282732447817838,-,1.025800435188058,3.5572536073296397,-3.080521746025457,https://nsearchives.nseindia.com/today/GSEC10IETFEQN.svg,https://nsearchives.nseindia.com/30d/GSEC10IETF-EQ.svg,https://nsearchives.nseindia.com/365d/GSEC10IETF-EQ.svg,EQ
GSEC10ADD,Nifty 10 yr Benchmark G-Sec,26.3,26.3,26.15,26.15,-0.39,-1.47,31,810.65,26.329,27.85,24.32,-,-,Infinity,-1.2835032087580214,26.54,0,0,-0.93,,04-Sep-2026,-,-1.2835032087580214,-,Infinity,6.104129263913834,-7.524671052631572,https://nsearchives.nseindia.com/today/GSEC10ADDEQN.svg,https://nsearchives.nseindia.com/30d/GSEC10ADD-EQ.svg,,EQ
LIQUIDBETA,Nifty 1D Rate Index,0,0,0,1010.57,0,0.00,0,0,1010.5674,1019,981.86,-,-,Infinity,0.40836198159887266,1010.57,0,0,0.35,,04-Sep-2026,-,0.40836198159887266,-,Infinity,0.8272816486751668,-2.924042124131754,https://nsearchives.nseindia.com/today/LIQUIDBETAEQN.svg,https://nsearchives.nseindia.com/30d/LIQUIDBETA-EQ.svg,,EQ
MSCIADD,MSCI India Index,0,0,0,28.27,0,0.00,0,0,27.6139,33.82,26.4,-,-,Infinity,-4.33164128595601,28.27,0,0,-4.27,,04-Sep-2026,-,-4.33164128595601,-,Infinity,16.41040804257836,-7.083333333333338,https://nsearchives.nseindia.com/today/MSCIADDEQN.svg,https://nsearchives.nseindia.com/30d/MSCIADD-EQ.svg,,EQ
