symbol,assets,open,high,low,ltP,chn,per,qty,trdVal,nav,wkhi,wklo,xDt,cAct,yPC,mPC,prevClose,stockIndClosePrice,perChange365d,perChange30d,date365dAgo,date30dAgo,CAct,MPC,XDt,YPC,nearWKH,nearWKL,chartTodayPath,chart30dPath,chart365dPath,series
SILVERBEES,Domestic price of Silver- based on LBMA Silver daily spot fixing price,229.65,234.28,229.65,232.66,7.23,3.21,43131864,10009180359.84,225.6781,360,106.64,-,-,117.45957566127676,9.626348772558078,225.43,0,110.7,6.22,20-Aug-2025,21-Jul-2026,-,9.626348772558078,-,117.45957566127676,35.37222222222222,-118.17329332333084,https://nsearchives.nseindia.com/today/SILVERBEESEQN.svg,https://nsearchives.nseindia.com/30d/SILVERBEES-EQ.svg,https://nsearchives.nseindia.com/365d/SILVERBEES-EQ.svg,EQ
GOLDBEES,Gold,130.14,131.93,129.82,131.42,2.54,1.97,46291317,6061847961.15,128.7847,148.14,80.02,19-DEC-19, FACE VALUE SPLIT (SUB-DIVISION) - FROM RS 100/- TO RS 1/-,60.112085769980496,11.628302047056811,128.88,0,57.02,9.47,20-Aug-2025,21-Jul-2026, FACE VALUE SPLIT (SUB-DIVISION) - FROM RS 100/- TO RS 1/-,11.628302047056811,19-DEC-19,60.112085769980496,11.286620764142029,-64.23394151462134,https://nsearchives.nseindia.com/today/GOLDBEESEQN.svg,https://nsearchives.nseindia.com/30d/GOLDBEES-EQ.svg,https://nsearchives.nseindia.com/365d/GOLDBEES-EQ.svg,EQ
LIQUIDBEES,Government Securities,1000,1000.01,999.99,1000,0.01,0.00,3042098,3042067579.02,1000,1029.99,969.99,19-SEP-17, EXIT OPTION PURSUANT TO CHANGE IN FUNDAMENTAL ATTRIBUTES OF ETF  ,0,0,999.99,0,0,0,20-Aug-2025,21-Jul-2026, EXIT OPTION PURSUANT TO CHANGE IN FUNDAMENTAL ATTRIBUTES OF ETF  ,0,19-SEP-17,0,2.9116787541626628,-3.093846328312662,https://nsearchives.nseindia.com/today/LIQUIDBEESEQN.svg,https://nsearchives.nseindia.com/30d/LIQUIDBEES-EQ.svg,https://nsearchives.nseindia.com/365d/LIQUIDBEES-EQ.svg,EQ
LIQUIDCASE,Zerodha Nifty 1D Rate Liquid ETF,115.58,115.61,115.58,115.59,0.04,0.03,19279354,2228500528.86,115.5494,115.61,102,-,-,5.0436205016357665,0.42571676802780983,115.55,0,5.01,0.39,20-Aug-2025,21-Jul-2026,-,0.42571676802780983,-,5.0436205016357665,0.017299541562145162,-13.32352941176471,https://nsearchives.nseindia.com/today/LIQUIDCASEEQN.svg,https://nsearchives.nseindia.com/30d/LIQUIDCASE-EQ.svg,https://nsearchives.nseindia.com/365d/LIQUIDCASE-EQ.svg,EQ
GOLDIETF,Gold,133.7,136.44,133.7,136.15,2.45,1.83,15571456,2113513722.88,133.3762,158,82.87,-,-,60.61106523534271,11.534365527975764,133.7,0,57.72,9.53,20-Aug-2025,21-Jul-2026,-,11.534365527975764,-,60.61106523534271,13.82911392405063,-64.29347170266682,https://nsearchives.nseindia.com/today/GOLDIETFEQN.svg,https://nsearchives.nseindia.com/30d/GOLDIETF-EQ.svg,https://nsearchives.nseindia.com/365d/GOLDIETF-EQ.svg,EQ
TATSILV,Tata Silver Exchange Traded Fund,23.28,23.77,23.28,23.6,0.7,3.06,80096549,1885472763.46,22.9089,35.1,10.56,-,-,117.71217712177123,9.461966604823761,22.9,0,111.25,6.22,20-Aug-2025,21-Jul-2026,-,9.461966604823761,-,117.71217712177123,32.763532763532766,-123.48484848484848,https://nsearchives.nseindia.com/today/TATSILVEQN.svg,https://nsearchives.nseindia.com/30d/TATSILV-EQ.svg,https://nsearchives.nseindia.com/365d/TATSILV-EQ.svg,EQ
HDFCSILVER,HDFC Silver ETF,230.15,234.25,230.09,232.47,6.77,3.00,6354848,1475150866.24,225.6476,359,106.78,-,-,116.91704768125408,9.469768317950642,225.7,0,110.6,6.28,20-Aug-2025,21-Jul-2026,-,9.469768317950642,-,116.91704768125408,35.24512534818942,-117.70930885933696,https://nsearchives.nseindia.com/today/HDFCSILVEREQN.svg,https://nsearchives.nseindia.com/30d/HDFCSILVER-EQ.svg,https://nsearchives.nseindia.com/365d/HDFCSILVER-EQ.svg,EQ
SILVERIETF,Domestic Price of Silver,239.5,244.46,239.5,242.5,7.38,3.14,6019021,1457566125.36,235.6219,373.5,111.17,-,-,117.60588657573582,9.555003388299076,235.12,0,110.98,6.22,20-Aug-2025,21-Jul-2026,-,9.555003388299076,-,117.60588657573582,35.073627844712185,-118.1343887739498,https://nsearchives.nseindia.com/today/SILVERIETFEQN.svg,https://nsearchives.nseindia.com/30d/SILVERIETF-EQ.svg,https://nsearchives.nseindia.com/365d/SILVERIETF-EQ.svg,EQ
NIFTYBEES,Nifty 50,276.57,277.38,276.12,276.84,0.27,0.10,4364104,1207678499.92,276.3059,302.25,251.7,19-DEC-19, FACE VALUE SPLIT (SUB-DIVISION) - FROM RS 10/- TO RS 1/-,-2.0104771343621715,0.62152437029767,276.57,0,-2.11,0.52,20-Aug-2025,21-Jul-2026, FACE VALUE SPLIT (SUB-DIVISION) - FROM RS 10/- TO RS 1/-,0.62152437029767,19-DEC-19,-2.0104771343621715,8.406947890818868,-9.988081048867695,https://nsearchives.nseindia.com/today/NIFTYBEESEQN.svg,https://nsearchives.nseindia.com/30d/NIFTYBEES-EQ.svg,https://nsearchives.nseindia.com/365d/NIFTYBEES-EQ.svg,EQ
TATAGOLD,Tata Gold Exchange Traded Fund,15.18,15.47,15.18,15.42,0.3,1.98,78553859,1206587274.24,15.131,17.7,9.45,-,-,59.958506224066376,11.496746203904555,15.12,0,56.85,9.33,20-Aug-2025,21-Jul-2026,-,11.496746203904555,-,59.958506224066376,12.881355932203387,-63.17460317460319,https://nsearchives.nseindia.com/today/TATAGOLDEQN.svg,https://nsearchives.nseindia.com/30d/TATAGOLD-EQ.svg,https://nsearchives.nseindia.com/365d/TATAGOLD-EQ.svg,EQ
LIQUIDPLUS,Nifty 1D Rate Index,1100.07,1100.09,1100.07,1100.09,0.46,0.04,842554,926876804.32,1099.6417,1127.08,1046.56,-,-,5.114852469041429,0.4373231078243371,1099.63,0,5.07,0.4,20-Aug-2025,21-Jul-2026,-,0.4373231078243371,-,5.114852469041429,2.3946836071973605,-5.114852469041429,https://nsearchives.nseindia.com/today/LIQUIDPLUSEQN.svg,https://nsearchives.nseindia.com/30d/LIQUIDPLUS-EQ.svg,https://nsearchives.nseindia.com/365d/LIQUIDPLUS-EQ.svg,EQ
SETFGOLD,Gold,133.41,136.2,133.26,136,2.99,2.25,6061833,819681058.26,132.8055,153.95,82.51,06-JAN-22,FACE VALUE SPLIT (SUB-DIVISION) - FROM RS 100/- PER SHARE TO RS 1/- PER SHARE,60.69951553822522,12.017132031957832,133.01,0,57.17,9.55,20-Aug-2025,21-Jul-2026,FACE VALUE SPLIT (SUB-DIVISION) - FROM RS 100/- PER SHARE TO RS 1/- PER SHARE,12.017132031957832,06-JAN-22,60.69951553822522,11.659629749918798,-64.82850563568051,https://nsearchives.nseindia.com/today/SETFGOLDEQN.svg,https://nsearchives.nseindia.com/30d/SETFGOLD-EQ.svg,https://nsearchives.nseindia.com/365d/SETFGOLD-EQ.svg,EQ
LIQUIDBETF,Bajaj Finserv Nifty 1D Rate Liquid ETF,1095.77,1095.79,1095.77,1095.78,0.44,0.04,689308,755323027.16,1095.3298,1116.24,1009.94,-,-,4.937656815613563,0.428004509169568,1095.34,0,4.9,0.39,20-Aug-2025,21-Jul-2026,-,0.428004509169568,-,4.937656815613563,1.8329391528703538,-8.499514822662725,https://nsearchives.nseindia.com/today/LIQUIDBETFEQN.svg,https://nsearchives.nseindia.com/30d/LIQUIDBETF-EQ.svg,https://nsearchives.nseindia.com/365d/LIQUIDBETF-EQ.svg,EQ
HDFCGOLD,Gold,134.46,136.06,134.05,135.76,2.69,2.02,5385895,729142465.1,133.0794,152.3,84.01,17-FEB-21, FACE VALUE SPLIT (SUB-DIVISION) - FROM RS 100/- PER UNIT TO RE 1/- PER UNIT,60.20769412320038,11.54383370306466,133.07,0,57.03,9.33,20-Aug-2025,21-Jul-2026, FACE VALUE SPLIT (SUB-DIVISION) - FROM RS 100/- PER UNIT TO RE 1/- PER UNIT,11.54383370306466,17-FEB-21,60.20769412320038,10.86014445174,-61.59980954648254,https://nsearchives.nseindia.com/today/HDFCGOLDEQN.svg,https://nsearchives.nseindia.com/30d/HDFCGOLD-EQ.svg,https://nsearchives.nseindia.com/365d/HDFCGOLD-EQ.svg,EQ
LIQUIDIETF,S&P BSE Liquid Rate Index,1000,1000.01,999.99,1000,0.01,0.00,674662,674655253.38,1000,1041.19,955,-,-,0.0010000100000990915,0.0010000100000990915,999.99,0,0,0,20-Aug-2025,21-Jul-2026,-,0.0010000100000990915,-,0.0010000100000990915,3.956050288612074,-4.712041884816754,https://nsearchives.nseindia.com/today/LIQUIDIETFEQN.svg,https://nsearchives.nseindia.com/30d/LIQUIDIETF-EQ.svg,https://nsearchives.nseindia.com/365d/LIQUIDIETF-EQ.svg,EQ
LIQUID1,Kotak Nifty 1D Rate Liquid ETF,1118.97,1119.43,1118.97,1119.41,0.44,0.04,549238,614822509.58,1118.9674,1136.66,1061.5,-,-,5.1405117030469265,0.44416129784828934,1118.97,0,5.1,0.4,20-Aug-2025,21-Jul-2026,-,0.44416129784828934,-,5.1405117030469265,1.517604208822339,-5.455487517663691,https://nsearchives.nseindia.com/today/LIQUID1EQN.svg,https://nsearchives.nseindia.com/30d/LIQUID1-EQ.svg,https://nsearchives.nseindia.com/365d/LIQUID1-EQ.svg,EQ
SBISILVER,SBI SILVER ETF,235.5,239.88,235,238.15,7.35,3.18,2529318,601320061.32,231.1963,362,109.32,-,-,117.21087194454579,9.615207585381578,230.8,0,110.51,6.23,20-Aug-2025,21-Jul-2026,-,9.615207585381578,-,117.21087194454579,34.21270718232044,-117.84668862056351,https://nsearchives.nseindia.com/today/SBISILVEREQN.svg,https://nsearchives.nseindia.com/30d/SBISILVER-EQ.svg,https://nsearchives.nseindia.com/365d/SBISILVER-EQ.svg,EQ
GOLDADD,DSP Gold ETF,152.92,155.14,152.5,154.69,3.13,2.07,3897228,600874613.04,151.305,181,95.95,28-AUG-26,FACE VALUE SPLIT (SUB-DIVISION) - FROM RS 10/- PER UNIT TO RE 1/- PER UNIT,Infinity,11.778307681190848,151.56,0,0,9.52,,21-Jul-2026,FACE VALUE SPLIT (SUB-DIVISION) - FROM RS 10/- PER UNIT TO RE 1/- PER UNIT,11.778307681190848,28-AUG-26,Infinity,14.535911602209945,-61.219385096404366,https://nsearchives.nseindia.com/today/GOLDADDEQN.svg,https://nsearchives.nseindia.com/30d/GOLDADD-EQ.svg,,EQ
SILVER,Physical price of Silver,235.19,244.29,235.19,242.75,7.55,3.21,2213915,536210213,235.6513,371.89,111.2,-,-,117.73253206565612,9.578838080621134,235.2,0,110.96,6.17,20-Aug-2025,21-Jul-2026,-,9.578838080621134,-,117.73253206565612,34.72532200381833,-118.30035971223023,https://nsearchives.nseindia.com/today/SILVEREQN.svg,https://nsearchives.nseindia.com/30d/SILVER-EQ.svg,https://nsearchives.nseindia.com/365d/SILVER-EQ.svg,EQ
GOLDETF,Mirae Asset Gold ETF,152.15,155.22,152.15,154.36,3.07,2.03,3353878,515356893.48,151.3933,173.5,96.03,-,-,60.29075804776741,11.636652925435744,151.29,0,57.1,9.42,20-Aug-2025,21-Jul-2026,-,11.636652925435744,-,60.29075804776741,11.03170028818443,-60.7414349682391,https://nsearchives.nseindia.com/today/GOLDETFEQN.svg,https://nsearchives.nseindia.com/30d/GOLDETF-EQ.svg,https://nsearchives.nseindia.com/365d/GOLDETF-EQ.svg,EQ
LIQUIDADD,DSP S&P BSE Liquid Rate ETF,1141.51,1141.53,1141.51,1141.53,0.45,0.04,412112,470434090.24,1141.0789,1151.22,1054.87,-,-,5.029120317977319,0.4337497800457561,1141.08,0,4.99,0.39,20-Aug-2025,21-Jul-2026,-,0.4337497800457561,-,5.029120317977319,0.841715745035706,-8.215230312739966,https://nsearchives.nseindia.com/today/LIQUIDADDEQN.svg,https://nsearchives.nseindia.com/30d/LIQUIDADD-EQ.svg,https://nsearchives.nseindia.com/365d/LIQUIDADD-EQ.svg,EQ
LIQGRWBEES,Liquid,1052.72,1052.74,1052.72,1052.74,0.41,0.04,440713,463951796.49,1052.3369,1056.29,995.55,-,-,4.821172534650307,0.41396413582601277,1052.33,0,4.78,0.37,20-Aug-2025,21-Jul-2026,-,0.41396413582601277,-,4.821172534650307,0.33608194719252804,-5.744563306714887,https://nsearchives.nseindia.com/today/LIQGRWBEESEQN.svg,https://nsearchives.nseindia.com/30d/LIQGRWBEES-EQ.svg,https://nsearchives.nseindia.com/365d/LIQGRWBEES-EQ.svg,EQ
SILVERCASE,Commodity-Silver,23.9,24.83,23.42,24.69,0.79,3.31,15438878,379487621.24,24.5326,38.01,11.34,-,-,117.15039577836414,9.782125389061818,23.9,0,110.2,6.27,20-Aug-2025,21-Jul-2026,-,9.782125389061818,-,117.15039577836414,35.04340962904499,-117.72486772486775,https://nsearchives.nseindia.com/today/SILVERCASEEQN.svg,https://nsearchives.nseindia.com/30d/SILVERCASE-EQ.svg,https://nsearchives.nseindia.com/365d/SILVERCASE-EQ.svg,EQ
GOLD1,Gold,131.99,133.63,131,133,2.62,2.01,2849487,376730676.27,130.0184,158,80.77,22-JUL-21, FACE VALUE SPLIT (SUB-DIVISION) - FROM RS 10/- PER SHARE TO RE 1/- PER SHARE,60.84169790784859,11.896348645465253,130.38,0,57.67,9.69,20-Aug-2025,21-Jul-2026, FACE VALUE SPLIT (SUB-DIVISION) - FROM RS 10/- PER SHARE TO RE 1/- PER SHARE,11.896348645465253,22-JUL-21,60.84169790784859,15.822784810126583,-64.66509842763402,https://nsearchives.nseindia.com/today/GOLD1EQN.svg,https://nsearchives.nseindia.com/30d/GOLD1-EQ.svg,https://nsearchives.nseindia.com/365d/GOLD1-EQ.svg,EQ
BANKBEES,Nifty Bank,597.84,598.74,595.46,597.69,1.63,0.27,531158,317584679.78,596.1873,638.99,515.98,19-DEC-19, FACE VALUE SPLIT (SUB-DIVISION) - FROM RS 10/- TO RS 1/-,3.872021688882725,-0.3102326745058627,596.06,0,3.59,-0.58,20-Aug-2025,21-Jul-2026, FACE VALUE SPLIT (SUB-DIVISION) - FROM RS 10/- TO RS 1/-,-0.3102326745058627,19-DEC-19,3.872021688882725,6.4633249346625075,-15.835885111826046,https://nsearchives.nseindia.com/today/BANKBEESEQN.svg,https://nsearchives.nseindia.com/30d/BANKBEES-EQ.svg,https://nsearchives.nseindia.com/365d/BANKBEES-EQ.svg,EQ
GOLDCASE,Zerodha Gold ETF,24.07,25.1,24.07,25.04,0.48,1.95,10812817,269347271.47,24.5326,27.94,15.25,-,-,60.82209377007064,11.785714285714288,24.56,0,57.74,9.64,20-Aug-2025,21-Jul-2026,-,11.785714285714288,-,60.82209377007064,10.379384395132435,-64.1967213114754,https://nsearchives.nseindia.com/today/GOLDCASEEQN.svg,https://nsearchives.nseindia.com/30d/GOLDCASE-EQ.svg,https://nsearchives.nseindia.com/365d/GOLDCASE-EQ.svg,EQ
NIFTYETF,Nifty 50,264.01,264.45,257.4,263.71,-0.3,-0.11,948031,250479270.51,263.8111,289.05,239.81,-,-,-2.1992286010977624,0.2089983280133586,264.01,0,-2.09,0.32,20-Aug-2025,21-Jul-2026,-,0.2089983280133586,-,-2.1992286010977624,8.766649368621357,-9.966223260080888,https://nsearchives.nseindia.com/today/NIFTYETFEQN.svg,https://nsearchives.nseindia.com/30d/NIFTYETF-EQ.svg,https://nsearchives.nseindia.com/365d/NIFTYETF-EQ.svg,EQ
GOLDAXIS,Gold,133,133,130.61,132.45,2.67,2.06,1825425,240700540.5,129.7633,150,80.84,23-JUL-20, FACE VALUE SPLIT (SUB-DIVISION) - FROM RS 100/- PER SHARE TO RE 1/- PER SHARE,Infinity,11.424244973500448,129.78,0,0,9.18,,21-Jul-2026, FACE VALUE SPLIT (SUB-DIVISION) - FROM RS 100/- PER SHARE TO RE 1/- PER SHARE,11.424244973500448,23-JUL-20,Infinity,11.700000000000008,-63.842157347847575,https://nsearchives.nseindia.com/today/GOLDAXISEQN.svg,https://nsearchives.nseindia.com/30d/GOLDAXIS-EQ.svg,,EQ
HDFCSML250,HDFC NIFTY Smallcap 250 ETF,185.89,186.07,184.99,185.25,0,0.00,1284557,238657845.03,184.9148,189.83,142.7,-,-,7.847703324212604,1.690728440467702,185.25,0,7.85,1.69,20-Aug-2025,21-Jul-2026,-,1.690728440467702,-,7.847703324212604,2.412685033977776,-29.8177995795375,https://nsearchives.nseindia.com/today/HDFCSML250EQN.svg,https://nsearchives.nseindia.com/30d/HDFCSML250-EQ.svg,https://nsearchives.nseindia.com/365d/HDFCSML250-EQ.svg,EQ
SILVER1,Kotak Silver ETF,22.95,23.77,22.95,23.66,0.81,3.54,9701351,228175775.52,22.898,38.8,10.8,27-FEB-26,FACE VALUE SPLIT (SUB-DIVISION) - FROM RS 10/- PER SHARE TO RE 1/- PER SHARE,-78.17141802749332,9.842154131847732,22.85,0,-78.92,6.08,20-Aug-2025,21-Jul-2026,FACE VALUE SPLIT (SUB-DIVISION) - FROM RS 10/- PER SHARE TO RE 1/- PER SHARE,9.842154131847732,27-FEB-26,-78.17141802749332,39.02061855670103,-119.07407407407406,https://nsearchives.nseindia.com/today/SILVER1EQN.svg,https://nsearchives.nseindia.com/30d/SILVER1-EQ.svg,https://nsearchives.nseindia.com/365d/SILVER1-EQ.svg,EQ
SILVERBETA,UTI Silver Exchange Traded Fund (UTI Silver ETF),233,236.42,231.82,234.64,6.91,3.03,971089,227370778.46,227.8219,379.66,107.8,-,-,Infinity,9.430090476634643,227.73,0,0,6.21,,21-Jul-2026,-,9.430090476634643,-,Infinity,38.19733445714587,-117.66233766233765,https://nsearchives.nseindia.com/today/SILVERBETAEQN.svg,https://nsearchives.nseindia.com/30d/SILVERBETA-EQ.svg,,EQ
JUNIORBEES,Nippon India ETF Nifty Next 50 Junior BeES,800.56,805.39,799.09,802.15,-0.96,-0.12,277039,222010743.43,802.8979,823.97,632.34,10-MAR-14,DIVIDEND-RS.1 PER UNIT,9.554896952976677,2.25896510842268,803.11,0,9.69,2.38,20-Aug-2025,21-Jul-2026,DIVIDEND-RS.1 PER UNIT,2.25896510842268,10-MAR-14,9.554896952976677,2.648154665825218,-26.854223993421247,https://nsearchives.nseindia.com/today/JUNIORBEESEQN.svg,https://nsearchives.nseindia.com/30d/JUNIORBEES-EQ.svg,https://nsearchives.nseindia.com/365d/JUNIORBEES-EQ.svg,EQ
BSLGOLDETF,Gold,137.59,140.04,137.59,139.47,2.47,1.80,1483954,206833508.52,137.0099,155.99,86.44,25-NOV-21, FACE VALUE SPLIT (SUB-DIVISION) - FROM RS 10/- PER SHARE TO RE 0.10/- PER SHARE,60.14467791939373,11.531387445021993,137,0,57.31,9.56,20-Aug-2025,21-Jul-2026, FACE VALUE SPLIT (SUB-DIVISION) - FROM RS 10/- PER SHARE TO RE 0.10/- PER SHARE,11.531387445021993,25-NOV-21,60.14467791939373,10.5904224629784,-61.34891254049052,https://nsearchives.nseindia.com/today/BSLGOLDETFEQN.svg,https://nsearchives.nseindia.com/30d/BSLGOLDETF-EQ.svg,https://nsearchives.nseindia.com/365d/BSLGOLDETF-EQ.svg,EQ
ITBEES,Nifty IT TRI,34.6,34.6,33.71,33.94,-0.13,-0.38,4778867,162051379.97,34.1004,44.27,28.55,-,-,-12.840267077555215,5.403726708074518,34.07,0,-12.51,5.81,20-Aug-2025,21-Jul-2026,-,5.403726708074518,-,-12.840267077555215,23.33408628868309,-18.879159369527134,https://nsearchives.nseindia.com/today/ITBEESEQN.svg,https://nsearchives.nseindia.com/30d/ITBEES-EQ.svg,https://nsearchives.nseindia.com/365d/ITBEES-EQ.svg,EQ
CASHIETF,BSE Liquid Rate Index,1076.45,1076.47,1076.45,1076.47,0.45,0.04,132917,143079833.82,1076.0143,1099.28,1024.28,-,-,5.09528644511267,0.441338384309629,1076.02,0,5.05,0.4,20-Aug-2025,21-Jul-2026,-,0.441338384309629,-,5.09528644511267,2.074994541881954,-5.09528644511267,https://nsearchives.nseindia.com/today/CASHIETFEQN.svg,https://nsearchives.nseindia.com/30d/CASHIETF-EQ.svg,https://nsearchives.nseindia.com/365d/CASHIETF-EQ.svg,EQ
SETFNIF50,Nifty 50,267.75,267.75,261.03,261.6,0.38,0.15,538740,140891284.8,261.1247,287.33,237.9,24-MAR-21, DIVIDEND - RS 1.30 PER SHARE,-2.0481521698431013,0.5457760012299239,261.22,0,-2.19,0.4,20-Aug-2025,21-Jul-2026, DIVIDEND - RS 1.30 PER SHARE,0.5457760012299239,24-MAR-21,-2.0481521698431013,8.95486026520028,-9.96216897856243,https://nsearchives.nseindia.com/today/SETFNIF50EQN.svg,https://nsearchives.nseindia.com/30d/SETFNIF50-EQ.svg,https://nsearchives.nseindia.com/365d/SETFNIF50-EQ.svg,EQ
ITIETF,Nifty IT Index,33.97,34.19,33.7,34.06,0.03,0.09,4052810,138281877.2,34.1217,44.3,28.54,01-SEP-22,FACE VALUE SPLIT (SUB-DIVISION) - FROM RS 10/- PER UNIT TO RE 1/- PER UNIT,-12.306900102986614,5.776397515527948,34.03,0,-12.38,5.68,20-Aug-2025,21-Jul-2026,FACE VALUE SPLIT (SUB-DIVISION) - FROM RS 10/- PER UNIT TO RE 1/- PER UNIT,5.776397515527948,01-SEP-22,-12.306900102986614,23.11512415349886,-19.34127540294325,https://nsearchives.nseindia.com/today/ITIETFEQN.svg,https://nsearchives.nseindia.com/30d/ITIETF-EQ.svg,https://nsearchives.nseindia.com/365d/ITIETF-EQ.svg,EQ
PHARMABEES,Nifty Pharma TRI,27.19,27.39,26.94,27.07,-0.12,-0.44,4657058,125973418.9,27.1675,28.01,21.46,-,-,19.937970757642887,0.7818317200297873,27.19,0,20.47,1.23,20-Aug-2025,21-Jul-2026,-,0.7818317200297873,-,19.937970757642887,3.3559443056051452,-26.141658900279587,https://nsearchives.nseindia.com/today/PHARMABEESEQN.svg,https://nsearchives.nseindia.com/30d/PHARMABEES-EQ.svg,https://nsearchives.nseindia.com/365d/PHARMABEES-EQ.svg,EQ
GOLDBETA,Gold,134.4,134.4,132.05,133.7,2.55,1.94,923226,122909077.38,131.1139,149.35,81.35,25-MAR-21, FACE VALUE SPLIT (SUB-DIVISION) - FROM RS 100/- PER UNIT TO RE 1/- PER UNIT,Infinity,11.602671118530877,131.15,0,0,9.47,,21-Jul-2026, FACE VALUE SPLIT (SUB-DIVISION) - FROM RS 100/- PER UNIT TO RE 1/- PER UNIT,11.602671118530877,25-MAR-21,Infinity,10.478741211918317,-64.35156730178241,https://nsearchives.nseindia.com/today/GOLDBETAEQN.svg,https://nsearchives.nseindia.com/30d/GOLDBETA-EQ.svg,,EQ
MODEFENCE,Nifty India Defence Total Return Index,109.9,109.9,106.33,108.21,0.78,0.73,1083824,117388977.44,107.6734,110.8,77.8,-,-,28.256489273438415,4.500241429261223,107.43,0,27.33,3.75,20-Aug-2025,21-Jul-2026,-,4.500241429261223,-,28.256489273438415,2.3375451263537936,-39.08740359897172,https://nsearchives.nseindia.com/today/MODEFENCEEQN.svg,https://nsearchives.nseindia.com/30d/MODEFENCE-EQ.svg,https://nsearchives.nseindia.com/365d/MODEFENCE-EQ.svg,EQ
MON100,Nasdaq100,330.51,330.51,330,330.51,-0.48,-0.15,346898,114649789,273.3231,342.55,200.21,17-JUN-21, FACE VALUE SPLIT (SUB-DIVISION) - FROM RS 10/- PER SHARE TO RE 1/- PER SHARE,62.42873992529979,2.3853040488212844,330.99,0,62.66,2.53,20-Aug-2025,21-Jul-2026, FACE VALUE SPLIT (SUB-DIVISION) - FROM RS 10/- PER SHARE TO RE 1/- PER SHARE,2.3853040488212844,17-JUN-21,62.42873992529979,3.514815355422572,-65.08166425253482,https://nsearchives.nseindia.com/today/MON100EQN.svg,https://nsearchives.nseindia.com/30d/MON100-EQ.svg,https://nsearchives.nseindia.com/365d/MON100-EQ.svg,EQ
HDFCBSE500,HDFC S&P BSE 500 ETF,37.93,37.97,37.82,37.89,-0.04,-0.11,2920764,110813786.16,37.825,40,32.65,-,-,2.738611713665938,0.7980845969672709,37.93,0,2.85,0.9,20-Aug-2025,21-Jul-2026,-,0.7980845969672709,-,2.738611713665938,5.274999999999999,-16.049004594180712,https://nsearchives.nseindia.com/today/HDFCBSE500EQN.svg,https://nsearchives.nseindia.com/30d/HDFCBSE500-EQ.svg,https://nsearchives.nseindia.com/365d/HDFCBSE500-EQ.svg,EQ
SILVERADD,DSP Silver ETF,232.94,236.15,231.86,234.26,7,3.08,460720,107845337.6,227.5916,390,107.15,28-AUG-26,FACE VALUE SPLIT (SUB-DIVISION) - FROM RS 10/- PER UNIT TO RE 1/- PER UNIT,118.13949157277212,9.528707686553206,227.26,0,111.62,6.26,20-Aug-2025,21-Jul-2026,FACE VALUE SPLIT (SUB-DIVISION) - FROM RS 10/- PER UNIT TO RE 1/- PER UNIT,9.528707686553206,28-AUG-26,118.13949157277212,39.93333333333333,-118.62809146056927,https://nsearchives.nseindia.com/today/SILVERADDEQN.svg,https://nsearchives.nseindia.com/30d/SILVERADD-EQ.svg,https://nsearchives.nseindia.com/365d/SILVERADD-EQ.svg,EQ
MID150BEES,Nifty Midcap 150 TRI,242.8,246.05,241.34,242.49,0.19,0.08,441625,106996905,241.8562,246.05,190.43,-,-,9.018567639257295,1.3457600200610185,242.3,0,8.93,1.27,20-Aug-2025,21-Jul-2026,-,1.3457600200610185,-,9.018567639257295,1.446860394228816,-27.33812949640288,https://nsearchives.nseindia.com/today/MID150BEESEQN.svg,https://nsearchives.nseindia.com/30d/MID150BEES-EQ.svg,https://nsearchives.nseindia.com/365d/MID150BEES-EQ.svg,EQ
SILVERAXIS,Axis Silver ETF,239.8,243.14,238.77,241.62,7.66,3.27,442947,106741368.06,234.541,390.01,110.75,-,-,Infinity,9.588171262699571,233.96,0,0,6.11,,21-Jul-2026,-,9.588171262699571,-,Infinity,38.04774236558037,-118.16704288939052,https://nsearchives.nseindia.com/today/SILVERAXISEQN.svg,https://nsearchives.nseindia.com/30d/SILVERAXIS-EQ.svg,,EQ
NIFTYIETF,Nifty 50,275.22,276.09,274.9,275.5,0.28,0.10,378664,104268919.04,274.8948,328.24,250.4,-,-,-1.9747375911759513,0.6025196275333128,275.22,0,-2.07,0.5,20-Aug-2025,21-Jul-2026,-,0.6025196275333128,-,-1.9747375911759513,16.067511576894958,-10.02396166134185,https://nsearchives.nseindia.com/today/NIFTYIETFEQN.svg,https://nsearchives.nseindia.com/30d/NIFTYIETF-EQ.svg,https://nsearchives.nseindia.com/365d/NIFTYIETF-EQ.svg,EQ
LIQUIDETF,Nifty1D rate index,999.99,1000.01,999.99,999.99,0,0.00,93777,93777000,1000,1025,995,-,-,0,0,999.99,0,0,0,20-Aug-2025,21-Jul-2026,-,0,-,0,2.439999999999999,-0.5015075376884431,https://nsearchives.nseindia.com/today/LIQUIDETFEQN.svg,https://nsearchives.nseindia.com/30d/LIQUIDETF-EQ.svg,https://nsearchives.nseindia.com/365d/LIQUIDETF-EQ.svg,EQ
METALIETF,Nifty Metal Index,13.35,13.35,13.14,13.23,0.12,0.92,6530112,86393381.76,13.141,14.17,9.18,-,-,39.116719242902214,4.009433962264149,13.11,0,37.85,3.07,20-Aug-2025,21-Jul-2026,-,4.009433962264149,-,39.116719242902214,6.633733239237823,-44.117647058823536,https://nsearchives.nseindia.com/today/METALIETFEQN.svg,https://nsearchives.nseindia.com/30d/METALIETF-EQ.svg,https://nsearchives.nseindia.com/365d/METALIETF-EQ.svg,EQ
ESILVER,Edelweiss Silver ETF,237.5,243.91,237.5,243.79,8.5,3.61,333584,81204353.12,235.5907,375,111.7,-,-,117.72796284719121,10.048300455920188,235.29,0,110.14,6.21,20-Aug-2025,21-Jul-2026,-,10.048300455920188,-,117.72796284719121,34.989333333333335,-118.25425246195164,https://nsearchives.nseindia.com/today/ESILVEREQN.svg,https://nsearchives.nseindia.com/30d/ESILVER-EQ.svg,https://nsearchives.nseindia.com/365d/ESILVER-EQ.svg,EQ
BANKETF,Mirae Asset Nifty Bank ETF,601.3,601.3,586.33,588.95,2.31,0.39,136398,80315234.34,586.7004,628.27,507.01,-,-,4.069479785128656,-0.08821483705701423,586.64,0,3.66,-0.48,20-Aug-2025,21-Jul-2026,-,-0.08821483705701423,-,4.069479785128656,6.258455759466462,-16.16141693457724,https://nsearchives.nseindia.com/today/BANKETFEQN.svg,https://nsearchives.nseindia.com/30d/BANKETF-EQ.svg,https://nsearchives.nseindia.com/365d/BANKETF-EQ.svg,EQ
GROWWSLVR,Commodity-Silver,23.59,23.97,23.55,23.84,0.77,3.34,3378165,80163855.45,23.1269,36.3,10.98,06-FEB-26,FACE VALUE SPLIT (SUB-DIVISION) - FROM RS 10/- PER UNIT TO RE 1/- PER UNIT,-78.35482113673507,9.659613615455388,23.07,0,-79.05,6.12,20-Aug-2025,21-Jul-2026,FACE VALUE SPLIT (SUB-DIVISION) - FROM RS 10/- PER UNIT TO RE 1/- PER UNIT,9.659613615455388,06-FEB-26,-78.35482113673507,34.32506887052341,-117.12204007285975,https://nsearchives.nseindia.com/today/GROWWSLVREQN.svg,https://nsearchives.nseindia.com/30d/GROWWSLVR-EQ.svg,https://nsearchives.nseindia.com/365d/GROWWSLVR-EQ.svg,EQ
LIQUID,Mirae Asset Nifty 1D Rate Liquid ETF,1000,1000,999.99,1000,0.01,0.00,78873,78872211.27,1000,1024.98,974.99,-,-,0.0010000100000990915,0.0010000100000990915,999.99,0,0,0,20-Aug-2025,21-Jul-2026,-,0.0010000100000990915,-,0.0010000100000990915,2.4371207243068174,-2.565154514405275,https://nsearchives.nseindia.com/today/LIQUIDEQN.svg,https://nsearchives.nseindia.com/30d/LIQUID-EQ.svg,https://nsearchives.nseindia.com/365d/LIQUID-EQ.svg,EQ
NEXT50IETF,Nifty Next 50,78.73,78.73,78,78.18,-0.2,-0.26,1008612,78863372.28,78.351,80.38,62.6,15-NOV-18, FACE VALUE SPLIT (SUB-DIVISION) - FROM RS 10/- PER SHARE TO RS 1/- PER SHARE,9.327366801845898,2.142670499085446,78.38,0,9.61,2.4,20-Aug-2025,21-Jul-2026, FACE VALUE SPLIT (SUB-DIVISION) - FROM RS 10/- PER SHARE TO RS 1/- PER SHARE,2.142670499085446,15-NOV-18,9.327366801845898,2.736999253545644,-24.888178913738027,https://nsearchives.nseindia.com/today/NEXT50IETFEQN.svg,https://nsearchives.nseindia.com/30d/NEXT50IETF-EQ.svg,https://nsearchives.nseindia.com/365d/NEXT50IETF-EQ.svg,EQ
FMCGIETF,Nifty FMCG Index,51.56,51.68,51.05,51.26,-0.3,-0.58,1512133,77375845.61,51.462,62.3,48.55,10-MAY-24,FACE VALUE SPLIT (SUB-DIVISION) - FROM RS 10/- PER SHARE TO RE 1/- PER SHARE,-15.062137531068771,-2.2501906941266205,51.56,0,-14.57,-1.68,20-Aug-2025,21-Jul-2026,FACE VALUE SPLIT (SUB-DIVISION) - FROM RS 10/- PER SHARE TO RE 1/- PER SHARE,-2.2501906941266205,10-MAY-24,-15.062137531068771,17.720706260032102,-5.581874356333679,https://nsearchives.nseindia.com/today/FMCGIETFEQN.svg,https://nsearchives.nseindia.com/30d/FMCGIETF-EQ.svg,https://nsearchives.nseindia.com/365d/FMCGIETF-EQ.svg,EQ
SILVERAG,Mirae Asset Silver ETF,234.01,238.28,233.92,236.55,6.9,3.00,324538,76636403.32,229.6685,380,108.5,-,-,Infinity,9.620464340330885,229.65,0,0,6.42,,21-Jul-2026,-,9.620464340330885,-,Infinity,37.74999999999999,-118.01843317972352,https://nsearchives.nseindia.com/today/SILVERAGEQN.svg,https://nsearchives.nseindia.com/30d/SILVERAG-EQ.svg,,EQ
CPSEETF,CPSE ETF,93,94.75,93,94.44,0.9,0.96,810704,76449387.2,93.5099,112,85.67,-,-,4.538410449413321,-2.3573200992555843,93.54,0,3.54,-3.29,20-Aug-2025,21-Jul-2026,-,-2.3573200992555843,-,4.538410449413321,15.67857142857143,-10.23695576047624,https://nsearchives.nseindia.com/today/CPSEETFEQN.svg,https://nsearchives.nseindia.com/30d/CPSEETF-EQ.svg,https://nsearchives.nseindia.com/365d/CPSEETF-EQ.svg,EQ
PSUBNKBEES,Nifty PSU Bank,95.53,97.48,95.53,96,-0.28,-0.29,779941,74905533.64,96.2884,110.4,74.31,19-DEC-19, FACE VALUE SPLIT (SUB-DIVISION) - FROM RS 10/- TO RS 1/-,21.227427705518377,0.597296447657962,96.28,0,21.58,0.89,20-Aug-2025,21-Jul-2026, FACE VALUE SPLIT (SUB-DIVISION) - FROM RS 10/- TO RS 1/-,0.597296447657962,19-DEC-19,21.227427705518377,13.043478260869568,-29.188534517561564,https://nsearchives.nseindia.com/today/PSUBNKBEESEQN.svg,https://nsearchives.nseindia.com/30d/PSUBNKBEES-EQ.svg,https://nsearchives.nseindia.com/365d/PSUBNKBEES-EQ.svg,EQ
NIFTY1,Nifty 50,269.27,272,268.76,269.66,0.39,0.14,241331,65065250.91,269.1511,320,244.8,27-JUL-17, FACE VALUE SPLIT (SUB-DIVISION) - FROM RS 10/- PER SHARE TO RS 1/- PER SHARE,-1.9418181818181728,0.5218817565048961,269.27,0,-2.08,0.38,20-Aug-2025,21-Jul-2026, FACE VALUE SPLIT (SUB-DIVISION) - FROM RS 10/- PER SHARE TO RS 1/- PER SHARE,0.5218817565048961,27-JUL-17,-1.9418181818181728,15.731249999999992,-10.15522875816994,https://nsearchives.nseindia.com/today/NIFTY1EQN.svg,https://nsearchives.nseindia.com/30d/NIFTY1-EQ.svg,https://nsearchives.nseindia.com/365d/NIFTY1-EQ.svg,EQ
HDFCNIFTY,Nifty 50,273.58,274.97,272.52,273,-0.58,-0.21,235622,64501522.5,273.3136,301.88,247.56,17-FEB-21, FACE VALUE SPLIT (SUB-DIVISION) - FROM RS 761.25/- PER UNIT TO RS 76.125/- PER UNIT,-2.2906227630637,0.22762317350760136,273.58,0,-2.08,0.44,20-Aug-2025,21-Jul-2026, FACE VALUE SPLIT (SUB-DIVISION) - FROM RS 761.25/- PER UNIT TO RS 76.125/- PER UNIT,0.22762317350760136,17-FEB-21,-2.2906227630637,9.566715251093148,-10.276296655356278,https://nsearchives.nseindia.com/today/HDFCNIFTYEQN.svg,https://nsearchives.nseindia.com/30d/HDFCNIFTY-EQ.svg,https://nsearchives.nseindia.com/365d/HDFCNIFTY-EQ.svg,EQ
MIDCAPETF,Mirae Asset Mutual Fund - Mirae Asset Nifty Midcap 150 ETF,23.74,24.2,23.74,23.95,0,0.00,2636491,63117594.54,23.9236,24.57,19.6,-,-,9.21112631098951,1.2684989429175506,23.95,0,9.21,1.27,20-Aug-2025,21-Jul-2026,-,1.2684989429175506,-,9.21112631098951,2.5234025234025275,-22.193877551020396,https://nsearchives.nseindia.com/today/MIDCAPETFEQN.svg,https://nsearchives.nseindia.com/30d/MIDCAPETF-EQ.svg,https://nsearchives.nseindia.com/365d/MIDCAPETF-EQ.svg,EQ
GROWWPOWER,BSE Power Index - TRI,11.38,11.55,11.3,11.39,0.05,0.44,5275676,60089949.64,11.2875,13.2,7.75,-,-,14.587525150905444,-4.0438079191238305,11.34,0,14.08,-4.47,20-Aug-2025,21-Jul-2026,-,-4.0438079191238305,-,14.587525150905444,13.712121212121204,-46.96774193548388,https://nsearchives.nseindia.com/today/GROWWPOWEREQN.svg,https://nsearchives.nseindia.com/30d/GROWWPOWER-EQ.svg,https://nsearchives.nseindia.com/365d/GROWWPOWER-EQ.svg,EQ
SMALLCAP,Mirae Asset Nifty Smallcap 250 Momentum Quality 100 ETF,48.71,49.01,48.66,48.8,0.19,0.39,1136598,55568276.22,48.5525,54.5,37.34,-,-,7.017543859649113,2.241776660381312,48.61,0,6.6,1.84,20-Aug-2025,21-Jul-2026,-,2.241776660381312,-,7.017543859649113,10.45871559633028,-30.690948044991945,https://nsearchives.nseindia.com/today/SMALLCAPEQN.svg,https://nsearchives.nseindia.com/30d/SMALLCAP-EQ.svg,https://nsearchives.nseindia.com/365d/SMALLCAP-EQ.svg,EQ
PVTBANIETF,Nifty Private Bank Index,27.81,27.96,27.76,27.94,0.24,0.87,1803482,50317147.8,27.7781,30.32,24.18,01-MAR-24,FACE VALUE SPLIT (SUB-DIVISION) - FROM RS 10/- PER SHARE TO RE 1/- PER SHARE,2.8718703976435975,-0.6047669868374178,27.7,0,1.99,-1.46,20-Aug-2025,21-Jul-2026,FACE VALUE SPLIT (SUB-DIVISION) - FROM RS 10/- PER SHARE TO RE 1/- PER SHARE,-0.6047669868374178,01-MAR-24,2.8718703976435975,7.84960422163588,-15.550041356492976,https://nsearchives.nseindia.com/today/PVTBANIETFEQN.svg,https://nsearchives.nseindia.com/30d/PVTBANIETF-EQ.svg,https://nsearchives.nseindia.com/365d/PVTBANIETF-EQ.svg,EQ
MOCAPITAL,Nifty Capital Market Total Return Index,54.97,54.97,54.08,54.46,0.32,0.59,891240,48510193.2,54.2669,57.25,41.15,-,-,20.03526559400486,0.44264109184803024,54.14,0,19.33,-0.15,20-Aug-2025,21-Jul-2026,-,0.44264109184803024,-,20.03526559400486,4.873362445414845,-32.34507897934387,https://nsearchives.nseindia.com/today/MOCAPITALEQN.svg,https://nsearchives.nseindia.com/30d/MOCAPITAL-EQ.svg,https://nsearchives.nseindia.com/365d/MOCAPITAL-EQ.svg,EQ
GROWWLIQID,Nifty 1D Rate Index,109.31,110.46,109.31,110.46,0.05,0.05,424990,46940145.5,110.4145,110.9,102.89,-,-,4.8305969441017265,0.42731157377943346,110.41,0,4.78,0.38,20-Aug-2025,21-Jul-2026,-,0.42731157377943346,-,4.8305969441017265,0.39675383228134525,-7.357371950626876,https://nsearchives.nseindia.com/today/GROWWLIQIDEQN.svg,https://nsearchives.nseindia.com/30d/GROWWLIQID-EQ.svg,https://nsearchives.nseindia.com/365d/GROWWLIQID-EQ.svg,EQ
GROWWGOLD,Commodity,15.33,15.57,15.32,15.54,0.33,2.17,3027646,46746854.24,15.211,18,9.67,06-FEB-26,FACE VALUE SPLIT (SUB-DIVISION) - FROM RS 10/- PER UNIT TO RE 1/- PER UNIT,-83.99917627677101,11.798561151079129,15.21,0,-84.34,9.42,20-Aug-2025,21-Jul-2026,FACE VALUE SPLIT (SUB-DIVISION) - FROM RS 10/- PER UNIT TO RE 1/- PER UNIT,11.798561151079129,06-FEB-26,-83.99917627677101,13.666666666666671,-60.703205791106505,https://nsearchives.nseindia.com/today/GROWWGOLDEQN.svg,https://nsearchives.nseindia.com/30d/GROWWGOLD-EQ.svg,https://nsearchives.nseindia.com/365d/GROWWGOLD-EQ.svg,EQ
ALPHA,NIFTY Alpha 50 Index,54,54.25,53.86,54.25,0.41,0.76,859170,46412363.4,53.7715,54.64,42,-,-,9.220857660559691,4.1466692263390215,53.84,0,8.4,3.36,20-Aug-2025,21-Jul-2026,-,4.1466692263390215,-,9.220857660559691,0.7137628111273803,-29.166666666666668,https://nsearchives.nseindia.com/today/ALPHAEQN.svg,https://nsearchives.nseindia.com/30d/ALPHA-EQ.svg,https://nsearchives.nseindia.com/365d/ALPHA-EQ.svg,EQ
SBILIQETF,Nifty 1D Rate Index,1052.96,1052.96,1052.94,1052.96,0.43,0.04,42131,44361415.14,1052.5274,1087.09,984.99,-,-,5.0900235538344845,0.43973863690562576,1052.53,0,5.05,0.4,20-Aug-2025,21-Jul-2026,-,0.43973863690562576,-,5.0900235538344845,3.13957446025627,-6.900577670839301,https://nsearchives.nseindia.com/today/SBILIQETFEQN.svg,https://nsearchives.nseindia.com/30d/SBILIQETF-EQ.svg,https://nsearchives.nseindia.com/365d/SBILIQETF-EQ.svg,EQ
AUTOBEES,Nifty Auto TRI,303.78,304.26,301,301.9,-1.87,-0.62,144898,43741808.24,303.3229,310.45,242.5,-,-,15.303823091318792,7.246891651865001,303.77,0,16.02,7.91,20-Aug-2025,21-Jul-2026,-,7.246891651865001,-,15.303823091318792,2.7540666774037725,-24.494845360824733,https://nsearchives.nseindia.com/today/AUTOBEESEQN.svg,https://nsearchives.nseindia.com/30d/AUTOBEES-EQ.svg,https://nsearchives.nseindia.com/365d/AUTOBEES-EQ.svg,EQ
EBBETF0430,Nifty BHARAT Bond,1610.8,1615,1605.38,1610.55,-0.24,-0.01,27172,43721106.6,1611.4433,1646.18,1232,-,-,5.428015946269702,0.2783173939031697,1610.79,0,5.44,0.29,20-Aug-2025,21-Jul-2026,-,0.2783173939031697,-,5.428015946269702,2.1644048645956158,-30.726461038961034,https://nsearchives.nseindia.com/today/EBBETF0430EQN.svg,https://nsearchives.nseindia.com/30d/EBBETF0430-EQ.svg,https://nsearchives.nseindia.com/365d/EBBETF0430-EQ.svg,EQ
MOREALTY,Motilal Oswal Nifty Realty ETF,91.19,92.15,90.89,91.3,0.11,0.12,457051,41742467.83,91.0938,99.49,64,-,-,-0.24038461538461414,-1.233232366940719,91.19,0,-0.36,-1.35,20-Aug-2025,21-Jul-2026,-,-1.233232366940719,-,-0.24038461538461414,8.23198311388079,-42.65624999999999,https://nsearchives.nseindia.com/today/MOREALTYEQN.svg,https://nsearchives.nseindia.com/30d/MOREALTY-EQ.svg,https://nsearchives.nseindia.com/365d/MOREALTY-EQ.svg,EQ
HNGSNGBEES,Hang Seng Index,481.33,486.14,480.55,482.51,1.18,0.25,77014,37167726.54,464.8026,579.92,436.94,19-DEC-19, FACE VALUE SPLIT (SUB-DIVISION) - FROM RS 10/- TO RS 1/-,9.36310063463282,-0.1737871107892897,481.33,0,9.1,-0.42,20-Aug-2025,21-Jul-2026, FACE VALUE SPLIT (SUB-DIVISION) - FROM RS 10/- TO RS 1/-,-0.1737871107892897,19-DEC-19,9.36310063463282,16.79714443371499,-10.42934956744633,https://nsearchives.nseindia.com/today/HNGSNGBEESEQN.svg,https://nsearchives.nseindia.com/30d/HNGSNGBEES-EQ.svg,https://nsearchives.nseindia.com/365d/HNGSNGBEES-EQ.svg,EQ
ALPL30IETF,Nifty Alpha Low-Volatility 30 Index,28.23,28.24,28.02,28.15,-0.08,-0.28,1230492,34502995.68,28.2083,29.17,24.35,10-MAY-24,FACE VALUE SPLIT (SUB-DIVISION) - FROM RS 10/- PER SHARE TO RE 1/- PER SHARE,2.289244186046508,0.35650623885917243,28.23,0,2.58,0.64,20-Aug-2025,21-Jul-2026,FACE VALUE SPLIT (SUB-DIVISION) - FROM RS 10/- PER SHARE TO RE 1/- PER SHARE,0.35650623885917243,10-MAY-24,2.289244186046508,3.496743229345228,-15.605749486652964,https://nsearchives.nseindia.com/today/ALPL30IETFEQN.svg,https://nsearchives.nseindia.com/30d/ALPL30IETF-EQ.svg,https://nsearchives.nseindia.com/365d/ALPL30IETF-EQ.svg,EQ
HEALTHIETF,Nifty Healthcare Index,169.36,169.89,167.5,168.5,-0.78,-0.46,193589,32563605.69,169.0538,174.82,138.65,-,-,13.102429856356565,-0.9464464170242863,169.28,0,13.63,-0.49,20-Aug-2025,21-Jul-2026,-,-0.9464464170242863,-,13.102429856356565,3.6151470083514434,-21.529029931482146,https://nsearchives.nseindia.com/today/HEALTHIETFEQN.svg,https://nsearchives.nseindia.com/30d/HEALTHIETF-EQ.svg,https://nsearchives.nseindia.com/365d/HEALTHIETF-EQ.svg,EQ
HSBCGOLD,Commodity,136,139.8,135.63,138.1,2.47,1.82,233928,32324171.04,135.4522,146.4,119.1,-,-,Infinity,11.379949995967417,135.63,0,0,9.39,,21-Jul-2026,-,11.379949995967417,-,Infinity,5.669398907103833,-15.952980688497062,https://nsearchives.nseindia.com/today/HSBCGOLDEQN.svg,https://nsearchives.nseindia.com/30d/HSBCGOLD-EQ.svg,,EQ
CONSUMER,Nifty India New AgeConsumption,12.36,12.37,12.27,12.27,-0.04,-0.32,2611053,32063730.84,12.3214,12.87,9.69,-,-,0.5737704918032811,3.8071065989847654,12.31,0,0.9,4.15,20-Aug-2025,21-Jul-2026,-,3.8071065989847654,-,0.5737704918032811,4.66200466200466,-26.625386996904027,https://nsearchives.nseindia.com/today/CONSUMEREQN.svg,https://nsearchives.nseindia.com/30d/CONSUMER-EQ.svg,https://nsearchives.nseindia.com/365d/CONSUMER-EQ.svg,EQ
METAL,Nifty Metal Total Return Index,13.47,13.47,13.01,13.3,0.15,1.14,2406468,31957895.04,13.1878,13.97,8.7,-,-,39.70588235294119,4.3956043956043995,13.15,0,38.13,3.22,20-Aug-2025,21-Jul-2026,-,4.3956043956043995,-,39.70588235294119,4.795991410164638,-52.87356321839082,https://nsearchives.nseindia.com/today/METALEQN.svg,https://nsearchives.nseindia.com/30d/METAL-EQ.svg,https://nsearchives.nseindia.com/365d/METAL-EQ.svg,EQ
LICMFGOLD,Gold,140.15,143.35,140.15,142.5,2.9,2.08,223719,31810604.61,,162,89.07,06-MAR-26,FACE VALUE SPLIT (SUB-DIVISION) - FROM RS 100/- PER SHARE TO RE 1/- PER SHARE,-98.40796353398578,10.981308411214949,139.6,0,-98.44,8.72,20-Aug-2025,21-Jul-2026,FACE VALUE SPLIT (SUB-DIVISION) - FROM RS 100/- PER SHARE TO RE 1/- PER SHARE,10.981308411214949,06-MAR-26,-98.40796353398578,12.037037037037036,-59.98652745031999,https://nsearchives.nseindia.com/today/LICMFGOLDEQN.svg,https://nsearchives.nseindia.com/30d/LICMFGOLD-EQ.svg,https://nsearchives.nseindia.com/365d/LICMFGOLD-EQ.svg,EQ
LTGILTBEES,NIFTY 8-13 yr G-Sec Index,29.98,30.05,29.92,29.99,0.01,0.03,1039938,31177341.24,29.9579,30.48,27.93,-,-,4.531195538515152,0.10013351134845655,29.98,0,4.5,0.07,20-Aug-2025,21-Jul-2026,-,0.10013351134845655,-,4.531195538515152,1.6076115485564368,-7.375581811672033,https://nsearchives.nseindia.com/today/LTGILTBEESEQN.svg,https://nsearchives.nseindia.com/30d/LTGILTBEES-EQ.svg,https://nsearchives.nseindia.com/365d/LTGILTBEES-EQ.svg,EQ
GROWWRAIL,Nifty India Railways PSU Index,28.97,29.08,28.66,28.86,0.04,0.14,1021163,29460552.55,28.8568,36.75,27.8,-,-,-17.84799316823229,-0.4140786749482436,28.82,0,-17.96,-0.55,20-Aug-2025,21-Jul-2026,-,-0.4140786749482436,-,-17.84799316823229,21.46938775510204,-3.812949640287765,https://nsearchives.nseindia.com/today/GROWWRAILEQN.svg,https://nsearchives.nseindia.com/30d/GROWWRAIL-EQ.svg,https://nsearchives.nseindia.com/365d/GROWWRAIL-EQ.svg,EQ
QGOLDHALF,Gold,130.01,132.22,130.01,131.75,1.68,1.29,216663,28467351.57,129.09,149.69,80.09,16-DEC-21, FACE VALUE SPLIT (SUB-DIVISION) - FROM RS 100 PER SHARE TO RS 2 PER SHARE,60.984848484848484,11.680935831143511,130.07,0,58.93,10.26,20-Aug-2025,21-Jul-2026, FACE VALUE SPLIT (SUB-DIVISION) - FROM RS 100 PER SHARE TO RS 2 PER SHARE,11.680935831143511,16-DEC-21,60.984848484848484,11.984768521611329,-64.50243476089399,https://nsearchives.nseindia.com/today/QGOLDHALFEQN.svg,https://nsearchives.nseindia.com/30d/QGOLDHALF-EQ.svg,https://nsearchives.nseindia.com/365d/QGOLDHALF-EQ.svg,EQ
MONIFTY500,Motilal Oswal Nifty 500 ETF,24.67,24.67,23.88,23.98,-0.09,-0.37,1129670,27089486.6,24.0652,28.28,20.75,-,-,1.524132091447923,0.7139857202856015,24.07,0,1.91,1.09,20-Aug-2025,21-Jul-2026,-,0.7139857202856015,-,1.524132091447923,15.205091937765207,-15.566265060240967,https://nsearchives.nseindia.com/today/MONIFTY500EQN.svg,https://nsearchives.nseindia.com/30d/MONIFTY500-EQ.svg,https://nsearchives.nseindia.com/365d/MONIFTY500-EQ.svg,EQ
DEFENCE,BSE India Defence,82.72,83.35,82.1,82.5,0.19,0.23,324854,26878419.96,82.1746,85.6,58.91,-,-,Infinity,4.65558797412153,82.31,0,0,4.41,,21-Jul-2026,-,4.65558797412153,-,Infinity,3.621495327102797,-40.044135121371596,https://nsearchives.nseindia.com/today/DEFENCEEQN.svg,https://nsearchives.nseindia.com/30d/DEFENCE-EQ.svg,,EQ
NEXT50,Nifty Next 50,765.81,766.47,761.66,763.7,-2.11,-0.28,34979,26723956,766.5878,785.96,617,-,-,9.461222032707933,1.9585330360599806,765.81,0,9.76,2.24,20-Aug-2025,21-Jul-2026,-,1.9585330360599806,-,9.461222032707933,2.8322052012825067,-23.776337115072938,https://nsearchives.nseindia.com/today/NEXT50EQN.svg,https://nsearchives.nseindia.com/30d/NEXT50-EQ.svg,https://nsearchives.nseindia.com/365d/NEXT50-EQ.svg,EQ
GROWWHOSPI,BSE Hospitals Index,52.16,52.16,51.55,51.85,-0.03,-0.06,427242,22101228.66,51.7791,62,43.35,-,-,Infinity,-4.388714733542312,51.88,0,0,-4.33,,21-Jul-2026,-,-4.388714733542312,-,Infinity,16.37096774193548,-19.6078431372549,https://nsearchives.nseindia.com/today/GROWWHOSPIEQN.svg,https://nsearchives.nseindia.com/30d/GROWWHOSPI-EQ.svg,,EQ
GROWWDEFNC,Nifty India Defence Index- Total Return Index,98.88,99.19,97.78,98.1,0.19,0.19,221997,21853384.68,97.8945,102.07,71.78,-,-,27.568270481144328,4.007633587786261,97.91,0,27.32,3.81,20-Aug-2025,21-Jul-2026,-,4.007633587786261,-,27.568270481144328,3.8894876065445274,-36.66759543048202,https://nsearchives.nseindia.com/today/GROWWDEFNCEQN.svg,https://nsearchives.nseindia.com/30d/GROWWDEFNC-EQ.svg,https://nsearchives.nseindia.com/365d/GROWWDEFNC-EQ.svg,EQ
OILIETF,Nifty Oil & Gas Index,11.37,11.38,11.31,11.35,-0.02,-0.18,1880493,21324790.62,11.3527,14,9.8,-,-,0.08818342151675297,-0.9598603839441641,11.37,0,0.26,-0.79,20-Aug-2025,21-Jul-2026,-,-0.9598603839441641,-,0.08818342151675297,18.928571428571434,-15.816326530612232,https://nsearchives.nseindia.com/today/OILIETFEQN.svg,https://nsearchives.nseindia.com/30d/OILIETF-EQ.svg,https://nsearchives.nseindia.com/365d/OILIETF-EQ.svg,EQ
ENERGY,Nifty Energy,38.47,38.65,38.36,38.5,0.15,0.39,552402,21250904.94,38.381,42.82,29,-,-,Infinity,-3.0958973068210343,38.35,0,0,-3.47,,21-Jul-2026,-,-3.0958973068210343,-,Infinity,10.088743577767397,-32.758620689655174,https://nsearchives.nseindia.com/today/ENERGYEQN.svg,https://nsearchives.nseindia.com/30d/ENERGY-EQ.svg,,EQ
GROWWEV,Nifty EV and New Age Automotive Index,33.84,33.84,33.37,33.58,-0.26,-0.77,633364,21224027.64,33.8092,34.64,26.2,-,-,11.008264462809912,5.4648241206030095,33.84,0,11.87,6.28,20-Aug-2025,21-Jul-2026,-,5.4648241206030095,-,11.008264462809912,3.06004618937645,-28.167938931297705,https://nsearchives.nseindia.com/today/GROWWEVEQN.svg,https://nsearchives.nseindia.com/30d/GROWWEV-EQ.svg,https://nsearchives.nseindia.com/365d/GROWWEV-EQ.svg,EQ
INFRAIETF,ICICI Prudential Nifty Infrastructure ETF,96.48,96.54,95.85,96.12,-0.36,-0.37,218876,21033983.6,96.2949,101,86.8,-,-,2.027385627852681,-0.9276437847866332,96.48,0,2.41,-0.56,20-Aug-2025,21-Jul-2026,-,-0.9276437847866332,-,2.027385627852681,4.831683168316827,-10.7373271889401,https://nsearchives.nseindia.com/today/INFRAIETFEQN.svg,https://nsearchives.nseindia.com/30d/INFRAIETF-EQ.svg,https://nsearchives.nseindia.com/365d/INFRAIETF-EQ.svg,EQ
TOP10ADD,Nifty Top 10 Equal Weight Index,88.05,88.29,87.7,87.7,-0.29,-0.33,221482,19497060.46,88.0042,103.04,83.05,-,-,-8.263598326359824,0.25148605395518847,87.99,0,-7.96,0.58,20-Aug-2025,21-Jul-2026,-,0.25148605395518847,-,-8.263598326359824,14.88742236024845,-5.599036724864546,https://nsearchives.nseindia.com/today/TOP10ADDEQN.svg,https://nsearchives.nseindia.com/30d/TOP10ADD-EQ.svg,https://nsearchives.nseindia.com/365d/TOP10ADD-EQ.svg,EQ
MIDCAPIETF,Nifty Midcap 150,24.87,24.87,24.17,24.23,-0.04,-0.16,778501,18878649.25,24.2147,24.88,19.89,10-MAY-24,FACE VALUE SPLIT (SUB-DIVISION) - FROM RS 10/- PER SHARE TO RE 1/- PER SHARE,8.947841726618714,1.2113617376775234,24.27,0,9.13,1.38,20-Aug-2025,21-Jul-2026,FACE VALUE SPLIT (SUB-DIVISION) - FROM RS 10/- PER SHARE TO RE 1/- PER SHARE,1.2113617376775234,10-MAY-24,8.947841726618714,2.6125401929260392,-21.820010055304174,https://nsearchives.nseindia.com/today/MIDCAPIETFEQN.svg,https://nsearchives.nseindia.com/30d/MIDCAPIETF-EQ.svg,https://nsearchives.nseindia.com/365d/MIDCAPIETF-EQ.svg,EQ
MOSILVER,Domestic Price of Physical Silver,235,241.84,235,239.9,7.47,3.21,78649,18838008.48,233.1909,385,112.32,-,-,111.94451806696705,9.573399104777568,232.43,0,105.34,6.16,20-Aug-2025,21-Jul-2026,-,9.573399104777568,-,111.94451806696705,37.688311688311686,-113.58618233618236,https://nsearchives.nseindia.com/today/MOSILVEREQN.svg,https://nsearchives.nseindia.com/30d/MOSILVER-EQ.svg,https://nsearchives.nseindia.com/365d/MOSILVER-EQ.svg,EQ
MOM30IETF,ICICI Prudential Nifty 200 Momentum 30 ETF,31.46,31.58,31.4,31.46,0.03,0.10,596523,18772578.81,31.4543,32.9,26,12-AUG-22,ADDITONAL ISSUANCE 9:1,0.5754475703324798,0.7687379884689366,31.43,0,0.48,0.67,20-Aug-2025,21-Jul-2026,ADDITONAL ISSUANCE 9:1,0.7687379884689366,12-AUG-22,0.5754475703324798,4.376899696048626,-21.000000000000004,https://nsearchives.nseindia.com/today/MOM30IETFEQN.svg,https://nsearchives.nseindia.com/30d/MOM30IETF-EQ.svg,https://nsearchives.nseindia.com/365d/MOM30IETF-EQ.svg,EQ
SML100CASE,Nifty Smallcap 100 Index,11.36,11.4,11.31,11.4,0.09,0.80,1556919,17686599.84,11.2805,11.74,8.5,-,-,Infinity,3.5422343324250734,11.31,0,0,2.72,,21-Jul-2026,-,3.5422343324250734,-,Infinity,2.896081771720612,-34.117647058823536,https://nsearchives.nseindia.com/today/SML100CASEEQN.svg,https://nsearchives.nseindia.com/30d/SML100CASE-EQ.svg,,EQ
AONEGOLD,Domestic price of Gold,14.83,14.84,14.59,14.81,0.27,1.86,1189568,17546128,14.5444,17.73,10,-,-,Infinity,11.521084337349407,14.54,0,0,9.49,,21-Jul-2026,-,11.521084337349407,-,Infinity,16.4692611393119,-48.10000000000001,https://nsearchives.nseindia.com/today/AONEGOLDEQN.svg,https://nsearchives.nseindia.com/30d/AONEGOLD-EQ.svg,,EQ
ICICIB22,S&P BSE BHARAT 22 index,115.15,115.86,115.04,115.29,0.27,0.23,149389,17236502.82,115.1533,131,103.6,-,-,7.017543859649125,-0.8854883081155321,115.02,0,6.77,-1.12,20-Aug-2025,21-Jul-2026,-,-0.8854883081155321,-,7.017543859649125,11.992366412213736,-11.283783783783795,https://nsearchives.nseindia.com/today/ICICIB22EQN.svg,https://nsearchives.nseindia.com/30d/ICICIB22-EQ.svg,https://nsearchives.nseindia.com/365d/ICICIB22-EQ.svg,EQ
HDFCLIQUID,HDFC Nifty 1D Rate Liquid ETF,1074.86,1074.88,1074.86,1074.88,0.45,0.04,15825,17009817.75,,1079.4,1009.91,28-FEB-25,CHANGE IN FUNDAMENTAL ATTRIBUTE OF HDFC NIFTY 1D RATE LIQUID ETF,4.953375970316849,0.43823993870247846,1074.43,0,4.91,0.4,20-Aug-2025,21-Jul-2026,CHANGE IN FUNDAMENTAL ATTRIBUTE OF HDFC NIFTY 1D RATE LIQUID ETF,0.43823993870247846,28-FEB-25,4.953375970316849,0.41875115805076724,-6.433246526918255,https://nsearchives.nseindia.com/today/HDFCLIQUIDEQN.svg,https://nsearchives.nseindia.com/30d/HDFCLIQUID-EQ.svg,https://nsearchives.nseindia.com/365d/HDFCLIQUID-EQ.svg,EQ
EGOLD,Edelweiss Gold ETF,156.6,158.9,156.6,158.85,3.05,1.96,102457,16183083.15,155.5931,184.95,98.8,-,-,59.96978851963746,11.591148577449948,155.8,0,56.9,9.45,20-Aug-2025,21-Jul-2026,-,11.591148577449948,-,59.96978851963746,14.11192214111922,-60.77935222672065,https://nsearchives.nseindia.com/today/EGOLDEQN.svg,https://nsearchives.nseindia.com/30d/EGOLD-EQ.svg,https://nsearchives.nseindia.com/365d/EGOLD-EQ.svg,EQ
SENSEXIETF,SENSEX,893.4,896,890.5,896,5.86,0.66,17676,15797394.72,892.3707,999.84,731,-,-,-3.829641078481877,0.7318800661052952,890.14,0,-4.46,0.07,20-Aug-2025,21-Jul-2026,-,0.7318800661052952,-,-3.829641078481877,10.385661705872943,-22.571819425444595,https://nsearchives.nseindia.com/today/SENSEXIETFEQN.svg,https://nsearchives.nseindia.com/30d/SENSEXIETF-EQ.svg,https://nsearchives.nseindia.com/365d/SENSEXIETF-EQ.svg,EQ
BSLNIFTY,Nifty 50,28.8,28.8,28.2,28.69,0.21,0.74,542887,15466850.63,28.4333,33,25.7,25-NOV-21, FACE VALUE SPLIT (SUB-DIVISION) - FROM RS 10/- PER SHARE TO RE 1/- PER SHARE,-1.137146795313571,1.2350035285815153,28.48,0,-1.86,0.49,20-Aug-2025,21-Jul-2026, FACE VALUE SPLIT (SUB-DIVISION) - FROM RS 10/- PER SHARE TO RE 1/- PER SHARE,1.2350035285815153,25-NOV-21,-1.137146795313571,13.060606060606057,-11.634241245136195,https://nsearchives.nseindia.com/today/BSLNIFTYEQN.svg,https://nsearchives.nseindia.com/30d/BSLNIFTY-EQ.svg,https://nsearchives.nseindia.com/365d/BSLNIFTY-EQ.svg,EQ
LIQUIDSHRI,SHRIRAM NIFTY 1D RATE LIQUID ETF,1118.45,1118.47,1118.45,1118.45,0.41,0.04,13816,15452505.2,1118.0384,1118.47,1066.76,-,-,4.845513517567218,0.4111790424376413,1118.04,0,4.81,0.37,20-Aug-2025,21-Jul-2026,-,0.4111790424376413,-,4.845513517567218,0.0017881570359492708,-4.845513517567218,https://nsearchives.nseindia.com/today/LIQUIDSHRIEQN.svg,https://nsearchives.nseindia.com/30d/LIQUIDSHRI-EQ.svg,https://nsearchives.nseindia.com/365d/LIQUIDSHRI-EQ.svg,EQ
PSUBANK,Nifty PSU Bank,87.74,87.74,85.86,86.23,0.21,0.24,177079,15258897.43,86.2977,101,66.26,10-JUL-26,FACE VALUE SPLIT (SUB-DIVISION) - FROM RS 10/- PER UNIT TO RE 1/- PER UNIT,-87.84996688788378,0.45433364398881704,86.02,0,-87.88,0.21,20-Aug-2025,21-Jul-2026,FACE VALUE SPLIT (SUB-DIVISION) - FROM RS 10/- PER UNIT TO RE 1/- PER UNIT,0.45433364398881704,10-JUL-26,-87.84996688788378,14.62376237623762,-30.13884696649562,https://nsearchives.nseindia.com/today/PSUBANKEQN.svg,https://nsearchives.nseindia.com/30d/PSUBANK-EQ.svg,https://nsearchives.nseindia.com/365d/PSUBANK-EQ.svg,EQ
MOSMALL250,Motilal Oswal Nifty Smallcap 250 ETF,18.94,18.94,18.46,18.5,0.02,0.11,814995,15093707.4,18.4363,19.38,14.22,-,-,7.997664915353188,1.816180517336259,18.48,0,7.88,1.71,20-Aug-2025,21-Jul-2026,-,1.816180517336259,-,7.997664915353188,4.540763673890604,-30.098452883263004,https://nsearchives.nseindia.com/today/MOSMALL250EQN.svg,https://nsearchives.nseindia.com/30d/MOSMALL250-EQ.svg,https://nsearchives.nseindia.com/365d/MOSMALL250-EQ.svg,EQ
MAFANG,NYSE FANG+ Total Return Index,206.78,206.78,206.78,206.78,1.38,0.67,71981,14884231.18,171.5558,211.42,149.74,-,-,29.53705443838878,6.1662473686912715,205.4,0,28.67,5.46,20-Aug-2025,21-Jul-2026,-,6.1662473686912715,-,29.53705443838878,2.194683568252761,-38.092694002938416,https://nsearchives.nseindia.com/today/MAFANGEQN.svg,https://nsearchives.nseindia.com/30d/MAFANG-EQ.svg,https://nsearchives.nseindia.com/365d/MAFANG-EQ.svg,EQ
MOMMIDCAP,BSE Midcap 150 Momentum 30 TRI,13.29,13.29,13,13.05,0.02,0.15,1136838,14869841.04,13.0188,14.99,12.21,-,-,Infinity,Infinity,13.03,0,0,0,,,-,Infinity,-,Infinity,12.941961307538355,-6.879606879606878,https://nsearchives.nseindia.com/today/MOMMIDCAPEQN.svg,,,EQ
AONELIQUID,Nifty 1D Rate Index,1073.77,1073.78,1073.75,1073.76,0.43,0.04,13500,14495760,1073.339,1094.59,997.56,-,-,5.086172305463943,0.4386990561890292,1073.33,0,5.04,0.4,20-Aug-2025,21-Jul-2026,-,0.4386990561890292,-,5.086172305463943,1.9029956422039238,-7.638638277396853,https://nsearchives.nseindia.com/today/AONELIQUIDEQN.svg,https://nsearchives.nseindia.com/30d/AONELIQUID-EQ.svg,https://nsearchives.nseindia.com/365d/AONELIQUID-EQ.svg,EQ
PSUBANKADD,DSP Nifty PSU Bank ETF,87.31,87.34,86.32,86.32,-0.66,-0.76,165114,14326941.78,87.1633,99.88,67.8,-,-,21.048941242462476,-0.10415461173475687,86.98,0,21.97,0.66,20-Aug-2025,21-Jul-2026,-,-0.10415461173475687,-,21.048941242462476,13.576291549859835,-27.31563421828908,https://nsearchives.nseindia.com/today/PSUBANKADDEQN.svg,https://nsearchives.nseindia.com/30d/PSUBANKADD-EQ.svg,https://nsearchives.nseindia.com/365d/PSUBANKADD-EQ.svg,EQ
LOWVOLIETF,Nifty 100 Low Volatility 30 Index,22.37,22.5,22.23,22.26,-0.1,-0.45,626874,13985558.94,22.4159,26.81,19.84,01-MAR-24,FACE VALUE SPLIT (SUB-DIVISION) - FROM RS 10/- PER SHARE TO RE 1/- PER SHARE,-0.8904719501335676,0.134952766531719,22.36,0,-0.45,0.58,20-Aug-2025,21-Jul-2026,FACE VALUE SPLIT (SUB-DIVISION) - FROM RS 10/- PER SHARE TO RE 1/- PER SHARE,0.134952766531719,01-MAR-24,-0.8904719501335676,16.971279373368137,-12.197580645161299,https://nsearchives.nseindia.com/today/LOWVOLIETFEQN.svg,https://nsearchives.nseindia.com/30d/LOWVOLIETF-EQ.svg,https://nsearchives.nseindia.com/365d/LOWVOLIETF-EQ.svg,EQ
MOMENTUM50,Nifty 500 Momentum 50 Total Return Index,54.23,54.38,54.07,54.38,0.31,0.57,257420,13954738.2,54.0315,55.88,44.96,-,-,4.576923076923082,2.3719879518072386,54.07,0,3.98,1.79,20-Aug-2025,21-Jul-2026,-,2.3719879518072386,-,4.576923076923082,2.6843235504652827,-20.95195729537367,https://nsearchives.nseindia.com/today/MOMENTUM50EQN.svg,https://nsearchives.nseindia.com/30d/MOMENTUM50-EQ.svg,https://nsearchives.nseindia.com/365d/MOMENTUM50-EQ.svg,EQ
LOWVOL1,Kotak Nifty 100 Low Vol 30 ETF,21.31,21.42,21.25,21.41,0.1,0.47,637818,13611036.12,21.3638,22.9,18.77,-,-,0.7055503292568136,0.8478568064060279,21.31,0,0.24,0.38,20-Aug-2025,21-Jul-2026,-,0.8478568064060279,-,0.7055503292568136,6.506550218340604,-14.06499733617475,https://nsearchives.nseindia.com/today/LOWVOL1EQN.svg,https://nsearchives.nseindia.com/30d/LOWVOL1-EQ.svg,https://nsearchives.nseindia.com/365d/LOWVOL1-EQ.svg,EQ
AONESILVER,Domestic price of Silver,9.19,9.31,9.01,9.27,0.3,3.34,1468285,13552270.55,9.0151,12,7.43,-,-,Infinity,9.316037735849045,8.97,0,0,5.78,,21-Jul-2026,-,9.316037735849045,-,Infinity,22.750000000000004,-24.764468371467025,https://nsearchives.nseindia.com/today/AONESILVEREQN.svg,https://nsearchives.nseindia.com/30d/AONESILVER-EQ.svg,,EQ
BANKIETF,Nifty Bank,59.14,59.35,59.1,59.11,-0.03,-0.05,227975,13505239,59.1301,63.9,51.17,-,-,3.629032258064517,-0.5551816958277226,59.14,0,3.68,-0.5,20-Aug-2025,21-Jul-2026,-,-0.5551816958277226,-,3.629032258064517,7.496087636932706,-15.516904436193077,https://nsearchives.nseindia.com/today/BANKIETFEQN.svg,https://nsearchives.nseindia.com/30d/BANKIETF-EQ.svg,https://nsearchives.nseindia.com/365d/BANKIETF-EQ.svg,EQ
MOM100,Nifty Midcap 100,70.2,70.2,68.15,68.87,0.07,0.10,196325,13503233.5,68.7353,70.32,56.15,-,-,10.492539708005786,1.2794117647058891,68.8,0,10.38,1.18,20-Aug-2025,21-Jul-2026,-,1.2794117647058891,-,10.492539708005786,2.0620022753128397,-22.653606411398055,https://nsearchives.nseindia.com/today/MOM100EQN.svg,https://nsearchives.nseindia.com/30d/MOM100-EQ.svg,https://nsearchives.nseindia.com/365d/MOM100-EQ.svg,EQ
SILVER360,Commodity-Silver,234.73,240,234.73,238.43,7.3,3.16,56754,13480777.62,232.1523,358,110.1,-,-,116.34152980673264,9.34146565165551,231.13,0,109.72,5.99,20-Aug-2025,21-Jul-2026,-,9.34146565165551,-,116.34152980673264,33.399441340782126,-116.55767484105361,https://nsearchives.nseindia.com/today/SILVER360EQN.svg,https://nsearchives.nseindia.com/30d/SILVER360-EQ.svg,https://nsearchives.nseindia.com/365d/SILVER360-EQ.svg,EQ
SETFNN50,Nifty Next 50,794.3,800.5,791.55,796,-0.19,-0.02,16697,13257251.03,795.9308,840,636.01,02-NOV-17, DIVIDEND - RS 7/- PER UNIT,9.827945417166829,2.0800738669881285,796.19,0,9.85,2.1,20-Aug-2025,21-Jul-2026, DIVIDEND - RS 7/- PER UNIT,2.0800738669881285,02-NOV-17,9.827945417166829,5.238095238095238,-25.15526485432619,https://nsearchives.nseindia.com/today/SETFNN50EQN.svg,https://nsearchives.nseindia.com/30d/SETFNN50-EQ.svg,https://nsearchives.nseindia.com/365d/SETFNN50-EQ.svg,EQ
CHEMICAL,Nifty Chemicals Index (TRI),30.49,30.49,30.16,30.31,-0.09,-0.30,429903,13021761.87,30.357,31.8,24.5,-,-,Infinity,-2.32033515952305,30.4,0,0,-2.03,,21-Jul-2026,-,-2.32033515952305,-,Infinity,4.685534591194974,-23.714285714285708,https://nsearchives.nseindia.com/today/CHEMICALEQN.svg,https://nsearchives.nseindia.com/30d/CHEMICAL-EQ.svg,,EQ
SETFNIFBK,Nifty Bank,591.82,594.23,591.03,593.64,1.82,0.31,21825,12941788.5,591.4759,646.11,465.64,02-NOV-17, DIVIDEND - RS 3.50 PER UNIT,4.001401541695872,-0.17991962469103429,591.82,0,3.68,-0.49,20-Aug-2025,21-Jul-2026, DIVIDEND - RS 3.50 PER UNIT,-0.17991962469103429,02-NOV-17,4.001401541695872,8.120908204485309,-27.489047332703375,https://nsearchives.nseindia.com/today/SETFNIFBKEQN.svg,https://nsearchives.nseindia.com/30d/SETFNIFBK-EQ.svg,https://nsearchives.nseindia.com/365d/SETFNIFBK-EQ.svg,EQ
ABSLLIQUID,Aditya Birla Sun Life CRISIL Overnight Fund AI ETF,999.99,1000.01,999.99,1000,0.01,0.00,12372,12371876.28,1000,1044.99,999.56,-,-,0.0010000100000990915,0,999.99,0,0,0,20-Aug-2025,21-Jul-2026,-,0,-,0.0010000100000990915,4.3053043569794935,-0.04401936852215521,https://nsearchives.nseindia.com/today/ABSLLIQUIDEQN.svg,https://nsearchives.nseindia.com/30d/ABSLLIQUID-EQ.svg,https://nsearchives.nseindia.com/365d/ABSLLIQUID-EQ.svg,EQ
ALPHAETF,Mirae Asset Nifty 200 Alpha 30 ETF,26.69,26.77,26.65,26.71,0.14,0.53,459454,12272016.34,26.6186,27.2,21.8,-,-,5.448085274378218,2.180566182096405,26.57,0,4.9,1.64,20-Aug-2025,21-Jul-2026,-,2.180566182096405,-,5.448085274378218,1.8014705882352884,-22.522935779816514,https://nsearchives.nseindia.com/today/ALPHAETFEQN.svg,https://nsearchives.nseindia.com/30d/ALPHAETF-EQ.svg,https://nsearchives.nseindia.com/365d/ALPHAETF-EQ.svg,EQ
GROWWNET,Index,10.95,10.95,10.56,10.84,0.08,0.74,1134333,12228109.74,10.74,11.4,7.93,-,-,-1.2750455373406244,9.164149043303123,10.76,0,-2,8.36,20-Aug-2025,21-Jul-2026,-,9.164149043303123,-,-1.2750455373406244,4.912280701754391,-36.69609079445145,https://nsearchives.nseindia.com/today/GROWWNETEQN.svg,https://nsearchives.nseindia.com/30d/GROWWNET-EQ.svg,https://nsearchives.nseindia.com/365d/GROWWNET-EQ.svg,EQ
IT,NIFTY IT Index,33.15,34.39,33.15,34.03,0.03,0.09,356575,12095024,34.0937,44.49,28.54,-,-,-12.271203918535699,5.683229813664591,34,0,-12.35,5.59,20-Aug-2025,21-Jul-2026,-,5.683229813664591,-,-12.271203918535699,23.510901326140704,-19.236159775753336,https://nsearchives.nseindia.com/today/ITEQN.svg,https://nsearchives.nseindia.com/30d/IT-EQ.svg,https://nsearchives.nseindia.com/365d/IT-EQ.svg,EQ
MID150CASE,Zerodha Nifty Midcap 150 ETF,11.77,12.06,11.71,11.75,-0.02,-0.17,1021887,12027609.99,11.774,13,9.63,-,-,9.710550887021467,0.8583690987124433,11.77,0,9.9,1.03,20-Aug-2025,21-Jul-2026,-,0.8583690987124433,-,9.710550887021467,9.615384615384615,-22.01453790238836,https://nsearchives.nseindia.com/today/MID150CASEEQN.svg,https://nsearchives.nseindia.com/30d/MID150CASE-EQ.svg,https://nsearchives.nseindia.com/365d/MID150CASE-EQ.svg,EQ
MOENERGY,Nifty Energy Index,38.35,38.73,38,38.42,0.09,0.23,307212,11787724.44,38.3078,43,33,-,-,Infinity,-3.077699293642782,38.33,0,0,-3.3,,21-Jul-2026,-,-3.077699293642782,-,Infinity,10.65116279069767,-16.424242424242433,https://nsearchives.nseindia.com/today/MOENERGYEQN.svg,https://nsearchives.nseindia.com/30d/MOENERGY-EQ.svg,,EQ
MAKEINDIA,Nifty India Manufacturing Total Return Index,168.24,168.4,167.33,167.5,-0.42,-0.25,69445,11651482.1,168.1226,173.11,140.12,-,-,13.559322033898304,2.58451739343459,167.92,0,13.84,2.84,20-Aug-2025,21-Jul-2026,-,2.58451739343459,-,13.559322033898304,3.240713996880604,-19.540393948044528,https://nsearchives.nseindia.com/today/MAKEINDIAEQN.svg,https://nsearchives.nseindia.com/30d/MAKEINDIA-EQ.svg,https://nsearchives.nseindia.com/365d/MAKEINDIA-EQ.svg,EQ
COMMOIETF,ICICI Prudential Nifty Commodities ETF,99.59,100.09,99.46,99.77,0.19,0.19,110983,11052796.97,99.6953,110.56,86.79,-,-,10.892519728798487,-1.6268980477223483,99.58,0,10.68,-1.81,20-Aug-2025,21-Jul-2026,-,-1.6268980477223483,-,10.892519728798487,9.75940665701882,-14.955640050697074,https://nsearchives.nseindia.com/today/COMMOIETFEQN.svg,https://nsearchives.nseindia.com/30d/COMMOIETF-EQ.svg,https://nsearchives.nseindia.com/365d/COMMOIETF-EQ.svg,EQ
AUTOIETF,Nifty Auto Index,30.39,30.45,30.16,30.22,-0.18,-0.59,354387,10713119.01,30.3834,31.46,24.2,01-MAR-24,FACE VALUE SPLIT (SUB-DIVISION) - FROM RS 10/- PER SHARE TO RE 1/- PER SHARE,15.741095365760243,7.087172218284905,30.4,0,16.43,7.73,20-Aug-2025,21-Jul-2026,FACE VALUE SPLIT (SUB-DIVISION) - FROM RS 10/- PER SHARE TO RE 1/- PER SHARE,7.087172218284905,01-MAR-24,15.741095365760243,3.9415130324221295,-24.87603305785124,https://nsearchives.nseindia.com/today/AUTOIETFEQN.svg,https://nsearchives.nseindia.com/30d/AUTOIETF-EQ.svg,https://nsearchives.nseindia.com/365d/AUTOIETF-EQ.svg,EQ
GILT5YBEES,Nifty 5 yr Benchmark G-Sec Index,66.15,66.24,66.05,66.17,0.1,0.15,161209,10660751.17,66.1116,67.84,61.45,-,-,5.922842964623023,0.2423875170428671,66.07,0,5.76,0.09,20-Aug-2025,21-Jul-2026,-,0.2423875170428671,-,5.922842964623023,2.4616745283018893,-7.681041497152154,https://nsearchives.nseindia.com/today/GILT5YBEESEQN.svg,https://nsearchives.nseindia.com/30d/GILT5YBEES-EQ.svg,https://nsearchives.nseindia.com/365d/GILT5YBEES-EQ.svg,EQ
HDFCPVTBAN,HDFC NIFTY Private Bank ETF,27.98,28.23,27.92,28.15,0.17,0.61,361205,10153472.55,28.0195,30.17,24.31,02-FEB-24,FACE VALUE SPLIT (SUB-DIVISION) - FROM RS 216.75/- PER SHARE TO RS 21.675/- PER SHARE,2.587463556851302,-0.9848751319029234,27.98,0,1.97,-1.58,20-Aug-2025,21-Jul-2026,FACE VALUE SPLIT (SUB-DIVISION) - FROM RS 216.75/- PER SHARE TO RS 21.675/- PER SHARE,-0.9848751319029234,02-FEB-24,2.587463556851302,6.695392774279095,-15.795968737145209,https://nsearchives.nseindia.com/today/HDFCPVTBANEQN.svg,https://nsearchives.nseindia.com/30d/HDFCPVTBAN-EQ.svg,https://nsearchives.nseindia.com/365d/HDFCPVTBAN-EQ.svg,EQ
MULTICAP,Nifty500 Multicap 50:25:25 Index,17.23,17.23,16.85,16.91,0.02,0.12,586212,9912844.92,16.8853,17.5,14.2,-,-,4.189772027110288,1.1968880909634907,16.89,0,4.07,1.08,20-Aug-2025,21-Jul-2026,-,1.1968880909634907,-,4.189772027110288,3.3714285714285706,-19.08450704225353,https://nsearchives.nseindia.com/today/MULTICAPEQN.svg,https://nsearchives.nseindia.com/30d/MULTICAP-EQ.svg,https://nsearchives.nseindia.com/365d/MULTICAP-EQ.svg,EQ
SMALL250,Nifty Smallcap 250,18.47,18.53,18.41,18.49,0.1,0.54,524809,9714214.59,18.3996,19.95,14.16,-,-,Infinity,1.9856591285162684,18.39,0,0,1.43,,21-Jul-2026,-,1.9856591285162684,-,Infinity,7.318295739348375,-30.579096045197726,https://nsearchives.nseindia.com/today/SMALL250EQN.svg,https://nsearchives.nseindia.com/30d/SMALL250-EQ.svg,,EQ
ITETF,Mirae Asset Nifty IT ETF,32.5,32.54,32.18,32.3,-0.22,-0.68,293312,9488643.2,32.5373,42.02,27.22,-,-,-12.891046386192022,5.280312907431544,32.52,0,-12.3,6,20-Aug-2025,21-Jul-2026,-,5.280312907431544,-,-12.891046386192022,23.131841980009533,-18.662747979426886,https://nsearchives.nseindia.com/today/ITETFEQN.svg,https://nsearchives.nseindia.com/30d/ITETF-EQ.svg,https://nsearchives.nseindia.com/365d/ITETF-EQ.svg,EQ
MIDSMALL,Mirae Asset Nifty MidSmallcap400 Momentum Quality 100 ETF,52.25,52.43,52.04,52.2,0.02,0.04,175690,9181559.4,52.1149,52.77,42.41,-,-,7.054963084495498,2.212649304875666,52.18,0,7.01,2.17,20-Aug-2025,21-Jul-2026,-,2.212649304875666,-,7.054963084495498,1.080159181353042,-23.084178259844393,https://nsearchives.nseindia.com/today/MIDSMALLEQN.svg,https://nsearchives.nseindia.com/30d/MIDSMALL-EQ.svg,https://nsearchives.nseindia.com/365d/MIDSMALL-EQ.svg,EQ
CONSUMBEES,Nifty India Consumption TRI,135.51,135.51,133.65,133.98,-0.57,-0.42,65923,8833022.77,134.6389,144.38,114,-,-,-1.795792714212429,2.165624523410099,134.55,0,-1.38,2.6,20-Aug-2025,21-Jul-2026,-,2.165624523410099,-,-1.795792714212429,7.203213741515449,-17.526315789473678,https://nsearchives.nseindia.com/today/CONSUMBEESEQN.svg,https://nsearchives.nseindia.com/30d/CONSUMBEES-EQ.svg,https://nsearchives.nseindia.com/365d/CONSUMBEES-EQ.svg,EQ
ELIQUID,Nifty 1D Rate Index (Debt Index),1043.84,1044.77,1043.84,1044.77,0.41,0.04,8343,8716015.53,1044.354,1044.77,996,-,-,Infinity,0.43644194072464393,1044.36,0,0,0.4,,21-Jul-2026,-,0.43644194072464393,-,Infinity,0,-4.896586345381524,https://nsearchives.nseindia.com/today/ELIQUIDEQN.svg,https://nsearchives.nseindia.com/30d/ELIQUID-EQ.svg,,EQ
GOLD360,Commodity-Gold,152.2,155.25,152.1,155.15,3.35,2.21,56301,8669790.99,152.012,178,87.85,-,-,59.20985120574654,11.258515596988182,151.8,0,55.77,8.86,20-Aug-2025,21-Jul-2026,-,11.258515596988182,-,59.20985120574654,12.83707865168539,-76.60785429709735,https://nsearchives.nseindia.com/today/GOLD360EQN.svg,https://nsearchives.nseindia.com/30d/GOLD360-EQ.svg,https://nsearchives.nseindia.com/365d/GOLD360-EQ.svg,EQ
PSUBNKIETF,ICICI Prudential Nifty PSU Bank ETF,85.13,87.97,85.13,86.6,-0.72,-0.82,98447,8574733.7,87.4453,104,67.86,-,-,20.71368831892947,0.12718233321771238,87.32,0,21.72,0.96,20-Aug-2025,21-Jul-2026,-,0.12718233321771238,-,20.71368831892947,16.730769230769234,-27.615679339817266,https://nsearchives.nseindia.com/today/PSUBNKIETFEQN.svg,https://nsearchives.nseindia.com/30d/PSUBNKIETF-EQ.svg,https://nsearchives.nseindia.com/365d/PSUBNKIETF-EQ.svg,EQ
BANKNIFTY1,Nifty Bank,59.81,60,59.68,59.94,0.16,0.27,138516,8290182.6,59.7648,65.29,51.71,27-FEB-26,FACE VALUE SPLIT (SUB-DIVISION) - FROM RS 10/- PER SHARE TO RE 1/- PER SHARE,-89.60115195780782,-0.08334722453743,59.78,0,-89.63,-0.35,20-Aug-2025,21-Jul-2026,FACE VALUE SPLIT (SUB-DIVISION) - FROM RS 10/- PER SHARE TO RE 1/- PER SHARE,-0.08334722453743,27-FEB-26,-89.60115195780782,8.194210445703796,-15.915683620189512,https://nsearchives.nseindia.com/today/BANKNIFTY1EQN.svg,https://nsearchives.nseindia.com/30d/BANKNIFTY1-EQ.svg,https://nsearchives.nseindia.com/365d/BANKNIFTY1-EQ.svg,EQ
NIFTYAXIS,Nifty 50,269.82,269.82,267.93,267.93,-0.81,-0.30,30829,8269879.25,268.4421,296.38,244,23-JUL-20, FACE VALUE SPLIT (SUB-DIVISION) - FROM RS 100/- PER SHARE TO RS 10/- PER SHARE,Infinity,0.3483146067415756,268.74,0,0,0.65,,21-Jul-2026, FACE VALUE SPLIT (SUB-DIVISION) - FROM RS 100/- PER SHARE TO RS 10/- PER SHARE,0.3483146067415756,23-JUL-20,Infinity,9.599163236385719,-9.807377049180332,https://nsearchives.nseindia.com/today/NIFTYAXISEQN.svg,https://nsearchives.nseindia.com/30d/NIFTYAXIS-EQ.svg,,EQ
FINIETF,ICICI Prudential Nifty Financial Services Ex-Bank ETF,33.49,33.6,33.33,33.59,0.21,0.63,246518,8246027.1,33.3861,34.56,27.4,-,-,10.858085808580867,2.690308774075214,33.38,0,10.17,2.05,20-Aug-2025,21-Jul-2026,-,2.690308774075214,-,10.858085808580867,2.8067129629629597,-22.591240875912426,https://nsearchives.nseindia.com/today/FINIETFEQN.svg,https://nsearchives.nseindia.com/30d/FINIETF-EQ.svg,https://nsearchives.nseindia.com/365d/FINIETF-EQ.svg,EQ
MASPTOP50,S&P 500 Top 50 Total Return Index,80.43,80.43,80.28,80.43,0.15,0.19,100808,8106979.36,66.3386,82.78,62.42,-,-,24.27379480840545,2.1463042926086007,80.28,0,24.04,1.96,20-Aug-2025,21-Jul-2026,-,2.1463042926086007,-,24.27379480840545,2.838849963759355,-28.85293175264339,https://nsearchives.nseindia.com/today/MASPTOP50EQN.svg,https://nsearchives.nseindia.com/30d/MASPTOP50-EQ.svg,https://nsearchives.nseindia.com/365d/MASPTOP50-EQ.svg,EQ
EVINDIA,Nifty EV and New Age Automotive Total Return Index,33.92,34.09,33.6,33.67,-0.24,-0.71,230242,7766062.66,33.9396,35.04,26.2,-,-,10.756578947368432,5.449420607579086,33.91,0,11.55,6.2,20-Aug-2025,21-Jul-2026,-,5.449420607579086,-,10.756578947368432,3.9098173515981665,-28.5114503816794,https://nsearchives.nseindia.com/today/EVINDIAEQN.svg,https://nsearchives.nseindia.com/30d/EVINDIA-EQ.svg,https://nsearchives.nseindia.com/365d/EVINDIA-EQ.svg,EQ
NEXT50BETA,Nifty Next 50,80.41,80.41,79.25,79.9,-0.01,-0.01,96439,7701618.54,80.1853,82.51,64.34,25-MAR-21, FACE VALUE SPLIT (SUB-DIVISION) - FROM RS 10/- PER UNIT TO Re 1/- PER UNIT,Infinity,2.056456763315876,79.91,0,0,2.07,,21-Jul-2026, FACE VALUE SPLIT (SUB-DIVISION) - FROM RS 10/- PER UNIT TO Re 1/- PER UNIT,2.056456763315876,25-MAR-21,Infinity,3.1632529390376916,-24.184022381100405,https://nsearchives.nseindia.com/today/NEXT50BETAEQN.svg,https://nsearchives.nseindia.com/30d/NEXT50BETA-EQ.svg,,EQ
HDFCNIMEG,Nifty Metal Index TRI,131.73,132.21,131.3,132.21,1.78,1.36,57726,7606555.02,130.516,152.55,126.96,-,-,Infinity,Infinity,130.43,0,0,0,,,-,Infinity,-,Infinity,13.333333333333336,-4.135160680529311,https://nsearchives.nseindia.com/today/HDFCNIMEGEQN.svg,,,EQ
HDFCPSUBK,HDFC NIFTY PSU BANK ETF,87.03,87.38,86.5,86.5,-0.53,-0.61,85308,7407293.64,87.2109,101.25,67.98,-,-,20.9113782499301,0.3014842300556646,87.03,0,21.65,0.92,20-Aug-2025,21-Jul-2026,-,0.3014842300556646,-,20.9113782499301,14.567901234567902,-27.243306854957332,https://nsearchives.nseindia.com/today/HDFCPSUBKEQN.svg,https://nsearchives.nseindia.com/30d/HDFCPSUBK-EQ.svg,https://nsearchives.nseindia.com/365d/HDFCPSUBK-EQ.svg,EQ
TOP100CASE,Zerodha Nifty 100 ETF,10.79,10.79,10.56,10.67,0,0.00,687546,7329240.36,10.6755,11.57,9.48,-,-,-0.3734827264239115,0.7554296506137873,10.67,0,-0.37,0.76,20-Aug-2025,21-Jul-2026,-,0.7554296506137873,-,-0.3734827264239115,7.77873811581677,-12.552742616033749,https://nsearchives.nseindia.com/today/TOP100CASEEQN.svg,https://nsearchives.nseindia.com/30d/TOP100CASE-EQ.svg,https://nsearchives.nseindia.com/365d/TOP100CASE-EQ.svg,EQ
BSE500IETF,S&P BSE 500 index,39.8,39.94,39.74,39.94,0.1,0.25,179984,7181361.6,39.814,42.05,34.5,28-OCT-21, FACE VALUE SPLIT (SUB-DIVISION) - FROM RS 10/- PER SHARE TO RE 1/- PER SHARE,2.489094175006412,1.2420785804816092,39.84,0,2.23,0.99,20-Aug-2025,21-Jul-2026, FACE VALUE SPLIT (SUB-DIVISION) - FROM RS 10/- PER SHARE TO RE 1/- PER SHARE,1.2420785804816092,28-OCT-21,2.489094175006412,5.0178359096313905,-15.76811594202898,https://nsearchives.nseindia.com/today/BSE500IETFEQN.svg,https://nsearchives.nseindia.com/30d/BSE500IETF-EQ.svg,https://nsearchives.nseindia.com/365d/BSE500IETF-EQ.svg,EQ
GROWWCAPM,Nifty Capital Markets Index,11.42,11.5,11.31,11.46,0.04,0.35,604906,6914075.58,11.3902,12.66,8.02,-,-,Infinity,0.6145741878841113,11.42,0,0,0.26,,21-Jul-2026,-,0.6145741878841113,-,Infinity,9.478672985781985,-42.89276807980052,https://nsearchives.nseindia.com/today/GROWWCAPMEQN.svg,https://nsearchives.nseindia.com/30d/GROWWCAPM-EQ.svg,,EQ
HDFCNIFBAN,Nifty Bank,59.4,59.54,59.19,59.54,0.34,0.57,114470,6800662.7,59.2764,65.54,51.2,02-FEB-24,FACE VALUE SPLIT (SUB-DIVISION) - FROM RS 223.31/- PER SHARE TO RS 22.331/- PER SHARE,4.109109984262986,0,59.2,0,3.51,-0.57,20-Aug-2025,21-Jul-2026,FACE VALUE SPLIT (SUB-DIVISION) - FROM RS 223.31/- PER SHARE TO RS 22.331/- PER SHARE,0,02-FEB-24,4.109109984262986,9.15471467805921,-16.289062499999993,https://nsearchives.nseindia.com/today/HDFCNIFBANEQN.svg,https://nsearchives.nseindia.com/30d/HDFCNIFBAN-EQ.svg,https://nsearchives.nseindia.com/365d/HDFCNIFBAN-EQ.svg,EQ
BANKBETA,Nifty Bank,60.96,60.96,59.5,59.55,0.07,0.12,113547,6768536.67,59.5619,73.7,51.3,17-FEB-21, FACE VALUE SPLIT (SUB-DIVISION) - FROM RS 10/- PER UNIT TO RE 1/- PER UNIT,Infinity,-0.5344913980290634,59.48,0,0,-0.65,,21-Jul-2026, FACE VALUE SPLIT (SUB-DIVISION) - FROM RS 10/- PER UNIT TO RE 1/- PER UNIT,-0.5344913980290634,17-FEB-21,Infinity,19.199457259158756,-16.081871345029242,https://nsearchives.nseindia.com/today/BANKBETAEQN.svg,https://nsearchives.nseindia.com/30d/BANKBETA-EQ.svg,,EQ
ABSLBANETF,Nifty Bank,58.77,59.28,58.77,59.04,-0.04,-0.07,112082,6629650.3,59.0335,64.94,50.97,25-NOV-21, FACE VALUE SPLIT (SUB-DIVISION) - FROM RS 10/- PER SHARE TO RE 1/- PER SHARE,3.8887911314446613,-0.5725833614011508,59.08,0,3.96,-0.51,20-Aug-2025,21-Jul-2026, FACE VALUE SPLIT (SUB-DIVISION) - FROM RS 10/- PER SHARE TO RE 1/- PER SHARE,-0.5725833614011508,25-NOV-21,3.8887911314446613,9.085309516476746,-15.83284284873455,https://nsearchives.nseindia.com/today/ABSLBANETFEQN.svg,https://nsearchives.nseindia.com/30d/ABSLBANETF-EQ.svg,https://nsearchives.nseindia.com/365d/ABSLBANETF-EQ.svg,EQ
NIFTYBETA,Nifty 50,268.67,269.47,268.38,268.38,-1.01,-0.37,23223,6252096.06,268.8924,297.48,244.9,25-SEP-23,FACE VALUE SPLIT (SUB-DIVISION) - FROM RS 10/- PER SHARE TO RE 1/- PER SHARE,Infinity,0.2615062761506234,269.39,0,0,0.64,,21-Jul-2026,FACE VALUE SPLIT (SUB-DIVISION) - FROM RS 10/- PER SHARE TO RE 1/- PER SHARE,0.2615062761506234,25-SEP-23,Infinity,9.782170229931431,-9.587586770110246,https://nsearchives.nseindia.com/today/NIFTYBETAEQN.svg,https://nsearchives.nseindia.com/30d/NIFTYBETA-EQ.svg,,EQ
MOGOLD,Domestic Price of Physical Gold,156.85,157.5,155,157.2,3.35,2.18,39306,6145886.16,153.99,175,96.3,-,-,59.593908629441614,11.6873889875666,153.85,0,56.19,9.31,20-Aug-2025,21-Jul-2026,-,11.6873889875666,-,59.593908629441614,10.171428571428578,-63.23987538940809,https://nsearchives.nseindia.com/today/MOGOLDEQN.svg,https://nsearchives.nseindia.com/30d/MOGOLD-EQ.svg,https://nsearchives.nseindia.com/365d/MOGOLD-EQ.svg,EQ
EVIETF,Nifty EV & New Age Automotive ETF,34.1,34.1,33.56,33.76,-0.18,-0.53,166981,5630599.32,33.8906,36,26.28,-,-,9.967426710097717,5.499999999999994,33.94,0,10.55,6.06,20-Aug-2025,21-Jul-2026,-,5.499999999999994,-,9.967426710097717,6.222222222222228,-28.462709284627078,https://nsearchives.nseindia.com/today/EVIETFEQN.svg,https://nsearchives.nseindia.com/30d/EVIETF-EQ.svg,https://nsearchives.nseindia.com/365d/EVIETF-EQ.svg,EQ
GROWWMETAL,Nifty Metal Index,12.68,12.68,12.39,12.45,0.07,0.57,447400,5596974,12.4478,13.45,10.03,-,-,Infinity,3.7499999999999942,12.38,0,0,3.17,,21-Jul-2026,-,3.7499999999999942,-,Infinity,7.434944237918216,-24.12761714855434,https://nsearchives.nseindia.com/today/GROWWMETALEQN.svg,https://nsearchives.nseindia.com/30d/GROWWMETAL-EQ.svg,,EQ
MIDSELIETF,S&P BSE Midcap Select Index,20,20.08,19.87,20.08,0.12,0.60,278610,5566627.8,19.9171,20.19,14.55,10-MAY-24,FACE VALUE SPLIT (SUB-DIVISION) - FROM RS 10/- PER SHARE TO RE 1/- PER SHARE,14.415954415954403,3.2921810699588323,19.96,0,13.73,2.67,20-Aug-2025,21-Jul-2026,FACE VALUE SPLIT (SUB-DIVISION) - FROM RS 10/- PER SHARE TO RE 1/- PER SHARE,3.2921810699588323,10-MAY-24,14.415954415954403,0.5448241703813916,-38.00687285223366,https://nsearchives.nseindia.com/today/MIDSELIETFEQN.svg,https://nsearchives.nseindia.com/30d/MIDSELIETF-EQ.svg,https://nsearchives.nseindia.com/365d/MIDSELIETF-EQ.svg,EQ
HDFCMID150,HDFC NIFTY Midcap 150 ETF,23.88,23.88,23.63,23.71,-0.03,-0.13,229806,5444104.14,23.6929,25.2,19.42,20-OCT-23,FACE VALUE SPLIT (SUB-DIVISION) - FROM RS 115.95/- PER SHARE TO RS 11.59/- PER SHARE,8.761467889908257,1.2815036309269574,23.74,0,8.9,1.41,20-Aug-2025,21-Jul-2026,FACE VALUE SPLIT (SUB-DIVISION) - FROM RS 115.95/- PER SHARE TO RS 11.59/- PER SHARE,1.2815036309269574,20-OCT-23,8.761467889908257,5.912698412698406,-22.09062821833161,https://nsearchives.nseindia.com/today/HDFCMID150EQN.svg,https://nsearchives.nseindia.com/30d/HDFCMID150-EQ.svg,https://nsearchives.nseindia.com/365d/HDFCMID150-EQ.svg,EQ
MIDCAP,Nifty Midcap 50 Index,18.85,18.85,18.61,18.75,-0.01,-0.05,288514,5395211.8,18.7042,19.27,15.01,27-FEB-26,FACE VALUE SPLIT (SUB-DIVISION) - FROM RS 10/- PER SHARE TO RE 1/- PER SHARE,-88.81331662788617,1.6811279826464138,18.76,0,-88.81,1.74,20-Aug-2025,21-Jul-2026,FACE VALUE SPLIT (SUB-DIVISION) - FROM RS 10/- PER SHARE TO RE 1/- PER SHARE,1.6811279826464138,27-FEB-26,-88.81331662788617,2.6984950700570813,-24.91672218520986,https://nsearchives.nseindia.com/today/MIDCAPEQN.svg,https://nsearchives.nseindia.com/30d/MIDCAP-EQ.svg,https://nsearchives.nseindia.com/365d/MIDCAP-EQ.svg,EQ
MOVALUE,Motilal Oswal S&P BSE Enhanced Value ETF,113.45,113.65,112.7,113.38,0.45,0.40,47643,5388423.3,112.948,128.77,98.1,-,-,10.939334637964768,-1.6225596529284205,112.93,0,10.5,-2.01,20-Aug-2025,21-Jul-2026,-,-1.6225596529284205,-,10.939334637964768,11.951541508115254,-15.575942915392458,https://nsearchives.nseindia.com/today/MOVALUEEQN.svg,https://nsearchives.nseindia.com/30d/MOVALUE-EQ.svg,https://nsearchives.nseindia.com/365d/MOVALUE-EQ.svg,EQ
HDFCNIFIT,HDFC NIFTY IT ETF,32.71,33.27,32.18,32.74,0.04,0.12,163721,5348765.07,32.7983,42.3,27.32,02-FEB-24,FACE VALUE SPLIT (SUB-DIVISION) - FROM RS 299.92/- PER SHARE TO RS 29.992/- PER SHARE,-12.459893048128334,5.544809800128957,32.7,0,-12.57,5.42,20-Aug-2025,21-Jul-2026,FACE VALUE SPLIT (SUB-DIVISION) - FROM RS 299.92/- PER SHARE TO RS 29.992/- PER SHARE,5.544809800128957,02-FEB-24,-12.459893048128334,22.60047281323876,-19.838945827232806,https://nsearchives.nseindia.com/today/HDFCNIFITEQN.svg,https://nsearchives.nseindia.com/30d/HDFCNIFIT-EQ.svg,https://nsearchives.nseindia.com/365d/HDFCNIFIT-EQ.svg,EQ
BFSI,Nifty Financial Services Index,27.71,27.71,27.24,27.34,0.1,0.37,188708,5159276.72,27.2661,29.94,24.03,-,-,-0.21897810218977637,-0.8701957940536564,27.24,0,-0.58,-1.23,20-Aug-2025,21-Jul-2026,-,-0.8701957940536564,-,-0.21897810218977637,8.684034736138948,-13.774448605909274,https://nsearchives.nseindia.com/today/BFSIEQN.svg,https://nsearchives.nseindia.com/30d/BFSI-EQ.svg,https://nsearchives.nseindia.com/365d/BFSI-EQ.svg,EQ
MOTOUR,Nifty India Tourism Total Return Index,79.93,80.28,79.05,79.65,0.06,0.08,64173,5097903.12,80.0125,95.9,64,-,-,-15.517607127704704,0.42869751607616113,79.59,0,-15.58,0.35,20-Aug-2025,21-Jul-2026,-,0.42869751607616113,-,-15.517607127704704,16.944734098018767,-24.453125000000007,https://nsearchives.nseindia.com/today/MOTOUREQN.svg,https://nsearchives.nseindia.com/30d/MOTOUR-EQ.svg,https://nsearchives.nseindia.com/365d/MOTOUR-EQ.svg,EQ
HDFCNEXT50,HDFC NIFTY NEXT 50 ETF,75.69,76.12,75.3,75.3,-0.27,-0.36,65531,4954798.91,75.9001,78.07,59.99,20-OCT-23,FACE VALUE SPLIT (SUB-DIVISION) - FROM RS 418.18/- PER SHARE TO RS 41.81/- PER SHARE,8.799306458604253,1.5235270324929155,75.57,0,9.19,1.89,20-Aug-2025,21-Jul-2026,FACE VALUE SPLIT (SUB-DIVISION) - FROM RS 418.18/- PER SHARE TO RS 41.81/- PER SHARE,1.5235270324929155,20-OCT-23,8.799306458604253,3.5480978608940648,-25.520920153358883,https://nsearchives.nseindia.com/today/HDFCNEXT50EQN.svg,https://nsearchives.nseindia.com/30d/HDFCNEXT50-EQ.svg,https://nsearchives.nseindia.com/365d/HDFCNEXT50-EQ.svg,EQ
MAHKTECH,Hang Seng TECH Total Return Index,23.1,23.1,23.1,23.1,-0.12,-0.52,206367,4767077.7,19.3107,35.59,21,-,-,-6.8923821039903155,1.0056843025798008,23.22,0,-6.41,1.53,20-Aug-2025,21-Jul-2026,-,1.0056843025798008,-,-6.8923821039903155,35.094127563922456,-10.000000000000007,https://nsearchives.nseindia.com/today/MAHKTECHEQN.svg,https://nsearchives.nseindia.com/30d/MAHKTECH-EQ.svg,https://nsearchives.nseindia.com/365d/MAHKTECH-EQ.svg,EQ
MONQ50,Nasdaq Q-50 Total Return Index,148.77,148.77,148.77,148.77,0,0.00,31510,4687742.7,122.049,151.65,79.02,-,-,86.33517034068137,5.938901944029055,148.77,0,86.34,5.94,20-Aug-2025,21-Jul-2026,-,5.938901944029055,-,86.33517034068137,1.8991097922848634,-88.26879271070618,https://nsearchives.nseindia.com/today/MONQ50EQN.svg,https://nsearchives.nseindia.com/30d/MONQ50-EQ.svg,https://nsearchives.nseindia.com/365d/MONQ50-EQ.svg,EQ
MOMENTUM30,Nifty 200 Momentum 30 Index,30.96,31.07,30.92,31.07,0.19,0.62,143482,4449376.82,30.886,37.38,26.91,-,-,Infinity,1.205211726384368,30.88,0,0,0.59,,21-Jul-2026,-,1.205211726384368,-,Infinity,16.880684858212952,-15.458937198067632,https://nsearchives.nseindia.com/today/MOMENTUM30EQN.svg,https://nsearchives.nseindia.com/30d/MOMENTUM30-EQ.svg,,EQ
VAL30IETF,Nifty200 Value 30 Index,15.25,15.32,15.15,15.28,0.1,0.66,290692,4421425.32,15.1797,17.7,12.27,-,-,16.998468606431842,-1.4193548387096815,15.18,0,16.23,-2.06,20-Aug-2025,21-Jul-2026,-,-1.4193548387096815,-,16.998468606431842,13.67231638418079,-24.531377343113284,https://nsearchives.nseindia.com/today/VAL30IETFEQN.svg,https://nsearchives.nseindia.com/30d/VAL30IETF-EQ.svg,https://nsearchives.nseindia.com/365d/VAL30IETF-EQ.svg,EQ
HDFCMOMENT,HDFC NIFTY200 Momentum 30 ETF,31.21,31.3,31.14,31.2,0.01,0.03,134772,4207581.84,31.1759,33.23,27.13,20-OCT-23,FACE VALUE SPLIT (SUB-DIVISION) - FROM RS 190.61/- PER SHARE TO RS 19.061/- PER SHARE,0.5802707930367496,0.7751937984496073,31.19,0,0.55,0.74,20-Aug-2025,21-Jul-2026,FACE VALUE SPLIT (SUB-DIVISION) - FROM RS 190.61/- PER SHARE TO RS 19.061/- PER SHARE,0.7751937984496073,20-OCT-23,0.5802707930367496,6.108937706891357,-15.001842978252856,https://nsearchives.nseindia.com/today/HDFCMOMENTEQN.svg,https://nsearchives.nseindia.com/30d/HDFCMOMENT-EQ.svg,https://nsearchives.nseindia.com/365d/HDFCMOMENT-EQ.svg,EQ
IVZINGOLD,Gold,138.9,139,136.2,138.75,3.15,2.32,30430,4194166.9,135.4402,156,85.9,30-APR-26,FACE VALUE SPLIT (SUB-DIVISION) - FROM RS 100/- PER SHARE TO RE 1/- PER SHARE,-98.38852045853126,11.89516129032258,135.6,0,-98.43,9.35,20-Aug-2025,21-Jul-2026,FACE VALUE SPLIT (SUB-DIVISION) - FROM RS 100/- PER SHARE TO RE 1/- PER SHARE,11.89516129032258,30-APR-26,-98.38852045853126,11.057692307692308,-61.52502910360883,https://nsearchives.nseindia.com/today/IVZINGOLDEQN.svg,https://nsearchives.nseindia.com/30d/IVZINGOLD-EQ.svg,https://nsearchives.nseindia.com/365d/IVZINGOLD-EQ.svg,EQ
SILVERBND,Commodity - Silver,240.45,244.9,240.36,243.5,7.62,3.23,16559,4016219.86,236.4191,389,180,-,-,Infinity,9.595823206409213,235.88,0,0,6.17,,21-Jul-2026,-,9.595823206409213,-,Infinity,37.40359897172237,-35.27777777777778,https://nsearchives.nseindia.com/today/SILVERBNDEQN.svg,https://nsearchives.nseindia.com/30d/SILVERBND-EQ.svg,,EQ
HEALTHY,Nifty Healthcare TRI,16.93,17.19,16.81,16.81,-0.12,-0.71,236913,3999091.44,16.9487,17.67,13.58,-,-,12.516733601070944,-1.2918379330593213,16.93,0,13.32,-0.59,20-Aug-2025,21-Jul-2026,-,-1.2918379330593213,-,12.516733601070944,4.867006225240537,-23.78497790868924,https://nsearchives.nseindia.com/today/HEALTHYEQN.svg,https://nsearchives.nseindia.com/30d/HEALTHY-EQ.svg,https://nsearchives.nseindia.com/365d/HEALTHY-EQ.svg,EQ
TNIDETF,Nifty India Digital Index,90.35,91,90.35,90.58,-0.22,-0.24,43044,3906673.44,91.4479,103.26,74.5,-,-,-4.2089678510998345,6.552170332902003,90.8,0,-3.98,6.81,20-Aug-2025,21-Jul-2026,-,6.552170332902003,-,-4.2089678510998345,12.279682355219839,-21.58389261744966,https://nsearchives.nseindia.com/today/TNIDETFEQN.svg,https://nsearchives.nseindia.com/30d/TNIDETF-EQ.svg,https://nsearchives.nseindia.com/365d/TNIDETF-EQ.svg,EQ
INFRABEES,Nifty Infra,968.01,976,964.53,972,3.99,0.41,3996,3869366.76,967.3435,1018.3,871.35,-,-,2.476515798462853,-0.2237779465807089,968.01,0,2.06,-0.63,20-Aug-2025,21-Jul-2026,-,-0.2237779465807089,-,2.476515798462853,4.546793675734063,-11.551041487347218,https://nsearchives.nseindia.com/today/INFRABEESEQN.svg,https://nsearchives.nseindia.com/30d/INFRABEES-EQ.svg,https://nsearchives.nseindia.com/365d/INFRABEES-EQ.svg,EQ
EBBETF0433,BHARAT Bond ETF-April 2033,1315.9,1318.13,1313.02,1317.96,0.01,0.00,2838,3738128.46,1311.6294,1345.89,1242.87,-,-,5.6328545780969455,0.7976872423577328,1317.95,0,5.63,0.8,20-Aug-2025,21-Jul-2026,-,0.7976872423577328,-,5.6328545780969455,2.0752067405211467,-6.041661637983068,https://nsearchives.nseindia.com/today/EBBETF0433EQN.svg,https://nsearchives.nseindia.com/30d/EBBETF0433-EQ.svg,https://nsearchives.nseindia.com/365d/EBBETF0433-EQ.svg,EQ
MOGSEC,Nifty 5 yr Benchmark G-Sec Index,65.21,65.69,65.04,65.48,0.28,0.43,57213,3734864.64,65.261,67.33,60.18,-,-,5.307172724348672,0.5065234075211025,65.2,0,4.86,0.08,20-Aug-2025,21-Jul-2026,-,0.5065234075211025,-,5.307172724348672,2.747660775285897,-8.8069125955467,https://nsearchives.nseindia.com/today/MOGSECEQN.svg,https://nsearchives.nseindia.com/30d/MOGSEC-EQ.svg,https://nsearchives.nseindia.com/365d/MOGSEC-EQ.svg,EQ
NIF100BEES,Nifty 100 TRI,268.82,270.1,268.82,270.07,0.61,0.23,12348,3329885.16,269.6258,290,240,-,-,-0.26957163958641733,0.5997169038218035,269.46,0,-0.49,0.37,20-Aug-2025,21-Jul-2026,-,0.5997169038218035,-,-0.26957163958641733,6.87241379310345,-12.529166666666663,https://nsearchives.nseindia.com/today/NIF100BEESEQN.svg,https://nsearchives.nseindia.com/30d/NIF100BEES-EQ.svg,https://nsearchives.nseindia.com/365d/NIF100BEES-EQ.svg,EQ
VALUEAXIS,Nifty500 Value 50 TRI,32.86,32.89,32.7,32.86,0.29,0.89,99963,3277786.77,32.7205,39,22.84,-,-,Infinity,-0.6950740404956299,32.57,0,0,-1.57,,21-Jul-2026,-,-0.6950740404956299,-,Infinity,15.743589743589743,-43.87040280210157,https://nsearchives.nseindia.com/today/VALUEAXISEQN.svg,https://nsearchives.nseindia.com/30d/VALUEAXIS-EQ.svg,,EQ
ELM250,Nifty LargeMidcap 250 TRI,16.87,16.9,16.71,16.8,-0.07,-0.41,192077,3221131.29,16.7995,19.2,14.43,-,-,Infinity,0.4784688995215422,16.87,0,0,0.9,,21-Jul-2026,-,0.4784688995215422,-,Infinity,12.499999999999993,-16.42411642411643,https://nsearchives.nseindia.com/today/ELM250EQN.svg,https://nsearchives.nseindia.com/30d/ELM250-EQ.svg,,EQ
LTGILTCASE,Nifty 8-13 Yr G-Sec Index,30.1,31.16,30.1,30.56,0.01,0.03,103612,3164310.48,30.5091,31.31,28.71,-,-,4.4429254955570645,0.16388069485413687,30.55,0,4.41,0.13,20-Aug-2025,21-Jul-2026,-,0.16388069485413687,-,4.4429254955570645,2.395400830405621,-6.4437478230581595,https://nsearchives.nseindia.com/today/LTGILTCASEEQN.svg,https://nsearchives.nseindia.com/30d/LTGILTCASE-EQ.svg,https://nsearchives.nseindia.com/365d/LTGILTCASE-EQ.svg,EQ
MOMIDMTM,Nifty Midcap 150 Momentum 50 Total Return Index,65.14,65.14,64.52,64.66,0.18,0.28,47272,3062280.16,64.6169,70,54.78,-,-,2.3587145797055484,1.7306482064191224,64.48,0,2.07,1.45,20-Aug-2025,21-Jul-2026,-,1.7306482064191224,-,2.3587145797055484,7.628571428571433,-18.035779481562606,https://nsearchives.nseindia.com/today/MOMIDMTMEQN.svg,https://nsearchives.nseindia.com/30d/MOMIDMTM-EQ.svg,https://nsearchives.nseindia.com/365d/MOMIDMTM-EQ.svg,EQ
GROWWNIFTY,Nifty 50 Index - TRI,9.89,9.89,9.78,9.8,0.01,0.10,309724,3038392.44,9.8,11.88,8.93,-,-,-2.1956087824351185,0.5128205128205201,9.79,0,-2.3,0.41,20-Aug-2025,21-Jul-2026,-,0.5128205128205201,-,-2.1956087824351185,17.50841750841751,-9.742441209406506,https://nsearchives.nseindia.com/today/GROWWNIFTYEQN.svg,https://nsearchives.nseindia.com/30d/GROWWNIFTY-EQ.svg,https://nsearchives.nseindia.com/365d/GROWWNIFTY-EQ.svg,EQ
NV20IETF,Nifty50 Value 20,13.72,13.72,13.55,13.67,0.07,0.51,219807,2993771.34,13.6222,16,12.5,01-MAR-24,FACE VALUE SPLIT (SUB-DIVISION) - FROM RS 10/- PER SHARE TO RE 1/- PER SHARE,-5.1353226925746025,-0.21897810218977637,13.6,0,-5.62,-0.73,20-Aug-2025,21-Jul-2026,FACE VALUE SPLIT (SUB-DIVISION) - FROM RS 10/- PER SHARE TO RE 1/- PER SHARE,-0.21897810218977637,01-MAR-24,-5.1353226925746025,14.5625,-9.36,https://nsearchives.nseindia.com/today/NV20IETFEQN.svg,https://nsearchives.nseindia.com/30d/NV20IETF-EQ.svg,https://nsearchives.nseindia.com/365d/NV20IETF-EQ.svg,EQ
HDFCSENSEX,SENSEX,87.77,88.46,87.76,88,0.07,0.08,33737,2968856,88.0414,98.48,80.9,02-FEB-24,FACE VALUE SPLIT (SUB-DIVISION) - FROM RS 250.361/- PER SHARE TO RS 25.0361/- PER SHARE,-4.212474148252971,0.2506265664160388,87.93,0,-4.29,0.17,20-Aug-2025,21-Jul-2026,FACE VALUE SPLIT (SUB-DIVISION) - FROM RS 250.361/- PER SHARE TO RS 25.0361/- PER SHARE,0.2506265664160388,02-FEB-24,-4.212474148252971,10.641754670999191,-8.77626699629171,https://nsearchives.nseindia.com/today/HDFCSENSEXEQN.svg,https://nsearchives.nseindia.com/30d/HDFCSENSEX-EQ.svg,https://nsearchives.nseindia.com/365d/HDFCSENSEX-EQ.svg,EQ
NIFTYCASE,Nifty Index 50 Index,9.74,9.84,9.63,9.75,0.01,0.10,299520,2917324.8,9.7351,11.4,8.84,-,-,Infinity,0.6191950464396336,9.74,0,0,0.52,,21-Jul-2026,-,0.6191950464396336,-,Infinity,14.473684210526319,-10.294117647058826,https://nsearchives.nseindia.com/today/NIFTYCASEEQN.svg,https://nsearchives.nseindia.com/30d/NIFTYCASE-EQ.svg,,EQ
LIQUIDSBI,SBI NIFTY 1D Rate ETF,999.99,1000.01,999.99,999.99,-0.02,-0.00,2821,2820971.79,1000,1010.02,970.23,-,-,0,-0.0009999999999990906,1000.01,0,0,0,20-Aug-2025,21-Jul-2026,-,-0.0009999999999990906,-,0,0.9930496425813323,-3.067313935870875,https://nsearchives.nseindia.com/today/LIQUIDSBIEQN.svg,https://nsearchives.nseindia.com/30d/LIQUIDSBI-EQ.svg,https://nsearchives.nseindia.com/365d/LIQUIDSBI-EQ.svg,EQ
INTERNET,Equity Index,14.7,14.8,14.49,14.57,0.06,0.41,187493,2731773.01,14.5067,15.2,10.72,-,-,-1.354096140825994,8.975317875841444,14.51,0,-1.76,8.53,20-Aug-2025,21-Jul-2026,-,8.975317875841444,-,-1.354096140825994,4.144736842105257,-35.914179104477604,https://nsearchives.nseindia.com/today/INTERNETEQN.svg,https://nsearchives.nseindia.com/30d/INTERNET-EQ.svg,https://nsearchives.nseindia.com/365d/INTERNET-EQ.svg,EQ
PVTBANKADD,DSP Nifty Private Bank ETF,27.24,28.11,27.24,28.03,0.09,0.32,96480,2709158.4,27.9203,31.88,24.02,-,-,2.5988286969253327,-0.7787610619468986,27.94,0,2.27,-1.1,20-Aug-2025,21-Jul-2026,-,-0.7787610619468986,-,2.5988286969253327,12.07653701380175,-16.694421315570366,https://nsearchives.nseindia.com/today/PVTBANKADDEQN.svg,https://nsearchives.nseindia.com/30d/PVTBANKADD-EQ.svg,https://nsearchives.nseindia.com/365d/PVTBANKADD-EQ.svg,EQ
MOMOMENTUM,Nifty 200 Momentum 30 Total Return Index,62.48,62.79,62.26,62.26,-0.01,-0.02,41732,2609501.96,62.5257,66.28,54.32,11-AUG-22,FACE VALUE SPLIT (SUB-DIVISION) - FROM RS 10/- PER UNIT TO RS 2/- PER UNIT,0.16087516087516318,0.3222687721559712,62.27,0,0.18,0.34,20-Aug-2025,21-Jul-2026,FACE VALUE SPLIT (SUB-DIVISION) - FROM RS 10/- PER UNIT TO RS 2/- PER UNIT,0.3222687721559712,11-AUG-22,0.16087516087516318,6.065178032589022,-14.61708394698085,https://nsearchives.nseindia.com/today/MOMOMENTUMEQN.svg,https://nsearchives.nseindia.com/30d/MOMOMENTUM-EQ.svg,https://nsearchives.nseindia.com/365d/MOMOMENTUM-EQ.svg,EQ
MNC,Kotak Nifty MNC ETF,34.4,34.4,34,34.2,-0.17,-0.49,75738,2583423.18,34.2651,35.65,27.83,-,-,12.574061882817658,1.8766756032171659,34.37,0,13.13,2.38,20-Aug-2025,21-Jul-2026,-,1.8766756032171659,-,12.574061882817658,4.067321178120605,-22.88896873877113,https://nsearchives.nseindia.com/today/MNCEQN.svg,https://nsearchives.nseindia.com/30d/MNC-EQ.svg,https://nsearchives.nseindia.com/365d/MNC-EQ.svg,EQ
SHARIABEES,Shariah,459.13,465.73,456.64,460.48,-0.37,-0.08,5359,2462353.32,460.0853,534.61,433.68,10-MAR-14,DIVIDEND-RS.2 PER UNIT,-8.43143493477569,0.2896656865948037,460.85,0,-8.36,0.37,20-Aug-2025,21-Jul-2026,DIVIDEND-RS.2 PER UNIT,0.2896656865948037,10-MAR-14,-8.43143493477569,13.866182824862983,-6.179671647297549,https://nsearchives.nseindia.com/today/SHARIABEESEQN.svg,https://nsearchives.nseindia.com/30d/SHARIABEES-EQ.svg,https://nsearchives.nseindia.com/365d/SHARIABEES-EQ.svg,EQ
GROWWMOM50,Nifty 500 Momentum 50 Index- Total Return Index,11.18,11.18,10.06,11.05,0.11,1.01,222294,2434119.3,10.9356,11.5,9.12,-,-,5.137963843958144,2.4096385542168823,10.94,0,4.09,1.39,20-Aug-2025,21-Jul-2026,-,2.4096385542168823,-,5.137963843958144,3.9130434782608634,-21.162280701754405,https://nsearchives.nseindia.com/today/GROWWMOM50EQN.svg,https://nsearchives.nseindia.com/30d/GROWWMOM50-EQ.svg,https://nsearchives.nseindia.com/365d/GROWWMOM50-EQ.svg,EQ
BBNPPGOLD,Baroda BNP Paribas Gold ETF,154.7,154.7,151.15,153.35,2.4,1.59,15895,2427961.25,150.7582,184.05,94.5,-,-,59.57336108220604,11.284470246734383,150.95,0,57.08,9.54,20-Aug-2025,21-Jul-2026,-,11.284470246734383,-,59.57336108220604,16.680249932083683,-62.275132275132265,https://nsearchives.nseindia.com/today/BBNPPGOLDEQN.svg,https://nsearchives.nseindia.com/30d/BBNPPGOLD-EQ.svg,https://nsearchives.nseindia.com/365d/BBNPPGOLD-EQ.svg,EQ
SELECTIPO,BSE Select IPO Index,48.82,48.95,48.71,48.79,-0.01,-0.02,46036,2247017.16,48.7459,52.07,37.8,-,-,-2.3418734987990426,5.037674919268022,48.8,0,-2.32,5.06,20-Aug-2025,21-Jul-2026,-,5.037674919268022,-,-2.3418734987990426,6.299212598425199,-29.074074074074083,https://nsearchives.nseindia.com/today/SELECTIPOEQN.svg,https://nsearchives.nseindia.com/30d/SELECTIPO-EQ.svg,https://nsearchives.nseindia.com/365d/SELECTIPO-EQ.svg,EQ
DIVOPPBEES,Nifty Dividend Opportunities 50 TRI,78.23,78.23,77.42,77.51,-0.29,-0.37,28706,2229020.9,77.6996,87.09,72.13,-,-,-0.21884654994850888,0.1550587931257327,77.8,0,0.15,0.53,20-Aug-2025,21-Jul-2026,-,0.1550587931257327,-,-0.21884654994850888,11.000114823745548,-7.4587550256481485,https://nsearchives.nseindia.com/today/DIVOPPBEESEQN.svg,https://nsearchives.nseindia.com/30d/DIVOPPBEES-EQ.svg,https://nsearchives.nseindia.com/365d/DIVOPPBEES-EQ.svg,EQ
GROWWCHEM,Nifty Chemicals Index - TRI,30.27,30.54,29.74,29.82,-0.44,-1.45,68949,2076743.88,30.2984,31.74,24.64,-,-,Infinity,-3.370058327932596,30.26,0,0,-1.94,,21-Jul-2026,-,-3.370058327932596,-,Infinity,6.049149338374286,-21.022727272727273,https://nsearchives.nseindia.com/today/GROWWCHEMEQN.svg,https://nsearchives.nseindia.com/30d/GROWWCHEM-EQ.svg,,EQ
GROWWSC250,Nifty Smallcap 250 Index - TRI,10.89,10.89,10.58,10.65,0.02,0.19,191923,2045899.18,10.5899,10.97,8,-,-,Infinity,2.3054755043227684,10.63,0,0,2.11,,21-Jul-2026,-,2.3054755043227684,-,Infinity,2.9170464904284437,-33.12500000000001,https://nsearchives.nseindia.com/today/GROWWSC250EQN.svg,https://nsearchives.nseindia.com/30d/GROWWSC250-EQ.svg,,EQ
SBIBPB,BSE PSU Bank Index TRI,51,51,49.74,49.8,-0.29,-0.58,40856,2039940.08,49.9179,58.27,38.53,-,-,20.69801260300533,0.8097165991902805,50.09,0,21.4,1.4,20-Aug-2025,21-Jul-2026,-,0.8097165991902805,-,20.69801260300533,14.535781705852077,-29.249935115494406,https://nsearchives.nseindia.com/today/SBIBPBEQN.svg,https://nsearchives.nseindia.com/30d/SBIBPB-EQ.svg,https://nsearchives.nseindia.com/365d/SBIBPB-EQ.svg,EQ
MOHEALTH,Motilal Oswal S&P BSE Healthcare ETF,50.53,52.08,50.53,51.52,-0.04,-0.08,39161,2010134.13,51.4813,53,40.79,-,-,14.438027543314082,0.5660745656841817,51.56,0,14.53,0.64,20-Aug-2025,21-Jul-2026,-,0.5660745656841817,-,14.438027543314082,2.7924528301886733,-26.30546702623193,https://nsearchives.nseindia.com/today/MOHEALTHEQN.svg,https://nsearchives.nseindia.com/30d/MOHEALTH-EQ.svg,https://nsearchives.nseindia.com/365d/MOHEALTH-EQ.svg,EQ
EQUAL50ADD,NIFTY 50 Equal Weight Index,346.79,347.99,345.02,345.35,-2.11,-0.61,5686,1967185.42,345.8409,361,304.78,-,-,4.995135595281529,0.252554575011613,347.46,0,5.64,0.87,20-Aug-2025,21-Jul-2026,-,0.252554575011613,-,4.995135595281529,4.335180055401656,-13.311240895071872,https://nsearchives.nseindia.com/today/EQUAL50ADDEQN.svg,https://nsearchives.nseindia.com/30d/EQUAL50ADD-EQ.svg,https://nsearchives.nseindia.com/365d/EQUAL50ADD-EQ.svg,EQ
MOMENTUM,Aditya Birla Sun Life Nifty 200 Momentum 30 ETF,31,31.44,31,31.02,-0.27,-0.86,61979,1944281.23,31.2786,33,27.05,-,-,0,-0.7677543186180485,31.29,0,0.87,0.1,20-Aug-2025,21-Jul-2026,-,-0.7677543186180485,-,0,6.000000000000002,-14.676524953789274,https://nsearchives.nseindia.com/today/MOMENTUMEQN.svg,https://nsearchives.nseindia.com/30d/MOMENTUM-EQ.svg,https://nsearchives.nseindia.com/365d/MOMENTUM-EQ.svg,EQ
GOLDBND,Commodity - Gold,156.91,159,155.87,158.81,3.32,2.14,12286,1941679.44,155.4893,180.16,115.17,-,-,Infinity,11.461257720381818,155.49,0,0,9.13,,21-Jul-2026,-,11.461257720381818,-,Infinity,11.850577264653639,-37.89181210384649,https://nsearchives.nseindia.com/today/GOLDBNDEQN.svg,https://nsearchives.nseindia.com/30d/GOLDBND-EQ.svg,,EQ
AONETOTAL,Nifty Total Market Index,12.03,12.09,11.98,12.05,0.07,0.58,146423,1758540.23,12.0244,12.51,9.6,-,-,3.079555175363569,1.3456686291000852,11.98,0,2.48,0.76,20-Aug-2025,21-Jul-2026,-,1.3456686291000852,-,3.079555175363569,3.6770583533173387,-25.520833333333346,https://nsearchives.nseindia.com/today/AONETOTALEQN.svg,https://nsearchives.nseindia.com/30d/AONETOTAL-EQ.svg,https://nsearchives.nseindia.com/365d/AONETOTAL-EQ.svg,EQ
ABSLPSE,Aditya Birla Sun Life Nifty PSE ETF,10.29,10.29,10.15,10.2,0.05,0.49,170746,1739901.74,10.1355,11.6,9.21,-,-,4.401228249744112,-1.8286814244465954,10.15,0,3.89,-2.31,20-Aug-2025,21-Jul-2026,-,-1.8286814244465954,-,4.401228249744112,12.068965517241383,-10.749185667752425,https://nsearchives.nseindia.com/today/ABSLPSEEQN.svg,https://nsearchives.nseindia.com/30d/ABSLPSE-EQ.svg,https://nsearchives.nseindia.com/365d/ABSLPSE-EQ.svg,EQ
NIFTYJBLK,INDEX,12.95,12.95,12.41,12.5,0,0.00,137621,1713381.45,12.4226,12.96,12.35,-,-,Infinity,Infinity,12.5,0,0,0,,,-,Infinity,-,Infinity,3.549382716049389,-1.214574898785428,https://nsearchives.nseindia.com/today/NIFTYJBLKEQN.svg,,,EQ
NV20BEES,Nifty50 Value20 TRI,139.66,140.3,139.17,139.51,-0.09,-0.06,12244,1711588.76,139.7962,160,122.02,19-DEC-19, FACE VALUE SPLIT (SUB-DIVISION) - FROM RS 10/- TO RS 1/-,-5.8382829373650145,-0.8316747227751037,139.6,0,-5.78,-0.77,20-Aug-2025,21-Jul-2026, FACE VALUE SPLIT (SUB-DIVISION) - FROM RS 10/- TO RS 1/-,-0.8316747227751037,19-DEC-19,-5.8382829373650145,12.806250000000006,-14.333715784297652,https://nsearchives.nseindia.com/today/NV20BEESEQN.svg,https://nsearchives.nseindia.com/30d/NV20BEES-EQ.svg,https://nsearchives.nseindia.com/365d/NV20BEES-EQ.svg,EQ
ECAPINSURE,BSE Capital Markets & Insurance Total Return Index,24.2,24.35,24.11,24.35,0.17,0.70,69693,1687964.46,24.1287,25.88,20.5,-,-,2.829391891891899,1.3738551207327305,24.18,0,2.11,0.67,20-Aug-2025,21-Jul-2026,-,1.3738551207327305,-,2.829391891891899,5.911901081916529,-18.780487804878053,https://nsearchives.nseindia.com/today/ECAPINSUREEQN.svg,https://nsearchives.nseindia.com/30d/ECAPINSURE-EQ.svg,https://nsearchives.nseindia.com/365d/ECAPINSURE-EQ.svg,EQ
NIF100IETF,Nifty 100,28.37,28.42,28.28,28.39,0,0.00,57524,1630805.4,28.3619,30.88,23,10-MAY-24,FACE VALUE SPLIT (SUB-DIVISION) - FROM RS 10/- PER SHARE TO RE 1/- PER SHARE,-0.42090494563311465,0.8884150675195451,28.39,0,-0.42,0.89,20-Aug-2025,21-Jul-2026,FACE VALUE SPLIT (SUB-DIVISION) - FROM RS 10/- PER SHARE TO RE 1/- PER SHARE,0.8884150675195451,10-MAY-24,-0.42090494563311465,8.063471502590668,-23.434782608695652,https://nsearchives.nseindia.com/today/NIF100IETFEQN.svg,https://nsearchives.nseindia.com/30d/NIF100IETF-EQ.svg,https://nsearchives.nseindia.com/365d/NIF100IETF-EQ.svg,EQ
GROWWRLTY,Index,10.38,10.38,10.17,10.22,0.04,0.39,157502,1609670.44,10.1861,11.3,7.17,-,-,Infinity,-1.0648596321393944,10.18,0,0,-1.45,,21-Jul-2026,-,-1.0648596321393944,-,Infinity,9.557522123893804,-42.538354253835436,https://nsearchives.nseindia.com/today/GROWWRLTYEQN.svg,https://nsearchives.nseindia.com/30d/GROWWRLTY-EQ.svg,,EQ
CONSUMIETF,Nifty India Consumption Index,125.21,125.41,124.36,124.55,-0.48,-0.38,12754,1588000.54,125.2538,141.27,94.65,-,-,-1.6425807470583578,2.065065967385066,125.03,0,-1.26,2.46,20-Aug-2025,21-Jul-2026,-,2.065065967385066,-,-1.6425807470583578,11.835492319671559,-31.590068674062323,https://nsearchives.nseindia.com/today/CONSUMIETFEQN.svg,https://nsearchives.nseindia.com/30d/CONSUMIETF-EQ.svg,https://nsearchives.nseindia.com/365d/CONSUMIETF-EQ.svg,EQ
SENSEXBETA,SENSEX,858.5,861.74,857.67,858,-3.25,-0.38,1800,1546938,859.8564,952.91,785,26-FEB-21, INTERIM DIVIDEND - RS 13.56 PER UNIT,Infinity,0.2957438601002925,861.25,0,0,0.68,,21-Jul-2026, INTERIM DIVIDEND - RS 13.56 PER UNIT,0.2957438601002925,26-FEB-21,Infinity,9.960017210439597,-9.299363057324841,https://nsearchives.nseindia.com/today/SENSEXBETAEQN.svg,https://nsearchives.nseindia.com/30d/SENSEXBETA-EQ.svg,,EQ
FMCGADD,Nifty FMCG Index (TRI),48.07,48.07,47.72,47.95,-0.12,-0.25,29754,1423133.82,48.0748,51.09,47.66,-,-,Infinity,-2.4415055951169804,48.07,0,0,-2.2,,21-Jul-2026,-,-2.4415055951169804,-,Infinity,6.1460168330397345,-0.6084767100293879,https://nsearchives.nseindia.com/today/FMCGADDEQN.svg,https://nsearchives.nseindia.com/30d/FMCGADD-EQ.svg,,EQ
TWCGOLDETF,Commodity,157,158.77,156.3,158.38,3.06,1.97,8740,1380657.8,154.8779,187.98,123.31,-,-,Infinity,11.519504295169684,155.32,0,0,9.36,,21-Jul-2026,-,11.519504295169684,-,Infinity,15.74635599531865,-28.44051577325439,https://nsearchives.nseindia.com/today/TWCGOLDETFEQN.svg,https://nsearchives.nseindia.com/30d/TWCGOLDETF-EQ.svg,,EQ
MOM50,Nifty 50,257,257,252.69,255,0.38,0.15,5299,1345840.02,253.9248,279.33,231.11,16-OCT-14,FACE VALUE SPLIT FROM RS.10/- TO RS.7/-,-2.2014267085986075,0.9341355288157116,254.62,0,-2.35,0.78,20-Aug-2025,21-Jul-2026,FACE VALUE SPLIT FROM RS.10/- TO RS.7/-,0.9341355288157116,16-OCT-14,-2.2014267085986075,8.710127805821067,-10.337068928215995,https://nsearchives.nseindia.com/today/MOM50EQN.svg,https://nsearchives.nseindia.com/30d/MOM50-EQ.svg,https://nsearchives.nseindia.com/365d/MOM50-EQ.svg,EQ
SBIETFIT,Nifty IT Index,344.67,344.67,336.77,339.72,-0.94,-0.28,3886,1317781.46,340.3639,439.27,285,-,-,-12.603226055414051,5.601492073360285,340.66,0,-12.36,5.89,20-Aug-2025,21-Jul-2026,-,5.601492073360285,-,-12.603226055414051,22.662599312495725,-19.20000000000001,https://nsearchives.nseindia.com/today/SBIETFITEQN.svg,https://nsearchives.nseindia.com/30d/SBIETFIT-EQ.svg,https://nsearchives.nseindia.com/365d/SBIETFIT-EQ.svg,EQ
EQUAL50,Nifty50 Equal Weight,334.04,334.99,334.04,334.92,0.96,0.29,3702,1238948.34,334.7534,342.88,295.16,-,-,4.571000374672176,0.770249127452161,333.96,0,4.27,0.48,20-Aug-2025,21-Jul-2026,-,0.770249127452161,-,4.571000374672176,2.3215118992067136,-13.470659981027236,https://nsearchives.nseindia.com/today/EQUAL50EQN.svg,https://nsearchives.nseindia.com/30d/EQUAL50-EQ.svg,https://nsearchives.nseindia.com/365d/EQUAL50-EQ.svg,EQ
MIDQ50ADD,Nifty Midcap 150 Quality 50 Index,25.7,25.7,25.41,25.58,0,0.00,48342,1232237.58,25.5653,25.97,21,03-JUL-26,FACE VALUE SPLIT (SUB-DIVISION) - FROM RS 10/- PER UNIT TO RE 1/- PER UNIT,-89.79005348447353,2.6073004412354535,25.58,0,-89.79,2.61,20-Aug-2025,21-Jul-2026,FACE VALUE SPLIT (SUB-DIVISION) - FROM RS 10/- PER UNIT TO RE 1/- PER UNIT,2.6073004412354535,03-JUL-26,-89.79005348447353,1.501732768579132,-21.809523809523803,https://nsearchives.nseindia.com/today/MIDQ50ADDEQN.svg,https://nsearchives.nseindia.com/30d/MIDQ50ADD-EQ.svg,https://nsearchives.nseindia.com/365d/MIDQ50ADD-EQ.svg,EQ
GROWWNXT50,Index,74.45,74.67,74.03,74.65,-0.02,-0.03,16399,1221069.54,74.5568,76.79,60.01,-,-,Infinity,2.6116838487972585,74.67,0,0,2.64,,21-Jul-2026,-,2.6116838487972585,-,Infinity,2.786821200677172,-24.39593401099818,https://nsearchives.nseindia.com/today/GROWWNXT50EQN.svg,https://nsearchives.nseindia.com/30d/GROWWNXT50-EQ.svg,,EQ
EMULTIMQ,Nifty500 Multicap Momentum Quality 50 Total Return Index,42.25,42.4,41.96,42.01,0.29,0.70,28795,1214573.1,42.0126,43.54,36.25,-,-,1.3021461297323347,1.0584556170315076,41.72,0,0.6,0.36,20-Aug-2025,21-Jul-2026,-,1.0584556170315076,-,1.3021461297323347,3.5140101056499797,-15.889655172413788,https://nsearchives.nseindia.com/today/EMULTIMQEQN.svg,https://nsearchives.nseindia.com/30d/EMULTIMQ-EQ.svg,https://nsearchives.nseindia.com/365d/EMULTIMQ-EQ.svg,EQ
TOP15IETF,Nifty Top 15 Equal Weight Index,9.98,10.02,9.94,9.94,-0.04,-0.40,120686,1203239.42,9.9659,11.36,9.15,-,-,-3.4951456310679725,0.7092198581560313,9.98,0,-3.11,1.11,20-Aug-2025,21-Jul-2026,-,0.7092198581560313,-,-3.4951456310679725,12.5,-8.633879781420756,https://nsearchives.nseindia.com/today/TOP15IETFEQN.svg,https://nsearchives.nseindia.com/30d/TOP15IETF-EQ.svg,https://nsearchives.nseindia.com/365d/TOP15IETF-EQ.svg,EQ
CHOICEGOLD,Gold,154.25,160,154.25,157.79,3.54,2.29,7285,1141632.35,154.6057,175.49,115.79,-,-,Infinity,11.757206601034065,154.25,0,0,9.25,,21-Jul-2026,-,11.757206601034065,-,Infinity,10.086044788876869,-36.27256239744363,https://nsearchives.nseindia.com/today/CHOICEGOLDEQN.svg,https://nsearchives.nseindia.com/30d/CHOICEGOLD-EQ.svg,,EQ
HDFCGROWTH,HDFC NIFTY Growth Sectors 15 ETF,121.17,121.17,120.12,120.12,-1.05,-0.87,9380,1132728.8,121.3037,133.3,107.86,-,-,-1.6377333770062232,3.018867924528311,121.17,0,-0.78,3.92,20-Aug-2025,21-Jul-2026,-,3.018867924528311,-,-1.6377333770062232,9.887471867966996,-11.366586315594294,https://nsearchives.nseindia.com/today/HDFCGROWTHEQN.svg,https://nsearchives.nseindia.com/30d/HDFCGROWTH-EQ.svg,https://nsearchives.nseindia.com/365d/HDFCGROWTH-EQ.svg,EQ
NEXT50ETF,Nifty Next 50 Index,74.84,75,74.46,74.75,-0.09,-0.12,14592,1089000.96,74.77,78,60.15,-,-,Infinity,2.2711725270214758,74.84,0,0,2.39,,21-Jul-2026,-,2.2711725270214758,-,Infinity,4.166666666666667,-24.272651704073155,https://nsearchives.nseindia.com/today/NEXT50ETFEQN.svg,https://nsearchives.nseindia.com/30d/NEXT50ETF-EQ.svg,,EQ
HEALTHCARE,Nifty 500 Healthcare Index,21.61,21.61,21.35,21.43,-0.08,-0.37,49553,1060434.2,21.5143,22.29,17.18,-,-,Infinity,0.09341429238673318,21.51,0,0,0.47,,21-Jul-2026,-,0.09341429238673318,-,Infinity,3.858232391206817,-24.738067520372528,https://nsearchives.nseindia.com/today/HEALTHCAREEQN.svg,https://nsearchives.nseindia.com/30d/HEALTHCARE-EQ.svg,,EQ
QUAL30IETF,ICICI Prudential Nifty 200 Quality 30 ETF,21.54,21.54,21.29,21.3,-0.06,-0.28,49350,1053129,21.4613,23,18,10-MAY-24,FACE VALUE SPLIT (SUB-DIVISION) - FROM RS 10/- PER SHARE TO RE 1/- PER SHARE,0.1881467544684814,1.7677974199713378,21.36,0,0.47,2.05,20-Aug-2025,21-Jul-2026,FACE VALUE SPLIT (SUB-DIVISION) - FROM RS 10/- PER SHARE TO RE 1/- PER SHARE,1.7677974199713378,10-MAY-24,0.1881467544684814,7.391304347826084,-18.333333333333336,https://nsearchives.nseindia.com/today/QUAL30IETFEQN.svg,https://nsearchives.nseindia.com/30d/QUAL30IETF-EQ.svg,https://nsearchives.nseindia.com/365d/QUAL30IETF-EQ.svg,EQ
MOALPHA50,Nifty Alpha 50 Total Return Index,55.9,56.27,55.84,55.9,0.6,1.08,18528,1037197.44,55.8186,62,42.1,-,-,9.030622196216102,2.9655553508933497,55.3,0,7.86,1.86,20-Aug-2025,21-Jul-2026,-,2.9655553508933497,-,9.030622196216102,9.838709677419356,-32.77909738717339,https://nsearchives.nseindia.com/today/MOALPHA50EQN.svg,https://nsearchives.nseindia.com/30d/MOALPHA50-EQ.svg,https://nsearchives.nseindia.com/365d/MOALPHA50-EQ.svg,EQ
GROWWMC150,Nifty Midcap 150 Index - TRI,234.89,236.13,233.29,236.13,-0.12,-0.05,4084,960679.32,234.5583,245,193.6,-,-,Infinity,2.0705455174202436,236.25,0,0,2.12,,21-Jul-2026,-,2.0705455174202436,-,Infinity,3.620408163265308,-21.96797520661157,https://nsearchives.nseindia.com/today/GROWWMC150EQN.svg,https://nsearchives.nseindia.com/30d/GROWWMC150-EQ.svg,,EQ
BANKPSU,Nifty PSU Bank Total Return Index,86.85,87.1,86.5,86.75,-0.11,-0.13,10717,929271.07,86.9414,99.52,67.59,-,-,21.908375491849363,0.6730880816989652,86.86,0,22.06,0.8,20-Aug-2025,21-Jul-2026,-,0.6730880816989652,-,21.908375491849363,12.831591639871379,-28.34738866696256,https://nsearchives.nseindia.com/today/BANKPSUEQN.svg,https://nsearchives.nseindia.com/30d/BANKPSU-EQ.svg,https://nsearchives.nseindia.com/365d/BANKPSU-EQ.svg,EQ
NIFTYADD,Nifty 50 Index,254.92,256.21,254.92,255.53,-0.14,-0.05,3589,917384.29,255.5065,300,232.64,-,-,Infinity,0.515301707182756,255.67,0,0,0.57,,21-Jul-2026,-,0.515301707182756,-,Infinity,14.823333333333334,-9.839236588720777,https://nsearchives.nseindia.com/today/NIFTYADDEQN.svg,https://nsearchives.nseindia.com/30d/NIFTYADD-EQ.svg,,EQ
HEALTHAXIS,Nifty Healthcare Index,168,168.91,166.18,168.34,-0.57,-0.34,5463,912703.41,167.6385,178,135.2,-,-,Infinity,0.023767082590607273,168.91,0,0,0.36,,21-Jul-2026,-,0.023767082590607273,-,Infinity,5.426966292134829,-24.51183431952664,https://nsearchives.nseindia.com/today/HEALTHAXISEQN.svg,https://nsearchives.nseindia.com/30d/HEALTHAXIS-EQ.svg,,EQ
QNIFTY,Nifty 50,270.6,270.6,266.3,267.4,0.4,0.15,3381,903369.39,266.9524,291.19,243.2,13-FEB-26,FACE VALUE SPLIT (SUB-DIVISION) - FROM RS 10/- PER UNIT TO RE 1/- PER UNIT,-90.24208674835968,0.4507888805409424,267,0,-90.26,0.3,20-Aug-2025,21-Jul-2026,FACE VALUE SPLIT (SUB-DIVISION) - FROM RS 10/- PER UNIT TO RE 1/- PER UNIT,0.4507888805409424,13-FEB-26,-90.24208674835968,8.16992341769979,-9.950657894736839,https://nsearchives.nseindia.com/today/QNIFTYEQN.svg,https://nsearchives.nseindia.com/30d/QNIFTY-EQ.svg,https://nsearchives.nseindia.com/365d/QNIFTY-EQ.svg,EQ
BBETF0432,Nifty BHARAT Bond Index - April 2032,1350.36,1355.99,1348.02,1350.05,-0.31,-0.02,662,894017.76,1350.4524,1378,1262.29,-,-,5.369756097560972,0.11271532705983418,1350.36,0,5.39,0.14,20-Aug-2025,21-Jul-2026,-,0.11271532705983418,-,5.369756097560972,2.0283018867924563,-6.9524435747728335,https://nsearchives.nseindia.com/today/BBETF0432EQN.svg,https://nsearchives.nseindia.com/30d/BBETF0432-EQ.svg,https://nsearchives.nseindia.com/365d/BBETF0432-EQ.svg,EQ
NPBET,Nifty Private Bank Index,285.59,286.4,285.45,286,1.83,0.64,3114,889264.98,284.8555,307,246.26,-,-,3.1485555595628876,-0.7805724197745013,284.17,0,2.49,-1.42,20-Aug-2025,21-Jul-2026,-,-0.7805724197745013,-,3.1485555595628876,6.840390879478828,-16.137415739462362,https://nsearchives.nseindia.com/today/NPBETEQN.svg,https://nsearchives.nseindia.com/30d/NPBET-EQ.svg,https://nsearchives.nseindia.com/365d/NPBET-EQ.svg,EQ
ABSLNN50ET,Nifty Next 50,78.08,78.21,77.64,78,-0.29,-0.37,11369,884621.89,78.1779,80.33,63.02,25-NOV-21, FACE VALUE SPLIT (SUB-DIVISION) - FROM RS 10/- PER SHARE TO RE 1/- PER SHARE,9.56595027391488,2.147721320062861,78.29,0,9.97,2.53,20-Aug-2025,21-Jul-2026, FACE VALUE SPLIT (SUB-DIVISION) - FROM RS 10/- PER SHARE TO RE 1/- PER SHARE,2.147721320062861,25-NOV-21,9.56595027391488,2.9005352919208245,-23.770231672484922,https://nsearchives.nseindia.com/today/ABSLNN50ETEQN.svg,https://nsearchives.nseindia.com/30d/ABSLNN50ET-EQ.svg,https://nsearchives.nseindia.com/365d/ABSLNN50ET-EQ.svg,EQ
EBBETF0431,Nifty BHARAT Bond,1439.96,1442.99,1438.95,1439.75,-2.81,-0.19,604,870545.2,1438.8099,1469,1363,-,-,5.3395962744280325,-0.44461961858137045,1442.56,0,5.55,-0.25,20-Aug-2025,21-Jul-2026,-,-0.44461961858137045,-,5.3395962744280325,1.991150442477876,-5.6309611151870875,https://nsearchives.nseindia.com/today/EBBETF0431EQN.svg,https://nsearchives.nseindia.com/30d/EBBETF0431-EQ.svg,https://nsearchives.nseindia.com/365d/EBBETF0431-EQ.svg,EQ
AONENIFTY,Nifty 50 Index,10,10.25,10,10.01,0.01,0.10,85134,853042.68,10.0152,12,9,-,-,-2.1505376344086082,0.6030150753768895,10,0,-2.25,0.5,20-Aug-2025,21-Jul-2026,-,0.6030150753768895,-,-2.1505376344086082,16.583333333333336,-11.22222222222222,https://nsearchives.nseindia.com/today/AONENIFTYEQN.svg,https://nsearchives.nseindia.com/30d/AONENIFTY-EQ.svg,https://nsearchives.nseindia.com/365d/AONENIFTY-EQ.svg,EQ
SENSEXETF,Mirae Asset S&P BSE Sensex ETF,81.5,81.5,79.99,80.15,0.09,0.11,10512,842536.8,80.0826,88.7,73.33,-,-,-4.344193817878029,0.35056967572305137,80.06,0,-4.45,0.24,20-Aug-2025,21-Jul-2026,-,0.35056967572305137,-,-4.344193817878029,9.639233370913187,-9.300422746488486,https://nsearchives.nseindia.com/today/SENSEXETFEQN.svg,https://nsearchives.nseindia.com/30d/SENSEXETF-EQ.svg,https://nsearchives.nseindia.com/365d/SENSEXETF-EQ.svg,EQ
MONIFTY100,Nifty 100 Total Return Index,25.61,25.64,25.42,25.42,-0.19,-0.74,31915,817662.3,25.5727,27.97,22.38,-,-,Infinity,-0.27461749705765687,25.61,0,0,0.47,,21-Jul-2026,-,-0.27461749705765687,-,Infinity,9.116910976045753,-13.583556747095635,https://nsearchives.nseindia.com/today/MONIFTY100EQN.svg,https://nsearchives.nseindia.com/30d/MONIFTY100-EQ.svg,,EQ
HYBRIDETF,Nifty200 Momentum 30 Plus 8-13 yr G-Sec 50:50 Total Return Index,10.11,10.12,10.07,10.07,-0.04,-0.40,80114,809151.4,10.0832,11.99,9.93,-,-,Infinity,Infinity,10.11,0,0,0,,,-,Infinity,-,Infinity,16.013344453711426,-1.4098690835851013,https://nsearchives.nseindia.com/today/HYBRIDETFEQN.svg,,,EQ
UNIONGOLD,Commodity Gold,153.05,155.75,151.5,155.75,3.45,2.27,5192,803358.16,152.3793,177,95.55,-,-,59.743589743589745,11.52882205513784,152.3,0,56.21,9.06,20-Aug-2025,21-Jul-2026,-,11.52882205513784,-,59.743589743589745,12.005649717514125,-63.00366300366301,https://nsearchives.nseindia.com/today/UNIONGOLDEQN.svg,https://nsearchives.nseindia.com/30d/UNIONGOLD-EQ.svg,https://nsearchives.nseindia.com/365d/UNIONGOLD-EQ.svg,EQ
MANUFGBEES,Nifty India Manufacturing TRI,166.62,166.7,165.07,166.04,-0.54,-0.32,4598,762394.38,165.9485,171.58,138.6,-,-,Infinity,3.1240295633811574,166.58,0,0,3.46,,21-Jul-2026,-,3.1240295633811574,-,Infinity,3.228814547150029,-19.7979797979798,https://nsearchives.nseindia.com/today/MANUFGBEESEQN.svg,https://nsearchives.nseindia.com/30d/MANUFGBEES-EQ.svg,,EQ
FLEXIADD,Nifty500 Flexicap Quality 30 TRI,10.28,10.28,10.19,10.24,0.02,0.20,74083,757869.09,10.2631,11.9,8.73,-,-,Infinity,1.992031872509971,10.22,0,0,1.79,,21-Jul-2026,-,1.992031872509971,-,Infinity,13.949579831932773,-17.296678121420385,https://nsearchives.nseindia.com/today/FLEXIADDEQN.svg,https://nsearchives.nseindia.com/30d/FLEXIADD-EQ.svg,,EQ
HDFCVALUE,HDFC NIFTY50 Value 20 ETF,125.9,126.4,125.48,126.35,0.43,0.34,5994,755184.06,125.755,147.05,120,-,-,-4.864091559370535,-0.5039766910780381,125.92,0,-5.19,-0.84,20-Aug-2025,21-Jul-2026,-,-0.5039766910780381,-,-4.864091559370535,14.076844610676652,-5.291666666666662,https://nsearchives.nseindia.com/today/HDFCVALUEEQN.svg,https://nsearchives.nseindia.com/30d/HDFCVALUE-EQ.svg,https://nsearchives.nseindia.com/365d/HDFCVALUE-EQ.svg,EQ
SBISMLETF,Nifty Smallcap 250 Index,18.72,18.72,18.38,18.5,0.15,0.82,39553,730543.91,18.3605,18.97,16.53,-,-,Infinity,2.1535063500828304,18.35,0,0,1.33,,21-Jul-2026,-,2.1535063500828304,-,Infinity,2.477596204533468,-11.917725347852382,https://nsearchives.nseindia.com/today/SBISMLETFEQN.svg,https://nsearchives.nseindia.com/30d/SBISMLETF-EQ.svg,,EQ
SMALLIETF,Nifty Smallcap 250 Index,18.6,18.6,18.41,18.53,0.11,0.60,39514,729823.58,18.3716,19.49,17.43,-,-,Infinity,2.093663911845744,18.42,0,0,1.49,,21-Jul-2026,-,2.093663911845744,-,Infinity,4.925602873268329,-6.310958118187042,https://nsearchives.nseindia.com/today/SMALLIETFEQN.svg,https://nsearchives.nseindia.com/30d/SMALLIETF-EQ.svg,,EQ
SMALLGROWW,Nifty Smallcap 250 Momentum Quality 100 Index TRI,48.1,49.35,48.05,48.9,0.36,0.74,14890,728418.8,48.6118,49.8,45,-,-,Infinity,2.6017624842635376,48.54,0,0,1.85,,21-Jul-2026,-,2.6017624842635376,-,Infinity,1.8072289156626478,-8.666666666666664,https://nsearchives.nseindia.com/today/SMALLGROWWEQN.svg,https://nsearchives.nseindia.com/30d/SMALLGROWW-EQ.svg,,EQ
CEMNTGROWW,Nifty Cements Index TRI,15.18,15.18,14.79,14.95,0.01,0.07,47589,709076.1,14.9345,16.27,14.5,-,-,Infinity,Infinity,14.94,0,0,0,,,-,Infinity,-,Infinity,8.113091579594347,-3.103448275862064,https://nsearchives.nseindia.com/today/CEMNTGROWWEQN.svg,,,EQ
GROWWN200,Nifty 200 Index- Total Return Index,11.46,11.6,11.4,11.5,0.04,0.35,59987,688050.89,11.4561,12.14,9.91,-,-,1.8600531443755612,1.1433597185576148,11.46,0,1.51,0.79,20-Aug-2025,21-Jul-2026,-,1.1433597185576148,-,1.8600531443755612,5.271828665568373,-16.044399596367306,https://nsearchives.nseindia.com/today/GROWWN200EQN.svg,https://nsearchives.nseindia.com/30d/GROWWN200-EQ.svg,https://nsearchives.nseindia.com/365d/GROWWN200-EQ.svg,EQ
SBIETFPB,Nifty Private Bank Index,284.56,284.56,280.56,281.58,2.23,0.80,2391,674309.82,280.8568,304.58,244.18,-,-,2.6727438468550533,-1.0298407788829942,279.35,0,1.86,-1.81,20-Aug-2025,21-Jul-2026,-,-1.0298407788829942,-,2.6727438468550533,7.551382231269289,-15.316569743631737,https://nsearchives.nseindia.com/today/SBIETFPBEQN.svg,https://nsearchives.nseindia.com/30d/SBIETFPB-EQ.svg,https://nsearchives.nseindia.com/365d/SBIETFPB-EQ.svg,EQ
NIFTY100EW,Nifty 100 Equal Weight Index,35.72,35.72,35.43,35.65,0.1,0.28,18511,658066.05,35.548,41.41,29.84,-,-,6.132777612384623,1.451337507114394,35.55,0,5.84,1.17,20-Aug-2025,21-Jul-2026,-,1.451337507114394,-,6.132777612384623,13.909683651291955,-19.470509383378012,https://nsearchives.nseindia.com/today/NIFTY100EWEQN.svg,https://nsearchives.nseindia.com/30d/NIFTY100EW-EQ.svg,https://nsearchives.nseindia.com/365d/NIFTY100EW-EQ.svg,EQ
SENSEXADD,DSP S&P BSE Sensex ETF,80.28,80.28,79.65,79.65,-0.53,-0.66,8140,650711.6,80.0365,88.2,73.27,-,-,-4.599353215953994,0.012556504269217875,80.18,0,-3.96,0.68,20-Aug-2025,21-Jul-2026,-,0.012556504269217875,-,-4.599353215953994,9.693877551020405,-8.707520131022259,https://nsearchives.nseindia.com/today/SENSEXADDEQN.svg,https://nsearchives.nseindia.com/30d/SENSEXADD-EQ.svg,https://nsearchives.nseindia.com/365d/SENSEXADD-EQ.svg,EQ
BANKBETF,Bajaj Finserv Nifty Bank ETF,58.7,58.87,58.41,58.74,0.29,0.50,10804,634194.8,58.5316,63.9,50.71,-,-,3.927813163481951,-0.2716468590831861,58.45,0,3.41,-0.76,20-Aug-2025,21-Jul-2026,-,-0.2716468590831861,-,3.927813163481951,8.075117370892013,-15.835140997830804,https://nsearchives.nseindia.com/today/BANKBETFEQN.svg,https://nsearchives.nseindia.com/30d/BANKBETF-EQ.svg,https://nsearchives.nseindia.com/365d/BANKBETF-EQ.svg,EQ
SBINEQWETF,Nifty50 Equal Weight,33.55,33.78,33.52,33.78,0.23,0.69,18750,629812.5,33.6427,36.4,29.64,-,-,5.463627848891664,0.9563658099222961,33.55,0,4.75,0.27,20-Aug-2025,21-Jul-2026,-,0.9563658099222961,-,5.463627848891664,7.197802197802192,-13.967611336032391,https://nsearchives.nseindia.com/today/SBINEQWETFEQN.svg,https://nsearchives.nseindia.com/30d/SBINEQWETF-EQ.svg,https://nsearchives.nseindia.com/365d/SBINEQWETF-EQ.svg,EQ
SBIETFQLTY,Nifty 200 Quality 30 Index,224.83,225.55,224,225.25,0.23,0.10,2750,619850,225.6889,247.28,194,-,-,0.3385451467771352,2.126405513239027,225.02,0,0.24,2.02,20-Aug-2025,21-Jul-2026,-,2.126405513239027,-,0.3385451467771352,8.908929149142672,-16.108247422680414,https://nsearchives.nseindia.com/today/SBIETFQLTYEQN.svg,https://nsearchives.nseindia.com/30d/SBIETFQLTY-EQ.svg,https://nsearchives.nseindia.com/365d/SBIETFQLTY-EQ.svg,EQ
TOP20,Nifty Top 20 Equal Weight,9.04,9.04,8.99,9.01,-0.01,-0.11,68410,616374.1,9.0108,9.99,8,-,-,Infinity,1.9230769230769222,9.02,0,0,2.04,,21-Jul-2026,-,1.9230769230769222,-,Infinity,9.809809809809813,-12.624999999999996,https://nsearchives.nseindia.com/today/TOP20EQN.svg,https://nsearchives.nseindia.com/30d/TOP20-EQ.svg,,EQ
LICNETFGSC,GSEC10 NSE Index,29.42,29.78,29.36,29.59,0.03,0.10,20321,599469.5,29.4842,30.53,27.42,-,-,4.854712969525163,0.47538200339558767,29.56,0,4.75,0.37,20-Aug-2025,21-Jul-2026,-,0.47538200339558767,-,4.854712969525163,3.078938748771704,-7.91393143690736,https://nsearchives.nseindia.com/today/LICNETFGSCEQN.svg,https://nsearchives.nseindia.com/30d/LICNETFGSC-EQ.svg,https://nsearchives.nseindia.com/365d/LICNETFGSC-EQ.svg,EQ
NV20,Nifty50 Value 20,14.02,14.02,13.94,13.94,0.05,0.36,40459,565616.82,13.967,16.87,12.62,27-FEB-26,FACE VALUE SPLIT (SUB-DIVISION) - FROM RS 10/- PER SHARE TO RE 1/- PER SHARE,-90.52602963164333,-0.8534850640113868,13.89,0,-90.56,-1.21,20-Aug-2025,21-Jul-2026,FACE VALUE SPLIT (SUB-DIVISION) - FROM RS 10/- PER SHARE TO RE 1/- PER SHARE,-0.8534850640113868,27-FEB-26,-90.52602963164333,17.368109069353892,-10.459587955625993,https://nsearchives.nseindia.com/today/NV20EQN.svg,https://nsearchives.nseindia.com/30d/NV20-EQ.svg,https://nsearchives.nseindia.com/365d/NV20-EQ.svg,EQ
NIFTYBETF,Bajaj Finserv Nifty 50 ETF,250.58,250.58,248.98,250.21,0.94,0.38,2203,550265.34,249.5629,279.99,227.01,-,-,-2.208238880637851,0.635482443791985,249.27,0,-2.58,0.26,20-Aug-2025,21-Jul-2026,-,0.635482443791985,-,-2.208238880637851,10.636094146219508,-10.21981410510551,https://nsearchives.nseindia.com/today/NIFTYBETFEQN.svg,https://nsearchives.nseindia.com/30d/NIFTYBETF-EQ.svg,https://nsearchives.nseindia.com/365d/NIFTYBETF-EQ.svg,EQ
SBIMIDMOM,Nifty Midcap 150 Momentum 50 Index,64.55,64.55,63.68,63.85,-0.07,-0.11,8429,538444.52,63.7911,67.74,53.86,-,-,Infinity,1.850374860424316,63.92,0,0,1.96,,21-Jul-2026,-,1.850374860424316,-,Infinity,5.7425450250959456,-18.548087634608247,https://nsearchives.nseindia.com/today/SBIMIDMOMEQN.svg,https://nsearchives.nseindia.com/30d/SBIMIDMOM-EQ.svg,,EQ
VALUE,Nifty 500 Value 50,16.08,16.16,16.07,16.16,0.07,0.44,31891,513445.1,16.0709,19.69,14.83,-,-,Infinity,-0.7371007371007432,16.09,0,0,-1.17,,21-Jul-2026,-,-0.7371007371007432,-,Infinity,17.927882173692232,-8.96830748482805,https://nsearchives.nseindia.com/today/VALUEEQN.svg,https://nsearchives.nseindia.com/30d/VALUE-EQ.svg,,EQ
HDFCNIF100,HDFC NIFTY 100 ETF,26.35,26.36,26.2,26.28,0.06,0.23,18268,478986.96,26.2794,29,23.31,20-OCT-23,FACE VALUE SPLIT (SUB-DIVISION) - FROM RS 177.27/- PER SHARE TO RS 17.727/- PER SHARE,-0.3412969283276445,0.7668711656441827,26.22,0,-0.57,0.54,20-Aug-2025,21-Jul-2026,FACE VALUE SPLIT (SUB-DIVISION) - FROM RS 177.27/- PER SHARE TO RS 17.727/- PER SHARE,0.7668711656441827,20-OCT-23,-0.3412969283276445,9.379310344827582,-12.741312741312752,https://nsearchives.nseindia.com/today/HDFCNIF100EQN.svg,https://nsearchives.nseindia.com/30d/HDFCNIF100-EQ.svg,https://nsearchives.nseindia.com/365d/HDFCNIF100-EQ.svg,EQ
INSUREIETF,BSE Insurance Index,15.49,15.65,15.41,15.65,0.16,1.03,30258,470814.48,15.4777,16.46,15.32,-,-,Infinity,Infinity,15.49,0,0,0,,,-,Infinity,-,Infinity,4.921020656136091,-2.154046997389034,https://nsearchives.nseindia.com/today/INSUREIETFEQN.svg,,,EQ
MID150,Nifty Midcap 150 Index,24.2,24.2,23.7,23.89,0.16,0.67,19709,468088.75,,24.95,18.97,-,-,6.13060861839182,1.7028522775649304,23.73,0,5.42,1.02,20-Aug-2025,21-Jul-2026,-,1.7028522775649304,-,6.13060861839182,4.248496993987971,-25.935687928307864,https://nsearchives.nseindia.com/today/MID150EQN.svg,https://nsearchives.nseindia.com/30d/MID150-EQ.svg,https://nsearchives.nseindia.com/365d/MID150-EQ.svg,EQ
TECH,Nifty IT TRI Index,33.46,34,33.22,34,0.35,1.04,13465,450538.9,33.6079,49.41,28,-,-,-10.502763885232962,6.985525487728127,33.65,0,-11.42,5.88,20-Aug-2025,21-Jul-2026,-,6.985525487728127,-,-10.502763885232962,31.1880186197126,-21.428571428571427,https://nsearchives.nseindia.com/today/TECHEQN.svg,https://nsearchives.nseindia.com/30d/TECH-EQ.svg,https://nsearchives.nseindia.com/365d/TECH-EQ.svg,EQ
QUALITY30,Nifty200 Quality 30 Index,21.52,21.52,20.91,20.94,-0.12,-0.57,21419,449156.43,21.041,23.18,18.09,-,-,2.4963289280469976,2.096538274012675,21.06,0,3.08,2.68,20-Aug-2025,21-Jul-2026,-,2.096538274012675,-,2.4963289280469976,9.663503019844686,-15.75456053067994,https://nsearchives.nseindia.com/today/QUALITY30EQN.svg,https://nsearchives.nseindia.com/30d/QUALITY30-EQ.svg,https://nsearchives.nseindia.com/365d/QUALITY30-EQ.svg,EQ
EMETAL,Nifty Metal Total Return Index,13.09,13.17,13.08,13.1,0.13,1.00,34255,448740.5,13.0471,15.21,12.41,-,-,Infinity,Infinity,12.97,0,0,0,,,-,Infinity,-,Infinity,13.872452333990802,-5.560032232070906,https://nsearchives.nseindia.com/today/EMETALEQN.svg,,,EQ
ITADD,DSP Nifty IT ETF,32.32,32.52,32.16,32.16,-0.46,-1.41,12958,419839.2,32.5529,41.92,27.17,-,-,Infinity,4.517387065323358,32.62,0,0,6.01,,21-Jul-2026,-,4.517387065323358,-,Infinity,23.28244274809161,-18.365844681634137,https://nsearchives.nseindia.com/today/ITADDEQN.svg,https://nsearchives.nseindia.com/30d/ITADD-EQ.svg,,EQ
MSCIINDIA,MSCI India Index,30.17,30.21,30.1,30.21,0.08,0.27,12966,391184.22,30.139,32.14,26.5,-,-,1.5120967741935458,1.0705921712947484,30.13,0,1.24,0.8,20-Aug-2025,21-Jul-2026,-,1.0705921712947484,-,1.5120967741935458,6.0049782202862465,-14.000000000000004,https://nsearchives.nseindia.com/today/MSCIINDIAEQN.svg,https://nsearchives.nseindia.com/30d/MSCIINDIA-EQ.svg,https://nsearchives.nseindia.com/365d/MSCIINDIA-EQ.svg,EQ
GROWWPSE,Nifty PSE Index - TRI,98.43,98.95,97.99,98.64,1.01,1.03,3828,376904.88,97.9404,109.85,93.2,-,-,Infinity,-1.9093078758949897,97.63,0,0,-2.91,,21-Jul-2026,-,-1.9093078758949897,-,Infinity,10.204824761037774,-5.836909871244632,https://nsearchives.nseindia.com/today/GROWWPSEEQN.svg,https://nsearchives.nseindia.com/30d/GROWWPSE-EQ.svg,,EQ
ITAXIS,NIFTY IT Index,335.73,339.1,334.78,336.5,0.87,0.26,1040,351000,338.2332,439.67,230.7,-,-,Infinity,5.416496976911757,335.63,0,0,5.14,,21-Jul-2026,-,5.416496976911757,-,Infinity,23.465326267427848,-45.86042479410491,https://nsearchives.nseindia.com/today/ITAXISEQN.svg,https://nsearchives.nseindia.com/30d/ITAXIS-EQ.svg,,EQ
GROWWPSUBK,Nifty PSU Bank Index - TRI,86.64,86.88,86.04,86.06,-0.21,-0.24,3677,317251.56,86.443,91.19,77.57,-,-,Infinity,0.6431996257747599,86.27,0,0,0.89,,21-Jul-2026,-,0.6431996257747599,-,Infinity,5.625616843952183,-10.944952945726452,https://nsearchives.nseindia.com/today/GROWWPSUBKEQN.svg,https://nsearchives.nseindia.com/30d/GROWWPSUBK-EQ.svg,,EQ
NEXT30ADD,BSE SENSEX Next 30 Index,43.49,46.7,43.29,44.95,1.46,3.36,6949,304922.12,43.5013,46.7,36.98,-,-,14.63912267278756,6.014150943396237,43.49,0,10.92,2.57,20-Aug-2025,21-Jul-2026,-,6.014150943396237,-,14.63912267278756,3.747323340471092,-21.552190373174707,https://nsearchives.nseindia.com/today/NEXT30ADDEQN.svg,https://nsearchives.nseindia.com/30d/NEXT30ADD-EQ.svg,https://nsearchives.nseindia.com/365d/NEXT30ADD-EQ.svg,EQ
SBIETFCON,Nifty India Consumption Index,124.63,124.67,123.86,124.35,-0.28,-0.22,2443,303493.89,124.7731,133.97,100,-,-,-1.6218354430379835,2.261513157894737,124.63,0,-1.4,2.49,20-Aug-2025,21-Jul-2026,-,2.261513157894737,-,-1.6218354430379835,7.180712099723822,-24.349999999999994,https://nsearchives.nseindia.com/today/SBIETFCONEQN.svg,https://nsearchives.nseindia.com/30d/SBIETFCON-EQ.svg,https://nsearchives.nseindia.com/365d/SBIETFCON-EQ.svg,EQ
NETF,Tata Nifty 50 Exchange Traded Fund,263.23,266,263.23,264.65,1.42,0.54,1146,303288.9,263.964,292.9,240.66,-,-,-2.2854822035149898,0.7499619308664423,263.23,0,-2.81,0.21,20-Aug-2025,21-Jul-2026,-,0.7499619308664423,-,-2.2854822035149898,9.644930010242405,-9.968420177844255,https://nsearchives.nseindia.com/today/NETFEQN.svg,https://nsearchives.nseindia.com/30d/NETF-EQ.svg,https://nsearchives.nseindia.com/365d/NETF-EQ.svg,EQ
AONETMMQ50,Nifty Total Market Momentum Quality 50 TRI,10.4,10.41,10.31,10.4,0.05,0.48,28940,299529,10.361,10.87,8,-,-,Infinity,2.868447082096943,10.35,0,0,2.37,,21-Jul-2026,-,2.868447082096943,-,Infinity,4.3238270469181135,-30.000000000000004,https://nsearchives.nseindia.com/today/AONETMMQ50EQN.svg,https://nsearchives.nseindia.com/30d/AONETMMQ50-EQ.svg,,EQ
PVTBKGROWW,Nifty Private Bank Index - TRI,27.64,27.9,27.31,27.76,0.12,0.43,10726,296681.16,27.5789,29.57,25.45,-,-,Infinity,-0.5730659025787971,27.64,0,0,-1,,21-Jul-2026,-,-0.5730659025787971,-,Infinity,6.121068650659448,-9.076620825147357,https://nsearchives.nseindia.com/today/PVTBKGROWWEQN.svg,https://nsearchives.nseindia.com/30d/PVTBKGROWW-EQ.svg,,EQ
MOINFRA,BSE India Infrastructure Total Return Index,59.42,59.67,59.32,59.65,0.4,0.68,4897,291224.59,59.2129,66,54.6,-,-,0.9818858980870125,-3.416450777202072,59.25,0,0.3,-4.06,20-Aug-2025,21-Jul-2026,-,-3.416450777202072,-,0.9818858980870125,9.621212121212123,-9.249084249084243,https://nsearchives.nseindia.com/today/MOINFRAEQN.svg,https://nsearchives.nseindia.com/30d/MOINFRA-EQ.svg,https://nsearchives.nseindia.com/365d/MOINFRA-EQ.svg,EQ
SMALLADD,Nifty Smallcap 250 Index,18.49,18.53,18.45,18.53,0.04,0.22,15026,278281.52,18.4465,19.5,14.01,-,-,Infinity,1.925192519251933,18.49,0,0,1.71,,21-Jul-2026,-,1.925192519251933,-,Infinity,4.974358974358968,-32.26266952177017,https://nsearchives.nseindia.com/today/SMALLADDEQN.svg,https://nsearchives.nseindia.com/30d/SMALLADD-EQ.svg,,EQ
BANK10ADD,BSE Top 10 Banks Index (TRI),16.94,17.02,16.88,16.88,-0.03,-0.18,16235,274533.85,16.9071,18.99,12.08,-,-,Infinity,-1.9174898314933284,16.91,0,0,-1.74,,21-Jul-2026,-,-1.9174898314933284,-,Infinity,11.111111111111109,-39.73509933774834,https://nsearchives.nseindia.com/today/BANK10ADDEQN.svg,https://nsearchives.nseindia.com/30d/BANK10ADD-EQ.svg,,EQ
SETF10GILT,Nifty 10 yr Benchmark G-Sec Index,266.5,266.5,264.05,264.41,-0.78,-0.29,1016,269057.12,264.8238,272.31,250.37,-,-,3.2730539389915454,-0.18120729359355256,265.19,0,3.58,0.11,20-Aug-2025,21-Jul-2026,-,-0.18120729359355256,-,3.2730539389915454,2.9011053578641905,-5.607700603107409,https://nsearchives.nseindia.com/today/SETF10GILTEQN.svg,https://nsearchives.nseindia.com/30d/SETF10GILT-EQ.svg,https://nsearchives.nseindia.com/365d/SETF10GILT-EQ.svg,EQ
HDFCQUAL,HDFC NIFTY100 Quality 30 ETF,59.29,59.37,59.25,59.25,-0.09,-0.15,4240,251304.8,59.4897,61.87,51.91,-,-,2.1375624892259992,2.6151714582611674,59.34,0,2.29,2.77,20-Aug-2025,21-Jul-2026,-,2.6151714582611674,-,2.1375624892259992,4.234685631162111,-14.139857445578894,https://nsearchives.nseindia.com/today/HDFCQUALEQN.svg,https://nsearchives.nseindia.com/30d/HDFCQUAL-EQ.svg,https://nsearchives.nseindia.com/365d/HDFCQUAL-EQ.svg,EQ
BANKADD,DSP Nifty Bank ETF,59.01,59.24,58.9,59.12,0.11,0.19,4052,239189.56,58.9487,62.9,51.01,-,-,Infinity,-0.3035413153456994,59.01,0,0,-0.49,,21-Jul-2026,-,-0.3035413153456994,-,Infinity,6.009538950715423,-15.898843364046266,https://nsearchives.nseindia.com/today/BANKADDEQN.svg,https://nsearchives.nseindia.com/30d/BANKADD-EQ.svg,,EQ
MON50EQUAL,Nifty 50 Equal Weight Total Return Index,33.64,36,33.6,33.72,0.08,0.24,6733,226430.79,33.5733,36,29.43,-,-,5.2106084243369795,1.2612612612612666,33.64,0,4.96,1.02,20-Aug-2025,21-Jul-2026,-,1.2612612612612666,-,5.2106084243369795,6.333333333333337,-14.576962283384297,https://nsearchives.nseindia.com/today/MON50EQUALEQN.svg,https://nsearchives.nseindia.com/30d/MON50EQUAL-EQ.svg,https://nsearchives.nseindia.com/365d/MON50EQUAL-EQ.svg,EQ
SBINMID150,Nifty Midcap 150 Index,23.64,23.64,23.35,23.55,0.02,0.08,9504,223153.92,23.4462,24.06,19.81,-,-,Infinity,1.2467755803955252,23.53,0,0,1.16,,21-Jul-2026,-,1.2467755803955252,-,Infinity,2.1197007481296675,-18.87935386168603,https://nsearchives.nseindia.com/today/SBINMID150EQN.svg,https://nsearchives.nseindia.com/30d/SBINMID150-EQ.svg,,EQ
NIFTYQLITY,Aditya Birla Sun Life Nifty 200 Quality 30 ETF,21.65,22.07,21.4,21.65,0.03,0.14,10245,221599.35,21.6782,23.03,18.95,-,-,0.7445323406235466,2.267359470949442,21.62,0,0.6,2.13,20-Aug-2025,21-Jul-2026,-,2.267359470949442,-,0.7445323406235466,5.992184107685638,-14.248021108179417,https://nsearchives.nseindia.com/today/NIFTYQLITYEQN.svg,https://nsearchives.nseindia.com/30d/NIFTYQLITY-EQ.svg,https://nsearchives.nseindia.com/365d/NIFTYQLITY-EQ.svg,EQ
EBANK10,Index (BSE Top 10 Bank),17.18,17.18,16.87,16.94,-0.16,-0.94,13083,221102.7,16.7816,17.9,16.6,-,-,Infinity,Infinity,17.1,0,0,0,,,-,Infinity,-,Infinity,5.363128491620097,-2.048192771084336,https://nsearchives.nseindia.com/today/EBANK10EQN.svg,,,EQ
ITBETA,UTI Nifty IT ETF,320.69,323.63,317.24,317.24,-6.1,-1.89,665,213066,322.8059,409.94,270.68,-,-,Infinity,4.1497045305318405,323.34,0,0,6.15,,21-Jul-2026,-,4.1497045305318405,-,Infinity,22.613065326633162,-17.201123097384365,https://nsearchives.nseindia.com/today/ITBETAEQN.svg,https://nsearchives.nseindia.com/30d/ITBETA-EQ.svg,,EQ
ABSL10BANK,BSE Top 10 Banks Index,169.39,169.96,169,169,0.53,0.31,1227,207743.37,168.9906,214.42,150,-,-,Infinity,-2.3064917047228213,168.47,0,0,-2.61,,21-Jul-2026,-,-2.3064917047228213,-,Infinity,21.182725492024996,-12.666666666666666,https://nsearchives.nseindia.com/today/ABSL10BANKEQN.svg,https://nsearchives.nseindia.com/30d/ABSL10BANK-EQ.svg,,EQ
MOLOWVOL,Nifty Midcap 100 TRI,36.83,36.94,36.62,36.94,0.07,0.19,5576,205029.52,36.7873,43.07,33.52,11-AUG-22,FACE VALUE SPLIT (SUB-DIVISION) - FROM RS 10/- PER UNIT TO RS 2/- PER UNIT,-3.1716906946264767,-0.3237992444684418,36.87,0,-3.36,-0.51,20-Aug-2025,21-Jul-2026,FACE VALUE SPLIT (SUB-DIVISION) - FROM RS 10/- PER UNIT TO RS 2/- PER UNIT,-0.3237992444684418,11-AUG-22,-3.1716906946264767,14.232644532156959,-10.202863961813824,https://nsearchives.nseindia.com/today/MOLOWVOLEQN.svg,https://nsearchives.nseindia.com/30d/MOLOWVOL-EQ.svg,https://nsearchives.nseindia.com/365d/MOLOWVOL-EQ.svg,EQ
SNXT30BEES,BSE Sensex Next 30 Index,43.45,43.48,43.15,43.48,0.05,0.12,4727,204631.83,43.3783,44.56,36.83,-,-,11.287432812899915,2.7410207939508426,43.43,0,11.16,2.62,20-Aug-2025,21-Jul-2026,-,2.7410207939508426,-,11.287432812899915,2.423698384201089,-18.055932663589463,https://nsearchives.nseindia.com/today/SNXT30BEESEQN.svg,https://nsearchives.nseindia.com/30d/SNXT30BEES-EQ.svg,https://nsearchives.nseindia.com/365d/SNXT30BEES-EQ.svg,EQ
CONS,Kotak Nifty India Consumption ETF,12.43,12.43,12.32,12.4,-0.05,-0.40,15623,193412.74,12.4402,13.2,10.2,27-FEB-26,FACE VALUE SPLIT (SUB-DIVISION) - FROM RS 10/- PER SHARE TO RE 1/- PER SHARE,-90.12188321516768,2.2258862324814475,12.45,0,-90.08,2.64,20-Aug-2025,21-Jul-2026,FACE VALUE SPLIT (SUB-DIVISION) - FROM RS 10/- PER SHARE TO RE 1/- PER SHARE,2.2258862324814475,27-FEB-26,-90.12188321516768,6.060606060606053,-21.568627450980404,https://nsearchives.nseindia.com/today/CONSEQN.svg,https://nsearchives.nseindia.com/30d/CONS-EQ.svg,https://nsearchives.nseindia.com/365d/CONS-EQ.svg,EQ
HEALTHADD,DSP Nifty Healthcare ETF,16.65,16.65,16.46,16.6,0.06,0.36,11692,193385.68,16.6307,17.47,13.54,03-JUL-26,FACE VALUE SPLIT (SUB-DIVISION) - FROM RS 10/- PER UNIT TO RE 1/- PER UNIT,-88.72588970388482,-0.7770472205618589,16.54,0,-88.77,-1.14,20-Aug-2025,21-Jul-2026,FACE VALUE SPLIT (SUB-DIVISION) - FROM RS 10/- PER UNIT TO RE 1/- PER UNIT,-0.7770472205618589,03-JUL-26,-88.72588970388482,4.979965655409258,-22.59970457902513,https://nsearchives.nseindia.com/today/HEALTHADDEQN.svg,https://nsearchives.nseindia.com/30d/HEALTHADD-EQ.svg,https://nsearchives.nseindia.com/365d/HEALTHADD-EQ.svg,EQ
GSEC5IETF,Nifty 5 yr Benchmark G-Sec Index,66.9,66.9,66.1,66.9,-0.02,-0.03,2879,191050.44,66.2392,69.14,62,-,-,6.732610082961081,0.66205236232322,66.92,0,6.76,0.69,20-Aug-2025,21-Jul-2026,-,0.66205236232322,-,6.732610082961081,3.2398032976569207,-7.903225806451622,https://nsearchives.nseindia.com/today/GSEC5IETFEQN.svg,https://nsearchives.nseindia.com/30d/GSEC5IETF-EQ.svg,https://nsearchives.nseindia.com/365d/GSEC5IETF-EQ.svg,EQ
LOWVOL,Mirae Asset Nifty 100 Low Volatility 30 ETF,208.21,208.29,207.92,207.92,-0.61,-0.29,900,187272,208.8317,219.1,183.58,-,-,-0.7967937401593663,0.052932967614640884,208.53,0,-0.51,0.35,20-Aug-2025,21-Jul-2026,-,0.052932967614640884,-,-0.7967937401593663,5.10269283432223,-13.258524893779263,https://nsearchives.nseindia.com/today/LOWVOLEQN.svg,https://nsearchives.nseindia.com/30d/LOWVOL-EQ.svg,https://nsearchives.nseindia.com/365d/LOWVOL-EQ.svg,EQ
MONEXT50,Nifty Next 50 Total Return Index,74.13,74.22,73.84,74.08,-0.26,-0.35,2448,181176.48,74.1421,75.89,59.43,-,-,9.14984529247089,2.2921844794255684,74.34,0,9.53,2.65,20-Aug-2025,21-Jul-2026,-,2.2921844794255684,-,9.14984529247089,2.3850309658716595,-24.65084973918896,https://nsearchives.nseindia.com/today/MONEXT50EQN.svg,https://nsearchives.nseindia.com/30d/MONEXT50-EQ.svg,https://nsearchives.nseindia.com/365d/MONEXT50-EQ.svg,EQ
MOQUALITY,Motilal Oswal S&P BSE Quality ETF,202.88,203.67,202.88,203.6,-0.11,-0.05,886,180141.52,203.3053,225.6,176.15,-,-,5.350305288212773,0.682425081594301,203.71,0,5.41,0.74,20-Aug-2025,21-Jul-2026,-,0.682425081594301,-,5.350305288212773,9.75177304964539,-15.583309679250632,https://nsearchives.nseindia.com/today/MOQUALITYEQN.svg,https://nsearchives.nseindia.com/30d/MOQUALITY-EQ.svg,https://nsearchives.nseindia.com/365d/MOQUALITY-EQ.svg,EQ
ESG,NIFTY100 ESG SECTOR LEADERS,41.8,41.86,41.67,41.8,0,0.00,4316,180063.52,41.7664,45.06,37.52,-,-,-2.813299232736575,0,41.8,0,-2.81,0,20-Aug-2025,21-Jul-2026,-,0,-,-2.813299232736575,7.234798047048391,-11.407249466950944,https://nsearchives.nseindia.com/today/ESGEQN.svg,https://nsearchives.nseindia.com/30d/ESG-EQ.svg,https://nsearchives.nseindia.com/365d/ESG-EQ.svg,EQ
GROWWLOVOL,Nifty 500 Low Volatility 50 Index   TRI,10.46,10.63,10.35,10.63,0.17,1.63,16676,174097.44,10.4859,11.1,9.39,-,-,4.113614103819783,1.9175455417066258,10.46,0,2.45,0.29,20-Aug-2025,21-Jul-2026,-,1.9175455417066258,-,4.113614103819783,4.234234234234224,-13.205537806176785,https://nsearchives.nseindia.com/today/GROWWLOVOLEQN.svg,https://nsearchives.nseindia.com/30d/GROWWLOVOL-EQ.svg,https://nsearchives.nseindia.com/365d/GROWWLOVOL-EQ.svg,EQ
IVZBANKNF,Nifty Bank TRI,57.67,57.67,57.46,57.46,0.26,0.45,2851,163875.48,57.4494,0,0,-,-,Infinity,Infinity,57.2,0,0,0,,,-,Infinity,-,Infinity,,,https://nsearchives.nseindia.com/today/IVZBANKNFEQN.svg,,,EQ
PVTBANK,Index,27.64,27.73,27.62,27.72,0.23,0.84,5746,159106.74,27.538,28.33,27.01,-,-,Infinity,Infinity,27.49,0,0,0,,,-,Infinity,-,Infinity,2.153194493469818,-2.6286560533135774,https://nsearchives.nseindia.com/today/PVTBANKEQN.svg,,,EQ
MIDCAPBETA,UTI Nifty Midcap 150 Exchange Traded Fund (ETF),237.07,237.07,235.87,235.99,-0.38,-0.16,662,156814.56,236.4504,239.9,192.5,-,-,Infinity,1.114015167744986,236.37,0,0,1.28,,21-Jul-2026,-,1.114015167744986,-,Infinity,1.6298457690704446,-22.592207792207798,https://nsearchives.nseindia.com/today/MIDCAPBETAEQN.svg,https://nsearchives.nseindia.com/30d/MIDCAPBETA-EQ.svg,,EQ
INFRA,Nifty India Infrastructure & Logistics,12.16,12.2,12.13,12.18,0.02,0.16,12875,156688.75,12.1528,13.27,10.14,-,-,Infinity,-1.3765182186234812,12.16,0,0,-1.54,,21-Jul-2026,-,-1.3765182186234812,-,Infinity,8.214016578749057,-20.118343195266263,https://nsearchives.nseindia.com/today/INFRAEQN.svg,https://nsearchives.nseindia.com/30d/INFRA-EQ.svg,,EQ
LICNMID100,LIC MF Nifty Midcap 100 ETF,64.28,64.49,63.9,63.96,-0.03,-0.05,2375,152831.25,64.1091,67.5,52.3,-,-,9.31464706887712,1.2345679012345696,63.99,0,9.37,1.28,20-Aug-2025,21-Jul-2026,-,1.2345679012345696,-,9.31464706887712,5.244444444444443,-22.294455066921618,https://nsearchives.nseindia.com/today/LICNMID100EQN.svg,https://nsearchives.nseindia.com/30d/LICNMID100-EQ.svg,https://nsearchives.nseindia.com/365d/LICNMID100-EQ.svg,EQ
SENSEXAXIS,AXIS S&P BSE SENSEX ETF,80.8,81.6,80.36,80.36,-0.2,-0.25,1875,151218.75,80.5312,91.35,73.52,-,-,Infinity,0.21199650829280672,80.56,0,0,0.46,,21-Jul-2026,-,0.21199650829280672,-,Infinity,12.030651340996164,-9.303590859630038,https://nsearchives.nseindia.com/today/SENSEXAXISEQN.svg,https://nsearchives.nseindia.com/30d/SENSEXAXIS-EQ.svg,,EQ
MOSERVICE,Nifty Services Sector Total Return Index,31.07,31.24,31.05,31.18,0.11,0.35,4816,149873.92,31.0786,35.37,28.3,-,-,Infinity,-0.31969309462916057,31.07,0,0,-0.67,,21-Jul-2026,-,-0.31969309462916057,-,Infinity,11.846197342380544,-10.176678445229678,https://nsearchives.nseindia.com/today/MOSERVICEEQN.svg,https://nsearchives.nseindia.com/30d/MOSERVICE-EQ.svg,,EQ
MOPSE,Nifty PSE Total Return Index,99.46,100.36,99.28,99.28,-0.23,-0.23,1472,146743.68,99.1341,114.7,92.55,-,-,3.330557868442967,-2.3603461841070077,99.51,0,3.57,-2.13,20-Aug-2025,21-Jul-2026,-,-2.3603461841070077,-,3.330557868442967,13.443766346992154,-7.271745002701247,https://nsearchives.nseindia.com/today/MOPSEEQN.svg,https://nsearchives.nseindia.com/30d/MOPSE-EQ.svg,https://nsearchives.nseindia.com/365d/MOPSE-EQ.svg,EQ
MOMGF,Nifty India Manufacturing Total Return Index,165.25,167,164,164,-1.18,-0.71,879,144718.56,164.8707,182.16,137.9,-,-,13.51837751782377,1.8886679920477087,165.18,0,14.34,2.62,20-Aug-2025,21-Jul-2026,-,1.8886679920477087,-,13.51837751782377,9.969257795344749,-18.926758520667146,https://nsearchives.nseindia.com/today/MOMGFEQN.svg,https://nsearchives.nseindia.com/30d/MOMGF-EQ.svg,https://nsearchives.nseindia.com/365d/MOMGF-EQ.svg,EQ
SNXT50BETA,BSE Sensex Next 50,96.68,96.68,96,96.28,-0.35,-0.36,1486,143131.52,96.4675,102.25,77.11,17-FEB-21, FACE VALUE SPLIT (SUB-DIVISION) - FROM RS 10/- PER UNIT TO RE 1/- PER UNIT,Infinity,1.8189509306260563,96.63,0,0,2.19,,21-Jul-2026, FACE VALUE SPLIT (SUB-DIVISION) - FROM RS 10/- PER UNIT TO RE 1/- PER UNIT,1.8189509306260563,17-FEB-21,Infinity,5.8386308068459645,-24.860588769290626,https://nsearchives.nseindia.com/today/SNXT50BETAEQN.svg,https://nsearchives.nseindia.com/30d/SNXT50BETA-EQ.svg,,EQ
GSEC10YEAR,Mirae Asset Nifty 8-13 yr G-Sec ETF,30.6,30.67,30.39,30.39,-0.06,-0.20,4530,138300.9,30.4749,31.33,28.39,-,-,4.612736660929432,0.19782393669634776,30.45,0,4.82,0.4,20-Aug-2025,21-Jul-2026,-,0.19782393669634776,-,4.612736660929432,3.00031918289179,-7.044734061289186,https://nsearchives.nseindia.com/today/GSEC10YEAREQN.svg,https://nsearchives.nseindia.com/30d/GSEC10YEAR-EQ.svg,https://nsearchives.nseindia.com/365d/GSEC10YEAR-EQ.svg,EQ
ESENSEX,BSE Sensex TRI,78.29,78.45,77.94,78.35,0.44,0.56,1593,124827.48,78.1143,88.05,71.87,-,-,Infinity,1.0315925209542194,77.91,0,0,0.46,,21-Jul-2026,-,1.0315925209542194,-,Infinity,11.016467915956845,-9.016279393349087,https://nsearchives.nseindia.com/today/ESENSEXEQN.svg,https://nsearchives.nseindia.com/30d/ESENSEX-EQ.svg,,EQ
ENIFTY,Nifty 50 TRI,24.55,24.55,24.39,24.4,0.02,0.08,4990,121805.9,24.4329,27.99,22.28,-,-,Infinity,0.3289473684210456,24.38,0,0,0.25,,21-Jul-2026,-,0.3289473684210456,-,Infinity,12.826009289031798,-9.515260323159772,https://nsearchives.nseindia.com/today/ENIFTYEQN.svg,https://nsearchives.nseindia.com/30d/ENIFTY-EQ.svg,,EQ
MOIPO,BSE Select IPO Total Return Index,48.99,49.13,48.73,49.13,0.16,0.33,2367,115959.33,48.765,53,36.5,-,-,Infinity,5.2034261241970015,48.97,0,0,4.86,,21-Jul-2026,-,5.2034261241970015,-,Infinity,7.301886792452826,-34.6027397260274,https://nsearchives.nseindia.com/today/MOIPOEQN.svg,https://nsearchives.nseindia.com/30d/MOIPO-EQ.svg,,EQ
GSEC10IETF,ICICI Prudential Nifty 10 yr Benchmark G-Sec ETF,266,266.43,263.03,266.19,-0.19,-0.07,433,114558.81,264.3373,269.59,252.23,-,-,3.394833948339487,0.2598870056497167,266.38,0,3.47,0.33,20-Aug-2025,21-Jul-2026,-,0.2598870056497167,-,3.394833948339487,1.2611743759041425,-5.534631090671216,https://nsearchives.nseindia.com/today/GSEC10IETFEQN.svg,https://nsearchives.nseindia.com/30d/GSEC10IETF-EQ.svg,https://nsearchives.nseindia.com/365d/GSEC10IETF-EQ.svg,EQ
IVZSENSEX,BSE Sensex TRI,76.96,77.81,76.95,77.78,0.82,1.07,1448,112350.32,77.5691,0,0,-,-,Infinity,Infinity,76.96,0,0,0,,,-,Infinity,-,Infinity,,,https://nsearchives.nseindia.com/today/IVZSENSEXEQN.svg,,,EQ
SBIVALETF,Nifty200 Value 30 Index,14.77,14.83,14.73,14.83,0.08,0.54,6997,103275.72,14.7338,17.7,14.43,-,-,Infinity,-1.2649800266311553,14.75,0,0,-1.8,,21-Jul-2026,-,-1.2649800266311553,-,Infinity,16.21468926553672,-2.7720027720027747,https://nsearchives.nseindia.com/today/SBIVALETFEQN.svg,https://nsearchives.nseindia.com/30d/SBIVALETF-EQ.svg,,EQ
CONSUMAXIS,NIFTY India Consumption Index,124.3,124.3,123.51,123.65,-0.74,-0.59,790,97754.6,124.4167,131.85,105.63,-,-,Infinity,1.9877928076542486,124.39,0,0,2.6,,21-Jul-2026,-,1.9877928076542486,-,Infinity,6.219188471748191,-17.059547477042518,https://nsearchives.nseindia.com/today/CONSUMAXISEQN.svg,https://nsearchives.nseindia.com/30d/CONSUMAXIS-EQ.svg,,EQ
DIVIDEND,BSE 500 Dividend Leaders,35.85,35.85,35.59,35.71,0.03,0.08,2620,93534,35.6385,38.03,33.15,-,-,Infinity,0.6482525366403721,35.68,0,0,0.56,,21-Jul-2026,-,0.6482525366403721,-,Infinity,6.100447015514068,-7.722473604826553,https://nsearchives.nseindia.com/today/DIVIDENDEQN.svg,https://nsearchives.nseindia.com/30d/DIVIDEND-EQ.svg,,EQ
MOOILGAS,Nifty Oil & Gas ETF Total Return Index,11.48,11.48,11.12,11.21,0,0.00,7663,85825.6,11.1861,11.7,11.1,-,-,Infinity,Infinity,11.21,0,0,0,,,-,Infinity,-,Infinity,4.188034188034175,-0.9909909909910019,https://nsearchives.nseindia.com/today/MOOILGASEQN.svg,,,EQ
IDFNIFTYET,Nifty 50,267.74,269.9,267.5,269.9,0.92,0.34,300,80439,267.9589,340.8,244.32,-,-,-1.3343081703527815,1.2492028360280543,268.98,0,-1.67,0.9,20-Aug-2025,21-Jul-2026,-,1.2492028360280543,-,-1.3343081703527815,20.803990610328647,-10.469875573018985,https://nsearchives.nseindia.com/today/IDFNIFTYETEQN.svg,https://nsearchives.nseindia.com/30d/IDFNIFTYET-EQ.svg,https://nsearchives.nseindia.com/365d/IDFNIFTYET-EQ.svg,EQ
BSLSENETFG,BSE SENSEX Index,80.27,80.27,78,78,-0.32,-0.41,1019,79695.99,78.249,87.82,70.32,25-NOV-21, FACE VALUE SPLIT (SUB-DIVISION) - FROM RS 10/- PER SHARE TO RE 1- PER SHARE,-4.8083963876006806,0.12836970474967177,78.32,0,-4.42,0.54,20-Aug-2025,21-Jul-2026, FACE VALUE SPLIT (SUB-DIVISION) - FROM RS 10/- PER SHARE TO RE 1- PER SHARE,0.12836970474967177,25-NOV-21,-4.8083963876006806,11.1819631063539,-10.921501706484653,https://nsearchives.nseindia.com/today/BSLSENETFGEQN.svg,https://nsearchives.nseindia.com/30d/BSLSENETFG-EQ.svg,https://nsearchives.nseindia.com/365d/BSLSENETFG-EQ.svg,EQ
MIDBANKADD,BSE MidSmall Private Banks Index,17.5,17.65,17.49,17.65,0.14,0.80,4278,74950.56,17.458,17.83,17.23,-,-,Infinity,Infinity,17.51,0,0,0,,,-,Infinity,-,Infinity,1.00953449242849,-2.437608821822392,https://nsearchives.nseindia.com/today/MIDBANKADDEQN.svg,,,EQ
ENEXT50,Nifty Next 50 Total Return Index,74.56,74.56,73.98,73.98,-0.21,-0.28,1009,74817.35,73.9601,75.14,68.59,-,-,Infinity,2.4086378737541656,74.19,0,0,2.7,,21-Jul-2026,-,2.4086378737541656,-,Infinity,1.5437849347883905,-7.858288380230354,https://nsearchives.nseindia.com/today/ENEXT50EQN.svg,https://nsearchives.nseindia.com/30d/ENEXT50-EQ.svg,,EQ
GILT5BETA,UTI Nifty 5 yr Benchmark G-Sec ETF,65.98,66.4,65.98,66.4,0.06,0.09,1108,73515.8,66.2984,67.62,61.51,-,-,Infinity,-0.0602046959662734,66.34,0,0,-0.15,,21-Jul-2026,-,-0.0602046959662734,-,Infinity,1.8041999408459017,-7.949926841164052,https://nsearchives.nseindia.com/today/GILT5BETAEQN.svg,https://nsearchives.nseindia.com/30d/GILT5BETA-EQ.svg,,EQ
IVZINNIFTY,Nifty 50,285.46,285.46,278,278,-0.5,-0.18,248,69068,278.132,315,251.1,31-JUL-26,FACE VALUE SPLIT (SUB-DIVISION) - FROM RS 10/- PER SHARE TO RE 1/- PER SHARE,-90.23317418325797,-89.97229757026606,278.5,0,-90.22,-89.95,20-Aug-2025,21-Jul-2026,FACE VALUE SPLIT (SUB-DIVISION) - FROM RS 10/- PER SHARE TO RE 1/- PER SHARE,-89.97229757026606,31-JUL-26,-90.23317418325797,11.746031746031745,-10.712863401035445,https://nsearchives.nseindia.com/today/IVZINNIFTYEQN.svg,https://nsearchives.nseindia.com/30d/IVZINNIFTY-EQ.svg,https://nsearchives.nseindia.com/365d/IVZINNIFTY-EQ.svg,EQ
MOMETAL,Nifty Metal Index,13.21,13.22,13.16,13.19,0.11,0.84,5069,66809.42,13.0577,13.41,12.85,-,-,Infinity,Infinity,13.08,0,0,0,,,-,Infinity,-,Infinity,1.640566741237887,-2.6459143968871586,https://nsearchives.nseindia.com/today/MOMETALEQN.svg,,,EQ
EQUAL200,BSE 200 Equal Weight,13.99,14.01,13.96,14,0.01,0.07,4704,65714.88,11.855,14.6,11.75,-,-,7.609531129900079,0.8645533141210318,13.99,0,7.53,0.79,20-Aug-2025,21-Jul-2026,-,0.8645533141210318,-,7.609531129900079,4.109589041095888,-19.148936170212767,https://nsearchives.nseindia.com/today/EQUAL200EQN.svg,https://nsearchives.nseindia.com/30d/EQUAL200-EQ.svg,https://nsearchives.nseindia.com/365d/EQUAL200-EQ.svg,EQ
HDFCLOWVOL,HDFC NIFTY100 Low Volatility 30 ETF,20.83,21,20.76,20.91,0.08,0.38,2871,59860.35,20.8621,22.28,18.35,20-OCT-23,FACE VALUE SPLIT (SUB-DIVISION) - FROM RS 126.18/- PER SHARE TO RS 12.618/- PER SHARE,0.09573958831976818,0.7225433526011492,20.83,0,-0.29,0.34,20-Aug-2025,21-Jul-2026,FACE VALUE SPLIT (SUB-DIVISION) - FROM RS 126.18/- PER SHARE TO RS 12.618/- PER SHARE,0.7225433526011492,20-OCT-23,0.09573958831976818,6.14901256732496,-13.950953678474107,https://nsearchives.nseindia.com/today/HDFCLOWVOLEQN.svg,https://nsearchives.nseindia.com/30d/HDFCLOWVOL-EQ.svg,https://nsearchives.nseindia.com/365d/HDFCLOWVOL-EQ.svg,EQ
NEXT50ADD,Nifty Next 50 TRI,74.51,74.61,74.21,74.61,-0.11,-0.15,788,58642.96,74.6076,81,56.25,-,-,Infinity,2.06566347469221,74.72,0,0,2.22,,21-Jul-2026,-,2.06566347469221,-,Infinity,7.888888888888889,-32.64,https://nsearchives.nseindia.com/today/NEXT50ADDEQN.svg,https://nsearchives.nseindia.com/30d/NEXT50ADD-EQ.svg,,EQ
MOMNC,Nifty MNC ETF Total Return Index,33.2,33.36,33,33.29,0.03,0.09,1583,52476.45,33.1837,35.8,27.03,-,-,Infinity,2.147898128260189,33.26,0,0,2.06,,21-Jul-2026,-,2.147898128260189,-,Infinity,7.011173184357537,-23.159452460229364,https://nsearchives.nseindia.com/today/MOMNCEQN.svg,https://nsearchives.nseindia.com/30d/MOMNC-EQ.svg,,EQ
LARGEMID50,BSE LargeMid (60:40) Stable Dividend 50 TRI (Total Return Index),36.83,36.83,36.75,36.83,-0.07,-0.19,1173,43178.13,36.8283,38,36.75,-,-,Infinity,Infinity,36.9,0,0,0,,,-,Infinity,-,Infinity,3.078947368421057,-0.21768707482992733,https://nsearchives.nseindia.com/today/LARGEMID50EQN.svg,,,EQ
BNKETFAXIS,Nifty Bank,594.74,596.83,594.5,595.7,2.24,0.38,67,39875.05,593.7074,647.82,512.51,-,-,Infinity,-0.03691770707476064,593.46,0,0,-0.41,,21-Jul-2026,-,-0.03691770707476064,-,Infinity,8.045444722299404,-16.231878402372647,https://nsearchives.nseindia.com/today/BNKETFAXISEQN.svg,https://nsearchives.nseindia.com/30d/BNKETFAXIS-EQ.svg,,EQ
MOBANK10,BSE Top 10 Banks Total Return Index,17,17.05,16.93,16.97,0.02,0.12,1950,33150,16.9117,20,15.75,-,-,Infinity,-1.5089959373186392,16.95,0,0,-1.63,,21-Jul-2026,-,-1.5089959373186392,-,Infinity,15.150000000000006,-7.746031746031739,https://nsearchives.nseindia.com/today/MOBANK10EQN.svg,https://nsearchives.nseindia.com/30d/MOBANK10-EQ.svg,,EQ
MIDCAPADD,Nifty Midcap 150 Index,23.43,23.48,23.41,23.42,0.03,0.13,1258,29474.94,23.4474,25.5,19.27,-,-,Infinity,1.1226252158894714,23.39,0,0,0.99,,21-Jul-2026,-,1.1226252158894714,-,Infinity,8.156862745098033,-21.536066424494045,https://nsearchives.nseindia.com/today/MIDCAPADDEQN.svg,https://nsearchives.nseindia.com/30d/MIDCAPADD-EQ.svg,,EQ
ELMDIV,Index (BSE LargeMid (60:40) Stable Dividend 50),36.95,36.95,36.77,36.9,0.12,0.33,786,28940.52,36.8147,38.67,36.13,-,-,Infinity,Infinity,36.78,0,0,0,,,-,Infinity,-,Infinity,4.577191621411955,-2.131192914475494,https://nsearchives.nseindia.com/today/ELMDIVEQN.svg,,,EQ
BANK10BETF,Index,21.69,21.69,20.82,21.1,0.24,1.15,1321,27701.37,20.8075,24.9,20.17,-,-,Infinity,-0.7058823529411697,20.86,0,0,-1.84,,21-Jul-2026,-,-0.7058823529411697,-,Infinity,15.261044176706816,-4.610808130887455,https://nsearchives.nseindia.com/today/BANK10BETFEQN.svg,https://nsearchives.nseindia.com/30d/BANK10BETF-EQ.svg,,EQ
MSCIADD,MSCI India Index,29.8,29.89,29.74,29.89,-0.01,-0.03,788,23466.64,29.8327,33.82,26.4,-,-,Infinity,0.6058566139347011,29.9,0,0,0.64,,21-Jul-2026,-,0.6058566139347011,-,Infinity,11.62034299231224,-13.21969696969698,https://nsearchives.nseindia.com/today/MSCIADDEQN.svg,https://nsearchives.nseindia.com/30d/MSCIADD-EQ.svg,,EQ
EBANKNIFTY,Edelweiss Nifty Bank ETF,58.32,58.39,58.11,58.11,-0.02,-0.03,386,22472.92,58.0603,69.39,50.05,-,-,3.490650044523599,-0.34299434059338507,58.13,0,3.53,-0.31,20-Aug-2025,21-Jul-2026,-,-0.34299434059338507,-,3.490650044523599,16.25594466061392,-16.10389610389611,https://nsearchives.nseindia.com/today/EBANKNIFTYEQN.svg,https://nsearchives.nseindia.com/30d/EBANKNIFTY-EQ.svg,https://nsearchives.nseindia.com/365d/EBANKNIFTY-EQ.svg,EQ
LICNETFN50,Nifty 50,272.8,273.15,271.46,272.9,1.08,0.40,69,18817.68,272.0499,295,248.17,-,-,-1.9685322221424018,0.7011070110701023,271.82,0,-2.36,0.3,20-Aug-2025,21-Jul-2026,-,0.7011070110701023,-,-1.9685322221424018,7.491525423728821,-9.96494338558246,https://nsearchives.nseindia.com/today/LICNETFN50EQN.svg,https://nsearchives.nseindia.com/30d/LICNETFN50-EQ.svg,https://nsearchives.nseindia.com/365d/LICNETFN50-EQ.svg,EQ
LICNFNHGP,Nifty 100,279.76,280.04,277.53,279.77,-0.28,-0.10,67,18705.73,278.5618,296.41,248.02,-,-,0.8798182670464781,1.204601360150479,280.05,0,0.98,1.31,20-Aug-2025,21-Jul-2026,-,1.204601360150479,-,0.8798182670464781,5.613845686717736,-12.80138698492056,https://nsearchives.nseindia.com/today/LICNFNHGPEQN.svg,https://nsearchives.nseindia.com/30d/LICNFNHGP-EQ.svg,https://nsearchives.nseindia.com/365d/LICNFNHGP-EQ.svg,EQ
BBNPNBETF,Baroda BNP Paribas NIFTY Bank ETF,57.81,58.42,57.81,58.42,0.61,1.06,261,15174.54,58.0222,62.77,50.03,-,-,4.079814715838231,0.49888181661792386,57.81,0,2.99,-0.55,20-Aug-2025,21-Jul-2026,-,0.49888181661792386,-,4.079814715838231,6.9300621315915265,-16.769938037177692,https://nsearchives.nseindia.com/today/BBNPNBETFEQN.svg,https://nsearchives.nseindia.com/30d/BBNPNBETF-EQ.svg,https://nsearchives.nseindia.com/365d/BBNPNBETF-EQ.svg,EQ
GILT10BETA,UTI Nifty 10 yr Benchmark G-Sec ETF,26.87,26.87,26.34,26.79,-0.08,-0.30,463,12362.1,26.6068,27.14,25.1,-,-,Infinity,-0.07459903021260565,26.87,0,0,0.22,,21-Jul-2026,-,-0.07459903021260565,-,Infinity,1.2896094325718548,-6.733067729083656,https://nsearchives.nseindia.com/today/GILT10BETAEQN.svg,https://nsearchives.nseindia.com/30d/GILT10BETA-EQ.svg,,EQ
MSCI360,MSCI India Index,10.24,10.39,10.15,10.39,0.15,1.46,605,6152.85,10.1953,11.6,9.6,-,-,Infinity,2.4654832347140037,10.24,0,0,0.99,,21-Jul-2026,-,2.4654832347140037,-,Infinity,10.431034482758614,-8.229166666666677,https://nsearchives.nseindia.com/today/MSCI360EQN.svg,https://nsearchives.nseindia.com/30d/MSCI360-EQ.svg,,EQ
LICNETFSEN,SENSEX,881.44,881.44,880.97,880.97,6.99,0.80,6,5286.3,876.5414,974.02,803,-,-,-3.5008160538047743,0.5398064457226351,873.98,0,-4.27,-0.26,20-Aug-2025,21-Jul-2026,-,0.5398064457226351,-,-3.5008160538047743,9.55319192624381,-9.709838107098385,https://nsearchives.nseindia.com/today/LICNETFSENEQN.svg,https://nsearchives.nseindia.com/30d/LICNETFSEN-EQ.svg,https://nsearchives.nseindia.com/365d/LICNETFSEN-EQ.svg,EQ
ABGSEC,Aditya Birla Sun Life CRISIL Broad Based Gilt ETF,114.19,115.43,114.19,115.33,1.01,0.88,38,4357.08,114.5245,116.23,108.18,-,-,4.9981791697013795,0.48793238651215676,114.32,0,4.08,-0.39,20-Aug-2025,20-Jul-2026,-,0.48793238651215676,-,4.9981791697013795,0.7743267658952127,-6.609354779071908,https://nsearchives.nseindia.com/today/ABGSECEQN.svg,https://nsearchives.nseindia.com/30d/ABGSEC-EQ.svg,https://nsearchives.nseindia.com/365d/ABGSEC-EQ.svg,EQ
LIQUIDBETA,Nifty 1D Rate Index,1005.29,1005.31,1005.29,1005.31,0.4,0.04,2,2010.6,1004.8968,1009.78,997.13,-,-,Infinity,0.4385964912280688,1004.91,0,0,0.4,,21-Jul-2026,-,0.4385964912280688,-,Infinity,0.4426706807423426,-0.8203544171772938,https://nsearchives.nseindia.com/today/LIQUIDBETAEQN.svg,https://nsearchives.nseindia.com/30d/LIQUIDBETA-EQ.svg,,EQ
ABSLMSCIN,MSCI India Index,29.83,29.83,29.77,29.8,0.05,0.17,25,745,29.8059,35.34,26.34,-,-,Infinity,0.709699222710378,29.75,0,0,0.54,,21-Jul-2026,-,0.709699222710378,-,Infinity,15.676287492925868,-13.135914958238425,https://nsearchives.nseindia.com/today/ABSLMSCINEQN.svg,https://nsearchives.nseindia.com/30d/ABSLMSCIN-EQ.svg,,EQ
GSEC10ADD,Nifty 10 yr Benchmark G-Sec,27.13,27.13,26.9,26.9,-0.3,-1.10,13,351.78,26.7316,27.5,26.9,-,-,Infinity,Infinity,27.2,0,0,0,,,-,Infinity,-,Infinity,2.181818181818187,0,https://nsearchives.nseindia.com/today/GSEC10ADDEQN.svg,,,EQ
GSEC10ABSL,CRISIL 10 Year Gilt ETF,110.3,110.3,110.3,110.3,-2.97,-2.62,1,110.3,112.6245,115,107.65,-,-,1.0535959688501983,-2.716528488269535,113.27,0,3.77,-0.1,20-Aug-2025,21-Jul-2026,-,-2.716528488269535,-,1.0535959688501983,4.086956521739133,-2.461681374825816,https://nsearchives.nseindia.com/today/GSEC10ABSLEQN.svg,https://nsearchives.nseindia.com/30d/GSEC10ABSL-EQ.svg,https://nsearchives.nseindia.com/365d/GSEC10ABSL-EQ.svg,EQ
